[{"title":"LEXXUS - PREDAJ 4i byt, MEZONET v projekte SADY JAROVCE, 154,94 m2","address":"Ovocná, Bratislava V - Jarovce, okres Bratislava","rooms":null,"meters":145,"totalPrice":446500,"meterSquarePrice":3,"link":"https://www.nehnutelnosti.sk/detail/JugsBjdcw4A/lexxus-predaj-4i-byt-mezonet-v-projekte-sady-jarovce-154-94-m2","imagesUrls":["https://img.nehnutelnosti.sk/foto/NjAweDMzOC9maWx0ZXJzOnF1YWxpdHkoMTAwKS9uZWg=/T5MKhAh8v_fss?st=Wot0Fdhb-7UwHmpW0cIdK7bUNZH5fOkraBSGFzklfnY&ts=1670587577&e=0"]},{"title":"LEXXUS-PREDAJ veľkometrážny 4i byt v projekte SADY JAROVCE, 121,96 m2","address":"Ovocná, Bratislava V - Jarovce, okres Bratislava","rooms":4,"meters":109,"totalPrice":449900,"meterSquarePrice":8,"link":"https://www.nehnutelnosti.sk/detail/Ju-PzotnFqe/lexxus-predaj-velkometrazny-4i-byt-v-projekte-sady-jarovce-121-96-m2","imagesUrls":["https://img.nehnutelnosti.sk/foto/NjAweDMzOC9maWx0ZXJzOnF1YWxpdHkoMTAwKS9uZWg=/5xqIVGObt_fss?st=VY7oUeq_syqk31s7gF-PUu5Dq8zRWlMHnznkQ4Fzvwo&ts=1651063418&e=0"]},{"title":"LEXXUS-PREDAJ veľkometrážny 4i byt v projekte SADY JAROVCE, 118,56 m2","address":"Ovocná, Bratislava V - Jarovce, okres Bratislava","rooms":4,"meters":109,"totalPrice":null,"meterSquarePrice":null,"link":"https://www.nehnutelnosti.sk/detail/JurHIWeL5Vi/lexxus-predaj-velkometrazny-4i-byt-v-projekte-sady-jarovce-118-56-m2","imagesUrls":["https://img.nehnutelnosti.sk/foto/NjAweDMzOC9maWx0ZXJzOnF1YWxpdHkoMTAwKS9uZWg=/lzALPbTZT_fss?st=WQ-wCORlYHrw-LVO7IKAN9j2wHmW2javXXWYTydNdb8&ts=1651063717&e=0"]},{"title":"PRÁVE KOLAUDUJEME 4-izbový byt v projekte Rezidencia Búdková, Staré Mesto","address":"Búdková, Bratislava I - Staré Mesto, okres Bratislava","rooms":4,"meters":125,"totalPrice":null,"meterSquarePrice":null,"link":"https://www.nehnutelnosti.sk/detail/JugG_8HbrXl/prave-kolaudujeme-4-izbovy-byt-v-projekte-rezidencia-budkova-stare-mesto","imagesUrls":["https://img.nehnutelnosti.sk/foto/NjAweDMzOC9maWx0ZXJzOnF1YWxpdHkoMTAwKS9uZWg=/tCd9VWC2l_fss?st=COf0HO9kwOBjlR-GpLCjAtuv9mBfdg6bXvZA1GR1iwY&ts=1705482085&e=0"]},{"title":"LEXXUS-PREDAJ veľkometrážny 4i byt v projekte SADY JAROVCE, 130,52 m2","address":"Ovocná, Bratislava V - Jarovce, okres Bratislava","rooms":4,"meters":109,"totalPrice":null,"meterSquarePrice":null,"link":"https://www.nehnutelnosti.sk/detail/Ju4rbFg1j42c/lexxus-predaj-velkometrazny-4i-byt-v-projekte-sady-jarovce-130-52-m2","imagesUrls":["https://img.nehnutelnosti.sk/foto/NjAweDMzOC9maWx0ZXJzOnF1YWxpdHkoMTAwKS9uZWg=/I5hOq_2oE_fss?st=oniEb8GkuoKKrz2HXd1_wFFxz37Sn9pHcyuPv9WOI4Y&ts=1651063418&e=0"]},{"title":"LEXXUS-PREDAJ 4i byt , MEZONET v projekte SADY JAROVCE, 172,02 m2","address":"Ovocná, Bratislava V - Jarovce, okres Bratislava","rooms":null,"meters":163,"totalPrice":null,"meterSquarePrice":null,"link":"https://www.nehnutelnosti.sk/detail/Ju8mQqDcTClh/lexxus-predaj-4i-byt-mezonet-v-projekte-sady-jarovce-172-02-m2","imagesUrls":["https://img.nehnutelnosti.sk/foto/NjAweDMzOC9maWx0ZXJzOnF1YWxpdHkoMTAwKS9uZWg=/cnVp_ZULn_fss?st=-9iC0X1IYMhpBa33bFoFKQwm1oVHIqPtbXk000YCXl8&ts=1670587577&e=0"]},{"title":"LEXXUS-PREDAJ 4i byt , MEZONET v projekte SADY JAROVCE, 155,17 m2","address":"Ovocná, Bratislava V - Jarovce, okres Bratislava","rooms":null,"meters":174,"totalPrice":437000,"meterSquarePrice":1,"link":"https://www.nehnutelnosti.sk/detail/JuIrDquoTac/lexxus-predaj-4i-byt-mezonet-v-projekte-sady-jarovce-155-17-m2","imagesUrls":["https://img.nehnutelnosti.sk/foto/NjAweDMzOC9maWx0ZXJzOnF1YWxpdHkoMTAwKS9uZWg=/5kDJB7vKJ_fss?st=kQrl6Uc7ZkiJi_eOWDus6JO4k7el_WbYfoH0sAzFBtE&ts=1670587576&e=0"]},{"title":"LEXXUS I 4-izbový byt v projekte VILLA RUSTICA-TERASY 2, Dúbravka","address":"Martina Granca, Bratislava IV - Dúbravka, okres Bratislava","rooms":4,"meters":105,"totalPrice":580172,"meterSquarePrice":9,"link":"https://www.nehnutelnosti.sk/detail/Ju4ca_d-KW49/lexxus-i-4-izbovy-byt-v-projekte-villa-rustica-terasy-2-dubravka","imagesUrls":["https://img.nehnutelnosti.sk/foto/NjAweDMzOC9maWx0ZXJzOnF1YWxpdHkoMTAwKS9uZWg=/EdVVLXkJa_fss?st=ecAbLjPjEQJjdNJ58OWuajNhyKRGvPs0U7me1nGFvUA&ts=1670587560&e=0"]},{"title":"LEXXUS | 2i byt v RD, veľká ZÁHRADA + parking, projekt OPÁL, 1. ETAPA, BA V, Jarovce,145,44 m2","address":"Jantárová, Bratislava V - Jarovce, okres Bratislava","rooms":2,"meters":61,"totalPrice":259900,"meterSquarePrice":6,"link":"https://www.nehnutelnosti.sk/detail/Ju0eC3NWrLG/lexxus-2i-byt-v-rd-velka-zahrada-parking-projekt-opal-1-etapa-ba-v-jarovce-145-44-m2","imagesUrls":["https://img.nehnutelnosti.sk/foto/NjAweDMzOC9maWx0ZXJzOnF1YWxpdHkoMTAwKS9uZWg=/HjgbHpdgi_fss?st=8BlInxrvMrZ-ysvQTS7uPTZ85UMEBS9Wy17ZM8YTt1w&ts=1697015148&e=0"]},{"title":"PRÁVE KOLAUDUJEME - 2-izbový byt v projekte Rezidencia Búdková, Staré Mesto","address":"Búdková, Bratislava I - Staré Mesto, okres Bratislava","rooms":2,"meters":72,"totalPrice":null,"meterSquarePrice":null,"link":"https://www.nehnutelnosti.sk/detail/JueyKpGpg5c/prave-kolaudujeme-2-izbovy-byt-v-projekte-rezidencia-budkova-stare-mesto","imagesUrls":["https://img.nehnutelnosti.sk/foto/NjAweDMzOC9maWx0ZXJzOnF1YWxpdHkoMTAwKS9uZWg=/8iA1tQs7Y_fss?st=nBLqxJSyWfmE-BSpCbn45JWAfCjE0f7v0gxYYsLgJkk&ts=1705482078&e=0"]},{"title":"LEXXUS I 6-izbový penthouse v projekte VILLA RUSTICA-TERASY 2,Dúbravka","address":"Martina Granca, Bratislava IV - Dúbravka, okres Bratislava","rooms":5,"meters":220,"totalPrice":1195910,"meterSquarePrice":1,"link":"https://www.nehnutelnosti.sk/detail/JuvOBjvOcDX/lexxus-i-6-izbovy-penthouse-v-projekte-villa-rustica-terasy-2-dubravka","imagesUrls":["https://img.nehnutelnosti.sk/foto/NjAweDMzOC9maWx0ZXJzOnF1YWxpdHkoMTAwKS9uZWg=/G7eihLtta_fss?st=DjoULt7ZRUZ5aZ85g1rGEM2FOWzm2mNVj2n6dyYlvFw&ts=1670587560&e=0"]},{"title":"PRÁVE KOLAUDUJEME - 2-izbový byt v projekte Rezidencia Búdková, Staré Mesto","address":"Búdková, Bratislava I - Staré Mesto, okres Bratislava","rooms":2,"meters":62,"totalPrice":null,"meterSquarePrice":null,"link":"https://www.nehnutelnosti.sk/detail/JuGZSzrElig/prave-kolaudujeme-2-izbovy-byt-v-projekte-rezidencia-budkova-stare-mesto","imagesUrls":["https://img.nehnutelnosti.sk/foto/NjAweDMzOC9maWx0ZXJzOnF1YWxpdHkoMTAwKS9uZWg=/kJ4c1xcfE_fss?st=fagkdUpOdMxdxtiqMYId9sC9dfQiSxFS2bt3cZQKzTc&ts=1705482081&e=0"]},{"title":"LEXXUS I 3-izbový byt v projekte VILLA RUSTICA-TERASY 1, Dúbravka","address":"Martina Granca, Bratislava IV - Dúbravka, okres Bratislava","rooms":3,"meters":92,"totalPrice":433610,"meterSquarePrice":5,"link":"https://www.nehnutelnosti.sk/detail/JuL4y7SnP1S/lexxus-i-3-izbovy-byt-v-projekte-villa-rustica-terasy-1-dubravka","imagesUrls":["https://img.nehnutelnosti.sk/foto/NjAweDMzOC9maWx0ZXJzOnF1YWxpdHkoMTAwKS9uZWg=/cfm5mlvljT_fss?st=aQ4Thn8z9Df9_4BOEb09CnO9A2_3Iv3d8Rp2HO4F02Y&ts=1723285415&e=0"]},{"title":"LEXXUS-PREDAJ Luxusný apartmán LESNA RESIDENCE - Tatranská Štrba","address":"Lesná, Štrba, okres Poprad","rooms":null,"meters":225,"totalPrice":null,"meterSquarePrice":null,"link":"https://www.nehnutelnosti.sk/detail/JuUG1fr9DHB/lexxus-predaj-luxusny-apartman-lesna-residence-tatranska-strba","imagesUrls":["https://img.nehnutelnosti.sk/foto/NjAweDMzOC9maWx0ZXJzOnF1YWxpdHkoMTAwKS9uZWg=/zJqk_QNhg_fss?st=6P0rXXAqdjSYrEw3sF4eYYyJLtDsPRF2ko9HApQwQtg&ts=1670587534&e=0"]},{"title":"LEXXUS I 4-izbový byt v projekte VILLA RUSTICA - TERASY 1, Dúbravka","address":"Martina Granca, Bratislava IV - Dúbravka, okres Bratislava","rooms":4,"meters":106,"totalPrice":626651,"meterSquarePrice":5,"link":"https://www.nehnutelnosti.sk/detail/Ju7uM6UzvJZU/lexxus-i-4-izbovy-byt-v-projekte-villa-rustica-terasy-1-dubravka","imagesUrls":["https://img.nehnutelnosti.sk/foto/NjAweDMzOC9maWx0ZXJzOnF1YWxpdHkoMTAwKS9uZWg=/y2Accqunxj_fss?st=7EeZMmJg1zRwRb4dXVMQn0hXMoAOqHez_tU8CdCIVNs&ts=1707661985&e=0"]},{"title":"LEXXUS I luxusný 4i mezonet (177 m2), Pekná vyhliadka 2, Dúbravka","address":"Martina Granca, Bratislava IV - Dúbravka, okres Bratislava","rooms":4,"meters":149,"totalPrice":698743,"meterSquarePrice":5,"link":"https://www.nehnutelnosti.sk/detail/JumwLX-XACl/lexxus-i-luxusny-4i-mezonet-177-m2-pekna-vyhliadka-2-dubravka","imagesUrls":["https://img.nehnutelnosti.sk/foto/NjAweDMzOC9maWx0ZXJzOnF1YWxpdHkoMTAwKS9uZWg=/aIVVA07c3_fss?st=oJHaawT30o8aDqSknaLUOG_cLVal3UGqprtoKBmm8WQ&ts=1717629547&e=0"]},{"title":"REZERVOVANÉ - nízko nákladový 1. izbový byt v žiadanej lokalite v blízkosti pešej zóny - ul. Pribino","address":"Pribinova, Senec, okres Senec","rooms":1,"meters":34,"totalPrice":100000,"meterSquarePrice":8,"link":"https://www.nehnutelnosti.sk/detail/Ju4yQUGry0P/rezervovane-nizko-nakladovy-1-izbovy-byt-v-ziadanej-lokalite-v-blizkosti-pesej-zony-ul-pribino","imagesUrls":["https://img.nehnutelnosti.sk/foto/NjAweDMzOC9maWx0ZXJzOnF1YWxpdHkoMTAwKS9uZWg=/3rGbtXaCP_fss?st=iITVWkfAoWpoy3zrA4zhga8yqc0wC7-CuO66bKnRUOw&ts=1726740763&e=0"]},{"title":"BA III - NA PREDAJ novostavba - 1 izbový byt s balkónom v Rači, v tichej lokalite - ul. Na pasekách","address":"Na pasekách, Bratislava III - Rača, okres Bratislava","rooms":1,"meters":27,"totalPrice":116000,"meterSquarePrice":4,"link":"https://www.nehnutelnosti.sk/detail/Juk4D1ApFfn/ba-iii-na-predaj-novostavba-1-izbovy-byt-s-balkonom-v-raci-v-tichej-lokalite-ul-na-pasekach","imagesUrls":["https://img.nehnutelnosti.sk/foto/NjAweDMzOC9maWx0ZXJzOnF1YWxpdHkoMTAwKS9uZWg=/rcOnPFMnb_fss?st=thl7cfCB9OZxz6Jv2KaDr2BUlN0ynFngKaGLL7ZVJPI&ts=1726740700&e=0"]},{"title":"Predám garsónku","address":"Študentská, Snina, okres Snina","rooms":null,"meters":null,"totalPrice":null,"meterSquarePrice":null,"link":"https://www.nehnutelnosti.sk/detail/Juq9GpvKwlR/predam-garsonku","imagesUrls":["https://img.nehnutelnosti.sk/foto/NjAweDMzOC9maWx0ZXJzOnF1YWxpdHkoMTAwKS9uZWg=/-S-j8aWpl_fss?st=gpH3iBLUb1Mb4zEMwudjPH9_B8iXT56BgCR_8yrI3Xc&ts=1726740645&e=0"]},{"title":"Predám 1,5 - izbový byt","address":"Študentská, Snina, okres Snina","rooms":1,"meters":48,"totalPrice":27000,"meterSquarePrice":0,"link":"https://www.nehnutelnosti.sk/detail/JuPSsQDMWcO/predam-1-5-izbovy-byt","imagesUrls":["https://img.nehnutelnosti.sk/foto/NjAweDMzOC9maWx0ZXJzOnF1YWxpdHkoMTAwKS9uZWg=/NoePCnrwA_fss?st=6hCI-_j331gopMJrYdi_AnOT8dDEA2d3j0Y3W0J87XU&ts=1726740644&e=0"]},{"title":"Praktický 1 izbový byt s krásnym výhľadom v rezidenčnej štvrti Záhradné sady Prešov","address":"Hrušková, Prešov, okres Prešov","rooms":1,"meters":32,"totalPrice":89980,"meterSquarePrice":9,"link":"https://www.nehnutelnosti.sk/detail/Juez7pCeVbO0/prakticky-1-izbovy-byt-s-krasnym-vyhladom-v-rezidencnej-stvrti-zahradne-sady-presov","imagesUrls":["https://img.nehnutelnosti.sk/foto/NjAweDMzOC9maWx0ZXJzOnF1YWxpdHkoMTAwKS9uZWg=/Qsa3Vi8Oh_fss?st=oPdhnT_cbAjIJOmwsB4Xa2ewyvYiDr2aqEz9zQrN3DI&ts=1726219934&e=0"]},{"title":"Výnimočný 4 izbový byt so záhradou na Záhradných sadoch","address":"Hrušková, Prešov, okres Prešov","rooms":4,"meters":162,"totalPrice":229980,"meterSquarePrice":7,"link":"https://www.nehnutelnosti.sk/detail/JuwLR0vS46Q/vynimocny-4-izbovy-byt-so-zahradou-na-zahradnych-sadoch","imagesUrls":["https://img.nehnutelnosti.sk/foto/NjAweDMzOC9maWx0ZXJzOnF1YWxpdHkoMTAwKS9uZWg=/6hp4HyhIlI_fss?st=w6mfF-wq7nyE9-wAgoba6DHrGZKAGIjUcqOFdXHS-IA&ts=1726219924&e=0"]},{"title":"Priestranný byt s lódžiou, garážou a záhradou","address":"Jablonec, okres Pezinok","rooms":3,"meters":70,"totalPrice":null,"meterSquarePrice":null,"link":"https://www.nehnutelnosti.sk/detail/Jus7ovXFEuc/priestranny-byt-s-lodziou-garazou-a-zahradou","imagesUrls":["https://img.nehnutelnosti.sk/foto/NjAweDMzOC9maWx0ZXJzOnF1YWxpdHkoMTAwKS9uZWg=/nnlA4TrDs_fss?st=he-TtbAovSsSaPdsQYgHGihh1Sa3vn3WDOnWlb2RBgI&ts=1718956171&e=0"]},{"title":"3- izbový byt, sídlisko Ťahanovce, Viedenská ul.","address":"Košice I - Sídlisko Ťahanovce, okres Košice","rooms":3,"meters":74,"totalPrice":159900,"meterSquarePrice":1,"link":"https://www.nehnutelnosti.sk/detail/JuQ6qVh1WyX/3-izbovy-byt-sidlisko-tahanovce-viedenska-ul","imagesUrls":["https://img.nehnutelnosti.sk/foto/NjAweDMzOC9maWx0ZXJzOnF1YWxpdHkoMTAwKS9uZWg=/buzSrp1zsa_fss?st=MmJBmMtFoL3CabcTnKezWF_1oPdS_qEJgUxYDCpuwQg&ts=1726732989&e=0"]},{"title":"Na PREDAJ 3i útulný byt v Bernolákove, spol. zahrada + parkovacie miesto","address":"Obilná, Bernolákovo, okres Senec","rooms":3,"meters":57,"totalPrice":148990,"meterSquarePrice":3,"link":"https://www.nehnutelnosti.sk/detail/JuiQ8PkY6bp/na-predaj-3i-utulny-byt-v-bernolakove-spol-zahrada-parkovacie-miesto","imagesUrls":["https://img.unitedclassifieds.sk/foto/NjAweDMzOC9maWx0ZXJzOnF1YWxpdHkoMTAwKS9qdWw=/sV3TAyQX9_fss?st=7mgjWFcLgqqrymh2dONKVuPjuoNM8TG9ZkpNT9cgQFY&ts=1715278564&e=0"]},{"title":"LEGEND - Priestranný 3i tehlový byt v Myjave - Hurbanova ul., garáž, záhrada, chata","address":"Hurbanova, Myjava, okres Myjava","rooms":3,"meters":110,"totalPrice":90000,"meterSquarePrice":8,"link":"https://www.nehnutelnosti.sk/detail/JuiRXAZJX5H/legend-priestranny-3i-tehlovy-byt-v-myjave-hurbanova-ul-garaz-zahrada-chata","imagesUrls":["https://img.unitedclassifieds.sk/foto/NjAweDMzOC9maWx0ZXJzOnF1YWxpdHkoMTAwKS9yc2Y=/c8_MnhSPo_fss?st=ZdpvVOtTMvGENaRZsKYe9OpzsTzR3Qh2d368BFt3j7s&ts=1653406811&e=0"]},{"title":"PREDAJ, 4 izbový byt 123m2 v NOVOSTAVBE GREEN VILLAGE, parkovacie miesto, terasa, pivnica, balkón","address":"Orechová 123, Dunajská Lužná, okres Senec","rooms":4,"meters":123,"totalPrice":229900,"meterSquarePrice":9,"link":"https://www.nehnutelnosti.sk/detail/JuTPZmigEKg/predaj-4-izbovy-byt-123m2-v-novostavbe-green-village-parkovacie-miesto-terasa-pivnica-balkon","imagesUrls":["https://img.unitedclassifieds.sk/foto/NjAweDMzOC9maWx0ZXJzOnF1YWxpdHkoMTAwKS9yc2Y=/GXO7Qmwp2_fss?st=z-PmibgNPXIwMVTHTyCLMJTJ9qAri2nMpTW--QsCbIo&ts=1683197260&e=0"]},{"title":"LEGEND - *** R.E.Z.E.R.V.O.V.A.N.É *** - 3D - 3i byt Nesvady, centrum, záhrada, dvoj - garáž, lodžia","address":"Nesvady, Nesvady, okres Komárno","rooms":3,"meters":70,"totalPrice":78500,"meterSquarePrice":3,"link":"https://www.nehnutelnosti.sk/detail/JuL_8YSciCC/legend-r-e-z-e-r-v-o-v-a-n-e-3d-3i-byt-nesvady-centrum-zahrada-dvoj-garaz-lodzia","imagesUrls":["https://img.unitedclassifieds.sk/foto/NjAweDMzOC9maWx0ZXJzOnF1YWxpdHkoMTAwKS9yc2Y=/9pVnS5jyC_fss?st=LqWIzBrucOo9PQb-30Cs8dkXPeRFXmSTCOyoqm5Krow&ts=1690732345&e=0"]},{"title":"PREDAJ, 2 izbový byt v tehlovom dome vo vyhľadávanej lokalite na Prievozskej ulici, Ružinov-Nivy","address":"Prievozská, Bratislava II - Ružinov, okres Bratislava","rooms":2,"meters":50,"totalPrice":192900,"meterSquarePrice":9,"link":"https://www.nehnutelnosti.sk/detail/JurxuiLbxQn/predaj-2-izbovy-byt-v-tehlovom-dome-vo-vyhladavanej-lokalite-na-prievozskej-ulici-ruzinov-nivy","imagesUrls":["https://img.unitedclassifieds.sk/foto/NjAweDMzOC9maWx0ZXJzOnF1YWxpdHkoMTAwKS9qdWw=/ViRbKRnG5_fss?st=9NwR3WQQvg-WSFkK3xDFOk_3UonArwEes2bLqUhEqRE&ts=1717520481&e=0"]},{"title":"LEGEND -  *** P.R.E.D.A.N.Ý *** - 2i BYT - NEĎALEKO CENTRA - REKONŠTRUKCIA - PIVNICA - PARKOVISKO vo","address":"Čsl. armády, Topoľčany, okres Topoľčany","rooms":2,"meters":50,"totalPrice":78500,"meterSquarePrice":0,"link":"https://www.nehnutelnosti.sk/detail/JuhfMdjmOso/legend-p-r-e-d-a-n-y-2i-byt-nedaleko-centra-rekonstrukcia-pivnica-parkovisko-vo","imagesUrls":["https://img.unitedclassifieds.sk/foto/NjAweDMzOC9maWx0ZXJzOnF1YWxpdHkoMTAwKS9yc2Y=/MOU460Ofm_fss?st=T62I6Gio5P4fszR1B-1N4LX9ETEHfH5gfIsrxR24TTY&ts=1681916583&e=0"]}]