[{"title":"2-izbový apartmán v blízkosti Bratislavského hradu","address":"Palisády, Bratislava I - Staré Mesto, okres Bratislava","rooms":2,"meters":79,"totalPrice":250000,"meterSquarePrice":6,"link":"https://www.nehnutelnosti.sk/detail/Juw2pdeGA_E/2-izbovy-apartman-v-blizkosti-bratislavskeho-hradu","imagesUrls":["https://img.nehnutelnosti.sk/foto/NjAweDMzOC9maWx0ZXJzOnF1YWxpdHkoMTAwKS9uZWg=/mJiS_DTfG_fss?st=SeQnU8OrC1tChi0ol4hwPwdgi1J3R6VrMtHSvAMloqU&ts=1675845123&e=0"]},{"title":"3 izbový byt Trenčín - Zámostie","address":"Jána Hollého, Trenčín, okres Trenčín","rooms":3,"meters":72,"totalPrice":null,"meterSquarePrice":null,"link":"https://www.nehnutelnosti.sk/detail/JuZjEnxN7o7/3-izbovy-byt-trencin-zamostie","imagesUrls":["https://img.nehnutelnosti.sk/foto/NjAweDMzOC9maWx0ZXJzOnF1YWxpdHkoMTAwKS9uZWg=/Qhs7NZZjH_fss?st=rnZmmVx-bST8Q26Dlm_SmExziKvF3ZSbZUVaaRJQuqw&ts=1714730634&e=0"]},{"title":"Hľadáte ozajstný LUXUS niekde pri Jazere s výhľadom? - ponúkame Vám","address":"Hlavná, Vinné, okres Michalovce","rooms":3,"meters":70,"totalPrice":245000,"meterSquarePrice":0,"link":"https://www.nehnutelnosti.sk/detail/Ju58h4KFnfd/hladate-ozajstny-luxus-niekde-pri-jazere-s-vyhladom-ponukame-vam","imagesUrls":["https://img.nehnutelnosti.sk/foto/NjAweDMzOC9maWx0ZXJzOnF1YWxpdHkoMTAwKS9uZWg=/hgkt-LKzR_fss?st=qGjj5fXgSdIEPOo_maLEcGjcNeur97nGVMS05VM_O3I&ts=1726784661&e=0"]},{"title":"Tehlový 2 izb. byt na Zempl. Šírave na PREDAJ - 53 M2 NOVOSTAVBA","address":"Vinianska cesta, Michalovce, okres Michalovce","rooms":2,"meters":53,"totalPrice":99500,"meterSquarePrice":5,"link":"https://www.nehnutelnosti.sk/detail/JumoBEsJWlf/tehlovy-2-izb-byt-na-zempl-sirave-na-predaj-53-m2-novostavba","imagesUrls":["https://img.nehnutelnosti.sk/foto/NjAweDMzOC9maWx0ZXJzOnF1YWxpdHkoMTAwKS9uZWg=/gCSESxba_z_fss?st=vaZCYJvxi21eCceDWM-Nz8jDutqZz8wCM1Ie3iJR67s&ts=1724749384&e=0"]},{"title":"NOVINKA 3 izbový byt pôvodný stav, s balkónom v Brezovej pod Bradlom","address":"Brezová pod Bradlom, okres Myjava","rooms":3,"meters":64,"totalPrice":67990,"meterSquarePrice":4,"link":"https://www.nehnutelnosti.sk/detail/JuD4jQsiYk1/novinka-3-izbovy-byt-povodny-stav-s-balkonom-v-brezovej-pod-bradlom","imagesUrls":["https://img.nehnutelnosti.sk/foto/NjAweDMzOC9maWx0ZXJzOnF1YWxpdHkoMTAwKS9uZWg=/Ke1ZR-Xrnk_fss?st=rGjNZYNmoKV_hwa_c2j25flUqHYecwVHZ3voLskZno8&ts=1722510606&e=0"]},{"title":"NOVINKA iba u nás, 2 izbový byt s balkónom a výťahom, s pekným výhľadom v Brezovej pod Bradlom","address":"Brezová pod Bradlom, okres Myjava","rooms":2,"meters":44,"totalPrice":63000,"meterSquarePrice":4,"link":"https://www.nehnutelnosti.sk/detail/JuwKyPG6T1q/novinka-iba-u-nas-2-izbovy-byt-s-balkonom-a-vytahom-s-peknym-vyhladom-v-brezovej-pod-bradlom","imagesUrls":["https://img.nehnutelnosti.sk/foto/NjAweDMzOC9maWx0ZXJzOnF1YWxpdHkoMTAwKS9uZWg=/7TzR9OKcl_fss?st=Od7x0CoRHjeBcQ8r95-7E3LJ8Bfww6HOpGBQZuzcMi0&ts=1722510596&e=0"]},{"title":"Moderný 1 izbový byt v Brezovej pod Bradlom","address":"Brezová pod Bradlom, okres Myjava","rooms":1,"meters":34,"totalPrice":70500,"meterSquarePrice":3,"link":"https://www.nehnutelnosti.sk/detail/JuYN__lcEB2/moderny-1-izbovy-byt-v-brezovej-pod-bradlom","imagesUrls":["https://img.nehnutelnosti.sk/foto/NjAweDMzOC9maWx0ZXJzOnF1YWxpdHkoMTAwKS9uZWg=/ODAeXTV5_s_fss?st=DPAgVnLJaPpEVRU02r3R7uOjyvQ1nNVvyPcLpKnWxA8&ts=1722510086&e=0"]},{"title":"Príjemný 3 izbový byt vo vyhľadávanej lokalite v Sotinej s balkónom","address":"Senica, okres Senica","rooms":3,"meters":72,"totalPrice":null,"meterSquarePrice":null,"link":"https://www.nehnutelnosti.sk/detail/Jui7XIRZrqI/prijemny-3-izbovy-byt-vo-vyhladavanej-lokalite-v-sotinej-s-balkonom","imagesUrls":["https://img.nehnutelnosti.sk/foto/NjAweDMzOC9maWx0ZXJzOnF1YWxpdHkoMTAwKS9uZWg=/5lYDwddVz_fss?st=gHKHyWq92IzKICXisMLLLhQu3_ROJ0X_-QXbqlFR8HQ&ts=1725905656&e=0"]},{"title":"NOVINKA TOP cena jednoizbový byt v Brezovej pod Bradlom","address":"Brezová pod Bradlom, okres Myjava","rooms":1,"meters":39,"totalPrice":55000,"meterSquarePrice":6,"link":"https://www.nehnutelnosti.sk/detail/JuNNUrEKUVr/novinka-top-cena-jednoizbovy-byt-v-brezovej-pod-bradlom","imagesUrls":["https://img.nehnutelnosti.sk/foto/NjAweDMzOC9maWx0ZXJzOnF1YWxpdHkoMTAwKS9uZWg=/xYSvVpMqxs_fss?st=-eesVub-_qSc8emFALlli1X_r4BDkT2tPyhpPHPUIho&ts=1722510067&e=0"]},{"title":"Kompletne zariadená garsónka s balkónom, v Brezovej pod Bradlom TOP NOVINKA","address":"Brezová pod Bradlom, okres Myjava","rooms":null,"meters":30,"totalPrice":49990,"meterSquarePrice":4,"link":"https://www.nehnutelnosti.sk/detail/JuXkVQ6A6nQ/kompletne-zariadena-garsonka-s-balkonom-v-brezovej-pod-bradlom-top-novinka","imagesUrls":["https://img.nehnutelnosti.sk/foto/NjAweDMzOC9maWx0ZXJzOnF1YWxpdHkoMTAwKS9uZWg=/mPq-Ss5Te_fss?st=EFsSCZGHxLjkKQwE6Pb62Zsh8EYp_Jhx9hcCEM7rRBI&ts=1722508973&e=0"]},{"title":"Exkluzívny 4 a 1/2 izbový byt s balkónom priamo v centre mesta","address":"Bernoláka, Lučenec, okres Lučenec","rooms":4,"meters":100,"totalPrice":144500,"meterSquarePrice":5,"link":"https://www.nehnutelnosti.sk/detail/Juh071PwDDc/exkluzivny-4-a-1-2-izbovy-byt-s-balkonom-priamo-v-centre-mesta","imagesUrls":["https://img.nehnutelnosti.sk/foto/NjAweDMzOC9maWx0ZXJzOnF1YWxpdHkoMTAwKS9uZWg=/UHHqwceLqO_fss?st=G5yBPf57IIAbqwwS436eQQpFnrKUV5plCMDHaiTFWaw&ts=1717600121&e=0"]},{"title":"Nováky, 2+1 byt , rekonštrukcia","address":"M.R. Štefánika, Nováky, okres Prievidza","rooms":2,"meters":50,"totalPrice":55000,"meterSquarePrice":1,"link":"https://www.nehnutelnosti.sk/detail/JuYa44-uPOO/novaky-2-1-byt-rekonstrukcia","imagesUrls":["https://img.nehnutelnosti.sk/foto/NjAweDMzOC9maWx0ZXJzOnF1YWxpdHkoMTAwKS9uZWg=/zG0OyXf0n_fss?st=c9od3ezszKAV8wzdJrpl7OIu5o97t-MbYonMVHY3Kts&ts=1717578929&e=0"]},{"title":"2- izbový byt v Martine, časť Priekopa","address":"M. Dulu, Martin, okres Martin","rooms":2,"meters":50,"totalPrice":83000,"meterSquarePrice":0,"link":"https://www.nehnutelnosti.sk/detail/JuX1yBUnlFY/2-izbovy-byt-v-martine-cast-priekopa","imagesUrls":["https://img.nehnutelnosti.sk/foto/NjAweDMzOC9maWx0ZXJzOnF1YWxpdHkoMTAwKS9uZWg=/O7IsLZlQJ_fss?st=9LVQcaa6hLL7K1zEA4dFxfLTkk2qOd9ChszogvqZXKI&ts=1717067444&e=0"]},{"title":"PREDAJ : 3 izbový byt s výhľadom na mestský park","address":"Parková, Galanta, okres Galanta","rooms":3,"meters":64,"totalPrice":121000,"meterSquarePrice":3,"link":"https://www.nehnutelnosti.sk/detail/JuH_dh-zTnY/predaj-3-izbovy-byt-s-vyhladom-na-mestsky-park","imagesUrls":["https://img.nehnutelnosti.sk/foto/NjAweDMzOC9maWx0ZXJzOnF1YWxpdHkoMTAwKS9uZWg=/eu2ycJFz2_fss?st=BQHw-biGvJ9l8x0odx_PBnbif-A4DM2ODFjY2yBGvRM&ts=1726771721&e=0"]},{"title":"VYMEŇ SUSEDA! - KRÁSNY 2.IZB SLNEČNÝ BYT V PROJEKTE ZWIRN - KOŠICKÁ UL.","address":"Košická, Bratislava I - Staré Mesto, okres Bratislava","rooms":2,"meters":60,"totalPrice":341000,"meterSquarePrice":1,"link":"https://www.nehnutelnosti.sk/detail/RbDaUTR3eVd/vymen-suseda-krasny-2-izb-slnecny-byt-v-projekte-zwirn-kosicka-ul","imagesUrls":["https://img.unitedclassifieds.sk/foto/NjAweDMzOC9maWx0ZXJzOnF1YWxpdHkoMTAwKS9yc2I=/V8NzFBo_p_fss?st=JlUAQ3n30rNNgjhKFLHjq3buLULvsXM2pIXsDIn1cz0&ts=1722502036&e=0"]},{"title":"REZERVOVANÉ  pekný 2-izbový byt vo vyhľadávanej lokalite v Starom Meste","address":"Záhradnícka, Bratislava I - Staré Mesto, okres Bratislava","rooms":2,"meters":55,"totalPrice":219000,"meterSquarePrice":5,"link":"https://www.nehnutelnosti.sk/detail/JuOrQ8YmC2j/rezervovane-pekny-2-izbovy-byt-vo-vyhladavanej-lokalite-v-starom-meste","imagesUrls":["https://img.unitedclassifieds.sk/foto/NjAweDMzOC9maWx0ZXJzOnF1YWxpdHkoMTAwKS9qdWw=/8AeRlGnneC_fss?st=Mur3QmSUENwonPER5IwDBst0vX-uVR8I0bIykug-IJ0&ts=1722370132&e=0"]},{"title":"NARCISOVÁ - 3i priestranný byt - 76 m2 - v nízkej bytovke, tiché prostredie","address":"Narcisová, Bratislava II - Ružinov, okres Bratislava","rooms":3,"meters":76,"totalPrice":224900,"meterSquarePrice":1,"link":"https://www.nehnutelnosti.sk/detail/JuEfHze7g04/narcisova-3i-priestranny-byt-76-m2-v-nizkej-bytovke-tiche-prostredie","imagesUrls":["https://img.nehnutelnosti.sk/foto/NjAweDMzOC9maWx0ZXJzOnF1YWxpdHkoMTAwKS9uZWg=/ls3HhVcA9_fss?st=8zpMXZF_5VGdkL0baXgjhsVchjEhFogwyGXMqX0i9ns&ts=1683102835&e=0"]},{"title":"Rezervovali sme 2i byt, Špitálska","address":"Špitálska, Michalovce, okres Michalovce","rooms":2,"meters":49,"totalPrice":93890,"meterSquarePrice":2,"link":"https://www.nehnutelnosti.sk/detail/JuAm-TF9hMN/rezervovali-sme-2i-byt-spitalska","imagesUrls":["https://img.nehnutelnosti.sk/foto/NjAweDMzOC9maWx0ZXJzOnF1YWxpdHkoMTAwKS9uZWg=/B_Wgo2i59_fss?st=_Wet_XxwON2MF7NKNltdOpTdR9acXH8FPY-8vd7fePs&ts=1723536078&e=0"]},{"title":"2-izbový byt v novostavbe v obci Košolná s parkovacím miestom v cene bytu","address":"Košolná, okres Trnava","rooms":2,"meters":48,"totalPrice":132700,"meterSquarePrice":1,"link":"https://www.nehnutelnosti.sk/detail/Juffzhs5Z0t6/2-izbovy-byt-v-novostavbe-v-obci-kosolna-s-parkovacim-miestom-v-cene-bytu","imagesUrls":["https://img.unitedclassifieds.sk/foto/NjAweDMzOC9maWx0ZXJzOnF1YWxpdHkoMTAwKS9yc2Y=/_Z3keKvdT_fss?st=yfmpHgPNgvkfcDtP2HfFMsMJsmkc3eIAGfubkTqAuOs&ts=1660305130&e=0"]},{"title":"Ponukám na predaj 2 izbový byt Velky Krtiš","address":"Boženy Němcovej 9, Veľký Krtíš, okres Veľký Krtíš","rooms":2,"meters":58,"totalPrice":46900,"meterSquarePrice":2,"link":"https://www.nehnutelnosti.sk/detail/Ju9vJX4IW7N/ponukam-na-predaj-2-izbovy-byt-velky-krtis","imagesUrls":["https://img.unitedclassifieds.sk/foto/NjAweDMzOC9maWx0ZXJzOnF1YWxpdHkoMTAwKS9qdWw=/UAEFiDOIj_fss?st=ZgnVS-vMED662VIX2w6Q0lyoQxSyEmS422zzNi-rEtM&ts=1722501390&e=0"]},{"title":"Rezervovaná 3-izbový byt s úžitkovou plochou 73,23 m²,","address":"Boženy Němcovej 45, Veľký Krtíš, okres Veľký Krtíš","rooms":3,"meters":73,"totalPrice":56900,"meterSquarePrice":7,"link":"https://www.nehnutelnosti.sk/detail/JuYvJtON_E7/rezervovana-3-izbovy-byt-s-uzitkovou-plochou-73-23-m","imagesUrls":["https://img.unitedclassifieds.sk/foto/NjAweDMzOC9maWx0ZXJzOnF1YWxpdHkoMTAwKS9qdWw=/zXix2cEYh_fss?st=lKnERSt5HSZbjNXFNmPmxWsntG3KuDdjEM79uUKJ3gc&ts=1722500918&e=0"]},{"title":"RE01021383 Byt / 2-izbový (Predaj)","address":"Považská Bystrica, okres Považská Bystrica","rooms":2,"meters":66,"totalPrice":114900,"meterSquarePrice":1,"link":"https://www.nehnutelnosti.sk/detail/Juct4O8Jun3/re01021383-byt-2-izbovy-predaj","imagesUrls":["https://img.unitedclassifieds.sk/foto/NjAweDMzOC9maWx0ZXJzOnF1YWxpdHkoMTAwKS9qdWw=/2d7RK9ugM_fss?st=QfRsyb4qfwmmIawZf0g2J61kAxiH5NQ-CvbsUV-fD2w&ts=1697608261&e=0"]},{"title":"RK01021384 Byt / 4-izbový (Predaj)","address":"Považská Bystrica, okres Považská Bystrica","rooms":4,"meters":116,"totalPrice":219000,"meterSquarePrice":3,"link":"https://www.nehnutelnosti.sk/detail/Ju_FL3tjlQ5/rk01021384-byt-4-izbovy-predaj","imagesUrls":["https://img.unitedclassifieds.sk/foto/NjAweDMzOC9maWx0ZXJzOnF1YWxpdHkoMTAwKS9qdWw=/LMx3pk1Jq_fss?st=6EzgxKp6HKkALT3h9Erldv0E-SnfTjHHBsjQOyJG0BY&ts=1695301398&e=0"]},{"title":"RE01021342 Byt / 4-izbový (Predaj)","address":"Rozkvet, Považská Bystrica, okres Považská Bystrica","rooms":4,"meters":82,"totalPrice":134900,"meterSquarePrice":2,"link":"https://www.nehnutelnosti.sk/detail/JuevS18kuUD/re01021342-byt-4-izbovy-predaj","imagesUrls":["https://img.unitedclassifieds.sk/foto/NjAweDMzOC9maWx0ZXJzOnF1YWxpdHkoMTAwKS9qdWw=/MS5srCeGP_fss?st=1hks3Qyi0PhtPvWQB4drgH0QC6k_JIxPInFi9hzOGHY&ts=1712907458&e=0"]},{"title":"RE01021366 Byt / 3-izbový (Predaj)","address":"Považská Bystrica, okres Považská Bystrica","rooms":3,"meters":64,"totalPrice":109000,"meterSquarePrice":3,"link":"https://www.nehnutelnosti.sk/detail/Juh_mVpCJ1U/re01021366-byt-3-izbovy-predaj","imagesUrls":["https://img.unitedclassifieds.sk/foto/NjAweDMzOC9maWx0ZXJzOnF1YWxpdHkoMTAwKS9qdWw=/frfutm_Bm_fss?st=biqAKfU4VTjVTlZWDKeDrvdW0UTK8wKxSrP5ZBlmRa0&ts=1711115849&e=0"]},{"title":"RE01021367 Byt / 3-izbový (Predaj)","address":"Lánska, Považská Bystrica, okres Považská Bystrica","rooms":3,"meters":65,"totalPrice":113500,"meterSquarePrice":5,"link":"https://www.nehnutelnosti.sk/detail/JuGHtxF3_0u/re01021367-byt-3-izbovy-predaj","imagesUrls":["https://img.unitedclassifieds.sk/foto/NjAweDMzOC9maWx0ZXJzOnF1YWxpdHkoMTAwKS9qdWw=/eLWAjvK_v_fss?st=VS3EkjBeiP2tvKhRz6Btm6i5-qcntbIAMHpxWmHcIy0&ts=1712905090&e=0"]},{"title":"RE01021380 Byt / 3-izbový (Predaj)","address":"Lánska, Považská Bystrica, okres Považská Bystrica","rooms":3,"meters":95,"totalPrice":null,"meterSquarePrice":null,"link":"https://www.nehnutelnosti.sk/detail/JuYj7nYL2QI/re01021380-byt-3-izbovy-predaj","imagesUrls":["https://img.unitedclassifieds.sk/foto/NjAweDMzOC9maWx0ZXJzOnF1YWxpdHkoMTAwKS9qdWw=/-dbvnt5fr_fss?st=BhtH-elM7hSSDEw4dYNYbOnYnJBX_m2lt-tf5ZCegD0&ts=1717136632&e=0"]},{"title":"RK01021372 Byt / 3-izbový (Predaj)","address":"Plevník - Drienové, okres Považská Bystrica","rooms":3,"meters":66,"totalPrice":null,"meterSquarePrice":null,"link":"https://www.nehnutelnosti.sk/detail/JuxXz2LKJZT/rk01021372-byt-3-izbovy-predaj","imagesUrls":["https://img.unitedclassifieds.sk/foto/NjAweDMzOC9maWx0ZXJzOnF1YWxpdHkoMTAwKS9qdWw=/-PHC0gGqv_fss?st=EYkC7b6hGMOvEtn6WKF3I611UfFRe6Z1IhiN5KqG-GE&ts=1713863119&e=0"]},{"title":"Dvojizbový byt na predaj","address":"Halalovka, Trenčín, okres Trenčín","rooms":2,"meters":56,"totalPrice":115000,"meterSquarePrice":5,"link":"https://www.nehnutelnosti.sk/detail/JuwfsPmsj88/dvojizbovy-byt-na-predaj","imagesUrls":["https://img.nehnutelnosti.sk/foto/NjAweDMzOC9maWx0ZXJzOnF1YWxpdHkoMTAwKS9uZWg=/T4LrRsYk4_fss?st=YYDz_ST9KJ81ZcBO0eirJ1xeba8o0GFY3PdeJ74Pb7I&ts=1726511504&e=0"]},{"title":"PREDAJ, kompletne rekonštruovaný 2 izb. byt - Námestie Slobody","address":"Námestie Slobody, Humenné, okres Humenné","rooms":2,"meters":54,"totalPrice":102900,"meterSquarePrice":6,"link":"https://www.nehnutelnosti.sk/detail/Ju6EGT75r_9/predaj-kompletne-rekonstruovany-2-izb-byt-namestie-slobody","imagesUrls":["https://img.nehnutelnosti.sk/foto/NjAweDMzOC9maWx0ZXJzOnF1YWxpdHkoMTAwKS9uZWg=/nZDm2M6w9_fss?st=dOt8lprbZqivTV4kfAoOwbS9TRDRaGuAbHazpR-GNhE&ts=1726202761&e=0"]}]