[{"title":"2 IZBOVÝ BYT - 56m2 - REKONŠTRUKCIA - ZARIADENÝ - ZNALECKÝ POSUDOK","address":"Tabanská, Šahy, okres Levice","rooms":2,"meters":56,"totalPrice":58900,"meterSquarePrice":9,"link":"https://www.nehnutelnosti.sk/detail/JuL74K6FpKn/2-izbovy-byt-56m2-rekonstrukcia-zariadeny-znalecky-posudok","imagesUrls":["https://img.nehnutelnosti.sk/foto/NjAweDMzOC9maWx0ZXJzOnF1YWxpdHkoMTAwKS9uZWg=/9XqH9UnR11_fss?st=Fffa8_SYoS3ardTGkTE2leiH_nu6ukx3WKPHMO9MvDQ&ts=1724758953&e=0"]},{"title":"2 IZBOVÝ BYT - 64m2 - SLOVANSKÁ - ZNALECKÝ POSUDOK","address":"Slovanská, Tlmače, okres Levice","rooms":2,"meters":64,"totalPrice":77900,"meterSquarePrice":9,"link":"https://www.nehnutelnosti.sk/detail/JuCxRf6Ini0/2-izbovy-byt-64m2-slovanska-znalecky-posudok","imagesUrls":["https://img.nehnutelnosti.sk/foto/NjAweDMzOC9maWx0ZXJzOnF1YWxpdHkoMTAwKS9uZWg=/NDBtbe32rj_fss?st=UrKo4dof00JBj1ikn-oHNuIXQU29JnuP5XGORs2pezs&ts=1724758959&e=0"]},{"title":"2 IZBOVÝ BYT - TLMAČE - LIPNÍK - ZNALECKÝ POSUDOK","address":"Tlmače, Tlmače, okres Levice","rooms":2,"meters":57,"totalPrice":67900,"meterSquarePrice":3,"link":"https://www.nehnutelnosti.sk/detail/Juww_NPRh5g/2-izbovy-byt-tlmace-lipnik-znalecky-posudok","imagesUrls":["https://img.nehnutelnosti.sk/foto/NjAweDMzOC9maWx0ZXJzOnF1YWxpdHkoMTAwKS9uZWg=/fJgU89tZg_fss?st=MKEk6cxkbQ4u-sEPLyLpS1ZrG1WRqio0nT4edMeBZjQ&ts=1724758969&e=0"]},{"title":"4 IZBOVÝ BYT - 100m2 - LOGGIA - PIVNICA - ŠATNÍK - ZNALECKÝ POSUDOK A ROČNÉ POISTENIE V CENE","address":"VAJANSKÉHO, Nové Zámky, okres Nové Zámky","rooms":4,"meters":100,"totalPrice":115000,"meterSquarePrice":0,"link":"https://www.nehnutelnosti.sk/detail/JucBi0Xn_eW/4-izbovy-byt-100m2-loggia-pivnica-satnik-znalecky-posudok-a-rocne-poistenie-v-cene","imagesUrls":["https://img.nehnutelnosti.sk/foto/NjAweDMzOC9maWx0ZXJzOnF1YWxpdHkoMTAwKS9uZWg=/Sjc_2JAeQ_fss?st=3-wiEd2TUNHKwcZEIDq9-SldDAqrdb1COWDKunoDcqs&ts=1725821343&e=0"]},{"title":"3 IZBOVÝ BYT - 63m2 - SARATOVSKÁ - PRÍZEMIE - LOGGIA - ZNALECKÝ POSUDOK","address":"SARATOVSKÁ, Levice, okres Levice","rooms":3,"meters":63,"totalPrice":82900,"meterSquarePrice":7,"link":"https://www.nehnutelnosti.sk/detail/Ju4TSZXy_bF/3-izbovy-byt-63m2-saratovska-prizemie-loggia-znalecky-posudok","imagesUrls":["https://img.nehnutelnosti.sk/foto/NjAweDMzOC9maWx0ZXJzOnF1YWxpdHkoMTAwKS9uZWg=/GzF84RYrK_fss?st=od7nl3FazFrqNAGzWrfl5Dx4E170VD0UiGcJR2FWNAg&ts=1724758924&e=0"]},{"title":"3 IZBOVÝ BYT - 67m2 - SMETANOV HÁJ - ZNALECKÝ POSUDOK","address":"Smetanov Háj, Dunajská Streda, okres Dunajská Streda","rooms":3,"meters":67,"totalPrice":102500,"meterSquarePrice":5,"link":"https://www.nehnutelnosti.sk/detail/JuWC0U4sVSGG/3-izbovy-byt-67m2-smetanov-haj-znalecky-posudok","imagesUrls":["https://img.nehnutelnosti.sk/foto/NjAweDMzOC9maWx0ZXJzOnF1YWxpdHkoMTAwKS9uZWg=/uJl6RhueyU_fss?st=iLQgy9_aAsdR92IlHQpl4OWGs3WBY7MBVloMEkDv7hI&ts=1717626479&e=0"]},{"title":"EXKLUZÍVNE - 2 IZBOVY BYT - 55m2 - ŠPAČINSKÁ CESTA - KOMPLET REKONŠTRUKCIA - ZNALECKÝ POSUDOK A ROČN","address":"ŠPAČINSKÁ, Trnava, okres Trnava","rooms":2,"meters":55,"totalPrice":160000,"meterSquarePrice":9,"link":"https://www.nehnutelnosti.sk/detail/Ju1I7JOhdxS/exkluzivne-2-izbovy-byt-55m2-spacinska-cesta-komplet-rekonstrukcia-znalecky-posudok-a-rocn","imagesUrls":["https://img.nehnutelnosti.sk/foto/NjAweDMzOC9maWx0ZXJzOnF1YWxpdHkoMTAwKS9uZWg=/O1L2MrfKP_fss?st=mUWrIl2lhmKpqOicL0PxJBDVOOXfG6IiCpxLNxgsLy0&ts=1699605592&e=0"]},{"title":"3 IZBOVÝ BYT - KOMPLET REKONŠTRUKCIA - SMETANOVA ULICA - ZNALECKÝ POSUDOK","address":"Smetanova, Štúrovo, okres Nové Zámky","rooms":3,"meters":65,"totalPrice":77900,"meterSquarePrice":6,"link":"https://www.nehnutelnosti.sk/detail/Ju-rBTPQ4b5/3-izbovy-byt-komplet-rekonstrukcia-smetanova-ulica-znalecky-posudok","imagesUrls":["https://img.nehnutelnosti.sk/foto/NjAweDMzOC9maWx0ZXJzOnF1YWxpdHkoMTAwKS9uZWg=/TuEE3uTRZ_fss?st=JbeeXfNwEx50uXgZDDK47bt70jg-CINSOUuely5Bisk&ts=1724758935&e=0"]},{"title":"3 IZBOVÝ BYT - KOMPLET REKONŠTRUKCIA - KONOPNÁ - ZNALECKÝ POSUDOK","address":"Konopná, Levice, okres Levice","rooms":3,"meters":62,"totalPrice":84900,"meterSquarePrice":5,"link":"https://www.nehnutelnosti.sk/detail/JuNRPvRsWoU/3-izbovy-byt-komplet-rekonstrukcia-konopna-znalecky-posudok","imagesUrls":["https://img.nehnutelnosti.sk/foto/NjAweDMzOC9maWx0ZXJzOnF1YWxpdHkoMTAwKS9uZWg=/jhUsNgMlTI_fss?st=slSvkB6LO_4PgdFmcRS9mqJ4aXlHQSmgUpP5CEn3Sew&ts=1724758937&e=0"]},{"title":"3 IZBOVÝ BYT - 64m2 - VEČA - NITRIANSKA - ZNALECKÝ POSUDOK","address":"Nitrianska, Šaľa, okres Šaľa","rooms":3,"meters":64,"totalPrice":null,"meterSquarePrice":null,"link":"https://www.nehnutelnosti.sk/detail/JuvJgP733jf/3-izbovy-byt-64m2-veca-nitrianska-znalecky-posudok","imagesUrls":["https://img.nehnutelnosti.sk/foto/NjAweDMzOC9maWx0ZXJzOnF1YWxpdHkoMTAwKS9uZWg=/oNpA-Yl8K_fss?st=vpDsyvx2nqiO9FTGFy-FiITh1rnSOYdoH-wHAXFd3Eg&ts=1727023962&e=0"]},{"title":"3 IZBOVÝ BYT - 61m2 - ZÁHRADNÍCKA - REKONŠTRUKCIA - KOTOL - ZNALECKÝ POSUDOK","address":"Záhradnícka, Dunajská Streda, okres Dunajská Streda","rooms":3,"meters":61,"totalPrice":null,"meterSquarePrice":null,"link":"https://www.nehnutelnosti.sk/detail/JuDwXz0bHMi/3-izbovy-byt-61m2-zahradnicka-rekonstrukcia-kotol-znalecky-posudok","imagesUrls":["https://img.nehnutelnosti.sk/foto/NjAweDMzOC9maWx0ZXJzOnF1YWxpdHkoMTAwKS9uZWg=/DNCPhm9_ax_fss?st=DKOPwf63_WoEmgCOI9aIFiysBaT2jxKUXSaTM19J4p0&ts=1724758964&e=0"]},{"title":"2 IZBOVÝ BYT - CENTRUM - SMETANOVA - 55m2 - ZNALECKÝ POSUDOK","address":"Smetanova, Nitra, okres Nitra","rooms":2,"meters":55,"totalPrice":null,"meterSquarePrice":null,"link":"https://www.nehnutelnosti.sk/detail/JuUVCg0TuZg/2-izbovy-byt-centrum-smetanova-55m2-znalecky-posudok","imagesUrls":["https://img.nehnutelnosti.sk/foto/NjAweDMzOC9maWx0ZXJzOnF1YWxpdHkoMTAwKS9uZWg=/nhJozfQBy-_fss?st=rendpeWVf-8gcAfaixSH1zpvgB4aE7V7jwvXLwKvV58&ts=1724758966&e=0"]},{"title":"3 IZBOVÝ BYT - 78m2 - REVOLUČNÁ - KOMPLET REKONŠTRUKCIA - KLIMATUZÁCIA - ZNALECKÝ POSUDOK","address":"REVOLUČNÁ, Galanta, okres Galanta","rooms":3,"meters":78,"totalPrice":146900,"meterSquarePrice":3,"link":"https://www.nehnutelnosti.sk/detail/JuaVkD_RyaY/3-izbovy-byt-78m2-revolucna-komplet-rekonstrukcia-klimatuzacia-znalecky-posudok","imagesUrls":["https://img.nehnutelnosti.sk/foto/NjAweDMzOC9maWx0ZXJzOnF1YWxpdHkoMTAwKS9uZWg=/4wBJmbZhZz_fss?st=xZlc7KaEF5sks9F6AsgxzjO6TnkuxAm4N4kO7QrKSvc&ts=1726319376&e=0"]},{"title":"3 IZBOVÝ BYT - 68m2 - OKÁNIKA - REKONŠTRUKCIA - ZNALECKÝ POSUDOK","address":"Ľudovíta Okánika, Nitra, okres Nitra","rooms":3,"meters":68,"totalPrice":null,"meterSquarePrice":null,"link":"https://www.nehnutelnosti.sk/detail/Ju6ZaM3V2mi/3-izbovy-byt-68m2-okanika-rekonstrukcia-znalecky-posudok","imagesUrls":["https://img.nehnutelnosti.sk/foto/NjAweDMzOC9maWx0ZXJzOnF1YWxpdHkoMTAwKS9uZWg=/LT_FcpEeC_fss?st=t37-7mtu4OwGtM1-ZqJoLc-_wvPrU98i-I2Mp93ypjA&ts=1707108878&e=0"]},{"title":"Výnimočná ponuka! Na predaj 3 izbový byt so záhradkou a garážou Nitra Lužianky","address":"Nevyplnená, Nitra, okres Nitra","rooms":3,"meters":62,"totalPrice":129000,"meterSquarePrice":5,"link":"https://www.nehnutelnosti.sk/detail/JuOiQOcQw6u/vynimocna-ponuka-na-predaj-3-izbovy-byt-so-zahradkou-a-garazou-nitra-luzianky","imagesUrls":["https://img.nehnutelnosti.sk/foto/NjAweDMzOC9maWx0ZXJzOnF1YWxpdHkoMTAwKS9uZWg=/k8iJka3Y3_fss?st=6lzAVQVpqAebbaW0_SLCYXobGOZB2fw6z_keZ5TYJYs&ts=1726856432&e=0"]},{"title":"Na predaj 3 izbový byt so záhradkou a garážou","address":"Sasinkova, Lužianky, okres Nitra","rooms":3,"meters":62,"totalPrice":129000,"meterSquarePrice":5,"link":"https://www.nehnutelnosti.sk/detail/JuC6Wadyd1f/na-predaj-3-izbovy-byt-so-zahradkou-a-garazou","imagesUrls":["https://img.nehnutelnosti.sk/foto/NjAweDMzOC9maWx0ZXJzOnF1YWxpdHkoMTAwKS9uZWg=/neHz29WXf_fss?st=IrpHvmrGpM6H-CGHb6-zuRILfKGJ81uE9CRXqNEzo4c&ts=1726856427&e=0"]},{"title":"DOHODA / PODHÁJ / 3i byt BB / 75 m2 + 2xkrát loggia / RADVAŇ","address":"Podháj, Banská Bystrica, okres Banská Bystrica","rooms":3,"meters":75,"totalPrice":139900,"meterSquarePrice":3,"link":"https://www.nehnutelnosti.sk/detail/Ju_K-nwu2zs/dohoda-podhaj-3i-byt-bb-75-m2-2xkrat-loggia-radvan","imagesUrls":["https://img.unitedclassifieds.sk/foto/NjAweDMzOC9maWx0ZXJzOnF1YWxpdHkoMTAwKS9qdWw=/MVlSNb7DC_fss?st=8i5rM5yjNUn3AuBSL-YthlDhHm2OqliensIjK43s2a8&ts=1726856240&e=0"]},{"title":"HALO reality - Predaj, dvojizbový byt Demänovská Dolina - EXKLUZÍVNE HALO REALITY","address":"Demänovská Dolina, okres Liptovský Mikuláš","rooms":2,"meters":40,"totalPrice":150000,"meterSquarePrice":0,"link":"https://www.nehnutelnosti.sk/detail/JuZBBOxLkTK/halo-reality-predaj-dvojizbovy-byt-demanovska-dolina-exkluzivne-halo-reality","imagesUrls":["https://img.nehnutelnosti.sk/foto/NjAweDMzOC9maWx0ZXJzOnF1YWxpdHkoMTAwKS9uZWg=/ol8xY9HXpf_fss?st=fK95zJBk31SveD4ZyksTVJzWKO_Og0HkiyiOz4VNXJc&ts=1726856403&e=0"]},{"title":"Na predaj dvojizbový byt, Obrancov Mieru","address":"Obrancov Mieru, Košice I - Sever, okres Košice","rooms":2,"meters":55,"totalPrice":165000,"meterSquarePrice":0,"link":"https://www.nehnutelnosti.sk/detail/Ju0jzCZ23E4/na-predaj-dvojizbovy-byt-obrancov-mieru","imagesUrls":["https://img.nehnutelnosti.sk/foto/NjAweDMzOC9maWx0ZXJzOnF1YWxpdHkoMTAwKS9uZWg=/uN7ayvuM9_fss?st=IWcmXKK94FiUfBeA9oFGzc1wJ-K7zakIRnuXWftDjQY&ts=1726856389&e=0"]},{"title":"Čiastočne prerobený 3i byt vo výbornej lokalite v Trnave","address":"Ulica Mozartova, Trnava, okres Trnava","rooms":3,"meters":70,"totalPrice":172000,"meterSquarePrice":4,"link":"https://www.nehnutelnosti.sk/detail/Ju8UNnw6mPz/ciastocne-prerobeny-3i-byt-vo-vybornej-lokalite-v-trnave","imagesUrls":["https://img.unitedclassifieds.sk/foto/NjAweDMzOC9maWx0ZXJzOnF1YWxpdHkoMTAwKS9qdWw=/YykC8-Qpz_fss?st=spsCROis0aeqU-UPas4poUAvtXQYDeIMRVrDkeXim6s&ts=1726855796&e=0"]},{"title":"Na predaj príjemný 2 izb. byt na ulici Agatová, Miloslavov.","address":"Agatová, Miloslavov, okres Senec","rooms":2,"meters":48,"totalPrice":122000,"meterSquarePrice":4,"link":"https://www.nehnutelnosti.sk/detail/Juh-0hWpcwd/na-predaj-prijemny-2-izb-byt-na-ulici-agatova-miloslavov","imagesUrls":["https://img.nehnutelnosti.sk/foto/NjAweDMzOC9maWx0ZXJzOnF1YWxpdHkoMTAwKS9uZWg=/2eiBADAAy_fss?st=-AJHIvHvtvxTWtSTEBtOPkvN-lY2mEvZLsDsYt59AzQ&ts=1726133043&e=0"]},{"title":"Predám Garzónku v Bratislave - 27m2","address":"Rybničná 10194/61A, Bratislava III - Vajnory, okres Bratislava","rooms":null,"meters":27,"totalPrice":89000,"meterSquarePrice":0,"link":"https://www.nehnutelnosti.sk/detail/JuNgP_UDAxb/predam-garzonku-v-bratislave-27m2","imagesUrls":["https://img.nehnutelnosti.sk/foto/NjAweDMzOC9maWx0ZXJzOnF1YWxpdHkoMTAwKS9uZWg=/LVHRXoaqA_fss?st=7mxlwLuq8woOIE3i-59v5jnYjvRrika6KOQe__vdHxE&ts=1726851622&e=0"]},{"title":"Skypark veža IV 2 izbový apartmán","address":"Bottova, Bratislava I - Staré Mesto, okres Bratislava","rooms":2,"meters":50,"totalPrice":315000,"meterSquarePrice":0,"link":"https://www.nehnutelnosti.sk/detail/JuLssSFitdA/skypark-veza-iv-2-izbovy-apartman","imagesUrls":["https://img.nehnutelnosti.sk/foto/NjAweDMzOC9maWx0ZXJzOnF1YWxpdHkoMTAwKS9uZWg=/4TO5yE-vPR_fss?st=GNRb2U8Ae-ragLBLE3X1pgx_VEgK0DR8Di0FxNtKHeM&ts=1726853499&e=0"]},{"title":"Vymením Garsónku za iný byt +/- doplatok","address":"Okružná, Šaľa, okres Šaľa","rooms":null,"meters":20,"totalPrice":null,"meterSquarePrice":null,"link":"https://www.nehnutelnosti.sk/detail/Juw5Z7ta4rw/vymenim-garsonku-za-iny-byt-doplatok","imagesUrls":["https://img.nehnutelnosti.sk/foto/NjAweDMzOC9maWx0ZXJzOnF1YWxpdHkoMTAwKS9uZWg=/lgOzHQRM9_fss?st=FqZrFBXQv6CSg0u8ifvOj0YykmvyqviQYAeTCA5TpjI&ts=1726854424&e=0"]},{"title":"DELTA - PREDAJ - Krásny, investičný 2-izbový byt s balkónom a garážou v blízkosti Tatier","address":"Tatranská, Veľký Slavkov, okres Poprad","rooms":2,"meters":46,"totalPrice":133000,"meterSquarePrice":0,"link":"https://www.nehnutelnosti.sk/detail/Ju475SxNmYF/delta-predaj-krasny-investicny-2-izbovy-byt-s-balkonom-a-garazou-v-blizkosti-tatier","imagesUrls":["https://img.nehnutelnosti.sk/foto/NjAweDMzOC9maWx0ZXJzOnF1YWxpdHkoMTAwKS9uZWg=/xlIhNmjh37_fss?st=IyjPFTy-gmYHxMAn-rJKl080s7iPaByg0ySGj39wE-w&ts=1726750954&e=0"]},{"title":"Novostavba ARBORA  2 izb. byt 51 m2 plus terasa Zvolen-Podborová predaj","address":"Zvolen, Zvolen, okres Zvolen","rooms":2,"meters":51,"totalPrice":145000,"meterSquarePrice":4,"link":"https://www.nehnutelnosti.sk/detail/JuRXMfw4kt0/novostavba-arbora-2-izb-byt-51-m2-plus-terasa-zvolen-podborova-predaj","imagesUrls":["https://img.nehnutelnosti.sk/foto/NjAweDMzOC9maWx0ZXJzOnF1YWxpdHkoMTAwKS9uZWg=/EDQB1kzKF0_fss?st=vrwjc7ErYFovqKtRjN3TGkImDVSSkvYh9CXSSJR7DwA&ts=1726079742&e=0"]},{"title":"Priestranný 2 izb. byt 64m2 plus 3 loggie Banská Bystrica-Fončorda predaj","address":"Banská Bystrica, okres Banská Bystrica","rooms":2,"meters":64,"totalPrice":145000,"meterSquarePrice":3,"link":"https://www.nehnutelnosti.sk/detail/JuaII1FlI5f/priestranny-2-izb-byt-64m2-plus-3-loggie-banska-bystrica-foncorda-predaj","imagesUrls":["https://img.nehnutelnosti.sk/foto/NjAweDMzOC9maWx0ZXJzOnF1YWxpdHkoMTAwKS9uZWg=/7DNi19KNr_fss?st=G3hozmGslpe2QATpHJCm4auh1_q7C2mef55pA7hwdr0&ts=1726235405&e=0"]},{"title":"Novostavba ARBORA  3 izb. byt  86 m2 plus 2 balkóny Zvolen-Podborová predaj","address":"Zvolen, Zvolen, okres Zvolen","rooms":3,"meters":86,"totalPrice":223464,"meterSquarePrice":2,"link":"https://www.nehnutelnosti.sk/detail/Juy7YZd1W2p/novostavba-arbora-3-izb-byt-86-m2-plus-2-balkony-zvolen-podborova-predaj","imagesUrls":["https://img.nehnutelnosti.sk/foto/NjAweDMzOC9maWx0ZXJzOnF1YWxpdHkoMTAwKS9uZWg=/vYeZqOf1Z_fss?st=m_qw55k4ALJ5tZ1WFHzyMQDUw1zVofjkjOeUWO2J8U4&ts=1726081354&e=0"]},{"title":"REZERVOVANÉ - PREDAJ - 2-izbový byt na predaj, ul. Jarná","address":"Jarná, Poprad, okres Poprad","rooms":2,"meters":51,"totalPrice":null,"meterSquarePrice":null,"link":"https://www.nehnutelnosti.sk/detail/JuaiM2H5_py/rezervovane-predaj-2-izbovy-byt-na-predaj-ul-jarna","imagesUrls":["https://img.nehnutelnosti.sk/foto/NjAweDMzOC9maWx0ZXJzOnF1YWxpdHkoMTAwKS9uZWg=/UVUOi_Fq0h_fss?st=qkffWZKbpIhUxZQ-0TMCZZtXd1IVxjQHsa_epBGidWw&ts=1725627125&e=0"]},{"title":"2 izb. byt s balkónom 54 m2 Zvolen predaj","address":"Bratov Veselovcov, Zvolen, okres Zvolen","rooms":2,"meters":54,"totalPrice":101500,"meterSquarePrice":3,"link":"https://www.nehnutelnosti.sk/detail/JuQy753odvv/2-izb-byt-s-balkonom-54-m2-zvolen-predaj","imagesUrls":["https://img.nehnutelnosti.sk/foto/NjAweDMzOC9maWx0ZXJzOnF1YWxpdHkoMTAwKS9uZWg=/fr_Lf9kce_fss?st=IER-OWFLwTtHnjkWsEBEECxAF_NzcYb_9OJKbAZkJGk&ts=1724959441&e=0"]}]