[{"title":"REZERVOVANÉ 3-IZB. MEZONET - TRNAVA, ŠTUDENTSKÁ","address":"Študentská, Trnava, okres Trnava","rooms":null,"meters":104,"totalPrice":189000,"meterSquarePrice":1,"link":"https://www.nehnutelnosti.sk/detail/Ju8Xy0_apfg/rezervovane-3-izb-mezonet-trnava-studentska","imagesUrls":["https://img.nehnutelnosti.sk/foto/NjAweDMzOC9maWx0ZXJzOnF1YWxpdHkoMTAwKS9uZWg=/H007phG7P_fss?st=dduJx4a8W4cFicbukI5L1lZnQSn6jS9V944t7FWbZTw&ts=1694627428&e=0"]},{"title":"Na predaj 3-izbový byt v Kamenici nad Cirochou.","address":"Gaštanová, Kamenica nad Cirochou, okres Humenné","rooms":3,"meters":83,"totalPrice":101000,"meterSquarePrice":7,"link":"https://www.nehnutelnosti.sk/5591659/na-predaj-3-izbovy-byt-v-kamenici-nad-cirochou/","imagesUrls":["https://img.nehnutelnosti.sk/foto/NjAweDMzOC9maWx0ZXJzOnF1YWxpdHkoMTAwKS9uZWg=/I_1mQ2e7CY_fss?st=V7jvN-B-fJevBHsE1i_PSLKrIXLITdLfuLpTV_r4QM0&ts=1725432468&e=0"]},{"title":"Moderný 3-izbový byt s nádherným výhľadom na Vysoké Tatry v Novej Lesnej","address":"Horská, Nová Lesná, okres Poprad","rooms":3,"meters":64,"totalPrice":125000,"meterSquarePrice":3,"link":"https://www.nehnutelnosti.sk/detail/Ju0InpRLgiO/moderny-3-izbovy-byt-s-nadhernym-vyhladom-na-vysoke-tatry-v-novej-lesnej","imagesUrls":["https://img.nehnutelnosti.sk/foto/NjAweDMzOC9maWx0ZXJzOnF1YWxpdHkoMTAwKS9uZWg=/1aD1Vd6_R9_fss?st=uadV9i-zc4zv52I38z6zzjCRKreYoPsVx5k9xsSgbyo&ts=1726170054&e=0"]},{"title":"Predaj luxusného 4 izb. bytu s 2 park. miestami v Rozadole, Mliekarenská ul. – Nivy","address":"Bratislava II - Ružinov, okres Bratislava","rooms":4,"meters":171,"totalPrice":850000,"meterSquarePrice":6,"link":"https://www.nehnutelnosti.sk/detail/Juh0BTwI95WM/predaj-luxusneho-4-izb-bytu-s-2-park-miestami-v-rozadole-mliekarenska-ul-nivy","imagesUrls":["https://img.nehnutelnosti.sk/foto/NjAweDMzOC9maWx0ZXJzOnF1YWxpdHkoMTAwKS9uZWg=/ksCiDPhGFo_fss?st=DP97adev9vMqWGbrM3bvgqxTppVJNl_W4ufyH_EDxro&ts=1720579666&e=0"]},{"title":"Predám 1,5-izbový byt","address":"Študentská, Snina, okres Snina","rooms":1,"meters":44,"totalPrice":44400,"meterSquarePrice":9,"link":"https://www.nehnutelnosti.sk/detail/JuYKadKFO6Es/predam-1-5-izbovy-byt","imagesUrls":["https://img.nehnutelnosti.sk/foto/NjAweDMzOC9maWx0ZXJzOnF1YWxpdHkoMTAwKS9uZWg=/io_yrfcH4_fss?st=SPkhGhMAWJ46LFO9KzM-wG9MPZZFxcn489iCBnWIJAY&ts=1717756575&e=0"]},{"title":"DIRECTREAL|Kompletná rekonštrukcia na obľúbenej adrese","address":"Adyho, Lučenec, okres Lučenec","rooms":3,"meters":69,"totalPrice":84500,"meterSquarePrice":4,"link":"https://www.nehnutelnosti.sk/detail/Ju19PBeMCLh/directreal-kompletna-rekonstrukcia-na-oblubenej-adrese","imagesUrls":["https://img.nehnutelnosti.sk/foto/NjAweDMzOC9maWx0ZXJzOnF1YWxpdHkoMTAwKS9uZWg=/MtwPDqoDI_fss?st=9oXdKemLmZujpr1d6HTRIyKLPQr4XEMEkpHFNsfjIIk&ts=1723992508&e=0"]},{"title":"DIRECTREAL|Dva a pól izbový, tehlový byt v Kalinove","address":"1. Mája, Kalinovo, okres Poltár","rooms":3,"meters":55,"totalPrice":62000,"meterSquarePrice":7,"link":"https://www.nehnutelnosti.sk/detail/JuYauTy1IXU/directreal-dva-a-pol-izbovy-tehlovy-byt-v-kalinove","imagesUrls":["https://img.nehnutelnosti.sk/foto/NjAweDMzOC9maWx0ZXJzOnF1YWxpdHkoMTAwKS9uZWg=/v1mr43JBlq_fss?st=LyicMTIyTG4y6hMPepjX_DQBg8wkUggG9dkMVOGholo&ts=1723992477&e=0"]},{"title":"Rezidencia Alžbetina - 3 izbové mezonety","address":"Alžbetina, Košice I - Staré Mesto, okres Košice","rooms":null,"meters":84,"totalPrice":358200,"meterSquarePrice":6,"link":"https://www.nehnutelnosti.sk/detail/JuoFH-mPstK/rezidencia-alzbetina-3-izbove-mezonety","imagesUrls":["https://img.nehnutelnosti.sk/foto/NjAweDMzOC9maWx0ZXJzOnF1YWxpdHkoMTAwKS9uZWg=/lHr98azCd_fss?st=h8wOig21Zw9ckH97X6TVbbHJanXTvRGIrZBTFrtu_E0&ts=1700657622&e=0"]},{"title":"Rezervovaný, predaj, 2 izbový, tehlový byt, ul. Sady Cyrila a Metóda, Nová Dubnica, okres Ilava","address":"Sady Cyrila a Metóda, Nová Dubnica, okres Ilava","rooms":2,"meters":51,"totalPrice":68000,"meterSquarePrice":3,"link":"https://www.nehnutelnosti.sk/detail/JukMLmPtNyX/rezervovany-predaj-2-izbovy-tehlovy-byt-ul-sady-cyrila-a-metoda-nova-dubnica-okres-ilava","imagesUrls":["https://img.nehnutelnosti.sk/foto/NjAweDMzOC9maWx0ZXJzOnF1YWxpdHkoMTAwKS9uZWg=/XvVfmW0CK_fss?st=CZ82lvU5pr76xc1MjyXjGjczxRrFkBpu1-qJzsIm2ZE&ts=1727018847&e=0"]},{"title":"Exkluzívne 1-izbový byt v Novom Meste nad Váhom, výborná lokalita.","address":"Dukelská, Nové Mesto nad Váhom, okres Nové Mesto nad Váhom","rooms":1,"meters":40,"totalPrice":71500,"meterSquarePrice":0,"link":"https://www.nehnutelnosti.sk/detail/JuljilHmQF6/exkluzivne-1-izbovy-byt-v-novom-meste-nad-vahom-vyborna-lokalita","imagesUrls":["https://img.nehnutelnosti.sk/foto/NjAweDMzOC9maWx0ZXJzOnF1YWxpdHkoMTAwKS9uZWg=/TeUwtD81B_fss?st=Y70YUJPt1vf_3mdDFu34A9hiywXG2n-l6tsXd9twNF8&ts=1723217648&e=0"]},{"title":"3-izbový byt s krásnym výhľadom a s garážou, Stará Turá, 80m²","address":"Dibrovova, Stará Turá, okres Nové Mesto nad Váhom","rooms":3,"meters":80,"totalPrice":119000,"meterSquarePrice":0,"link":"https://www.nehnutelnosti.sk/detail/JuvxkQDmx7b/3-izbovy-byt-s-krasnym-vyhladom-a-s-garazou-stara-tura-80m","imagesUrls":["https://img.nehnutelnosti.sk/foto/NjAweDMzOC9maWx0ZXJzOnF1YWxpdHkoMTAwKS9uZWg=/yGns6GD8l_fss?st=rnbQnsiOcRTzeQPN16t-mSUNPvuc7iSYsuu2bE4HLCs&ts=1686696338&e=0"]},{"title":"Tehlový 2-izbový byt s balkónom vo vyhľadávanej lokalite blízko centra v  Novom Meste nad Váhom","address":"Hurbanova, Nové Mesto nad Váhom, okres Nové Mesto nad Váhom","rooms":2,"meters":60,"totalPrice":null,"meterSquarePrice":null,"link":"https://www.nehnutelnosti.sk/detail/JuBv4sRuQhD/tehlovy-2-izbovy-byt-s-balkonom-vo-vyhladavanej-lokalite-blizko-centra-v-novom-meste-nad-vahom","imagesUrls":["https://img.nehnutelnosti.sk/foto/NjAweDMzOC9maWx0ZXJzOnF1YWxpdHkoMTAwKS9uZWg=/raR77zOKem_fss?st=o5QPw2uPYpAWWBN7DiJGgvQh68WHrWLTeJx69RmREzM&ts=1699991199&e=0"]},{"title":"Predaj, byt, ul. Termálna,  TATRAGOLF REZORT, Veľká Lomnica, okres Kežmarok","address":"Veľká Lomnica, okres Kežmarok","rooms":null,"meters":27,"totalPrice":99600,"meterSquarePrice":9,"link":"https://www.nehnutelnosti.sk/detail/JufBGga7C6l/predaj-byt-ul-termalna-tatragolf-rezort-velka-lomnica-okres-kezmarok","imagesUrls":["https://img.nehnutelnosti.sk/foto/NjAweDMzOC9maWx0ZXJzOnF1YWxpdHkoMTAwKS9uZWg=/xFzAHd1eXB_fss?st=_Qfbxr1ZSuO6igpRYLZDmeaNzW_wkCawB26Jvf8CCSQ&ts=1721065059&e=0"]},{"title":"Moderný trojizbový byt v Poprade, lokalita Západ, ulica Komenského","address":"Komenského, Poprad, okres Poprad","rooms":3,"meters":73,"totalPrice":165000,"meterSquarePrice":7,"link":"https://www.nehnutelnosti.sk/detail/Jux7L8LwNUm/moderny-trojizbovy-byt-v-poprade-lokalita-zapad-ulica-komenskeho","imagesUrls":["https://img.nehnutelnosti.sk/foto/NjAweDMzOC9maWx0ZXJzOnF1YWxpdHkoMTAwKS9uZWg=/v7A7dUwZJ_fss?st=PYSA7pCO1dOvNgv2jqUjsStuH9Kg_3XS6aooBocHCTs&ts=1717597299&e=0"]},{"title":"Krásny slnečný štvorizbový byt, Žilina - Vlčince","address":"Žilina, okres Žilina","rooms":4,"meters":null,"totalPrice":null,"meterSquarePrice":null,"link":"https://www.nehnutelnosti.sk/detail/Ju_UkzleOHh/krasny-slnecny-stvorizbovy-byt-zilina-vlcince","imagesUrls":[]},{"title":"*REZERVOVANÉ* Predaj 3-izbového bytu, loggia, pivnica, komora, 74m2 v Poprade, ulica Ústecko-Orlická","address":"Ústecko-Orlická, Poprad, okres Poprad","rooms":3,"meters":74,"totalPrice":1,"meterSquarePrice":1,"link":"https://www.nehnutelnosti.sk/detail/Ju8YfjOjW8w/rezervovane-predaj-3-izboveho-bytu-loggia-pivnica-komora-74m2-vpoprade-ulica-ustecko-orlicka","imagesUrls":["https://img.nehnutelnosti.sk/foto/NjAweDMzOC9maWx0ZXJzOnF1YWxpdHkoMTAwKS9uZWg=/T22OUiZNzu_fss?st=3bJ0Lpo1FqgMEEdfC-IS2nFdqx8f5smLAY3ypl-moV8&ts=1723090860&e=0"]},{"title":"Lukratívne NOVÉ apartmány na Zemplínskej Šírave - na PREDAJ","address":"Hlavná, Kaluža, okres Michalovce","rooms":3,"meters":63,"totalPrice":118700,"meterSquarePrice":3,"link":"https://www.nehnutelnosti.sk/detail/Jui-xI1iFP5/lukrativne-nove-apartmany-na-zemplinskej-sirave-na-predaj","imagesUrls":["https://img.nehnutelnosti.sk/foto/NjAweDMzOC9maWx0ZXJzOnF1YWxpdHkoMTAwKS9uZWg=/mjVtXy2u3e_fss?st=b8_aKd-tar7MU7BfJkheheJQFFVTaWVlB9Ma4420_ro&ts=1727023310&e=0"]},{"title":"Investičný apartmán s krásnym Výhľadom na Vysoké Tatry","address":"Slavkovská, Nová Lesná, okres Poprad","rooms":null,"meters":40,"totalPrice":135000,"meterSquarePrice":5,"link":"https://www.nehnutelnosti.sk/detail/Ju9dr4wjCEL/investicny-apartman-s-krasnym-vyhladom-na-vysoke-tatry","imagesUrls":["https://img.nehnutelnosti.sk/foto/NjAweDMzOC9maWx0ZXJzOnF1YWxpdHkoMTAwKS9uZWg=/d3VtWCt72Z_fss?st=S0stuVrXt4Kjp93PaEbDeOf-gqUxvXxGyeTrOgkkd4I&ts=1722848749&e=0"]},{"title":"Komfortný 3-izbový byt s balkónom v pokojnej lokalite","address":"Poprad, okres Poprad","rooms":3,"meters":64,"totalPrice":1,"meterSquarePrice":2,"link":"https://www.nehnutelnosti.sk/detail/JudieFQcXHU/komfortny-3-izbovy-byt-s-balkonom-v-pokojnej-lokalite","imagesUrls":["https://img.nehnutelnosti.sk/foto/NjAweDMzOC9maWx0ZXJzOnF1YWxpdHkoMTAwKS9uZWg=/q5xdTt7Sy_fss?st=7Av3InrPmlyw3lv3iZ15Rv7eMjwuLaYychuVH11ubL4&ts=1725965063&e=0"]},{"title":"*REZERVOVANÉ* Slnečný 2-izbový byt s potenciálom v srdci mesta Svit","address":"Štúrová, Svit, okres Poprad","rooms":2,"meters":54,"totalPrice":1,"meterSquarePrice":2,"link":"https://www.nehnutelnosti.sk/detail/JuSEIHbbWAN/rezervovane-slnecny-2-izbovy-byt-s-potencialom-v-srdci-mesta-svit","imagesUrls":["https://img.nehnutelnosti.sk/foto/NjAweDMzOC9maWx0ZXJzOnF1YWxpdHkoMTAwKS9uZWg=/QYK0M58I0F_fss?st=kRAwTqcXuDDGh3z0Fxb8PkBsZ4jCk1X-PrpPMNEbbpg&ts=1724363179&e=0"]},{"title":"Elegantný 1 izbový apartmán s úchvatným výhľadom na panorámu Vysokých Tatier","address":"Nová Lesná, okres Poprad","rooms":1,"meters":53,"totalPrice":185000,"meterSquarePrice":7,"link":"https://www.nehnutelnosti.sk/detail/JuV7Vy9Tnvm/elegantny-1-izbovy-apartman-s-uchvatnym-vyhladom-na-panoramu-vysokych-tatier","imagesUrls":["https://img.nehnutelnosti.sk/foto/NjAweDMzOC9maWx0ZXJzOnF1YWxpdHkoMTAwKS9uZWg=/8d-Jb71Vw_fss?st=4fsjbLf6L72UfTOI-K20uxNp20_wMBBSs1zy91V_y7A&ts=1726877929&e=0"]},{"title":"Predaj 2+1 izbového bytu, Veľký Krtíš, ul. Venevská.","address":"Venevská, Veľký Krtíš, okres Veľký Krtíš","rooms":3,"meters":62,"totalPrice":73000,"meterSquarePrice":2,"link":"https://www.nehnutelnosti.sk/detail/JuUmZY1rcDh/predaj-2-1-izboveho-bytu-velky-krtis-ul-venevska","imagesUrls":["https://img.unitedclassifieds.sk/foto/NjAweDMzOC9maWx0ZXJzOnF1YWxpdHkoMTAwKS9qdWw=/7saU-BmjC_fss?st=_2QhyZwU3NjJHeaBB3OV76AuQy7kKto9_uwqvrGHuHU&ts=1723982184&e=0"]},{"title":"Na predaj 2.izbový zrekonštruovaný byt s vlatným kúrením v Poprade-Kvetnici","address":"Poprad, okres Poprad","rooms":2,"meters":54,"totalPrice":119000,"meterSquarePrice":0,"link":"https://www.nehnutelnosti.sk/detail/JuQ8t1ZI1HY/na-predaj-2-izbovy-zrekonstruovany-byt-s-vlatnym-kurenim-v-poprade-kvetnici","imagesUrls":["https://img.nehnutelnosti.sk/foto/NjAweDMzOC9maWx0ZXJzOnF1YWxpdHkoMTAwKS9uZWg=/x657Syd34l_fss?st=YlGkDOnuPmNEGR9-yH_2F5H53w4NN_FMlfKAUmVuuBc&ts=1717597304&e=0"]},{"title":"Predaj útulného 2-izbového bytu s loggiou v Tatranskej Lomnici po kompletnej rekonštrukcii","address":"Vysoké Tatry, okres Poprad","rooms":2,"meters":54,"totalPrice":199990,"meterSquarePrice":5,"link":"https://www.nehnutelnosti.sk/detail/JuRhVALZG8i/predaj-utulneho-2-izboveho-bytu-s-loggiou-v-tatranskej-lomnici-po-kompletnej-rekonstrukcii","imagesUrls":["https://img.nehnutelnosti.sk/foto/NjAweDMzOC9maWx0ZXJzOnF1YWxpdHkoMTAwKS9uZWg=/AomcqsGqq_fss?st=I6FQDTeD5fInuZ92iTRGz8l_0W6P2TfGyDBN83JClps&ts=1719768063&e=0"]},{"title":"3-izbový byt na PREDAJ v meste Spišská Nová Ves ZNÍŽENÁ CENA","address":"Jilemnického, Spišská Nová Ves, okres Spišská Nová Ves","rooms":3,"meters":68,"totalPrice":105000,"meterSquarePrice":2,"link":"https://www.nehnutelnosti.sk/detail/Ju_e54QCxxL/3-izbovy-byt-na-predaj-v-meste-spisska-nova-ves-znizena-cena","imagesUrls":["https://img.nehnutelnosti.sk/foto/NjAweDMzOC9maWx0ZXJzOnF1YWxpdHkoMTAwKS9uZWg=/11htDTYrB_fss?st=NSFobw7sKhAjcca346v7kmh9QBinHjiAkUMg6DglrIc&ts=1726645762&e=0"]},{"title":"Predáme 1izb. byt v Hodr.Hámroch. Rezervované.","address":"Žarnovica, okres Žarnovica","rooms":1,"meters":28,"totalPrice":null,"meterSquarePrice":null,"link":"https://www.nehnutelnosti.sk/detail/JurxZ7bAwe6/predame-1izb-byt-v-hodr-hamroch-rezervovane","imagesUrls":["https://img.nehnutelnosti.sk/foto/NjAweDMzOC9maWx0ZXJzOnF1YWxpdHkoMTAwKS9uZWg=/WMOWmI7kI_fss?st=GtszF1W7DDVYRIOqm7hc5bmrpMZGoeQz9_ekVI2Dtn4&ts=1723977150&e=0"]},{"title":"Na predaj 3 izbový byt s výmerou 72 m2 + balkón na ul.Soblahovská v Trenčíne","address":"Soblahovská, Trenčín, okres Trenčín","rooms":3,"meters":72,"totalPrice":129900,"meterSquarePrice":7,"link":"https://www.nehnutelnosti.sk/detail/JuGv-gj1gY_/na-predaj-3-izbovy-byt-s-vymerou-72-m2-balkon-na-ul-soblahovska-v-trencine","imagesUrls":["https://img.nehnutelnosti.sk/foto/NjAweDMzOC9maWx0ZXJzOnF1YWxpdHkoMTAwKS9uZWg=/AwzpNtcTa_fss?st=y3ayy2fSq0lhsJHCPVHBQa8b6H-57UTSemIxsBY2IOU&ts=1723194875&e=0"]},{"title":"PREROBENÝ 2 IZBOVÝ BYT V LEVICIACH","address":"Konopná, Levice, okres Levice","rooms":2,"meters":47,"totalPrice":71000,"meterSquarePrice":4,"link":"https://www.nehnutelnosti.sk/detail/Ju35nBMcImN/prerobeny-2-izbovy-byt-v-leviciach","imagesUrls":["https://img.nehnutelnosti.sk/foto/NjAweDMzOC9maWx0ZXJzOnF1YWxpdHkoMTAwKS9uZWg=/vVqTmtww3_fss?st=1N-l13VYdqiU85q8EGz1uGFS1G8PiEF-bdLqXzb1DNs&ts=1710607622&e=0"]},{"title":"NOVÁ  CENA -  3 izbový byt v centrálnej zóne","address":"centrum, Michalovce, okres Michalovce","rooms":3,"meters":65,"totalPrice":93000,"meterSquarePrice":7,"link":"https://www.nehnutelnosti.sk/detail/JuqYT4Im5QF/nova-cena-3-izbovy-byt-v-centralnej-zone","imagesUrls":["https://img.nehnutelnosti.sk/foto/NjAweDMzOC9maWx0ZXJzOnF1YWxpdHkoMTAwKS9uZWg=/VFoeYBns5T_fss?st=DsTdK1LBvxtdlQ3Kd9G1_-nRnX3gTUpCGT9PwGEvxWw&ts=1721304451&e=0"]},{"title":"NOVÉ  4  izbové byty  v NOVOSTAVBE na  sídlisku SNP, Zvončeková","address":"Zvončeková, Michalovce, okres Michalovce","rooms":4,"meters":119,"totalPrice":181500,"meterSquarePrice":1,"link":"https://www.nehnutelnosti.sk/detail/JuRGMcVinsd/nove-4-izbove-byty-v-novostavbe-na-sidlisku-snp-zvoncekova","imagesUrls":["https://img.nehnutelnosti.sk/foto/NjAweDMzOC9maWx0ZXJzOnF1YWxpdHkoMTAwKS9uZWg=/yjIUA4wtE_fss?st=SU_w3vSyNiOv0xENJtg5kiWUq-dSaMylSI0gL78rF5M&ts=1721390533&e=0"]}]