[{"title":"REZERVOVANÉ | Priestranný 2-izbový byt v najžiadanejšej lokalite v Trenčíne, Sihoť 1","address":"Generála Goliana, Trenčín, okres Trenčín","rooms":2,"meters":72,"totalPrice":135565,"meterSquarePrice":5,"link":"https://www.nehnutelnosti.sk/detail/JubSdGkOyWq/rezervovane-priestranny-2-izbovy-byt-v-najziadanejsej-lokalite-v-trencine-sihot-1","imagesUrls":["https://img.nehnutelnosti.sk/foto/NjAweDMzOC9maWx0ZXJzOnF1YWxpdHkoMTAwKS9uZWg=/x3khtSHF__fss?st=3gQxBifqZyZXvwyl58Ae_yjJKtYqPk_h_ZWYA2tMKb0&ts=1723748624&e=0"]},{"title":"NA PREDAJ | Tehlový 3i byt s balkónom a loggiou + garáž, Kožušnícka ul. v TN","address":"Kožušnícka, Trenčín, okres Trenčín","rooms":3,"meters":161500,"totalPrice":161500,"meterSquarePrice":1,"link":"https://www.nehnutelnosti.sk/detail/JulYQsQW0-1/na-predaj-tehlovy-3i-byt-s-balkonom-a-loggiou-garaz-kozusnicka-ul-v-tn","imagesUrls":["https://img.nehnutelnosti.sk/foto/NjAweDMzOC9maWx0ZXJzOnF1YWxpdHkoMTAwKS9uZWg=/3JfPKaG6ZK_fss?st=fte75e4rsT7-qyIoMufap8qcpGoSi_jYbzgpVw4tqmc&ts=1723901228&e=0"]},{"title":"NA PREDAJ  2-izbový byt s balkónom v tichej časti, Juh ,Východná ul.","address":"Východná, Trenčín, okres Trenčín","rooms":2,"meters":43,"totalPrice":108200,"meterSquarePrice":8,"link":"https://www.nehnutelnosti.sk/detail/Ju23Mlrge9Y/na-predaj-2-izbovy-byt-s-balkonom-v-tichej-casti-juh-vychodna-ul","imagesUrls":["https://img.nehnutelnosti.sk/foto/NjAweDMzOC9maWx0ZXJzOnF1YWxpdHkoMTAwKS9uZWg=/X5SMiejz4_fss?st=-sRwbuoCGzPoesG6vuyq-2NOwmJFRwcNG2vhmqPtyWk&ts=1721245713&e=0"]},{"title":"REZERVOVANÉ  I 2-izb. rekonštruovaný byt s parkovacím miestom na uzatvorenom dvore, Trenč. Turná","address":"Kosmatinská, Trenčianska Turná, okres Trenčín","rooms":2,"meters":43,"totalPrice":124800,"meterSquarePrice":3,"link":"https://www.nehnutelnosti.sk/detail/Ju_Rs0svkD5/rezervovane-i-2-izb-rekonstruovany-byt-s-parkovacim-miestom-na-uzatvorenom-dvore-trenc-turna","imagesUrls":["https://img.nehnutelnosti.sk/foto/NjAweDMzOC9maWx0ZXJzOnF1YWxpdHkoMTAwKS9uZWg=/llu61lZ8P_fss?st=tOKiyun1t1PJIf1quIojCmwOymqH1-6CxKNAxMS-84o&ts=1720171548&e=0"]},{"title":"Na predaj 2- izbový byt v Nemšovej","address":"Janka Palu, Nemšová, okres Trenčín","rooms":2,"meters":46,"totalPrice":89500,"meterSquarePrice":5,"link":"https://www.nehnutelnosti.sk/detail/JuHEBN6yiTs/na-predaj-2-izbovy-byt-v-nemsovej","imagesUrls":["https://img.nehnutelnosti.sk/foto/NjAweDMzOC9maWx0ZXJzOnF1YWxpdHkoMTAwKS9uZWg=/SamntNMOd_fss?st=KWjRsURzoO8kJGlfUpfFSo1kheWdwqP8QuVuLACNGlw&ts=1720252613&e=0"]},{"title":"REZERVOVANÉ | Priestranný 3-izbový byt v príjemnej lokalite Trenčína","address":"Mateja Bela, Trenčín, okres Trenčín","rooms":3,"meters":73,"totalPrice":135200,"meterSquarePrice":5,"link":"https://www.nehnutelnosti.sk/detail/JubSv6r_r6g/rezervovane-priestranny-3-izbovy-byt-v-prijemnej-lokalite-trencina","imagesUrls":["https://img.nehnutelnosti.sk/foto/NjAweDMzOC9maWx0ZXJzOnF1YWxpdHkoMTAwKS9uZWg=/QjEk_RIDv7_fss?st=-yKd-DBgddZyTzUraxVj3DUXDROT2K4RlJ6jUIF9qKo&ts=1723120575&e=0"]},{"title":"NA PREDAJ I 2-izbový čiastočne rekonštruovaný tehlový byt, 28. októbra","address":"28. októbra, Trenčín, okres Trenčín","rooms":2,"meters":53,"totalPrice":130000,"meterSquarePrice":3,"link":"https://www.nehnutelnosti.sk/detail/JuDGNjuhuvH/na-predaj-i-2-izbovy-ciastocne-rekonstruovany-tehlovy-byt-28-oktobra","imagesUrls":["https://img.nehnutelnosti.sk/foto/NjAweDMzOC9maWx0ZXJzOnF1YWxpdHkoMTAwKS9uZWg=/RzWp_Tbh7i_fss?st=BEhwi5FCHyCQ1KaFIws54VhZuzYyoiuHZEKaPen_kyw&ts=1721034545&e=0"]},{"title":"REZERVOVANÉ | 3i byt s balkónom, Jána Hollého v Trenčíne","address":"Jána Hollého, Trenčín, okres Trenčín","rooms":3,"meters":64,"totalPrice":120160,"meterSquarePrice":0,"link":"https://www.nehnutelnosti.sk/detail/JuIvdfcW9Ju/rezervovane-3i-byt-s-balkonom-jana-holleho-v-trencine","imagesUrls":["https://img.nehnutelnosti.sk/foto/NjAweDMzOC9maWx0ZXJzOnF1YWxpdHkoMTAwKS9uZWg=/tQsy-6fdk_fss?st=eJchAPmx1PSv7sinWYD6pYPEJidNC_JwZhnebM_2DzU&ts=1717134074&e=0"]},{"title":"REZERVOVANÉ - REKONŠTRUOVANÝ 2-IZBOVÝ BYT, PIEŠŤANSKA UL. ŽILINA - VLČINCE","address":"Piešťanská, Žilina, okres Žilina","rooms":2,"meters":62,"totalPrice":159950,"meterSquarePrice":4,"link":"https://www.nehnutelnosti.sk/detail/Juuk1BDU9L5/rezervovane-rekonstruovany-2-izbovy-byt-piestanska-ul-zilina-vlcince","imagesUrls":["https://img.nehnutelnosti.sk/foto/NjAweDMzOC9maWx0ZXJzOnF1YWxpdHkoMTAwKS9uZWg=/xf0s7Xn-s_fss?st=rzoDWKCFVcuqOElv5yCQcZ_cWCmNjYxeC4y7idQBYHA&ts=1711313807&e=0"]},{"title":"NA PREDAJ | 2 izbový byt 47,82 m2 + balkón 11 m2 - Rezidencia Kožušnícka byt D5 - 1.NP","address":"Kožušnícka, Trenčín, okres Trenčín","rooms":2,"meters":47,"totalPrice":108551,"meterSquarePrice":9,"link":"https://www.nehnutelnosti.sk/detail/JuZGPSEFOhY/na-predaj-2-izbovy-byt-47-82-m2-balkon-11-m2-rezidencia-kozusnicka-byt-d5-1-np","imagesUrls":["https://img.nehnutelnosti.sk/foto/NjAweDMzOC9maWx0ZXJzOnF1YWxpdHkoMTAwKS9uZWg=/o6AyDGTWM_fss?st=D4YNuryDFkqDJfa7w5BGp3IodJiU8HQnwolChNQl1rg&ts=1710424123&e=0"]},{"title":"NNA PREDAJ | 2 izbový byt 54 m2+terasa 52 m2 - Rezidencia Kožušnícka D29 - 5.NP","address":"Kožušnícka, Trenčín, okres Trenčín","rooms":2,"meters":54,"totalPrice":176833,"meterSquarePrice":9,"link":"https://www.nehnutelnosti.sk/detail/JupEytx8VMb/nna-predaj-2-izbovy-byt-54-m2-terasa-52-m2-rezidencia-kozusnicka-d29-5-np","imagesUrls":["https://img.nehnutelnosti.sk/foto/NjAweDMzOC9maWx0ZXJzOnF1YWxpdHkoMTAwKS9uZWg=/5QXaA5eUU_fss?st=XkCpmhHzs5LHodKW5LWw2iP__FsOgJOzOYA4MfGFBdk&ts=1710424136&e=0"]},{"title":"NA PREDAJ | 2 izbový byt 57 m2 + balkón 11 m2 - Rezidencia Kožušnícka byt D3","address":"Kožušnícka, Trenčín, okres Trenčín","rooms":2,"meters":57,"totalPrice":130230,"meterSquarePrice":4,"link":"https://www.nehnutelnosti.sk/detail/Ju1ad4VUXuF/na-predaj-2-izbovy-byt-57-m2-balkon-11-m2-rezidencia-kozusnicka-byt-d3","imagesUrls":["https://img.nehnutelnosti.sk/foto/NjAweDMzOC9maWx0ZXJzOnF1YWxpdHkoMTAwKS9uZWg=/5ZCAXIuIkk_fss?st=gvbKr3yM7itwzSEwonIVF3YbRprzKlkVwpR0bi3Q05Q&ts=1710417707&e=0"]},{"title":"NA PREDAJ | 2 izbový byt 55 m2+balkón 7,5 m2 - Rezidencia Kožušnícka byt D22-4.NP","address":"Kožušnícka, Trenčín, okres Trenčín","rooms":2,"meters":55,"totalPrice":125486,"meterSquarePrice":6,"link":"https://www.nehnutelnosti.sk/detail/JuAvsVsjeQo/na-predaj-2-izbovy-byt-55-m2-balkon-7-5-m2-rezidencia-kozusnicka-byt-d22-4-np","imagesUrls":["https://img.nehnutelnosti.sk/foto/NjAweDMzOC9maWx0ZXJzOnF1YWxpdHkoMTAwKS9uZWg=/pwIllWZi1_fss?st=JJ3UrYTfcFgZZOHiM_HLwRGLfTJ4ntgNpBmckRfoCkE&ts=1710424133&e=0"]},{"title":"NA PREDAJ 3-izbový byt, 104 m2, so záhradou a parkovacím miestom","address":"Kostolná - Záriečie, okres Trenčín","rooms":2,"meters":104,"totalPrice":115000,"meterSquarePrice":7,"link":"https://www.nehnutelnosti.sk/detail/JuohEsumZWj/na-predaj-3-izbovy-byt-104-m2-so-zahradou-a-parkovacim-miestom","imagesUrls":["https://img.nehnutelnosti.sk/foto/NjAweDMzOC9maWx0ZXJzOnF1YWxpdHkoMTAwKS9uZWg=/0d6zHjfJ8t_fss?st=FbvNT9qzUX6QmYCwt4qCqxxS6dnhLqS-hTJ4iUCKKvc&ts=1702575071&e=0"]},{"title":"NA PREDAJ | Priestranný dvojizbový byt s balkónom, záhradou a parkovaním","address":"Kostolná - Záriečie, okres Trenčín","rooms":2,"meters":104,"totalPrice":95000,"meterSquarePrice":6,"link":"https://www.nehnutelnosti.sk/detail/Jusk_f7DfMZ/na-predaj-priestranny-dvojizbovy-byt-s-balkonom-zahradou-a-parkovanim","imagesUrls":["https://img.nehnutelnosti.sk/foto/NjAweDMzOC9maWx0ZXJzOnF1YWxpdHkoMTAwKS9uZWg=/-aWtUysKPQ_fss?st=IixNshZS8ErI1Td3XLmfy9_qLlaDUQvrQ-oMQDxCpn0&ts=1702575091&e=0"]},{"title":"NA PREDAJ | 3i byt komlet. rekonštrukcia byt 77m2 v širšom centre mesta","address":"Soblahovská, Trenčín, okres Trenčín","rooms":3,"meters":77,"totalPrice":175000,"meterSquarePrice":3,"link":"https://www.nehnutelnosti.sk/detail/JulqpVyuNW5/na-predaj-3i-byt-komlet-rekonstrukcia-byt-77m2-v-sirsom-centre-mesta","imagesUrls":["https://img.nehnutelnosti.sk/foto/NjAweDMzOC9maWx0ZXJzOnF1YWxpdHkoMTAwKS9uZWg=/CHajAV0UhS_fss?st=1_0EJZHj4dR9BcYrWy1CzfS1udgPz0eLvcFXx91Oyjc&ts=1720037366&e=0"]},{"title":"NA PREDAJ | 2 izbový byt 51 m2 + balkón 8 m2 - Rezidencia Kožušnícka byt D11","address":"Kožušnícka, Trenčín, okres Trenčín","rooms":2,"meters":51,"totalPrice":115543,"meterSquarePrice":5,"link":"https://www.nehnutelnosti.sk/detail/Ju4nPHJd2oe/na-predaj-2-izbovy-byt-51-m2-balkon-8-m2-rezidencia-kozusnicka-byt-d11","imagesUrls":["https://img.nehnutelnosti.sk/foto/NjAweDMzOC9maWx0ZXJzOnF1YWxpdHkoMTAwKS9uZWg=/uG0IPLGNZ_fss?st=z_2HWRs9v-nrYftQjpWEAgYnCC8I62-X5zF1dIH3CLg&ts=1675102933&e=0"]},{"title":"NA PREDAJ | 2 izbový byt 54 m2+balkón 10 m2 - Rezidencia Kožušnícka byt D7 - 1.NP","address":"Kožušnícka, Trenčín, okres Trenčín","rooms":2,"meters":54,"totalPrice":123488,"meterSquarePrice":1,"link":"https://www.nehnutelnosti.sk/detail/Ju9ss8vSQhL/na-predaj-2-izbovy-byt-54-m2-balkon-10-m2-rezidencia-kozusnicka-byt-d7-1-np","imagesUrls":["https://img.nehnutelnosti.sk/foto/NjAweDMzOC9maWx0ZXJzOnF1YWxpdHkoMTAwKS9uZWg=/TT9gkJiTP_fss?st=0cDiFt42B0pDCN51Qnw59PbgR9oVLLewUbS_ck-ZqAI&ts=1700576921&e=0"]},{"title":"NA PREDAJ | 2 izbový byt 50 m2+balkón 11 m2 -Rezidencia Kožušnícka byt D16-3.NP","address":"Kožušnícka, Trenčín, okres Trenčín","rooms":2,"meters":50,"totalPrice":113046,"meterSquarePrice":2,"link":"https://www.nehnutelnosti.sk/detail/JuwmMgxyjiv/na-predaj-2-izbovy-byt-50-m2-balkon-11-m2-rezidencia-kozusnicka-byt-d16-3-np","imagesUrls":["https://img.nehnutelnosti.sk/foto/NjAweDMzOC9maWx0ZXJzOnF1YWxpdHkoMTAwKS9uZWg=/WF9fX7JA1_fss?st=HniuHJeeu7YiTCopULN-Y5N_sDLpuFvBAlEYWjfvwDA&ts=1655983961&e=0"]},{"title":"NA PREDAJ | 2 izbový byt 52m2+terasa 43m2 - Rezidencia Kožušnícka D32 - 5.NP","address":"Kožušnícka, Trenčín, okres Trenčín","rooms":2,"meters":52,"totalPrice":167259,"meterSquarePrice":2,"link":"https://www.nehnutelnosti.sk/detail/JuThgl2OdcY/na-predaj-2-izbovy-byt-52m2-terasa-43m2-rezidencia-kozusnicka-d32-5-np","imagesUrls":["https://img.nehnutelnosti.sk/foto/NjAweDMzOC9maWx0ZXJzOnF1YWxpdHkoMTAwKS9uZWg=/t999V5lFp_fss?st=77JaZe1w220FhJbGfOsb-GNE4QzpeyOaKvY0BcxHGjs&ts=1648994588&e=0"]},{"title":"NA PREDAJ | 2 izbový byt 54 m2+balkón10 m2 - Rezidencia Kožušnícka byt D14-2.NP","address":"Kožušnícka, Trenčín, okres Trenčín","rooms":2,"meters":54,"totalPrice":123488,"meterSquarePrice":1,"link":"https://www.nehnutelnosti.sk/detail/JuefvqgExcS/na-predaj-2-izbovy-byt-54-m2-balkon10-m2-rezidencia-kozusnicka-byt-d14-2-np","imagesUrls":["https://img.nehnutelnosti.sk/foto/NjAweDMzOC9maWx0ZXJzOnF1YWxpdHkoMTAwKS9uZWg=/Zhjd_cXco_fss?st=i76oajeRLZm1WD6KHlxO0sZJvAPf9YajDswQd6UfpfQ&ts=1649246429&e=0"]},{"title":"NA PREDAJ | 2 izbový byt 47,82 m2 + balkón 11 m2 - Rezidencia Kožušnícka byt D12 - 2.NP","address":"Kožušnícka, Trenčín, okres Trenčín","rooms":2,"meters":47,"totalPrice":108551,"meterSquarePrice":9,"link":"https://www.nehnutelnosti.sk/detail/JuUfswVUZyN/na-predaj-2-izbovy-byt-47-82-m2-balkon-11-m2-rezidencia-kozusnicka-byt-d12-2-np","imagesUrls":["https://img.nehnutelnosti.sk/foto/NjAweDMzOC9maWx0ZXJzOnF1YWxpdHkoMTAwKS9uZWg=/kEnOLvr25_fss?st=RkGrVgyiDpv9TuSKKBdaYe-zktexPtq5sQyKj5NGUMA&ts=1675102929&e=0"]},{"title":"NA PREDAJ | 2 izbový byt 55 m2 + balkón Rezidencia Kožušnícka byt C1","address":"Kožušnícka, Trenčín, okres Trenčín","rooms":2,"meters":55,"totalPrice":122000,"meterSquarePrice":8,"link":"https://www.nehnutelnosti.sk/detail/JuPrDWP7Jl0/na-predaj-2-izbovy-byt-55-m2-balkon-rezidencia-kozusnicka-byt-c1","imagesUrls":["https://img.nehnutelnosti.sk/foto/NjAweDMzOC9maWx0ZXJzOnF1YWxpdHkoMTAwKS9uZWg=/KZnb8PUBm_fss?st=oKuxqo71ObZrqUDjkKzMSjQzFNdQM0FDwIamfNLcuTk&ts=1700576905&e=0"]},{"title":"NA PREDAJ | 2 izbový byt 51 m2 + balkón 8 m2 - Rezidencia Kožušnícka byt D4- 1.NP","address":"Kožušnícka, Trenčín, okres Trenčín","rooms":2,"meters":51,"totalPrice":115543,"meterSquarePrice":5,"link":"https://www.nehnutelnosti.sk/detail/Jumg3V6y2j7/na-predaj-2-izbovy-byt-51-m2-balkon-8-m2-rezidencia-kozusnicka-byt-d4-1-np","imagesUrls":["https://img.nehnutelnosti.sk/foto/NjAweDMzOC9maWx0ZXJzOnF1YWxpdHkoMTAwKS9uZWg=/u1o__1VIH_fss?st=b-8Q7DXcCFzC2mAg-7-BmBLO8pUUMVb1-p21wuqRoQ0&ts=1649015049&e=0"]},{"title":"NA PREDAJ | 2 izbový byt 50 m2 + balkón 11 m2 - Rezidencia Kožušnícka byt D2","address":"Kožušnícka, Trenčín, okres Trenčín","rooms":2,"meters":50,"totalPrice":113046,"meterSquarePrice":2,"link":"https://www.nehnutelnosti.sk/detail/JuuoZ7iNU6i/na-predaj-2-izbovy-byt-50-m2-balkon-11-m2-rezidencia-kozusnicka-byt-d2","imagesUrls":["https://img.nehnutelnosti.sk/foto/NjAweDMzOC9maWx0ZXJzOnF1YWxpdHkoMTAwKS9uZWg=/2XKLo9FoB_fss?st=UIPfc6ODLULlFcd2aslGqqr0iSazA-J05qorJyusQzY&ts=1700469974&e=0"]},{"title":"NA PREDAJ | 2 izbový byt 55 m2+balkón 7,5 m2 - Rezidencia Kožušnícka byt D8-2.NP","address":"Kožušnícka, Trenčín, okres Trenčín","rooms":2,"meters":55,"totalPrice":125486,"meterSquarePrice":6,"link":"https://www.nehnutelnosti.sk/detail/Jubppg7TCbY/na-predaj-2-izbovy-byt-55-m2-balkon-7-5-m2-rezidencia-kozusnicka-byt-d8-2-np","imagesUrls":["https://img.nehnutelnosti.sk/foto/NjAweDMzOC9maWx0ZXJzOnF1YWxpdHkoMTAwKS9uZWg=/1sle4f9f9_fss?st=jrNOPOl7KMlIvebPriV8zcxm3QIzTrVboDlbYusH9Bg&ts=1649246421&e=0"]},{"title":"NA PREDAJ | 2 izbový byt 50 m2+balkón 11 m2 - Rezidencia Kožušnícka byt D9 - 2.NP","address":"Kožušnícka, Trenčín, okres Trenčín","rooms":2,"meters":50,"totalPrice":113046,"meterSquarePrice":2,"link":"https://www.nehnutelnosti.sk/detail/JunE4imYv2b/na-predaj-2-izbovy-byt-50-m2-balkon-11-m2-rezidencia-kozusnicka-byt-d9-2-np","imagesUrls":["https://img.nehnutelnosti.sk/foto/NjAweDMzOC9maWx0ZXJzOnF1YWxpdHkoMTAwKS9uZWg=/ywYrlWXzT_fss?st=fOD7-kEoXIZ-c3BK3I7oIRMh0rglSiytYlpJnLbAlKQ&ts=1700576924&e=0"]},{"title":"APARTMÁN NA PREDAJ – HREBIENOK RESORT, VYSOKÉ TATRY.","address":"Starý Smokovec, Vysoké Tatry, okres Poprad","rooms":null,"meters":33,"totalPrice":235000,"meterSquarePrice":1,"link":"https://www.nehnutelnosti.sk/detail/JuMWp1vLqLJ/apartman-na-predaj-hrebienok-resort-vysoke-tatry","imagesUrls":["https://img.nehnutelnosti.sk/foto/NjAweDMzOC9maWx0ZXJzOnF1YWxpdHkoMTAwKS9uZWg=/sZvDfhrd4J_fss?st=m3GZJci6YLHW6C0eHfaKcpBNYhopkvaJoPaPWwMl1g0&ts=1700576986&e=0"]},{"title":"NA PREDAJ | 2 izbový byt 50 m2 + balkón 8,5 m2 -Rezidencia Kožušnícka byt D6-1.NP","address":"Kožušnícka, Trenčín, okres Trenčín","rooms":2,"meters":50,"totalPrice":112365,"meterSquarePrice":0,"link":"https://www.nehnutelnosti.sk/detail/JurXXxqUXwq/na-predaj-2-izbovy-byt-50-m2-balkon-8-5-m2-rezidencia-kozusnicka-byt-d6-1-np","imagesUrls":["https://img.nehnutelnosti.sk/foto/NjAweDMzOC9maWx0ZXJzOnF1YWxpdHkoMTAwKS9uZWg=/cc46FenQu_fss?st=bRPNPGDNe0tSNKpdktrxw6An18UE0MXl5Y12L_-P45I&ts=1678374996&e=0"]},{"title":"NA PREDAJ | 2 izbový byt 55 m2+balkón 7,6 m2- Rezidencia Kožušnícka byt D15-3.NP","address":"Kožušnícka, Trenčín, okres Trenčín","rooms":2,"meters":55,"totalPrice":125486,"meterSquarePrice":6,"link":"https://www.nehnutelnosti.sk/detail/JuPbRoivDfCo/na-predaj-2-izbovy-byt-55-m2-balkon-7-6-m2-rezidencia-kozusnicka-byt-d15-3-np","imagesUrls":["https://img.nehnutelnosti.sk/foto/NjAweDMzOC9maWx0ZXJzOnF1YWxpdHkoMTAwKS9uZWg=/JwJrUQNDV_fss?st=zWNo7B8OmwHTuPIH9LrXUiHBD5Iiys9IYAEW_jIe0Zo&ts=1678374996&e=0"]}]