[{"title":"Nový 2-izbový apartmán A32 Blue Wave Riverside Piešťany","address":"Banka, Piešťany, okres Piešťany","rooms":2,"meters":69,"totalPrice":249900,"meterSquarePrice":3,"link":"https://www.nehnutelnosti.sk/detail/Jupc_zLCv4O/novy-2-izbovy-apartman-a32-blue-wave-riverside-piestany","imagesUrls":["https://img.nehnutelnosti.sk/foto/NjAweDMzOC9maWx0ZXJzOnF1YWxpdHkoMTAwKS9uZWg=/L64wbHITx_fss?st=X2I5PJLjhsMnaf9FoUScFgql-GVau_8nxokv7qhQxzg&ts=1724799008&e=0"]},{"title":"Novostavba 1-izbový apartmán A19 Blue Wave Riverside Piešťany","address":"Banka, Piešťany, okres Piešťany","rooms":1,"meters":33,"totalPrice":null,"meterSquarePrice":null,"link":"https://www.nehnutelnosti.sk/detail/Jufjh0tENNm/novostavba-1-izbovy-apartman-a19-blue-wave-riverside-piestany","imagesUrls":["https://img.nehnutelnosti.sk/foto/NjAweDMzOC9maWx0ZXJzOnF1YWxpdHkoMTAwKS9uZWg=/9itDd_tru2_fss?st=PMTkf3lSRCHTUKExsomwYV-7DuRaMWDT4V_tQ048w5g&ts=1725412596&e=0"]},{"title":"Novostavba 1-izbový apartmán A35 BlueWave Riverside Piešťany","address":"Banka, Piešťany, okres Piešťany","rooms":1,"meters":33,"totalPrice":null,"meterSquarePrice":null,"link":"https://www.nehnutelnosti.sk/detail/JuAoK9pp7Bi/novostavba-1-izbovy-apartman-a35-bluewave-riverside-piestany","imagesUrls":["https://img.nehnutelnosti.sk/foto/NjAweDMzOC9maWx0ZXJzOnF1YWxpdHkoMTAwKS9uZWg=/FnfBhF-CZK_fss?st=KRZK38DNOqttkvy1kyDcdx8hEJ-rW5acUjygmJ0mYSI&ts=1724759783&e=0"]},{"title":"Luxusný, zariadený 4 izb. apartmán GALLERY LUX4 /152 m2/ Piešťany","address":"Eugeňa Suchoňa, Piešťany, okres Piešťany","rooms":4,"meters":137,"totalPrice":334500,"meterSquarePrice":1,"link":"https://www.nehnutelnosti.sk/detail/Ju56ht8igr4/luxusny-zariadeny-4-izb-apartman-gallery-lux4-152-m2-piestany","imagesUrls":["https://img.nehnutelnosti.sk/foto/NjAweDMzOC9maWx0ZXJzOnF1YWxpdHkoMTAwKS9uZWg=/7ByoI5hiXr_fss?st=Q4BdsiaNpqL75lp_Zv-fWIePlVJ6Wuug-Yxcl8Mfp50&ts=1726057909&e=0"]},{"title":"3-izbový byt B38 Blue Wave Riverside Piešťany","address":"Banka, Piešťany, okres Piešťany","rooms":3,"meters":79,"totalPrice":null,"meterSquarePrice":null,"link":"https://www.nehnutelnosti.sk/detail/Jufarg5-BJP/3-izbovy-byt-b38-blue-wave-riverside-piestany","imagesUrls":["https://img.nehnutelnosti.sk/foto/NjAweDMzOC9maWx0ZXJzOnF1YWxpdHkoMTAwKS9uZWg=/P207POMDL_fss?st=iMnxABGGcT5oU0_DCY21GPVYUn_sa4571hIGmXfepu4&ts=1724759761&e=0"]},{"title":"Nový 3-izbový byt B16 Blue Wave Riverside Piešťany","address":"Banka, Piešťany, okres Piešťany","rooms":3,"meters":79,"totalPrice":279800,"meterSquarePrice":7,"link":"https://www.nehnutelnosti.sk/detail/JujLNuoA6Uh/novy-3-izbovy-byt-b16-blue-wave-riverside-piestany","imagesUrls":["https://img.nehnutelnosti.sk/foto/NjAweDMzOC9maWx0ZXJzOnF1YWxpdHkoMTAwKS9uZWg=/pc3YOFYSG7_fss?st=jtc0j9KmGstchF-GdkYWYmH48jBzWw9KPWOZOcINU7Y&ts=1724759769&e=0"]},{"title":"Nový 1-izbový apartmán s predzáhradkou, A4 Blue Wave Riverside Piešťany","address":"Banka, Piešťany, okres Piešťany","rooms":1,"meters":31,"totalPrice":140900,"meterSquarePrice":9,"link":"https://www.nehnutelnosti.sk/detail/JuDZ22kXJCc/novy-1-izbovy-apartman-s-predzahradkou-a4-blue-wave-riverside-piestany","imagesUrls":["https://img.nehnutelnosti.sk/foto/NjAweDMzOC9maWx0ZXJzOnF1YWxpdHkoMTAwKS9uZWg=/ReY_UDNmq_fss?st=n6Ri2gpE2MMexoo8bd8bjepLLrkKfOFd962pEyX1134&ts=1726517788&e=0"]},{"title":"Nový 4 izbový byt E, 114,15 m2+ terasa, parking, SPA REZIDENCE, Banka, okr. Piešťany","address":"Moravanská, Banka, okres Piešťany","rooms":4,"meters":114,"totalPrice":273600,"meterSquarePrice":5,"link":"https://www.nehnutelnosti.sk/detail/JuMMryBoCii/novy-4-izbovy-byt-e-114-15-m2-terasa-parking-spa-rezidence-banka-okr-piestany","imagesUrls":["https://img.nehnutelnosti.sk/foto/NjAweDMzOC9maWx0ZXJzOnF1YWxpdHkoMTAwKS9uZWg=/YqduNV-0l_fss?st=Nd3Nf3pSIH9srgg8_Oz9lpkznRxbn2ijSJoqqz8gg20&ts=1725741240&e=0"]},{"title":"Nový 4 izbový byt E, 114,15 m2+ terasa, parking, SPA REZIDENCE, Banka, okr. Piešťany","address":"Moravanská, Banka, okres Piešťany","rooms":4,"meters":114,"totalPrice":273600,"meterSquarePrice":5,"link":"https://www.nehnutelnosti.sk/detail/JupZ9Rq030t/novy-4-izbovy-byt-e-114-15-m2-terasa-parking-spa-rezidence-banka-okr-piestany","imagesUrls":["https://img.nehnutelnosti.sk/foto/NjAweDMzOC9maWx0ZXJzOnF1YWxpdHkoMTAwKS9uZWg=/6XecJknOB_fss?st=eqqn6Nl0NdKph7HjUtIm_cepbHazFwi6UJ7rcqw6qpw&ts=1725549405&e=0"]},{"title":"Nový 2-izbový byt B55 Blue Wave Riverside Piešťany","address":"Banka, Piešťany, okres Piešťany","rooms":2,"meters":78,"totalPrice":null,"meterSquarePrice":null,"link":"https://www.nehnutelnosti.sk/detail/Juzm6T-DrYY/novy-2-izbovy-byt-b55-blue-wave-riverside-piestany","imagesUrls":["https://img.nehnutelnosti.sk/foto/NjAweDMzOC9maWx0ZXJzOnF1YWxpdHkoMTAwKS9uZWg=/K9F8iCgjb_fss?st=owTJx9g_YMnuhG8jQ9uWldDPBCnbuAfEW8mcSoSqaQA&ts=1724759729&e=0"]},{"title":"Jedinečný 2-izbový byt B45 BlueWave Riverside Piešťany","address":"Banka, Piešťany, okres Piešťany","rooms":2,"meters":68,"totalPrice":253400,"meterSquarePrice":6,"link":"https://www.nehnutelnosti.sk/detail/Ju9lbcfW6ns/jedinecny-2-izbovy-byt-b45-bluewave-riverside-piestany","imagesUrls":["https://img.nehnutelnosti.sk/foto/NjAweDMzOC9maWx0ZXJzOnF1YWxpdHkoMTAwKS9uZWg=/wcd-HqTOQM_fss?st=4_M95w4VZk-m4jOh2e79vFJl4aokgZ-8Sge4mO4x-fA&ts=1724759751&e=0"]},{"title":"Nový 2 izbový byt B, 58,64 m2+ terasa / Banka pri Piešťanoch","address":"Piešťany, Piešťany, okres Piešťany","rooms":2,"meters":58,"totalPrice":140736,"meterSquarePrice":0,"link":"https://www.nehnutelnosti.sk/detail/Ju53l0biTTS/novy-2-izbovy-byt-b-58-64-m2-terasa-banka-pri-piestanoch","imagesUrls":["https://img.nehnutelnosti.sk/foto/NjAweDMzOC9maWx0ZXJzOnF1YWxpdHkoMTAwKS9uZWg=/wxlg8WgOO_fss?st=4ArCVliZGkS1gLOQm315fV2UVjn76xJkEeT2BCMes0s&ts=1724759715&e=0"]},{"title":"Nový 2 izbový byt B, 58,64 m2+ terasa, parking, SPA REZIDENCE, Banka, okr. Piešťany","address":"Moravanská, Banka, okres Piešťany","rooms":2,"meters":58,"totalPrice":140736,"meterSquarePrice":0,"link":"https://www.nehnutelnosti.sk/detail/Jugr3pvLm7U/novy-2-izbovy-byt-b-58-64-m2-terasa-parking-spa-rezidence-banka-okr-piestany","imagesUrls":["https://img.nehnutelnosti.sk/foto/NjAweDMzOC9maWx0ZXJzOnF1YWxpdHkoMTAwKS9uZWg=/dfQEI9XBF_fss?st=xOaxu2j16PzrQwlk8W9_8kb64IHTVtJkY0WkHGifeiA&ts=1724704322&e=0"]},{"title":"Novostavba 2-izbový byt B28 BlueWave Riverside Piešťany","address":"Banka, Piešťany, okres Piešťany","rooms":2,"meters":69,"totalPrice":252500,"meterSquarePrice":6,"link":"https://www.nehnutelnosti.sk/detail/Ju9vsVEHT01/novostavba-2-izbovy-byt-b28-bluewave-riverside-piestany","imagesUrls":["https://img.nehnutelnosti.sk/foto/NjAweDMzOC9maWx0ZXJzOnF1YWxpdHkoMTAwKS9uZWg=/Sk_Cvx1scL_fss?st=ilhs_WOsz4fjAv_N6Ek88_HBDQCtKMAVF41_Y-oh0-I&ts=1725651993&e=0"]},{"title":"Novostavba 2-izbový byt B33 BlueWave Riverside Piešťany","address":"Banka, Piešťany, okres Piešťany","rooms":2,"meters":78,"totalPrice":277900,"meterSquarePrice":8,"link":"https://www.nehnutelnosti.sk/detail/Ju9Z0VvzzKZ/novostavba-2-izbovy-byt-b33-bluewave-riverside-piestany","imagesUrls":["https://img.nehnutelnosti.sk/foto/NjAweDMzOC9maWx0ZXJzOnF1YWxpdHkoMTAwKS9uZWg=/9ZjEy-C90_fss?st=SjS1xfkH0SxALt6ZHDfHbGkUq9oa5TJiJKF212u2S_k&ts=1724759740&e=0"]},{"title":"Novostavba 2 izbový byt B, 58,64 m2+ terasa, parking, SPA REZIDENCE, Banka, okr. Piešťany","address":"Moravanská, Banka, okres Piešťany","rooms":2,"meters":58,"totalPrice":140736,"meterSquarePrice":0,"link":"https://www.nehnutelnosti.sk/detail/Jub0e9a8xsm/novostavba-2-izbovy-byt-b-58-64-m2-terasa-parking-spa-rezidence-banka-okr-piestany","imagesUrls":["https://img.nehnutelnosti.sk/foto/NjAweDMzOC9maWx0ZXJzOnF1YWxpdHkoMTAwKS9uZWg=/8sRC7Ueye_fss?st=aVoEPVxQpoBkFn560ec3fcJvdi2lZD0NkmUFtpQrl4U&ts=1725182186&e=0"]},{"title":"Novostavba 1-izbový apartmán A25 Blue Wave Riverside Piešťany","address":"Banka, Piešťany, okres Piešťany","rooms":1,"meters":33,"totalPrice":null,"meterSquarePrice":null,"link":"https://www.nehnutelnosti.sk/detail/JuY95gazuiY/novostavba-1-izbovy-apartman-a25-blue-wave-riverside-piestany","imagesUrls":["https://img.nehnutelnosti.sk/foto/NjAweDMzOC9maWx0ZXJzOnF1YWxpdHkoMTAwKS9uZWg=/A5U7oAQzAl_fss?st=VofIZuRvSb2l3SJ3vupl4UTzAodo3ThI0t9QhryUcwA&ts=1724759737&e=0"]},{"title":"Nový 1-izbový apartmán A24 BlueWave Riverside Piešťany","address":"Banka, Piešťany, okres Piešťany","rooms":1,"meters":33,"totalPrice":null,"meterSquarePrice":null,"link":"https://www.nehnutelnosti.sk/detail/JuoVa4xhcKM/novy-1-izbovy-apartman-a24-bluewave-riverside-piestany","imagesUrls":["https://img.nehnutelnosti.sk/foto/NjAweDMzOC9maWx0ZXJzOnF1YWxpdHkoMTAwKS9uZWg=/B5DAUnsbP_fss?st=gI6g6jHmwpOL0iTAJMbLlsN5_TwXri2cTkPKnsr-pGU&ts=1724759752&e=0"]},{"title":"NOVÁ REKONŠTRUKCIA 3 izb. byt Hutnícka ul., Staré Mesto","address":"Hutnícka, Košice I - Staré Mesto, okres Košice","rooms":3,"meters":55,"totalPrice":189000,"meterSquarePrice":6,"link":"https://www.nehnutelnosti.sk/detail/JubMNKfHpRt/nova-rekonstrukcia-3-izb-byt-hutnicka-ul-stare-mesto","imagesUrls":["https://img.nehnutelnosti.sk/foto/NjAweDMzOC9maWx0ZXJzOnF1YWxpdHkoMTAwKS9uZWg=/Ahsd4hh1r_fss?st=lVbg5B3-tKQpu2TlB3aI_PsRP185nxTK60SlwbYj-fI&ts=1722935957&e=0"]},{"title":"2 izbový byt na predaj v novostavbe - SKOLAUDOVANÝ","address":"Potravinárska, Nitra, okres Nitra","rooms":2,"meters":51,"totalPrice":146500,"meterSquarePrice":9,"link":"https://www.nehnutelnosti.sk/detail/JuriILenq4K/2-izbovy-byt-na-predaj-v-novostavbe-skolaudovany","imagesUrls":["https://img.unitedclassifieds.sk/foto/NjAweDMzOC9maWx0ZXJzOnF1YWxpdHkoMTAwKS9yc2Y=/oGOaEZO4y_fss?st=bEJax-STdN_lIM00vC-lAuOvpHBkaRgNUpG1J3zClCc&ts=1715798629&e=0"]},{"title":"NOVOSTAVBA! KRÁSNY 3-IZBOVÝ BYT S BALKÓNOM, A.PRÍDAVKA,PREŠOV","address":"Antona Prídavka, Prešov, okres Prešov","rooms":3,"meters":null,"totalPrice":null,"meterSquarePrice":null,"link":"https://www.nehnutelnosti.sk/detail/JuQ5oR9f-Bu/novostavba-krasny-3-izbovy-byt-s-balkonom-a-pridavka-presov","imagesUrls":["https://img.nehnutelnosti.sk/foto/NjAweDMzOC9maWx0ZXJzOnF1YWxpdHkoMTAwKS9uZWg=/SVVOHqwEAi_fss?st=cy2k7RaiwLbbLlhBT8hj9MSFdnPmMDkIb2NnHheGK4Y&ts=1718109578&e=0"]},{"title":"Na predaj útulný 1 izbový byt/Garsónka v lokalite Košice - Západ","address":"Košice II - Západ, okres Košice","rooms":null,"meters":23,"totalPrice":null,"meterSquarePrice":null,"link":"https://www.nehnutelnosti.sk/detail/Ju2bchco-Ff/na-predaj-utulny-1-izbovy-byt-garsonka-v-lokalite-kosice-zapad","imagesUrls":["https://img.nehnutelnosti.sk/foto/NjAweDMzOC9maWx0ZXJzOnF1YWxpdHkoMTAwKS9uZWg=/TM7KqdOwBK_fss?st=JTN4i1sdTwXySl2nmw3uBJwfewo2CBY6rS5BCL4D7rU&ts=1722689683&e=0"]},{"title":"RK01021421 Byt / 2-izbový (Predaj)","address":"Záhradná, Ladce, okres Ilava","rooms":2,"meters":80,"totalPrice":97000,"meterSquarePrice":0,"link":"https://www.nehnutelnosti.sk/detail/JucyzNTWO_M/rk01021421-byt-2-izbovy-predaj","imagesUrls":["https://img.unitedclassifieds.sk/foto/NjAweDMzOC9maWx0ZXJzOnF1YWxpdHkoMTAwKS9qdWw=/g1HMNBJ37_fss?st=q77yuhhbJ8li0D-lDn3IvXefWKUXEcnleZDIAbhFRAc&ts=1725887658&e=0"]},{"title":"VÝNIMOČNÝ a UNIKÁTNY 2 PODLAŽNÝ 5 IZBOVÝ BYT PREŠOV-ĽUBOTICE,","address":"Sibírska, Prešov, okres Prešov","rooms":5,"meters":190,"totalPrice":275000,"meterSquarePrice":7,"link":"https://www.nehnutelnosti.sk/detail/JuzDQZUH6VY/vynimocny-a-unikatny-2-podlazny-5-izbovy-byt-presov-lubotice","imagesUrls":["https://img.unitedclassifieds.sk/foto/NjAweDMzOC9maWx0ZXJzOnF1YWxpdHkoMTAwKS9qdWw=/zSwyc4Ryy_fss?st=LavcZgDL5QGfxG1Oiff7Fp2WaOoPIFiWckNHn-FPCyI&ts=1725887119&e=0"]},{"title":"REZERVOVANÉ: Moderný 3 iz. byt Žilina Hliny VII","address":"Jarná, Žilina - Hliny, okres Žilina","rooms":3,"meters":66,"totalPrice":179000,"meterSquarePrice":2,"link":"https://www.nehnutelnosti.sk/detail/JuxfVM1Pl6J/rezervovane-moderny-3-iz-byt-zilina-hliny-vii","imagesUrls":["https://img.nehnutelnosti.sk/foto/NjAweDMzOC9maWx0ZXJzOnF1YWxpdHkoMTAwKS9uZWg=/Y5RqtE_pM_fss?st=Qx2ZPWmTIKpplI75uS7dpFfMeGTmbQTGOzqGMtW6S3w&ts=1725273572&e=0"]},{"title":"Komplet zariadený 2izb. byt v Novostavbe - Ružinov","address":"Ivánska cesta, Bratislava II - Ružinov, okres Bratislava","rooms":2,"meters":55,"totalPrice":210000,"meterSquarePrice":8,"link":"https://www.nehnutelnosti.sk/detail/JuXwmIX-wwl/komplet-zariadeny-2izb-byt-v-novostavbe-ruzinov","imagesUrls":["https://img.nehnutelnosti.sk/foto/NjAweDMzOC9maWx0ZXJzOnF1YWxpdHkoMTAwKS9uZWg=/RluqMN9IUJ_fss?st=9XKDVhyV0DC7wZqROXM_IZzgbzQcvlzTHg61WIeKfmE&ts=1725886447&e=0"]},{"title":"INVESTIČNÁ PRÍLEŽITOSŤ – 3 izbový byt v ŠAMORÍNE","address":"Šámot, Šamorín, okres Dunajská Streda","rooms":3,"meters":66,"totalPrice":139900,"meterSquarePrice":0,"link":"https://www.nehnutelnosti.sk/detail/JuDc4UoBW_n/investicna-prilezitost-3-izbovy-byt-v-samorine","imagesUrls":["https://img.nehnutelnosti.sk/foto/NjAweDMzOC9maWx0ZXJzOnF1YWxpdHkoMTAwKS9uZWg=/y-5na-c8b_fss?st=lbBtvc0-sbW5Vr9JJAQ2eekFBeASgp6Dr4N-IqQiejw&ts=1726671744&e=0"]},{"title":"NEPREHLIADNITE! JESENNÁ AKCIOVÁ CENA! NA PREDAJ V KOMÁRNE INVESTIČNÝ BYT VO VYHĽADÁVANEJ LOKALITE","address":"Cintorínsky Rad, Komárno, okres Komárno","rooms":1,"meters":32,"totalPrice":55000,"meterSquarePrice":5,"link":"https://www.nehnutelnosti.sk/detail/JuG3trX_JX6/neprehliadnite-jesenna-akciova-cena-na-predaj-v-komarne-investicny-byt-vo-vyhladavanej-lokalite","imagesUrls":["https://img.unitedclassifieds.sk/foto/NjAweDMzOC9maWx0ZXJzOnF1YWxpdHkoMTAwKS9qdWw=/KWpQAJr87_fss?st=wjHeSCElr_ZSCqmhuZVd0NWjT00Lq8qB4iKWvU9U4OI&ts=1725885069&e=0"]},{"title":"DIRECTREAL|Na predaj rekonštruovaná garsonka pri Lidli, Zámostie","address":"J. Hollého, Trenčín, okres Trenčín","rooms":null,"meters":33,"totalPrice":81000,"meterSquarePrice":5,"link":"https://www.nehnutelnosti.sk/detail/JuhCKHm_T7k/directreal-na-predaj-rekonstruovana-garsonka-pri-lidli-zamostie","imagesUrls":["https://img.nehnutelnosti.sk/foto/NjAweDMzOC9maWx0ZXJzOnF1YWxpdHkoMTAwKS9uZWg=/cLdZqVXVN_fss?st=Wv0p4_ozcraQxH0DnCszG4EzRyPIZdt9O7_cfrTnEsM&ts=1725884520&e=0"]},{"title":"NOVÁ SKVELÁ CENA! 3 izbovy byt na predaj v Spišskom Podhradí o výmere 77 m2 s loggiou, vlastné kúren","address":"Sídlisko Hrad, Spišské Podhradie, okres Levoča","rooms":3,"meters":77,"totalPrice":96999,"meterSquarePrice":3,"link":"https://www.nehnutelnosti.sk/detail/Juxlv6AoJh5/nova-skvela-cena-3-izbovy-byt-na-predaj-v-spisskom-podhradi-o-vymere-77-m2-s-loggiou-vlastne-kuren","imagesUrls":["https://img.nehnutelnosti.sk/foto/NjAweDMzOC9maWx0ZXJzOnF1YWxpdHkoMTAwKS9uZWg=/S5FaNsAr6j_fss?st=0F4aDmrsHXHm6xWgSeFg1WOKNe9i-9lrf0IhYFowhLk&ts=1725861694&e=0"]}]