[{"title":"DOPYT - Garsónka s loggiou, Bratislava - začiatok Petržalky","address":"Blagoevova, Bratislava V - Petržalka, okres Bratislava","rooms":null,"meters":28,"totalPrice":115000,"meterSquarePrice":4,"link":"https://www.nehnutelnosti.sk/detail/Juc-7IjnTTM/dopyt-garsonka-s-loggiou-bratislava-zaciatok-petrzalky","imagesUrls":["https://img.unitedclassifieds.sk/foto/NjAweDMzOC9maWx0ZXJzOnF1YWxpdHkoMTAwKS9qdWw=/jjkdgxLBW_fss?st=npvX1LMhtF-I1c8EEHVbq2oHr05U9DQk9wQyozh3fJA&ts=1713949194&e=0"]},{"title":"Dvojgarzónka, 2x loggia, Bratislava - Petržalka","address":"Fedinova, Bratislava V - Petržalka, okres Bratislava","rooms":null,"meters":47,"totalPrice":null,"meterSquarePrice":null,"link":"https://www.nehnutelnosti.sk/detail/JuR1EyOWbjG/dvojgarzonka-2x-loggia-bratislava-petrzalka","imagesUrls":["https://img.unitedclassifieds.sk/foto/NjAweDMzOC9maWx0ZXJzOnF1YWxpdHkoMTAwKS9qdWw=/u0y4qMCre_fss?st=Bz7SBd4AedGLZeXb_NXzfchk6ZFnbau2OUM894mvfEg&ts=1710925827&e=0"]},{"title":"Dvojgarzónka, 2x loggia, Bratislava - Petržalka","address":"Gessayova, Bratislava V - Petržalka, okres Bratislava","rooms":null,"meters":38,"totalPrice":1,"meterSquarePrice":3,"link":"https://www.nehnutelnosti.sk/detail/Jup1mwgWhvF/dvojgarzonka-2x-loggia-bratislava-petrzalka","imagesUrls":["https://img.unitedclassifieds.sk/foto/NjAweDMzOC9maWx0ZXJzOnF1YWxpdHkoMTAwKS9qdWw=/RAUjNVp2B_fss?st=dLTjHr5JEucJn53Q6HIUEDKi205WYJi6OHlx3cMl5iE&ts=1710254944&e=0"]},{"title":"Dopyt - 1 izbový byt s balkónom, Bratislava - Ružinov","address":"Zálužická, Bratislava II - Ružinov, okres Bratislava","rooms":1,"meters":52,"totalPrice":160000,"meterSquarePrice":2,"link":"https://www.nehnutelnosti.sk/detail/JuEj52ucFVp/dopyt-1-izbovy-byt-s-balkonom-bratislava-ruzinov","imagesUrls":["https://img.unitedclassifieds.sk/foto/NjAweDMzOC9maWx0ZXJzOnF1YWxpdHkoMTAwKS9qdWw=/cjhJcjhyB_fss?st=1yyNPkN9M7tLJJHQukBp4ZT6gA8t7tEiRxmLft8AG0U&ts=1713951282&e=0"]},{"title":"3 izbový byt s loggiou po kompletnej rekonštrukcii, Bratislava - Petržalka","address":"Bratislava V - Petržalka, okres Bratislava","rooms":3,"meters":70,"totalPrice":195000,"meterSquarePrice":1,"link":"https://www.nehnutelnosti.sk/detail/JukdRVAr1ZQ/3-izbovy-byt-s-loggiou-po-kompletnej-rekonstrukcii-bratislava-petrzalka","imagesUrls":["https://img.unitedclassifieds.sk/foto/NjAweDMzOC9maWx0ZXJzOnF1YWxpdHkoMTAwKS9qdWw=/P_VGz43hC_fss?st=agvBP4dYp1pvnYapbWaiNb9NTVa9-74dDkz5dQBwg2g&ts=1710924979&e=0"]},{"title":"3 izbový byt s loggiou, v blízkosti Dostihovej dráhy - Petržalka","address":"Bratislava V - Petržalka, okres Bratislava","rooms":3,"meters":74,"totalPrice":192000,"meterSquarePrice":9,"link":"https://www.nehnutelnosti.sk/detail/JuuyJXLLMl0/3-izbovy-byt-s-loggiou-v-blizkosti-dostihovej-drahy-petrzalka","imagesUrls":["https://img.unitedclassifieds.sk/foto/NjAweDMzOC9maWx0ZXJzOnF1YWxpdHkoMTAwKS9qdWw=/yeR1yK0if_fss?st=cN0wZHzLJF5cFNQVIBH63-wjRG1gOipkF8ZHkBvQPh8&ts=1718653760&e=0"]},{"title":"REZERVOVANÉ!! 3 izbový byt v 8 poschodovom dome, Bratislava - Petržalka, Ševčenkova ulica","address":"Ševčenkova, Bratislava V - Petržalka, okres Bratislava","rooms":3,"meters":69,"totalPrice":188000,"meterSquarePrice":4,"link":"https://www.nehnutelnosti.sk/detail/JurED6rnNUC/rezervovane-3-izbovy-byt-v-8-poschodovom-dome-bratislava-petrzalka-sevcenkova-ulica","imagesUrls":["https://img.unitedclassifieds.sk/foto/NjAweDMzOC9maWx0ZXJzOnF1YWxpdHkoMTAwKS9qdWw=/a-s6Q_T6G_fss?st=qc3NrCO1kDDdphDmLBLh6MXnvFjoCKm2fgnwHvcnzCU&ts=1724415367&e=0"]},{"title":"REZERVOVANÉ!!! 3 izbový byt po vkusnej kompletnej rekonštrukcii, Začiatok  Petržalky, Furdekova ulic","address":"Furdekova, Bratislava V - Petržalka, okres Bratislava","rooms":3,"meters":68,"totalPrice":null,"meterSquarePrice":null,"link":"https://www.nehnutelnosti.sk/detail/JuuSZ8zjg1W/rezervovane-3-izbovy-byt-po-vkusnej-kompletnej-rekonstrukcii-zaciatok-petrzalky-furdekova-ulic","imagesUrls":["https://img.unitedclassifieds.sk/foto/NjAweDMzOC9maWx0ZXJzOnF1YWxpdHkoMTAwKS9qdWw=/0vuY2M-hG_fss?st=Wvvo_ZIiyAl_RrYW4-0Osn7pc9CgODUxXBkv4PFH7UY&ts=1724844306&e=0"]},{"title":"2 izbový byt s priestrannou loggiou, žiadaná dispozícia, Bratislava - Petržalka","address":"Hálova, Bratislava V - Petržalka, okres Bratislava","rooms":2,"meters":53,"totalPrice":160000,"meterSquarePrice":7,"link":"https://www.nehnutelnosti.sk/detail/JuA-SaboSvw/2-izbovy-byt-s-priestrannou-loggiou-ziadana-dispozicia-bratislava-petrzalka","imagesUrls":["https://img.unitedclassifieds.sk/foto/NjAweDMzOC9maWx0ZXJzOnF1YWxpdHkoMTAwKS9qdWw=/B46wIZryx_fss?st=Nma7jTh9E-zvfKuS0pB6G6R8VBpDgMd7rSkQFkCPJyc&ts=1714574435&e=0"]},{"title":"Dvojgarsónka Deluxe (2 izbový byt), samostatná kuchyňa, loggia, Petržalka","address":"Hálova, Bratislava V - Petržalka, okres Bratislava","rooms":null,"meters":53,"totalPrice":160000,"meterSquarePrice":7,"link":"https://www.nehnutelnosti.sk/detail/JuOpKAokf2S/dvojgarsonka-deluxe-2-izbovy-byt-samostatna-kuchyna-loggia-petrzalka","imagesUrls":["https://img.unitedclassifieds.sk/foto/NjAweDMzOC9maWx0ZXJzOnF1YWxpdHkoMTAwKS9qdWw=/spJgvG0h1_fss?st=h5QtDuRAqrP4fdjyo_IFVsyWsPtiL0Kcw4J0c0vYtAY&ts=1718892142&e=0"]},{"title":"3 izbový byt s loggiou, komorou v príjemnom prostredí, Bratislava - Rača","address":"Jurkovičova, Bratislava III - Rača, okres Bratislava","rooms":3,"meters":62,"totalPrice":176000,"meterSquarePrice":1,"link":"https://www.nehnutelnosti.sk/detail/JuSlH6-QUMe/3-izbovy-byt-s-loggiou-komorou-v-prijemnom-prostredi-bratislava-raca","imagesUrls":["https://img.unitedclassifieds.sk/foto/NjAweDMzOC9maWx0ZXJzOnF1YWxpdHkoMTAwKS9qdWw=/cR3GeLW-o_fss?st=3fAJXJ9Cv8UEPSbE2vQGNJ_BQirLN24yCQiZwKJO4Vs&ts=1722514996&e=0"]},{"title":"3 izbový byt s loggiou, Bratislava - Petržalka, Wolkrova ulica","address":"Wolkrova, Bratislava V - Petržalka, okres Bratislava","rooms":3,"meters":68,"totalPrice":205000,"meterSquarePrice":1,"link":"https://www.nehnutelnosti.sk/detail/JuV-_AvabgW/3-izbovy-byt-s-loggiou-bratislava-petrzalka-wolkrova-ulica","imagesUrls":["https://img.unitedclassifieds.sk/foto/NjAweDMzOC9maWx0ZXJzOnF1YWxpdHkoMTAwKS9qdWw=/ZN3SMR40x_fss?st=dJE3e6YOwR7DYCsoiAuqIi7Eg6_0Jc9_UhXPc4h-4zg&ts=1719914367&e=0"]},{"title":"3 izbový byt s loggiou, Bratislava - začiatok Petržalky, voľný ihneď! bez tiarch!","address":"Gercenova, Bratislava V - Petržalka, okres Bratislava","rooms":3,"meters":73,"totalPrice":192000,"meterSquarePrice":4,"link":"https://www.nehnutelnosti.sk/detail/JuQTw5OMlCR/3-izbovy-byt-s-loggiou-bratislava-zaciatok-petrzalky-volny-ihned-bez-tiarch","imagesUrls":["https://img.unitedclassifieds.sk/foto/NjAweDMzOC9maWx0ZXJzOnF1YWxpdHkoMTAwKS9qdWw=/G41dKkX7V_fss?st=HY6hL7ssbQ1u5wOqHQcf4HCmJAnRihcP7KMDtLkcULk&ts=1715189736&e=0"]},{"title":"PREDANÉ! Veľká garsónka De-luxe, kuchyňa v chodbe, samostatná kúpeľňa aj WC, Bratislava - Petržalka","address":"Bratislava V - Petržalka, okres Bratislava","rooms":null,"meters":33,"totalPrice":null,"meterSquarePrice":null,"link":"https://www.nehnutelnosti.sk/detail/Jujb4g6A13w/predane-velka-garsonka-de-luxe-kuchyna-v-chodbe-samostatna-kupelna-aj-wc-bratislava-petrzalka","imagesUrls":["https://img.unitedclassifieds.sk/foto/NjAweDMzOC9maWx0ZXJzOnF1YWxpdHkoMTAwKS9qdWw=/Zkaanwauu_fss?st=FvBjR_edVW4kNyYmxuZLy7IXw7kWjdiiO1WbAO4B44A&ts=1715192442&e=0"]},{"title":"Na predaj 1 izbový byt, Sady Cyrila a Metoda, Nová Dubnica","address":"Sady Cyrila a Metoda, Nová Dubnica, okres Ilava","rooms":1,"meters":31,"totalPrice":62000,"meterSquarePrice":0,"link":"https://www.nehnutelnosti.sk/detail/Jul2vxs7A9w/na-predaj-1-izbovy-byt-sady-cyrila-a-metoda-nova-dubnica","imagesUrls":["https://img.unitedclassifieds.sk/foto/NjAweDMzOC9maWx0ZXJzOnF1YWxpdHkoMTAwKS9qdWw=/nXxsY83DM_fss?st=DpVBkm5atGS3owQsvhqjVxAZ0GTPeF0oU6Q-BlbjDZg&ts=1725361392&e=0"]},{"title":"PREDAJ, 2 izbový byt na Laboreckej ulici, Humenné","address":"Laborecká, Humenné, okres Humenné","rooms":3,"meters":44,"totalPrice":74900,"meterSquarePrice":7,"link":"https://www.nehnutelnosti.sk/detail/Juj7WyDPVAA/predaj-2-izbovy-byt-na-laboreckej-ulici-humenne","imagesUrls":["https://img.nehnutelnosti.sk/foto/NjAweDMzOC9maWx0ZXJzOnF1YWxpdHkoMTAwKS9uZWg=/8QEkH5eD3_fss?st=nbltbFxCiGsJvjgWCkmVQvzsT1uq1ANtTUlyPDp8_Jg&ts=1725360728&e=0"]},{"title":"Predaj príjemného 3-izb. bytu na Trnavskom mýte","address":"Trnavské mýto, Bratislava III - Nové Mesto, okres Bratislava","rooms":3,"meters":82,"totalPrice":269900,"meterSquarePrice":6,"link":"https://www.nehnutelnosti.sk/detail/Juv00naa9Vq/predaj-prijemneho-3-izb-bytu-na-trnavskom-myte","imagesUrls":["https://img.nehnutelnosti.sk/foto/NjAweDMzOC9maWx0ZXJzOnF1YWxpdHkoMTAwKS9uZWg=/wCQ78cNDo_fss?st=JKn82gm-dWLb00JFFdieMh-ECPuOzcT5ORLikf1omGI&ts=1725360655&e=0"]},{"title":"2 izbový byt  Prievidza - Riverside D 2.poschodie","address":"A. Stodolu, Prievidza, okres Prievidza","rooms":2,"meters":51,"totalPrice":124950,"meterSquarePrice":0,"link":"https://www.nehnutelnosti.sk/detail/JurZl--oTUb/2-izbovy-byt-prievidza-riverside-d-2-poschodie","imagesUrls":["https://img.nehnutelnosti.sk/foto/NjAweDMzOC9maWx0ZXJzOnF1YWxpdHkoMTAwKS9uZWg=/kk4r_2rq28_fss?st=wVguFapa4AHi41dbMjtCG6_oFeTX0_rzHfaYPMXxAeA&ts=1725360580&e=0"]},{"title":"2 izbový byt  Prievidza - Riverside C 3.poschodie","address":"A. Stodolu, Prievidza, okres Prievidza","rooms":2,"meters":51,"totalPrice":124950,"meterSquarePrice":0,"link":"https://www.nehnutelnosti.sk/detail/Jub_djz49v1/2-izbovy-byt-prievidza-riverside-c-3-poschodie","imagesUrls":["https://img.nehnutelnosti.sk/foto/NjAweDMzOC9maWx0ZXJzOnF1YWxpdHkoMTAwKS9uZWg=/mc426SxKi_fss?st=URwymspvpxnmhU7906JcRHbGPVm4XU_iMre71XfimKE&ts=1725360580&e=0"]},{"title":"2 izbový byt  Prievidza - Riverside C 2.poschodie","address":"A. Stodolu, Prievidza, okres Prievidza","rooms":2,"meters":51,"totalPrice":124950,"meterSquarePrice":0,"link":"https://www.nehnutelnosti.sk/detail/Ju_wcZzJ1Bf/2-izbovy-byt-prievidza-riverside-c-2-poschodie","imagesUrls":["https://img.nehnutelnosti.sk/foto/NjAweDMzOC9maWx0ZXJzOnF1YWxpdHkoMTAwKS9uZWg=/T-XB2w0mh_fss?st=o5Nf5N9Deh3tcrCD-fvaoJKlhEXrya3LvENPcWdudFM&ts=1725360577&e=0"]},{"title":"4 izbový tehlový byt s atmosférou rodinného domu","address":"Adlerova, Košice III - Dargovských Hrdinov, okres Košice","rooms":4,"meters":90,"totalPrice":177000,"meterSquarePrice":8,"link":"https://www.nehnutelnosti.sk/detail/JuMqi5Pod0j/4-izbovy-tehlovy-byt-s-atmosferou-rodinneho-domu","imagesUrls":["https://img.unitedclassifieds.sk/foto/NjAweDMzOC9maWx0ZXJzOnF1YWxpdHkoMTAwKS9qdWw=/Q-VWoa3Ni_fss?st=Kf1q_XE7jpp1u7ivoOj8h8KZhufJCXJ2hIOrNwkdoUg&ts=1725360396&e=0"]},{"title":"REZERVOVANÉ!!! EXKLUZÍVNE!!! 2-izbový byt v novostavbe Pínia s parkovacím miestom na predaj","address":"Palackého 23, Martin, okres Martin","rooms":2,"meters":55,"totalPrice":142000,"meterSquarePrice":7,"link":"https://www.nehnutelnosti.sk/detail/JuEcckjgbs5/rezervovane-exkluzivne-2-izbovy-byt-v-novostavbe-pinia-s-parkovacim-miestom-na-predaj","imagesUrls":["https://img.nehnutelnosti.sk/foto/NjAweDMzOC9maWx0ZXJzOnF1YWxpdHkoMTAwKS9uZWg=/WH4yVdX7g_fss?st=aWyNzhbcPW-Ad8XOiXX2jh_JxOr9x-Sg0vasYvOjTCs&ts=1724660828&e=0"]},{"title":"EXKLUZÍVNE!!! Kompletne zrekonštruovaný 3-izbový byt s  loggiou na E.M. Šoltésovej na predaj","address":"E.M. Šoltésovej 42, Zvolen, okres Zvolen","rooms":3,"meters":63,"totalPrice":149900,"meterSquarePrice":1,"link":"https://www.nehnutelnosti.sk/detail/JuAmN1K7YjM/exkluzivne-kompletne-zrekonstruovany-3-izbovy-byt-s-loggiou-na-e-m-soltesovej-na-predaj","imagesUrls":["https://img.nehnutelnosti.sk/foto/NjAweDMzOC9maWx0ZXJzOnF1YWxpdHkoMTAwKS9uZWg=/uk3EV5Vth_fss?st=w0lhmXBWh9JJ0L7tt5pNpS8LQF2RuvabzPy-J5VDIwk&ts=1723718626&e=0"]},{"title":"EXKLUZÍVNE! 2,5-izbový byt v pôvodnom stave na Mládežníckej","address":"Mládežnícka 9, Banská Bystrica, okres Banská Bystrica","rooms":2,"meters":55,"totalPrice":125000,"meterSquarePrice":4,"link":"https://www.nehnutelnosti.sk/detail/Ju1O-pF3_5Q/exkluzivne-2-5-izbovy-byt-v-povodnom-stave-na-mladeznickej","imagesUrls":["https://img.nehnutelnosti.sk/foto/NjAweDMzOC9maWx0ZXJzOnF1YWxpdHkoMTAwKS9uZWg=/QssXvmR1s-_fss?st=UPBh5r4JWzy-FlcMi81NHqOyQIWrv1vwDUyrOvNFnSU&ts=1723718623&e=0"]},{"title":"EXKLUZÍVNE 3-izbový mezonet na Kvetinovej ulici na predaj","address":"Kvetinová 1, Banská Bystrica, okres Banská Bystrica","rooms":null,"meters":100,"totalPrice":265000,"meterSquarePrice":0,"link":"https://www.nehnutelnosti.sk/detail/JuOJvidw3mZ/exkluzivne-3-izbovy-mezonet-na-kvetinovej-ulici-na-predaj","imagesUrls":["https://img.nehnutelnosti.sk/foto/NjAweDMzOC9maWx0ZXJzOnF1YWxpdHkoMTAwKS9uZWg=/wOT0qVSMB_fss?st=wYbrgW0O6uOgLCq5cFI4flLmFGUlZfjQVcTshBlyV4U&ts=1726505123&e=0"]},{"title":"EXKLUZÍVNE!!! 2-izbový byt v novostavbe na Švermovej ulici","address":"Švermova 44, Banská Bystrica, okres Banská Bystrica","rooms":2,"meters":50,"totalPrice":205000,"meterSquarePrice":0,"link":"https://www.nehnutelnosti.sk/detail/JuFCwSqvLZk/exkluzivne-2-izbovy-byt-v-novostavbe-na-svermovej-ulici","imagesUrls":["https://img.nehnutelnosti.sk/foto/NjAweDMzOC9maWx0ZXJzOnF1YWxpdHkoMTAwKS9uZWg=/HPv35CGFV8_fss?st=WULbvnAKe6ZBWTa0qNyKTmhQiGLb701L1YY2ItbD0X0&ts=1726927273&e=0"]},{"title":"EXKLUZÍVNE 3-izbový mezonet na Kvetinovej ulici na predaj","address":"Kvetinová 1, Banská Bystrica, okres Banská Bystrica","rooms":3,"meters":100,"totalPrice":265000,"meterSquarePrice":0,"link":"https://www.nehnutelnosti.sk/detail/JuL5COvtvVV/exkluzivne-3-izbovy-mezonet-na-kvetinovej-ulici-na-predaj","imagesUrls":["https://img.nehnutelnosti.sk/foto/NjAweDMzOC9maWx0ZXJzOnF1YWxpdHkoMTAwKS9uZWg=/4ydWMnIuUE_fss?st=KkBs_-xXHSUDMrYgede75oJwdKrzH07HL9ye1m-Mk6g&ts=1723804077&e=0"]},{"title":"EXKLUZÍVNE! Veľký 3-izbový byt v pôvodnom stave na sídlisku Západ","address":"Novozámocká 5, Zvolen, okres Zvolen","rooms":3,"meters":81,"totalPrice":147000,"meterSquarePrice":8,"link":"https://www.nehnutelnosti.sk/detail/Ju2M0zVTgkS/exkluzivne-velky-3-izbovy-byt-v-povodnom-stave-na-sidlisku-zapad","imagesUrls":["https://img.nehnutelnosti.sk/foto/NjAweDMzOC9maWx0ZXJzOnF1YWxpdHkoMTAwKS9uZWg=/OtgwwsFqL_fss?st=XFwDRo39nAeLnLQt0ZlcGLU7er4VjcIbivafv8KNOgQ&ts=1724165185&e=0"]},{"title":"EXKLUZÍVNE! 1-izbový byt v Nemciach na predaj","address":"Nemčianska cesta 23, Nemce, okres Banská Bystrica","rooms":1,"meters":31,"totalPrice":87000,"meterSquarePrice":5,"link":"https://www.nehnutelnosti.sk/detail/JuEd5NSAqhu/exkluzivne-1-izbovy-byt-v-nemciach-na-predaj","imagesUrls":["https://img.nehnutelnosti.sk/foto/NjAweDMzOC9maWx0ZXJzOnF1YWxpdHkoMTAwKS9uZWg=/_pEcXF6BAt_fss?st=Ozxw8mqbzoC1HnfTpzVx0VPs9jdxeoY1JQLm3GnjjlM&ts=1724165188&e=0"]},{"title":"Rezervované! EXKLUZÍVNE 2-izbový byt na Starohorskej ulici na predaj","address":"Starohorská 46, Banská Bystrica, okres Banská Bystrica","rooms":2,"meters":49,"totalPrice":120900,"meterSquarePrice":2,"link":"https://www.nehnutelnosti.sk/detail/JuLLj4oZXNrj/rezervovane-exkluzivne-2-izbovy-byt-na-starohorskej-ulici-na-predaj","imagesUrls":["https://img.nehnutelnosti.sk/foto/NjAweDMzOC9maWx0ZXJzOnF1YWxpdHkoMTAwKS9uZWg=/8q7ibWLl9_fss?st=vK-Dm9HXoh4ZKQ6gHRlwC19f-xlDpLWF9kZf2F53U5o&ts=1724660826&e=0"]}]