[{"title":"Exkluzívne iba u nás DS - Skolaudované 3 izb. byty ( spolu 28 bytov) v projekte '' Vydrany 28''","address":"Ulica Gyullu Szabóa, Dunajská Streda, okres Dunajská Streda","rooms":3,"meters":74,"totalPrice":139900,"meterSquarePrice":2,"link":"https://www.nehnutelnosti.sk/detail/Ju86BIUDDnh/exkluzivne-iba-u-nas-ds-skolaudovane-3-izb-byty-spolu-28-bytov-v-projekte-vydrany-28","imagesUrls":["https://img.nehnutelnosti.sk/foto/NjAweDMzOC9maWx0ZXJzOnF1YWxpdHkoMTAwKS9uZWg=/cJnMWi6z_8_fss?st=8ZhUO5NO9iub4BEe0knUelHaDQkoskVepU1eJjZarGI&ts=1717625982&e=0"]},{"title":"1-izbový byt neďaleko Draždiaku","address":"Jasovská 3038/1, Bratislava V - Petržalka, okres Bratislava","rooms":1,"meters":37,"totalPrice":null,"meterSquarePrice":null,"link":"https://www.nehnutelnosti.sk/detail/JudjHWn6WMl/1-izbovy-byt-nedaleko-drazdiaku","imagesUrls":["https://img.nehnutelnosti.sk/foto/NjAweDMzOC9maWx0ZXJzOnF1YWxpdHkoMTAwKS9uZWg=/9xFXJgyuDZ_fss?st=tGRbYBNIhxCVoeNfn8DcKLkNJHrr6GLyecShNbFdy4I&ts=1691750427&e=0"]},{"title":"NOVINKA !!! MODERNÝ, SKVELÝ 3 IZBOVÝ BYT S LOGGIOU, KOŠICE TERASA","address":"Petzvalova, Košice II - Západ, okres Košice","rooms":3,"meters":67,"totalPrice":194900,"meterSquarePrice":6,"link":"https://www.nehnutelnosti.sk/detail/JuMBcizRnCL/novinka-moderny-skvely-3-izbovy-byt-s-loggiou-kosice-terasa","imagesUrls":["https://img.unitedclassifieds.sk/foto/NjAweDMzOC9maWx0ZXJzOnF1YWxpdHkoMTAwKS9qdWw=/0np-F31KT_fss?st=4fdLa1D0vUDii2VB7mI6yXOg-q9pyN_cKz3REwW_lVs&ts=1725635611&e=0"]},{"title":"Veľký klimatizovaný 3-izbový byt s loggiou v ZM","address":"Zlaté Moravce, okres Zlaté Moravce","rooms":3,"meters":83,"totalPrice":96900,"meterSquarePrice":7,"link":"https://www.nehnutelnosti.sk/detail/JuMTUhw1AJo/velky-klimatizovany-3-izbovy-byt-s-loggiou-v-zm","imagesUrls":["https://img.nehnutelnosti.sk/foto/NjAweDMzOC9maWx0ZXJzOnF1YWxpdHkoMTAwKS9uZWg=/_1wRe5H7_3_fss?st=3PSA_vDPCmq0Bhn-H469d25cc7knbmrt0HH4jJSnENo&ts=1726847003&e=0"]},{"title":"33Reality | !Nová Cena! Najnovší projekt s 3-izbovými bytmi a vlastným parkovaním a záhradou Diakovc","address":"Šaľa, okres Šaľa","rooms":3,"meters":null,"totalPrice":128000,"meterSquarePrice":1,"link":"https://www.nehnutelnosti.sk/detail/JuIpuHu_IPX/33reality-nova-cena-najnovsi-projekt-s-3-izbovymi-bytmi-a-vlastnym-parkovanim-a-zahradou-diakovc","imagesUrls":["https://img.nehnutelnosti.sk/foto/NjAweDMzOC9maWx0ZXJzOnF1YWxpdHkoMTAwKS9uZWg=/ZdRJsyfBn_fss?st=Ee8m6sXFHQj-1HeIKFl5e89-3FOpByAtDvb0NlVcS-A&ts=1726781687&e=0"]},{"title":"2 izbový mezonet s výťahom 68m2 Hlavná ul.Košice","address":"Hlavná, Košice I - Staré Mesto, okres Košice","rooms":2,"meters":68,"totalPrice":209900,"meterSquarePrice":6,"link":"https://www.nehnutelnosti.sk/detail/JuH5GQOEGMQ/2-izbovy-mezonet-s-vytahom-68m2-hlavna-ul-kosice","imagesUrls":["https://img.nehnutelnosti.sk/foto/NjAweDMzOC9maWx0ZXJzOnF1YWxpdHkoMTAwKS9uZWg=/0jq_vUdVm_fss?st=BAx6cPb9OeNHJhw4hBAgulDAVbKBTISpcN4LzqzVHbE&ts=1726848140&e=0"]},{"title":"Predaj apartmánov v projekte Pri Hrone Banská Bystrica","address":"Cesta K Smrečine 5, Banská Bystrica, okres Banská Bystrica","rooms":2,"meters":42,"totalPrice":null,"meterSquarePrice":null,"link":"https://www.nehnutelnosti.sk/detail/JuaKB0uxPsa/predaj-apartmanov-v-projekte-pri-hrone-banska-bystrica","imagesUrls":["https://img.unitedclassifieds.sk/foto/NjAweDMzOC9maWx0ZXJzOnF1YWxpdHkoMTAwKS9qdWw=/lcOqpnpCe_fss?st=lAWH-kfLWM6htAPYvQ8FiEHHYnbrwHClT01-VYBJTRY&ts=1722588944&e=0"]},{"title":"Predaj bytov a apartmánov v projekte Pri Hrone.","address":"Cesta K Smrečine 5, Banská Bystrica, okres Banská Bystrica","rooms":1,"meters":34,"totalPrice":94900,"meterSquarePrice":8,"link":"https://www.nehnutelnosti.sk/detail/JuKDhNWsvkW/predaj-bytov-a-apartmanov-v-projekte-pri-hrone","imagesUrls":["https://img.unitedclassifieds.sk/foto/NjAweDMzOC9maWx0ZXJzOnF1YWxpdHkoMTAwKS9yc2Y=/LPQQT6FpI_fss?st=DJ-7tkCfQhHcFFN85ziZA6YGe_4hanUxtChjDvlb6Io&ts=1683205212&e=0"]},{"title":"Predaj veľkometrážneho apartmánu  125 m2 vo vilovom dome","address":"Banská Bystrica, okres Banská Bystrica","rooms":null,"meters":124,"totalPrice":124900,"meterSquarePrice":6,"link":"https://www.nehnutelnosti.sk/detail/JuNZYigxp86/predaj-velkometrazneho-apartmanu-125-m2-vo-vilovom-dome","imagesUrls":["https://img.unitedclassifieds.sk/foto/NjAweDMzOC9maWx0ZXJzOnF1YWxpdHkoMTAwKS9yc2Y=/hi9e99QSk_fss?st=3AYHZIn-VgEifLAsi8MRGSlfVrLxQNmYAIMxTosKBh4&ts=1677262216&e=0"]},{"title":"Predaj bytov a apartmánov v projekte Pri Hrone.","address":"Cesta K Smrečine 5, Banská Bystrica, okres Banská Bystrica","rooms":3,"meters":59,"totalPrice":179000,"meterSquarePrice":5,"link":"https://www.nehnutelnosti.sk/detail/JuBL_Tek764/predaj-bytov-a-apartmanov-v-projekte-pri-hrone","imagesUrls":["https://img.unitedclassifieds.sk/foto/NjAweDMzOC9maWx0ZXJzOnF1YWxpdHkoMTAwKS9yc2Y=/TjrKbd99S_fss?st=JcPellc_7lt4BqsBCFSFhfEcuQF4fZgnPt0gcq3FppQ&ts=1694699767&e=0"]},{"title":"Predaj bytov a apartmánov v projekte Pri Hrone.","address":"Cesta K Smrečine 5, Banská Bystrica, okres Banská Bystrica","rooms":1,"meters":30,"totalPrice":79900,"meterSquarePrice":3,"link":"https://www.nehnutelnosti.sk/detail/JuInni24jT-/predaj-bytov-a-apartmanov-v-projekte-pri-hrone","imagesUrls":["https://img.unitedclassifieds.sk/foto/NjAweDMzOC9maWx0ZXJzOnF1YWxpdHkoMTAwKS9yc2Y=/rk3QQD4mM_fss?st=lz-Qb0F9S1zwu6uGuXoJ87PpTgcnYANuZV2WnJh6bn8&ts=1683205447&e=0"]},{"title":"Predaj nadštandardného veľkometrážneho bytu vo vilovom dome v Banskej Bystrice","address":"Timravy, Banská Bystrica, okres Banská Bystrica","rooms":4,"meters":143,"totalPrice":null,"meterSquarePrice":null,"link":"https://www.nehnutelnosti.sk/detail/JunM9uf003Tg/predaj-nadstandardneho-velkometrazneho-bytu-vo-vilovom-dome-v-banskej-bystrice","imagesUrls":["https://img.unitedclassifieds.sk/foto/NjAweDMzOC9maWx0ZXJzOnF1YWxpdHkoMTAwKS9qdWw=/XXMYCAAFy_fss?st=eENoEZ0vKLnwx2JK-xIXX1wV5iVf9LHQ6GWYEerY6t8&ts=1718378452&e=0"]},{"title":"MAXIS REAL: NA PREDAJ: 2 izbový byt na Saleziánskej ulici.","address":"Saleziánska, Trnava, okres Trnava","rooms":2,"meters":48,"totalPrice":130000,"meterSquarePrice":3,"link":"https://www.nehnutelnosti.sk/detail/JurABK_LMSl/maxis-real-na-predaj-2-izbovy-byt-na-salezianskej-ulici","imagesUrls":["https://img.unitedclassifieds.sk/foto/NjAweDMzOC9maWx0ZXJzOnF1YWxpdHkoMTAwKS9yc2Y=/g02yM9fw__fss?st=U6w-oaXgMvWBU4Jf-Wd_hDzObnoIsUP3rxFO127Rtls&ts=1715959735&e=0"]},{"title":"MAXIS REAL: NA PREDAJ: Veľký 3 izbový byt s komorou a lodžiou na 8.posch. na ulici J. Slottu.","address":"Trnava, okres Trnava","rooms":3,"meters":73,"totalPrice":149000,"meterSquarePrice":0,"link":"https://www.nehnutelnosti.sk/detail/JuWSsMJVKww/maxis-real-na-predaj-velky-3-izbovy-byt-s-komorou-a-lodziou-na-8-posch-na-ulici-j-slottu","imagesUrls":["https://img.unitedclassifieds.sk/foto/NjAweDMzOC9maWx0ZXJzOnF1YWxpdHkoMTAwKS9yc2Y=/5yWwFvRYt_fss?st=rQdLUZ_gVwAMI9DfMBDARXpRbD2u1fWgtjTH1UqBAwo&ts=1726486089&e=0"]},{"title":"Pre klienta s hotovosťou hľadám 1-izbový byt na kúpu !","address":"Trnava, okres Trnava","rooms":1,"meters":30,"totalPrice":90000,"meterSquarePrice":0,"link":"https://www.nehnutelnosti.sk/detail/JuJabvdzl1x/pre-klienta-s-hotovostou-hladam-1-izbovy-byt-na-kupu","imagesUrls":["https://img.unitedclassifieds.sk/foto/NjAweDMzOC9maWx0ZXJzOnF1YWxpdHkoMTAwKS9yc2Y=/UY7gIzWyT_fss?st=_F_afnNfHfSI-r31cpEzcPeZtr8N0Hd2GBGc8QzVIjw&ts=1722607959&e=0"]},{"title":"MAXIS REAL: NA PREDAJ : 4 izbový byt obklopený zeleňou a vlastnou 4 árovom záhradou.","address":"Ulica Zavarská, Trnava, okres Trnava","rooms":4,"meters":100,"totalPrice":255000,"meterSquarePrice":0,"link":"https://www.nehnutelnosti.sk/detail/JubipD2H0mV/maxis-real-na-predaj-4-izbovy-byt-obklopeny-zelenou-a-vlastnou-4-arovom-zahradou","imagesUrls":["https://img.unitedclassifieds.sk/foto/NjAweDMzOC9maWx0ZXJzOnF1YWxpdHkoMTAwKS9yc2Y=/H9d_jwvmO_fss?st=IIS6wV7oEfKjCLYoPLjSoIOhmOPJKyc-87kbYhrPxF0&ts=1719244087&e=0"]},{"title":"MAXIS REAL: NA PREDAJ: Práve skolaudované posledné dva 2 izbové apartmány v Malom Paríži.","address":"Horné bašty, Trnava, okres Trnava","rooms":2,"meters":60,"totalPrice":179000,"meterSquarePrice":3,"link":"https://www.nehnutelnosti.sk/detail/JunXPzEFWk7/maxis-real-na-predaj-prave-skolaudovane-posledne-dva-2-izbove-apartmany-v-malom-parizi","imagesUrls":["https://img.unitedclassifieds.sk/foto/NjAweDMzOC9maWx0ZXJzOnF1YWxpdHkoMTAwKS9yc2Y=/bMteVld6i_fss?st=Vvmvkb8WPAMbeyMJDXAf36-c8Y8ULSPGr3-Phrgv4pU&ts=1720785823&e=0"]},{"title":"MAXIS REAL: NA PREDAJ : 1 izbový byt v Hrnčiarovciach nad Parnou.","address":"Hrnčiarovce nad Parnou, Trnava, okres Trnava","rooms":1,"meters":35,"totalPrice":75000,"meterSquarePrice":6,"link":"https://www.nehnutelnosti.sk/detail/JuMClRv8hvq/maxis-real-na-predaj-1-izbovy-byt-v-hrnciarovciach-nad-parnou","imagesUrls":["https://img.unitedclassifieds.sk/foto/NjAweDMzOC9maWx0ZXJzOnF1YWxpdHkoMTAwKS9yc2Y=/m6KRPez7C_fss?st=y95TEuUxll8pvV9XVkUW_m7Dhd7-6tEi1cpwHY5WOjE&ts=1720024129&e=0"]},{"title":"MAXIS REAL: NA PREDAJ: Novostavba: Malý Paríž - Veľký 1 izbový byt s terasou priamo v historickom ce","address":"Hornopotočná, Trnava, okres Trnava","rooms":1,"meters":41,"totalPrice":153000,"meterSquarePrice":1,"link":"https://www.nehnutelnosti.sk/detail/JuI2W84cClO/maxis-real-na-predaj-novostavba-maly-pariz-velky-1-izbovy-byt-s-terasou-priamo-v-historickom-ce","imagesUrls":["https://img.unitedclassifieds.sk/foto/NjAweDMzOC9maWx0ZXJzOnF1YWxpdHkoMTAwKS9yc2Y=/7jYWBEV4D_fss?st=u6Uf3UQQNFWhzxaOPHRZvZlnW3CLgADKNrzd0bO74Wg&ts=1717620230&e=0"]},{"title":"MAXIS REAL: NA PREDAJ: 2 izbový byt na Hospodárskej ulici pri centre.","address":"Ulica Hospodárska, Trnava, okres Trnava","rooms":2,"meters":54,"totalPrice":165000,"meterSquarePrice":6,"link":"https://www.nehnutelnosti.sk/detail/Ju3IhZyJKRI/maxis-real-na-predaj-2-izbovy-byt-na-hospodarskej-ulici-pri-centre","imagesUrls":["https://img.unitedclassifieds.sk/foto/NjAweDMzOC9maWx0ZXJzOnF1YWxpdHkoMTAwKS9yc2Y=/CcFMoZVd-I_fss?st=o8ro2ajN-EUgTt2AX1GTVCHT0nAbzJ6SBI3P7uLXgMQ&ts=1717508647&e=0"]},{"title":"MAXIS REAL: NA PREDAJ: Ojedinelý, priestranný 3 izbový byt s halou a s 3 samostatnými izbami a 3 lod","address":"Ulica Andreja Kubinu, Trnava, okres Trnava","rooms":3,"meters":93,"totalPrice":174000,"meterSquarePrice":7,"link":"https://www.nehnutelnosti.sk/detail/JuDyymrbHD3/maxis-real-na-predaj-ojedinely-priestranny-3-izbovy-byt-s-halou-a-s-3-samostatnymi-izbami-a-3-lod","imagesUrls":["https://img.unitedclassifieds.sk/foto/NjAweDMzOC9maWx0ZXJzOnF1YWxpdHkoMTAwKS9yc2Y=/FJ3nV67gz_fss?st=2QVI_DHDirzGc-zxPighrKUAEmQuF8tK1gOFtWXKGpE&ts=1718879917&e=0"]},{"title":"MAXIS REAL: NA PREDAJ: Práve skolaudovaný 2 izbový apartmán v centre mesta v novostavbe Malý Paríž.","address":"Hornopotočná, Trnava, okres Trnava","rooms":2,"meters":47,"totalPrice":169000,"meterSquarePrice":4,"link":"https://www.nehnutelnosti.sk/detail/JulzE3VA231/maxis-real-na-predaj-prave-skolaudovany-2-izbovy-apartman-v-centre-mesta-v-novostavbe-maly-pariz","imagesUrls":["https://img.unitedclassifieds.sk/foto/NjAweDMzOC9maWx0ZXJzOnF1YWxpdHkoMTAwKS9yc2Y=/tUMUK3pkw_fss?st=MYOaIPT-12lgFcITFD4MrOWir-Oooz9q6WSsIF23gbU&ts=1720786952&e=0"]},{"title":"MAXIS REAL: NA PREDAJ: Ideálny 3 izbový byt – stačí sa len nasťahovať!","address":"Ulica Andreja Kubinu, Trnava, okres Trnava","rooms":3,"meters":65,"totalPrice":185000,"meterSquarePrice":5,"link":"https://www.nehnutelnosti.sk/detail/JuKE46MJTlC/maxis-real-na-predaj-idealny-3-izbovy-byt-staci-sa-len-nastahovat","imagesUrls":["https://img.unitedclassifieds.sk/foto/NjAweDMzOC9maWx0ZXJzOnF1YWxpdHkoMTAwKS9yc2Y=/DUax9gxte_fss?st=VzeKGiYP4X_B0RvoHcSrF5DA1Xx83Yo50DJHNuYF4TI&ts=1722518928&e=0"]},{"title":"ZNÍŽENÁ CENA!!! Ponúkame na predaj moderný 3-izbový byt na Špačinskej ceste v Trnave","address":"Špačinská cesta, Trnava, okres Trnava","rooms":3,"meters":55,"totalPrice":159900,"meterSquarePrice":7,"link":"https://www.nehnutelnosti.sk/detail/JuMZnPXkc5T/znizena-cena-ponukame-na-predaj-moderny-3-izbovy-byt-na-spacinskej-ceste-v-trnave","imagesUrls":["https://img.nehnutelnosti.sk/foto/NjAweDMzOC9maWx0ZXJzOnF1YWxpdHkoMTAwKS9uZWg=/H6nZgRklt-_fss?st=wTvKXNPpWGMa2vOeG1KcuDDmXf3cfapAdA10g43UZfI&ts=1726847977&e=0"]},{"title":"RENATAS - 1,5 IZBOVÝ APARTMÁN NOVOSTAVBA PRÍSTAVNÁ 1","address":"Prístavná, Bratislava I - Staré Mesto, okres Bratislava","rooms":1,"meters":33,"totalPrice":null,"meterSquarePrice":null,"link":"https://www.nehnutelnosti.sk/detail/Jug5FAt5m0D/renatas-1-5-izbovy-apartman-novostavba-pristavna-1","imagesUrls":["https://img.nehnutelnosti.sk/foto/NjAweDMzOC9maWx0ZXJzOnF1YWxpdHkoMTAwKS9uZWg=/wgJbj8oI9_fss?st=qt0s6f-7E39V9AQi6otXzSjBHG4RyqUGrP8bmTzo4-E&ts=1723900495&e=0"]},{"title":"Moderná novostavba v bezpečnom prostredí","address":"Pod gaštanmi, Bratislava II - Vrakuňa, okres Bratislava","rooms":null,"meters":25,"totalPrice":89900,"meterSquarePrice":6,"link":"https://www.nehnutelnosti.sk/detail/JuAM71sg_NG/moderna-novostavba-v-bezpecnom-prostredi","imagesUrls":["https://img.nehnutelnosti.sk/foto/NjAweDMzOC9maWx0ZXJzOnF1YWxpdHkoMTAwKS9uZWg=/TO1x0KzEHJ_fss?st=CYsxV3Zd0WSIgororoa1YbaaAPU0hMQKycNLaqMq_i0&ts=1725979849&e=0"]},{"title":"Moderný 2 izbový byt v NOVOSTAVBE v Prešove, Nižná Šebastová","address":"Slánska, Prešov, okres Prešov","rooms":2,"meters":47,"totalPrice":null,"meterSquarePrice":null,"link":"https://www.nehnutelnosti.sk/detail/JuFtzWfr6kc/moderny-2-izbovy-byt-v-novostavbe-v-presove-nizna-sebastova","imagesUrls":["https://img.unitedclassifieds.sk/foto/NjAweDMzOC9maWx0ZXJzOnF1YWxpdHkoMTAwKS9qdWw=/ZbvYU-6-u_fss?st=TNTXHzTm4O2Ngqk1EL6npUUH1z2pH8A6uVRXQiar9yA&ts=1725279200&e=0"]},{"title":"Mezonetový 3 izbový byt Nižná Šebastová v novostavbe blízko Prešova","address":"Slánska, Prešov, okres Prešov","rooms":3,"meters":78,"totalPrice":125000,"meterSquarePrice":6,"link":"https://www.nehnutelnosti.sk/detail/JuyjgJKEcHY/mezonetovy-3-izbovy-byt-nizna-sebastova-v-novostavbe-blizko-presova","imagesUrls":["https://img.unitedclassifieds.sk/foto/NjAweDMzOC9maWx0ZXJzOnF1YWxpdHkoMTAwKS9qdWw=/wMyD_1Mqy_fss?st=1aCe1zOWk4RoN52LlVynEWJ-b6C0ukdT28kG3t0tPcU&ts=1717664067&e=0"]},{"title":"Zrekonštruovaný 3 izbový byt v Turni nad Bodvou","address":"Sídlisko Cementár, Turňa nad Bodvou, Košice okolie, okres Košice - okolie","rooms":3,"meters":54,"totalPrice":70000,"meterSquarePrice":0,"link":"https://www.nehnutelnosti.sk/detail/JurFtZWF956/zrekonstruovany-3-izbovy-byt-v-turni-nad-bodvou","imagesUrls":["https://img.unitedclassifieds.sk/foto/NjAweDMzOC9maWx0ZXJzOnF1YWxpdHkoMTAwKS9qdWw=/elpRWEWWp_fss?st=GQEgYbgzMcT_ga1QjNKRLVfMzzj_Qp4P4oW30pknF7Y&ts=1718963937&e=0"]},{"title":"TOP BÝVANIE v Michalovciach, 3i byt, 76m² + loggia a klimatizácia","address":"Michalovce, okres Michalovce","rooms":3,"meters":76,"totalPrice":113000,"meterSquarePrice":4,"link":"https://www.nehnutelnosti.sk/detail/JuiV4hMZXEB/top-byvanie-v-michalovciach-3i-byt-76m-loggia-a-klimatizacia","imagesUrls":["https://img.unitedclassifieds.sk/foto/NjAweDMzOC9maWx0ZXJzOnF1YWxpdHkoMTAwKS9qdWw=/Pav5j8K_F_fss?st=ywGwuzI9t4yJEIRQm3CM2UQrSLtfntoFP9wHqmmbZlE&ts=1710228876&e=0"]}]