[{"title":"PREDANÝ  Moderne zariadený 1,i byt na pešej zóne v Senci","address":"Lichnerova, Senec, okres Senec","rooms":1,"meters":43,"totalPrice":151000,"meterSquarePrice":3,"link":"https://www.nehnutelnosti.sk/detail/Juj8mpbx3Bz/predany-moderne-zariadeny-1-i-byt-na-pesej-zone-v-senci","imagesUrls":["https://img.unitedclassifieds.sk/foto/NjAweDMzOC9maWx0ZXJzOnF1YWxpdHkoMTAwKS9qdWw=/KuCkmOl6W_fss?st=U9gcTdFy2pVq_PaRGRpAb_tUupkzZlfK50NXlIK51SU&ts=1719997886&e=0"]},{"title":"ECO PARK - novostavba 3i bytu COMFORT, Veľké Úľany","address":"Veľké Úľany, okres Galanta","rooms":3,"meters":104,"totalPrice":145000,"meterSquarePrice":9,"link":"https://www.nehnutelnosti.sk/detail/Ju_0leNa1D1/eco-park-novostavba-3i-bytu-comfort-velke-ulany","imagesUrls":["https://img.unitedclassifieds.sk/foto/NjAweDMzOC9maWx0ZXJzOnF1YWxpdHkoMTAwKS9qdWw=/1l9n_V97P_fss?st=2DaCkGWjhjVO0JBqgLWr_Mlpy-Ep8KamVIFQlQ93Hxg&ts=1719231225&e=0"]},{"title":"HVIEZDNE bývanie PARADAJS - Hlohovec, novostavba 1i bytu 35,75m2, CASSIOPEA","address":"Hlohovec, okres Hlohovec","rooms":1,"meters":35,"totalPrice":null,"meterSquarePrice":null,"link":"https://www.nehnutelnosti.sk/detail/JuIzqGJ86QM/hviezdne-byvanie-paradajs-hlohovec-novostavba-1i-bytu-35-75m2-cassiopea","imagesUrls":["https://img.unitedclassifieds.sk/foto/NjAweDMzOC9maWx0ZXJzOnF1YWxpdHkoMTAwKS9qdWw=/qvEsLp9Ni_fss?st=Rfu2G5h3rGDC0IklXptaSwBYGDQDgnicR7wzg-vnaxQ&ts=1721121280&e=0"]},{"title":"ECO PARK - novostavba 3i bytu DE LUXE, Veľké Úľany","address":"Veľké Úľany, okres Galanta","rooms":3,"meters":99,"totalPrice":155000,"meterSquarePrice":9,"link":"https://www.nehnutelnosti.sk/detail/JukHN82BBdx/eco-park-novostavba-3i-bytu-de-luxe-velke-ulany","imagesUrls":["https://img.unitedclassifieds.sk/foto/NjAweDMzOC9maWx0ZXJzOnF1YWxpdHkoMTAwKS9qdWw=/6B5hx3LCx_fss?st=5eU5FP6kKoYgM3BPEzrp_0kOH5wQE5PW_IePpmGtZ2Q&ts=1719230241&e=0"]},{"title":"EXKLUZÍVNE - 2i byt vo vyhľadávanej lokalite ul. B. Smetanu","address":"Ulica Bedřicha Smetanu, Trnava, okres Trnava","rooms":2,"meters":54,"totalPrice":130000,"meterSquarePrice":2,"link":"https://www.nehnutelnosti.sk/detail/JuvCNEU3AYu/exkluzivne-2i-byt-vo-vyhladavanej-lokalite-ul-b-smetanu","imagesUrls":["https://img.unitedclassifieds.sk/foto/NjAweDMzOC9maWx0ZXJzOnF1YWxpdHkoMTAwKS9qdWw=/993n8YOdG_fss?st=w0jaw6s9K63BBfoeC7UaSW0W-RBkcqd7M4z5eUYvG5U&ts=1719060898&e=0"]},{"title":"BÝVAJTE IHNEĎ - 2i byt dokončený na komplet POD RÁBLOM - DVORNÍKY","address":"Dvorníky, okres Hlohovec","rooms":2,"meters":61,"totalPrice":112320,"meterSquarePrice":0,"link":"https://www.nehnutelnosti.sk/detail/Ju6rG1nQr-U/byvajte-ihned-2i-byt-dokonceny-na-komplet-pod-rablom-dvorniky","imagesUrls":["https://img.unitedclassifieds.sk/foto/NjAweDMzOC9maWx0ZXJzOnF1YWxpdHkoMTAwKS9qdWw=/CVeeo_GWn_fss?st=d73Hzf6XCrCVvF_hCniALSPp-dXTGdHbSH77FLkwROg&ts=1725889413&e=0"]},{"title":"Neibrs | Predaj, posledný 2i priestranný byt s balkónom, klimatizácia, vysoké stropy v Starom Meste","address":"Palisády, Bratislava I - Staré Mesto, okres Bratislava","rooms":2,"meters":58,"totalPrice":304300,"meterSquarePrice":2,"link":"https://www.nehnutelnosti.sk/detail/JuJ8mti5P-7/neibrs-predaj-posledny-2i-priestranny-byt-s-balkonom-klimatizacia-vysoke-stropy-v-starom-meste","imagesUrls":["https://img.nehnutelnosti.sk/foto/NjAweDMzOC9maWx0ZXJzOnF1YWxpdHkoMTAwKS9uZWg=/xeRRVhn2W_fss?st=nLuuh7c2kFxg4iK2uAPgsTkHU2crQTOUe_U_MmHQlB0&ts=1726637040&e=0"]},{"title":"Ponúkame na predaj 1izbový byt na Vígľaši.","address":"Malinovského, Vígľaš, okres Detva","rooms":1,"meters":42,"totalPrice":null,"meterSquarePrice":null,"link":"https://www.nehnutelnosti.sk/detail/JuSb_UmZh2M/ponukame-na-predaj-1izbovy-byt-na-viglasi","imagesUrls":["https://img.unitedclassifieds.sk/foto/NjAweDMzOC9maWx0ZXJzOnF1YWxpdHkoMTAwKS9qdWw=/bBGkLqecO_fss?st=2BXISR8OVTscKnulvyLQ9rKDzBGo2_mGUkFMVQSKWcs&ts=1721206603&e=0"]},{"title":"Ponúkame na predaj 1izbový byt v blízkosti centra mesta.","address":"Zvolen, okres Zvolen","rooms":1,"meters":30,"totalPrice":77000,"meterSquarePrice":7,"link":"https://www.nehnutelnosti.sk/detail/Ju3foAKOvbJ/ponukame-na-predaj-1izbovy-byt-v-blizkosti-centra-mesta","imagesUrls":["https://img.unitedclassifieds.sk/foto/NjAweDMzOC9maWx0ZXJzOnF1YWxpdHkoMTAwKS9qdWw=/pW9DhfmZs_fss?st=DcEB5Z3vpGzyhTbHBV3oMavBR9z1p_b2o_iejR4wDzo&ts=1720730494&e=0"]},{"title":"RETRO REALITY - Ponúka novo zrekonštruovaný a plne zariadený 2 izb. byt s balkónom v tehlovej bytovk","address":"Cyprichova, Bratislava III - Rača, okres Bratislava","rooms":2,"meters":49,"totalPrice":199900,"meterSquarePrice":9,"link":"https://www.nehnutelnosti.sk/detail/JuhVMLg0EZa/retro-reality-ponuka-novo-zrekonstruovany-a-plne-zariadeny-2-izb-byt-s-balkonom-v-tehlovej-bytovk","imagesUrls":["https://img.nehnutelnosti.sk/foto/NjAweDMzOC9maWx0ZXJzOnF1YWxpdHkoMTAwKS9uZWg=/b6sqtSXDW_fss?st=3k1om6bna6pFWHTrP_PdjqDwdydIPObrgM80z6kOqsM&ts=1724162544&e=0"]},{"title":"BV REAL Na predaj 1 izbový byt s loggiou Kanianka FM2115","address":"Školská, Kanianka, okres Prievidza","rooms":1,"meters":30,"totalPrice":59500,"meterSquarePrice":2,"link":"https://www.nehnutelnosti.sk/detail/Juqx9FJYuD4/bv-real-na-predaj-1-izbovy-byt-s-loggiou-kanianka-fm2115","imagesUrls":["https://img.nehnutelnosti.sk/foto/NjAweDMzOC9maWx0ZXJzOnF1YWxpdHkoMTAwKS9uZWg=/YK_b0bw1iR_fss?st=vHRHi7uGrtivz9pWkfBxBYqydXLsJlqkD-T9fW_X78Y&ts=1726630707&e=0"]},{"title":"DIRECTREAL|3-izbový byt po kompletnej rekonštrukcii, centrum, kúpou voľný!","address":"Revolučná Štvrť, Galanta, okres Galanta","rooms":3,"meters":82,"totalPrice":154000,"meterSquarePrice":5,"link":"https://www.nehnutelnosti.sk/detail/JuKlyOjPiu3/directreal-3-izbovy-byt-po-kompletnej-rekonstrukcii-centrum-kupou-volny","imagesUrls":["https://img.nehnutelnosti.sk/foto/NjAweDMzOC9maWx0ZXJzOnF1YWxpdHkoMTAwKS9uZWg=/SOxnpmiMip_fss?st=1_ryLpY0sAb7GV0Jp_P9rMMRdrg6xROHqJu-mh1FYq4&ts=1726629716&e=0"]},{"title":"Dvojizbovy byt staré sídlisko s balkónom","address":"Prievidza, okres Prievidza","rooms":2,"meters":54,"totalPrice":87000,"meterSquarePrice":1,"link":"https://www.nehnutelnosti.sk/detail/JuORGYmDC6J/dvojizbovy-byt-stare-sidlisko-s-balkonom","imagesUrls":["https://img.nehnutelnosti.sk/foto/NjAweDMzOC9maWx0ZXJzOnF1YWxpdHkoMTAwKS9uZWg=/CiEd5-arX_fss?st=UYi0o60BHeHCZRvxViASkWHiSHu-azZgbDqEtQP-IUI&ts=1658788252&e=0"]},{"title":"Rezervované, 3i, OV, 68m2, Terasa/ Západ, Gudernova,","address":"Gudernova, Košice II - Západ, okres Košice","rooms":3,"meters":68,"totalPrice":205000,"meterSquarePrice":1,"link":"https://www.nehnutelnosti.sk/detail/Jue6DJGJtI0/rezervovane-3i-ov-68m2-terasa-zapad-gudernova","imagesUrls":["https://img.nehnutelnosti.sk/foto/NjAweDMzOC9maWx0ZXJzOnF1YWxpdHkoMTAwKS9uZWg=/v7ZqzGS1P_fss?st=MWWQJwv1Zts9HPDp3kFcNes5r5lL9m-wTx9Q2TopF2k&ts=1717583849&e=0"]},{"title":"HALO reality - Predaj, mezonetový byt Bratislava Petržalka, Rusovská cesta - NOVOSTAVBA","address":"Bratislava V - Petržalka, okres Bratislava","rooms":null,"meters":104,"totalPrice":799990,"meterSquarePrice":1,"link":"https://www.nehnutelnosti.sk/detail/JuoiQWMiOy0/halo-reality-predaj-mezonetovy-byt-bratislava-petrzalka-rusovska-cesta-novostavba","imagesUrls":["https://img.nehnutelnosti.sk/foto/NjAweDMzOC9maWx0ZXJzOnF1YWxpdHkoMTAwKS9uZWg=/iecdlfgaM_fss?st=mvvJWHYmDIE2lv5Yhbi0bsvthehFzS_-XGY14VovW68&ts=1726620532&e=0"]},{"title":"1-IZB. BYT - TOPOĽČANY, CENTRUM","address":"Bernolákova, Topoľčany, okres Topoľčany","rooms":1,"meters":47,"totalPrice":850000,"meterSquarePrice":1,"link":"https://www.nehnutelnosti.sk/detail/JuDlZYNa97Y/1-izb-byt-topolcany-centrum","imagesUrls":["https://img.nehnutelnosti.sk/foto/NjAweDMzOC9maWx0ZXJzOnF1YWxpdHkoMTAwKS9uZWg=/p07QEfFnf_fss?st=pvEI1FhoRG2Ft7fYiTfikJNqU9XDSFNpiw2VpW3cED4&ts=1726619903&e=0"]},{"title":"Novinka: Novo zrekonštruovaný 3-izbový byt priamo v centre, Prievidza","address":"M. Hodžu, Prievidza, okres Prievidza","rooms":3,"meters":67,"totalPrice":1,"meterSquarePrice":1,"link":"https://www.nehnutelnosti.sk/detail/JuPH4pzpXpK/novinka-novo-zrekonstruovany-3-izbovy-byt-priamo-v-centre-prievidza","imagesUrls":["https://img.nehnutelnosti.sk/foto/NjAweDMzOC9maWx0ZXJzOnF1YWxpdHkoMTAwKS9uZWg=/afmcSckEC_fss?st=WbonzQtXIDxYhLJ6wThFhbKn0a80jQn884HrgG-N8-8&ts=1699549312&e=0"]},{"title":"BV REAL Na predaj 2 izbový byt Prievidza FM2114","address":"J. Matušku, Prievidza, okres Prievidza","rooms":2,"meters":50,"totalPrice":62999,"meterSquarePrice":8,"link":"https://www.nehnutelnosti.sk/detail/JuLo3NAJmsd/bv-real-na-predaj-2-izbovy-byt-prievidza-fm2114","imagesUrls":["https://img.nehnutelnosti.sk/foto/NjAweDMzOC9maWx0ZXJzOnF1YWxpdHkoMTAwKS9uZWg=/OgK8oHrNK_fss?st=F7XsIYXb7CJx2DQlLhqb3u1liIcVtd77TViWaYeG3Uw&ts=1726616413&e=0"]},{"title":"PREDANÉ - Na predaj 3 izbový byt s balkónom v Strážskom","address":"Osloboditeľov, Strážske, okres Michalovce","rooms":3,"meters":78,"totalPrice":75000,"meterSquarePrice":4,"link":"https://www.nehnutelnosti.sk/detail/JuR0FGbA2kl/predane-na-predaj-3-izbovy-byt-s-balkonom-v-strazskom","imagesUrls":["https://img.nehnutelnosti.sk/foto/NjAweDMzOC9maWx0ZXJzOnF1YWxpdHkoMTAwKS9uZWg=/iji-Qi0Qn_fss?st=epwpDM7GwXlBgBunJH03Z5CcfmRbMYD3wS7PhETSBys&ts=1724757629&e=0"]},{"title":"REZERVOVANÉ 1 izbový byt, Popradská, Košice-Terasa","address":"Popradská, Košice II - Západ, okres Košice","rooms":1,"meters":27,"totalPrice":99900,"meterSquarePrice":0,"link":"https://www.nehnutelnosti.sk/detail/Ju8UR4m3WNL/rezervovane-1-izbovy-byt-popradska-kosice-terasa","imagesUrls":["https://img.unitedclassifieds.sk/foto/NjAweDMzOC9maWx0ZXJzOnF1YWxpdHkoMTAwKS9qdWw=/IgCb6IRT4_fss?st=L7MYYnO9DZ-ltBQiYBGCTPmSQzAUZZJ-8sVijSr-9CA&ts=1726613503&e=0"]},{"title":"SLNEČNÝ, VEĽKOMETRÁŽNY 3-IZBOVÝ BYT V NOVOSTAVBE SO ZARIADENÍM","address":"Pannónsky háj, Dunajská Streda, okres Dunajská Streda","rooms":3,"meters":84,"totalPrice":166000,"meterSquarePrice":9,"link":"https://www.nehnutelnosti.sk/detail/JuCitKnuBFZ/slnecny-velkometrazny-3-izbovy-byt-v-novostavbe-so-zariadenim","imagesUrls":["https://img.nehnutelnosti.sk/foto/NjAweDMzOC9maWx0ZXJzOnF1YWxpdHkoMTAwKS9uZWg=/YNU7-17RKl_fss?st=F3T8i2JMWmCD7Q1u4F9WW3vaWnorCiOMJBhZ3mtXChU&ts=1726612005&e=0"]},{"title":"Novostavba 2-izbového apartmánu s terasou 51 m2 na Solivarskej ulici","address":"Solivarská 14, Prešov, okres Prešov","rooms":2,"meters":58,"totalPrice":178000,"meterSquarePrice":7,"link":"https://www.nehnutelnosti.sk/detail/JuNX3LzbHYh/novostavba-2-izboveho-apartmanu-s-terasou-51-m2-na-solivarskej-ulici","imagesUrls":["https://img.nehnutelnosti.sk/foto/NjAweDMzOC9maWx0ZXJzOnF1YWxpdHkoMTAwKS9uZWg=/vxybJ31D7_fss?st=LcgB6CM9KaIjHiMPuDAdrBO9AfkttO75B7G1bZnie-A&ts=1720405881&e=0"]},{"title":"Na predaj 2-izbový byt v Humennom.","address":"Laborecká, Humenné, okres Humenné","rooms":2,"meters":43,"totalPrice":61600,"meterSquarePrice":6,"link":"https://www.nehnutelnosti.sk/5620871/na-predaj-2-izbovy-byt-v-humennom/","imagesUrls":["https://img.nehnutelnosti.sk/foto/NjAweDMzOC9maWx0ZXJzOnF1YWxpdHkoMTAwKS9uZWg=/UJ9R_pmnN_fss?st=RpFkcQV_CYFWeXbZTlHgPhnSKmrp4rGukwpBevKu1ME&ts=1726610973&e=0"]},{"title":"3 IZBOVÝ BYT, 65M2,LOGGIA, KOŠICE NAD JAZEROM","address":"Ladožská, Košice IV - Nad jazerom, okres Košice","rooms":3,"meters":65,"totalPrice":159000,"meterSquarePrice":5,"link":"https://www.nehnutelnosti.sk/detail/JuB0JzfcGI_/3-izbovy-byt-65m2-loggia-kosice-nad-jazerom","imagesUrls":["https://img.nehnutelnosti.sk/foto/NjAweDMzOC9maWx0ZXJzOnF1YWxpdHkoMTAwKS9uZWg=/KJEohWkesn_fss?st=ZZttcSNSYHTmzDBz-tf3HMDE3f99DwX6ffxCMOtuf4Q&ts=1726607438&e=0"]},{"title":"3 IZBOVÝ BYT, 58M2, LODŽIA, KOŠICE-ZÁPAD, UL.VÝSTAVBY","address":"Výstavby, Košice II - Západ, okres Košice","rooms":3,"meters":58,"totalPrice":156000,"meterSquarePrice":1,"link":"https://www.nehnutelnosti.sk/detail/JuCRdBWCtl7/3-izbovy-byt-58m2-lodzia-kosice-zapad-ul-vystavby","imagesUrls":["https://img.nehnutelnosti.sk/foto/NjAweDMzOC9maWx0ZXJzOnF1YWxpdHkoMTAwKS9uZWg=/w3yV43qdbU_fss?st=sWmBQ8s1M9dPHxsIozQUOhEubLyGHkliJdvtoX1JXYo&ts=1726607435&e=0"]},{"title":"2 izbový slnečný byt po rekonštrukcii","address":"Boženy Němcovej, Veľký Krtíš, okres Veľký Krtíš","rooms":2,"meters":null,"totalPrice":null,"meterSquarePrice":null,"link":"https://www.nehnutelnosti.sk/detail/JuNjD5BVqG_/2-izbovy-slnecny-byt-po-rekonstrukcii","imagesUrls":["https://img.nehnutelnosti.sk/foto/NjAweDMzOC9maWx0ZXJzOnF1YWxpdHkoMTAwKS9uZWg=/O9vaIGIAa_fss?st=-i3Srvqhttj6Qj0yEqiNT2mHjwDYuP8p67eb8Nqns2s&ts=1708464618&e=0"]},{"title":"Komfortný byt pre Teba.","address":"Jána Jonáša, Bratislava IV - Devínska Nová Ves, okres Bratislava","rooms":1,"meters":30,"totalPrice":129000,"meterSquarePrice":0,"link":"https://www.nehnutelnosti.sk/detail/JuqTIzYrnDp/komfortny-byt-pre-teba","imagesUrls":["https://img.nehnutelnosti.sk/foto/NjAweDMzOC9maWx0ZXJzOnF1YWxpdHkoMTAwKS9uZWg=/JsLdYEsmWu_fss?st=Hkf0IwsRNieELOTfHxxm1AYyHoVrublG7KpbqqXiW2E&ts=1726604735&e=0"]},{"title":"EXKLUZÍVNE 3i byt s loggiou, sídlisko Východ, Spišská Nová Ves","address":"Spišská Nová Ves, okres Spišská Nová Ves","rooms":3,"meters":71,"totalPrice":115000,"meterSquarePrice":5,"link":"https://www.nehnutelnosti.sk/detail/Ju7FjWwcOww/exkluzivne-3i-byt-s-loggiou-sidlisko-vychod-spisska-nova-ves","imagesUrls":["https://img.nehnutelnosti.sk/foto/NjAweDMzOC9maWx0ZXJzOnF1YWxpdHkoMTAwKS9uZWg=/jj8Cd1Xit_fss?st=n0lHpsCxse12GDEbSwA6xRWlYvyosbzcH8FAkj66MwI&ts=1726782960&e=0"]},{"title":"Predaj 3 izbový byt  po kompletnej rekonštrukcii na ul. Lietavská v Bratislava - Petržalka","address":"Lietavská, Bratislava V - Petržalka, okres Bratislava","rooms":3,"meters":73,"totalPrice":209999,"meterSquarePrice":5,"link":"https://www.nehnutelnosti.sk/detail/JuEff27Oc1S/predaj-3-izbovy-byt-po-kompletnej-rekonstrukcii-na-ul-lietavska-v-bratislava-petrzalka","imagesUrls":["https://img.unitedclassifieds.sk/foto/NjAweDMzOC9maWx0ZXJzOnF1YWxpdHkoMTAwKS9qdWw=/TM1x_z5Mw_fss?st=0qJGrDbstSiNoGxbzJJq7lzpVii2XqugGeEvXF0H9Ak&ts=1725737279&e=0"]},{"title":"4 izbový byt - Skvelá príležitosť na vysnívané bývanie!","address":"Bernolákovo, Bernolákovo, okres Senec","rooms":4,"meters":87,"totalPrice":205000,"meterSquarePrice":2,"link":"https://www.nehnutelnosti.sk/detail/JuPBGEo1ahy/4-izbovy-byt-skvela-prilezitost-na-vysnivane-byvanie","imagesUrls":["https://img.nehnutelnosti.sk/foto/NjAweDMzOC9maWx0ZXJzOnF1YWxpdHkoMTAwKS9uZWg=/S3HnVjkfu_fss?st=-J_OJ0_jLL3WB-ie5Nf_bKUxc0-ESSQ9SJJKcbw9Wg0&ts=1726600996&e=0"]}]