[{"title":"Priestranný 2-izbový byt blízko centra mesta Šaľa","address":"Nezábudková, Šaľa, okres Šaľa","rooms":2,"meters":72,"totalPrice":94900,"meterSquarePrice":6,"link":"https://www.nehnutelnosti.sk/detail/JuEzZvNkJZZ/priestranny-2-izbovy-byt-blizko-centra-mesta-sala","imagesUrls":["https://img.nehnutelnosti.sk/foto/NjAweDMzOC9maWx0ZXJzOnF1YWxpdHkoMTAwKS9uZWg=/EG72NaKQ3_fss?st=3fM91zwFtpyjznu55fIoocdmr5dOao6_WpniauW5Zm0&ts=1724778157&e=0"]},{"title":"Kuchárek-real: Predaj bytu v 4-ročnej novostavbe v Pezinku na Muškáte.","address":"Muškátova, Pezinok, okres Pezinok","rooms":1,"meters":45,"totalPrice":138000,"meterSquarePrice":5,"link":"https://www.nehnutelnosti.sk/detail/JuSwSoZWbGq/kucharek-real-predaj-bytu-v-4-rocnej-novostavbe-v-pezinku-na-muskate","imagesUrls":["https://img.nehnutelnosti.sk/foto/NjAweDMzOC9maWx0ZXJzOnF1YWxpdHkoMTAwKS9uZWg=/IFcnnmObv_fss?st=CJHZeBhRbLE6witvCg-fLCGRMZUKQFEU4IMotR6GCKo&ts=1726659059&e=0"]},{"title":"Kuchárek-real: Ponúka na predaj 2 izbový, priestranný byt  Za dráhou  Pezinok.","address":"Za dráhou, Pezinok, okres Pezinok","rooms":2,"meters":63,"totalPrice":139000,"meterSquarePrice":5,"link":"https://www.nehnutelnosti.sk/detail/Ju_D2uvcZ7I/kucharek-real-ponuka-na-predaj-2-izbovy-priestranny-byt-za-drahou-pezinok","imagesUrls":["https://img.nehnutelnosti.sk/foto/NjAweDMzOC9maWx0ZXJzOnF1YWxpdHkoMTAwKS9uZWg=/HYXaNDh1x_fss?st=ZQjCCF3DSzADHah4OpqkopA463RSLcNyPcqMRxJtuwY&ts=1726659057&e=0"]},{"title":"Kuchárek-real:Ponúkame 3-izbový byt v Pezinku na Severe.","address":"Svätoplukova, Pezinok, okres Pezinok","rooms":3,"meters":70,"totalPrice":149000,"meterSquarePrice":0,"link":"https://www.nehnutelnosti.sk/detail/Ju0jq0aknYq/kucharek-realponukame-3-izbovy-byt-v-pezinku-na-severe","imagesUrls":["https://img.nehnutelnosti.sk/foto/NjAweDMzOC9maWx0ZXJzOnF1YWxpdHkoMTAwKS9uZWg=/rufqDw6K4_fss?st=QWlkgG2UnSAmZIRfyNrP-2N49btxa--FF4sqd7gXjvc&ts=1726659054&e=0"]},{"title":"Kuchárek-real: predaj novostavba 2-izbového bytu v centre mesta Pezinok.","address":"Kollárova, Pezinok, okres Pezinok","rooms":2,"meters":66,"totalPrice":163000,"meterSquarePrice":1,"link":"https://www.nehnutelnosti.sk/detail/JuWqno_2IWa/kucharek-real-predaj-novostavba-2-izboveho-bytu-v-centre-mesta-pezinok","imagesUrls":["https://img.nehnutelnosti.sk/foto/NjAweDMzOC9maWx0ZXJzOnF1YWxpdHkoMTAwKS9uZWg=/1eQRUJC7E_fss?st=jOkH9e-f5Yndi8KIG3MIIIYVlIFwVW839cEYTr-nMO8&ts=1726659049&e=0"]},{"title":"Kuchárek-real: EXKLUZÍVNE Ponúkame  na predaj 3 izbový byt na  Majakovského ul. Pezinok.","address":"Majakovského, Pezinok, okres Pezinok","rooms":3,"meters":75,"totalPrice":165000,"meterSquarePrice":4,"link":"https://www.nehnutelnosti.sk/detail/JuZDJ389OYyc/kucharek-real-exkluzivne-ponukame-na-predaj-3-izbovy-byt-na-majakovskeho-ul-pezinok","imagesUrls":["https://img.nehnutelnosti.sk/foto/NjAweDMzOC9maWx0ZXJzOnF1YWxpdHkoMTAwKS9uZWg=/eJN7nuABw_fss?st=nwo4uvN1Af3OwTeTBYgoUbLmwTvaXXV-mW1GaKhBI6M&ts=1726659047&e=0"]},{"title":"Kuchárek-real: Ponúka na predaj priestranný 3 izbový byt ul. L.Novomeského Pezinok.","address":"L.Novomeského, Pezinok, okres Pezinok","rooms":3,"meters":78,"totalPrice":169900,"meterSquarePrice":0,"link":"https://www.nehnutelnosti.sk/detail/JutrzWnF_qB/kucharek-real-ponuka-na-predaj-priestranny-3-izbovy-byt-ul-l-novomeskeho-pezinok","imagesUrls":["https://img.nehnutelnosti.sk/foto/NjAweDMzOC9maWx0ZXJzOnF1YWxpdHkoMTAwKS9uZWg=/Mkc2HcgFg_fss?st=6N6TiN4Jvr9Adz4n0HaXseN0um4PBxAQJ-LKXwguTAw&ts=1726659040&e=0"]},{"title":"Kuchárek-real: Na predaj 3-izbový byt v Pezinku -Sever.","address":"Svätoplukova, Pezinok, okres Pezinok","rooms":3,"meters":71,"totalPrice":175000,"meterSquarePrice":0,"link":"https://www.nehnutelnosti.sk/detail/Ju4xzbKscqV/kucharek-real-na-predaj-3-izbovy-byt-v-pezinku-sever","imagesUrls":["https://img.nehnutelnosti.sk/foto/NjAweDMzOC9maWx0ZXJzOnF1YWxpdHkoMTAwKS9uZWg=/D6wQt3YZq_fss?st=w03Cd0Ja0EHYf0QQqUSW6hnQIqMAfdT2dStKkdsQQ9k&ts=1726659035&e=0"]},{"title":"Na predaj trojizbový byt - Kanianka - 71 m2","address":"Kanianka, okres Prievidza","rooms":3,"meters":71,"totalPrice":84990,"meterSquarePrice":4,"link":"https://www.nehnutelnosti.sk/detail/Ju7407vfcSt/na-predaj-trojizbovy-byt-kanianka-71-m2","imagesUrls":["https://img.nehnutelnosti.sk/foto/NjAweDMzOC9maWx0ZXJzOnF1YWxpdHkoMTAwKS9uZWg=/zCLMF2X8s_fss?st=HWYPIQeIihhFwkRfHM9Us42qsl3rZyXa4Tshv9BkdYA&ts=1726659004&e=0"]},{"title":"PREDAJ  3 -IZB MEZONET s možnosťou prikúpenia garáže SEBERINIHO 4,BRATISLAVA","address":"Seberíniho, Bratislava II - Ružinov, okres Bratislava","rooms":3,"meters":99,"totalPrice":359500,"meterSquarePrice":1,"link":"https://www.nehnutelnosti.sk/detail/Ju99pJYUWng/predaj-3-izb-mezonet-s-moznostou-prikupenia-garaze-seberiniho-4-bratislava","imagesUrls":["https://img.nehnutelnosti.sk/foto/NjAweDMzOC9maWx0ZXJzOnF1YWxpdHkoMTAwKS9uZWg=/p_kcj4Ilk_fss?st=4jq8hjr8T-fr5X1vAha8h3zkOslnBOXtwBNGDKi2hhc&ts=1721068891&e=0"]},{"title":"BOSEN | Podkrovný 2 izbový byt na Vajanského ulici v Modre","address":"Vajanského ulica, Modra, okres Pezinok","rooms":2,"meters":null,"totalPrice":null,"meterSquarePrice":null,"link":"https://www.nehnutelnosti.sk/detail/Ju3e4B3IkJQ/bosen-podkrovny-2-izbovy-byt-na-vajanskeho-ulici-v-modre","imagesUrls":["https://img.nehnutelnosti.sk/foto/NjAweDMzOC9maWx0ZXJzOnF1YWxpdHkoMTAwKS9uZWg=/H3Yfa6L27_fss?st=kwApvU9KRHFyIrzHWnCRkD7JozYpUVajLKe99JIBbq4&ts=1726599103&e=0"]},{"title":"BOSEN | 4kk byt v novostavbe Pari s výhľadom na Zwirn","address":"Paríčková, Bratislava II - Ružinov, okres Bratislava","rooms":4,"meters":99,"totalPrice":499990,"meterSquarePrice":7,"link":"https://www.nehnutelnosti.sk/detail/JuROs-HEeLZ/bosen-4kk-byt-v-novostavbe-pari-s-vyhladom-na-zwirn","imagesUrls":["https://img.nehnutelnosti.sk/foto/NjAweDMzOC9maWx0ZXJzOnF1YWxpdHkoMTAwKS9uZWg=/K7l_IQMYX_fss?st=VVQRUr8FgFW_5OgMkWxTxX9LXk9hYJfa98Vy4GkJyiY&ts=1726165503&e=0"]},{"title":"BOSEN I 2 izbový byt v pôvodnom stave na Miletičovej ulici","address":"Miletičova, Bratislava III - Nové Mesto, okres Bratislava","rooms":2,"meters":64,"totalPrice":180000,"meterSquarePrice":8,"link":"https://www.nehnutelnosti.sk/detail/JuFfH8rsVaC/bosen-i-2-izbovy-byt-v-povodnom-stave-na-mileticovej-ulici","imagesUrls":["https://img.nehnutelnosti.sk/foto/NjAweDMzOC9maWx0ZXJzOnF1YWxpdHkoMTAwKS9uZWg=/LcxoAsPft_fss?st=0Jg61aJcXAT9d7jfLf01iPgoXQ0W516WrREmxjBmO7I&ts=1726599097&e=0"]},{"title":"BOSEN | Predaj 3 izbového bytu so záhradou a parkovacím miestom, Rovinka","address":"Rovinka, Rovinka, okres Senec","rooms":3,"meters":90,"totalPrice":289000,"meterSquarePrice":7,"link":"https://www.nehnutelnosti.sk/detail/JuORnHYPEea/bosen-predaj-3-izboveho-bytu-so-zahradou-a-parkovacim-miestom-rovinka","imagesUrls":["https://img.nehnutelnosti.sk/foto/NjAweDMzOC9maWx0ZXJzOnF1YWxpdHkoMTAwKS9uZWg=/hZ0UVFDU8_fss?st=gGApTPJrQNRbmGc7mj19WSachVgdtUb3tSoJLQxVsm0&ts=1725892783&e=0"]},{"title":"BOSEN | Novostavba, Predaj 3 izbového bytu v tichej lokalite pri hrádzi, Hamuliakovo","address":"Rezavková, Hamuliakovo, okres Senec","rooms":3,"meters":77,"totalPrice":185000,"meterSquarePrice":0,"link":"https://www.nehnutelnosti.sk/detail/JutCFGJLLZ1/bosen-novostavba-predaj-3-izboveho-bytu-v-tichej-lokalite-pri-hradzi-hamuliakovo","imagesUrls":["https://img.nehnutelnosti.sk/foto/NjAweDMzOC9maWx0ZXJzOnF1YWxpdHkoMTAwKS9uZWg=/piQKhPHpWz_fss?st=492zqNoK2kT86DPH9mBWGJK_SCZyhv9KpCJ5dTtNdZg&ts=1725924404&e=0"]},{"title":"BOSEN | Výnimočný 4-izbový byt s veľkou terasou, Štvrtok na Ostrove, 197 m2","address":"Balvania, Štvrtok na Ostrove, okres Dunajská Streda","rooms":4,"meters":126,"totalPrice":234990,"meterSquarePrice":6,"link":"https://www.nehnutelnosti.sk/detail/JukB9U4Nq0b/bosen-vynimocny-4-izbovy-byt-s-velkou-terasou-stvrtok-na-ostrove-197-m2","imagesUrls":["https://img.nehnutelnosti.sk/foto/NjAweDMzOC9maWx0ZXJzOnF1YWxpdHkoMTAwKS9uZWg=/P7J3St1PiL_fss?st=TlW2DrRe8Z1rtba-dfdZfwYK-a1SFVQ9kHzXFShAzVE&ts=1726054712&e=0"]},{"title":"BOSEN | Zariadený 2kk apartmán v novostavbe NUPPU, Ružinov","address":"Hraničná, Bratislava II - Ružinov, okres Bratislava","rooms":2,"meters":52,"totalPrice":204990,"meterSquarePrice":7,"link":"https://www.nehnutelnosti.sk/detail/JueHR5CTyNT/bosen-zariadeny-2kk-apartman-v-novostavbe-nuppu-ruzinov","imagesUrls":["https://img.nehnutelnosti.sk/foto/NjAweDMzOC9maWx0ZXJzOnF1YWxpdHkoMTAwKS9uZWg=/ZXI657Rw8C_fss?st=Cv_DaS5FjgVQl9zjPoQ6aSfujSD9yuJglZhf_IlgjXo&ts=1725913689&e=0"]},{"title":"BOSEN | 2 izbový byt s loggiou, Partizánska, Lučenec, 62,5m2","address":"Partizánska, Lučenec, okres Lučenec","rooms":2,"meters":62,"totalPrice":72800,"meterSquarePrice":0,"link":"https://www.nehnutelnosti.sk/detail/Ju_Gz7pGYAk/bosen-2-izbovy-byt-s-loggiou-partizanska-lucenec-62-5m2","imagesUrls":["https://img.nehnutelnosti.sk/foto/NjAweDMzOC9maWx0ZXJzOnF1YWxpdHkoMTAwKS9uZWg=/0-CN5O5W3_fss?st=upYOsuLf0YTf5vkWrAptofuomxeuahHhp3dO6AIJQjo&ts=1725842026&e=0"]},{"title":"BOSEN | Zariadený 1 izb. byt s parkovacím miestom, kuchyňou a balkónom v novostavbe, Ovocné sady, Ru","address":"Ivanská cesta, Bratislava II - Ružinov, okres Bratislava","rooms":1,"meters":24,"totalPrice":130000,"meterSquarePrice":7,"link":"https://www.nehnutelnosti.sk/detail/JuHuk697z3Z/bosen-zariadeny-1-izb-byt-s-parkovacim-miestom-kuchynou-a-balkonom-v-novostavbe-ovocne-sady-ru","imagesUrls":["https://img.nehnutelnosti.sk/foto/NjAweDMzOC9maWx0ZXJzOnF1YWxpdHkoMTAwKS9uZWg=/oDsb-X-56_fss?st=fI98RPIycPy82_JPSlu_aiO4-rQEcBUdcfF3_ZG_cM4&ts=1725957860&e=0"]},{"title":"BOSEN | 2 izbový byt s výhľadom na THERMAL park DUNAJSKÁ STREDA v Projekte GLEAM Apartments","address":"Gabčikovská, Dunajská Streda, okres Dunajská Streda","rooms":2,"meters":69,"totalPrice":null,"meterSquarePrice":null,"link":"https://www.nehnutelnosti.sk/detail/Ju_dKqHvrgu/bosen-2-izbovy-byt-s-vyhladom-na-thermal-park-dunajska-streda-v-projekte-gleam-apartments","imagesUrls":["https://img.nehnutelnosti.sk/foto/NjAweDMzOC9maWx0ZXJzOnF1YWxpdHkoMTAwKS9uZWg=/AK3_BtrNB_fss?st=RYTGPOe9nucnTihzrcHvIlVoC0MZczagVgVsRKLZfW4&ts=1726256830&e=0"]},{"title":"BOSEN | REZERVOVANÝ! 3 izbový byt čiastočne zariadený s Loggiou","address":"Gazdovský rad, Šamorín, okres Dunajská Streda","rooms":3,"meters":66,"totalPrice":160000,"meterSquarePrice":4,"link":"https://www.nehnutelnosti.sk/detail/JuKITtSPsgr/bosen-rezervovany-3-izbovy-byt-ciastocne-zariadeny-s-loggiou","imagesUrls":["https://img.nehnutelnosti.sk/foto/NjAweDMzOC9maWx0ZXJzOnF1YWxpdHkoMTAwKS9uZWg=/a-_zuiLlb_fss?st=XhVQE74-5E46cKZZOVYJL6OAwwoFh0sBqN4eOhBdsEI&ts=1725003063&e=0"]},{"title":"REALICITY / 2 izbový byt s výhľadom na les v Projekte Byty Altum","address":"Bratislava IV - Devínska Nová Ves, okres Bratislava","rooms":2,"meters":52,"totalPrice":188841,"meterSquarePrice":2,"link":"https://www.nehnutelnosti.sk/detail/JuWtGbya_8j/realicity-2-izbovy-byt-s-vyhladom-na-les-v-projekte-byty-altum","imagesUrls":["https://img.nehnutelnosti.sk/foto/NjAweDMzOC9maWx0ZXJzOnF1YWxpdHkoMTAwKS9uZWg=/o3ejXm7ePo_fss?st=5tMlDMuz0ZcFNMuxwXil1jxwpTsQ1i27SzvenU7ehpY&ts=1725232768&e=0"]},{"title":"BOSEN | Zariadený 2kk byt v novostavbe Sky Park, Staré Mesto","address":"Bottova, Bratislava I - Staré Mesto, okres Bratislava","rooms":2,"meters":53,"totalPrice":369990,"meterSquarePrice":5,"link":"https://www.nehnutelnosti.sk/detail/JunFN-XKJU6/bosen-zariadeny-2kk-byt-v-novostavbe-sky-park-stare-mesto","imagesUrls":["https://img.nehnutelnosti.sk/foto/NjAweDMzOC9maWx0ZXJzOnF1YWxpdHkoMTAwKS9uZWg=/TSWK51K3fh_fss?st=t4YDCU52gmIHtxiatE5KCQ1b3z9cbRcOtpv7cQtxdtE&ts=1725013720&e=0"]},{"title":"BOSEN | Na predaj 2 izbový byt na ulici SNP - Trenčianke Teplice","address":"Trenčianske Teplice, okres Trenčín","rooms":2,"meters":57,"totalPrice":128000,"meterSquarePrice":1,"link":"https://www.nehnutelnosti.sk/detail/Juj8U5QqUlx/bosen-na-predaj-2-izbovy-byt-na-ulici-snp-trencianke-teplice","imagesUrls":["https://img.nehnutelnosti.sk/foto/NjAweDMzOC9maWx0ZXJzOnF1YWxpdHkoMTAwKS9uZWg=/cVABkmaLR_fss?st=ApMsWKWGis2jGXefKHAZuNnN-IqZ7FnF0GB0PM6AbUg&ts=1724489807&e=0"]},{"title":"BOSEN | 2kk apartmán s garážovým státím v novostavbe NUPPU Magnolia","address":"Hraničná, Bratislava II - Ružinov, okres Bratislava","rooms":2,"meters":52,"totalPrice":185000,"meterSquarePrice":2,"link":"https://www.nehnutelnosti.sk/detail/JupCFeybwxj/bosen-2kk-apartman-s-garazovym-statim-v-novostavbe-nuppu-magnolia","imagesUrls":["https://img.nehnutelnosti.sk/foto/NjAweDMzOC9maWx0ZXJzOnF1YWxpdHkoMTAwKS9uZWg=/h9Z_uU875_fss?st=jMvHIBNbQI7g6kibnCWJnPeoorLRbqOZsjsO9yKm3Ho&ts=1726833386&e=0"]},{"title":"Na predaj 4-izbový byt v tichom prostredí v Dunajskej Strede","address":"Školská, Dunajská Streda, okres Dunajská Streda","rooms":4,"meters":100,"totalPrice":129500,"meterSquarePrice":5,"link":"https://www.nehnutelnosti.sk/detail/JubKZR0kFUX/na-predaj-4-izbovy-byt-v-tichom-prostredi-v-dunajskej-strede","imagesUrls":["https://img.nehnutelnosti.sk/foto/NjAweDMzOC9maWx0ZXJzOnF1YWxpdHkoMTAwKS9uZWg=/2uDglCxKc_fss?st=SjDVwUtWYL_D-QPDNIxXomfUgqvrnKlMiCdG_qw4JPk&ts=1723551418&e=0"]},{"title":"BOSEN | Na predaj, 3izbový byt s veľkou loggiou, 110m2, Kolomana Banšela, Lučenec","address":"Lučenec, okres Lučenec","rooms":3,"meters":110,"totalPrice":138000,"meterSquarePrice":5,"link":"https://www.nehnutelnosti.sk/detail/Juwaylf7Y3c/bosen-na-predaj-3izbovy-byt-s-velkou-loggiou-110m2-kolomana-bansela-lucenec","imagesUrls":["https://img.nehnutelnosti.sk/foto/NjAweDMzOC9maWx0ZXJzOnF1YWxpdHkoMTAwKS9uZWg=/I3AkYtvyD_fss?st=zOC-Rb6GXXUo1zA1fdQRzKaOjl8CE-V2aCr17TwxZio&ts=1726784790&e=0"]},{"title":"BOSEN | 1,5 izbový byt na predaj, Karadžičova ul., Bratislava","address":"Karadžičova, Bratislava I - Staré Mesto, okres Bratislava","rooms":2,"meters":42,"totalPrice":175000,"meterSquarePrice":5,"link":"https://www.nehnutelnosti.sk/detail/JuAepSpV1RT/bosen-1-5-izbovy-byt-na-predaj-karadzicova-ul-bratislava","imagesUrls":["https://img.nehnutelnosti.sk/foto/NjAweDMzOC9maWx0ZXJzOnF1YWxpdHkoMTAwKS9uZWg=/iPoGvDgNM_fss?st=PaYfDFjaQCt-K9A-EyPZbGvTZtsY6j4qaQ2G6mpcqo0&ts=1722683456&e=0"]},{"title":"BOSEN | 1,5 izb.byt v projekte Slnečnice POP, Labutia, 37 m2","address":"Labutia, Bratislava V - Petržalka, okres Bratislava","rooms":1,"meters":32,"totalPrice":149900,"meterSquarePrice":2,"link":"https://www.nehnutelnosti.sk/detail/JusSGDDMl2e/bosen-1-5-izb-byt-v-projekte-slnecnice-pop-labutia-37-m2","imagesUrls":["https://img.nehnutelnosti.sk/foto/NjAweDMzOC9maWx0ZXJzOnF1YWxpdHkoMTAwKS9uZWg=/W6TU6OClDl_fss?st=a7Zy3GzCz4irekcr0pw-BY-n4vlhcin4pu78S1gCfII&ts=1722530091&e=0"]},{"title":"BOSEN | 1 izb.byty v projekte Slnečnice POP, Labutia, 26 m2","address":"Labutia, Bratislava V - Petržalka, okres Bratislava","rooms":1,"meters":25,"totalPrice":124900,"meterSquarePrice":5,"link":"https://www.nehnutelnosti.sk/detail/JuxnlU4PqyL/bosen-1-izb-byty-v-projekte-slnecnice-pop-labutia-26-m2","imagesUrls":["https://img.nehnutelnosti.sk/foto/NjAweDMzOC9maWx0ZXJzOnF1YWxpdHkoMTAwKS9uZWg=/37EdgQujg_fss?st=cxGkyt6YSwi5a6IpItY9t-_Y-5SDtXop_cE4yFrRnmc&ts=1722530093&e=0"]}]