[{"title":"HALO reality - Predaj, trojizbový byt Veľké Dvorníky, časť Búšlak, priestranný 85 m2, so záhradkou","address":"Veľké Dvorníky, okres Dunajská Streda","rooms":3,"meters":85,"totalPrice":84000,"meterSquarePrice":4,"link":"https://www.nehnutelnosti.sk/detail/Jua5db49_6V/halo-reality-predaj-trojizbovy-byt-velke-dvorniky-cast-buslak-priestranny-85-m2-so-zahradkou","imagesUrls":["https://img.nehnutelnosti.sk/foto/NjAweDMzOC9maWx0ZXJzOnF1YWxpdHkoMTAwKS9uZWg=/8nRZezTQE_fss?st=78PQhuOolml24hqx0oE1X7cf_TaQx6bMCypL4beARBA&ts=1725252596&e=0"]},{"title":"HALO reality - Predaj, dvojizbový byt Tisovec - EXKLUZÍVNE HALO REALITY","address":"Tisovec, okres Rimavská Sobota","rooms":2,"meters":61,"totalPrice":25000,"meterSquarePrice":4,"link":"https://www.nehnutelnosti.sk/detail/Ju_WEOS5PlK/halo-reality-predaj-dvojizbovy-byt-tisovec-exkluzivne-halo-reality","imagesUrls":["https://img.nehnutelnosti.sk/foto/NjAweDMzOC9maWx0ZXJzOnF1YWxpdHkoMTAwKS9uZWg=/3hqKHMneuh_fss?st=nFQdSDshum3bMByLqHX-FROTtB4FsgKSmpUvKY7kkSA&ts=1721908257&e=0"]},{"title":"HALO reality - Predaj, päťizbový byt Stará Lesná, Hlavná","address":"Hlavná, Stará Lesná, okres Kežmarok","rooms":5,"meters":112,"totalPrice":175000,"meterSquarePrice":0,"link":"https://www.nehnutelnosti.sk/detail/JuFSHxcl7FO/halo-reality-predaj-patizbovy-byt-stara-lesna-hlavna","imagesUrls":["https://img.nehnutelnosti.sk/foto/NjAweDMzOC9maWx0ZXJzOnF1YWxpdHkoMTAwKS9uZWg=/p_u25iQn7-_fss?st=Kde48wuk9yV12lZBxzEe_obtI8-KHxRi7qu6CMuhVXE&ts=1721392039&e=0"]},{"title":"HALO reality - REZERVOVANÉ - Predaj, dvojizbový byt Kremnica, veľkometrážny - EXKLUZÍVNE HALO REALIT","address":"Kremnica, okres Žiar nad Hronom","rooms":2,"meters":117,"totalPrice":92500,"meterSquarePrice":0,"link":"https://www.nehnutelnosti.sk/detail/JuoCDPI71yn/halo-reality-rezervovane-predaj-dvojizbovy-byt-kremnica-velkometrazny-exkluzivne-halo-realit","imagesUrls":["https://img.nehnutelnosti.sk/foto/NjAweDMzOC9maWx0ZXJzOnF1YWxpdHkoMTAwKS9uZWg=/2rOQ9J32L_fss?st=gEFXNzRTndskxqX3mG9U7sakFi3AXcgo4b8qt-OmM7g&ts=1721392059&e=0"]},{"title":"HALO reality - Predaj, trojizbový byt Banská Belá - EXKLUZÍVNE HALO REALITY","address":"Banská Belá, okres Banská Štiavnica","rooms":3,"meters":65,"totalPrice":85000,"meterSquarePrice":9,"link":"https://www.nehnutelnosti.sk/detail/Juc9qP-dWk9/halo-reality-predaj-trojizbovy-byt-banska-bela-exkluzivne-halo-reality","imagesUrls":["https://img.nehnutelnosti.sk/foto/NjAweDMzOC9maWx0ZXJzOnF1YWxpdHkoMTAwKS9uZWg=/dtwJUkH0c_fss?st=JroLq7uw-vbbUIYE8wsxos2ouHkTtz89ECQSITj8l84&ts=1721435295&e=0"]},{"title":"HALO reality - REZERVOVANÉ - Predaj, trojizbový byt Liptovský Peter - EXKLUZÍVNE HALO REALITY","address":"Liptovský Peter, okres Liptovský Mikuláš","rooms":3,"meters":74,"totalPrice":133900,"meterSquarePrice":6,"link":"https://www.nehnutelnosti.sk/detail/Juo9bS6OxVA/halo-reality-rezervovane-predaj-trojizbovy-byt-liptovsky-peter-exkluzivne-halo-reality","imagesUrls":["https://img.nehnutelnosti.sk/foto/NjAweDMzOC9maWx0ZXJzOnF1YWxpdHkoMTAwKS9uZWg=/FgRt8C2iv8_fss?st=FKED_vpj7-5lQMUXTTOUxlZwrVWouAF7Cair5X2TNZs&ts=1721392007&e=0"]},{"title":"HALO reality - Predaj, trojizbový byt Banská Štiavnica","address":"Banská Štiavnica, okres Banská Štiavnica","rooms":3,"meters":66,"totalPrice":119000,"meterSquarePrice":3,"link":"https://www.nehnutelnosti.sk/detail/Judo5uS5b1I/halo-reality-predaj-trojizbovy-byt-banska-stiavnica","imagesUrls":["https://img.nehnutelnosti.sk/foto/NjAweDMzOC9maWx0ZXJzOnF1YWxpdHkoMTAwKS9uZWg=/Kh03Khi82_fss?st=Cl7rivPFvIvOFUzzzwJm1_q_B_c210bwA4En5LRg4BY&ts=1724656797&e=0"]},{"title":"HALO reality - Predaj, trojizbový byt Nová Baňa","address":"Nová Baňa, okres Žarnovica","rooms":3,"meters":73,"totalPrice":null,"meterSquarePrice":null,"link":"https://www.nehnutelnosti.sk/detail/Juazl_9hZjX/halo-reality-predaj-trojizbovy-byt-nova-bana","imagesUrls":["https://img.nehnutelnosti.sk/foto/NjAweDMzOC9maWx0ZXJzOnF1YWxpdHkoMTAwKS9uZWg=/YnSyySxm4_fss?st=VugrbEaOSEFIQwSLQvrkKqdUBLNocpwUpdAOLsPamMI&ts=1721336438&e=0"]},{"title":"HALO reality - Predaj, štvorizbový byt Rimavská Sobota, I.Hatvaniho","address":"Rimavská Sobota, okres Rimavská Sobota","rooms":4,"meters":107,"totalPrice":104990,"meterSquarePrice":1,"link":"https://www.nehnutelnosti.sk/detail/Jul88s5hpsF/halo-reality-predaj-stvorizbovy-byt-rimavska-sobota-i-hatvaniho","imagesUrls":["https://img.nehnutelnosti.sk/foto/NjAweDMzOC9maWx0ZXJzOnF1YWxpdHkoMTAwKS9uZWg=/M0T2RQnvI_fss?st=E8DDqniN4H068r3vnX5XPSJv10n8_Q_wyEVBnwqTROg&ts=1721216562&e=0"]},{"title":"HALO reality - Predaj, trojizbový byt Kremnica, s balkónom, blízko námestia - EXKLUZÍVNE HALO REALIT","address":"Kremnica, okres Žiar nad Hronom","rooms":3,"meters":66,"totalPrice":null,"meterSquarePrice":null,"link":"https://www.nehnutelnosti.sk/detail/Juq9YS7jato/halo-reality-predaj-trojizbovy-byt-kremnica-s-balkonom-blizko-namestia-exkluzivne-halo-realit","imagesUrls":["https://img.nehnutelnosti.sk/foto/NjAweDMzOC9maWx0ZXJzOnF1YWxpdHkoMTAwKS9uZWg=/owMgTu6VK_fss?st=wASAqsERcYjIITvyVmtBKh8Vwg8K0V0zGHym4XquvPE&ts=1721165141&e=0"]},{"title":"HALO reality - Predaj, apartmán Kremnica, centrum mesta - EXKLUZÍVNE HALO REALITY","address":"Kremnica, okres Žiar nad Hronom","rooms":null,"meters":93,"totalPrice":null,"meterSquarePrice":null,"link":"https://www.nehnutelnosti.sk/detail/JuoqDU4fYva/halo-reality-predaj-apartman-kremnica-centrum-mesta-exkluzivne-halo-reality","imagesUrls":["https://img.nehnutelnosti.sk/foto/NjAweDMzOC9maWx0ZXJzOnF1YWxpdHkoMTAwKS9uZWg=/Od9u8AOF6_fss?st=x1D-NRlgptdlVWSnLT9gTBXXSPE4j8KtDl-tLX5NfFs&ts=1720946154&e=0"]},{"title":"HALO reality - Predaj, štvorizbový byt Poltár - EXKLUZÍVNE HALO REALITY","address":"Fučíkova, Poltár, okres Poltár","rooms":4,"meters":95,"totalPrice":87499,"meterSquarePrice":4,"link":"https://www.nehnutelnosti.sk/detail/Ju1ffo1Mj1G/halo-reality-predaj-stvorizbovy-byt-poltar-exkluzivne-halo-reality","imagesUrls":["https://img.nehnutelnosti.sk/foto/NjAweDMzOC9maWx0ZXJzOnF1YWxpdHkoMTAwKS9uZWg=/e371Mwv0Ik_fss?st=Iy8lBR2aVVDN7WW6BtX_BTAyOMhekMQgcrRml8ZZTT8&ts=1720810363&e=0"]},{"title":"HALO reality - Predaj, trojizbový byt Kaloša","address":"Kaloša, okres Rimavská Sobota","rooms":3,"meters":65,"totalPrice":36899,"meterSquarePrice":8,"link":"https://www.nehnutelnosti.sk/detail/JumM-tqPV9S/halo-reality-predaj-trojizbovy-byt-kalosa","imagesUrls":["https://img.nehnutelnosti.sk/foto/NjAweDMzOC9maWx0ZXJzOnF1YWxpdHkoMTAwKS9uZWg=/0s56_k3J_8_fss?st=jAkqzPJ2n7ORTh1yMqs2QjKPqzaSLm_GqY0WIGB4oqU&ts=1720371959&e=0"]},{"title":"HALO reality - Predaj, trojizbový byt Lučenec","address":"Lučenec, okres Lučenec","rooms":3,"meters":77,"totalPrice":129999,"meterSquarePrice":0,"link":"https://www.nehnutelnosti.sk/detail/JuaQXkBDsrB/halo-reality-predaj-trojizbovy-byt-lucenec","imagesUrls":["https://img.nehnutelnosti.sk/foto/NjAweDMzOC9maWx0ZXJzOnF1YWxpdHkoMTAwKS9uZWg=/9o4Gb9zkc_fss?st=tuI-5WiSlFeuxoug1MkduGQVbk70_Yq3NZ4MF2B7MHo&ts=1720175840&e=0"]},{"title":"HALO reality - Predaj, dvojizbový byt Kanianka - EXKLUZÍVNE HALO REALITY","address":"Kanianka, okres Prievidza","rooms":2,"meters":51,"totalPrice":89900,"meterSquarePrice":5,"link":"https://www.nehnutelnosti.sk/detail/JuHhHNHnrDE/halo-reality-predaj-dvojizbovy-byt-kanianka-exkluzivne-halo-reality","imagesUrls":["https://img.nehnutelnosti.sk/foto/NjAweDMzOC9maWx0ZXJzOnF1YWxpdHkoMTAwKS9uZWg=/9GgaV7q1G_fss?st=8saJJvv3TBJJIulq-4g4y_4jc2g2lPhRwO5oAerY5fQ&ts=1723009973&e=0"]},{"title":"HALO reality - Predaj, trojizbový byt Stará Turá, ul.Dibrovova - EXKLUZÍVNE HALO REALITY","address":"Stará Turá, okres Nové Mesto nad Váhom","rooms":3,"meters":77,"totalPrice":100000,"meterSquarePrice":0,"link":"https://www.nehnutelnosti.sk/detail/JukgIW8wqs5/halo-reality-predaj-trojizbovy-byt-stara-tura-ul-dibrovova-exkluzivne-halo-reality","imagesUrls":["https://img.nehnutelnosti.sk/foto/NjAweDMzOC9maWx0ZXJzOnF1YWxpdHkoMTAwKS9uZWg=/tX4X5XOafK_fss?st=jSM5ydNS5xuFNMSRvg3nKE8DIaH-mxY5WBfpZxO2fnw&ts=1720105628&e=0"]},{"title":"HALO reality - Predaj, dvojizbový byt Tornaľa","address":"Tornaľa, okres Revúca","rooms":2,"meters":62,"totalPrice":54100,"meterSquarePrice":8,"link":"https://www.nehnutelnosti.sk/detail/Ju7dgQLzMf0/halo-reality-predaj-dvojizbovy-byt-tornala","imagesUrls":["https://img.nehnutelnosti.sk/foto/NjAweDMzOC9maWx0ZXJzOnF1YWxpdHkoMTAwKS9uZWg=/2wMXtLeEwy_fss?st=0-Bas6-9Odq7LrwRjxjcVvqvNkcwYcb7QdM1yI-U2K0&ts=1720105608&e=0"]},{"title":"HALO reality - Predaj, trojizbový byt Tvrdošovce, s veľkou garážou","address":"Tvrdošovce, okres Nové Zámky","rooms":3,"meters":72,"totalPrice":89999,"meterSquarePrice":9,"link":"https://www.nehnutelnosti.sk/detail/Juw2PJIzDa4/halo-reality-predaj-trojizbovy-byt-tvrdosovce-s-velkou-garazou","imagesUrls":["https://img.nehnutelnosti.sk/foto/NjAweDMzOC9maWx0ZXJzOnF1YWxpdHkoMTAwKS9uZWg=/u3-7HvEpt_fss?st=AbtZlC2cKctNLPKz8C2KDIOTU51FRaRZUHLg4FgQrhc&ts=1720096561&e=0"]},{"title":"HALO reality - Predaj, trojizbový byt Senica, ul. Hviezdoslavova - EXKLUZÍVNE HALO REALITY","address":"Senica, okres Senica","rooms":3,"meters":76,"totalPrice":134000,"meterSquarePrice":6,"link":"https://www.nehnutelnosti.sk/detail/JuRja3TsKF1/halo-reality-predaj-trojizbovy-byt-senica-ul-hviezdoslavova-exkluzivne-halo-reality","imagesUrls":["https://img.nehnutelnosti.sk/foto/NjAweDMzOC9maWx0ZXJzOnF1YWxpdHkoMTAwKS9uZWg=/OAbFqphPhz_fss?st=2hzC74AQ6E-bpkukjsOSSiqtpTz0mYtRebGaAp5S_EM&ts=1725753239&e=0"]},{"title":"HALO reality - Predaj, trojizbový byt Dunajská Streda, Stredská Nová Ves","address":"Nová Ves, Dunajská Streda, okres Dunajská Streda","rooms":3,"meters":78,"totalPrice":106000,"meterSquarePrice":7,"link":"https://www.nehnutelnosti.sk/detail/Ju1wh5I9vXF/halo-reality-predaj-trojizbovy-byt-dunajska-streda-stredska-nova-ves","imagesUrls":["https://img.nehnutelnosti.sk/foto/NjAweDMzOC9maWx0ZXJzOnF1YWxpdHkoMTAwKS9uZWg=/ny3dRGZRY6_fss?st=h65o7_zAu4H6gPxbP9zghGzfd3mm18BFn9n80rIN_74&ts=1720861509&e=0"]},{"title":"HALO reality - Predaj, štvorizbový byt Hnúšťa - EXKLUZÍVNE HALO REALITY","address":"Hnúšťa, okres Rimavská Sobota","rooms":4,"meters":103,"totalPrice":71999,"meterSquarePrice":2,"link":"https://www.nehnutelnosti.sk/detail/JuEv0H_DWF_/halo-reality-predaj-stvorizbovy-byt-hnusta-exkluzivne-halo-reality","imagesUrls":["https://img.nehnutelnosti.sk/foto/NjAweDMzOC9maWx0ZXJzOnF1YWxpdHkoMTAwKS9uZWg=/lF-efgtrZ_fss?st=m68J2HMVN_w_rAKZKIXomLCIIYsoeoXCEbnFeZhuMJY&ts=1719911300&e=0"]},{"title":"HALO reality - Predaj, dvojizbový byt Fiľakovo, centrum - EXKLUZÍVNE HALO REALITY","address":"Námestie Slobody, Fiľakovo, okres Lučenec","rooms":2,"meters":52,"totalPrice":53999,"meterSquarePrice":4,"link":"https://www.nehnutelnosti.sk/detail/JuSnGQNS17K/halo-reality-predaj-dvojizbovy-byt-filakovo-centrum-exkluzivne-halo-reality","imagesUrls":["https://img.nehnutelnosti.sk/foto/NjAweDMzOC9maWx0ZXJzOnF1YWxpdHkoMTAwKS9uZWg=/KMNGgSoyiW_fss?st=60lHzBWg_JWzuxDEw9sVaFPHBfC0GH2kYv54hxzEAP4&ts=1724098906&e=0"]},{"title":"HALO reality - Predaj, trojizbový byt Šaľa, v blízkosti centra","address":"Šaľa, okres Šaľa","rooms":3,"meters":62,"totalPrice":99000,"meterSquarePrice":7,"link":"https://www.nehnutelnosti.sk/detail/Ju89QC0C3DJT/halo-reality-predaj-trojizbovy-byt-sala-v-blizkosti-centra","imagesUrls":["https://img.nehnutelnosti.sk/foto/NjAweDMzOC9maWx0ZXJzOnF1YWxpdHkoMTAwKS9uZWg=/BlewccWAn_fss?st=DecZlhNE-uC2iJYyH4-b2hMwTVuqZdqjsvy74DvsBoE&ts=1719412123&e=0"]},{"title":"HALO reality - REZERVOVANÉ - Predaj, trojizbový byt Brusno - kúpele, dohoda na cene - EXKLUZÍVNE HAL","address":"Brusno, okres Banská Bystrica","rooms":3,"meters":81,"totalPrice":null,"meterSquarePrice":null,"link":"https://www.nehnutelnosti.sk/detail/JuBnRvn_rH3/halo-reality-rezervovane-predaj-trojizbovy-byt-brusno-kupele-dohoda-na-cene-exkluzivne-hal","imagesUrls":["https://img.nehnutelnosti.sk/foto/NjAweDMzOC9maWx0ZXJzOnF1YWxpdHkoMTAwKS9uZWg=/NDtHYGL8Q_fss?st=_6U9G6mf3jhcpBhv6QyVZ1WyzbEZu6ii0fKN2rwonLs&ts=1719442414&e=0"]},{"title":"HALO reality - Predaj, garsónka Žiar nad Hronom, s lodžiou, centrum mesta","address":"Žiar nad Hronom, okres Žiar nad Hronom","rooms":null,"meters":23,"totalPrice":36500,"meterSquarePrice":6,"link":"https://www.nehnutelnosti.sk/detail/JuZqihJjnVC/halo-reality-predaj-garsonka-ziar-nad-hronom-s-lodziou-centrum-mesta","imagesUrls":["https://img.nehnutelnosti.sk/foto/NjAweDMzOC9maWx0ZXJzOnF1YWxpdHkoMTAwKS9uZWg=/TnUEKTSGC_fss?st=NMxbnmsx0LtCk7fHgPwYR8MFc-PrjlPOvqZ5ArHbdfI&ts=1726222766&e=0"]},{"title":"HALO reality - Predaj, dvojizbový byt Handlová, Centrum - EXKLUZÍVNE HALO REALITY","address":"Handlová, okres Prievidza","rooms":2,"meters":59,"totalPrice":59000,"meterSquarePrice":0,"link":"https://www.nehnutelnosti.sk/detail/Jua79mqqH4n/halo-reality-predaj-dvojizbovy-byt-handlova-centrum-exkluzivne-halo-reality","imagesUrls":["https://img.nehnutelnosti.sk/foto/NjAweDMzOC9maWx0ZXJzOnF1YWxpdHkoMTAwKS9uZWg=/n0czuJFbz_fss?st=MlPmoc9cVz21azCAAf0avlqONISLz9SzQtOd8n556yQ&ts=1719412126&e=0"]},{"title":"HALO reality - Predaj, trojizbový byt Rimavská Sobota - EXKLUZÍVNE HALO REALITY","address":"Rožňavská, Rimavská Sobota, okres Rimavská Sobota","rooms":3,"meters":66,"totalPrice":64499,"meterSquarePrice":6,"link":"https://www.nehnutelnosti.sk/detail/JuK2bgq0azOy/halo-reality-predaj-trojizbovy-byt-rimavska-sobota-exkluzivne-halo-reality","imagesUrls":["https://img.nehnutelnosti.sk/foto/NjAweDMzOC9maWx0ZXJzOnF1YWxpdHkoMTAwKS9uZWg=/TbqcfpjGZ_fss?st=cUvGlP7sNc9MDlZa9fMH6JiUpfsyVNpQL2tY8ZroZ6Q&ts=1722460839&e=0"]},{"title":"HALO reality - Predaj, trojizbový byt Partizánske, Šípok, veľkometrážny s loggiou","address":"Partizánske, okres Partizánske","rooms":3,"meters":85,"totalPrice":97500,"meterSquarePrice":6,"link":"https://www.nehnutelnosti.sk/detail/JuFi8irZyMc/halo-reality-predaj-trojizbovy-byt-partizanske-sipok-velkometrazny-s-loggiou","imagesUrls":["https://img.nehnutelnosti.sk/foto/NjAweDMzOC9maWx0ZXJzOnF1YWxpdHkoMTAwKS9uZWg=/LrLXg-FBeR_fss?st=RJCKYvgW9sZFeY_cCOlYh3o-87vu7nUAuzzGgs2yn64&ts=1719328760&e=0"]},{"title":"HALO reality - Predaj, dvojizbový byt Banská Štiavnica, BEZBARIÉROVÝ - EXKLUZÍVNE HALO REALITY","address":"Dolná, Banská Štiavnica, okres Banská Štiavnica","rooms":2,"meters":51,"totalPrice":75000,"meterSquarePrice":9,"link":"https://www.nehnutelnosti.sk/detail/JuFcDWgN0va/halo-reality-predaj-dvojizbovy-byt-banska-stiavnica-bezbarierovy-exkluzivne-halo-reality","imagesUrls":["https://img.nehnutelnosti.sk/foto/NjAweDMzOC9maWx0ZXJzOnF1YWxpdHkoMTAwKS9uZWg=/RDHqbyBKtR_fss?st=EgsOqkDxv4td9sxIl_AOt9FNUxjSlLlau4PtuHuQZEU&ts=1720429580&e=0"]},{"title":"HALO reality - Predaj, štvorizbový byt Banská Štiavnica - EXKLUZÍVNE HALO REALITY","address":"Banská Štiavnica, okres Banská Štiavnica","rooms":4,"meters":83,"totalPrice":103000,"meterSquarePrice":6,"link":"https://www.nehnutelnosti.sk/detail/Ju7KQQpAlf7/halo-reality-predaj-stvorizbovy-byt-banska-stiavnica-exkluzivne-halo-reality","imagesUrls":["https://img.nehnutelnosti.sk/foto/NjAweDMzOC9maWx0ZXJzOnF1YWxpdHkoMTAwKS9uZWg=/9IrIXHopo2_fss?st=zk1sbVgUHwEH-TJl-6a7b0WaBr1y3PnQxIZIYpvt73Y&ts=1719241989&e=0"]}]