[{"title":"Predaj 3 izbový byt - výhodná ponuka.","address":"Sládkovičova, Zlaté Moravce, okres Zlaté Moravce","rooms":3,"meters":null,"totalPrice":null,"meterSquarePrice":null,"link":"https://www.nehnutelnosti.sk/detail/JufShKGjxJ9/predaj-3-izbovy-byt-vyhodna-ponuka","imagesUrls":["https://img.nehnutelnosti.sk/foto/NjAweDMzOC9maWx0ZXJzOnF1YWxpdHkoMTAwKS9uZWg=/au3xdyXRxr_fss?st=Jkjdl5zAXPCM23PLV7M8la3f8VLWdYjx6b1VaBYaf3k&ts=1715104032&e=0"]},{"title":"Svetlý 2-izb. zariadený byt Kynek Rezidencie. Novostavba na predaj, balkón, parkovacie miesto","address":"Pri Kaštieli 5, Nitra, okres Nitra","rooms":2,"meters":46,"totalPrice":160000,"meterSquarePrice":2,"link":"https://www.nehnutelnosti.sk/detail/JuYeQT9bHvf/svetly-2-izb-zariadeny-byt-kynek-rezidencie-novostavba-na-predaj-balkon-parkovacie-miesto","imagesUrls":["https://img.nehnutelnosti.sk/foto/NjAweDMzOC9maWx0ZXJzOnF1YWxpdHkoMTAwKS9uZWg=/FzKocAx8f_fss?st=VWm4OJabx1JepRgLvRh6Wq7v3YeEbcDLTAbflDAFWvg&ts=1705871783&e=0"]},{"title":"Predaj - Banská Štiavnica - Garsónka","address":"Strieborná, Banská Štiavnica, okres Banská Štiavnica","rooms":null,"meters":27,"totalPrice":99000,"meterSquarePrice":7,"link":"https://www.nehnutelnosti.sk/detail/Ju51CDuaXQg/predaj-banska-stiavnica-garsonka","imagesUrls":["https://img.nehnutelnosti.sk/foto/NjAweDMzOC9maWx0ZXJzOnF1YWxpdHkoMTAwKS9uZWg=/BpOs9birc1_fss?st=5vTYr-pNJ_-A-h7UyfiU0-rc-nQuRGtb1NP5AeWbnSI&ts=1726170546&e=0"]},{"title":"Predaj - Banská Štiavnica - 1. Izbový byt","address":"Strieborná, Banská Štiavnica, okres Banská Štiavnica","rooms":1,"meters":36,"totalPrice":145000,"meterSquarePrice":3,"link":"https://www.nehnutelnosti.sk/detail/JuHklba8M62/predaj-banska-stiavnica-1-izbovy-byt","imagesUrls":["https://img.nehnutelnosti.sk/foto/NjAweDMzOC9maWx0ZXJzOnF1YWxpdHkoMTAwKS9uZWg=/hZXoLSSinO_fss?st=BD8T6b0nUjEOI6ofnuaZVL1rWPuXA6Q-44NLqu2s54Q&ts=1726170553&e=0"]},{"title":"Predaj IGNIS - dokonalý 4 izb. byt so záhradkou, Inovecká ul., Nitra","address":"Inovecká, Nitra, okres Nitra","rooms":4,"meters":106,"totalPrice":498000,"meterSquarePrice":0,"link":"https://www.nehnutelnosti.sk/detail/Ju0VMJGh2Qg/predaj-ignis-dokonaly-4-izb-byt-so-zahradkou-inovecka-ul-nitra","imagesUrls":["https://img.nehnutelnosti.sk/foto/NjAweDMzOC9maWx0ZXJzOnF1YWxpdHkoMTAwKS9uZWg=/x5-lycYWn_fss?st=Itpz-6_J7YA1tcWyP_AudVlKZm3veXtFvxOv1kaE81U&ts=1699898527&e=0"]},{"title":"Predaj 2 izb. byt, novostavba, balkón, parkovanie","address":"Nitra, okres Nitra","rooms":2,"meters":45,"totalPrice":131980,"meterSquarePrice":9,"link":"https://www.nehnutelnosti.sk/detail/JuVAcSchOkO/predaj-2-izb-byt-novostavba-balkon-parkovanie","imagesUrls":["https://img.nehnutelnosti.sk/foto/NjAweDMzOC9maWx0ZXJzOnF1YWxpdHkoMTAwKS9uZWg=/hwNd788EM7_fss?st=3Fn9UMYVXesjxc4uDKfHl4ZqCObYUuI5g1oXoe7aFUQ&ts=1675719307&e=0"]},{"title":"Predaj novostavba 2 izb. byt, balkón","address":"Hornostavská, Nitra, okres Nitra","rooms":2,"meters":45,"totalPrice":129790,"meterSquarePrice":2,"link":"https://www.nehnutelnosti.sk/detail/Juj2-FFv69Y/predaj-novostavba-2-izb-byt-balkon","imagesUrls":["https://img.nehnutelnosti.sk/foto/NjAweDMzOC9maWx0ZXJzOnF1YWxpdHkoMTAwKS9uZWg=/wISBP7lEWH_fss?st=vZg0719nyZntYeOdr5HhBWTj87kPHuYOVttkB8T1AZs&ts=1675679093&e=0"]},{"title":"Predaj 3 izb. byt, novostavba, záhradka, parkovanie v cene","address":"Hornostavská, Nitra, okres Nitra","rooms":3,"meters":61,"totalPrice":169000,"meterSquarePrice":9,"link":"https://www.nehnutelnosti.sk/detail/JuCE7DzZlIW/predaj-3-izb-byt-novostavba-zahradka-parkovanie-v-cene","imagesUrls":["https://img.nehnutelnosti.sk/foto/NjAweDMzOC9maWx0ZXJzOnF1YWxpdHkoMTAwKS9uZWg=/zjb-Tz_Nm_fss?st=fUw-CdAu9zdBtoaEAF0nIYkDj5wkyw9TgZcB657cfJ4&ts=1679644986&e=0"]},{"title":"Predaj 2 izb. byt, novostavba, balkón, parkovanie","address":"Hornostavská, Nitra, okres Nitra","rooms":2,"meters":45,"totalPrice":139908,"meterSquarePrice":7,"link":"https://www.nehnutelnosti.sk/detail/Ju9uqUKlu17/predaj-2-izb-byt-novostavba-balkon-parkovanie","imagesUrls":["https://img.nehnutelnosti.sk/foto/NjAweDMzOC9maWx0ZXJzOnF1YWxpdHkoMTAwKS9uZWg=/WhYgS-MjR_fss?st=XHdQoojDRZhT0QWJv3GMMPUa_6Fb4rxyTa8kKX9vQDc&ts=1709161811&e=0"]},{"title":"Exkluzívne! 4-izb byt so záhradkou na predaj. Novostavba Kynek Rezidencie","address":"Pri Kaštieli, Nitra, okres Nitra","rooms":4,"meters":107,"totalPrice":290000,"meterSquarePrice":9,"link":"https://www.nehnutelnosti.sk/detail/JuQqh0IvUCk/exkluzivne-4-izb-byt-so-zahradkou-na-predaj-novostavba-kynek-rezidencie","imagesUrls":["https://img.nehnutelnosti.sk/foto/NjAweDMzOC9maWx0ZXJzOnF1YWxpdHkoMTAwKS9uZWg=/gI3LVKciO3_fss?st=2EwYRZVxhbU9BpgMEz3BQBh_JKWNnOLY_H_ddaNzL4A&ts=1704993595&e=0"]},{"title":"Na predaj 3 izb. byt | Trenčín | 70m2 | Východná ul.| balkón","address":"Východná, Trenčín, okres Trenčín","rooms":3,"meters":70,"totalPrice":124900,"meterSquarePrice":9,"link":"https://www.nehnutelnosti.sk/detail/JuxfVTsDp5e/na-predaj-3-izb-byt-trencin-70m2-vychodna-ul-balkon","imagesUrls":["https://img.nehnutelnosti.sk/foto/NjAweDMzOC9maWx0ZXJzOnF1YWxpdHkoMTAwKS9uZWg=/AL6rK-CqI_fss?st=ofSm-C42bj8Yle-OmOOUnUlcotLhZ1YkGs1KHR06Zmc&ts=1717601497&e=0"]},{"title":"HERRYS - Na predaj príjemný 3-izbový byt v skolaudovanom projekte POD VINICOU v mestskej časti Brati","address":"Skalická cesta, Bratislava III - Nové Mesto, okres Bratislava","rooms":3,"meters":94,"totalPrice":316000,"meterSquarePrice":4,"link":"https://www.nehnutelnosti.sk/detail/JuMFHvl_BMu/herrys-na-predaj-prijemny-3-izbovy-byt-v-skolaudovanom-projekte-pod-vinicou-v-mestskej-casti-brati","imagesUrls":["https://img.nehnutelnosti.sk/foto/NjAweDMzOC9maWx0ZXJzOnF1YWxpdHkoMTAwKS9uZWg=/s1336Xl7t_fss?st=TNKz-xRH1z23GUGSPmDdhTN873T6IDC4p2mRMAESI4E&ts=1726220892&e=0"]},{"title":"HERRYS - Na predaj 2 izbový byt s jedinečným výhľadom","address":"Pribišova, Bratislava IV - Karlova Ves, okres Bratislava","rooms":2,"meters":47,"totalPrice":195000,"meterSquarePrice":5,"link":"https://www.nehnutelnosti.sk/detail/JuIaC_JwQNM/herrys-na-predaj-2-izbovy-byt-s-jedinecnym-vyhladom","imagesUrls":["https://img.nehnutelnosti.sk/foto/NjAweDMzOC9maWx0ZXJzOnF1YWxpdHkoMTAwKS9uZWg=/5fJxwR-Kxs_fss?st=oGWp8mXLQCBXigclVPq-O7lONClgxyKZOGkGxo3FZhw&ts=1724018561&e=0"]},{"title":"HERRYS - Na predaj 4 izbový byt s balkónom v projekte Nový Ružinov","address":"Bajkalská, Bratislava II - Ružinov, okres Bratislava","rooms":4,"meters":91,"totalPrice":412500,"meterSquarePrice":2,"link":"https://www.nehnutelnosti.sk/detail/JuJ0dJbhVH4/herrys-na-predaj-4-izbovy-byt-s-balkonom-v-projekte-novy-ruzinov","imagesUrls":["https://img.nehnutelnosti.sk/foto/NjAweDMzOC9maWx0ZXJzOnF1YWxpdHkoMTAwKS9uZWg=/Ud8JGY4WY_fss?st=5TscmjvEc7IuaFPmvh4fxqAp8cIrvzPHGphssUTOTe0&ts=1720171068&e=0"]},{"title":"HERRYS - Na predaj 4 izbový mezonet v nadstavbe - Mierová kolónia, možnosť postúpenia záhrady","address":"Olbrachtova, Bratislava III - Nové Mesto, okres Bratislava","rooms":4,"meters":113,"totalPrice":279000,"meterSquarePrice":7,"link":"https://www.nehnutelnosti.sk/detail/JuTViVUhMKE/herrys-na-predaj-4-izbovy-mezonet-v-nadstavbe-mierova-kolonia-moznost-postupenia-zahrady","imagesUrls":["https://img.nehnutelnosti.sk/foto/NjAweDMzOC9maWx0ZXJzOnF1YWxpdHkoMTAwKS9uZWg=/yps_MMM1I_fss?st=GSJG51G6iNMNNkiR9y6PstOzUixIh05cejc0kL1gl6c&ts=1723925869&e=0"]},{"title":"HERRYS - Na predaj prakticky 1,5-izbový byt s predzáhradkou v projekte Pod Vinicou","address":"Skalická cesta, Bratislava III - Nové Mesto, okres Bratislava","rooms":1,"meters":43,"totalPrice":184000,"meterSquarePrice":3,"link":"https://www.nehnutelnosti.sk/detail/Ju52ViEKkbN/herrys-na-predaj-prakticky-1-5-izbovy-byt-s-predzahradkou-v-projekte-pod-vinicou","imagesUrls":["https://img.nehnutelnosti.sk/foto/NjAweDMzOC9maWx0ZXJzOnF1YWxpdHkoMTAwKS9uZWg=/OtKv1M_Yq_fss?st=CzI7OzuGCSs5E9XIeb0Uf7sJj79qI6nFzVh1_fJrruc&ts=1726622216&e=0"]},{"title":"HERRYS - Na predaj praktický 1,5-izbový apartmán v aktuálne kolaudovanom projekte Pod Vinicou","address":"Skalická cesta, Bratislava III - Nové Mesto, okres Bratislava","rooms":1,"meters":43,"totalPrice":162000,"meterSquarePrice":8,"link":"https://www.nehnutelnosti.sk/detail/JuNNccaxFbC/herrys-na-predaj-prakticky-1-5-izbovy-apartman-v-aktualne-kolaudovanom-projekte-pod-vinicou","imagesUrls":["https://img.nehnutelnosti.sk/foto/NjAweDMzOC9maWx0ZXJzOnF1YWxpdHkoMTAwKS9uZWg=/vPv4cibnFb_fss?st=naq7m77CzaUeju0B9jvltaPuu7DFpdwlbJzHltDRUeE&ts=1726988834&e=0"]},{"title":"HERRYS - Na predaj praktický 1,5-izbový byt v aktuálne kolaudovanom projekte Pod Vinicou","address":"Skalická cesta, Bratislava III - Nové Mesto, okres Bratislava","rooms":1,"meters":46,"totalPrice":171000,"meterSquarePrice":0,"link":"https://www.nehnutelnosti.sk/detail/JuAb4WOidwW/herrys-na-predaj-prakticky-1-5-izbovy-byt-v-aktualne-kolaudovanom-projekte-pod-vinicou","imagesUrls":["https://img.nehnutelnosti.sk/foto/NjAweDMzOC9maWx0ZXJzOnF1YWxpdHkoMTAwKS9uZWg=/c4IFqNwkN_fss?st=fHEyiYB3vTN40NV7BMR4AcKugMQpbWVl1Y8yfqH8ZMY&ts=1711679779&e=0"]},{"title":"HERRYS - Na predaj 3-izbový skolaudovaný byt s predzáhradkou v obľúbenej lokalite Horského parku","address":"Gaštanová, Bratislava I - Staré Mesto, okres Bratislava","rooms":3,"meters":68,"totalPrice":440000,"meterSquarePrice":9,"link":"https://www.nehnutelnosti.sk/detail/JucKLVGPw2q/herrys-na-predaj-3-izbovy-skolaudovany-byt-s-predzahradkou-voblubenej-lokalite-horskeho-parku","imagesUrls":["https://img.nehnutelnosti.sk/foto/NjAweDMzOC9maWx0ZXJzOnF1YWxpdHkoMTAwKS9uZWg=/cSVKZdt7w_fss?st=o7yxludFkeH7u65AWuwO5onnBK25LG580g0Q1Lkkg-c&ts=1726274801&e=0"]},{"title":"HERRYS- Na predaj veľkometrážny 2-izbový byt so samostatnou kuchyňou na Palisádach, Štetinová ulica","address":"Štetinova, Bratislava I - Staré Mesto, okres Bratislava","rooms":2,"meters":74,"totalPrice":259900,"meterSquarePrice":6,"link":"https://www.nehnutelnosti.sk/detail/JuemCsrI9kc/herrys-na-predaj-velkometrazny-2-izbovy-byt-so-samostatnou-kuchynou-na-palisadach-stetinova-ulica","imagesUrls":["https://img.nehnutelnosti.sk/foto/NjAweDMzOC9maWx0ZXJzOnF1YWxpdHkoMTAwKS9uZWg=/e_VfmocpCv_fss?st=ZtNNMnUFSc6sMAZnzFpxJfWXySSOw5up4mIzMod-c1I&ts=1725958401&e=0"]},{"title":"HERRYS - Na predaj 3-izbový skolaudovaný byt s dvomi predzáhradkami v príjemnej lokalite Horského pa","address":"Gaštanová, Bratislava I - Staré Mesto, okres Bratislava","rooms":3,"meters":70,"totalPrice":499000,"meterSquarePrice":3,"link":"https://www.nehnutelnosti.sk/detail/JugUug2hN4e/herrys-na-predaj-3-izbovy-skolaudovany-byt-sdvomi-predzahradkami-vprijemnej-lokalite-horskeho-pa","imagesUrls":["https://img.nehnutelnosti.sk/foto/NjAweDMzOC9maWx0ZXJzOnF1YWxpdHkoMTAwKS9uZWg=/KZTEYzzMf_fss?st=TpfvPVRtsfLwChgp7uEJ9sabIKSjb7OYAZgQOB1IQLc&ts=1722822416&e=0"]},{"title":"HERRYS - Na predaj slnečný 2 izbový byt vo vynikajúcej lokalite 500 bytov - Nivy","address":"Budovateľská, Bratislava II - Ružinov, okres Bratislava","rooms":2,"meters":62,"totalPrice":259990,"meterSquarePrice":4,"link":"https://www.nehnutelnosti.sk/detail/JuDigJEXalr/herrys-na-predaj-slnecny-2-izbovy-byt-vo-vynikajucej-lokalite-500-bytov-nivy","imagesUrls":["https://img.nehnutelnosti.sk/foto/NjAweDMzOC9maWx0ZXJzOnF1YWxpdHkoMTAwKS9uZWg=/H0RwstOnie_fss?st=JQ29kqkdEPrfZelo_L_w3j-KXZMbXgafsS6lXJ0ppno&ts=1723631484&e=0"]},{"title":"2-izbový byt č.1, vchod č.6 novostavba Púchov","address":"J.Smreka, Púchov, okres Púchov","rooms":2,"meters":61,"totalPrice":139253,"meterSquarePrice":5,"link":"https://www.nehnutelnosti.sk/detail/JuLFWJvXBfr/2-izbovy-byt-c-1-vchod-c-6-novostavba-puchov","imagesUrls":["https://img.nehnutelnosti.sk/foto/NjAweDMzOC9maWx0ZXJzOnF1YWxpdHkoMTAwKS9uZWg=/UNchIUsiQl_fss?st=7yLhKMN-VAJ970lBz_bUqVJAHTFSGTRccikVr5_-dmk&ts=1719320000&e=0"]},{"title":"Novostavba - 1 izbový byt v Dunajskej Lužnej","address":"Javorová, Dunajská Lužná, okres Senec","rooms":1,"meters":34,"totalPrice":125990,"meterSquarePrice":9,"link":"https://www.nehnutelnosti.sk/detail/JuRg7N495x6/novostavba-1-izbovy-byt-v-dunajskej-luznej","imagesUrls":["https://img.nehnutelnosti.sk/foto/NjAweDMzOC9maWx0ZXJzOnF1YWxpdHkoMTAwKS9uZWg=/ZynuJcTh0_fss?st=obgOgf_mP9g559WnD5-F_eNUmxDQ2HjDImpd90YyLkI&ts=1727018073&e=0"]},{"title":"INVESTIČNÝ 3 IZB. BYT POD BRATISLAVSKÝM HRADOM","address":"Skalná, Bratislava I - Staré Mesto, okres Bratislava","rooms":3,"meters":86,"totalPrice":289000,"meterSquarePrice":7,"link":"https://www.nehnutelnosti.sk/detail/JujRnq9CqNp/investicny-3-izb-byt-pod-bratislavskym-hradom","imagesUrls":["https://img.unitedclassifieds.sk/foto/NjAweDMzOC9maWx0ZXJzOnF1YWxpdHkoMTAwKS9qdWw=/JdJ-_7mnR_fss?st=BgpPDNnET5DmWo4tHibZRZjqKuNhx3WdGvKUTQFjes0&ts=1715544277&e=0"]},{"title":"2 izb. byt na predaj v novostavbe NIDO","address":"Trnavská, Bratislava III - Nové Mesto, okres Bratislava","rooms":2,"meters":59,"totalPrice":295000,"meterSquarePrice":0,"link":"https://www.nehnutelnosti.sk/detail/Jut8nSa_H2J/2-izb-byt-na-predaj-v-novostavbe-nido","imagesUrls":["https://img.unitedclassifieds.sk/foto/NjAweDMzOC9maWx0ZXJzOnF1YWxpdHkoMTAwKS9qdWw=/qXit8MmhgC_fss?st=0Ef0UA0viY8li55Ix5GotvGuarmQvMq3Az76rpiL71c&ts=1724068327&e=0"]},{"title":"Na predaj pekný 3 izbový byt v Leviciach s balkónom","address":"Levice, okres Levice","rooms":3,"meters":66,"totalPrice":102000,"meterSquarePrice":5,"link":"https://www.nehnutelnosti.sk/detail/Juko-HRSZY_/na-predaj-pekny-3izbovy-bytv-leviciach-s-balkonom","imagesUrls":["https://img.nehnutelnosti.sk/foto/NjAweDMzOC9maWx0ZXJzOnF1YWxpdHkoMTAwKS9uZWg=/8IxVJaW4PP_fss?st=JH0F899A_4bQWcjwudjWpYWOc5E25nhRhuK8AWZk1ek&ts=1727027394&e=0"]},{"title":"Na predaj 3 izbový byt v Leviciach","address":"Levice, okres Levice","rooms":3,"meters":88,"totalPrice":125000,"meterSquarePrice":5,"link":"https://www.nehnutelnosti.sk/detail/JuLcQXfRwpV/na-predaj-3izbovy-bytv-leviciach","imagesUrls":["https://img.nehnutelnosti.sk/foto/NjAweDMzOC9maWx0ZXJzOnF1YWxpdHkoMTAwKS9uZWg=/QR495uhXy_fss?st=qyaCZWgW3SynJdh8dJ-VwN3zk4srxsbB7uZmpUI4S7w&ts=1727027390&e=0"]},{"title":"Slnečný 3-izbový byt ,Balkón, Garáž-Výhodná Ponuka","address":"Suchá nad  Parnou, Suchá nad Parnou, okres Trnava","rooms":3,"meters":67,"totalPrice":125000,"meterSquarePrice":7,"link":"https://www.nehnutelnosti.sk/detail/JuTQCQcB-tR/slnecny-3-izbovy-byt-balkon-garaz-vyhodna-ponuka","imagesUrls":["https://img.nehnutelnosti.sk/foto/NjAweDMzOC9maWx0ZXJzOnF1YWxpdHkoMTAwKS9uZWg=/01m9GSUKI_fss?st=mB7NKEufJ_CBdMZehxE23qAOcIce_WA5zveTXW7Msio&ts=1724158023&e=0"]},{"title":"Pekný ,slnečný 2-izbový byt v Trnave","address":"Špačinská cesta, Trnava, okres Trnava","rooms":2,"meters":56,"totalPrice":129990,"meterSquarePrice":5,"link":"https://www.nehnutelnosti.sk/detail/Ju-H4J3f3c3/pekny-slnecny-2-izbovy-byt-v-trnave","imagesUrls":[]}]