[{"title":"BÝVAJTE IHNEĎ - skolaudovaný 3 izbový byt v štandarde s kuchynskou linkou","address":"Hlavná, Biely Kostol, okres Trnava","rooms":3,"meters":51,"totalPrice":139900,"meterSquarePrice":4,"link":"https://www.nehnutelnosti.sk/detail/JuND7dEzQhw/byvajte-ihned-skolaudovany-3-izbovy-byt-v-standarde-s-kuchynskou-linkou","imagesUrls":[]},{"title":"!NOVOSTAVBA BIELY KOSTOL!  3i byt, s balkónom, super cena 150.100€","address":"neuvedené, Biely Kostol, okres Trnava","rooms":3,"meters":50,"totalPrice":150100,"meterSquarePrice":1,"link":"https://www.nehnutelnosti.sk/detail/Juyv83BfKeU/novostavba-biely-kostol-3i-byt-s-balkonom-super-cena-150-100","imagesUrls":["https://img.nehnutelnosti.sk/foto/NjAweDMzOC9maWx0ZXJzOnF1YWxpdHkoMTAwKS9uZWg=/3EMU3PWnQ_fss?st=teZgxe-KPk7edGjpJyRvrSLWaE8GQx-O8NP8Eq3opqY&ts=1725350722&e=0"]},{"title":"PREDAJ garsonka 29m2, BA Petržalka, kuchyňa v chodbe, 5/12 poschodie, výborná lokalita Beňadická uli","address":"Beňa, Bratislava V - Petržalka, okres Bratislava","rooms":null,"meters":24,"totalPrice":105000,"meterSquarePrice":5,"link":"https://www.nehnutelnosti.sk/detail/Ju9V-nsZ6ma/predaj-garsonka-29m2-ba-petrzalka-kuchyna-v-chodbe-5-12-poschodie-vyborna-lokalita-benadicka-uli","imagesUrls":["https://img.nehnutelnosti.sk/foto/NjAweDMzOC9maWx0ZXJzOnF1YWxpdHkoMTAwKS9uZWg=/Z3WXqxg1V_fss?st=ZfiP2L9aCB16InGTc4ogoaGqYdp8QeGgiNEvcbAAWAo&ts=1725350722&e=0"]},{"title":"PREDAJ - kompletne zrekonštruovaná garsónka","address":"nezadaná, Bratislava IV - Devínska Nová Ves, okres Bratislava","rooms":null,"meters":28,"totalPrice":99900,"meterSquarePrice":6,"link":"https://www.nehnutelnosti.sk/detail/JuZnm7PvXPP/predaj-kompletne-zrekonstruovana-garsonka","imagesUrls":["https://img.nehnutelnosti.sk/foto/NjAweDMzOC9maWx0ZXJzOnF1YWxpdHkoMTAwKS9uZWg=/g6MRMkwOb_fss?st=sf5i58IZTyZY12PhYv_0F1_nHIf5mk2yCKhVaERS3eE&ts=1715766988&e=0"]},{"title":"!SUPER CENA! 1i APARTMÁN s predzáhradkou, 40, 97m2 - 86.900€ štandard s kuchynskou linkou","address":"Hlavná, Biely Kostol, okres Trnava","rooms":null,"meters":29,"totalPrice":82300,"meterSquarePrice":3,"link":"https://www.nehnutelnosti.sk/detail/JuDtfdzUKfC/super-cena-1i-apartman-s-predzahradkou-40-97m2-86-900-standard-s-kuchynskou-linkou","imagesUrls":["https://img.nehnutelnosti.sk/foto/NjAweDMzOC9maWx0ZXJzOnF1YWxpdHkoMTAwKS9uZWg=/xXEwq0bly_fss?st=O6Poe-PY-foLOWJlLa_Djdmwfr4h1y5rmmwEGsxhswk&ts=1722427417&e=0"]},{"title":"PREDAJ! 3izbový byt, 80m2, 2 balkóny, samostatný kotol, 2 komory, vlastné parkovanie, BUDMERICE","address":"Juraja Holčeka, Budmerice, okres Pezinok","rooms":3,"meters":80,"totalPrice":155000,"meterSquarePrice":0,"link":"https://www.nehnutelnosti.sk/detail/Juau2nD-BbK/predaj-3izbovy-byt-80m2-2-balkony-samostatny-kotol-2-komory-vlastne-parkovanie-budmerice","imagesUrls":["https://img.nehnutelnosti.sk/foto/NjAweDMzOC9maWx0ZXJzOnF1YWxpdHkoMTAwKS9uZWg=/ivquPRb-Ho_fss?st=s7wBM9PEAe9xb0uc8s3zL-Bsu5cRP8a09fOs7otljPk&ts=1725960766&e=0"]},{"title":"BÝVAJTE IHNEĎ - skolaudovaný 2 izbový byt v štandarde s kuchynskou linkou","address":"Hlavná, Biely Kostol, okres Trnava","rooms":2,"meters":51,"totalPrice":138300,"meterSquarePrice":6,"link":"https://www.nehnutelnosti.sk/detail/JuXGL_aivrB/byvajte-ihned-skolaudovany-2-izbovy-byt-v-standarde-s-kuchynskou-linkou","imagesUrls":["https://img.nehnutelnosti.sk/foto/NjAweDMzOC9maWx0ZXJzOnF1YWxpdHkoMTAwKS9uZWg=/6UC4jdY-oV_fss?st=1Z2xNO8YDBbXfcp-Mr2eWQfHiztzU1FvRGiVXdK2uIE&ts=1725350699&e=0"]},{"title":"BÝVAJTE IHNEĎ - skolaudovaný 1 izbový byt v štandarde s kuchynskou linkou","address":"Hlavná, Biely Kostol, okres Trnava","rooms":1,"meters":29,"totalPrice":82300,"meterSquarePrice":3,"link":"https://www.nehnutelnosti.sk/detail/JuwV3E23MSp/byvajte-ihned-skolaudovany-1-izbovy-byt-v-standarde-s-kuchynskou-linkou","imagesUrls":["https://img.nehnutelnosti.sk/foto/NjAweDMzOC9maWx0ZXJzOnF1YWxpdHkoMTAwKS9uZWg=/6OsW0_Q-3_fss?st=Vsc2JoRtuu8UbT2riAKWYEgjRT1XpJsfFGTx9W2Zb_s&ts=1725350704&e=0"]},{"title":"PREDAJ - zariadený 2 izbový byt s nádherným výhľadom na Karpaty v obci Slovenský Grob","address":"Dúhová, Slovenský Grob, okres Pezinok","rooms":2,"meters":40,"totalPrice":144900,"meterSquarePrice":0,"link":"https://www.nehnutelnosti.sk/detail/Jun37HAwTDX/predaj-zariadeny-2-izbovy-byt-s-nadhernym-vyhladom-na-karpaty-v-obci-slovensky-grob","imagesUrls":["https://img.nehnutelnosti.sk/foto/NjAweDMzOC9maWx0ZXJzOnF1YWxpdHkoMTAwKS9uZWg=/xJ92q753T_fss?st=ZkiD90rq5ZZigaOhwHwcXUeZ1zm1_urbztfNgB_S_G4&ts=1725350688&e=0"]},{"title":"BÝVAJTE IHNEĎ - skolaudovaný 3 izbový byt v štandarde s kuchynskou linkou","address":"Hlavná, Biely Kostol, okres Trnava","rooms":3,"meters":51,"totalPrice":139900,"meterSquarePrice":4,"link":"https://www.nehnutelnosti.sk/detail/JuyR9DWquWk/byvajte-ihned-skolaudovany-3-izbovy-byt-v-standarde-s-kuchynskou-linkou","imagesUrls":["https://img.nehnutelnosti.sk/foto/NjAweDMzOC9maWx0ZXJzOnF1YWxpdHkoMTAwKS9uZWg=/DfQL41C0w_fss?st=ZEt5l_ockve7-foAaxWtXBoNHcboUroJwTeNgv8ANOw&ts=1725350691&e=0"]},{"title":"BÝVAJTE IHNEĎ - skolaudovaný 2 izbový byt v štandarde s kuchynskou linkou","address":"Hlavná, Biely Kostol, okres Trnava","rooms":2,"meters":38,"totalPrice":113100,"meterSquarePrice":2,"link":"https://www.nehnutelnosti.sk/detail/JujV5MCOzex/byvajte-ihned-skolaudovany-2-izbovy-byt-v-standarde-s-kuchynskou-linkou","imagesUrls":["https://img.nehnutelnosti.sk/foto/NjAweDMzOC9maWx0ZXJzOnF1YWxpdHkoMTAwKS9uZWg=/61UEiB2RIj_fss?st=GyzRjNI0xhgsSJHskuhl5s7n1FN9d5ggQkthSOSPSDc&ts=1725350696&e=0"]},{"title":"PREDAJ - presvetlený 2 izbový byt v novostavbe s pivnicou v obci Chorvátsky Grob","address":"Školská, Chorvátsky Grob, okres Senec","rooms":2,"meters":49,"totalPrice":144900,"meterSquarePrice":4,"link":"https://www.nehnutelnosti.sk/detail/Ju0kBG37ufo/predaj-presvetleny-2-izbovy-byt-v-novostavbe-s-pivnicou-v-obci-chorvatsky-grob","imagesUrls":["https://img.nehnutelnosti.sk/foto/NjAweDMzOC9maWx0ZXJzOnF1YWxpdHkoMTAwKS9uZWg=/yK-vXer6rj_fss?st=lvTvXMMpCpoNd6eFLTHW1uCKKINDHdBHP-32BmWL1Xk&ts=1725350669&e=0"]},{"title":"VEĽKORYSÁ ZĽAVA Z CENY! 3-izbový byt so zariadením vo výbornej lokalite - Trnava, časť Zátvor","address":"Rovná, Trnava, okres Trnava","rooms":3,"meters":79,"totalPrice":199000,"meterSquarePrice":9,"link":"https://www.nehnutelnosti.sk/detail/Jul9DDZHABz/velkorysa-zlava-z-ceny-3-izbovy-byt-so-zariadenim-vo-vybornej-lokalite-trnava-cast-zatvor","imagesUrls":["https://img.nehnutelnosti.sk/foto/NjAweDMzOC9maWx0ZXJzOnF1YWxpdHkoMTAwKS9uZWg=/PUsuwLoEP_fss?st=pM_1N85qRrQs7feAI5i5x2YaUr9vGjprPlOphEBLV_o&ts=1721892227&e=0"]},{"title":"INVESTIČNÁ PRÍLEŽITOSŤ - plne obsadený 5 izbový byt v dome s troma bytovými jednotkami","address":"Robotnícka, Senec, okres Senec","rooms":5,"meters":83,"totalPrice":190000,"meterSquarePrice":6,"link":"https://www.nehnutelnosti.sk/detail/Juefel3OBYXB/investicna-prilezitost-plne-obsadeny-5-izbovy-byt-v-dome-s-troma-bytovymi-jednotkami","imagesUrls":["https://img.nehnutelnosti.sk/foto/NjAweDMzOC9maWx0ZXJzOnF1YWxpdHkoMTAwKS9uZWg=/KzRJ6lIy__fss?st=dnu6iqHfvB7biSNqcbDEdnI9ECmeSfTqT4ZtZORXwFA&ts=1725350672&e=0"]},{"title":"Exkluzívne ponúkame na predaj 1-izbový byt v Bratislave!","address":"Bratislava II - Podunajské Biskupice, okres Bratislava","rooms":1,"meters":33,"totalPrice":104900,"meterSquarePrice":7,"link":"https://www.nehnutelnosti.sk/detail/JuZTLkgItz_/exkluzivne-ponukame-na-predaj-1-izbovy-byt-v-bratislave","imagesUrls":["https://img.nehnutelnosti.sk/foto/NjAweDMzOC9maWx0ZXJzOnF1YWxpdHkoMTAwKS9uZWg=/iBGV-WPpl_fss?st=PTY1uUKPOyK87pdfeqMO-B3MJnUPeqqbDA7gm7hoYok&ts=1674387125&e=0"]},{"title":"BUDMERICE!Predaj pekného priestranného 3i bytu, 77m2, vlastné kúrenie, dva balkóny, parkovanie vyhra","address":"nezadane, Budmerice, okres Pezinok","rooms":3,"meters":77,"totalPrice":147500,"meterSquarePrice":8,"link":"https://www.nehnutelnosti.sk/detail/Ju_8eraRytf/budmericepredaj-pekneho-priestranneho-3i-bytu-77m2-vlastne-kurenie-dva-balkony-parkovanie-vyhra","imagesUrls":["https://img.nehnutelnosti.sk/foto/NjAweDMzOC9maWx0ZXJzOnF1YWxpdHkoMTAwKS9uZWg=/UGqR8oCgOy_fss?st=0blKNMphdTVS4j65b5j_JQgmcDob6_EpeztIAKoVtZY&ts=1725960761&e=0"]},{"title":"360° VR - ponúkame na predaj priestranný 2 izbový byt priamo v centre mesta Trnava!!!","address":"Hlavná, Trnava, okres Trnava","rooms":2,"meters":null,"totalPrice":null,"meterSquarePrice":null,"link":"https://www.nehnutelnosti.sk/detail/JuiR1y_z118/360-vr-ponukame-na-predaj-priestranny-2-izbovy-byt-priamo-v-centre-mesta-trnava","imagesUrls":["https://img.nehnutelnosti.sk/foto/NjAweDMzOC9maWx0ZXJzOnF1YWxpdHkoMTAwKS9uZWg=/kTrmzTCvs_fss?st=ytiV1AABSvV4-IUO275yOeXpISKmmEva0pC0N_2_KtU&ts=1705415768&e=0"]},{"title":"PREDAJ - 4 izbový byt s loggiou a pivnicou vo vyhľadávanej časti Trnavy","address":"Špačinská cesta, Trnava, okres Trnava","rooms":4,"meters":76,"totalPrice":160000,"meterSquarePrice":6,"link":"https://www.nehnutelnosti.sk/detail/JuLPWuB4OYD/predaj-4-izbovy-byt-s-loggiou-a-pivnicou-vo-vyhladavanej-casti-trnavy","imagesUrls":["https://img.nehnutelnosti.sk/foto/NjAweDMzOC9maWx0ZXJzOnF1YWxpdHkoMTAwKS9uZWg=/B3pgAqJ0Q_fss?st=wSnKcafoXgfA_YC0iMf4uE1dvp-UPnr4sit12SV-rRA&ts=1725350576&e=0"]},{"title":"3izbový byt v Blumental residence","address":"Radlinského, Bratislava I - Staré Mesto, okres Bratislava","rooms":3,"meters":73,"totalPrice":449900,"meterSquarePrice":1,"link":"https://www.nehnutelnosti.sk/detail/Ju0mfUl9V8y/3izbovy-byt-v-blumental-residence","imagesUrls":["https://img.nehnutelnosti.sk/foto/NjAweDMzOC9maWx0ZXJzOnF1YWxpdHkoMTAwKS9uZWg=/Q-eSwV_2n_fss?st=kkclOG35XrjfIAS8YHPX9Ttn3St1Ai5cWIwxgTxdXIU&ts=1725960776&e=0"]},{"title":"2 IZBOVÝ BYT, SRBSKÁ - KOŠICE JUH","address":"Srbská, Košice IV - Juh, okres Košice","rooms":2,"meters":54,"totalPrice":149000,"meterSquarePrice":6,"link":"https://www.nehnutelnosti.sk/detail/JuzjyQQRULx/2-izbovy-byt-srbska-kosice-juh","imagesUrls":["https://img.nehnutelnosti.sk/foto/NjAweDMzOC9maWx0ZXJzOnF1YWxpdHkoMTAwKS9uZWg=/GP3SrMjWZ_fss?st=93WcJ9sippxGf7yo18rsaHi7dLMABsqdRQ2-25-ZuoQ&ts=1725960131&e=0"]},{"title":"Na predaj jedinečný 2izboý byt s veľkým balkónom v Detve","address":"Štúrova, Detva, okres Detva","rooms":2,"meters":62,"totalPrice":117000,"meterSquarePrice":0,"link":"https://www.nehnutelnosti.sk/detail/Jum8K84ukMR/na-predaj-jedinecny-2izboy-byt-s-velkym-balkonom-v-detve","imagesUrls":["https://img.unitedclassifieds.sk/foto/NjAweDMzOC9maWx0ZXJzOnF1YWxpdHkoMTAwKS9qdWw=/oNR_x1-Kw_fss?st=2kHkStGhS7Fwbw0Lm1iAGysT9EsRcFX4lFG8Kj6cN04&ts=1725958966&e=0"]},{"title":"Na predaj 3 izbový byt s výbornou dispozíciou","address":"Okulka, Vranov nad Topľou, okres Vranov nad Topľou","rooms":3,"meters":65,"totalPrice":94900,"meterSquarePrice":0,"link":"https://www.nehnutelnosti.sk/detail/Juax3t7B62Y/na-predaj-3-izbovy-byt-s-vybornou-dispoziciou","imagesUrls":["https://img.nehnutelnosti.sk/foto/NjAweDMzOC9maWx0ZXJzOnF1YWxpdHkoMTAwKS9uZWg=/4BvlVn7ds_fss?st=8132PalhsGbfYzLnNMP5LYwhvA5aE5K6z6NS7B7EnMc&ts=1720774747&e=0"]},{"title":"Novostavba 3-izbový zariadeny byt, 78 m2, Nové Mesto nad Váhom","address":"Nové Mesto nad Váhom, okres Nové Mesto nad Váhom","rooms":3,"meters":78,"totalPrice":null,"meterSquarePrice":null,"link":"https://www.nehnutelnosti.sk/detail/Ju9rwzRa4GD/novostavba-3-izbovy-zariadeny-byt-78-m2-nove-mesto-nad-vahom","imagesUrls":["https://img.nehnutelnosti.sk/foto/NjAweDMzOC9maWx0ZXJzOnF1YWxpdHkoMTAwKS9uZWg=/K62mYRPfA3_fss?st=sbc1URDhJDWZZ1LfBKgant4358gKPaKj0GisThurWGY&ts=1725957991&e=0"]},{"title":"DIRECTREAL|REZERVOVANÉ|Klimatizovaný 2 izb.byt 60m2, lódžia, garáž, výhľad na jazero Kuchajda","address":"Tomášikova, Bratislava III - Nové Mesto, okres Bratislava","rooms":2,"meters":60,"totalPrice":210000,"meterSquarePrice":0,"link":"https://www.nehnutelnosti.sk/detail/JuMrEzFi6-i/directreal-rezervovane-klimatizovany-2-izb-byt-60m2-lodzia-garaz-vyhlad-na-jazero-kuchajda","imagesUrls":["https://img.nehnutelnosti.sk/foto/NjAweDMzOC9maWx0ZXJzOnF1YWxpdHkoMTAwKS9uZWg=/gVBVvOGcRh_fss?st=nM5KfIvFutEVBnAf9rSFu_V2Jh4-I_rYbYjEVNQ8Y7E&ts=1725957787&e=0"]},{"title":"Na predaj 4 - izbový byt s loggiou v kľudnom prostredí Bratislava - Devínska Nová Ves","address":"Jána Smreka, Bratislava IV - Devínska Nová Ves, okres Bratislava","rooms":4,"meters":81,"totalPrice":209900,"meterSquarePrice":6,"link":"https://www.nehnutelnosti.sk/detail/Jud1Ok7QkWs/na-predaj-4-izbovy-byt-s-loggiou-v-kludnom-prostredi-bratislava-devinska-nova-ves","imagesUrls":["https://img.nehnutelnosti.sk/foto/NjAweDMzOC9maWx0ZXJzOnF1YWxpdHkoMTAwKS9uZWg=/t9s2Hdsyyy_fss?st=Lu_ElUUb8I50v3YlyoxVKKmDG0V59ep4GcY8XV-xK54&ts=1718609653&e=0"]},{"title":"Na predaj 5-izbový mezonet 183m2 v úplnom centre Bratislavy, Michalská ul.","address":"Michalská, Bratislava I - Staré Mesto, okres Bratislava","rooms":null,"meters":183,"totalPrice":null,"meterSquarePrice":null,"link":"https://www.nehnutelnosti.sk/detail/JumrXsP16Nw/na-predaj-5-izbovy-mezonet-183m2-v-uplnom-centre-bratislavy-michalska-ul","imagesUrls":["https://img.unitedclassifieds.sk/foto/NjAweDMzOC9maWx0ZXJzOnF1YWxpdHkoMTAwKS9qdWw=/nD54Kh7e2_fss?st=7eEEnO9d1kZdnuACQxk19xq77PBo5xSLVz_gSC2CXRU&ts=1713338239&e=0"]},{"title":"3-IZB. BYT - PRAŠICE","address":"Slnečná, Prašice, okres Topoľčany","rooms":3,"meters":72,"totalPrice":95000,"meterSquarePrice":4,"link":"https://www.nehnutelnosti.sk/detail/JurN0glr9Pm/3-izb-byt-prasice","imagesUrls":["https://img.nehnutelnosti.sk/foto/NjAweDMzOC9maWx0ZXJzOnF1YWxpdHkoMTAwKS9uZWg=/6qQriGosln_fss?st=rPWlWxfXkvbvGpPLacTpvkcfyxkT9qRuuelK7Ghp9WY&ts=1725956860&e=0"]},{"title":"2-IZB. BYT - NIVY, PARI","address":"Páričkova, Bratislava II - Ružinov, okres Bratislava","rooms":2,"meters":53,"totalPrice":259000,"meterSquarePrice":9,"link":"https://www.nehnutelnosti.sk/detail/JukAKCxp0He/2-izb-byt-nivy-pari","imagesUrls":["https://img.nehnutelnosti.sk/foto/NjAweDMzOC9maWx0ZXJzOnF1YWxpdHkoMTAwKS9uZWg=/dfiY9MAVb_fss?st=-KI-WlTptxOEGr--RByF-xe9lnWpeG0GkbdvCyvSEDU&ts=1725956447&e=0"]},{"title":"Unikátny staromestský 3,5i. byt 75m2, Cukrová ul., 1/2 posch. TEHLA, pri Medickej záhrade, vysoké st","address":"Cukrová, Bratislava I - Staré Mesto, okres Bratislava","rooms":3,"meters":75,"totalPrice":368000,"meterSquarePrice":7,"link":"https://www.nehnutelnosti.sk/detail/Ju6eoDxGtah/unikatny-staromestsky-3-5i-byt-75m2-cukrova-ul-1-2-posch-tehla-pri-medickej-zahrade-vysoke-st","imagesUrls":["https://img.unitedclassifieds.sk/foto/NjAweDMzOC9maWx0ZXJzOnF1YWxpdHkoMTAwKS9yc2Y=/kNptdd9sH_fss?st=ccu7Es4gRf4DOUC9B3Sz012bA_otxFa3ttdGL388Ew4&ts=1724688643&e=0"]},{"title":"Ponúkame na predaj pekný 2 izbový byt v Arbórii, Trnava!","address":"Novomestská ulica, Trnava, okres Trnava","rooms":2,"meters":48,"totalPrice":155000,"meterSquarePrice":7,"link":"https://www.nehnutelnosti.sk/detail/JugwR6IlRAS/ponukame-na-predaj-pekny-2-izbovy-byt-v-arborii-trnava","imagesUrls":["https://img.unitedclassifieds.sk/foto/NjAweDMzOC9maWx0ZXJzOnF1YWxpdHkoMTAwKS9yc2Y=/xmoIb_X9z_fss?st=lshhbHM1SUh4xYUw8Hp4r7DwfCOzcsNaGrvPDx0nAic&ts=1715858411&e=0"]}]