[{"title":"Investičná nehnuteľnosť s garantovaným výnosom 5%","address":"Gäceľská cesta, Dolný Kubín, okres Dolný Kubín","rooms":2,"meters":65,"totalPrice":145000,"meterSquarePrice":4,"link":"https://www.nehnutelnosti.sk/detail/JuB5vlpkI4s/investicna-nehnutelnost-s-garantovanym-vynosom-5","imagesUrls":["https://img.unitedclassifieds.sk/foto/NjAweDMzOC9maWx0ZXJzOnF1YWxpdHkoMTAwKS9yc2Y=/cbF8gt4Xtt_fss?st=zFWy0Y88D37F0fBZwIHDEjf9p7hkJJuE9phpN_EbJF8&ts=1715814842&e=0"]},{"title":"BYTOVÉ DOMY, JUŽNÁ ULICA, SPIŠSKÁ BELÁ","address":"Južná ulica, Spišská Belá, okres Kežmarok","rooms":2,"meters":1,"totalPrice":null,"meterSquarePrice":null,"link":"https://www.nehnutelnosti.sk/detail/JujtzlXrtDJ/bytove-domy-juzna-ulica-spisska-bela","imagesUrls":["https://img.nehnutelnosti.sk/foto/NjAweDMzOC9maWx0ZXJzOnF1YWxpdHkoMTAwKS9uZWg=/W2SuTWPvs_fss?st=B7Y5tNMA1pMR9BDy1rMaj1s7MbEkoEwTkaDKipNGRxw&ts=1726666507&e=0"]},{"title":"Na predaj krásny byt so záhradou","address":"Ortvaňová, Košice III - Košická Nová Ves, okres Košice","rooms":4,"meters":90,"totalPrice":307900,"meterSquarePrice":1,"link":"https://www.nehnutelnosti.sk/detail/Ju6tW0cjZlI/na-predaj-krasny-byt-so-zahradou","imagesUrls":["https://img.nehnutelnosti.sk/foto/NjAweDMzOC9maWx0ZXJzOnF1YWxpdHkoMTAwKS9uZWg=/a9O0WNQ16_fss?st=6X_eblykB-SlzACwLIJJJIsYc37uas8QiZc3QBZyfbk&ts=1725860855&e=0"]},{"title":"NOVÁ CENA !!! 3 izbový byt  Tisovec","address":"Francisciho, Tisovec, okres Rimavská Sobota","rooms":3,"meters":73,"totalPrice":39000,"meterSquarePrice":5,"link":"https://www.nehnutelnosti.sk/detail/JuSiPg7p9SO/nova-cena-3-izbovy-byt-tisovec","imagesUrls":["https://img.nehnutelnosti.sk/foto/NjAweDMzOC9maWx0ZXJzOnF1YWxpdHkoMTAwKS9uZWg=/Xffdt3LPTL_fss?st=IbLExh3IIz0ZreoQZF29PKmwUWxcXVq37lFZ1G5_9f4&ts=1716214800&e=0"]},{"title":"Na predaj 4i byt s balkónom v Pliešovciach.","address":"Pliešovce, okres Zvolen","rooms":4,"meters":103,"totalPrice":90000,"meterSquarePrice":9,"link":"https://www.nehnutelnosti.sk/detail/Jus79NIX5McJ/na-predaj-4i-byt-s-balkonom-v-pliesovciach","imagesUrls":["https://img.nehnutelnosti.sk/foto/NjAweDMzOC9maWx0ZXJzOnF1YWxpdHkoMTAwKS9uZWg=/WAoZVIrvz9_fss?st=a9gNDD3nUbOgPnIrl-dHaRr69NLJ4Sv5A66Go2c_i8k&ts=1725224617&e=0"]},{"title":"KH-754, 3 izbový byt, Prešov, sídlisko Sekčov, ul. Vansovej","address":"Vansovej, Prešov, okres Prešov","rooms":3,"meters":72,"totalPrice":144000,"meterSquarePrice":0,"link":"https://www.nehnutelnosti.sk/detail/JufZmvv5pBd/kh-754-3-izbovy-byt-presov-sidlisko-sekcov-ul-vansovej","imagesUrls":["https://img.nehnutelnosti.sk/foto/NjAweDMzOC9maWx0ZXJzOnF1YWxpdHkoMTAwKS9uZWg=/Q1JbAQivj_fss?st=IaPEtkpcftth_qNggLZ9ZTrmUDgUDvo99wfxTMNXEtY&ts=1707935778&e=0"]},{"title":"Dvojizbový byt s výhľadom na Trenčiansky hrad","address":"Hanzlíkovská, Trenčín, okres Trenčín","rooms":2,"meters":52,"totalPrice":147600,"meterSquarePrice":7,"link":"https://www.nehnutelnosti.sk/detail/JuWgDlnuWhR/dvojizbovy-byt-s-vyhladom-na-trenciansky-hrad","imagesUrls":["https://img.nehnutelnosti.sk/foto/NjAweDMzOC9maWx0ZXJzOnF1YWxpdHkoMTAwKS9uZWg=/cFMax921e_fss?st=NmrSR0KKi2L1qvaXFi6ayJ1yJPgE9xG_q0j35Nmuwoo&ts=1724402887&e=0"]},{"title":"PREDANÉ -Predaj 3 izbového bytu s možnosťou prerobiť na 4 izbový, 103 m2, balkón, loggia a garáž v c","address":"Martin, okres Martin","rooms":4,"meters":111,"totalPrice":null,"meterSquarePrice":null,"link":"https://www.nehnutelnosti.sk/detail/Jui8gutWgncy/predane-predaj-3-izboveho-bytu-s-moznostou-prerobit-na-4-izbovy-103-m2-balkon-loggia-a-garaz-v-c","imagesUrls":["https://img.nehnutelnosti.sk/foto/NjAweDMzOC9maWx0ZXJzOnF1YWxpdHkoMTAwKS9uZWg=/GLyeCpO0mY_fss?st=LrZpd6wWE76mAL466PMgCWtvCFzVAAaqWUzTO1cxRqU&ts=1723494713&e=0"]},{"title":"Predaj štýlového 2-izbového bytu na Medzilaboreckej ulici","address":"Medzilaborecká, Bratislava II - Ružinov, okres Bratislava","rooms":2,"meters":56,"totalPrice":226600,"meterSquarePrice":3,"link":"https://www.nehnutelnosti.sk/detail/JuILeyZTAlZ/predaj-styloveho-2-izboveho-bytu-na-medzilaboreckej-ulici","imagesUrls":["https://img.unitedclassifieds.sk/foto/NjAweDMzOC9maWx0ZXJzOnF1YWxpdHkoMTAwKS9qdWw=/HPl_F2XOU_fss?st=_270UwRpomGvQpJ1E7xmhstW7hrwIwJwPh0PZ1Bj3wU&ts=1723485971&e=0"]},{"title":"MODRA-priestranný  3 izb. byt+terasa+ parkovanie v garáži","address":"Trnavská, Modra, okres Pezinok","rooms":3,"meters":87,"totalPrice":209900,"meterSquarePrice":2,"link":"https://www.nehnutelnosti.sk/detail/JuWbUT9bNCJ/modra-priestranny-3-izb-byt-terasa-parkovanie-v-garazi","imagesUrls":["https://img.nehnutelnosti.sk/foto/NjAweDMzOC9maWx0ZXJzOnF1YWxpdHkoMTAwKS9uZWg=/OXaYhlV0A_fss?st=CWCgixytaiouXFbFxYAdZpPyVZvzu-UCdC-1g8ohK9Y&ts=1717622900&e=0"]},{"title":"KRÁSNY 4 IZBOVÝ BYT BRATISLAVA STARÉ MESTO GRÖSSLINGOVA UL. 105 m2","address":"Grösslingova, Bratislava I - Staré Mesto, okres Bratislava","rooms":4,"meters":105,"totalPrice":559500,"meterSquarePrice":7,"link":"https://www.nehnutelnosti.sk/detail/JubSNhyV7gl/krasny-4-izbovy-byt-bratislava-stare-mesto-grosslingova-ul-105-m2","imagesUrls":["https://img.nehnutelnosti.sk/foto/NjAweDMzOC9maWx0ZXJzOnF1YWxpdHkoMTAwKS9uZWg=/H95GoVunDQ_fss?st=7mlLWc2RADkW4Spuax68edtddr4ZWEe2uP4MpbBAZKY&ts=1723485684&e=0"]},{"title":"Topoľčianska - bývanie pri Draždiaku","address":"Topoľčianska, Bratislava V - Petržalka, okres Bratislava","rooms":2,"meters":49,"totalPrice":222192,"meterSquarePrice":7,"link":"https://www.nehnutelnosti.sk/detail/JuPI_dycVFn/topolcianska-byvanie-pri-drazdiaku","imagesUrls":[]},{"title":"Priestranný 2 izbový byt, Floriánska ul., 60m2, Košice- Staré mesto","address":"Floriánska, Košice I - Staré Mesto, okres Košice","rooms":2,"meters":60,"totalPrice":185000,"meterSquarePrice":3,"link":"https://www.nehnutelnosti.sk/detail/Ju4g7ORXuMZ/priestranny-2-izbovy-byt-florianska-ul-60m2-kosice-stare-mesto","imagesUrls":["https://img.nehnutelnosti.sk/foto/NjAweDMzOC9maWx0ZXJzOnF1YWxpdHkoMTAwKS9uZWg=/8s2cPA5E-_fss?st=RxGf5ZaJQ9WC5-VcUUJ8MLSK2HKlyt7SeeGDl308mdE&ts=1723482491&e=0"]},{"title":"Priprava 3 izb Trieda SNP na predaj-Moldavská - REZERVOVANÉ","address":"Trieda SNP, Košice II - Západ, okres Košice","rooms":3,"meters":null,"totalPrice":158000,"meterSquarePrice":3,"link":"https://www.nehnutelnosti.sk/detail/JumYSduZqp1/priprava-3-izb-trieda-snp-na-predaj-moldavska-rezervovane","imagesUrls":["https://img.nehnutelnosti.sk/foto/NjAweDMzOC9maWx0ZXJzOnF1YWxpdHkoMTAwKS9uZWg=/qpld116V0_fss?st=nzg5FUpZ2j0_Fvbro0iBmGRJwt5MuGpy5ZTbDXWxtto&ts=1723482480&e=0"]},{"title":"REZERVOVANÉ - 2 izbový byt, 53 m2, Prešov, Levočská ul.","address":"Levočská, Prešov, okres Prešov","rooms":2,"meters":53,"totalPrice":122000,"meterSquarePrice":9,"link":"https://www.nehnutelnosti.sk/detail/JupVDA-6Lx7/rezervovane-2-izbovy-byt-53-m2-presov-levocska-ul","imagesUrls":["https://img.nehnutelnosti.sk/foto/NjAweDMzOC9maWx0ZXJzOnF1YWxpdHkoMTAwKS9uZWg=/ezahbTNCaC_fss?st=NbMs5qYOwILTvNuMVXPbK83oqlkD2k1KcdieReHMZPU&ts=1721926858&e=0"]},{"title":"GERLACH REZORT - objavujte krásy našich Tatier.","address":"Gerlachov, Poprad, okres Poprad","rooms":1,"meters":29,"totalPrice":119916,"meterSquarePrice":9,"link":"https://www.nehnutelnosti.sk/detail/Ju_bXINNuDv/gerlach-rezort-objavujte-krasy-nasich-tatier","imagesUrls":["https://img.nehnutelnosti.sk/foto/NjAweDMzOC9maWx0ZXJzOnF1YWxpdHkoMTAwKS9uZWg=/vCtS6ELm4_fss?st=NbhP0bVQCNjG54tcbU_VCzS_Zo5dDmgBpHaC2RIySN8&ts=1665132690&e=0"]},{"title":"GERLACH REZORT - financujte svoj relax cez hypotéku.","address":"Gerlachov, Poprad, okres Poprad","rooms":3,"meters":77,"totalPrice":262248,"meterSquarePrice":5,"link":"https://www.nehnutelnosti.sk/detail/Jurf03ao1N6/gerlach-rezort-financujte-svoj-relax-cez-hypoteku","imagesUrls":["https://img.nehnutelnosti.sk/foto/NjAweDMzOC9maWx0ZXJzOnF1YWxpdHkoMTAwKS9uZWg=/Fxuba2DLor_fss?st=cleedDzoMnKO25Y_KJFHeTvQv9VsKlq_0Ok4w5pmRAk&ts=1665132676&e=0"]},{"title":"Piešťany -  3 izbový byt Teplická ul. -  pôvodný stav - ID B24018","address":"Teplická, Piešťany, okres Piešťany","rooms":3,"meters":92,"totalPrice":172000,"meterSquarePrice":7,"link":"https://www.nehnutelnosti.sk/detail/JuDD7wj2M3i/piestany-3-izbovy-byt-teplicka-ul-povodny-stav-id-b24018","imagesUrls":["https://img.nehnutelnosti.sk/foto/NjAweDMzOC9maWx0ZXJzOnF1YWxpdHkoMTAwKS9uZWg=/0KjmR6s1J_fss?st=dQMe_F3BH3POBjaeLIK18jTI818ZWNogmZcXmLOgK_M&ts=1712941777&e=0"]},{"title":"TOP ponuka 3-izbového bytu na sídlisku Veľký Bysterec","address":"Na sihoti, Dolný Kubín, okres Dolný Kubín","rooms":3,"meters":72,"totalPrice":149900,"meterSquarePrice":4,"link":"https://www.nehnutelnosti.sk/detail/JuK70RWBJSE/top-ponuka-3-izboveho-bytu-na-sidlisku-velky-bysterec","imagesUrls":["https://img.nehnutelnosti.sk/foto/NjAweDMzOC9maWx0ZXJzOnF1YWxpdHkoMTAwKS9uZWg=/Rw2uvG4zYm_fss?st=4_uzjMfQjXF8bLEAEy13IA0Qsfw540V2czHI8Aq4wzU&ts=1715691917&e=0"]},{"title":"4-izbový dvojpodlažný byt v lukratívnej časti mesta Bardejov","address":"Jesenského, Bardejov, okres Bardejov","rooms":4,"meters":null,"totalPrice":null,"meterSquarePrice":null,"link":"https://www.nehnutelnosti.sk/detail/RbsbYU2UQ1w/4-izbovy-dvojpodlazny-byt-v-lukrativnej-casti-mesta-bardejov","imagesUrls":["https://img.unitedclassifieds.sk/foto/NjAweDMzOC9maWx0ZXJzOnF1YWxpdHkoMTAwKS9yc2I=/1JPNgZV5a_fss?st=lc1u8h_0ntz07lJ-_UwqKjpx383cWBc7lO79mx28aFA&ts=1723471264&e=0"]},{"title":"2-izbový byt na predaj v okrese Veľký Krtíš","address":"Boženy Němcovej, Veľký Krtíš, okres Veľký Krtíš","rooms":2,"meters":58,"totalPrice":46900,"meterSquarePrice":2,"link":"https://www.nehnutelnosti.sk/detail/JuxrRae-YWS/2-izbovy-byt-na-predaj-v-okrese-velky-krtis","imagesUrls":["https://img.unitedclassifieds.sk/foto/NjAweDMzOC9maWx0ZXJzOnF1YWxpdHkoMTAwKS9qdWw=/PaZ7cuTFC_fss?st=J1wWgNslfpT3xvzsFEomOgb5NFp4geg7nBqpn54LecM&ts=1723468890&e=0"]},{"title":"Apartmán v Hoteli Kukučka, Tatranská Lomnica","address":"Vysoké Tatry, okres Poprad","rooms":null,"meters":40,"totalPrice":295500,"meterSquarePrice":0,"link":"https://www.nehnutelnosti.sk/detail/JutymUV5luT/apartman-v-hoteli-kukucka-tatranska-lomnica","imagesUrls":["https://img.unitedclassifieds.sk/foto/NjAweDMzOC9maWx0ZXJzOnF1YWxpdHkoMTAwKS9qdWw=/qoSgBPhpK_fss?st=ZwzR9HX0ou-2OKiT8dh5urKfieinqxBORPR6Eyz6noc&ts=1723468668&e=0"]},{"title":"Slnečný 4-izbový byt na Kríkovej ulici","address":"Kríková, Bratislava II - Vrakuňa, okres Bratislava","rooms":4,"meters":80,"totalPrice":198000,"meterSquarePrice":5,"link":"https://www.nehnutelnosti.sk/detail/Ju8Hu4FBeN-/slnecny-4-izbovy-byt-na-krikovej-ulici","imagesUrls":["https://img.nehnutelnosti.sk/foto/NjAweDMzOC9maWx0ZXJzOnF1YWxpdHkoMTAwKS9uZWg=/DhAYLeCUNi_fss?st=L95al9hIBsMyqC1IZRxXM3rl23Hxkf0rBqZhuYzdfWI&ts=1723468200&e=0"]},{"title":"KOMPLETNE ZREKONŠTRUOVANÝ 5 IZB. BYT V TEHLOVOM BYTOVOM DOME, ŽABOTOVÁ ULICA","address":"Žabotova, Bratislava I - Staré Mesto, okres Bratislava","rooms":5,"meters":160,"totalPrice":449900,"meterSquarePrice":8,"link":"https://www.nehnutelnosti.sk/detail/JuyhBn0hjDp/kompletne-zrekonstruovany-5-izb-byt-v-tehlovom-bytovom-dome-zabotova-ulica","imagesUrls":["https://img.nehnutelnosti.sk/foto/NjAweDMzOC9maWx0ZXJzOnF1YWxpdHkoMTAwKS9uZWg=/IuefqkbKxN_fss?st=uagAz_GPWrEFe5nxSc1XGtMkt9bVhEALoMCqJQpQTUA&ts=1723468108&e=0"]},{"title":"Exkluzívne u nás výnimočný predaj celého podlažia – 2 bytov s terasou na Dohnányho ul., Nivy","address":"Dohnányho, Bratislava II - Ružinov, okres Bratislava","rooms":5,"meters":279,"totalPrice":599000,"meterSquarePrice":5,"link":"https://www.nehnutelnosti.sk/detail/JuKyJhK4xmr/exkluzivne-u-nas-vynimocny-predaj-celeho-podlazia-2-bytov-s-terasou-na-dohnanyho-ul-nivy","imagesUrls":["https://img.nehnutelnosti.sk/foto/NjAweDMzOC9maWx0ZXJzOnF1YWxpdHkoMTAwKS9uZWg=/k_CNVu0Ld_fss?st=fBHCi-_NZZ7Ylamrj2Ns2LarQoMk9CcCytgiPMmnhHU&ts=1724042772&e=0"]},{"title":"Rezervovany Na predaj 1-izbový byt na, ul. A. Sládkoviča po kompletnej rekonštrukcii .Nachádza na 1.","address":"A. Sládkoviča, Nové Mesto nad Váhom, okres Nové Mesto nad Váhom","rooms":1,"meters":34,"totalPrice":null,"meterSquarePrice":null,"link":"https://www.nehnutelnosti.sk/detail/Jui_WACIfuu/rezervovany-na-predaj-1-izbovy-byt-na-ul-a-sladkovica-po-kompletnej-rekonstrukcii-nachadza-na-1","imagesUrls":["https://img.nehnutelnosti.sk/foto/NjAweDMzOC9maWx0ZXJzOnF1YWxpdHkoMTAwKS9uZWg=/CHLg3kUvyn_fss?st=EWbpriHz-lmcq_e3TM_axDLUmAK11K07GgSVDGMAEKw&ts=1723467429&e=0"]},{"title":"Predaj - Garsónka - Zlaté Moravce - zariadená","address":"Mládeže, Zlaté Moravce, okres Zlaté Moravce","rooms":null,"meters":25,"totalPrice":68000,"meterSquarePrice":0,"link":"https://www.nehnutelnosti.sk/detail/Juui6AsmbNc/predaj-garsonka-zlate-moravce-zariadena","imagesUrls":["https://img.nehnutelnosti.sk/foto/NjAweDMzOC9maWx0ZXJzOnF1YWxpdHkoMTAwKS9uZWg=/58oVpANfFI_fss?st=y8BRHfsh9xNC5PyJPxuVaKWC5Ja2izx22ReEhBjpQaU&ts=1723466636&e=0"]},{"title":"NA PREDAJ | 4 izbový mezonet s loggiou, 102  m2, Dolný Smokovec","address":"Dolný Smokovec, okres Poprad","rooms":4,"meters":102,"totalPrice":269000,"meterSquarePrice":5,"link":"https://www.nehnutelnosti.sk/detail/JuUJvGnaB9u/na-predaj-4-izbovy-mezonet-s-loggiou-102-m2-dolny-smokovec","imagesUrls":["https://img.unitedclassifieds.sk/foto/NjAweDMzOC9maWx0ZXJzOnF1YWxpdHkoMTAwKS9qdWw=/lT6FgenEF_fss?st=aSRyi46lf90NgjcJ-aWNcdoRYv0536dAYg1UliMcFCA&ts=1726060222&e=0"]},{"title":"JEDINEČNÁ INVESTÍCIA - hotelová izba, Hotel Kukučka, Tatranská Lomnica","address":"Vysoké Tatry, okres Poprad","rooms":null,"meters":21,"totalPrice":192000,"meterSquarePrice":6,"link":"https://www.nehnutelnosti.sk/detail/Jut-fhuikts/jedinecna-investicia-hotelova-izba-hotel-kukucka-tatranska-lomnica","imagesUrls":["https://img.unitedclassifieds.sk/foto/NjAweDMzOC9maWx0ZXJzOnF1YWxpdHkoMTAwKS9qdWw=/9qGhxaCRO_fss?st=26ZFVwCTy-RTltF2l4lopHOfKp0f8ueJ5TETGD7w2ek&ts=1723464462&e=0"]},{"title":"Na predaj kompletne prerobený trojizbový byt na ulici Janka Kráľa v Šahách**","address":"J. Kráľa, Šahy, okres Levice","rooms":3,"meters":69,"totalPrice":74999,"meterSquarePrice":9,"link":"https://www.nehnutelnosti.sk/detail/JuveZBUOdMg/na-predaj-kompletne-prerobeny-trojizbovy-byt-na-ulici-janka-krala-v-sahach","imagesUrls":["https://img.unitedclassifieds.sk/foto/NjAweDMzOC9maWx0ZXJzOnF1YWxpdHkoMTAwKS9qdWw=/iTaXQlvwNx_fss?st=caLwgGZ1TiEtLWQ9geWZOJAYLVzcLsiPTUJf9KtXvN8&ts=1723460529&e=0"]}]