[{"title":"AMBER: 2 izbový byt v obľúbenom projekte s parkingom v novostavbe","address":"Bystrická, Bratislava IV - Devínska Nová Ves, okres Bratislava","rooms":2,"meters":46,"totalPrice":194900,"meterSquarePrice":6,"link":"https://www.nehnutelnosti.sk/detail/JuSa4gM9UEL/amber-2-izbovy-byt-v-oblubenom-projekte-s-parkingom-v-novostavbe","imagesUrls":["https://img.nehnutelnosti.sk/foto/NjAweDMzOC9maWx0ZXJzOnF1YWxpdHkoMTAwKS9uZWg=/WCSQ0flWY_fss?st=NK-FSp1Ydo3UZzUkmf8DC4MqLhIYrlOVStFlaga01JU&ts=1723021808&e=0"]},{"title":"predaj: novostavba -2- izbový byt - VYBAVÍME FINANCOVANIE","address":"Damjanichova, Komárno, okres Komárno","rooms":2,"meters":47,"totalPrice":100876,"meterSquarePrice":0,"link":"https://www.nehnutelnosti.sk/detail/JuBuJInuNwx/predaj-novostavba-2-izbovy-byt-vybavime-financovanie","imagesUrls":["https://img.nehnutelnosti.sk/foto/NjAweDMzOC9maWx0ZXJzOnF1YWxpdHkoMTAwKS9uZWg=/9-EQIBR6N_fss?st=0h_DsDLA4C44nT9CX3nKLAKCDOvp7BUZunO4-Qdr3ms&ts=1725653412&e=0"]},{"title":"Priestranný dvojizbový byt prerobený na trojizbový v TOP lokalite","address":"Na Sihoti, Dolný Kubín, okres Dolný Kubín","rooms":3,"meters":59,"totalPrice":134900,"meterSquarePrice":4,"link":"https://www.nehnutelnosti.sk/detail/Juz4q_xx6X_/priestranny-dvojizbovy-byt-prerobeny-na-trojizbovy-v-top-lokalite","imagesUrls":["https://img.nehnutelnosti.sk/foto/NjAweDMzOC9maWx0ZXJzOnF1YWxpdHkoMTAwKS9uZWg=/u2GfX-ESPt_fss?st=1icVdF2iutPI-U3D9xJMaFN8ckMQ4_hcJc6rdF2V7As&ts=1726663042&e=0"]},{"title":"Výhodná ponuka - Predaj developerského projektu rôznych bytov v rôznych cenách","address":"Špaldova, Bratislava II - Podunajské Biskupice, okres Bratislava","rooms":2,"meters":44,"totalPrice":172900,"meterSquarePrice":5,"link":"https://www.nehnutelnosti.sk/detail/JuX-4Fjji69/vyhodna-ponuka-predaj-developerskeho-projektu-roznych-bytov-v-roznych-cenach","imagesUrls":["https://img.nehnutelnosti.sk/foto/NjAweDMzOC9maWx0ZXJzOnF1YWxpdHkoMTAwKS9uZWg=/DwP56X1JX_fss?st=lR6MpEJzuVaAYf6-12MXuRu_coMgzDrluIdU8X5wrXI&ts=1723020290&e=0"]},{"title":"3 IZBOVÝ BYT NA PREDAJ – LEVICE – BLÍZKO CENTRA","address":"Levice, okres Levice","rooms":3,"meters":66,"totalPrice":89900,"meterSquarePrice":7,"link":"https://www.nehnutelnosti.sk/detail/Ju62RYepumA/3-izbovy-byt-na-predaj-levice-blizko-centra","imagesUrls":["https://img.unitedclassifieds.sk/foto/NjAweDMzOC9maWx0ZXJzOnF1YWxpdHkoMTAwKS9qdWw=/kM7622K84_fss?st=AfXb298aN4WnEYeAy06fKTX77-yC14Sso2OeL8U-5WE&ts=1723019064&e=0"]},{"title":"Znížená cena! Ponúkame na predaj 3-izbový byt v Nových Zámkoch","address":"Nové Zámky, okres Nové Zámky","rooms":3,"meters":73,"totalPrice":92900,"meterSquarePrice":5,"link":"https://www.nehnutelnosti.sk/detail/Ju_WRIb9j6e/znizena-cena-ponukame-na-predaj-3-izbovy-byt-v-novych-zamkoch","imagesUrls":["https://img.nehnutelnosti.sk/foto/NjAweDMzOC9maWx0ZXJzOnF1YWxpdHkoMTAwKS9uZWg=/QgDOuuOZaF_fss?st=m5g61iJIhUbwp432yFUjg6jJbAylJkiRLK9-x1smGEY&ts=1721480955&e=0"]},{"title":"*RESERVÉ* NOVÝ 3-izb. tehlový byt pri jazere (71 m²) / 2x balkón (13 m²) / novostavba / Bukovecká ul","address":"Bukovecká, Košice IV - Nad jazerom, okres Košice","rooms":3,"meters":71,"totalPrice":null,"meterSquarePrice":null,"link":"https://www.nehnutelnosti.sk/detail/JugXyRdtPiG/reserve-novy-3-izb-tehlovy-byt-pri-jazere-71-m-2x-balkon-13-m-novostavba-bukovecka-ul","imagesUrls":["https://img.nehnutelnosti.sk/foto/NjAweDMzOC9maWx0ZXJzOnF1YWxpdHkoMTAwKS9uZWg=/lK5AhhyPBw_fss?st=28DyquN3e9vRsd6iTEqD7Zr-pzWDDhX0UdbN6dMf5OU&ts=1722985067&e=0"]},{"title":"BYTY FABINIHO SPIŠSKÁ NOVÁ VES","address":"J. Fabiniho, Spišská Nová Ves, okres Spišská Nová Ves","rooms":3,"meters":63,"totalPrice":135900,"meterSquarePrice":6,"link":"https://www.nehnutelnosti.sk/detail/JuMo-vsF_A0/byty-fabiniho-spisska-nova-ves","imagesUrls":["https://img.unitedclassifieds.sk/foto/NjAweDMzOC9maWx0ZXJzOnF1YWxpdHkoMTAwKS9qdWw=/S0PPPoHTf_fss?st=vpdoKj9FHAgZv7lsrHf1qXyWIWjAdjgDbakPAPZNH2M&ts=1722953884&e=0"]},{"title":"Predaj: 3 izbový byt v meste Čadca(167-B)","address":"Okružná, Čadca, okres Čadca","rooms":3,"meters":69,"totalPrice":132900,"meterSquarePrice":4,"link":"https://www.nehnutelnosti.sk/detail/Ju7O7y1Ai3C/predaj-3-izbovy-byt-v-meste-cadca167-b","imagesUrls":["https://img.nehnutelnosti.sk/foto/NjAweDMzOC9maWx0ZXJzOnF1YWxpdHkoMTAwKS9uZWg=/-iwoj-Jfa_fss?st=iE2ktXUR6VyPIyhUiTzfwZNL8VtKgrm4mO6Dvw0UdOU&ts=1707404810&e=0"]},{"title":"GODDESS & ASSENZIO - PREDAJ- INVESTIČNÁ - GARZÓNKA 14 M2 - ŠKULTÉTYHO ULICA - NOVÉ MESTO","address":"Škultétyho, Bratislava III - Nové Mesto, okres Bratislava","rooms":null,"meters":14,"totalPrice":90000,"meterSquarePrice":7,"link":"https://www.nehnutelnosti.sk/detail/Ju8IkSCSUPV/goddess-assenzio-predaj-investicna-garzonka-14-m2-skultetyho-ulica-nove-mesto","imagesUrls":["https://img.nehnutelnosti.sk/foto/NjAweDMzOC9maWx0ZXJzOnF1YWxpdHkoMTAwKS9uZWg=/F-kKtlmqu_fss?st=HVKR9MWXg4bjPrfynF3N7oTVEEL_3FzBnYp2vKEJkTE&ts=1722967757&e=0"]},{"title":"BYTOČ RK - Predaj historického staromestského bytu na Štefánikovej ul. - Staré mesto - BA","address":"Štefánikova, Bratislava I - Staré Mesto, okres Bratislava","rooms":3,"meters":96,"totalPrice":399500,"meterSquarePrice":8,"link":"https://www.nehnutelnosti.sk/detail/JukNfI9hgyt/bytoc-rk-predaj-historickeho-staromestskeho-bytu-na-stefanikovej-ul-stare-mesto-ba","imagesUrls":["https://img.nehnutelnosti.sk/foto/NjAweDMzOC9maWx0ZXJzOnF1YWxpdHkoMTAwKS9uZWg=/pxHXamiFe_fss?st=sKAnv0LGAXjZJyWMbL4nH8NL5vtB2WQpjlO7-JBT69g&ts=1717599348&e=0"]},{"title":"3 izbový byt na PREDAJ, Humenné, ulica Košická","address":"Humenné, okres Humenné","rooms":3,"meters":80,"totalPrice":89900,"meterSquarePrice":5,"link":"https://www.nehnutelnosti.sk/detail/Juf-wIBeStBt/3-izbovy-byt-na-predaj-humenne-ulica-kosicka","imagesUrls":["https://img.nehnutelnosti.sk/foto/NjAweDMzOC9maWx0ZXJzOnF1YWxpdHkoMTAwKS9uZWg=/gI65-Q1J2_fss?st=HIAEjkJDtXYCecub2U_OFs-tXEMqUlJZKdE4oidkrng&ts=1726733081&e=0"]},{"title":"Predaj: Priestranný 3 izbový byt v meste Kysucké Nové Mesto(015-B)","address":"Kysucké Nové Mesto, Kysucké Nové Mesto, okres Kysucké Nové Mesto","rooms":3,"meters":72,"totalPrice":142900,"meterSquarePrice":2,"link":"https://www.nehnutelnosti.sk/detail/JunCOKnq7PY/predaj-priestranny-3-izbovy-byt-v-meste-kysucke-nove-mesto015-b","imagesUrls":["https://img.nehnutelnosti.sk/foto/NjAweDMzOC9maWx0ZXJzOnF1YWxpdHkoMTAwKS9uZWg=/vtk76LD61_fss?st=WIkPlACMDBe5WAdxgTW9svDc9qd50SzeUu4vz5QL2AI&ts=1705583871&e=0"]},{"title":"BYTY FABINIHO SPIŠSKÁ NOVÁ VES","address":"J. Fabiniho, Spišská Nová Ves, okres Spišská Nová Ves","rooms":3,"meters":78,"totalPrice":178500,"meterSquarePrice":6,"link":"https://www.nehnutelnosti.sk/detail/Juq0dLmNjE3/byty-fabiniho-spisska-nova-ves","imagesUrls":["https://img.unitedclassifieds.sk/foto/NjAweDMzOC9maWx0ZXJzOnF1YWxpdHkoMTAwKS9qdWw=/C0vEQ3Qws_fss?st=3kLV-D8yU16ElhwICU5CLAcmPkvQkBZiHpyBSzQsXcs&ts=1718746476&e=0"]},{"title":"Smolnícka ul. - predáme garsónku pri Štrkoveckom jazere","address":"Smolnícka, Bratislava II - Ružinov, okres Bratislava","rooms":null,"meters":24,"totalPrice":125000,"meterSquarePrice":0,"link":"https://www.nehnutelnosti.sk/detail/Jur-dxNRz8H/smolnicka-ul-predame-garsonku-pri-strkoveckom-jazere","imagesUrls":["https://img.unitedclassifieds.sk/foto/NjAweDMzOC9maWx0ZXJzOnF1YWxpdHkoMTAwKS9qdWw=/cpCWiTa-0_fss?st=2WfDvTzlPZOMRKvQ9kdNEAh_VMwsFCOdNHf8-bHWVwI&ts=1722959707&e=0"]},{"title":"Hollého ulica - 1 izb. byt s balkónom - pôvodný - 66.500€","address":"Hollého, Michalovce, okres Michalovce","rooms":1,"meters":37,"totalPrice":66500,"meterSquarePrice":0,"link":"https://www.nehnutelnosti.sk/detail/JuCAYld9gS6/holleho-ulica-1-izb-byt-s-balkonom-povodny-66-500","imagesUrls":["https://img.nehnutelnosti.sk/foto/NjAweDMzOC9maWx0ZXJzOnF1YWxpdHkoMTAwKS9uZWg=/h2yAM19ijm_fss?st=fUtVmDfmIjLRPuc1Kv6F1_5SNB3qsGIPuGWYanKzQK8&ts=1724432109&e=0"]},{"title":"1- izbový byt Liptovská Ondrašová POD ZÁSAD ''A'' Kolaudácia Jún 2024","address":"Za poštou, Liptovská Ondrašová, okres Liptovský Mikuláš","rooms":1,"meters":33,"totalPrice":94900,"meterSquarePrice":3,"link":"https://www.nehnutelnosti.sk/detail/JuHqPQChpHU/1-izbovy-byt-liptovska-ondrasova-pod-zasad-a-kolaudacia-jun-2024","imagesUrls":["https://img.unitedclassifieds.sk/foto/NjAweDMzOC9maWx0ZXJzOnF1YWxpdHkoMTAwKS9qdWw=/DybD3YJiU_fss?st=9KQfH_UzGDLr5XYJfSCTo4TcJHh-Jjd-xHQpnL2lHzM&ts=1684848531&e=0"]},{"title":"Moderné komunitné bývanie  v 5r novostavbe DÚBRAVY, ihneď k nasťahovaniu","address":"Agátová 11, Bratislava IV - Dúbravka, okres Bratislava","rooms":3,"meters":66,"totalPrice":269000,"meterSquarePrice":6,"link":"https://www.nehnutelnosti.sk/detail/JuWNZH5H7sZ/moderne-komunitne-byvanie-v-5r-novostavbe-dubravy-ihned-k-nastahovaniu","imagesUrls":["https://img.unitedclassifieds.sk/foto/NjAweDMzOC9maWx0ZXJzOnF1YWxpdHkoMTAwKS9qdWw=/-qRMSuO05_fss?st=h9HgJ38K4qHKp_zcQvhxwbK0bc2ksS02kLJLtQwrCbU&ts=1722952531&e=0"]},{"title":"POSLEDNÝ 2 izbový *SKOLAUODAVÝ*byt v PONUKE so ***záhradou***93m2 v CENE 139.000€(okres MALACKY)","address":"KOstolište, Malacky, okres Malacky","rooms":2,"meters":70,"totalPrice":139000,"meterSquarePrice":1,"link":"https://www.nehnutelnosti.sk/detail/Ju9WtwjOSVg/posledny-2-izbovy-skolauodavybyt-v-ponuke-so-zahradou93m2-v-cene-139-000okres-malacky","imagesUrls":["https://img.nehnutelnosti.sk/foto/NjAweDMzOC9maWx0ZXJzOnF1YWxpdHkoMTAwKS9uZWg=/QMt4jlVvCD_fss?st=Z02XsPg4g6123poNMiCCJw-Lcee1RP-QMV6jWZaJU0Y&ts=1722952007&e=0"]},{"title":"POSLEDNÝ 2 izbový *SKOLAUODAVÝ*byt v PONUKE so ***záhradou***93m2 v CENE 139.000€","address":"KOstolište, Kostolište, okres Malacky","rooms":2,"meters":70,"totalPrice":139000,"meterSquarePrice":1,"link":"https://www.nehnutelnosti.sk/detail/JulTk9MCL-B/posledny-2-izbovy-skolauodavybyt-v-ponuke-so-zahradou93m2-v-cene-139-000","imagesUrls":["https://img.nehnutelnosti.sk/foto/NjAweDMzOC9maWx0ZXJzOnF1YWxpdHkoMTAwKS9uZWg=/tw60IvFbX_fss?st=rbA10oAU2cSUZuDvWb7NpIll-n0o_2dS1HbuhM0vNx4&ts=1722952004&e=0"]},{"title":"2-izbový byt, Martin - centrum - REZERVOVANÉ","address":"Martin, okres Martin","rooms":2,"meters":57,"totalPrice":94900,"meterSquarePrice":2,"link":"https://www.nehnutelnosti.sk/detail/JuWVzpLObbh/2-izbovy-byt-martin-centrum-rezervovane","imagesUrls":["https://img.unitedclassifieds.sk/foto/NjAweDMzOC9maWx0ZXJzOnF1YWxpdHkoMTAwKS9yc2Y=/h4mqBbDQJ_fss?st=zJEukdx8uSA7VvW9_gLgf1e7RuHB7FqgFT9aKaTsOQ0&ts=1720438246&e=0"]},{"title":"Zariadený 3izbový byt, klimatizácia, 128m2, ul. Špitálska, Staré mesto","address":"Špitálska, Bratislava I - Staré Mesto, okres Bratislava","rooms":3,"meters":124,"totalPrice":690000,"meterSquarePrice":2,"link":"https://www.nehnutelnosti.sk/detail/JuPBcIBBH34/zariadeny-3izbovy-byt-klimatizacia-128m2-ul-spitalska-stare-mesto","imagesUrls":["https://img.nehnutelnosti.sk/foto/NjAweDMzOC9maWx0ZXJzOnF1YWxpdHkoMTAwKS9uZWg=/QQMv029PC_fss?st=B4QtbZ01zyz-af5e0jqLFrvncUNWtCn6I7FC1KrgLDw&ts=1720081186&e=0"]},{"title":"2izbový byt  v  Novostavbe lokalite  Maršová- Rašov","address":"Maršová - Rašov, okres Bytča","rooms":2,"meters":64,"totalPrice":null,"meterSquarePrice":null,"link":"https://www.nehnutelnosti.sk/detail/JumrPKthwP7/2izbovy-byt-v-novostavbe-lokalite-marsova-rasov","imagesUrls":["https://img.nehnutelnosti.sk/foto/NjAweDMzOC9maWx0ZXJzOnF1YWxpdHkoMTAwKS9uZWg=/y7ZcY9_3l_fss?st=VBYg2HE8RSzNhXMsonCAs3HMcADHW6iuVJ_Cp8tr630&ts=1721908947&e=0"]},{"title":"CREDA | predaj 3 izb byt Nitra - Novomeského 75","address":"Novomeského, Nitra, okres Nitra","rooms":3,"meters":67,"totalPrice":133000,"meterSquarePrice":7,"link":"https://www.nehnutelnosti.sk/detail/JuNlnd3CA3t/creda-predaj-3-izb-byt-nitra-novomeskeho-75","imagesUrls":["https://img.nehnutelnosti.sk/foto/NjAweDMzOC9maWx0ZXJzOnF1YWxpdHkoMTAwKS9uZWg=/ORv444Tow_fss?st=Qne4quT5kCmH_WlrRTYyPoCgQCg1G2fqVeVZPhK-9iI&ts=1715166602&e=0"]},{"title":"TESTOVACI INZERAT PORTALU - NEKONTAKTOVAT al","address":"Fatranská, Ružomberok, okres Ružomberok","rooms":1,"meters":99,"totalPrice":1,"meterSquarePrice":1,"link":"https://www.nehnutelnosti.sk/5398374/testovaci-inzerat-portalu-nekontaktovat-al/","imagesUrls":[]},{"title":"TESTOVACI INZERAT PORTALU - NEKONTAKTOVAT tags","address":"Fatranská, Ružomberok, okres Ružomberok","rooms":null,"meters":99,"totalPrice":1,"meterSquarePrice":1,"link":"https://www.nehnutelnosti.sk/5398371/testovaci-inzerat-portalu-nekontaktovat-tags/","imagesUrls":[]},{"title":"Exkluzívne bývanie v centre mesta: 3-izbový byt s veľkými balkónmi v Leviciach","address":"P. Jilemníckeho, Levice, okres Levice","rooms":3,"meters":82,"totalPrice":135000,"meterSquarePrice":4,"link":"https://www.nehnutelnosti.sk/detail/JuAZ2KVPArN/exkluzivne-byvanie-v-centre-mesta-3-izbovy-byt-s-velkymi-balkonmi-v-leviciach","imagesUrls":["https://img.unitedclassifieds.sk/foto/NjAweDMzOC9maWx0ZXJzOnF1YWxpdHkoMTAwKS9qdWw=/JpCnMTViN_fss?st=4vj-GYtCkzs6cKKrdgDKvq5TtjtPLnJ2savfpgMT44U&ts=1722941692&e=0"]},{"title":"Tehlový 2i byt na predaj v centre Prešova - novostavba","address":"Jarková, Prešov, okres Prešov","rooms":2,"meters":54,"totalPrice":null,"meterSquarePrice":null,"link":"https://www.nehnutelnosti.sk/detail/JuLHzvHL0rf/tehlovy-2i-byt-na-predaj-v-centre-presova-novostavba","imagesUrls":["https://img.nehnutelnosti.sk/foto/NjAweDMzOC9maWx0ZXJzOnF1YWxpdHkoMTAwKS9uZWg=/aq2fPLtgG_fss?st=fuvzKv2hPYNYIP5hnWjhrzPmb81LdFbkyIxIbemdeZg&ts=1722925540&e=0"]},{"title":"TESTOVACI INZERAT PORTALU - NEKONTAKTOVAT lists","address":"Fatranská, Ružomberok, okres Ružomberok","rooms":null,"meters":99,"totalPrice":1,"meterSquarePrice":1,"link":"https://www.nehnutelnosti.sk/5398372/testovaci-inzerat-portalu-nekontaktovat-lists/","imagesUrls":[]},{"title":"REZERVOVANÉ  Gessayova - kompletná rekonštrukcia so vstavaným nábytkom","address":"Gessayova, Bratislava V - Petržalka, okres Bratislava","rooms":null,"meters":28,"totalPrice":129900,"meterSquarePrice":9,"link":"https://www.nehnutelnosti.sk/detail/Ju-pLLkHxRW/rezervovane-gessayova-kompletna-rekonstrukcia-so-vstavanym-nabytkom","imagesUrls":["https://img.unitedclassifieds.sk/foto/NjAweDMzOC9maWx0ZXJzOnF1YWxpdHkoMTAwKS9qdWw=/S6z1_Fw6U_fss?st=35mQYbbdBU_axtsQV1KnLf64qKc6INyX2GpLBUPFRA0&ts=1718808750&e=0"]}]