[{"title":"4 izbový velký byt v tehlovej novostavbe","address":"Na Piesku, Bratislava II - Ružinov, okres Bratislava","rooms":4,"meters":null,"totalPrice":400000,"meterSquarePrice":2,"link":"https://www.nehnutelnosti.sk/detail/JunJ2AQ_BFB/4-izbovy-velky-byt-v-tehlovej-novostavbe","imagesUrls":["https://img.nehnutelnosti.sk/foto/NjAweDMzOC9maWx0ZXJzOnF1YWxpdHkoMTAwKS9uZWg=/iAjDeMIF4_fss?st=PlwsPfztQcqnesa6QnMdtJEq2ycMuFJ-gyeAaYQbYWI&ts=1724062444&e=0"]},{"title":"Predám 2 izbový byt | Klokočina","address":"Na Hôrke, Klokočina, okres Nitra","rooms":2,"meters":44,"totalPrice":119000,"meterSquarePrice":9,"link":"https://www.nehnutelnosti.sk/detail/JuEuNxwchIw/predam-2-izbovy-byt-klokocina","imagesUrls":["https://img.nehnutelnosti.sk/foto/NjAweDMzOC9maWx0ZXJzOnF1YWxpdHkoMTAwKS9uZWg=/ohOKb76W9_fss?st=9pYQ3HBO7RpQ7GlEepsGOadPN4PD-pxjOuBCfZYpnnU&ts=1726654976&e=0"]},{"title":"Predaj 3 izbový byt vo Veľkom Šariši","address":"P.O. Hviezdoslava, Veľký Šariš, okres Prešov","rooms":3,"meters":65,"totalPrice":null,"meterSquarePrice":null,"link":"https://www.nehnutelnosti.sk/detail/JuQLPoykmU5/predaj-3-izbovy-byt-vo-velkom-sarisi","imagesUrls":["https://img.nehnutelnosti.sk/foto/NjAweDMzOC9maWx0ZXJzOnF1YWxpdHkoMTAwKS9uZWg=/iCsfXIbbUQ_fss?st=2UoEZ0JdvvWXsms45EvsXta5bvt-zT6vqoAKefbBZCI&ts=1722259271&e=0"]},{"title":"3 izbový byt na predaj, Sekčov, Prešov","address":"Magurská, Prešov, okres Prešov","rooms":3,"meters":72,"totalPrice":128000,"meterSquarePrice":8,"link":"https://www.nehnutelnosti.sk/detail/Ju24I6vOOx0/3-izbovy-byt-na-predaj-sekcov-presov","imagesUrls":["https://img.nehnutelnosti.sk/foto/NjAweDMzOC9maWx0ZXJzOnF1YWxpdHkoMTAwKS9uZWg=/8d66IWYGS_fss?st=EGTMSLDj3wZmufpXDOivHCyqBKswVr40CSHrd4cfd4c&ts=1719542314&e=0"]},{"title":"Veľkorysý byt s dušou v historickom centre mesta","address":"Ulica 29. augusta, Bratislava I - Staré Mesto, okres Bratislava","rooms":3,"meters":100,"totalPrice":290000,"meterSquarePrice":4,"link":"https://www.nehnutelnosti.sk/detail/Juxioe6FLKU/velkorysy-byt-s-dusou-v-historickom-centre-mesta","imagesUrls":["https://img.unitedclassifieds.sk/foto/NjAweDMzOC9maWx0ZXJzOnF1YWxpdHkoMTAwKS9qdWw=/ZxubOhl6U_fss?st=ocaTt12vzvaNOrq839sdNg9-p6eidB38FleALpX_xo8&ts=1713964227&e=0"]},{"title":"NA PREDAJ vkusne zariadený a priestranný 3 izbový byt","address":"A. Kubinu, Trnava, okres Trnava","rooms":3,"meters":82,"totalPrice":209000,"meterSquarePrice":3,"link":"https://www.nehnutelnosti.sk/detail/JuylWxJ8jwn/na-predaj-vkusne-zariadeny-a-priestranny-3-izbovy-byt","imagesUrls":["https://img.nehnutelnosti.sk/foto/NjAweDMzOC9maWx0ZXJzOnF1YWxpdHkoMTAwKS9uZWg=/dS4AnIlkbI_fss?st=Xb0sXJ5X9LbK78q3rQnW6L22ypmT83zF5OSf4E8Uz8c&ts=1726739785&e=0"]},{"title":"SUPER CENA 3 IZBOVÝ BYT, FÁBRYHO","address":"Fábryho, Košice III - Dargovských Hrdinov, okres Košice","rooms":3,"meters":66,"totalPrice":155000,"meterSquarePrice":8,"link":"https://www.nehnutelnosti.sk/detail/JuBTGKC6uhe/super-cena-3-izbovy-byt-fabryho","imagesUrls":["https://img.nehnutelnosti.sk/foto/NjAweDMzOC9maWx0ZXJzOnF1YWxpdHkoMTAwKS9uZWg=/gBncrliC7_fss?st=1otz1UKAerCaZ7JBZTzwoMgP9b8sOdkNX4U-I7RzI9E&ts=1726653779&e=0"]},{"title":"Ponúkame Vám na predaj slnečný 2 izbový byt priamo v parku s krásnym výhľadom na park.","address":"Ostredková, Bratislava II - Ružinov, okres Bratislava","rooms":2,"meters":56,"totalPrice":219900,"meterSquarePrice":9,"link":"https://www.nehnutelnosti.sk/detail/JuQCwXk9mEv/ponukame-vam-na-predaj-slnecny-2-izbovy-byt-priamo-v-parku-s-krasnym-vyhladom-na-park","imagesUrls":["https://img.nehnutelnosti.sk/foto/NjAweDMzOC9maWx0ZXJzOnF1YWxpdHkoMTAwKS9uZWg=/s8mrS9wbo_fss?st=hrpO4Y0d-EjqaMi1qjbDm07nw0o2PjBTEFhOp5dm1oY&ts=1726653738&e=0"]},{"title":"Ponúkame na predaj 5 izbový mezonetový apartman s dvoma parkovacími miestami.","address":"Ružová, Ivanka pri Dunaji, okres Senec","rooms":5,"meters":168,"totalPrice":229900,"meterSquarePrice":5,"link":"https://www.nehnutelnosti.sk/detail/JuDNhZIUQ3B/ponukame-na-predaj-5-izbovy-mezonetovy-apartman-s-dvoma-parkovacimi-miestami","imagesUrls":["https://img.nehnutelnosti.sk/foto/NjAweDMzOC9maWx0ZXJzOnF1YWxpdHkoMTAwKS9uZWg=/cdBdYHLRs_fss?st=WkduTofSYpECgNaWWCypEr4c_FVX3Ne0AOix1ib-xEQ&ts=1726653730&e=0"]},{"title":"Ponúkame na predaj 5 izbový mezonetový apartman s dvoma parkovacími miestami.","address":"Ružová, Ivanka pri Dunaji, okres Senec","rooms":null,"meters":168,"totalPrice":229900,"meterSquarePrice":5,"link":"https://www.nehnutelnosti.sk/detail/JuPOrMFMLgBh/ponukame-na-predaj-5-izbovy-mezonetovy-apartman-s-dvoma-parkovacimi-miestami","imagesUrls":["https://img.nehnutelnosti.sk/foto/NjAweDMzOC9maWx0ZXJzOnF1YWxpdHkoMTAwKS9uZWg=/7HsjZv_kw_fss?st=8Nb8Wg54ljIieidty8meCNdaefPlaZC_LWVzzEyS070&ts=1726653721&e=0"]},{"title":"Ponúkame na predaj 3 izbový byt Vážska ulica,","address":"Vážska, Piešťany, okres Piešťany","rooms":3,"meters":63,"totalPrice":155000,"meterSquarePrice":2,"link":"https://www.nehnutelnosti.sk/detail/Jun1x9EaC52/ponukame-na-predaj-3-izbovy-byt-vazska-ulica","imagesUrls":["https://img.nehnutelnosti.sk/foto/NjAweDMzOC9maWx0ZXJzOnF1YWxpdHkoMTAwKS9uZWg=/IR7-tQgPOj_fss?st=2qWfz8JjBmCby-9b4i5FnQFkovZkmK1vSCyPwt6abtI&ts=1726653719&e=0"]},{"title":"Nádherne vzdušný, presvetlený 2 izbový byt na Kramároch","address":"Bratislava III - Nové Mesto, okres Bratislava","rooms":2,"meters":34,"totalPrice":170000,"meterSquarePrice":0,"link":"https://www.nehnutelnosti.sk/detail/JuIfoBGwD8E/nadherne-vzdusny-presvetleny-2-izbovy-byt-na-kramaroch","imagesUrls":["https://img.unitedclassifieds.sk/foto/NjAweDMzOC9maWx0ZXJzOnF1YWxpdHkoMTAwKS9qdWw=/eRnE-RVU7_fss?st=caZUCzL6kqoHDS26b-hBXNxbb1Nui72I2Pugwu-0y3s&ts=1716201511&e=0"]},{"title":"BRANDreal – 1 izbový byt s lodžiou, kompletná rekonštrukcia,  Juh Piešťany","address":"Piešťany, okres Piešťany","rooms":1,"meters":33,"totalPrice":98000,"meterSquarePrice":0,"link":"https://www.nehnutelnosti.sk/detail/JutNZ9qMfRw/brandreal-1-izbovy-byt-s-lodziou-kompletna-rekonstrukcia-juh-piestany","imagesUrls":["https://img.unitedclassifieds.sk/foto/NjAweDMzOC9maWx0ZXJzOnF1YWxpdHkoMTAwKS9qdWw=/PUgAaxYTV_fss?st=TOO-uwuCSQ4NzuZMrA-8Txs61dKocV8yRkEHvTEjKqI&ts=1726653442&e=0"]},{"title":"PREDAJ 2 izbový byt, Kostolná - Záriečie","address":"Nevyplnená, Trenčín, okres Trenčín","rooms":2,"meters":80,"totalPrice":null,"meterSquarePrice":null,"link":"https://www.nehnutelnosti.sk/detail/Juh1cxjtpCB/predaj-2-izbovy-byt-kostolna-zariecie","imagesUrls":["https://img.nehnutelnosti.sk/foto/NjAweDMzOC9maWx0ZXJzOnF1YWxpdHkoMTAwKS9uZWg=/ORRVyzg-2x_fss?st=OqA6T7nY9WmPs8f1tyewiDIoSxf0Bhb9tbH8Gc0m91k&ts=1717592917&e=0"]},{"title":"Garsónka na predaj v obľúbenej časti mesta","address":"Veľký Meder, okres Dunajská Streda","rooms":null,"meters":29,"totalPrice":44900,"meterSquarePrice":8,"link":"https://www.nehnutelnosti.sk/detail/Ju2jPCL81B0/garsonka-na-predaj-v-oblubenej-casti-mesta","imagesUrls":["https://img.nehnutelnosti.sk/foto/NjAweDMzOC9maWx0ZXJzOnF1YWxpdHkoMTAwKS9uZWg=/JEf_R5shv_fss?st=FQOdL5OhOarzexX4SLe6e_O-GaJaZTLmp52Jn381hbM&ts=1715601888&e=0"]},{"title":"Na predaj 3 izbový byt vo výbornej lokalite","address":"Veľký Meder, okres Dunajská Streda","rooms":3,"meters":63,"totalPrice":97000,"meterSquarePrice":8,"link":"https://www.nehnutelnosti.sk/detail/JuqDgGCfZLT/na-predaj-3-izbovy-byt-vo-vybornej-lokalite","imagesUrls":["https://img.nehnutelnosti.sk/foto/NjAweDMzOC9maWx0ZXJzOnF1YWxpdHkoMTAwKS9uZWg=/aw88ZU9ie_fss?st=5eDhJ3OmAD2Cu8j3A8WN4BA0aDwqxRXFDTB9KvGxhxI&ts=1706087902&e=0"]},{"title":"Novostavba 3 izbový byt s balkónom- Rezidencia Kvetiareň","address":"Daniela Dlabača, Žilina - Staré mesto, okres Žilina","rooms":3,"meters":79,"totalPrice":297037,"meterSquarePrice":9,"link":"https://www.nehnutelnosti.sk/detail/JuUUqvi6z_h/novostavba-3-izbovy-byt-s-balkonom-rezidencia-kvetiaren","imagesUrls":["https://img.nehnutelnosti.sk/foto/NjAweDMzOC9maWx0ZXJzOnF1YWxpdHkoMTAwKS9uZWg=/QQpm2M7jq_fss?st=L-NSjs10OdM4KsDj65ZpUM-oLDAmlhfVBXT1cYSDprI&ts=1723981678&e=0"]},{"title":"2 izbový byt v centre mesta, Rezidencia Kvetiareň","address":"Daniela Dlabača, Žilina, okres Žilina","rooms":2,"meters":65,"totalPrice":233548,"meterSquarePrice":8,"link":"https://www.nehnutelnosti.sk/detail/JumeNGmb-G0/2-izbovy-byt-v-centre-mesta-rezidencia-kvetiaren","imagesUrls":["https://img.nehnutelnosti.sk/foto/NjAweDMzOC9maWx0ZXJzOnF1YWxpdHkoMTAwKS9uZWg=/YlLUYdFou_fss?st=Jmh41iNV6GEXtW9egHgWqor3KyT_BR13uIlY0zl98NU&ts=1721739916&e=0"]},{"title":"Krásny 2 izbový byt v Rezidencii Kvetiareň, centrum mesta","address":"Daniela Dlabača, Žilina, okres Žilina","rooms":2,"meters":57,"totalPrice":219754,"meterSquarePrice":0,"link":"https://www.nehnutelnosti.sk/detail/JuLYHgTTcX0/krasny-2-izbovy-byt-v-rezidencii-kvetiaren-centrum-mesta","imagesUrls":["https://img.nehnutelnosti.sk/foto/NjAweDMzOC9maWx0ZXJzOnF1YWxpdHkoMTAwKS9uZWg=/gUF0z8Ck0_fss?st=W1AZnPizMnLeb6Q8xFoSr6Q0a5fnS0_K3Nj9cBSXUMU&ts=1721741450&e=0"]},{"title":"Rezidencia Kvetiareň -  2 izbový byt, novostavba","address":"Daniela Dlabača, Žilina, okres Žilina","rooms":2,"meters":53,"totalPrice":208299,"meterSquarePrice":0,"link":"https://www.nehnutelnosti.sk/detail/JuQiB1xIaiY/rezidencia-kvetiaren-2-izbovy-byt-novostavba","imagesUrls":["https://img.nehnutelnosti.sk/foto/NjAweDMzOC9maWx0ZXJzOnF1YWxpdHkoMTAwKS9uZWg=/G5cdJWJF4B_fss?st=xIuaGDD7MGXqX1wfSWstZs5WKSkgAl-439-C2ujV_6w&ts=1721741446&e=0"]},{"title":"1 izbový byt v Rezidencii Kvetiareň - centrum mesta","address":"Daniela Dlabača, Žilina - Staré mesto, okres Žilina","rooms":1,"meters":36,"totalPrice":128940,"meterSquarePrice":0,"link":"https://www.nehnutelnosti.sk/detail/JuFiDdUZMvL/1-izbovy-byt-v-rezidencii-kvetiaren-centrum-mesta","imagesUrls":["https://img.nehnutelnosti.sk/foto/NjAweDMzOC9maWx0ZXJzOnF1YWxpdHkoMTAwKS9uZWg=/8xB_JPWEm_fss?st=T94cpwG1oGozKkZ4PHg9cY_PTc6TgmH4RiQcmchbv0o&ts=1721741431&e=0"]},{"title":"Novostavba 2 izbový byt - Rezidencia Kvetiareň, centrum mesta","address":"Daniela Dlabača, Žilina - Staré mesto, okres Žilina","rooms":2,"meters":53,"totalPrice":201862,"meterSquarePrice":9,"link":"https://www.nehnutelnosti.sk/detail/JuJEGY7VaOe/novostavba-2-izbovy-byt-rezidencia-kvetiaren-centrum-mesta","imagesUrls":["https://img.nehnutelnosti.sk/foto/NjAweDMzOC9maWx0ZXJzOnF1YWxpdHkoMTAwKS9uZWg=/Wo9ZrVx2Q_fss?st=FwfzHysL25RLrkIb39EXPQyWrYO965ROS1qItjcGo5k&ts=1721741443&e=0"]},{"title":"2 izbový byt - Rezidencia Kvetiareň","address":"Daniela Dlabača, Žilina, okres Žilina","rooms":2,"meters":46,"totalPrice":163835,"meterSquarePrice":0,"link":"https://www.nehnutelnosti.sk/detail/JusttoRrv3k/2-izbovy-byt-rezidencia-kvetiaren","imagesUrls":["https://img.nehnutelnosti.sk/foto/NjAweDMzOC9maWx0ZXJzOnF1YWxpdHkoMTAwKS9uZWg=/qpbs4IU9x_fss?st=4lnrvmONL7ikQ0Qhs1vJVCG9ZdhGJfLE--Gyi5lz9Cc&ts=1721741446&e=0"]},{"title":"PREDANÝ 1 izbový byt - Rezidencia Kvetiareň, centrum mesta","address":"Daniela Dlabača, Žilina - Staré mesto, okres Žilina","rooms":1,"meters":36,"totalPrice":136952,"meterSquarePrice":0,"link":"https://www.nehnutelnosti.sk/detail/JunE3l1gxvt/predany-1-izbovy-byt-rezidencia-kvetiaren-centrum-mesta","imagesUrls":["https://img.nehnutelnosti.sk/foto/NjAweDMzOC9maWx0ZXJzOnF1YWxpdHkoMTAwKS9uZWg=/Oq0DaGHjn_fss?st=m1m2Vq8eTAo8fKE6DRJMv2rkBNQCwV8NG0iI2oNL9Jw&ts=1721741451&e=0"]},{"title":"REZERVOVANÝ, 2 izbový byt v Rezidencii Kvetiareň, centrum mesta","address":"Daniela Dlabača, Žilina - Staré mesto, okres Žilina","rooms":2,"meters":65,"totalPrice":235344,"meterSquarePrice":8,"link":"https://www.nehnutelnosti.sk/detail/JuFww6Qs7Fv/rezervovany-2-izbovy-byt-v-rezidencii-kvetiaren-centrum-mesta","imagesUrls":["https://img.nehnutelnosti.sk/foto/NjAweDMzOC9maWx0ZXJzOnF1YWxpdHkoMTAwKS9uZWg=/9W4paamL9_fss?st=H4WljpKip5FBzrYFGyZit4OfWbZUnE2vq5TBKUlToFk&ts=1723981675&e=0"]},{"title":"NA PREDAJ - výnimočný 4 izbový mezonet - REZIDENCIA VENTI","address":"Kapitulská, Trnava, okres Trnava","rooms":4,"meters":116,"totalPrice":365000,"meterSquarePrice":5,"link":"https://www.nehnutelnosti.sk/detail/JusCRqN_Upd/na-predaj-vynimocny-4-izbovy-mezonet-rezidencia-venti","imagesUrls":["https://img.nehnutelnosti.sk/foto/NjAweDMzOC9maWx0ZXJzOnF1YWxpdHkoMTAwKS9uZWg=/fKiTMqz87m_fss?st=Z0N9_11scOy-peVkNFH1Y0oAbTjQZnaKrpkAbcrH_6w&ts=1726739771&e=0"]},{"title":"priestranný - 2 izbový STARÉ MESTO - tehla - zóna '' DUNAJSKÁ '' !!","address":"Francisciho, Bratislava I - Staré Mesto, okres Bratislava","rooms":2,"meters":65,"totalPrice":350000,"meterSquarePrice":2,"link":"https://www.nehnutelnosti.sk/detail/JuAkEHvClAl/priestranny-2-izbovy-stare-mesto-tehla-zona-dunajska","imagesUrls":["https://img.nehnutelnosti.sk/foto/NjAweDMzOC9maWx0ZXJzOnF1YWxpdHkoMTAwKS9uZWg=/LHfaMt2d2A_fss?st=sHcA_H03mPlEhyR-1lPdls3vSvUYVZCSUsFZnjzqXVI&ts=1726652147&e=0"]},{"title":"Priestranný 2 izbový byt s parkovacím miestom v rezidencií RAJPARK","address":"Rajecká Cesta, Žilina, okres Žilina","rooms":2,"meters":62,"totalPrice":219900,"meterSquarePrice":7,"link":"https://www.nehnutelnosti.sk/detail/JunemeZuL2Q/priestranny-2-izbovy-byt-s-parkovacim-miestom-v-rezidencii-rajpark","imagesUrls":["https://img.nehnutelnosti.sk/foto/NjAweDMzOC9maWx0ZXJzOnF1YWxpdHkoMTAwKS9uZWg=/u7SABaowu_fss?st=ntAr38XVnXIQfrLjEjcGapN65Hnx1VKfOS6n-jxOfWw&ts=1726648647&e=0"]},{"title":"Priestranný 2 izbový byt s parkovacím miestom v rezidencií RAJPARK","address":"Rajecká Cesta, Rajec, okres Žilina","rooms":2,"meters":62,"totalPrice":219900,"meterSquarePrice":7,"link":"https://www.nehnutelnosti.sk/detail/JuxYF92JzTw/priestranny-2-izbovy-byt-s-parkovacim-miestom-v-rezidencii-rajpark","imagesUrls":["https://img.nehnutelnosti.sk/foto/NjAweDMzOC9maWx0ZXJzOnF1YWxpdHkoMTAwKS9uZWg=/nDcg0a_7VF_fss?st=E2Hl-DYiP1nhi_Zn0gsJzcF2Jin0d32uAMfPL98R3Po&ts=1726648656&e=0"]},{"title":"Priestranný 2 izbový byt s parkovacím miestom v rezidencií RAJPARK","address":"Rajecká Cesta, Rajecké Teplice, okres Žilina","rooms":2,"meters":62,"totalPrice":219900,"meterSquarePrice":7,"link":"https://www.nehnutelnosti.sk/detail/Juuc6t6h2QO/priestranny-2-izbovy-byt-s-parkovacim-miestom-v-rezidencii-rajpark","imagesUrls":["https://img.nehnutelnosti.sk/foto/NjAweDMzOC9maWx0ZXJzOnF1YWxpdHkoMTAwKS9uZWg=/esgww2hHW_fss?st=KAJe9_gXlm69iBTBxVKEtwv7aDUiV5wfB8QX06YSftw&ts=1726648640&e=0"]}]