[{"title":"2 - izbový byt Považská Bystrica - Rozkvet","address":"Považská Bystrica, okres Považská Bystrica","rooms":2,"meters":53,"totalPrice":130440,"meterSquarePrice":3,"link":"https://www.nehnutelnosti.sk/detail/Juy_jGeA30M/2-izbovy-byt-povazska-bystrica-rozkvet","imagesUrls":["https://img.nehnutelnosti.sk/foto/NjAweDMzOC9maWx0ZXJzOnF1YWxpdHkoMTAwKS9uZWg=/nKbZWRYi__fss?st=dfm3j_zloOGWf7UN3Dq-Tx5ogDSE7W4cVckBSH94tmE&ts=1685347302&e=0"]},{"title":"1 - izbový byt Považská Bystrica - Rozkvet","address":"Považská Bystrica, okres Považská Bystrica","rooms":1,"meters":39,"totalPrice":103400,"meterSquarePrice":8,"link":"https://www.nehnutelnosti.sk/detail/JuJ4k5RHXSl/1-izbovy-byt-povazska-bystrica-rozkvet","imagesUrls":["https://img.nehnutelnosti.sk/foto/NjAweDMzOC9maWx0ZXJzOnF1YWxpdHkoMTAwKS9uZWg=/535FEiuZ2_fss?st=cEypN9wPqsR7k2oNaPN3EfCET6KA1z__rsuqYuCqwDo&ts=1685605617&e=0"]},{"title":"4 - izbový byt Žilina - Hájik","address":"Žilina - Hájik, okres Žilina","rooms":4,"meters":83,"totalPrice":155000,"meterSquarePrice":7,"link":"https://www.nehnutelnosti.sk/detail/JuWPw4vb1zG/4-izbovy-byt-zilina-hajik","imagesUrls":["https://img.nehnutelnosti.sk/foto/NjAweDMzOC9maWx0ZXJzOnF1YWxpdHkoMTAwKS9uZWg=/vzXOC3V_Ck_fss?st=JTs53rwjvdHS_lqTwkKhEikhuMXn_nLujvDzp_ulb3o&ts=1707467511&e=0"]},{"title":"4 - izbový byt Žilina - centrum","address":"Žilina, okres Žilina","rooms":4,"meters":162,"totalPrice":null,"meterSquarePrice":null,"link":"https://www.nehnutelnosti.sk/detail/JuUnf4iCnJx/4-izbovy-byt-zilina-centrum","imagesUrls":["https://img.nehnutelnosti.sk/foto/NjAweDMzOC9maWx0ZXJzOnF1YWxpdHkoMTAwKS9uZWg=/P7iZstECJ_fss?st=I6m_kyH6WhmhriOwDfh2-GQdZAKE0xy56tBt1kxppV0&ts=1680775276&e=0"]},{"title":"4 - izbový byt Bytča","address":"Bytča, okres Bytča","rooms":4,"meters":78,"totalPrice":186000,"meterSquarePrice":2,"link":"https://www.nehnutelnosti.sk/detail/JuEu3qUwtDX/4-izbovy-byt-bytca","imagesUrls":["https://img.nehnutelnosti.sk/foto/NjAweDMzOC9maWx0ZXJzOnF1YWxpdHkoMTAwKS9uZWg=/jmV8Bremi_fss?st=IxQkh_5Ruy6iYsxPs5zhPl9JA6cmRsYyXhmWSJmmeNc&ts=1680505384&e=0"]},{"title":"3 - izbový byt Predmier","address":"Predmier, okres Bytča","rooms":3,"meters":67,"totalPrice":109900,"meterSquarePrice":0,"link":"https://www.nehnutelnosti.sk/detail/JupwYBgBtmzb/3-izbovy-byt-predmier","imagesUrls":["https://img.nehnutelnosti.sk/foto/NjAweDMzOC9maWx0ZXJzOnF1YWxpdHkoMTAwKS9uZWg=/egJ_NF42S_fss?st=lskrOePvT5xykU5GaGOVnPxMVen43gh8KRuiVlH_9aQ&ts=1706797925&e=0"]},{"title":"3 - izbový byt Žilina - centrum","address":"Žilina, okres Žilina","rooms":3,"meters":80,"totalPrice":189000,"meterSquarePrice":0,"link":"https://www.nehnutelnosti.sk/detail/Jugwk-k6-jJ/3-izbovy-byt-zilina-centrum","imagesUrls":["https://img.nehnutelnosti.sk/foto/NjAweDMzOC9maWx0ZXJzOnF1YWxpdHkoMTAwKS9uZWg=/tmmjD9fpx_fss?st=I1N8kXdDdvbI2ogBdpa46iYHn0yEkb7D3cWqmlOqn6c&ts=1695891874&e=0"]},{"title":"2 - izbový byt Zvolen - Zlatý Potok","address":"Zvolen, okres Zvolen","rooms":2,"meters":62,"totalPrice":128000,"meterSquarePrice":2,"link":"https://www.nehnutelnosti.sk/detail/Jub5Px2RO0Y/2-izbovy-byt-zvolen-zlaty-potok","imagesUrls":["https://img.nehnutelnosti.sk/foto/NjAweDMzOC9maWx0ZXJzOnF1YWxpdHkoMTAwKS9uZWg=/ZEVoVnGYm_fss?st=HUTa0LOf5WAsbLaqkPj8BnnA0YAJMElZwYKJV-v1CzU&ts=1673427736&e=0"]},{"title":"4 - izbový byt Žilina - Hájik","address":"Žilina - Hájik, okres Žilina","rooms":4,"meters":78,"totalPrice":153000,"meterSquarePrice":4,"link":"https://www.nehnutelnosti.sk/detail/JuXfmEH7cLA/4-izbovy-byt-zilina-hajik","imagesUrls":["https://img.nehnutelnosti.sk/foto/NjAweDMzOC9maWx0ZXJzOnF1YWxpdHkoMTAwKS9uZWg=/oFHkpo1ZJ_fss?st=OCXFvawbR-yeIJopdZ7ERxtISh_aeWUOoI8tgCdx9t4&ts=1677751359&e=0"]},{"title":"3 - izbový byt Žilina - Hájik","address":"Žilina - Hájik, okres Žilina","rooms":3,"meters":70,"totalPrice":164900,"meterSquarePrice":1,"link":"https://www.nehnutelnosti.sk/detail/JuTB8IaI2vE/3-izbovy-byt-zilina-hajik","imagesUrls":["https://img.nehnutelnosti.sk/foto/NjAweDMzOC9maWx0ZXJzOnF1YWxpdHkoMTAwKS9uZWg=/eXx4FWaL5_fss?st=Zo2K02thlfvg1cUA4zMTQTIo-DPuf_th-AZRyZKSpBE&ts=1674745314&e=0"]},{"title":"4 - izbový byt Žilina - centrum","address":"Žilina, okres Žilina","rooms":4,"meters":162,"totalPrice":null,"meterSquarePrice":null,"link":"https://www.nehnutelnosti.sk/detail/JuJI4sz50Om/4-izbovy-byt-zilina-centrum","imagesUrls":["https://img.nehnutelnosti.sk/foto/NjAweDMzOC9maWx0ZXJzOnF1YWxpdHkoMTAwKS9uZWg=/SppLzYsCD_fss?st=O6Ea2QB7lOx7tcOv0BMZ_QkgqHMatjxrdPBKG-uj2oc&ts=1695891871&e=0"]},{"title":"1 - izbový byt Varín","address":"Varín, okres Žilina","rooms":1,"meters":37,"totalPrice":99500,"meterSquarePrice":9,"link":"https://www.nehnutelnosti.sk/detail/JuaHIjFa455/1-izbovy-byt-varin","imagesUrls":["https://img.nehnutelnosti.sk/foto/NjAweDMzOC9maWx0ZXJzOnF1YWxpdHkoMTAwKS9uZWg=/HYtUNCcN5_fss?st=lCtwmKdltfu3qSN0SnsngmSJ4i4iuWbAx_UbNLKikLg&ts=1660112708&e=0"]},{"title":"3 - izbový byt Žilina - centrum","address":"Žilina - Staré mesto, okres Žilina","rooms":3,"meters":80,"totalPrice":195000,"meterSquarePrice":0,"link":"https://www.nehnutelnosti.sk/detail/JuGiQLaVtCx/3-izbovy-byt-zilina-centrum","imagesUrls":["https://img.nehnutelnosti.sk/foto/NjAweDMzOC9maWx0ZXJzOnF1YWxpdHkoMTAwKS9uZWg=/-KS_51tjh_fss?st=jLDCStLJLOHDUAUt5uaKH3d2gFJwcpcwp_MKp_8kJWs&ts=1684751369&e=0"]},{"title":"2 - izbový byt Žilina - širšie centrum","address":"Žilina - Staré mesto, okres Žilina","rooms":2,"meters":54,"totalPrice":121900,"meterSquarePrice":1,"link":"https://www.nehnutelnosti.sk/detail/Ju-suMM1fMT/2-izbovy-byt-zilina-sirsie-centrum","imagesUrls":["https://img.nehnutelnosti.sk/foto/NjAweDMzOC9maWx0ZXJzOnF1YWxpdHkoMTAwKS9uZWg=/0DMrQq1Qq_fss?st=C7dtNIQMab_avNjdUQQxglYyOJ7lf1rG_O2pOe05K1k&ts=1695891798&e=0"]},{"title":"3 - izbový byt Žilina - centrum","address":"Žilina, okres Žilina","rooms":3,"meters":126,"totalPrice":null,"meterSquarePrice":null,"link":"https://www.nehnutelnosti.sk/detail/JufdLl55kTL/3-izbovy-byt-zilina-centrum","imagesUrls":["https://img.nehnutelnosti.sk/foto/NjAweDMzOC9maWx0ZXJzOnF1YWxpdHkoMTAwKS9uZWg=/OwM4ZrgmK_fss?st=EVsHHD8C18xtDf2hBLnBiUYL6DtFyVdI7Zz1z2xADeE&ts=1700851677&e=0"]},{"title":"Predaj 4,5 izbového bytu s balkónom a loggiou vo Zvolene - Zlatý Potok","address":"M. Rázusa, Zvolen, okres Zvolen","rooms":4,"meters":81,"totalPrice":154000,"meterSquarePrice":7,"link":"https://www.nehnutelnosti.sk/detail/Ju8xnxJE2-R/predaj-4-5-izboveho-bytu-s-balkonom-a-loggiou-vo-zvolene-zlaty-potok","imagesUrls":["https://img.nehnutelnosti.sk/foto/NjAweDMzOC9maWx0ZXJzOnF1YWxpdHkoMTAwKS9uZWg=/isarF0pcL_fss?st=cDXihluCcHK3p7YNyYz2Xvgd3MfFtzv5IN7u2JwU43w&ts=1718739950&e=0"]},{"title":"Predaj 3 izbového bytu blízko centra mesta vo Zvolene","address":"Zvolen, okres Zvolen","rooms":3,"meters":65,"totalPrice":129900,"meterSquarePrice":8,"link":"https://www.nehnutelnosti.sk/detail/JubA2giOdtt/predaj-3-izboveho-bytu-blizko-centra-mesta-vo-zvolene","imagesUrls":["https://img.nehnutelnosti.sk/foto/NjAweDMzOC9maWx0ZXJzOnF1YWxpdHkoMTAwKS9uZWg=/1VL9-sX0Ua_fss?st=rNewXvLMTKEf-DeaO2_rIdbH10jODrNP0Z8BQpL6XkU&ts=1726490191&e=0"]},{"title":"Predaj 4 izbového bytu s 5 loggiami vo Zvolene - Zlatý Potok","address":"Zvolen, okres Zvolen","rooms":4,"meters":97,"totalPrice":185000,"meterSquarePrice":7,"link":"https://www.nehnutelnosti.sk/detail/JuDWB96TEq8/predaj-4-izboveho-bytu-s-5-loggiami-vo-zvolene-zlaty-potok","imagesUrls":["https://img.nehnutelnosti.sk/foto/NjAweDMzOC9maWx0ZXJzOnF1YWxpdHkoMTAwKS9uZWg=/-90koQYMK_fss?st=uLlXcRhKfToeA3LhMl7SEHwbdQsOuDpcageVnVKUQsg&ts=1717493036&e=0"]},{"title":"Predaj 3,5 izbového bytu vo Zvolene - Lieskovská cesta","address":"Lieskovská cesta, Zvolen, okres Zvolen","rooms":3,"meters":75,"totalPrice":125000,"meterSquarePrice":6,"link":"https://www.nehnutelnosti.sk/detail/JupnZuvaSUb/predaj-3-5-izboveho-bytu-vo-zvolene-lieskovska-cesta","imagesUrls":["https://img.nehnutelnosti.sk/foto/NjAweDMzOC9maWx0ZXJzOnF1YWxpdHkoMTAwKS9uZWg=/M1AfiqCj6_fss?st=OdVadPcQrkdm5NqynRTz2853TdyVXeo4uAaWWbpIplE&ts=1725377559&e=0"]},{"title":"Predaj 3 izbového bytu v priamom centre mesta","address":"Zvolen, okres Zvolen","rooms":3,"meters":73,"totalPrice":244160,"meterSquarePrice":7,"link":"https://www.nehnutelnosti.sk/detail/Ju6wZWRi2jH/predaj-3-izboveho-bytu-v-priamom-centre-mesta","imagesUrls":["https://img.nehnutelnosti.sk/foto/NjAweDMzOC9maWx0ZXJzOnF1YWxpdHkoMTAwKS9uZWg=/h7onPdubW_fss?st=n82bFsc0L3MzuXj39gta6Si1e_aWrBnprCZNQcrFZsY&ts=1712930581&e=0"]},{"title":"Predaj 2 izbového bytu v priamom centre Zvolena","address":"Zvolen, okres Zvolen","rooms":2,"meters":51,"totalPrice":163840,"meterSquarePrice":0,"link":"https://www.nehnutelnosti.sk/detail/JuWMmWZpeNj/predaj-2-izboveho-bytu-v-priamom-centre-zvolena","imagesUrls":["https://img.nehnutelnosti.sk/foto/NjAweDMzOC9maWx0ZXJzOnF1YWxpdHkoMTAwKS9uZWg=/-tAVdUTx8_fss?st=BvOBuu5s4T4b0uNznYQuum8rPZUeQgVHEr58mUGLB_A&ts=1712930581&e=0"]},{"title":"Predaj 3 izbového bytu s balkónom v priamom centre mesta Zvolen","address":"Zvolen, okres Zvolen","rooms":3,"meters":102,"totalPrice":319000,"meterSquarePrice":1,"link":"https://www.nehnutelnosti.sk/detail/Ju3YoizoG1s/predaj-3-izboveho-bytu-s-balkonom-v-priamom-centre-mesta-zvolen","imagesUrls":["https://img.nehnutelnosti.sk/foto/NjAweDMzOC9maWx0ZXJzOnF1YWxpdHkoMTAwKS9uZWg=/ZTPY-FuZC_fss?st=DhYBW_rXepOXU_NQY6vwsecqgtAIzDWOmZUSnaEmA2I&ts=1712735359&e=0"]},{"title":"Predaj 3 izbového bytu s loggiou vo Zvolene","address":"Zvolen, okres Zvolen","rooms":3,"meters":72,"totalPrice":154000,"meterSquarePrice":2,"link":"https://www.nehnutelnosti.sk/detail/JuDLns6udRk/predaj-3-izboveho-bytu-s-loggiou-vo-zvolene","imagesUrls":["https://img.nehnutelnosti.sk/foto/NjAweDMzOC9maWx0ZXJzOnF1YWxpdHkoMTAwKS9uZWg=/u8yFdQWam_fss?st=lDq1js_cdzlD00u2CrfBeG22npPb188LL1a9B01V_Hg&ts=1722350676&e=0"]},{"title":"Predaj 2 izbového bytu vo Zvolene - Sekier","address":"Zvolen, okres Zvolen","rooms":2,"meters":43,"totalPrice":79500,"meterSquarePrice":3,"link":"https://www.nehnutelnosti.sk/detail/JuybmjK-R-4/predaj-2-izboveho-bytu-vo-zvolene-sekier","imagesUrls":["https://img.nehnutelnosti.sk/foto/NjAweDMzOC9maWx0ZXJzOnF1YWxpdHkoMTAwKS9uZWg=/1cD6_9VyB_fss?st=F5iq83YLAeG3hoOXgriD06WI44OwZ-hfA3Bj5sY59Dg&ts=1726133018&e=0"]},{"title":"Predaj 3 izbového bytu s balkónom a garážou v obci Vígľaš","address":"Vígľaš, okres Detva","rooms":3,"meters":65,"totalPrice":90000,"meterSquarePrice":4,"link":"https://www.nehnutelnosti.sk/detail/JuMC63S2yMN/predaj-3-izboveho-bytu-s-balkonom-a-garazou-v-obci-viglas","imagesUrls":["https://img.nehnutelnosti.sk/foto/NjAweDMzOC9maWx0ZXJzOnF1YWxpdHkoMTAwKS9uZWg=/2dFFdKDRn_fss?st=wi_1sKr4aa1eR5Sp2V_QwXNWNAOcPWTl7gO-SRegVxM&ts=1717682619&e=0"]},{"title":"Predaj 3 izbového bytu so 4 loggiami vo Zvolene","address":"Zvolen, okres Zvolen","rooms":3,"meters":83,"totalPrice":196000,"meterSquarePrice":2,"link":"https://www.nehnutelnosti.sk/detail/Ju0hK9aJHiU/predaj-3-izboveho-bytu-so-4-loggiami-vo-zvolene","imagesUrls":["https://img.nehnutelnosti.sk/foto/NjAweDMzOC9maWx0ZXJzOnF1YWxpdHkoMTAwKS9uZWg=/gx4cmVOaWB_fss?st=u6Ngt47ZAm0_el2_Hrc6YDjuKmiNiWkaVC_cv7S3kOs&ts=1721987379&e=0"]},{"title":"Predaj luxusne zariadeného 3 izbového bytu s balkónom v Krupine","address":"Krupina, okres Krupina","rooms":3,"meters":70,"totalPrice":null,"meterSquarePrice":null,"link":"https://www.nehnutelnosti.sk/detail/JuJFnu9d2rY/predaj-luxusne-zariadeneho-3-izboveho-bytu-s-balkonom-v-krupine","imagesUrls":["https://img.nehnutelnosti.sk/foto/NjAweDMzOC9maWx0ZXJzOnF1YWxpdHkoMTAwKS9uZWg=/0Vluux175_fss?st=p2qH_ufGk8BPTf0YY-CNOs_GhQZHTxBCk8R9VrGmNF0&ts=1721986962&e=0"]},{"title":"Predaj 4 izbového bytu s terasou v novostavbe vo Zvolene","address":"Zvolen, okres Zvolen","rooms":4,"meters":156,"totalPrice":369400,"meterSquarePrice":9,"link":"https://www.nehnutelnosti.sk/detail/Ju3DLtoqLp9/predaj-4-izboveho-bytu-s-terasou-v-novostavbe-vo-zvolene","imagesUrls":["https://img.nehnutelnosti.sk/foto/NjAweDMzOC9maWx0ZXJzOnF1YWxpdHkoMTAwKS9uZWg=/jYO_vMwDj_fss?st=xg7iFUWI-tFUuTvh7QwTRRONzqnTXopXQ-fWA8BJccc&ts=1725724064&e=0"]},{"title":"Predaj 3 izbového bytu v novostavbe vo Zvolene","address":"Zvolen, okres Zvolen","rooms":2,"meters":86,"totalPrice":223600,"meterSquarePrice":8,"link":"https://www.nehnutelnosti.sk/detail/JuvJVPZyPIZ/predaj-3-izboveho-bytu-v-novostavbe-vo-zvolene","imagesUrls":["https://img.nehnutelnosti.sk/foto/NjAweDMzOC9maWx0ZXJzOnF1YWxpdHkoMTAwKS9uZWg=/VNx7gf--M_fss?st=UwsIQCMfK1kO6kcMEeqL3mQhDSrfhIu0HY3HXLC4OFw&ts=1701771865&e=0"]},{"title":"Predaj 2 izbového bytu v novostavbe vo Zvolene","address":"Zvolen, okres Zvolen","rooms":2,"meters":61,"totalPrice":186000,"meterSquarePrice":3,"link":"https://www.nehnutelnosti.sk/detail/JuP7rWQbr6f/predaj-2-izboveho-bytu-v-novostavbe-vo-zvolene","imagesUrls":["https://img.nehnutelnosti.sk/foto/NjAweDMzOC9maWx0ZXJzOnF1YWxpdHkoMTAwKS9uZWg=/cO1gOVFoi_fss?st=yU17zh5W-dQWx3vSpBNZKiij7zu7W0NSWqxeysQQ898&ts=1701771871&e=0"]}]