[{"title":"RIVIÉRA - Karlova Ves a priestranný 4i byt","address":"Ladislava Sáru, Bratislava IV - Karlova Ves, okres Bratislava","rooms":4,"meters":91,"totalPrice":255000,"meterSquarePrice":0,"link":"https://www.nehnutelnosti.sk/detail/JuiZkwVlLTL/riviera-karlova-ves-a-priestranny-4i-byt","imagesUrls":["https://img.nehnutelnosti.sk/foto/NjAweDMzOC9maWx0ZXJzOnF1YWxpdHkoMTAwKS9uZWg=/lguswv9CF_fss?st=1fN9QGiglwkbWiQlmmprBruY_X9rKGDXvTzY_g1CqvU&ts=1718215708&e=0"]},{"title":"Nový 3 izbový byt s príjemným výhľadom v PRIEKOPE","address":"Martin, okres Martin","rooms":3,"meters":69,"totalPrice":113900,"meterSquarePrice":2,"link":"https://www.nehnutelnosti.sk/detail/Ju-F7ID6Nob/novy-3-izbovy-byt-s-prijemnym-vyhladom-v-priekope","imagesUrls":["https://img.nehnutelnosti.sk/foto/NjAweDMzOC9maWx0ZXJzOnF1YWxpdHkoMTAwKS9uZWg=/nBHw_MPrF_fss?st=JTgqCmYnlG7AkV4jLX1-pUKeaCXZPE92AUnkrUkkS1g&ts=1717426424&e=0"]},{"title":"Rezervované - Vkusný 2 izbový byt Martin - Sever","address":"Martin, okres Martin","rooms":2,"meters":56,"totalPrice":98000,"meterSquarePrice":0,"link":"https://www.nehnutelnosti.sk/detail/JuUtosxanC0/rezervovane-vkusny-2-izbovy-byt-martin-sever","imagesUrls":["https://img.nehnutelnosti.sk/foto/NjAweDMzOC9maWx0ZXJzOnF1YWxpdHkoMTAwKS9uZWg=/ux56W8iXk_fss?st=bcrHzGhXytIpJkNZ-D_G7ZbKTWvz0ZQKhFsMCswDrZk&ts=1716458953&e=0"]},{"title":"2 IZBOVÝ BYT v NOVOSTAVBE V PROJEKTE REZIDENCIA SLNEČNÁ","address":"Bánovce nad Bebravou, okres Bánovce nad Bebravou","rooms":2,"meters":58,"totalPrice":112905,"meterSquarePrice":4,"link":"https://www.nehnutelnosti.sk/detail/JudGlm5XbhN/2-izbovy-byt-v-novostavbe-v-projekte-rezidencia-slnecna","imagesUrls":["https://img.nehnutelnosti.sk/foto/NjAweDMzOC9maWx0ZXJzOnF1YWxpdHkoMTAwKS9uZWg=/gM6SZLo4KB_fss?st=fCQGFvgTI9YnhL8PjEp6AjdGYG32EAEfUM3g2grynPI&ts=1715868489&e=0"]},{"title":"Rezervované - 3 IZBOVÝ BYT  V NOVOSTAVBE -  PROJEKT REZIDENCIA SLNEČNÁ","address":"Bánovce nad Bebravou, okres Bánovce nad Bebravou","rooms":3,"meters":73,"totalPrice":137914,"meterSquarePrice":3,"link":"https://www.nehnutelnosti.sk/detail/JuJ6q1xZyE6/rezervovane-3-izbovy-byt-v-novostavbe-projekt-rezidencia-slnecna","imagesUrls":["https://img.nehnutelnosti.sk/foto/NjAweDMzOC9maWx0ZXJzOnF1YWxpdHkoMTAwKS9uZWg=/TkcqQ-APb_fss?st=MGIytWq5fh0_qcLcC2gjCnZ81vcN-9nenqO2iAi6428&ts=1715864120&e=0"]},{"title":"Rezervované - 1-izbový byt s dvoma loggiami na predaj","address":"Žilina - Vlčince, okres Žilina","rooms":1,"meters":37,"totalPrice":109900,"meterSquarePrice":7,"link":"https://www.nehnutelnosti.sk/detail/JuYFc_-75v2/rezervovane-1-izbovy-byt-s-dvoma-loggiami-na-predaj","imagesUrls":["https://img.nehnutelnosti.sk/foto/NjAweDMzOC9maWx0ZXJzOnF1YWxpdHkoMTAwKS9uZWg=/iA_DamC_1_fss?st=vSIwoS6dhWc6G_uei6x7jpIxB2c8mqS0fqiV5DoyyJA&ts=1715941675&e=0"]},{"title":"pekný 3 izbový byt v Turčianskych Tepliciach","address":"Turčianske Teplice, okres Turčianske Teplice","rooms":3,"meters":65,"totalPrice":125000,"meterSquarePrice":8,"link":"https://www.nehnutelnosti.sk/detail/Ju_krNnxUYn/pekny-3-izbovy-byt-v-turcianskych-tepliciach","imagesUrls":["https://img.nehnutelnosti.sk/foto/NjAweDMzOC9maWx0ZXJzOnF1YWxpdHkoMTAwKS9uZWg=/QOha7fOdW_fss?st=uRp9cFSM8xlqan57A_MBGSGeQkByGPON5fXpvFtdQPs&ts=1713794545&e=0"]},{"title":"B10 | Zriedkavá šanca bývania v Karloveskej časti Riviéra","address":"Ladislava Sáru, Bratislava IV - Karlova Ves, okres Bratislava","rooms":5,"meters":91,"totalPrice":255000,"meterSquarePrice":0,"link":"https://www.nehnutelnosti.sk/detail/Ju2-z30uue9/b10-zriedkava-sanca-byvania-v-karloveskej-casti-riviera","imagesUrls":["https://img.nehnutelnosti.sk/foto/NjAweDMzOC9maWx0ZXJzOnF1YWxpdHkoMTAwKS9uZWg=/vaAehOoq7_fss?st=uU0lhrsXV_djqUTqwl2QRl-Tbcac682KGzAFUjiuqmQ&ts=1714579685&e=0"]},{"title":"Rezervované - 2 izbový byt -2KK na predaj- Zlaté moravce","address":"Zlaté Moravce, okres Zlaté Moravce","rooms":2,"meters":48,"totalPrice":68900,"meterSquarePrice":2,"link":"https://www.nehnutelnosti.sk/detail/Ju2fAQVJVqU/rezervovane-2-izbovy-byt-2kk-na-predaj-zlate-moravce","imagesUrls":["https://img.nehnutelnosti.sk/foto/NjAweDMzOC9maWx0ZXJzOnF1YWxpdHkoMTAwKS9uZWg=/37AU5fggK_fss?st=cETmINTCb2hRmCH9XBaoemWnTucmVi0UCeOUlngbYAA&ts=1715874407&e=0"]},{"title":"Kompletne zariadený 2izbový byt na dobrej adrese KRAMÁRE, Stromová ul.","address":"Stromová, Bratislava III - Nové Mesto, okres Bratislava","rooms":2,"meters":38,"totalPrice":null,"meterSquarePrice":null,"link":"https://www.nehnutelnosti.sk/detail/Juw_tx4zLKK/kompletne-zariadeny-2izbovy-byt-na-dobrej-adrese-kramare-stromova-ul","imagesUrls":["https://img.nehnutelnosti.sk/foto/NjAweDMzOC9maWx0ZXJzOnF1YWxpdHkoMTAwKS9uZWg=/_3T0eZVFf_fss?st=Tz6lEVvif2BSJqdHhXF9oHqPw-CxqRT7Levjk4PpkIU&ts=1713188280&e=0"]},{"title":"Rezervované - 2-izbový byt na predaj- skvelá poloha- Zlaté Moravce","address":"Zlaté Moravce, okres Zlaté Moravce","rooms":2,"meters":51,"totalPrice":72000,"meterSquarePrice":6,"link":"https://www.nehnutelnosti.sk/detail/JuWE2R9BPwl/rezervovane-2-izbovy-byt-na-predaj-skvela-poloha-zlate-moravce","imagesUrls":["https://img.nehnutelnosti.sk/foto/NjAweDMzOC9maWx0ZXJzOnF1YWxpdHkoMTAwKS9uZWg=/pBg6Wqc7hf_fss?st=dvYHc5zvD3rCdq6HQ5JdSztHH1TNcpaBFyZdergUv-Q&ts=1723556605&e=0"]},{"title":"2 izbový byt pripravený na dokončenie podľa vašich predstáv! VRÚTKY","address":"Vrútky, okres Martin","rooms":2,"meters":48,"totalPrice":94900,"meterSquarePrice":8,"link":"https://www.nehnutelnosti.sk/detail/Ju_y9YLpKek/2-izbovy-byt-pripraveny-na-dokoncenie-podla-vasich-predstav-vrutky","imagesUrls":["https://img.nehnutelnosti.sk/foto/NjAweDMzOC9maWx0ZXJzOnF1YWxpdHkoMTAwKS9uZWg=/F3MuABspv_fss?st=MHItw3zWTmGplfI2A0bvkOWjSyoBdvbdjeG-HgJc6PU&ts=1711551706&e=0"]},{"title":"NOVOSTAVBA - VEĽKÝ 1 IZBOVÝ BYT V PROJEKTE REZIDENCIA SLNEČNÁ","address":"Bánovce nad Bebravou, okres Bánovce nad Bebravou","rooms":1,"meters":43,"totalPrice":87453,"meterSquarePrice":9,"link":"https://www.nehnutelnosti.sk/detail/Ju4GKiqhtyj/novostavba-velky-1-izbovy-byt-v-projekte-rezidencia-slnecna","imagesUrls":["https://img.nehnutelnosti.sk/foto/NjAweDMzOC9maWx0ZXJzOnF1YWxpdHkoMTAwKS9uZWg=/Ix3uPGxKp_fss?st=oi766K-mlUPVFpxcV2hseLiAllaK5F5W88_t_0the1Q&ts=1712905344&e=0"]},{"title":"NOVOSTAVBA - 1 IZBOVÝ BYT V PROJEKTE REZIDENCIA SLNEČNÁ","address":"Bánovce nad Bebravou, okres Bánovce nad Bebravou","rooms":1,"meters":34,"totalPrice":78568,"meterSquarePrice":2,"link":"https://www.nehnutelnosti.sk/detail/JuP-eo3-i28/novostavba-1-izbovy-byt-v-projekte-rezidencia-slnecna","imagesUrls":["https://img.nehnutelnosti.sk/foto/NjAweDMzOC9maWx0ZXJzOnF1YWxpdHkoMTAwKS9uZWg=/1BWq-GMBD_fss?st=ivCNe45MNgvXWsA9UfokCRApJTg2DQaaCfZn_Qe0PgE&ts=1712131061&e=0"]},{"title":"2 IZBOVÝ BYT V NOVOSTAVBE V PROJEKTE REZIDENCIA SLNEČNÁ","address":"Bánovce nad Bebravou, okres Bánovce nad Bebravou","rooms":2,"meters":59,"totalPrice":118200,"meterSquarePrice":9,"link":"https://www.nehnutelnosti.sk/detail/JuijVmsUWVm/2-izbovy-byt-v-novostavbe-v-projekte-rezidencia-slnecna","imagesUrls":["https://img.nehnutelnosti.sk/foto/NjAweDMzOC9maWx0ZXJzOnF1YWxpdHkoMTAwKS9uZWg=/fW4Yfi962W_fss?st=7BOQNcJ5gy8Qx66D8JCqde21kbTtIoJTh0sYQWFTcYA&ts=1712154686&e=0"]},{"title":"ÚPLNE NOVÝ 3 izbový byt v PROJEKTE REZIDENCIA SLNEČNÁ","address":"Bánovce nad Bebravou, okres Bánovce nad Bebravou","rooms":3,"meters":79,"totalPrice":141858,"meterSquarePrice":7,"link":"https://www.nehnutelnosti.sk/detail/JuKIT_gnlD5/uplne-novy-3-izbovy-byt-v-projekte-rezidencia-slnecna","imagesUrls":["https://img.nehnutelnosti.sk/foto/NjAweDMzOC9maWx0ZXJzOnF1YWxpdHkoMTAwKS9uZWg=/1H9Qo4zIt_fss?st=k8qZqbtU71bP77zZ69WJQGXwHMCA71_w348DOIp1RvI&ts=1712337061&e=0"]},{"title":"Ihneď k dispozícii - 3 izbový byt v Priekope","address":"Martin, okres Martin","rooms":3,"meters":70,"totalPrice":105000,"meterSquarePrice":0,"link":"https://www.nehnutelnosti.sk/detail/Ju74x-qp74M/ihned-k-dispozicii-3-izbovy-byt-v-priekope","imagesUrls":["https://img.nehnutelnosti.sk/foto/NjAweDMzOC9maWx0ZXJzOnF1YWxpdHkoMTAwKS9uZWg=/hZkZN-gQUk_fss?st=5WwJnuG4y1vS40R6Y-xGtJ20-MXLaix0nluDsW5hG4A&ts=1712747516&e=0"]},{"title":"NOVOSTAVBA - 2 IZBOVÝ BYT V PROJEKTE REZIDENCIA SLNEČNÁ","address":"Bánovce nad Bebravou, okres Bánovce nad Bebravou","rooms":2,"meters":59,"totalPrice":118200,"meterSquarePrice":9,"link":"https://www.nehnutelnosti.sk/detail/Ju6Emfn-3X4/novostavba-2-izbovy-byt-v-projekte-rezidencia-slnecna","imagesUrls":["https://img.nehnutelnosti.sk/foto/NjAweDMzOC9maWx0ZXJzOnF1YWxpdHkoMTAwKS9uZWg=/3_qVfajsUc_fss?st=YT5rhQtxZwtM8bVIe7Qnv8-jvh4QjGvWTsZezb7v7rk&ts=1718016756&e=0"]},{"title":"NOVOSTAVBA - 3 IZBOVÝ BYT V PROJEKTE REZIDENCIA SLNEČNÁ","address":"Bánovce nad Bebravou, okres Bánovce nad Bebravou","rooms":3,"meters":79,"totalPrice":141858,"meterSquarePrice":7,"link":"https://www.nehnutelnosti.sk/detail/JubyVGRnAKL/novostavba-3-izbovy-byt-v-projekte-rezidencia-slnecna","imagesUrls":["https://img.nehnutelnosti.sk/foto/NjAweDMzOC9maWx0ZXJzOnF1YWxpdHkoMTAwKS9uZWg=/ZoeRApjHj_fss?st=fp0rQbVG0Lp_BAFxiDIwVKWh2OK7AWPkzSFKd_qkl_8&ts=1718016757&e=0"]},{"title":"Priestranný 2izbový byt vo veľmi dobrej lokalite Prievidza - Kopanice Sever, 63m2","address":"Energetikov, Prievidza, okres Prievidza","rooms":2,"meters":63,"totalPrice":null,"meterSquarePrice":null,"link":"https://www.nehnutelnosti.sk/detail/JuM2Qoe8X9O/priestranny-2izbovy-byt-vo-velmi-dobrej-lokalite-prievidza-kopanice-sever-63m2","imagesUrls":["https://img.nehnutelnosti.sk/foto/NjAweDMzOC9maWx0ZXJzOnF1YWxpdHkoMTAwKS9uZWg=/_gWbftLS6_fss?st=S8bkkDgrXElYJpVfqnO6B3Q662k4HCvuhNbm2gQCFK4&ts=1711373745&e=0"]},{"title":"Rezervované - ŠUSTEKOVA- Veľký 3-izbový BYT v TOP časti Petržalky","address":"Bratislava V - Petržalka, okres Bratislava","rooms":3,"meters":75,"totalPrice":189990,"meterSquarePrice":0,"link":"https://www.nehnutelnosti.sk/detail/JuahUJRHOdT/rezervovane-sustekova-velky-3-izbovy-byt-v-top-casti-petrzalky","imagesUrls":["https://img.nehnutelnosti.sk/foto/NjAweDMzOC9maWx0ZXJzOnF1YWxpdHkoMTAwKS9uZWg=/QJEt8-RgN_fss?st=FeJ0ocBqcRTFjk4as4styseoi2yohrlFxCq2_USNiOc&ts=1713888126&e=0"]},{"title":"KOMENSKÉHO - 2 izbový byt na predaj - IBA U NÁS!","address":"Komenského, Liptovský Hrádok, okres Liptovský Mikuláš","rooms":2,"meters":58,"totalPrice":83600,"meterSquarePrice":8,"link":"https://www.nehnutelnosti.sk/detail/JuSQqJZypWf/komenskeho-2-izbovy-byt-na-predaj-iba-u-nas","imagesUrls":["https://img.nehnutelnosti.sk/foto/NjAweDMzOC9maWx0ZXJzOnF1YWxpdHkoMTAwKS9uZWg=/3RHjMfBNm_fss?st=Yp5QrppqmkVGmTxLWH90mGhAYCP_QC5tdGUbIOaWgJg&ts=1723194609&e=0"]},{"title":"Detva- 3 izbový byt","address":"Detva, okres Detva","rooms":3,"meters":64,"totalPrice":null,"meterSquarePrice":null,"link":"https://www.nehnutelnosti.sk/detail/JuTYOXQU8M0/detva-3-izbovy-byt","imagesUrls":["https://img.nehnutelnosti.sk/foto/NjAweDMzOC9maWx0ZXJzOnF1YWxpdHkoMTAwKS9uZWg=/oyyz2T3Q2_fss?st=uaKF9jdeiPgH6m929rfeYaiDa851DG692h-qF-3acyc&ts=1726574046&e=0"]},{"title":"Rezervované -  BÝVAJTE  v krásnom 3izbovom BYTE s vlastnou predzáhradkou v obľúbenej lokalite","address":"Dojč, okres Senica","rooms":3,"meters":80,"totalPrice":159900,"meterSquarePrice":5,"link":"https://www.nehnutelnosti.sk/detail/JucbOCOnhoq/rezervovane-byvajte-v-krasnom-3izbovom-byte-s-vlastnou-predzahradkou-v-oblubenej-lokalite","imagesUrls":["https://img.nehnutelnosti.sk/foto/NjAweDMzOC9maWx0ZXJzOnF1YWxpdHkoMTAwKS9uZWg=/lqXny34el_fss?st=0_Ee4ybUW8GLtUERXa8r2o0QP9dfkiD8BN2GtqlCZxw&ts=1706022093&e=0"]},{"title":"Liv Lux  s výhľadom na more ! Luxusné rezidenčné bývanie v Dubaji","address":"Bratislava I - Staré Mesto, okres Bratislava","rooms":2,"meters":77,"totalPrice":null,"meterSquarePrice":null,"link":"https://www.nehnutelnosti.sk/detail/Juv_pjO8KZN/liv-lux-s-vyhladom-na-more-luxusne-rezidencne-byvanie-v-dubaji","imagesUrls":["https://img.nehnutelnosti.sk/foto/NjAweDMzOC9maWx0ZXJzOnF1YWxpdHkoMTAwKS9uZWg=/-CBnzlR44_fss?st=UHHKXDF5iiXxb4N_1ZAzv6yXz0U7EXaSEKffrC-FF1w&ts=1709386856&e=0"]},{"title":"4i byt - Chrenová - výnimočný - alternatíva domu","address":"Nitra, okres Nitra","rooms":4,"meters":115,"totalPrice":205000,"meterSquarePrice":1,"link":"https://www.nehnutelnosti.sk/detail/JudRX5M_Je5/4i-byt-chrenova-vynimocny-alternativa-domu","imagesUrls":["https://img.nehnutelnosti.sk/foto/NjAweDMzOC9maWx0ZXJzOnF1YWxpdHkoMTAwKS9uZWg=/U9cxgSsFK_fss?st=dQNhR7eFB_XI0ewmhcJJX8aFGi11fUvL0D3-4joSsxY&ts=1704354163&e=0"]},{"title":"2i byt - CENTRUM - priestranný - investičná príležitosť","address":"Nitra, okres Nitra","rooms":2,"meters":60,"totalPrice":1,"meterSquarePrice":2,"link":"https://www.nehnutelnosti.sk/detail/JuI7xFS_4gi/2i-byt-centrum-priestranny-investicna-prilezitost","imagesUrls":["https://img.nehnutelnosti.sk/foto/NjAweDMzOC9maWx0ZXJzOnF1YWxpdHkoMTAwKS9uZWg=/FdeEgdedj_fss?st=jeqphLXjCEJhDZam_mMChdQod32K6hJxy0JcJIj-bYo&ts=1722000174&e=0"]},{"title":"Rezervované - kompletne zrekonštruovaný 2,5 izbový byt v CENTRE - Štúrovo námestie!","address":"Martin, okres Martin","rooms":2,"meters":68,"totalPrice":null,"meterSquarePrice":null,"link":"https://www.nehnutelnosti.sk/detail/JuMFzIvWn03/rezervovane-kompletne-zrekonstruovany-2-5-izbovy-byt-v-centre-sturovo-namestie","imagesUrls":["https://img.nehnutelnosti.sk/foto/NjAweDMzOC9maWx0ZXJzOnF1YWxpdHkoMTAwKS9uZWg=/EtghSt8FY_fss?st=2Rjtk37Hj4dnMRzq-jIcBZbVkY5LjyogSnQ7zLYxCBs&ts=1718183149&e=0"]},{"title":"2i (54,77m2) s ÚCHVATNÝM VÝHĽADOM v strede Dúbravky","address":"Považanova, Bratislava IV - Dúbravka, okres Bratislava","rooms":2,"meters":55,"totalPrice":159990,"meterSquarePrice":1,"link":"https://www.nehnutelnosti.sk/detail/JuTwnBWBrCq/2i-54-77m2-s-uchvatnym-vyhladom-v-strede-dubravky","imagesUrls":["https://img.nehnutelnosti.sk/foto/NjAweDMzOC9maWx0ZXJzOnF1YWxpdHkoMTAwKS9uZWg=/qVXrxA5hE_fss?st=8JWWLHoz-zoQNKz1VbFPdTf1mSzpBR2LkjQ4e0jlCMc&ts=1725874425&e=0"]},{"title":"Rezervované - UNIKÁTNY 2i byt až 58m2 v TOP lokalite Trenčína","address":"Trenčín, okres Trenčín","rooms":2,"meters":58,"totalPrice":115000,"meterSquarePrice":6,"link":"https://www.nehnutelnosti.sk/detail/JuQc7_1PaU1/rezervovane-unikatny-2i-byt-az-58m2-v-top-lokalite-trencina","imagesUrls":["https://img.nehnutelnosti.sk/foto/NjAweDMzOC9maWx0ZXJzOnF1YWxpdHkoMTAwKS9uZWg=/Wk6NVw9Zq_fss?st=9A1zvDgy28dD5caVTYJfUPG6sHuSbrfYKxxmEw-5xZw&ts=1709640513&e=0"]}]