[{"title":"Predaj | 2i byt, Martin","address":"Martin, okres Martin","rooms":2,"meters":54,"totalPrice":123000,"meterSquarePrice":8,"link":"https://www.nehnutelnosti.sk/detail/JuZEUfwyptd/predaj-2i-byt-martin","imagesUrls":["https://img.nehnutelnosti.sk/foto/NjAweDMzOC9maWx0ZXJzOnF1YWxpdHkoMTAwKS9uZWg=/jZE2DxAw__fss?st=5yzEeBSZBHnBpdnxq3wiq5hOzkJ_Gxc0NP2M3MGMc-g&ts=1723551656&e=0"]},{"title":"2-izbový byt v Prievidzi na PREDAJ","address":"Prievidza, okres Prievidza","rooms":2,"meters":55,"totalPrice":75900,"meterSquarePrice":0,"link":"https://www.nehnutelnosti.sk/detail/Ju2M4RAbfbt/2-izbovy-byt-v-prievidzi-na-predaj","imagesUrls":["https://img.nehnutelnosti.sk/foto/NjAweDMzOC9maWx0ZXJzOnF1YWxpdHkoMTAwKS9uZWg=/fA0VsIR3z_fss?st=VaMtjwLo0JWhPeUaC7RX1uLwUwzDnFL0gR4KRHmY9xY&ts=1704967779&e=0"]},{"title":"NA PREDAJ | Lúčky – nový blok C, Prievidza","address":"Lúčna, Prievidza, okres Prievidza","rooms":2,"meters":59,"totalPrice":null,"meterSquarePrice":null,"link":"https://www.nehnutelnosti.sk/detail/JulaS1A_LKa/na-predaj-lucky-novy-blok-c-prievidza","imagesUrls":["https://img.nehnutelnosti.sk/foto/NjAweDMzOC9maWx0ZXJzOnF1YWxpdHkoMTAwKS9uZWg=/O5d60tynw_fss?st=BzJT8Qb-49yjqem-ydcTJItYn5ldxG2pSrTG8mP8Cjs&ts=1665125288&e=0"]},{"title":"PREDAJ Nové byty v bytovom dome RIVERSIDE v Prievidzi","address":"Prievidza, okres Prievidza","rooms":3,"meters":76,"totalPrice":null,"meterSquarePrice":null,"link":"https://www.nehnutelnosti.sk/detail/JuSsuMfRGxf/predaj-nove-byty-v-bytovom-dome-riverside-v-prievidzi","imagesUrls":["https://img.nehnutelnosti.sk/foto/NjAweDMzOC9maWx0ZXJzOnF1YWxpdHkoMTAwKS9uZWg=/dy5X47XhQ_fss?st=gSXhxzAOQQFarLvxM4doFtOYlTD1OmjeMrBHBLzyrsA&ts=1665124334&e=0"]},{"title":"PREDAJ - Moderný 2-izbový byt v Eurovea Tower s nádherným výhľadom z 19. poschodia","address":"Pribinova, Bratislava I - Staré Mesto, okres Bratislava","rooms":2,"meters":51,"totalPrice":465000,"meterSquarePrice":4,"link":"https://www.nehnutelnosti.sk/detail/JuyTK18hWWl/predaj-moderny-2-izbovy-byt-v-eurovea-tower-s-nadhernym-vyhladom-z-19-poschodia","imagesUrls":["https://img.nehnutelnosti.sk/foto/NjAweDMzOC9maWx0ZXJzOnF1YWxpdHkoMTAwKS9uZWg=/3WIsc3i9Ia_fss?st=bV0uJhFhNhpPmgpTijYHh8YhnWPfLZ3Z9nkPIx8kBTg&ts=1714582892&e=0"]},{"title":"**PRI PARKU RAČIANSKE MÝTO**2-IZBOVÝ BYT SO SAMOSTATNÝMI IZBAMI A ŠATNÍKOM**","address":"Ukrajinská, Bratislava III - Nové Mesto, okres Bratislava","rooms":2,"meters":59,"totalPrice":229900,"meterSquarePrice":1,"link":"https://www.nehnutelnosti.sk/detail/Ju0y99KA2XT/pri-parku-racianske-myto2-izbovy-byt-so-samostatnymi-izbami-a-satnikom","imagesUrls":["https://img.unitedclassifieds.sk/foto/NjAweDMzOC9maWx0ZXJzOnF1YWxpdHkoMTAwKS9qdWw=/LnHOhbQ3__fss?st=F8rLMwu1uF9gvbo2Zz4y0Q1GagBAeaWYxZ9NVaZRnEI&ts=1726049276&e=0"]},{"title":"3i apartmány na pokojnom mieste Mýto Nízke Tatry","address":"Mýto pod Ďumbierom, Mýto pod Ďumbierom, okres Brezno","rooms":null,"meters":86,"totalPrice":260000,"meterSquarePrice":6,"link":"https://www.nehnutelnosti.sk/detail/Ju3KRaOoHEWv/3i-apartmany-na-pokojnom-mieste-myto-nizke-tatry","imagesUrls":["https://img.nehnutelnosti.sk/foto/NjAweDMzOC9maWx0ZXJzOnF1YWxpdHkoMTAwKS9uZWg=/-vsL7I_cv-_fss?st=LR6_8PxjPUPyGKMta4nJyCvAOBGz5KEwxZ26Lih26tg&ts=1717594519&e=0"]},{"title":"EXKLUZÍVNE NA PREDAJ 3 izbový byt v tehlovej bytovke v Komárne.","address":"Komárno, okres Komárno","rooms":3,"meters":null,"totalPrice":null,"meterSquarePrice":null,"link":"https://www.nehnutelnosti.sk/detail/JubPNoHHym_/exkluzivne-na-predaj-3-izbovy-byt-v-tehlovej-bytovke-v-komarne","imagesUrls":["https://img.nehnutelnosti.sk/foto/NjAweDMzOC9maWx0ZXJzOnF1YWxpdHkoMTAwKS9uZWg=/CHEQxnUq7_fss?st=2py5ZggN16sdOh43_Vd8Eq61NGhd2XeL6ALjIJH2kT4&ts=1726655684&e=0"]},{"title":"Exkluzívne na predaj 3 izbový byt v Nových Zámkoch na S.H.Vajanského.","address":"Nové Zámky, okres Nové Zámky","rooms":3,"meters":78,"totalPrice":115000,"meterSquarePrice":6,"link":"https://www.nehnutelnosti.sk/detail/JutNJHOCrTU/exkluzivne-na-predaj-3-izbovy-byt-v-novych-zamkoch-na-s-h-vajanskeho","imagesUrls":["https://img.nehnutelnosti.sk/foto/NjAweDMzOC9maWx0ZXJzOnF1YWxpdHkoMTAwKS9uZWg=/rIfVSaC8__fss?st=yg7Y-3pwZOP8CgG59-KdiEtDWkHHi4PLWJU6i7WI0VI&ts=1726655678&e=0"]},{"title":"Krásne a kvalitne komplet prerobený 3,5 izbový byt","address":"Kapitána Nálepku, Svit, okres Poprad","rooms":3,"meters":74,"totalPrice":null,"meterSquarePrice":null,"link":"https://www.nehnutelnosti.sk/detail/JugIIgFliFd/krasne-a-kvalitne-komplet-prerobeny-3-5-izbovy-byt","imagesUrls":["https://img.nehnutelnosti.sk/foto/NjAweDMzOC9maWx0ZXJzOnF1YWxpdHkoMTAwKS9uZWg=/70mLR2m6sq_fss?st=5IR00fDcOIPCFJpTu3l5v_3IhLvVN9zmjifsdMWf9gY&ts=1726655678&e=0"]},{"title":"Predaj  2-izbového bytu Malacky, Radlinského ulica","address":"Radlinského, Malacky, okres Malacky","rooms":2,"meters":37,"totalPrice":null,"meterSquarePrice":null,"link":"https://www.nehnutelnosti.sk/detail/JujkN0ndcTB/predaj-2-izboveho-bytu-malacky-radlinskeho-ulica","imagesUrls":["https://img.nehnutelnosti.sk/foto/NjAweDMzOC9maWx0ZXJzOnF1YWxpdHkoMTAwKS9uZWg=/uQ3CDjlKi_fss?st=Kb1-vN1LfYNdrgdgbsZ6WGMItupJ0_jFDzOOc5myDnA&ts=1726655406&e=0"]},{"title":"Priestranný 3+1 izb. byt na predaj / Hájik, Jedliková","address":"Jedlíkova, Žilina - Hájik, okres Žilina","rooms":3,"meters":73,"totalPrice":149900,"meterSquarePrice":2,"link":"https://www.nehnutelnosti.sk/detail/JuC2KnC53RV/priestranny-3-1-izb-byt-na-predaj-hajik-jedlikova","imagesUrls":["https://img.nehnutelnosti.sk/foto/NjAweDMzOC9maWx0ZXJzOnF1YWxpdHkoMTAwKS9uZWg=/obqF8Y8xgN_fss?st=uJEtC8hR-23QTlu0HI30IKijAcvCoCqJEclVtyXEIuE&ts=1726068895&e=0"]},{"title":"3+1 izbový byt v pôvodnom stave v Trenčianských Tepliciach NA PREDAJ","address":"Štvrť SNP, Trenčianske Teplice, okres Trenčín","rooms":3,"meters":64,"totalPrice":102990,"meterSquarePrice":2,"link":"https://www.nehnutelnosti.sk/detail/JuVNByrLA60/3-1-izbovy-byt-v-povodnom-stave-v-trencianskych-tepliciach-na-predaj","imagesUrls":["https://img.nehnutelnosti.sk/foto/NjAweDMzOC9maWx0ZXJzOnF1YWxpdHkoMTAwKS9uZWg=/VWk9llITR_fss?st=iCXbVhgVyMW6gNzpAlSWXHS-XX-KTcz7NpsOPjgxfMA&ts=1726056000&e=0"]},{"title":"Moderný 2.izb byt na predaj (53 m2) / Považská Bystrica","address":"Mládežnícka, Považská Bystrica, okres Považská Bystrica","rooms":2,"meters":53,"totalPrice":108500,"meterSquarePrice":7,"link":"https://www.nehnutelnosti.sk/detail/Ju2Udsao9bt/moderny-2-izb-byt-na-predaj-53-m2-povazska-bystrica","imagesUrls":["https://img.nehnutelnosti.sk/foto/NjAweDMzOC9maWx0ZXJzOnF1YWxpdHkoMTAwKS9uZWg=/ysOgVXynM_fss?st=DgmSRGH-BQyOYUTQ3nfZ4q1HA3X35tKNNdQtbq85yMo&ts=1726056006&e=0"]},{"title":"Svetlý veľky byt v historickom Starom meste","address":"Leškova, Bratislava I - Staré Mesto, okres Bratislava","rooms":3,"meters":114,"totalPrice":465000,"meterSquarePrice":5,"link":"https://www.nehnutelnosti.sk/detail/Juqp0IYWf83/svetly-velky-byt-v-historickom-starom-meste","imagesUrls":["https://img.unitedclassifieds.sk/foto/NjAweDMzOC9maWx0ZXJzOnF1YWxpdHkoMTAwKS9qdWw=/jZyKAN174_fss?st=IHo496wMxDuanKkz1bcyw-Z0w6j0vDBz_ScKIMTnPnI&ts=1713117863&e=0"]},{"title":"2 izbový  byt s balkónom  Tovarníky / VYPLATENA ZALOHA","address":"Obrancov mieru, Tovarníky, okres Topoľčany","rooms":2,"meters":55,"totalPrice":null,"meterSquarePrice":null,"link":"https://www.nehnutelnosti.sk/detail/JuIbbNzRHmA/2-izbovy-byt-s-balkonom-tovarniky-vyplatena-zaloha","imagesUrls":["https://img.nehnutelnosti.sk/foto/NjAweDMzOC9maWx0ZXJzOnF1YWxpdHkoMTAwKS9uZWg=/Us4jn24dB_fss?st=B_GrEpDITJ033SYodCgeAGs36TqGXsCkcGzzQP0KbiM&ts=1725098530&e=0"]},{"title":"3 izbový byt s balkónom Topoľčany / VYPLATENA ZALOHA","address":"Streďanská, Topoľčany, okres Topoľčany","rooms":3,"meters":65,"totalPrice":null,"meterSquarePrice":null,"link":"https://www.nehnutelnosti.sk/detail/JumXDiyRAp2/3-izbovy-byt-s-balkonom-topolcany-vyplatena-zaloha","imagesUrls":["https://img.nehnutelnosti.sk/foto/NjAweDMzOC9maWx0ZXJzOnF1YWxpdHkoMTAwKS9uZWg=/T_T50r3nF_fss?st=ewTqcMaLoL0U-IUffn0BZC5kwVdZHnvz3Dh31n-t37A&ts=1714207502&e=0"]},{"title":"4 izbový byt  s balkónom Topoľčany / VYPLATENA ZALOHA","address":"Podjavorinskej, Topoľčany, okres Topoľčany","rooms":4,"meters":82,"totalPrice":null,"meterSquarePrice":null,"link":"https://www.nehnutelnosti.sk/detail/JuaIbzx0baX/4-izbovy-byt-s-balkonom-topolcany-vyplatena-zaloha","imagesUrls":["https://img.nehnutelnosti.sk/foto/NjAweDMzOC9maWx0ZXJzOnF1YWxpdHkoMTAwKS9uZWg=/ajHdHF9TS_fss?st=Tm6TX4W4jSJ3-Cx_kyOZttwTyitRpxCXoBlk1Els0nA&ts=1692262025&e=0"]},{"title":"2 izbový  byt s vlastným parkovacím miestom   Topoľčany Centrum","address":"Moyzesova, Topoľčany, okres Topoľčany","rooms":2,"meters":62,"totalPrice":130000,"meterSquarePrice":7,"link":"https://www.nehnutelnosti.sk/detail/Ju3SR2tYmnv/2-izbovy-byt-s-vlastnym-parkovacim-miestom-topolcany-centrum","imagesUrls":["https://img.nehnutelnosti.sk/foto/NjAweDMzOC9maWx0ZXJzOnF1YWxpdHkoMTAwKS9uZWg=/iCb2Uc9ZXe_fss?st=imcQVYI85edp7_MTr0irIj6x_5NlSF4bIBtOOqMikIY&ts=1726152389&e=0"]},{"title":"Garsonka Topoľčany","address":"B. Němcovej, Topoľčany, okres Topoľčany","rooms":null,"meters":19,"totalPrice":49000,"meterSquarePrice":5,"link":"https://www.nehnutelnosti.sk/detail/JuaRgBk4irj/garsonka-topolcany","imagesUrls":["https://img.nehnutelnosti.sk/foto/NjAweDMzOC9maWx0ZXJzOnF1YWxpdHkoMTAwKS9uZWg=/47mqu8O-Mq_fss?st=dwBTzkeYbFMed73zVs9vWM-qvxxIRWTE8SC1k7_pUZM&ts=1726049047&e=0"]},{"title":"3 izbový byt  balkónom Topoľčany / VYPLATENA ZALOHA","address":"M. A. Bazovského, Topoľčany, okres Topoľčany","rooms":3,"meters":76,"totalPrice":null,"meterSquarePrice":null,"link":"https://www.nehnutelnosti.sk/detail/JugKvOI8igZ/3-izbovy-byt-balkonom-topolcany-vyplatena-zaloha","imagesUrls":["https://img.nehnutelnosti.sk/foto/NjAweDMzOC9maWx0ZXJzOnF1YWxpdHkoMTAwKS9uZWg=/dH1Ee4HpZ_fss?st=7srVASt9IwzRI8018Pbss96141M9LEMIHix6vZUzqac&ts=1726141007&e=0"]},{"title":"3 izbový byt  balkónom Topoľčany / spojený 2 izbový byt plus garsónka / 2x kúpeľňa a 2x wc","address":"J. Jesenského, Topoľčany, okres Topoľčany","rooms":3,"meters":82,"totalPrice":135000,"meterSquarePrice":4,"link":"https://www.nehnutelnosti.sk/detail/JuU22SoY9Co/3-izbovy-byt-balkonom-topolcany-spojeny-2-izbovy-byt-plus-garsonka-2x-kupelna-a-2x-wc","imagesUrls":["https://img.nehnutelnosti.sk/foto/NjAweDMzOC9maWx0ZXJzOnF1YWxpdHkoMTAwKS9uZWg=/feufqQue5_fss?st=QSBTn1xq1lGJ6gdajlBPUzaMmJ_5qqkyaJT85_R1b7U&ts=1726226745&e=0"]},{"title":"Na predaj 3 i byt v Partizánskom 70 m2","address":"Generála Svobodu, Partizánske, okres Partizánske","rooms":3,"meters":70,"totalPrice":99900,"meterSquarePrice":4,"link":"https://www.nehnutelnosti.sk/detail/JuxZhqS1sbL/na-predaj-3-i-byt-v-partizanskom-70-m2","imagesUrls":["https://img.nehnutelnosti.sk/foto/NjAweDMzOC9maWx0ZXJzOnF1YWxpdHkoMTAwKS9uZWg=/WZOs1WftG_fss?st=GpyOppw997l_phlT4kNHgG8U-JCg0VQElGKp2FqmMQI&ts=1726000818&e=0"]},{"title":"2izbový byt - Topoľčany, centrum","address":"centrum, Topoľčany, okres Topoľčany","rooms":2,"meters":54,"totalPrice":75000,"meterSquarePrice":9,"link":"https://www.nehnutelnosti.sk/detail/JuxIyosqQy1/2izbovy-byt-topolcany-centrum","imagesUrls":["https://img.nehnutelnosti.sk/foto/NjAweDMzOC9maWx0ZXJzOnF1YWxpdHkoMTAwKS9uZWg=/JkHTbl9bw_fss?st=GaqXHV0DIATrKNdU_Vo8JrY5aT8wUojFDlPQVWMpxFY&ts=1725977546&e=0"]},{"title":"Na predaj 1 i byt v Partizánskom","address":"Partizánske, okres Partizánske","rooms":1,"meters":29,"totalPrice":49900,"meterSquarePrice":9,"link":"https://www.nehnutelnosti.sk/detail/JuCQOxE08iS/na-predaj-1-i-byt-v-partizanskom","imagesUrls":["https://img.nehnutelnosti.sk/foto/NjAweDMzOC9maWx0ZXJzOnF1YWxpdHkoMTAwKS9uZWg=/cLud0w359__fss?st=zO3iBgeF5rzzicAQxhVWxWQel56MxDY2eKM6tUzQOVg&ts=1725874714&e=0"]},{"title":"Predaj - 3izbový byt Topoľčany - Fko","address":"Podjavorinskej, Topoľčany, okres Topoľčany","rooms":3,"meters":76,"totalPrice":115000,"meterSquarePrice":6,"link":"https://www.nehnutelnosti.sk/detail/JuhGTBt1Fc-/predaj-3izbovy-byt-topolcany-fko","imagesUrls":["https://img.nehnutelnosti.sk/foto/NjAweDMzOC9maWx0ZXJzOnF1YWxpdHkoMTAwKS9uZWg=/yGxgz2n5dl_fss?st=QDQYmwZFdieNguWsk89lEMEGpi9C84aMJtuabdQWABg&ts=1725615288&e=0"]},{"title":"1-izbový byt v Trenčianskych Tepliciach","address":"Štvrť SNP, Trenčianske Teplice, okres Trenčín","rooms":1,"meters":35,"totalPrice":60000,"meterSquarePrice":9,"link":"https://www.nehnutelnosti.sk/detail/Ju1Nm8uZCFJ/1-izbovy-byt-v-trencianskych-tepliciach","imagesUrls":["https://img.nehnutelnosti.sk/foto/NjAweDMzOC9maWx0ZXJzOnF1YWxpdHkoMTAwKS9uZWg=/X80MzB-Kg_fss?st=h7OC15P0r96cyz2mdr9BtIkY7zTQi08rCjlH2xOvTp0&ts=1725393760&e=0"]},{"title":"Výnimočný 2-izbový byt Trenčianske Teplice","address":"Nádražná, Trenčianske Teplice, okres Trenčín","rooms":2,"meters":62,"totalPrice":204000,"meterSquarePrice":2,"link":"https://www.nehnutelnosti.sk/detail/JuEVONWZQKs/vynimocny-2-izbovy-byt-trencianske-teplice","imagesUrls":["https://img.nehnutelnosti.sk/foto/NjAweDMzOC9maWx0ZXJzOnF1YWxpdHkoMTAwKS9uZWg=/_BX8sbdjE_fss?st=vhWPqD8QpezS4pp9_1Ek94bjUDNgsOpdpBKm-eLh-zo&ts=1725614500&e=0"]},{"title":"2 izbový byt Nitra - Párovce","address":"Nitra, okres Nitra","rooms":2,"meters":56,"totalPrice":153000,"meterSquarePrice":4,"link":"https://www.nehnutelnosti.sk/detail/JuCT2daicUt/2-izbovy-byt-nitra-parovce","imagesUrls":["https://img.nehnutelnosti.sk/foto/NjAweDMzOC9maWx0ZXJzOnF1YWxpdHkoMTAwKS9uZWg=/V9MiTd2zQY_fss?st=4hbtyZxNMtdRNmsgyFjuoHYEMRZm9PWJp-IY1Gqi7gE&ts=1724168733&e=0"]},{"title":"1 - Izbový byt Štiavnik","address":"Štiavnik, Štiavnik, okres Bytča","rooms":1,"meters":32,"totalPrice":73000,"meterSquarePrice":5,"link":"https://www.nehnutelnosti.sk/detail/JugbLtBl86D/1-izbovy-byt-stiavnik","imagesUrls":["https://img.nehnutelnosti.sk/foto/NjAweDMzOC9maWx0ZXJzOnF1YWxpdHkoMTAwKS9uZWg=/FevkWvZ8GT_fss?st=yYVXpHgEuS6FT07NpZwPsHm5_1XhyIlkFs4xxSo4tjg&ts=1724700762&e=0"]}]