[{"title":"DIAMOND HOME s.r.o. Vám ponúka na predaj 3 izbový svetlý byt  s loggoiu  v Dunajskej Strede","address":"nam priatelstva, Dunajská Streda, okres Dunajská Streda","rooms":3,"meters":60,"totalPrice":104990,"meterSquarePrice":3,"link":"https://www.nehnutelnosti.sk/detail/Ju-LqESSopd/diamond-home-s-r-o-vam-ponuka-na-predaj-3-izbovy-svetly-byt-s-loggoiu-v-dunajskej-strede","imagesUrls":["https://img.nehnutelnosti.sk/foto/NjAweDMzOC9maWx0ZXJzOnF1YWxpdHkoMTAwKS9uZWg=/b39H-KuOKT_fss?st=IXgo4ZnsuTJNb-XH-qevJNmIMfR7QyGUzMEel1rYR84&ts=1725464152&e=0"]},{"title":"DIAMOND HOME s.r.o. Vám ponúka na predaj 2 izbový investičný byt v centre mesta v novostavbe v Dunaj","address":"Galantská Cesta, Dunajská Streda, okres Dunajská Streda","rooms":2,"meters":66,"totalPrice":123000,"meterSquarePrice":4,"link":"https://www.nehnutelnosti.sk/detail/JuWyTcKd181/diamond-home-s-r-o-vam-ponuka-na-predaj-2-izbovy-investicny-byt-v-centre-mesta-v-novostavbe-v-dunaj","imagesUrls":["https://img.nehnutelnosti.sk/foto/NjAweDMzOC9maWx0ZXJzOnF1YWxpdHkoMTAwKS9uZWg=/yDP8vjrAE_fss?st=KR9n8GpvAzluTfoLRZZDaMxYF-wKe29GEdt_a8COQIA&ts=1725887800&e=0"]},{"title":"DIAMOND HOME s.r.o. Vám ponúka na predaj 3 izbový svetlý byt  s loggoiu  v Dunajskej Strede","address":"nam priatelstva, Dunajská Streda, okres Dunajská Streda","rooms":3,"meters":60,"totalPrice":104990,"meterSquarePrice":3,"link":"https://www.nehnutelnosti.sk/detail/Jui73gHOoEu/diamond-home-s-r-o-vam-ponuka-na-predaj-3-izbovy-svetly-byt-s-loggoiu-v-dunajskej-strede","imagesUrls":["https://img.nehnutelnosti.sk/foto/NjAweDMzOC9maWx0ZXJzOnF1YWxpdHkoMTAwKS9uZWg=/IeFd9xrvm_fss?st=_CKDUHH3-2-7G4TKjbS1JgBgpu6-WWqv8cJ91gq_dw0&ts=1725275410&e=0"]},{"title":"DIAMOND HOME s.r.o , ponúka Vám na predaj kompletne rekonštruovaný  3 izbový byt  v meste Dunajská S","address":"Nová Ves, Dunajská Streda, okres Dunajská Streda","rooms":3,"meters":78,"totalPrice":99990,"meterSquarePrice":2,"link":"https://www.nehnutelnosti.sk/detail/JuULpjGO-23/diamond-home-s-r-o-ponuka-vam-na-predaj-kompletne-rekonstruovany-3-izbovy-byt-v-meste-dunajska-s","imagesUrls":["https://img.nehnutelnosti.sk/foto/NjAweDMzOC9maWx0ZXJzOnF1YWxpdHkoMTAwKS9uZWg=/bWSZcBDns_fss?st=TyyQkbJhzT9dkl-3-J3fFQxwePyDdXIHcZwPu_pMkYA&ts=1725464150&e=0"]},{"title":"Rezervovaný/ DIAMOND HOME s.r.o , ponúka Vám na predaj 2 izbový byt Dunajská Streda, Nová Ves.","address":"Nová Ves, Dunajská Streda, okres Dunajská Streda","rooms":2,"meters":58,"totalPrice":null,"meterSquarePrice":null,"link":"https://www.nehnutelnosti.sk/detail/Ju6IhvBKUUM/rezervovany-diamond-home-s-r-o-ponuka-vam-na-predaj-2-izbovy-byt-dunajska-streda-nova-ves","imagesUrls":["https://img.nehnutelnosti.sk/foto/NjAweDMzOC9maWx0ZXJzOnF1YWxpdHkoMTAwKS9uZWg=/se-dUJcyRT_fss?st=tqRIv37Y6tpm1hFolFIvGPjUElsFjSfx7esmNIxpTdU&ts=1724156684&e=0"]},{"title":"DIAMOND HOME s.r.o.  Vám ponúka na predaj zrekonštruovanú garzonku na 1.poschodi","address":"nam snp, Dunajská Streda, okres Dunajská Streda","rooms":null,"meters":28,"totalPrice":72900,"meterSquarePrice":7,"link":"https://www.nehnutelnosti.sk/detail/JuMXKlaBbwA/diamond-home-s-r-o-vam-ponuka-na-predaj-zrekonstruovanu-garzonku-na-1-poschodi","imagesUrls":["https://img.nehnutelnosti.sk/foto/NjAweDMzOC9maWx0ZXJzOnF1YWxpdHkoMTAwKS9uZWg=/vdV3xi_Oh_fss?st=h7Hk9Iqt9n4nOXz62OI_WF4JA7pG1qPhEP0RXlaFjvU&ts=1723491166&e=0"]},{"title":"Rezervovaný/ DIAMOND HOME s.r.o , ponúka Vám na predaj pekne rekonštruovaný 1 izbový byt v  meste Du","address":"Námestie SNP, Dunajská Streda, okres Dunajská Streda","rooms":null,"meters":29,"totalPrice":76000,"meterSquarePrice":9,"link":"https://www.nehnutelnosti.sk/detail/JuZcSTTjFcC/rezervovany-diamond-home-s-r-o-ponuka-vam-na-predaj-pekne-rekonstruovany-1-izbovy-byt-v-meste-du","imagesUrls":["https://img.nehnutelnosti.sk/foto/NjAweDMzOC9maWx0ZXJzOnF1YWxpdHkoMTAwKS9uZWg=/Wnx96F4ip_fss?st=P0nY40ggFhQ8VYTyajt92dnluL5sv5RHA-aRP7Ra_ZY&ts=1720573615&e=0"]},{"title":"Rezervovaný/ DIAMOND HOME s.r.o , ponúka Vám na predaj 2 izbový byt v centre mesta Dunajskej Stredy,","address":"Kukučínová, Dunajská Streda, okres Dunajská Streda","rooms":2,"meters":59,"totalPrice":86000,"meterSquarePrice":3,"link":"https://www.nehnutelnosti.sk/detail/JuduxRZ6BbA/rezervovany-diamond-home-s-r-o-ponuka-vam-na-predaj-2-izbovy-byt-v-centre-mesta-dunajskej-stredy","imagesUrls":["https://img.nehnutelnosti.sk/foto/NjAweDMzOC9maWx0ZXJzOnF1YWxpdHkoMTAwKS9uZWg=/LnzCgdvzg_fss?st=D8i0D7eYRx6MBDrzLJTevTcS4wIvLj7ZZCCJVGlUxdc&ts=1720040749&e=0"]},{"title":"DIAMOND HOME s.r.o. Vám ponúka  3 izbový byt v obci Orechová Potôň!","address":"Orechová Potôň, okres Dunajská Streda","rooms":3,"meters":73,"totalPrice":117000,"meterSquarePrice":4,"link":"https://www.nehnutelnosti.sk/detail/JubjkrGc0fZ/diamond-home-s-r-o-vam-ponuka-3-izbovy-byt-v-obci-orechova-poton","imagesUrls":["https://img.nehnutelnosti.sk/foto/NjAweDMzOC9maWx0ZXJzOnF1YWxpdHkoMTAwKS9uZWg=/V8-u5lvkG_fss?st=mSSTlm7h9gP0YIReYmGsFUY3mbM1ETmI24h4hkB--tI&ts=1724653761&e=0"]},{"title":"DIAMOND HOME s.r.o. Vám ponúka na predaj veľkometrážny 3 izbový byt so špajzou a balkónom v  Dun. St","address":"Nová Ves, Dunajská Streda, okres Dunajská Streda","rooms":3,"meters":86,"totalPrice":99900,"meterSquarePrice":3,"link":"https://www.nehnutelnosti.sk/detail/JuoZ_BzWrp_/diamond-home-s-r-o-vam-ponuka-na-predaj-velkometrazny-3-izbovy-byt-so-spajzou-a-balkonom-v-dun-st","imagesUrls":["https://img.nehnutelnosti.sk/foto/NjAweDMzOC9maWx0ZXJzOnF1YWxpdHkoMTAwKS9uZWg=/ohjpQm8g1_fss?st=SmdNvBuYjiVLv_53vduQALcWsZ_g_xLZg36lyEwRjJA&ts=1720041402&e=0"]},{"title":"Veľký 3 izbový byt v Šamoríne s balkónom a parkovacím státím.","address":"Šamorín, okres Dunajská Streda","rooms":3,"meters":84,"totalPrice":183000,"meterSquarePrice":7,"link":"https://www.nehnutelnosti.sk/detail/Ju0fZbiROZt/velky-3-izbovy-byt-v-samorine-s-balkonom-a-parkovacim-statim","imagesUrls":["https://img.nehnutelnosti.sk/foto/NjAweDMzOC9maWx0ZXJzOnF1YWxpdHkoMTAwKS9uZWg=/YDsIiMH6Nh_fss?st=c7q-VP2OeZsb7ZOE5P5tSYqNVQXcCtUQCdWfuKnzXlI&ts=1718564007&e=0"]},{"title":"INVESTIČNY BYT!!!SUPER CENA!!3 IZBOVÝ BYT V CENTRE MESTA NA 2.POSCHODÍ ZA 79.900 EUR","address":"Komenského, Dunajská Streda, okres Dunajská Streda","rooms":3,"meters":66,"totalPrice":79900,"meterSquarePrice":1,"link":"https://www.nehnutelnosti.sk/detail/Ju3mwlR-fwn/investicny-bytsuper-cena3-izbovy-byt-v-centre-mesta-na-2-poschodi-za-79-900-eur","imagesUrls":[]},{"title":"Rezervovaný/ DIAMOND HOME s.r.o , ponúka Vám na predaj 2 izbový byt Dunajská Streda, Nová Ves.","address":"Nová Ves, Dunajská Streda, okres Dunajská Streda","rooms":2,"meters":58,"totalPrice":null,"meterSquarePrice":null,"link":"https://www.nehnutelnosti.sk/detail/JunavSnFtJY/rezervovany-diamond-home-s-r-o-ponuka-vam-na-predaj-2-izbovy-byt-dunajska-streda-nova-ves","imagesUrls":["https://img.nehnutelnosti.sk/foto/NjAweDMzOC9maWx0ZXJzOnF1YWxpdHkoMTAwKS9uZWg=/Xx02uRh5a4_fss?st=Wf52nM2Jxdkv3p1BnN72z1LQn2ZN-GO0LmxCzj1TngA&ts=1724156680&e=0"]},{"title":"DIAMOND HOME s.r.o. Vám ponúka na predaj veľkometrážny krásny 3 izbový byt v Dunajskej Strede","address":"Mlynská, Dunajská Streda, okres Dunajská Streda","rooms":3,"meters":77,"totalPrice":119500,"meterSquarePrice":5,"link":"https://www.nehnutelnosti.sk/detail/Juoa3Et53K7/diamond-home-s-r-o-vam-ponuka-na-predaj-velkometrazny-krasny-3-izbovy-byt-v-dunajskej-strede","imagesUrls":["https://img.nehnutelnosti.sk/foto/NjAweDMzOC9maWx0ZXJzOnF1YWxpdHkoMTAwKS9uZWg=/3o7gk1RXa_fss?st=AuVkXANvDsCND7VAfwEnDa01K58wiSNcv4LiW5pgKOg&ts=1719259276&e=0"]},{"title":"NA PREDAJ 4 IZBOVÝ BYT V DUNAJSKEJ STREDE - BORINY","address":"Boriny, Dunajská Streda, okres Dunajská Streda","rooms":4,"meters":80,"totalPrice":129000,"meterSquarePrice":0,"link":"https://www.nehnutelnosti.sk/detail/JuqEMOOz3kT/na-predaj-4-izbovy-byt-v-dunajskej-strede-boriny","imagesUrls":["https://img.nehnutelnosti.sk/foto/NjAweDMzOC9maWx0ZXJzOnF1YWxpdHkoMTAwKS9uZWg=/FyGZfC39U_fss?st=gl0ighhzdXZkX9DeAIS6NnbRcbdZYobdhzUJ177ZqSI&ts=1715059926&e=0"]},{"title":"DIAMOND HOME s.r.o.Vám ponúka na predaj veľkometrážny 1 izbový byt v najlepšej lokalite v Dunajskej","address":"Neratovické námestie, Dunajská Streda, okres Dunajská Streda","rooms":1,"meters":39,"totalPrice":80990,"meterSquarePrice":7,"link":"https://www.nehnutelnosti.sk/detail/JudruCUKFoO/diamond-home-s-r-o-vam-ponuka-na-predaj-velkometrazny-1-izbovy-byt-v-najlepsej-lokalite-v-dunajskej","imagesUrls":["https://img.nehnutelnosti.sk/foto/NjAweDMzOC9maWx0ZXJzOnF1YWxpdHkoMTAwKS9uZWg=/sKMFt3fC5_fss?st=hpXIAAMtXCC5Qx9SBEALSvQx-ycEvBH8CPBF9or9QOM&ts=1716117523&e=0"]},{"title":"DIAMOND HOME s.r.o.Vám ponúka na predaj kompletne zrekonštruovaný 3 izbový byt na sídlisku Boriny v","address":"Boriny, Dunajská Streda, okres Dunajská Streda","rooms":3,"meters":60,"totalPrice":112900,"meterSquarePrice":7,"link":"https://www.nehnutelnosti.sk/detail/Ju4CVaN5J8C/diamond-home-s-r-o-vam-ponuka-na-predaj-kompletne-zrekonstruovany-3-izbovy-byt-na-sidlisku-boriny-v","imagesUrls":["https://img.nehnutelnosti.sk/foto/NjAweDMzOC9maWx0ZXJzOnF1YWxpdHkoMTAwKS9uZWg=/FgjfP0E7__fss?st=_emc0NjlfTu_xDZSkBWZ9QFOb4r8so8q5dgcHgW3LFc&ts=1708102880&e=0"]},{"title":"DIAMOND HOME s.r.o , ponúka Vám na predaj kompletne rekonštruovaný  3 izbový byt  v meste Dunajská S","address":"Nová Ves, Dunajská Streda, okres Dunajská Streda","rooms":3,"meters":78,"totalPrice":99990,"meterSquarePrice":2,"link":"https://www.nehnutelnosti.sk/detail/JuCyTzoyVZH/diamond-home-s-r-o-ponuka-vam-na-predaj-kompletne-rekonstruovany-3-izbovy-byt-v-meste-dunajska-s","imagesUrls":["https://img.nehnutelnosti.sk/foto/NjAweDMzOC9maWx0ZXJzOnF1YWxpdHkoMTAwKS9uZWg=/nZzOStcOz_fss?st=esSFrHdV_uD8AZ-HZ7SI9EZecrNl3_eqe7vyIc7CGJo&ts=1725462504&e=0"]},{"title":"DIAMOND HOME s.r.o. Vám ponúka na predaj pekný 4-izbový byt v Dunajskej Strede na Nám.SNP","address":"nam snp, Dunajská Streda, okres Dunajská Streda","rooms":4,"meters":90,"totalPrice":115000,"meterSquarePrice":8,"link":"https://www.nehnutelnosti.sk/detail/JurWh_IWFOy/diamond-home-s-r-o-vam-ponuka-na-predaj-pekny-4-izbovy-byt-v-dunajskej-strede-na-nam-snp","imagesUrls":["https://img.nehnutelnosti.sk/foto/NjAweDMzOC9maWx0ZXJzOnF1YWxpdHkoMTAwKS9uZWg=/jPpU1qPBI_fss?st=RBbDh_hfx-IKmlbiTc-LsbmjbdchjOj_cBlyw7CkxGc&ts=1719413497&e=0"]},{"title":"Rezervovaný/ Len u nás!DIAMOND HOME s.r.o , ponúka Vám na predaj  2 izbový byt Dunajská Streda,  Nov","address":"Nová Ves, Dunajská Streda, okres Dunajská Streda","rooms":2,"meters":47,"totalPrice":null,"meterSquarePrice":null,"link":"https://www.nehnutelnosti.sk/detail/Ju6Qeh8wPWC/rezervovany-len-u-nasdiamond-home-s-r-o-ponuka-vam-na-predaj-2-izbovy-byt-dunajska-streda-nov","imagesUrls":["https://img.nehnutelnosti.sk/foto/NjAweDMzOC9maWx0ZXJzOnF1YWxpdHkoMTAwKS9uZWg=/QF3Gfaat1_fss?st=R2D3A5utvnBS1FjtsmMuvWoLMT1OlIHgfGJusCaP-Xk&ts=1699518874&e=0"]},{"title":"DIAMOND HOME s.r.o. Vám ponúka na predaj krásny zariadený 3 izbový byt na Nám. SNP v Dunajskej Stred","address":"nam snp, Dunajská Streda, okres Dunajská Streda","rooms":3,"meters":72,"totalPrice":110000,"meterSquarePrice":8,"link":"https://www.nehnutelnosti.sk/detail/JuikiQI_58s/diamond-home-s-r-o-vam-ponuka-na-predaj-krasny-zariadeny-3-izbovy-byt-na-nam-snp-v-dunajskej-stred","imagesUrls":["https://img.nehnutelnosti.sk/foto/NjAweDMzOC9maWx0ZXJzOnF1YWxpdHkoMTAwKS9uZWg=/N2Hl1epW1_fss?st=aXoAH5aR5kysCN7443jJtmu99H-D24BFnvfz39BpWhk&ts=1721666891&e=0"]},{"title":"VÝHODNÁ  PONUKA - novostavba - 3 izbový byt  v obci Kostolné Kračany!","address":"Kostolné Kračany, okres Dunajská Streda","rooms":3,"meters":78,"totalPrice":163000,"meterSquarePrice":4,"link":"https://www.nehnutelnosti.sk/detail/JuO03E1JuW-/vyhodna-ponuka-novostavba-3-izbovy-byt-v-obci-kostolne-kracany","imagesUrls":["https://img.nehnutelnosti.sk/foto/NjAweDMzOC9maWx0ZXJzOnF1YWxpdHkoMTAwKS9uZWg=/D1VtQ1yCqo_fss?st=epRGepeHsCoTEapGaClYnw9yAS23K4aqVPN8glJ_Th4&ts=1725462500&e=0"]},{"title":"DIAMOND HOME s.r.o. Vám ponúka na predaj kompletne prerobený pekný 2 izbový byt v centre mesta Dunaj","address":"Komenského, Dunajská Streda, okres Dunajská Streda","rooms":2,"meters":55,"totalPrice":92900,"meterSquarePrice":9,"link":"https://www.nehnutelnosti.sk/detail/JuNrpEAjfnq/diamond-home-s-r-o-vam-ponuka-na-predaj-kompletne-prerobeny-pekny-2-izbovy-byt-v-centre-mesta-dunaj","imagesUrls":["https://img.nehnutelnosti.sk/foto/NjAweDMzOC9maWx0ZXJzOnF1YWxpdHkoMTAwKS9uZWg=/5X4FskHJx_fss?st=E34jPo56ekDEAQsZ6ckNZEWiA1ilWPgzONHV03QB8QQ&ts=1694721657&e=0"]},{"title":"DIAMOND HOME s.r.o. Vám ponúka na predaj zrekonštruovaný 2 izbový byt s balkónom v centre mesta Duna","address":"Kukucínova, Dunajská Streda, okres Dunajská Streda","rooms":2,"meters":55,"totalPrice":89000,"meterSquarePrice":8,"link":"https://www.nehnutelnosti.sk/detail/JuTyNTaaVqz/diamond-home-s-r-o-vam-ponuka-na-predaj-zrekonstruovany-2-izbovy-byt-s-balkonom-v-centre-mesta-duna","imagesUrls":["https://img.nehnutelnosti.sk/foto/NjAweDMzOC9maWx0ZXJzOnF1YWxpdHkoMTAwKS9uZWg=/EAECAE6u3_fss?st=yyxHERhhV__dE2oC99LZgOt3Drzn4zka5oU3nse1Zeg&ts=1699518795&e=0"]},{"title":"DIAMOND HOME s.r.o. Vám ponúka na predaj veľkometrážny 3-izbový byt s vlastným kúrením a so záhradko","address":"Poľná Cesta, Dunajská Streda, okres Dunajská Streda","rooms":3,"meters":90,"totalPrice":102990,"meterSquarePrice":3,"link":"https://www.nehnutelnosti.sk/detail/JuhdeUCBWEG/diamond-home-s-r-o-vam-ponuka-na-predaj-velkometrazny-3-izbovy-byt-s-vlastnym-kurenim-a-so-zahradko","imagesUrls":["https://img.nehnutelnosti.sk/foto/NjAweDMzOC9maWx0ZXJzOnF1YWxpdHkoMTAwKS9uZWg=/b7e0zDBk__fss?st=akPXotp8gYwS5UEauCFICKIG10hYH6C969Jv0GSWwJE&ts=1692647169&e=0"]},{"title":"DIAMOND HOME s.r.o. Vám ponúka na predaj krásny kompletne zrekonštruovaný svetlý 2-izbový byt v Duna","address":"Ružový Háj, Dunajská Streda, okres Dunajská Streda","rooms":2,"meters":60,"totalPrice":114990,"meterSquarePrice":0,"link":"https://www.nehnutelnosti.sk/detail/JuspAvAK4a5/diamond-home-s-r-o-vam-ponuka-na-predaj-krasny-kompletne-zrekonstruovany-svetly-2-izbovy-byt-v-duna","imagesUrls":["https://img.nehnutelnosti.sk/foto/NjAweDMzOC9maWx0ZXJzOnF1YWxpdHkoMTAwKS9uZWg=/2-12QIMnYm_fss?st=cav6Grmuvmvsfwstws07WVg-QPSOPQxshvTMrAd5cME&ts=1719428436&e=0"]},{"title":"NA PREDAJ_3IZBOVÝ BYT_ CENTRUM ŠAMORÍN","address":"Školská, Šamorín, okres Dunajská Streda","rooms":3,"meters":75,"totalPrice":209900,"meterSquarePrice":7,"link":"https://www.nehnutelnosti.sk/detail/JusOV-8DF3E/na-predaj-3izbovy-byt-centrum-samorin","imagesUrls":["https://img.nehnutelnosti.sk/foto/NjAweDMzOC9maWx0ZXJzOnF1YWxpdHkoMTAwKS9uZWg=/UY9lylSgt_fss?st=W7FGI6FB-RibhSl6llYi-RQOCVlFAhufCLaT6hisdwc&ts=1726481794&e=0"]},{"title":"ZNIZENA CENA!!DIAMOND HOME s.r.o. Vám ponúka na predaj 3 izbový byt v najlepšej lokalite Boriny v Du","address":"Boriny, Dunajská Streda, okres Dunajská Streda","rooms":3,"meters":70,"totalPrice":99500,"meterSquarePrice":3,"link":"https://www.nehnutelnosti.sk/detail/JuG9MxsS_dE/znizena-cenadiamond-home-s-r-o-vam-ponuka-na-predaj-3-izbovy-byt-v-najlepsej-lokalite-boriny-v-du","imagesUrls":["https://img.nehnutelnosti.sk/foto/NjAweDMzOC9maWx0ZXJzOnF1YWxpdHkoMTAwKS9uZWg=/ZTb6H76a6_fss?st=Wb_bWgLNboizQBHP_B8aAwn373Xhq4gmYUqYh4K6Ngs&ts=1699518730&e=0"]},{"title":"DIAMOND HOME s.r.o. Vám ponúka na predaj krásny 4 izbový zariadený byt vo vyhľadanej lokalite v DS","address":"Dunajská Streda, okres Dunajská Streda","rooms":4,"meters":86,"totalPrice":138900,"meterSquarePrice":2,"link":"https://www.nehnutelnosti.sk/detail/JuhSn7woiIg/diamond-home-s-r-o-vam-ponuka-na-predaj-krasny-4-izbovy-zariadeny-byt-vo-vyhladanej-lokalite-v-ds","imagesUrls":["https://img.nehnutelnosti.sk/foto/NjAweDMzOC9maWx0ZXJzOnF1YWxpdHkoMTAwKS9uZWg=/sfMhMOtxE_fss?st=EChZQtvUVCHC9_-XiM97QO1qQ-gF1DZRBrMFgVL9RvA&ts=1668100692&e=0"]},{"title":"DIAMOND HOME s.r.o. Vám ponúka na predaj pekný veľkometrážny 3-izbový byt v tehlovej bytovke v centr","address":"polná, Dunajská Streda, okres Dunajská Streda","rooms":3,"meters":90,"totalPrice":102990,"meterSquarePrice":3,"link":"https://www.nehnutelnosti.sk/detail/Juv3nIs7eyZ/diamond-home-s-r-o-vam-ponuka-na-predaj-pekny-velkometrazny-3-izbovy-byt-v-tehlovej-bytovke-v-centr","imagesUrls":["https://img.nehnutelnosti.sk/foto/NjAweDMzOC9maWx0ZXJzOnF1YWxpdHkoMTAwKS9uZWg=/Zrp0ioOu7_fss?st=7tWM6dH06povYROTN-1D44onaQtY4lXZF_lqRwGm9pc&ts=1697049161&e=0"]}]