[{"title":"Posledný 3-izbový byt v Novom Hlohovci za akciovú cenu 144 990.-","address":"Nitrianska, Hlohovec, okres Hlohovec","rooms":3,"meters":73,"totalPrice":144990,"meterSquarePrice":3,"link":"https://www.nehnutelnosti.sk/detail/JuKfRAJ_FaE/posledny-3-izbovy-byt-v-novom-hlohovci-za-akciovu-cenu-144-990","imagesUrls":["https://img.unitedclassifieds.sk/foto/NjAweDMzOC9maWx0ZXJzOnF1YWxpdHkoMTAwKS9qdWw=/iOfWD48d6_fss?st=-ER1Q4eNJKJdd5dWH7fG0LYxVvAAdw9MUSSyBzahmfs&ts=1725530857&e=0","https://img.unitedclassifieds.sk/foto/MTUweDg0L2ZpbHRlcnM6cXVhbGl0eSgxMDApL2p1bA==/N9BaxIpNN_fss?st=CrdR2oxlQW35JLaHikhYzBIIVsJFJlqRVuzBWZ_7zEk&ts=1725530858&e=0","https://img.unitedclassifieds.sk/foto/MTUweDg0L2ZpbHRlcnM6cXVhbGl0eSgxMDApL3JzZg==/TmxRxa5Uq_fss?st=ao894SV5wI3ULFcDoU4n1NmGc7W1h34yIM4k0eSEAyE&ts=1695152886&e=0","https://img.unitedclassifieds.sk/foto/MTUweDg0L2ZpbHRlcnM6cXVhbGl0eSgxMDApL3JzZg==/YMtYec6Ts_fss?st=ig7Hj7QjJmidjal-2gd2iBdAgIO-3qjxITSmpyMJkCo&ts=1695152899&e=0"]},{"title":"Vkusný 3 izbový byt BELVEDER + 2 garážové státia je možné dokúpiť, Banská Bystrica","address":"Kláry Jarunkovej, Banská Bystrica, okres Banská Bystrica","rooms":3,"meters":117,"totalPrice":343000,"meterSquarePrice":2,"link":"https://www.nehnutelnosti.sk/detail/JuYBi0sv_xR/vkusny-3-izbovy-byt-belveder-2-garazove-statia-je-mozne-dokupit-banska-bystrica","imagesUrls":["https://img.unitedclassifieds.sk/foto/NjAweDMzOC9maWx0ZXJzOnF1YWxpdHkoMTAwKS9qdWw=/Pe12zpf4N_fss?st=YzTl5jUh2owoXAvfs1-cOAEZfqm6h2-CiW9SBTbsG20&ts=1725956979&e=0","https://img.unitedclassifieds.sk/foto/MTUweDg0L2ZpbHRlcnM6cXVhbGl0eSgxMDApL2p1bA==/n1t44C6Mf_fss?st=lI8xC0KdCRuJvKNyqccQho-_Or44E_krL7Uz9F-PhCY&ts=1725956980&e=0","https://img.unitedclassifieds.sk/foto/MTUweDg0L2ZpbHRlcnM6cXVhbGl0eSgxMDApL2p1bA==/-WtADuv00_fss?st=jQ5XLAUhtw7LyiqRDvMhkoEBNi_itvdS7BFRIT-DhYA&ts=1725956984&e=0","https://img.unitedclassifieds.sk/foto/MTUweDg0L2ZpbHRlcnM6cXVhbGl0eSgxMDApL2p1bA==/Ot0Gu5S6d_fss?st=dWRcEpC8Grt_Nu7IclCw7Ke22OopU_J3J5NLyfQOsYY&ts=1725956988&e=0"]},{"title":"Lucron Group a. s. ponúka na predaj jedinečný 2izb. byt v projekte NESTO.","address":"Kopčianska, Bratislava V - Petržalka, okres Bratislava","rooms":2,"meters":50,"totalPrice":222750,"meterSquarePrice":5,"link":"https://www.nehnutelnosti.sk/detail/Ju49CnafjEI/lucron-group-a-s-ponuka-na-predaj-jedinecny-2izb-byt-v-projekte-nesto","imagesUrls":["https://img.unitedclassifieds.sk/foto/NjAweDMzOC9maWx0ZXJzOnF1YWxpdHkoMTAwKS9qdWw=/MAgs6REVY_fss?st=IMt-luxyXH9Up-VcuJKLlIJQ5R0o6vfgjm39nEdPSf0&ts=1725461543&e=0","https://img.unitedclassifieds.sk/foto/MTUweDg0L2ZpbHRlcnM6cXVhbGl0eSgxMDApL2p1bA==/A5udnLLFK_fss?st=LYovAK8YsJpishqlnjj7K56R9iieeInpvoLx4Z9KD_0&ts=1725461553&e=0","https://img.unitedclassifieds.sk/foto/MTUweDg0L2ZpbHRlcnM6cXVhbGl0eSgxMDApL2p1bA==/pivFL0zPD_fss?st=swRtyOV4UzyYBvIel1teJa5nI8pSy-WMcXtBIFAopu4&ts=1725461579&e=0","https://img.unitedclassifieds.sk/foto/MTUweDg0L2ZpbHRlcnM6cXVhbGl0eSgxMDApL2p1bA==/KZTwC_rRG_fss?st=bBSpH1orSfTSF--Z6xgngWor6B35YmDf-6vk4H7wymI&ts=1725461584&e=0"]},{"title":"LUCRON ponúka na predaj  exkluzívny  3-izbový byt v prémiovom projekte Gansberg KOLIBA","address":"Strážna, Bratislava III - Nové Mesto, okres Bratislava","rooms":3,"meters":94,"totalPrice":530000,"meterSquarePrice":1,"link":"https://www.nehnutelnosti.sk/detail/Ju6UJLVTkLZ/lucron-ponuka-na-predaj-exkluzivny-3-izbovy-byt-v-premiovom-projekte-gansberg-koliba","imagesUrls":["https://img.unitedclassifieds.sk/foto/NjAweDMzOC9maWx0ZXJzOnF1YWxpdHkoMTAwKS9qdWw=/r97k6HWE2_fss?st=K1Ocn_SS3wfywvPMuX9hH6ZbOr9CUaRxTlnNiDtjYuE&ts=1725289062&e=0","https://img.unitedclassifieds.sk/foto/MTUweDg0L2ZpbHRlcnM6cXVhbGl0eSgxMDApL2p1bA==/bKrEGns7e_fss?st=BJ-JnhaTOfAX44dwUwQ08wbt-DBP0ypMTiLkhH-qu3Y&ts=1725289067&e=0","https://img.unitedclassifieds.sk/foto/MTUweDg0L2ZpbHRlcnM6cXVhbGl0eSgxMDApL2p1bA==/9FB8bYbqV_fss?st=AzcmZUjHlg5TLaCq0r9o_rhb-79a_AOcMsp0glYzRGs&ts=1725289074&e=0","https://img.unitedclassifieds.sk/foto/MTUweDg0L2ZpbHRlcnM6cXVhbGl0eSgxMDApL2p1bA==/BkU5iDd_b_fss?st=NlAXJ5-sM2w_lAYL_FlIEcoS94jfPxK6p8VfzLLXriE&ts=1725289083&e=0"]},{"title":"PREDAJ - 2,5 izbový byt so samostatnou kuchyňou na JAKUBOVOM NAMESTÍ","address":"Jakubovo námestie, Bratislava I - Staré Mesto, okres Bratislava","rooms":2,"meters":70,"totalPrice":311600,"meterSquarePrice":3,"link":"https://www.nehnutelnosti.sk/detail/Juui3asPHl7/predaj-2-5-izbovy-byt-so-samostatnou-kuchynou-na-jakubovom-namesti","imagesUrls":["https://img.unitedclassifieds.sk/foto/NjAweDMzOC9maWx0ZXJzOnF1YWxpdHkoMTAwKS9qdWw=/_U5k2U82-_fss?st=cDKnimt78iarYespmDUzRn3NrWcQ_8dZvsGIhlBDIKg&ts=1721336193&e=0","https://img.unitedclassifieds.sk/foto/MTUweDg0L2ZpbHRlcnM6cXVhbGl0eSgxMDApL2p1bA==/CCrWMXpYj_fss?st=mTOa2YgecxtWBqqpO1q_HYNTmFR-gWMzFRTq28ijpyY&ts=1721336226&e=0","https://img.unitedclassifieds.sk/foto/MTUweDg0L2ZpbHRlcnM6cXVhbGl0eSgxMDApL2p1bA==/DX1REhxgR_fss?st=a_fOGYITaI2r5iGLXA9mD-Ti3t19DeeDvEV6v15-eI0&ts=1721379019&e=0","https://img.unitedclassifieds.sk/foto/MTUweDg0L2ZpbHRlcnM6cXVhbGl0eSgxMDApL2p1bA==/C08zdvHxS_fss?st=Z-r-tmGcNTcE7ECf8QedhMENx1QGSk4bw1K0d5GG2Rk&ts=1721336171&e=0"]},{"title":"Nový luxusný byt v centre Piešťan s vlastným bazénom","address":"Šafárikova, Piešťany, okres Piešťany","rooms":3,"meters":68,"totalPrice":269000,"meterSquarePrice":5,"link":"https://www.nehnutelnosti.sk/detail/JuqKdCGUOi7/novy-luxusny-byt-v-centre-piestan-s-vlastnym-bazenom","imagesUrls":["https://img.unitedclassifieds.sk/foto/NjAweDMzOC9maWx0ZXJzOnF1YWxpdHkoMTAwKS9qdWw=/bXW_4SV2i_fss?st=TC2TywsSB1qbTDslGJuEI-Vtc-hkQrHJjHkX3xVMsrI&ts=1722422692&e=0","https://img.unitedclassifieds.sk/foto/MTUweDg0L2ZpbHRlcnM6cXVhbGl0eSgxMDApL2p1bA==/UL9xwB-dne_fss?st=xuCwu0wdVCvaLOxTltIXr4lXA3PhgwEfRAV8SUcROCo&ts=1722424304&e=0","https://img.unitedclassifieds.sk/foto/MTUweDg0L2ZpbHRlcnM6cXVhbGl0eSgxMDApL2p1bA==/B_ONItPMLb_fss?st=37u9gePMrY2eE2w2IhK3qNhgD14YURSCv4y6Ggdg5BU&ts=1722422708&e=0","https://img.unitedclassifieds.sk/foto/MTUweDg0L2ZpbHRlcnM6cXVhbGl0eSgxMDApL2p1bA==/Jj8ncjMxK_fss?st=3kzBqu3P5FScuSlUsMXocTO5awAnHtPrbEeaReuPCoc&ts=1722425246&e=0"]},{"title":"Ponúkame na predaj pekný zrekonštruovaný 2-izbový byt v úplnom centre Starého Mesta na Špitálskej ul","address":"Špitálska, Bratislava I - Staré Mesto, okres Bratislava","rooms":2,"meters":51,"totalPrice":242667,"meterSquarePrice":1,"link":"https://www.nehnutelnosti.sk/detail/JunRFbWxPqP/ponukame-na-predaj-pekny-zrekonstruovany-2-izbovy-byt-v-uplnom-centre-stareho-mesta-na-spitalskej-ul","imagesUrls":["https://img.unitedclassifieds.sk/foto/NjAweDMzOC9maWx0ZXJzOnF1YWxpdHkoMTAwKS9qdWw=/hSaAzwKwX_fss?st=BOoeZPKzm2Jyrc5-PVxNuJHPG30JIij87MI-b01bJtk&ts=1724794182&e=0","https://img.unitedclassifieds.sk/foto/MTUweDg0L2ZpbHRlcnM6cXVhbGl0eSgxMDApL2p1bA==/HDtZWKozM_fss?st=lH2hPgeHiqzqcpodIA0iMQ3NT7oJsJl2uM_61MflHfw&ts=1724794193&e=0","https://img.unitedclassifieds.sk/foto/MTUweDg0L2ZpbHRlcnM6cXVhbGl0eSgxMDApL2p1bA==/8nFk9yCXS_fss?st=tMvBtWDolSk0MklToa1f1QB9Vuhix_U5lpI6UDaR4FM&ts=1724794184&e=0","https://img.unitedclassifieds.sk/foto/MTUweDg0L2ZpbHRlcnM6cXVhbGl0eSgxMDApL2p1bA==/8a5vPTkBb_fss?st=BCjv_LIbIm6WIBf2pn6zFl9E0K1pBW42hb7S-XfKm9A&ts=1724794193&e=0"]},{"title":"Ponúkame na predaj pekný svetlý 2-izbový byt s balkónom po kompletnej rekonštrukcii v úplnom centre","address":"Špitálska, Bratislava I - Staré Mesto, okres Bratislava","rooms":2,"meters":54,"totalPrice":270506,"meterSquarePrice":4,"link":"https://www.nehnutelnosti.sk/detail/JuMvh0nS_ZU/ponukame-na-predaj-pekny-svetly-2-izbovy-byt-s-balkonom-po-kompletnej-rekonstrukcii-v-uplnom-centre","imagesUrls":["https://img.unitedclassifieds.sk/foto/NjAweDMzOC9maWx0ZXJzOnF1YWxpdHkoMTAwKS9qdWw=/UqszPNyyY_fss?st=DsPnHg-i9KqNDWLi-Ga5NyuwyaMlLnG4i-OvyRJsM_Y&ts=1724790713&e=0","https://img.unitedclassifieds.sk/foto/MTUweDg0L2ZpbHRlcnM6cXVhbGl0eSgxMDApL2p1bA==/YVtxSB9Qz_fss?st=ofciP2-kUZsizuEA4wCE-3I1oTM_C8On-aXMCyEVQKo&ts=1724790721&e=0","https://img.unitedclassifieds.sk/foto/MTUweDg0L2ZpbHRlcnM6cXVhbGl0eSgxMDApL2p1bA==/2BjkW14U5_fss?st=_khqp5xjVm5DmK3MQ9-0I1E2Swv0J0Lt9Ws5enHMZ_U&ts=1724790717&e=0","https://img.unitedclassifieds.sk/foto/MTUweDg0L2ZpbHRlcnM6cXVhbGl0eSgxMDApL2p1bA==/ZdXYmtnfS_fss?st=htfqkkSML2WeVO1CvcaJAktSR9YgtYnT_wDkhKrDgdo&ts=1724790721&e=0"]},{"title":"Arvin & Benet | Výborný 2i byt v štandarde s parkovacím státím a predzáhradkou","address":"Železničná, Bratislava II - Vrakuňa, okres Bratislava","rooms":2,"meters":55,"totalPrice":239000,"meterSquarePrice":5,"link":"https://www.nehnutelnosti.sk/detail/JurKl0QAbf8/arvin-benet-vyborny-2i-byt-v-standarde-s-parkovacim-statim-a-predzahradkou","imagesUrls":["https://img.unitedclassifieds.sk/foto/NjAweDMzOC9maWx0ZXJzOnF1YWxpdHkoMTAwKS9qdWw=/32PSV-Ey8_fss?st=L7zaZVq0csjitXMqRUr13EpeDR5wDrKddn9ex75hQ_k&ts=1724422193&e=0","https://img.unitedclassifieds.sk/foto/MTUweDg0L2ZpbHRlcnM6cXVhbGl0eSgxMDApL2p1bA==/TVoxXt7Iq_fss?st=6KodDQoTP5AH9dFCkAm6ly2vobQrdjOUDFIRwt-ZBug&ts=1724422196&e=0","https://img.unitedclassifieds.sk/foto/MTUweDg0L2ZpbHRlcnM6cXVhbGl0eSgxMDApL2p1bA==/UqnYIss_k_fss?st=IS4eZEmkg8GpEjb1v-279g3a627nRZ74HH39SrgLPto&ts=1724422203&e=0","https://img.unitedclassifieds.sk/foto/MTUweDg0L2ZpbHRlcnM6cXVhbGl0eSgxMDApL2p1bA==/o8ignxCD7_fss?st=1dLA7uPvD9iHdBdM268n-XDPnxjlJmrCUea4UXUr9A0&ts=1724422118&e=0"]},{"title":"Arvin & Benet | Nádherný, kompletne zariadený 2i byt s terasou a parkovacím státím","address":"Železničná, Bratislava II - Vrakuňa, okres Bratislava","rooms":2,"meters":46,"totalPrice":229000,"meterSquarePrice":6,"link":"https://www.nehnutelnosti.sk/detail/JuybO3cl67i/arvin-benet-nadherny-kompletne-zariadeny-2i-byt-sterasou-a-parkovacim-statim","imagesUrls":["https://img.unitedclassifieds.sk/foto/NjAweDMzOC9maWx0ZXJzOnF1YWxpdHkoMTAwKS9qdWw=/Rq88ehBMc_fss?st=-fCDGyI1qy7f136KfCzkItc4TMhNWKk25MQdZL2WTdE&ts=1724420778&e=0","https://img.unitedclassifieds.sk/foto/MTUweDg0L2ZpbHRlcnM6cXVhbGl0eSgxMDApL2p1bA==/EW-6Tp4-q_fss?st=WfzqaHfYqDusWXYzfxTP2YRczpLDNnCVEUfN6QWQSnU&ts=1724420782&e=0","https://img.unitedclassifieds.sk/foto/MTUweDg0L2ZpbHRlcnM6cXVhbGl0eSgxMDApL2p1bA==/sJBKO-oyDw_fss?st=5CSNBPypfGWBg2FGmGrfwHfiBWn9sQJE5fIzNKpeLuk&ts=1724420791&e=0","https://img.unitedclassifieds.sk/foto/MTUweDg0L2ZpbHRlcnM6cXVhbGl0eSgxMDApL2p1bA==/jK1x9IL7j_fss?st=lYnQIY43KECIAXV6ty3y7u4eEw9N2mdhdRPMZu0WqNQ&ts=1724420885&e=0"]},{"title":"Moderne zariadený 2,5-izbový byt s galériou a balkónom v novostavbe","address":"Železničná, Bratislava II - Vrakuňa, okres Bratislava","rooms":2,"meters":72,"totalPrice":220000,"meterSquarePrice":6,"link":"https://www.nehnutelnosti.sk/detail/Ju92uLPF719/moderne-zariadeny-2-5-izbovy-byt-s-galeriou-a-balkonom-v-novostavbe","imagesUrls":["https://img.unitedclassifieds.sk/foto/NjAweDMzOC9maWx0ZXJzOnF1YWxpdHkoMTAwKS9qdWw=/7KQBrxPV-_fss?st=6_fU7JuZAkoK99QwFK9eOJJZRQwXeuKJVdmbC_m8V60&ts=1721044960&e=0","https://img.unitedclassifieds.sk/foto/MTUweDg0L2ZpbHRlcnM6cXVhbGl0eSgxMDApL2p1bA==/cX8LoI3Q8_fss?st=3UnPpPLGoBUUCMfhUxpfSsJ158QI74wZehtsfLhOiWg&ts=1721044931&e=0","https://img.unitedclassifieds.sk/foto/MTUweDg0L2ZpbHRlcnM6cXVhbGl0eSgxMDApL2p1bA==/Aa-HfsK1U_fss?st=IOA1C0vq2wmDs4pgxNKVh4VEYacya3jib85u_j7fiiI&ts=1721044932&e=0","https://img.unitedclassifieds.sk/foto/MTUweDg0L2ZpbHRlcnM6cXVhbGl0eSgxMDApL2p1bA==/-cgKTA_Ys_fss?st=5QQ2wwiuQ5SU3pm-tSExG9JZx3jfjEQ4_ntytCDEnH8&ts=1721044960&e=0"]},{"title":"3-izb. byt na Kasárenskej na predaj","address":"Kasárenská, Nové Zámky, okres Nové Zámky","rooms":3,"meters":78,"totalPrice":119355,"meterSquarePrice":0,"link":"https://www.nehnutelnosti.sk/detail/JuYhETWYZFN/3-izb-byt-na-kasarenskej-na-predaj","imagesUrls":["https://img.unitedclassifieds.sk/foto/NjAweDMzOC9maWx0ZXJzOnF1YWxpdHkoMTAwKS9qdWw=/1La-Q9oy6_fss?st=TN4KYC97oyQvp1Pfe8LfZSLdLL6aUzne7XbcH5HaEC0&ts=1715006475&e=0","https://img.unitedclassifieds.sk/foto/MTUweDg0L2ZpbHRlcnM6cXVhbGl0eSgxMDApL2p1bA==/vSQp9aORX_fss?st=kJ7u_phGSXynlQdwjQJJKNaWSgDhvd8wmMXAtSzThGc&ts=1715006474&e=0","https://img.unitedclassifieds.sk/foto/MTUweDg0L2ZpbHRlcnM6cXVhbGl0eSgxMDApL2p1bA==/F6Jh-Sh0E_fss?st=171V4RUi3Ei6Zc9o8zwELe5xV-vJSejy0tlHSmV0ZpU&ts=1715006475&e=0","https://img.unitedclassifieds.sk/foto/MTUweDg0L2ZpbHRlcnM6cXVhbGl0eSgxMDApL2p1bA==/Dxp11Ef0sW_fss?st=2HGmptZTmXfBpvW6bZL2j7GW2v-38XiM2zrLBBBMHkM&ts=1715006476&e=0"]},{"title":"BYTY FABINIHO SPIŠSKÁ NOVÁ VES","address":"J. Fabiniho, Spišská Nová Ves, okres Spišská Nová Ves","rooms":2,"meters":61,"totalPrice":119900,"meterSquarePrice":7,"link":"https://www.nehnutelnosti.sk/detail/JuE6pe9zJzc/byty-fabiniho-spisska-nova-ves","imagesUrls":["https://img.unitedclassifieds.sk/foto/NjAweDMzOC9maWx0ZXJzOnF1YWxpdHkoMTAwKS9qdWw=/eVtpNwaOX_fss?st=50hCEurzGWvQTIFIqcRbHS5OuEBNWzminrtvoXFIQr8&ts=1722953759&e=0","https://img.unitedclassifieds.sk/foto/MTUweDg0L2ZpbHRlcnM6cXVhbGl0eSgxMDApL2p1bA==/68rD2a18C_fss?st=4UVrRLeUdKcpqfiB1acU5WuKeCsAqfirKAR3A8okMd8&ts=1719833948&e=0","https://img.unitedclassifieds.sk/foto/MTUweDg0L2ZpbHRlcnM6cXVhbGl0eSgxMDApL2p1bA==/3aDfG6dtV_fss?st=rZmIKS9OwvMg42z5od5DfW628cL-bJJIcqc75YuTEoM&ts=1719833950&e=0","https://img.unitedclassifieds.sk/foto/MTUweDg0L2ZpbHRlcnM6cXVhbGl0eSgxMDApL2p1bA==/Pa3pqrM0I_fss?st=78jztxZ6nqSCtDjX7z5TZoV-lBkwn3zKXbYaOj7DTV4&ts=1719834027&e=0"]},{"title":"BYTY FABINIHO SPIŠSKÁ NOVÁ VES","address":"J. Fabiniho, Spišská Nová Ves, okres Spišská Nová Ves","rooms":2,"meters":58,"totalPrice":129900,"meterSquarePrice":1,"link":"https://www.nehnutelnosti.sk/detail/JueR_3Qy9Wu/byty-fabiniho-spisska-nova-ves","imagesUrls":["https://img.unitedclassifieds.sk/foto/NjAweDMzOC9maWx0ZXJzOnF1YWxpdHkoMTAwKS9qdWw=/mr5SVOwTA_fss?st=SGh258tH3DTbW2YrFJqqC1erpDxrVmw_SoVodGTunBk&ts=1722953674&e=0","https://img.unitedclassifieds.sk/foto/MTUweDg0L2ZpbHRlcnM6cXVhbGl0eSgxMDApL2p1bA==/hLaKkcyLJ_fss?st=rL-hpGIKFsc0yL-zY4fazbrhCaA82h3L2axCRBBDSuk&ts=1719599214&e=0","https://img.unitedclassifieds.sk/foto/MTUweDg0L2ZpbHRlcnM6cXVhbGl0eSgxMDApL2p1bA==/E9Ok2dBqF_fss?st=XrwV5o5uJUediyPu64fPVw_bOo5H9661QIgUtUHefGs&ts=1719599222&e=0","https://img.unitedclassifieds.sk/foto/MTUweDg0L2ZpbHRlcnM6cXVhbGl0eSgxMDApL2p1bA==/ob2xMn2Ij_fss?st=V3Hy_HqAoLEnJGNBiKdCiB4B5fag0IZX_2RkM9qPsjc&ts=1719599308&e=0"]},{"title":"NIDAL : Predaj 2 izbového bytu Eurovea Tower","address":"Pribinova, Bratislava I - Staré Mesto, okres Bratislava","rooms":2,"meters":48,"totalPrice":445000,"meterSquarePrice":0,"link":"https://www.nehnutelnosti.sk/detail/JulCN-Ghw2X/nidal-predaj-2-izboveho-bytu-eurovea-tower","imagesUrls":["https://img.unitedclassifieds.sk/foto/NjAweDMzOC9maWx0ZXJzOnF1YWxpdHkoMTAwKS9qdWw=/lsFwc2Q-k_fss?st=iqZFfYEDgOaNXo9sSYltmHVGZbZ-4oHbj3gb4As8gto&ts=1722424231&e=0","https://img.unitedclassifieds.sk/foto/MTUweDg0L2ZpbHRlcnM6cXVhbGl0eSgxMDApL2p1bA==/cPUG_PjYe_fss?st=mqFs-tk0Pe7x8EruSku4lziCNfMwKIluR5hPyv8YmYE&ts=1722424249&e=0","https://img.unitedclassifieds.sk/foto/MTUweDg0L2ZpbHRlcnM6cXVhbGl0eSgxMDApL2p1bA==/5ynwhSE_M_fss?st=mCUOlgOFptXcjIN2iwYd-woYpYR8eA_FCokrHW0Cy1U&ts=1722424250&e=0","https://img.unitedclassifieds.sk/foto/MTUweDg0L2ZpbHRlcnM6cXVhbGl0eSgxMDApL2p1bA==/8dY5MoE4O_fss?st=ZjDnVeAeO5VGoY1wXf30BGJsq80qP1UKs84lAg7Vzm0&ts=1722068454&e=0"]},{"title":"Lastovičky - zariadený 3-izbový byt s terasou pri občianskej vybavenosti a lesoparku","address":"Nová Dedinka, okres Senec","rooms":3,"meters":75,"totalPrice":225000,"meterSquarePrice":7,"link":"https://www.nehnutelnosti.sk/detail/JuZ3qfigqbx/lastovicky-zariadeny-3-izbovy-byt-s-terasou-pri-obcianskej-vybavenosti-a-lesoparku","imagesUrls":["https://img.unitedclassifieds.sk/foto/NjAweDMzOC9maWx0ZXJzOnF1YWxpdHkoMTAwKS9qdWw=/XvSwofejS_fss?st=OcZ_mMtg_YTuD5hBwdeUgeRjI2D1m11m_2F2c39plZk&ts=1721380296&e=0","https://img.unitedclassifieds.sk/foto/MTUweDg0L2ZpbHRlcnM6cXVhbGl0eSgxMDApL2p1bA==/0voLqFsRR_fss?st=cuQH4yDfY2oQ17rcaY4ooReJW2Q4sAY7Ne5lFLpRy0s&ts=1721380297&e=0","https://img.unitedclassifieds.sk/foto/MTUweDg0L2ZpbHRlcnM6cXVhbGl0eSgxMDApL2p1bA==/7qSQPL1k9_fss?st=xtVZEKbeFx15C8r7jtt5J9nYZM6r-GjyfGsp60mbXsE&ts=1721383026&e=0","https://img.unitedclassifieds.sk/foto/MTUweDg0L2ZpbHRlcnM6cXVhbGl0eSgxMDApL2p1bA==/cr2pdAkJw_fss?st=FN2KEr2T-6aOeJ-Nwvbn-A_0V8x3NVI7ZqPFdU9og2w&ts=1721380297&e=0"]},{"title":"2i byt v novostavbe s PARKINGOM a kobkou v cene","address":"Ulica Závodu Matador, Bratislava V - Petržalka, okres Bratislava","rooms":2,"meters":58,"totalPrice":226500,"meterSquarePrice":7,"link":"https://www.nehnutelnosti.sk/detail/JuF_LsbUBkO/2i-byt-v-novostavbe-s-parkingom-a-kobkou-v-cene","imagesUrls":["https://img.unitedclassifieds.sk/foto/NjAweDMzOC9maWx0ZXJzOnF1YWxpdHkoMTAwKS9qdWw=/NWdTqcXyl_fss?st=7G9WS21CqRYKSnfBLm9TmxVMV7Nfw9D15ab_l5FXBf0&ts=1716976261&e=0","https://img.unitedclassifieds.sk/foto/MTUweDg0L2ZpbHRlcnM6cXVhbGl0eSgxMDApL2p1bA==/EIf4EaRIA_fss?st=hd6RH6wOhGvV6wSOuf2LXwRGj0OLFpKaGeqk7JxvnJg&ts=1716976270&e=0","https://img.unitedclassifieds.sk/foto/MTUweDg0L2ZpbHRlcnM6cXVhbGl0eSgxMDApL2p1bA==/Q7bQz_xfq_fss?st=JtC3xytpCpHScrgv000Fd4RNMuU3BzRhIzaiJ-q-1P0&ts=1717067208&e=0","https://img.unitedclassifieds.sk/foto/MTUweDg0L2ZpbHRlcnM6cXVhbGl0eSgxMDApL2p1bA==/9f-WH4TmF_fss?st=LAbyW35nw-AUfC_cek8PQlsC0YiEITL4nEb_IDLe8GU&ts=1717067208&e=0"]},{"title":"AZ PROPERTY* na predaj veľmi pekný 3-izbový byt s predzáhradkou a panoramatickým výhľadom na mesto a","address":"Tupého, Bratislava III - Nové Mesto, okres Bratislava","rooms":3,"meters":119,"totalPrice":315000,"meterSquarePrice":5,"link":"https://www.nehnutelnosti.sk/detail/JuftnVjf8gH/az-property-na-predaj-velmi-pekny-3-izbovy-byt-spredzahradkou-apanoramatickym-vyhladom-na-mesto-a","imagesUrls":["https://img.unitedclassifieds.sk/foto/NjAweDMzOC9maWx0ZXJzOnF1YWxpdHkoMTAwKS9yc2Y=/ENwBBpAp4_fss?st=paLEiEnjqcQBVwzn3RFK3vmdXYyTvU3YJUA-QPSb4es&ts=1694007153&e=0","https://img.unitedclassifieds.sk/foto/MTUweDg0L2ZpbHRlcnM6cXVhbGl0eSgxMDApL3JzZg==/RwBmrnNh3_fss?st=3QQhUXofC1h4YsCUNfPB_Sji9Yes9zR_C31YCJfK4Ak&ts=1694007166&e=0","https://img.unitedclassifieds.sk/foto/MTUweDg0L2ZpbHRlcnM6cXVhbGl0eSgxMDApL3JzZg==/BemCERSoZ_fss?st=ZvV_-i6y9eUIpbpn7E634vpfWqqx71-hhREX7Eq0lpM&ts=1694007168&e=0","https://img.unitedclassifieds.sk/foto/MTUweDg0L2ZpbHRlcnM6cXVhbGl0eSgxMDApL3JzZg==/hvG_4H31P_fss?st=NSfMTAp9DpRjkBNhvl_YaBJ9wenYxhAS3zJT-fzmikQ&ts=1694007170&e=0"]},{"title":"AZ PROPERTY* ponúkame úplne nový 3-izbový byt s lodžiou v súkromnom uzavretom areáli, Hradská ulica","address":"Hradská, Bratislava II - Vrakuňa, okres Bratislava","rooms":3,"meters":81,"totalPrice":217000,"meterSquarePrice":1,"link":"https://www.nehnutelnosti.sk/detail/JuwB7jzvZIT/az-property-ponukame-uplne-novy-3-izbovy-byt-s-lodziou-v-sukromnom-uzavretom-areali-hradska-ulica","imagesUrls":["https://img.unitedclassifieds.sk/foto/NjAweDMzOC9maWx0ZXJzOnF1YWxpdHkoMTAwKS9qdWw=/ApWzikbmX_fss?st=0BqrMKZS1Tq9J5jtH4Wr10czj2SiSqM526MeSr0Zp6k&ts=1710278004&e=0","https://img.unitedclassifieds.sk/foto/MTUweDg0L2ZpbHRlcnM6cXVhbGl0eSgxMDApL2p1bA==/yyP2f2mrM_fss?st=ne7JX_4g9kawJGPpdDq9h8W-bfdJ1ZgQ09lR71iW4po&ts=1710277893&e=0","https://img.unitedclassifieds.sk/foto/MTUweDg0L2ZpbHRlcnM6cXVhbGl0eSgxMDApL2p1bA==/kd4eeLDgmn_fss?st=2AoFQnzBObSOsKVwNFPT2zFBadPK5gbbjcumjAGwBHw&ts=1710278015&e=0","https://img.unitedclassifieds.sk/foto/MTUweDg0L2ZpbHRlcnM6cXVhbGl0eSgxMDApL2p1bA==/ubjIJw7Ju_fss?st=QxH2uAUEYT90EIlQ7STF_VboIZSnZNrQBuoHIine0Tg&ts=1710277888&e=0"]},{"title":"NIDAL: Predaj - Moderný 4 izbový byt v novostavbe na Kazanskej","address":"Kazanská, Bratislava II - Podunajské Biskupice, okres Bratislava","rooms":4,"meters":91,"totalPrice":325000,"meterSquarePrice":9,"link":"https://www.nehnutelnosti.sk/detail/JucXyxIfh1c/nidal-predaj-moderny-4-izbovy-byt-v-novostavbe-na-kazanskej","imagesUrls":["https://img.unitedclassifieds.sk/foto/NjAweDMzOC9maWx0ZXJzOnF1YWxpdHkoMTAwKS9qdWw=/Q9dUbIACL_fss?st=sPMEKIna4UnOZGEaDvRZKapPJbMoEp4n2bMzS1ZSdLM&ts=1719482070&e=0","https://img.unitedclassifieds.sk/foto/MTUweDg0L2ZpbHRlcnM6cXVhbGl0eSgxMDApL2p1bA==/QpIMJ1_NO_fss?st=zuRmUkzBdiVNMvG2edYuDLF5qYF7HiSCRlNg2DdXetU&ts=1719482071&e=0","https://img.unitedclassifieds.sk/foto/MTUweDg0L2ZpbHRlcnM6cXVhbGl0eSgxMDApL2p1bA==/-UC5_sE_8_fss?st=VhcuonrjgFRsCGd9X7xjkHvx55pBAy0lhQP7H4vTRTA&ts=1719482066&e=0","https://img.unitedclassifieds.sk/foto/MTUweDg0L2ZpbHRlcnM6cXVhbGl0eSgxMDApL2p1bA==/aTyzi3fDl_fss?st=KKU4VoAmjgesD-Dc4HN2mxHsGw3hIG8uI9lQCfdrViQ&ts=1719482070&e=0"]},{"title":"Ponúkame na predaj 2izbový ateliér v Eurovea 2","address":"Pribinova, Bratislava I - Staré Mesto, okres Bratislava","rooms":2,"meters":55,"totalPrice":330000,"meterSquarePrice":1,"link":"https://www.nehnutelnosti.sk/detail/JuQSJMmf4VV/ponukame-na-predaj-2izbovy-atelier-v-eurovea-2","imagesUrls":["https://img.unitedclassifieds.sk/foto/NjAweDMzOC9maWx0ZXJzOnF1YWxpdHkoMTAwKS9qdWw=/SbJV3GDkt_fss?st=hqZr2HXrRaHYyEJSTegtygOiZFbPQJ3ii6KZhXxXHBk&ts=1710240731&e=0","https://img.unitedclassifieds.sk/foto/MTUweDg0L2ZpbHRlcnM6cXVhbGl0eSgxMDApL2p1bA==/-yy4tRqYE_fss?st=zxv7bkftBP_Ha8KCG0i1-spzo6iEkARi_qt0XpJkE8g&ts=1710240745&e=0","https://img.unitedclassifieds.sk/foto/MTUweDg0L2ZpbHRlcnM6cXVhbGl0eSgxMDApL2p1bA==/mpXGe-s7y_fss?st=0Ep-IRZN7rdtCfrW_D1DqA_pgjl59mRc6W6paqG1BLU&ts=1710240725&e=0","https://img.unitedclassifieds.sk/foto/MTUweDg0L2ZpbHRlcnM6cXVhbGl0eSgxMDApL2p1bA==/bzCIbf2JX_fss?st=H2efK78993II07OnLt_5xdYSZ3cWM_k0vdTaCOwFdWc&ts=1710240727&e=0"]},{"title":"Dizajnový 3-izbový mezonet s loggiou, terasou","address":"Bratislava II - Ružinov, okres Bratislava","rooms":3,"meters":105,"totalPrice":520000,"meterSquarePrice":8,"link":"https://www.nehnutelnosti.sk/detail/JuLFOWx9LQs/dizajnovy-3-izbovy-mezonet-s-loggiou-terasou","imagesUrls":["https://img.nehnutelnosti.sk/foto/NjAweDMzOC9maWx0ZXJzOnF1YWxpdHkoMTAwKS9uZWg=/ZboQWrxuv_fss?st=0wHhJYI7gXH5RsrMYTgmedCyBN2XdNTNNe2t4HAGlJc&ts=1727031489&e=0"]},{"title":"3-izbový byt na Solinkách","address":"Borová 3178/18, Žilina - Solinky, okres Žilina","rooms":3,"meters":72,"totalPrice":180000,"meterSquarePrice":0,"link":"https://www.nehnutelnosti.sk/detail/Jud2ph6ffsZ/3-izbovy-byt-na-solinkach","imagesUrls":["https://img.nehnutelnosti.sk/foto/NjAweDMzOC9maWx0ZXJzOnF1YWxpdHkoMTAwKS9uZWg=/07DP0JtQY_fss?st=P8N8HmzCaJfdoHTaxR-AuX0WTVojHyMz6767gDtPNcw&ts=1727030585&e=0"]},{"title":"LETNÁ AKCIOVÁ CENA!!! BÝVAJTE AKO V RODINNOM DOME, 4-izbový byt Bratislava -VAJNORY, 79 m2, 2/2, gar","address":"Pri Struhe, Bratislava III - Vajnory, okres Bratislava","rooms":4,"meters":79,"totalPrice":184900,"meterSquarePrice":1,"link":"https://www.nehnutelnosti.sk/detail/Ju8DxxqJAm6/letna-akciova-cena-byvajte-ako-v-rodinnom-dome-4-izbovy-byt-bratislava-vajnory-79-m2-2-2-gar","imagesUrls":["https://img.nehnutelnosti.sk/foto/NjAweDMzOC9maWx0ZXJzOnF1YWxpdHkoMTAwKS9uZWg=/U09_aZKC3_fss?st=LtPm6jTpJ6POhLBfz6N21K00uWD5-nbU8KAETl_sWjk&ts=1721906119&e=0"]},{"title":"2-izbový byt TYP ,,C'' v NADŠTANDARTNEJ  NOVOSTAVBE TRIKOTA VO VRBOVOM,42,12 m2, balkón 2,21 m2, kobk","address":"Jána Zigmundíka, Vrbové, okres Piešťany","rooms":2,"meters":42,"totalPrice":102900,"meterSquarePrice":2,"link":"https://www.nehnutelnosti.sk/detail/JuslMbhsLcq/2-izbovy-byt-typ-c-v-nadstandartnej-novostavbe-trikota-vo-vrbovom-42-12-m2-balkon-2-21-m2-kobk","imagesUrls":["https://img.nehnutelnosti.sk/foto/NjAweDMzOC9maWx0ZXJzOnF1YWxpdHkoMTAwKS9uZWg=/Qwb_jjfum_fss?st=JOTVg7Q7uUadDl-lhdsQH8y7-ePFJH1MgIMJAoAmYVc&ts=1725794651&e=0"]},{"title":"LEVEL REAL NA PREDAJ 3 – IZBOVÝ BYT V BYTOVOM DOME BROSKYŇOVÁ","address":"Dubová Alžbetin dvor, Bratislava II - Podunajské Biskupice, okres Bratislava","rooms":3,"meters":68,"totalPrice":164990,"meterSquarePrice":0,"link":"https://www.nehnutelnosti.sk/detail/JuoGYsrUswg/level-real-na-predaj-3-izbovy-byt-v-bytovom-dome-broskynova","imagesUrls":["https://img.nehnutelnosti.sk/foto/NjAweDMzOC9maWx0ZXJzOnF1YWxpdHkoMTAwKS9uZWg=/5w4LZxYlT_fss?st=7duPpjpkr8RzdyeOo9b8sIACiiaRwdHpgVDmTcZMEl8&ts=1711354526&e=0"]},{"title":"2,5 izbový zariadený byt v novostavbe ul. Pri Derni, Galanta","address":"Ulica Pri Derni, Galanta, okres Galanta","rooms":2,"meters":85,"totalPrice":165000,"meterSquarePrice":8,"link":"https://www.nehnutelnosti.sk/detail/JuXHH8esarE/2-5-izbovy-zariadeny-byt-v-novostavbe-ul-pri-derni-galanta","imagesUrls":["https://img.unitedclassifieds.sk/foto/NjAweDMzOC9maWx0ZXJzOnF1YWxpdHkoMTAwKS9qdWw=/awnUbAeQH_fss?st=AGrYy6BAB_a2VFZKv8h-I17wmm8pT2Pge3rQWlqC7hA&ts=1726419109&e=0"]},{"title":"3 izbový byt Beluša","address":"Slatinská, Beluša, okres Púchov","rooms":3,"meters":64,"totalPrice":120000,"meterSquarePrice":5,"link":"https://www.nehnutelnosti.sk/detail/JuQNN6oBWDE/3-izbovy-byt-belusa","imagesUrls":["https://img.nehnutelnosti.sk/foto/NjAweDMzOC9maWx0ZXJzOnF1YWxpdHkoMTAwKS9uZWg=/-nedWgaky_fss?st=gCf_i5--_xtpv_8oxyWq5kbAXDm063Ry_FZLc9mvznw&ts=1727024983&e=0"]},{"title":"EXKLUZIVNE NA PREDAJ 3 IZBOVÝ BYT za bezkonkurenčnú cenu priamo v Trnave - MIKO","address":"Mikoviniho, Trnava, okres Trnava","rooms":3,"meters":58,"totalPrice":159990,"meterSquarePrice":5,"link":"https://www.nehnutelnosti.sk/detail/JuM930xV3Da/exkluzivne-na-predaj-3-izbovy-byt-za-bezkonkurencnu-cenu-priamo-v-trnave-miko","imagesUrls":["https://img.nehnutelnosti.sk/foto/NjAweDMzOC9maWx0ZXJzOnF1YWxpdHkoMTAwKS9uZWg=/x5jbzqdRU_fss?st=A0ZCFaIgECctMkRpw3TnhZxO4C8O4L2eCjnBz9LzGPs&ts=1726247954&e=0"]},{"title":"EXKLUZIVNE NA PREDAJ 3 IZBOVÝ BYT za bezkonkurenčnú cenu - skolaudovaná novostavba MIKO","address":"Mikoviniho, Trnava, okres Trnava","rooms":3,"meters":73,"totalPrice":185990,"meterSquarePrice":1,"link":"https://www.nehnutelnosti.sk/detail/JuxB1bBIlnr/exkluzivne-na-predaj-3-izbovy-byt-za-bezkonkurencnu-cenu-skolaudovana-novostavba-miko","imagesUrls":["https://img.nehnutelnosti.sk/foto/NjAweDMzOC9maWx0ZXJzOnF1YWxpdHkoMTAwKS9uZWg=/laOQYJLTq_fss?st=52SZ50vIEt5Xx4vmbC67vdT9DGMxJHSRZ-cdFDOaj-E&ts=1726246259&e=0"]}]