[{"title":"Ponúkame Vám na predaj exkluzívny veľký 4i byt s 86 m2 terasou v novostavbe na ul. M. Nešporu v Tren","address":"Mirka Nešporu, Trenčín, okres Trenčín","rooms":4,"meters":126,"totalPrice":null,"meterSquarePrice":null,"link":"https://www.nehnutelnosti.sk/detail/Ju6b473fCO3/ponukame-vam-na-predaj-exkluzivny-velky-4i-byt-s-86-m2-terasou-v-novostavbe-na-ul-m-nesporu-v-tren","imagesUrls":["https://img.nehnutelnosti.sk/foto/NjAweDMzOC9maWx0ZXJzOnF1YWxpdHkoMTAwKS9uZWg=/tVcbUeoll_fss?st=97-ADvxR29Ui4U14bSH533s9RGrmraLCHOyXSSyYkHA&ts=1711444800&e=0"]},{"title":"Ponúkame Vám na predaj 2- izbový byt v Trenčíne, na ulici Pod Sokolice.","address":"Pod Sokolice, Trenčín, okres Trenčín","rooms":2,"meters":35,"totalPrice":75000,"meterSquarePrice":6,"link":"https://www.nehnutelnosti.sk/detail/JuoRr9M52zM/ponukame-vam-na-predaj-2-izbovy-byt-v-trencine-na-ulici-pod-sokolice","imagesUrls":["https://img.nehnutelnosti.sk/foto/NjAweDMzOC9maWx0ZXJzOnF1YWxpdHkoMTAwKS9uZWg=/6cij8MyK__fss?st=JHkaoc4ImHrdzoHTjC11JxgPF74MhQJB6VjW18NCMkQ&ts=1696874477&e=0"]},{"title":"Ponúkame Vám na predaj väčší 3 izbový byt v Trenčíne, ulica  Horný Šianec.","address":"Horný Šianec, Trenčín, okres Trenčín","rooms":3,"meters":74,"totalPrice":133900,"meterSquarePrice":6,"link":"https://www.nehnutelnosti.sk/detail/Ju_ShtGLPDF/ponukame-vam-na-predaj-vacsi-3-izbovy-byt-v-trencine-ulica-horny-sianec","imagesUrls":["https://img.nehnutelnosti.sk/foto/NjAweDMzOC9maWx0ZXJzOnF1YWxpdHkoMTAwKS9uZWg=/2WldgcXHD_fss?st=nfhCuYNwo8Lw7rg7OoDQM5jrNk2Gi4osuX_cfUhJEAs&ts=1699890416&e=0"]},{"title":"Ponúkame Vám na pekný predaj 3-izbový byt v Trenčíne, ulica Soblahovská.","address":"Soblahovská, Trenčín, okres Trenčín","rooms":3,"meters":68,"totalPrice":129000,"meterSquarePrice":6,"link":"https://www.nehnutelnosti.sk/detail/JuOyARkn4M-K/ponukame-vam-na-pekny-predaj-3-izbovy-byt-v-trencine-ulica-soblahovska","imagesUrls":["https://img.nehnutelnosti.sk/foto/NjAweDMzOC9maWx0ZXJzOnF1YWxpdHkoMTAwKS9uZWg=/GSix3_m0Fh_fss?st=KOE4c40_ISaZ8kFpc6fc5lc8gcFCVFhER5Kwykj6D8E&ts=1694698312&e=0"]},{"title":"Ponúkame Vám na predaj 2i byt o rozlohe 47 m2, v novostavbe bytového domu na ul. Odbojárov v Trenčín","address":"Odbojárov, Trenčín, okres Trenčín","rooms":2,"meters":47,"totalPrice":138000,"meterSquarePrice":7,"link":"https://www.nehnutelnosti.sk/detail/Jueq2jZhx3m/ponukame-vam-na-predaj-2i-byt-o-rozlohe-47-m2-v-novostavbe-bytoveho-domu-na-ul-odbojarov-v-trencin","imagesUrls":["https://img.nehnutelnosti.sk/foto/NjAweDMzOC9maWx0ZXJzOnF1YWxpdHkoMTAwKS9uZWg=/kKoZv8Uzd_fss?st=RCHlwh1H2mienB97rLgAItNWNoqZVWCaOyYp1-uMf9s&ts=1695368774&e=0"]},{"title":"Ponúkame Vám predaj jedinečný dizajnový priestranný 2i byt na ul. Pod Sokolice v Trenčíne.","address":"Pod Sokolice, Trenčín, okres Trenčín","rooms":2,"meters":69,"totalPrice":null,"meterSquarePrice":null,"link":"https://www.nehnutelnosti.sk/detail/JuWVuXZrfLq/ponukame-vam-predaj-jedinecny-dizajnovy-priestranny-2i-byt-na-ul-pod-sokolice-v-trencine","imagesUrls":["https://img.nehnutelnosti.sk/foto/NjAweDMzOC9maWx0ZXJzOnF1YWxpdHkoMTAwKS9uZWg=/yDqnB6g3c_fss?st=v8NJbHjyafBP22u1rQCvm9L9xEIV7U9ZNUxJVFnHoyY&ts=1694690269&e=0"]},{"title":"Ponúkame Vám s výhradným zastúpením na predaj 3 izbový byt v Trenčíne na Sihoti.","address":"Sihoť, Trenčín, okres Trenčín","rooms":3,"meters":65,"totalPrice":null,"meterSquarePrice":null,"link":"https://www.nehnutelnosti.sk/detail/Ju16P_IfuKo/ponukame-vam-s-vyhradnym-zastupenim-na-predaj-3-izbovy-byt-v-trencine-na-sihoti","imagesUrls":["https://img.nehnutelnosti.sk/foto/NjAweDMzOC9maWx0ZXJzOnF1YWxpdHkoMTAwKS9uZWg=/E1ptSZKmh_fss?st=Gl0_DA17KJanMrKLz5tc03l25Nf5i5PoN79UC2YE7hM&ts=1695650576&e=0"]},{"title":"Bytový dom Pod Skalkou so súkromnou záhradou v obľúbenej lokalite Sihoť II.","address":"Pod Skalkou, Trenčín, okres Trenčín","rooms":3,"meters":73,"totalPrice":167900,"meterSquarePrice":0,"link":"https://www.nehnutelnosti.sk/detail/JuQxjgFiCtx/bytovy-dom-pod-skalkou-so-sukromnou-zahradou-v-oblubenej-lokalite-sihot-ii","imagesUrls":["https://img.nehnutelnosti.sk/foto/NjAweDMzOC9maWx0ZXJzOnF1YWxpdHkoMTAwKS9uZWg=/1scQJQK6W_fss?st=vAehqF5n6QB3jLI3ZIdzxCNvTXET3_nbehPEnfz7aAw&ts=1685865670&e=0"]},{"title":"Ponúkame Vám na predaj 2-izbový byt v Trenčíne na Juhu, ulica Novomeského","address":"L. Novomeského, Trenčín, okres Trenčín","rooms":2,"meters":46,"totalPrice":83900,"meterSquarePrice":1,"link":"https://www.nehnutelnosti.sk/detail/JuFXUOzQ8uW/ponukame-vam-na-predaj-2-izbovy-byt-v-trencine-na-juhu-ulica-novomeskeho","imagesUrls":["https://img.nehnutelnosti.sk/foto/NjAweDMzOC9maWx0ZXJzOnF1YWxpdHkoMTAwKS9uZWg=/c5bxQwov4_fss?st=oCuY7GrZI6QNa0Um4VqhUOChfR8ao2DLoRGIkWrrAOA&ts=1685520279&e=0"]},{"title":"Ponúkame Vám na predaj pekný veľký 3-izbový byt v Trenčíne, ulica Nábrežná.","address":"Nábrežná, Trenčín, okres Trenčín","rooms":3,"meters":82,"totalPrice":139900,"meterSquarePrice":0,"link":"https://www.nehnutelnosti.sk/detail/JukvItTF83g/ponukame-vam-na-predaj-pekny-velky-3-izbovy-byt-v-trencine-ulica-nabrezna","imagesUrls":["https://img.nehnutelnosti.sk/foto/NjAweDMzOC9maWx0ZXJzOnF1YWxpdHkoMTAwKS9uZWg=/q5bOwg0hmU_fss?st=wtCjFHh08YZK8DxjJW4FEmNmKRLQW0OmAXWdMEsFRu4&ts=1681745503&e=0"]},{"title":"Ponúkame Vám na predaj 3-izbový byt s loggiou, Trenčín - Sihoť 2, Hodžova ulica.","address":"Hodžova, Trenčín, okres Trenčín","rooms":3,"meters":62,"totalPrice":112900,"meterSquarePrice":7,"link":"https://www.nehnutelnosti.sk/detail/JufRhS-mbFJ/ponukame-vam-na-predaj-3-izbovy-byt-s-loggiou-trencin-sihot-2-hodzova-ulica","imagesUrls":["https://img.nehnutelnosti.sk/foto/NjAweDMzOC9maWx0ZXJzOnF1YWxpdHkoMTAwKS9uZWg=/9ddzVjnh8_fss?st=WwPRPjt_FJ2_Yw_ThhHBEIl2pW42w3GvkEczhh5nHVQ&ts=1685522941&e=0"]},{"title":"Bytový dom Pod Skalkou so súkromnou záhradou v obľúbenej lokalite Sihoť II.","address":"Pod Skalkou, Trenčín, okres Trenčín","rooms":2,"meters":43,"totalPrice":134500,"meterSquarePrice":8,"link":"https://www.nehnutelnosti.sk/detail/Ju9Uj7lPAwY/bytovy-dom-pod-skalkou-so-sukromnou-zahradou-v-oblubenej-lokalite-sihot-ii","imagesUrls":["https://img.nehnutelnosti.sk/foto/NjAweDMzOC9maWx0ZXJzOnF1YWxpdHkoMTAwKS9uZWg=/FOFKNaOqI8_fss?st=rQe6tKlnynk1zvzK4oiRk3qO-9cy3JCdT-iRLLiwONU&ts=1685779261&e=0"]},{"title":"Ponúkame Vám na predaj veľký 3-izbový byt v Trenčíne, ulica Nábrežná.","address":"Nábrežná, Trenčín, okres Trenčín","rooms":3,"meters":84,"totalPrice":null,"meterSquarePrice":null,"link":"https://www.nehnutelnosti.sk/detail/Ju0RqzNwXns/ponukame-vam-na-predaj-velky-3-izbovy-byt-v-trencine-ulica-nabrezna","imagesUrls":["https://img.nehnutelnosti.sk/foto/NjAweDMzOC9maWx0ZXJzOnF1YWxpdHkoMTAwKS9uZWg=/TehNs6sRhs_fss?st=rMTYmUbi3_l1fAbp9p9_M0dCxaZpNnSwaL3_Dh0vJ0I&ts=1706877693&e=0"]},{"title":"Ponúkame Vám na predaj 3-izbový byt v Trenčíne, ulica Pod Sokolice.","address":"Pod Sokolice, Trenčín, okres Trenčín","rooms":3,"meters":74,"totalPrice":123500,"meterSquarePrice":2,"link":"https://www.nehnutelnosti.sk/detail/JuW4K0NsArn/ponukame-vam-na-predaj-3-izbovy-byt-v-trencine-ulica-pod-sokolice","imagesUrls":["https://img.nehnutelnosti.sk/foto/NjAweDMzOC9maWx0ZXJzOnF1YWxpdHkoMTAwKS9uZWg=/GOPP9NjUt_fss?st=UPIoJL4c6yvWjM4m57C8qPcnR9q_G03jYt3LQeU3q3Q&ts=1697565668&e=0"]},{"title":"Ponúkame Vám na predaj pekný 2-izbový byt v Trenčíne, časť Juh, na ulici Halalovka","address":"Halalovka, Trenčín, okres Trenčín","rooms":2,"meters":54,"totalPrice":92500,"meterSquarePrice":6,"link":"https://www.nehnutelnosti.sk/detail/JuV4beMYjuR/ponukame-vam-na-predaj-pekny-2-izbovy-byt-v-trencine-cast-juh-na-ulici-halalovka","imagesUrls":["https://img.nehnutelnosti.sk/foto/NjAweDMzOC9maWx0ZXJzOnF1YWxpdHkoMTAwKS9uZWg=/p8o6w4JNV7_fss?st=ZPIPeEb9_XV6kAL2jvAVMYu2IXg00QYPJ8qx5A4nZ4Q&ts=1706879193&e=0"]},{"title":"Ponúkame Vám na predaj 3-izbový byt v Trenčíne.","address":"L. Novomeského, Trenčín, okres Trenčín","rooms":3,"meters":64,"totalPrice":99800,"meterSquarePrice":8,"link":"https://www.nehnutelnosti.sk/detail/Jux0wgWCQDD/ponukame-vam-na-predaj-3-izbovy-byt-v-trencine","imagesUrls":["https://img.nehnutelnosti.sk/foto/NjAweDMzOC9maWx0ZXJzOnF1YWxpdHkoMTAwKS9uZWg=/eWDRHtCLJ_fss?st=FossqGvGcsQUV0DRDef4fiFa-aN0sdljy1quXdpvcBg&ts=1672753800&e=0"]},{"title":"Ponúkame Vám na predaj 2-izbový byt v Trenčíne, Sihoť I.","address":"Hodžova, Trenčín, okres Trenčín","rooms":2,"meters":64,"totalPrice":109900,"meterSquarePrice":9,"link":"https://www.nehnutelnosti.sk/detail/JulO_0mx8ep/ponukame-vam-na-predaj-2-izbovy-byt-v-trencine-sihot-i","imagesUrls":["https://img.nehnutelnosti.sk/foto/NjAweDMzOC9maWx0ZXJzOnF1YWxpdHkoMTAwKS9uZWg=/iMBdsRa8h_fss?st=GI14MT3gzpWozkqpgJs0NsJME7TkEn3PX7EHltny5mo&ts=1678184813&e=0"]},{"title":"Ponúkame  na  predaj  4izbový  byt  s  garážou.","address":"Jána Halašu, Trenčín, okres Trenčín","rooms":4,"meters":79,"totalPrice":null,"meterSquarePrice":null,"link":"https://www.nehnutelnosti.sk/detail/Ju7aZeZ_ArR/ponukame-na-predaj-4izbovy-byt-s-garazou","imagesUrls":["https://img.nehnutelnosti.sk/foto/NjAweDMzOC9maWx0ZXJzOnF1YWxpdHkoMTAwKS9uZWg=/ECaZtVdDm_fss?st=hRHWY4Rgl7HmEfUrOumzq3E1byEUzmgeipcO0cnSfQM&ts=1674471767&e=0"]},{"title":"Ponúkame Vám na predaj 3-izbový byt v Trenčíne, ulica Soblahovská.","address":"Soblahovská, Trenčín, okres Trenčín","rooms":3,"meters":68,"totalPrice":155900,"meterSquarePrice":5,"link":"https://www.nehnutelnosti.sk/detail/JuYoimyf8R6/ponukame-vam-na-predaj-3-izbovy-byt-v-trencine-ulica-soblahovska","imagesUrls":["https://img.nehnutelnosti.sk/foto/NjAweDMzOC9maWx0ZXJzOnF1YWxpdHkoMTAwKS9uZWg=/Pjc6Yueum_fss?st=VgBSZOLBv3HtCqyJi5VTDSvYrvIGVY9oMN1k_mATHKM&ts=1657873525&e=0"]},{"title":"Ponúkame na predaj pekný - priestranný 3izb.byt v Trenčíne - časť Juh.","address":"Šafárikova, Trenčín, okres Trenčín","rooms":3,"meters":72,"totalPrice":168300,"meterSquarePrice":0,"link":"https://www.nehnutelnosti.sk/detail/JuOoDX0F7Qd/ponukame-na-predaj-pekny-priestranny-3izb-byt-v-trencine-cast-juh","imagesUrls":["https://img.nehnutelnosti.sk/foto/NjAweDMzOC9maWx0ZXJzOnF1YWxpdHkoMTAwKS9uZWg=/59KkCztV5_fss?st=0eqsX9uqbw4usH3GN-Eg6bZNWTLqBdCLMIcvrgBq020&ts=1664354053&e=0"]},{"title":"Ponúkame Vám na predaj 3-izbový byt v Trenčíne.","address":"Šafárikova, Trenčín, okres Trenčín","rooms":3,"meters":69,"totalPrice":112000,"meterSquarePrice":9,"link":"https://www.nehnutelnosti.sk/detail/JuEz0qWisRx/ponukame-vam-na-predaj-3-izbovy-byt-v-trencine","imagesUrls":["https://img.nehnutelnosti.sk/foto/NjAweDMzOC9maWx0ZXJzOnF1YWxpdHkoMTAwKS9uZWg=/rPpFYgVf7_fss?st=yQck-otX95n0GfYOjGrQJVetHI1EfjaLCGA67rnfXkk&ts=1666603150&e=0"]},{"title":"Ponúkame Vám na predaj zrekonštruovaný 3-izbový byt 62 m2 s lodžiou 5 m2 v tichej časti Juhu I, na u","address":"Jána Halašu, Trenčín, okres Trenčín","rooms":3,"meters":62,"totalPrice":144000,"meterSquarePrice":8,"link":"https://www.nehnutelnosti.sk/detail/Ju9GBQ2Zu9f/ponukame-vam-na-predaj-zrekonstruovany-3-izbovy-byt-62-m2-s-lodziou-5-m2-v-tichej-casti-juhu-i-na-u","imagesUrls":["https://img.nehnutelnosti.sk/foto/NjAweDMzOC9maWx0ZXJzOnF1YWxpdHkoMTAwKS9uZWg=/9ATseq6GD_fss?st=dwIbWyptWwAdJL3v4nXkZrfJdgakVg_8sxhlK6MhfZA&ts=1658122291&e=0"]},{"title":"Exkluzívne Vám ponúkame zrekonštruovaný 3i byt v Trenčíne.","address":"Halalovka, Trenčín, okres Trenčín","rooms":3,"meters":75,"totalPrice":null,"meterSquarePrice":null,"link":"https://www.nehnutelnosti.sk/detail/JujyH1un_vN/exkluzivne-vam-ponukame-zrekonstruovany-3i-byt-v-trencine","imagesUrls":["https://img.nehnutelnosti.sk/foto/NjAweDMzOC9maWx0ZXJzOnF1YWxpdHkoMTAwKS9uZWg=/o4ldTEJP4_fss?st=xTk_NnxyR9blBcWEpWFAoYG3eFzUfn6JT1zehnTviF8&ts=1655735902&e=0"]},{"title":"Ponúkame Vám na predaj priestranný 3i byt v tehlovom bytovom dome v Trenčíne.","address":"Kniežaťa Pribinu, Trenčín, okres Trenčín","rooms":3,"meters":110,"totalPrice":185900,"meterSquarePrice":0,"link":"https://www.nehnutelnosti.sk/detail/JuIFRiYHoyAP/ponukame-vam-na-predaj-priestranny-3i-byt-v-tehlovom-bytovom-dome-v-trencine","imagesUrls":["https://img.nehnutelnosti.sk/foto/NjAweDMzOC9maWx0ZXJzOnF1YWxpdHkoMTAwKS9uZWg=/Ar3n5EWdX_fss?st=umzyqovfe5zYLEg8KrqiuiMVcGlqxCKaXxxf6UjZWao&ts=1672753642&e=0"]},{"title":"Exkluzivne!!! predaj 4izb.mezonetu v RD, záhradka, 3 parkovacie státia!!!","address":"Šamorín, okres Dunajská Streda","rooms":4,"meters":125,"totalPrice":159900,"meterSquarePrice":0,"link":"https://www.nehnutelnosti.sk/detail/JuZpfL1jRKm/exkluzivne-predaj-4izb-mezonetu-v-rd-zahradka-3-parkovacie-statia","imagesUrls":["https://img.unitedclassifieds.sk/foto/NjAweDMzOC9maWx0ZXJzOnF1YWxpdHkoMTAwKS9qdWw=/nLJu-MKbU_fss?st=vcr0NK0XC3ClG_q5rdYddBjCtbdXVi2fOYz6eDZSvb4&ts=1725264337&e=0"]},{"title":"3-izbový byt s 200 m2 záhradou, terasou  a 2 park. miestami v Kotešovej","address":"Kotešová, Kotešová, okres Bytča","rooms":3,"meters":70,"totalPrice":165000,"meterSquarePrice":4,"link":"https://www.nehnutelnosti.sk/detail/JuwfceNuFdi/3-izbovy-byt-s-200-m2-zahradou-terasou-a-2-park-miestami-v-kotesovej","imagesUrls":["https://img.nehnutelnosti.sk/foto/NjAweDMzOC9maWx0ZXJzOnF1YWxpdHkoMTAwKS9uZWg=/5y6srW3qNo_fss?st=O_rX_3xivD--iVrjGzp2YYUuYvlJOW3RD88hwhlugB0&ts=1725437421&e=0"]},{"title":"Predaj 3-izb. bytu s loggiou a 2 park. miestami v Kotešovej","address":"Kotešová, Kotešová, okres Bytča","rooms":3,"meters":64,"totalPrice":149000,"meterSquarePrice":3,"link":"https://www.nehnutelnosti.sk/detail/Jul2Fs0cH9V/predaj-3-izb-bytu-s-loggiou-a-2-park-miestami-v-kotesovej","imagesUrls":["https://img.nehnutelnosti.sk/foto/NjAweDMzOC9maWx0ZXJzOnF1YWxpdHkoMTAwKS9uZWg=/4sP2TviCuI_fss?st=2dmmInoaWgf931q5mQ-8u1wHHtoofIqGJ0aDB1unhyM&ts=1725437416&e=0"]},{"title":"Moderný 3-izbový byt s veľkou záhradou v Ekoosade vo Veľkých Úľanoch","address":"Ekoosa 902A, Veľké Úľany, okres Galanta","rooms":3,"meters":93,"totalPrice":189900,"meterSquarePrice":4,"link":"https://www.nehnutelnosti.sk/detail/JuApx2p9ah2/moderny-3-izbovy-byt-s-velkou-zahradou-v-ekoosade-vo-velkych-ulanoch","imagesUrls":["https://img.nehnutelnosti.sk/foto/NjAweDMzOC9maWx0ZXJzOnF1YWxpdHkoMTAwKS9uZWg=/1pPFkBpf6_fss?st=r0t0rWeaIYvBbwx2eFlOOxAs8spySEHVj61r6yNZFzw&ts=1726482384&e=0"]},{"title":"Investicna prilezitost 2 i byt v Ružinove po rekonštrukcii","address":"Mesačná, Bratislava II - Ružinov, okres Bratislava","rooms":2,"meters":48,"totalPrice":155000,"meterSquarePrice":7,"link":"https://www.nehnutelnosti.sk/detail/JuuEf-yp_J_/investicna-prilezitost-2-i-byt-v-ruzinove-po-rekonstrukcii","imagesUrls":["https://img.unitedclassifieds.sk/foto/NjAweDMzOC9maWx0ZXJzOnF1YWxpdHkoMTAwKS9qdWw=/34l3hMfUl_fss?st=zdar9SEHxpU3aYSmZdEMffaK_jyLUtM0ZBLQFJYomMk&ts=1726394403&e=0"]},{"title":"DIAMOND HOME s.r.o. Vám ponúka na predaj krásny zrekonštruovaný zariadený 2 izbový byt s balkónom v","address":"Kukucínova, Dunajská Streda, okres Dunajská Streda","rooms":2,"meters":54,"totalPrice":94900,"meterSquarePrice":1,"link":"https://www.nehnutelnosti.sk/detail/JuvUCDIXhzR/diamond-home-s-r-o-vam-ponuka-na-predaj-krasny-zrekonstruovany-zariadeny-2-izbovy-byt-s-balkonom-v","imagesUrls":["https://img.nehnutelnosti.sk/foto/NjAweDMzOC9maWx0ZXJzOnF1YWxpdHkoMTAwKS9uZWg=/hA6lPgg-y7_fss?st=CClKbB7kZoQyX2joLmNo3T0yEHQvRpNGRreRnrALNhQ&ts=1725901502&e=0"]}]