[{"title":"2-izb. byt balkónom a parkovaním v novostavbe Zuckermandel","address":"Bratislava I - Staré Mesto, okres Bratislava","rooms":2,"meters":61,"totalPrice":375000,"meterSquarePrice":5,"link":"https://www.nehnutelnosti.sk/detail/JucVzdsfpk0/2-izb-byt-balkonom-a-parkovanim-v-novostavbe-zuckermandel","imagesUrls":["https://img.nehnutelnosti.sk/foto/NjAweDMzOC9maWx0ZXJzOnF1YWxpdHkoMTAwKS9uZWg=/inlQ9Xplj_fss?st=SN6AtM5OQrQ-Sr6TBgI9YR5kiIvvzbEuloa-QOF0agE&ts=1706704522&e=0"]},{"title":"6-izbový luxusný byt ul. Na štyridsiatku - Slavín, o výmere 213 m2 + 103,50 m2 terasa","address":"Na Štyridsiatku, Bratislava I - Staré Mesto, okres Bratislava","rooms":5,"meters":213,"totalPrice":1959850,"meterSquarePrice":7,"link":"https://www.nehnutelnosti.sk/detail/JufpqvGgj5Q/6-izbovy-luxusny-byt-ul-na-styridsiatku-slavin-o-vymere-213-m2-103-50-m2-terasa","imagesUrls":["https://img.nehnutelnosti.sk/foto/NjAweDMzOC9maWx0ZXJzOnF1YWxpdHkoMTAwKS9uZWg=/XmqdBBzc0_fss?st=XeqKqiKvo2ZANxmj6Getu6byX8MdB2AMDsTF2f0pDog&ts=1706103073&e=0"]},{"title":"Priestranný 5-izbový byt vo funktionalistickom dome v centre Bratislave – Palisády","address":"Bratislava I - Staré Mesto, okres Bratislava","rooms":5,"meters":166,"totalPrice":589000,"meterSquarePrice":9,"link":"https://www.nehnutelnosti.sk/detail/JufJ-g9jplo/priestranny-5-izbovy-byt-vo-funktionalistickom-dome-v-centre-bratislave-palisady","imagesUrls":["https://img.nehnutelnosti.sk/foto/NjAweDMzOC9maWx0ZXJzOnF1YWxpdHkoMTAwKS9uZWg=/L78SqsQ1v_fss?st=xrrD10EdsrabCtZf434y0Cz0joN2dI8WZZkCgEbp6ws&ts=1691160445&e=0"]},{"title":"4-izb. s veľkou loggiou a parkingom v uzavretom areáli - Drotárska cesta","address":"Drotárska cesta, Bratislava I - Staré Mesto, okres Bratislava","rooms":4,"meters":122,"totalPrice":null,"meterSquarePrice":null,"link":"https://www.nehnutelnosti.sk/detail/JusynvzQDLb/4-izb-s-velkou-loggiou-a-parkingom-v-uzavretom-areali-drotarska-cesta","imagesUrls":["https://img.nehnutelnosti.sk/foto/NjAweDMzOC9maWx0ZXJzOnF1YWxpdHkoMTAwKS9uZWg=/NP0olApsk_fss?st=iHCPgIle6eLbF2MiRObhUSo_wvvWhejMbWCSpFEAacA&ts=1668605588&e=0"]},{"title":"3-izbový apartmán na 17.p./22, možnosť parkingu - Vienna Gate","address":"Kopčianska, Bratislava V - Petržalka, okres Bratislava","rooms":3,"meters":69,"totalPrice":310000,"meterSquarePrice":5,"link":"https://www.nehnutelnosti.sk/detail/JumTHc1Khwt/3-izbovy-apartman-na-17-p-22-moznost-parkingu-vienna-gate","imagesUrls":["https://img.nehnutelnosti.sk/foto/NjAweDMzOC9maWx0ZXJzOnF1YWxpdHkoMTAwKS9uZWg=/KrTjVuA-l2_fss?st=iqujblQ0OU5kFhNhLRzmQMfb_Cw3247795mjIel6GrY&ts=1723760623&e=0"]},{"title":"Mezonetový byt | 4 izb. so záhradou | B1 | Trenčín, Zlatovce","address":"Slivková, Trenčín, okres Trenčín","rooms":4,"meters":120,"totalPrice":225000,"meterSquarePrice":5,"link":"https://www.nehnutelnosti.sk/detail/Ju8k679sFEt/mezonetovy-byt-4-izb-so-zahradou-b1-trencin-zlatovce","imagesUrls":["https://img.nehnutelnosti.sk/foto/NjAweDMzOC9maWx0ZXJzOnF1YWxpdHkoMTAwKS9uZWg=/RbS1irAKb_fss?st=UB6oaV3Dx4nmg5pswxisibY2XpJHimo7-UZnQacGj4M&ts=1724113588&e=0"]},{"title":"PREDANÉ Mezonet 4 izb. so záhradou | A1 | Trenčín – Zlatovce","address":"Slivková, Trenčín, okres Trenčín","rooms":4,"meters":120,"totalPrice":227900,"meterSquarePrice":7,"link":"https://www.nehnutelnosti.sk/detail/Jux0YgUO6Vh/predane-mezonet-4-izb-so-zahradou-a1-trencin-zlatovce","imagesUrls":["https://img.nehnutelnosti.sk/foto/NjAweDMzOC9maWx0ZXJzOnF1YWxpdHkoMTAwKS9uZWg=/xrHRjt2Ny_fss?st=LFAcZy3Dea-m9OOKH3hggCVN07IQSX5x6RyZlSuPPRQ&ts=1725661252&e=0"]},{"title":"PREDANÉ Mezonet 4 izb. so záhradou | C1 | Trenčín – Zlatovce","address":"Slivková, Trenčín, okres Trenčín","rooms":4,"meters":120,"totalPrice":240000,"meterSquarePrice":0,"link":"https://www.nehnutelnosti.sk/detail/JuHx12X6tQ8/predane-mezonet-4-izb-so-zahradou-c1-trencin-zlatovce","imagesUrls":["https://img.nehnutelnosti.sk/foto/NjAweDMzOC9maWx0ZXJzOnF1YWxpdHkoMTAwKS9uZWg=/SgJN_cCOO_fss?st=S8YeiT3NFL18NnkFsUJV597bMsQZIPXc9r-4Iin0Snk&ts=1724113590&e=0"]},{"title":"GCK s.r.o. ponúka na predaj 4 izbový byt, Bratislava, Petržalka, zasklenená loggia, murovaná pivnica","address":"Budatínska, Bratislava V - Petržalka, okres Bratislava","rooms":4,"meters":86,"totalPrice":206000,"meterSquarePrice":0,"link":"https://www.nehnutelnosti.sk/detail/JuOsJIgIpCa/gck-s-r-o-ponuka-na-predaj-4-izbovy-byt-bratislava-petrzalka-zasklenena-loggia-murovana-pivnica","imagesUrls":["https://img.unitedclassifieds.sk/foto/NjAweDMzOC9maWx0ZXJzOnF1YWxpdHkoMTAwKS9qdWw=/hzeFd4yn2_fss?st=_aEVEi6XC1bg5rLVRiRs5xiFRHS7CP3TiutGeewLW_k&ts=1725961412&e=0"]},{"title":"GCK s.r.o. ponúka na predaj 2 izbový byt, Bratislava- Ružinov, zasklenená loggia, pivnica","address":"Polárna, Bratislava II - Ružinov, okres Bratislava","rooms":2,"meters":47,"totalPrice":170000,"meterSquarePrice":0,"link":"https://www.nehnutelnosti.sk/detail/JuC34eBlrdK/gck-s-r-o-ponuka-na-predaj-2-izbovy-byt-bratislava-ruzinov-zasklenena-loggia-pivnica","imagesUrls":["https://img.unitedclassifieds.sk/foto/NjAweDMzOC9maWx0ZXJzOnF1YWxpdHkoMTAwKS9qdWw=/ClX-ojy6Q_fss?st=jbnDepw-lJWESwL1-AIPTpa9te1_K4APbcW0nLyccwA&ts=1720001323&e=0"]},{"title":"Ponúkame na predaj 3. izbový veľký byt s terasou v projekte Rozadol v ružinove","address":"Mliekárenská, Bratislava II - Ružinov, okres Bratislava","rooms":3,"meters":127,"totalPrice":499000,"meterSquarePrice":3,"link":"https://www.nehnutelnosti.sk/detail/Ju73qwRifUW/ponukame-na-predaj-3-izbovy-velky-byt-s-terasou-v-projekte-rozadol-v-ruzinove","imagesUrls":["https://img.nehnutelnosti.sk/foto/NjAweDMzOC9maWx0ZXJzOnF1YWxpdHkoMTAwKS9uZWg=/bl6wlEvDlw_fss?st=xXtM__ldRLa0XeJB8C6o_5Iyr6HTs4qW_3DUATrFEUI&ts=1690580758&e=0"]},{"title":"Reality KOMPLEX s.r.o., Vám ponúka na predaj 2-izbový byt na Andovskej ulici v Nových Zámkoch","address":"Andovská, Nové Zámky, okres Nové Zámky","rooms":2,"meters":71,"totalPrice":108000,"meterSquarePrice":3,"link":"https://www.nehnutelnosti.sk/detail/JunFLAsIFM8/reality-komplex-s-r-o-vam-ponuka-na-predaj-2-izbovy-byt-na-andovskej-ulici-v-novych-zamkoch","imagesUrls":["https://img.nehnutelnosti.sk/foto/NjAweDMzOC9maWx0ZXJzOnF1YWxpdHkoMTAwKS9uZWg=/S_TTvVDDXO_fss?st=bmVMAr6Q3wdwEL1psrOw9k-GFkQ2V3ZVrrrMwV9yIBk&ts=1725978659&e=0"]},{"title":"Reality KOMPLEX s.r.o. Vám ponúka na PREDAJ pekný veľkometrážny 3 izbový byt v Dunajskej Strede","address":"Pannónsky háj, Dunajská Streda, okres Dunajská Streda","rooms":3,"meters":83,"totalPrice":166000,"meterSquarePrice":1,"link":"https://www.nehnutelnosti.sk/detail/JujsVU7oDEc/reality-komplex-s-r-o-vam-ponuka-na-predaj-pekny-velkometrazny-3-izbovy-byt-v-dunajskej-strede","imagesUrls":["https://img.nehnutelnosti.sk/foto/NjAweDMzOC9maWx0ZXJzOnF1YWxpdHkoMTAwKS9uZWg=/_H4hI7dBM_fss?st=PWDZkO2sOjRqyxmufRC9PoOMv9XyWMY9igSXO5okY_U&ts=1726500052&e=0"]},{"title":"Reality KOMPLEX s.r.o Vám ponúka 3-izbový byt so záhradkou v Trsticiach","address":"Trstice, okres Galanta","rooms":3,"meters":93,"totalPrice":149000,"meterSquarePrice":6,"link":"https://www.nehnutelnosti.sk/detail/JuL8P2oOdH7/reality-komplex-s-r-o-vam-ponuka-3-izbovy-byt-so-zahradkou-v-trsticiach","imagesUrls":["https://img.nehnutelnosti.sk/foto/NjAweDMzOC9maWx0ZXJzOnF1YWxpdHkoMTAwKS9uZWg=/YQF2dPdQ2N_fss?st=CqpJL2WMNIsEpFuz2omL3rPlTC1KNYv_sWNtt-X1JZs&ts=1725355124&e=0"]},{"title":"IBA U NÁS!!! Reality KOMPLEX s.r.o. Vám ponúka na PREDAJ priestranný, zrekonštruovaný  3izbový byt s","address":"Mederčská, Komárno, okres Komárno","rooms":3,"meters":62,"totalPrice":95000,"meterSquarePrice":1,"link":"https://www.nehnutelnosti.sk/detail/JuUD4R4rXCS/iba-u-nas-reality-komplex-s-r-o-vam-ponuka-na-predaj-priestranny-zrekonstruovany-3izbovy-byt-s","imagesUrls":["https://img.nehnutelnosti.sk/foto/NjAweDMzOC9maWx0ZXJzOnF1YWxpdHkoMTAwKS9uZWg=/Ks3fBHKji_fss?st=VWN2vsTtFt8YhlD08PeLcTPAnq8optjKV1-UbYr0kDs&ts=1725711749&e=0"]},{"title":"Reality KOMPLEX s.r.o. Vám ponúka na PREDAJ slnečný 2izbový tehlový by s vlastným kúrením v Komárne","address":"E.B Lukáča, Komárno, okres Komárno","rooms":2,"meters":57,"totalPrice":62500,"meterSquarePrice":7,"link":"https://www.nehnutelnosti.sk/detail/JuGPyoHHDIh/reality-komplex-s-r-o-vam-ponuka-na-predaj-slnecny-2izbovy-tehlovy-by-s-vlastnym-kurenim-v-komarne","imagesUrls":["https://img.nehnutelnosti.sk/foto/NjAweDMzOC9maWx0ZXJzOnF1YWxpdHkoMTAwKS9uZWg=/j1vaZw5RU_fss?st=0qK_3jLAiOZTXrJ0JKqQIhtzsfa9ZkgF3FA5M-fIlWo&ts=1724761851&e=0"]},{"title":"Reality KOMPLEX s.r.o., Vám ponúka Na PREDAJ dvojizbový byt vo vyhľadávanej lokalite v Komárne","address":"Rákócziho, Komárno, okres Komárno","rooms":2,"meters":62,"totalPrice":72900,"meterSquarePrice":1,"link":"https://www.nehnutelnosti.sk/detail/JuYmpQ2RZvM/reality-komplex-s-r-o-vam-ponuka-na-predaj-dvojizbovy-byt-vo-vyhladavanej-lokalite-v-komarne","imagesUrls":["https://img.nehnutelnosti.sk/foto/NjAweDMzOC9maWx0ZXJzOnF1YWxpdHkoMTAwKS9uZWg=/tw29Aw7f-E_fss?st=nWguB99ahmyl7XNs-LeWWqRPZF4K4fnq4VDSnYlJicg&ts=1724324725&e=0"]},{"title":"Reality KOMPLEX s.r.o., Vám ponúka na PREDAJ slnečný 3izbový byt v dobrej lokalite v Komárne","address":"Odborárov, Komárno, okres Komárno","rooms":3,"meters":73,"totalPrice":85000,"meterSquarePrice":4,"link":"https://www.nehnutelnosti.sk/detail/Juxc6ZcL1wx/reality-komplex-s-r-o-vam-ponuka-na-predaj-slnecny-3izbovy-byt-v-dobrej-lokalite-v-komarne","imagesUrls":["https://img.nehnutelnosti.sk/foto/NjAweDMzOC9maWx0ZXJzOnF1YWxpdHkoMTAwKS9uZWg=/dHwNUXhJ0_fss?st=GEI-3txNEAvtpXFcR5Yr3JUZEGfRJksK6sJReTnU1jI&ts=1724761852&e=0"]},{"title":"Reality KOMPLEX s.r.o., Vám ponúka  NA PREDAJ krásny 3 izbový byt blízko Bratislavy v obci Lehnice","address":"Lehnice, okres Dunajská Streda","rooms":3,"meters":67,"totalPrice":136900,"meterSquarePrice":1,"link":"https://www.nehnutelnosti.sk/detail/JuxOv5y2SG6/reality-komplex-s-r-o-vam-ponuka-na-predaj-krasny-3-izbovy-byt-blizko-bratislavy-v-obci-lehnice","imagesUrls":["https://img.nehnutelnosti.sk/foto/NjAweDMzOC9maWx0ZXJzOnF1YWxpdHkoMTAwKS9uZWg=/q08lSgTAVC_fss?st=dbYQjIfxx0eJLOQfw9zhvD7KcCkzWaSLKWMTV2Wu1Ls&ts=1724846843&e=0"]},{"title":"Reality KOMPLEX s.r.o., Vám ponúka  na predaj dvojizbový byt na ulici Petőfiho v meste Komárno","address":"Petöfiho, Komárno, okres Komárno","rooms":2,"meters":54,"totalPrice":64990,"meterSquarePrice":2,"link":"https://www.nehnutelnosti.sk/detail/JukZjgYAmOi/reality-komplex-s-r-o-vam-ponuka-na-predaj-dvojizbovy-bytna-ulici-petafiho-v-meste-komarno","imagesUrls":["https://img.nehnutelnosti.sk/foto/NjAweDMzOC9maWx0ZXJzOnF1YWxpdHkoMTAwKS9uZWg=/qmW0J84a7_fss?st=7jKOIfa4ZhPaJl50Tlnz5_jOAr6-V6THTIvoxyV75d8&ts=1724677255&e=0"]},{"title":"Exkluzívne iba u nás Vám Reality KOMPLEX s.r.o., ponúka na predaj kompletne rekonštruovaný dvojizbov","address":"Budovateľská, Komárno, okres Komárno","rooms":2,"meters":62,"totalPrice":76000,"meterSquarePrice":1,"link":"https://www.nehnutelnosti.sk/detail/JuC3rERabHi/exkluzivne-iba-u-nas-vam-reality-komplex-s-r-o-ponuka-na-predaj-kompletne-rekonstruovany-dvojizbov","imagesUrls":["https://img.nehnutelnosti.sk/foto/NjAweDMzOC9maWx0ZXJzOnF1YWxpdHkoMTAwKS9uZWg=/LuTTl8I2GZ_fss?st=eQYc7j3RGNP6wKRHAnhx1rKDExvbulix4Ny4vTL47hU&ts=1723027089&e=0"]},{"title":"Exkluzívne iba u nás Vám Reality KOMPLEX s.r.o., ponúka na predaj útulný  byt s vlastným kúrením a o","address":"Vnútorná okružná, Komárno, okres Komárno","rooms":3,"meters":72,"totalPrice":96000,"meterSquarePrice":3,"link":"https://www.nehnutelnosti.sk/detail/Ju6UFojX6rU/exkluzivne-iba-u-nas-vam-reality-komplex-s-r-o-ponuka-na-predaj-utulny-byt-s-vlastnym-kurenim-a-o","imagesUrls":["https://img.nehnutelnosti.sk/foto/NjAweDMzOC9maWx0ZXJzOnF1YWxpdHkoMTAwKS9uZWg=/bLEeySevW_fss?st=8AwXyOAAGuZq-bEvwz0jmIpI0SLol8r_xFaU7DoK88s&ts=1723271318&e=0"]},{"title":"Reality KOMPLEX s.r.o. Vám ponúka NA PREDAJ velkometrážny 3 izbový byt v Dunajskej Strede","address":"Dunajská Streda, okres Dunajská Streda","rooms":3,"meters":86,"totalPrice":138000,"meterSquarePrice":5,"link":"https://www.nehnutelnosti.sk/detail/JunrDgjLTmV/reality-komplex-s-r-o-vam-ponuka-na-predaj-velkometrazny-3-izbovy-byt-v-dunajskej-strede","imagesUrls":["https://img.nehnutelnosti.sk/foto/NjAweDMzOC9maWx0ZXJzOnF1YWxpdHkoMTAwKS9uZWg=/fGf_k4546_fss?st=zRLEdGaJ83ahvjcqT2Jb04GeVfwLC_sjzNwaxCxXHGs&ts=1722348952&e=0"]},{"title":"ZĽAVA!!! IBA U NÁS!!! Reality KOMPLEX s.r.o. Vám ponúka na PREDAJ slnečný 3izbový byt v dobrej lokal","address":"Rákocziho, Komárno, okres Komárno","rooms":3,"meters":62,"totalPrice":79990,"meterSquarePrice":9,"link":"https://www.nehnutelnosti.sk/detail/Ju36LlpeIka/zlava-iba-u-nas-reality-komplex-s-r-o-vam-ponuka-na-predaj-slnecny-3izbovy-byt-v-dobrej-lokal","imagesUrls":["https://img.nehnutelnosti.sk/foto/NjAweDMzOC9maWx0ZXJzOnF1YWxpdHkoMTAwKS9uZWg=/JJGYslxvPL_fss?st=sedy34Qc0jXlNdi9P8AsJeABC2JDDCBcVEgr8T4mJFg&ts=1723027086&e=0"]},{"title":"Exkluzívne iba u nás Vám Reality KOMPLEX s.r.o., ponúka na predaj 1 izbový byt iba pár metrov od abs","address":"Hradná, Komárno, okres Komárno","rooms":1,"meters":33,"totalPrice":52500,"meterSquarePrice":1,"link":"https://www.nehnutelnosti.sk/detail/Juwd2L2i7x1/exkluzivne-iba-u-nas-vam-reality-komplex-s-r-o-ponuka-na-predaj-1-izbovy-byt-iba-par-metrov-od-abs","imagesUrls":["https://img.nehnutelnosti.sk/foto/NjAweDMzOC9maWx0ZXJzOnF1YWxpdHkoMTAwKS9uZWg=/jgbix2z5g0_fss?st=H-Vac33UuaNk9HbSI_1qAYCrBnO2knTZNkZ1sekclVk&ts=1721640980&e=0"]},{"title":"Reality KOMPLEX s.r.o. Vám ponúka na PREDAJ 3 izbový, moderný, kompletne rekonštruovaný  byt v obľúb","address":"Rákocziho, Komárno, okres Komárno","rooms":3,"meters":71,"totalPrice":116900,"meterSquarePrice":8,"link":"https://www.nehnutelnosti.sk/detail/Ju9sPvYku4X/reality-komplex-s-r-o-vam-ponuka-na-predaj-3-izbovy-moderny-kompletne-rekonstruovany-byt-v-oblub","imagesUrls":["https://img.nehnutelnosti.sk/foto/NjAweDMzOC9maWx0ZXJzOnF1YWxpdHkoMTAwKS9uZWg=/gEGCWE7Sv_fss?st=IHwwhJkSXN6p3iWUBWBVwnaCANWWYwnAk7lk3SB8PtY&ts=1721812936&e=0"]},{"title":"MIMORIADNA ZĽAVA -20.000,- EUR!!Reality KOMPLEX s.r.o., Vám EXKlUZÍVNE ponúka na PREDAJ moderný  3 i","address":"Dunajská Streda, okres Dunajská Streda","rooms":3,"meters":63,"totalPrice":129000,"meterSquarePrice":4,"link":"https://www.nehnutelnosti.sk/detail/Ju_eqm7iVoj/mimoriadna-zlava-20-000-eurreality-komplex-s-r-o-vam-exkluzivne-ponuka-na-predaj-moderny-3-i","imagesUrls":["https://img.nehnutelnosti.sk/foto/NjAweDMzOC9maWx0ZXJzOnF1YWxpdHkoMTAwKS9uZWg=/CS_JSajt7S_fss?st=MG93boaeeSLaCWoLSM6zJP-VxJi2iqL3zT2JmvY9skA&ts=1721817048&e=0"]},{"title":"Reality KOMPLEX s.r.o., Vám ponúka na predaj 3 izbový byt blízko centra mesta Komárno, na ulici Vodn","address":"Vodná, Komárno, okres Komárno","rooms":3,"meters":61,"totalPrice":73000,"meterSquarePrice":5,"link":"https://www.nehnutelnosti.sk/detail/JufVz9gqm5e/reality-komplex-s-r-o-vam-ponukana-predaj-3-izbovy-byt-blizko-centra-mesta-komarno-na-ulici-vodn","imagesUrls":["https://img.nehnutelnosti.sk/foto/NjAweDMzOC9maWx0ZXJzOnF1YWxpdHkoMTAwKS9uZWg=/O38YRZiPy_fss?st=GCAQGI6_7JxaVPDChRZhHT-s5YMRwY3ZPRLs5M-l6dw&ts=1721824368&e=0"]},{"title":"Reality KOMPLEX s.r.o., Vám ponúka na predaj slnečný, priestranný 4-izbový byt na Sedmičke v Komárne","address":"Eotvosa, Komárno, okres Komárno","rooms":4,"meters":82,"totalPrice":103500,"meterSquarePrice":0,"link":"https://www.nehnutelnosti.sk/detail/Juj_AXQypFX/reality-komplex-s-r-o-vam-ponuka-na-predaj-slnecny-priestranny-4-izbovy-byt-na-sedmicke-v-komarne","imagesUrls":["https://img.nehnutelnosti.sk/foto/NjAweDMzOC9maWx0ZXJzOnF1YWxpdHkoMTAwKS9uZWg=/wnbg0AIdh_fss?st=ozdWWsopaKnNQPgvLpGDpChBDnv1J90yA9wC_CAB3FI&ts=1719818566&e=0"]},{"title":"Reality KOMPLEX s.r.o. Vám ponúka na PREDAJ veľmi pekný 3 izbový byt blízko centra v meste Šamorín","address":"Šamorín, Šamorín, okres Dunajská Streda","rooms":3,"meters":64,"totalPrice":153000,"meterSquarePrice":6,"link":"https://www.nehnutelnosti.sk/detail/Jun6Qf14Kc78/reality-komplex-s-r-o-vam-ponuka-na-predaj-velmi-pekny-3-izbovy-byt-blizko-centra-v-meste-samorin","imagesUrls":["https://img.nehnutelnosti.sk/foto/NjAweDMzOC9maWx0ZXJzOnF1YWxpdHkoMTAwKS9uZWg=/ODic6S0B6_fss?st=i97fKzHAPjTv-A5GAWXxDh-6MgxmZh2A5kf4hmp8qsk&ts=1720622392&e=0"]}]