[{"title":"nadštandardný bezbariérový tehlový 2izb. byt 76m2 NOVOSTAVBA,Košice - Krásna","address":"K lesu, Košice IV - Krásna, okres Košice","rooms":2,"meters":76,"totalPrice":171200,"meterSquarePrice":3,"link":"https://www.nehnutelnosti.sk/detail/JuYowiCS-9W/nadstandardny-bezbarierovy-tehlovy-2izb-byt-76m2-novostavba-kosice-krasna","imagesUrls":["https://img.nehnutelnosti.sk/foto/NjAweDMzOC9maWx0ZXJzOnF1YWxpdHkoMTAwKS9uZWg=/FqW8bFg76-_fss?st=H1pYUgilPdZlJpXLbRMCArCuYOoG2HadZzVA6ibUo3A&ts=1726754521&e=0"]},{"title":"na predaj 2-izb.byt, 71m2, 2x balkón, vhodný na bývanie, aj ako INVESTÍCIA, Ludmanská, Košice","address":"Ludmanská, Košice IV - Juh, okres Košice","rooms":2,"meters":71,"totalPrice":179900,"meterSquarePrice":0,"link":"https://www.nehnutelnosti.sk/detail/JuqD9i7PU3A/na-predaj-2-izb-byt-71m2-2x-balkon-vhodny-na-byvanie-aj-ako-investicia-ludmanska-kosice","imagesUrls":["https://img.nehnutelnosti.sk/foto/NjAweDMzOC9maWx0ZXJzOnF1YWxpdHkoMTAwKS9uZWg=/VyUWfQC25c_fss?st=QPzxn6TLsZOkuwUoF-LA5hrfrCy-pfNk0GM-YpGYzYk&ts=1726752754&e=0"]},{"title":"ADOMIS - predáme 3izb priestranný byt 127m2 v centre mesta, len 100m od Dómu Sv. Alžbety, Hlavná uli","address":"Hlavná, Košice I - Staré Mesto, okres Košice","rooms":3,"meters":127,"totalPrice":305900,"meterSquarePrice":6,"link":"https://www.nehnutelnosti.sk/detail/JuiHL54uKtd/adomis-predame-3izb-priestranny-byt-127m2-v-centre-mesta-len-100m-od-domu-sv-alzbety-hlavna-uli","imagesUrls":[]},{"title":"ADOMIS - predáme 3-izb mezonet 68m2, výťah,parkovanie vo dvore,pivnica,historická budova, Hlavná uli","address":"Hlavná ul, Košice I - Staré Mesto, okres Košice","rooms":null,"meters":68,"totalPrice":205000,"meterSquarePrice":1,"link":"https://www.nehnutelnosti.sk/detail/Ju5vDAthtMh/adomis-predame-3-izb-mezonet-68m2-vytah-parkovanie-vo-dvore-pivnica-historicka-budova-hlavna-uli","imagesUrls":[]},{"title":"ADOMIS - predám 2-izb priestranný byt 55m2,loggia,Bukureštská ulica, sídlisko Ťahanovce, Košice","address":"Bukureštská, Košice I - Sídlisko Ťahanovce, okres Košice","rooms":2,"meters":55,"totalPrice":124300,"meterSquarePrice":0,"link":"https://www.nehnutelnosti.sk/detail/Ju30OTlBCHH/adomis-predam-2-izb-priestranny-byt-55m2-loggia-bukurestska-ulica-sidlisko-tahanovce-kosice","imagesUrls":["https://img.nehnutelnosti.sk/foto/NjAweDMzOC9maWx0ZXJzOnF1YWxpdHkoMTAwKS9uZWg=/IWxNhT1qZF_fss?st=EKXrNq4Tkhdj7PKYQPpu6kJzU0Hh_6Lbk8fXO-Q_JrQ&ts=1726648537&e=0"]},{"title":"Predám 1,5 izb. byt pražského typu, Stálicova ulica, Sídlisko nad Jazerom, Košice","address":"Stálicová, Košice IV - Nad jazerom, okres Košice","rooms":2,"meters":40,"totalPrice":115000,"meterSquarePrice":5,"link":"https://www.nehnutelnosti.sk/detail/JuudY0zEcDq2/predam-1-5-izb-byt-prazskeho-typu-stalicova-ulica-sidlisko-nad-jazerom-kosice","imagesUrls":["https://img.nehnutelnosti.sk/foto/NjAweDMzOC9maWx0ZXJzOnF1YWxpdHkoMTAwKS9uZWg=/0WtQrQ0KcT_fss?st=9hq62ytKS8LNmlH6Vessm-o02LTv6QLJTvfSK7F0uAQ&ts=1723816064&e=0"]},{"title":"HALO reality - Predaj, štvorizbový byt Trnava, centrum","address":"Trnava, okres Trnava","rooms":4,"meters":84,"totalPrice":260000,"meterSquarePrice":4,"link":"https://www.nehnutelnosti.sk/detail/Juto1d03Bt-/halo-reality-predaj-stvorizbovy-byt-trnava-centrum","imagesUrls":["https://img.nehnutelnosti.sk/foto/NjAweDMzOC9maWx0ZXJzOnF1YWxpdHkoMTAwKS9uZWg=/O_x9lQJ6Yf_fss?st=-Mor7NrUXf_bYfAZQ5hskQOFM1UJrvZ6fag5MMPx0V4&ts=1726521015&e=0"]},{"title":"HALO reality - Predaj, štvorizbový byt Piešťany, - s podlahovým vykurovaním","address":"Vrbovská, Piešťany, okres Piešťany","rooms":4,"meters":80,"totalPrice":183990,"meterSquarePrice":8,"link":"https://www.nehnutelnosti.sk/detail/JuLBMO3wwOui/halo-reality-predaj-stvorizbovy-byt-piestany-s-podlahovym-vykurovanim","imagesUrls":["https://img.nehnutelnosti.sk/foto/NjAweDMzOC9maWx0ZXJzOnF1YWxpdHkoMTAwKS9uZWg=/JPZkJXMwm_fss?st=_3rtPqhYxYFDqsc5pOsoSDaT8LEVE1-oDferL6Eef40&ts=1726259195&e=0"]},{"title":"HALO reality - Predaj, trojizbový byt Trnava, Prednádražie","address":"Mozartova, Trnava, okres Trnava","rooms":3,"meters":74,"totalPrice":163000,"meterSquarePrice":0,"link":"https://www.nehnutelnosti.sk/detail/Ju8hQTLg_cO/halo-reality-predaj-trojizbovy-byt-trnava-prednadrazie","imagesUrls":["https://img.nehnutelnosti.sk/foto/NjAweDMzOC9maWx0ZXJzOnF1YWxpdHkoMTAwKS9uZWg=/Dk7t9iYtC_fss?st=zB8v0gq2s_uNsFGZd4M_XKxlQo2KC2-X5JOgSglLufc&ts=1724942613&e=0"]},{"title":"HALO reality - Predaj, trojizbový byt Trnava","address":"Trnava, okres Trnava","rooms":3,"meters":65,"totalPrice":140000,"meterSquarePrice":5,"link":"https://www.nehnutelnosti.sk/detail/Jug_WOAvaf0/halo-reality-predaj-trojizbovy-byt-trnava","imagesUrls":["https://img.nehnutelnosti.sk/foto/NjAweDMzOC9maWx0ZXJzOnF1YWxpdHkoMTAwKS9uZWg=/V1B8ac6oM_fss?st=EeCOIyGnHdWAZpkJq8YyxPMaccaUA8VGt7DTjlrcDDg&ts=1725467390&e=0"]},{"title":"REZERVOVANĚ - Predaj 1 izbového bytu - Tlmače (012-111-MIJKa)","address":"Tlmače, okres Levice","rooms":1,"meters":null,"totalPrice":null,"meterSquarePrice":null,"link":"https://www.nehnutelnosti.sk/detail/Ju3HfIebX4t/rezervovane-predaj-1-izboveho-bytu-tlmace-012-111-mijka","imagesUrls":["https://img.nehnutelnosti.sk/foto/NjAweDMzOC9maWx0ZXJzOnF1YWxpdHkoMTAwKS9uZWg=/SB5iMEbc__fss?st=0AK1xY11dGQn3KKuBauuH6oeB3jZ7HvN1EcLs9WN-3E&ts=1716794225&e=0"]},{"title":"REZERVOVANÝ 1-izbový byt s balkónom  v Jelšave -EXKLUZÍVNE NA PREDAJ","address":"Jelšava, okres Revúca","rooms":1,"meters":45,"totalPrice":10700,"meterSquarePrice":8,"link":"https://www.nehnutelnosti.sk/detail/JuRNzF5VYG-/rezervovany-1-izbovy-byt-s-balkonom-v-jelsave-exkluzivne-na-predaj","imagesUrls":["https://img.nehnutelnosti.sk/foto/NjAweDMzOC9maWx0ZXJzOnF1YWxpdHkoMTAwKS9uZWg=/J2RP3FJ11_fss?st=Yzl_gFwfg5rbxObZmIOEtnCcdCWHTA9aXOVqacl5Kek&ts=1722955220&e=0"]},{"title":"Na predaj 2-izbový byt – Trenčín, Olbrachtova ulica, centrum s vlastným súkromným vstupom.","address":"I. Olbrachta, Trenčín, okres Trenčín","rooms":3,"meters":74,"totalPrice":198000,"meterSquarePrice":8,"link":"https://www.nehnutelnosti.sk/detail/JuNMyHm0tMR/na-predaj-2-izbovy-byt-trencin-olbrachtova-ulica-centrum-s-vlastnym-sukromnym-vstupom","imagesUrls":["https://img.nehnutelnosti.sk/foto/NjAweDMzOC9maWx0ZXJzOnF1YWxpdHkoMTAwKS9uZWg=/l_wJjqU3Kp_fss?st=AB9f1lPPso9EppUX0zCgexZ0yul_8mD5rlImBvIBSp0&ts=1726923725&e=0"]},{"title":"NOVOSTAVBA 3 izbový byt 118 m2 terasa+balkón+pivnica+garážové státie Nitra Nedbalová ID 001-113-FIJA","address":"Nedbalova, Nitra, okres Nitra","rooms":3,"meters":74,"totalPrice":255000,"meterSquarePrice":2,"link":"https://www.nehnutelnosti.sk/detail/JuUSeidtZYe/novostavba-3-izbovy-byt-118-m2-terasa-balkon-pivnica-garazove-statie-nitra-nedbalova-id-001-113-fija","imagesUrls":["https://img.nehnutelnosti.sk/foto/NjAweDMzOC9maWx0ZXJzOnF1YWxpdHkoMTAwKS9uZWg=/-YOH8xqNZ_fss?st=nZILCvpBLyqxCPW9iwYkn7a6CZy8iO7xgkdww_1_4JQ&ts=1726823082&e=0"]},{"title":"REZERVOVANÉ - 3i.byt v Nitre - Lukáčovce (755-113-IK)","address":"Lukáčovce, Lukáčovce, okres Nitra","rooms":3,"meters":68,"totalPrice":82900,"meterSquarePrice":2,"link":"https://www.nehnutelnosti.sk/detail/JuwEfjue4aV/rezervovane-3i-byt-v-nitre-lukacovce-755-113-ik","imagesUrls":["https://img.nehnutelnosti.sk/foto/NjAweDMzOC9maWx0ZXJzOnF1YWxpdHkoMTAwKS9uZWg=/URS3XsrHL_fss?st=hOY4Z6i2i4jh8n0ed4uLOupSki1JxgdZ0_9ee0APUbE&ts=1720082815&e=0"]},{"title":"1 izbový byt - Klokočina - Beethovenova ul. 012-111-PAMA","address":"Nitra, okres Nitra","rooms":1,"meters":37,"totalPrice":98000,"meterSquarePrice":5,"link":"https://www.nehnutelnosti.sk/detail/JuDI__R9NMT/1-izbovy-byt-klokocina-beethovenova-ul-012-111-pama","imagesUrls":["https://img.nehnutelnosti.sk/foto/NjAweDMzOC9maWx0ZXJzOnF1YWxpdHkoMTAwKS9uZWg=/-2THUPjKov_fss?st=DYxZncKoLUg6CQWwpIZom9hnb_NAqt1I8PfyRihePsA&ts=1726745516&e=0"]},{"title":"2 izbový byt  novostavba k výstavisku 001-112-MIKUa","address":"Trenčín, okres Trenčín","rooms":2,"meters":61,"totalPrice":180000,"meterSquarePrice":2,"link":"https://www.nehnutelnosti.sk/detail/JuMiWex9E2D/2-izbovy-byt-novostavba-k-vystavisku-001-112-mikua","imagesUrls":["https://img.nehnutelnosti.sk/foto/NjAweDMzOC9maWx0ZXJzOnF1YWxpdHkoMTAwKS9uZWg=/O6FTV6MRW_fss?st=q10t4fgnqTa3I2XjVGMFi6MTyZMWesRNmbr1h0N6XjQ&ts=1726678911&e=0"]},{"title":"4izb zrekonštruovaný byt, Harmanec 10km od BB","address":"Húsenicová, Harmanec, okres Banská Bystrica","rooms":4,"meters":80,"totalPrice":137500,"meterSquarePrice":5,"link":"https://www.nehnutelnosti.sk/detail/JuodBuTP6sd/4izb-zrekonstruovany-byt-harmanec-10km-od-bb","imagesUrls":["https://img.nehnutelnosti.sk/foto/NjAweDMzOC9maWx0ZXJzOnF1YWxpdHkoMTAwKS9uZWg=/1iuuNpqNI_fss?st=UYjCfwtJ1ti1heTxA-zewp2HSkymPTykWFFDnEuAFlI&ts=1726671752&e=0"]},{"title":"3-izbový byt na Medvedzí v Tvrdošíne - PREDAJ","address":"Medvedzie, Tvrdošín, okres Tvrdošín","rooms":3,"meters":70,"totalPrice":141000,"meterSquarePrice":9,"link":"https://www.nehnutelnosti.sk/detail/JuaTgiK8V2A/3-izbovy-byt-na-medvedzi-v-tvrdosine-predaj","imagesUrls":["https://img.nehnutelnosti.sk/foto/NjAweDMzOC9maWx0ZXJzOnF1YWxpdHkoMTAwKS9uZWg=/fQuFHE-MV-_fss?st=6ej6DYnkmn561TIB4INQTec5-8crKjOtwop2ZZhD4y8&ts=1726823617&e=0"]},{"title":"NR - 2 izbový byt, časť Dolné Krškany - Novozámocká ul., tehlový, po čiastočnej rekonštrukcii, 56 m2","address":"Novozámocká, Nitra, okres Nitra","rooms":2,"meters":56,"totalPrice":119900,"meterSquarePrice":7,"link":"https://www.nehnutelnosti.sk/detail/JugbNz55hVo/nr-2-izbovy-byt-cast-dolne-krskany-novozamocka-ul-tehlovy-po-ciastocnej-rekonstrukcii-56-m2","imagesUrls":["https://img.nehnutelnosti.sk/foto/NjAweDMzOC9maWx0ZXJzOnF1YWxpdHkoMTAwKS9uZWg=/q_dsM3rKs_fss?st=ZlsVFoZtTktHy7KaHPRlr-AmsJsUOD4jl9D6AnIHRaM&ts=1726243324&e=0"]},{"title":"2 izbový byt 62 m2 Nitra Chrenová Výstavná ulica ID 507-112-MIGa","address":"Výstavná, Nitra, okres Nitra","rooms":2,"meters":62,"totalPrice":128000,"meterSquarePrice":2,"link":"https://www.nehnutelnosti.sk/detail/Ju172wVOBjK/2-izbovy-byt-62-m2-nitra-chrenova-vystavna-ulica-id-507-112-miga","imagesUrls":["https://img.nehnutelnosti.sk/foto/NjAweDMzOC9maWx0ZXJzOnF1YWxpdHkoMTAwKS9uZWg=/wfW52pWfJ_fss?st=4h7JPakKqJwGju02M5--BF1F_ExqMiWtFdud6oN85ZI&ts=1726052532&e=0"]},{"title":"Čoskoro v ponuke 2-izbový byt na predaj v Námestove Severná","address":"Severná, Námestovo, okres Námestovo","rooms":2,"meters":62,"totalPrice":124000,"meterSquarePrice":0,"link":"https://www.nehnutelnosti.sk/detail/Juwq893oOtLd/coskoro-v-ponuke-2-izbovy-byt-na-predaj-v-namestove-severna","imagesUrls":["https://img.nehnutelnosti.sk/foto/NjAweDMzOC9maWx0ZXJzOnF1YWxpdHkoMTAwKS9uZWg=/Zazg2aHPO_fss?st=nXGOZHo8FN8ZecHSNLDpSP7u0wMVtzWx2VGiticVfJM&ts=1725972631&e=0"]},{"title":"2 izbový byt Nitra - centrum ID 506-112-MIG","address":"Štúrova, Nitra, okres Nitra","rooms":2,"meters":58,"totalPrice":130000,"meterSquarePrice":8,"link":"https://www.nehnutelnosti.sk/detail/JufzayAPJfd/2-izbovy-byt-nitra-centrum-id-506-112-mig","imagesUrls":["https://img.nehnutelnosti.sk/foto/NjAweDMzOC9maWx0ZXJzOnF1YWxpdHkoMTAwKS9uZWg=/5GvpPbggD_fss?st=_VIzMweO4TWkyBiyTH9oM9cWuYlj_oezNptJnyIjYPk&ts=1725874439&e=0"]},{"title":"Znížená cena!!! Predaj 2,5 izbového bytu ul. prof. Hlaváča Michalovce","address":"Prof. Hlaváča, Michalovce, okres Michalovce","rooms":3,"meters":66,"totalPrice":89990,"meterSquarePrice":8,"link":"https://www.nehnutelnosti.sk/detail/JuLUKncE_w2/znizena-cena-predaj-2-5-izboveho-bytu-ul-prof-hlavaca-michalovce","imagesUrls":["https://img.nehnutelnosti.sk/foto/NjAweDMzOC9maWx0ZXJzOnF1YWxpdHkoMTAwKS9uZWg=/NMcImpuSg_fss?st=qit97LsSzuLwYudbVM14a3ZXpJGL31DXx4II5PEKORw&ts=1726135760&e=0"]},{"title":"3-izbový pekný byt, Novozámocká, Zvolen","address":"Novozámocká, Zvolen, okres Zvolen","rooms":3,"meters":72,"totalPrice":165000,"meterSquarePrice":7,"link":"https://www.nehnutelnosti.sk/detail/JurHyruIVF4/3-izbovy-pekny-byt-novozamocka-zvolen","imagesUrls":["https://img.nehnutelnosti.sk/foto/NjAweDMzOC9maWx0ZXJzOnF1YWxpdHkoMTAwKS9uZWg=/oPNezBCMi_fss?st=yyNW8Z_cBktFTTNrpiizIBhmpNgPIIF5D11w0BsS_sU&ts=1725381948&e=0"]},{"title":"Predaj 3-izb. byt, Banská Bystrica-Sásová","address":"Rudohorská, Banská Bystrica, okres Banská Bystrica","rooms":3,"meters":79,"totalPrice":165000,"meterSquarePrice":1,"link":"https://www.nehnutelnosti.sk/detail/JulS9gBhZd5/predaj-3-izb-byt-banska-bystrica-sasova","imagesUrls":["https://img.nehnutelnosti.sk/foto/NjAweDMzOC9maWx0ZXJzOnF1YWxpdHkoMTAwKS9uZWg=/y4vEAlAX_i_fss?st=f3L8cgdlX2BfKgMmrKdJDnz2sIo-ZJH9IHUUtFGRJO4&ts=1725627617&e=0"]},{"title":"Predaj  veľkého 2 izbového bytu ZNÍŽENÁ CENA - Tlmače  (051-112-MIJKa)","address":"Tlmače, okres Levice","rooms":2,"meters":60,"totalPrice":83000,"meterSquarePrice":9,"link":"https://www.nehnutelnosti.sk/detail/JuiiWWGHXo1/predaj-velkeho-2-izboveho-bytu-znizena-cena-tlmace-051-112-mijka","imagesUrls":["https://img.nehnutelnosti.sk/foto/NjAweDMzOC9maWx0ZXJzOnF1YWxpdHkoMTAwKS9uZWg=/ubL4lCyYk_fss?st=rIzkIu5dcS84pwPqWk7Vp-Md0VMdCfh612RRBt0NbAE&ts=1724783099&e=0"]},{"title":"Luxusný zariadený 3-izbový Byt s dvoma garážami a dvoma kúpelňami s výhľadom na Hrad","address":"Trenčín, okres Trenčín","rooms":3,"meters":130,"totalPrice":null,"meterSquarePrice":null,"link":"https://www.nehnutelnosti.sk/detail/JuxJjvvfezz/luxusny-zariadeny-3-izbovy-byt-s-dvoma-garazami-a-dvoma-kupelnami-s-vyhladom-na-hrad","imagesUrls":["https://img.nehnutelnosti.sk/foto/NjAweDMzOC9maWx0ZXJzOnF1YWxpdHkoMTAwKS9uZWg=/ShHa_bNnBa_fss?st=Zl7d8SY7BwaLJW6XUHGQOBLWdFuuj5250HV11nQ9zGg&ts=1725352055&e=0"]},{"title":"4 izby, 2 kúpeľne, 2 toalety, 1 lódžia a výhľad na nezaplatenie","address":"Štefana Králika, Bratislava IV - Devínska Nová Ves, okres Bratislava","rooms":4,"meters":89,"totalPrice":222000,"meterSquarePrice":8,"link":"https://www.nehnutelnosti.sk/detail/JubzohNJuoC/4-izby-2-kupelne-2-toalety-1-lodzia-a-vyhlad-na-nezaplatenie","imagesUrls":["https://img.nehnutelnosti.sk/foto/NjAweDMzOC9maWx0ZXJzOnF1YWxpdHkoMTAwKS9uZWg=/izFis38zq3_fss?st=1XOE1hAzaaX9uNKpl037hgXFZr5XJAmgjdxRimPT2l0&ts=1726234501&e=0"]},{"title":"4i byt s terasou| AlicanteGate","address":"Levanduľová ulica, Dunajská Streda, okres Dunajská Streda","rooms":4,"meters":82,"totalPrice":176900,"meterSquarePrice":2,"link":"https://www.nehnutelnosti.sk/detail/JuKyeFWmkj9/4i-byt-s-terasou-alicantegate","imagesUrls":["https://img.nehnutelnosti.sk/foto/NjAweDMzOC9maWx0ZXJzOnF1YWxpdHkoMTAwKS9uZWg=/dinCKXXVz_fss?st=z46Wse-ydkjU3z83ReNQ0AuVoE51tF3VDKLCg1ZLBkE&ts=1722104900&e=0"]}]