[{"title":"SVOBODA & WILLIAMS I 1-izbový byt s balkónom blízko Eurovea","address":"Bratislava I - Staré Mesto, okres Bratislava","rooms":1,"meters":54,"totalPrice":244990,"meterSquarePrice":5,"link":"https://www.nehnutelnosti.sk/detail/JuFUEA3WlJk/svoboda-williams-i-1-izbovy-byt-s-balkonom-blizko-eurovea","imagesUrls":["https://img.unitedclassifieds.sk/foto/NjAweDMzOC9maWx0ZXJzOnF1YWxpdHkoMTAwKS9qdWw=/uxxK3-s8-_fss?st=Z2Wc13qyycTaZGkZmAoUeouTdSakH9dulNj_amEDbBM&ts=1724080973&e=0"]},{"title":"REZERVOVANE SVOBODA & WILLIAMS I 2-izbový byt s terasou, Slávičie údolie","address":"Slávičie údolie, Bratislava I - Staré Mesto, okres Bratislava","rooms":2,"meters":117,"totalPrice":439270,"meterSquarePrice":4,"link":"https://www.nehnutelnosti.sk/detail/Ju99WIRQihe/rezervovane-svoboda-williams-i-2-izbovy-byt-s-terasou-slavicie-udolie","imagesUrls":["https://img.unitedclassifieds.sk/foto/NjAweDMzOC9maWx0ZXJzOnF1YWxpdHkoMTAwKS9yc2Y=/nrQQ3-zMP_fss?st=uZgpxt6O7DNWr1zHE9SFuOaQC2sgPbdntc52Pv4P5IQ&ts=1681717035&e=0"]},{"title":"SVOBODA & WILLIAMS I 3-izbový byt v novostavbe, Vrakuňa","address":"Bratislava II - Vrakuňa, okres Bratislava","rooms":3,"meters":105,"totalPrice":259000,"meterSquarePrice":7,"link":"https://www.nehnutelnosti.sk/detail/JuyXMJptLgd/svoboda-williams-i-3-izbovy-byt-v-novostavbe-vrakuna","imagesUrls":["https://img.unitedclassifieds.sk/foto/NjAweDMzOC9maWx0ZXJzOnF1YWxpdHkoMTAwKS9yc2Y=/qf3Ew_6Pu_fss?st=th6dYjxI1mY1svEUgo4hDiMWhHWxbXl_XP3Lv-xrxDc&ts=1679948652&e=0"]},{"title":"SVOBODA & WILLIAMS I 4-izbový byt v Starom Meste","address":"Bratislava I - Staré Mesto, okres Bratislava","rooms":4,"meters":181,"totalPrice":null,"meterSquarePrice":null,"link":"https://www.nehnutelnosti.sk/detail/JujgT2FwVOG/svoboda-williams-i-4-izbovy-byt-v-starom-meste","imagesUrls":["https://img.unitedclassifieds.sk/foto/NjAweDMzOC9maWx0ZXJzOnF1YWxpdHkoMTAwKS9yc2Y=/oXYRMcrMF_fss?st=Y7QLRZRgYbA3pk060rAsxBi5chEDJVObmQ8tU0eAssE&ts=1686664113&e=0"]},{"title":"SVOBODA & WILLIAMS I 5-izbový slnečný penthouse na Kolibe","address":"Bratislava III - Nové Mesto, okres Bratislava","rooms":5,"meters":251,"totalPrice":null,"meterSquarePrice":null,"link":"https://www.nehnutelnosti.sk/detail/JuzY9SlNYON/svoboda-williams-i-5-izbovy-slnecny-penthouse-na-kolibe","imagesUrls":["https://img.unitedclassifieds.sk/foto/NjAweDMzOC9maWx0ZXJzOnF1YWxpdHkoMTAwKS9yc2Y=/Z2gdjauNW_fss?st=gi76JnJ5kn6-bS4kliRZP-pOPUt4dJp2hETrOcHQ_Yg&ts=1680603517&e=0"]},{"title":"SVOBODA & WILLIAMS I 3-izbový byt v novostavbe","address":"Bratislava II - Vrakuňa, okres Bratislava","rooms":3,"meters":95,"totalPrice":239000,"meterSquarePrice":9,"link":"https://www.nehnutelnosti.sk/detail/JuJfbXhIYpU/svoboda-williams-i-3-izbovy-byt-v-novostavbe","imagesUrls":["https://img.unitedclassifieds.sk/foto/NjAweDMzOC9maWx0ZXJzOnF1YWxpdHkoMTAwKS9yc2Y=/1Zdy4eVRR_fss?st=us8bKKOxwYlxfJ9Raifu1hltisCba9OjtxaIl-pymfM&ts=1679949968&e=0"]},{"title":"SVOBODA & WILLIAMS I 7-izbový byt v Záhorskej Bystrici","address":"Bratislava IV - Záhorská Bystrica, okres Bratislava","rooms":5,"meters":218,"totalPrice":999900,"meterSquarePrice":0,"link":"https://www.nehnutelnosti.sk/detail/Juacbbb9K7a/svoboda-williams-i-7-izbovy-byt-v-zahorskej-bystrici","imagesUrls":["https://img.unitedclassifieds.sk/foto/NjAweDMzOC9maWx0ZXJzOnF1YWxpdHkoMTAwKS9yc2Y=/pFt27b1vp_fss?st=KgQzRVqoFG4QBbayNjWwRqu-74snjaTtiEf3oNdQlg0&ts=1676467573&e=0"]},{"title":"SVOBODA & WILLIAMS I 2-izbový byt, Ružinov","address":"Bratislava II - Ružinov, okres Bratislava","rooms":2,"meters":63,"totalPrice":317160,"meterSquarePrice":9,"link":"https://www.nehnutelnosti.sk/detail/JuVsI4nfJyG/svoboda-williams-i-2-izbovy-byt-ruzinov","imagesUrls":["https://img.unitedclassifieds.sk/foto/NjAweDMzOC9maWx0ZXJzOnF1YWxpdHkoMTAwKS9yc2Y=/aqgU65-DN_fss?st=7SUmR_B41RpUdxBQZTK7J4e5rZ4gbhbPC1_rgg3hESE&ts=1662127958&e=0"]},{"title":"SVOBODA & WILLIAMS I 2-izbový byt s pivnicou a spoločným upraveným dvorom","address":"Bratislava III - Nové Mesto, okres Bratislava","rooms":2,"meters":68,"totalPrice":299990,"meterSquarePrice":2,"link":"https://www.nehnutelnosti.sk/detail/JuM7G3z6drQ/svoboda-williams-i-2-izbovy-byt-s-pivnicou-a-spolocnym-upravenym-dvorom","imagesUrls":["https://img.unitedclassifieds.sk/foto/NjAweDMzOC9maWx0ZXJzOnF1YWxpdHkoMTAwKS9qdWw=/tGPJ8HL54V_fss?st=uanFyfj7Pj33X0C9O5PO0zNCe5x8XcOZG1OyzbAKjSo&ts=1707384958&e=0"]},{"title":"SVOBODA & WILLIAMS I 2-izbový byt s balkónom v novostavbe","address":"Bratislava V - Petržalka, okres Bratislava","rooms":2,"meters":69,"totalPrice":239900,"meterSquarePrice":7,"link":"https://www.nehnutelnosti.sk/detail/JuFJ1u0waSC/svoboda-williams-i-2-izbovy-byt-s-balkonom-v-novostavbe","imagesUrls":["https://img.unitedclassifieds.sk/foto/NjAweDMzOC9maWx0ZXJzOnF1YWxpdHkoMTAwKS9qdWw=/0jKtvVNeY_fss?st=Q02yCs-EGYpY0QxBD0WQiLmbb4t5CQuNExjiQopbm6Y&ts=1724230900&e=0"]},{"title":"SVOBODA & WILLIAMS I 5-izbový penthouse s inteligenciou v EUROVEA","address":"Pribinova, Bratislava I - Staré Mesto, okres Bratislava","rooms":5,"meters":346,"totalPrice":null,"meterSquarePrice":null,"link":"https://www.nehnutelnosti.sk/detail/JueCQOWvzZ_/svoboda-williams-i-5-izbovy-penthouse-s-inteligenciou-v-eurovea","imagesUrls":["https://img.unitedclassifieds.sk/foto/NjAweDMzOC9maWx0ZXJzOnF1YWxpdHkoMTAwKS9yc2Y=/x2tlGWgP3_fss?st=pxYWohSD6vVhuELamiXhrByxd7Od0iXvgNfwy9pTpGY&ts=1699010941&e=0"]},{"title":"SVOBODA & WILLIAMS I Dizajnový podkrovný mezonet v centre Bratislavy .","address":"Bratislava I - Staré Mesto, okres Bratislava","rooms":3,"meters":131,"totalPrice":550000,"meterSquarePrice":7,"link":"https://www.nehnutelnosti.sk/detail/Ju6MYeegEsB/svoboda-williams-i-dizajnovy-podkrovny-mezonet-v-centre-bratislavy","imagesUrls":["https://img.unitedclassifieds.sk/foto/NjAweDMzOC9maWx0ZXJzOnF1YWxpdHkoMTAwKS9qdWw=/xcNcAlCLq_fss?st=BvkQsPYcDc_WIx40uM59oSlt6csDexn24kU5KDmasLw&ts=1711635568&e=0"]},{"title":"SVOBODA & WILLIAMS I 2-izbový byt v novostavbe so záhradou, Jahodná","address":"Jahodná, okres Dunajská Streda","rooms":2,"meters":49,"totalPrice":97000,"meterSquarePrice":5,"link":"https://www.nehnutelnosti.sk/detail/JujLYr2PTpS/svoboda-williams-i-2-izbovy-byt-v-novostavbe-so-zahradou-jahodna","imagesUrls":["https://img.unitedclassifieds.sk/foto/NjAweDMzOC9maWx0ZXJzOnF1YWxpdHkoMTAwKS9yc2Y=/ZMuLA1an8_fss?st=Feu0J1n1oKasD1Fcat7xA33uZFGc_XIhxMdpnLOfVmI&ts=1699266173&e=0"]},{"title":"SVOBODA & WILLIAMS I 2-izbový byt v novostavbe so záhradou, Jahodná","address":"Jahodná, okres Dunajská Streda","rooms":2,"meters":49,"totalPrice":99000,"meterSquarePrice":7,"link":"https://www.nehnutelnosti.sk/detail/JuYAbPkDRtA/svoboda-williams-i-2-izbovy-byt-v-novostavbe-so-zahradou-jahodna","imagesUrls":["https://img.unitedclassifieds.sk/foto/NjAweDMzOC9maWx0ZXJzOnF1YWxpdHkoMTAwKS9yc2Y=/10o_H8J9Z_fss?st=Sm2hnRQrYaoEQTtRgWHzUX7bQuT6WvkNWM4xg-aqmec&ts=1699266158&e=0"]},{"title":"SVOBODA & WILLIAMS I 2-izbový byt s priestrannou terasou a vlastnou predzáhradkou","address":"Bratislava I - Staré Mesto, okres Bratislava","rooms":2,"meters":107,"totalPrice":null,"meterSquarePrice":null,"link":"https://www.nehnutelnosti.sk/detail/Ju84CeupjMG/svoboda-williams-i-2-izbovy-byt-s-priestrannou-terasou-a-vlastnou-predzahradkou","imagesUrls":["https://img.unitedclassifieds.sk/foto/NjAweDMzOC9maWx0ZXJzOnF1YWxpdHkoMTAwKS9qdWw=/-s82dGBoO_fss?st=wgYvTNNkUdlf8vKg_MulZcP07WG6xA8PUqiuHmr6zzQ&ts=1708601010&e=0"]},{"title":"SVOBODA & WILLIAMS I Štýlový 3-izbový mezonet s terasou na predaj vo výhodnej lokalite na hranici St","address":"Bratislava I - Staré Mesto, okres Bratislava","rooms":3,"meters":133,"totalPrice":585000,"meterSquarePrice":0,"link":"https://www.nehnutelnosti.sk/detail/Ju4iP_cOloX/svoboda-williams-i-stylovy-3-izbovy-mezonet-s-terasou-na-predaj-vo-vyhodnej-lokalite-na-hranici-st","imagesUrls":["https://img.unitedclassifieds.sk/foto/NjAweDMzOC9maWx0ZXJzOnF1YWxpdHkoMTAwKS9qdWw=/bcJX6FeoJ_fss?st=DxGzAb44-Ztyyjl5xU4LTqiEEckTeSSjRPFZ8v2PcaA&ts=1710159716&e=0"]},{"title":"SVOBODA & WILLIAMS I 6-izbový byt plný svetla s monumentálnym výhľadom na Bratislavský hrad","address":"Bratislava V - Petržalka, okres Bratislava","rooms":5,"meters":248,"totalPrice":null,"meterSquarePrice":null,"link":"https://www.nehnutelnosti.sk/detail/Ju3ycirYwK2/svoboda-williams-i-6-izbovy-byt-plny-svetla-s-monumentalnym-vyhladom-na-bratislavsky-hrad","imagesUrls":["https://img.unitedclassifieds.sk/foto/NjAweDMzOC9maWx0ZXJzOnF1YWxpdHkoMTAwKS9qdWw=/vEkmfOCy0_fss?st=lhHz0rsnw1tPd4jJdwkg7_jAMEfqKjM7J93DUSzrpuY&ts=1707124346&e=0"]},{"title":"SVOBODA & WILLIAMS I Slnečný tri a pol izbový byt v novostavbe na hranici Ružinova a Vrakuňe","address":"Bratislava II - Vrakuňa, okres Bratislava","rooms":3,"meters":100,"totalPrice":279990,"meterSquarePrice":0,"link":"https://www.nehnutelnosti.sk/detail/JuEtiyKk4ER/svoboda-williams-i-slnecny-tri-a-pol-izbovy-byt-v-novostavbe-na-hranici-ruzinova-a-vrakune","imagesUrls":["https://img.unitedclassifieds.sk/foto/NjAweDMzOC9maWx0ZXJzOnF1YWxpdHkoMTAwKS9qdWw=/Z-1hsSn55_fss?st=_94ig6ntR59BEBRzQu45vo0OLW3aAUIXEd0_F2v509w&ts=1718970528&e=0"]},{"title":"SVOBODA & WILLIAMS I Priestranný slnečný byt s panoramatickým výhľadom na mesto, terasou a šatníkom","address":"Bratislava III - Nové Mesto, okres Bratislava","rooms":4,"meters":150,"totalPrice":null,"meterSquarePrice":null,"link":"https://www.nehnutelnosti.sk/detail/JuJRL6oWKCl/svoboda-williams-i-priestranny-slnecny-byt-s-panoramatickym-vyhladom-na-mesto-terasou-a-satnikom","imagesUrls":["https://img.unitedclassifieds.sk/foto/NjAweDMzOC9maWx0ZXJzOnF1YWxpdHkoMTAwKS9qdWw=/eVpe8fBr6_fss?st=H7k3duOgORLD9J-zoKuMH-ZxHgBlmrWd4NUu52bJclk&ts=1717746822&e=0"]},{"title":"SVOBODA & WILLIAMS I Nadštandardný 2-izbový byt s 2 balkónmi v tesnej blízkosti OC Centrál.","address":"Bratislava II - Ružinov, okres Bratislava","rooms":2,"meters":86,"totalPrice":310000,"meterSquarePrice":5,"link":"https://www.nehnutelnosti.sk/detail/Ju00Y960RrK/svoboda-williams-i-nadstandardny-2-izbovy-byt-s-2-balkonmi-v-tesnej-blizkosti-oc-central","imagesUrls":["https://img.unitedclassifieds.sk/foto/NjAweDMzOC9maWx0ZXJzOnF1YWxpdHkoMTAwKS9qdWw=/6_3PtUlUc_fss?st=ltiLo_khVCQm1TCp5ncgiUAsp5X2EBt7NzCKCQGP_Lw&ts=1714385746&e=0"]},{"title":"SVOBODA & WILLIAMS I Kompletne zariadený svetlý 4-izbový byt na 4. NP s balkónom a parkovaním","address":"Bratislava IV - Záhorská Bystrica, okres Bratislava","rooms":4,"meters":100,"totalPrice":399000,"meterSquarePrice":3,"link":"https://www.nehnutelnosti.sk/detail/JugXF_9xFHC/svoboda-williams-i-kompletne-zariadeny-svetly-4-izbovy-byt-na-4-np-s-balkonom-a-parkovanim","imagesUrls":["https://img.unitedclassifieds.sk/foto/NjAweDMzOC9maWx0ZXJzOnF1YWxpdHkoMTAwKS9qdWw=/75f1izJc7_fss?st=tIucuKBNJuBcflDzlIyFMVY3LocUBF4m-yaPJj0t3Es&ts=1718961203&e=0"]},{"title":"SVOBODA & WILLIAMS I Nadštandardný 5,5-izbový byt s parkovaním, výhľadom a možnosťou rozdelenia na 2","address":"Bratislava I - Staré Mesto, okres Bratislava","rooms":5,"meters":199,"totalPrice":null,"meterSquarePrice":null,"link":"https://www.nehnutelnosti.sk/detail/JuTD4S4x0tr/svoboda-williams-i-nadstandardny-5-5-izbovy-byt-s-parkovanim-vyhladom-a-moznostou-rozdelenia-na-2","imagesUrls":["https://img.unitedclassifieds.sk/foto/NjAweDMzOC9maWx0ZXJzOnF1YWxpdHkoMTAwKS9qdWw=/euTa4rTZw_fss?st=E7I4E6fFYytNHPecLRkEuQRAf5l3wBeNjLGlpvLNe2Q&ts=1716299006&e=0"]},{"title":"SVOBODA & WILLIAMS I Dizajnový a priestranný apartmán s terasou a výhľadom na Nízke Tatry.","address":"Liptovský Mikuláš, okres Liptovský Mikuláš","rooms":3,"meters":72,"totalPrice":470000,"meterSquarePrice":8,"link":"https://www.nehnutelnosti.sk/detail/Juo05IpENrn/svoboda-williams-i-dizajnovy-a-priestranny-apartman-s-terasou-a-vyhladom-na-nizke-tatry","imagesUrls":["https://img.unitedclassifieds.sk/foto/NjAweDMzOC9maWx0ZXJzOnF1YWxpdHkoMTAwKS9qdWw=/tVLv4dyAO_fss?st=OK27RLkiuvwUnBqCUhwOt_oDVTacuK99VGsnIl7mVB8&ts=1715085640&e=0"]},{"title":"SVOBODA & WILLIAMS I  4-izbový mezonet so záhradou a parkovaním v obci Miloslavov, len 8 km od hlavn","address":"Miloslavov, okres Senec","rooms":4,"meters":117,"totalPrice":249900,"meterSquarePrice":0,"link":"https://www.nehnutelnosti.sk/detail/Ju2E3IJvrVK/svoboda-williams-i-4-izbovy-mezonet-so-zahradou-a-parkovanim-v-obci-miloslavov-len-8-km-od-hlavn","imagesUrls":["https://img.unitedclassifieds.sk/foto/NjAweDMzOC9maWx0ZXJzOnF1YWxpdHkoMTAwKS9qdWw=/UcwrlNVba_fss?st=stcx_hLHu3aLaSEwVkZFUFhTjcVlsTqTh5wvYBI78ko&ts=1714047148&e=0"]},{"title":"SVOBODA & WILLIAMS I Predaj unikátneho 2-izbového loftu s dizajnom navrhnutým prestížnym architektom","address":"Bratislava I - Staré Mesto, okres Bratislava","rooms":null,"meters":117,"totalPrice":490000,"meterSquarePrice":3,"link":"https://www.nehnutelnosti.sk/detail/JubIsTCzPhF/svoboda-williams-i-predaj-unikatneho-2-izboveho-loftu-s-dizajnom-navrhnutym-prestiznym-architektom","imagesUrls":["https://img.unitedclassifieds.sk/foto/NjAweDMzOC9maWx0ZXJzOnF1YWxpdHkoMTAwKS9qdWw=/XwVNDLGsq_fss?st=mkWvG8JKwZ80WQcTYpmYkm1ESilZkTMa3dvOxtdFetA&ts=1712503844&e=0"]},{"title":"SVOBODA & WILLIAMS I Výnimočný klimatizovaný byt so štyrmi balkónmi, šatníkom a dvoma garážovými stá","address":"Bratislava I - Staré Mesto, okres Bratislava","rooms":4,"meters":197,"totalPrice":799000,"meterSquarePrice":4,"link":"https://www.nehnutelnosti.sk/detail/JuJbwRXNug8/svoboda-williams-i-vynimocny-klimatizovany-byt-so-styrmi-balkonmi-satnikom-a-dvoma-garazovymi-sta","imagesUrls":["https://img.unitedclassifieds.sk/foto/NjAweDMzOC9maWx0ZXJzOnF1YWxpdHkoMTAwKS9qdWw=/AHOA-4ZST_fss?st=f9bS6hRpfILsuXPeipjYFXiX4PAe2LeZdr5wMkm3XnA&ts=1720602389&e=0"]},{"title":"SVOBODA & WILLIAMS I Presvetlený 2-izbový byt s balkónom na 7. poschodí bytového domu s výťahom v Ru","address":"Bratislava II - Ružinov, okres Bratislava","rooms":2,"meters":81,"totalPrice":330000,"meterSquarePrice":7,"link":"https://www.nehnutelnosti.sk/detail/JuHcoVdwB4X/svoboda-williams-i-presvetleny-2-izbovy-byt-s-balkonom-na-7-poschodi-bytoveho-domu-s-vytahom-v-ru","imagesUrls":["https://img.unitedclassifieds.sk/foto/NjAweDMzOC9maWx0ZXJzOnF1YWxpdHkoMTAwKS9qdWw=/pZ6i4izvuS_fss?st=N0qTCyOr3K1NIA-tNlYhcEyHXKG8QSOn1MlVLJ-aXYE&ts=1718886231&e=0"]},{"title":"SVOBODA & WILLIAMS I","address":"Tatranská Štrba, okres Poprad","rooms":null,"meters":59,"totalPrice":210000,"meterSquarePrice":2,"link":"https://www.nehnutelnosti.sk/detail/JuOiN_rQKTQ/svoboda-williams-i","imagesUrls":["https://img.unitedclassifieds.sk/foto/NjAweDMzOC9maWx0ZXJzOnF1YWxpdHkoMTAwKS9qdWw=/F8s8ifSZ1_fss?st=9Vgbc2gxw6XO42zIkk_rNl_RB7xdzTRbs7zCaTLb6uo&ts=1714381132&e=0"]},{"title":"SVOBODA & WILLIAMS I Slnečný 2-izbový byt v novostavbe s balkónom so západnou orientáciou","address":"Bratislava V - Petržalka, okres Bratislava","rooms":2,"meters":64,"totalPrice":241280,"meterSquarePrice":0,"link":"https://www.nehnutelnosti.sk/detail/Juk-0XQhxPc/svoboda-williams-i-slnecny-2-izbovy-byt-v-novostavbe-s-balkonom-so-zapadnou-orientaciou","imagesUrls":["https://img.unitedclassifieds.sk/foto/NjAweDMzOC9maWx0ZXJzOnF1YWxpdHkoMTAwKS9qdWw=/hHG1PLZnI_fss?st=z7pq6tdCGUVYm77Q65LI068in0y0ERBNELqEmlS1zTw&ts=1725440796&e=0"]},{"title":"SVOBODA & WILLIAMS I Slnečný 2-izbový byt v novostavbe s balkónom so západnou orientáciou","address":"Bratislava V - Petržalka, okres Bratislava","rooms":2,"meters":65,"totalPrice":255582,"meterSquarePrice":3,"link":"https://www.nehnutelnosti.sk/detail/JuGJfjDO02M/svoboda-williams-i-slnecny-2-izbovy-byt-v-novostavbe-s-balkonom-so-zapadnou-orientaciou","imagesUrls":["https://img.unitedclassifieds.sk/foto/NjAweDMzOC9maWx0ZXJzOnF1YWxpdHkoMTAwKS9qdWw=/K364RYfom_fss?st=roX3c2fDHgZwxlA4PCrYYjhO7BSvGjmIF0NE6MmFRkU&ts=1724676370&e=0"]}]