[{"title":"Hľadáte príjemný 3-izbový byt vo výbornej lokalite? Máme pre Vás taký! Košice - Sídlisko KVP,  Zombo","address":"Zombova, Košice II - Sídlisko KVP, okres Košice","rooms":3,"meters":62,"totalPrice":158000,"meterSquarePrice":9,"link":"https://www.nehnutelnosti.sk/detail/JuQ0nGg1fkX/hladate-prijemny-3-izbovy-byt-vo-vybornej-lokalite-mame-pre-vas-taky-kosice-sidlisko-kvp-zombo","imagesUrls":["https://img.nehnutelnosti.sk/foto/NjAweDMzOC9maWx0ZXJzOnF1YWxpdHkoMTAwKS9uZWg=/Rpp0XAxUo_fss?st=NVGilm_iSNeZwLd7JCI_XOwf3-Cy3tlVEO1ocmTZ0iE&ts=1722586693&e=0"]},{"title":"Chcete predať svoju nehnuteľnosť?Pomôžeme Vám","address":"Sereď, okres Galanta","rooms":null,"meters":null,"totalPrice":null,"meterSquarePrice":null,"link":"https://www.nehnutelnosti.sk/detail/JuCH4TV6IYDj/chcete-predat-svoju-nehnutelnostpomozeme-vam","imagesUrls":["https://img.nehnutelnosti.sk/foto/NjAweDMzOC9maWx0ZXJzOnF1YWxpdHkoMTAwKS9uZWg=/HnquZMFho_fss?st=ouNvNzoWIBOmWI9jF8uXI3J9waxTejcNkElKIzD6MYQ&ts=1630522568&e=0"]},{"title":"Rezervované - na štýlový zrekonštruovaný 3 izbový byt pri parku, Kežmarok","address":"Nižná Brána, Kežmarok, okres Kežmarok","rooms":3,"meters":66,"totalPrice":null,"meterSquarePrice":null,"link":"https://www.nehnutelnosti.sk/detail/Ju527bDvJAm/rezervovane-na-stylovy-zrekonstruovany-3-izbovy-byt-pri-parku-kezmarok","imagesUrls":["https://img.nehnutelnosti.sk/foto/NjAweDMzOC9maWx0ZXJzOnF1YWxpdHkoMTAwKS9uZWg=/NLf9YmkYcL_fss?st=hvB9mhsAwJdYJ6zRtch3C8YZ3PS2Q_mdGbcdtDWxMlM&ts=1723245617&e=0"]},{"title":"2i byt po novej rekonštrukcii v tehlovom dome, KYJEVSKÁ ul.","address":"Kyjevská, Bratislava III - Nové Mesto, okres Bratislava","rooms":2,"meters":38,"totalPrice":173000,"meterSquarePrice":3,"link":"https://www.nehnutelnosti.sk/detail/JuTTloQJwTB/2i-byt-po-novej-rekonstrukcii-v-tehlovom-dome-kyjevska-ul","imagesUrls":["https://img.nehnutelnosti.sk/foto/NjAweDMzOC9maWx0ZXJzOnF1YWxpdHkoMTAwKS9uZWg=/bI2T-z5nT_fss?st=ARMuHqIrjfZxv5GZm2FyZlztHALGU8QS3FwpDmHvz28&ts=1723846626&e=0"]},{"title":"REZERVOVANÉ !!!  Garsónka na predaj, Vilova ul. Petržalka.","address":"Vilova, Bratislava V - Petržalka, okres Bratislava","rooms":null,"meters":19,"totalPrice":88690,"meterSquarePrice":2,"link":"https://www.nehnutelnosti.sk/detail/JumaZmxG-O0/rezervovane-garsonka-na-predaj-vilova-ul-petrzalka","imagesUrls":["https://img.nehnutelnosti.sk/foto/NjAweDMzOC9maWx0ZXJzOnF1YWxpdHkoMTAwKS9uZWg=/38uGm30ee_fss?st=jADKK4TG1mCcnvAlTdBdcqvdmL-Y-JHF9dTzV_HKNYI&ts=1723329889&e=0"]},{"title":"Pôvabný 3-izbový byt v srdci Partizánskeho!","address":"Námestie SNP, Partizánske, okres Partizánske","rooms":3,"meters":119,"totalPrice":125760,"meterSquarePrice":0,"link":"https://www.nehnutelnosti.sk/detail/JuPRSJfEPzy/povabny-3-izbovy-byt-v-srdci-partizanskeho","imagesUrls":["https://img.nehnutelnosti.sk/foto/NjAweDMzOC9maWx0ZXJzOnF1YWxpdHkoMTAwKS9uZWg=/s_iDon-TB_fss?st=kzIbwFgJTpFkPsXqExDVkQW2YCHjIJxZA-1h_lYBpo0&ts=1725096048&e=0"]},{"title":"Slnečný 3-izbový byt na predaj v Novákoch","address":"Nováky, okres Prievidza","rooms":3,"meters":100,"totalPrice":93990,"meterSquarePrice":0,"link":"https://www.nehnutelnosti.sk/detail/JuLJLIyFijd/slnecny-3-izbovy-byt-na-predaj-v-novakoch","imagesUrls":["https://img.nehnutelnosti.sk/foto/NjAweDMzOC9maWx0ZXJzOnF1YWxpdHkoMTAwKS9uZWg=/mmLSpYSdx_fss?st=FMHLGiDcMnGPhcSWZZ7yU6gGHihTFXS2Fo7tHJKFT5s&ts=1722441419&e=0"]},{"title":"Moderný 3-izbový byt s balkónom v pokojnej lokalite Šípka","address":"Partizánske, okres Partizánske","rooms":3,"meters":80,"totalPrice":92500,"meterSquarePrice":5,"link":"https://www.nehnutelnosti.sk/detail/JuL0kkrkgjf/moderny-3-izbovy-byt-s-balkonom-v-pokojnej-lokalite-sipka","imagesUrls":["https://img.nehnutelnosti.sk/foto/NjAweDMzOC9maWx0ZXJzOnF1YWxpdHkoMTAwKS9uZWg=/KwTQ1gkcz_fss?st=0YbzmVEjYmpPXzRCMbs_5rIUa1coDoGENh0s_HKhJxU&ts=1725416883&e=0"]},{"title":"Bývanie budúcnosti na sídlisku Šípok v Partizánskom","address":"Malinovského, Partizánske, okres Partizánske","rooms":1,"meters":35,"totalPrice":61120,"meterSquarePrice":8,"link":"https://www.nehnutelnosti.sk/detail/JuYFTSxX3u_/byvanie-buducnosti-na-sidlisku-sipok-v-partizanskom","imagesUrls":["https://img.nehnutelnosti.sk/foto/NjAweDMzOC9maWx0ZXJzOnF1YWxpdHkoMTAwKS9uZWg=/PfpXMymCSt_fss?st=ZYw5It0lkyvudjNhVnM6GMjVxfT1gcx_BQ3lDxv9P20&ts=1723893945&e=0"]},{"title":"Bývanie budúcnosti na sídlisku Šípok v Partizánskom","address":"Za riekou Nitrou, Partizánske, okres Partizánske","rooms":3,"meters":89,"totalPrice":158190,"meterSquarePrice":5,"link":"https://www.nehnutelnosti.sk/detail/JuAi7_3Ovez/byvanie-buducnosti-na-sidlisku-sipok-v-partizanskom","imagesUrls":["https://img.nehnutelnosti.sk/foto/NjAweDMzOC9maWx0ZXJzOnF1YWxpdHkoMTAwKS9uZWg=/8XKgZbrEC_fss?st=PacTmnXfy8fba-uvi6z5uYIOOyKMFkWV9OLaw0sX1z8&ts=1723893942&e=0"]},{"title":"Bývanie budúcnosti na sídlisku Šípok v Partizánskom","address":"Partizánske, okres Partizánske","rooms":3,"meters":129,"totalPrice":150000,"meterSquarePrice":9,"link":"https://www.nehnutelnosti.sk/detail/JueSyLdRyzGk/byvanie-buducnosti-na-sidlisku-sipok-v-partizanskom","imagesUrls":["https://img.nehnutelnosti.sk/foto/NjAweDMzOC9maWx0ZXJzOnF1YWxpdHkoMTAwKS9uZWg=/9CpwCvSjT1_fss?st=caOCbJqvPUMxX8YdgiMZnBr6uyyR5wyNXrD5VQHm5as&ts=1723893945&e=0"]},{"title":"Bývanie budúcnosti na sídlisku Šípok v Partizánskom","address":"Partizánske, okres Partizánske","rooms":2,"meters":null,"totalPrice":null,"meterSquarePrice":null,"link":"https://www.nehnutelnosti.sk/detail/Ju00SwLhN_4/byvanie-buducnosti-na-sidlisku-sipok-v-partizanskom","imagesUrls":["https://img.nehnutelnosti.sk/foto/NjAweDMzOC9maWx0ZXJzOnF1YWxpdHkoMTAwKS9uZWg=/YL6jMVWtcD_fss?st=Pmt4EsctFNZhmuc9CeRE8NWAPvLuCQ-ggx3pZzeaCC4&ts=1723893942&e=0"]},{"title":"Bývanie budúcnosti na sídlisku Šípok v Partizánskom","address":"Partizánske, okres Partizánske","rooms":1,"meters":35,"totalPrice":61120,"meterSquarePrice":8,"link":"https://www.nehnutelnosti.sk/detail/JuJAI1xWNJ6/byvanie-buducnosti-na-sidlisku-sipok-v-partizanskom","imagesUrls":["https://img.nehnutelnosti.sk/foto/NjAweDMzOC9maWx0ZXJzOnF1YWxpdHkoMTAwKS9uZWg=/4izbS8rw9_fss?st=-1gAKkt1b07Y2oQOHeZmmqwAk_jHTwZ_sLmQMhTzfpo&ts=1723893947&e=0"]},{"title":"Bývanie budúcnosti na sídlisku Šípok v Partizánskom","address":"Za riekou Nitrou, Partizánske, okres Partizánske","rooms":2,"meters":40,"totalPrice":76400,"meterSquarePrice":4,"link":"https://www.nehnutelnosti.sk/detail/Jumuv7TOh3G/byvanie-buducnosti-na-sidlisku-sipok-v-partizanskom","imagesUrls":["https://img.nehnutelnosti.sk/foto/NjAweDMzOC9maWx0ZXJzOnF1YWxpdHkoMTAwKS9uZWg=/O2btZgW6rI_fss?st=gO_pDMp7u4DS9CkqfBRF-6-DLal-Tno4WBf38zaO8XE&ts=1723893940&e=0"]},{"title":"Na Predaj 3-izbový byt v Bernolákove","address":"Dubová, Bernolákovo, okres Senec","rooms":3,"meters":64,"totalPrice":210900,"meterSquarePrice":1,"link":"https://www.nehnutelnosti.sk/detail/JubYlas4XCn/na-predaj-3-izbovy-byt-v-bernolakove","imagesUrls":["https://img.unitedclassifieds.sk/foto/NjAweDMzOC9maWx0ZXJzOnF1YWxpdHkoMTAwKS9qdWw=/VwU4sIQRz_fss?st=QnXSAl9bN9SpGgQbe5oYQ_K8E-OgX1YExB2uui6vY5Y&ts=1723797321&e=0"]},{"title":"REZERVOVANÉ ❗️ 3 Izbový byt na predaj, Partizánske  - sídlisko Šípok","address":"Horská, Partizánske, okres Partizánske","rooms":3,"meters":60,"totalPrice":null,"meterSquarePrice":null,"link":"https://www.nehnutelnosti.sk/detail/Julu0uUEtDm/rezervovane-3-izbovy-byt-na-predaj-partizanske-sidlisko-sipok","imagesUrls":["https://img.nehnutelnosti.sk/foto/NjAweDMzOC9maWx0ZXJzOnF1YWxpdHkoMTAwKS9uZWg=/u6LOUkSFN_fss?st=79K1kH1GnqvYLWT2S2Kenc6A1PecSanN5aAe8j4iENM&ts=1717605410&e=0"]},{"title":"ZNÍŽENÁ CENA BYTU Prakovce","address":"Hlavná, Prakovce, okres Gelnica","rooms":2,"meters":69,"totalPrice":44000,"meterSquarePrice":2,"link":"https://www.nehnutelnosti.sk/detail/JuJf6S7mTAT/znizena-cena-bytu-prakovce","imagesUrls":["https://img.nehnutelnosti.sk/foto/NjAweDMzOC9maWx0ZXJzOnF1YWxpdHkoMTAwKS9uZWg=/kY7UZza9vz_fss?st=R8pCK6DcrLIpEirjcgPAbIH6vvfvx2gjjY8MXy6MTkU&ts=1717011417&e=0"]},{"title":"REALITY PROGRES PONÚKA TEHLOVÝ 3 IZBOVÝ BYT S LOGGIOU 65 m2 BREZOVÁ POD BRADLOM + ZNALECKÝ POSUDOK -","address":"Sídlisko Dušana Jurkoviča, Brezová pod Bradlom, okres Myjava","rooms":3,"meters":65,"totalPrice":77900,"meterSquarePrice":6,"link":"https://www.nehnutelnosti.sk/detail/JubNCJvORFs/reality-progres-ponuka-tehlovy-3-izbovy-byt-s-loggiou-65-m2-brezova-pod-bradlom-znalecky-posudok","imagesUrls":["https://img.unitedclassifieds.sk/foto/NjAweDMzOC9maWx0ZXJzOnF1YWxpdHkoMTAwKS9qdWw=/xUdsmuufR_fss?st=EteCxH0_ztnFgol2hyy3_QgT8dhxKU6MxkAdI1Dpl6U&ts=1723829298&e=0"]},{"title":"REZERVOVANY - PREDAJ 2,5izb. bytu s vlastnou kotoľňou","address":"Osuského, Bratislava V - Petržalka, okres Bratislava","rooms":2,"meters":56,"totalPrice":160000,"meterSquarePrice":4,"link":"https://www.nehnutelnosti.sk/detail/JuXzN5nYp-S/rezervovany-predaj-2-5izb-bytu-s-vlastnou-kotolnou","imagesUrls":["https://img.nehnutelnosti.sk/foto/NjAweDMzOC9maWx0ZXJzOnF1YWxpdHkoMTAwKS9uZWg=/6h1Lr_npQ_fss?st=OjzkIYVSiqiNyZ-jWxwbLuB3HY2fxrVFwQWwr0JG2bc&ts=1723825889&e=0"]},{"title":"VYMEŇ SUSEDA! - NA PREDAJ ÚTULNÝ 1.IZB BYT S LOGGIOU, HRANIČNÁ UL. RUŽINOV","address":"Hraničná, Bratislava II - Ružinov, okres Bratislava","rooms":1,"meters":34,"totalPrice":159000,"meterSquarePrice":7,"link":"https://www.nehnutelnosti.sk/detail/RbBq-i8F3b2/vymen-suseda-na-predaj-utulny-1-izb-byt-s-loggiou-hranicna-ul-ruzinov","imagesUrls":["https://img.unitedclassifieds.sk/foto/NjAweDMzOC9maWx0ZXJzOnF1YWxpdHkoMTAwKS9yc2I=/b6oxNh660_fss?st=qYsWfiPUIXoxhTzEbJhhotpGolu10fXOZWyRZgAezVs&ts=1723817124&e=0"]},{"title":"2-izbový byt v tehlovej bytovke, Turčianske Teplice - REZERVOVANÉ","address":"Turčianske Teplice, okres Turčianske Teplice","rooms":2,"meters":60,"totalPrice":null,"meterSquarePrice":null,"link":"https://www.nehnutelnosti.sk/detail/JuTVrYb7VeJ/2-izbovy-byt-v-tehlovej-bytovke-turcianske-teplice-rezervovane","imagesUrls":["https://img.unitedclassifieds.sk/foto/NjAweDMzOC9maWx0ZXJzOnF1YWxpdHkoMTAwKS9yc2Y=/luUG3f2xW_fss?st=QsBh6vSt2CRj8SUMKEeYflvkVQ4p-8VSqbEeQDTr6_s&ts=1715827010&e=0"]},{"title":"Exkluzívne u nás 2izbový byt širšie centrum 3-podlažný tehlový bytový dom","address":"Červenej armády, Martin, okres Martin","rooms":2,"meters":73,"totalPrice":98500,"meterSquarePrice":6,"link":"https://www.nehnutelnosti.sk/detail/Jue1qx9GBug/exkluzivne-u-nas-2izbovy-byt-sirsie-centrum-3-podlazny-tehlovy-bytovy-dom","imagesUrls":["https://img.unitedclassifieds.sk/foto/NjAweDMzOC9maWx0ZXJzOnF1YWxpdHkoMTAwKS9yc2Y=/9U8b63dLy_fss?st=ATr-CPmdvw5QgQKqNU90mIr3N07jkcL-Wf8my-EPjYo&ts=1715737092&e=0"]},{"title":"FINREA│Novozrekonštruovaný 2-izbový byt v Ružomberku","address":"Tatranská cesta, Ružomberok, okres Ružomberok","rooms":2,"meters":51,"totalPrice":89000,"meterSquarePrice":4,"link":"https://www.nehnutelnosti.sk/detail/JuVsliiMQ6G/finreanovozrekonstruovany-2-izbovy-byt-v-ruzomberku","imagesUrls":["https://img.nehnutelnosti.sk/foto/NjAweDMzOC9maWx0ZXJzOnF1YWxpdHkoMTAwKS9uZWg=/qEz970kBOT_fss?st=Dtt6f3xKJdSky_bh41YSoM_HZYCaO8uWEbZG-DFTGPk&ts=1723530653&e=0"]},{"title":"FINREA│1-izbový byt 36 m² s balkónom - Martin časť Sever","address":"Zvolenská, Martin, okres Martin","rooms":1,"meters":36,"totalPrice":73500,"meterSquarePrice":7,"link":"https://www.nehnutelnosti.sk/detail/JuXosV4IpzD/finrea1-izbovy-byt-36-m-s-balkonom-martin-cast-sever","imagesUrls":["https://img.nehnutelnosti.sk/foto/NjAweDMzOC9maWx0ZXJzOnF1YWxpdHkoMTAwKS9uZWg=/ZLS-ir5qV_fss?st=hprZ2o8E_DPoFLUchgon28EvvaMJ7y9xYMwitVqTp1A&ts=1723642329&e=0"]},{"title":"FINREA│3-izbový byt v projekte NOVÁ ZÁBREŽ -  A1","address":"Zábrež, Oravská Poruba, okres Dolný Kubín","rooms":3,"meters":81,"totalPrice":164900,"meterSquarePrice":3,"link":"https://www.nehnutelnosti.sk/detail/Ju1gpkoe38O/finrea3-izbovy-byt-v-projekte-nova-zabrez-a1","imagesUrls":["https://img.nehnutelnosti.sk/foto/NjAweDMzOC9maWx0ZXJzOnF1YWxpdHkoMTAwKS9uZWg=/R5LwuIdoyf_fss?st=CVqHF8yAow9iFq_XsNhjLbXe4J3AH0kVzRlT6-k3rKs&ts=1721378931&e=0"]},{"title":"FINREA│3-izbový byt v projekte NOVÁ ZÁBREŽ - A2","address":"Zábrež, Oravská Poruba, okres Dolný Kubín","rooms":3,"meters":81,"totalPrice":166500,"meterSquarePrice":7,"link":"https://www.nehnutelnosti.sk/detail/Jur9dIZUsE-/finrea3-izbovy-byt-v-projekte-nova-zabrez-a2","imagesUrls":["https://img.nehnutelnosti.sk/foto/NjAweDMzOC9maWx0ZXJzOnF1YWxpdHkoMTAwKS9uZWg=/RKhSgBvyFS_fss?st=oZSiRqpF1-RmHh7vUtyq0urwjGMu7c6Za--miU-C55c&ts=1721378926&e=0"]},{"title":"FINREA│3-izbový byt v projekte NOVÁ ZÁBREŽ - A4","address":"Zábrež, Oravská Poruba, okres Dolný Kubín","rooms":3,"meters":77,"totalPrice":168680,"meterSquarePrice":4,"link":"https://www.nehnutelnosti.sk/detail/JuR5yOcUlLP/finrea3-izbovy-byt-v-projekte-nova-zabrez-a4","imagesUrls":["https://img.nehnutelnosti.sk/foto/NjAweDMzOC9maWx0ZXJzOnF1YWxpdHkoMTAwKS9uZWg=/kqE-SWgoh3_fss?st=XhmqA4KJ9wGuasYg_pIrLuyJKUfYJ96Sv7-XnP09eQY&ts=1721378934&e=0"]},{"title":"FINREA│ Jedinečný 1-izbový byt 30 m² - Ľadoveň","address":"Majakovského, Martin, okres Martin","rooms":1,"meters":30,"totalPrice":null,"meterSquarePrice":null,"link":"https://www.nehnutelnosti.sk/detail/Ju5OChQcaA9/finrea-jedinecny-1-izbovy-byt-30-m-ladoven","imagesUrls":["https://img.nehnutelnosti.sk/foto/NjAweDMzOC9maWx0ZXJzOnF1YWxpdHkoMTAwKS9uZWg=/8aaBkDcvq_fss?st=ut1K_rPh_rLZKd4bErDI4fAF_Z4adiCrwBClTgJCV3Q&ts=1726217887&e=0"]},{"title":"FINREA│ 3 izbový byt(72)m2 Martin- Centrum","address":"Tajovského, Martin, okres Martin","rooms":3,"meters":72,"totalPrice":110000,"meterSquarePrice":8,"link":"https://www.nehnutelnosti.sk/detail/JupWd89eFUD5/finrea-3-izbovy-byt72m2-martin-centrum","imagesUrls":["https://img.nehnutelnosti.sk/foto/NjAweDMzOC9maWx0ZXJzOnF1YWxpdHkoMTAwKS9uZWg=/ZhGU5zdt1_fss?st=7CSYU3c8QCnsOWUTBEkq-uB_OwIm-tNW4buYGTOIA2A&ts=1724052351&e=0"]},{"title":"FINREA│Polyfunkčný priestor typu A-B0 v novostavbe Kubínske výhľady","address":"Martina Hattalu, Dolný Kubín, okres Dolný Kubín","rooms":2,"meters":52,"totalPrice":207795,"meterSquarePrice":8,"link":"https://www.nehnutelnosti.sk/detail/JubFmz4xXTT/finreapolyfunkcny-priestor-typu-a-b0-v-novostavbe-kubinske-vyhlady","imagesUrls":["https://img.nehnutelnosti.sk/foto/NjAweDMzOC9maWx0ZXJzOnF1YWxpdHkoMTAwKS9uZWg=/opFSoC8n7_fss?st=nGBbhw98EMJ4uoyIEhgcw_548oRN_r80YSKHLJG6g3U&ts=1711019969&e=0"]}]