[{"title":"✅ ZNÍŽENÁ CENA 2 -IZBOVÝ APARTMÁN V LIPTOVSKOM MIKULÁŠI - APARTMÁNY ONDRAŠOVÁ","address":"Ondrašovská, Liptovský Mikuláš, okres Liptovský Mikuláš","rooms":null,"meters":40,"totalPrice":150000,"meterSquarePrice":7,"link":"https://www.nehnutelnosti.sk/detail/JuiQc6GzqSQ/znizena-cena-2-izbovy-apartman-v-liptovskom-mikulasi-apartmany-ondrasova","imagesUrls":["https://img.nehnutelnosti.sk/foto/NjAweDMzOC9maWx0ZXJzOnF1YWxpdHkoMTAwKS9uZWg=/qMQ9IMBAXc_fss?st=IFHz9zyqsYR8xHTO2ZeMlAn3dLc5ywrpDdZijvDTRho&ts=1722427430&e=0"]},{"title":"Predám 3 izbový byt neďaleko centra v Nových Zámkoch","address":"Nové Zámky, Nové Zámky, okres Nové Zámky","rooms":3,"meters":80,"totalPrice":145000,"meterSquarePrice":0,"link":"https://www.nehnutelnosti.sk/detail/JucmSR8Yxo_/predam-3-izbovy-byt-nedaleko-centra-v-novych-zamkoch","imagesUrls":["https://img.nehnutelnosti.sk/foto/NjAweDMzOC9maWx0ZXJzOnF1YWxpdHkoMTAwKS9uZWg=/o7xX3pKL5C_fss?st=0EAj9tPFvfLNNlAlvYdItN6fRfg_YHOYk7zdWF_OgAs&ts=1726152239&e=0"]},{"title":"Na predaj Garsónka - Staré Mesto","address":"Sokolská, Bratislava I - Staré Mesto, okres Bratislava","rooms":null,"meters":23,"totalPrice":165000,"meterSquarePrice":1,"link":"https://www.nehnutelnosti.sk/detail/Juy3siPSLev/na-predaj-garsonka-stare-mesto","imagesUrls":["https://img.nehnutelnosti.sk/foto/NjAweDMzOC9maWx0ZXJzOnF1YWxpdHkoMTAwKS9uZWg=/KAxt_zW8x_fss?st=WMJohWhKlCCgF9_lHbjtuQEhiYIrFnDAY7LB1Gdrlq8&ts=1704100558&e=0"]},{"title":"Na predaj 3-izbový byt na Dlhých dieloch","address":"Kolískova, Bratislava IV - Karlova Ves, okres Bratislava","rooms":3,"meters":70,"totalPrice":185000,"meterSquarePrice":6,"link":"https://www.nehnutelnosti.sk/detail/JuNZpVumLlY/na-predaj-3-izbovy-byt-na-dlhych-dieloch","imagesUrls":["https://img.nehnutelnosti.sk/foto/NjAweDMzOC9maWx0ZXJzOnF1YWxpdHkoMTAwKS9uZWg=/t5XG-_7Glr_fss?st=B87p5OLkpRqxNlAzgLisCJdXCluQL-mXbj02xnf94l0&ts=1722423458&e=0"]},{"title":"*EXKLUZÍVNE* Na predaj novostavba 2-izbového nadštandardného bytu s priestrannou terasou v Nových Zá","address":"Nové Zámky, okres Nové Zámky","rooms":2,"meters":112,"totalPrice":210000,"meterSquarePrice":5,"link":"https://www.nehnutelnosti.sk/detail/Jugy9umKvx5/exkluzivne-na-predaj-novostavba-2-izboveho-nadstandardneho-bytu-s-priestrannou-terasou-v-novych-za","imagesUrls":["https://img.unitedclassifieds.sk/foto/NjAweDMzOC9maWx0ZXJzOnF1YWxpdHkoMTAwKS9qdWw=/YOVTu8iGj_fss?st=JGdcucVqS0fmXpplaSSQyuc2nCmfSiK6mM_wTIuDLNE&ts=1722419187&e=0"]},{"title":"3 izbový byt na sídlisku Zvolen Západ, ulica Novozámocká","address":"Novozámocká, Zvolen, okres Zvolen","rooms":3,"meters":70,"totalPrice":null,"meterSquarePrice":null,"link":"https://www.nehnutelnosti.sk/detail/JuI2pUXl7VX/3-izbovy-byt-na-sidlisku-zvolen-zapad-ulica-novozamocka","imagesUrls":["https://img.unitedclassifieds.sk/foto/NjAweDMzOC9maWx0ZXJzOnF1YWxpdHkoMTAwKS9qdWw=/tDaeLm0ay_fss?st=O8yuoV_VOYhELvzS43abXU6uxmBiDGxWGkqWz1RUgLk&ts=1722418635&e=0"]},{"title":"OCCAM |  2i byt v rezidencii Winehills, Matušková, Nové Mesto, 63,16 m2","address":"Matúškova, Bratislava III - Nové Mesto, okres Bratislava","rooms":2,"meters":63,"totalPrice":264900,"meterSquarePrice":1,"link":"https://www.nehnutelnosti.sk/detail/JuFa1UXHEef/occam-2i-byt-v-rezidencii-winehills-matuskova-nove-mesto-63-16-m2","imagesUrls":["https://img.nehnutelnosti.sk/foto/NjAweDMzOC9maWx0ZXJzOnF1YWxpdHkoMTAwKS9uZWg=/S-5E3Rgab_fss?st=dcVW9NG3YJLsmpO2OLx9Egzg_m-SvPOqQB9-bDUClq8&ts=1723623060&e=0"]},{"title":"1 izbový byt - Trieda 1 mája - sídlisko MIER","address":"Trieda 1. mája, Spišská Nová Ves, okres Spišská Nová Ves","rooms":1,"meters":34,"totalPrice":null,"meterSquarePrice":null,"link":"https://www.nehnutelnosti.sk/detail/Juvq4McmDIg/1-izbovy-byt-trieda-1-maja-sidlisko-mier","imagesUrls":["https://img.unitedclassifieds.sk/foto/NjAweDMzOC9maWx0ZXJzOnF1YWxpdHkoMTAwKS9qdWw=/gkomugwbL_fss?st=uwMbOZEqdT0GcQ1OdDxn-hN9_aj_4eiyH1aPXOjwXDA&ts=1721998369&e=0"]},{"title":"Garsónka s priestranným balkónom a pivnicou v Trenčíne, Sihoť III, Opatovská ulica","address":"Opatovská, Trenčín, okres Trenčín","rooms":null,"meters":36,"totalPrice":82900,"meterSquarePrice":8,"link":"https://www.nehnutelnosti.sk/detail/JuaG9VZXlop/garsonka-s-priestrannym-balkonom-a-pivnicou-v-trencine-sihot-iii-opatovska-ulica","imagesUrls":["https://img.nehnutelnosti.sk/foto/NjAweDMzOC9maWx0ZXJzOnF1YWxpdHkoMTAwKS9uZWg=/xVmPDtivO-_fss?st=64uGtKYDjNUbkO2a2Re4jjoeycSYNUFhZst0bc6ReNs&ts=1722407458&e=0"]},{"title":"Na predaj 1-izbový byt s balkónom v Nových Zámkoch","address":"Vajanského, Nové Zámky, okres Nové Zámky","rooms":1,"meters":36,"totalPrice":79000,"meterSquarePrice":4,"link":"https://www.nehnutelnosti.sk/detail/Jut3dVdeuaJ5/na-predaj-1-izbovy-byt-s-balkonom-v-novych-zamkoch","imagesUrls":["https://img.nehnutelnosti.sk/foto/NjAweDMzOC9maWx0ZXJzOnF1YWxpdHkoMTAwKS9uZWg=/eIYivn1wD_fss?st=-zB3jkX-ZfMTbhE9DmZVXbGXfLKqCIYWJdz2IwoOM9c&ts=1717605159&e=0"]},{"title":"Jedinečný 3 - izbový byt v centre mesta Dolný Kubín","address":"Radlinského, Dolný Kubín, okres Dolný Kubín","rooms":3,"meters":69,"totalPrice":185000,"meterSquarePrice":6,"link":"https://www.nehnutelnosti.sk/detail/JukgPkvZDEk/jedinecny-3-izbovy-byt-v-centre-mesta-dolny-kubin","imagesUrls":["https://img.nehnutelnosti.sk/foto/NjAweDMzOC9maWx0ZXJzOnF1YWxpdHkoMTAwKS9uZWg=/EuBwvtfe0_fss?st=gaOm0APlk6ALL9XZrkpzJa2oFkTpPXMo2iUj85y-uT4&ts=1706801527&e=0"]},{"title":"EXKLUZIVNE - Na predaj 2-izbový byt s loggiou v meste Šurany","address":"MDŽ, Šurany, okres Nové Zámky","rooms":2,"meters":68,"totalPrice":95500,"meterSquarePrice":1,"link":"https://www.nehnutelnosti.sk/detail/JuxlyS_Uwjw/exkluzivne-na-predaj-2-izbovy-byt-s-loggiou-v-meste-surany","imagesUrls":["https://img.nehnutelnosti.sk/foto/NjAweDMzOC9maWx0ZXJzOnF1YWxpdHkoMTAwKS9uZWg=/SwA_o8IMJG_fss?st=_OgdDFHK-zvmynqAF5OQimSuZEWnAOT4YxRq2VtGecw&ts=1722374079&e=0"]},{"title":"4 izbový byt STAŠKOV - Predaj","address":"Staškov, Staškov, okres Čadca","rooms":4,"meters":118,"totalPrice":null,"meterSquarePrice":null,"link":"https://www.nehnutelnosti.sk/detail/JuMt1tBddUc/4-izbovy-byt-staskov-predaj","imagesUrls":["https://img.unitedclassifieds.sk/foto/NjAweDMzOC9maWx0ZXJzOnF1YWxpdHkoMTAwKS9qdWw=/nFmO4O5E5_fss?st=TZo10Av0I_BGZx1IlJ0tNpOEW3BLF-f2NG3HkbVkyjE&ts=1722367204&e=0"]},{"title":"3 izbový byt v Rezidencii Pasion, Stropkov","address":"Matice Slovenskej, Stropkov, okres Stropkov","rooms":3,"meters":85,"totalPrice":148995,"meterSquarePrice":0,"link":"https://www.nehnutelnosti.sk/detail/JusjPXNdzR6/3-izbovy-byt-v-rezidencii-pasion-stropkov","imagesUrls":["https://img.unitedclassifieds.sk/foto/NjAweDMzOC9maWx0ZXJzOnF1YWxpdHkoMTAwKS9qdWw=/E4e5CmPEq_fss?st=pXPOMlLFNyp25FFu35Po4-u7AiSHZbIU3ZnBhcyfb8s&ts=1722365696&e=0"]},{"title":"Predaj garsónka, kompletne zariadená, Chrenová","address":"Nitra, okres Nitra","rooms":null,"meters":24,"totalPrice":76500,"meterSquarePrice":0,"link":"https://www.nehnutelnosti.sk/detail/Jutv9KuDVCo/predaj-garsonka-kompletne-zariadena-chrenova","imagesUrls":["https://img.nehnutelnosti.sk/foto/NjAweDMzOC9maWx0ZXJzOnF1YWxpdHkoMTAwKS9uZWg=/gRWj9FgM1_fss?st=rnW7FYfcza7YSiiMfgrgzK0WSOnJ9UhUjl-D2YUIwvs&ts=1722372524&e=0"]},{"title":"3 izbový väčší byt - Matice Slovenskej, Stropkov","address":"Matice Slovenskej, Stropkov, okres Stropkov","rooms":3,"meters":92,"totalPrice":161403,"meterSquarePrice":1,"link":"https://www.nehnutelnosti.sk/detail/Ju7MrFN0F3f/3-izbovy-vacsi-byt-matice-slovenskej-stropkov","imagesUrls":["https://img.unitedclassifieds.sk/foto/NjAweDMzOC9maWx0ZXJzOnF1YWxpdHkoMTAwKS9qdWw=/2Jy3-bt3W_fss?st=FaRosbCOXEoAuzXQBCme5PkLFZhvsxzXH9qw0932Ihc&ts=1722364174&e=0"]},{"title":"Na predaj zariadený 4-izbový byt v Šali","address":"Veča, Šaľa, okres Šaľa","rooms":4,"meters":79,"totalPrice":114990,"meterSquarePrice":7,"link":"https://www.nehnutelnosti.sk/detail/JumGKiKNnIw/na-predaj-zariadeny-4-izbovy-byt-v-sali","imagesUrls":["https://img.nehnutelnosti.sk/foto/NjAweDMzOC9maWx0ZXJzOnF1YWxpdHkoMTAwKS9uZWg=/onLV0rE1h_fss?st=n_n5zfwrP7wD-y3e-kjJDS8Lt-gZH9FWl5lUOQaiAVE&ts=1706800770&e=0"]},{"title":"2 IZBOVÝ BYT SO ZÁHRADOU V SUČANOCH - REZERVOVANÝ","address":"Hradiská, Sučany, okres Martin","rooms":2,"meters":54,"totalPrice":86900,"meterSquarePrice":6,"link":"https://www.nehnutelnosti.sk/detail/JuNFvo1uNB6/2-izbovy-byt-so-zahradou-v-sucanoch-rezervovany","imagesUrls":["https://img.unitedclassifieds.sk/foto/NjAweDMzOC9maWx0ZXJzOnF1YWxpdHkoMTAwKS9yc2Y=/iuAB34Wl0_fss?st=mXYmFo3lKtJwBr8Pb45LQ5JmYp4h1-6lxsh2vhnyxx4&ts=1720528043&e=0"]},{"title":"2 izbový byt v novostavbe Rača Gate","address":"Závadská, Bratislava III - Rača, okres Bratislava","rooms":2,"meters":50,"totalPrice":204990,"meterSquarePrice":6,"link":"https://www.nehnutelnosti.sk/detail/JuslQA6ukht/2-izbovy-byt-v-novostavbe-raca-gate","imagesUrls":["https://img.nehnutelnosti.sk/foto/NjAweDMzOC9maWx0ZXJzOnF1YWxpdHkoMTAwKS9uZWg=/z40f55FBa_fss?st=qcrDDwGMn7-ZpauKPwaQ0IBTBxCps8ruZpkZD8FjiZc&ts=1700504510&e=0"]},{"title":"REZERVOVANÝ  Štartovací 1-izbový byt, Považská ulica, Košice - Západ","address":"Považská, Košice II - Západ, okres Košice","rooms":1,"meters":27,"totalPrice":105000,"meterSquarePrice":9,"link":"https://www.nehnutelnosti.sk/detail/JuF9WlNZ4rv/rezervovany-startovaci-1-izbovy-byt-povazska-ulica-kosice-zapad","imagesUrls":["https://img.nehnutelnosti.sk/foto/NjAweDMzOC9maWx0ZXJzOnF1YWxpdHkoMTAwKS9uZWg=/Czp_p6CyI_fss?st=qiLxGXBzSZ8Eat-bHUs3Zy9kfSay5bPxIGBmUZVdwRM&ts=1717633321&e=0"]},{"title":"Príjemný 3,5-izbový byt | Moldava nad Bodvou","address":"Severná, Moldava nad Bodvou, Košice okolie, okres Košice - okolie","rooms":3,"meters":76,"totalPrice":99990,"meterSquarePrice":6,"link":"https://www.nehnutelnosti.sk/detail/JuOrSpdzb-W/prijemny-3-5-izbovy-byt-moldava-nad-bodvou","imagesUrls":["https://img.nehnutelnosti.sk/foto/NjAweDMzOC9maWx0ZXJzOnF1YWxpdHkoMTAwKS9uZWg=/0la8iitMHf_fss?st=pPa6trwotRLRpHizzPqZGKIkQeyVwHh4vBmtU5M5F0I&ts=1722353879&e=0"]},{"title":"FIEBS | Prémiový 2izbový byt s dizajnovým zariadením po kompletnej rekonštrukcii","address":"Čiližská, Bratislava II - Vrakuňa, okres Bratislava","rooms":2,"meters":45,"totalPrice":null,"meterSquarePrice":null,"link":"https://www.nehnutelnosti.sk/detail/JutvQU-uuiZ/fiebs-premiovy-2izbovy-byt-s-dizajnovym-zariadenim-po-kompletnej-rekonstrukcii","imagesUrls":["https://img.unitedclassifieds.sk/foto/NjAweDMzOC9maWx0ZXJzOnF1YWxpdHkoMTAwKS9qdWw=/g9KPKtGaf_fss?st=FkBTSnAI1ec7t48BOkZdlYOHdTfODUlTXxtJLw-9Wv4&ts=1722352576&e=0"]},{"title":"Predáme pekný priestranný 2 izb. byt v novostavbe ROZADOL.","address":"Ružová dolina, Bratislava II - Ružinov, okres Bratislava","rooms":2,"meters":65,"totalPrice":370000,"meterSquarePrice":1,"link":"https://www.nehnutelnosti.sk/detail/Ju2qygyl9So/predame-pekny-priestranny-2-izb-byt-v-novostavbe-rozadol","imagesUrls":["https://img.nehnutelnosti.sk/foto/NjAweDMzOC9maWx0ZXJzOnF1YWxpdHkoMTAwKS9uZWg=/usFSfoQ_Q_fss?st=3K8aR8oAdBLLQ5xkoC9lEavOhTxN8sgK1ZfPwA9YlFM&ts=1696579276&e=0"]},{"title":"REZERVOVANÉ: 3-IZB. BYT, BALKÓN + LODŽIA, ZAČIATOK PEZINKA","address":"Bystrická, Pezinok, okres Pezinok","rooms":3,"meters":67,"totalPrice":148000,"meterSquarePrice":4,"link":"https://www.nehnutelnosti.sk/detail/Ju46s3Cw6OI/rezervovane-3-izb-byt-balkon-lodzia-zaciatok-pezinka","imagesUrls":["https://img.nehnutelnosti.sk/foto/NjAweDMzOC9maWx0ZXJzOnF1YWxpdHkoMTAwKS9uZWg=/VaICYN3iq_fss?st=Eh2HUUlX3gqMw-8kDy-bYMdaiuvzdtPetx7eJ6GpwAw&ts=1724142160&e=0"]},{"title":"NA PREDAJ 2-izb. byt NOVOSTAVBA, Miloslavov","address":"Miloslavov, okres Senec","rooms":2,"meters":67,"totalPrice":139990,"meterSquarePrice":7,"link":"https://www.nehnutelnosti.sk/detail/JuJKDga37nB/na-predaj-2-izb-byt-novostavba-miloslavov","imagesUrls":["https://img.nehnutelnosti.sk/foto/NjAweDMzOC9maWx0ZXJzOnF1YWxpdHkoMTAwKS9uZWg=/6j00cBx3ol_fss?st=niJO6E3MwrWr14iGeEwvNQTWTEJJOctwjjpKIj9GNak&ts=1724935280&e=0"]},{"title":"2 Garsónka na predaj, rekonštruovaný byt, DOBRÝ VCHOD, Stavbárska 34, www.bestreality.sk","address":"Stavbárska, Bratislava II - Vrakuňa, okres Bratislava","rooms":null,"meters":40,"totalPrice":67000,"meterSquarePrice":5,"link":"https://www.nehnutelnosti.sk/detail/Juar7Mcydjc/2-garsonka-na-predaj-rekonstruovany-byt-dobry-vchod-stavbarska-34-www-bestreality-sk","imagesUrls":["https://img.nehnutelnosti.sk/foto/NjAweDMzOC9maWx0ZXJzOnF1YWxpdHkoMTAwKS9uZWg=/YYrQGgJGs_fss?st=KJksxnzRFAWzPTHWGGe_sDdNM-6Sy47kLZk1gTZjVz4&ts=1721104328&e=0"]},{"title":"4-izbový byt v Rosine","address":"Dolná Rosinská, Rosina, okres Žilina","rooms":4,"meters":105,"totalPrice":170900,"meterSquarePrice":2,"link":"https://www.nehnutelnosti.sk/detail/Ju2fShXvUES/4-izbovy-byt-v-rosine","imagesUrls":["https://img.unitedclassifieds.sk/foto/NjAweDMzOC9maWx0ZXJzOnF1YWxpdHkoMTAwKS9qdWw=/e7J6j30qG_fss?st=kbs6sipmfY4gGdQ4BiSm1tNKNUdYSfblRJaUFOYfbno&ts=1722346667&e=0"]},{"title":"Predané - 3I Parádny Byt | Po Úplnej Rekonštrukcii","address":"Kapusty, Detva, okres Detva","rooms":3,"meters":null,"totalPrice":null,"meterSquarePrice":null,"link":"https://www.nehnutelnosti.sk/detail/JuslqKy_NM2/predane-3i-paradny-byt-po-uplnej-rekonstrukcii","imagesUrls":["https://img.nehnutelnosti.sk/foto/NjAweDMzOC9maWx0ZXJzOnF1YWxpdHkoMTAwKS9uZWg=/RyJm1BO7c_fss?st=21SEL66JSymWRGtWX2bQNrItUzDtFH2taXXl87Pbp-s&ts=1699008517&e=0"]},{"title":"Bratislava/Staré Mesto – 4 izb. byt  v centre mesta, pri hlavnom námestí","address":"Bratislava I - Staré Mesto, okres Bratislava","rooms":4,"meters":null,"totalPrice":null,"meterSquarePrice":null,"link":"https://www.nehnutelnosti.sk/detail/JuN9TFK_YA4/bratislava-stare-mesto-4-izb-byt-v-centre-mesta-pri-hlavnom-namesti","imagesUrls":["https://img.nehnutelnosti.sk/foto/NjAweDMzOC9maWx0ZXJzOnF1YWxpdHkoMTAwKS9uZWg=/a-kN_3rqL_fss?st=-Sq_iSWXOTdMt3u6KLdO3Y3VO7nlkDuFuHvbulqNQX8&ts=1722346363&e=0"]},{"title":"Nová cena!!! Vkusný štvorizbový byt Sídlisko 1.Mája + balkón","address":"Sídlisko 1.Máj, Vranov nad Topľou, okres Vranov nad Topľou","rooms":4,"meters":81,"totalPrice":115000,"meterSquarePrice":5,"link":"https://www.nehnutelnosti.sk/detail/JuFztPdj4RU/nova-cena-vkusny-stvorizbovy-byt-sidlisko-1-maja-balkon","imagesUrls":["https://img.nehnutelnosti.sk/foto/NjAweDMzOC9maWx0ZXJzOnF1YWxpdHkoMTAwKS9uZWg=/OBEHTXlfk_fss?st=SvLZH9_iIjJ0v2DwhA6sg-k_b9WI6wVyVOumPbqs3Cc&ts=1722345703&e=0"]}]