[{"title":"HERRYS - Na predaj moderný 2-izbový byt v nadčasovej novostavbe GUTHAUS.","address":"Račianska, Bratislava III - Nové Mesto, okres Bratislava","rooms":2,"meters":59,"totalPrice":295000,"meterSquarePrice":9,"link":"https://www.nehnutelnosti.sk/detail/JuEa7GklRlo/herrys-na-predaj-moderny-2-izbovy-byt-v-nadcasovej-novostavbe-guthaus","imagesUrls":["https://img.nehnutelnosti.sk/foto/NjAweDMzOC9maWx0ZXJzOnF1YWxpdHkoMTAwKS9uZWg=/jvR1PtD0v_fss?st=NWaeXwhQJOdiONyzXRszJEwT3FaqPTtBcYekwFp4Bak&ts=1726475635&e=0","https://img.nehnutelnosti.sk/foto/MTUweDg0L2ZpbHRlcnM6cXVhbGl0eSgxMDApL25laA==/ZdVBlB2y5_fss?st=mlDL9t00cZR761alGM2sPNoI3FKjM5ZM6oTbAfMBq8E&ts=1726475635&e=0","https://img.nehnutelnosti.sk/foto/MTUweDg0L2ZpbHRlcnM6cXVhbGl0eSgxMDApL25laA==/IRLJIHhta_fss?st=6Zmh2sqkTDYV-yyQ8FKoo6LyteHqkaTZQf9cCDns0p8&ts=1726475635&e=0","https://img.nehnutelnosti.sk/foto/MTUweDg0L2ZpbHRlcnM6cXVhbGl0eSgxMDApL25laA==/hiLY-n_ug_fss?st=1M5EEiolEMtl-ChQ7dHVEBHZrh-uQYXzV0qMdyaNUA0&ts=1726475635&e=0"]},{"title":"HERRYS - Na predaj slnečný a priestranný 3 izbový byt s výhľadom na hrad v projekte Sky Park 4","address":"Bottova, Bratislava I - Staré Mesto, okres Bratislava","rooms":3,"meters":98,"totalPrice":569000,"meterSquarePrice":0,"link":"https://www.nehnutelnosti.sk/detail/JuCJk9u69qL/herrys-na-predaj-slnecny-a-priestranny-3-izbovy-byt-s-vyhladom-na-hrad-v-projekte-sky-park-4","imagesUrls":["https://img.nehnutelnosti.sk/foto/NjAweDMzOC9maWx0ZXJzOnF1YWxpdHkoMTAwKS9uZWg=/XBCk39bgA_fss?st=IRViZLYAuxBwtFgYU8tFzgWLuxHRhoroPXUjNhSSTco&ts=1726159643&e=0","https://img.nehnutelnosti.sk/foto/MTUweDg0L2ZpbHRlcnM6cXVhbGl0eSgxMDApL25laA==/mQTQQGAsYl_fss?st=7j9wm0NmQpLcaKIVvH7i3W7c3l9NpCnw7cAyysz5fTM&ts=1726159641&e=0","https://img.nehnutelnosti.sk/foto/MTUweDg0L2ZpbHRlcnM6cXVhbGl0eSgxMDApL25laA==/Gs8XlsMyB_fss?st=XFaJ_XY8DDiD3rH4yJu_s7bJuZ6c-Rd7JKh1ZssFy-Y&ts=1726159641&e=0","https://img.nehnutelnosti.sk/foto/MTUweDg0L2ZpbHRlcnM6cXVhbGl0eSgxMDApL25laA==/Z460E2TOg_fss?st=Ev86AUQn4V33TIJ_ZwsFu4Sb7E1s3LIOjpjjuDCtakE&ts=1726159641&e=0"]},{"title":"HERRYS - Na predaj priestranný a očarujúci apartmán v srdci Donovalov s vlastnou garážou","address":"Donovaly, okres Banská Bystrica","rooms":null,"meters":57,"totalPrice":219900,"meterSquarePrice":1,"link":"https://www.nehnutelnosti.sk/detail/JuS-3aZjeRV/herrys-na-predaj-priestranny-a-ocarujuci-apartman-v-srdci-donovalov-s-vlastnou-garazou","imagesUrls":["https://img.nehnutelnosti.sk/foto/NjAweDMzOC9maWx0ZXJzOnF1YWxpdHkoMTAwKS9uZWg=/eUeABjZGtn_fss?st=8z01URsybf6dK9_C5DBuP3N7x0RDqnac-XDtv6ne6U4&ts=1724870846&e=0","https://img.nehnutelnosti.sk/foto/MTUweDg0L2ZpbHRlcnM6cXVhbGl0eSgxMDApL25laA==/l_J91p7zh_fss?st=Y_6M8H61RHiODsSIQ9VXy_a4QwSTP4ZOAlaDx80fXwg&ts=1724870844&e=0","https://img.nehnutelnosti.sk/foto/MTUweDg0L2ZpbHRlcnM6cXVhbGl0eSgxMDApL25laA==/M09guSUZH_fss?st=POTW5-yVQZxboKLrMOPfJrnhxKhVx_ylLR_cf5mPL6A&ts=1724870847&e=0","https://img.nehnutelnosti.sk/foto/MTUweDg0L2ZpbHRlcnM6cXVhbGl0eSgxMDApL25laA==/Un_u_4_aj_fss?st=7QgkZZBfqvwdOw4x2ZfCz5A_x2uoCW3Z2LxlIW1HfX4&ts=1724870846&e=0"]},{"title":"HERRYS - Na predaj moderný 1 izbový apartmán na investíciu v novostavbe ZWIRN pri Dulovom Námestí","address":"Košická, Bratislava II - Ružinov, okres Bratislava","rooms":1,"meters":43,"totalPrice":260000,"meterSquarePrice":1,"link":"https://www.nehnutelnosti.sk/detail/JuuEpIDIJ1R/herrys-na-predaj-moderny-1-izbovy-apartman-na-investiciu-v-novostavbe-zwirn-pri-dulovom-namesti","imagesUrls":["https://img.nehnutelnosti.sk/foto/NjAweDMzOC9maWx0ZXJzOnF1YWxpdHkoMTAwKS9uZWg=/To7LQdr3B0_fss?st=Wrv-8nh1eHLEScVaGf2KNJuqi30rjZ_O-wJfKpJxSL4&ts=1722379669&e=0","https://img.nehnutelnosti.sk/foto/MTUweDg0L2ZpbHRlcnM6cXVhbGl0eSgxMDApL25laA==/fO9hF0BFv_fss?st=tlNFJUwE3_3U6g_4dQB8p1bbRlsYcxS_LSKw5oEcS-E&ts=1722379667&e=0","https://img.nehnutelnosti.sk/foto/MTUweDg0L2ZpbHRlcnM6cXVhbGl0eSgxMDApL25laA==/TSlEeHSSp_fss?st=zNi9Ygwy-Uk5IYeb2LruFtBCItvE7-KyL7SB5Y8ihyc&ts=1722379670&e=0","https://img.nehnutelnosti.sk/foto/MTUweDg0L2ZpbHRlcnM6cXVhbGl0eSgxMDApL25laA==/2-HjFo9Dh_fss?st=EK_pp_-0ZqmeTKUTl801pqPgdpQzZAgx6w8wEksxpEE&ts=1722379668&e=0"]},{"title":"HERRYS - Na predaj slnečný 2 izbový byt s veľkou loggiou a parkovacím státím","address":"Budatínska, Bratislava V - Petržalka, okres Bratislava","rooms":2,"meters":68,"totalPrice":215000,"meterSquarePrice":8,"link":"https://www.nehnutelnosti.sk/detail/JuixFZ2rINr/herrys-na-predaj-slnecny-2-izbovy-byt-s-velkou-loggiou-a-parkovacim-statim","imagesUrls":["https://img.nehnutelnosti.sk/foto/NjAweDMzOC9maWx0ZXJzOnF1YWxpdHkoMTAwKS9uZWg=/qsDDYcsnr_fss?st=6R7gvOp7ToiZ7tcYBY0sf79p7nFYi5PgjK7teRE8EQI&ts=1727012848&e=0","https://img.nehnutelnosti.sk/foto/MTUweDg0L2ZpbHRlcnM6cXVhbGl0eSgxMDApL25laA==/zkUukZEp_H_fss?st=oCskfEEHeVkTNvu26QK2bRFIrfQUppkHnBanHDpkYAQ&ts=1727012848&e=0","https://img.nehnutelnosti.sk/foto/MTUweDg0L2ZpbHRlcnM6cXVhbGl0eSgxMDApL25laA==/NKff5ZMNn_fss?st=ycag56mIyiwa42R99WMf8-pmwN3P2QZy321xraa99HU&ts=1727012847&e=0","https://img.nehnutelnosti.sk/foto/MTUweDg0L2ZpbHRlcnM6cXVhbGl0eSgxMDApL25laA==/aPA2HyEWN_fss?st=9PtIc2-Wc05BTLR69XMImGu4rtBY2QI2KLtqjBSxsWE&ts=1727012847&e=0"]},{"title":"HERRYS - Na predaj jedinečný luxusný 4izbový byt s dvoma priestrannými terasami s výhľadom na Dunaj","address":"Dvořákovo nábrežie, Bratislava I - Staré Mesto, okres Bratislava","rooms":4,"meters":193,"totalPrice":null,"meterSquarePrice":null,"link":"https://www.nehnutelnosti.sk/detail/JuBYd_QKZpB/herrys-na-predaj-jedinecny-luxusny-4izbovy-byt-s-dvoma-priestrannymi-terasami-s-vyhladom-na-dunaj","imagesUrls":["https://img.nehnutelnosti.sk/foto/NjAweDMzOC9maWx0ZXJzOnF1YWxpdHkoMTAwKS9uZWg=/uRNCQkCzV_fss?st=VwWyNsBZzHZK1zfy7MdTMf3pTF1zwrYz1yu1EoHy63s&ts=1726500774&e=0","https://img.nehnutelnosti.sk/foto/MTUweDg0L2ZpbHRlcnM6cXVhbGl0eSgxMDApL25laA==/V5hq1Z_ddC_fss?st=yYmnHuFiSNEn-_8zw7Ah9zvaYElzAU1L2PJLv_QQusE&ts=1726500778&e=0","https://img.nehnutelnosti.sk/foto/MTUweDg0L2ZpbHRlcnM6cXVhbGl0eSgxMDApL25laA==/-klsb0Khvx_fss?st=YKFdyQZndP34F_WZwssQDXrFZU4HqgA_gQRjK_-CLw4&ts=1726500773&e=0","https://img.nehnutelnosti.sk/foto/MTUweDg0L2ZpbHRlcnM6cXVhbGl0eSgxMDApL25laA==/XM8zTZqgF5_fss?st=XxP5votIejMox3BpNc5qM5AEyhvdF6A4NYBBqSl45zY&ts=1726500780&e=0"]},{"title":"HERRYS - Na predaj priestranný 2 izbový byt s loggiou a balkónom v zelenej lokalite Ružinov - Pošeň","address":"Šándorova, Bratislava II - Ružinov, okres Bratislava","rooms":2,"meters":64,"totalPrice":199900,"meterSquarePrice":8,"link":"https://www.nehnutelnosti.sk/detail/JuLQVk6zk-9/herrys-na-predaj-priestranny-2-izbovy-byt-s-loggiou-a-balkonom-v-zelenej-lokalite-ruzinov-posen","imagesUrls":["https://img.nehnutelnosti.sk/foto/NjAweDMzOC9maWx0ZXJzOnF1YWxpdHkoMTAwKS9uZWg=/IOmED0kSa2_fss?st=DtFJm2WuxnAtpxipRxD6-RVss4bXhbgD1AaESqeFemg&ts=1726058829&e=0","https://img.nehnutelnosti.sk/foto/MTUweDg0L2ZpbHRlcnM6cXVhbGl0eSgxMDApL25laA==/hdqIc2eyJ_fss?st=oNaoi7eoFMg9-Pdfj76vvB_nMl6W123T5zGZMTkDQLE&ts=1726058833&e=0","https://img.nehnutelnosti.sk/foto/MTUweDg0L2ZpbHRlcnM6cXVhbGl0eSgxMDApL25laA==/utpEwUkPd_fss?st=5G-PQ3JZ54cGof6HCHkLE7wyHCqSpiyL3CEc4DHlH0c&ts=1726058832&e=0","https://img.nehnutelnosti.sk/foto/MTUweDg0L2ZpbHRlcnM6cXVhbGl0eSgxMDApL25laA==/ob-obYepGn_fss?st=l3471PW91TaqBKAawetbVKz5LkJyJQvA22XrNgCX3P4&ts=1726058830&e=0"]},{"title":"HERRYS - Na predaj 3-izbový byt v Petržalke, Vígľašská ulica","address":"Vígľašská, Bratislava V - Petržalka, okres Bratislava","rooms":3,"meters":67,"totalPrice":179000,"meterSquarePrice":7,"link":"https://www.nehnutelnosti.sk/detail/JuYZKeLZfNV/herrys-na-predaj-3-izbovy-byt-v-petrzalke-viglasska-ulica","imagesUrls":["https://img.nehnutelnosti.sk/foto/NjAweDMzOC9maWx0ZXJzOnF1YWxpdHkoMTAwKS9uZWg=/9MKwSVvMx_fss?st=Z9LhulcaU06nXCnNSseQcRwbLVRCSV71NAx325Gh6qo&ts=1726483632&e=0","https://img.nehnutelnosti.sk/foto/MTUweDg0L2ZpbHRlcnM6cXVhbGl0eSgxMDApL25laA==/gHXS-ziv9_fss?st=_X7nnWXS2NFqz_zO1dJ0DEiSM6RxtmQsIUMJxDVM_BI&ts=1726483633&e=0","https://img.nehnutelnosti.sk/foto/MTUweDg0L2ZpbHRlcnM6cXVhbGl0eSgxMDApL25laA==/5M2WWeAfm_fss?st=EYYEKpaVHkJJOGhiy3L4lcI2H-vZsxMHXfVTN2Sh6cE&ts=1726483631&e=0","https://img.nehnutelnosti.sk/foto/MTUweDg0L2ZpbHRlcnM6cXVhbGl0eSgxMDApL25laA==/Ej2xsA_D_W_fss?st=mYxU5lUiREFmc95Zm8HQFfz5dwX3ylzEPBqAy_hy0dw&ts=1726483633&e=0"]},{"title":"HERRYS - Na predaj 2 izbový byt po kompletnej rekonštrukcii s parkovacím miestom","address":"Vlčie hrdlo, Bratislava II - Ružinov, okres Bratislava","rooms":2,"meters":30,"totalPrice":109990,"meterSquarePrice":4,"link":"https://www.nehnutelnosti.sk/detail/JuhG46wssSI/herrys-na-predaj-2-izbovy-byt-po-kompletnej-rekonstrukcii-s-parkovacim-miestom","imagesUrls":["https://img.nehnutelnosti.sk/foto/NjAweDMzOC9maWx0ZXJzOnF1YWxpdHkoMTAwKS9uZWg=/djUAIOoW9N_fss?st=Ew4iTqEwTGoFiGh-Mg_CIi1iPqpotcKgRdafyNnsKiE&ts=1726487221&e=0","https://img.nehnutelnosti.sk/foto/MTUweDg0L2ZpbHRlcnM6cXVhbGl0eSgxMDApL25laA==/JimteUsKx_fss?st=tgELrIB1HVsnrXEmE5nXQATXd1jdsWkPMSydYrOB7bo&ts=1726487222&e=0","https://img.nehnutelnosti.sk/foto/MTUweDg0L2ZpbHRlcnM6cXVhbGl0eSgxMDApL25laA==/HgEXPBSJQV_fss?st=sDwei4D-3TX0nXPtYsEj-5p9vo44Ea6G7WRDVUXvPCA&ts=1726487221&e=0","https://img.nehnutelnosti.sk/foto/MTUweDg0L2ZpbHRlcnM6cXVhbGl0eSgxMDApL25laA==/FVuKlvcJLj_fss?st=egNuBe-Pvu9JjUTzrvpDtS9kdvsVBMyoWsw0lWOEc8A&ts=1726487220&e=0"]},{"title":"Predaj staromestský veľkometrážny 4 izbový byt o rozlohe 94 m2 s loggiou s pivničnou kobkou na Košic","address":"Košická, Bratislava II - Ružinov, okres Bratislava","rooms":4,"meters":94,"totalPrice":359000,"meterSquarePrice":5,"link":"https://www.nehnutelnosti.sk/detail/Juo_0D1TSxU/predaj-staromestsky-velkometrazny-4-izbovy-byt-o-rozlohe-94-m2-s-loggiou-s-pivnicnou-kobkou-na-kosic","imagesUrls":["https://img.nehnutelnosti.sk/foto/NjAweDMzOC9maWx0ZXJzOnF1YWxpdHkoMTAwKS9uZWg=/L4qP7U8gu_fss?st=dXqaFg0TDLef50LjcFpig3EskfeQUajyTFVh_wBTFUI&ts=1724087119&e=0","https://img.nehnutelnosti.sk/foto/MTUweDg0L2ZpbHRlcnM6cXVhbGl0eSgxMDApL25laA==/WJddnYs1H_fss?st=_QEzZA1Hnx7lpDj1pd6ElF-zqdoHsCpzEwbT_GzNwNg&ts=1724087118&e=0"]},{"title":"Nadštandardný 3-izbový byt v Trebaticiach","address":"Dúhová 513/1, Trebatice, okres Piešťany","rooms":3,"meters":72,"totalPrice":143000,"meterSquarePrice":1,"link":"https://www.nehnutelnosti.sk/detail/JuoevhaMUb2/nadstandardny-3-izbovy-byt-v-trebaticiach","imagesUrls":["https://img.nehnutelnosti.sk/foto/NjAweDMzOC9maWx0ZXJzOnF1YWxpdHkoMTAwKS9uZWg=/7dLiNpeTW_fss?st=9GEoT010FJerGLYdaSCgFQsQoE_TiHHoxIsLtParEM0&ts=1727027385&e=0","https://img.nehnutelnosti.sk/foto/MTUweDg0L2ZpbHRlcnM6cXVhbGl0eSgxMDApL25laA==/d0RNYV5Mnd_fss?st=U_0qRkW1Ahp-0XKmiftZbxOv8gZ2pJVa02VMRm3DZSA&ts=1727027385&e=0","https://img.nehnutelnosti.sk/foto/MTUweDg0L2ZpbHRlcnM6cXVhbGl0eSgxMDApL25laA==/g_bU2POSv_fss?st=DOg-W1ERZ1cZzM1zFVj7u7tke2WoNbrOohDO7XlJ2LI&ts=1727027379&e=0","https://img.nehnutelnosti.sk/foto/MTUweDg0L2ZpbHRlcnM6cXVhbGl0eSgxMDApL25laA==/xhIkVHw0x_fss?st=xoMZrWfYQXEdYGX3Wzn2kkRSZADsGKylpl5P_kCrS2g&ts=1727027383&e=0"]},{"title":"Priestranný 4 izbový Byt v Ružinove Kompletne zariadený","address":"Tomášikova 5, Bratislava II - Ružinov, okres Bratislava","rooms":4,"meters":133,"totalPrice":519500,"meterSquarePrice":2,"link":"https://www.nehnutelnosti.sk/detail/JurLpJTZfI0/priestranny-4-izbovy-byt-v-ruzinove-kompletne-zariadeny","imagesUrls":["https://img.unitedclassifieds.sk/foto/NjAweDMzOC9maWx0ZXJzOnF1YWxpdHkoMTAwKS9qdWw=/lIqEaFLjy_fss?st=IWSDd2v4yk4issCI3dTGzyBvietYY5c3HvDBC2AB_EI&ts=1724175970&e=0","https://img.unitedclassifieds.sk/foto/MTUweDg0L2ZpbHRlcnM6cXVhbGl0eSgxMDApL2p1bA==/wOgXlaVcL_fss?st=BI1elrj3oF2mszv90UsofuOLGdoeXniI5bGJDOJd1AU&ts=1724175978&e=0","https://img.unitedclassifieds.sk/foto/MTUweDg0L2ZpbHRlcnM6cXVhbGl0eSgxMDApL2p1bA==/_F8h-YRuL_fss?st=wsn-UFOCzpQQAObpDkrTy4X8I-jorj6tAb-QqjSnswU&ts=1724176017&e=0","https://img.unitedclassifieds.sk/foto/MTUweDg0L2ZpbHRlcnM6cXVhbGl0eSgxMDApL2p1bA==/wS0MXfHBe_fss?st=SKaaCRhR81Fow-If94ANpV6WlGHgTTD0DdQJd55n5xg&ts=1724175990&e=0"]},{"title":"V DÚBRAVKE PONÚKAME NA PREDAJ 1 IZBOVÝ BYT V ZATEPLENOM DOME","address":"Bílikova, Bratislava IV - Dúbravka, okres Bratislava","rooms":1,"meters":37,"totalPrice":119500,"meterSquarePrice":3,"link":"https://www.nehnutelnosti.sk/detail/JuXS-8rRJYO/v-dubravke-ponukame-na-predaj-1-izbovy-byt-v-zateplenom-dome","imagesUrls":["https://img.nehnutelnosti.sk/foto/NjAweDMzOC9maWx0ZXJzOnF1YWxpdHkoMTAwKS9uZWg=/rqgefQdGS_fss?st=8xILPdZa14LDMqowLElYLkCYGeYyVF4UMJ4mSiTNIEA&ts=1727019695&e=0","https://img.nehnutelnosti.sk/foto/MTUweDg0L2ZpbHRlcnM6cXVhbGl0eSgxMDApL25laA==/6qPBCVJPCo_fss?st=yE7v5x9I8eDj2YKUl8htDQn7_9rascVCOIX8MmuLb-M&ts=1727019692&e=0","https://img.nehnutelnosti.sk/foto/MTUweDg0L2ZpbHRlcnM6cXVhbGl0eSgxMDApL25laA==/v9o0nwULC_fss?st=izj2cRyQJJi1ItWgCmlO31kDRU1OMRBXZhItdE1kwK8&ts=1727019694&e=0","https://img.nehnutelnosti.sk/foto/MTUweDg0L2ZpbHRlcnM6cXVhbGl0eSgxMDApL25laA==/pZLhmCl2D_fss?st=4IwjNPspmGbiCjeoEexyJx3ica79kcPHRBkAeM2nY70&ts=1727019692&e=0"]},{"title":"Predám 2 izbový byt Šala, ul. Horná","address":"Horná, Šaľa, okres Šaľa","rooms":2,"meters":64,"totalPrice":84000,"meterSquarePrice":0,"link":"https://www.nehnutelnosti.sk/detail/JuJi3-R_Z4o/predam-2-izbovy-byt-sala-ul-horna","imagesUrls":["https://img.nehnutelnosti.sk/foto/NjAweDMzOC9maWx0ZXJzOnF1YWxpdHkoMTAwKS9uZWg=/9yZ33cpz5j_fss?st=WgLOK5yqIbgAK7-01TghQowQmm65PK23rI8ASxb1iGc&ts=1712766278&e=0","https://img.nehnutelnosti.sk/foto/MTUweDg0L2ZpbHRlcnM6cXVhbGl0eSgxMDApL25laA==/oPXJCcMBE_fss?st=swUkSjYQvNxTSAja2rjZuHqWZ9wsG6pQd6S962u_CRE&ts=1712766276&e=0","https://img.nehnutelnosti.sk/foto/MTUweDg0L2ZpbHRlcnM6cXVhbGl0eSgxMDApL25laA==/CjyAbMODG_fss?st=gLpwLp-Cy2JykYxXNFp8HWILJXrDxv0b8Z-F9OCSLv8&ts=1712766278&e=0","https://img.nehnutelnosti.sk/foto/MTUweDg0L2ZpbHRlcnM6cXVhbGl0eSgxMDApL25laA==/kC5XZNrvA_fss?st=GxZvvUvn_J6mWrMqF3TZaSEKRnvs9CFvFNZ-AjhAPLk&ts=1712766277&e=0"]},{"title":"PREDAJ 3izb. byt, 130m2, TERASA, GARÁŽ - Vrakunská ulica","address":"Vrakunská, Bratislava II - Podunajské Biskupice, okres Bratislava","rooms":3,"meters":90,"totalPrice":256000,"meterSquarePrice":3,"link":"https://www.nehnutelnosti.sk/detail/JuXchmC6RpC/predaj-3izb-byt-130m2-terasa-garaz-vrakunska-ulica","imagesUrls":["https://img.unitedclassifieds.sk/foto/NjAweDMzOC9maWx0ZXJzOnF1YWxpdHkoMTAwKS9qdWw=/7SJq3O3q8_fss?st=QIFkFdBB6me1Nga331hvrB2THD9jv2hi5pVhmoBVOS4&ts=1726057640&e=0","https://img.unitedclassifieds.sk/foto/MTUweDg0L2ZpbHRlcnM6cXVhbGl0eSgxMDApL2p1bA==/1nRh6sudU_fss?st=boJQebWzxYOcJ3dYB3bSbTQicHCzZlXprZJPOfM_P4w&ts=1726057639&e=0","https://img.unitedclassifieds.sk/foto/MTUweDg0L2ZpbHRlcnM6cXVhbGl0eSgxMDApL2p1bA==/RAyUnaAyb_fss?st=-rg3nZoP_lpi-41pl6Bdw3RRv4EPdTR3mMEw3jAaDsA&ts=1726057638&e=0","https://img.unitedclassifieds.sk/foto/MTUweDg0L2ZpbHRlcnM6cXVhbGl0eSgxMDApL2p1bA==/aJz5FKR3y_fss?st=l977LKQSfFRXoRKkzJhefPlchQvl2qFENaXnuRKb6Q0&ts=1726057636&e=0"]},{"title":"Krásny veľkometrážny 2-izb.byt","address":"Berlínska, Žilina - Vlčince, okres Žilina","rooms":2,"meters":69,"totalPrice":167000,"meterSquarePrice":9,"link":"https://www.nehnutelnosti.sk/detail/JutV8UoyMwT/krasny-velkometrazny-2-izb-byt","imagesUrls":["https://img.nehnutelnosti.sk/foto/NjAweDMzOC9maWx0ZXJzOnF1YWxpdHkoMTAwKS9uZWg=/g9RTJWsph_fss?st=A6vg6fPGVFZ2XPVgeKbC_4rHEs8cMfO5NYYZKgdF47o&ts=1727023724&e=0","https://img.nehnutelnosti.sk/foto/MTUweDg0L2ZpbHRlcnM6cXVhbGl0eSgxMDApL25laA==/moKfq3kHi_fss?st=yZxdfayi7Glk2c13u1cHnVuMqGyfmYt2dJ7oXxEJeqY&ts=1727023723&e=0","https://img.nehnutelnosti.sk/foto/MTUweDg0L2ZpbHRlcnM6cXVhbGl0eSgxMDApL25laA==/cbnrJXTKcw_fss?st=hL6h3TQyBjeO8Xmy5pUrzqNX3zAKtu_YIoR-v2YzO-o&ts=1727023724&e=0","https://img.nehnutelnosti.sk/foto/MTUweDg0L2ZpbHRlcnM6cXVhbGl0eSgxMDApL25laA==/00A4JoJCL_fss?st=WslVf7kIjE67m01vlDZt21B5fai0IeR6SzmndkaLzPk&ts=1727023727&e=0"]},{"title":"LEVEL REAL - NA PREDAJ 2 – IZBOVÝ BYT V BYTOVOM DOME BROSKYŇOVÁ","address":"Dubová, Miloslavov, okres Senec","rooms":2,"meters":57,"totalPrice":129990,"meterSquarePrice":3,"link":"https://www.nehnutelnosti.sk/detail/JuAZTfcdY-d/level-real-na-predaj-2-izbovy-byt-v-bytovom-dome-broskynova","imagesUrls":["https://img.nehnutelnosti.sk/foto/NjAweDMzOC9maWx0ZXJzOnF1YWxpdHkoMTAwKS9uZWg=/8UnvJfPlu_fss?st=2048NUN7ZZkyO3QqimuHvDkQyMap3lPoihakLjlIZhA&ts=1722845666&e=0","https://img.nehnutelnosti.sk/foto/MTUweDg0L2ZpbHRlcnM6cXVhbGl0eSgxMDApL25laA==/-70_FEdw6_fss?st=t9xlvgduPwXiFvnYtcJZgkqkBG_TxhaDBL8R4nofTOc&ts=1722845666&e=0","https://img.nehnutelnosti.sk/foto/MTUweDg0L2ZpbHRlcnM6cXVhbGl0eSgxMDApL25laA==/wWWeJmu8e_fss?st=XlYHD6XD5z1JR-SG3CxLutIDU5c6QbmOg3O2bXeyTRg&ts=1722845666&e=0","https://img.nehnutelnosti.sk/foto/MTUweDg0L2ZpbHRlcnM6cXVhbGl0eSgxMDApL25laA==/Xo-Xx_TSZ_fss?st=buzvc1rNRXAM8qptG9ODVhUnpZRVzWZWKrajTiErSR8&ts=1722845666&e=0"]},{"title":"Na predaj moderná garsónka s garážovým státím v Rači","address":"Na pasekách, Bratislava III - Rača, okres Bratislava","rooms":null,"meters":25,"totalPrice":132000,"meterSquarePrice":0,"link":"https://www.nehnutelnosti.sk/detail/JuSQwyMdCfM/na-predaj-moderna-garsonka-s-garazovym-statim-v-raci","imagesUrls":["https://img.unitedclassifieds.sk/foto/NjAweDMzOC9maWx0ZXJzOnF1YWxpdHkoMTAwKS9qdWw=/GtXofHYVv_fss?st=o248HVRPcxBbU9rFhTqp7-cJ_BtoPn5cDGVLyOIyQag&ts=1726487197&e=0","https://img.unitedclassifieds.sk/foto/MTUweDg0L2ZpbHRlcnM6cXVhbGl0eSgxMDApL2p1bA==/ca-LyqKLU_fss?st=p99r9vv8Ln_ULjrTx_UlVVnjB5lDTkga2-_OhN99aB8&ts=1726487199&e=0","https://img.unitedclassifieds.sk/foto/MTUweDg0L2ZpbHRlcnM6cXVhbGl0eSgxMDApL2p1bA==/0eKwY_vVE_fss?st=bmKvLnkB4QQOPsTWQu-ffDKW2J-pAcExepMv0lCgY90&ts=1726487196&e=0","https://img.unitedclassifieds.sk/foto/MTUweDg0L2ZpbHRlcnM6cXVhbGl0eSgxMDApL2p1bA==/iXXuU__ev_fss?st=_T5fM5ztRuokQaeZ6uWfmcgDsowCQVfNlgQfqkmuors&ts=1726487199&e=0"]},{"title":"VYDRICA | 1,5 IZBOVÝ BYT S LOGGIOU, BRATISLAVA – STARÉ MESTO","address":"Žižkova, Bratislava I - Staré Mesto, okres Bratislava","rooms":1,"meters":46,"totalPrice":379750,"meterSquarePrice":1,"link":"https://www.nehnutelnosti.sk/detail/Jux63kap7ui/vydrica-1-5-izbovy-byt-s-loggiou-bratislava-stare-mesto","imagesUrls":["https://img.unitedclassifieds.sk/foto/NjAweDMzOC9maWx0ZXJzOnF1YWxpdHkoMTAwKS9qdWw=/tyiSsOsnp_fss?st=Yojuq8kkr2k5mi720C9QrLE0UKGbrZ5veB9oMLpR038&ts=1715263815&e=0","https://img.unitedclassifieds.sk/foto/MTUweDg0L2ZpbHRlcnM6cXVhbGl0eSgxMDApL2p1bA==/nEeA-TOYy_fss?st=kM336_nxzJYjLBi4A2hjnkNNciw-ZE3zVidxyNYzo1A&ts=1715263817&e=0","https://img.unitedclassifieds.sk/foto/MTUweDg0L2ZpbHRlcnM6cXVhbGl0eSgxMDApL2p1bA==/mGJPutnVC_fss?st=gjnkUAoVdkUj4pJV8k3d8H3fQj7G6L8LjR4PRnv7Kdk&ts=1715263818&e=0","https://img.unitedclassifieds.sk/foto/MTUweDg0L2ZpbHRlcnM6cXVhbGl0eSgxMDApL2p1bA==/JGQgH-b-B_fss?st=tIRTE3ZWsRhnxR2h9ESwhmYxb9r8F3X1vjnChko81ZM&ts=1715263819&e=0"]},{"title":"VYDRICA | 1 IZBOVÝ BYT, BRATISLAVA – STARÉ MESTO","address":"Žižkova, Bratislava I - Staré Mesto, okres Bratislava","rooms":1,"meters":23,"totalPrice":265750,"meterSquarePrice":3,"link":"https://www.nehnutelnosti.sk/detail/JulLyiMXzzD/vydrica-1-izbovy-byt-bratislava-stare-mesto","imagesUrls":["https://img.unitedclassifieds.sk/foto/NjAweDMzOC9maWx0ZXJzOnF1YWxpdHkoMTAwKS9qdWw=/UQ2dqaHHo_fss?st=t2RMJkYSUS46jaFZnyajARDrqOfuhn8ATZxR06dYH24&ts=1715264090&e=0","https://img.unitedclassifieds.sk/foto/MTUweDg0L2ZpbHRlcnM6cXVhbGl0eSgxMDApL2p1bA==/s6qSje_UH_fss?st=i--ljj0uNtD8Xp9Pqm31iy_Zx3webxcVMqeKKlG0hRs&ts=1715264090&e=0","https://img.unitedclassifieds.sk/foto/MTUweDg0L2ZpbHRlcnM6cXVhbGl0eSgxMDApL2p1bA==/36qcKj73G_fss?st=MXLXe7KLmvsH-jgAHlA5a47XG1B0-k32qONrqaKeqPE&ts=1715264091&e=0","https://img.unitedclassifieds.sk/foto/MTUweDg0L2ZpbHRlcnM6cXVhbGl0eSgxMDApL2p1bA==/_yYZbBRrR_fss?st=1vH7v55uEvww4yrKsLFpGQ0k55izS5b31qHXszR9I9E&ts=1715264091&e=0"]},{"title":"NOVÁ PONUKA – Slnečný 3i byt s balkónom vo vyhľadávanej časti Pezinka !","address":"Bystrická, Pezinok, okres Pezinok","rooms":3,"meters":66,"totalPrice":184500,"meterSquarePrice":5,"link":"https://www.nehnutelnosti.sk/detail/JuCmZxLOofn/nova-ponuka-slnecny-3i-byt-s-balkonom-vo-vyhladavanej-casti-pezinka","imagesUrls":["https://img.unitedclassifieds.sk/foto/NjAweDMzOC9maWx0ZXJzOnF1YWxpdHkoMTAwKS9yc2Y=/SfLjErr6y_fss?st=8nhvkhZFaq5Vh8frr7Z0YAATuwZ2imQdXtYVtjwtHhQ&ts=1723562925&e=0","https://img.unitedclassifieds.sk/foto/MTUweDg0L2ZpbHRlcnM6cXVhbGl0eSgxMDApL3JzZg==/YWQ-LRB3Z_fss?st=n9SGkNhmEdNPOCIeYJikz0qtcQWzM6EqCPxt6ovyFu8&ts=1723562973&e=0","https://img.unitedclassifieds.sk/foto/MTUweDg0L2ZpbHRlcnM6cXVhbGl0eSgxMDApL3JzZg==/CrTj9vsxC_fss?st=dhx9Jcg0zev0GqvqEejJPLUo4NK3xGoFOqk43j32AJs&ts=1723562976&e=0","https://img.unitedclassifieds.sk/foto/MTUweDg0L2ZpbHRlcnM6cXVhbGl0eSgxMDApL3JzZg==/sQftdc1ET_fss?st=JFdZ-0fwGDzKqUsF70wArzCF1tYqUY-lH9P3aYnDsW0&ts=1723562978&e=0"]},{"title":"BA Ružinov - KRÁSNY, ZREKONŠTRUOVANÝ A ZARIADENÝ 3i BYT - Martinčekova ul., 70 M2, výborná lokalita,","address":"Martinčekova, Bratislava II - Ružinov, okres Bratislava","rooms":3,"meters":70,"totalPrice":259990,"meterSquarePrice":4,"link":"https://www.nehnutelnosti.sk/detail/JuoOg4_T9gd/ba-ruzinov-krasny-zrekonstruovany-a-zariadeny-3i-byt-martincekova-ul-70-m2-vyborna-lokalita","imagesUrls":["https://img.nehnutelnosti.sk/foto/NjAweDMzOC9maWx0ZXJzOnF1YWxpdHkoMTAwKS9uZWg=/XJ0dpdRaGo_fss?st=Hb7Tn5QjFLLg6gaGJlXKmAOxQ_W_020QiRmzjeyQYEc&ts=1724528264&e=0","https://img.nehnutelnosti.sk/foto/MTUweDg0L2ZpbHRlcnM6cXVhbGl0eSgxMDApL25laA==/a9bGjfYOG_fss?st=oigiOjCEZYKBgBtD9GFHeOeyrdZLK5yaxqHwVwDLioE&ts=1724528263&e=0","https://img.nehnutelnosti.sk/foto/MTUweDg0L2ZpbHRlcnM6cXVhbGl0eSgxMDApL25laA==/wgDX-2RQMt_fss?st=gSa5g1WRPQj4Ne2iJZrgimQfTOMbcaafJxGHj1niLc4&ts=1724528264&e=0","https://img.nehnutelnosti.sk/foto/MTUweDg0L2ZpbHRlcnM6cXVhbGl0eSgxMDApL25laA==/LxQQea8Ab_fss?st=fa6jN54UIgKn6GzDZ6vkoZXetQeWmqokXvbwrBm6M0U&ts=1724528263&e=0"]},{"title":"NOVÁ CENA: ZĽAVA 5.000€  BA Petržalka - krásny, zrekonštruovaný a zariadený 4i byt - Vilová ul.,  ga","address":"Vilová, Bratislava V - Petržalka, okres Bratislava","rooms":4,"meters":86,"totalPrice":294990,"meterSquarePrice":2,"link":"https://www.nehnutelnosti.sk/detail/Jul5y9M5uoy/nova-cena-zlava-5-000-ba-petrzalka-krasny-zrekonstruovany-a-zariadeny-4i-byt-vilova-ul-ga","imagesUrls":["https://img.nehnutelnosti.sk/foto/NjAweDMzOC9maWx0ZXJzOnF1YWxpdHkoMTAwKS9uZWg=/IJL3mjBFh8_fss?st=0BiYVmJqAUuGX01wnloCXfXQzqrcydHlyjNbFaQn9Bk&ts=1718304858&e=0","https://img.nehnutelnosti.sk/foto/MTUweDg0L2ZpbHRlcnM6cXVhbGl0eSgxMDApL25laA==/1YlsrZ9Ik2_fss?st=P9F7XZDZe3iX6tX5c3gQ4Lyk0_BgYO9_dJvjv1jQXPs&ts=1718304859&e=0","https://img.nehnutelnosti.sk/foto/MTUweDg0L2ZpbHRlcnM6cXVhbGl0eSgxMDApL25laA==/756ioLYt3E_fss?st=x95F-Kn_hqlV_uk9RSZAN39br3SQBYIboFuftM1eLSI&ts=1718304858&e=0","https://img.nehnutelnosti.sk/foto/MTUweDg0L2ZpbHRlcnM6cXVhbGl0eSgxMDApL25laA==/lFAl6kOWj_fss?st=z1NpJI64Birj1gL_Lft-fR40BVVI9mHP4DBBR4rXd-I&ts=1718304858&e=0"]},{"title":"Na predaj 2 izbový byt s loggiou v skolaudovanom bytovom dome - Byty Rozálka","address":"Sasinkova, Pezinok, okres Pezinok","rooms":2,"meters":70,"totalPrice":205917,"meterSquarePrice":7,"link":"https://www.nehnutelnosti.sk/detail/Juk4za-H7Up/na-predaj-2-izbovy-byt-s-loggiou-v-skolaudovanom-bytovom-dome-byty-rozalka","imagesUrls":["https://img.nehnutelnosti.sk/foto/NjAweDMzOC9maWx0ZXJzOnF1YWxpdHkoMTAwKS9uZWg=/fqo5qb5MW_fss?st=ToW90X32gVPGfQAbQUtzWz7tIfLZOcSmoGlien47k_k&ts=1726785258&e=0","https://img.nehnutelnosti.sk/foto/MTUweDg0L2ZpbHRlcnM6cXVhbGl0eSgxMDApL25laA==/WCacRcaPLK_fss?st=7dxEw3fKO7zTyXsVS2iYZlXYjo8hTY1jWtAXMICuBu8&ts=1726785257&e=0","https://img.nehnutelnosti.sk/foto/MTUweDg0L2ZpbHRlcnM6cXVhbGl0eSgxMDApL25laA==/e9CJz5lg5_fss?st=sxpQtsiTEl3mGDie56jx1vOLVG6Zy--Je05x1M6i2uo&ts=1726785256&e=0","https://img.nehnutelnosti.sk/foto/MTUweDg0L2ZpbHRlcnM6cXVhbGl0eSgxMDApL25laA==/V2nTrHD8X_fss?st=xQifURUmTCZdmUm05rnQfa1Phzq0Xj5smJ4Zx8Cs1UI&ts=1726785257&e=0"]},{"title":"Topoľčianska I bývajte pri Draždiaku I","address":"Topoľčianska, Bratislava V - Petržalka, okres Bratislava","rooms":null,"meters":42,"totalPrice":210900,"meterSquarePrice":7,"link":"https://www.nehnutelnosti.sk/detail/JuFPqAXoD9K/topolcianska-i-byvajte-pri-drazdiaku-i","imagesUrls":["https://img.nehnutelnosti.sk/foto/NjAweDMzOC9maWx0ZXJzOnF1YWxpdHkoMTAwKS9uZWg=/Z3iVmjA1H_fss?st=0iKrNefM_slpJx_hOB-chpwMbOlaXJpmwv1ruZ5ocwI&ts=1720540906&e=0","https://img.nehnutelnosti.sk/foto/MTUweDg0L2ZpbHRlcnM6cXVhbGl0eSgxMDApL25laA==/gzrhqC8X_Z_fss?st=I9jg3vzxlbAeZd6rRpAPWlQ3pzn0uO_mWoKyYJNgv2k&ts=1720540906&e=0","https://img.nehnutelnosti.sk/foto/MTUweDg0L2ZpbHRlcnM6cXVhbGl0eSgxMDApL25laA==/33cp4_vyY_fss?st=ceIyYfD20iEDbLdIp3vVMvD8UxtbW2-jKvXKDC207mc&ts=1720540906&e=0","https://img.nehnutelnosti.sk/foto/MTUweDg0L2ZpbHRlcnM6cXVhbGl0eSgxMDApL25laA==/kbTHKT7Od_fss?st=OogVOJDRLObvFfXv2iUi17hPnHIoRYJsa-Yowk08CF0&ts=1720540906&e=0"]},{"title":"BOSEN | Na predaj 4 izbový byt so záhradou a parkovaním, Slnečná-Marianka","address":"Slnečná, Marianka, okres Malacky","rooms":4,"meters":179,"totalPrice":null,"meterSquarePrice":null,"link":"https://www.nehnutelnosti.sk/detail/Ju-bJ8fMFp4/bosen-na-predaj-4-izbovy-byt-so-zahradou-a-parkovanim-slnecna-marianka","imagesUrls":["https://img.nehnutelnosti.sk/foto/NjAweDMzOC9maWx0ZXJzOnF1YWxpdHkoMTAwKS9uZWg=/n9awV8jBa-_fss?st=9QnyFvjsgioJqzE_AOIbiG_6Jgz_lVxjEU8HrfITzp4&ts=1720635730&e=0","https://img.nehnutelnosti.sk/foto/MTUweDg0L2ZpbHRlcnM6cXVhbGl0eSgxMDApL25laA==/EAETmeLdD7_fss?st=rd3knTNQglA4O9JMxVSXZAnyPIZ2oCV9drqSkyXFveQ&ts=1720635728&e=0","https://img.nehnutelnosti.sk/foto/MTUweDg0L2ZpbHRlcnM6cXVhbGl0eSgxMDApL25laA==/z-A0Hx13j_fss?st=fmaVAnJ6P8FjXEXwXsDA4sWTNXE9IgWZKe7DjGW-7OE&ts=1720635728&e=0","https://img.nehnutelnosti.sk/foto/MTUweDg0L2ZpbHRlcnM6cXVhbGl0eSgxMDApL25laA==/I3VRfrL8Sx_fss?st=OhYuAuoGtik2rAPPNORpl5MJqQwKNqOuARrHbKd_h0c&ts=1720635732&e=0"]},{"title":"Alžbetin Dvor | 4 IZB. BYT S BALKÓNOM, KOBKOU A PARKOVANÍM","address":"Lesná, Miloslavov, okres Senec","rooms":4,"meters":95,"totalPrice":185000,"meterSquarePrice":7,"link":"https://www.nehnutelnosti.sk/detail/JuUH88b59EW/alzbetin-dvor-4-izb-byt-s-balkonom-kobkou-a-parkovanim","imagesUrls":["https://img.nehnutelnosti.sk/foto/NjAweDMzOC9maWx0ZXJzOnF1YWxpdHkoMTAwKS9uZWg=/pItU3cOkH_fss?st=4yYJYVMhtLmCYO-zV0vxBNTMAq9LYgpCxRtX4N1tLAc&ts=1727011839&e=0","https://img.nehnutelnosti.sk/foto/MTUweDg0L2ZpbHRlcnM6cXVhbGl0eSgxMDApL25laA==/JwFaC6XSIk_fss?st=u6HCRmePS0wSUsezMAyUZbgEzssIXTU4vOCESInQNs8&ts=1727011842&e=0","https://img.nehnutelnosti.sk/foto/MTUweDg0L2ZpbHRlcnM6cXVhbGl0eSgxMDApL25laA==/uzW72R6PdU_fss?st=BhkS9BkrF-6zceX0r6uD88EulPNIDhCuzue8Av0uYww&ts=1727011839&e=0","https://img.nehnutelnosti.sk/foto/MTUweDg0L2ZpbHRlcnM6cXVhbGl0eSgxMDApL25laA==/JMdty_pUs_fss?st=YJ7CNy1JS4A-utA2led1s29oP6q-zIagDxz0RFCf8w4&ts=1727011840&e=0"]},{"title":"✅4izb. priestranný a svetlý byt, 78m2","address":"Závadská, Bratislava III - Rača, okres Bratislava","rooms":4,"meters":79,"totalPrice":209000,"meterSquarePrice":7,"link":"https://www.nehnutelnosti.sk/detail/Ju7SQ5io0JuH/4izb-priestranny-a-svetly-byt-78m2","imagesUrls":["https://img.nehnutelnosti.sk/foto/NjAweDMzOC9maWx0ZXJzOnF1YWxpdHkoMTAwKS9uZWg=/nuPTqQYeDv_fss?st=8ydf3yOVKZQ7e5MjIvQJcspd6IxnqxDGO06yyeMO2EE&ts=1726671735&e=0","https://img.nehnutelnosti.sk/foto/MTUweDg0L2ZpbHRlcnM6cXVhbGl0eSgxMDApL25laA==/fuF9iDe0v_fss?st=mk_0sLTCAu4hqAKp4r89UDpgtQFL4zHM5V-_X934eA8&ts=1726671729&e=0","https://img.nehnutelnosti.sk/foto/MTUweDg0L2ZpbHRlcnM6cXVhbGl0eSgxMDApL25laA==/vS5kvux8--_fss?st=BT-y3U5LY3GH1NeqR-HgsA42AWnyXSP6uBxuFuAc4Xo&ts=1726671732&e=0","https://img.nehnutelnosti.sk/foto/MTUweDg0L2ZpbHRlcnM6cXVhbGl0eSgxMDApL25laA==/MKZRC1CPE_fss?st=BveP_PQPWIQH-h-k6C3TlneMN5FQNnRgWr6Mco0sSyQ&ts=1726671730&e=0"]},{"title":"Penthouse s úžasným výhľadom a veľkolepou terasou","address":"Hurbanova 22, Banská Bystrica, okres Banská Bystrica","rooms":4,"meters":450,"totalPrice":524980,"meterSquarePrice":2,"link":"https://www.nehnutelnosti.sk/detail/JuXtfhBYp21/penthouse-s-uzasnym-vyhladom-a-velkolepou-terasou","imagesUrls":["https://img.nehnutelnosti.sk/foto/NjAweDMzOC9maWx0ZXJzOnF1YWxpdHkoMTAwKS9uZWg=/hoRFNWiLn_fss?st=YJf_L2x3swzXdpcFvKs53f1PfiEr8FPq_Jh-2-08LLk&ts=1725288901&e=0","https://img.nehnutelnosti.sk/foto/MTUweDg0L2ZpbHRlcnM6cXVhbGl0eSgxMDApL25laA==/H7800NQ0F_fss?st=TPjtUC4e37DTer72N_7S2XFpXHHcCK3Ti5B1tPMZ3is&ts=1725288906&e=0","https://img.nehnutelnosti.sk/foto/MTUweDg0L2ZpbHRlcnM6cXVhbGl0eSgxMDApL25laA==/3Cr-SQqEu6_fss?st=-eHxXxdqm0vY80Ev3_wWfd-TohcGTH_UgJSAv-fPA-Q&ts=1725288906&e=0","https://img.nehnutelnosti.sk/foto/MTUweDg0L2ZpbHRlcnM6cXVhbGl0eSgxMDApL25laA==/Nzr6lNy9B_fss?st=7SAvs3mIJSoeeR2EueasX1ou5DBjJ8WOHwXf3eo26DA&ts=1725288907&e=0"]},{"title":"Reality & Bývanie: Rezidenčné bývanie v 2i byte s loggiou na Nivách - Liptovská ulica","address":"Liptovská, Bratislava II - Ružinov, okres Bratislava","rooms":2,"meters":49,"totalPrice":283800,"meterSquarePrice":4,"link":"https://www.nehnutelnosti.sk/detail/Ju6FnodF4RI/reality-byvanie-rezidencne-byvanie-v-2i-byte-s-loggiou-na-nivach-liptovska-ulica","imagesUrls":["https://img.unitedclassifieds.sk/foto/NjAweDMzOC9maWx0ZXJzOnF1YWxpdHkoMTAwKS9qdWw=/QrSOd-a-i_fss?st=f9mZWXy8pM8611NdcfTdhBtUi6b67x5-04Drewre6Rc&ts=1706094630&e=0","https://img.unitedclassifieds.sk/foto/MTUweDg0L2ZpbHRlcnM6cXVhbGl0eSgxMDApL2p1bA==/77EEmk68f_fss?st=bRCgmGUcoTUCLALH4v0ZSSXxvOXU-InM6zc20J4cfwQ&ts=1706094629&e=0","https://img.unitedclassifieds.sk/foto/MTUweDg0L2ZpbHRlcnM6cXVhbGl0eSgxMDApL2p1bA==/h_JOi2GYe_fss?st=urcusULSvW7B4aqIAPSmyc1TackXOwSK01o-Aj5lXrU&ts=1706094621&e=0","https://img.unitedclassifieds.sk/foto/MTUweDg0L2ZpbHRlcnM6cXVhbGl0eSgxMDApL2p1bA==/wFaEkYnaj_fss?st=7j8InUaRplNyOLUtLXqlkACVhtwOBlq7WRvueR7dn0Y&ts=1706270651&e=0"]}]