[{"title":"FINREA│2 izbový byt v Istebnom","address":"Istebné, Istebné, okres Dolný Kubín","rooms":2,"meters":63,"totalPrice":null,"meterSquarePrice":null,"link":"https://www.nehnutelnosti.sk/detail/Ju0FKYA_xct/finrea2-izbovy-byt-v-istebnom","imagesUrls":["https://img.nehnutelnosti.sk/foto/NjAweDMzOC9maWx0ZXJzOnF1YWxpdHkoMTAwKS9uZWg=/ckgd_W3ws_fss?st=SGbJjqTNKGo8oWlBQMLLrC3Zr86alY55-tvaGIiBqqk&ts=1709905688&e=0"]},{"title":"FINREA│1 izbový byt typu A-G3 v novostavbe Kubínske výhľady","address":"Martina Hattalu, Dolný Kubín, okres Dolný Kubín","rooms":1,"meters":27,"totalPrice":89995,"meterSquarePrice":7,"link":"https://www.nehnutelnosti.sk/5443855/finrea1-izbovy-byt-typu-a-g3-v-novostavbe-kubinske-vyhlady/","imagesUrls":["https://img.nehnutelnosti.sk/foto/NjAweDMzOC9maWx0ZXJzOnF1YWxpdHkoMTAwKS9uZWg=/X9RdirUMSP_fss?st=WyHRd1MBQ39LcgzlBKrBHDCaN_djo2CpZtG1etvYv2c&ts=1717744704&e=0"]},{"title":"FINREA│1 izbový byt typu A-D2 v novostavbe Kubínske výhľady","address":"Martina Hattalu, Dolný Kubín, okres Dolný Kubín","rooms":1,"meters":26,"totalPrice":89995,"meterSquarePrice":9,"link":"https://www.nehnutelnosti.sk/detail/Jugi_qf4f44/finrea1-izbovy-byt-typu-a-d2-v-novostavbe-kubinske-vyhlady","imagesUrls":["https://img.nehnutelnosti.sk/foto/NjAweDMzOC9maWx0ZXJzOnF1YWxpdHkoMTAwKS9uZWg=/cROXSEPJO_fss?st=ZAD9O8b304MIQe-XlBL0FMENj8Am4dDA3lpfamPyq6Q&ts=1717744706&e=0"]},{"title":"FINREA│EXKLUZÍVNE 3-izbový byt v Leštinách","address":"Leštiny, okres Dolný Kubín","rooms":3,"meters":43,"totalPrice":null,"meterSquarePrice":null,"link":"https://www.nehnutelnosti.sk/detail/JuAkRB32GdV/finreaexkluzivne-3-izbovy-byt-v-lestinach","imagesUrls":["https://img.nehnutelnosti.sk/foto/NjAweDMzOC9maWx0ZXJzOnF1YWxpdHkoMTAwKS9uZWg=/7Az-LUaoW_fss?st=ks9GduMPcQxhCU52tJ8dR-IPOtTAxl8nUaEgY6RZ57o&ts=1704461576&e=0"]},{"title":"FINREA│2-izbový byt (62m2) v pôvodnom stave v Istebnom","address":"Istebné, okres Dolný Kubín","rooms":2,"meters":61,"totalPrice":null,"meterSquarePrice":null,"link":"https://www.nehnutelnosti.sk/detail/Ju7M4gD1Fl_/finrea2-izbovy-byt-62m2-v-povodnom-stave-v-istebnom","imagesUrls":["https://img.nehnutelnosti.sk/foto/NjAweDMzOC9maWx0ZXJzOnF1YWxpdHkoMTAwKS9uZWg=/4hOpn1fe5_fss?st=7i6FsmY5rOkJJBl0pLrjZd7EUkxb2iEOY0GZAjfNksw&ts=1704455176&e=0"]},{"title":"FINREA│3-izbový byt v projekte NOVÁ ZÁBREŽ - C2","address":"Zábrež, Oravská Poruba, okres Dolný Kubín","rooms":3,"meters":82,"totalPrice":166500,"meterSquarePrice":7,"link":"https://www.nehnutelnosti.sk/detail/JuwjX6FZY_I/finrea3-izbovy-byt-v-projekte-nova-zabrez-c2","imagesUrls":["https://img.nehnutelnosti.sk/foto/NjAweDMzOC9maWx0ZXJzOnF1YWxpdHkoMTAwKS9uZWg=/hUqxDxrza_fss?st=KwKKXiTpykemlwtTTTJ7PPPRNoSmSDnEiPk5ji9O0Os&ts=1721379404&e=0"]},{"title":"FINREA│3-izbový byt v projekte NOVÁ ZÁBREŽ -  A1","address":"Zábrež, Oravská Poruba, okres Dolný Kubín","rooms":3,"meters":81,"totalPrice":164900,"meterSquarePrice":3,"link":"https://www.nehnutelnosti.sk/detail/JujCIHxJl5T/finrea3-izbovy-byt-v-projekte-nova-zabrez-a1","imagesUrls":["https://img.nehnutelnosti.sk/foto/NjAweDMzOC9maWx0ZXJzOnF1YWxpdHkoMTAwKS9uZWg=/tCoNr-TsQ3_fss?st=cVwxnfFwGiXhECHYWVTZ20x6S2H3zYgFu2HEP99zOII&ts=1721379388&e=0"]},{"title":"FINREA│3-izbový byt v projekte NOVÁ ZÁBREŽ - A3","address":"Zábrež, Oravská Poruba, okres Dolný Kubín","rooms":3,"meters":82,"totalPrice":167900,"meterSquarePrice":2,"link":"https://www.nehnutelnosti.sk/detail/JuLx3uSxyWo/finrea3-izbovy-byt-v-projekte-nova-zabrez-a3","imagesUrls":["https://img.nehnutelnosti.sk/foto/NjAweDMzOC9maWx0ZXJzOnF1YWxpdHkoMTAwKS9uZWg=/3i7wqssHf5_fss?st=rHyAdNKc3tt18SesnOpfah_EiXebcr0qXjhdcs9skA0&ts=1721379409&e=0"]},{"title":"FINREA│3-izbový byt v projekte NOVÁ ZÁBREŽ - A2","address":"Zábrež, Oravská Poruba, okres Dolný Kubín","rooms":3,"meters":81,"totalPrice":166500,"meterSquarePrice":7,"link":"https://www.nehnutelnosti.sk/detail/JuSmOlhN4g2/finrea3-izbovy-byt-v-projekte-nova-zabrez-a2","imagesUrls":["https://img.nehnutelnosti.sk/foto/NjAweDMzOC9maWx0ZXJzOnF1YWxpdHkoMTAwKS9uZWg=/99-vFsRqRk_fss?st=Scv7gqk0eaLi7XpI1-dq1jS1-HsU4TJydwmEIbf-O3I&ts=1721379394&e=0"]},{"title":"FINREA│3-izbový byt v projekte NOVÁ ZÁBREŽ - A4","address":"Zábrež, Oravská Poruba, okres Dolný Kubín","rooms":3,"meters":77,"totalPrice":168680,"meterSquarePrice":4,"link":"https://www.nehnutelnosti.sk/detail/Ju7qPFRuttX/finrea3-izbovy-byt-v-projekte-nova-zabrez-a4","imagesUrls":["https://img.nehnutelnosti.sk/foto/NjAweDMzOC9maWx0ZXJzOnF1YWxpdHkoMTAwKS9uZWg=/SaTnwOj3CH_fss?st=0KwochYZZ0tT2lmVP6_UKtSaDjCHXScCsF_SQst4-nE&ts=1721378915&e=0"]},{"title":"FINREA│1 izbový byt typu B-D1 v novostavbe Kubínske výhľady","address":"Martina Hattalu, Dolný Kubín, okres Dolný Kubín","rooms":1,"meters":26,"totalPrice":89995,"meterSquarePrice":4,"link":"https://www.nehnutelnosti.sk/detail/JuZ2SnE4be7/finrea1-izbovy-byt-typu-b-d1-v-novostavbe-kubinske-vyhlady","imagesUrls":["https://img.nehnutelnosti.sk/foto/NjAweDMzOC9maWx0ZXJzOnF1YWxpdHkoMTAwKS9uZWg=/hAEhc72QG_fss?st=i0v0uD3mk444ulhaGcqSNKfYEL-mlqE49_-40uY93JQ&ts=1717744689&e=0"]},{"title":"FINREA│1 izbový byt typu A-G2 v novostavbe Kubínske výhľady","address":"Martina Hattalu, Dolný Kubín, okres Dolný Kubín","rooms":1,"meters":27,"totalPrice":89995,"meterSquarePrice":5,"link":"https://www.nehnutelnosti.sk/detail/JuCctGlTUH9/finrea1-izbovy-byt-typu-a-g2-v-novostavbe-kubinske-vyhlady","imagesUrls":["https://img.nehnutelnosti.sk/foto/NjAweDMzOC9maWx0ZXJzOnF1YWxpdHkoMTAwKS9uZWg=/is3baiTDfv_fss?st=F980sBT_9Qmq-J11oUL6pS7VwdoHHwRj6S3GFy9dhLs&ts=1717744691&e=0"]},{"title":"FINREA│kompletne zariadený 1 izbový byt A-H3 - Kubínske výhľady","address":"Martina Hattalu, Dolný Kubín, okres Dolný Kubín","rooms":1,"meters":25,"totalPrice":103500,"meterSquarePrice":7,"link":"https://www.nehnutelnosti.sk/detail/JuR-xdd1ehe/finreakompletne-zariadeny-1-izbovy-byt-a-h3-kubinske-vyhlady","imagesUrls":["https://img.nehnutelnosti.sk/foto/NjAweDMzOC9maWx0ZXJzOnF1YWxpdHkoMTAwKS9uZWg=/Z_kXqEnWo_fss?st=cY-RSRzdg4CYjW_RzSh9_J5vessoWEZsSqFq_AJ6XCo&ts=1723187673&e=0"]},{"title":"FINREA│1 izbový byt typu B-G1 v novostavbe Kubínske výhľady","address":"Martina Hattalu, Dolný Kubín, okres Dolný Kubín","rooms":1,"meters":26,"totalPrice":95498,"meterSquarePrice":2,"link":"https://www.nehnutelnosti.sk/detail/Juk-ex4rhsD/finrea1-izbovy-byt-typu-b-g1-v-novostavbe-kubinske-vyhlady","imagesUrls":["https://img.nehnutelnosti.sk/foto/NjAweDMzOC9maWx0ZXJzOnF1YWxpdHkoMTAwKS9uZWg=/QZ52jJljH_fss?st=27NcXD4mDivJua_bg2GJAzv5JYuI7yEKo5MMES2R9zQ&ts=1717744693&e=0"]},{"title":"FINREA│1 izbový byt typu A-H2 v novostavbe Kubínske výhľady","address":"Martina Hattalu, Dolný Kubín, okres Dolný Kubín","rooms":1,"meters":27,"totalPrice":89995,"meterSquarePrice":5,"link":"https://www.nehnutelnosti.sk/detail/JuHD5K9DkhT/finrea1-izbovy-byt-typu-a-h2-v-novostavbe-kubinske-vyhlady","imagesUrls":["https://img.nehnutelnosti.sk/foto/NjAweDMzOC9maWx0ZXJzOnF1YWxpdHkoMTAwKS9uZWg=/9O3PApJnnx_fss?st=cOR5MCL7vtcoxbSU2VAPSMOkQ9w-bWPSQ9UG8v39OhI&ts=1717744698&e=0"]},{"title":"FINREA│1 izbový byt typu B-H1 v novostavbe Kubínske výhľady","address":"Martina Hattalu, Dolný Kubín, okres Dolný Kubín","rooms":1,"meters":26,"totalPrice":95498,"meterSquarePrice":2,"link":"https://www.nehnutelnosti.sk/detail/JuJnBx4067I/finrea1-izbovy-byt-typu-b-h1-v-novostavbe-kubinske-vyhlady","imagesUrls":["https://img.nehnutelnosti.sk/foto/NjAweDMzOC9maWx0ZXJzOnF1YWxpdHkoMTAwKS9uZWg=/BiXU6MziV_fss?st=9hW2a-K9I4NJKGDcaR7W5FIQr-W4PGGj1VAlUMlowMs&ts=1717744704&e=0"]},{"title":"FINREA│4 izbový mezonet (92m2) s balkónom blízko centre mesta Šamorín","address":"Bratislavská, Šamorín, okres Dunajská Streda","rooms":4,"meters":92,"totalPrice":184900,"meterSquarePrice":8,"link":"https://www.nehnutelnosti.sk/detail/JulaQx7tKbc/finrea4-izbovy-mezonet-92m2-s-balkonom-blizko-centre-mesta-samorin","imagesUrls":["https://img.nehnutelnosti.sk/foto/NjAweDMzOC9maWx0ZXJzOnF1YWxpdHkoMTAwKS9uZWg=/W14f8fH24_fss?st=cd516_mzMFPk6Agvc7uLkJIcz9G6nxE4jeuozgGh98Y&ts=1726759906&e=0"]},{"title":"FINREA│1 izbový byt typu A-D1 v novostavbe Kubínske výhľady","address":"Martina Hattalu, Dolný Kubín, okres Dolný Kubín","rooms":1,"meters":26,"totalPrice":89995,"meterSquarePrice":9,"link":"https://www.nehnutelnosti.sk/detail/JuSdJ6un2au/finrea1-izbovy-byt-typu-a-d1-v-novostavbe-kubinske-vyhlady","imagesUrls":["https://img.nehnutelnosti.sk/foto/NjAweDMzOC9maWx0ZXJzOnF1YWxpdHkoMTAwKS9uZWg=/3DC9tl2dC_fss?st=lK5oh2taeZhwIziiwc0FiUTCroy8BjdGHtqjxJNQARI&ts=1717744685&e=0"]},{"title":"EXKLUZÍVNE GARSÓNKY v projekte Kubínske Výhľady","address":"Martina Hattalu, Dolný Kubín, okres Dolný Kubín","rooms":1,"meters":22,"totalPrice":89995,"meterSquarePrice":0,"link":"https://www.nehnutelnosti.sk/detail/JuZkMxknPYi/exkluzivne-garsonky-v-projekte-kubinske-vyhlady","imagesUrls":["https://img.nehnutelnosti.sk/foto/NjAweDMzOC9maWx0ZXJzOnF1YWxpdHkoMTAwKS9uZWg=/lJBQy3c4I_fss?st=p2KUUvmC0_lSSsr3yuWGEJHj9BcrSAUVflVAh_HOZZE&ts=1712926944&e=0"]},{"title":"FINREA│Bývajte v 1 izbovom byte s terasou v centre Bratislavy","address":"Mickiewiczova, Bratislava I - Staré Mesto, okres Bratislava","rooms":1,"meters":82,"totalPrice":289500,"meterSquarePrice":4,"link":"https://www.nehnutelnosti.sk/detail/JuduLnFXrwG/finreabyvajte-v-1-izbovom-byte-s-terasou-v-centre-bratislavy","imagesUrls":["https://img.nehnutelnosti.sk/foto/NjAweDMzOC9maWx0ZXJzOnF1YWxpdHkoMTAwKS9uZWg=/kLVUv5HXi_fss?st=B0Jdatu7C9W21bVAd62j8emUaOrcnRd-kqJRNTh2Dc8&ts=1650365405&e=0"]},{"title":"FINREA│3 izbový byt v centre Bratislavy","address":"Mickiewiczova, Bratislava I - Staré Mesto, okres Bratislava","rooms":3,"meters":104,"totalPrice":365000,"meterSquarePrice":2,"link":"https://www.nehnutelnosti.sk/detail/JuiO8XT4nZw/finrea3-izbovy-byt-v-centre-bratislavy","imagesUrls":["https://img.nehnutelnosti.sk/foto/NjAweDMzOC9maWx0ZXJzOnF1YWxpdHkoMTAwKS9uZWg=/cYmrOGTFm_fss?st=gvT5iKuNyH8dxbJDBWLX_Um9imGpEbzqo1VWNDxCNeU&ts=1650365415&e=0"]},{"title":"FINREA│3 izbový byt v centre Bratislavy","address":"Mickiewiczova, Bratislava I - Staré Mesto, okres Bratislava","rooms":3,"meters":118,"totalPrice":357000,"meterSquarePrice":2,"link":"https://www.nehnutelnosti.sk/detail/JughaXCnTUR/finrea3-izbovy-byt-v-centre-bratislavy","imagesUrls":["https://img.nehnutelnosti.sk/foto/NjAweDMzOC9maWx0ZXJzOnF1YWxpdHkoMTAwKS9uZWg=/GMOGnvXUV_fss?st=o7OxcFhwb0KGaBWFI1XFvFPytX56A_2Y2BOAwRIAp90&ts=1650365405&e=0"]},{"title":"REZERVOVANÝ  2-izbový byt v centre mesta","address":"Hviezdoslavova, Poprad, okres Poprad","rooms":2,"meters":39,"totalPrice":null,"meterSquarePrice":null,"link":"https://www.nehnutelnosti.sk/detail/JuJj5Lz_SuK/rezervovany-2-izbovy-byt-v-centre-mesta","imagesUrls":["https://img.nehnutelnosti.sk/foto/NjAweDMzOC9maWx0ZXJzOnF1YWxpdHkoMTAwKS9uZWg=/xW5dr_RZB_fss?st=1q-L3fGNVQxb4miLX3Ni6cgzCv1AFW9KMjCNmNMzEq8&ts=1723861194&e=0"]},{"title":"Rezervovaný - 3 izbový byt v centre mesta s dobrou dispozíciou","address":"Ul. M. R. Štefánika, Levice, okres Levice","rooms":3,"meters":68,"totalPrice":84900,"meterSquarePrice":1,"link":"https://www.nehnutelnosti.sk/detail/JuG70y3yGko/rezervovany-3-izbovy-byt-v-centre-mesta-s-dobrou-dispoziciou","imagesUrls":["https://img.unitedclassifieds.sk/foto/NjAweDMzOC9maWx0ZXJzOnF1YWxpdHkoMTAwKS9qdWw=/lgRBPpDJ4_fss?st=zaQ27gRlkdoQZWHByn5Btcu0IDzpbVh5K8qUaW1jbgs&ts=1723809868&e=0"]},{"title":"GODDESS & ASSENZIO - EXKLUZÍVNE - PREDAJ - NOVOSTAVBA - 3 IZBOVÝ BYT - 87 M2 - TERASA A ZÁHRADA - HR","address":"Hradská, Bratislava II - Vrakuňa, okres Bratislava","rooms":3,"meters":87,"totalPrice":299900,"meterSquarePrice":8,"link":"https://www.nehnutelnosti.sk/detail/Ju4Ztb0wDhk/goddess-assenzio-exkluzivne-predaj-novostavba-3-izbovy-byt-87-m2-terasa-a-zahrada-hr","imagesUrls":["https://img.nehnutelnosti.sk/foto/NjAweDMzOC9maWx0ZXJzOnF1YWxpdHkoMTAwKS9uZWg=/5ZxethRNX_fss?st=Pg83ZK8NHmiwIb80cP3iM-6u5gea9UHansWuVJud2DA&ts=1724754096&e=0"]},{"title":"1098 1,5 izb. byt Maurerova, Košice","address":"Maurerova, Košice III - Dargovských Hrdinov, okres Košice","rooms":2,"meters":42,"totalPrice":119000,"meterSquarePrice":3,"link":"https://www.nehnutelnosti.sk/detail/JubUvamfY7E/1098-1-5-izb-byt-maurerova-kosice","imagesUrls":["https://img.unitedclassifieds.sk/foto/NjAweDMzOC9maWx0ZXJzOnF1YWxpdHkoMTAwKS9yc2Y=/xh4gorRFP_fss?st=SeqR2Et6SNnj3VrkOHa7LpDbljG9cL9FUSI2HAZDQns&ts=1723808061&e=0"]},{"title":"1-IZBOVÝ APARTMÁN V PRÉMIOVOM PROJEKTE V BLÍZKOSTI DOWNTOWNU, 47,4 M2","address":"Prístavná, Bratislava II - Ružinov, okres Bratislava","rooms":1,"meters":47,"totalPrice":190500,"meterSquarePrice":9,"link":"https://www.nehnutelnosti.sk/detail/JuCBilX_afV/1-izbovy-apartman-v-premiovom-projekte-v-blizkosti-downtownu-47-4-m2","imagesUrls":["https://img.nehnutelnosti.sk/foto/NjAweDMzOC9maWx0ZXJzOnF1YWxpdHkoMTAwKS9uZWg=/5dsCxfade_fss?st=70mwSlehuVTdRt6nv6PZXNKamsU3u1Yn2IIabH9JCDI&ts=1721210512&e=0"]},{"title":"Na predaj: 1-izbový byt v Nemciach, 31,57 m2, úžasná lokalita!","address":"Nemce, okres Banská Bystrica","rooms":1,"meters":null,"totalPrice":null,"meterSquarePrice":null,"link":"https://www.nehnutelnosti.sk/detail/JuRM1iKbLBC/na-predaj-1-izbovy-byt-v-nemciach-31-57-m2-uzasna-lokalita","imagesUrls":["https://img.nehnutelnosti.sk/foto/NjAweDMzOC9maWx0ZXJzOnF1YWxpdHkoMTAwKS9uZWg=/Z6p_gKgPa_fss?st=aFJA-Xzwbm8BIheW7Qklv8jwr1tiL7lMjBkHHvWMf6o&ts=1723805968&e=0"]},{"title":"Na predaj: 1-izbový byt v Nemciach, 31,57 m2, úžasná lokalita!","address":"Banská Bystrica, okres Banská Bystrica","rooms":1,"meters":null,"totalPrice":null,"meterSquarePrice":null,"link":"https://www.nehnutelnosti.sk/detail/Ju8O4Bp8yx4/na-predaj-1-izbovy-byt-v-nemciach-31-57-m2-uzasna-lokalita","imagesUrls":["https://img.nehnutelnosti.sk/foto/NjAweDMzOC9maWx0ZXJzOnF1YWxpdHkoMTAwKS9uZWg=/4GyWagbox_fss?st=dgxdgBGgByckQbz-BWeRChxg_CiJCrEBBRqV071WVrs&ts=1723805964&e=0"]},{"title":"RK01021416","address":"Považská Bystrica, okres Považská Bystrica","rooms":2,"meters":62,"totalPrice":99000,"meterSquarePrice":7,"link":"https://www.nehnutelnosti.sk/detail/JuZFTVTx17M/rk01021416","imagesUrls":["https://img.unitedclassifieds.sk/foto/NjAweDMzOC9maWx0ZXJzOnF1YWxpdHkoMTAwKS9qdWw=/AdercsAyn_fss?st=mct5V9KD_Sc02HSYa4DvkhIizCTPY3ABvQTyoUTFEGA&ts=1723805232&e=0"]}]