[{"title":"2-izbový byt v HI Residence – Perfektná investícia pre vašu budúcnosť","address":"Športová, Žilina - Staré mesto, okres Žilina","rooms":2,"meters":55,"totalPrice":206400,"meterSquarePrice":3,"link":"https://www.nehnutelnosti.sk/detail/JuVHB6mwusL/2-izbovy-byt-v-hi-residence-perfektna-investicia-pre-vasu-buducnost","imagesUrls":["https://img.nehnutelnosti.sk/foto/NjAweDMzOC9maWx0ZXJzOnF1YWxpdHkoMTAwKS9uZWg=/L4BL_NxA3y_fss?st=_30yoKhTcXqmCLtU4cCQ90FV_SxSWOO9sqwa0hiBioQ&ts=1726753721&e=0"]},{"title":"Klimatizovaný 1-izbový byt v centre Žiliny","address":"Športová, Žilina - Staré mesto, okres Žilina","rooms":1,"meters":45,"totalPrice":152955,"meterSquarePrice":7,"link":"https://www.nehnutelnosti.sk/detail/JuxCreRo0qw/klimatizovany-1-izbovy-byt-v-centre-ziliny","imagesUrls":["https://img.nehnutelnosti.sk/foto/NjAweDMzOC9maWx0ZXJzOnF1YWxpdHkoMTAwKS9uZWg=/3oZjD3G6c_fss?st=ZpSTGEj3cWZMu-EbaWH4RGde5EdIFVMXTmkU2vg7gKo&ts=1726652878&e=0"]},{"title":"Moderný 3i byt s panoramatickými výhľadmi","address":"Športová, Žilina - Staré mesto, okres Žilina","rooms":3,"meters":85,"totalPrice":302626,"meterSquarePrice":1,"link":"https://www.nehnutelnosti.sk/detail/JubD2pJKl5g/moderny-3i-byt-s-panoramatickymi-vyhladmi","imagesUrls":["https://img.nehnutelnosti.sk/foto/NjAweDMzOC9maWx0ZXJzOnF1YWxpdHkoMTAwKS9uZWg=/Ue6jt_BC32_fss?st=k16b68x0GvopFZWWdLn6GJP6NrHaQuj4op2JIKNz1Hg&ts=1726750115&e=0"]},{"title":"TRIOREALITY- 2 izbový byt na predaj v novostavbe- Hurbanova","address":"Hurbanova, Čadca, okres Čadca","rooms":2,"meters":47,"totalPrice":101500,"meterSquarePrice":8,"link":"https://www.nehnutelnosti.sk/detail/JuRlAyu0Sjf/trioreality-2-izbovy-byt-na-predaj-v-novostavbe-hurbanova","imagesUrls":["https://img.unitedclassifieds.sk/foto/NjAweDMzOC9maWx0ZXJzOnF1YWxpdHkoMTAwKS9qdWw=/bxqS96PO0O_fss?st=K-PINBnyrVA7Pd6gYXEWd4dsh59ZCe_jSzgERXl4qzE&ts=1725527896&e=0"]},{"title":"TRIOREALITY- 2 izbový byt na predaj v novostavbe- Hurbanova","address":"Hurbanova, Čadca, okres Čadca","rooms":2,"meters":55,"totalPrice":118800,"meterSquarePrice":3,"link":"https://www.nehnutelnosti.sk/detail/JutDAt5BbxW/trioreality-2-izbovy-byt-na-predaj-v-novostavbe-hurbanova","imagesUrls":["https://img.unitedclassifieds.sk/foto/NjAweDMzOC9maWx0ZXJzOnF1YWxpdHkoMTAwKS9qdWw=/MrgYgLph5_fss?st=_jtxBfUZ1qtEjb7ijQn59mc2QeElkUCaJupxw0jCzP4&ts=1725523851&e=0"]},{"title":"TRIOREALITY- 2 izbový byt na predaj v novostavbe- Hurbanova","address":"Hurbanova, Čadca, okres Čadca","rooms":2,"meters":52,"totalPrice":106800,"meterSquarePrice":1,"link":"https://www.nehnutelnosti.sk/detail/JumBH1WDQKP/trioreality-2-izbovy-byt-na-predaj-v-novostavbe-hurbanova","imagesUrls":["https://img.unitedclassifieds.sk/foto/NjAweDMzOC9maWx0ZXJzOnF1YWxpdHkoMTAwKS9qdWw=/c1ib_Wn6y_fss?st=dH_O4cTBMI7aQTc31KuZ-FUzN3AHBsu0dUtoQRK6Pn0&ts=1725522989&e=0"]},{"title":"TRIOREALITY-  2 izbový byt na predaj v novostavbe- Hurbanova","address":"Hurbanova, Čadca, okres Čadca","rooms":2,"meters":59,"totalPrice":126000,"meterSquarePrice":9,"link":"https://www.nehnutelnosti.sk/detail/JuZ43ZchyK8/trioreality-2-izbovy-byt-na-predaj-v-novostavbe-hurbanova","imagesUrls":["https://img.unitedclassifieds.sk/foto/NjAweDMzOC9maWx0ZXJzOnF1YWxpdHkoMTAwKS9qdWw=/paK0PGIGP_fss?st=WQSE6xkCl2r-_CsNVYsE7zRWaE39ybSmUcx-EK2yRsw&ts=1725530778&e=0"]},{"title":"TRIOREALITY-2 izbový byt na predaj v novostavbe- Hurbanova","address":"Hurbanova, Čadca, okres Čadca","rooms":2,"meters":45,"totalPrice":96800,"meterSquarePrice":1,"link":"https://www.nehnutelnosti.sk/detail/JuVRUf0Y4cT/trioreality-2-izbovy-byt-na-predaj-v-novostavbe-hurbanova","imagesUrls":["https://img.unitedclassifieds.sk/foto/NjAweDMzOC9maWx0ZXJzOnF1YWxpdHkoMTAwKS9qdWw=/mkH7qQAon_fss?st=wa45o05k6pJCd_MyRhq04GuVRoIHliOXxVL4P41sRwc&ts=1725522099&e=0"]},{"title":"TRIOREALITY- 2 izbový byt na predaj v novostavbe- Hurbanova","address":"Hurbanova, Čadca, okres Čadca","rooms":2,"meters":63,"totalPrice":137600,"meterSquarePrice":3,"link":"https://www.nehnutelnosti.sk/detail/JuoMBYRG9MW/trioreality-2-izbovy-byt-na-predaj-v-novostavbe-hurbanova","imagesUrls":["https://img.unitedclassifieds.sk/foto/NjAweDMzOC9maWx0ZXJzOnF1YWxpdHkoMTAwKS9qdWw=/BH_vmxe5U_fss?st=JTfHGeCeLyDMlS_Tq1t1VdqC6IuxyrfbXaOw2Hr4ilI&ts=1725522407&e=0"]},{"title":"Kompletne zariadený 2 izbový byt v okrajovej časti Skalice","address":"Skalica, okres Skalica","rooms":2,"meters":66,"totalPrice":110000,"meterSquarePrice":1,"link":"https://www.nehnutelnosti.sk/detail/Ju9AC6H2X9c/kompletne-zariadeny-2-izbovy-byt-v-okrajovej-casti-skalice","imagesUrls":["https://img.nehnutelnosti.sk/foto/NjAweDMzOC9maWx0ZXJzOnF1YWxpdHkoMTAwKS9uZWg=/DBzDsbHIS_fss?st=tZdo-OKq58QATSNmDVhxzdLip9ZTy74yKRR0uBRRFFQ&ts=1726593025&e=0"]},{"title":"TRIOREALITY-2 izbový byt na predaj v novostavbe- Hurbanova","address":"Hurbanova, Čadca, okres Čadca","rooms":2,"meters":77,"totalPrice":162000,"meterSquarePrice":0,"link":"https://www.nehnutelnosti.sk/detail/JuV6vkfXGJ4/trioreality-2-izbovy-byt-na-predaj-v-novostavbe-hurbanova","imagesUrls":["https://img.unitedclassifieds.sk/foto/NjAweDMzOC9maWx0ZXJzOnF1YWxpdHkoMTAwKS9qdWw=/eV9D7bmqA_fss?st=ZPEfyGTVxBsNPJSHfYnOTcbiNe9O3n1gjlU33DpDaRQ&ts=1725522719&e=0"]},{"title":"Na predaj pekný 3- izbový byt v Galante na ulici Zoltana Kodalya   ","address":"Galanta, Galanta, okres Galanta","rooms":3,"meters":62,"totalPrice":107000,"meterSquarePrice":6,"link":"https://www.nehnutelnosti.sk/detail/JuXCHxSTywa/na-predaj-pekny-3-izbovy-byt-vgalante-na-ulici-zoltana-kodalya","imagesUrls":["https://img.nehnutelnosti.sk/foto/NjAweDMzOC9maWx0ZXJzOnF1YWxpdHkoMTAwKS9uZWg=/mFPlONcUa_fss?st=rnrFS37XZAIs97u7HHdYS1ZXKf-vU8v6JKbJUk5Nqr4&ts=1726476532&e=0"]},{"title":"Na predaj 4- izbový byt v centre Bratislavy na Heydukovej ulici","address":"Heydukova, Bratislava I - Staré Mesto, okres Bratislava","rooms":4,"meters":113,"totalPrice":365400,"meterSquarePrice":4,"link":"https://www.nehnutelnosti.sk/detail/JuK8xRtg6Tz/na-predaj-4-izbovy-byt-v-centre-bratislavy-na-heydukovej-ulici","imagesUrls":["https://img.nehnutelnosti.sk/foto/NjAweDMzOC9maWx0ZXJzOnF1YWxpdHkoMTAwKS9uZWg=/ORJGXBP46_fss?st=noxdWZs1qnKX0UWWRO0e8iEGKobM6q4fyQVg_cA7T9A&ts=1726476528&e=0"]},{"title":"Ponúkame na predaj 3- izbový byt v Bernolákove na Dunajskej ulici","address":"Dunajská, Bernolákovo, okres Senec","rooms":3,"meters":62,"totalPrice":189000,"meterSquarePrice":3,"link":"https://www.nehnutelnosti.sk/detail/Juql6S_whNi/ponukame-na-predaj-3-izbovy-byt-v-bernolakove-na-dunajskej-ulici","imagesUrls":["https://img.nehnutelnosti.sk/foto/NjAweDMzOC9maWx0ZXJzOnF1YWxpdHkoMTAwKS9uZWg=/gJhEM4kCWQ_fss?st=1LG2K0YavFjjQIjYDFP_XMKLpyz7fGfyi67NWDgwiNU&ts=1726476527&e=0"]},{"title":"3 izbový byt s veľkou záhradou v Ivanke pri Dunaji","address":"Ružová, Ivanka pri Dunaji, okres Senec","rooms":3,"meters":64,"totalPrice":269000,"meterSquarePrice":9,"link":"https://www.nehnutelnosti.sk/detail/JuljAIEEz4X/3-izbovy-byt-s-velkou-zahradou-v-ivanke-pri-dunaji","imagesUrls":["https://img.nehnutelnosti.sk/foto/NjAweDMzOC9maWx0ZXJzOnF1YWxpdHkoMTAwKS9uZWg=/M3NP4B3v1_fss?st=R41mKR9sR1h08rJVggWMaOpKEnjjJF3KWRP5PIWMUIQ&ts=1726476442&e=0"]},{"title":"Ponúkame Vám na predaj jedinečný 3 izbový byt Bratislava-Staré Mesto,  Dunajská ulica.","address":"Dunajská, Bratislava I - Staré Mesto, okres Bratislava","rooms":3,"meters":115,"totalPrice":null,"meterSquarePrice":null,"link":"https://www.nehnutelnosti.sk/detail/Juj6_Rzzm1m/ponukame-vam-na-predaj-jedinecny-3-izbovy-byt-bratislava-stare-mesto-dunajska-ulica","imagesUrls":["https://img.nehnutelnosti.sk/foto/NjAweDMzOC9maWx0ZXJzOnF1YWxpdHkoMTAwKS9uZWg=/QNVLngLmz_fss?st=5qp1FZDPh2hnaWdwvoqWRDdIT7w5J01v9QRBuxnroC8&ts=1726476439&e=0"]},{"title":"Výhodná ponuka - Predaj developerského projektu rôznych bytov v rôznych cenách","address":"Špaldova, Bratislava II - Podunajské Biskupice, okres Bratislava","rooms":4,"meters":97,"totalPrice":315900,"meterSquarePrice":0,"link":"https://www.nehnutelnosti.sk/detail/Juv-CPpfeQH/vyhodna-ponuka-predaj-developerskeho-projektu-roznych-bytov-v-roznych-cenach","imagesUrls":["https://img.nehnutelnosti.sk/foto/NjAweDMzOC9maWx0ZXJzOnF1YWxpdHkoMTAwKS9uZWg=/GMRrdkWTK_fss?st=B8B6kOG0lrgy_Ld616k2TMK1-hfzXSoQKnDTk4kx4js&ts=1726476436&e=0"]},{"title":"EXKLUZÍVNY 2- izbový byt Martin - Priekopa","address":"A. Medňanského, Martin, okres Martin","rooms":2,"meters":56,"totalPrice":140000,"meterSquarePrice":0,"link":"https://www.nehnutelnosti.sk/detail/Ju91Ef5TQL9/exkluzivny-2-izbovy-byt-martin-priekopa","imagesUrls":["https://img.nehnutelnosti.sk/foto/NjAweDMzOC9maWx0ZXJzOnF1YWxpdHkoMTAwKS9uZWg=/kQ3IX2oSn3_fss?st=LAUu4-RL3TNvI0PjHtQ1pzD3rK6otjBR18VVJifCQa0&ts=1726476413&e=0"]},{"title":"✅REZERVOVANÉ, v predaji 4.izb BYT 99m2, so slnečnou záhradou, obec Dúbrava","address":"Banícka cesta, Dúbrava, Liptovský Mikuláš, okres Liptovský Mikuláš","rooms":4,"meters":99,"totalPrice":149990,"meterSquarePrice":5,"link":"https://www.nehnutelnosti.sk/detail/JuV-G_SuWqt/rezervovane-v-predaji-4-izb-byt-99m2-so-slnecnou-zahradou-obec-dubrava","imagesUrls":["https://img.nehnutelnosti.sk/foto/NjAweDMzOC9maWx0ZXJzOnF1YWxpdHkoMTAwKS9uZWg=/adoWDAxiP_fss?st=6H3xtNQ4qlQVEaExS7-hk_MYkRf9cCrRfwvArO-DCo8&ts=1724932941&e=0"]},{"title":"SKVELÁ CENA!!! Bývanie v obľúbenej lokalite Nových Zámkov.","address":"Šoltésovej, Nové Zámky, okres Nové Zámky","rooms":3,"meters":68,"totalPrice":98000,"meterSquarePrice":8,"link":"https://www.nehnutelnosti.sk/detail/Jupc8A5JgsY/skvela-cena-byvanie-v-oblubenej-lokalite-novych-zamkov","imagesUrls":["https://img.nehnutelnosti.sk/foto/NjAweDMzOC9maWx0ZXJzOnF1YWxpdHkoMTAwKS9uZWg=/03kSqna5R8_fss?st=Qo3tsVnyngdRl93CL8_6wtXP-RmIGmaIB-NcSLsGrU4&ts=1715083219&e=0"]},{"title":"3-izbový byt  na PREDAJ v tichej  a vyhľadávanej lokalite","address":"Okružná, Šaľa, okres Šaľa","rooms":3,"meters":64,"totalPrice":98000,"meterSquarePrice":5,"link":"https://www.nehnutelnosti.sk/detail/JuqnmMAU438/3-izbovy-byt-na-predaj-v-tichej-a-vyhladavanej-lokalite","imagesUrls":["https://img.nehnutelnosti.sk/foto/NjAweDMzOC9maWx0ZXJzOnF1YWxpdHkoMTAwKS9uZWg=/nCCfpLu3H_fss?st=SEWa90NA4LOv9yqUZtkrgLDsRa7IGoVURlu_fxgI1N8&ts=1725829284&e=0"]},{"title":"Nové bývanie v super lokalite v Šali.","address":"Partizánska, Šaľa, okres Šaľa","rooms":3,"meters":64,"totalPrice":118000,"meterSquarePrice":5,"link":"https://www.nehnutelnosti.sk/detail/JuI90vVa2sy/nove-byvanie-v-super-lokalite-v-sali","imagesUrls":["https://img.nehnutelnosti.sk/foto/NjAweDMzOC9maWx0ZXJzOnF1YWxpdHkoMTAwKS9uZWg=/MyA7BBM8yw_fss?st=LdE0l3LbqOK96aOcWbWpcCVSR1vYeoDcX-ptq3Sooug&ts=1725965977&e=0"]},{"title":"Kompletne zrekonštruovaný 3 izbový byt v Lužiankach","address":"Hlohovecká, Lužianky, okres Nitra","rooms":3,"meters":null,"totalPrice":null,"meterSquarePrice":null,"link":"https://www.nehnutelnosti.sk/detail/Ju_BU7Suc8S/kompletne-zrekonstruovany-3-izbovy-byt-v-luziankach","imagesUrls":["https://img.nehnutelnosti.sk/foto/NjAweDMzOC9maWx0ZXJzOnF1YWxpdHkoMTAwKS9uZWg=/64snuy5k0_fss?st=pAAFU59vfHkkgwyW7CdB_dEqT5wg6wmlrK2eymWQof8&ts=1725008638&e=0"]},{"title":"Znížená cena ! 3-izbový byt po čiastočnej rekonštrukcii v Šali-Veči na predaj","address":"Cintorínska, Šaľa, okres Šaľa","rooms":3,"meters":68,"totalPrice":91900,"meterSquarePrice":7,"link":"https://www.nehnutelnosti.sk/detail/JutaIKpURX9/znizena-cena-3-izbovy-byt-po-ciastocnej-rekonstrukcii-v-sali-veci-na-predaj","imagesUrls":["https://img.nehnutelnosti.sk/foto/NjAweDMzOC9maWx0ZXJzOnF1YWxpdHkoMTAwKS9uZWg=/6Hj5Ew9EM_fss?st=1PBEn3fvyhfyc29e6EEfsQj69Al02NjBukPQTU8RfyA&ts=1725442418&e=0"]},{"title":"Veľmi pekný 3-izbový byt v tehlovej bytovke","address":"Nové Zámky, okres Nové Zámky","rooms":3,"meters":86,"totalPrice":null,"meterSquarePrice":null,"link":"https://www.nehnutelnosti.sk/detail/JufWkqLRKBr/velmi-pekny-3-izbovy-byt-v-tehlovej-bytovke","imagesUrls":["https://img.nehnutelnosti.sk/foto/NjAweDMzOC9maWx0ZXJzOnF1YWxpdHkoMTAwKS9uZWg=/vo2mjNae-_fss?st=noRfXVKWk-h0PYAFtPocU1iBUQcmN5WGhEZwDmbu9Ko&ts=1725657775&e=0"]},{"title":"2 izbový byt na predaj v TOP lokalite v Šali","address":"J.Palárika, Šaľa, okres Šaľa","rooms":2,"meters":62,"totalPrice":89900,"meterSquarePrice":0,"link":"https://www.nehnutelnosti.sk/detail/JuatSbXRkCv/2-izbovy-byt-na-predaj-v-top-lokalite-v-sali","imagesUrls":["https://img.nehnutelnosti.sk/foto/NjAweDMzOC9maWx0ZXJzOnF1YWxpdHkoMTAwKS9uZWg=/RJVkZLbUEt_fss?st=LiRuiILNltG1742ljok0t_gShu5Mft1lDGmxdSQGcpw&ts=1725267583&e=0"]},{"title":"Váš nový domov naHlavnej ulici v Šali.","address":"Hlavná, Šaľa, okres Šaľa","rooms":3,"meters":64,"totalPrice":103000,"meterSquarePrice":8,"link":"https://www.nehnutelnosti.sk/detail/Jue0OaBo2lk/vas-novy-domov-nahlavnej-ulici-v-sali","imagesUrls":["https://img.nehnutelnosti.sk/foto/NjAweDMzOC9maWx0ZXJzOnF1YWxpdHkoMTAwKS9uZWg=/58iR9PI3Rq_fss?st=2tAhpX-eUCoWfBwX02cZZxeEjFvLWDGBLFJWNfXWKV0&ts=1725526441&e=0"]},{"title":"REZERVOVANÉ !  Kompletne zrekonštruovaná garsónka vo výbornej lokalite","address":"Manckovičova, Hlohovec, okres Hlohovec","rooms":null,"meters":25,"totalPrice":79000,"meterSquarePrice":0,"link":"https://www.nehnutelnosti.sk/detail/JubmVTy1-vJ/rezervovane-kompletne-zrekonstruovana-garsonka-vo-vybornej-lokalite","imagesUrls":["https://img.nehnutelnosti.sk/foto/NjAweDMzOC9maWx0ZXJzOnF1YWxpdHkoMTAwKS9uZWg=/YZkThwKS0_fss?st=xqcS59XPGkTgbrtxDxF_w_eNrtfgTvdH5aB1BbcMFKM&ts=1724874498&e=0"]},{"title":"Bývajte v provensálskom štýle s výhľadom na kaštieľ !","address":"P. Pázmaňa, Šaľa, okres Šaľa","rooms":2,"meters":54,"totalPrice":93000,"meterSquarePrice":2,"link":"https://www.nehnutelnosti.sk/detail/JuD6TvhXWhd/byvajte-v-provensalskom-style-s-vyhladom-na-kastiel","imagesUrls":["https://img.nehnutelnosti.sk/foto/NjAweDMzOC9maWx0ZXJzOnF1YWxpdHkoMTAwKS9uZWg=/-kz_t3i3L_fss?st=YL3bVvNlQWanYZQX1a1qPr1W1qMYD7NK6P-xAfJaOk8&ts=1724176928&e=0"]},{"title":"Exkluzívny predaj 3i bytu v centre Malaciek!","address":"1. mája, Malacky, okres Malacky","rooms":3,"meters":95,"totalPrice":149900,"meterSquarePrice":9,"link":"https://www.nehnutelnosti.sk/detail/Ju8X_AfBW7R/exkluzivny-predaj-3i-bytu-v-centre-malaciek","imagesUrls":["https://img.nehnutelnosti.sk/foto/NjAweDMzOC9maWx0ZXJzOnF1YWxpdHkoMTAwKS9uZWg=/bjhFfUIsJ_fss?st=dbXrx7AARS1uvVNSdb12mQeLZRX95PQqcszGPlRykbA&ts=1723623122&e=0"]}]