[{"title":"REZERVOVANÝ | 3 izbový byt - Severná | Moldava nad Bodvou","address":"Severná, Moldava nad Bodvou, Košice okolie, okres Košice - okolie","rooms":3,"meters":69,"totalPrice":82000,"meterSquarePrice":1,"link":"https://www.nehnutelnosti.sk/detail/JuMDoGu8uyC/rezervovany-3-izbovy-byt-severna-moldava-nad-bodvou","imagesUrls":["https://img.nehnutelnosti.sk/foto/NjAweDMzOC9maWx0ZXJzOnF1YWxpdHkoMTAwKS9uZWg=/9AeozCudz_fss?st=uMjfjZHUjQ9v-ggg9uiPWAY-KuhojneQV50i_nB8Sb8&ts=1721838367&e=0"]},{"title":"Ponúkame na predaj priestranný 2 izb. byt v Rimavskej Sobote sídlisko Rimava","address":"Rimava, Rimavská Sobota, okres Rimavská Sobota","rooms":2,"meters":65,"totalPrice":65000,"meterSquarePrice":9,"link":"https://www.nehnutelnosti.sk/detail/Ju8JQ6iVft8/ponukame-na-predaj-priestranny-2-izb-byt-v-rimavskej-sobote-sidlisko-rimava","imagesUrls":["https://img.nehnutelnosti.sk/foto/NjAweDMzOC9maWx0ZXJzOnF1YWxpdHkoMTAwKS9uZWg=/Pwva9VvY1_fss?st=zwpUK0Yv265zuxuXSomCOOKa8sbuXTZn5zhcDPsRDyc&ts=1723220874&e=0"]},{"title":"moderný 4-izb. byt (140m2+110m2 terasa) -Martin- CROSS - predaj","address":"Malá hora, Martin, okres Martin","rooms":4,"meters":140,"totalPrice":460000,"meterSquarePrice":1,"link":"https://www.nehnutelnosti.sk/detail/JuX1HAwTbMn/moderny-4-izb-byt-140m2-110m2-terasa-martin-cross-predaj","imagesUrls":["https://img.nehnutelnosti.sk/foto/NjAweDMzOC9maWx0ZXJzOnF1YWxpdHkoMTAwKS9uZWg=/ss8DLVxfn_fss?st=Ybun1LD2eWo5xaBf6y2819sKZFNNq_WqJxw0keKX3fQ&ts=1722677252&e=0"]},{"title":"EXKLUZÍVNE NA PREDAJ - Lukratívny 4-izbový byt s lodžiou a krásnym výhľadom v centre mesta","address":"Moyzesova, Martin, okres Martin","rooms":4,"meters":100,"totalPrice":174990,"meterSquarePrice":0,"link":"https://www.nehnutelnosti.sk/detail/JufBWbzCmcn/exkluzivne-na-predaj-lukrativny-4-izbovy-byt-s-lodziou-a-krasnym-vyhladom-v-centre-mesta","imagesUrls":["https://img.unitedclassifieds.sk/foto/NjAweDMzOC9maWx0ZXJzOnF1YWxpdHkoMTAwKS9yc2Y=/jEy9MLOTa_fss?st=YnHDkyaxxB8ruylLxzY5uD8sOtVCoHUEUzGweO6BY9Q&ts=1694078374&e=0"]},{"title":"AKCIA -3Izb. byt v novostavbe v štandarde + 2x parking -Michalpark","address":"Centrum, Šamorín, okres Dunajská Streda","rooms":3,"meters":86,"totalPrice":137990,"meterSquarePrice":7,"link":"https://www.nehnutelnosti.sk/detail/Jubk7_m-hjy/akcia-3izb-byt-v-novostavbe-v-standarde-2x-parking-michalpark","imagesUrls":["https://img.unitedclassifieds.sk/foto/NjAweDMzOC9maWx0ZXJzOnF1YWxpdHkoMTAwKS9qdWw=/PWgluvgyO_fss?st=HGkuL-rxDmsYs3PRkeemXD5YTtoYu7bjYRW4tH0kMdg&ts=1714382247&e=0"]},{"title":"REZERVOVANÝ - AKCIA - nový 2izb. byt v štandarde s parkingom- Michalpark","address":"Michal na Ostrove, Šamorín, okres Dunajská Streda","rooms":2,"meters":60,"totalPrice":117990,"meterSquarePrice":8,"link":"https://www.nehnutelnosti.sk/detail/JuOl4pfa8fW/rezervovany-akcia-novy-2izb-byt-v-standarde-s-parkingom-michalpark","imagesUrls":["https://img.unitedclassifieds.sk/foto/NjAweDMzOC9maWx0ZXJzOnF1YWxpdHkoMTAwKS9qdWw=/BUNtBFLAF_fss?st=p9R0BekexP063Zqzn9BONttMtfDnzcMmY7TjGUhEx-0&ts=1714383988&e=0"]},{"title":"REZERVOVANÝ - MICHALPARK.SK - 2 izbový byt v novostavbe v štandarde - Michalpark - 30 km od BA (R7)","address":"Centrum, Michal na Ostrove, okres Dunajská Streda","rooms":2,"meters":60,"totalPrice":117990,"meterSquarePrice":8,"link":"https://www.nehnutelnosti.sk/detail/Ju9QkgsxTOw/rezervovany-michalpark-sk-2-izbovy-byt-v-novostavbe-v-standarde-michalpark-30-km-od-ba-r7","imagesUrls":["https://img.unitedclassifieds.sk/foto/NjAweDMzOC9maWx0ZXJzOnF1YWxpdHkoMTAwKS9yc2Y=/P5Tz9Hql2_fss?st=860hs74nR4Wfq_1sI1rc6jPNl99Fzd7nO-VIlxa7gCk&ts=1699004247&e=0"]},{"title":"3-izbový byt s 2 loggiami v tichej lokalite centra mesta  s nádherným výhľadom","address":"Ružový Háj, Dunajská Streda, okres Dunajská Streda","rooms":3,"meters":73,"totalPrice":116000,"meterSquarePrice":4,"link":"https://www.nehnutelnosti.sk/detail/JuZfpqpb3Uj/3-izbovy-byt-s-2-loggiami-v-tichej-lokalite-centra-mesta-s-nadhernym-vyhladom","imagesUrls":["https://img.unitedclassifieds.sk/foto/NjAweDMzOC9maWx0ZXJzOnF1YWxpdHkoMTAwKS9yc2Y=/m5S6spU2k_fss?st=4dh8ef7dKYVTPi_LCYHvd1r_VFtfkMGWh5prApLdvCo&ts=1693827044&e=0"]},{"title":"„DUNAJSKÁ OÁZA“ - 4 izbové byty s predzáhradkou v štandarde","address":"Vojka nad Dunajom, Bratislava V - Čunovo, okres Bratislava","rooms":4,"meters":94,"totalPrice":184990,"meterSquarePrice":8,"link":"https://www.nehnutelnosti.sk/detail/JuvMizBqIoX/dunajska-oaza-4-izbove-byty-s-predzahradkou-v-standarde","imagesUrls":["https://img.unitedclassifieds.sk/foto/NjAweDMzOC9maWx0ZXJzOnF1YWxpdHkoMTAwKS9yc2Y=/-0VKYlXiI_fss?st=6fGc0kvWCVvRhYPKZF09oTTSMT1pTcEn2P9WCjpxfDc&ts=1697996553&e=0"]},{"title":"Veľký 2 izbový byt v lukratívnej lokalite možnosť prerobiť na 3 izbový","address":"Miletičova 61, Bratislava II - Ružinov, okres Bratislava","rooms":2,"meters":55,"totalPrice":184990,"meterSquarePrice":7,"link":"https://www.nehnutelnosti.sk/detail/JuR4W6Sa8FT/velky-2-izbovy-byt-v-lukrativnej-lokalite-moznost-prerobit-na-3-izbovy","imagesUrls":["https://img.unitedclassifieds.sk/foto/NjAweDMzOC9maWx0ZXJzOnF1YWxpdHkoMTAwKS9qdWw=/JPDCNbvhE_fss?st=7dNoA2NvxPcggtak1nfMgZExk4bR2UCTF3X83LaJM7I&ts=1711313339&e=0"]},{"title":"„DUNAJSKÁ OÁZA“ - 4 izbové byty s predzáhradkou - možnosť využiť ŠFRB za 1% úrok","address":"Vojka nad Dunajom, Bratislava V - Čunovo, okres Bratislava","rooms":4,"meters":95,"totalPrice":195000,"meterSquarePrice":3,"link":"https://www.nehnutelnosti.sk/detail/Ju-fNUqBIR2/dunajska-oaza-4-izbove-byty-s-predzahradkou-moznost-vyuzit-sfrb-za-1-urok","imagesUrls":["https://img.unitedclassifieds.sk/foto/NjAweDMzOC9maWx0ZXJzOnF1YWxpdHkoMTAwKS9yc2Y=/WXBOlN_5n_fss?st=wWsofo_Kr_m92mEpuIQS8J0kb8EwIGwwOFl3e-X8Ens&ts=1697996767&e=0"]},{"title":"3 izb., Varšavská ul, 80 m2, LO","address":"Varšavská, Košice I - Ťahanovce, okres Košice","rooms":3,"meters":80,"totalPrice":149500,"meterSquarePrice":5,"link":"https://www.nehnutelnosti.sk/detail/Ju6tC4qbupa/3-izb-varsavska-ul-80-m2-lo","imagesUrls":["https://img.unitedclassifieds.sk/foto/NjAweDMzOC9maWx0ZXJzOnF1YWxpdHkoMTAwKS9qdWw=/qnh66Vr3g_fss?st=F-WtSQoN5snguzvxc2R1PTZIV5ASsN2Pna20M18u5oM&ts=1722672137&e=0"]},{"title":"Hľadáte byt s výnimočnou dispozíciou? Máme pre Vás taký! 4-izbový byt s balkónom, Humenné, Laborecká","address":"Laborecká, Humenné, okres Humenné","rooms":4,"meters":106,"totalPrice":144800,"meterSquarePrice":4,"link":"https://www.nehnutelnosti.sk/detail/JuVmO5_kw_l/hladate-byt-s-vynimocnou-dispoziciou-mame-pre-vas-taky-4-izbovy-byt-s-balkonom-humenne-laborecka","imagesUrls":["https://img.nehnutelnosti.sk/foto/NjAweDMzOC9maWx0ZXJzOnF1YWxpdHkoMTAwKS9uZWg=/7JzcNZof1_fss?st=oc1OQRKjFKRXhQu6nMepJMpTDwdO_fOs4AgRmXJn6tk&ts=1722666180&e=0"]},{"title":"Ponúkame na predaj 2. izbový byt v rodinnom dome s terasou","address":"Hrušková, Bratislava III - Rača, okres Bratislava","rooms":2,"meters":60,"totalPrice":243000,"meterSquarePrice":0,"link":"https://www.nehnutelnosti.sk/detail/JuAsFvyLX8lz/ponukame-na-predaj-2-izbovy-byt-v-rodinnom-dome-s-terasou","imagesUrls":[]},{"title":"Predaj: 1 izbový byt v Kysuckom Novom Meste(141-B)","address":"Kysucké Nové Mesto, okres Kysucké Nové Mesto","rooms":1,"meters":40,"totalPrice":88900,"meterSquarePrice":0,"link":"https://www.nehnutelnosti.sk/detail/Ju8op82NF6M/predaj-1-izbovy-byt-v-kysuckom-novom-meste141-b","imagesUrls":["https://img.nehnutelnosti.sk/foto/NjAweDMzOC9maWx0ZXJzOnF1YWxpdHkoMTAwKS9uZWg=/4cuYIbrNW_fss?st=a36ix6tGGELcWqDgetXXfcy-i2D7DuyRgTCC1oY_g9Y&ts=1704126800&e=0"]},{"title":"Na predaj 2-izbový byt vo vyhľadávanej lokalite.","address":"Laborecká, Humenné, okres Humenné","rooms":2,"meters":58,"totalPrice":89000,"meterSquarePrice":8,"link":"https://www.nehnutelnosti.sk/5394131/na-predaj-2-izbovy-byt-vo-vyhladavanej-lokalite/","imagesUrls":["https://img.nehnutelnosti.sk/foto/NjAweDMzOC9maWx0ZXJzOnF1YWxpdHkoMTAwKS9uZWg=/lxC-iOBiMh_fss?st=x1BYwCwm6VHDKtbma3ntQLGELyazZssTm_5iS3LVSA8&ts=1717597200&e=0"]},{"title":"EXKLUZÍVNE na predaj 2. izb. byt v centre Bratislavy, ul. Wilsonova, Bratislava – Staré Mesto","address":"Wilsonova, Bratislava I - Staré Mesto, okres Bratislava","rooms":2,"meters":45,"totalPrice":189900,"meterSquarePrice":0,"link":"https://www.nehnutelnosti.sk/detail/Ju0T0RlMsMA/exkluzivne-na-predaj-2-izb-byt-v-centre-bratislavy-ul-wilsonova-bratislava-stare-mesto","imagesUrls":["https://img.unitedclassifieds.sk/foto/NjAweDMzOC9maWx0ZXJzOnF1YWxpdHkoMTAwKS9qdWw=/QthUmdlsz_fss?st=7SRyJ1RiGdk4kvi1MTI-6vhh9ZGMCERNj_5p4Ws0Cg8&ts=1722634667&e=0"]},{"title":"FLEXI  2 -3 izbový byt s balkónom v Bytovom dome Jurkovičova v Nitre","address":"Jurkovičova, Nitra, okres Nitra","rooms":3,"meters":63,"totalPrice":159000,"meterSquarePrice":0,"link":"https://www.nehnutelnosti.sk/detail/Jux8j0hrYBr/flexi-2-3-izbovy-byt-s-balkonom-v-bytovom-dome-jurkovicova-v-nitre","imagesUrls":["https://img.nehnutelnosti.sk/foto/NjAweDMzOC9maWx0ZXJzOnF1YWxpdHkoMTAwKS9uZWg=/upP97Forg_fss?st=7CrmQbGdRLMW9tSeEEWBvoZpXbcY0fQl_ON_aUqHGOA&ts=1693513359&e=0"]},{"title":"Krásny slnečný byt so záhradou a garážou","address":"Ivanka pri Nitre, okres Nitra","rooms":4,"meters":77,"totalPrice":null,"meterSquarePrice":null,"link":"https://www.nehnutelnosti.sk/detail/JuMys5SnZYS/krasny-slnecny-byt-so-zahradou-a-garazou","imagesUrls":["https://img.nehnutelnosti.sk/foto/NjAweDMzOC9maWx0ZXJzOnF1YWxpdHkoMTAwKS9uZWg=/zOeAnsXCq_fss?st=92EMAFZF_P2NkuSOO8Przne2bfUBljwT75hKP4a5vNg&ts=1707823212&e=0"]},{"title":"PREDAJ - Priestranné 3-izbové byty v obci Horné Janíky","address":"Janíky, okres Dunajská Streda","rooms":3,"meters":75,"totalPrice":160000,"meterSquarePrice":3,"link":"https://www.nehnutelnosti.sk/detail/JuLDzexQtYx/predaj-priestranne-3-izbove-byty-v-obci-horne-janiky","imagesUrls":["https://img.nehnutelnosti.sk/foto/NjAweDMzOC9maWx0ZXJzOnF1YWxpdHkoMTAwKS9uZWg=/mA91pa5vS_fss?st=aOocoZF3rHIxqaOyJvUGq0nb3CTZ0roHZJyM2RsupuA&ts=1722612311&e=0"]},{"title":"POLTÁR - 1 izbový byt 33 m2 SKLÁRSKE SÍDLISKO, zateplená bytovka, NÍZKE náklady, SUPER CENA !!!!!","address":"Sklárska, Poltár, okres Poltár","rooms":1,"meters":33,"totalPrice":27000,"meterSquarePrice":8,"link":"https://www.nehnutelnosti.sk/detail/JupdLy-1LTq/poltar-1-izbovy-byt-33-m2-sklarske-sidlisko-zateplena-bytovka-nizke-naklady-super-cena","imagesUrls":["https://img.nehnutelnosti.sk/foto/NjAweDMzOC9maWx0ZXJzOnF1YWxpdHkoMTAwKS9uZWg=/phe8U4W0W_fss?st=V7sNtZ2dEEj8YuPlysxRnVnhRVzhzrSP7tZR23bNOfo&ts=1699267213&e=0"]},{"title":"FLEXI 1,5  izbový byt s balkónom v novostavbe v Nitre","address":"Jurkovičova, Nitra, okres Nitra","rooms":2,"meters":39,"totalPrice":109000,"meterSquarePrice":4,"link":"https://www.nehnutelnosti.sk/detail/JuEH9Tvzf07/flexi-1-5-izbovy-byt-s-balkonom-v-novostavbe-v-nitre","imagesUrls":["https://img.nehnutelnosti.sk/foto/NjAweDMzOC9maWx0ZXJzOnF1YWxpdHkoMTAwKS9uZWg=/To6cwbn1D_fss?st=pEN5311X0od3jcaBN7ziUSxOkMNbxOdeuYm22Yxqris&ts=1693513360&e=0"]},{"title":"1 izbový byt s balkónom v novostavbe v Nitre","address":"Jurkovičova, Nitra, okres Nitra","rooms":1,"meters":39,"totalPrice":111627,"meterSquarePrice":8,"link":"https://www.nehnutelnosti.sk/detail/Ju1x5k_CMqm/1-izbovy-byt-s-balkonom-v-novostavbe-v-nitre","imagesUrls":["https://img.nehnutelnosti.sk/foto/NjAweDMzOC9maWx0ZXJzOnF1YWxpdHkoMTAwKS9uZWg=/EENso3j2q_fss?st=bLn4hmXz5pOHKjD-oqBmCphYUEkkYfMdhCW053v3NmM&ts=1681231799&e=0"]},{"title":"1 izbový byt s balkónom v Bytovom dome Jurkovičova v Nitre","address":"Jurkovičova, Nitra, okres Nitra","rooms":1,"meters":39,"totalPrice":111627,"meterSquarePrice":8,"link":"https://www.nehnutelnosti.sk/detail/JuC-XJIcaN7/1-izbovy-byt-s-balkonom-v-bytovom-dome-jurkovicova-v-nitre","imagesUrls":["https://img.nehnutelnosti.sk/foto/NjAweDMzOC9maWx0ZXJzOnF1YWxpdHkoMTAwKS9uZWg=/OaJ55NJ1z_fss?st=Urwl5iDnVXW6hytfI-d6eXuCrtl1kcBdjj5yx6DS39U&ts=1681231781&e=0"]},{"title":"2 izbový byt s balkónom v Bytovom dome Jurkovičova v Nitre","address":"Jurkovičova, Nitra, okres Nitra","rooms":2,"meters":63,"totalPrice":166208,"meterSquarePrice":3,"link":"https://www.nehnutelnosti.sk/detail/JuLsiymLSpq/2-izbovy-byt-s-balkonom-v-bytovom-dome-jurkovicova-v-nitre","imagesUrls":["https://img.nehnutelnosti.sk/foto/NjAweDMzOC9maWx0ZXJzOnF1YWxpdHkoMTAwKS9uZWg=/lMEIHp-bp_fss?st=LdsTJ_FrZrdv1wT7KMJ52r5VjeWbNI5DKpLuO_i9fKE&ts=1683794055&e=0"]},{"title":"NOVOSTAVBA -KLOKOČINA NITRA 2 izbový byt Jurkovičova","address":"Jurkovičova, Nitra, okres Nitra","rooms":2,"meters":64,"totalPrice":171730,"meterSquarePrice":5,"link":"https://www.nehnutelnosti.sk/detail/JuzSR2SmBBW/novostavba-klokocina-nitra-2-izbovy-byt-jurkovicova","imagesUrls":["https://img.nehnutelnosti.sk/foto/NjAweDMzOC9maWx0ZXJzOnF1YWxpdHkoMTAwKS9uZWg=/7ZeSzdO7g_fss?st=kSCcdLXjvUEFh5Y8QDCzwDkW8zGwPd5LjHvy6-_Bn3I&ts=1683794052&e=0"]},{"title":"1 izbový byt s balkónom v novostavbe","address":"Jurkovičova, Nitra, okres Nitra","rooms":1,"meters":39,"totalPrice":111881,"meterSquarePrice":2,"link":"https://www.nehnutelnosti.sk/detail/Juo6oWY0zihG/1-izbovy-byt-s-balkonom-v-novostavbe","imagesUrls":["https://img.nehnutelnosti.sk/foto/NjAweDMzOC9maWx0ZXJzOnF1YWxpdHkoMTAwKS9uZWg=/g95pLRvhI_fss?st=9zpw4vwlX-fT0std4nfurMscJAcl-gMJedYP0oEYD2w&ts=1681228013&e=0"]},{"title":"Fakt dobrá adresa!!! 2 izbový byt s balkónom v Bytovom dome Jurkovičova v Nitre","address":"Jurkovičova, Nitra, okres Nitra","rooms":2,"meters":63,"totalPrice":171293,"meterSquarePrice":9,"link":"https://www.nehnutelnosti.sk/detail/JufyEheOqTo/fakt-dobra-adresa-2-izbovy-byt-s-balkonom-v-bytovom-dome-jurkovicova-v-nitre","imagesUrls":["https://img.nehnutelnosti.sk/foto/NjAweDMzOC9maWx0ZXJzOnF1YWxpdHkoMTAwKS9uZWg=/dW-T2RHo8_fss?st=MBjUuYIY0OZ90c7fxDCfni8nDPL7qQxRHRIDrC4OOPU&ts=1683794056&e=0"]},{"title":"REZERVOVANÝ- PRI MÝTE:  Takmer neobývaný 2 izbový byt s veľkou loggiou v novostavbe s parkingo a kob","address":"Račianska, Bratislava III - Nové Mesto, okres Bratislava","rooms":2,"meters":55,"totalPrice":269900,"meterSquarePrice":7,"link":"https://www.nehnutelnosti.sk/detail/Juz3lFRoVDf/rezervovany-pri-myte-takmer-neobyvany-2-izbovy-byt-s-velkou-loggiou-v-novostavbe-s-parkingo-a-kob","imagesUrls":["https://img.nehnutelnosti.sk/foto/NjAweDMzOC9maWx0ZXJzOnF1YWxpdHkoMTAwKS9uZWg=/fbEyf66hS_fss?st=D9aXSYvZV81Z4tl7dPlqqcIzvLwHRpNFlz8yKN2GpcI&ts=1723518071&e=0"]},{"title":"REZERVOVANÝ: BELINSKÉHO- 4 izbový slnečný byt na začiatku Petržalky s výhľadom na Bratislavský hrad","address":"Belinského, Bratislava V - Petržalka, okres Bratislava","rooms":4,"meters":82,"totalPrice":240000,"meterSquarePrice":3,"link":"https://www.nehnutelnosti.sk/detail/JuVrUz_Hflf/rezervovany-belinskeho-4-izbovy-slnecny-byt-na-zaciatku-petrzalky-s-vyhladom-na-bratislavsky-hrad","imagesUrls":["https://img.nehnutelnosti.sk/foto/NjAweDMzOC9maWx0ZXJzOnF1YWxpdHkoMTAwKS9uZWg=/BB5aKulWQK_fss?st=nwHbV_TbXgT2NbzHeb2P85t8iN6bw0R12tiZmqD-d-0&ts=1723810955&e=0"]}]