[{"title":"ESTERHÁZIHO PALÁC I Luxusné bývanie v historickom centre Bratislavy","address":"Kapitulská, Bratislava I - Staré Mesto, okres Bratislava","rooms":3,"meters":91,"totalPrice":831155,"meterSquarePrice":6,"link":"https://www.nehnutelnosti.sk/detail/JuhZfYxeHzc/esterhaziho-palac-i-luxusne-byvanie-v-historickom-centre-bratislavy","imagesUrls":["https://img.nehnutelnosti.sk/foto/NjAweDMzOC9maWx0ZXJzOnF1YWxpdHkoMTAwKS9uZWg=/o6ZhMhG3C_fss?st=XDhiNXPAt0eftSXYyHK5rGgw79OT1p6eAuM1c32fBKE&ts=1726826827&e=0"]},{"title":"ESTERHÁZIHO PALÁC I Luxusné bývanie v historickom centre Bratislavy","address":"Kapitulská, Bratislava I - Staré Mesto, okres Bratislava","rooms":3,"meters":78,"totalPrice":735421,"meterSquarePrice":2,"link":"https://www.nehnutelnosti.sk/detail/JulLnH5VkiW/esterhaziho-palac-i-luxusne-byvanie-v-historickom-centre-bratislavy","imagesUrls":["https://img.nehnutelnosti.sk/foto/NjAweDMzOC9maWx0ZXJzOnF1YWxpdHkoMTAwKS9uZWg=/LAAGYTqSv_fss?st=POT34WYhz6q9tXJlTLhbmVbTbyFI7Hz6rJ3HiQclanc&ts=1726826823&e=0"]},{"title":"ESTERHÁZIHO PALÁC I Luxusné bývanie v historickom centre Bratislavy","address":"Kapitulská, Bratislava I - Staré Mesto, okres Bratislava","rooms":2,"meters":91,"totalPrice":726984,"meterSquarePrice":4,"link":"https://www.nehnutelnosti.sk/detail/JuJi9DtAS4f/esterhaziho-palac-i-luxusne-byvanie-v-historickom-centre-bratislavy","imagesUrls":["https://img.nehnutelnosti.sk/foto/NjAweDMzOC9maWx0ZXJzOnF1YWxpdHkoMTAwKS9uZWg=/U-Rdk4KlS_fss?st=Kn5_F3bw8fSB6VKBn-pi-0BVCqDcGH7Uybpen1ggnSo&ts=1726826815&e=0"]},{"title":"Rezervované - 2 izbový byt Vyšné Hágy po kompletnej rekonštrukcii","address":"Vysoké Tatry, okres Poprad","rooms":2,"meters":51,"totalPrice":null,"meterSquarePrice":null,"link":"https://www.nehnutelnosti.sk/detail/JurqWOmxRCb/rezervovane-2-izbovy-byt-vysne-hagy-po-kompletnej-rekonstrukcii","imagesUrls":["https://img.nehnutelnosti.sk/foto/NjAweDMzOC9maWx0ZXJzOnF1YWxpdHkoMTAwKS9uZWg=/KxJvhCX3k_fss?st=nXdOFWOnI5Im-xzVuJWzU8na5abL4lYB1Y0evEY6tz0&ts=1726826608&e=0"]},{"title":"Predaj 1 izbový byt s balkónom, Martin","address":"Timravy, Martin, okres Martin","rooms":1,"meters":30,"totalPrice":69000,"meterSquarePrice":0,"link":"https://www.nehnutelnosti.sk/detail/JuyYrVPEfxb/predaj-1-izbovy-byt-s-balkonom-martin","imagesUrls":["https://img.nehnutelnosti.sk/foto/NjAweDMzOC9maWx0ZXJzOnF1YWxpdHkoMTAwKS9uZWg=/6zJW_JVY__fss?st=XPzd6WaVUIMeUwQriE3ldBudJzr9Ms1JsWbVBYFoKyE&ts=1726826375&e=0"]},{"title":"3 - izbový byt - ul.Lúčna - Prievidza","address":"Lúčna, Prievidza, okres Prievidza","rooms":3,"meters":66,"totalPrice":97000,"meterSquarePrice":0,"link":"https://www.nehnutelnosti.sk/detail/JuNWXaSk7dh/3-izbovy-byt-ul-lucna-prievidza","imagesUrls":["https://img.nehnutelnosti.sk/foto/NjAweDMzOC9maWx0ZXJzOnF1YWxpdHkoMTAwKS9uZWg=/OzQdCYZ_x_fss?st=Vb_aYlLnh7tDxnGGbYhb1loIxyVUsV5CQ-uShvADtC0&ts=1726826170&e=0"]},{"title":"3i byt, 74m2, prerobený, 5/12, Osuského","address":"Osuského 1630/44, Bratislava V - Petržalka, okres Bratislava","rooms":3,"meters":74,"totalPrice":192000,"meterSquarePrice":9,"link":"https://www.nehnutelnosti.sk/detail/JuOel65tgk8/3i-byt-74m2-prerobeny-5-12-osuskeho","imagesUrls":["https://img.nehnutelnosti.sk/foto/NjAweDMzOC9maWx0ZXJzOnF1YWxpdHkoMTAwKS9uZWg=/sFkLQ_YLZU_fss?st=skh66t0-awQqHglul5VbbXrdTPRpQDeEnrLdyG3DiWg&ts=1715593388&e=0"]},{"title":"Na predaj slnečný 1i byt na ulici Gabčíková v Karlovej Vsi, 37,11m2.","address":"Bratislava IV - Karlova Ves, okres Bratislava","rooms":1,"meters":37,"totalPrice":138900,"meterSquarePrice":3,"link":"https://www.nehnutelnosti.sk/detail/Ju2CurHZad9/na-predaj-slnecny-1i-byt-na-ulici-gabcikova-v-karlovej-vsi-37-11m2","imagesUrls":["https://img.nehnutelnosti.sk/foto/NjAweDMzOC9maWx0ZXJzOnF1YWxpdHkoMTAwKS9uZWg=/mv_QtmBfu1_fss?st=DYp6mhNXOQuEYNukmEfwiRaZNnTORrcDxLoiInuVa6M&ts=1726825676&e=0"]},{"title":"TUreality ponúka pekný 2i byt v Dúbravke, Novostavba TAMMI, parking, 50,5m2.","address":"Bratislava IV - Dúbravka, okres Bratislava","rooms":2,"meters":50,"totalPrice":219999,"meterSquarePrice":2,"link":"https://www.nehnutelnosti.sk/detail/Juh-kqHnaGk/tureality-ponuka-pekny-2i-byt-v-dubravke-novostavba-tammi-parking-50-5m2","imagesUrls":["https://img.nehnutelnosti.sk/foto/NjAweDMzOC9maWx0ZXJzOnF1YWxpdHkoMTAwKS9uZWg=/xAmCteGcO_fss?st=_GZR-xpujVbSUNV4NNDeZwEr2ZgVZJehwvNjW6-QuEQ&ts=1726825673&e=0"]},{"title":"ARTHUR - EXKLUZÍVNE: 3-izbový byt v srdci Petržalky s loggiou a modernou rekonštrukciou","address":"Jasovská, Bratislava V - Petržalka, okres Bratislava","rooms":3,"meters":66,"totalPrice":219900,"meterSquarePrice":2,"link":"https://www.nehnutelnosti.sk/detail/Ju-Znr9Xg6c/arthur-exkluzivne-3-izbovy-byt-v-srdci-petrzalky-s-loggiou-a-modernou-rekonstrukciou","imagesUrls":["https://img.nehnutelnosti.sk/foto/NjAweDMzOC9maWx0ZXJzOnF1YWxpdHkoMTAwKS9uZWg=/v8Nt8uXjR_fss?st=E0rYDt81N7rUV7xX95hlxtXZxW1iUrE57ege3aAn3T8&ts=1726986074&e=0"]},{"title":"Predaj 2 izbový byt s loggiou a parkingom v URBAN RESIDENCE,  ul . Račianska, Bratislava - Nové Mest","address":"Račianska, Bratislava III - Nové Mesto, okres Bratislava","rooms":2,"meters":57,"totalPrice":265000,"meterSquarePrice":2,"link":"https://www.nehnutelnosti.sk/detail/JuwNyN_rgId/predaj-2-izbovy-byt-s-loggiou-a-parkingom-v-urban-residence-ul-racianska-bratislava-nove-mest","imagesUrls":["https://img.nehnutelnosti.sk/foto/NjAweDMzOC9maWx0ZXJzOnF1YWxpdHkoMTAwKS9uZWg=/KkJ5rKlnF_fss?st=8SAAR9n7WuCv1zbQYmP8h8TTrlYRSKCK87gQ0oogjWw&ts=1726825526&e=0"]},{"title":"PREDAJ: Slnečný 3-izbový byt, 109,20 m2 s parkovacím státim v projekte Račany Bianco","address":"Pri vinohradoch, Bratislava III - Rača, okres Bratislava","rooms":3,"meters":109,"totalPrice":353000,"meterSquarePrice":3,"link":"https://www.nehnutelnosti.sk/detail/JucD_q585V5/predaj-slnecny-3-izbovy-byt-109-20-m2-s-parkovacim-statim-v-projekte-racany-bianco","imagesUrls":["https://img.nehnutelnosti.sk/foto/NjAweDMzOC9maWx0ZXJzOnF1YWxpdHkoMTAwKS9uZWg=/kQEjPKQ1n_fss?st=vndC13XjvPjoxEhcM4auoHwZtbMqNIy1P0iLSMpaP6A&ts=1726825416&e=0"]},{"title":"Priestranný 3 izbový byt s veľkou loggiou  v pokojnej časti Dúbravky.","address":"Húščavova, Bratislava IV - Dúbravka, okres Bratislava","rooms":3,"meters":72,"totalPrice":199900,"meterSquarePrice":9,"link":"https://www.nehnutelnosti.sk/detail/JuzrFy6HRw2/priestranny-3-izbovy-byt-s-velkou-loggiou-v-pokojnej-casti-dubravky","imagesUrls":["https://img.nehnutelnosti.sk/foto/NjAweDMzOC9maWx0ZXJzOnF1YWxpdHkoMTAwKS9uZWg=/uKAJsPMGwS_fss?st=0VD6jhc7OWrb8W5EUxxpQuhTaY3q5Zgxbm-iJXjDvF4&ts=1726168743&e=0"]},{"title":"Priestranný 3 izbový byt v lukratívnej lokalite s úžasným výhľadom","address":"Jegeho, Bratislava II - Ružinov, okres Bratislava","rooms":3,"meters":77,"totalPrice":289000,"meterSquarePrice":5,"link":"https://www.nehnutelnosti.sk/detail/JuFYTlPJy_a/priestranny-3-izbovy-byt-v-lukrativnej-lokalite-s-uzasnym-vyhladom","imagesUrls":["https://img.nehnutelnosti.sk/foto/NjAweDMzOC9maWx0ZXJzOnF1YWxpdHkoMTAwKS9uZWg=/a5aj7Y-y7K_fss?st=dHe15to5TbU3q-K9Pe3S0191TKlhFRyREqRiWxaWuf8&ts=1725973327&e=0"]},{"title":"Moderný   2 izbový byt v novostavbe obklopený zeleňou","address":"Mokrohájska cesta, Bratislava IV - Karlova Ves, okres Bratislava","rooms":2,"meters":65,"totalPrice":259990,"meterSquarePrice":5,"link":"https://www.nehnutelnosti.sk/detail/Juv0U_kVHo3X/moderny-2-izbovy-byt-v-novostavbe-obklopeny-zelenou","imagesUrls":["https://img.nehnutelnosti.sk/foto/NjAweDMzOC9maWx0ZXJzOnF1YWxpdHkoMTAwKS9uZWg=/Sf2BGcfK3__fss?st=yTerglwCQn1mt1A1zIqNKM4DPJaKgwVhMFsqIHRYLnM&ts=1725483885&e=0"]},{"title":"Predaj 3 izbový byt Krásnohorská, čiastočná rekonštrukcia,  64,64 m2 plus loggia, 199 900 €","address":"Hálova, Bratislava V - Petržalka, okres Bratislava","rooms":3,"meters":67,"totalPrice":190000,"meterSquarePrice":2,"link":"https://www.nehnutelnosti.sk/detail/JuS7TBeDez2/predaj-3-izbovy-byt-krasnohorska-ciastocna-rekonstrukcia-64-64-m2-plus-loggia-199-900","imagesUrls":["https://img.nehnutelnosti.sk/foto/NjAweDMzOC9maWx0ZXJzOnF1YWxpdHkoMTAwKS9uZWg=/tiKHPlYzY_fss?st=GV7lnFd8oPj_jYlsRoS1LCrzMUW4FmSIoXmWn19eCGU&ts=1698986212&e=0"]},{"title":"ZNÍŽENÁ CENA Predaj 3 izb. bytu s výmerou 86 m2 na ul. Veľkomoravská -Ma","address":"Veľkomoravská, Malacky, okres Malacky","rooms":3,"meters":86,"totalPrice":171490,"meterSquarePrice":7,"link":"https://www.nehnutelnosti.sk/detail/JunnzgECJI4/znizena-cena-predaj-3-izb-bytu-s-vymerou-86-m2-na-ul-velkomoravska-ma","imagesUrls":["https://img.nehnutelnosti.sk/foto/NjAweDMzOC9maWx0ZXJzOnF1YWxpdHkoMTAwKS9uZWg=/BVtAdZuZR_fss?st=Z-UyKWMoRiwWJx7ysbG0cm9Tl6-J0IJdAFymkhwcVa8&ts=1725483874&e=0"]},{"title":"Rezervovane! Predaj 3 izb. byt 66,76m2, Komárnická ulica - Ružinov, Štrkovec, 199900,-","address":"Komárnická, Bratislava II - Ružinov, okres Bratislava","rooms":3,"meters":67,"totalPrice":199900,"meterSquarePrice":8,"link":"https://www.nehnutelnosti.sk/detail/JutP9tjY-m5/rezervovane-predaj-3-izb-byt-66-76m2-komarnicka-ulica-ruzinov-strkovec-199900","imagesUrls":["https://img.nehnutelnosti.sk/foto/NjAweDMzOC9maWx0ZXJzOnF1YWxpdHkoMTAwKS9uZWg=/ThbLP8lAc5_fss?st=TsIxn6537pbUjo4W81dajMr9rFVkv6_x_x505IFTAR8&ts=1722085349&e=0"]},{"title":"1 - izbový byt s balkónom na Donovaloch","address":"Donovaly, okres Banská Bystrica","rooms":1,"meters":40,"totalPrice":98500,"meterSquarePrice":5,"link":"https://www.nehnutelnosti.sk/detail/JuMliZD1R1J/1-izbovy-byt-s-balkonom-na-donovaloch","imagesUrls":["https://img.nehnutelnosti.sk/foto/NjAweDMzOC9maWx0ZXJzOnF1YWxpdHkoMTAwKS9uZWg=/MFC8y6yf5_fss?st=oZbUR9FUjQdObwgYndXMAZ8meuOS4nwoh7mZHlInTzk&ts=1723110776&e=0"]},{"title":"NA PREDAJ Byt Lichnerova ul. Senec","address":"Lichnerova, Senec, okres Senec","rooms":3,"meters":89,"totalPrice":249500,"meterSquarePrice":7,"link":"https://www.nehnutelnosti.sk/detail/JujLXsTUZEl/na-predaj-byt-lichnerova-ul-senec","imagesUrls":["https://img.nehnutelnosti.sk/foto/NjAweDMzOC9maWx0ZXJzOnF1YWxpdHkoMTAwKS9uZWg=/oqr0pKsru_fss?st=Vo7I8CJIDzIfDGI5F4H6zOZhXNHrQQwHPXAeQ5YZJ2o&ts=1726823545&e=0"]},{"title":"Predaj 2i byt, novostavba, Železničná, Senec","address":"Železničná, Senec, okres Senec","rooms":2,"meters":46,"totalPrice":145000,"meterSquarePrice":8,"link":"https://www.nehnutelnosti.sk/detail/Judo_w5CJpu-/predaj-2i-byt-novostavba-zeleznicna-senec","imagesUrls":["https://img.nehnutelnosti.sk/foto/NjAweDMzOC9maWx0ZXJzOnF1YWxpdHkoMTAwKS9uZWg=/5ZXvvb3hzv_fss?st=fzDUmtsQQpvUe8lZkX4Id542tYuZQixHC8fOHOaTDu0&ts=1725287698&e=0"]},{"title":"Hľadáme 2i BEZBARIEROVÉ byty v Senci","address":"Senec, okres Senec","rooms":2,"meters":null,"totalPrice":null,"meterSquarePrice":null,"link":"https://www.nehnutelnosti.sk/detail/JuoZouBX4aw/hladame-2i-bezbarierove-byty-v-senci","imagesUrls":["https://img.nehnutelnosti.sk/foto/NjAweDMzOC9maWx0ZXJzOnF1YWxpdHkoMTAwKS9uZWg=/eP9JkObLA_fss?st=Sf8yxvdMaCOtDuQVuTg2c23eDROEWU9BzUUXMVgHExo&ts=1717619053&e=0"]},{"title":"Hľadáme byty na predaj","address":"Senec, okres Senec","rooms":2,"meters":null,"totalPrice":null,"meterSquarePrice":null,"link":"https://www.nehnutelnosti.sk/detail/JuW1V6hUWGR/hladame-byty-na-predaj","imagesUrls":[]},{"title":"1-IZBOVÝ BYT PÚCHOV - VHODNÝ AJ AKO INVESTÍCIA","address":"Púchov, okres Púchov","rooms":1,"meters":35,"totalPrice":76200,"meterSquarePrice":4,"link":"https://www.nehnutelnosti.sk/detail/JuUPUPdJTi8/1-izbovy-byt-puchov-vhodny-aj-ako-investicia","imagesUrls":["https://img.nehnutelnosti.sk/foto/NjAweDMzOC9maWx0ZXJzOnF1YWxpdHkoMTAwKS9uZWg=/gHy-hkS_t_fss?st=YpMd9Kq6oy1-I_63BYvm6-n9YaUZQL3Siiv6A2qYYfw&ts=1721814586&e=0"]},{"title":"HALO reality - Predaj, dvojizbový byt Sereď","address":"Sereď, okres Galanta","rooms":2,"meters":41,"totalPrice":98000,"meterSquarePrice":4,"link":"https://www.nehnutelnosti.sk/detail/JuqxPi9cVUo/halo-reality-predaj-dvojizbovy-byt-sered","imagesUrls":["https://img.nehnutelnosti.sk/foto/NjAweDMzOC9maWx0ZXJzOnF1YWxpdHkoMTAwKS9uZWg=/g-MsPmlwZ_fss?st=6ylJQoaUXtH2PLbQ6Zo89va9TY9V0T8R-_UWAYyCoXk&ts=1719242078&e=0"]},{"title":"HALO reality - Predaj, štvorizbový byt Piešťany","address":"Piešťany, okres Piešťany","rooms":4,"meters":82,"totalPrice":134900,"meterSquarePrice":2,"link":"https://www.nehnutelnosti.sk/detail/JuoYxCFW2m3/halo-reality-predaj-stvorizbovy-byt-piestany","imagesUrls":["https://img.nehnutelnosti.sk/foto/NjAweDMzOC9maWx0ZXJzOnF1YWxpdHkoMTAwKS9uZWg=/1IGlPlQzs_fss?st=WzqmeZKLtSw6q-_4SNaqsFXn46JK_96qZKgbizcmFD0&ts=1726174251&e=0"]},{"title":"HALO reality - Predaj, trojizbový byt Brestovany","address":"Brestovany, okres Trnava","rooms":3,"meters":72,"totalPrice":100000,"meterSquarePrice":9,"link":"https://www.nehnutelnosti.sk/detail/JuOFxszuOMZ/halo-reality-predaj-trojizbovy-byt-brestovany","imagesUrls":["https://img.nehnutelnosti.sk/foto/NjAweDMzOC9maWx0ZXJzOnF1YWxpdHkoMTAwKS9uZWg=/K9MHsuO6V_fss?st=QC0pWqPNbNp4P82w2v-dAFDMCKZ-9Q22nLxAeTWjfLU&ts=1725389194&e=0"]},{"title":"HALO reality - Predaj, garsónka Sereď, Garbiarska","address":"Sereď, okres Galanta","rooms":null,"meters":25,"totalPrice":70000,"meterSquarePrice":0,"link":"https://www.nehnutelnosti.sk/detail/JuLAzHJED8O/halo-reality-predaj-garsonka-sered-garbiarska","imagesUrls":["https://img.nehnutelnosti.sk/foto/NjAweDMzOC9maWx0ZXJzOnF1YWxpdHkoMTAwKS9uZWg=/imujQlKE7_fss?st=Qqw_m58iKgbkCJTAsRJmKikTYCUYJuHhY32FpRY4luk&ts=1718333313&e=0"]},{"title":"HALO reality - Predaj, dvojizbový byt Piešťany","address":"Piešťany, okres Piešťany","rooms":2,"meters":48,"totalPrice":120000,"meterSquarePrice":0,"link":"https://www.nehnutelnosti.sk/detail/Ju4HQcODRoD/halo-reality-predaj-dvojizbovy-byt-piestany","imagesUrls":["https://img.nehnutelnosti.sk/foto/NjAweDMzOC9maWx0ZXJzOnF1YWxpdHkoMTAwKS9uZWg=/S81KVr4yg_fss?st=lmMLN882hOxazMCJ5EefT7NMhnFbfaTLpZIcNyn_EjU&ts=1720272142&e=0"]},{"title":"HALO reality - Predaj, dvojizbový byt Hlohovec, Nábrežie A.Hlinku","address":"Hlohovec, okres Hlohovec","rooms":2,"meters":50,"totalPrice":85000,"meterSquarePrice":0,"link":"https://www.nehnutelnosti.sk/detail/Juz_REWMEyJ/halo-reality-predaj-dvojizbovy-byt-hlohovec-nabrezie-a-hlinku","imagesUrls":["https://img.nehnutelnosti.sk/foto/NjAweDMzOC9maWx0ZXJzOnF1YWxpdHkoMTAwKS9uZWg=/vn0yp1aVI_fss?st=0xbc6G-022p2m1b6p3HEk5BXuN3Z3vWWUmy79Rhq_so&ts=1720090693&e=0"]}]