[{"title":"TOP Realitka – EXKLUZÍVNE! 2 izbový byt, Vhodný aj na investíciu!  perfektná dispozícia, zateplenie,","address":"Kysucká, Senec, okres Senec","rooms":2,"meters":49,"totalPrice":134999,"meterSquarePrice":8,"link":"https://www.nehnutelnosti.sk/detail/JurwWCqnBO3/top-realitka-exkluzivne-2-izbovy-byt-vhodny-aj-na-investiciu-perfektna-dispozicia-zateplenie","imagesUrls":["https://img.nehnutelnosti.sk/foto/NjAweDMzOC9maWx0ZXJzOnF1YWxpdHkoMTAwKS9uZWg=/NMgymDiRu_fss?st=bgHXQiZ29PSL_eVAtgJPaukv3_My288juu7Pi5y97-o&ts=1658241456&e=0"]},{"title":"TOP Realitka – Exkluzívne – SÚRNE! REKONŠTRUKCIA 2022 - krásny 2-izbový byt, pivnička, pekný výhľad,","address":"Hanulova, Bratislava IV - Dúbravka, okres Bratislava","rooms":2,"meters":37,"totalPrice":156999,"meterSquarePrice":2,"link":"https://www.nehnutelnosti.sk/detail/JuP9IcUX8NOp/top-realitka-exkluzivne-surne-rekonstrukcia-2022-krasny-2-izbovy-byt-pivnicka-pekny-vyhlad","imagesUrls":["https://img.nehnutelnosti.sk/foto/NjAweDMzOC9maWx0ZXJzOnF1YWxpdHkoMTAwKS9uZWg=/Q15Ba8h2U_fss?st=xpJyXjZ8j_L6EEBsQz2sF_t_koPT6H9kmQsCb_6Spbo&ts=1680118272&e=0"]},{"title":"TOP Realitka – EXKLUZÍVNE! 3 izbový byt, Vhodný aj na investíciu! perfektná dispozícia, zateplenie,","address":"Dukelská, Bernolákovo, okres Senec","rooms":3,"meters":68,"totalPrice":239999,"meterSquarePrice":0,"link":"https://www.nehnutelnosti.sk/detail/JukF50KtpmC/top-realitka-exkluzivne-3-izbovy-byt-vhodny-aj-na-investiciu-perfektna-dispozicia-zateplenie","imagesUrls":["https://img.nehnutelnosti.sk/foto/NjAweDMzOC9maWx0ZXJzOnF1YWxpdHkoMTAwKS9uZWg=/ldun3tUlY_fss?st=3AIJXR-A4H9aSznoFpue4j9C6Vp55o8VlWQDHpIceOs&ts=1663320789&e=0"]},{"title":"TOP Realitka - Exkluzívne - Súrne, TOP cena, Dohoda - Novostavba - 3-i byt 65m2, balkón, pivnica, 2x","address":"Štúrova, Detva, okres Detva","rooms":3,"meters":65,"totalPrice":99999,"meterSquarePrice":5,"link":"https://www.nehnutelnosti.sk/detail/JuVeDn64hDI/top-realitka-exkluzivne-surne-top-cena-dohoda-novostavba-3-i-byt-65m2-balkon-pivnica-2x","imagesUrls":["https://img.nehnutelnosti.sk/foto/NjAweDMzOC9maWx0ZXJzOnF1YWxpdHkoMTAwKS9uZWg=/27Sd3zYZI_fss?st=PcoFCey7knGn_PPXnp7pXIQKv3Q3KxmY5N3yPfRqvGc&ts=1719942571&e=0"]},{"title":"TOP Realitka – Exkluzívne TOP cena+dohoda Zariadený 3 izbový byt - Vila-dom, oplotený areál, TOP Lok","address":"Partizánska, Svätý Jur, okres Pezinok","rooms":3,"meters":null,"totalPrice":null,"meterSquarePrice":null,"link":"https://www.nehnutelnosti.sk/detail/Jui80iXHxtL/top-realitka-exkluzivne-top-cena-dohoda-zariadeny-3-izbovy-byt-vila-dom-oploteny-areal-top-lok","imagesUrls":["https://img.nehnutelnosti.sk/foto/NjAweDMzOC9maWx0ZXJzOnF1YWxpdHkoMTAwKS9uZWg=/hf08DXRjx_fss?st=ACb5Ex9XKg8mZr1UGh8sfUnIbbdh7r02Kt3prDrgm6c&ts=1700944767&e=0"]},{"title":"TOP Realitka - Exkluzívne - TOP cena+dohoda, Novostavba - 4-i byt 81m2, zariadenie, balkón, pivnica,","address":"Štúrova, Detva, okres Detva","rooms":4,"meters":81,"totalPrice":142999,"meterSquarePrice":2,"link":"https://www.nehnutelnosti.sk/detail/JubFCLv6Miz/top-realitka-exkluzivne-top-cena-dohoda-novostavba-4-i-byt-81m2-zariadenie-balkon-pivnica","imagesUrls":[]},{"title":"VALEN | REZERVOVANÉ - Pekný 3i byt s parkovaním v tichej lokalite","address":"Pribišova 6, Bratislava IV - Karlova Ves, okres Bratislava","rooms":3,"meters":69,"totalPrice":215000,"meterSquarePrice":2,"link":"https://www.nehnutelnosti.sk/detail/JuKszL-qxDr/valen-rezervovane-pekny-3i-byt-s-parkovanim-v-tichej-lokalite","imagesUrls":["https://img.nehnutelnosti.sk/foto/NjAweDMzOC9maWx0ZXJzOnF1YWxpdHkoMTAwKS9uZWg=/t6tAfeH1e__fss?st=I3hhnIUkX3eTkwqg2HhnZfJxiU69RzKMBTc24cbSbp0&ts=1725893414&e=0"]},{"title":"Veľký 4 izbový, tehlový byt v BA III, Kramáre s parkingom pre 2 autá","address":"Stromová, Bratislava III - Nové Mesto, okres Bratislava","rooms":4,"meters":125,"totalPrice":null,"meterSquarePrice":null,"link":"https://www.nehnutelnosti.sk/detail/JuvxVvaipRo/velky-4-izbovy-tehlovy-byt-v-ba-iii-kramare-s-parkingom-pre-2-auta","imagesUrls":["https://img.unitedclassifieds.sk/foto/NjAweDMzOC9maWx0ZXJzOnF1YWxpdHkoMTAwKS9qdWw=/_-Qm8--Rl_fss?st=O_WMURf5Lsr5IzXo-T9WdunoJlpym81fWuoTE3t4M-w&ts=1696940528&e=0"]},{"title":"3 izbový tehlový byt v BA II, Ružinove, časť Prievoz, Mierová ul.","address":"Bratislava II - Ružinov, okres Bratislava","rooms":3,"meters":64,"totalPrice":null,"meterSquarePrice":null,"link":"https://www.nehnutelnosti.sk/detail/JuElYqpzV2J/3-izbovy-tehlovy-byt-v-ba-ii-ruzinove-cast-prievoz-mierova-ul","imagesUrls":["https://img.unitedclassifieds.sk/foto/NjAweDMzOC9maWx0ZXJzOnF1YWxpdHkoMTAwKS9qdWw=/LScsbx0aQ_fss?st=42qlXJXBLY5BDdPpxlu7o9OyKm4vHckGJyEzBbBwoOE&ts=1688721551&e=0"]},{"title":"Veľký, 2 izbový byt  (60,82 m2) v tichej lokalite v BA II, Ružinove, časť Pošeň, Chlumeckého ul.","address":"Bratislava II - Ružinov, okres Bratislava","rooms":2,"meters":60,"totalPrice":null,"meterSquarePrice":null,"link":"https://www.nehnutelnosti.sk/detail/JuLhFQ96S-A/velky-2-izbovy-byt-60-82-m2-v-tichej-lokalite-v-ba-ii-ruzinove-cast-posen-chlumeckeho-ul","imagesUrls":["https://img.unitedclassifieds.sk/foto/NjAweDMzOC9maWx0ZXJzOnF1YWxpdHkoMTAwKS9qdWw=/3cxnadEwR_fss?st=pe5AxrShGMhlEypGBoP12T4pRfwipg6mVxyT1hB6Ok8&ts=1709818024&e=0"]},{"title":"3 izbový tehlový  byt s garážou v BA II, Ružinov, časť Nivy (pri OC CENTRÁL)","address":"Kupeckého, Bratislava II - Ružinov, okres Bratislava","rooms":3,"meters":72,"totalPrice":275000,"meterSquarePrice":2,"link":"https://www.nehnutelnosti.sk/detail/JuF-cbLxiVG/3-izbovy-tehlovy-byt-s-garazou-v-ba-ii-ruzinov-cast-nivy-pri-oc-central","imagesUrls":["https://img.unitedclassifieds.sk/foto/NjAweDMzOC9maWx0ZXJzOnF1YWxpdHkoMTAwKS9qdWw=/_k5PHAe7u_fss?st=khTo6xHmTgHCUBmrHH6wGFBd3DDB_WuHjyYe3NotLCo&ts=1721314914&e=0"]},{"title":"2 izbový byt na predaj v meste Handlová","address":"Handlová, okres Prievidza","rooms":2,"meters":61,"totalPrice":56900,"meterSquarePrice":9,"link":"https://www.nehnutelnosti.sk/detail/Jueouyyy9u7/2-izbovy-byt-na-predaj-v-meste-handlova","imagesUrls":["https://img.nehnutelnosti.sk/foto/NjAweDMzOC9maWx0ZXJzOnF1YWxpdHkoMTAwKS9uZWg=/z956HPvJt_fss?st=JC7eWcDGMqeOlqT41CuHCIq3ulKLPnTsv4Jr9sllgEs&ts=1726735815&e=0"]},{"title":"REZERVOVANÉ!!! Predaj- priestranný a svetlý 3- izb. byt (95,15 m2 + pivnica 2,95 m2 + terasa 15,55 m","address":"Kresánkova, Bratislava IV - Karlova Ves, okres Bratislava","rooms":3,"meters":113,"totalPrice":329900,"meterSquarePrice":7,"link":"https://www.nehnutelnosti.sk/detail/JuiU4SFBigA/rezervovane-predaj-priestranny-a-svetly-3-izb-byt-95-15-m2-pivnica-2-95-m2-terasa-15-55-m","imagesUrls":["https://img.nehnutelnosti.sk/foto/NjAweDMzOC9maWx0ZXJzOnF1YWxpdHkoMTAwKS9uZWg=/riAnAR4H-_fss?st=2-1HI8_Uiqjj8xShmPI7naaVj_4Mp4v4Wp5QzBcB6hk&ts=1722414858&e=0"]},{"title":"REZERVOVANÉ!!! Predaj- priestranný a svetlý 2- izb. byt (64,5 m2 + loggia 7,7 m2 s krásnym výhľadom)","address":"Majerníkova, Bratislava IV - Karlova Ves, okres Bratislava","rooms":2,"meters":72,"totalPrice":239900,"meterSquarePrice":1,"link":"https://www.nehnutelnosti.sk/detail/Ju9CKLDDcc2/rezervovane-predaj-priestranny-a-svetly-2-izb-byt-64-5-m2-loggia-7-7-m2-s-krasnym-vyhladom","imagesUrls":["https://img.nehnutelnosti.sk/foto/NjAweDMzOC9maWx0ZXJzOnF1YWxpdHkoMTAwKS9uZWg=/pol7r_RnV_fss?st=dVFtCJUfr_QPh0atLZPz7vB9RlMbi-AUV0DyE7mAOqU&ts=1723279548&e=0"]},{"title":"Ponúkame na predaj 2-izbový byt v City Gate","address":"Nám. SNP, Bratislava I - Staré Mesto, okres Bratislava","rooms":2,"meters":70,"totalPrice":305000,"meterSquarePrice":1,"link":"https://www.nehnutelnosti.sk/detail/JuUZVO4KaMX/ponukame-na-predaj-2-izbovy-byt-v-city-gate","imagesUrls":["https://img.nehnutelnosti.sk/foto/NjAweDMzOC9maWx0ZXJzOnF1YWxpdHkoMTAwKS9uZWg=/sfCMlfMep_fss?st=gAuH5sSg9If6vujw7L7jx2Z4eWcjVrDjpz1gVmObh98&ts=1726504394&e=0"]},{"title":"Moderný priestranný 3-izbový byt 180 m² + balkóny 31 m² pri hrade, novostavba,vysoký štandard, možno","address":"Skalná, Bratislava I - Staré Mesto, okres Bratislava","rooms":3,"meters":180,"totalPrice":990000,"meterSquarePrice":0,"link":"https://www.nehnutelnosti.sk/detail/Jul9qK86y0H8/moderny-priestranny-3-izbovy-byt-180-m-balkony-31-m-pri-hrade-novostavba-vysoky-standard-mozno","imagesUrls":["https://img.nehnutelnosti.sk/foto/NjAweDMzOC9maWx0ZXJzOnF1YWxpdHkoMTAwKS9uZWg=/Xo7Gli3TWX_fss?st=a7NYfUkDbdAk_vZiaa5I1WgVzSgR6sRc7LXT2_aWNnI&ts=1725460867&e=0"]},{"title":"Priestor 309.9m2 vo funkcionalistickej budove v centre Bratislavy so stavebným povolením","address":"Špitálska, Bratislava I - Staré Mesto, okres Bratislava","rooms":null,"meters":309,"totalPrice":750000,"meterSquarePrice":4,"link":"https://www.nehnutelnosti.sk/detail/JuuqwPzBI7K/priestor-309-9m2-vo-funkcionalistickej-budove-v-centre-bratislavy-so-stavebnym-povolenim","imagesUrls":["https://img.nehnutelnosti.sk/foto/NjAweDMzOC9maWx0ZXJzOnF1YWxpdHkoMTAwKS9uZWg=/QRsj6hqsN_fss?st=46vYZO5ZA6x6YjL-uLaG_KqDASF0RvtylBpdbDeYf74&ts=1725005335&e=0"]},{"title":"3-izbový (ev.4-izbový) byt  s balkónom v Slávičom údolí na 4.poschodí obnoveného domu","address":"Tichá, Bratislava I - Staré Mesto, okres Bratislava","rooms":4,"meters":99,"totalPrice":399000,"meterSquarePrice":6,"link":"https://www.nehnutelnosti.sk/detail/JuaKeNubmqt/3-izbovy-ev-4-izbovy-byt-s-balkonom-v-slavicom-udoli-na-4-poschodi-obnoveneho-domu","imagesUrls":["https://img.nehnutelnosti.sk/foto/NjAweDMzOC9maWx0ZXJzOnF1YWxpdHkoMTAwKS9uZWg=/YnQiSPVs6_fss?st=xsBhHq_ZcRxxcw-keTAyABrjWVURlqiJZQ_qyOPrI2E&ts=1721402498&e=0"]},{"title":"3-izb. byt v centre Bratislavy - Zochova ul.","address":"Zochova, Bratislava I - Staré Mesto, okres Bratislava","rooms":3,"meters":87,"totalPrice":299000,"meterSquarePrice":5,"link":"https://www.nehnutelnosti.sk/detail/JuSpy5bSbvE/3-izb-byt-v-centre-bratislavy-zochova-ul","imagesUrls":["https://img.nehnutelnosti.sk/foto/NjAweDMzOC9maWx0ZXJzOnF1YWxpdHkoMTAwKS9uZWg=/GLXfOc8NYY_fss?st=Pjf63IpwKlCitSEtQlY8ltsITqmPZdsF-bgu_dlOLgQ&ts=1722846624&e=0"]},{"title":"6 - izb byt s terasou v absolútnom centre / Spacious 5 bedroom apartment in the very center of Brati","address":"Bratislava I - Staré Mesto, okres Bratislava","rooms":5,"meters":197,"totalPrice":799900,"meterSquarePrice":8,"link":"https://www.nehnutelnosti.sk/detail/Juvm2_mmflL/6-izb-byt-s-terasou-v-absolutnom-centre-spacious-5-bedroom-apartment-in-the-very-center-of-brati","imagesUrls":["https://img.nehnutelnosti.sk/foto/NjAweDMzOC9maWx0ZXJzOnF1YWxpdHkoMTAwKS9uZWg=/oYb9NacZqA_fss?st=di1dUM1daUVkHghOai3KvxUOTHdWD_R8Wp1Ttc21XRM&ts=1723202496&e=0"]},{"title":"Priestraný 3-izbový priestor s loggiou v centre","address":"Špitálska, Bratislava I - Staré Mesto, okres Bratislava","rooms":3,"meters":85,"totalPrice":329000,"meterSquarePrice":5,"link":"https://www.nehnutelnosti.sk/detail/JuVReYvGfts/priestrany-3-izbovy-priestor-s-loggiou-v-centre","imagesUrls":["https://img.nehnutelnosti.sk/foto/NjAweDMzOC9maWx0ZXJzOnF1YWxpdHkoMTAwKS9uZWg=/vPt2mlf8e_fss?st=w4xYdCR6AURbsFWpKUdU4EvQiQ6jYP58mrWZEaURa2A&ts=1724431727&e=0"]},{"title":"3-izbový (ev.4-izbový) byt  s balkónom v Slávičom údolí na 4.poschodí obnoveného domu","address":"Tichá, Bratislava I - Staré Mesto, okres Bratislava","rooms":3,"meters":99,"totalPrice":399000,"meterSquarePrice":6,"link":"https://www.nehnutelnosti.sk/detail/JuGiXQWK3li/3-izbovy-ev-4-izbovy-byt-s-balkonom-v-slavicom-udoli-na-4-poschodi-obnoveneho-domu","imagesUrls":["https://img.nehnutelnosti.sk/foto/NjAweDMzOC9maWx0ZXJzOnF1YWxpdHkoMTAwKS9uZWg=/JoekRq85__fss?st=Gnew00QcZjGwEhHpj9HlfPZP0UUfenA5RJpnlwy2QtU&ts=1721401565&e=0"]},{"title":"Staromestský 3-izbový byt 98,26 m² - Medená ulica, 3.posch., centrum","address":"Medená, Bratislava I - Staré Mesto, okres Bratislava","rooms":3,"meters":98,"totalPrice":350000,"meterSquarePrice":8,"link":"https://www.nehnutelnosti.sk/detail/Juc3Q0iOuUn/staromestsky-3-izbovy-byt-98-26-m-medena-ulica-3-posch-centrum","imagesUrls":["https://img.nehnutelnosti.sk/foto/NjAweDMzOC9maWx0ZXJzOnF1YWxpdHkoMTAwKS9uZWg=/XBxC0fofm_fss?st=pfBH_Nhw8oe8fCL6vfGeXAmOI7bhVcuo948mAtcvfqE&ts=1726063302&e=0"]},{"title":"CHCETE INVESTOVAŤ ? ......KAŽDÝ DETAIL ROBÍ BYT PRÍJEMNÝM - PARKING,PREDZÁHRADKA....","address":"Tomášikova, Bratislava II - Ružinov, okres Bratislava","rooms":null,"meters":52,"totalPrice":null,"meterSquarePrice":null,"link":"https://www.nehnutelnosti.sk/detail/JuJU7s3_nKu/chcete-investovat-kazdy-detail-robi-byt-prijemnym-parking-predzahradka","imagesUrls":["https://img.nehnutelnosti.sk/foto/NjAweDMzOC9maWx0ZXJzOnF1YWxpdHkoMTAwKS9uZWg=/0G9UfQx6H_fss?st=YaJUfXvALeMmRs-0zXST6Fo8wbfMkFX3vTI9TYWxloY&ts=1726507892&e=0"]},{"title":"Štýlový veľký byt s vysokými stropmi v centre Bratislavy","address":"Bratislava I - Staré Mesto, okres Bratislava","rooms":4,"meters":143,"totalPrice":659000,"meterSquarePrice":9,"link":"https://www.nehnutelnosti.sk/detail/Jui8jzf5UQf/stylovy-velky-byt-s-vysokymi-stropmi-v-centre-bratislavy","imagesUrls":["https://img.nehnutelnosti.sk/foto/NjAweDMzOC9maWx0ZXJzOnF1YWxpdHkoMTAwKS9uZWg=/F8siHJ5D4F_fss?st=MU5HJaaqavswmld0qEnmcIVePqJ3tum12ZfIsqmfrEE&ts=1714464183&e=0"]},{"title":"4-izbový nebytový priestor 156,60 m² v novostavbe - Jelšová ul. (Kramáre)","address":"Jelšová, Bratislava III - Nové Mesto, okres Bratislava","rooms":4,"meters":163,"totalPrice":585176,"meterSquarePrice":6,"link":"https://www.nehnutelnosti.sk/detail/JuZTGKPrKFu/4-izbovy-nebytovy-priestor-156-60-m-v-novostavbe-jelsova-ul-kramare","imagesUrls":["https://img.nehnutelnosti.sk/foto/NjAweDMzOC9maWx0ZXJzOnF1YWxpdHkoMTAwKS9uZWg=/9zUQfoFVEt_fss?st=N3YFMOKe8r7WXCZKhRwbQ0Ix7hXF8Nh-g5sQbakE0lI&ts=1722174685&e=0"]},{"title":"Priestranný 3-izbový apartmán v novostavbe Vienna Gate na 13.p., možnosť garáže","address":"Kopčianska, Bratislava V - Petržalka, okres Bratislava","rooms":3,"meters":89,"totalPrice":360000,"meterSquarePrice":5,"link":"https://www.nehnutelnosti.sk/detail/JurLv8Vkx19/priestranny-3-izbovy-apartman-v-novostavbe-vienna-gate-na-13-p-moznost-garaze","imagesUrls":["https://img.nehnutelnosti.sk/foto/NjAweDMzOC9maWx0ZXJzOnF1YWxpdHkoMTAwKS9uZWg=/ewQBA_bKD0_fss?st=QbM4YdKv-wcqyidm7SYV-UTV1WAa4sCHaHz3g1SuGgM&ts=1722174677&e=0"]},{"title":"Priestranný 3-izbový apartmán v novostavbe Vienna Gate na 13.p., možnosť garáže","address":"Kopčianska, Bratislava V - Petržalka, okres Bratislava","rooms":3,"meters":89,"totalPrice":360000,"meterSquarePrice":5,"link":"https://www.nehnutelnosti.sk/detail/JuPh7NNVeHJ/priestranny-3-izbovy-apartman-v-novostavbe-vienna-gate-na-13-p-moznost-garaze","imagesUrls":["https://img.nehnutelnosti.sk/foto/NjAweDMzOC9maWx0ZXJzOnF1YWxpdHkoMTAwKS9uZWg=/wM1CJYTBI_fss?st=JnHMPG6-x2ShEM9SPxr63mVBovQR5Y5nwh5AMLXnChY&ts=1719783316&e=0"]},{"title":"Najvyššie položený skolaudovaný penthouse v BA II 35.podlažie J&T Klingerka 188 m² + terasa 58 m² (3","address":"Súkennícka, Bratislava II - Ružinov, okres Bratislava","rooms":4,"meters":188,"totalPrice":1368000,"meterSquarePrice":0,"link":"https://www.nehnutelnosti.sk/detail/JulmFP3MAeX/najvyssie-polozeny-skolaudovany-penthouse-v-ba-ii-35-podlazie-jt-klingerka-188-m-terasa-58-m-3","imagesUrls":["https://img.nehnutelnosti.sk/foto/NjAweDMzOC9maWx0ZXJzOnF1YWxpdHkoMTAwKS9uZWg=/gTNzy5cKM_fss?st=PtNDi-rrGUHRWaJVab0GQvkRhr_H2Fkc7TJmvVmHBLk&ts=1715880509&e=0"]},{"title":"6-izbový mezonetový byt s terasou a 2 balkónmi, možnosť 2 garážových státí, pri VIVO a Kuchajde","address":"Vajnorská, Bratislava III - Nové Mesto, okres Bratislava","rooms":5,"meters":171,"totalPrice":650000,"meterSquarePrice":1,"link":"https://www.nehnutelnosti.sk/detail/Ju41i6FLNN0/6-izbovy-mezonetovy-byt-s-terasou-a-2-balkonmi-moznost-2-garazovych-stati-pri-vivo-a-kuchajde","imagesUrls":["https://img.nehnutelnosti.sk/foto/NjAweDMzOC9maWx0ZXJzOnF1YWxpdHkoMTAwKS9uZWg=/us-sDRrV8_fss?st=4I6bgrCn_4MlXhIwX7cKkwreIm2dVXJBgGd-H7VxG6A&ts=1710346838&e=0"]}]