[{"title":"3-izb. byt v bytovom dome na ulici M.R.Štefánika 23 v Leviciach o celkovej rozlohe 68,75 m2","address":"Ul. M. R. Štefánika 23, Levice, okres Levice","rooms":3,"meters":68,"totalPrice":89900,"meterSquarePrice":4,"link":"https://www.nehnutelnosti.sk/detail/JubMiOFRjZu/3-izb-byt-v-bytovom-dome-na-ulici-m-r-stefanika-23-v-leviciach-o-celkovej-rozlohe-68-75-m2","imagesUrls":["https://img.unitedclassifieds.sk/foto/NjAweDMzOC9maWx0ZXJzOnF1YWxpdHkoMTAwKS9yc2Y=/01UwYF90o_fss?st=Lq72JjZlj2BsFpHpbIe2N0bIl55LVsHqEk6fN-DGz1o&ts=1722006572&e=0"]},{"title":"NA PREDAJ 2-izb. byt Nitra - Riviera","address":"Piesková, Nitra, okres Nitra","rooms":2,"meters":55,"totalPrice":179000,"meterSquarePrice":5,"link":"https://www.nehnutelnosti.sk/detail/JuI_fFg7H43/na-predaj-2-izb-byt-nitra-riviera","imagesUrls":["https://img.unitedclassifieds.sk/foto/NjAweDMzOC9maWx0ZXJzOnF1YWxpdHkoMTAwKS9qdWw=/4Adc9CLxH_fss?st=o2fS09XaYIWA5fRKzy_riQzmCe-82wBxduD-F_0dIjc&ts=1725532192&e=0"]},{"title":"Ponúkame exkluzívne na predaj 1-izb. byt s balkónom v Leviciach na ul. Zd. Nejedlého o celkovej rozl","address":"Ul. Z. Nejedlého 2879/65, Levice, okres Levice","rooms":1,"meters":36,"totalPrice":65500,"meterSquarePrice":8,"link":"https://www.nehnutelnosti.sk/detail/Juqv9KJUCpID/ponukame-exkluzivne-na-predaj-1-izb-byt-s-balkonom-v-leviciach-na-ul-zd-nejedleho-o-celkovej-rozl","imagesUrls":["https://img.unitedclassifieds.sk/foto/NjAweDMzOC9maWx0ZXJzOnF1YWxpdHkoMTAwKS9yc2Y=/IqfoRo1li_fss?st=mt7GQ7Z5AGD9GJOiO7GnEnrkMQQM5LM6Eg6mrHP_z9I&ts=1717044912&e=0"]},{"title":"Ponúkame exkluzívne na predaj pekný 3-izb. byt v Leviciach na Dopravnej ul.","address":"Dopravná ul. 2433/3, Levice, okres Levice","rooms":3,"meters":67,"totalPrice":97000,"meterSquarePrice":6,"link":"https://www.nehnutelnosti.sk/detail/JuRNW8b3xay/ponukame-exkluzivne-na-predaj-pekny-3-izb-byt-v-leviciach-na-dopravnej-ul","imagesUrls":["https://img.unitedclassifieds.sk/foto/NjAweDMzOC9maWx0ZXJzOnF1YWxpdHkoMTAwKS9yc2Y=/V4uAKvqQz_fss?st=p-x_hDeElY3S-rVAWGb5QNLNnvOENqPHKMNZQlo-iAQ&ts=1722419354&e=0"]},{"title":"Predaj priestranný 3izbový byt, Nejedlého ulica, BA IV – Dúbravka, možnosť dokúpiť 2x parkovacie stá","address":"Nejedlého, Bratislava IV - Dúbravka, okres Bratislava","rooms":3,"meters":73,"totalPrice":299990,"meterSquarePrice":5,"link":"https://www.nehnutelnosti.sk/detail/JuTPVPCgKO2/predaj-priestranny-3izbovy-byt-nejedleho-ulica-ba-iv-dubravka-moznost-dokupit-2x-parkovacie-sta","imagesUrls":["https://img.unitedclassifieds.sk/foto/NjAweDMzOC9maWx0ZXJzOnF1YWxpdHkoMTAwKS9qdWw=/cml5JR45H_fss?st=rcc-5qzyJq8TFvEteSnMPhfn6CljNO4UZB1WVUqh-RY&ts=1725271590&e=0"]},{"title":"PREDANÉ-EXKLUZÍVNE-SPEKTRUM REALITY- Na Predaj komplet rekonštruovaný  2-izbový byt, 53.3 m2, Handlo","address":"29. augusta, Handlová, okres Prievidza","rooms":2,"meters":53,"totalPrice":59000,"meterSquarePrice":1,"link":"https://www.nehnutelnosti.sk/detail/Juvb83yUSgW/predane-exkluzivne-spektrum-reality-na-predaj-komplet-rekonstruovany-2-izbovy-byt-53-3-m2-handlo","imagesUrls":["https://img.nehnutelnosti.sk/foto/NjAweDMzOC9maWx0ZXJzOnF1YWxpdHkoMTAwKS9uZWg=/72Jeqk1Xe_fss?st=Hncdba9sXtJ7CCYJLYL-TleNeaXWnpmtbdsnZHNPxvc&ts=1719316143&e=0"]},{"title":"SPEKTRUM REALITY- Na Predaj 2-izbový byt, 49.96 m2 s loggiou, okres Prievidza, sídlisko Zapotôčky","address":"J. Matušku, Prievidza, okres Prievidza","rooms":2,"meters":50,"totalPrice":77000,"meterSquarePrice":0,"link":"https://www.nehnutelnosti.sk/detail/Ju84C5VZTBb/spektrum-reality-na-predaj-2-izbovy-byt-49-96-m2-s-loggiou-okres-prievidza-sidlisko-zapotocky","imagesUrls":["https://img.nehnutelnosti.sk/foto/NjAweDMzOC9maWx0ZXJzOnF1YWxpdHkoMTAwKS9uZWg=/HzSTf4juxA_fss?st=T7pHtGc71BxfrHw-euY907mSWmlODkNHXJS_fvBCsx8&ts=1725904283&e=0"]},{"title":"PREDANÉ- EXKLUZÍVNE- SPEKTRUM REALITY- Na Predaj 3-izbový byt, 63.58 m2 s loggiou, Handlová","address":"Okružná, Handlová, okres Prievidza","rooms":3,"meters":64,"totalPrice":72000,"meterSquarePrice":5,"link":"https://www.nehnutelnosti.sk/detail/JuHHTsplqZg/predane-exkluzivne-spektrum-reality-na-predaj-3-izbovy-byt-63-58-m2-s-loggiou-handlova","imagesUrls":["https://img.nehnutelnosti.sk/foto/NjAweDMzOC9maWx0ZXJzOnF1YWxpdHkoMTAwKS9uZWg=/DR8Ea8XJZY_fss?st=b85cguNqBX3Pi0mu-ttbOErweYA4HPo6aMkUW5hTIGE&ts=1719212312&e=0"]},{"title":"PREDANÉ- EXKLUZÍVNE-SPEKTRUM REALITY- Na Predaj 1- izbový byt, 42 m2, Handlová, ul. Lipová","address":"Lipová, Handlová, okres Prievidza","rooms":1,"meters":42,"totalPrice":39000,"meterSquarePrice":7,"link":"https://www.nehnutelnosti.sk/detail/JuZsmRUoBv7/predane-exkluzivne-spektrum-reality-na-predaj-1-izbovy-byt-42-m2-handlova-ul-lipova","imagesUrls":["https://img.nehnutelnosti.sk/foto/NjAweDMzOC9maWx0ZXJzOnF1YWxpdHkoMTAwKS9uZWg=/mrhv4_eo7_fss?st=J1samdIPYFQ4CD7uOuJ4KuvPN8WA9k120GVEK9EKcG4&ts=1724349874&e=0"]},{"title":"REZERVOVANÉ- SPEKTRUM REALITY- Na Predaj 3-izbový byt, 63.58 m2 s loggiou, okres Prievidza, sídlisko","address":"Nad Terasami, Prievidza, okres Prievidza","rooms":3,"meters":64,"totalPrice":88000,"meterSquarePrice":5,"link":"https://www.nehnutelnosti.sk/detail/Jua809zEgTS/rezervovane-spektrum-reality-na-predaj-3-izbovy-byt-63-58-m2-s-loggiou-okres-prievidza-sidlisko","imagesUrls":["https://img.nehnutelnosti.sk/foto/NjAweDMzOC9maWx0ZXJzOnF1YWxpdHkoMTAwKS9uZWg=/TLSeH-m6u_fss?st=637nbzmOSAnd3cBFCkr-yQcKsbcaEQEvHhV0vBUoCgI&ts=1722348399&e=0"]},{"title":"PREDANÉ-EXKLUZÍVNE-SPEKTRUM REALITY- Na Predaj komplet rekonštruovaný, zariadený  2- izbový byt, 62.","address":"29. augusta, Handlová, okres Prievidza","rooms":2,"meters":63,"totalPrice":67000,"meterSquarePrice":9,"link":"https://www.nehnutelnosti.sk/detail/Ju1Sfr4TzbJ/predane-exkluzivne-spektrum-reality-na-predaj-komplet-rekonstruovany-zariadeny-2-izbovy-byt-62","imagesUrls":["https://img.nehnutelnosti.sk/foto/NjAweDMzOC9maWx0ZXJzOnF1YWxpdHkoMTAwKS9uZWg=/VpH9tbN5HS_fss?st=ef4XEyRRnp6oBnpscrU2IBNxMGKey1unowncjRba2go&ts=1722417394&e=0"]},{"title":"REZERVOVANÉ-EXKLUZÍVNE-SPEKTRUM REALITY- Na Predaj komplet rekonštruovaný, zariadený 3- izbový byt,","address":"Okružná, Handlová, okres Prievidza","rooms":3,"meters":63,"totalPrice":75000,"meterSquarePrice":8,"link":"https://www.nehnutelnosti.sk/detail/JuZvAdv3aO7/rezervovane-exkluzivne-spektrum-reality-na-predaj-komplet-rekonstruovany-zariadeny-3-izbovy-byt","imagesUrls":["https://img.nehnutelnosti.sk/foto/NjAweDMzOC9maWx0ZXJzOnF1YWxpdHkoMTAwKS9uZWg=/mkp12NRH4_fss?st=8YWizwdBmpqzln_01XNjNtWj9I9VhCnl-S4MpBbYlQQ&ts=1723730518&e=0"]},{"title":"SPEKTRUM REALITY- Na Predaj 2-izbový byt, 63.2 m2, s balkónom, Handlová","address":"lipová, Handlová, okres Prievidza","rooms":2,"meters":63,"totalPrice":55000,"meterSquarePrice":2,"link":"https://www.nehnutelnosti.sk/detail/JuWJo9KRZHB/spektrum-reality-na-predaj-2-izbovy-byt-63-2-m2-s-balkonom-handlova","imagesUrls":["https://img.nehnutelnosti.sk/foto/NjAweDMzOC9maWx0ZXJzOnF1YWxpdHkoMTAwKS9uZWg=/DOFmSAhKT_fss?st=w7Efa_k9MA3-zYk1XphlMJFlV4QPCV4vNR_r577c7XU&ts=1725701666&e=0"]},{"title":"SPEKTRUM REALITY- Na Predaj 3-izbový byt, 70 m2, Handlová, ul. Okružná, okres Prievidza","address":"Okružná, Handlová, okres Prievidza","rooms":3,"meters":70,"totalPrice":69000,"meterSquarePrice":1,"link":"https://www.nehnutelnosti.sk/detail/JuiI5HVk7wD/spektrum-reality-na-predaj-3-izbovy-byt-70-m2-handlova-ul-okruzna-okres-prievidza","imagesUrls":["https://img.nehnutelnosti.sk/foto/NjAweDMzOC9maWx0ZXJzOnF1YWxpdHkoMTAwKS9uZWg=/3DhCIokZj_fss?st=sax9TYk7OCktJd-5yVzFLirS-2hJ1vFx1FxF2KIR220&ts=1722973595&e=0"]},{"title":"EXKLUZÍVNE- SPEKTRUM REALITY- Na Predaj garsónka, 23 m2 s loggiou , okres Žiar Nad Hronom, Etapa","address":"Sládkovičova, Žiar nad Hronom, okres Žiar nad Hronom","rooms":null,"meters":23,"totalPrice":38000,"meterSquarePrice":7,"link":"https://www.nehnutelnosti.sk/detail/JusrjQ5jT9t/exkluzivne-spektrum-reality-na-predaj-garsonka-23-m2-s-loggiou-okres-ziar-nad-hronom-etapa","imagesUrls":["https://img.nehnutelnosti.sk/foto/NjAweDMzOC9maWx0ZXJzOnF1YWxpdHkoMTAwKS9uZWg=/FjMOsSfIvR_fss?st=Muiiu8-2bu4hMpGaaiis1xAPzHuxJOcow1JiGfOeX54&ts=1722971917&e=0"]},{"title":"SPEKTRUM REALITY- Na Predaj garsónka, 20 m2, okres Prievidza, ul. Energetikov","address":"Energetikov, Prievidza, okres Prievidza","rooms":null,"meters":20,"totalPrice":49990,"meterSquarePrice":0,"link":"https://www.nehnutelnosti.sk/detail/JugO-_sQQwG/spektrum-reality-na-predaj-garsonka-20-m2-okres-prievidza-ul-energetikov","imagesUrls":["https://img.nehnutelnosti.sk/foto/NjAweDMzOC9maWx0ZXJzOnF1YWxpdHkoMTAwKS9uZWg=/H9f7tSzem_fss?st=-pK3RVtNK4ICInFBXnIA0VeRQatHfK0-xXIB1GZuFbo&ts=1723997931&e=0"]},{"title":"REZERVOVANÉ-EXKLUZÍVNE-SPEKTRUM REALITY- Na Predaj veľkometrážny 3 -izbový byt, 76.2 m2, 4x Loggia,","address":"Okružná, Handlová, okres Prievidza","rooms":3,"meters":76,"totalPrice":59500,"meterSquarePrice":9,"link":"https://www.nehnutelnosti.sk/detail/Ju5ADD3NCwk/rezervovane-exkluzivne-spektrum-reality-na-predaj-velkometrazny-3-izbovy-byt-76-2-m2-4x-loggia","imagesUrls":["https://img.nehnutelnosti.sk/foto/NjAweDMzOC9maWx0ZXJzOnF1YWxpdHkoMTAwKS9uZWg=/awuxJOEMGM_fss?st=YBNCAEtAYue1RW8QTfzUj_zgyTXKmnf_nV3PaqFxEU0&ts=1722971915&e=0"]},{"title":"SPEKTRUM REALITY- Na Predaj 3-izbový veľkometrážny byt, 80 m2, dva balkóny, Handlová, okres Prievidz","address":"Morovnianská cesta, Handlová, okres Prievidza","rooms":3,"meters":80,"totalPrice":88900,"meterSquarePrice":5,"link":"https://www.nehnutelnosti.sk/detail/JufGTjyWWeM/spektrum-reality-na-predaj-3-izbovy-velkometrazny-byt-80-m2-dva-balkony-handlova-okres-prievidz","imagesUrls":["https://img.nehnutelnosti.sk/foto/NjAweDMzOC9maWx0ZXJzOnF1YWxpdHkoMTAwKS9uZWg=/67fRGNyYG_fss?st=rW4y7MD6YHm2wflLheTd8ACwCZRlu_gyNY8Llk8dVmk&ts=1719316921&e=0"]},{"title":"EXKLUZÍVNE- SPEKTRUM REALITY- Na Predaj 3-izbový byt, 88.7 m2, loggia, záhrada 103 m2, parkovacie mi","address":"Nábrežie sv. Cyrila, Prievidza, okres Prievidza","rooms":3,"meters":89,"totalPrice":133000,"meterSquarePrice":8,"link":"https://www.nehnutelnosti.sk/detail/JuK4ZTPBKH4/exkluzivne-spektrum-reality-na-predaj-3-izbovy-byt-88-7-m2-loggia-zahrada-103-m2-parkovacie-mi","imagesUrls":["https://img.nehnutelnosti.sk/foto/NjAweDMzOC9maWx0ZXJzOnF1YWxpdHkoMTAwKS9uZWg=/a_G2C9q9G_fss?st=Plc026UqYCWSw_NTlD1VCjN6NXNm3_pyHFFpiN5NhQg&ts=1720040499&e=0"]},{"title":"SPEKTRUM REALITY- Na Predaj 2-izbový byt, 66 m2 s balkónom, Handlová, ul. Mierové námestie","address":"Mierové námestie, Handlová, okres Prievidza","rooms":2,"meters":66,"totalPrice":72000,"meterSquarePrice":1,"link":"https://www.nehnutelnosti.sk/detail/JuySOx9JJHl/spektrum-reality-na-predaj-2-izbovy-byt-66-m2-s-balkonom-handlova-ul-mierove-namestie","imagesUrls":["https://img.nehnutelnosti.sk/foto/NjAweDMzOC9maWx0ZXJzOnF1YWxpdHkoMTAwKS9uZWg=/Y91gO0rxe_fss?st=6F3tHXWjFRNfR3szvTnhnMs7Ds3hlck-MEBsK2U7lRo&ts=1719316941&e=0"]},{"title":"SPEKTRUM REALITY- Na Predaj 1-izbový byt, 37 m2 s balkónom, Prievidza, ul. Fálešníka","address":"M. Falešníka, Prievidza, okres Prievidza","rooms":1,"meters":5,"totalPrice":50990,"meterSquarePrice":8,"link":"https://www.nehnutelnosti.sk/detail/JuLttXoDTVV/spektrum-reality-na-predaj-1-izbovy-byt-37-m2-s-balkonom-prievidza-ul-falesnika","imagesUrls":["https://img.nehnutelnosti.sk/foto/NjAweDMzOC9maWx0ZXJzOnF1YWxpdHkoMTAwKS9uZWg=/rb3KTZ1ZL_fss?st=EowVpI5zEo1DR7NPpR7pd-A_QpcuUlev3mfFQzTeKwU&ts=1719316932&e=0"]},{"title":"SPEKTRUM REALITY- Na Predaj veľkometrážny 4-izbový byt 105 m2, Handlová, 29.Augusta","address":"29. augusta, Handlová, okres Prievidza","rooms":4,"meters":105,"totalPrice":84000,"meterSquarePrice":0,"link":"https://www.nehnutelnosti.sk/detail/JumCamioGHd/spektrum-reality-na-predaj-velkometrazny-4-izbovy-byt-105-m2-handlova-29-augusta","imagesUrls":["https://img.nehnutelnosti.sk/foto/NjAweDMzOC9maWx0ZXJzOnF1YWxpdHkoMTAwKS9uZWg=/_pS6AxXGEx_fss?st=3ZEDywxrI9rmHVCUqztGBAIUZaHo7obMOzvkXfkyP0E&ts=1719316934&e=0"]},{"title":"EXKLUZÍVNE- SPEKTRUM REALITY- Na Predaj 2-izbový byt, 64 m2, loggia, okres Prievidza, ul. V. Benedik","address":"V. Benedikta, Prievidza, okres Prievidza","rooms":2,"meters":64,"totalPrice":91000,"meterSquarePrice":8,"link":"https://www.nehnutelnosti.sk/detail/JuRGID5UQbJ/exkluzivne-spektrum-reality-na-predaj-2-izbovy-byt-64-m2-loggia-okres-prievidza-ul-v-benedik","imagesUrls":["https://img.nehnutelnosti.sk/foto/NjAweDMzOC9maWx0ZXJzOnF1YWxpdHkoMTAwKS9uZWg=/iW-iAuoI7_fss?st=N5joNA7Xgkmi66-cg0ynDonc066P0o7qcXjYKRpQqxo&ts=1719487364&e=0"]},{"title":"SPEKTRUM REALITY- Na Predaj 3-izbový byt, 82.3 m / balkón + loggia, okres Prievidza, ul. Dlhá","address":"Dlhá, Prievidza, okres Prievidza","rooms":3,"meters":82,"totalPrice":105000,"meterSquarePrice":9,"link":"https://www.nehnutelnosti.sk/detail/JuhPuNDec3i/spektrum-reality-na-predaj-3-izbovy-byt-82-3-m-balkon-loggia-okres-prievidza-ul-dlha","imagesUrls":["https://img.nehnutelnosti.sk/foto/NjAweDMzOC9maWx0ZXJzOnF1YWxpdHkoMTAwKS9uZWg=/qy9OaRPGD_fss?st=EWVBVlAukKGrb0p9ARBw3YB3u0hRJDC_ngwzhAEcLiM&ts=1719316916&e=0"]},{"title":"SPEKTRUM REALITY-Na Predaj 2-izbový byt  58 m2, Handlová, okres Prievidza","address":"Československej armády, Handlová, okres Prievidza","rooms":2,"meters":58,"totalPrice":55000,"meterSquarePrice":8,"link":"https://www.nehnutelnosti.sk/detail/JuiCc_1bbP4/spektrum-reality-na-predaj-2-izbovy-byt-58-m2-handlova-okres-prievidza","imagesUrls":["https://img.nehnutelnosti.sk/foto/NjAweDMzOC9maWx0ZXJzOnF1YWxpdHkoMTAwKS9uZWg=/KifUgPW8q_fss?st=Kegj4KJTqw8eEAcjRjLSYfPIHNHnWOQ3zYBiM3vGfVY&ts=1717694381&e=0"]},{"title":"SPEKTRUM REALITY- Na Predaj 3-izbový byt, 65 m s balkónom, okres Prievidza, Sídlisko Píly, ul. A. St","address":"A. Stodolu, Prievidza, okres Prievidza","rooms":3,"meters":65,"totalPrice":88890,"meterSquarePrice":4,"link":"https://www.nehnutelnosti.sk/detail/JuVGIn5vq8k/spektrum-reality-na-predaj-3-izbovy-byt-65-m-s-balkonom-okres-prievidza-sidlisko-pily-ul-a-st","imagesUrls":["https://img.nehnutelnosti.sk/foto/NjAweDMzOC9maWx0ZXJzOnF1YWxpdHkoMTAwKS9uZWg=/Y5FHlMysV_fss?st=LAn2phlZuhNRAJ3XubwEN2hlz5iqUnIxrYzi-yliOFo&ts=1712131032&e=0"]},{"title":"SPEKTRUM REALITY- Na Predaj 2.5 -izbový byt, 56 m2, okres Prievidza, Sídlisko Mládeže","address":"Šumperská, Prievidza, okres Prievidza","rooms":2,"meters":56,"totalPrice":76000,"meterSquarePrice":4,"link":"https://www.nehnutelnosti.sk/detail/Jua8KWFBERS/spektrum-reality-na-predaj-2-5-izbovy-byt-56-m2-okres-prievidza-sidlisko-mladeze","imagesUrls":["https://img.nehnutelnosti.sk/foto/NjAweDMzOC9maWx0ZXJzOnF1YWxpdHkoMTAwKS9uZWg=/fU33u4B7mC_fss?st=4_W6y92IQpLFnYyLZjeMYyJuV2536frmJd2WNt5RJKM&ts=1705048485&e=0"]},{"title":"SPEKTRUM REALITY- Na Predaj garsónka, 23 m2 s loggiou , okres Žiar Nad Hronom, Centrum","address":"Dr. Janského, Žiar nad Hronom, okres Žiar nad Hronom","rooms":null,"meters":23,"totalPrice":32000,"meterSquarePrice":0,"link":"https://www.nehnutelnosti.sk/detail/JutkXQrE4Vt/spektrum-reality-na-predaj-garsonka-23-m2-s-loggiou-okres-ziar-nad-hronom-centrum","imagesUrls":["https://img.nehnutelnosti.sk/foto/NjAweDMzOC9maWx0ZXJzOnF1YWxpdHkoMTAwKS9uZWg=/p4Ndso6l4_fss?st=-f_a-G6eub3TZJCZmM8DV8XRc9Oda0WaPwXfiqyCKaw&ts=1706885219&e=0"]},{"title":"SPEKTRUM REALITY- Na Predaj komplet rekonštruovaný 2-izbový byt, prerobený na 3iz, 56 m2, Handlová,","address":"Mierové námestie, Handlová, okres Prievidza","rooms":2,"meters":56,"totalPrice":78000,"meterSquarePrice":6,"link":"https://www.nehnutelnosti.sk/detail/JuHVxMrBenO/spektrum-reality-na-predaj-komplet-rekonstruovany-2-izbovy-byt-prerobeny-na-3iz-56-m2-handlova","imagesUrls":["https://img.nehnutelnosti.sk/foto/NjAweDMzOC9maWx0ZXJzOnF1YWxpdHkoMTAwKS9uZWg=/ZU2vla08J_fss?st=L8YPjaE_N4PdRkBP3ATG2SUZJMctsGMFJ6S8hydWYuA&ts=1694023270&e=0"]},{"title":"EXKLUZÍVNE- SPEKTRUM REALITY- Na Predaj 2-izbový byt, 63 m2 Handlová, ul. 29.Augusta","address":"29. augusta, Handlová, okres Prievidza","rooms":2,"meters":63,"totalPrice":51000,"meterSquarePrice":2,"link":"https://www.nehnutelnosti.sk/detail/JuDpGyC2AbV/exkluzivne-spektrum-reality-na-predaj-2-izbovy-byt-63-m2-handlova-ul-29-augusta","imagesUrls":["https://img.nehnutelnosti.sk/foto/NjAweDMzOC9maWx0ZXJzOnF1YWxpdHkoMTAwKS9uZWg=/nkE1TLeF1_fss?st=Grp5Fq0Q4ya48EBnTv1jYAFMW1D2Pp4I-sfST2XsoXs&ts=1690802287&e=0"]}]