[{"title":"EXPERT BÝVANIA - PREDAJ - GARSONKA - KPT NALEPKU - ZNALECKY POSUDOK ZDARMA","address":"Kpt. Nálepku, Levice, okres Levice","rooms":null,"meters":20,"totalPrice":62900,"meterSquarePrice":5,"link":"https://www.nehnutelnosti.sk/detail/JuHYbzzhoLH/expert-byvania-predaj-garsonka-kpt-nalepku-znalecky-posudok-zdarma","imagesUrls":["https://img.nehnutelnosti.sk/foto/NjAweDMzOC9maWx0ZXJzOnF1YWxpdHkoMTAwKS9uZWg=/WRU-RR-ZX_fss?st=GAXEYkzV8vxWwAz_6xzW8KQN2bXTShMhOul7f8-hC_s&ts=1726843406&e=0"]},{"title":"EXPERT BYVANIA - PREDAJ - 3 IZBOVÝ BYT - 82m2 - M OKRUZNA - ZNALECKY POSUDOK ZDARMA","address":"MALA OKRUŽNÁ, Partizánske, okres Partizánske","rooms":3,"meters":82,"totalPrice":88000,"meterSquarePrice":7,"link":"https://www.nehnutelnosti.sk/detail/Ju_rEcOg9sn/expert-byvania-predaj-3-izbovy-byt-82m2-m-okruzna-znalecky-posudok-zdarma","imagesUrls":["https://img.nehnutelnosti.sk/foto/NjAweDMzOC9maWx0ZXJzOnF1YWxpdHkoMTAwKS9uZWg=/NDBWwviPc_fss?st=7gD_KwbJtkhf-UFQND3dJKYxaED6K920ssC2f7av5yI&ts=1726785331&e=0"]},{"title":"EXPERT BYVANIA - PREDAJ - 2 IZBOVY BYT - L ŠTÚRA - POV STAV - ZNALECKY POSUDOK ZDARMA","address":"Ľ ŠTÚRA, Nové Zámky, okres Nové Zámky","rooms":2,"meters":58,"totalPrice":67900,"meterSquarePrice":9,"link":"https://www.nehnutelnosti.sk/detail/Juof4PIo61r/expert-byvania-predaj-2-izbovy-byt-l-stura-pov-stav-znalecky-posudok-zdarma","imagesUrls":["https://img.nehnutelnosti.sk/foto/NjAweDMzOC9maWx0ZXJzOnF1YWxpdHkoMTAwKS9uZWg=/lCDfWjfKT_fss?st=38QR84zoYUN4UZGp3ywkGTmZzdhA0jqC2LQeXDxQA5s&ts=1726785340&e=0"]},{"title":"EXPERT BYVANIA - PREDAJ - 3 IZBOVÝ BYT - KOMPLET REKONŠTRUKCIA - ZNALECKÝ POSUDOK ZDARMA","address":"Dionýza Štúra, Sereď, okres Galanta","rooms":3,"meters":77,"totalPrice":129000,"meterSquarePrice":2,"link":"https://www.nehnutelnosti.sk/detail/Juv-c5ICN5Z/expert-byvania-predaj-3-izbovy-byt-komplet-rekonstrukcia-znalecky-posudok-zdarma","imagesUrls":["https://img.nehnutelnosti.sk/foto/NjAweDMzOC9maWx0ZXJzOnF1YWxpdHkoMTAwKS9uZWg=/74pQxYK1u3_fss?st=gwMLqQ7LxJitCBdhgs7LyYRohsDPrzY06LYXP9PoURM&ts=1726823918&e=0"]},{"title":"EXPERT BYVANIA - PREDAJ 1 IZBOVÝ BYT - VRÁBLE - ZNALECKÝ POSUDOK ZDARMA","address":"VRÁBLE, Vráble, okres Nitra","rooms":1,"meters":34,"totalPrice":82900,"meterSquarePrice":4,"link":"https://www.nehnutelnosti.sk/detail/JuiaYFcazK5/expert-byvania-predaj-1-izbovy-byt-vrable-znalecky-posudok-zdarma","imagesUrls":["https://img.nehnutelnosti.sk/foto/NjAweDMzOC9maWx0ZXJzOnF1YWxpdHkoMTAwKS9uZWg=/7MIoflVFK_fss?st=tVAl871fG-ABCTwbhOVkVQWefRUEDMLQqM0TtJvDi3I&ts=1726843407&e=0"]},{"title":"EXPERT BYVANIA - PREDAJ - 2 IZBOVÝ BYT - ŠPAČÍNSKA - ZNALECKÝ POSUDOK ZDARMA","address":"ŠPAČÍNSKA, Trnava, okres Trnava","rooms":2,"meters":54,"totalPrice":133000,"meterSquarePrice":9,"link":"https://www.nehnutelnosti.sk/detail/JuMbCElFcmJ/expert-byvania-predaj-2-izbovy-byt-spacinska-znalecky-posudok-zdarma","imagesUrls":["https://img.nehnutelnosti.sk/foto/NjAweDMzOC9maWx0ZXJzOnF1YWxpdHkoMTAwKS9uZWg=/6Lu0VKS11c_fss?st=rZRB7EKJ4lxvAc7_4zGfa5L0ddmpLv-tFxDalpYrAGg&ts=1726785313&e=0"]},{"title":"EXPERT BYVANIA - PREDAJ - 2 IZBOVY BYT - 5 APRILA - ZNALECKY POSUDOK ZDARMA","address":"5 APRÍLA, Liptovský Mikuláš, okres Liptovský Mikuláš","rooms":2,"meters":55,"totalPrice":123000,"meterSquarePrice":6,"link":"https://www.nehnutelnosti.sk/detail/Juspg1z2ohM/expert-byvania-predaj-2-izbovy-byt-5-aprila-znalecky-posudok-zdarma","imagesUrls":["https://img.nehnutelnosti.sk/foto/NjAweDMzOC9maWx0ZXJzOnF1YWxpdHkoMTAwKS9uZWg=/qY8V_AFQiI_fss?st=2AGD83wTPAEzLy5qLFNgQRV09cephcH23HPD9wchgjI&ts=1726785328&e=0"]},{"title":"EXPERT BYVANIA - PREDAJ - 3 IZBOVÝ - KUKORELIHO - ZNALECKÝ POSUDOK ZDARMA","address":"KUKORELIHO, Piešťany, okres Piešťany","rooms":3,"meters":62,"totalPrice":162000,"meterSquarePrice":0,"link":"https://www.nehnutelnosti.sk/detail/JuRaTodVGjs/expert-byvania-predaj-3-izbovy-kukoreliho-znalecky-posudok-zdarma","imagesUrls":["https://img.nehnutelnosti.sk/foto/NjAweDMzOC9maWx0ZXJzOnF1YWxpdHkoMTAwKS9uZWg=/RV5Z6SsXV_fss?st=IQE99CqC5JbEoA56iNbDvrpXwFf1z5WhCemc-yL54Ps&ts=1726785314&e=0"]},{"title":"EXPERT BYVANIA - PREDAJ - 3 IZBOVÝ BYT - SNP - ZNALECKY POSUDOK ZDARMA","address":"Šaľa, okres Šaľa","rooms":3,"meters":74,"totalPrice":103000,"meterSquarePrice":9,"link":"https://www.nehnutelnosti.sk/detail/JuTSCXGJnU5/expert-byvania-predaj-3-izbovy-byt-snp-znalecky-posudok-zdarma","imagesUrls":["https://img.nehnutelnosti.sk/foto/NjAweDMzOC9maWx0ZXJzOnF1YWxpdHkoMTAwKS9uZWg=/4JrKAnxTE_fss?st=KGoYUYzUP1fGA_o4so8COfRGyUwWWx35P-sNvCzlYGo&ts=1726785325&e=0"]},{"title":"EXPERT BYVANIA - PREDAJ - 3 IZBOVY BYT - 88m2 - ŠTEFÁNIKA - ZNALECKY POSUDOK ZDARMA","address":"M.R.ŠTEFÁNIKA, Levice, okres Levice","rooms":3,"meters":88,"totalPrice":123000,"meterSquarePrice":3,"link":"https://www.nehnutelnosti.sk/detail/JunyZJArp5Z/expert-byvania-predaj-3-izbovy-byt-88m2-stefanika-znalecky-posudok-zdarma","imagesUrls":["https://img.nehnutelnosti.sk/foto/NjAweDMzOC9maWx0ZXJzOnF1YWxpdHkoMTAwKS9uZWg=/odUha_vHJJ_fss?st=KA009z-ItlZe3w4M_XjcCRNNNuGwqqwlH7t74H8eG9k&ts=1726785313&e=0"]},{"title":"EXPERT BYVANIA - PREDAJ - 2.5 IZBOVÝ - LETNÁ - ZNALECKY POSUDOK ZDARMA","address":"LETNÁ, Šaľa, okres Šaľa","rooms":3,"meters":74,"totalPrice":90000,"meterSquarePrice":2,"link":"https://www.nehnutelnosti.sk/detail/JuHJhFmufuI/expert-byvania-predaj-2-5-izbovy-letna-znalecky-posudok-zdarma","imagesUrls":["https://img.nehnutelnosti.sk/foto/NjAweDMzOC9maWx0ZXJzOnF1YWxpdHkoMTAwKS9uZWg=/nDykjDkwJ_fss?st=oloz3V5CtudTuU2Vo8K3P75OKSGdqPHIT1yMAnsuyvA&ts=1726785319&e=0"]},{"title":"EXPERT BYVANIA - PREDAJ - 1.5 IZBOVÝ BYT - VRBOVSKÁ - ZNALECKÝ POSUDOK ZDARMA","address":"VRBOVSKÁ, Piešťany, okres Piešťany","rooms":2,"meters":38,"totalPrice":103000,"meterSquarePrice":3,"link":"https://www.nehnutelnosti.sk/detail/JuzA8f48F-R/expert-byvania-predaj-1-5-izbovy-byt-vrbovska-znalecky-posudok-zdarma","imagesUrls":["https://img.nehnutelnosti.sk/foto/NjAweDMzOC9maWx0ZXJzOnF1YWxpdHkoMTAwKS9uZWg=/ruFEonHxP_fss?st=Ld_K9UnQPZQ4nO3stAvN1hEo7dAxR6Hg6XtCD7VDudQ&ts=1726785321&e=0"]},{"title":"EXPERT BYVANIA - PREDAJ - 1 IZBOVÝ BYT - SELYEHO - ZNALECKY POSUDOK ZDARMA","address":"SELYEHO, Komárno, okres Komárno","rooms":1,"meters":35,"totalPrice":54900,"meterSquarePrice":7,"link":"https://www.nehnutelnosti.sk/detail/Jus_VNBeNKJ/expert-byvania-predaj-1-izbovy-byt-selyeho-znalecky-posudok-zdarma","imagesUrls":["https://img.nehnutelnosti.sk/foto/NjAweDMzOC9maWx0ZXJzOnF1YWxpdHkoMTAwKS9uZWg=/ZHgxwzdaty_fss?st=EjVgxEw_wohk-Vsn-WhiI7OKDYjROecaaGVYdaEeFgQ&ts=1726785322&e=0"]},{"title":"EXPERT BYVANIA - PREDAJ - GARSONKA - ZNALECKY POSUDOK ZDARMA","address":"LEVICE, Levice, okres Levice","rooms":null,"meters":20,"totalPrice":62000,"meterSquarePrice":0,"link":"https://www.nehnutelnosti.sk/detail/JuGCx_sx4nnv/expert-byvania-predaj-garsonka-znalecky-posudok-zdarma","imagesUrls":["https://img.nehnutelnosti.sk/foto/NjAweDMzOC9maWx0ZXJzOnF1YWxpdHkoMTAwKS9uZWg=/T4ZoMEt0O_fss?st=BbUOCfyMjsOMY2LeXKiclB3lcoeHYvziYrmshEQSBWM&ts=1726785310&e=0"]},{"title":"EXPERT BYVANIA - PREDAJ - 4 IZBOVÝ  - VELKOBLAHOVSKA - ZNALECKÝ POSUDOK ZDARMA","address":"VELKOBLAHOVSKA, Dunajská Streda, okres Dunajská Streda","rooms":4,"meters":95,"totalPrice":153000,"meterSquarePrice":3,"link":"https://www.nehnutelnosti.sk/detail/JuuhKpjhW76/expert-byvania-predaj-4-izbovy-velkoblahovska-znalecky-posudok-zdarma","imagesUrls":["https://img.nehnutelnosti.sk/foto/NjAweDMzOC9maWx0ZXJzOnF1YWxpdHkoMTAwKS9uZWg=/rvwfo5G_u_fss?st=0W_mzPTqwsWVZvgGbQessHUx4aPduAdnbJUxJw3FMMw&ts=1726785271&e=0"]},{"title":"EXPERT BYVANIA - PREDAJ - 3 IZBOVY BYT - OKRUŽNÁ - ZNALECKY POSUDOK ZDARMA","address":"OKRUŽNÁ, Levice, okres Levice","rooms":3,"meters":66,"totalPrice":99900,"meterSquarePrice":4,"link":"https://www.nehnutelnosti.sk/detail/Jum-eMRd_8G/expert-byvania-predaj-3-izbovy-byt-okruzna-znalecky-posudok-zdarma","imagesUrls":["https://img.nehnutelnosti.sk/foto/NjAweDMzOC9maWx0ZXJzOnF1YWxpdHkoMTAwKS9uZWg=/dRLG1UKB59_fss?st=ms8WMONRz_IG3YDIu8aeZMDXkMhZehvPnvoHaS1YVZs&ts=1726785288&e=0"]},{"title":"EXPERT BYVANIA - PREDAJ - 3 IZBOVY BYT - HOUDEKA - ZNALECKY POSUDOK ZDARMA","address":"L. HOUDEKA, Ružomberok, okres Ružomberok","rooms":3,"meters":75,"totalPrice":null,"meterSquarePrice":null,"link":"https://www.nehnutelnosti.sk/detail/Ju2rYeF617K/expert-byvania-predaj-3-izbovy-byt-houdeka-znalecky-posudok-zdarma","imagesUrls":["https://img.nehnutelnosti.sk/foto/NjAweDMzOC9maWx0ZXJzOnF1YWxpdHkoMTAwKS9uZWg=/drVXTPIKE_fss?st=plDoVrcBGXT4rwO5F29VEGNmii3d6IhmK_dXrpX12CU&ts=1726785307&e=0"]},{"title":"EXPERT BYVANIA - PREDAJ - ŠELPICE - ZNALECKY POSUDOK ZDARMA","address":"ŠELPICE, Šelpice, okres Trnava","rooms":1,"meters":30,"totalPrice":99900,"meterSquarePrice":0,"link":"https://www.nehnutelnosti.sk/detail/JuUVE8gNwLF/expert-byvania-predaj-selpice-znalecky-posudok-zdarma","imagesUrls":["https://img.nehnutelnosti.sk/foto/NjAweDMzOC9maWx0ZXJzOnF1YWxpdHkoMTAwKS9uZWg=/TiYY_RnIT_fss?st=ZgAKSjjcvxRhqQaEa7Cmrf8JDGmIGqq6JgwipjWKhAg&ts=1726785268&e=0"]},{"title":"EXPERT BYVANIA - PREDAJ - 3 IZBOVY BYT - NOVOZAMOCKA - ZNALECKY POSUDOK ZDARMA","address":"NOVOZÁMOCKÁ, Zvolen, okres Zvolen","rooms":3,"meters":72,"totalPrice":null,"meterSquarePrice":null,"link":"https://www.nehnutelnosti.sk/detail/JugMTbYMrxB/expert-byvania-predaj-3-izbovy-byt-novozamocka-znalecky-posudok-zdarma","imagesUrls":["https://img.nehnutelnosti.sk/foto/NjAweDMzOC9maWx0ZXJzOnF1YWxpdHkoMTAwKS9uZWg=/Mu6DjNsia_fss?st=-vytPUKf8a9vtY8OtEFxDHLH4ORc74FMHqYcrD86Gkk&ts=1726785293&e=0"]},{"title":"EXPERT BYVANIA - PREDAJ - 1 IZBOVÝ BYT - VLČIE HRDLO - 38m2 - ZNALECKY POSUDOK ZDARMA","address":"VLČIE HRDLO, Bratislava II - Ružinov, okres Bratislava","rooms":1,"meters":38,"totalPrice":98000,"meterSquarePrice":5,"link":"https://www.nehnutelnosti.sk/detail/Ju0Co3_n7hz/expert-byvania-predaj-1-izbovy-byt-vlcie-hrdlo-38m2-znalecky-posudok-zdarma","imagesUrls":["https://img.nehnutelnosti.sk/foto/NjAweDMzOC9maWx0ZXJzOnF1YWxpdHkoMTAwKS9uZWg=/jfV7gYPLI_fss?st=rhuW1xtYy3yK1cvB2P044sKtH01fHRuugaPHx4lJ21E&ts=1726785309&e=0"]},{"title":"EXPERT BYVANIA - PREDAJ - 3 IZBOVY BYT - PROF HLAVÁČA - ZNALECKÝ POSUDOK ZDARMA","address":"PROFESORA HLAVÁČA, Michalovce, okres Michalovce","rooms":3,"meters":67,"totalPrice":110000,"meterSquarePrice":9,"link":"https://www.nehnutelnosti.sk/detail/JueAZvXgoqs/expert-byvania-predaj-3-izbovy-byt-prof-hlavaca-znalecky-posudok-zdarma","imagesUrls":["https://img.nehnutelnosti.sk/foto/NjAweDMzOC9maWx0ZXJzOnF1YWxpdHkoMTAwKS9uZWg=/ePqKsVK44_fss?st=oKUY46R7lIHpKYtH6BwMLORtdzjOBEzhaZvxW0QU9-M&ts=1726785273&e=0"]},{"title":"EXPERT BYVANIA - PREDAJ - 3 IZBOVÝ - ŠTEFÁNIKA - ZNALECKY POSUDOK ZDARMA","address":"ŠTEFÁNIKA, Liptovský Mikuláš, okres Liptovský Mikuláš","rooms":3,"meters":65,"totalPrice":123000,"meterSquarePrice":1,"link":"https://www.nehnutelnosti.sk/detail/JuKUIjHdso7/expert-byvania-predaj-3-izbovy-stefanika-znalecky-posudok-zdarma","imagesUrls":["https://img.nehnutelnosti.sk/foto/NjAweDMzOC9maWx0ZXJzOnF1YWxpdHkoMTAwKS9uZWg=/TgrXLr0Kze_fss?st=nkasuXSX46uN1sWwkV6suAD7ywcQ8f4-ATHOE_UQwLc&ts=1726785301&e=0"]},{"title":"EXPERT BYVANIA - PREDAJ - 3 IZBOVÝ BYT - HORNA STREDA - ZNALECKY POSUDOK ZDARMA","address":"HORNA STREDA, Horná Streda, okres Nové Mesto nad Váhom","rooms":3,"meters":100,"totalPrice":178000,"meterSquarePrice":0,"link":"https://www.nehnutelnosti.sk/detail/JuwXFcznr6P/expert-byvania-predaj-3-izbovy-byt-horna-streda-znalecky-posudok-zdarma","imagesUrls":["https://img.nehnutelnosti.sk/foto/NjAweDMzOC9maWx0ZXJzOnF1YWxpdHkoMTAwKS9uZWg=/cxO6ophbDz_fss?st=HxXLDFHHBbi3eZqk3USHXQauyY9crJWl_w_Du-nOZ1M&ts=1726785285&e=0"]},{"title":"EXPERT BYVANIA - PREDAJ - 2 IZBOVY BYT - ZA DRAHOU - ZNALECKY POSUDOK ZDARMA","address":"ZA DRAHOU, Ružomberok, okres Ružomberok","rooms":2,"meters":65,"totalPrice":133000,"meterSquarePrice":5,"link":"https://www.nehnutelnosti.sk/detail/JuaBTJPwM7jv/expert-byvania-predaj-2-izbovy-byt-za-drahou-znalecky-posudok-zdarma","imagesUrls":["https://img.nehnutelnosti.sk/foto/NjAweDMzOC9maWx0ZXJzOnF1YWxpdHkoMTAwKS9uZWg=/InqUU1SCq_fss?st=EISaAaTDU0IRPtw8jZ3rKYbGLC1JPzEby4ErvEGpS-8&ts=1726785304&e=0"]},{"title":"EXPERT BYVANIA - PREDAJ - 1 IZBOVÝ BYT - SEČOVCE - ZNALECKÝ POSUDOK ZDARMA","address":"OBCHODNÁ, Sečovce, okres Trebišov","rooms":1,"meters":36,"totalPrice":63000,"meterSquarePrice":0,"link":"https://www.nehnutelnosti.sk/detail/Juw6EMmt4-0/expert-byvania-predaj-1-izbovy-byt-secovce-znalecky-posudok-zdarma","imagesUrls":["https://img.nehnutelnosti.sk/foto/NjAweDMzOC9maWx0ZXJzOnF1YWxpdHkoMTAwKS9uZWg=/ey6KQWbZ0_fss?st=Jom6pZDTXNVGK0qDZJtPik6bGncG3a0cF9OZRzLSjGQ&ts=1726058205&e=0"]},{"title":"EXPERT BYVANIA - PREDAJ - 3 IZBOVÝ BYT - NOVOMESKÁ - ZNALECKY POSUDOK ZDARMA","address":"NOVOMESKÁ, Nové Zámky, okres Nové Zámky","rooms":3,"meters":63,"totalPrice":93000,"meterSquarePrice":9,"link":"https://www.nehnutelnosti.sk/detail/JuPXcmbtn5s/expert-byvania-predaj-3-izbovy-byt-novomeska-znalecky-posudok-zdarma","imagesUrls":["https://img.nehnutelnosti.sk/foto/NjAweDMzOC9maWx0ZXJzOnF1YWxpdHkoMTAwKS9uZWg=/0QTXS6nNf_fss?st=u6imtdz77to1TnF72HyCZJNLq-RraEc7WQoIA9gbrU4&ts=1726693641&e=0"]},{"title":"EXPERT BYVANIA - PREDAJ - 3 IZBOVÝ BYT - IBRANYIHO - ZNALECKÝ POSUDOK ZDARMA","address":"IBRANYIHO, Kráľovský Chlmec, okres Trebišov","rooms":3,"meters":66,"totalPrice":63000,"meterSquarePrice":5,"link":"https://www.nehnutelnosti.sk/detail/JuWoyQ9l7CI/expert-byvania-predaj-3-izbovy-byt-ibranyiho-znalecky-posudok-zdarma","imagesUrls":["https://img.nehnutelnosti.sk/foto/NjAweDMzOC9maWx0ZXJzOnF1YWxpdHkoMTAwKS9uZWg=/1CCvGBHHM_fss?st=H5EKIsV1FmIezQ2aFcBxMpNmbGhiS14cG7JT_nF0GTs&ts=1726058199&e=0"]},{"title":"EXPERT BYVANIA - PREDAJ - 3 IZBOVÝ BYT - ŠKULTÉTYHO - ZNALECKÝ POSUDOK ZDARMA","address":"ŠKULTÉTYHO, Trebišov, okres Trebišov","rooms":3,"meters":72,"totalPrice":99900,"meterSquarePrice":0,"link":"https://www.nehnutelnosti.sk/detail/Ju-CwOYqul6/expert-byvania-predaj-3-izbovy-byt-skultetyho-znalecky-posudok-zdarma","imagesUrls":["https://img.nehnutelnosti.sk/foto/NjAweDMzOC9maWx0ZXJzOnF1YWxpdHkoMTAwKS9uZWg=/xW4BQwneG7_fss?st=5DW1frH4bYz-hx1EOp018orqqOx3tbgljzIGz6cvZNs&ts=1726929301&e=0"]},{"title":"EXPERT BÝVANIA - PREDAJ - 1 IZBOVÝ BYT - KLOKOČINA - ZNALECKÝ POSUDOK ZDARMA","address":"Klokočina, Nitra, okres Nitra","rooms":1,"meters":37,"totalPrice":90000,"meterSquarePrice":3,"link":"https://www.nehnutelnosti.sk/detail/JuFq6V46fwj/expert-byvania-predaj-1-izbovy-byt-klokocina-znalecky-posudok-zdarma","imagesUrls":["https://img.nehnutelnosti.sk/foto/NjAweDMzOC9maWx0ZXJzOnF1YWxpdHkoMTAwKS9uZWg=/YSsRZETj__fss?st=msIaBKzT1HfiSzV-mep4sS4jhaaW7pp8qBN5ExdaCPA&ts=1726732018&e=0"]},{"title":"EXPERT BYVANIA - PREDAJ - 3 IZBOVÝ BYT - IBRANYIHO - ZNALECKÝ POSUDOK ZDARMA","address":"IBRANYIHO, Kráľovský Chlmec, okres Trebišov","rooms":3,"meters":66,"totalPrice":56000,"meterSquarePrice":8,"link":"https://www.nehnutelnosti.sk/detail/Juo8LOb8igB/expert-byvania-predaj-3-izbovy-byt-ibranyiho-znalecky-posudok-zdarma","imagesUrls":["https://img.nehnutelnosti.sk/foto/NjAweDMzOC9maWx0ZXJzOnF1YWxpdHkoMTAwKS9uZWg=/1B_U6DHVU_fss?st=7PK8ji9NqLXRr_X9CT-vc3tKhHO1u8s8P1BTUIb3GCQ&ts=1726157043&e=0"]}]