[{"title":"Slnečný 2 izbový byt na Sídlisku je na predaj","address":"Partizánska cesta, Banská Bystrica, okres Banská Bystrica","rooms":2,"meters":60,"totalPrice":134999,"meterSquarePrice":9,"link":"https://www.nehnutelnosti.sk/detail/Jux9-ua6nUf/slnecny-2-izbovy-byt-na-sidlisku-je-na-predaj","imagesUrls":["https://img.unitedclassifieds.sk/foto/NjAweDMzOC9maWx0ZXJzOnF1YWxpdHkoMTAwKS9qdWw=/xhGZ6F2pL4_fss?st=KRuKHgPNRcsZyqx_SGLcqa1BoBCFgqHGm2584aolHPY&ts=1716884168&e=0"]},{"title":"Moderný 3 izbový byt (100m2 s terasou) v obľúbenej lokalite Belveder","address":"Kláry Jarunkovej, Banská Bystrica, okres Banská Bystrica","rooms":3,"meters":87,"totalPrice":330000,"meterSquarePrice":0,"link":"https://www.nehnutelnosti.sk/detail/Jukom_QeCqA/moderny-3-izbovy-byt-100m2-s-terasou-v-oblubenej-lokalite-belveder","imagesUrls":["https://img.unitedclassifieds.sk/foto/NjAweDMzOC9maWx0ZXJzOnF1YWxpdHkoMTAwKS9qdWw=/_e0DpgsE6_fss?st=0Mc16pUcBYqiWs92EDfHLzOtKFjQ6egKePE8x3IQLI8&ts=1719918786&e=0"]},{"title":"2 izbový byt na Švermovej ulici je na predaj","address":"Švermova, Banská Bystrica, okres Banská Bystrica","rooms":2,"meters":51,"totalPrice":144999,"meterSquarePrice":2,"link":"https://www.nehnutelnosti.sk/detail/JucQL0mXULG/2-izbovy-byt-na-svermovej-ulici-je-na-predaj","imagesUrls":["https://img.unitedclassifieds.sk/foto/NjAweDMzOC9maWx0ZXJzOnF1YWxpdHkoMTAwKS9qdWw=/IhAT_R34j_fss?st=lz8cxK42acAc9kTdHy3EJl2pMt72Z5PYyqgTTuPDiIo&ts=1724666941&e=0"]},{"title":"Na predaj je útulný 1- izbový apartmán v centre strediska Donovaly","address":"Donovaly, okres Banská Bystrica","rooms":null,"meters":31,"totalPrice":124000,"meterSquarePrice":0,"link":"https://www.nehnutelnosti.sk/detail/JueiJ6y3YM7/na-predaj-je-utulny-1-izbovy-apartman-v-centre-strediska-donovaly","imagesUrls":["https://img.unitedclassifieds.sk/foto/NjAweDMzOC9maWx0ZXJzOnF1YWxpdHkoMTAwKS9qdWw=/R9Qcsfzgj_fss?st=ZxOOTsKC4Bxsw1pRtax8c-SPgrypyRyd2kHxQfib0K0&ts=1724314183&e=0"]},{"title":"Na predaj 4i byt v pôvodnom stave","address":"Škultétyho, Nitra, okres Nitra","rooms":4,"meters":98,"totalPrice":144900,"meterSquarePrice":7,"link":"https://www.nehnutelnosti.sk/detail/JurqtpFcgkw/na-predaj-4i-byt-v-povodnom-stave","imagesUrls":["https://img.unitedclassifieds.sk/foto/NjAweDMzOC9maWx0ZXJzOnF1YWxpdHkoMTAwKS9qdWw=/0zGDPavYK_fss?st=mf2v9oVInWxsIqPhVNfodK79S5MqWp5A4V8JC625Ox0&ts=1718698856&e=0"]},{"title":"2 izbový byt na predaj v meste Galanta","address":"Námestie detí, Galanta, okres Galanta","rooms":2,"meters":57,"totalPrice":107000,"meterSquarePrice":1,"link":"https://www.nehnutelnosti.sk/detail/JuMQ5emLQL3/2-izbovy-byt-na-predaj-v-meste-galanta","imagesUrls":["https://img.nehnutelnosti.sk/foto/NjAweDMzOC9maWx0ZXJzOnF1YWxpdHkoMTAwKS9uZWg=/LUv-c1sip_fss?st=-2uDZj1jqgnWq_5dz-vAWMjr6eQa5xdpEWxNkrY0FKE&ts=1720039253&e=0"]},{"title":"3. izbový byt na predaj v jednej z najatraktívnejších častí Šale","address":"Okružná, Šaľa, okres Šaľa","rooms":3,"meters":null,"totalPrice":null,"meterSquarePrice":null,"link":"https://www.nehnutelnosti.sk/detail/Ju5SZ4qBeMy/3-izbovy-byt-na-predaj-v-jednej-z-najatraktivnejsich-casti-sale","imagesUrls":["https://img.nehnutelnosti.sk/foto/NjAweDMzOC9maWx0ZXJzOnF1YWxpdHkoMTAwKS9uZWg=/KzvQ7ra-U_fss?st=xhe3oSxsFBgVfYAQfXqXOhT1jQKXVu9ZDS46u6m_ejw&ts=1725381993&e=0"]},{"title":"NOVÝ REZIDENČNÝ KOMPLEX pri Šali s 3. izb. bytmi a 2x parkingom v cene","address":"Diakovská, Diakovce, okres Šaľa","rooms":3,"meters":null,"totalPrice":null,"meterSquarePrice":null,"link":"https://www.nehnutelnosti.sk/detail/JuUCj3sZbcp/novy-rezidencny-komplex-pri-sali-s-3-izb-bytmi-a-2x-parkingom-v-cene","imagesUrls":["https://img.nehnutelnosti.sk/foto/NjAweDMzOC9maWx0ZXJzOnF1YWxpdHkoMTAwKS9uZWg=/OXQo7AIKSr_fss?st=OHc5o9jBPu7ZcLsYg_xsWpyFGYP0QJmLHYfaH51sGuY&ts=1719981041&e=0"]},{"title":"NOVÝ REZIDENČNÝ KOMPLEX pri Šali s 3. izb. bytmi a 2x parkingom, 2.NP","address":"Diakovská, Diakovce, okres Šaľa","rooms":3,"meters":null,"totalPrice":null,"meterSquarePrice":null,"link":"https://www.nehnutelnosti.sk/detail/Jud9WFBvSNRe/novy-rezidencny-komplex-pri-sali-s-3-izb-bytmi-a-2x-parkingom-2-np","imagesUrls":["https://img.nehnutelnosti.sk/foto/NjAweDMzOC9maWx0ZXJzOnF1YWxpdHkoMTAwKS9uZWg=/T-n7PEZe__fss?st=z2vF8ZBaZ90XuH6buJVtBLZ-Q3kenZYbwY4sI3ygi3E&ts=1719932826&e=0"]},{"title":"Nízkoenergetický 3 izbový byt s terasami s krásnym výhľadom","address":"Čerešňová, Nové Mesto nad Váhom, okres Nové Mesto nad Váhom","rooms":3,"meters":78,"totalPrice":178253,"meterSquarePrice":9,"link":"https://www.nehnutelnosti.sk/detail/JuCYG2lmbPA/nizkoenergeticky-3-izbovy-byt-s-terasami-s-krasnym-vyhladom","imagesUrls":["https://img.unitedclassifieds.sk/foto/NjAweDMzOC9maWx0ZXJzOnF1YWxpdHkoMTAwKS9yc2Y=/nP0X9Dx47d_fss?st=puxccyN0FcrHUwjr2k9fe2K1y2CnWWNLSCQN89PkD6Q&ts=1715760262&e=0"]},{"title":"2 izbový byt v dizajnovom projekte Dve Veže Trenčín, Rezidencia Vinohrady","address":"Vladimíra Predmerského, Trenčín, okres Trenčín","rooms":2,"meters":53,"totalPrice":142941,"meterSquarePrice":0,"link":"https://www.nehnutelnosti.sk/detail/JuIXjw29Yh-/2-izbovy-byt-v-dizajnovom-projekte-dve-veze-trencin-rezidencia-vinohrady","imagesUrls":["https://img.unitedclassifieds.sk/foto/NjAweDMzOC9maWx0ZXJzOnF1YWxpdHkoMTAwKS9yc2Y=/VrolGcfi1_fss?st=WDyg2XNK-UN-J9hrBc1kNqekevAf1PTsssXNw6FmRpY&ts=1715821571&e=0"]},{"title":"Luxusný 3 izbový byt v dizajnovom projekte Dve Veže Trenčín, Rezidencia Vinohrady","address":"Vladimíra Predmerského, Trenčín, okres Trenčín","rooms":3,"meters":81,"totalPrice":237539,"meterSquarePrice":0,"link":"https://www.nehnutelnosti.sk/detail/JuLTxk4HIrn/luxusny-3-izbovy-byt-v-dizajnovom-projekte-dve-veze-trencin-rezidencia-vinohrady","imagesUrls":["https://img.unitedclassifieds.sk/foto/NjAweDMzOC9maWx0ZXJzOnF1YWxpdHkoMTAwKS9yc2Y=/xxUprhD7p_fss?st=MK479jOvYzS7OOz-nAmLS35otQLQW5-4tU_jvdrtQ08&ts=1715821357&e=0"]},{"title":"Veľkometrážny 2 izbový byt so šatníkom a terasou v dizajnovom projekte Dve Veže Trenčín, Rezidencia","address":"Vladimíra Predmerského, Trenčín, okres Trenčín","rooms":2,"meters":59,"totalPrice":154934,"meterSquarePrice":0,"link":"https://www.nehnutelnosti.sk/detail/Ju9x3dcwdRw/velkometrazny-2-izbovy-byt-so-satnikom-a-terasou-v-dizajnovom-projekte-dve-veze-trencin-rezidencia","imagesUrls":["https://img.unitedclassifieds.sk/foto/NjAweDMzOC9maWx0ZXJzOnF1YWxpdHkoMTAwKS9yc2Y=/ShNYNds-C_fss?st=GycZECu_1EiQh6S2BWgyPHnbKkcITbRMZLo5P3pn8Pk&ts=1715821578&e=0"]},{"title":"Luxusný 3 izbový byt v dizajnovom projekte Dve Veže Trenčín, Rezidencia Vinohrady","address":"Vladimíra Predmerského, Trenčín, okres Trenčín","rooms":3,"meters":68,"totalPrice":197316,"meterSquarePrice":0,"link":"https://www.nehnutelnosti.sk/detail/JuRfGIYaEvQ/luxusny-3-izbovy-byt-v-dizajnovom-projekte-dve-veze-trencin-rezidencia-vinohrady","imagesUrls":["https://img.unitedclassifieds.sk/foto/NjAweDMzOC9maWx0ZXJzOnF1YWxpdHkoMTAwKS9yc2Y=/CobfG7adw_fss?st=mRfXZ_eCkjF-sDIcE914AM3vTaZr3MXbOmMpSAEFF0U&ts=1715821353&e=0"]},{"title":"Luxusný 3 izbový byt v dizajnovom projekte Dve Veže Trenčín, Rezidencia Vinohrady","address":"Vladimíra Predmerského, Trenčín, okres Trenčín","rooms":3,"meters":83,"totalPrice":241367,"meterSquarePrice":0,"link":"https://www.nehnutelnosti.sk/detail/Ju-PyV2mxBn/luxusny-3-izbovy-byt-v-dizajnovom-projekte-dve-veze-trencin-rezidencia-vinohrady","imagesUrls":["https://img.unitedclassifieds.sk/foto/NjAweDMzOC9maWx0ZXJzOnF1YWxpdHkoMTAwKS9yc2Y=/07NaZI9px_fss?st=CoSYjLXVi6Mjs7TjyIklUYjDk4LLsGrlDEH2J0CKh4o&ts=1715821229&e=0"]},{"title":"1 izbový byt so záhradkou 142m2","address":"Čerešňová, Nové Mesto nad Váhom, okres Nové Mesto nad Váhom","rooms":1,"meters":30,"totalPrice":84471,"meterSquarePrice":3,"link":"https://www.nehnutelnosti.sk/detail/JuL1mN9_Xb2/1-izbovy-byt-so-zahradkou-142m2","imagesUrls":["https://img.unitedclassifieds.sk/foto/NjAweDMzOC9maWx0ZXJzOnF1YWxpdHkoMTAwKS9yc2Y=/msC3SDiUYA_fss?st=B8pWbcokJVrit06APqzYHro_nZgakaM8_p7PlXbh8O4&ts=1715732977&e=0"]},{"title":"2 izbový byt so šatníkom v dizajnovom projekte Dve Veže Trenčín, Rezidencia Vinohrady","address":"Vladimíra Predmerského, Trenčín, okres Trenčín","rooms":2,"meters":59,"totalPrice":154934,"meterSquarePrice":0,"link":"https://www.nehnutelnosti.sk/detail/Juw88X3Xd7B/2-izbovy-byt-so-satnikom-v-dizajnovom-projekte-dve-veze-trencin-rezidencia-vinohrady","imagesUrls":["https://img.unitedclassifieds.sk/foto/NjAweDMzOC9maWx0ZXJzOnF1YWxpdHkoMTAwKS9yc2Y=/HV3ZGksYz_fss?st=JTyVpG5ph-XnBe4gb6IfGQJU5MEqx3Lsw3UXf9x6Q5s&ts=1715821574&e=0"]},{"title":"Výnimočný 2 izbový byt s terasou a šatníkom, ENERGETICKÁ TRIEDA A0","address":"Rulandská, Trenčín, okres Trenčín","rooms":2,"meters":50,"totalPrice":144536,"meterSquarePrice":6,"link":"https://www.nehnutelnosti.sk/detail/Jue2yJlv4gu/vynimocny-2-izbovy-byt-s-terasou-a-satnikom-energeticka-trieda-a0","imagesUrls":["https://img.unitedclassifieds.sk/foto/NjAweDMzOC9maWx0ZXJzOnF1YWxpdHkoMTAwKS9yc2Y=/ZURcAQbMz_fss?st=SIMQR8r_cYjCuWNjTI4A9wpsRSnCEpQ02FC3ldtWPa4&ts=1715732945&e=0"]},{"title":"Luxusný 3 izbový byt v dizajnovom projekte Dve Veže Trenčín, Rezidencia Vinohrady","address":"Vladimíra Predmerského, Trenčín, okres Trenčín","rooms":3,"meters":78,"totalPrice":226635,"meterSquarePrice":0,"link":"https://www.nehnutelnosti.sk/detail/JumQIbnexoY/luxusny-3-izbovy-byt-v-dizajnovom-projekte-dve-veze-trencin-rezidencia-vinohrady","imagesUrls":["https://img.unitedclassifieds.sk/foto/NjAweDMzOC9maWx0ZXJzOnF1YWxpdHkoMTAwKS9yc2Y=/keBY9upxP_fss?st=xgdp3qkF0cHN4PO74YsRHe_YIJkZ4U917yidm9OLckE&ts=1715821215&e=0"]},{"title":"JAZERO - METEOROVÁ PEKNÝ 3 IZBOVÝ KOMPLETNE ZARIADENÝ BYT 65 M2 S LODŽIOU.","address":"Meteorová, Košice IV - Nad jazerom, okres Košice","rooms":3,"meters":65,"totalPrice":165000,"meterSquarePrice":6,"link":"https://www.nehnutelnosti.sk/detail/JunBjIPSMdu/jazero-meteorova-pekny-3-izbovy-kompletne-zariadeny-byt-65-m2-s-lodziou","imagesUrls":["https://img.nehnutelnosti.sk/foto/NjAweDMzOC9maWx0ZXJzOnF1YWxpdHkoMTAwKS9uZWg=/0LKHLEIWg_fss?st=Ju1pM7QvJvKMc2klL0cTBSUMOJZ9hp4JWv_rYyftrlA&ts=1716369187&e=0"]},{"title":"3-izbový byt s terasami v novostavbe - dostupný ihneď","address":"Čerešňová, Nové Mesto nad Váhom, okres Nové Mesto nad Váhom","rooms":3,"meters":78,"totalPrice":178253,"meterSquarePrice":9,"link":"https://www.nehnutelnosti.sk/detail/JuLo_E5Rqzk/3-izbovy-byt-s-terasami-v-novostavbe-dostupny-ihned","imagesUrls":["https://img.unitedclassifieds.sk/foto/NjAweDMzOC9maWx0ZXJzOnF1YWxpdHkoMTAwKS9yc2Y=/CqIe-gse4r_fss?st=Ut85YsilEHswN9YnwWQeskJ-3Oz6ngczlxrNHH570iM&ts=1715776089&e=0"]},{"title":"Luxusný 3 izbový byt v dizajnovom projekte Dve Veže Trenčín, Rezidencia Vinohrady","address":"Vladimíra Predmerského, Trenčín, okres Trenčín","rooms":3,"meters":68,"totalPrice":197316,"meterSquarePrice":0,"link":"https://www.nehnutelnosti.sk/detail/JuQOQUL28lw/luxusny-3-izbovy-byt-v-dizajnovom-projekte-dve-veze-trencin-rezidencia-vinohrady","imagesUrls":["https://img.unitedclassifieds.sk/foto/NjAweDMzOC9maWx0ZXJzOnF1YWxpdHkoMTAwKS9yc2Y=/ws5AvfQh8_fss?st=Xv-8mRt1lgLIMA7kCcm6K2rR_veD4Ye0Kxdc0qubnsI&ts=1715821225&e=0"]},{"title":"3 izbový byt s terasou v projekte Dve Veže Trenčín, Rezidencia Vinohrady /dizajnové lamely, vnútorné","address":"Vladimíra Predmerského, Trenčín, okres Trenčín","rooms":3,"meters":74,"totalPrice":178200,"meterSquarePrice":0,"link":"https://www.nehnutelnosti.sk/detail/JuuBUG2i5MO/3-izbovy-byt-s-terasou-v-projekte-dve-veze-trencin-rezidencia-vinohrady-dizajnove-lamely-vnutorne","imagesUrls":["https://img.unitedclassifieds.sk/foto/NjAweDMzOC9maWx0ZXJzOnF1YWxpdHkoMTAwKS9yc2Y=/PukArdHDT_fss?st=2qbHYxOPTQUVJmE1Q-naJTkX0MTpvRHAHkBxqfguoTs&ts=1715821594&e=0"]},{"title":"3 izbový byt s terasou v dizajnovom projekte Dve Veže Trenčín, Rezidencia Vinohrady","address":"Vladimíra Predmerského, Trenčín, okres Trenčín","rooms":3,"meters":72,"totalPrice":178336,"meterSquarePrice":1,"link":"https://www.nehnutelnosti.sk/detail/JuY3XaetIrU/3-izbovy-byt-s-terasou-v-dizajnovom-projekte-dve-veze-trencin-rezidencia-vinohrady","imagesUrls":["https://img.unitedclassifieds.sk/foto/NjAweDMzOC9maWx0ZXJzOnF1YWxpdHkoMTAwKS9yc2Y=/x5-aOgG_Ce_fss?st=hUaKaqJKxJSxHwVOh4tYcWHUkshNkBQFqgBVDeTq0F8&ts=1715821601&e=0"]},{"title":"3-izbový byt, Kamenná NMnV, NÍZKE NÁKLADY NA BÝVANIE","address":"Športová, Nové Mesto nad Váhom, okres Nové Mesto nad Váhom","rooms":3,"meters":69,"totalPrice":179387,"meterSquarePrice":9,"link":"https://www.nehnutelnosti.sk/detail/JurNnCR-Dti/3-izbovy-byt-kamenna-nmnv-nizke-naklady-na-byvanie","imagesUrls":["https://img.unitedclassifieds.sk/foto/NjAweDMzOC9maWx0ZXJzOnF1YWxpdHkoMTAwKS9yc2Y=/MPZstvatG_fss?st=f2h7nHDBwkpWPpgIK31SqkD_QXg9wmNDChSNi3-Rp2w&ts=1715748822&e=0"]},{"title":"*RFReality* 2 izb. byt - účko, s dvomi loggiami - Radvaň","address":"Kalinčiakova, Banská Bystrica, okres Banská Bystrica","rooms":2,"meters":64,"totalPrice":123000,"meterSquarePrice":8,"link":"https://www.nehnutelnosti.sk/detail/JuYrX4eNe6q/rfreality-2-izb-byt-ucko-s-dvomi-loggiami-radvan","imagesUrls":["https://img.unitedclassifieds.sk/foto/NjAweDMzOC9maWx0ZXJzOnF1YWxpdHkoMTAwKS9qdWw=/pZejDFizr_fss?st=299eZtt1BhTSKUaZyUHq2lnC6HTrDlKR0ivQ5qLR5QI&ts=1726747891&e=0"]},{"title":"NA PREDAJ 3 izbový byt priamo v centre mesta Žilina","address":"Žilina, okres Žilina","rooms":3,"meters":92,"totalPrice":null,"meterSquarePrice":null,"link":"https://www.nehnutelnosti.sk/detail/JuGIuMPgvJz/na-predaj-3-izbovy-byt-priamo-v-centre-mesta-zilina","imagesUrls":["https://img.nehnutelnosti.sk/foto/NjAweDMzOC9maWx0ZXJzOnF1YWxpdHkoMTAwKS9uZWg=/RQZcGMkx6_fss?st=VilEBFZo9D7TaGxmUNeUH3fkja5xgdqnDkSlhvIzLmk&ts=1726747723&e=0"]},{"title":"POD VINICAMI I Investičná príležitosť","address":"Matúškova, Bratislava III - Nové Mesto, okres Bratislava","rooms":2,"meters":54,"totalPrice":281592,"meterSquarePrice":7,"link":"https://www.nehnutelnosti.sk/detail/JuoDgwrYzFS/pod-vinicami-i-investicna-prilezitost","imagesUrls":["https://img.nehnutelnosti.sk/foto/NjAweDMzOC9maWx0ZXJzOnF1YWxpdHkoMTAwKS9uZWg=/iTcpMi0s7T_fss?st=4zvB6zzbobKHM7ikbABhPuc_N4QUHJIZf4-QsiWRJDE&ts=1726747714&e=0"]},{"title":"PREDAJ - 1- i byt na ulici Jána Jonáša","address":"Jána Jonáša, Bratislava IV - Devínska Nová Ves, okres Bratislava","rooms":null,"meters":28,"totalPrice":92990,"meterSquarePrice":3,"link":"https://www.nehnutelnosti.sk/detail/Ju4ctsD0oTq/predaj-1-i-byt-na-ulici-jana-jonasa","imagesUrls":["https://img.nehnutelnosti.sk/foto/NjAweDMzOC9maWx0ZXJzOnF1YWxpdHkoMTAwKS9uZWg=/s3WLVS4hW_fss?st=jHwf8xGYROkb5NHT2g5F3ryhEHOOAIUSQ_4yAhd7Zd4&ts=1726747711&e=0"]},{"title":"Zenith reality, predaj 4 izbový byt s balkónom, Hlohovec na ulici Vinohradská","address":"Vinohradská, Hlohovec, okres Hlohovec","rooms":4,"meters":82,"totalPrice":175000,"meterSquarePrice":5,"link":"https://www.nehnutelnosti.sk/detail/JudjHidfw8o/zenith-reality-predaj-4-izbovy-byt-s-balkonom-hlohovec-na-ulici-vinohradska","imagesUrls":["https://img.unitedclassifieds.sk/foto/NjAweDMzOC9maWx0ZXJzOnF1YWxpdHkoMTAwKS9yc2Y=/uAB0-lO0Y_fss?st=kJwWKxcH2UYWRl5k30HOEHUnyI7VPGaOtWTggvb-880&ts=1721762426&e=0"]}]