[{"title":"Zariadený 2-izbový byt Podháj","address":"Martin, okres Martin","rooms":2,"meters":58,"totalPrice":109900,"meterSquarePrice":3,"link":"https://www.nehnutelnosti.sk/detail/JuyDAqFMBEw/zariadeny-2-izbovy-byt-podhaj","imagesUrls":["https://img.nehnutelnosti.sk/foto/NjAweDMzOC9maWx0ZXJzOnF1YWxpdHkoMTAwKS9uZWg=/fhVDHNW7X_fss?st=9L3UPjCMzb_g4Bd2jSdwjUpOaA-oa55dhh3iyr1yz8I&ts=1726754567&e=0"]},{"title":"Priestranný 3-izbový byt v obci Dvorníky","address":"Dvorníky, okres Hlohovec","rooms":3,"meters":81,"totalPrice":125000,"meterSquarePrice":1,"link":"https://www.nehnutelnosti.sk/detail/Ju8-RSbO6dQ/priestranny-3-izbovy-byt-v-obci-dvorniky","imagesUrls":["https://img.nehnutelnosti.sk/foto/NjAweDMzOC9maWx0ZXJzOnF1YWxpdHkoMTAwKS9uZWg=/YOSLkT1BgA_fss?st=pbzkKX24Z_1XSfXcvlgNvaS5WJZI1Gb29z5tgalIXZo&ts=1726736069&e=0"]},{"title":"Pekný, 3 izbový byt na predaj v Dunajskej Strede","address":"Veľkoblahovská Cesta, Dunajská Streda, okres Dunajská Streda","rooms":3,"meters":80,"totalPrice":132000,"meterSquarePrice":0,"link":"https://www.nehnutelnosti.sk/detail/Judbui2LNHu/pekny-3-izbovy-byt-na-predaj-v-dunajskej-strede","imagesUrls":["https://img.nehnutelnosti.sk/foto/NjAweDMzOC9maWx0ZXJzOnF1YWxpdHkoMTAwKS9uZWg=/j2WZz5Qqf_fss?st=LaKg6hWNI29XiloU4WMiYJIL04wPZ_ztsTh6CvkwrvY&ts=1725724902&e=0"]},{"title":"Krásny a štýlový 3 izbový byt v novostavbe v Dunajskej Strede","address":"Panónsky háj, Dunajská Streda, okres Dunajská Streda","rooms":3,"meters":83,"totalPrice":166000,"meterSquarePrice":1,"link":"https://www.nehnutelnosti.sk/detail/Juf5Psxgydx/krasny-a-stylovy-3-izbovy-byt-v-novostavbe-v-dunajskej-strede","imagesUrls":["https://img.nehnutelnosti.sk/foto/NjAweDMzOC9maWx0ZXJzOnF1YWxpdHkoMTAwKS9uZWg=/XyzlVkNYr_fss?st=eoc2u2fxTXTG0e4zbH2sF7tRC5PWdPgLrjHwaf8xqPQ&ts=1725870936&e=0"]},{"title":"Krásny, zrekonštruovaný 2 izbový byt na predaj v Dunajskej Strede","address":"Kukucínova, Dunajská Streda, okres Dunajská Streda","rooms":2,"meters":54,"totalPrice":97000,"meterSquarePrice":0,"link":"https://www.nehnutelnosti.sk/detail/Jutt-9MHKRU/krasny-zrekonstruovany-2-izbovy-byt-na-predaj-v-dunajskej-strede","imagesUrls":["https://img.nehnutelnosti.sk/foto/NjAweDMzOC9maWx0ZXJzOnF1YWxpdHkoMTAwKS9uZWg=/mWBJ2cYsD_fss?st=s_Q_7omuNXbuMeWiub3JBto7u4MUZTkfQZ0ikcctYEI&ts=1725573676&e=0"]},{"title":"Pekný, 3 izbový byt na predaj v Dunajskej Strede","address":"Nám. priateľstva, Dunajská Streda, okres Dunajská Streda","rooms":3,"meters":59,"totalPrice":105000,"meterSquarePrice":6,"link":"https://www.nehnutelnosti.sk/detail/JuJGm-8kqZC/pekny-3-izbovy-byt-na-predaj-v-dunajskej-strede","imagesUrls":["https://img.nehnutelnosti.sk/foto/NjAweDMzOC9maWx0ZXJzOnF1YWxpdHkoMTAwKS9uZWg=/CgQ_5Sw0m_fss?st=lhaPn14DFuxO0a5s6kT1uysoCjDjXBLhXDbV_d70ol8&ts=1723884655&e=0"]},{"title":"Pekný, 3 izbový byt so záhradou na predaj v časti Garden Town","address":"Garden Town, Dunajská Streda, okres Dunajská Streda","rooms":3,"meters":68,"totalPrice":178000,"meterSquarePrice":5,"link":"https://www.nehnutelnosti.sk/detail/JuER8Nfs4wH/pekny-3-izbovy-byt-so-zahradou-na-predaj-v-casti-garden-town","imagesUrls":["https://img.nehnutelnosti.sk/foto/NjAweDMzOC9maWx0ZXJzOnF1YWxpdHkoMTAwKS9uZWg=/zVLC4Morp_fss?st=x4JXxJQqeiFNNClrYyKM_ts8_3xas6eoYDpO2Qup45I&ts=1722547950&e=0"]},{"title":"Čiastočne zrekonštruovaný, 3 izbový byt na predaj v Dunajskej Strede","address":"Nová Ves, Dunajská Streda, okres Dunajská Streda","rooms":3,"meters":78,"totalPrice":103000,"meterSquarePrice":1,"link":"https://www.nehnutelnosti.sk/detail/JuyG-yYY41g/ciastocne-zrekonstruovany-3-izbovy-byt-na-predaj-v-dunajskej-strede","imagesUrls":["https://img.nehnutelnosti.sk/foto/NjAweDMzOC9maWx0ZXJzOnF1YWxpdHkoMTAwKS9uZWg=/YOKz9I1rI_fss?st=y6Z0WSDzZoTemk9ngQ4LLbCLZ1c3X5ZuwFAJ1iWCaCY&ts=1725442095&e=0"]},{"title":"Ponúkame na predaj úplne nový 2-izbový byt s predzáhradkou a parkovaním v novostavbe na Tupého ulici","address":"Tupého, Bratislava III - Nové Mesto, okres Bratislava","rooms":2,"meters":104,"totalPrice":260000,"meterSquarePrice":8,"link":"https://www.nehnutelnosti.sk/detail/Ju3xAx8z8LC/ponukame-na-predaj-uplne-novy-2-izbovy-byt-s-predzahradkou-a-parkovanim-v-novostavbe-na-tupeho-ulici","imagesUrls":["https://img.unitedclassifieds.sk/foto/NjAweDMzOC9maWx0ZXJzOnF1YWxpdHkoMTAwKS9qdWw=/HHDvX40fL_fss?st=txQieMmE8R5bkdXmuFQFn1DeyYVItyNiOpcCAFNq6wA&ts=1723046872&e=0"]},{"title":"2 izbový mezonetový byt  Liptovská Sielnica","address":"Liptovská Sielnica, Liptovská Sielnica, okres Liptovský Mikuláš","rooms":2,"meters":61,"totalPrice":79000,"meterSquarePrice":8,"link":"https://www.nehnutelnosti.sk/detail/JuZGQzniEyc/2-izbovy-mezonetovy-byt-liptovska-sielnica","imagesUrls":["https://img.nehnutelnosti.sk/foto/NjAweDMzOC9maWx0ZXJzOnF1YWxpdHkoMTAwKS9uZWg=/_kdZqkqfE_fss?st=W5RZ-GgCyWG2rDbhJiyZi7-gZ81RyjeLJmq8xDKgYzI&ts=1726478271&e=0"]},{"title":"3 izbový byt na predaj, POPRAD - Matejovce ( kompletná rekonštrukcia )","address":"Poprad, okres Poprad","rooms":3,"meters":67,"totalPrice":139000,"meterSquarePrice":3,"link":"https://www.nehnutelnosti.sk/detail/JuAL-a4_RRh/3-izbovy-byt-na-predaj-poprad-matejovce-kompletna-rekonstrukcia","imagesUrls":["https://img.nehnutelnosti.sk/foto/NjAweDMzOC9maWx0ZXJzOnF1YWxpdHkoMTAwKS9uZWg=/wsanODo34G_fss?st=flopLdFozFswDic9CiIPVknwrF_vjlDPfx3q5luRUGk&ts=1726733065&e=0"]},{"title":"2 izbový byt na predaj, Košice - Šaca","address":"Košice II - Šaca, okres Košice","rooms":2,"meters":56,"totalPrice":85000,"meterSquarePrice":6,"link":"https://www.nehnutelnosti.sk/detail/JutXWpt8DSf/2-izbovy-byt-na-predaj-kosice-saca","imagesUrls":["https://img.nehnutelnosti.sk/foto/NjAweDMzOC9maWx0ZXJzOnF1YWxpdHkoMTAwKS9uZWg=/6NznXL-8-_fss?st=8R9TQ6Vu1YxZ27GlPVtumT03muoScHbVQ2Np8rByL1M&ts=1726733058&e=0"]},{"title":"Tehlový 2-izbový byt v centre Banskej Bystrice - Cesta k nemocnici, Znížená cena","address":"Cesta k nemocnici, Banská Bystrica, okres Banská Bystrica","rooms":2,"meters":67,"totalPrice":129000,"meterSquarePrice":7,"link":"https://www.nehnutelnosti.sk/detail/JuAj6oDUKKF/tehlovy-2-izbovy-byt-v-centre-banskej-bystrice-cesta-k-nemocnici-znizena-cena","imagesUrls":["https://img.unitedclassifieds.sk/foto/NjAweDMzOC9maWx0ZXJzOnF1YWxpdHkoMTAwKS9yc2Y=/K9FTcmI8S_fss?st=WvwApzgG6r6xe-83HbCNnXE0A6HKG5rY8qkF-Ia3INY&ts=1698398672&e=0"]},{"title":"TOP PONUKA! Veľký 1i byt blízko centra","address":"Banská Bystrica, okres Banská Bystrica","rooms":1,"meters":42,"totalPrice":120000,"meterSquarePrice":4,"link":"https://www.nehnutelnosti.sk/detail/Ju5DGbrTbU1/top-ponuka-velky-1i-byt-blizko-centra","imagesUrls":["https://img.nehnutelnosti.sk/foto/NjAweDMzOC9maWx0ZXJzOnF1YWxpdHkoMTAwKS9uZWg=/x7fcRIEFoc_fss?st=x4o8W6kZTkO8SJiu9J6E_2Xrlr9hUrT8x4F8frA3tcQ&ts=1726655639&e=0"]},{"title":"VÝBORNÁ INVESTÍCIA - Garsónka v centre","address":"Banská Bystrica, okres Banská Bystrica","rooms":null,"meters":19,"totalPrice":69900,"meterSquarePrice":5,"link":"https://www.nehnutelnosti.sk/detail/JuXPVOsr2w6/vyborna-investicia-garsonka-v-centre","imagesUrls":["https://img.nehnutelnosti.sk/foto/NjAweDMzOC9maWx0ZXJzOnF1YWxpdHkoMTAwKS9uZWg=/DuF-Xk6qWF_fss?st=Uul87BEeF2v9Tdx2k8yCTM4c7nrw0nZAHHurgvIyhvg&ts=1726563780&e=0"]},{"title":"Útulný 2i byt v Žiari nadHronom","address":"Žiar nad Hronom, okres Žiar nad Hronom","rooms":2,"meters":65,"totalPrice":82000,"meterSquarePrice":4,"link":"https://www.nehnutelnosti.sk/detail/JuN0ylxkFnh/utulny-2i-byt-v-ziari-nadhronom","imagesUrls":["https://img.nehnutelnosti.sk/foto/NjAweDMzOC9maWx0ZXJzOnF1YWxpdHkoMTAwKS9uZWg=/p9zxQ1Ezh_fss?st=2oT2Ttbm6zAF6jj2t7udeJn1DK7BPysz0-y6oD5WO2g&ts=1724942494&e=0"]},{"title":"Slnečný 3i byt v tichej lokalite Levice","address":"Levice, okres Levice","rooms":3,"meters":59,"totalPrice":83000,"meterSquarePrice":8,"link":"https://www.nehnutelnosti.sk/detail/JufqTbLQCIF/slnecny-3i-byt-v-tichej-lokalite-levice","imagesUrls":["https://img.nehnutelnosti.sk/foto/NjAweDMzOC9maWx0ZXJzOnF1YWxpdHkoMTAwKS9uZWg=/PFdH0HDrq_fss?st=CfGD9td-cYnqWhm_Te4xN0qUmReHgAJXMrvSaf153oY&ts=1725704612&e=0"]},{"title":"Výnimočný 3i. byt v Nitre","address":"Nitra, okres Nitra","rooms":3,"meters":81,"totalPrice":168555,"meterSquarePrice":6,"link":"https://www.nehnutelnosti.sk/detail/JupyTEcOWz1/vynimocny-3i-byt-v-nitre","imagesUrls":["https://img.nehnutelnosti.sk/foto/NjAweDMzOC9maWx0ZXJzOnF1YWxpdHkoMTAwKS9uZWg=/TjyUOmtZC_fss?st=CJm2gB9Xbfrg6gEUy2s7ciVyYD2u6V990S1-WVnmtw4&ts=1725215063&e=0"]},{"title":"Krásny 2i byt v Žiari nad Hronom","address":"Žiar nad Hronom, okres Žiar nad Hronom","rooms":2,"meters":62,"totalPrice":133000,"meterSquarePrice":6,"link":"https://www.nehnutelnosti.sk/detail/JuUuTNe2zuy/krasny-2i-byt-v-ziari-nad-hronom","imagesUrls":["https://img.nehnutelnosti.sk/foto/NjAweDMzOC9maWx0ZXJzOnF1YWxpdHkoMTAwKS9uZWg=/572G409RGZ_fss?st=lweCrYmj-hAFkNqlV0DQNVa4BxSZ1veNAEpbOJzILVo&ts=1726130730&e=0"]},{"title":"Zrekonštruovaný tehlový 2i byt vo vyhľadávanej lokalite","address":"Mateja Bela, Banská Bystrica, okres Banská Bystrica","rooms":2,"meters":56,"totalPrice":124900,"meterSquarePrice":6,"link":"https://www.nehnutelnosti.sk/detail/JuTAVEFwMT4/zrekonstruovany-tehlovy-2i-byt-vo-vyhladavanej-lokalite","imagesUrls":["https://img.nehnutelnosti.sk/foto/NjAweDMzOC9maWx0ZXJzOnF1YWxpdHkoMTAwKS9uZWg=/QpJ-Jy0rcN_fss?st=JwCxfisbuZ1qfv2c_nxbktAHPKRJ7rj8VK0g89ps9mo&ts=1719787126&e=0"]},{"title":"PREDANÝ - TOP 3i VNKS v Sásovej","address":"Banská Bystrica, okres Banská Bystrica","rooms":3,"meters":70,"totalPrice":163000,"meterSquarePrice":7,"link":"https://www.nehnutelnosti.sk/detail/JuvIgkYVyIX/predany-top-3i-vnks-v-sasovej","imagesUrls":["https://img.nehnutelnosti.sk/foto/NjAweDMzOC9maWx0ZXJzOnF1YWxpdHkoMTAwKS9uZWg=/lFwZUQfA2O_fss?st=NVakJwsnFgn4fXLwL8udaPtl-b9yXeksMyHbhC9AvZo&ts=1720868021&e=0"]},{"title":"TOP Priestranný zrekonštruovaný byt v Hronseku","address":"Hronsek, okres Banská Bystrica","rooms":3,"meters":72,"totalPrice":134000,"meterSquarePrice":1,"link":"https://www.nehnutelnosti.sk/detail/JuTG5Db7qYS/top-priestranny-zrekonstruovany-byt-v-hronseku","imagesUrls":["https://img.nehnutelnosti.sk/foto/NjAweDMzOC9maWx0ZXJzOnF1YWxpdHkoMTAwKS9uZWg=/LYSM2_-Bz_fss?st=dbAGyUzRqe8e_9R9RZgdotBR3wSvWBlRlnug59FdKXo&ts=1723821211&e=0"]},{"title":"TOP PONUKA na Donovaloch 2i byt s parkovacím miestom","address":"Donovaly, okres Banská Bystrica","rooms":2,"meters":37,"totalPrice":144000,"meterSquarePrice":9,"link":"https://www.nehnutelnosti.sk/detail/Juf9hZrMoPa/top-ponuka-na-donovaloch-2i-byt-s-parkovacim-miestom","imagesUrls":["https://img.nehnutelnosti.sk/foto/NjAweDMzOC9maWx0ZXJzOnF1YWxpdHkoMTAwKS9uZWg=/g1f3KIvuEu_fss?st=_XQMX3B6t0aafvoKUeSSVejcFwF_AmXjjt6pubTLlMY&ts=1720543851&e=0"]},{"title":"Zrekonštruovaný 3i byt v Novej Bani","address":"Krátka, Nová Baňa, okres Žarnovica","rooms":3,"meters":64,"totalPrice":135000,"meterSquarePrice":8,"link":"https://www.nehnutelnosti.sk/detail/JuM2VUeeSsW/zrekonstruovany-3i-byt-v-novej-bani","imagesUrls":["https://img.nehnutelnosti.sk/foto/NjAweDMzOC9maWx0ZXJzOnF1YWxpdHkoMTAwKS9uZWg=/JP8U_bQct_fss?st=I2_W-6j9wrfp2MTkgGo9oNmwa0fB86dCZgfqSVgAwYI&ts=1726864791&e=0"]},{"title":"Priestranný 3i byt vo vyhľadávanej lokalite","address":"Banská Bystrica, okres Banská Bystrica","rooms":3,"meters":74,"totalPrice":175000,"meterSquarePrice":6,"link":"https://www.nehnutelnosti.sk/detail/JurHomKh3A1/priestranny-3i-byt-vo-vyhladavanej-lokalite","imagesUrls":["https://img.nehnutelnosti.sk/foto/NjAweDMzOC9maWx0ZXJzOnF1YWxpdHkoMTAwKS9uZWg=/oab-SkAh8_fss?st=w6JUwhmnQDuLN3Lhx3KTsNgEG2d_ulyhn7r6Oq871j0&ts=1726223254&e=0"]},{"title":"Priestranný 1i byt s veľkou pivnicou a parkovacím miestom.","address":"Žiar nad Hronom, okres Žiar nad Hronom","rooms":1,"meters":54,"totalPrice":74000,"meterSquarePrice":7,"link":"https://www.nehnutelnosti.sk/detail/JuQKQ8NpkPo/priestranny-1i-byt-s-velkou-pivnicou-a-parkovacim-miestom","imagesUrls":["https://img.nehnutelnosti.sk/foto/NjAweDMzOC9maWx0ZXJzOnF1YWxpdHkoMTAwKS9uZWg=/u0OXLHHPQ_fss?st=xkz2UGuZGilBNxslCjpSkt673QAlUFHoSKuq1YWNJsU&ts=1721737643&e=0"]},{"title":"Kompletne zariadený 2i. byt v centre Nitry  REZERVOVANÝ","address":"Nitra, okres Nitra","rooms":2,"meters":55,"totalPrice":145000,"meterSquarePrice":6,"link":"https://www.nehnutelnosti.sk/detail/Ju1EuNOzZPm/kompletne-zariadeny-2i-byt-v-centre-nitry-rezervovany","imagesUrls":["https://img.nehnutelnosti.sk/foto/NjAweDMzOC9maWx0ZXJzOnF1YWxpdHkoMTAwKS9uZWg=/Q1q03jCC4_fss?st=YePwjQVg79C2cX5eJyCTrd6Fj2uQPNxinu08MFoZa6c&ts=1721386251&e=0"]},{"title":"Veľké 3i ''U-čko'' v Sásovej","address":"Banská Bystrica, okres Banská Bystrica","rooms":3,"meters":78,"totalPrice":155000,"meterSquarePrice":8,"link":"https://www.nehnutelnosti.sk/detail/Ju6ZL1o91mr/velke-3i-u-cko-v-sasovej","imagesUrls":["https://img.nehnutelnosti.sk/foto/NjAweDMzOC9maWx0ZXJzOnF1YWxpdHkoMTAwKS9uZWg=/RwIdHYY05_fss?st=nSioyxRZcCRIPRn1nz6gN5GnNzLArwJr8NnyFG1t5W0&ts=1724160590&e=0"]},{"title":"4 izbový byt v obľúbenej lokalite Myjavy.","address":"Viestova, Myjava, okres Myjava","rooms":4,"meters":87,"totalPrice":98000,"meterSquarePrice":4,"link":"https://www.nehnutelnosti.sk/detail/JuVx8HaUWyRN/4-izbovy-byt-v-oblubenej-lokalite-myjavy","imagesUrls":["https://img.nehnutelnosti.sk/foto/NjAweDMzOC9maWx0ZXJzOnF1YWxpdHkoMTAwKS9uZWg=/t3KnNt32a_fss?st=UxDWLu2pPu045-138TwrBZYswCPKbDz5LeqkU03r9f4&ts=1685557342&e=0"]},{"title":"Predám slnečný tehlový 2-izbový byt","address":"1. mája 878/22, Púchov, okres Púchov","rooms":2,"meters":67,"totalPrice":125000,"meterSquarePrice":7,"link":"https://www.nehnutelnosti.sk/detail/JugNwdtaH2c/predam-slnecny-tehlovy-2-izbovy-byt","imagesUrls":["https://img.nehnutelnosti.sk/foto/NjAweDMzOC9maWx0ZXJzOnF1YWxpdHkoMTAwKS9uZWg=/SEHBEmiJsV_fss?st=vz6_5-QtYmLPWmH9TzTM8eczHbDkM8pwaXdjMLKF6g8&ts=1724136481&e=0"]}]