[{"title":"3 i tehlová novostavba, 76 m2 s terasou, Vysoké Tatry - Vlková","address":"Poprad, okres Poprad","rooms":3,"meters":76,"totalPrice":174900,"meterSquarePrice":2,"link":"https://www.nehnutelnosti.sk/detail/Ju5BvrEYB_e/3-i-tehlova-novostavba-76-m2-s-terasou-vysoke-tatry-vlkova","imagesUrls":["https://img.unitedclassifieds.sk/foto/NjAweDMzOC9maWx0ZXJzOnF1YWxpdHkoMTAwKS9qdWw=/MxXx2eHs1_fss?st=dgP4LEqGuLkx1z5LKyXZjTzXzGwSvARaulwTmzOpBN8&ts=1718096483&e=0"]},{"title":"Pripravujeme predaj 3 izbových bytov a 5 izbového bytu v centre Bratislavy","address":"Bratislava, Bratislava I - Staré Mesto, okres Bratislava","rooms":3,"meters":null,"totalPrice":null,"meterSquarePrice":null,"link":"https://www.nehnutelnosti.sk/detail/JuWjfZ4fi1h/pripravujeme-predaj-3-izbovych-bytov-a-5-izboveho-bytu-v-centre-bratislavy","imagesUrls":["https://img.nehnutelnosti.sk/foto/NjAweDMzOC9maWx0ZXJzOnF1YWxpdHkoMTAwKS9uZWg=/qQwnQrd5m_fss?st=l17Fi9Dof6MN7IPmsqyH1TImD1JbVsy6YeXsZw_88wI&ts=1727019701&e=0"]},{"title":"PRIESTRANNÝ - 3i 83 m2 + záhradka 170 m2 - Nová Dubnica","address":"Pod Bôrikom, Nová Dubnica, okres Ilava","rooms":3,"meters":83,"totalPrice":149000,"meterSquarePrice":8,"link":"https://www.nehnutelnosti.sk/detail/Juw1mDKK904/priestranny-3i-83-m2-zahradka-170-m2-nova-dubnica","imagesUrls":["https://img.nehnutelnosti.sk/foto/NjAweDMzOC9maWx0ZXJzOnF1YWxpdHkoMTAwKS9uZWg=/QmfaTZVfb_fss?st=FyRY4Saw8KHDrxbu8ekbAyJyz3tYbszJZmFkQgeUOcI&ts=1727019006&e=0"]},{"title":"2 izbový byt s loggiou na ulici Labutia v Slnečniciach ''POP''","address":"Labutia, Bratislava V - Petržalka, okres Bratislava","rooms":2,"meters":46,"totalPrice":194990,"meterSquarePrice":1,"link":"https://www.nehnutelnosti.sk/detail/JuuOivMFE00/2-izbovy-byt-s-loggiou-na-ulici-labutia-v-slnecniciach-pop","imagesUrls":["https://img.nehnutelnosti.sk/foto/NjAweDMzOC9maWx0ZXJzOnF1YWxpdHkoMTAwKS9uZWg=/xbOiKacubD_fss?st=FomSRuCCqt2okYHCVTetXBkxirR8tr_21du2CaqWVDA&ts=1727019002&e=0"]},{"title":"Predaj: zrekonštruovaný 2 izbový byt s balkónom a výhľadom do Rakúska-DNV","address":"Pavla Horova, Bratislava IV - Devínska Nová Ves, okres Bratislava","rooms":2,"meters":45,"totalPrice":127000,"meterSquarePrice":2,"link":"https://www.nehnutelnosti.sk/detail/Ju8Qs-5SNLm/predaj-zrekonstruovany-2-izbovy-byt-s-balkonom-a-vyhladom-do-rakuska-dnv","imagesUrls":["https://img.nehnutelnosti.sk/foto/NjAweDMzOC9maWx0ZXJzOnF1YWxpdHkoMTAwKS9uZWg=/OKn3ql-qm_fss?st=AwBzCC0gpcYc2IH3FOeCcPsb-w8hPcSmwBBBRSqVbL0&ts=1727018347&e=0"]},{"title":"2. izbový byt, Brezová pod Bradlom","address":"Dr. Št. Osuského, Brezová pod Bradlom, okres Myjava","rooms":2,"meters":46,"totalPrice":65000,"meterSquarePrice":3,"link":"https://www.nehnutelnosti.sk/detail/Ju9QcerN_Iy/2-izbovy-byt-brezova-pod-bradlom","imagesUrls":["https://img.nehnutelnosti.sk/foto/NjAweDMzOC9maWx0ZXJzOnF1YWxpdHkoMTAwKS9uZWg=/s3fOdwDZn_fss?st=JJl-T2-fHD3AvOuv99QOptJH1GhdiTUx9IcE_6cFoZk&ts=1727018078&e=0"]},{"title":"3 izbový byt 65m2 Prievidza staré sídlisko","address":"Prievidza, okres Prievidza","rooms":3,"meters":65,"totalPrice":88900,"meterSquarePrice":9,"link":"https://www.nehnutelnosti.sk/detail/JuT6V1lSU_GE/3-izbovy-byt-65m2-prievidza-stare-sidlisko","imagesUrls":["https://img.nehnutelnosti.sk/foto/NjAweDMzOC9maWx0ZXJzOnF1YWxpdHkoMTAwKS9uZWg=/ovUdRzn7t5_fss?st=e9xeuXO_EDUdVkbxm3N1J5QZbwSr1x8cJqdBoGzGczs&ts=1717582502&e=0"]},{"title":"3,5 izbový byt 83m2 J. Murgaša Prievidza","address":"J. Murgaša, Prievidza, okres Prievidza","rooms":3,"meters":83,"totalPrice":98500,"meterSquarePrice":5,"link":"https://www.nehnutelnosti.sk/detail/Juv_Aq-MwIL/3-5-izbovy-byt-83m2-j-murgasa-prievidza","imagesUrls":["https://img.nehnutelnosti.sk/foto/NjAweDMzOC9maWx0ZXJzOnF1YWxpdHkoMTAwKS9uZWg=/XloSLH-yGy_fss?st=API4AlvlU__dq0cYOjeSTMAM1zuBRDiS-HZAELVH_nI&ts=1725273519&e=0"]},{"title":"Moderne zariadený 2 izbový byt navrhnutý dizajnérkou blízko Blumentálu","address":"Wilsonova 1, Bratislava I - Staré Mesto, okres Bratislava","rooms":2,"meters":51,"totalPrice":239900,"meterSquarePrice":2,"link":"https://www.nehnutelnosti.sk/detail/JuW1mYQ-g4s/moderne-zariadeny-2-izbovy-byt-navrhnuty-dizajnerkou-blizko-blumentalu","imagesUrls":["https://img.nehnutelnosti.sk/foto/NjAweDMzOC9maWx0ZXJzOnF1YWxpdHkoMTAwKS9uZWg=/eCnnx-i5M3_fss?st=awU9oz4aFAIylgdjZmXyWR8tS8kySAwPNyGvggaI28s&ts=1717577113&e=0"]},{"title":"NA PREDAJ: 3-izbový byt /Stará Ľubovňa/","address":"Mierová, Stará Ľubovňa, okres Stará Ľubovňa","rooms":3,"meters":73,"totalPrice":null,"meterSquarePrice":null,"link":"https://www.nehnutelnosti.sk/detail/Juou7nD68Oh/na-predaj-3-izbovy-byt-stara-lubovna","imagesUrls":["https://img.nehnutelnosti.sk/foto/NjAweDMzOC9maWx0ZXJzOnF1YWxpdHkoMTAwKS9uZWg=/O-24htTJEW_fss?st=GYvvbgOHl7EYPg3X9-QrBHf9X9VKUfU6VgXwFpSzjkE&ts=1725457618&e=0"]},{"title":"BEDES | 3 izb. byt, loggia vo vyhľadávanej časti, Trenčín","address":"Osvienčimská, Trenčín, okres Trenčín","rooms":3,"meters":61,"totalPrice":125000,"meterSquarePrice":8,"link":"https://www.nehnutelnosti.sk/detail/JuuH5zdHpGA/bedes-3-izb-byt-loggia-vo-vyhladavanej-casti-trencin","imagesUrls":["https://img.nehnutelnosti.sk/foto/NjAweDMzOC9maWx0ZXJzOnF1YWxpdHkoMTAwKS9uZWg=/I6dIOVZBE_fss?st=wLrC90nc668adpyS8f8FXo0PDnTK9gZFV0zpmirvbN0&ts=1726659574&e=0"]},{"title":"BEDES | 1 izb. byt, Nová Dubnica","address":"Sady Cyrila a Metoda, Nová Dubnica, okres Ilava","rooms":1,"meters":30,"totalPrice":83000,"meterSquarePrice":7,"link":"https://www.nehnutelnosti.sk/detail/Juk35qIF88p/bedes-1-izb-byt-nova-dubnica","imagesUrls":["https://img.nehnutelnosti.sk/foto/NjAweDMzOC9maWx0ZXJzOnF1YWxpdHkoMTAwKS9uZWg=/4ytjeZvnx_fss?st=cbEz6taL8xfvigPhpokdlmOvbhT-ymA5WvduWRtbM78&ts=1726658283&e=0"]},{"title":"BEDES | Zariadený 2 izbový byt na sídlisku Zapotôčky","address":"J. Matúšku, Prievidza, okres Prievidza","rooms":2,"meters":50,"totalPrice":78000,"meterSquarePrice":0,"link":"https://www.nehnutelnosti.sk/detail/Jum7oPRj0UZ/bedes-zariadeny-2-izbovy-byt-na-sidlisku-zapotocky","imagesUrls":["https://img.nehnutelnosti.sk/foto/NjAweDMzOC9maWx0ZXJzOnF1YWxpdHkoMTAwKS9uZWg=/hLHAjkEqW_fss?st=wSHvWCur3Ra_N0eLaKPm7IB9opW03fypQ3i6ei6im7w&ts=1726144193&e=0"]},{"title":"BEDES | 3 izbový byt v Kanianke s loggiou","address":"Bojnická cesta, Kanianka, okres Prievidza","rooms":3,"meters":70,"totalPrice":null,"meterSquarePrice":null,"link":"https://www.nehnutelnosti.sk/detail/Ju_L0YCOXXZ/bedes-3-izbovy-byt-v-kanianke-s-loggiou","imagesUrls":["https://img.nehnutelnosti.sk/foto/NjAweDMzOC9maWx0ZXJzOnF1YWxpdHkoMTAwKS9uZWg=/nRvankZ1E_fss?st=ItaKM-D04YQz1LpPT2HCKjIMAYsXdvN_TNdqoFpJRYs&ts=1726658254&e=0"]},{"title":"BEDES | Zariadený 4 izb. byt, loggia, klimatizácia, Trenčín","address":"Gagarinova, Trenčín, okres Trenčín","rooms":4,"meters":73,"totalPrice":169900,"meterSquarePrice":0,"link":"https://www.nehnutelnosti.sk/detail/Ju524uI9Fjd/bedes-zariadeny-4-izb-byt-loggia-klimatizacia-trencin","imagesUrls":["https://img.nehnutelnosti.sk/foto/NjAweDMzOC9maWx0ZXJzOnF1YWxpdHkoMTAwKS9uZWg=/Z9TfvFrksT_fss?st=uul5-m_uxn41fcCEgJD9KB5rZ8m-CygcEprB4bqxIa4&ts=1725655913&e=0"]},{"title":"BEDES | Priestranný 3 izbový byt na Starom sídlisku","address":"Björnstjerna Björnsona, Prievidza, okres Prievidza","rooms":3,"meters":78,"totalPrice":109000,"meterSquarePrice":4,"link":"https://www.nehnutelnosti.sk/detail/JuW_KsvqGw_/bedes-priestranny-3-izbovy-byt-na-starom-sidlisku","imagesUrls":["https://img.nehnutelnosti.sk/foto/NjAweDMzOC9maWx0ZXJzOnF1YWxpdHkoMTAwKS9uZWg=/QzaovXFRlX_fss?st=bROuKk2S45CNpLeMj_dl-7ITEjdJUWipgZvb5OvyYf8&ts=1725467624&e=0"]},{"title":"BEDES | Moderný 2 izbový byt s terasou v novostavbe, parking","address":"Nedožerská cesta, Prievidza, okres Prievidza","rooms":2,"meters":71,"totalPrice":119000,"meterSquarePrice":6,"link":"https://www.nehnutelnosti.sk/detail/Ju4MNPYJAU9/bedes-moderny-2-izbovy-byt-s-terasou-v-novostavbe-parking","imagesUrls":["https://img.nehnutelnosti.sk/foto/NjAweDMzOC9maWx0ZXJzOnF1YWxpdHkoMTAwKS9uZWg=/W-BUixG1LO_fss?st=F2FuIuaIeoqsuMNS4W_djYvUVWffEQnQhe60otxx3JI&ts=1725467616&e=0"]},{"title":"BEDES | Moderný 2 izbový byt s terasou v novostavbe, parking","address":"Nedožerská cesta, Prievidza, okres Prievidza","rooms":2,"meters":100,"totalPrice":135000,"meterSquarePrice":0,"link":"https://www.nehnutelnosti.sk/detail/JuUZ-qf7GlG/bedes-moderny-2-izbovy-byt-s-terasou-v-novostavbe-parking","imagesUrls":["https://img.nehnutelnosti.sk/foto/NjAweDMzOC9maWx0ZXJzOnF1YWxpdHkoMTAwKS9uZWg=/U0XJb7eZj_fss?st=1XrDkPcoOfH34HITMItQh4ruffGEiLtx9JmTfVyp3lI&ts=1725467613&e=0"]},{"title":"BEDES | Slnečný 2 izb. byt, 44 m2 na Juhu, Trenčín","address":"Kyjevská, Trenčín, okres Trenčín","rooms":2,"meters":44,"totalPrice":109200,"meterSquarePrice":2,"link":"https://www.nehnutelnosti.sk/detail/JuoO6hhr4wS/bedes-slnecny-2-izb-byt-44-m2-na-juhu-trencin","imagesUrls":["https://img.nehnutelnosti.sk/foto/NjAweDMzOC9maWx0ZXJzOnF1YWxpdHkoMTAwKS9uZWg=/fHo4E4oro-_fss?st=LFKMwqxFQMfPMT6IcB77QqCMfs2KZ02PfZt9y7dNqZI&ts=1725978036&e=0"]},{"title":"BEDES | 2,5-izbový byt, 65m2, loggia, pôvodný stav, Prievidza","address":"J. Murgaša, Prievidza, okres Prievidza","rooms":2,"meters":65,"totalPrice":78000,"meterSquarePrice":0,"link":"https://www.nehnutelnosti.sk/detail/JugumxIvwdR/bedes-2-5-izbovy-byt-65m2-loggia-povodny-stav-prievidza","imagesUrls":["https://img.nehnutelnosti.sk/foto/NjAweDMzOC9maWx0ZXJzOnF1YWxpdHkoMTAwKS9uZWg=/s6zUFqou1_fss?st=jy6igihHLM6qMVcmtV4GyiSfH4csdlHnb6eHrrzR43A&ts=1726144190&e=0"]},{"title":"BEDES | moderný 3 izb. byt, 70m2, rekonštrukcia","address":"P. J. Šafárika, Prievidza, okres Prievidza","rooms":3,"meters":70,"totalPrice":130000,"meterSquarePrice":4,"link":"https://www.nehnutelnosti.sk/detail/JuC2NYNX1rj/bedes-moderny-3-izb-byt-70m2-rekonstrukcia","imagesUrls":["https://img.nehnutelnosti.sk/foto/NjAweDMzOC9maWx0ZXJzOnF1YWxpdHkoMTAwKS9uZWg=/kAwMMC2WN_fss?st=1kl883EbJRRqABHi3CuTXe95wngRzI5WH0R6cBtmGok&ts=1726115492&e=0"]},{"title":"BEDES | Novostavba 2 izb. byt + 2 parkovacie státia, Trenčín","address":"K výstavisku, Trenčín, okres Trenčín","rooms":2,"meters":59,"totalPrice":179000,"meterSquarePrice":0,"link":"https://www.nehnutelnosti.sk/detail/Ju9ustpgr_F/bedes-novostavba-2-izb-byt-2-parkovacie-statia-trencin","imagesUrls":["https://img.nehnutelnosti.sk/foto/NjAweDMzOC9maWx0ZXJzOnF1YWxpdHkoMTAwKS9uZWg=/6zqmpWoa9_fss?st=I2T-BaPhrfpk5XY61P7eISSW3MIweGgRa3COnkTw5ps&ts=1724158385&e=0"]},{"title":"BEDES | Nadštandardne priestranný 1 izb. byt, Nová Dubnica","address":"P. O. Hviezdoslava, Nová Dubnica, okres Ilava","rooms":1,"meters":48,"totalPrice":88000,"meterSquarePrice":3,"link":"https://www.nehnutelnosti.sk/detail/Ju1dGrSDwTj/bedes-nadstandardne-priestranny-1-izb-byt-nova-dubnica","imagesUrls":["https://img.nehnutelnosti.sk/foto/NjAweDMzOC9maWx0ZXJzOnF1YWxpdHkoMTAwKS9uZWg=/EFL1X1nVD_fss?st=3f82C1u9SQkW-1VApV7AXRGJDyGYEBuU1FSolXO7e1c&ts=1726975957&e=0"]},{"title":"BEDES | Jedinečný 2i apartmán s altánkom a detským ihriskom","address":"Demänovská cesta, Demänovská Dolina, okres Liptovský Mikuláš","rooms":null,"meters":48,"totalPrice":250000,"meterSquarePrice":7,"link":"https://www.nehnutelnosti.sk/detail/Ju34-Gac91u/bedes-jedinecny-2i-apartman-s-altankom-a-detskym-ihriskom","imagesUrls":["https://img.nehnutelnosti.sk/foto/NjAweDMzOC9maWx0ZXJzOnF1YWxpdHkoMTAwKS9uZWg=/Mo8cGxiUw6_fss?st=bwZiNgT-VyLi8NrVIzerJn_qsMKYspScvOlzDcU-xXw&ts=1726927836&e=0"]},{"title":"BEDES | 2-izbový byt, 53m2, loggia, pôvodný stav, Komárno","address":"Košická, Komárno, okres Komárno","rooms":2,"meters":53,"totalPrice":58000,"meterSquarePrice":4,"link":"https://www.nehnutelnosti.sk/detail/JuAcTIq6kff/bedes-2-izbovy-byt-53m2-loggia-povodny-stav-komarno","imagesUrls":["https://img.nehnutelnosti.sk/foto/NjAweDMzOC9maWx0ZXJzOnF1YWxpdHkoMTAwKS9uZWg=/XHbqRRR5d_fss?st=tA_cmrWN8t6H7dzQi6LDqCh9ggjpEuzMXN_qhlje4Co&ts=1725189151&e=0"]},{"title":"BEDES | 2-izbový byt s balkónom v pôvodnom stave","address":"Rudnaya, Prievidza, okres Prievidza","rooms":2,"meters":57,"totalPrice":67000,"meterSquarePrice":4,"link":"https://www.nehnutelnosti.sk/detail/JuM98gKY-m6/bedes-2-izbovy-byt-s-balkonom-v-povodnom-stave","imagesUrls":["https://img.nehnutelnosti.sk/foto/NjAweDMzOC9maWx0ZXJzOnF1YWxpdHkoMTAwKS9uZWg=/13RSyG8cOg_fss?st=BhH1IBQznqFDOYJWm7p8hm_Labkdu12ML1iCKHKHN2M&ts=1722347691&e=0"]},{"title":"BEDES | Znížená cena, 1 izb. byt, 38m2, rekonštrukcia,  PD","address":"Maxima Gorkého, Prievidza, okres Prievidza","rooms":1,"meters":38,"totalPrice":66000,"meterSquarePrice":4,"link":"https://www.nehnutelnosti.sk/detail/JuetNXWa61i/bedes-znizena-cena-1-izb-byt-38m2-rekonstrukcia-pd","imagesUrls":["https://img.nehnutelnosti.sk/foto/NjAweDMzOC9maWx0ZXJzOnF1YWxpdHkoMTAwKS9uZWg=/h2LHmLb7z_fss?st=9YxT88RlwxUpysQmzJyv_KyIZVDrpOugDfAFl6Kf-AQ&ts=1725978020&e=0"]},{"title":"BEDES | Zrekonštruovaný 2 izbový byt s loggiou v Kanianke","address":"Bojnická cesta, Kanianka, okres Prievidza","rooms":2,"meters":51,"totalPrice":81900,"meterSquarePrice":8,"link":"https://www.nehnutelnosti.sk/detail/JuobK6yQ6ci/bedes-zrekonstruovany-2-izbovy-byt-s-loggiou-v-kanianke","imagesUrls":["https://img.nehnutelnosti.sk/foto/NjAweDMzOC9maWx0ZXJzOnF1YWxpdHkoMTAwKS9uZWg=/BFfaQ4DTR_fss?st=NiWgcRsRrFCtdN5x3JkgShkDnwgi3Eq_AgPCQPagF3U&ts=1723306862&e=0"]},{"title":"BEDES | 4 izbový mezonet, 2x terasa, 2x parking, Bojnice","address":"Kúpeľná, Bojnice, okres Prievidza","rooms":null,"meters":160,"totalPrice":265000,"meterSquarePrice":5,"link":"https://www.nehnutelnosti.sk/detail/JuBEKcDmzt1/bedes-4-izbovy-mezonet-2x-terasa-2x-parking-bojnice","imagesUrls":["https://img.nehnutelnosti.sk/foto/NjAweDMzOC9maWx0ZXJzOnF1YWxpdHkoMTAwKS9uZWg=/_PBI2TwH1_fss?st=ifEbvUy6HJ0Ma1iIIrHkExpSjfPuVNmoRPQ3vr7_aOI&ts=1723065591&e=0"]},{"title":"BEDES | 4 izbový mezonet, 2x terasa, 2x garážový parking","address":"Kúpeľná, Bojnice, okres Prievidza","rooms":4,"meters":160,"totalPrice":265000,"meterSquarePrice":5,"link":"https://www.nehnutelnosti.sk/detail/JuxPR_KARx3/bedes-4-izbovy-mezonet-2x-terasa-2x-garazovy-parking","imagesUrls":["https://img.nehnutelnosti.sk/foto/NjAweDMzOC9maWx0ZXJzOnF1YWxpdHkoMTAwKS9uZWg=/noUeMZ1-cq_fss?st=qocUUzAjWUxZAYzrqN6uRc-bMIxKuQRlkE5qr_lqR4g&ts=1723065598&e=0"]}]