[{"title":"HALO reality - Predaj, dvojizbový byt Košice Západ - Terasa, Luník I, Ondavská","address":"Ondavská, Košice II - Západ, okres Košice","rooms":2,"meters":53,"totalPrice":147990,"meterSquarePrice":6,"link":"https://www.nehnutelnosti.sk/detail/JunFDkcd9C8/halo-reality-predaj-dvojizbovy-byt-kosice-zapad-terasa-lunik-i-ondavska","imagesUrls":["https://img.nehnutelnosti.sk/foto/NjAweDMzOC9maWx0ZXJzOnF1YWxpdHkoMTAwKS9uZWg=/sU3gUTpHm_fss?st=D1D1iQbXqhFyq6cJjJ0Xif0lkCjD6OQDClc1iMtBeg0&ts=1725826733&e=0"]},{"title":"HALO reality - Predaj, dvojizbový byt Komárno, v rezidenčnom komplexe Jazzy Garden s parkovacím stát","address":"Komárno, okres Komárno","rooms":2,"meters":66,"totalPrice":124990,"meterSquarePrice":9,"link":"https://www.nehnutelnosti.sk/detail/JuWutOUh9w4/halo-reality-predaj-dvojizbovy-byt-komarno-v-rezidencnom-komplexe-jazzy-garden-s-parkovacim-stat","imagesUrls":["https://img.nehnutelnosti.sk/foto/NjAweDMzOC9maWx0ZXJzOnF1YWxpdHkoMTAwKS9uZWg=/sqhJQvdOWS_fss?st=oN2a5InQh1zwBGlNB5vr8XCMnkfQZXRUe1iUiK8PfWc&ts=1725489124&e=0"]},{"title":"HALO reality - REZERVOVANÉ - Predaj, trojizbový byt Žiar nad Hronom, Centrum II, Hviezdoslavova - EX","address":"Hviezdoslavova, Žiar nad Hronom, okres Žiar nad Hronom","rooms":3,"meters":70,"totalPrice":118450,"meterSquarePrice":4,"link":"https://www.nehnutelnosti.sk/detail/JuXmS4ureDR/halo-reality-rezervovane-predaj-trojizbovy-byt-ziar-nad-hronom-centrum-ii-hviezdoslavova-ex","imagesUrls":["https://img.nehnutelnosti.sk/foto/NjAweDMzOC9maWx0ZXJzOnF1YWxpdHkoMTAwKS9uZWg=/ptkveTeOiN_fss?st=efH8wRmhzQwAhU4EsQB35FT8pSYrnOp1UN6PNcVJpb4&ts=1725901669&e=0"]},{"title":"HALO reality - Predaj, dvojizbový byt Nitra - EXKLUZÍVNE HALO REALITY","address":"Kmeťova, Nitra, okres Nitra","rooms":2,"meters":51,"totalPrice":104990,"meterSquarePrice":3,"link":"https://www.nehnutelnosti.sk/detail/Jul1A3_Ohow/halo-reality-predaj-dvojizbovy-byt-nitra-exkluzivne-halo-reality","imagesUrls":["https://img.nehnutelnosti.sk/foto/NjAweDMzOC9maWx0ZXJzOnF1YWxpdHkoMTAwKS9uZWg=/30B8imt4l_fss?st=4CZ0n5FeiT80zLKx0kLxjwqTojNvpP4x4OOA9HKrRFc&ts=1725374977&e=0"]},{"title":"HALO reality - Predaj, trojizbový byt Zvolen, Zlatý Potok, s lodžiou","address":"Zvolen, okres Zvolen","rooms":3,"meters":85,"totalPrice":null,"meterSquarePrice":null,"link":"https://www.nehnutelnosti.sk/detail/Jub7xbE0tly/halo-reality-predaj-trojizbovy-byt-zvolen-zlaty-potok-s-lodziou","imagesUrls":["https://img.nehnutelnosti.sk/foto/NjAweDMzOC9maWx0ZXJzOnF1YWxpdHkoMTAwKS9uZWg=/PBG-7q2Gy_fss?st=B94g6Ybov34bcVR_AepcB-IRXw1HF5rBIBw-1U6sEWE&ts=1726434237&e=0"]},{"title":"HALO reality - Predaj, trojizbový byt Kremnica, pri Zechenterovej záhrade","address":"Kremnica, okres Žiar nad Hronom","rooms":3,"meters":72,"totalPrice":119900,"meterSquarePrice":8,"link":"https://www.nehnutelnosti.sk/detail/JuARkvLGsuU/halo-reality-predaj-trojizbovy-byt-kremnica-pri-zechenterovej-zahrade","imagesUrls":["https://img.nehnutelnosti.sk/foto/NjAweDMzOC9maWx0ZXJzOnF1YWxpdHkoMTAwKS9uZWg=/HZqvzfi_z_fss?st=KGAGM4_IDhzbiOiJXssCszbZvom5coli9SqvVqi6XqA&ts=1726202119&e=0"]},{"title":"HALO reality - Predaj, trojizbový byt Prievidza, Staré Sídlisko - EXKLUZÍVNE HALO REALITY","address":"Prievidza, okres Prievidza","rooms":3,"meters":63,"totalPrice":97000,"meterSquarePrice":8,"link":"https://www.nehnutelnosti.sk/detail/Ju9sLW1Q-Qs/halo-reality-predaj-trojizbovy-byt-prievidza-stare-sidlisko-exkluzivne-halo-reality","imagesUrls":["https://img.nehnutelnosti.sk/foto/NjAweDMzOC9maWx0ZXJzOnF1YWxpdHkoMTAwKS9uZWg=/DxE5pybSV_fss?st=XRN2qpEYl6Q-1dIFDhQ6nZvIi5Ur-18gN8K4kge7PsQ&ts=1725373954&e=0"]},{"title":"HALO reality - Predaj, štvorizbový byt Hnúšťa, s Garážou   - EXKLUZÍVNE HALO REALITY","address":"Hnúšťa, okres Rimavská Sobota","rooms":4,"meters":100,"totalPrice":60000,"meterSquarePrice":0,"link":"https://www.nehnutelnosti.sk/detail/Ju2wjfdNQi_/halo-reality-predaj-stvorizbovy-byt-hnusta-s-garazou-exkluzivne-halo-reality","imagesUrls":["https://img.nehnutelnosti.sk/foto/NjAweDMzOC9maWx0ZXJzOnF1YWxpdHkoMTAwKS9uZWg=/NJzufS-p2_fss?st=nvTU17vmnEY3gUJ8d3u2bjozq7_klphKaL35huc6GZs&ts=1725373958&e=0"]},{"title":"HALO reality - Predaj, dvojizbový byt Prešov","address":"Prešov, okres Prešov","rooms":2,"meters":49,"totalPrice":148000,"meterSquarePrice":1,"link":"https://www.nehnutelnosti.sk/detail/JuWFdbrRbLK/halo-reality-predaj-dvojizbovy-byt-presov","imagesUrls":["https://img.nehnutelnosti.sk/foto/NjAweDMzOC9maWx0ZXJzOnF1YWxpdHkoMTAwKS9uZWg=/7yf1HX_gy_fss?st=RfOYlgqQdVForU1UXEeD_cWkX48f87wH7XcIwbNdoh8&ts=1725373948&e=0"]},{"title":"HALO reality - Predaj, dvojizbový byt Nové Zámky, priamo v CENTRE mesta","address":"Nové Zámky, okres Nové Zámky","rooms":2,"meters":48,"totalPrice":84800,"meterSquarePrice":7,"link":"https://www.nehnutelnosti.sk/detail/JuyNPma5APY/halo-reality-predaj-dvojizbovy-byt-nove-zamky-priamo-v-centre-mesta","imagesUrls":["https://img.nehnutelnosti.sk/foto/NjAweDMzOC9maWx0ZXJzOnF1YWxpdHkoMTAwKS9uZWg=/vGEz9fvBO_fss?st=LWGZk8J5GKcyVntFcZLLMqTgGog5T4Y3myudUd99nyw&ts=1725373907&e=0"]},{"title":"HALO reality - Predaj, trojizbový byt Nové Zámky","address":"Nové Zámky, okres Nové Zámky","rooms":3,"meters":71,"totalPrice":null,"meterSquarePrice":null,"link":"https://www.nehnutelnosti.sk/detail/Ju9FNPcvkOD/halo-reality-predaj-trojizbovy-byt-nove-zamky","imagesUrls":["https://img.nehnutelnosti.sk/foto/NjAweDMzOC9maWx0ZXJzOnF1YWxpdHkoMTAwKS9uZWg=/p9woGsnGi7_fss?st=PaM4EYNwldFmQE7jWazsKWtlPOmW2d5048HKsvqWid8&ts=1725373896&e=0"]},{"title":"HALO reality - Predaj, trojizbový byt Štúrovo, s výhľadom na Ostrihom, komplená rekonštrukcia - EXKL","address":"Štúrovo, okres Nové Zámky","rooms":3,"meters":63,"totalPrice":89990,"meterSquarePrice":1,"link":"https://www.nehnutelnosti.sk/detail/Ju4y84VSPm3/halo-reality-predaj-trojizbovy-byt-sturovo-s-vyhladom-na-ostrihom-komplena-rekonstrukcia-exkl","imagesUrls":["https://img.nehnutelnosti.sk/foto/NjAweDMzOC9maWx0ZXJzOnF1YWxpdHkoMTAwKS9uZWg=/T0JZPO_PX_fss?st=gvEWH-FSj-2Bt6_vsE3Qs4kkjskKW4J6adAUnvsyevo&ts=1725373911&e=0"]},{"title":"HALO reality - Predaj, trojizbový byt Partizánske - EXKLUZÍVNE HALO REALITY","address":"Generála Svobodu, Partizánske, okres Partizánske","rooms":3,"meters":73,"totalPrice":99000,"meterSquarePrice":6,"link":"https://www.nehnutelnosti.sk/detail/JushrImC8Zi/halo-reality-predaj-trojizbovy-byt-partizanske-exkluzivne-halo-reality","imagesUrls":["https://img.nehnutelnosti.sk/foto/NjAweDMzOC9maWx0ZXJzOnF1YWxpdHkoMTAwKS9uZWg=/drMtqjlPw_fss?st=e2OIzgA4NQg2eObfWT3uto_3MnMvnfdT15gIGXSmCMs&ts=1725373941&e=0"]},{"title":"HALO reality - Predaj, trojizbový byt Nové Zámky, centrum mesta","address":"Nové Zámky, okres Nové Zámky","rooms":3,"meters":72,"totalPrice":124990,"meterSquarePrice":7,"link":"https://www.nehnutelnosti.sk/detail/JuGmXxgNQ9b/halo-reality-predaj-trojizbovy-byt-nove-zamky-centrum-mesta","imagesUrls":["https://img.nehnutelnosti.sk/foto/NjAweDMzOC9maWx0ZXJzOnF1YWxpdHkoMTAwKS9uZWg=/OhVz3casqh_fss?st=baRQSlgNyYkN_eIBtRoY3V65jZSaSYk01ZIRzQ5mZsw&ts=1725373901&e=0"]},{"title":"HALO reality - Predaj, garsónka Nové Zámky, T.G.Masaryka - EXKLUZÍVNE HALO REALITY","address":"Nové Zámky, okres Nové Zámky","rooms":null,"meters":20,"totalPrice":53499,"meterSquarePrice":5,"link":"https://www.nehnutelnosti.sk/detail/Ju9Z506JCSS/halo-reality-predaj-garsonka-nove-zamky-t-g-masaryka-exkluzivne-halo-reality","imagesUrls":["https://img.nehnutelnosti.sk/foto/NjAweDMzOC9maWx0ZXJzOnF1YWxpdHkoMTAwKS9uZWg=/pk4IhvMm-q_fss?st=l2Ze3ITT3DtoGPUlMj9eCxOgShTI_Cg7dY4pZMbkfc8&ts=1725373905&e=0"]},{"title":"HALO reality - Predaj, štvorizbový byt Nové Zámky, s balkónom, v blízkosti centra","address":"Nové Zámky, okres Nové Zámky","rooms":4,"meters":82,"totalPrice":123000,"meterSquarePrice":0,"link":"https://www.nehnutelnosti.sk/detail/JubcnIKzrOOh/halo-reality-predaj-stvorizbovy-byt-nove-zamky-s-balkonom-v-blizkosti-centra","imagesUrls":["https://img.nehnutelnosti.sk/foto/NjAweDMzOC9maWx0ZXJzOnF1YWxpdHkoMTAwKS9uZWg=/-Ii73Dyso_fss?st=PE7wiFgFJEna67TdOWPxnM0rtt75RnrMpmvLBnwWNcw&ts=1725373917&e=0"]},{"title":"HALO reality - Predaj, štvorizbový byt Malacky, Juh","address":"Malacky, okres Malacky","rooms":4,"meters":80,"totalPrice":159990,"meterSquarePrice":8,"link":"https://www.nehnutelnosti.sk/detail/JuluyAOPA7R/halo-reality-predaj-stvorizbovy-byt-malacky-juh","imagesUrls":["https://img.nehnutelnosti.sk/foto/NjAweDMzOC9maWx0ZXJzOnF1YWxpdHkoMTAwKS9uZWg=/X-DcHp_3c_fss?st=2zBYWkGce8Wyrp8SbB91yeeT8SStfNkvqFPvGS0cYMw&ts=1725373872&e=0"]},{"title":"HALO reality - Predaj, dvojizbový byt Malacky - EXKLUZÍVNE HALO REALITY","address":"Malacky, okres Malacky","rooms":2,"meters":54,"totalPrice":119990,"meterSquarePrice":4,"link":"https://www.nehnutelnosti.sk/detail/JuHwAOcVPQA/halo-reality-predaj-dvojizbovy-byt-malacky-exkluzivne-halo-reality","imagesUrls":["https://img.nehnutelnosti.sk/foto/NjAweDMzOC9maWx0ZXJzOnF1YWxpdHkoMTAwKS9uZWg=/ki-nSAvr6_fss?st=sczIwO4OM3UUP03jXOQOQg9mSIvdv0bETLh4kj0eXE0&ts=1725373884&e=0"]},{"title":"HALO reality - Predaj, dvojizbový byt Dunajská Streda","address":"Dunajská Streda, okres Dunajská Streda","rooms":2,"meters":56,"totalPrice":88000,"meterSquarePrice":3,"link":"https://www.nehnutelnosti.sk/detail/JurC8VS-t4h/halo-reality-predaj-dvojizbovy-byt-dunajska-streda","imagesUrls":["https://img.nehnutelnosti.sk/foto/NjAweDMzOC9maWx0ZXJzOnF1YWxpdHkoMTAwKS9uZWg=/F8kf_8TCi_fss?st=f6yVbTAyyS6RJqKlwq2QUNQ2Jf_kckphFbFfmJGEAco&ts=1725373826&e=0"]},{"title":"HALO reality - Predaj, trojizbový byt Levice","address":"Levice, okres Levice","rooms":3,"meters":69,"totalPrice":92950,"meterSquarePrice":0,"link":"https://www.nehnutelnosti.sk/detail/Ju7-KMvF7cX/halo-reality-predaj-trojizbovy-byt-levice","imagesUrls":["https://img.nehnutelnosti.sk/foto/NjAweDMzOC9maWx0ZXJzOnF1YWxpdHkoMTAwKS9uZWg=/HPGufTpbb_fss?st=s98dVBIYXYnfxJoA5o1ytf_pwOZYWsidO9IzihBlJfM&ts=1725373836&e=0"]},{"title":"HALO reality - Predaj, trojizbový byt Levice","address":"Levice, okres Levice","rooms":3,"meters":62,"totalPrice":95900,"meterSquarePrice":7,"link":"https://www.nehnutelnosti.sk/detail/JuMLuws8gAd/halo-reality-predaj-trojizbovy-byt-levice","imagesUrls":["https://img.nehnutelnosti.sk/foto/NjAweDMzOC9maWx0ZXJzOnF1YWxpdHkoMTAwKS9uZWg=/Kz_7_zzyY_fss?st=ji5kBYJG-bf8lRNH4y6ER4QA3GrVXEv_Q3dKgk4qBys&ts=1725373840&e=0"]},{"title":"HALO reality - Predaj, dvojizbový byt Levice","address":"Levice, okres Levice","rooms":2,"meters":60,"totalPrice":79000,"meterSquarePrice":7,"link":"https://www.nehnutelnosti.sk/detail/JuuIov52yMp/halo-reality-predaj-dvojizbovy-byt-levice","imagesUrls":["https://img.nehnutelnosti.sk/foto/NjAweDMzOC9maWx0ZXJzOnF1YWxpdHkoMTAwKS9uZWg=/9SB_N3g0cQ_fss?st=GaeDSt5Mx6L18g8Fpv7uBMRPJm-nIIuTBY9tfimtX6o&ts=1725373845&e=0"]},{"title":"HALO reality - Predaj, dvojizbový byt Banská Štiavnica","address":"Banská Štiavnica, okres Banská Štiavnica","rooms":2,"meters":58,"totalPrice":79000,"meterSquarePrice":7,"link":"https://www.nehnutelnosti.sk/detail/JuelMCLw-vy/halo-reality-predaj-dvojizbovy-byt-banska-stiavnica","imagesUrls":["https://img.nehnutelnosti.sk/foto/NjAweDMzOC9maWx0ZXJzOnF1YWxpdHkoMTAwKS9uZWg=/MKem9dmFq_fss?st=xrK4kjPC6JelpdfbjQr9aqXG5YOTgTvBavzsmrpgJYA&ts=1725373778&e=0"]},{"title":"HALO reality - Predaj, trojizbový byt Banská Bystrica, Sásová -  Rudohorská","address":"Banská Bystrica, okres Banská Bystrica","rooms":3,"meters":78,"totalPrice":155000,"meterSquarePrice":8,"link":"https://www.nehnutelnosti.sk/detail/Ju0GjeP3Xnr/halo-reality-predaj-trojizbovy-byt-banska-bystrica-sasova-rudohorska","imagesUrls":["https://img.nehnutelnosti.sk/foto/NjAweDMzOC9maWx0ZXJzOnF1YWxpdHkoMTAwKS9uZWg=/Gl_wDrwzvM_fss?st=wPX2tsUJk_io-HZLrhe5aJBV1es8KPmp1cWNmUuNuzc&ts=1725373771&e=0"]},{"title":"HALO reality - Predaj, dvojizbový byt Senica","address":"Senica, okres Senica","rooms":2,"meters":49,"totalPrice":69990,"meterSquarePrice":7,"link":"https://www.nehnutelnosti.sk/detail/JuvxWv67bt7/halo-reality-predaj-dvojizbovy-byt-senica","imagesUrls":["https://img.nehnutelnosti.sk/foto/NjAweDMzOC9maWx0ZXJzOnF1YWxpdHkoMTAwKS9uZWg=/CAjk8Msum_fss?st=Pt3NnMNEa_40XwDOKQcz5kKu6hg02eeVsQYCCUpOTzE&ts=1725360259&e=0"]},{"title":"HALO reality - Predaj, dvojizbový byt Prešov, Sídlisko III, pôvodný stav","address":"Matice Slovenskej, Prešov, okres Prešov","rooms":2,"meters":53,"totalPrice":109990,"meterSquarePrice":8,"link":"https://www.nehnutelnosti.sk/detail/JuIO4gcNI22/halo-reality-predaj-dvojizbovy-byt-presov-sidlisko-iii-povodny-stav","imagesUrls":["https://img.nehnutelnosti.sk/foto/NjAweDMzOC9maWx0ZXJzOnF1YWxpdHkoMTAwKS9uZWg=/5pE0SQBCe_fss?st=0yh4XSo-onnzKEVxXPAwajg68v49aTlGj-3B5qPEzGg&ts=1725308581&e=0"]},{"title":"HALO reality - Predaj, trojizbový byt Rožňava","address":"Rožňava, okres Rožňava","rooms":3,"meters":66,"totalPrice":96500,"meterSquarePrice":2,"link":"https://www.nehnutelnosti.sk/detail/Jug3TsbOiI9/halo-reality-predaj-trojizbovy-byt-roznava","imagesUrls":["https://img.nehnutelnosti.sk/foto/NjAweDMzOC9maWx0ZXJzOnF1YWxpdHkoMTAwKS9uZWg=/VjS2coMwI_fss?st=m_nt9xXOEkyl-e6LeiBuL67DIAu-8PIFfba52VB5UUA&ts=1725230144&e=0"]},{"title":"HALO reality - Predaj, jednoizbový byt Revúca","address":"Revúca, okres Revúca","rooms":1,"meters":31,"totalPrice":35000,"meterSquarePrice":3,"link":"https://www.nehnutelnosti.sk/detail/JutAUkdyZhi/halo-reality-predaj-jednoizbovy-byt-revuca","imagesUrls":["https://img.nehnutelnosti.sk/foto/NjAweDMzOC9maWx0ZXJzOnF1YWxpdHkoMTAwKS9uZWg=/RnMl_Xu8R_fss?st=ahnPm8qY-QZMRO3reJEPiBm221aoScF1Mpvr02ciZNM&ts=1725210441&e=0"]},{"title":"HALO reality - Predaj, trojizbový byt Tornaľa","address":"Tornaľa, okres Revúca","rooms":3,"meters":65,"totalPrice":62000,"meterSquarePrice":5,"link":"https://www.nehnutelnosti.sk/detail/JuciuBZqVFH/halo-reality-predaj-trojizbovy-byt-tornala","imagesUrls":["https://img.nehnutelnosti.sk/foto/NjAweDMzOC9maWx0ZXJzOnF1YWxpdHkoMTAwKS9uZWg=/AxPq3kBpd__fss?st=MHLd9GenfEfDCFVSmWTMYiPTeZUe9uVl0F8z2nggVPU&ts=1725141023&e=0"]},{"title":"HALO reality - Predaj, trojizbový byt Lučenec","address":"Novohradská, Lučenec, okres Lučenec","rooms":3,"meters":80,"totalPrice":92990,"meterSquarePrice":8,"link":"https://www.nehnutelnosti.sk/detail/Jutu28qpso3/halo-reality-predaj-trojizbovy-byt-lucenec","imagesUrls":["https://img.nehnutelnosti.sk/foto/NjAweDMzOC9maWx0ZXJzOnF1YWxpdHkoMTAwKS9uZWg=/_HmtSGRl__fss?st=kGGEGuERftO2Gx9M78e-KGWNt9CauIMMltHFpdcrbqc&ts=1725141018&e=0"]}]