[{"title":"Ponúkame na predaj 2 izbový byt, Rúbanisko II, Lučenec","address":"Rúbanisko II, Lučenec, okres Lučenec","rooms":2,"meters":62,"totalPrice":57000,"meterSquarePrice":5,"link":"https://www.nehnutelnosti.sk/detail/JuvWwtr-lpY/ponukame-na-predaj-2-izbovy-byt-rubanisko-ii-lucenec","imagesUrls":["https://img.nehnutelnosti.sk/foto/NjAweDMzOC9maWx0ZXJzOnF1YWxpdHkoMTAwKS9uZWg=/PUQ84mEO5_fss?st=-Pr45LATiSUn3eJxgGjwK4cGLHTE3LymTOwrqj25dLA&ts=1677841348&e=0"]},{"title":"Predaj 1 izb bytu 42 m2, 3.p.,komplet. rekonštrukcia, Banská Bystrica – Vlkanová","address":"Vlkanová, Vlkanová, okres Banská Bystrica","rooms":1,"meters":42,"totalPrice":59900,"meterSquarePrice":9,"link":"https://www.nehnutelnosti.sk/detail/JudaucaMs0c/predaj-1-izb-bytu-42-m2-3-p-komplet-rekonstrukcia-banska-bystrica-vlkanova","imagesUrls":["https://img.nehnutelnosti.sk/foto/NjAweDMzOC9maWx0ZXJzOnF1YWxpdHkoMTAwKS9uZWg=/hd56nm6oa_fss?st=TgMN7MinAPOol-hhlweAkBANWkq4eqATRJnteVhfoxY&ts=1677584904&e=0"]},{"title":"Stará vodáreň - 3 izbový byt s galériou a dvomi balkónmi","address":"Smižany, Smižany, okres Spišská Nová Ves","rooms":3,"meters":113,"totalPrice":null,"meterSquarePrice":null,"link":"https://www.nehnutelnosti.sk/detail/JuG4rq3C3z_/stara-vodaren-3-izbovy-byt-s-galeriou-a-dvomi-balkonmi","imagesUrls":["https://img.nehnutelnosti.sk/foto/NjAweDMzOC9maWx0ZXJzOnF1YWxpdHkoMTAwKS9uZWg=/Z9ImwKkdxj_fss?st=_ywxYZ71hOFptsGFfxcRiaj7vOkOmpl96ViUbfX01PA&ts=1706879182&e=0"]},{"title":"Stará vodáreň - 3 izbový byt s galériou a loggiou","address":"Smižany, Smižany, okres Spišská Nová Ves","rooms":3,"meters":112,"totalPrice":null,"meterSquarePrice":null,"link":"https://www.nehnutelnosti.sk/detail/JutBgRM6Ayr/stara-vodaren-3-izbovy-byt-s-galeriou-a-loggiou","imagesUrls":["https://img.nehnutelnosti.sk/foto/NjAweDMzOC9maWx0ZXJzOnF1YWxpdHkoMTAwKS9uZWg=/mkLOh0GL5Q_fss?st=FI4P2bRhgrigTl7it6sRquIuPuILD25XLJHFV95VxOo&ts=1706879181&e=0"]},{"title":"REZERVOVANÉ - Ponúkame na PREDAJ pekný 3-izbový byt s loggiou v pôvodnom stave, Berehovská, Trebišov","address":"Berehovská, Trebišov, okres Trebišov","rooms":3,"meters":75,"totalPrice":84000,"meterSquarePrice":2,"link":"https://www.nehnutelnosti.sk/detail/JuwMIUWKHnw/rezervovane-ponukame-na-predaj-pekny-3-izbovy-byt-s-loggiou-v-povodnom-stave-berehovska-trebisov","imagesUrls":["https://img.nehnutelnosti.sk/foto/NjAweDMzOC9maWx0ZXJzOnF1YWxpdHkoMTAwKS9uZWg=/RdvKsB_7K_fss?st=wDJ00vG67-ggYUVA3zsv6_k-rSFTp0y-VIO1dRbGEXY&ts=1676903322&e=0"]},{"title":"Stará vodáreň - 2 izbový byt s galériou a balkónom","address":"Smižany, Smižany, okres Spišská Nová Ves","rooms":2,"meters":68,"totalPrice":null,"meterSquarePrice":null,"link":"https://www.nehnutelnosti.sk/detail/JuLsv4IFb_k/stara-vodaren-2-izbovy-byt-s-galeriou-a-balkonom","imagesUrls":["https://img.nehnutelnosti.sk/foto/NjAweDMzOC9maWx0ZXJzOnF1YWxpdHkoMTAwKS9uZWg=/YnOMbGNwpq_fss?st=0B8zLMGU2oQMmlCa46N0ikTQEMdVndpSBivLS263bsU&ts=1706879173&e=0"]},{"title":"Stará vodáreň - 3 izbový mezonetový byt s terasou","address":"Smižany, Spišská Nová Ves, okres Spišská Nová Ves","rooms":3,"meters":97,"totalPrice":null,"meterSquarePrice":null,"link":"https://www.nehnutelnosti.sk/detail/JuXRITaFCcg/stara-vodaren-3-izbovy-mezonetovy-byt-s-terasou","imagesUrls":["https://img.nehnutelnosti.sk/foto/NjAweDMzOC9maWx0ZXJzOnF1YWxpdHkoMTAwKS9uZWg=/rLF9HQDPE_fss?st=u3-sAt2bvIy-s7V28C9DBD0juS5XB7w8OS4oXEVowic&ts=1706879177&e=0"]},{"title":"Stará vodáreň  - 2 izbový byt s terasou","address":"Smižany, Spišská Nová Ves, okres Spišská Nová Ves","rooms":2,"meters":89,"totalPrice":null,"meterSquarePrice":null,"link":"https://www.nehnutelnosti.sk/detail/Ju6ATAMvcgN/stara-vodaren-2-izbovy-byt-s-terasou","imagesUrls":["https://img.nehnutelnosti.sk/foto/NjAweDMzOC9maWx0ZXJzOnF1YWxpdHkoMTAwKS9uZWg=/6sVCvlbdPB_fss?st=ol7RJc7OQ7I0ZeQHc7UVEiFmvyMEhnDtp-Ix98gTIBU&ts=1706879160&e=0"]},{"title":"3 izbový byt v obci Veľká Ves nad Ipľom v okrese Veľký Krtíš","address":"Veľká Ves nad Ipľom, Veľká nad Ipľom, okres Lučenec","rooms":3,"meters":71,"totalPrice":34900,"meterSquarePrice":6,"link":"https://www.nehnutelnosti.sk/detail/JueEd6D1acd/3-izbovy-byt-v-obci-velka-ves-nad-iplom-v-okrese-velky-krtis","imagesUrls":["https://img.nehnutelnosti.sk/foto/NjAweDMzOC9maWx0ZXJzOnF1YWxpdHkoMTAwKS9uZWg=/LYmEsRuDx_fss?st=k4I3z1kjyOgE6uRK9DnvQlO4DFtjCwfYui4S976PQlQ&ts=1667819039&e=0"]},{"title":"Stará vodáreň -  2 izbový byt s balkónom","address":"Smižany, Spišská Nová Ves, okres Spišská Nová Ves","rooms":2,"meters":46,"totalPrice":null,"meterSquarePrice":null,"link":"https://www.nehnutelnosti.sk/detail/JuZfttDR27z/stara-vodaren-2-izbovy-byt-s-balkonom","imagesUrls":["https://img.nehnutelnosti.sk/foto/NjAweDMzOC9maWx0ZXJzOnF1YWxpdHkoMTAwKS9uZWg=/T0yJDbRmX_fss?st=G65yhZ_FC6qpjT9fiXCrgZDT07b4XFq9SJHT_Ihz2BQ&ts=1706879158&e=0"]},{"title":"ALL INCLUSIVE | EXKLUZÍVNE NA PREDAJ VEĽKOMETRÁŽNY 3-IZBOVÝ PRÍZEMNÝ BYT SO SPOLOČNÝM DVOROM, VRAKÚŇ","address":"Nekyje na Ostrove, Vrakúň, okres Dunajská Streda","rooms":3,"meters":87,"totalPrice":132000,"meterSquarePrice":4,"link":"https://www.nehnutelnosti.sk/detail/JudVIADrAh2/all-inclusive-exkluzivne-na-predaj-velkometrazny-3-izbovy-prizemny-byt-so-spolocnym-dvorom-vrakun","imagesUrls":["https://img.nehnutelnosti.sk/foto/NjAweDMzOC9maWx0ZXJzOnF1YWxpdHkoMTAwKS9uZWg=/9Znq50ujs_fss?st=8tyww7B8V8STP3MWYAE5cpqGrogc4q1v7_uvSZPiTtQ&ts=1724834716&e=0"]},{"title":"ALL INCLUSIVE | EXKLUZÍVNE NA PREDAJ 3 IZBOVÝ BYT S BALKÓNOM A PIVNICOU, DUNAJSKÁ STREDA","address":"Nová Ves, Dunajská Streda, okres Dunajská Streda","rooms":3,"meters":60,"totalPrice":106000,"meterSquarePrice":7,"link":"https://www.nehnutelnosti.sk/detail/JuW54ZiW3t3/all-inclusive-exkluzivne-na-predaj-3-izbovy-byt-s-balkonom-a-pivnicou-dunajska-streda","imagesUrls":["https://img.nehnutelnosti.sk/foto/NjAweDMzOC9maWx0ZXJzOnF1YWxpdHkoMTAwKS9uZWg=/TtUrWVDgx3_fss?st=P7mOzQvogOePcL_3ti_lEMNP9NajMQp3wu6hqBXfzuw&ts=1725131306&e=0"]},{"title":"ALL INCLUSIVE | EXKLUZÍVNE NA PREDAJ 2 IZBOVÝ BYT S BALKÓNOM, VEĽKÝ GROB","address":"Velký Grob, Senec, okres Senec","rooms":2,"meters":35,"totalPrice":79990,"meterSquarePrice":4,"link":"https://www.nehnutelnosti.sk/detail/JuL66jDg3gL/all-inclusive-exkluzivne-na-predaj-2-izbovy-byt-s-balkonom-velky-grob","imagesUrls":["https://img.nehnutelnosti.sk/foto/NjAweDMzOC9maWx0ZXJzOnF1YWxpdHkoMTAwKS9uZWg=/gy-MTk7X1_fss?st=1M4pkr0qHOQCLr8162LnPtdEbU28CTcw92cih_viefw&ts=1725966545&e=0"]},{"title":"ALL INCLUSIVE | NA PREDAJ 1 IZBOVÝ BYT S PRIESTRANNÝM BALKÓNOM, DUNAJSKÁ STREDA","address":"Nová Ves, Dunajská Streda, okres Dunajská Streda","rooms":1,"meters":45,"totalPrice":71900,"meterSquarePrice":8,"link":"https://www.nehnutelnosti.sk/detail/JufP6VHhSrP/all-inclusive-na-predaj-1-izbovy-byt-s-priestrannym-balkonom-dunajska-streda","imagesUrls":["https://img.nehnutelnosti.sk/foto/NjAweDMzOC9maWx0ZXJzOnF1YWxpdHkoMTAwKS9uZWg=/EBcYmUzfp1_fss?st=ZuqRsFrMrrd3GGXtNLT01JWXZOKOGYAhik3yFZv_sag&ts=1725351602&e=0"]},{"title":"REZERVOVANÉ  |  ALL INCLUSIVE | NA PREDAJ GARZÓNKA – APARTMÁN V NOVOSTAVBE, PETRŽALKA","address":"Antolská, Bratislava V - Petržalka, okres Bratislava","rooms":null,"meters":19,"totalPrice":99000,"meterSquarePrice":3,"link":"https://www.nehnutelnosti.sk/detail/JurDw9Aa0nj/rezervovane-all-inclusive-na-predaj-garzonka-apartman-v-novostavbe-petrzalka","imagesUrls":["https://img.nehnutelnosti.sk/foto/NjAweDMzOC9maWx0ZXJzOnF1YWxpdHkoMTAwKS9uZWg=/Aaz0BSYtI_fss?st=ALnfg6nSp2hODAtRwadPq3nO84sdotHACciCobV1D5w&ts=1724168735&e=0"]},{"title":"ALL INCLUSIVE | EXKLUZÍVNE NA PREDAJ 3-IZBOVÝ BYT S PIVNICOU, DUNAJSKÁ STREDA","address":"Námestie priateľstva, Dunajská Streda, okres Dunajská Streda","rooms":3,"meters":66,"totalPrice":113000,"meterSquarePrice":2,"link":"https://www.nehnutelnosti.sk/detail/JuToJNKpu5f/all-inclusive-exkluzivne-na-predaj-3-izbovy-byt-s-pivnicou-dunajska-streda","imagesUrls":["https://img.nehnutelnosti.sk/foto/NjAweDMzOC9maWx0ZXJzOnF1YWxpdHkoMTAwKS9uZWg=/3KGZWjUaWn_fss?st=tgJtxysCc8QM_kcxv5a3fDTPPaAosAsNAp8XPQyIFbw&ts=1724334224&e=0"]},{"title":"ALL INCLUSIVE | NA PREDAJ VEĽKOMETRÁŽNY 3 IZBOVÝ BYT V CENTRE MESTA DUNAJSKÁ STREDA","address":"Dunajská Streda, okres Dunajská Streda","rooms":3,"meters":82,"totalPrice":129000,"meterSquarePrice":7,"link":"https://www.nehnutelnosti.sk/detail/JuNVGPx9MLL/all-inclusive-na-predaj-velkometrazny-3-izbovy-byt-v-centre-mesta-dunajska-streda","imagesUrls":["https://img.nehnutelnosti.sk/foto/NjAweDMzOC9maWx0ZXJzOnF1YWxpdHkoMTAwKS9uZWg=/sbGgeEZrQ8_fss?st=wz2uyzQNcRSIhkjGu9HNj9ZgO0WGsJMgIXfM_OrRsw8&ts=1723799215&e=0"]},{"title":"ALL INCLUSIVE | NA PREDAJ VEĽKOMETRÁŽNY 3 IZBOVÝ BYT S BALKÓNOM, DUNAJSKÁ STREDA","address":"Nová Ves, Dunajská Streda, okres Dunajská Streda","rooms":3,"meters":76,"totalPrice":98000,"meterSquarePrice":7,"link":"https://www.nehnutelnosti.sk/detail/JuMqneYBGWm/all-inclusive-na-predaj-velkometrazny-3-izbovy-byt-s-balkonom-dunajska-streda","imagesUrls":["https://img.nehnutelnosti.sk/foto/NjAweDMzOC9maWx0ZXJzOnF1YWxpdHkoMTAwKS9uZWg=/ZWv36o4BS_fss?st=Ewh9ayY7fjjeZlRYQJY2qQdXhhMKetK8nLNMS3_RiHM&ts=1724166087&e=0"]},{"title":"ALL INCLUSIVE | * ZNÍŽENÁ CENA * | EXKLUZÍVNE NA PREDAJ GARZÓNKU PO ČIASTOČNEJ REKONŠTRUKCII, DUNAJS","address":"Námestie Ármina Vámbéryho, Dunajská Streda, okres Dunajská Streda","rooms":null,"meters":25,"totalPrice":59990,"meterSquarePrice":0,"link":"https://www.nehnutelnosti.sk/detail/Ju58bux64Jb/all-inclusive-znizena-cena-exkluzivne-na-predaj-garzonku-po-ciastocnej-rekonstrukcii-dunajs","imagesUrls":["https://img.nehnutelnosti.sk/foto/NjAweDMzOC9maWx0ZXJzOnF1YWxpdHkoMTAwKS9uZWg=/kGbZn5BZrr_fss?st=TSDpf4QSJjx0dqSyp0xuNKVb9L3IAr1eynZ9ppKEL8M&ts=1724169539&e=0"]},{"title":"ALL INCLUSIVE | NA PREDAJ 3 IZBOVÝ BYT ( 80 m 2) S BALKÓNOM, DUNAJSKÁ STREDA","address":"Nová Ves, Dunajská Streda, okres Dunajská Streda","rooms":3,"meters":80,"totalPrice":99000,"meterSquarePrice":0,"link":"https://www.nehnutelnosti.sk/detail/JuGHwnTlmQm/all-inclusive-na-predaj-3-izbovy-byt-80-m-2-s-balkonom-dunajska-streda","imagesUrls":["https://img.nehnutelnosti.sk/foto/NjAweDMzOC9maWx0ZXJzOnF1YWxpdHkoMTAwKS9uZWg=/zNVLrJtBZ_fss?st=zv9yls1F8Uuj-S0bWGTlNOXQa0aXxjrU7SSuOLL4OPk&ts=1723027569&e=0"]},{"title":"ALL INCLUSIVE | NA PREDAJ 3 IZBOVÝ BYT ( 66 m 2) S BALKÓNOM, DUNAJSKÁ STREDA","address":"Nová Ves, Dunajská Streda, okres Dunajská Streda","rooms":3,"meters":66,"totalPrice":104000,"meterSquarePrice":6,"link":"https://www.nehnutelnosti.sk/detail/Ju0K81HtWvU/all-inclusive-na-predaj-3-izbovy-byt-66-m-2-s-balkonom-dunajska-streda","imagesUrls":["https://img.nehnutelnosti.sk/foto/NjAweDMzOC9maWx0ZXJzOnF1YWxpdHkoMTAwKS9uZWg=/AA0_fSG5R_fss?st=2LlnWKixv6s9T-NikclnXaM0nDH0YT8tffpXhzmU34U&ts=1722955368&e=0"]},{"title":"ALL INCLUSIVE | NA PREDAJ 3 IZBOVÝ BYT SO ZÁHRADKOU A GARÁŽOU V ŠTVORBYTOVKE, VEĽKÝ MEDER","address":"Veľký Meder, okres Dunajská Streda","rooms":3,"meters":65,"totalPrice":111000,"meterSquarePrice":9,"link":"https://www.nehnutelnosti.sk/detail/Jult4USAVrZc/all-inclusive-na-predaj-3-izbovy-byt-so-zahradkou-a-garazou-v-stvorbytovke-velky-meder","imagesUrls":["https://img.nehnutelnosti.sk/foto/NjAweDMzOC9maWx0ZXJzOnF1YWxpdHkoMTAwKS9uZWg=/No7YHRfgO2_fss?st=_smPJTEw9cx0zgLtOWCVhBX25hQly53aEpdSj1mVfwA&ts=1722518381&e=0"]},{"title":"ALL INCLUSIVE | NA PREDAJ 3 IZBOVÉ BYTY S LOGGIOU A PARKOVACÍM STÁTIM V LUKRATÍVNEJ ČASTI MESTA, DUN","address":"Florida villa park, Dunajská Streda, okres Dunajská Streda","rooms":3,"meters":56,"totalPrice":131400,"meterSquarePrice":5,"link":"https://www.nehnutelnosti.sk/detail/Ju91MJUzj5b/all-inclusive-na-predaj-3-izbove-byty-s-loggiou-a-parkovacim-statim-v-lukrativnej-casti-mesta-dun","imagesUrls":["https://img.nehnutelnosti.sk/foto/NjAweDMzOC9maWx0ZXJzOnF1YWxpdHkoMTAwKS9uZWg=/_HaXo9TVW_fss?st=bWwswaeJNgRbasF0J6r0DY8hoUS8uLMs6QabO1Cljjs&ts=1721383490&e=0"]},{"title":"ALL INCLUSIVE I NA PREDAJ 1 IZBOVÝ BYT S LOGGIOU (46 M2), BRATISLAVA - DÚBRAVKA","address":"Agátova, Bratislava IV - Dúbravka, okres Bratislava","rooms":1,"meters":46,"totalPrice":185000,"meterSquarePrice":4,"link":"https://www.nehnutelnosti.sk/detail/JuiZutxb4yK/all-inclusive-i-na-predaj-1-izbovy-byt-s-loggiou-46-m2-bratislava-dubravka","imagesUrls":["https://img.nehnutelnosti.sk/foto/NjAweDMzOC9maWx0ZXJzOnF1YWxpdHkoMTAwKS9uZWg=/B1IEoW-FS_fss?st=QGpa6Cf1uX05-_c5R4SGaV4jhzKQSirGfbkODkAtQ1E&ts=1722020901&e=0"]},{"title":"ALL INCLUSIVE | EXKLUZÍVNE NA PREDAJ 4 IZBOVÝ BYT (MEZONET), DUNAJSKÁ STREDA","address":"Nová Ves, Dunajská Streda, okres Dunajská Streda","rooms":4,"meters":87,"totalPrice":133900,"meterSquarePrice":8,"link":"https://www.nehnutelnosti.sk/detail/JuRmuNhpCJn/all-inclusive-exkluzivne-na-predaj-4-izbovy-byt-mezonet-dunajska-streda","imagesUrls":["https://img.nehnutelnosti.sk/foto/NjAweDMzOC9maWx0ZXJzOnF1YWxpdHkoMTAwKS9uZWg=/fI2y51-cE_fss?st=y2WSUOwz2XBn9aD-84MzeX8dxkW4xqvc0JzByAp-_GI&ts=1721764884&e=0"]},{"title":"ALL INCLUSIVE | NA PREDAJ VEĽKOMETRÁŽNY 3 IZBOVÝ BYT S BALKÓNOM, VEĽKÝ MEDER","address":"Komárňanská, Veľký Meder, okres Dunajská Streda","rooms":3,"meters":77,"totalPrice":85990,"meterSquarePrice":5,"link":"https://www.nehnutelnosti.sk/detail/Julkgpax_U6/all-inclusive-na-predaj-velkometrazny-3-izbovy-byt-s-balkonom-velky-meder","imagesUrls":["https://img.nehnutelnosti.sk/foto/NjAweDMzOC9maWx0ZXJzOnF1YWxpdHkoMTAwKS9uZWg=/rv7LmhhCi_fss?st=djlgIxmzGGyasT4MpwRNEVKHtcjNtq3D6E_pQ6zqLvE&ts=1721302798&e=0"]},{"title":"ALL INCLUSIVE | NA PREDAJ VEĽKOMETRÁŽNY 1 IZBOVÝ BYT S BALKÓNOM A VEĽKOU PIVNICOU, DOLNÝ ŠTÁL","address":"Hlavná, Dolný Štál, okres Dunajská Streda","rooms":1,"meters":33,"totalPrice":59000,"meterSquarePrice":8,"link":"https://www.nehnutelnosti.sk/detail/JuXaJwTz1ya/all-inclusive-na-predaj-velkometrazny-1-izbovy-byt-s-balkonom-a-velkou-pivnicou-dolny-stal","imagesUrls":["https://img.nehnutelnosti.sk/foto/NjAweDMzOC9maWx0ZXJzOnF1YWxpdHkoMTAwKS9uZWg=/Ur000nqTi_fss?st=WZtuJWC4YfIAWCLwYlGhaL4NSLXPwW1F9z8xo8K7A-E&ts=1721049220&e=0"]},{"title":"ALL INCLUSIVE I NA PREDAJ 3 IZBOVÝ BYT KOMPLETNE ZARIADENÝ (86 M2) V CENTRE MESTA S BALKÓNOM A PIVNI","address":"Neratovické námestie, Dunajská Streda, okres Dunajská Streda","rooms":3,"meters":86,"totalPrice":123000,"meterSquarePrice":3,"link":"https://www.nehnutelnosti.sk/detail/JuAk26Z3S2I/all-inclusive-i-na-predaj-3-izbovy-byt-kompletne-zariadeny-86-m2-v-centre-mesta-s-balkonom-a-pivni","imagesUrls":["https://img.nehnutelnosti.sk/foto/NjAweDMzOC9maWx0ZXJzOnF1YWxpdHkoMTAwKS9uZWg=/p78vlF4Fxq_fss?st=1EDCbb_epFs5VhmipBndsHP69TBGotRJLK0YTFDO6fg&ts=1720596875&e=0"]},{"title":"ALL INCLUSIVE | EXKLUZÍVNE NA PREDAJ GARZÓNKA S PIVNICOU VHODNÁ AJ NA INVESTÍCIU, SLÁDKOVIČOVO","address":"Jána Dallosa, Sládkovičovo, okres Galanta","rooms":null,"meters":25,"totalPrice":69990,"meterSquarePrice":0,"link":"https://www.nehnutelnosti.sk/detail/Ju5_LmsCBV7/all-inclusive-exkluzivne-na-predaj-garzonka-s-pivnicou-vhodna-aj-na-investiciu-sladkovicovo","imagesUrls":["https://img.nehnutelnosti.sk/foto/NjAweDMzOC9maWx0ZXJzOnF1YWxpdHkoMTAwKS9uZWg=/wXkSD-K1FF_fss?st=uOkdqD_cXTUJuuHAf1n-YYgH-4nrxlWqD4bpusj475A&ts=1720176656&e=0"]},{"title":"ALL INCLUSIVE | NA PREDAJ 3 IZBOVÝ BYT S BALKÓNOM V DUNAJSKEJ STREDE","address":"Ružový Háj, Dunajská Streda, okres Dunajská Streda","rooms":3,"meters":68,"totalPrice":93000,"meterSquarePrice":5,"link":"https://www.nehnutelnosti.sk/detail/JuQwIsCCyX2/all-inclusive-na-predaj-3-izbovy-byt-s-balkonom-v-dunajskej-strede","imagesUrls":["https://img.nehnutelnosti.sk/foto/NjAweDMzOC9maWx0ZXJzOnF1YWxpdHkoMTAwKS9uZWg=/b1LjIW6CY_fss?st=T04LCVw0uzMEUY2Q2V2r0ZndBnxfJfJKQk2XYOthKm8&ts=1718883240&e=0"]}]