[{"title":"OCCAM | Najväčší 2i byt v projekte Bory Bývanie s predzáhradkou","address":"Mateja Encingera, Bratislava IV - Devínska Nová Ves, okres Bratislava","rooms":2,"meters":95,"totalPrice":229900,"meterSquarePrice":3,"link":"https://www.nehnutelnosti.sk/detail/JuhxTGvln0i/occam-najvacsi-2i-byt-v-projekte-bory-byvanie-s-predzahradkou","imagesUrls":["https://img.nehnutelnosti.sk/foto/NjAweDMzOC9maWx0ZXJzOnF1YWxpdHkoMTAwKS9uZWg=/3Sl7w-76G_fss?st=wCKtAXTiAZyyS3CannWvvg9wH-H6LOm531_hecB6nEs&ts=1721119251&e=0","https://img.nehnutelnosti.sk/foto/MTUweDg0L2ZpbHRlcnM6cXVhbGl0eSgxMDApL25laA==/dIpMufwGn3_fss?st=OCA5KxYLZ-xvgG4CAxFLaA1XQFDcod1DPQDW-zdrB5Q&ts=1721119252&e=0","https://img.nehnutelnosti.sk/foto/MTUweDg0L2ZpbHRlcnM6cXVhbGl0eSgxMDApL25laA==/7CZzIGXmv_fss?st=fhm42nIz_QmQ4Zr_ixC5bB3L7gq2F4qwIvO_FOWqOgI&ts=1721119253&e=0","https://img.nehnutelnosti.sk/foto/MTUweDg0L2ZpbHRlcnM6cXVhbGl0eSgxMDApL25laA==/GQ0af6E_xv_fss?st=gV5l-xANhKFplO-ASvQTGKr1YbdaULbvL1E7gxJhbNQ&ts=1721119253&e=0"]},{"title":"KOLAUDUJEME Nadštandardný 4 izbový byt s terasou","address":"Devínska cesta 102, Bratislava IV - Devín, okres Bratislava","rooms":4,"meters":85,"totalPrice":null,"meterSquarePrice":null,"link":"https://www.nehnutelnosti.sk/detail/JusudGR7n8U/kolaudujeme-nadstandardny-4-izbovy-byt-s-terasou","imagesUrls":["https://img.unitedclassifieds.sk/foto/NjAweDMzOC9maWx0ZXJzOnF1YWxpdHkoMTAwKS9yc2Y=/_fA023Faf_fss?st=58VzD9xckchKzsfpUd3cLhYKJB4ZPlgBpCaXOoIscxI&ts=1718961611&e=0","https://img.unitedclassifieds.sk/foto/MTUweDg0L2ZpbHRlcnM6cXVhbGl0eSgxMDApL3JzZg==/78oJfXGXk_fss?st=logkmE7KV3FLdqQcT5wAZ8J9ebU3m867RRrQmBHaczQ&ts=1715752981&e=0","https://img.unitedclassifieds.sk/foto/MTUweDg0L2ZpbHRlcnM6cXVhbGl0eSgxMDApL3JzZg==/MkY3qLEFi_fss?st=Fcap5e9glVhvFxCgKblwVL1tmVX5x46Ro-Bmgucr7nw&ts=1715752982&e=0","https://img.unitedclassifieds.sk/foto/MTUweDg0L2ZpbHRlcnM6cXVhbGl0eSgxMDApL3JzZg==/_3XOcEZmJ_fss?st=8nPyzb_pEpRuGlKiXRf9lfJKm7JubAcT0KdMzvrmgfo&ts=1715752983&e=0"]},{"title":"Práve dokončený  3 izb. byt s loggiou na začiatku Petržalky Blagoevová 18","address":"Blagoevová, Bratislava V - Petržalka, okres Bratislava","rooms":3,"meters":74,"totalPrice":235000,"meterSquarePrice":0,"link":"https://www.nehnutelnosti.sk/detail/JuQoKvLfQrM/prave-dokonceny-3-izb-byt-s-loggiou-na-zaciatku-petrzalky-blagoevova-18","imagesUrls":["https://img.nehnutelnosti.sk/foto/NjAweDMzOC9maWx0ZXJzOnF1YWxpdHkoMTAwKS9uZWg=/X2H6CVGVf_fss?st=i7nyKbKRCSaX-H3AzHq-dHb6hgXsf4Eu6k-MH9K-2YI&ts=1726906666&e=0","https://img.nehnutelnosti.sk/foto/MTUweDg0L2ZpbHRlcnM6cXVhbGl0eSgxMDApL25laA==/xAsDPTARut_fss?st=HGF68egsdoQSDFARPkCdx1JaqRPSV_M5G48BYv4RXk4&ts=1726906663&e=0","https://img.nehnutelnosti.sk/foto/MTUweDg0L2ZpbHRlcnM6cXVhbGl0eSgxMDApL25laA==/PDT2aciDr_fss?st=2V1yhVMBa2JvrXA4rxMl5zxc0dy4l_aQerI8NbjVqTI&ts=1726906663&e=0","https://img.nehnutelnosti.sk/foto/MTUweDg0L2ZpbHRlcnM6cXVhbGl0eSgxMDApL25laA==/1t9ZetiQde_fss?st=pr-vQs3PRPMYQtT3U1x0yhOuuS8ZlpFJLIv_29iGfT0&ts=1726906666&e=0"]},{"title":"BOSEN | Slnečný 3 izbový byt s veľkou predzáhradkou v tichej lokalite, Rovinka, 255 m2","address":"Železničná, Rovinka, okres Senec","rooms":3,"meters":255,"totalPrice":244990,"meterSquarePrice":5,"link":"https://www.nehnutelnosti.sk/detail/JuCrrts4JNB/bosen-slnecny-3-izbovy-byt-s-velkou-predzahradkou-v-tichej-lokalite-rovinka-255-m2","imagesUrls":["https://img.nehnutelnosti.sk/foto/NjAweDMzOC9maWx0ZXJzOnF1YWxpdHkoMTAwKS9uZWg=/W0ttq4twY_fss?st=vw5UpT-3MZ1UM7St-QpuM-rIvKUsLjmBFY0mTNX_jO4&ts=1723847954&e=0","https://img.nehnutelnosti.sk/foto/MTUweDg0L2ZpbHRlcnM6cXVhbGl0eSgxMDApL25laA==/cDffsSBSJ_fss?st=hW-ky2801_QDr1fLdVoVfneXZpM0hX8Gbevn6NriheU&ts=1723847954&e=0","https://img.nehnutelnosti.sk/foto/MTUweDg0L2ZpbHRlcnM6cXVhbGl0eSgxMDApL25laA==/ZQrmBCO-T_fss?st=uPKSk0TL5_oRvXghRDBI3JKROWI1zySH-KYOkXwbzX4&ts=1723847956&e=0","https://img.nehnutelnosti.sk/foto/MTUweDg0L2ZpbHRlcnM6cXVhbGl0eSgxMDApL25laA==/3MsNbGvg1_fss?st=7ca37tZqBYjk5sMG8VQPPlnOxD6gs7C2CSY6tLofZWk&ts=1723847954&e=0"]},{"title":"BOSEN | 2kk byt v novostavbe Urban Residence, 60 m2, Nové Mesto","address":"Račianska, Bratislava III - Nové Mesto, okres Bratislava","rooms":2,"meters":60,"totalPrice":259990,"meterSquarePrice":1,"link":"https://www.nehnutelnosti.sk/detail/JuY1uL-qVqu/bosen-2kk-byt-v-novostavbe-urban-residence-60-m2-nove-mesto","imagesUrls":["https://img.nehnutelnosti.sk/foto/NjAweDMzOC9maWx0ZXJzOnF1YWxpdHkoMTAwKS9uZWg=/0NR6Yg0C6_fss?st=L236FbyKGDg4PqiWRYw7nQkhFM2p91DOePpcNcb1MJw&ts=1726002901&e=0","https://img.nehnutelnosti.sk/foto/MTUweDg0L2ZpbHRlcnM6cXVhbGl0eSgxMDApL25laA==/Vj3V8oGU8u_fss?st=qbl6bUtwD8fb-2iwVcwybtAkxgMbU6ze6CWH1FJsTr4&ts=1726002898&e=0","https://img.nehnutelnosti.sk/foto/MTUweDg0L2ZpbHRlcnM6cXVhbGl0eSgxMDApL25laA==/u3dlQsnsJ_fss?st=P_v3xUP7si9TqZ-QvFLVvidUr55d7KOGeiwI0Lha5MA&ts=1726002898&e=0","https://img.nehnutelnosti.sk/foto/MTUweDg0L2ZpbHRlcnM6cXVhbGl0eSgxMDApL25laA==/Vy2SOHXbD_fss?st=HEhjKp_8wHfOCLySYvo-prI80P0i0a4zqAFB4WXBkbo&ts=1726002898&e=0"]},{"title":"Exkluzívny 2 izbový byt vo vyhľadávanej rezidencii Čerešne - Dúbravka","address":"Polianky, Bratislava IV - Dúbravka, okres Bratislava","rooms":2,"meters":68,"totalPrice":290000,"meterSquarePrice":1,"link":"https://www.nehnutelnosti.sk/detail/JuaFjit7UHW/exkluzivny-2-izbovy-byt-vo-vyhladavanej-rezidencii-ceresne-dubravka","imagesUrls":["https://img.nehnutelnosti.sk/foto/NjAweDMzOC9maWx0ZXJzOnF1YWxpdHkoMTAwKS9uZWg=/MPsiMGddY_fss?st=NcEyCvcBvQQJUU-0LFpjVk0hP4FalpHycilWghH1jfU&ts=1725609790&e=0","https://img.nehnutelnosti.sk/foto/MTUweDg0L2ZpbHRlcnM6cXVhbGl0eSgxMDApL25laA==/I_iNuaI1Z_fss?st=z9MlsKTAz4ofkID2kter5GaoUwmSlM4SA0QpUlOgzhg&ts=1725609786&e=0","https://img.nehnutelnosti.sk/foto/MTUweDg0L2ZpbHRlcnM6cXVhbGl0eSgxMDApL25laA==/PuwYMc4lI_fss?st=UqZeELIdL4n8MQ9APHzeCKFINsFAon24b2lszQ4yOOE&ts=1725609788&e=0","https://img.nehnutelnosti.sk/foto/MTUweDg0L2ZpbHRlcnM6cXVhbGl0eSgxMDApL25laA==/52D5MssXI_fss?st=IHfwhMpmYMVE-6VIg_V6lByrok75FpC2WOMfaosKjCY&ts=1725609785&e=0"]},{"title":"Zrekonštruovaný apartmán v horskom štýle","address":"Termálna, Veľká Lomnica, okres Kežmarok","rooms":null,"meters":42,"totalPrice":137000,"meterSquarePrice":0,"link":"https://www.nehnutelnosti.sk/detail/JuVPjqg2weO/zrekonstruovany-apartman-v-horskom-style","imagesUrls":["https://img.nehnutelnosti.sk/foto/NjAweDMzOC9maWx0ZXJzOnF1YWxpdHkoMTAwKS9uZWg=/f6s_EOcRJ_fss?st=a7DF5kxlAO2-7wyv75oiZiL0JhytSEuDthXeEdzfl2k&ts=1718991216&e=0","https://img.nehnutelnosti.sk/foto/MTUweDg0L2ZpbHRlcnM6cXVhbGl0eSgxMDApL25laA==/3RnMryz7VG_fss?st=I8fMk83kLqSRpzT7jKMyNj3wpnKUcvZnQbjyWxV7u54&ts=1718991223&e=0","https://img.nehnutelnosti.sk/foto/MTUweDg0L2ZpbHRlcnM6cXVhbGl0eSgxMDApL25laA==/XcbzG8seIO_fss?st=OXUi-gNOx2nIcgrqzuLA5pcaJGGgBM5ChHR5A5PHt2E&ts=1718991216&e=0","https://img.nehnutelnosti.sk/foto/MTUweDg0L2ZpbHRlcnM6cXVhbGl0eSgxMDApL25laA==/ZSj-oXDSZ_fss?st=QmgAlnYtbwfUlLspv-M_hrHd8mjP2OtFmo36zAvVKSQ&ts=1718991217&e=0"]},{"title":"OCCAM | Najväčší 2i byt v projekte Bory Bývanie s predzáhradkou","address":"Mateja Encingera, Bratislava IV - Lamač, okres Bratislava","rooms":2,"meters":95,"totalPrice":229900,"meterSquarePrice":3,"link":"https://www.nehnutelnosti.sk/detail/Juu7cmyZSJD/occam-najvacsi-2i-byt-v-projekte-bory-byvanie-s-predzahradkou","imagesUrls":["https://img.nehnutelnosti.sk/foto/NjAweDMzOC9maWx0ZXJzOnF1YWxpdHkoMTAwKS9uZWg=/J3KZLy0QE_fss?st=nRJAzrhv1dz0Z04ilh4lDBF0n4Pg-rYoLFF3hhbOHOU&ts=1721119256&e=0","https://img.nehnutelnosti.sk/foto/MTUweDg0L2ZpbHRlcnM6cXVhbGl0eSgxMDApL25laA==/Tzi4l75X__fss?st=YaDcaW1_D7ORaAeJARE075LeVfJwuv7DxyEbPiUo_2k&ts=1721119257&e=0","https://img.nehnutelnosti.sk/foto/MTUweDg0L2ZpbHRlcnM6cXVhbGl0eSgxMDApL25laA==/vpH6sCTnm_fss?st=v48JuxO2axCcDD9jaOHzqPBY1MxeAiMcPEzLVHVeUFU&ts=1721119259&e=0","https://img.nehnutelnosti.sk/foto/MTUweDg0L2ZpbHRlcnM6cXVhbGl0eSgxMDApL25laA==/yqVvcYEno_fss?st=DmaEOa1hSYC2Us51_myOuN5_W5ayNd9yvy_7obEXdcI&ts=1721119258&e=0"]},{"title":"OCCAM | Výnimočný 4i byt so záhradkou v projekte Zlatá Noha, Koliba","address":"Tupého, Bratislava III - Nové Mesto, okres Bratislava","rooms":4,"meters":140,"totalPrice":630000,"meterSquarePrice":0,"link":"https://www.nehnutelnosti.sk/detail/Juhby2X4MPj/occam-vynimocny-4i-byt-so-zahradkou-v-projekte-zlata-noha-koliba","imagesUrls":["https://img.nehnutelnosti.sk/foto/NjAweDMzOC9maWx0ZXJzOnF1YWxpdHkoMTAwKS9uZWg=/vJbdJwX-Bh_fss?st=U2MibgySf8FX2gK_17Z970arF5EEH7FfYUQ0uusKagM&ts=1726226622&e=0","https://img.nehnutelnosti.sk/foto/MTUweDg0L2ZpbHRlcnM6cXVhbGl0eSgxMDApL25laA==/aZUmU1mDu_fss?st=FdJIFlWvz6DLqxAz8o31YBthdy99Vn4l_aKlWMBi8l4&ts=1726226621&e=0","https://img.nehnutelnosti.sk/foto/MTUweDg0L2ZpbHRlcnM6cXVhbGl0eSgxMDApL25laA==/bIbgEuSAJ6_fss?st=lftPyxBeiEGC9MTfM7N7haCXmjE9CDfubcdroCXxd1k&ts=1726226620&e=0","https://img.nehnutelnosti.sk/foto/MTUweDg0L2ZpbHRlcnM6cXVhbGl0eSgxMDApL25laA==/fJMg4FqRD_fss?st=G2nnsK8iGh4RmwPo9GeSM8SxiVTUFvqxuHqqTlDFlao&ts=1726226621&e=0"]},{"title":"OCCAM | Priestranný 2i byt v Novom Ružinove s lodžiou a vlastným parkovaním","address":"Bajkalská, Bratislava II - Ružinov, okres Bratislava","rooms":2,"meters":65,"totalPrice":225000,"meterSquarePrice":1,"link":"https://www.nehnutelnosti.sk/detail/Jur656VqlHq/occam-priestranny-2i-byt-v-novom-ruzinove-s-lodziou-a-vlastnym-parkovanim","imagesUrls":["https://img.nehnutelnosti.sk/foto/NjAweDMzOC9maWx0ZXJzOnF1YWxpdHkoMTAwKS9uZWg=/ebiDcZtHG_fss?st=sD7w_kILPdQRYwZHw6RtPqKs6b25VRDPsjK7ETUVIS0&ts=1722587541&e=0","https://img.nehnutelnosti.sk/foto/MTUweDg0L2ZpbHRlcnM6cXVhbGl0eSgxMDApL25laA==/40JL8N0uF_fss?st=G88iyX-iPyO-FeBn_cZQ0KfvICsfENPnD8kFB3lqaL8&ts=1722587539&e=0","https://img.nehnutelnosti.sk/foto/MTUweDg0L2ZpbHRlcnM6cXVhbGl0eSgxMDApL25laA==/0EY3bLtIt1_fss?st=FANu3rUbTUo3VLPiGBmVKIWqjfg24Am4HQzTsNQrdcs&ts=1722587542&e=0","https://img.nehnutelnosti.sk/foto/MTUweDg0L2ZpbHRlcnM6cXVhbGl0eSgxMDApL25laA==/2drAk7DhQc_fss?st=IsQuaOEivHYcoJNGBMSnh-GLBAk6Xg5ZnFR5XcRrEu0&ts=1722587540&e=0"]},{"title":"1 izbový byt na ulici Rovniakova","address":"Rovniankova, Bratislava V - Petržalka, okres Bratislava","rooms":1,"meters":36,"totalPrice":135000,"meterSquarePrice":0,"link":"https://www.nehnutelnosti.sk/detail/Jue-ntiy0xA/1-izbovy-byt-na-ulici-rovniakova","imagesUrls":["https://img.nehnutelnosti.sk/foto/NjAweDMzOC9maWx0ZXJzOnF1YWxpdHkoMTAwKS9uZWg=/5Ewlyh4tV_fss?st=YI2jKSAdgIEdXxRAwpZbxzv22WeNVlZ95CtXW0vMHWQ&ts=1726905860&e=0","https://img.nehnutelnosti.sk/foto/MTUweDg0L2ZpbHRlcnM6cXVhbGl0eSgxMDApL25laA==/gZe-6FAzr_fss?st=urK1k8pDeU1G30zucA-XFfqLSRrKqhJq4X1vex22gwo&ts=1726905860&e=0","https://img.nehnutelnosti.sk/foto/MTUweDg0L2ZpbHRlcnM6cXVhbGl0eSgxMDApL25laA==/3UE0ddpwKj_fss?st=n6C31-ew80fPTPLNafIpBxEF-rGwQY-Frp-W7ZSXJVE&ts=1726905862&e=0","https://img.nehnutelnosti.sk/foto/MTUweDg0L2ZpbHRlcnM6cXVhbGl0eSgxMDApL25laA==/SkTv08l-q_fss?st=EgymCNELid_m2x53xaJSUzVBGhgeSbX5N0tMWRDcelc&ts=1726905864&e=0"]},{"title":"2 izbový byt na ulici Podzáhradná","address":"Podzáhradná, Bratislava II - Podunajské Biskupice, okres Bratislava","rooms":2,"meters":54,"totalPrice":140000,"meterSquarePrice":9,"link":"https://www.nehnutelnosti.sk/detail/JumdyCdTIJq/2-izbovy-byt-na-ulici-podzahradna","imagesUrls":["https://img.nehnutelnosti.sk/foto/NjAweDMzOC9maWx0ZXJzOnF1YWxpdHkoMTAwKS9uZWg=/DOCvKrAjT_fss?st=GUjN2sJbwrhvSmad6od4XmEAC_-Llm7oQ8Rqcbt75ac&ts=1726905879&e=0","https://img.nehnutelnosti.sk/foto/MTUweDg0L2ZpbHRlcnM6cXVhbGl0eSgxMDApL25laA==/zmS6KKMwh_fss?st=Ggby1-2Q_TodpBTYddVrs9OoFcSmu6e4jV_-Z4FWRtE&ts=1726905878&e=0","https://img.nehnutelnosti.sk/foto/MTUweDg0L2ZpbHRlcnM6cXVhbGl0eSgxMDApL25laA==/5-MjUjGPR_fss?st=HxzMGFhPAA7l1GmcPE7JF7yEava2ZSWLIFA-KgUeZKU&ts=1726905880&e=0","https://img.nehnutelnosti.sk/foto/MTUweDg0L2ZpbHRlcnM6cXVhbGl0eSgxMDApL25laA==/GEICeeFVoI_fss?st=g-WkIwD45ixxh5GA6Ekmvg_jYRGwg4NPM0QzIa2jD7Y&ts=1726905878&e=0"]},{"title":"Garsónka na ulici Závodná","address":"Závodná, Bratislava II - Podunajské Biskupice, okres Bratislava","rooms":null,"meters":19,"totalPrice":79900,"meterSquarePrice":6,"link":"https://www.nehnutelnosti.sk/detail/JuijhZ49FVr/garsonka-na-ulici-zavodna","imagesUrls":["https://img.nehnutelnosti.sk/foto/NjAweDMzOC9maWx0ZXJzOnF1YWxpdHkoMTAwKS9uZWg=/PeWn7jcgn_fss?st=FzR8gqy5FOrRb4eScb204hkd-FdDoE6YqNVMxMZXWfA&ts=1726906661&e=0","https://img.nehnutelnosti.sk/foto/MTUweDg0L2ZpbHRlcnM6cXVhbGl0eSgxMDApL25laA==/8Byn9iHkvl_fss?st=qweQ7pX5ypvH_gGputYrFtmfqWqt43D9ieZupisFz1c&ts=1726906659&e=0","https://img.nehnutelnosti.sk/foto/MTUweDg0L2ZpbHRlcnM6cXVhbGl0eSgxMDApL25laA==/QSIGDcTqF_fss?st=n7so4NufYv70lAu2MxZAedT4BTZhmXgZV7GgZQsxNmo&ts=1726906659&e=0","https://img.nehnutelnosti.sk/foto/MTUweDg0L2ZpbHRlcnM6cXVhbGl0eSgxMDApL25laA==/gfGqW7JawR_fss?st=Iwo-b2vxvInEGrizy_wgyrkAbTYytKStmpCIyMn622U&ts=1726906661&e=0"]},{"title":"Nadštandardný slnečný byt v Dunajskej Strede","address":"Športová 6928/28H, Dunajská Streda, okres Dunajská Streda","rooms":3,"meters":78,"totalPrice":152000,"meterSquarePrice":2,"link":"https://www.nehnutelnosti.sk/detail/JuGsqIanlLj/nadstandardny-slnecny-byt-v-dunajskej-strede","imagesUrls":["https://img.nehnutelnosti.sk/foto/NjAweDMzOC9maWx0ZXJzOnF1YWxpdHkoMTAwKS9uZWg=/3E5I4vbq0_fss?st=CtRnUcPzq520nj8J7R0HJvK4-AfZIbSZMjrunDk1PHo&ts=1725698021&e=0","https://img.nehnutelnosti.sk/foto/MTUweDg0L2ZpbHRlcnM6cXVhbGl0eSgxMDApL25laA==/yoza0H3Za_fss?st=tiV1MuVcz64n2B9juOPSmCY33GPen48Ov1sr_mygT80&ts=1725698024&e=0","https://img.nehnutelnosti.sk/foto/MTUweDg0L2ZpbHRlcnM6cXVhbGl0eSgxMDApL25laA==/autEX1noH_fss?st=ryl7RAR6BioHH6pQj6zzt87F5Y9JHFIhysuIuMYZkOs&ts=1725698019&e=0","https://img.nehnutelnosti.sk/foto/MTUweDg0L2ZpbHRlcnM6cXVhbGl0eSgxMDApL25laA==/SyjQ4McsX_fss?st=RtxO5bEl8P_RzesuVb7p639GYYQZaVSF4ic7eQgsjBM&ts=1725698021&e=0"]},{"title":"Halalovka 7909/48B na predaj  2-izbový byt č. 1  za 124.500 €","address":"Halalovka, Trenčín, okres Trenčín","rooms":2,"meters":50,"totalPrice":124500,"meterSquarePrice":7,"link":"https://www.nehnutelnosti.sk/detail/JuRh4IXbvEw/halalovka-7909-48b-na-predaj-2-izbovy-byt-c-1-za-124-500","imagesUrls":["https://img.nehnutelnosti.sk/foto/NjAweDMzOC9maWx0ZXJzOnF1YWxpdHkoMTAwKS9uZWg=/X3t37ckCm_fss?st=RNmpn1JNv8ZxLRIkqEbZX7q5oUF_CHFOgsBNzj8NgBU&ts=1722588714&e=0","https://img.nehnutelnosti.sk/foto/MTUweDg0L2ZpbHRlcnM6cXVhbGl0eSgxMDApL25laA==/LRf0MKju_z_fss?st=nR1uX7uHLUXW6PgT5579o9uUZGGCyNu_KNkCij96Ehc&ts=1722588714&e=0","https://img.nehnutelnosti.sk/foto/MTUweDg0L2ZpbHRlcnM6cXVhbGl0eSgxMDApL25laA==/mdIlMRpwr_fss?st=cIbmIqMQJnUEjJ-OS_l5T4Vi0UplXzmr0yazSFvLS9Y&ts=1722588713&e=0","https://img.nehnutelnosti.sk/foto/MTUweDg0L2ZpbHRlcnM6cXVhbGl0eSgxMDApL25laA==/Dz2HYX3_LJ_fss?st=B63il8T3mHAK5x0p_uGHCBoIYan0l1_VE0vpVePwKuo&ts=1722588715&e=0"]},{"title":"ZARIADENÝ 2-izbový byt č. 10 ihneď k nasťahovaniu v OS Halalovka BD2 na predaj za 150.400 €","address":"Halalovka, Trenčín, okres Trenčín","rooms":2,"meters":49,"totalPrice":150400,"meterSquarePrice":1,"link":"https://www.nehnutelnosti.sk/detail/JutcCZO-chj/zariadeny-2-izbovy-byt-c-10-ihned-k-nastahovaniu-v-os-halalovka-bd2-na-predaj-za-150-400","imagesUrls":["https://img.nehnutelnosti.sk/foto/NjAweDMzOC9maWx0ZXJzOnF1YWxpdHkoMTAwKS9uZWg=/pXYvIfpfxE_fss?st=ISFdLqEiLDmaVcYMzOgQGManYZ726XMfWkLTiTJEwGc&ts=1720083279&e=0","https://img.nehnutelnosti.sk/foto/MTUweDg0L2ZpbHRlcnM6cXVhbGl0eSgxMDApL25laA==/SrhOfiTsS_fss?st=zAUJgzD61g2Q6_5PNXKlf2oRvFanPE_cpbHRwDNCbw0&ts=1720083276&e=0","https://img.nehnutelnosti.sk/foto/MTUweDg0L2ZpbHRlcnM6cXVhbGl0eSgxMDApL25laA==/GzUYlID39e_fss?st=O85g93WA7yo-vUNu8k_QeTo2gAYbv2kF_EkkdPTFWxk&ts=1720083275&e=0","https://img.nehnutelnosti.sk/foto/MTUweDg0L2ZpbHRlcnM6cXVhbGl0eSgxMDApL25laA==/Nl0AqZnqA_fss?st=YaiYO3sv_BrPT4PlurHyH8pYmf2wimzFt16HofUceLo&ts=1720083277&e=0"]},{"title":"ZARIADENÝ 2-izbový byt č. 17 ihneď k nasťahovaniu v OS Halalovka BD2 na predaj za 183.000 €","address":"Halalovka, Trenčín, okres Trenčín","rooms":2,"meters":61,"totalPrice":183000,"meterSquarePrice":2,"link":"https://www.nehnutelnosti.sk/detail/JuMJknM7nZB/zariadeny-2-izbovy-byt-c-17-ihned-k-nastahovaniu-v-os-halalovka-bd2-na-predaj-za-183-000","imagesUrls":["https://img.nehnutelnosti.sk/foto/NjAweDMzOC9maWx0ZXJzOnF1YWxpdHkoMTAwKS9uZWg=/qA-83jj9P_fss?st=rX7-eHdJwbCNSXjhaV8fKI3VwlQgqFYy66sy3Nk3Svk&ts=1720082295&e=0","https://img.nehnutelnosti.sk/foto/MTUweDg0L2ZpbHRlcnM6cXVhbGl0eSgxMDApL25laA==/oERFjBZTT_fss?st=LSACJm3VWzlJ63IUvapUGIDvr5Zwab1PSsaXwDOJtNo&ts=1720082295&e=0","https://img.nehnutelnosti.sk/foto/MTUweDg0L2ZpbHRlcnM6cXVhbGl0eSgxMDApL25laA==/XVwTYLtnVU_fss?st=-2ueN91HAIPmfDmcpTSaCZAto8JPAAafWvYzIBG6IRk&ts=1720082296&e=0","https://img.nehnutelnosti.sk/foto/MTUweDg0L2ZpbHRlcnM6cXVhbGl0eSgxMDApL25laA==/1gLcOcUca_fss?st=gxgGukfeYyApXoINa6KTfP3_-hWKnbyDW4776nA_tNM&ts=1720082295&e=0"]},{"title":"ZARIADENÝ 2-izbový byt č. 13 ihneď k nasťahovaniu v OS Halalovka BD2 na predaj za 151.200 €","address":"Halalovka, Trenčín, okres Trenčín","rooms":2,"meters":50,"totalPrice":151200,"meterSquarePrice":2,"link":"https://www.nehnutelnosti.sk/detail/JuZVMSxvdYlH/zariadeny-2-izbovy-byt-c-13-ihned-k-nastahovaniu-v-os-halalovka-bd2-na-predaj-za-151-200","imagesUrls":["https://img.nehnutelnosti.sk/foto/NjAweDMzOC9maWx0ZXJzOnF1YWxpdHkoMTAwKS9uZWg=/LwNAVEDTU_fss?st=3ftFoUQbSvq6AP93A7WxCLAD7SSyULhdmbBIpGi3tp0&ts=1720083276&e=0","https://img.nehnutelnosti.sk/foto/MTUweDg0L2ZpbHRlcnM6cXVhbGl0eSgxMDApL25laA==/lQudD4OlL_fss?st=voUVmPKBjEcpSAwXSXq46ABGXGRFjD60rGrps81lD4M&ts=1720083273&e=0","https://img.nehnutelnosti.sk/foto/MTUweDg0L2ZpbHRlcnM6cXVhbGl0eSgxMDApL25laA==/77fvozSEc_fss?st=0XgW5P8FmQL4t-Bm1kUUhxuA7GSI2F-GLHZF1-EfOsQ&ts=1720083275&e=0","https://img.nehnutelnosti.sk/foto/MTUweDg0L2ZpbHRlcnM6cXVhbGl0eSgxMDApL25laA==/xhfMr_eq3_fss?st=F075fWSB9cFqWAxo-t2bwoVkAfU-WoAqQmtELcBcWTg&ts=1720083275&e=0"]},{"title":"ZWIRN - TOP ponuka za TOP cenu!","address":"Košická 29, Bratislava I - Staré Mesto, okres Bratislava","rooms":2,"meters":55,"totalPrice":328999,"meterSquarePrice":0,"link":"https://www.nehnutelnosti.sk/detail/JuBuxnBiPbz/zwirn-top-ponuka-za-top-cenu","imagesUrls":["https://img.nehnutelnosti.sk/foto/NjAweDMzOC9maWx0ZXJzOnF1YWxpdHkoMTAwKS9uZWg=/tl_MduNbM_fss?st=eWmNlPhqUDIQ-G4E1PTHQpOWssI3MqYS2nqGEjLHX_8&ts=1726042720&e=0","https://img.nehnutelnosti.sk/foto/MTUweDg0L2ZpbHRlcnM6cXVhbGl0eSgxMDApL25laA==/IfKewIX1f_fss?st=96cmP6bacytoA4sU8qxHtDZ8fl-9ktNR29LfIP-a4MQ&ts=1726040646&e=0","https://img.nehnutelnosti.sk/foto/MTUweDg0L2ZpbHRlcnM6cXVhbGl0eSgxMDApL25laA==/1VqqeV1l3_fss?st=ZO8jUWSsVkjT2huX_zax9AtRt-zFkcbilp4MxgaWu0k&ts=1726040648&e=0","https://img.nehnutelnosti.sk/foto/MTUweDg0L2ZpbHRlcnM6cXVhbGl0eSgxMDApL25laA==/_4b-YOIxD_fss?st=-wn1w_KEtsUUYoNIgkAMh2XIo5Yjzcf0nLB2MbRl7ok&ts=1726040648&e=0"]},{"title":"Na PREDAJ 4i byt 94m2 s terasou a garážovým státím, hliníkové okná, drevené podlahy - Nitra.","address":"Nitra, Nitra, okres Nitra","rooms":4,"meters":94,"totalPrice":249000,"meterSquarePrice":4,"link":"https://www.nehnutelnosti.sk/detail/Ju5DYB46u_Q/na-predaj-4i-byt-94m2-s-terasou-a-garazovym-statim-hlinikove-okna-drevene-podlahy-nitra","imagesUrls":["https://img.nehnutelnosti.sk/foto/NjAweDMzOC9maWx0ZXJzOnF1YWxpdHkoMTAwKS9uZWg=/9948-vc_1_fss?st=fG6c74Ywaa3-N9_qSoIRI3r6aDNo2JQ9fYYQZSTXAJo&ts=1690879863&e=0","https://img.nehnutelnosti.sk/foto/MTUweDg0L2ZpbHRlcnM6cXVhbGl0eSgxMDApL25laA==/1vqQu0Jgf_fss?st=IUYYq4m4t6etyPMMtkSgPgwxLtATRooZX1akRkf9PgA&ts=1690879863&e=0","https://img.nehnutelnosti.sk/foto/MTUweDg0L2ZpbHRlcnM6cXVhbGl0eSgxMDApL25laA==/9pjNOvuWQu_fss?st=QP3jNWbYv94Zz2gdyYTRCQOu8PgCyRdT4B31JbJeVxg&ts=1690879862&e=0","https://img.nehnutelnosti.sk/foto/MTUweDg0L2ZpbHRlcnM6cXVhbGl0eSgxMDApL25laA==/cTkc9viMz_fss?st=ERalWX1vJHlvJRwEdvdH_urM3CaAPQOsjTTnMD8NXTk&ts=1690879864&e=0"]},{"title":"Predaj - 2 izbový byt, garážové státie, ŠTANDARD V CENE, SKOLAUDOVANÝ v projekte Malý Raj Residence","address":"Hoštáky, Chorvátsky Grob, okres Senec","rooms":2,"meters":41,"totalPrice":150900,"meterSquarePrice":2,"link":"https://www.nehnutelnosti.sk/detail/JuYUbeJo5uc/predaj-2-izbovy-byt-garazove-statie-standard-v-cene-skolaudovany-v-projekte-maly-raj-residence","imagesUrls":["https://img.nehnutelnosti.sk/foto/NjAweDMzOC9maWx0ZXJzOnF1YWxpdHkoMTAwKS9uZWg=/Dq6PFrOjw_fss?st=M_LscnaThtLdW7oGjjRCNSBctRXz0i1RaEQ6j1SNj9M&ts=1726590416&e=0","https://img.nehnutelnosti.sk/foto/MTUweDg0L2ZpbHRlcnM6cXVhbGl0eSgxMDApL25laA==/7j4smQgur7_fss?st=L9wWKISKime2SeycV3mHArYMK2wkaOfejX7bvYA-ZPc&ts=1726590416&e=0","https://img.nehnutelnosti.sk/foto/MTUweDg0L2ZpbHRlcnM6cXVhbGl0eSgxMDApL25laA==/R_dvoMjfUF_fss?st=28LYCo5zYZO7ovaAFFSiQfpVHa9jj524dincDQqo5pE&ts=1726590416&e=0","https://img.nehnutelnosti.sk/foto/MTUweDg0L2ZpbHRlcnM6cXVhbGl0eSgxMDApL25laA==/qWddx8lLkl_fss?st=RUtclJLvI8NoIRJ0ykE9OQfJ8HuP3ykiq7Ww3EJX3ro&ts=1726590414&e=0"]},{"title":"Bývajte v Dúbravke - 4 izbový byt v peknom prostredí, posudok vypracujeme","address":"Karola Adlera, Bratislava IV - Dúbravka, okres Bratislava","rooms":4,"meters":82,"totalPrice":209000,"meterSquarePrice":8,"link":"https://www.nehnutelnosti.sk/detail/JuBc2rr2fHJ/byvajte-v-dubravke-4-izbovy-byt-v-peknom-prostredi-posudok-vypracujeme","imagesUrls":["https://img.unitedclassifieds.sk/foto/NjAweDMzOC9maWx0ZXJzOnF1YWxpdHkoMTAwKS9qdWw=/o9_sTxOba_fss?st=HAWvkGkLlEV1wDatR46PwoAJS6X2vtquHJjtAuWlA50&ts=1724238469&e=0","https://img.unitedclassifieds.sk/foto/MTUweDg0L2ZpbHRlcnM6cXVhbGl0eSgxMDApL2p1bA==/HqH_28Bka_fss?st=digd6gAkVy1-gG8Xs9eSLz21prMgKBGHx-s8BxRG-jY&ts=1724238467&e=0","https://img.unitedclassifieds.sk/foto/MTUweDg0L2ZpbHRlcnM6cXVhbGl0eSgxMDApL2p1bA==/x0sELCD2n_fss?st=nlGqQqfGwROFyLE20HpDi13FRY04fcqNkYj7THwl_Ks&ts=1724238468&e=0","https://img.unitedclassifieds.sk/foto/MTUweDg0L2ZpbHRlcnM6cXVhbGl0eSgxMDApL2p1bA==/tGVmVOp_5_fss?st=jcoAQ5Pb5eG58PVxKGXWjnEv3EKTHdkQfSoFoiSN29U&ts=1724238469&e=0"]},{"title":"BOSEN, Zariadený 3 izb. byt v rezidenčnom komplexe Malé Lipy","address":"Lipová, Veľká Lomnica, okres Kežmarok","rooms":3,"meters":83,"totalPrice":239990,"meterSquarePrice":5,"link":"https://www.nehnutelnosti.sk/detail/JuPlewfWuTO/bosen-zariadeny-3-izb-byt-v-rezidencnom-komplexe-male-lipy","imagesUrls":["https://img.nehnutelnosti.sk/foto/NjAweDMzOC9maWx0ZXJzOnF1YWxpdHkoMTAwKS9uZWg=/7PzW2m2BgM_fss?st=HzbEZXjfxJ_E1fJEDozc2ZUpIq3HrO0c9lYOlCNkYlg&ts=1717618187&e=0","https://img.nehnutelnosti.sk/foto/MTUweDg0L2ZpbHRlcnM6cXVhbGl0eSgxMDApL25laA==/dZjTuK2W__fss?st=Fsm1acSF5nm8inBaCcXTnAGMQpY5V-e0_p4LXq7BD7s&ts=1717618187&e=0","https://img.nehnutelnosti.sk/foto/MTUweDg0L2ZpbHRlcnM6cXVhbGl0eSgxMDApL25laA==/a9mG0qvKLl_fss?st=zgL0SX5-3sQpzhrXo9pnK6xbFL-rlk3AFZh8LZ2rlT4&ts=1717618187&e=0","https://img.nehnutelnosti.sk/foto/MTUweDg0L2ZpbHRlcnM6cXVhbGl0eSgxMDApL25laA==/PJxIaBxblm_fss?st=8hFlaomuVeE7rYhc5vB6R6IUnivROGlJ22ybdyKOVms&ts=1717618188&e=0"]},{"title":"BOSEN | Príjemný 3 izbový byt s parkovacím miestom v novostavbe TEPLICZ, Teplická, Piešťany, 87.75 m","address":"Teplická, Piešťany, okres Piešťany","rooms":3,"meters":77,"totalPrice":328990,"meterSquarePrice":2,"link":"https://www.nehnutelnosti.sk/detail/JuQXTAERjpS/bosen-prijemny-3-izbovy-byt-s-parkovacim-miestom-v-novostavbe-teplicz-teplicka-piestany-87-75-m","imagesUrls":["https://img.nehnutelnosti.sk/foto/NjAweDMzOC9maWx0ZXJzOnF1YWxpdHkoMTAwKS9uZWg=/Qk4yQlAoc_fss?st=70_3InMx99vKmubAC4amnBXMTAcPyBBfRuHka1YK6vE&ts=1725446800&e=0","https://img.nehnutelnosti.sk/foto/MTUweDg0L2ZpbHRlcnM6cXVhbGl0eSgxMDApL25laA==/M8e3ErYwE_fss?st=shpSr-W59oLqev6kW4tJLg94tYrv1myz2qDDodKc_mA&ts=1725446800&e=0","https://img.nehnutelnosti.sk/foto/MTUweDg0L2ZpbHRlcnM6cXVhbGl0eSgxMDApL25laA==/O1ccVaUIjf_fss?st=HQIh-DXyg4wqwkEVOHQ0NWMgwyaYd0obUMwh6XfwlAg&ts=1725446803&e=0","https://img.nehnutelnosti.sk/foto/MTUweDg0L2ZpbHRlcnM6cXVhbGl0eSgxMDApL25laA==/VZpjImrZk_fss?st=VivTI1NlwvDkofPgRz_zdu34OEEB_4VF1Ekag_e1jSI&ts=1725446799&e=0"]},{"title":"BOSEN | Priestranný 3 izb. byt v centre s parkovacím miestom a balkónom v novostavbe TEPLICZ, Teplic","address":"Teplická, Piešťany, okres Piešťany","rooms":3,"meters":87,"totalPrice":357990,"meterSquarePrice":6,"link":"https://www.nehnutelnosti.sk/detail/JudTaLfqWEa/bosen-priestranny-3-izb-byt-v-centre-s-parkovacim-miestom-a-balkonom-v-novostavbe-teplicz-teplic","imagesUrls":["https://img.nehnutelnosti.sk/foto/NjAweDMzOC9maWx0ZXJzOnF1YWxpdHkoMTAwKS9uZWg=/TNyhUDbog_fss?st=Ge_9_-Tm1cf0_bRK54geQvvqm_ROK92cPwmKzGnQv08&ts=1725446808&e=0","https://img.nehnutelnosti.sk/foto/MTUweDg0L2ZpbHRlcnM6cXVhbGl0eSgxMDApL25laA==/qnER66D3n_fss?st=HfnXwFkKtRdkp22Ihp0OlsHnFKMnL6FvzqdbGLsBBV8&ts=1725446806&e=0","https://img.nehnutelnosti.sk/foto/MTUweDg0L2ZpbHRlcnM6cXVhbGl0eSgxMDApL25laA==/mfl_0zLw8_fss?st=s8WE1erYy3n90XUiI7yCZ9Bg4CqHL7ze7gF95Fe8R8Q&ts=1725446808&e=0","https://img.nehnutelnosti.sk/foto/MTUweDg0L2ZpbHRlcnM6cXVhbGl0eSgxMDApL25laA==/3kZa6I27K_fss?st=8z8fePmJx7UXZMP_9Uw3RKwo_LAUZcYzmEdfjHRxr7M&ts=1725446806&e=0"]},{"title":"Predám 4-izbový rodinný dom - Lužianky, Nitra, Via","address":"Gaštanová  48.338623,18.022021, Lužianky, okres Nitra","rooms":4,"meters":101,"totalPrice":210000,"meterSquarePrice":2,"link":"https://www.nehnutelnosti.sk/detail/JuU_JxMzuQK/predam-4-izbovy-rodinny-dom-luzianky-nitra-via","imagesUrls":["https://img.nehnutelnosti.sk/foto/NjAweDMzOC9maWx0ZXJzOnF1YWxpdHkoMTAwKS9uZWg=/Mdm_0P7kc_fss?st=B0Yec6yVMw-erAKhX3HJ9FqJYNQH2jD2RBigos-XYnY&ts=1702710841&e=0","https://img.nehnutelnosti.sk/foto/MTUweDg0L2ZpbHRlcnM6cXVhbGl0eSgxMDApL25laA==/kv9RlhILj_fss?st=7mGR5IYRvjIP4-2OyJC4XuLf3dV7U6DwRqACw4VFagc&ts=1702710838&e=0","https://img.nehnutelnosti.sk/foto/MTUweDg0L2ZpbHRlcnM6cXVhbGl0eSgxMDApL25laA==/Q_hpy3iFz_fss?st=BnaMILZ2lZA3iYa6HqHvm4m0Wf6EnDarwLBw6QAAh1E&ts=1702710841&e=0","https://img.nehnutelnosti.sk/foto/MTUweDg0L2ZpbHRlcnM6cXVhbGl0eSgxMDApL25laA==/1FKOspEmJ1_fss?st=pzQicBwB1rl7m0b_jx3j1vRPgoab4cxD8i6K4UeTKbQ&ts=1702710842&e=0"]},{"title":"Predaj novozrekonšt. 2 izb. bytu s balkónom na ul. Nábrežná v NZ","address":"Nábrežná, Nové Zámky, okres Nové Zámky","rooms":2,"meters":56,"totalPrice":96000,"meterSquarePrice":9,"link":"https://www.nehnutelnosti.sk/detail/JuEdrFAbYCe/predaj-novozrekonst-2-izb-bytu-s-balkonom-na-ul-nabrezna-v-nz","imagesUrls":["https://img.nehnutelnosti.sk/foto/NjAweDMzOC9maWx0ZXJzOnF1YWxpdHkoMTAwKS9uZWg=/KcGhdpGuBf_fss?st=colllRP9VEtd3h8Nf3bxLv--Nh8XsnANUGAx7UzPQ8w&ts=1726410493&e=0","https://img.nehnutelnosti.sk/foto/MTUweDg0L2ZpbHRlcnM6cXVhbGl0eSgxMDApL25laA==/ScXVHpw8cw_fss?st=uFRidVrD1suFm6xXFESPY-YuNiML-9qd7NGsEA7tfYk&ts=1726410495&e=0","https://img.nehnutelnosti.sk/foto/MTUweDg0L2ZpbHRlcnM6cXVhbGl0eSgxMDApL25laA==/6oSmkUc1I_fss?st=LdHzCd0RMLiQLzPEhc_5R1jYR43URr88vGBUrSaek80&ts=1726410493&e=0","https://img.nehnutelnosti.sk/foto/MTUweDg0L2ZpbHRlcnM6cXVhbGl0eSgxMDApL25laA==/FFIrfJQeK_fss?st=FzhBx9iIP7AKGQnFx2i3WQYS80YhKlbdJWwoVUtiVB4&ts=1726410493&e=0"]},{"title":"PNORF –  novostavba 3i bytu, 68 m2, terasa,  záhrada 160 m2, 2x vyhradené parkovanie, Puškinova ul.","address":"Puškinova, Galanta, okres Galanta","rooms":3,"meters":68,"totalPrice":160000,"meterSquarePrice":0,"link":"https://www.nehnutelnosti.sk/detail/Ju7pKQBqkpO/pnorf-novostavba-3i-bytu-68-m2-terasa-zahrada-160-m2-2x-vyhradene-parkovanie-puskinova-ul","imagesUrls":["https://img.unitedclassifieds.sk/foto/NjAweDMzOC9maWx0ZXJzOnF1YWxpdHkoMTAwKS9yc2Y=/QsOYawzYx_fss?st=4DsXV2aF4wMz1zEsLzHb6YsBwLALRoBsdBKrk2wMV50&ts=1700135456&e=0","https://img.unitedclassifieds.sk/foto/MTUweDg0L2ZpbHRlcnM6cXVhbGl0eSgxMDApL3JzZg==/OyVCOHH9V_fss?st=wlerdWrTcTCm8G8iyvHSulqKwYfc8zHn3ZpvyLLXKu8&ts=1700135466&e=0","https://img.unitedclassifieds.sk/foto/MTUweDg0L2ZpbHRlcnM6cXVhbGl0eSgxMDApL3JzZg==/-57NU3V0U_fss?st=Chz3yzsEVBL66GcK3fRhfO9CufqoE3YtgHK4r3m-oDE&ts=1700135468&e=0","https://img.unitedclassifieds.sk/foto/MTUweDg0L2ZpbHRlcnM6cXVhbGl0eSgxMDApL3JzZg==/4hiGIgT08_fss?st=f6NTRigH3czH5CNv7rSIp7FKm4bT7dVssULo1-5ZINA&ts=1700135471&e=0"]},{"title":"Kompletná rekonštrukcia - 2 izbový byt, Robotnícka ul. na začiatku Nového Mesta, 4/5","address":"Robotnícka, Bratislava III - Nové Mesto, okres Bratislava","rooms":2,"meters":40,"totalPrice":175000,"meterSquarePrice":5,"link":"https://www.nehnutelnosti.sk/detail/Ju-2LILGJqB/kompletna-rekonstrukcia-2-izbovy-byt-robotnicka-ul-na-zaciatku-noveho-mesta-4-5","imagesUrls":["https://img.nehnutelnosti.sk/foto/NjAweDMzOC9maWx0ZXJzOnF1YWxpdHkoMTAwKS9uZWg=/VH1SWEgi2_fss?st=6VsfmxHOwbyjAzaHlvzovjDVyHOKvmGLP0_y_eb85h0&ts=1726826841&e=0","https://img.nehnutelnosti.sk/foto/MTUweDg0L2ZpbHRlcnM6cXVhbGl0eSgxMDApL25laA==/nfdv5lfg0_fss?st=JI5tiRxgz5jo71N4RoRenKeKpqUkkBt6Q1hj99ts-7c&ts=1726826833&e=0","https://img.nehnutelnosti.sk/foto/MTUweDg0L2ZpbHRlcnM6cXVhbGl0eSgxMDApL25laA==/PHJlofpZW_fss?st=6TsNWm33G-IwGZIgABvD8pPzWUkvbWsFi4L4UqOjfoc&ts=1726826836&e=0","https://img.nehnutelnosti.sk/foto/MTUweDg0L2ZpbHRlcnM6cXVhbGl0eSgxMDApL25laA==/hMt7EtRA9_fss?st=O4K7SnqkN_m8gQbJ267V4b3fcD4sQnE-qeEia-PfUc0&ts=1726826836&e=0"]},{"title":"NA PREDAJ, NOVOSTAVBA  2-IZBOVÝ BYT, Exkluzívne TARGETreal","address":"Turčianske Teplice, okres Turčianske Teplice","rooms":2,"meters":46,"totalPrice":null,"meterSquarePrice":null,"link":"https://www.nehnutelnosti.sk/detail/Juo8aBTgn13/na-predaj-novostavba-2-izbovy-byt-exkluzivne-targetreal","imagesUrls":["https://img.nehnutelnosti.sk/foto/NjAweDMzOC9maWx0ZXJzOnF1YWxpdHkoMTAwKS9uZWg=/9bYk-3Kq6_fss?st=ntbgCrJ1YLTgvzSb6fcYENOAlAC0CF_0bVE4_Wc36j4&ts=1720989495&e=0","https://img.nehnutelnosti.sk/foto/MTUweDg0L2ZpbHRlcnM6cXVhbGl0eSgxMDApL25laA==/zq-YOpafE_fss?st=NtlNRjc_kDWNdPepcxAEwUjl6Wgn0_W5foqDqmrpDic&ts=1720989494&e=0","https://img.nehnutelnosti.sk/foto/MTUweDg0L2ZpbHRlcnM6cXVhbGl0eSgxMDApL25laA==/cVYk36Ip0_fss?st=sX23WNXiadst2rKUExOTc_l7MCOV7Ab9th9aIkwPvE4&ts=1720989495&e=0","https://img.nehnutelnosti.sk/foto/MTUweDg0L2ZpbHRlcnM6cXVhbGl0eSgxMDApL25laA==/jDzJwZTJ1_fss?st=6nQapgxsVQlhyx_w2KPFtExkE7srRVIbckjvWSXhiKc&ts=1720989492&e=0"]}]