[{"title":"PRÉMIOVÝ 2-IZBOVÝ APARTMÁN S VEĽKOU LOGGIOU A VÝHĽADOM NA DOWNTOWN","address":"Prístavná, Bratislava II - Ružinov, okres Bratislava","rooms":2,"meters":53,"totalPrice":279900,"meterSquarePrice":3,"link":"https://www.nehnutelnosti.sk/detail/Juc71yFsvjc/premiovy-2-izbovy-apartman-s-velkou-loggiou-a-vyhladom-na-downtown","imagesUrls":["https://img.nehnutelnosti.sk/foto/NjAweDMzOC9maWx0ZXJzOnF1YWxpdHkoMTAwKS9uZWg=/EpnIk-m_kV_fss?st=dVEngUIM0H5u5D9zgrSk21GdHKI0i2d7tv3j9nWilRQ&ts=1718631342&e=0","https://img.nehnutelnosti.sk/foto/MTUweDg0L2ZpbHRlcnM6cXVhbGl0eSgxMDApL25laA==/a_rgnGhttT_fss?st=r4jib-mHevJPsEy8TsqpnE37lghVR_vhGlTRtlmzsRU&ts=1718631339&e=0","https://img.nehnutelnosti.sk/foto/MTUweDg0L2ZpbHRlcnM6cXVhbGl0eSgxMDApL25laA==/3v5_03Nwv9_fss?st=qWQnFUCdGOOFs0mKEJ1WN5z49Hi8btUiXoi7Lcgo42o&ts=1718631340&e=0","https://img.nehnutelnosti.sk/foto/MTUweDg0L2ZpbHRlcnM6cXVhbGl0eSgxMDApL25laA==/iWn9BgVKY_fss?st=OKXTDI6Wk8Y_z16AAl5BPWn1-NfFTnBRUUaHiBtx-Lw&ts=1718631339&e=0"]},{"title":"BK STRÁŽE 3-izbový byt","address":"Stráž, Zvolen, okres Zvolen","rooms":3,"meters":97,"totalPrice":264990,"meterSquarePrice":9,"link":"https://www.nehnutelnosti.sk/detail/JuoutmqsIYQ/bk-straze-3-izbovy-byt","imagesUrls":["https://img.nehnutelnosti.sk/foto/NjAweDMzOC9maWx0ZXJzOnF1YWxpdHkoMTAwKS9uZWg=/nbkbKDxlA_fss?st=TAP34hhhA0spVotFOsEewXyLtJD-76fIB2bzpIa3_LU&ts=1726147958&e=0","https://img.nehnutelnosti.sk/foto/MTUweDg0L2ZpbHRlcnM6cXVhbGl0eSgxMDApL25laA==/f9dvhUnnp_fss?st=HzmLrgrfC2H7BH3aPOiDplJcbMlm1xomI2KLrMAh_jA&ts=1726147956&e=0","https://img.nehnutelnosti.sk/foto/MTUweDg0L2ZpbHRlcnM6cXVhbGl0eSgxMDApL25laA==/Fn1Dltd93d_fss?st=66iM-zYtoNGmBzevkh_-oLCyGPEtdT7wbVS7gmD8nPc&ts=1726147956&e=0","https://img.nehnutelnosti.sk/foto/MTUweDg0L2ZpbHRlcnM6cXVhbGl0eSgxMDApL25laA==/DowpFunnw_fss?st=XEep3_5266prUk12EFN1KGsGxsO6zs8UVJmSG1j5rvU&ts=1726147956&e=0"]},{"title":"Berg & Bauman – PREDAJ - 3-izbový byt, TOP REKONŠTRUKCIA, Muškátová, Ružinov","address":"Muškátová 8, Bratislava II - Ružinov, okres Bratislava","rooms":3,"meters":70,"totalPrice":234900,"meterSquarePrice":1,"link":"https://www.nehnutelnosti.sk/detail/JuM1cz7LxUX/berg-bauman-predaj-3-izbovy-byt-top-rekonstrukcia-muskatova-ruzinov","imagesUrls":["https://img.unitedclassifieds.sk/foto/NjAweDMzOC9maWx0ZXJzOnF1YWxpdHkoMTAwKS9qdWw=/rOx5wp2X1_fss?st=w_AuExUqGR0JFA0Jxmr5aBvR3XtHlKYRFgsdBASUg3U&ts=1726566993&e=0","https://img.unitedclassifieds.sk/foto/MTUweDg0L2ZpbHRlcnM6cXVhbGl0eSgxMDApL2p1bA==/YuiUDGJM9_fss?st=hU7fBLj2Q-gE_fbmzrHZetrqz56pWeXkgv01hpwA338&ts=1726418578&e=0","https://img.unitedclassifieds.sk/foto/MTUweDg0L2ZpbHRlcnM6cXVhbGl0eSgxMDApL2p1bA==/feyeIFTLC_fss?st=yXENuKjsmDQSI8ijvN9DBxTZgzgJbS0u8VO2SaJ14vk&ts=1726566953&e=0","https://img.unitedclassifieds.sk/foto/MTUweDg0L2ZpbHRlcnM6cXVhbGl0eSgxMDApL2p1bA==/Ted3Fd4Mq_fss?st=pm85PJ-qqAgv4FJsqwPnikYgDpSuKTrPB6YfWy-GIl0&ts=1726566961&e=0"]},{"title":"PREDAJ: svetlý 1-izbový byt; Dúbravka - Bilíková ul.","address":"Bilíková, Bratislava IV - Dúbravka, okres Bratislava","rooms":1,"meters":37,"totalPrice":122000,"meterSquarePrice":0,"link":"https://www.nehnutelnosti.sk/detail/Ju9uA6lfDD-/predaj-svetly-1-izbovy-byt-dubravka-bilikova-ul","imagesUrls":["https://img.nehnutelnosti.sk/foto/NjAweDMzOC9maWx0ZXJzOnF1YWxpdHkoMTAwKS9uZWg=/1kzPMSqweU_fss?st=HyBgWg6XrAS7CGEdxfk2Wv_3a11d07xwSHfi0nVcMrI&ts=1724876936&e=0","https://img.nehnutelnosti.sk/foto/MTUweDg0L2ZpbHRlcnM6cXVhbGl0eSgxMDApL25laA==/OZ-c6mcA9_fss?st=sMC8Ry4AIJgF5DW8Xk4aeG7rWPpxXllFIiIDqkao9yU&ts=1724876936&e=0","https://img.nehnutelnosti.sk/foto/MTUweDg0L2ZpbHRlcnM6cXVhbGl0eSgxMDApL25laA==/oPncLvTan_fss?st=aryZd5-ErgvhuAE2vOrsmXQwp6GPVKj_OCFsLxugLRI&ts=1724876936&e=0","https://img.nehnutelnosti.sk/foto/MTUweDg0L2ZpbHRlcnM6cXVhbGl0eSgxMDApL25laA==/Efw7AZx_1_fss?st=CEYggGNfGS97e_ruUyCjQFmLYU7dRLePEMN_mlBsDDA&ts=1724876937&e=0"]},{"title":"3 - izobový byt Dubnica nad Váhom","address":"Partizánska, Dubnica nad Váhom, okres Ilava","rooms":3,"meters":62,"totalPrice":119000,"meterSquarePrice":5,"link":"https://www.nehnutelnosti.sk/detail/Ju6T67SzGR5/3-izobovy-byt-dubnica-nad-vahom","imagesUrls":["https://img.nehnutelnosti.sk/foto/NjAweDMzOC9maWx0ZXJzOnF1YWxpdHkoMTAwKS9uZWg=/KDoK2cxHk_fss?st=sDBsEIQt6KauUR0LAuFsuax1uc7Jhk7Pbaw84ykpeNQ&ts=1726575232&e=0","https://img.nehnutelnosti.sk/foto/MTUweDg0L2ZpbHRlcnM6cXVhbGl0eSgxMDApL25laA==/EDfeedtme_fss?st=HvDRTeh1Qqn_uC5Qx3ETxHcEXiFYmNJeLelN2tdZnrE&ts=1726575231&e=0","https://img.nehnutelnosti.sk/foto/MTUweDg0L2ZpbHRlcnM6cXVhbGl0eSgxMDApL25laA==/Q2dqbxP9b_fss?st=nvB4m3oegT25HnYDdMYtv6gUmgeD-wx_SdSl26fW0iE&ts=1726575232&e=0","https://img.nehnutelnosti.sk/foto/MTUweDg0L2ZpbHRlcnM6cXVhbGl0eSgxMDApL25laA==/wZWIrbvNuL_fss?st=owWd88bNr4B6gcCs6JCgBOB1GfXWz2KbdrrJcnUT7lE&ts=1726575233&e=0"]},{"title":"ŠTÝLOVÝ DIZAJNOVÝ 3-IZBOVÝ BYT S TERASOU V RODINNOM DOME NAD SLÁVIČÍM ÚDOLÍM","address":"Tichá, Bratislava I - Staré Mesto, okres Bratislava","rooms":3,"meters":87,"totalPrice":null,"meterSquarePrice":null,"link":"https://www.nehnutelnosti.sk/detail/Ju06ZiFsiRN/stylovy-dizajnovy-3-izbovy-byt-s-terasou-v-rodinnom-dome-nad-slavicim-udolim","imagesUrls":["https://img.nehnutelnosti.sk/foto/NjAweDMzOC9maWx0ZXJzOnF1YWxpdHkoMTAwKS9uZWg=/ws6qFcNkVx_fss?st=28LnnLHwiVG-zcCSQotlwVUvDMEYJHOabNLvOGeettc&ts=1726869677&e=0","https://img.nehnutelnosti.sk/foto/MTUweDg0L2ZpbHRlcnM6cXVhbGl0eSgxMDApL25laA==/pvvdDsIJu_fss?st=_ESYzajBOhyoKPJ7itDHWGwfUhBab-pDYlkZJli-koE&ts=1726869675&e=0","https://img.nehnutelnosti.sk/foto/MTUweDg0L2ZpbHRlcnM6cXVhbGl0eSgxMDApL25laA==/JhUphjCnbW_fss?st=RP4OrbtssA9ZYLFNVd1--EraB5klOyVYs7p1FguLx1Q&ts=1726869684&e=0","https://img.nehnutelnosti.sk/foto/MTUweDg0L2ZpbHRlcnM6cXVhbGl0eSgxMDApL25laA==/gZFtwqjHd_fss?st=-FgbRA-3G2WpDEfsQ19kjz0qoU95iWjeXbPSWWYQLWA&ts=1726869682&e=0"]},{"title":"Klimatizovaný 2i byt s balkónom, novostavba 2019, parkovacie miesto","address":"Kadnárova 105, Bratislava III - Rača, okres Bratislava","rooms":2,"meters":58,"totalPrice":270000,"meterSquarePrice":7,"link":"https://www.nehnutelnosti.sk/detail/JuV7N6K0i-R/klimatizovany-2i-byt-s-balkonom-novostavba-2019-parkovacie-miesto","imagesUrls":["https://img.nehnutelnosti.sk/foto/NjAweDMzOC9maWx0ZXJzOnF1YWxpdHkoMTAwKS9uZWg=/k_QQHQ0Fn_fss?st=aV65Vsdr6dhwsuymNpZt95pz0HMoNSvekXo0Hb1rboo&ts=1726007129&e=0","https://img.nehnutelnosti.sk/foto/MTUweDg0L2ZpbHRlcnM6cXVhbGl0eSgxMDApL25laA==/S95IsxDKu_fss?st=iyiwLKFZ5cS8MsJXnUh-KJjJjIhnZ4iRWX_sAfRKlyY&ts=1726007125&e=0","https://img.nehnutelnosti.sk/foto/MTUweDg0L2ZpbHRlcnM6cXVhbGl0eSgxMDApL25laA==/iwwABho_eR_fss?st=GOeIn8GwmBOuky1IbNlrBdmUyIyu_8eJYqp8MNSWI7s&ts=1726007128&e=0","https://img.nehnutelnosti.sk/foto/MTUweDg0L2ZpbHRlcnM6cXVhbGl0eSgxMDApL25laA==/f6kU-GcY-_fss?st=mr4YHz1S9sXt7bw0kR4uwpftIimP5f9vD_5dc8JHVXI&ts=1726007127&e=0"]},{"title":"Klimatizovaný 3 izbový byt s loggiou, po rekonštrukcii z r. 2023, Tematínska ul., Petržalka","address":"Tematínska, Bratislava V - Petržalka, okres Bratislava","rooms":3,"meters":69,"totalPrice":220000,"meterSquarePrice":1,"link":"https://www.nehnutelnosti.sk/detail/Jub8K2JxRnz/klimatizovany-3-izbovy-byt-s-loggiou-po-rekonstrukcii-z-r-2023-tematinska-ul-petrzalka","imagesUrls":["https://img.nehnutelnosti.sk/foto/NjAweDMzOC9maWx0ZXJzOnF1YWxpdHkoMTAwKS9uZWg=/pBC0UfF6j_fss?st=Y1ndmQ8dhIpUkoZMWwhdVIrlqzB3HXn2rFQYmoKNZEM&ts=1726102791&e=0","https://img.nehnutelnosti.sk/foto/MTUweDg0L2ZpbHRlcnM6cXVhbGl0eSgxMDApL25laA==/t9Cix9Gof9_fss?st=fPjiUSrBD1qaTbCvuIvqJ0MHgvkXZKiQ9nWROCX0-18&ts=1726102788&e=0","https://img.nehnutelnosti.sk/foto/MTUweDg0L2ZpbHRlcnM6cXVhbGl0eSgxMDApL25laA==/3eWD4PvO6r_fss?st=DPD9X5oCroWISvVDCiP7woavSibRnb8TzcRa6oZurlo&ts=1726102789&e=0","https://img.nehnutelnosti.sk/foto/MTUweDg0L2ZpbHRlcnM6cXVhbGl0eSgxMDApL25laA==/KwUdzgvTm_fss?st=6VcTF5g2qOZDtNW_0NnTzXu2yoff0udc7d9XgAJk8ps&ts=1726102789&e=0"]},{"title":"Novostavba 1-izbového bytu s veľkým balkónom v krásnej lokalite Liptovského Mikuláša","address":"Púpavová, Liptovský Mikuláš, okres Liptovský Mikuláš","rooms":1,"meters":39,"totalPrice":91000,"meterSquarePrice":3,"link":"https://www.nehnutelnosti.sk/detail/JuQOH6jbyJK/novostavba-1-izboveho-bytu-s-velkym-balkonom-v-krasnej-lokalite-liptovskeho-mikulasa","imagesUrls":["https://img.nehnutelnosti.sk/foto/NjAweDMzOC9maWx0ZXJzOnF1YWxpdHkoMTAwKS9uZWg=/9TO9-_-DhA_fss?st=09xbyPkvdQXkZyj-syh8FtcU1bKPxfShfpWzYvoxEnI&ts=1726228531&e=0","https://img.nehnutelnosti.sk/foto/MTUweDg0L2ZpbHRlcnM6cXVhbGl0eSgxMDApL25laA==/XqoQuUGor_fss?st=hLCVCr1xG8Isesfccx5glaLYg0FdntbBU3mfbrvo_CM&ts=1726228533&e=0","https://img.nehnutelnosti.sk/foto/MTUweDg0L2ZpbHRlcnM6cXVhbGl0eSgxMDApL25laA==/-z6U-ij6A_fss?st=v3kYLUaZR9DYwsIj-PAmdOrFWubrasa97CdhufMpxes&ts=1726228531&e=0","https://img.nehnutelnosti.sk/foto/MTUweDg0L2ZpbHRlcnM6cXVhbGl0eSgxMDApL25laA==/XxhNqGQS2_fss?st=rqT0IYwBgDmoon9JvOwUiWt06jkz5ObF5RyHYTeNftE&ts=1726228531&e=0"]},{"title":"Novostavba 2-izbového bytu s veľkým balkónom v krásnej lokalite Liptovského Mikuláša","address":"Púpavová, Liptovský Mikuláš, okres Liptovský Mikuláš","rooms":2,"meters":65,"totalPrice":148000,"meterSquarePrice":4,"link":"https://www.nehnutelnosti.sk/detail/JuOZKkFZrla/novostavba-2-izboveho-bytu-s-velkym-balkonom-v-krasnej-lokalite-liptovskeho-mikulasa","imagesUrls":["https://img.nehnutelnosti.sk/foto/NjAweDMzOC9maWx0ZXJzOnF1YWxpdHkoMTAwKS9uZWg=/33kz1ayVnV_fss?st=EMLFqXJ_gFmxigpV5wz-pVZAxBzCr3JK7Vwq5yBT7r4&ts=1726229363&e=0","https://img.nehnutelnosti.sk/foto/MTUweDg0L2ZpbHRlcnM6cXVhbGl0eSgxMDApL25laA==/3eWdihDt0_fss?st=JsaHfZW8kCTfOpW-YYxzFiARgKMhxF06S9o-c8N4lbo&ts=1726229359&e=0","https://img.nehnutelnosti.sk/foto/MTUweDg0L2ZpbHRlcnM6cXVhbGl0eSgxMDApL25laA==/eG-6xM-st_fss?st=rwfS1cxEJVMXJcYz2aGZSwohg49i32jkHcEn7t5VJak&ts=1726229360&e=0","https://img.nehnutelnosti.sk/foto/MTUweDg0L2ZpbHRlcnM6cXVhbGl0eSgxMDApL25laA==/YZRVzQPkae_fss?st=2bOyryWj4Wc8iqenUhXd7SsfWEbqvhil-1AR8vr0ANk&ts=1726229361&e=0"]},{"title":"BÁTORKY | 3 izbový byt v novostavbe (A202)","address":"K. Krčméryho, Ružomberok, okres Ružomberok","rooms":3,"meters":74,"totalPrice":165900,"meterSquarePrice":7,"link":"https://www.nehnutelnosti.sk/detail/Jub9-lYglKf/batorky-3-izbovy-byt-v-novostavbe-a202","imagesUrls":["https://img.nehnutelnosti.sk/foto/NjAweDMzOC9maWx0ZXJzOnF1YWxpdHkoMTAwKS9uZWg=/6uAyC0wx2S_fss?st=JhAc2QyvinTMsBsq-qtCpOQ_6mhsvbhtmJuHwyXiAJ8&ts=1722330371&e=0","https://img.nehnutelnosti.sk/foto/MTUweDg0L2ZpbHRlcnM6cXVhbGl0eSgxMDApL25laA==/tf34fXNwS_fss?st=SSZPOmaAPOH-pOrBssjp_TuScGCKi0UzSu2u210-IIY&ts=1722330367&e=0","https://img.nehnutelnosti.sk/foto/MTUweDg0L2ZpbHRlcnM6cXVhbGl0eSgxMDApL25laA==/dp1hQ6cdAh_fss?st=J6VrK6wTwryut8q-N10i73XL6gA6ppkBCEXG4QNjXfw&ts=1722330370&e=0","https://img.nehnutelnosti.sk/foto/MTUweDg0L2ZpbHRlcnM6cXVhbGl0eSgxMDApL25laA==/5SIo-ZDIu_fss?st=xidXvvXTU8ODiC1j78F4XJwsCBxi3uJZ2P1P1l058pY&ts=1722330370&e=0"]},{"title":"BÁTORKY | 2 izbový byt v novostavbe (A107)","address":"K. Krčméryho, Ružomberok, okres Ružomberok","rooms":2,"meters":54,"totalPrice":126900,"meterSquarePrice":3,"link":"https://www.nehnutelnosti.sk/detail/Jue8OEdDtFX/batorky-2-izbovy-byt-v-novostavbe-a107","imagesUrls":["https://img.nehnutelnosti.sk/foto/NjAweDMzOC9maWx0ZXJzOnF1YWxpdHkoMTAwKS9uZWg=/qtwAN7Sls_fss?st=wNQwP-gKQvvppUsSZRwIMElcXBXUWyRHLeeT0q1nVEQ&ts=1722330366&e=0","https://img.nehnutelnosti.sk/foto/MTUweDg0L2ZpbHRlcnM6cXVhbGl0eSgxMDApL25laA==/srbumkOlO_fss?st=7qXSQRfETkT6ql6FE6y1pge6fYVN64vDzjI90DVc7YM&ts=1722330366&e=0"]},{"title":"Na predaj nový 2-izbový byt s veľkým balkónom v krásnej lokalite Liptovského Mikuláša","address":"Púpavová, Liptovský Mikuláš, okres Liptovský Mikuláš","rooms":2,"meters":67,"totalPrice":150000,"meterSquarePrice":7,"link":"https://www.nehnutelnosti.sk/detail/Juxv7FHd4Ql/na-predaj-novy-2-izbovy-byt-s-velkym-balkonom-v-krasnej-lokalite-liptovskeho-mikulasa","imagesUrls":["https://img.nehnutelnosti.sk/foto/NjAweDMzOC9maWx0ZXJzOnF1YWxpdHkoMTAwKS9uZWg=/MjCWxLX78_fss?st=8e15D979oh5OVbyIxEc1Q1fgKYFDoGabQXHE42e-0h8&ts=1726059748&e=0","https://img.nehnutelnosti.sk/foto/MTUweDg0L2ZpbHRlcnM6cXVhbGl0eSgxMDApL25laA==/vekX3PlOd_fss?st=lKvqQNLPEaSTFYFzX_hqZeIc5f2wWvBTX4QTHd7c4r4&ts=1726059749&e=0","https://img.nehnutelnosti.sk/foto/MTUweDg0L2ZpbHRlcnM6cXVhbGl0eSgxMDApL25laA==/_6qNcVvef_fss?st=k4RBXeAqxAwunpQV8sUutkXwCh5Be8glbpehlU7qVro&ts=1726059749&e=0","https://img.nehnutelnosti.sk/foto/MTUweDg0L2ZpbHRlcnM6cXVhbGl0eSgxMDApL25laA==/-d4hmRicd_fss?st=HBLpq7YBjrb2r9cD2Ec3TTeB4QwulcRXPCnr3VWNIvM&ts=1726059750&e=0"]},{"title":"BÁTORKY | 3 izbový byt v novostavbe (B201)","address":"K. Krčméryho, Ružomberok, okres Ružomberok","rooms":3,"meters":68,"totalPrice":150900,"meterSquarePrice":1,"link":"https://www.nehnutelnosti.sk/detail/JuWKyl_JkR_/batorky-3-izbovy-byt-v-novostavbe-b201","imagesUrls":["https://img.nehnutelnosti.sk/foto/NjAweDMzOC9maWx0ZXJzOnF1YWxpdHkoMTAwKS9uZWg=/uMtYUY5vQZ_fss?st=3qMWKH_xCY65Rc-AcucUT-lySjaPvByjIV1NiB8LUyA&ts=1722332018&e=0","https://img.nehnutelnosti.sk/foto/MTUweDg0L2ZpbHRlcnM6cXVhbGl0eSgxMDApL25laA==/oJHbbEe5U_fss?st=0AL1YMUyayZ5Qvq-jcmPnjrg2bz8HylAv64iDxHfTKA&ts=1722332020&e=0","https://img.nehnutelnosti.sk/foto/MTUweDg0L2ZpbHRlcnM6cXVhbGl0eSgxMDApL25laA==/Vnvz0RItJI_fss?st=lyJXXKDcN2dLZxnSSwPTv48_Y70A182whZSXtZlAdgo&ts=1722332020&e=0","https://img.nehnutelnosti.sk/foto/MTUweDg0L2ZpbHRlcnM6cXVhbGl0eSgxMDApL25laA==/Xbh-G7D0ox_fss?st=ZJoiXBO6vXEtxgywSHrq3HXrniU0UP2DCnYYE6mt888&ts=1722332023&e=0"]},{"title":"BOSEN | ZNÍŽENÁ CENA o 17.000,-Eur! Na predaj 3 izbový byt s výmerou 72 m2 v centre mesta, Malacky","address":"Záhorácka, Malacky, okres Malacky","rooms":3,"meters":72,"totalPrice":140000,"meterSquarePrice":4,"link":"https://www.nehnutelnosti.sk/detail/JuLGrpYpehA/bosen-znizena-cena-o-17-000-eur-na-predaj-3-izbovy-byt-s-vymerou-72-m2-v-centre-mesta-malacky","imagesUrls":["https://img.nehnutelnosti.sk/foto/NjAweDMzOC9maWx0ZXJzOnF1YWxpdHkoMTAwKS9uZWg=/4fpklNGYUJ_fss?st=7ew8fFdI_5M0Jjqi1HMIW_aqh2djJMAOerV4N6AQGOA&ts=1725455039&e=0","https://img.nehnutelnosti.sk/foto/MTUweDg0L2ZpbHRlcnM6cXVhbGl0eSgxMDApL25laA==/8wjvYEVvtA_fss?st=3OsQ3xPj-63DJWGcq8Hpbd3Li8jkTmgx9P4dYkxRSyc&ts=1725455039&e=0","https://img.nehnutelnosti.sk/foto/MTUweDg0L2ZpbHRlcnM6cXVhbGl0eSgxMDApL25laA==/Mi5x9ET2x_fss?st=paIxYcHJfyAd0ig7LIpcCrB33_muhYZYzRoAOchX324&ts=1725455042&e=0","https://img.nehnutelnosti.sk/foto/MTUweDg0L2ZpbHRlcnM6cXVhbGl0eSgxMDApL25laA==/QurD_JzjyY_fss?st=myT4Qrj9RvnY4yn6zhIy1D3TxruAILbDiI2LGA6oYyU&ts=1725455041&e=0"]},{"title":"BOSEN | Priestranný 2 izbový byt v uzatvorenom areáli, ulica Záhradnícka, Bratislava - Nivy, 62 m2","address":"Záhradnícka, Bratislava II - Ružinov, okres Bratislava","rooms":2,"meters":62,"totalPrice":249990,"meterSquarePrice":0,"link":"https://www.nehnutelnosti.sk/detail/JuVhdEYZp79/bosen-priestranny-2-izbovy-byt-v-uzatvorenom-areali-ulica-zahradnicka-bratislava-nivy-62-m2","imagesUrls":["https://img.nehnutelnosti.sk/foto/NjAweDMzOC9maWx0ZXJzOnF1YWxpdHkoMTAwKS9uZWg=/0BmoSm9vN_fss?st=pbBwmEIFXPA4KWPUynuL1B1x8Bnh9tAgCmmJm1maCGY&ts=1721739074&e=0","https://img.nehnutelnosti.sk/foto/MTUweDg0L2ZpbHRlcnM6cXVhbGl0eSgxMDApL25laA==/4s_e3Ok4Mi_fss?st=t9kwQiurjxsEha-ZeN2lpkA4GU3Vm2RY77j4itsCpgY&ts=1721739073&e=0","https://img.nehnutelnosti.sk/foto/MTUweDg0L2ZpbHRlcnM6cXVhbGl0eSgxMDApL25laA==/4mYZHZ9fx_fss?st=HCQ47HhK1sEPtnOd5xQkfJeK7_5n707lhy7LzFGMelI&ts=1721739075&e=0","https://img.nehnutelnosti.sk/foto/MTUweDg0L2ZpbHRlcnM6cXVhbGl0eSgxMDApL25laA==/XqC16zRde_fss?st=faR3wsD0wRA3Vc8U0mIdD69Z8IJXQ8_gDUiGkErpSxc&ts=1721739073&e=0"]},{"title":"Moderný 3-izbový byt v novostavbe Soho Residence II v Nových Zámkoch","address":"Andovská, Nové Zámky, okres Nové Zámky","rooms":3,"meters":91,"totalPrice":229800,"meterSquarePrice":8,"link":"https://www.nehnutelnosti.sk/detail/JusXI3Z3R3A/moderny-3-izbovy-byt-v-novostavbe-soho-residence-ii-v-novych-zamkoch","imagesUrls":["https://img.unitedclassifieds.sk/foto/NjAweDMzOC9maWx0ZXJzOnF1YWxpdHkoMTAwKS9qdWw=/5zYwqd8Ka_fss?st=22Os8nHfQ5Y7TOLNpBf8b93-lkAXpUGsoFyS53X7FeY&ts=1719469247&e=0","https://img.unitedclassifieds.sk/foto/MTUweDg0L2ZpbHRlcnM6cXVhbGl0eSgxMDApL2p1bA==/uqQdd3yPb_fss?st=EpCyWV_4EMNzayTokvWVkmMcj01_JCrWcKR3L6K-JUU&ts=1719469248&e=0","https://img.unitedclassifieds.sk/foto/MTUweDg0L2ZpbHRlcnM6cXVhbGl0eSgxMDApL2p1bA==/bOCbDoX52_fss?st=Z-FrV1zO6V4q9SZQTbNxS5blBTsyrLbtA08CGzztdgc&ts=1719469247&e=0","https://img.unitedclassifieds.sk/foto/MTUweDg0L2ZpbHRlcnM6cXVhbGl0eSgxMDApL2p1bA==/PAI5M0MHF_fss?st=1CYb7_HcTgPgXfuRchjrcEB8p1LxwC0pljUlP12z5AY&ts=1719469244&e=0"]},{"title":"2 izbový byt v modernom projekte Soho Residence II, Nové Zámky","address":"Andovská, Nové Zámky, okres Nové Zámky","rooms":2,"meters":111,"totalPrice":184900,"meterSquarePrice":7,"link":"https://www.nehnutelnosti.sk/detail/JupT36as9ce/2-izbovy-byt-v-modernom-projekte-soho-residence-ii-nove-zamky","imagesUrls":["https://img.unitedclassifieds.sk/foto/NjAweDMzOC9maWx0ZXJzOnF1YWxpdHkoMTAwKS9qdWw=/__-gn0W6c_fss?st=gePbZWYRHQIPb87HiJGqBpkzEq1HDsfECyB2re8bUQM&ts=1725989271&e=0","https://img.unitedclassifieds.sk/foto/MTUweDg0L2ZpbHRlcnM6cXVhbGl0eSgxMDApL2p1bA==/UY6sisnRF_fss?st=mY9TGog9ehf5W7NlUQuP30SxzzNqZAfwhs0PeHLSsgc&ts=1725363033&e=0","https://img.unitedclassifieds.sk/foto/MTUweDg0L2ZpbHRlcnM6cXVhbGl0eSgxMDApL2p1bA==/UrzVH-JSa_fss?st=zD_HqQe--uo4T9PJpO7ZMfMV48xbZXqlR3j5Q8rKwnM&ts=1725363037&e=0","https://img.unitedclassifieds.sk/foto/MTUweDg0L2ZpbHRlcnM6cXVhbGl0eSgxMDApL2p1bA==/QOHjXrw7u_fss?st=KUjqpjJrjQFTwG-sWVSAYJdAsockBrhbHOthn0KW6t4&ts=1725363032&e=0"]},{"title":"Nádherný luxusný Penthouse s 2 terasami v Nových Zámkoch","address":"Andovská, Nové Zámky, okres Nové Zámky","rooms":4,"meters":95,"totalPrice":328000,"meterSquarePrice":0,"link":"https://www.nehnutelnosti.sk/detail/JuF2CVevD53/nadherny-luxusny-penthouse-s-2-terasami-v-novych-zamkoch","imagesUrls":["https://img.unitedclassifieds.sk/foto/NjAweDMzOC9maWx0ZXJzOnF1YWxpdHkoMTAwKS9qdWw=/h0kGATEfj_fss?st=_4aOulKfIKOzXue13nyHk9fND3Vlf01mVoqDXAKDROw&ts=1725990900&e=0","https://img.unitedclassifieds.sk/foto/MTUweDg0L2ZpbHRlcnM6cXVhbGl0eSgxMDApL2p1bA==/r1B8fHVhW_fss?st=zymKv40QHGWx3EmWVZv2tTm0KRut1QnH7QFL6E6C4Pc&ts=1725990917&e=0","https://img.unitedclassifieds.sk/foto/MTUweDg0L2ZpbHRlcnM6cXVhbGl0eSgxMDApL2p1bA==/UXalyeaD8_fss?st=s2YkJt4YDgN8_leTP2lTFaFX6LTy7UmTRMpnSlyB7UA&ts=1725990903&e=0","https://img.unitedclassifieds.sk/foto/MTUweDg0L2ZpbHRlcnM6cXVhbGl0eSgxMDApL2p1bA==/jQK7QrtOd_fss?st=L6pWyg9MbX2tC9dDehuapGsvltuhg9q93WE3CRauy8I&ts=1725990888&e=0"]},{"title":"Na predaj 2 izbový byt, Nová Dubnica","address":"Jilemnického, Trenčín, okres Trenčín","rooms":2,"meters":63,"totalPrice":84000,"meterSquarePrice":3,"link":"https://www.nehnutelnosti.sk/detail/Jullc8PY9Vm/na-predaj-2-izbovy-byt-nova-dubnica","imagesUrls":["https://img.nehnutelnosti.sk/foto/NjAweDMzOC9maWx0ZXJzOnF1YWxpdHkoMTAwKS9uZWg=/g9-tShfQa_fss?st=5uRLvGZDw3NXu250jP9NdQ1X-PIWspro8-zG0mfZzi4&ts=1726768903&e=0","https://img.nehnutelnosti.sk/foto/MTUweDg0L2ZpbHRlcnM6cXVhbGl0eSgxMDApL25laA==/7XafoUW6Z_fss?st=ZF_38Q1GE8Gu4iWxM0COKoT5B7s3UHAuLjInyHTp3c0&ts=1726768904&e=0","https://img.nehnutelnosti.sk/foto/MTUweDg0L2ZpbHRlcnM6cXVhbGl0eSgxMDApL25laA==/mXGckZEJS_fss?st=72YwpCXs4MRVmWrW4QJsVVgb3wWMIhugVRJozp9_H_U&ts=1726768901&e=0","https://img.nehnutelnosti.sk/foto/MTUweDg0L2ZpbHRlcnM6cXVhbGl0eSgxMDApL25laA==/TcwkLdAYz_fss?st=E9m53-jnmiBYUHNewXrJ5ksSC2-ys9klS9IwVbJGcRo&ts=1726768902&e=0"]},{"title":"Na predaj 3 izbový byt Trenčín, ul. 28. októbra","address":"28. októbra, Trenčín, okres Trenčín","rooms":3,"meters":57,"totalPrice":112000,"meterSquarePrice":1,"link":"https://www.nehnutelnosti.sk/detail/Jui1xbck0Vp/na-predaj-3-izbovy-byt-trencin-ul-28-oktobra","imagesUrls":["https://img.nehnutelnosti.sk/foto/NjAweDMzOC9maWx0ZXJzOnF1YWxpdHkoMTAwKS9uZWg=/sexf5vKUp_fss?st=WfB87Zpe5c14Sy07dgEXWajsOETqjibSCLI8VHIPHsQ&ts=1727005677&e=0","https://img.nehnutelnosti.sk/foto/MTUweDg0L2ZpbHRlcnM6cXVhbGl0eSgxMDApL25laA==/EglyhsX8b_fss?st=wgN171C9kJl3_xZO_VNM6p6bfF0UcqKrgW6ZVi_YVk4&ts=1727005677&e=0","https://img.nehnutelnosti.sk/foto/MTUweDg0L2ZpbHRlcnM6cXVhbGl0eSgxMDApL25laA==/oqT74DqRo_fss?st=zxHP-VJq4Djd8QVUSdc66XmG7vvQBA8jE2Pfbg4cMwE&ts=1727005679&e=0","https://img.nehnutelnosti.sk/foto/MTUweDg0L2ZpbHRlcnM6cXVhbGl0eSgxMDApL25laA==/VBJv2vZCZ_fss?st=Z3CROQFunJshI2yyFi0ziGO0ep7PDPGlP390fpGZSJg&ts=1727005675&e=0"]},{"title":"BOSEN | 3kk apartmán s garážovým státím v novostavbe NUPPU","address":"Hraničná, Bratislava II - Ružinov, okres Bratislava","rooms":3,"meters":70,"totalPrice":249990,"meterSquarePrice":4,"link":"https://www.nehnutelnosti.sk/detail/JuqYaFy36Tc/bosen-3kk-apartman-s-garazovym-statim-v-novostavbe-nuppu","imagesUrls":["https://img.nehnutelnosti.sk/foto/NjAweDMzOC9maWx0ZXJzOnF1YWxpdHkoMTAwKS9uZWg=/74HunDvaU_fss?st=XKLpJY2AagqU2CX9yYjm7WEsUSG1mw3A_4-HcQJLYgA&ts=1726053859&e=0","https://img.nehnutelnosti.sk/foto/MTUweDg0L2ZpbHRlcnM6cXVhbGl0eSgxMDApL25laA==/C3fmx1AHe_fss?st=P1Fkr5bEepHzqFPj-e4mt-j8_WuKoE7Lllkdc8oG3l0&ts=1726053857&e=0","https://img.nehnutelnosti.sk/foto/MTUweDg0L2ZpbHRlcnM6cXVhbGl0eSgxMDApL25laA==/mga1VGqwz_fss?st=G8oBIjS0PUSmSxW565pkvBU1cTFLu_A6oGDcd6dLt3w&ts=1726053856&e=0","https://img.nehnutelnosti.sk/foto/MTUweDg0L2ZpbHRlcnM6cXVhbGl0eSgxMDApL25laA==/1CdAZwCOMo_fss?st=vQWrnvOXz9TITlUXN2X7d9C65uVDSEez44HOmkSIPRs&ts=1726053856&e=0"]},{"title":"HALO reality - Predaj, trojizbový byt Bratislava Ružinov, Čaklovská - EXKLUZÍVNE HALO REALITY","address":"Čaklovská, Bratislava II - Ružinov, okres Bratislava","rooms":3,"meters":62,"totalPrice":229990,"meterSquarePrice":2,"link":"https://www.nehnutelnosti.sk/detail/Ju9NGqiJt8F/halo-reality-predaj-trojizbovy-byt-bratislava-ruzinov-caklovska-exkluzivne-halo-reality","imagesUrls":["https://img.nehnutelnosti.sk/foto/NjAweDMzOC9maWx0ZXJzOnF1YWxpdHkoMTAwKS9uZWg=/8E0O1bdqS_fss?st=Skrtgx385_w_lLh-7lBrqL3l7pNHBBjDS2YVD9fOXoY&ts=1726670147&e=0","https://img.nehnutelnosti.sk/foto/MTUweDg0L2ZpbHRlcnM6cXVhbGl0eSgxMDApL25laA==/UYaautVrV_fss?st=rwrUlHXWctLdF_NgGGGpAkSo446XBEK7O3v47EH0mUk&ts=1726670147&e=0","https://img.nehnutelnosti.sk/foto/MTUweDg0L2ZpbHRlcnM6cXVhbGl0eSgxMDApL25laA==/wLBVyX96Q_fss?st=SQ4hsiTig-EBE6kkc_2EwtTjyCQhNEAetyXfwJtRYCc&ts=1726670149&e=0","https://img.nehnutelnosti.sk/foto/MTUweDg0L2ZpbHRlcnM6cXVhbGl0eSgxMDApL25laA==/6pr2g6O13M_fss?st=Gwr5eiwLzkbmttlBzPouCxsVUxVqgyAT5L_-hCyWZkQ&ts=1726670147&e=0"]},{"title":"HALO reality - Predaj, dvojizbový byt Bratislava Ružinov, Rastislavova - EXKLUZÍVNE HALO REALITY","address":"Rastislavova, Bratislava II - Ružinov, okres Bratislava","rooms":2,"meters":59,"totalPrice":199990,"meterSquarePrice":6,"link":"https://www.nehnutelnosti.sk/detail/JucaberjfzZ/halo-reality-predaj-dvojizbovy-byt-bratislava-ruzinov-rastislavova-exkluzivne-halo-reality","imagesUrls":["https://img.nehnutelnosti.sk/foto/NjAweDMzOC9maWx0ZXJzOnF1YWxpdHkoMTAwKS9uZWg=/WkvbBoeIr_fss?st=WUh0CLmKI22atGWnP-m_xHzKcEnEe-uP1YNdx4csf3c&ts=1726670153&e=0","https://img.nehnutelnosti.sk/foto/MTUweDg0L2ZpbHRlcnM6cXVhbGl0eSgxMDApL25laA==/lPH2_5_yM_fss?st=ZuDw-lYV023mm_VsrYRHg5mEc4HEGi2mBmtCkA10WwI&ts=1726670151&e=0","https://img.nehnutelnosti.sk/foto/MTUweDg0L2ZpbHRlcnM6cXVhbGl0eSgxMDApL25laA==/AnsBBgFL7_fss?st=sNzi9POV2F3Pk3VUTzyyWiTrxB0ZmPOJ3zV7njB2rII&ts=1726670152&e=0","https://img.nehnutelnosti.sk/foto/MTUweDg0L2ZpbHRlcnM6cXVhbGl0eSgxMDApL25laA==/gk2dkxWEe5_fss?st=L_MXf0Ot02hGoASXTs3vecB4O93OWYCj4G4LVwt799o&ts=1726670153&e=0"]},{"title":"HALO reality - Predaj, dvojizbový byt Bratislava Nové Mesto, Odborárska s parkovacím státim - NOVOST","address":"Bratislava III - Nové Mesto, okres Bratislava","rooms":2,"meters":54,"totalPrice":212490,"meterSquarePrice":5,"link":"https://www.nehnutelnosti.sk/detail/JuR3UeyYcHl/halo-reality-predaj-dvojizbovy-byt-bratislava-nove-mesto-odborarska-s-parkovacim-statim-novost","imagesUrls":["https://img.nehnutelnosti.sk/foto/NjAweDMzOC9maWx0ZXJzOnF1YWxpdHkoMTAwKS9uZWg=/fol9yRZzO_fss?st=SKLbAe7bVOZVt1Sdatmza5c6KybWvoqK_Z8AHpvKHtU&ts=1726670144&e=0","https://img.nehnutelnosti.sk/foto/MTUweDg0L2ZpbHRlcnM6cXVhbGl0eSgxMDApL25laA==/m7XNy5coK_fss?st=6EAfG0sAMQhQjut6bBwWQO5sV3AoT0oM1AJwug697Mk&ts=1726670142&e=0","https://img.nehnutelnosti.sk/foto/MTUweDg0L2ZpbHRlcnM6cXVhbGl0eSgxMDApL25laA==/SN1NB4Q99_fss?st=wyYgcABN-V_5vNAU5ZRw9LJeGiZGu2_f9zcRHYrD7lY&ts=1726670145&e=0","https://img.nehnutelnosti.sk/foto/MTUweDg0L2ZpbHRlcnM6cXVhbGl0eSgxMDApL25laA==/8ZDzswFwC_fss?st=8Pq1ADJMoPlIXs4rGogFbkcmAWSqAkhwBBcgpQy9Lx0&ts=1726670144&e=0"]},{"title":"SKOLAUDOVANÝ, NADŠTANDARDNE ZARIADENÝ – NÍZKO ENERGETICKÝ 3 IZBOVÝ RD, GARÁŽ, TICHÁ LOKALITA","address":"Senec, okres Senec","rooms":3,"meters":165,"totalPrice":295000,"meterSquarePrice":8,"link":"https://www.nehnutelnosti.sk/detail/Ju2xtn-F97H/skolaudovany-nadstandardne-zariadeny-nizko-energeticky-3-izbovy-rd-garaz-ticha-lokalita","imagesUrls":["https://img.nehnutelnosti.sk/foto/NjAweDMzOC9maWx0ZXJzOnF1YWxpdHkoMTAwKS9uZWg=/lGIJgI_hE_fss?st=quEf-Yeo_jd6Jtgg4ZC3fwfgqrjl_uN9TD8DOOz3TEU&ts=1725609291&e=0","https://img.nehnutelnosti.sk/foto/MTUweDg0L2ZpbHRlcnM6cXVhbGl0eSgxMDApL25laA==/DBXbpKZCvi_fss?st=3p81hGGzsM0ptMv4YxCi67VEk6qEldX5MeN1fh3h6z4&ts=1725609290&e=0","https://img.nehnutelnosti.sk/foto/MTUweDg0L2ZpbHRlcnM6cXVhbGl0eSgxMDApL25laA==/_F7tEmftO_fss?st=L4htl1mRIDhlGxwuU0rsS5bUuQRRmgknL_vyJW7qA_E&ts=1725609292&e=0","https://img.nehnutelnosti.sk/foto/MTUweDg0L2ZpbHRlcnM6cXVhbGl0eSgxMDApL25laA==/IWogBhyTQm_fss?st=CYd7OQRI79V2zj3AX-2oBVtu_1CfVz121GO92iON-hM&ts=1725609302&e=0"]},{"title":"3 izbový byt Kvačalova","address":"Kvačalova, Žilina - Závodie, okres Žilina","rooms":3,"meters":82,"totalPrice":212000,"meterSquarePrice":7,"link":"https://www.nehnutelnosti.sk/detail/JuHBTAEStxp/3-izbovy-byt-kvacalova","imagesUrls":["https://img.nehnutelnosti.sk/foto/NjAweDMzOC9maWx0ZXJzOnF1YWxpdHkoMTAwKS9uZWg=/jQXaVGhRkm_fss?st=6FLHRbt_JCeSRJ2gfWQDKx1f0z-iYNrV5kI8oHTZr8s&ts=1726398239&e=0","https://img.nehnutelnosti.sk/foto/MTUweDg0L2ZpbHRlcnM6cXVhbGl0eSgxMDApL25laA==/jHsTpXPzy__fss?st=srjt6HLTNyAti8Jm6duE7sF2hzwhG8AXNdRpR6kSOL8&ts=1726398238&e=0","https://img.nehnutelnosti.sk/foto/MTUweDg0L2ZpbHRlcnM6cXVhbGl0eSgxMDApL25laA==/Y_CPbfcGr_fss?st=uY3pWHwezX5Zkygghlg19BsG4LFhzsIsvrOKSSAH2KM&ts=1726398240&e=0","https://img.nehnutelnosti.sk/foto/MTUweDg0L2ZpbHRlcnM6cXVhbGl0eSgxMDApL25laA==/-LbQUNSC3J_fss?st=qYI2Y8e_Hsn4B_AapjuKUCqJvB0L9P8jh6ifemNWFvw&ts=1726398239&e=0"]},{"title":"BOSEN | Novostavba, Predaj moderný 4 izbový mezonet so záhradou, Rovinka, 3x parking","address":"Krátka, Rovinka, okres Senec","rooms":4,"meters":117,"totalPrice":267900,"meterSquarePrice":4,"link":"https://www.nehnutelnosti.sk/detail/JuaosNQJwKO/bosen-novostavba-predaj-moderny-4-izbovy-mezonet-so-zahradou-rovinka-3x-parking","imagesUrls":["https://img.nehnutelnosti.sk/foto/NjAweDMzOC9maWx0ZXJzOnF1YWxpdHkoMTAwKS9uZWg=/sRD1-ctbz_fss?st=wpiWlsPEub-0ODSgd5nxylera0SaiztuRf7_gqab49M&ts=1725526035&e=0","https://img.nehnutelnosti.sk/foto/MTUweDg0L2ZpbHRlcnM6cXVhbGl0eSgxMDApL25laA==/p7CzDlZpp_fss?st=MQ4vpMm4Of3IqQv8t_BBvhf8GEY-Go1f-JHCcF7gjfY&ts=1725526034&e=0","https://img.nehnutelnosti.sk/foto/MTUweDg0L2ZpbHRlcnM6cXVhbGl0eSgxMDApL25laA==/Q0ExLr1qIi_fss?st=jJsWIrU5h9yMvPl3qOYgM37nWfzoW44fRP1AcmAvKy0&ts=1725526034&e=0","https://img.nehnutelnosti.sk/foto/MTUweDg0L2ZpbHRlcnM6cXVhbGl0eSgxMDApL25laA==/-M86-LvuAT_fss?st=sgsraM3Oehyy6Sfv8w9yUTm64BRzulfJ85OTdJhB8Wg&ts=1725526034&e=0"]}]