[{"title":"NA PREDAJ 3 izbový mezonetový byt, 78m2, Nižná Šebastová, ul. Slanská","address":"Slanská, Prešov, okres Prešov","rooms":3,"meters":78,"totalPrice":123600,"meterSquarePrice":2,"link":"https://www.nehnutelnosti.sk/detail/JuCTBFMWrTd/na-predaj-3-izbovy-mezonetovy-byt-78m2-nizna-sebastova-ul-slanska","imagesUrls":["https://img.nehnutelnosti.sk/foto/NjAweDMzOC9maWx0ZXJzOnF1YWxpdHkoMTAwKS9uZWg=/8ZSgCx5nXW_fss?st=QixiCE7Ps_3o4EYALwP9iXiI84OU7BZuxr7UjOaAjAE&ts=1726762885&e=0"]},{"title":"RADO │Nádherný staromestský byt po rekonštrukcií v centre Žiliny!","address":"sad na studničkách, Žilina, okres Žilina","rooms":2,"meters":65,"totalPrice":209900,"meterSquarePrice":3,"link":"https://www.nehnutelnosti.sk/detail/JuvFUxfdmMk/rado-nadherny-staromestsky-byt-po-rekonstrukcii-v-centre-ziliny","imagesUrls":["https://img.nehnutelnosti.sk/foto/NjAweDMzOC9maWx0ZXJzOnF1YWxpdHkoMTAwKS9uZWg=/hFjrQe-nVd_fss?st=dlOvHKWyGCopt5H7B5NhQWYABWKOYPnMTDIk8KEciGU&ts=1726843820&e=0"]},{"title":"BOSEN | 2 izbový byt s terasou, polyfunkčný objekt Apollis, Prievozská ul., Bratislava","address":"Prievozská, Bratislava II - Ružinov, okres Bratislava","rooms":2,"meters":49,"totalPrice":null,"meterSquarePrice":null,"link":"https://www.nehnutelnosti.sk/detail/Juyjs5FjDh0/bosen-2-izbovy-byt-s-terasou-polyfunkcny-objekt-apollis-prievozska-ul-bratislava","imagesUrls":["https://img.nehnutelnosti.sk/foto/NjAweDMzOC9maWx0ZXJzOnF1YWxpdHkoMTAwKS9uZWg=/dQ8vWDl7K_fss?st=Snri5LldOI9e7GT9cYh5yMJMVYFWWXFa4enkjHwY-N0&ts=1726762842&e=0"]},{"title":"PREDAJ 1 izbového bytu v meste Humenné","address":"Námestie slobody, Humenné, okres Humenné","rooms":1,"meters":33,"totalPrice":63000,"meterSquarePrice":9,"link":"https://www.nehnutelnosti.sk/detail/Jubxu7bsAXW/predaj-1-izboveho-bytu-v-meste-humenne","imagesUrls":["https://img.nehnutelnosti.sk/foto/NjAweDMzOC9maWx0ZXJzOnF1YWxpdHkoMTAwKS9uZWg=/YHJzMMi2R_fss?st=oHEN6Mi6zQ3IcZGSuU7e_29ZvrfSO-o7G_MHXsMIfOw&ts=1726762828&e=0"]},{"title":"Predaj 3 izbový byt Vráble","address":"Vráble, okres Nitra","rooms":3,"meters":61,"totalPrice":109500,"meterSquarePrice":8,"link":"https://www.nehnutelnosti.sk/detail/JuHf9pmdxM6/predaj-3-izbovy-byt-vrable","imagesUrls":["https://img.nehnutelnosti.sk/foto/NjAweDMzOC9maWx0ZXJzOnF1YWxpdHkoMTAwKS9uZWg=/OEGo2FVfo_fss?st=tgXfy8ExHYZRgG7c3qfcKHX2eVgs_8X_Nh_2Jqlzn84&ts=1726762826&e=0"]},{"title":"DIRECTREAL|Kvalitná komplet.rekonštrukcia 4 izb.byt 83,8m2, komora, lódžia, pivnica, P.Biskupice","address":"Bieloruská, Bratislava II - Podunajské Biskupice, okres Bratislava","rooms":4,"meters":83,"totalPrice":228500,"meterSquarePrice":3,"link":"https://www.nehnutelnosti.sk/detail/JuRmKNY-0AF/directreal-kvalitna-komplet-rekonstrukcia-4-izb-byt-83-8m2-komora-lodzia-pivnica-p-biskupice","imagesUrls":["https://img.nehnutelnosti.sk/foto/NjAweDMzOC9maWx0ZXJzOnF1YWxpdHkoMTAwKS9uZWg=/el3NXhDBXZ_fss?st=9pJWZFMhodK3DWL0M9bjcE7mjJfhFzHBpISXTTyeHGU&ts=1726762765&e=0"]},{"title":"DIRECTREAL|Predáme veľký 1 izbový byt s 2 Lodžiami","address":"Jiráskova, Trnava, okres Trnava","rooms":1,"meters":42,"totalPrice":127500,"meterSquarePrice":1,"link":"https://www.nehnutelnosti.sk/detail/JuG1UeaoYXD/directreal-predame-velky-1-izbovy-byt-s-2-lodziami","imagesUrls":["https://img.nehnutelnosti.sk/foto/NjAweDMzOC9maWx0ZXJzOnF1YWxpdHkoMTAwKS9uZWg=/_T4eCZb3-_fss?st=Lx1uMaP-JHDIiIxYYG_VB5r1--C5WQyCM-iJMzV_ufs&ts=1726762741&e=0"]},{"title":"NA PREDAJ, 3-izbový mezonet v novostavbe, Žilina - Rosina","address":"Žilina, okres Žilina","rooms":3,"meters":102,"totalPrice":200000,"meterSquarePrice":9,"link":"https://www.nehnutelnosti.sk/detail/JudUTKrDxdN/na-predaj-3-izbovy-mezonet-v-novostavbe-zilina-rosina","imagesUrls":["https://img.nehnutelnosti.sk/foto/NjAweDMzOC9maWx0ZXJzOnF1YWxpdHkoMTAwKS9uZWg=/sqN8e02a5_fss?st=wGAjsedguFUhbEidaZ4v6OGcU0cqOG3RSEEjkcx5zKU&ts=1726762706&e=0"]},{"title":"NA PREDAJ, 3-izbový byt v novostavbe, Žilina - Rosina","address":"Žilina, okres Žilina","rooms":3,"meters":79,"totalPrice":180000,"meterSquarePrice":4,"link":"https://www.nehnutelnosti.sk/detail/JuYKfsC8QL1/na-predaj-3-izbovy-byt-v-novostavbe-zilina-rosina","imagesUrls":["https://img.nehnutelnosti.sk/foto/NjAweDMzOC9maWx0ZXJzOnF1YWxpdHkoMTAwKS9uZWg=/AowTpwhIz_fss?st=NuyEqO3LOrVd26jyDfqyxyg5wlsxkZ9Ub7PJ36tGeyo&ts=1726762702&e=0"]},{"title":"NA PREDAJ, 3-izbový byt v novostavbe, Žilina - Rosina","address":"Žilina, okres Žilina","rooms":3,"meters":81,"totalPrice":180000,"meterSquarePrice":1,"link":"https://www.nehnutelnosti.sk/detail/JuYTKoTu88G/na-predaj-3-izbovy-byt-v-novostavbe-zilina-rosina","imagesUrls":["https://img.nehnutelnosti.sk/foto/NjAweDMzOC9maWx0ZXJzOnF1YWxpdHkoMTAwKS9uZWg=/0rKBSZfru_fss?st=eojq-0ta4Ti7mz0-ZOWaXwAC-HcGch5HyBSHOxrou2U&ts=1726762703&e=0"]},{"title":"3-izb.byt logiou,70m2, komplet.rek,s výťahom, Veľké Kapušany","address":"P. O. Hviezdoslava, Veľké Kapušany, okres Michalovce","rooms":3,"meters":70,"totalPrice":65990,"meterSquarePrice":1,"link":"https://www.nehnutelnosti.sk/detail/Jubhzda1Yr5/3-izb-byt-logiou-70m2-komplet-rek-s-vytahom-velke-kapusany","imagesUrls":["https://img.nehnutelnosti.sk/foto/NjAweDMzOC9maWx0ZXJzOnF1YWxpdHkoMTAwKS9uZWg=/QK2kQqN6j_fss?st=jnHsWqBcx7uoFJcMZPEMBLzbHP0TrCpa8FK_qzYc5Sk&ts=1712660566&e=0"]},{"title":"1 izbový byt s balkónom v dizajnovom projekte Dve Veže Trenčín, Rezidencia Vinohrady","address":"Vladimíra Predmerského, Trenčín, okres Trenčín","rooms":1,"meters":29,"totalPrice":89182,"meterSquarePrice":0,"link":"https://www.nehnutelnosti.sk/detail/Jujj03GUnB1/1-izbovy-byt-s-balkonom-v-dizajnovom-projekte-dve-veze-trencin-rezidencia-vinohrady","imagesUrls":["https://img.unitedclassifieds.sk/foto/NjAweDMzOC9maWx0ZXJzOnF1YWxpdHkoMTAwKS9yc2Y=/S5Ap9DRskq_fss?st=kRdAxgWXgaNakRBkC1_lcum3vQ0OwTKxylEsxzN10gQ&ts=1715821586&e=0"]},{"title":"CENTRUM MESTA - MASARYKOVA DVOJGENERAČNÝ 5 IZBOVÝ BYT 230 M2.","address":"Masarykova, Košice I - Staré Mesto, okres Košice","rooms":5,"meters":230,"totalPrice":550000,"meterSquarePrice":0,"link":"https://www.nehnutelnosti.sk/detail/JuBW5jreG6O/centrum-mesta-masarykova-dvojgeneracny-5-izbovy-byt-230-m2","imagesUrls":["https://img.nehnutelnosti.sk/foto/NjAweDMzOC9maWx0ZXJzOnF1YWxpdHkoMTAwKS9uZWg=/fX6kMFY1w_fss?st=wuq9iD-D9zuqd2cAdQ-h5pHeoThRYx_IKrj3CVej7JE&ts=1705597271&e=0"]},{"title":"Moderný nadštandardný byt na predaj","address":"Prešov, okres Prešov","rooms":5,"meters":null,"totalPrice":null,"meterSquarePrice":null,"link":"https://www.nehnutelnosti.sk/detail/Ju6pP__iT8k/moderny-nadstandardny-byt-na-predaj","imagesUrls":["https://img.nehnutelnosti.sk/foto/NjAweDMzOC9maWx0ZXJzOnF1YWxpdHkoMTAwKS9uZWg=/rBDhkinx5_fss?st=mG9xBEBQD_EHrG12LxVXSV5-fC5GCBE9582cvhsA_GE&ts=1726761668&e=0"]},{"title":"útulný 2.izb byt 44,28m2 so záhradkou 77m2  a parkovacím státim","address":"Rovinka, okres Senec","rooms":2,"meters":44,"totalPrice":182000,"meterSquarePrice":1,"link":"https://www.nehnutelnosti.sk/detail/RbA0FnrTfLW/utulny-2-izb-byt-44-28m2-so-zahradkou-77m2-a-parkovacim-statim","imagesUrls":["https://img.unitedclassifieds.sk/foto/NjAweDMzOC9maWx0ZXJzOnF1YWxpdHkoMTAwKS9yc2I=/5RWZkHo9z_fss?st=HbpzKHD6dmqTfXXF4aURUliy2ptzWX728S4X3QGtZFw&ts=1726761624&e=0"]},{"title":"NA PREDAJ 2 IZ ZARIADENÝ BYT NITRA CENTRUM - ŠTÚROVÁ UL.","address":"Štúrova, Nitra, okres Nitra","rooms":2,"meters":58,"totalPrice":null,"meterSquarePrice":null,"link":"https://www.nehnutelnosti.sk/detail/JuDTAiYX02C/na-predaj-2-iz-zariadeny-byt-nitra-centrum-sturova-ul","imagesUrls":["https://img.nehnutelnosti.sk/foto/NjAweDMzOC9maWx0ZXJzOnF1YWxpdHkoMTAwKS9uZWg=/r0vwNIiMX_fss?st=OIM6NUA4HJ2MX9UI2_fB2Dwnt1aRwb2V3XclS1WY1Uw&ts=1708112951&e=0"]},{"title":"NA PREDAJ 3 IZB BYT NITRA - KLOKOČINA, REKONŠTRUKCIA, BALKÓN","address":"Škultétyho, Nitra, okres Nitra","rooms":3,"meters":74,"totalPrice":137500,"meterSquarePrice":1,"link":"https://www.nehnutelnosti.sk/detail/JuGsgZvTjlM/na-predaj-3-izb-byt-nitra-klokocina-rekonstrukcia-balkon","imagesUrls":["https://img.nehnutelnosti.sk/foto/NjAweDMzOC9maWx0ZXJzOnF1YWxpdHkoMTAwKS9uZWg=/Pr68e9mJ6O_fss?st=thfHelYGvrsHxAZfJWaAgBnmDxID5KRFx4V2Gm4uQg8&ts=1724432737&e=0"]},{"title":"Predáme 1i byt Kyjevská ul. Levice","address":"Kyjevská, Levice, okres Levice","rooms":1,"meters":null,"totalPrice":null,"meterSquarePrice":null,"link":"https://www.nehnutelnosti.sk/detail/Jux43kV2Crn/predame-1i-byt-kyjevska-ul-levice","imagesUrls":["https://img.nehnutelnosti.sk/foto/NjAweDMzOC9maWx0ZXJzOnF1YWxpdHkoMTAwKS9uZWg=/S6rnnol2DY_fss?st=4mev7eOS1k6HP2wksz4jUtlPKCBIpyWelxIW5W-p4xM&ts=1726756369&e=0"]},{"title":"NA PREDAJ 2 IZ TEHLOVÝ BYT NITRA CENTRUM- WILSONOVO NÁBREŽIE","address":"Wilsonovo Nábrežie, Nitra, okres Nitra","rooms":2,"meters":72,"totalPrice":154900,"meterSquarePrice":9,"link":"https://www.nehnutelnosti.sk/detail/JuI5spC_-rm/na-predaj-2-iz-tehlovy-byt-nitra-centrum-wilsonovo-nabrezie","imagesUrls":["https://img.nehnutelnosti.sk/foto/NjAweDMzOC9maWx0ZXJzOnF1YWxpdHkoMTAwKS9uZWg=/Y71-j2Ndm_fss?st=4ueBeWXOHXSjYXCOmd8nJcL4pQ33oK4aJzhgapAwZSU&ts=1723145268&e=0"]},{"title":"Na predaj 2 izb byt 60 m2 za bezkonkurenčnú cenu Nitra - Chrenová","address":"Výstavná, Nitra, okres Nitra","rooms":2,"meters":60,"totalPrice":127900,"meterSquarePrice":7,"link":"https://www.nehnutelnosti.sk/detail/Ju8NpSkELK8/na-predaj-2-izb-byt-60-m2-za-bezkonkurencnu-cenu-nitra-chrenova","imagesUrls":["https://img.nehnutelnosti.sk/foto/NjAweDMzOC9maWx0ZXJzOnF1YWxpdHkoMTAwKS9uZWg=/0e-GG2bLum_fss?st=AJnTDdGgIcACpl1l2qO1QlwMZHHTRKMPNdFoKSsJOm8&ts=1725211273&e=0"]},{"title":"SIMCITY I PREDAJ 1 IZB. BYT KOMPLETNÁ REKONŠTRUKCIA","address":"Harmanec 2, Harmanec, okres Banská Bystrica","rooms":1,"meters":35,"totalPrice":58900,"meterSquarePrice":8,"link":"https://www.nehnutelnosti.sk/detail/JuTOFkUbFEF/simcity-i-predaj-1-izb-byt-kompletna-rekonstrukcia","imagesUrls":["https://img.nehnutelnosti.sk/foto/NjAweDMzOC9maWx0ZXJzOnF1YWxpdHkoMTAwKS9uZWg=/C-moM_T-5_fss?st=qbofZIcMPIwDH6_ILVRkFGP3G9V3KO23wkiYUB7f3Ss&ts=1709829319&e=0"]},{"title":"AKCIA- 2i byt s balkónom v Poprade","address":"Suchoňova, Poprad, okres Poprad","rooms":2,"meters":55,"totalPrice":199000,"meterSquarePrice":3,"link":"https://www.nehnutelnosti.sk/detail/JuXhRDugxCr/akcia-2i-byt-s-balkonom-v-poprade","imagesUrls":["https://img.unitedclassifieds.sk/foto/NjAweDMzOC9maWx0ZXJzOnF1YWxpdHkoMTAwKS9qdWw=/Afv9KelV4K_fss?st=53elvCYwRTUKjejAwdjjrduAZCmaHuyuomOSBOxudko&ts=1726760528&e=0"]},{"title":"3-izbový byt s lodžiou s krásnym výhľadom","address":"Tatranská, Banská Bystrica, okres Banská Bystrica","rooms":3,"meters":63,"totalPrice":125000,"meterSquarePrice":3,"link":"https://www.nehnutelnosti.sk/detail/JusbhAm7Ldo/3-izbovy-byt-s-lodziou-s-krasnym-vyhladom","imagesUrls":["https://img.unitedclassifieds.sk/foto/NjAweDMzOC9maWx0ZXJzOnF1YWxpdHkoMTAwKS9qdWw=/LczzG4dU4_fss?st=gC-A4HnMUcXmXCf-XIHKhezqZAr390gNVq9dPUya2r4&ts=1718090082&e=0"]},{"title":"2 izbový byt v lokalite Račianske Mýto","address":"Legerského, Bratislava III - Nové Mesto, okres Bratislava","rooms":2,"meters":55,"totalPrice":218500,"meterSquarePrice":3,"link":"https://www.nehnutelnosti.sk/detail/Juyy07W2Th8/2-izbovy-byt-v-lokalite-racianske-myto","imagesUrls":["https://img.unitedclassifieds.sk/foto/NjAweDMzOC9maWx0ZXJzOnF1YWxpdHkoMTAwKS9qdWw=/yXRBpq3G2_fss?st=jVVkhK4emkGbXaPpYT9MYlioEJc_3GjQ3LzbvC1dkcY&ts=1725536009&e=0"]},{"title":"Svetlá garsónka v zelenej lokalite s dostatkom parkovacích miest","address":"Podbrezovská, Bratislava III - Rača, okres Bratislava","rooms":null,"meters":22,"totalPrice":89000,"meterSquarePrice":5,"link":"https://www.nehnutelnosti.sk/detail/JuCtLfB5gUc/svetla-garsonka-v-zelenej-lokalite-s-dostatkom-parkovacich-miest","imagesUrls":["https://img.nehnutelnosti.sk/foto/NjAweDMzOC9maWx0ZXJzOnF1YWxpdHkoMTAwKS9uZWg=/PteHzXlxOO_fss?st=Da_Y2UzEagojnSpg3jMJKp08d7bZdNdqVTll8fcEAFA&ts=1725874494&e=0"]},{"title":"3 izbový byt s loggiou na sídlisku KVP, ul. Hemerkova","address":"Hemerkova, Košice II - Sídlisko KVP, okres Košice","rooms":3,"meters":62,"totalPrice":154990,"meterSquarePrice":4,"link":"https://www.nehnutelnosti.sk/detail/Ju6zOzbt9mP/3-izbovy-byt-s-loggiou-na-sidlisku-kvp-ul-hemerkova","imagesUrls":["https://img.nehnutelnosti.sk/foto/NjAweDMzOC9maWx0ZXJzOnF1YWxpdHkoMTAwKS9uZWg=/gZZ59g5Px_fss?st=aU1ebdQx-IFFWBF2O_zoYo1-8QIMwkoVkCLKGqD8LY0&ts=1726759911&e=0"]},{"title":"NA PREDAJ 4i byt s lodžiou a výťahom v Dúbravke","address":"Bratislava IV - Dúbravka, okres Bratislava","rooms":4,"meters":82,"totalPrice":225000,"meterSquarePrice":0,"link":"https://www.nehnutelnosti.sk/detail/JuhKEJxXOqC/na-predaj-4i-byt-s-lodziou-a-vytahom-v-dubravke","imagesUrls":["https://img.nehnutelnosti.sk/foto/NjAweDMzOC9maWx0ZXJzOnF1YWxpdHkoMTAwKS9uZWg=/UwAORxm9r_fss?st=gtaJGHkvIAMhBvRHvLwrujHulBLKCT66isBVBnLHfCI&ts=1726759076&e=0"]},{"title":"Na predaj 3 izbový priestranný byt v novostavbe PRI MÝTE","address":"Račianska, Bratislava III - Nové Mesto, okres Bratislava","rooms":3,"meters":91,"totalPrice":435000,"meterSquarePrice":2,"link":"https://www.nehnutelnosti.sk/detail/Jurxwi1MxUw/na-predaj-3-izbovy-priestranny-byt-v-novostavbe-pri-myte","imagesUrls":["https://img.nehnutelnosti.sk/foto/NjAweDMzOC9maWx0ZXJzOnF1YWxpdHkoMTAwKS9uZWg=/lzPOkTjlw_fss?st=lroWI61frX-fGZNiuGCurTim5Ai4Qw8SZPUuyaR8rO4&ts=1726759031&e=0"]},{"title":"2 izbový byt v dizajnovom projekte Dve Veže Trenčín, Rezidencia Vinohrady /vnútorné parkovanie/","address":"Vladimíra Predmerského, Trenčín, okres Trenčín","rooms":2,"meters":54,"totalPrice":133133,"meterSquarePrice":0,"link":"https://www.nehnutelnosti.sk/detail/Ju1ViiE0mpJ/2-izbovy-byt-v-dizajnovom-projekte-dve-veze-trencin-rezidencia-vinohrady-vnutorne-parkovanie","imagesUrls":["https://img.unitedclassifieds.sk/foto/NjAweDMzOC9maWx0ZXJzOnF1YWxpdHkoMTAwKS9yc2Y=/wcxFbyRKr_fss?st=ZKemlTzxABsEVsXr3AHG8U40tTgJlLG6IUxxuh-7p9Q&ts=1715821629&e=0"]},{"title":"Bezbariérový 3-izbový byt s balkónom v centre","address":"Revolučná Štvrť, Galanta, okres Galanta","rooms":3,"meters":75,"totalPrice":121500,"meterSquarePrice":0,"link":"https://www.nehnutelnosti.sk/detail/JuPOFAyLB1U/bezbarierovy-3-izbovy-byt-s-balkonom-v-centre","imagesUrls":["https://img.nehnutelnosti.sk/foto/NjAweDMzOC9maWx0ZXJzOnF1YWxpdHkoMTAwKS9uZWg=/Ilko3uBPc_fss?st=WEd4Be_-7fLMU7Y2pWO0F9doBxSm5UKptZbBIP0lnRk&ts=1718957777&e=0"]}]