[{"title":"Predaj 2 izbový byt s terasou A05 Bývanie Svornosti","address":"Ulica Svornosti, Bratislava II - Podunajské Biskupice, okres Bratislava","rooms":3,"meters":null,"totalPrice":null,"meterSquarePrice":null,"link":"https://www.nehnutelnosti.sk/detail/JuI_E1DXW6y/predaj-2-izbovy-byt-s-terasou-a05-byvanie-svornosti","imagesUrls":["https://img.nehnutelnosti.sk/foto/NjAweDMzOC9maWx0ZXJzOnF1YWxpdHkoMTAwKS9uZWg=/04mb-NoaW_fss?st=th2ruP7icwlm6IAdlH8b3n56hZ8qEqVHtULs2zezfOk&ts=1725706573&e=0"]},{"title":"Predaj  1i bytu, samostatná kuchyňa, pôvodný stav, Trenčín, Halalovka","address":"Halalovka, Trenčín, okres Trenčín","rooms":1,"meters":38,"totalPrice":79000,"meterSquarePrice":5,"link":"https://www.nehnutelnosti.sk/detail/Jugt2vsYtvU/predaj-1i-bytu-samostatna-kuchyna-povodny-stav-trencin-halalovka","imagesUrls":["https://img.unitedclassifieds.sk/foto/NjAweDMzOC9maWx0ZXJzOnF1YWxpdHkoMTAwKS9qdWw=/dLnw-w4Or_fss?st=UTTE8xTmazQ7gZh_f6lI2_ttJbDVZUbcsNfE5BS4Ejw&ts=1725527372&e=0"]},{"title":"4-izbový byt po rekonštrukcii na Kyjevskej ulici v Leviciach","address":"Kyjevská, Levice, okres Levice","rooms":4,"meters":84,"totalPrice":120000,"meterSquarePrice":6,"link":"https://www.nehnutelnosti.sk/detail/JuDnNljCk9s/4-izbovy-byt-po-rekonstrukcii-na-kyjevskej-ulici-v-leviciach","imagesUrls":["https://img.unitedclassifieds.sk/foto/NjAweDMzOC9maWx0ZXJzOnF1YWxpdHkoMTAwKS9qdWw=/eNh0KuxFC_fss?st=ypge_WHOu_u0Vkn7TEnm9Eq1BryVEYH7tNc3FtZSguE&ts=1725527269&e=0"]},{"title":"Predaj 1 izbový byt H04 Bývanie Svornosti","address":"Ulica Svornosti, Bratislava II - Podunajské Biskupice, okres Bratislava","rooms":1,"meters":null,"totalPrice":null,"meterSquarePrice":null,"link":"https://www.nehnutelnosti.sk/detail/Ju6C9CPXG4h/predaj-1-izbovy-byt-h04-byvanie-svornosti","imagesUrls":["https://img.nehnutelnosti.sk/foto/NjAweDMzOC9maWx0ZXJzOnF1YWxpdHkoMTAwKS9uZWg=/3OuC5AbSj_fss?st=hRbZeepMDnP_MhVf960Y688JV8MeEXUBSzB29Hqa_ks&ts=1725706567&e=0"]},{"title":"Predaj 2 izbový byt C04 Bývanie Svornosti","address":"Ulica Svornosti, Bratislava II - Podunajské Biskupice, okres Bratislava","rooms":2,"meters":null,"totalPrice":null,"meterSquarePrice":null,"link":"https://www.nehnutelnosti.sk/detail/Ju2rqtVVptA/predaj-2-izbovy-byt-c04-byvanie-svornosti","imagesUrls":["https://img.nehnutelnosti.sk/foto/NjAweDMzOC9maWx0ZXJzOnF1YWxpdHkoMTAwKS9uZWg=/AOOVyTg9H_fss?st=fR_lGgCNxd0Eiqx1GWsva8e-b1nT7_2o1ZwAFJSe3x8&ts=1725706060&e=0"]},{"title":"Predaj 2 izbový byt D04 Bývanie Svornosti","address":"Ulica Svornosti, Bratislava II - Podunajské Biskupice, okres Bratislava","rooms":2,"meters":null,"totalPrice":null,"meterSquarePrice":null,"link":"https://www.nehnutelnosti.sk/detail/JusIhqHy6tP/predaj-2-izbovy-byt-d04-byvanie-svornosti","imagesUrls":["https://img.nehnutelnosti.sk/foto/NjAweDMzOC9maWx0ZXJzOnF1YWxpdHkoMTAwKS9uZWg=/Hq35OB8qfv_fss?st=3iclW3O-NZ0cjXWyuL2rkP10UGl8RiGp2DOm0rSBtxQ&ts=1725706068&e=0"]},{"title":"Predaj 2 izbový byt E03 Bývanie Svornosti","address":"Ulica Svornosti, Bratislava II - Podunajské Biskupice, okres Bratislava","rooms":2,"meters":null,"totalPrice":null,"meterSquarePrice":null,"link":"https://www.nehnutelnosti.sk/detail/Julyv2XRLCN/predaj-2-izbovy-byt-e03-byvanie-svornosti","imagesUrls":["https://img.nehnutelnosti.sk/foto/NjAweDMzOC9maWx0ZXJzOnF1YWxpdHkoMTAwKS9uZWg=/ikyBNTH9W_fss?st=kxzRyFrKjvhTaa95Uc54FcY-6Gv2FR8ED0paTUUkxN4&ts=1725706058&e=0"]},{"title":"Predaj 3 izbový byt A03 Bývanie Svornosti","address":"Ulica Svornosti, Bratislava II - Podunajské Biskupice, okres Bratislava","rooms":3,"meters":null,"totalPrice":null,"meterSquarePrice":null,"link":"https://www.nehnutelnosti.sk/detail/JuPIJ1IC0og/predaj-3-izbovy-byt-a03-byvanie-svornosti","imagesUrls":["https://img.nehnutelnosti.sk/foto/NjAweDMzOC9maWx0ZXJzOnF1YWxpdHkoMTAwKS9uZWg=/sPWCTEIue_fss?st=vnfTOIsFT76AXiwDs1g9H3n8a0DIY2RxL8y--cx181E&ts=1725706046&e=0"]},{"title":"Predaj 2 izbový byt B03 Bývanie Svornosti","address":"Ulica Svornosti, Bratislava II - Podunajské Biskupice, okres Bratislava","rooms":2,"meters":null,"totalPrice":null,"meterSquarePrice":null,"link":"https://www.nehnutelnosti.sk/detail/Juzb0rTP4sw/predaj-2-izbovy-byt-b03-byvanie-svornosti","imagesUrls":["https://img.nehnutelnosti.sk/foto/NjAweDMzOC9maWx0ZXJzOnF1YWxpdHkoMTAwKS9uZWg=/N9Ynthb5K1_fss?st=72-eSJKId6gQR1r9BrsZDh4e781JpfPRzaAJL0zh-EE&ts=1725706053&e=0"]},{"title":"Exkluzívne na predaj luxusný a priestranný 4 izbový byt - Banská Bystrica/ Nám. L. Svobodu 4B024ZL","address":"Nám. L. Svobodu, Banská Bystrica, okres Banská Bystrica","rooms":4,"meters":82,"totalPrice":null,"meterSquarePrice":null,"link":"https://www.nehnutelnosti.sk/detail/JudAKUG3M5w/exkluzivne-na-predaj-luxusny-a-priestranny-4-izbovy-byt-banska-bystrica-nam-l-svobodu-4b024zl","imagesUrls":["https://img.nehnutelnosti.sk/foto/NjAweDMzOC9maWx0ZXJzOnF1YWxpdHkoMTAwKS9uZWg=/GCnJGKd2nC_fss?st=iUQ6kpbVbnJK-bvRJck5FMmEYD0Lhd87gzo61GZplWA&ts=1717747517&e=0"]},{"title":"Predaj 1,5 izbového bytu na sídl. Terasa v Košiciach","address":"Košice II - Západ, okres Košice","rooms":2,"meters":41,"totalPrice":145000,"meterSquarePrice":9,"link":"https://www.nehnutelnosti.sk/detail/JuY4iS-M_BF/predaj-1-5-izboveho-bytu-na-sidl-terasa-v-kosiciach","imagesUrls":["https://img.nehnutelnosti.sk/foto/NjAweDMzOC9maWx0ZXJzOnF1YWxpdHkoMTAwKS9uZWg=/0fpF96Ppl_fss?st=aIs_nCKuoRc3AowGF_agCfyYN_d-Av60qIcrQSgE8ss&ts=1725968957&e=0"]},{"title":"Predaj 4 izbový byt I02 Bývanie Svornosti","address":"Ulica Svornosti, Bratislava II - Podunajské Biskupice, okres Bratislava","rooms":4,"meters":null,"totalPrice":null,"meterSquarePrice":null,"link":"https://www.nehnutelnosti.sk/detail/JusEF4XYxx4/predaj-4-izbovy-byt-i02-byvanie-svornosti","imagesUrls":["https://img.nehnutelnosti.sk/foto/NjAweDMzOC9maWx0ZXJzOnF1YWxpdHkoMTAwKS9uZWg=/ulsqiPlTx4_fss?st=26J9oKr6Rujkj2pR40JXLRYZC0npCFQ0AWx_nmCTBZM&ts=1725706043&e=0"]},{"title":"Predaj 3 izbový byt A02 Bývanie Svornosti","address":"Ulica Svornosti, Bratislava II - Podunajské Biskupice, okres Bratislava","rooms":3,"meters":null,"totalPrice":null,"meterSquarePrice":null,"link":"https://www.nehnutelnosti.sk/detail/Ju8vKG0q0Ck/predaj-3-izbovy-byt-a02-byvanie-svornosti","imagesUrls":["https://img.nehnutelnosti.sk/foto/NjAweDMzOC9maWx0ZXJzOnF1YWxpdHkoMTAwKS9uZWg=/qga4O6vmC_fss?st=LkFQSwx4spBg_HW2sO-B0E7r1A_OOiMdYvHzp-rpQFY&ts=1725706036&e=0"]},{"title":"Útulný 2-izbový byt s balkónom, 52 m², Čapajevova ulica","address":"Čapajevova, Košice II - Západ, okres Košice","rooms":2,"meters":52,"totalPrice":154990,"meterSquarePrice":8,"link":"https://www.nehnutelnosti.sk/detail/JuOdVWMGoyA1/utulny-2-izbovy-byt-s-balkonom-52-m-capajevova-ulica","imagesUrls":["https://img.nehnutelnosti.sk/foto/NjAweDMzOC9maWx0ZXJzOnF1YWxpdHkoMTAwKS9uZWg=/TJpmAD0Uqw_fss?st=rSckto-TZKNn-Gy84VaGgRbSljS3cNh4KKoHU-pm3gg&ts=1726424012&e=0"]},{"title":"Predaj 3 - izb. byt, Bukovecká ul., Košice -Jazero","address":"Bukovecká, Košice IV - Nad jazerom, okres Košice","rooms":3,"meters":70,"totalPrice":165000,"meterSquarePrice":4,"link":"https://www.nehnutelnosti.sk/detail/JuiGRxUi7Pb/predaj-3-izb-byt-bukovecka-ul-kosice-jazero","imagesUrls":["https://img.nehnutelnosti.sk/foto/NjAweDMzOC9maWx0ZXJzOnF1YWxpdHkoMTAwKS9uZWg=/J2kiYYArj_fss?st=NljQxuUDwGPnjeykITmAtfMka6C_DtJHg8EpPvXr1e8&ts=1715945967&e=0"]},{"title":"4 izbový byt v tichej časti Podunajských Biskupíc s výhľadom do parku na Bodrockej ul.","address":"Bodrocká 11, Bratislava II - Podunajské Biskupice, okres Bratislava","rooms":4,"meters":75,"totalPrice":166900,"meterSquarePrice":3,"link":"https://www.nehnutelnosti.sk/detail/JuUx0b5mpk6/4-izbovy-byt-v-tichej-casti-podunajskych-biskupic-s-vyhladom-do-parku-na-bodrockej-ul","imagesUrls":["https://img.unitedclassifieds.sk/foto/NjAweDMzOC9maWx0ZXJzOnF1YWxpdHkoMTAwKS9qdWw=/ZsTuIJCd2_fss?st=MtnRqm02_kp43F-NX1v4tHquHUsrlv-vkogAg4TXH9I&ts=1718985050&e=0"]},{"title":"OS Za Južnou - lokalita Suchý Dub, 5 izbový luxusný terasový byt č.4, v štandardnom prevedení za 443","address":"Trenčín, okres Trenčín","rooms":5,"meters":154,"totalPrice":443000,"meterSquarePrice":6,"link":"https://www.nehnutelnosti.sk/detail/JuHQu02x8Q7/os-za-juznou-lokalita-suchy-dub-5-izbovy-luxusny-terasovy-byt-c-4-v-standardnom-prevedeni-za-443","imagesUrls":["https://img.nehnutelnosti.sk/foto/NjAweDMzOC9maWx0ZXJzOnF1YWxpdHkoMTAwKS9uZWg=/2TabvDu5A_fss?st=G2MIuLjmQ2hspxSOevMFG6eYTpbcAEEWpGBO-tJb2og&ts=1717746681&e=0"]},{"title":"Halalovka 7909/48B na predaj 3-izbový byt č. 36, murovaná pivnica, parkovacie miesto za 195.900 €","address":"Halalovka, Trenčín, okres Trenčín","rooms":3,"meters":81,"totalPrice":195900,"meterSquarePrice":4,"link":"https://www.nehnutelnosti.sk/detail/JusHXlGO-tOz/halalovka-7909-48b-na-predaj-3-izbovy-byt-c-36-murovana-pivnica-parkovacie-miesto-za-195-900","imagesUrls":["https://img.nehnutelnosti.sk/foto/NjAweDMzOC9maWx0ZXJzOnF1YWxpdHkoMTAwKS9uZWg=/FFxY4w6Gq_fss?st=FIIPW_exTixAjFBilk5xKpyDTuso6cCEyv89X9XjU8s&ts=1717746682&e=0"]},{"title":"OS Halalovka BD1 na predaj  2-izbový byt č. 34  za 148.000 €","address":"Halalovka, Trenčín, okres Trenčín","rooms":2,"meters":60,"totalPrice":148000,"meterSquarePrice":9,"link":"https://www.nehnutelnosti.sk/detail/JutwggSfTef/os-halalovka-bd1-na-predaj-2-izbovy-byt-c-34-za-148-000","imagesUrls":["https://img.nehnutelnosti.sk/foto/NjAweDMzOC9maWx0ZXJzOnF1YWxpdHkoMTAwKS9uZWg=/rIa8wsfoX_fss?st=cGuDJw0GbL-hh-AQvOO_lu8Ngt6ibHfRGi5PHng73_8&ts=1717746674&e=0"]},{"title":"Veľký 3i. byt 100m2 SKOLAUDOVANÉ elektrické žalúzie ZDARMA MALACKY","address":"Na Majeri, Malacky, okres Malacky","rooms":3,"meters":83,"totalPrice":228900,"meterSquarePrice":7,"link":"https://www.nehnutelnosti.sk/detail/JuD95RKbrIj/velky-3i-byt-100m2-skolaudovane-elektricke-zaluzie-zdarma-malacky","imagesUrls":["https://img.nehnutelnosti.sk/foto/NjAweDMzOC9maWx0ZXJzOnF1YWxpdHkoMTAwKS9uZWg=/yZ9DEBSuZ_fss?st=gVVvrwp2DCvR8WHMq8MQozjYJwtA-bV6L_3k72nVqVw&ts=1714739520&e=0"]},{"title":"SKOLAUDOVANÉ 2 izb. byt s predzáhradkou v Corvus Malacky","address":"Na majeri, Malacky, okres Malacky","rooms":2,"meters":null,"totalPrice":null,"meterSquarePrice":null,"link":"https://www.nehnutelnosti.sk/detail/Juv3TEnkY8o/skolaudovane-2-izb-byt-s-predzahradkou-v-corvus-malacky","imagesUrls":["https://img.nehnutelnosti.sk/foto/NjAweDMzOC9maWx0ZXJzOnF1YWxpdHkoMTAwKS9uZWg=/f2Xs-RsDT_fss?st=Hwijs96he55Ro7Af-cTeFWBGBqnKUfyPrBLXUWO-JJk&ts=1696070955&e=0"]},{"title":"Priestranný byt v rodinnom dome s vlastným pozemkom v Poluvsí, Rajecké Teplice","address":"Polusie, Rajecké Teplice, okres Žilina","rooms":2,"meters":106,"totalPrice":179000,"meterSquarePrice":8,"link":"https://www.nehnutelnosti.sk/detail/JujkeTNwVfP/priestranny-byt-v-rodinnom-dome-s-vlastnym-pozemkom-v-poluvsi-rajecke-teplice","imagesUrls":["https://img.nehnutelnosti.sk/foto/NjAweDMzOC9maWx0ZXJzOnF1YWxpdHkoMTAwKS9uZWg=/NGTE43B84M_fss?st=RHkZV0v9JK3lwvZLf1lsFhVfkAelHt2v4AXNE6j4U3s&ts=1723020017&e=0"]},{"title":"Úplne nový 2-izbový byt v novostavbe Ovocné sady, Ružinov","address":"Ivanská cesta, Bratislava II - Ružinov, okres Bratislava","rooms":2,"meters":41,"totalPrice":202000,"meterSquarePrice":0,"link":"https://www.nehnutelnosti.sk/detail/JuHkwVzTJeq/uplne-novy-2-izbovy-byt-v-novostavbe-ovocne-sady-ruzinov","imagesUrls":["https://img.nehnutelnosti.sk/foto/NjAweDMzOC9maWx0ZXJzOnF1YWxpdHkoMTAwKS9uZWg=/itCATChSC5_fss?st=WkfjS-K73OYlC_qBfP7ay384a_oEwGvTPLJxAaI3kxA&ts=1723805042&e=0"]},{"title":"Pekný 2 izbový byt v novostavbe s parkovacím miestom Ružinov","address":"Ivanská cesta, Bratislava II - Ružinov, okres Bratislava","rooms":2,"meters":44,"totalPrice":177000,"meterSquarePrice":0,"link":"https://www.nehnutelnosti.sk/detail/JuOTZkWqHZh/pekny-2-izbovy-byt-v-novostavbe-s-parkovacim-miestom-ruzinov","imagesUrls":["https://img.nehnutelnosti.sk/foto/NjAweDMzOC9maWx0ZXJzOnF1YWxpdHkoMTAwKS9uZWg=/AirJ1ZMenE_fss?st=G5JBl7LO4AacT9GZlx2_lY5-Gx4eo2pOHh0aJdGCYM8&ts=1723807995&e=0"]},{"title":"Na predaj 2-izbový byt v centre Martina","address":"L. Novomeského, Martin, okres Martin","rooms":2,"meters":53,"totalPrice":115000,"meterSquarePrice":5,"link":"https://www.nehnutelnosti.sk/detail/Ju3xdK4M_hQ/na-predaj-2-izbovy-byt-v-centre-martina","imagesUrls":["https://img.nehnutelnosti.sk/foto/NjAweDMzOC9maWx0ZXJzOnF1YWxpdHkoMTAwKS9uZWg=/yK98jAXiJO_fss?st=0q-7TMZW4p-DDZO9pYpwJm8uZBqSp6OFPYgpemVEClg&ts=1725384055&e=0"]},{"title":"1izb Ružinov","address":"Ondavská, Bratislava II - Ružinov, okres Bratislava","rooms":1,"meters":34,"totalPrice":160000,"meterSquarePrice":7,"link":"https://www.nehnutelnosti.sk/detail/JuhbzThYbIm/1izb-ruzinov","imagesUrls":["https://img.nehnutelnosti.sk/foto/NjAweDMzOC9maWx0ZXJzOnF1YWxpdHkoMTAwKS9uZWg=/ww_5nkdWV_fss?st=C2qKQLlwtRhHjKQiYsfFVc1qIVV9g_hi8qKeQRaU5nM&ts=1720683456&e=0"]},{"title":"Predaj 2 izbový byt Martin Priekopa","address":"J.Martáka, Martin, okres Martin","rooms":2,"meters":66,"totalPrice":109000,"meterSquarePrice":0,"link":"https://www.nehnutelnosti.sk/detail/JuLh10BXiWJ/predaj-2-izbovy-byt-martin-priekopa","imagesUrls":["https://img.nehnutelnosti.sk/foto/NjAweDMzOC9maWx0ZXJzOnF1YWxpdHkoMTAwKS9uZWg=/eN4XophNdJ_fss?st=3yo1jNb6eM9Li4SUIMOhCRsAlCUSg8iAN9SJOlUdNN0&ts=1700560154&e=0"]},{"title":"Elegantný 3-izbový byt v Rači s vysokými stropmi a výhľadom na zeleň","address":"Hečkova, Bratislava III - Rača, okres Bratislava","rooms":3,"meters":103,"totalPrice":300000,"meterSquarePrice":2,"link":"https://www.nehnutelnosti.sk/detail/JuVU-oMKZuM/elegantny-3-izbovy-byt-v-raci-s-vysokymi-stropmi-a-vyhladom-na-zelen","imagesUrls":["https://img.nehnutelnosti.sk/foto/NjAweDMzOC9maWx0ZXJzOnF1YWxpdHkoMTAwKS9uZWg=/nD3tE4d5Em_fss?st=ONfzKapEDGY8rLsBkt4wlhH0Z0Vh2KdNY6mFU7a9Ygw&ts=1716227248&e=0"]},{"title":"Na predaj 4 izbový byt Martin Centrum","address":"Martin, okres Martin","rooms":4,"meters":109,"totalPrice":179000,"meterSquarePrice":0,"link":"https://www.nehnutelnosti.sk/detail/Juo0_SFCELu/na-predaj-4-izbovy-byt-martin-centrum","imagesUrls":["https://img.nehnutelnosti.sk/foto/NjAweDMzOC9maWx0ZXJzOnF1YWxpdHkoMTAwKS9uZWg=/ap7u6cqEL_fss?st=nG53fn107MDT4I9fKy97De5V9GNkicJDoffnbtVkylY&ts=1722962644&e=0"]},{"title":"Na predaj príjemný 3 izbový byt Klačno - blízko prírody","address":"Liptovská, Ružomberok, okres Ružomberok","rooms":3,"meters":60,"totalPrice":115000,"meterSquarePrice":7,"link":"https://www.nehnutelnosti.sk/detail/Jup5MSdU29C/na-predaj-prijemny-3-izbovy-byt-klacno-blizko-prirody","imagesUrls":["https://img.nehnutelnosti.sk/foto/NjAweDMzOC9maWx0ZXJzOnF1YWxpdHkoMTAwKS9uZWg=/r0aEo_STd_fss?st=2_e4OjEWAS0EJQY_MwNKkqmEJ2I5t9wgLjcZa2zKme0&ts=1708875999&e=0"]}]