[{"title":"FOX - 3 izbový byt * Mozartova ul. * rekonštrukcia * výborná lokalita","address":"Ulica Mozartova, Trnava, okres Trnava","rooms":3,"meters":74,"totalPrice":163000,"meterSquarePrice":0,"link":"https://www.nehnutelnosti.sk/detail/JutvW1hpg6l/fox-3-izbovy-byt-mozartova-ul-rekonstrukcia-vyborna-lokalita","imagesUrls":["https://img.unitedclassifieds.sk/foto/NjAweDMzOC9maWx0ZXJzOnF1YWxpdHkoMTAwKS9qdWw=/bG8uUDIMI_fss?st=9PkuMzhLX6oW6dpm_Qvy56S7am6qe5WDyAcZH3FX2Y0&ts=1724836302&e=0"]},{"title":"REZERVOVANÉ - Garsónka so zasklennou loggiou - Bratislava-Petržalka","address":"Holíčska, Bratislava V - Petržalka, okres Bratislava","rooms":null,"meters":22,"totalPrice":98000,"meterSquarePrice":8,"link":"https://www.nehnutelnosti.sk/detail/JunNI0HT_NV/rezervovane-garsonka-so-zasklennou-loggiou-bratislava-petrzalka","imagesUrls":["https://img.nehnutelnosti.sk/foto/NjAweDMzOC9maWx0ZXJzOnF1YWxpdHkoMTAwKS9uZWg=/bem7U-o0m_fss?st=pIup-x-IhZiYZb95Si8ZwuxLDTe-zWlwt6u1X5RKt8A&ts=1673251400&e=0"]},{"title":"2 izbový byt, TEHLA, praktická dispozícia","address":"Trnavská, Nitra, okres Nitra","rooms":2,"meters":45,"totalPrice":140179,"meterSquarePrice":1,"link":"https://www.nehnutelnosti.sk/detail/Ju6DGcysHif/2-izbovy-byt-tehla-prakticka-dispozicia","imagesUrls":["https://img.nehnutelnosti.sk/foto/NjAweDMzOC9maWx0ZXJzOnF1YWxpdHkoMTAwKS9uZWg=/QC7h7HF86_fss?st=UqDr3mQcS0qNk9d1Ijes6QYm99mZS71OWjg6yWfCemM&ts=1718438523&e=0"]},{"title":"Veľký 3.izbový byt s loggiou - sídlisko Sekčov - ulica Čergovská","address":"Čergovská, Prešov, okres Prešov","rooms":3,"meters":75,"totalPrice":119000,"meterSquarePrice":7,"link":"https://www.nehnutelnosti.sk/detail/Ju0gC1mufF_/velky-3-izbovy-byt-s-loggiou-sidlisko-sekcov-ulica-cergovska","imagesUrls":["https://img.unitedclassifieds.sk/foto/NjAweDMzOC9maWx0ZXJzOnF1YWxpdHkoMTAwKS9qdWw=/nqXmQ9apL_fss?st=kiceZxxoxPYD93-phryo5XutzPC1FoMeP_2iBWzC18E&ts=1724835929&e=0"]},{"title":"PREDANÉ! Exkluzívne na predaj útulný 1-izbový byt s dvoma lodžiami!","address":"Svätoplukova, Púchov, okres Púchov","rooms":1,"meters":35,"totalPrice":80000,"meterSquarePrice":1,"link":"https://www.nehnutelnosti.sk/detail/JufCOUXwDM1/predane-exkluzivne-na-predaj-utulny-1-izbovy-byt-s-dvoma-lodziami","imagesUrls":["https://img.nehnutelnosti.sk/foto/NjAweDMzOC9maWx0ZXJzOnF1YWxpdHkoMTAwKS9uZWg=/WNR88jcIU-_fss?st=HIfXwt1GtO0lUfsjUbHmhQTEYmv23IOoWcFMSWBD4Kc&ts=1719479790&e=0"]},{"title":"DIRECTREAL|NOVÁ CENA2 izbový štartovací byt na predaj","address":"Múzejná, Dunajská Streda, okres Dunajská Streda","rooms":2,"meters":63,"totalPrice":118000,"meterSquarePrice":2,"link":"https://www.nehnutelnosti.sk/detail/JuHybTdPHVC/directreal-nova-cena2-izbovy-startovaci-byt-na-predaj","imagesUrls":["https://img.nehnutelnosti.sk/foto/NjAweDMzOC9maWx0ZXJzOnF1YWxpdHkoMTAwKS9uZWg=/vKeUff7gH_fss?st=N-5lkib7SiTDV0OnVTNJrlkc4DSIZFwNDi9KZfpSNGA&ts=1724835808&e=0"]},{"title":"DIRECTREAL|Štílovo zariadený byt je na predaj","address":"Panónsky háj, Dunajská Streda, okres Dunajská Streda","rooms":2,"meters":57,"totalPrice":129000,"meterSquarePrice":6,"link":"https://www.nehnutelnosti.sk/detail/JukU6OYdtNf/directreal-stilovo-zariadeny-byt-je-na-predaj","imagesUrls":["https://img.nehnutelnosti.sk/foto/NjAweDMzOC9maWx0ZXJzOnF1YWxpdHkoMTAwKS9uZWg=/GaJqzsXkC_fss?st=68dVFDEQMmQmXZHj0TmlWyXHpEjFr975DJYsX0ZqOkA&ts=1727032796&e=0"]},{"title":"Vienna gate 17 poschodie 75 m2 NOVOSTAVBA","address":"Bratislava V - Petržalka, okres Bratislava","rooms":3,"meters":75,"totalPrice":220000,"meterSquarePrice":3,"link":"https://www.nehnutelnosti.sk/detail/JuCJoqmbr4l/vienna-gate-17-poschodie-75-m2-novostavba","imagesUrls":["https://img.nehnutelnosti.sk/foto/NjAweDMzOC9maWx0ZXJzOnF1YWxpdHkoMTAwKS9uZWg=/kH_gs-NdW_fss?st=YnIYLArRMGWyHA9azCKpy7AfkxO4S3DWxRpTbf6bTwo&ts=1716840274&e=0"]},{"title":"Moldava - 3izbový byt , 3.poschodie, 64 m2","address":"Rožňavská, Moldava nad Bodvou, Košice okolie, okres Košice - okolie","rooms":3,"meters":64,"totalPrice":65000,"meterSquarePrice":3,"link":"https://www.nehnutelnosti.sk/detail/JuI-55rjZM0/moldava-3izbovy-byt-3-poschodie-64-m2","imagesUrls":["https://img.unitedclassifieds.sk/foto/NjAweDMzOC9maWx0ZXJzOnF1YWxpdHkoMTAwKS9yc2Y=/6endDMHUL_fss?st=lODQsMyPaQ_B3JjjtfN4YVOIK2o_BLqICIp2o9aEcq8&ts=1667923213&e=0"]},{"title":"NA PREDAJ útulný 1-izbový byt na Mestskej ulici v Bratislave","address":"Mestská, Bratislava III - Nové Mesto, okres Bratislava","rooms":1,"meters":37,"totalPrice":140000,"meterSquarePrice":8,"link":"https://www.nehnutelnosti.sk/detail/Ju-TYHfWSc5/na-predaj-utulny-1-izbovy-byt-na-mestskej-ulici-v-bratislave","imagesUrls":["https://img.unitedclassifieds.sk/foto/NjAweDMzOC9maWx0ZXJzOnF1YWxpdHkoMTAwKS9qdWw=/1KlOj0SSR_fss?st=T6vw8VauLVKLUPcPxUU3MnsJCaZ6f0pyNdGS85of6fQ&ts=1724834191&e=0"]},{"title":"Predaj 3i byt s loggiou na ul Užhorodská 31, 1. pos.","address":"Užhorodská 31, Košice IV - Juh, okres Košice","rooms":3,"meters":64,"totalPrice":168000,"meterSquarePrice":0,"link":"https://www.nehnutelnosti.sk/detail/Ju1fA_YWFy1/predaj-3i-byt-s-loggiou-na-ul-uzhorodska-31-1-pos","imagesUrls":["https://img.nehnutelnosti.sk/foto/NjAweDMzOC9maWx0ZXJzOnF1YWxpdHkoMTAwKS9uZWg=/_uu_lo7bxy_fss?st=vg9EcttN_v2oz8mIuCMRMfng0tMHjEvCBzsXbRvwQSA&ts=1717621641&e=0"]},{"title":"Ponúkame 1 izbový byt v projekte Čerešne Residence, termín dokončenia leto 2026","address":"Polianky, Bratislava IV - Dúbravka, okres Bratislava","rooms":1,"meters":33,"totalPrice":148269,"meterSquarePrice":3,"link":"https://www.nehnutelnosti.sk/detail/JuN-y7VEOOw/ponukame-1-izbovy-byt-v-projekte-ceresne-residence-termin-dokoncenia-leto-2026","imagesUrls":["https://img.nehnutelnosti.sk/foto/NjAweDMzOC9maWx0ZXJzOnF1YWxpdHkoMTAwKS9uZWg=/aqNDJF8lB_fss?st=gaeiiW9457pYuNsxPmW_dJ53gP11MwTZKRzI1z4Fq7M&ts=1717061044&e=0"]},{"title":"Predaj 4-izbový byt, kompletne zariadený, Bratislava - Dúbravka, novostavba Čerešne","address":"Polianky, Bratislava IV - Dúbravka, okres Bratislava","rooms":4,"meters":103,"totalPrice":427430,"meterSquarePrice":1,"link":"https://www.nehnutelnosti.sk/detail/JuQspq2zk9v/predaj-4-izbovy-byt-kompletne-zariadeny-bratislava-dubravka-novostavba-ceresne","imagesUrls":["https://img.nehnutelnosti.sk/foto/NjAweDMzOC9maWx0ZXJzOnF1YWxpdHkoMTAwKS9uZWg=/9J9FqNlFZ3_fss?st=DXv1YUaXZFncXMOdw00jSfoya-993H81H-ZxFJH8nm0&ts=1721310208&e=0"]},{"title":"Čerešne Residence - predaj 3-izbových bytov s vyšším štandardom, Dúbravka","address":"Polianky, Bratislava IV - Dúbravka, okres Bratislava","rooms":3,"meters":74,"totalPrice":303544,"meterSquarePrice":5,"link":"https://www.nehnutelnosti.sk/detail/JufGENOChof/ceresne-residence-predaj-3-izbovych-bytov-s-vyssim-standardom-dubravka","imagesUrls":["https://img.nehnutelnosti.sk/foto/NjAweDMzOC9maWx0ZXJzOnF1YWxpdHkoMTAwKS9uZWg=/o8m6-88pM_fss?st=d0ojSGdy3QhXl7K6FOQ15DYI0JeMdAuJEKhFfxu53BY&ts=1716901714&e=0"]},{"title":"Čerešne Residence - predaj 2-izbových bytov s prémiovým nadštandardom, Dúbravka - Polianky","address":"Polianky, Bratislava IV - Dúbravka, okres Bratislava","rooms":2,"meters":58,"totalPrice":218526,"meterSquarePrice":9,"link":"https://www.nehnutelnosti.sk/detail/Ju6H2XQXGHD/ceresne-residence-predaj-2-izbovych-bytov-s-premiovym-nadstandardom-dubravka-polianky","imagesUrls":["https://img.nehnutelnosti.sk/foto/NjAweDMzOC9maWx0ZXJzOnF1YWxpdHkoMTAwKS9uZWg=/ZueOq4j3h_fss?st=04X6Yh8a1SLkoPnMkoXrepas5MaZA44YOlP6CyMrLkQ&ts=1717759996&e=0"]},{"title":"3 izbový byt s balkónom, 2 poschodie","address":"Slobody, Košice II - Západ, okres Košice","rooms":3,"meters":null,"totalPrice":null,"meterSquarePrice":null,"link":"https://www.nehnutelnosti.sk/detail/JunQQeTBysP/3-izbovy-byt-s-balkonom-2-poschodie","imagesUrls":["https://img.nehnutelnosti.sk/foto/NjAweDMzOC9maWx0ZXJzOnF1YWxpdHkoMTAwKS9uZWg=/TofGRNe30_fss?st=MRdWkiGTaX2JyVuWUjWa3Q-TtKg4_DVWLzi172VJqKc&ts=1720072208&e=0"]},{"title":"Penthouse hneď k odvzdaniu!!! Vysoké, chladené stropy, výborná lokalita  a pivnica v cene. Služby re","address":"Prístavná 1, Bratislava II - Ružinov, okres Bratislava","rooms":4,"meters":133,"totalPrice":624900,"meterSquarePrice":2,"link":"https://www.nehnutelnosti.sk/detail/JuIReN_Vq0V/penthouse-hned-k-odvzdaniu-vysoke-chladene-stropy-vyborna-lokalita-a-pivnica-v-cene-sluzby-re","imagesUrls":["https://img.unitedclassifieds.sk/foto/NjAweDMzOC9maWx0ZXJzOnF1YWxpdHkoMTAwKS9qdWw=/enCHTNMUT_fss?st=IvNUpSNIH2eWZJWtryEsdMf1wjTb7aIsesd3fFrBoN0&ts=1713884039&e=0"]},{"title":"Ponúkame na predaj byt neďaleko Banskej Bystrice","address":"Príboj, Banská Bystrica, okres Banská Bystrica","rooms":1,"meters":33,"totalPrice":69900,"meterSquarePrice":2,"link":"https://www.nehnutelnosti.sk/detail/JuTbvUhvuCe/ponukame-na-predaj-byt-nedaleko-banskej-bystrice","imagesUrls":["https://img.unitedclassifieds.sk/foto/NjAweDMzOC9maWx0ZXJzOnF1YWxpdHkoMTAwKS9yc2Y=/GDLMZ5IN4_fss?st=FVRxkserPu0_Rg6S1EtCGZahFxTANacWG1UzstXaJTI&ts=1649788984&e=0"]},{"title":"Predaj veľký 3 iz byt s balkónom, Ružinov Nivy","address":"Sklenárova, Bratislava II - Ružinov, okres Bratislava","rooms":3,"meters":93,"totalPrice":null,"meterSquarePrice":null,"link":"https://www.nehnutelnosti.sk/detail/JusQRNqEAdl/predaj-velky-3-iz-byt-s-balkonom-ruzinov-nivy","imagesUrls":["https://img.unitedclassifieds.sk/foto/NjAweDMzOC9maWx0ZXJzOnF1YWxpdHkoMTAwKS9qdWw=/xIR1raCfk_fss?st=H9CFTHLeUO1SfOf_l8LeoMAnjr6S4r6n23BryFZJTRw&ts=1724827129&e=0"]},{"title":"PREDAJ bytov v centre Bratislavy na Gunduličovej ulici v lokalite Palisády a Prezidenský palác","address":"Bratislava I - Staré Mesto, okres Bratislava","rooms":null,"meters":null,"totalPrice":null,"meterSquarePrice":null,"link":"https://www.nehnutelnosti.sk/detail/JuTzhfE-wOTA/predaj-bytov-v-centre-bratislavy-na-gundulicovej-ulici-v-lokalite-palisady-a-prezidensky-palac","imagesUrls":["https://img.nehnutelnosti.sk/foto/NjAweDMzOC9maWx0ZXJzOnF1YWxpdHkoMTAwKS9uZWg=/aTcWHqIKU_fss?st=VlifVaUYDUai13vDeLkpAbPETbcyuigBazj9SDsS7I4&ts=1697407416&e=0"]},{"title":"REZERVOVANÝ! 2 i byt + balkón + pivnica v novostavbe za najlepšiu cenu","address":"K lesu, Košice IV - Krásna, okres Košice","rooms":2,"meters":60,"totalPrice":172200,"meterSquarePrice":7,"link":"https://www.nehnutelnosti.sk/detail/Ju9H0z0zeJt/rezervovany-2-i-byt-balkon-pivnica-v-novostavbe-za-najlepsiu-cenu","imagesUrls":["https://img.unitedclassifieds.sk/foto/NjAweDMzOC9maWx0ZXJzOnF1YWxpdHkoMTAwKS9qdWw=/XtLwWeVo8_fss?st=m3OmgN6_54gUAdoC7uvkdszbQLYyTdAs5GhyRtuLVzE&ts=1715321290&e=0"]},{"title":"3i-byt 91,03 m2 s vlastnou záhradou 133 m2","address":"K lesu, Košice IV - Krásna, okres Košice","rooms":3,"meters":79,"totalPrice":259900,"meterSquarePrice":7,"link":"https://www.nehnutelnosti.sk/detail/Junl0CXjPmv/3i-byt-91-03-m2-s-vlastnou-zahradou-133-m2","imagesUrls":["https://img.unitedclassifieds.sk/foto/NjAweDMzOC9maWx0ZXJzOnF1YWxpdHkoMTAwKS9qdWw=/QzcOizA3m_fss?st=xZn6soT8kR0gWnSbU35Z_g30bVkOXsIcWpILhyF3cyo&ts=1699963220&e=0"]},{"title":"Zaujímavý 3i byt v centre Ružomberka na predaj ID- 3B001BD","address":"Scota Viatora, Ružomberok, okres Ružomberok","rooms":3,"meters":80,"totalPrice":147000,"meterSquarePrice":0,"link":"https://www.nehnutelnosti.sk/detail/JuUIyvaYEIF/zaujimavy-3i-byt-v-centre-ruzomberka-na-predaj-id-3b001bd","imagesUrls":["https://img.nehnutelnosti.sk/foto/NjAweDMzOC9maWx0ZXJzOnF1YWxpdHkoMTAwKS9uZWg=/oTXbijD5mH_fss?st=_Zqh1zimloVmrIEhwZg3jb_crzh-Pf4lkzi-Wpth848&ts=1717017204&e=0"]},{"title":"Predaj, 3 izb. byt, lodžia, ul. Pavlovova, Poprad","address":"Pavlovova, Poprad, okres Poprad","rooms":3,"meters":74,"totalPrice":163000,"meterSquarePrice":0,"link":"https://www.nehnutelnosti.sk/detail/JuXyY6HFRUI/predaj-3-izb-byt-lodzia-ul-pavlovova-poprad","imagesUrls":["https://img.nehnutelnosti.sk/foto/NjAweDMzOC9maWx0ZXJzOnF1YWxpdHkoMTAwKS9uZWg=/4NfTdGZVK_fss?st=NdZl_CIlbRQ5z0Nr-8bVXnZsMRAaKlPSpzJKGK6-fOE&ts=1724801269&e=0"]},{"title":"BÝVAJTE V CENTRE BB - nové byty už v predaji","address":"Banská Bystrica, Banská Bystrica, okres Banská Bystrica","rooms":2,"meters":70,"totalPrice":null,"meterSquarePrice":null,"link":"https://www.nehnutelnosti.sk/detail/Ju_t8WCJ2oy/byvajte-v-centre-bb-nove-byty-uz-v-predaji","imagesUrls":["https://img.unitedclassifieds.sk/foto/NjAweDMzOC9maWx0ZXJzOnF1YWxpdHkoMTAwKS9yc2Y=/nIoZCXVeA_fss?st=yT8iyWH5R2mq89KABmwIv4PobS6VOE1kGvl0bVGDC3I&ts=1724780170&e=0"]},{"title":"REZERVOVANE - NA PREDAJ 1i byt v rezidencii Radnica","address":"Strojárenská 11/B, Košice I - Staré Mesto, okres Košice","rooms":1,"meters":28,"totalPrice":145000,"meterSquarePrice":7,"link":"https://www.nehnutelnosti.sk/detail/JuU4hG3pA6l/rezervovane-na-predaj-1i-byt-v-rezidencii-radnica","imagesUrls":["https://img.nehnutelnosti.sk/foto/NjAweDMzOC9maWx0ZXJzOnF1YWxpdHkoMTAwKS9uZWg=/T5OaTjhwP_fss?st=Qi5laD0DFDD4cFtU8GEjaLNhXfaur9dkDNwAPD9iWI8&ts=1724876939&e=0"]},{"title":"Exkluzívne na predaj 3 izbový byt, Sídlisko Ťahanovce, Košice","address":"Berlínska, Košice I - Sídlisko Ťahanovce, okres Košice","rooms":3,"meters":80,"totalPrice":158900,"meterSquarePrice":5,"link":"https://www.nehnutelnosti.sk/detail/Ju6JQhPcjWg/exkluzivne-na-predaj-3-izbovy-byt-sidlisko-tahanovce-kosice","imagesUrls":["https://img.nehnutelnosti.sk/foto/NjAweDMzOC9maWx0ZXJzOnF1YWxpdHkoMTAwKS9uZWg=/5jeOpo64G_fss?st=iBgIS1si60ZrmaWPR9RUHzPEMiaZU4-fbgUTKKx9HUI&ts=1726280414&e=0"]},{"title":"Nestor Capital-Slnečný 3-izbový byt s pekným výhľadom","address":"Mierová, Stará Ľubovňa, okres Stará Ľubovňa","rooms":3,"meters":73,"totalPrice":null,"meterSquarePrice":null,"link":"https://www.nehnutelnosti.sk/detail/JugQNJSoGaU/nestor-capital-slnecny-3-izbovy-byt-s-peknym-vyhladom","imagesUrls":["https://img.unitedclassifieds.sk/foto/NjAweDMzOC9maWx0ZXJzOnF1YWxpdHkoMTAwKS9qdWw=/i0VCn0dn1_fss?st=_yGmkhs4tUydac1OJDsPg9TheBpn2BUyxJk5aa_4Q2Y&ts=1712512930&e=0"]},{"title":"Ponúkame na predaj exkluzívny byt 3 izbový 62,58 m2 s vlastnou pivnicou v novostavbe v centre Ilavy","address":"Pivovarská 453, Ilava, okres Ilava","rooms":3,"meters":62,"totalPrice":138900,"meterSquarePrice":6,"link":"https://www.nehnutelnosti.sk/detail/JuloOyRlv3I/ponukame-na-predaj-exkluzivny-byt-3-izbovy-62-58-m2-s-vlastnou-pivnicou-v-novostavbe-v-centre-ilavy","imagesUrls":["https://img.unitedclassifieds.sk/foto/NjAweDMzOC9maWx0ZXJzOnF1YWxpdHkoMTAwKS9yc2Y=/f_ZboTr4w_fss?st=dlg6rkXFP2UStINFrnMYLDAcUB6hrxXjWIAp1fWxT-s&ts=1677747622&e=0"]},{"title":"Predám 2 izbový byt v centre Piešťan","address":"Nitrianska 7572/20, Piešťany, okres Piešťany","rooms":2,"meters":49,"totalPrice":245000,"meterSquarePrice":0,"link":"https://www.nehnutelnosti.sk/detail/JuzHkHJgqAw/predam-2-izbovy-byt-v-centre-piestan","imagesUrls":["https://img.nehnutelnosti.sk/foto/NjAweDMzOC9maWx0ZXJzOnF1YWxpdHkoMTAwKS9uZWg=/TxQzsWSvd_fss?st=yAlqnrEYyGRGOzD8NWZ9xooGVQqvNofGmYUUPt_0dAc&ts=1693667711&e=0"]}]