[{"title":"RADO | 2 izb. byt 51m2 predzáhradka 45 m2 | Petržalka","address":"Zuzany Chalupovej, Bratislava V - Petržalka, okres Bratislava","rooms":2,"meters":51,"totalPrice":249000,"meterSquarePrice":5,"link":"https://www.nehnutelnosti.sk/detail/Jua7xYc8BKX/rado-2-izb-byt-51m2-predzahradka-45-m2-petrzalka","imagesUrls":["https://img.nehnutelnosti.sk/foto/NjAweDMzOC9maWx0ZXJzOnF1YWxpdHkoMTAwKS9uZWg=/1iP6poCVAh_fss?st=WLDrU_GYhnpqxpAdx4NE9DEV6oeKkGydCLhEbpo5-vE&ts=1726755603&e=0"]},{"title":"HALO reality - Predaj, trojizbový byt Prievidza, P. Dobšinského - EXKLUZÍVNE HALO REALITY","address":"Prievidza, okres Prievidza","rooms":3,"meters":70,"totalPrice":98000,"meterSquarePrice":0,"link":"https://www.nehnutelnosti.sk/detail/JuXf4dVsFA8/halo-reality-predaj-trojizbovy-byt-prievidza-p-dobsinskeho-exkluzivne-halo-reality","imagesUrls":["https://img.nehnutelnosti.sk/foto/NjAweDMzOC9maWx0ZXJzOnF1YWxpdHkoMTAwKS9uZWg=/L-b-TIyAqY_fss?st=UL6919WV3gqeLww4qUeZc1IVQaJizACgOSO_-eElSgg&ts=1726755538&e=0"]},{"title":"Ponúkame Vám na predaj 4 izb. byt na Drobného ulici č. 9 v Bratislave – mestská časť Dúbravka.","address":"Drobného, Bratislava IV - Dúbravka, okres Bratislava","rooms":4,"meters":80,"totalPrice":248000,"meterSquarePrice":8,"link":"https://www.nehnutelnosti.sk/detail/JurpkBnbh_O/ponukame-vam-na-predaj-4-izb-byt-na-drobneho-ulici-c-9-v-bratislave-mestska-cast-dubravka","imagesUrls":["https://img.unitedclassifieds.sk/foto/NjAweDMzOC9maWx0ZXJzOnF1YWxpdHkoMTAwKS9qdWw=/p0yI6Mm5__fss?st=Ln9B8hRtITKBoejgp2gVW7ycUvAjuf-Q5RBbDo89f-k&ts=1726755468&e=0"]},{"title":"4 IZB. MEZONET S VÝHĽADOM NA MALÉ KARPATY, BA IV - DÚBRAVKA","address":"Martina Granca, Bratislava IV - Dúbravka, okres Bratislava","rooms":4,"meters":149,"totalPrice":699000,"meterSquarePrice":8,"link":"https://www.nehnutelnosti.sk/detail/JuwpHmi6wxz/4-izb-mezonet-s-vyhladom-na-male-karpaty-ba-iv-dubravka","imagesUrls":["https://img.unitedclassifieds.sk/foto/NjAweDMzOC9maWx0ZXJzOnF1YWxpdHkoMTAwKS9qdWw=/g-XNBATZp_fss?st=8DdLVzv6Z1BWmya7j6fO8cdDy0WWssXCVMf7TCqehuE&ts=1714460683&e=0"]},{"title":"SLNEČNÝ 3 IZB. BYT S VEĽKORYSÝM BALKÓNOM, BA IV - DÚBRAVKA","address":"Martina Granca, Bratislava IV - Dúbravka, okres Bratislava","rooms":3,"meters":97,"totalPrice":473600,"meterSquarePrice":7,"link":"https://www.nehnutelnosti.sk/detail/JuFcdRtzNoG/slnecny-3-izb-byt-s-velkorysym-balkonom-ba-iv-dubravka","imagesUrls":["https://img.unitedclassifieds.sk/foto/NjAweDMzOC9maWx0ZXJzOnF1YWxpdHkoMTAwKS9qdWw=/tO8qdEsSD_fss?st=m-0uqbbrjvZtxLgECcZhfmpBho8b3Eg5OSgB6R-mUaM&ts=1714461476&e=0"]},{"title":"4 IZB. BYT V KOMORNOM PROJEKTE, BA IV - DÚBRAVKA","address":"Martina Granca, Bratislava IV - Dúbravka, okres Bratislava","rooms":4,"meters":106,"totalPrice":null,"meterSquarePrice":null,"link":"https://www.nehnutelnosti.sk/detail/JukJxbVnb05/4-izb-byt-v-komornom-projekte-ba-iv-dubravka","imagesUrls":["https://img.unitedclassifieds.sk/foto/NjAweDMzOC9maWx0ZXJzOnF1YWxpdHkoMTAwKS9qdWw=/ijKM9q-MAV_fss?st=a1HP37bLaeJj-3sLkV1OLJvVQF_uCuRSK0u_1EfLisc&ts=1714403089&e=0"]},{"title":"PRÉMIOVÝ 4 IZB. BYT SO ZÁHRADOU, BA I – STARÉ MESTO","address":"Vlčkova, Bratislava I - Staré Mesto, okres Bratislava","rooms":4,"meters":128,"totalPrice":1575000,"meterSquarePrice":9,"link":"https://www.nehnutelnosti.sk/detail/JuQpA9awU1b/premiovy-4-izb-byt-so-zahradou-ba-i-stare-mesto","imagesUrls":["https://img.unitedclassifieds.sk/foto/NjAweDMzOC9maWx0ZXJzOnF1YWxpdHkoMTAwKS9qdWw=/YYgxqSwAW_fss?st=ja4kUYYFWbLnRivWPkK87CWvJGppM-tY3HIX9regzA4&ts=1714587432&e=0"]},{"title":"VEĽKOMETRÁŽNY 5 IZB. BYT SO ZÁHRADOU, BA IV - DÚBRAVKA","address":"Martina Granca, Bratislava IV - Dúbravka, okres Bratislava","rooms":5,"meters":193,"totalPrice":null,"meterSquarePrice":null,"link":"https://www.nehnutelnosti.sk/detail/Ju0XF8JUQSB/velkometrazny-5-izb-byt-so-zahradou-ba-iv-dubravka","imagesUrls":["https://img.unitedclassifieds.sk/foto/NjAweDMzOC9maWx0ZXJzOnF1YWxpdHkoMTAwKS9qdWw=/avff1SUd-_fss?st=32-zg2O6MRPTz6U4i8b4KMohw4Ul4jNHTmz8L_BqhFY&ts=1714404557&e=0"]},{"title":"VEĽKORYSÝ 6 IZB. PENTHOUSE S TERASAMI, BA IV - DÚBRAVKA","address":"Martina Granca, Bratislava IV - Dúbravka, okres Bratislava","rooms":5,"meters":220,"totalPrice":null,"meterSquarePrice":null,"link":"https://www.nehnutelnosti.sk/detail/Ju5E1KwgV5C/velkorysy-6-izb-penthouse-s-terasami-ba-iv-dubravka","imagesUrls":["https://img.unitedclassifieds.sk/foto/NjAweDMzOC9maWx0ZXJzOnF1YWxpdHkoMTAwKS9qdWw=/ur8HrOw_5_fss?st=-5l28aD8Y0acNgboNUZp6_80bGcg6chXjlo8JIRZdxg&ts=1714402326&e=0"]},{"title":"VEĽKORYSÝ 4 IZB. BYT NA HRADNOM VRCHU, BA I - STARÉ MESTO","address":"Mudroňova 36, Bratislava I - Staré Mesto, okres Bratislava","rooms":4,"meters":127,"totalPrice":null,"meterSquarePrice":null,"link":"https://www.nehnutelnosti.sk/detail/JuBF3qrObYj/velkorysy-4-izb-byt-na-hradnom-vrchu-ba-i-stare-mesto","imagesUrls":["https://img.unitedclassifieds.sk/foto/NjAweDMzOC9maWx0ZXJzOnF1YWxpdHkoMTAwKS9yc2Y=/bFihOIXaa_fss?st=Pl15cE_-QIaOv5lfMqmTFeyKxgydSOg_1TNhZjGKbuY&ts=1674038136&e=0"]},{"title":"UNIKÁTNY 4 IZB. PENTHOUSE S TERASOU A PANORAMATICKÝM VÝHĽADOM, BA III – KOLIBA","address":"Strážna, Bratislava III - Nové Mesto, okres Bratislava","rooms":4,"meters":118,"totalPrice":null,"meterSquarePrice":null,"link":"https://www.nehnutelnosti.sk/detail/JuaRfnxStWi/unikatny-4-izb-penthouse-s-terasou-a-panoramatickym-vyhladom-ba-iii-koliba","imagesUrls":["https://img.unitedclassifieds.sk/foto/NjAweDMzOC9maWx0ZXJzOnF1YWxpdHkoMTAwKS9qdWw=/gGJoTjM1z_fss?st=E5Ow68O5794sbIg7d2EU0zLwtoxw5hAnYceCm1Fdjvc&ts=1723817717&e=0"]},{"title":"LUXUSNÝ 4-IZB. BYT V REZIDENCII K ŽELEZNEJ STUDIENKE, BAI – STARÉ MESTO","address":"K Železnej studienke, Bratislava I - Staré Mesto, okres Bratislava","rooms":4,"meters":130,"totalPrice":60,"meterSquarePrice":8,"link":"https://www.nehnutelnosti.sk/detail/JunXoiyEgFS/luxusny-4-izb-byt-v-rezidencii-k-zeleznej-studienke-bai-stare-mesto","imagesUrls":["https://img.unitedclassifieds.sk/foto/NjAweDMzOC9maWx0ZXJzOnF1YWxpdHkoMTAwKS9qdWw=/p-HDh7yKu_fss?st=jFM5LYhBe9xq6Js1OSMraIkGObt5EkRVi4AR7_GQ5Hc&ts=1723106510&e=0"]},{"title":"VEĽKORYSÝ  3 IZB. BYT NA MIKULÁŠSKEJ ULICI, BA I - STARÉ MESTO","address":"Mikulášska, Bratislava I - Staré Mesto, okres Bratislava","rooms":3,"meters":106,"totalPrice":null,"meterSquarePrice":null,"link":"https://www.nehnutelnosti.sk/detail/JuemRF2RGP6/velkorysy-3-izb-byt-na-mikulasskej-ulici-ba-i-stare-mesto","imagesUrls":["https://img.unitedclassifieds.sk/foto/NjAweDMzOC9maWx0ZXJzOnF1YWxpdHkoMTAwKS9qdWw=/iMdTLEboo_fss?st=WIBdTgQ7zZtvWDoGj4yD772kl_N9TEk8MZa3puQbXbU&ts=1722344152&e=0"]},{"title":"EXKLUZÍVNE 3-4 IZB. BYTY VO VILE S VÝHĽADOM NA MESTO, BA III - KOLIBA","address":"Strážna, Bratislava III - Nové Mesto, okres Bratislava","rooms":4,"meters":141,"totalPrice":null,"meterSquarePrice":null,"link":"https://www.nehnutelnosti.sk/detail/JugA_GMJVaEp/exkluzivne-3-4-izb-byty-vo-vile-s-vyhladom-na-mesto-ba-iii-koliba","imagesUrls":["https://img.unitedclassifieds.sk/foto/NjAweDMzOC9maWx0ZXJzOnF1YWxpdHkoMTAwKS9qdWw=/DaKmRsuEC_fss?st=0xttefPlUbLovBnLaBQ0Ke0POgMbZJLYIlfnY19O-vs&ts=1708427643&e=0"]},{"title":"PRÉMIOVÝ BYT V UZATVORENOM KOMPLEXE, BA I - STARÉ MESTO","address":"Hriňovská, Bratislava I - Staré Mesto, okres Bratislava","rooms":5,"meters":230,"totalPrice":null,"meterSquarePrice":null,"link":"https://www.nehnutelnosti.sk/detail/JupO52oC7Fy/premiovy-byt-v-uzatvorenom-komplexe-ba-i-stare-mesto","imagesUrls":["https://img.unitedclassifieds.sk/foto/NjAweDMzOC9maWx0ZXJzOnF1YWxpdHkoMTAwKS9qdWw=/wguQ8mEa6_fss?st=9bKYbaZ8_lfEXftBPdRGZLBs-ouRPQZtB9sLVC7iizU&ts=1715099148&e=0"]},{"title":"LUXUSNÝ 2 IZB. BYT POD SLAVÍNOM, BA I - STARÉ MESTO","address":"Vlčkova, Bratislava I - Staré Mesto, okres Bratislava","rooms":2,"meters":61,"totalPrice":711000,"meterSquarePrice":4,"link":"https://www.nehnutelnosti.sk/detail/JuwvG1vlrh2/luxusny-2-izb-byt-pod-slavinom-ba-i-stare-mesto","imagesUrls":["https://img.unitedclassifieds.sk/foto/NjAweDMzOC9maWx0ZXJzOnF1YWxpdHkoMTAwKS9qdWw=/yDoBV1EuN_fss?st=hNuRS7RlnIgt1fEyXa73YbLA9JV0jDhmEdqAEf0PX_o&ts=1714589435&e=0"]},{"title":"JEDINEČNÝ 4-IZB. BYT S DVOMI TERASAMI V REZIDENCII K ŽELEZNEJ STUDIENKE, BA I - STARÉ MESTO","address":"K Železnej studienke, Bratislava I - Staré Mesto, okres Bratislava","rooms":4,"meters":131,"totalPrice":1081714,"meterSquarePrice":6,"link":"https://www.nehnutelnosti.sk/detail/Juy3ODMn8tA/jedinecny-4-izb-byt-s-dvomi-terasami-v-rezidencii-k-zeleznej-studienke-ba-i-stare-mesto","imagesUrls":["https://img.unitedclassifieds.sk/foto/NjAweDMzOC9maWx0ZXJzOnF1YWxpdHkoMTAwKS9qdWw=/0wOrbFUbV_fss?st=2ekgb_vxl_600ZoTLlkrtwwlbOph_jWthno5TWKqtrw&ts=1723107156&e=0"]},{"title":"EXKLUZÍVNY 3-IZB. BYT V REZIDENCII K ŽELEZNEJ STUDIENKE, BA I - STARÉ MESTO","address":"K Železnej studienke, Bratislava I - Staré Mesto, okres Bratislava","rooms":3,"meters":94,"totalPrice":24,"meterSquarePrice":8,"link":"https://www.nehnutelnosti.sk/detail/JuC1dYuMpEj/exkluzivny-3-izb-byt-v-rezidencii-k-zeleznej-studienke-ba-i-stare-mesto","imagesUrls":["https://img.unitedclassifieds.sk/foto/NjAweDMzOC9maWx0ZXJzOnF1YWxpdHkoMTAwKS9qdWw=/z_G6xN0lo_fss?st=JdsHkRDbxk-SjlP6Bmc9Nr0HW1x7MxlSgEzt9CbHNQ4&ts=1723106541&e=0"]},{"title":"ULTIMÁTNY 5 IZB. PENTHOUSE V EUROVEA S VÝHĽADOM NA DUNAJ, BA I – STARÉ MESTO","address":"Pribinova, Bratislava I - Staré Mesto, okres Bratislava","rooms":5,"meters":346,"totalPrice":null,"meterSquarePrice":null,"link":"https://www.nehnutelnosti.sk/detail/JuSZ49lTDfJ/ultimatny-5-izb-penthouse-v-eurovea-s-vyhladom-na-dunaj-ba-i-stare-mesto","imagesUrls":["https://img.unitedclassifieds.sk/foto/NjAweDMzOC9maWx0ZXJzOnF1YWxpdHkoMTAwKS9qdWw=/ENUap7qyZ_fss?st=UE7XY0OS02xkJwsnNJfBzxx0pC9s1tQYdq2G8Z693cY&ts=1722417464&e=0"]},{"title":"VEĽKORYSÝ 4 IZB. BYT PRI HORSKOM PARKU, BA I - STARÉ MESTO","address":"Hriňovská, Bratislava I - Staré Mesto, okres Bratislava","rooms":4,"meters":155,"totalPrice":null,"meterSquarePrice":null,"link":"https://www.nehnutelnosti.sk/detail/Juk4lqCuHbl/velkorysy-4-izb-byt-pri-horskom-parku-ba-i-stare-mesto","imagesUrls":["https://img.unitedclassifieds.sk/foto/NjAweDMzOC9maWx0ZXJzOnF1YWxpdHkoMTAwKS9qdWw=/ReTPB47BU_fss?st=EbB3XFaisrV3qAhGJjKwCZQMRDdYQ-zWYyvNrGI4pMQ&ts=1711467184&e=0"]},{"title":"STAROMESTSKÝ BYT PRI HOTELI CARLTON, BA I – STARÉ MESTO","address":"Hviezdoslavovo námestie, Bratislava I - Staré Mesto, okres Bratislava","rooms":2,"meters":75,"totalPrice":470000,"meterSquarePrice":7,"link":"https://www.nehnutelnosti.sk/detail/Ju-1vOuDnzV/staromestsky-byt-pri-hoteli-carlton-ba-i-stare-mesto","imagesUrls":["https://img.unitedclassifieds.sk/foto/NjAweDMzOC9maWx0ZXJzOnF1YWxpdHkoMTAwKS9qdWw=/j1lvSBP_q_fss?st=_UOiJAh1UXG2lkcXdFvT9HMTcJUxItv4sXV-JuAc4G8&ts=1717486406&e=0"]},{"title":"EXKLUZÍVNY 4 IZB. BYT V MESTSKEJ VILE, BA I - STARÉ MESTO","address":"Vlčkova, Bratislava I - Staré Mesto, okres Bratislava","rooms":4,"meters":128,"totalPrice":1449000,"meterSquarePrice":1,"link":"https://www.nehnutelnosti.sk/detail/JukuP_vjtqf/exkluzivny-4-izb-byt-v-mestskej-vile-ba-i-stare-mesto","imagesUrls":["https://img.unitedclassifieds.sk/foto/NjAweDMzOC9maWx0ZXJzOnF1YWxpdHkoMTAwKS9qdWw=/I7KT7QqW-_fss?st=15_Ewv4msWh1dzcfh0euQqyI3M9Cu36OjEelpazd0Lw&ts=1714588478&e=0"]},{"title":"EXKLUZÍVNY 4 IZB. BYT S TERASOU V PRIVÁTNEJ VILE, BA III - KOLIBA","address":"Strážna, Bratislava III - Nové Mesto, okres Bratislava","rooms":4,"meters":108,"totalPrice":null,"meterSquarePrice":null,"link":"https://www.nehnutelnosti.sk/detail/Juky3ACnPMx/exkluzivny-4-izb-byt-s-terasou-v-privatnej-vile-ba-iii-koliba","imagesUrls":["https://img.unitedclassifieds.sk/foto/NjAweDMzOC9maWx0ZXJzOnF1YWxpdHkoMTAwKS9qdWw=/lOm4-Fxx2_fss?st=tOvdtqvHZM2xcMdP3N4VQora47vknQH85gvj_yfPn8U&ts=1708431835&e=0"]},{"title":"VEĽKORYSÝ 5 IZB. BYT NA SKLENÁRSKEJ, BA I – STARÉ MESTO","address":"Sklenárska, Bratislava I - Staré Mesto, okres Bratislava","rooms":5,"meters":145,"totalPrice":849000,"meterSquarePrice":7,"link":"https://www.nehnutelnosti.sk/detail/JuKTylAg0Mw/velkorysy-5-izb-byt-na-sklenarskej-ba-i-stare-mesto","imagesUrls":["https://img.unitedclassifieds.sk/foto/NjAweDMzOC9maWx0ZXJzOnF1YWxpdHkoMTAwKS9qdWw=/9C8xzgGR4_fss?st=PvfmdqK5uttKloF1Pd6Fc3ghAXpZgurHDb3xi-OLjjI&ts=1724927452&e=0"]},{"title":"ŠTÝLOVÝ 3 IZB. BYT S DIZAJNOVÝMI PRVKAMI, BA I – Staré Mesto","address":"Podjavorinskej, Bratislava I - Staré Mesto, okres Bratislava","rooms":3,"meters":110,"totalPrice":null,"meterSquarePrice":null,"link":"https://www.nehnutelnosti.sk/detail/JuI4huwKYF_/stylovy-3-izb-byt-s-dizajnovymi-prvkami-ba-i-stare-mesto","imagesUrls":["https://img.unitedclassifieds.sk/foto/NjAweDMzOC9maWx0ZXJzOnF1YWxpdHkoMTAwKS9qdWw=/A_1NgrQhU_fss?st=NBfv0-MUxFGJ3wTGPtkp-J5ZWu0-n4cejOeGTrqtcPE&ts=1722415807&e=0"]},{"title":"VEĽKOLEPÝ 3 IZB. BYT V OBĽÚBENOM PROSTREDÍ RUŽINOVA, BA II – RUŽINOV","address":"Tomášikova, Bratislava II - Ružinov, okres Bratislava","rooms":3,"meters":154,"totalPrice":625951,"meterSquarePrice":0,"link":"https://www.nehnutelnosti.sk/detail/JuXdKgieIR-/velkolepy-3-izb-byt-v-oblubenom-prostredi-ruzinova-ba-ii-ruzinov","imagesUrls":["https://img.unitedclassifieds.sk/foto/NjAweDMzOC9maWx0ZXJzOnF1YWxpdHkoMTAwKS9qdWw=/1McqvsCTe_fss?st=RBlka5q-G9gaqUMxbw2duxz5Lsnzsy7F3WErMIIybks&ts=1715795763&e=0"]},{"title":"4-IZB. PENTHOUSE SO SLNEČNOU TERASOU V REZIDENCII K ŽELEZNEJ STUDIENKE, BA I - STARÉ MESTO","address":"K Železnej studienke, Bratislava I - Staré Mesto, okres Bratislava","rooms":4,"meters":195,"totalPrice":1437790,"meterSquarePrice":8,"link":"https://www.nehnutelnosti.sk/detail/Ju4oaNjtAUr/4-izb-penthouse-so-slnecnou-terasou-v-rezidencii-k-zeleznej-studienke-ba-i-stare-mesto","imagesUrls":["https://img.unitedclassifieds.sk/foto/NjAweDMzOC9maWx0ZXJzOnF1YWxpdHkoMTAwKS9qdWw=/0YK1WMHUC_fss?st=QYHUaNUoQrL54fsGSITI4dbGdg5AVaiPnerMorGFtIs&ts=1723107811&e=0"]},{"title":"PRÉMIOVÝ 3 IZB. BYT S TERASOU A PREDZÁHRADKOU, BA III - KOLIBA","address":"Strážna, Bratislava III - Nové Mesto, okres Bratislava","rooms":3,"meters":101,"totalPrice":null,"meterSquarePrice":null,"link":"https://www.nehnutelnosti.sk/detail/JuiQY4GzyYh/premiovy-3-izb-byt-s-terasou-a-predzahradkou-ba-iii-koliba","imagesUrls":["https://img.unitedclassifieds.sk/foto/NjAweDMzOC9maWx0ZXJzOnF1YWxpdHkoMTAwKS9qdWw=/NGrc-Tf5a_fss?st=bL_3VuAXvUcJSZZyp9fwx9AULqd9W7S1ygcWvURQh6Y&ts=1708428913&e=0"]},{"title":"JEDINEČNÝ 4 IZB. MEZONET S TERASAMI, BA III - KOLIBA","address":"Strážna, Bratislava III - Nové Mesto, okres Bratislava","rooms":4,"meters":129,"totalPrice":null,"meterSquarePrice":null,"link":"https://www.nehnutelnosti.sk/detail/JuqujWIFWhX/jedinecny-4-izb-mezonet-s-terasami-ba-iii-koliba","imagesUrls":["https://img.unitedclassifieds.sk/foto/NjAweDMzOC9maWx0ZXJzOnF1YWxpdHkoMTAwKS9qdWw=/vJJ-dWecao_fss?st=VI7_vm4rfGN6rVnPSkxSLKGLPIarmAnohFt95BCh1Vw&ts=1708429582&e=0"]},{"title":"3 IZB. BYT S TERASOU A PANORAMATICKÝM VÝHĽADOM NA MESTO, BA III - KOLIBA","address":"Strážna, Bratislava III - Nové Mesto, okres Bratislava","rooms":3,"meters":110,"totalPrice":null,"meterSquarePrice":null,"link":"https://www.nehnutelnosti.sk/detail/JuLM3G6bSmn/3-izb-byt-s-terasou-a-panoramatickym-vyhladom-na-mesto-ba-iii-koliba","imagesUrls":["https://img.unitedclassifieds.sk/foto/NjAweDMzOC9maWx0ZXJzOnF1YWxpdHkoMTAwKS9qdWw=/hUvXUZUxO_fss?st=dGSRwuxLSCsnBUnkdJL2Ldy3gRdtjWodH8R-mFu30wU&ts=1718358133&e=0"]}]