[{"title":"2 izbový byt s vlastným kúrením a priestrannou garážou v Senci","address":"Záhradnícka, Senec, okres Senec","rooms":2,"meters":53,"totalPrice":150000,"meterSquarePrice":6,"link":"https://www.nehnutelnosti.sk/detail/JuvxCYZWJOZ/2-izbovy-byt-s-vlastnym-kurenim-a-priestrannou-garazou-v-senci","imagesUrls":["https://img.nehnutelnosti.sk/foto/NjAweDMzOC9maWx0ZXJzOnF1YWxpdHkoMTAwKS9uZWg=/OVyNF9Uf7_fss?st=CwHt465j5HubLcuPMBddZHibEwG9gMeOae4ywsEbLv4&ts=1723054465&e=0"]},{"title":"Exkluzívny domov - Prestížne bývanie v srdci Trenčína ????✨","address":"M. Nešpora, Trenčín, okres Trenčín","rooms":4,"meters":126,"totalPrice":420000,"meterSquarePrice":0,"link":"https://www.nehnutelnosti.sk/detail/Ju2_qdpnDyS/exkluzivny-domov-prestizne-byvanie-v-srdci-trencina","imagesUrls":["https://img.nehnutelnosti.sk/foto/NjAweDMzOC9maWx0ZXJzOnF1YWxpdHkoMTAwKS9uZWg=/AK2IhjVEA_fss?st=0WBvkd1RvzBnqu1lIP0_0oEOjeP8g0QHysxVIBws4IM&ts=1726676472&e=0"]},{"title":"3 izb. Byt na SNP","address":"Čadca, okres Čadca","rooms":3,"meters":76,"totalPrice":119000,"meterSquarePrice":6,"link":"https://www.nehnutelnosti.sk/detail/Ju2GGQH6CHp/3-izb-byt-na-snp","imagesUrls":[]},{"title":"2 IZBOVÝ TEHLOVÝ BYT, BEZBARIÉROVÝ VSTUP, 55 M2,PREŠOV,ŠIRŠIE CENTRUM","address":"Prešov, okres Prešov","rooms":2,"meters":55,"totalPrice":null,"meterSquarePrice":null,"link":"https://www.nehnutelnosti.sk/detail/JudHbnQ23NO/2-izbovy-tehlovy-byt-bezbarierovy-vstup-55-m2-presov-sirsie-centrum","imagesUrls":["https://img.nehnutelnosti.sk/foto/NjAweDMzOC9maWx0ZXJzOnF1YWxpdHkoMTAwKS9uZWg=/yAQXUhTWl_fss?st=vVnGMGL0gu08Rdi0ApPOdIcNVsptBu4NOo1-RZEFMUs&ts=1725987359&e=0"]},{"title":"Historický byt v centre mesta, Palackého, Košice","address":"Palackého, Košice I - Staré Mesto, okres Košice","rooms":5,"meters":200,"totalPrice":414000,"meterSquarePrice":0,"link":"https://www.nehnutelnosti.sk/detail/JuczsUBgob_/historicky-byt-v-centre-mesta-palackeho-kosice","imagesUrls":["https://img.nehnutelnosti.sk/foto/NjAweDMzOC9maWx0ZXJzOnF1YWxpdHkoMTAwKS9uZWg=/9dcBr4h8W_fss?st=SEge2HP8VZfPrGEgQNt7UAk4Xei88QEYmctAWi6f8WY&ts=1726675309&e=0"]},{"title":"PREDAJ - investičný 2-izbový byt BA I.- Staré Mesto","address":"Ferienčíkova, Bratislava I - Staré Mesto, okres Bratislava","rooms":2,"meters":113,"totalPrice":226000,"meterSquarePrice":0,"link":"https://www.nehnutelnosti.sk/detail/JuA1S7n3Fj9/predaj-investicny-2-izbovy-byt-ba-i-stare-mesto","imagesUrls":["https://img.unitedclassifieds.sk/foto/NjAweDMzOC9maWx0ZXJzOnF1YWxpdHkoMTAwKS9qdWw=/rAu6bJxhX_fss?st=z6_PutqUuC4ixazIU0C8vMbwkBSISc8CKMHEDMo_8Yg&ts=1726674909&e=0"]},{"title":"PREDAJ - priestranný 3-izb.byt BA II.- Trnavská","address":"Trnavská cesta, Bratislava II - Ružinov, okres Bratislava","rooms":3,"meters":85,"totalPrice":234000,"meterSquarePrice":4,"link":"https://www.nehnutelnosti.sk/detail/JuABO0VaoQo/predaj-priestranny-3-izb-byt-ba-ii-trnavska","imagesUrls":["https://img.unitedclassifieds.sk/foto/NjAweDMzOC9maWx0ZXJzOnF1YWxpdHkoMTAwKS9qdWw=/em2snNtl__fss?st=pNcP7EWh2X8h-NTRcziar1r-t5mJH9GsjR_jW8d3LVk&ts=1724960108&e=0"]},{"title":"4-IZB.  BYT, 90 m2, Balkón, Pivnica, Záhradka, Garáž, Urmince","address":"Tichá, Urmince, okres Topoľčany","rooms":4,"meters":90,"totalPrice":92990,"meterSquarePrice":2,"link":"https://www.nehnutelnosti.sk/detail/JuIYLEXHzgv/4-izb-byt-90-m2-balkon-pivnica-zahradka-garaz-urmince","imagesUrls":["https://img.nehnutelnosti.sk/foto/NjAweDMzOC9maWx0ZXJzOnF1YWxpdHkoMTAwKS9uZWg=/dH3QGVmqxX_fss?st=aomqAgZD6GsiRQCWHq-I3eaU85-7Jo7x_AaLqApBBKw&ts=1726674413&e=0"]},{"title":"PREDAJ-príjemný 3 izbový byt v Poprade, lokalita Starý Juh","address":"Svätoplukova, Poprad, okres Poprad","rooms":3,"meters":67,"totalPrice":141999,"meterSquarePrice":9,"link":"https://www.nehnutelnosti.sk/detail/Juo6OPKjc3O/predaj-prijemny-3-izbovy-byt-v-poprade-lokalita-stary-juh","imagesUrls":["https://img.nehnutelnosti.sk/foto/NjAweDMzOC9maWx0ZXJzOnF1YWxpdHkoMTAwKS9uZWg=/4Oi0qvdMt_fss?st=peaGojltheLY56Nl4X_dlq8uI9Ojw838etQEdzjo-Pc&ts=1726674408&e=0"]},{"title":"Čiastočne zrekonštruovaný 3- izbový byt na Romanovej ulici","address":"Romanova, Bratislava V - Petržalka, okres Bratislava","rooms":3,"meters":72,"totalPrice":190000,"meterSquarePrice":9,"link":"https://www.nehnutelnosti.sk/detail/JuUNCK5-Qrs/ciastocne-zrekonstruovany-3-izbovy-byt-na-romanovej-ulici","imagesUrls":["https://img.nehnutelnosti.sk/foto/NjAweDMzOC9maWx0ZXJzOnF1YWxpdHkoMTAwKS9uZWg=/jHSpztxJ6_fss?st=rJ3vg2xTNh2f-pCEFImOSFVyOyd08Z-WnJCOvlips9I&ts=1726674405&e=0"]},{"title":"NOVÝ MAJER: Na predaj moderný 2-izbový byt s balkónom v rezidenčnom projekte","address":"Jána Langoša, Bratislava IV - Lamač, okres Bratislava","rooms":2,"meters":54,"totalPrice":139650,"meterSquarePrice":8,"link":"https://www.nehnutelnosti.sk/detail/JuEEEqhot9N/novy-majer-na-predaj-moderny-2-izbovy-byt-s-balkonom-v-rezidencnom-projekte","imagesUrls":["https://img.unitedclassifieds.sk/foto/NjAweDMzOC9maWx0ZXJzOnF1YWxpdHkoMTAwKS9qdWw=/9MYid8Khi_fss?st=gmE-d-MELtzVwdsuxpFuwTxKoIjjiwmL_Ivn0vehFwE&ts=1725277127&e=0"]},{"title":"Na predaj 2-izbový byt v príjemnej lokalite v Poprade","address":"Rastislavova, Poprad, okres Poprad","rooms":2,"meters":50,"totalPrice":111900,"meterSquarePrice":6,"link":"https://www.nehnutelnosti.sk/detail/Juc7b2xOibC/na-predaj-2-izbovy-byt-v-prijemnej-lokalite-v-poprade","imagesUrls":["https://img.unitedclassifieds.sk/foto/NjAweDMzOC9maWx0ZXJzOnF1YWxpdHkoMTAwKS9qdWw=/Dey5bs9Fd_fss?st=b-eUzvxK8QVVFBszBV6VpMtA9NDVsNgmfeIUNbNdHPA&ts=1725534976&e=0"]},{"title":"3 izbovy byt v Novej Lesnej, vhodný aj na prenájom","address":"Horská, Nová Lesná, okres Poprad","rooms":3,"meters":70,"totalPrice":136999,"meterSquarePrice":3,"link":"https://www.nehnutelnosti.sk/detail/JuK332_7HPl/3-izbovy-byt-v-novej-lesnej-vhodny-aj-na-prenajom","imagesUrls":["https://img.nehnutelnosti.sk/foto/NjAweDMzOC9maWx0ZXJzOnF1YWxpdHkoMTAwKS9uZWg=/6yU5ebpsf_fss?st=AF151c8cHhlKc-Uzqt4PnkeOJbKDhxtKE9fVqND3Hq0&ts=1726673809&e=0"]},{"title":"Na predaj 1 izbový byt - Dvorkinova ulica, Košice - Dargovských hrdinov","address":"Dvorkinova, Košice III - Dargovských Hrdinov, okres Košice","rooms":1,"meters":40,"totalPrice":140000,"meterSquarePrice":0,"link":"https://www.nehnutelnosti.sk/detail/Ju8EuuUJ9Tf/na-predaj-1-izbovy-byt-dvorkinova-ulica-kosice-dargovskych-hrdinov","imagesUrls":["https://img.nehnutelnosti.sk/foto/NjAweDMzOC9maWx0ZXJzOnF1YWxpdHkoMTAwKS9uZWg=/kIm19RJbB_fss?st=TsmdOUdpzbJvi5IgtLgugZFYN01grMoMf1aGpJHHF58&ts=1726397350&e=0"]},{"title":"Na predaj 1 izbový byt - Maurerova ulica, Košice - Západ","address":"Maurerova, Košice III - Dargovských Hrdinov, okres Košice","rooms":1,"meters":40,"totalPrice":145000,"meterSquarePrice":5,"link":"https://www.nehnutelnosti.sk/detail/JuDgEjk8wye/na-predaj-1-izbovy-byt-maurerova-ulica-kosice-zapad","imagesUrls":["https://img.nehnutelnosti.sk/foto/NjAweDMzOC9maWx0ZXJzOnF1YWxpdHkoMTAwKS9uZWg=/3b2aygyzvv_fss?st=RUbV8iKQLIKKo0nBfmUZpei8pNAPxfbLjemK-leU5y4&ts=1726397352&e=0"]},{"title":"Na predaj 2 izbový byt v pôvodnom stave | KUSTROVA UL. | KOŠICE - SEVER","address":"Kustrova, Košice I - Sever, okres Košice","rooms":2,"meters":55,"totalPrice":165000,"meterSquarePrice":0,"link":"https://www.nehnutelnosti.sk/detail/Ju93ubXXxOD/na-predaj-2-izbovy-byt-v-povodnom-stave-kustrova-ul-kosice-sever","imagesUrls":["https://img.nehnutelnosti.sk/foto/NjAweDMzOC9maWx0ZXJzOnF1YWxpdHkoMTAwKS9uZWg=/gksZs_SvXp_fss?st=DxPlE9tki0yuEnr2WRlii1ocLjvDHFLjJYoIhbKAqlg&ts=1726088474&e=0"]},{"title":"Na predaj 3-izbový byt, Bukureštská ulica, sídlisko Ťahanovce.","address":"Bukurešťská, Košice I - Sídlisko Ťahanovce, okres Košice","rooms":3,"meters":63,"totalPrice":148000,"meterSquarePrice":1,"link":"https://www.nehnutelnosti.sk/detail/JuzuIJo-qvu/na-predaj-3-izbovy-byt-bukurestska-ulica-sidlisko-tahanovce","imagesUrls":["https://img.nehnutelnosti.sk/foto/NjAweDMzOC9maWx0ZXJzOnF1YWxpdHkoMTAwKS9uZWg=/iaxWEQwDKG_fss?st=Eu0kpIj9GqZjV-6j0jk-W0ov1SbLDIJRSOCUETQqCGw&ts=1727029269&e=0"]},{"title":"Na predaj/Eladó 3 izbový byt Štúrovo","address":"Gaštanová, Štúrovo, okres Nové Zámky","rooms":3,"meters":62,"totalPrice":76000,"meterSquarePrice":1,"link":"https://www.nehnutelnosti.sk/detail/JuhnbpWeqV3/na-predaj-elado-3-izbovy-byt-sturovo","imagesUrls":["https://img.nehnutelnosti.sk/foto/NjAweDMzOC9maWx0ZXJzOnF1YWxpdHkoMTAwKS9uZWg=/MYIV-I6vT_fss?st=ZFW05Ao7BswD3Jg3YzaWdzJSqsi9zJvHGurO7ZM9GeA&ts=1725957853&e=0"]},{"title":"Na predaj 2 izbový byt v meste Púchov","address":"Pribinova, Púchov, okres Púchov","rooms":2,"meters":62,"totalPrice":119000,"meterSquarePrice":5,"link":"https://www.nehnutelnosti.sk/detail/JuvSNzB-_PI/na-predaj-2-izbovy-byt-v-meste-puchov","imagesUrls":["https://img.nehnutelnosti.sk/foto/NjAweDMzOC9maWx0ZXJzOnF1YWxpdHkoMTAwKS9uZWg=/h8x3f7hjv_fss?st=M6SIb14M7cKPzEhEBa7LzG8YSGdloqDXo4ttf4gkuSA&ts=1726180254&e=0"]},{"title":"NA PREDAJ VEĽKÝ 4 IZBOVÝ BYT S DVOMA LOGGIAMI | 88m2 + LOGGIE | HELSINSKÁ UL.","address":"Helsinská, Košice I - Sídlisko Ťahanovce, okres Košice","rooms":4,"meters":96,"totalPrice":194900,"meterSquarePrice":1,"link":"https://www.nehnutelnosti.sk/detail/Ju4puIIXhEX/na-predaj-velky-4-izbovy-byt-s-dvoma-loggiami-88m2-loggie-helsinska-ul","imagesUrls":["https://img.nehnutelnosti.sk/foto/NjAweDMzOC9maWx0ZXJzOnF1YWxpdHkoMTAwKS9uZWg=/lkXswNvB__fss?st=-DM-H232iph296ZuSvycJBBCfAkpyl1llds0M2iUWoo&ts=1725892701&e=0"]},{"title":"NA PREDAJ 3 IZBOVÝ BYT PRAŽSKÉHO TYPU PO KOMPLETNEJ REKONŠTRUKCII | BRANISKOVÁ | STARÉ MESTO","address":"Branisková, Košice I - Staré Mesto, okres Košice","rooms":3,"meters":68,"totalPrice":204990,"meterSquarePrice":6,"link":"https://www.nehnutelnosti.sk/detail/JuxFPtyYG9R/na-predaj-3-izbovy-byt-prazskeho-typu-po-kompletnej-rekonstrukcii-braniskova-stare-mesto","imagesUrls":["https://img.nehnutelnosti.sk/foto/NjAweDMzOC9maWx0ZXJzOnF1YWxpdHkoMTAwKS9uZWg=/vSjZs8Exqz_fss?st=dlGjiBdQX4gOU-6vgDZ_6t-RS0sykmrbNw_SwQipuEI&ts=1725373724&e=0"]},{"title":"Ponúkame na predaj 1 izbový byt, Košice-Západ, Ružínska","address":"Ružínska, Košice II - Západ, okres Košice","rooms":1,"meters":24,"totalPrice":94000,"meterSquarePrice":7,"link":"https://www.nehnutelnosti.sk/detail/Jucj-LCR2gQ/ponukame-na-predaj-1-izbovy-byt-kosice-zapad-ruzinska","imagesUrls":["https://img.nehnutelnosti.sk/foto/NjAweDMzOC9maWx0ZXJzOnF1YWxpdHkoMTAwKS9uZWg=/REuRYNZF8_fss?st=q5-flyOnkK99IJkqd8peYctm5jnneBnsQft8z_Y4hQI&ts=1727030268&e=0"]},{"title":"REZERVOVANÝ Na predaj 3 izbový byt ul. SNP Rozhanovce, Košice-okolie","address":"Rozhanovce, Košice okolie, okres Košice - okolie","rooms":3,"meters":63,"totalPrice":115000,"meterSquarePrice":0,"link":"https://www.nehnutelnosti.sk/detail/JuJIkG8pHi6/rezervovany-na-predaj-3-izbovy-byt-ul-snp-rozhanovce-kosice-okolie","imagesUrls":["https://img.nehnutelnosti.sk/foto/NjAweDMzOC9maWx0ZXJzOnF1YWxpdHkoMTAwKS9uZWg=/sWMyKH0JZ_fss?st=ebv0foU0MK7qVhQmSr_l6fFdv7bnL-pisGrAb9bp_PM&ts=1725020546&e=0"]},{"title":"REZERVOVANÉ | 3 IZBOVÝ BYT VO VYNIKAJÚCEJ LOKALITE | HUMENSKÁ ULICA | KOŠICE - ZÁPAD","address":"Humenská, Košice II - Západ, okres Košice","rooms":3,"meters":66,"totalPrice":179990,"meterSquarePrice":2,"link":"https://www.nehnutelnosti.sk/detail/JuKEohNmLHQ/rezervovane-3-izbovy-byt-vo-vynikajucej-lokalite-humenska-ulica-kosice-zapad","imagesUrls":["https://img.nehnutelnosti.sk/foto/NjAweDMzOC9maWx0ZXJzOnF1YWxpdHkoMTAwKS9uZWg=/KiV15HqbwJ_fss?st=cMo3KoYCoKus6WdCmc63GAckjwc7Hui1skXz6zgXr38&ts=1725286940&e=0"]},{"title":"Ponúkam na predaj 1 1/2 izbový byt na Južnej Triede","address":"Južná Trieda, Košice IV - Juh, okres Košice","rooms":2,"meters":40,"totalPrice":139000,"meterSquarePrice":5,"link":"https://www.nehnutelnosti.sk/detail/JuwpGgjPY4W/ponukam-na-predaj-1-1-2-izbovy-byt-na-juznej-triede","imagesUrls":["https://img.nehnutelnosti.sk/foto/NjAweDMzOC9maWx0ZXJzOnF1YWxpdHkoMTAwKS9uZWg=/J_WkjrdRr_fss?st=hQIMeMjZ4GrHD2BDO9C7DQTmd_TPIS7c8vGYB5ZOSzs&ts=1724761350&e=0"]},{"title":"Veľký 2-izbový Investičný byt - Jarná ul.","address":"Jarná, Košice I - Staré Mesto, okres Košice","rooms":2,"meters":65,"totalPrice":163000,"meterSquarePrice":9,"link":"https://www.nehnutelnosti.sk/detail/JuOfi5INwTu/velky-2-izbovy-investicny-byt-jarna-ul","imagesUrls":["https://img.nehnutelnosti.sk/foto/NjAweDMzOC9maWx0ZXJzOnF1YWxpdHkoMTAwKS9uZWg=/fizTLrowC_fss?st=_dof7xvCuDmeIePZTc6gdziPEz2uDeFagiXRCZ9Oal8&ts=1724761353&e=0"]},{"title":"Na predaj 3 izbový byt na ulici Tokajícka","address":"Tokajicka, Košice III - Dargovských Hrdinov, okres Košice","rooms":3,"meters":68,"totalPrice":155000,"meterSquarePrice":1,"link":"https://www.nehnutelnosti.sk/detail/JuIDeIjYkjY/na-predaj-3-izbovy-byt-na-ulici-tokajicka","imagesUrls":["https://img.nehnutelnosti.sk/foto/NjAweDMzOC9maWx0ZXJzOnF1YWxpdHkoMTAwKS9uZWg=/6mT8jjjZI_fss?st=x1FuLRJgOuJC-F8y_3SrXX2RweuWCMTVqX4QnfbxzB4&ts=1726216418&e=0"]},{"title":"NA PREDAJ 3 IZBOVÝ BYT PO KOMPLETNEJ REKONŠTRUKCII | 79m2 + LOGGIA | MEDZEV - SÍDLISKO MLADOSŤ","address":"medzev, Medzev, Košice okolie, okres Košice - okolie","rooms":3,"meters":79,"totalPrice":73500,"meterSquarePrice":8,"link":"https://www.nehnutelnosti.sk/detail/Juiw1BXBDBN/na-predaj-3-izbovy-byt-po-kompletnej-rekonstrukcii-79m2-loggia-medzev-sidlisko-mladost","imagesUrls":["https://img.nehnutelnosti.sk/foto/NjAweDMzOC9maWx0ZXJzOnF1YWxpdHkoMTAwKS9uZWg=/am_YVJDi__fss?st=KYCxrZoinc3ibNfTu6GXz05QSMY29re7ftOgMVWD5GY&ts=1727029256&e=0"]},{"title":"NA PREDAJ MODERNÝ 2 IZBOVÝ BYT S VÝHĽADOM NA LES | 71m² + 15m² LOGGIA | BOROVICOVÝ HÁJ","address":"Popradská, Košice II - Západ, okres Košice","rooms":2,"meters":86,"totalPrice":249000,"meterSquarePrice":5,"link":"https://www.nehnutelnosti.sk/detail/JuVxFz5z8kH/na-predaj-moderny-2-izbovy-byt-s-vyhladom-na-les-71m-15m-loggia-borovicovy-haj","imagesUrls":["https://img.nehnutelnosti.sk/foto/NjAweDMzOC9maWx0ZXJzOnF1YWxpdHkoMTAwKS9uZWg=/XGgITrkJh-_fss?st=R33Z9qX_ii3tF4NU1BGE_5Z6215-pAKpIJkLvzpEJNQ&ts=1724315804&e=0"]},{"title":"NA PREDAJ 3 IZBOVÝ BYT S LODŽIOU A VÝBORNOU LOKALITOU","address":"Tokajícka, Košice III - Dargovských Hrdinov, okres Košice","rooms":3,"meters":72,"totalPrice":174990,"meterSquarePrice":2,"link":"https://www.nehnutelnosti.sk/detail/JuDE8UNMLBT/na-predaj-3-izbovy-byt-s-lodziou-a-vybornou-lokalitou","imagesUrls":["https://img.nehnutelnosti.sk/foto/NjAweDMzOC9maWx0ZXJzOnF1YWxpdHkoMTAwKS9uZWg=/HJYZZ_IDVc_fss?st=P0l6xcFPpElesxEwYRGQyZqqcTiQ0CtRDr6_znl5xKI&ts=1723458996&e=0"]}]