[{"title":"PEKNÝ 3 IZBOVÝ BYT S VLASTNÝM KÚRENÍM","address":"Okružná cesta, Prievidza, okres Prievidza","rooms":3,"meters":68,"totalPrice":104890,"meterSquarePrice":0,"link":"https://www.nehnutelnosti.sk/detail/Juh5kFfLqu3/pekny-3-izbovy-byt-s-vlastnym-kurenim","imagesUrls":["https://img.nehnutelnosti.sk/foto/NjAweDMzOC9maWx0ZXJzOnF1YWxpdHkoMTAwKS9uZWg=/sKG706Z4W_fss?st=5z9gbc8u37p_ivpMPLfezb5X9FUhexxex8OgBjb6Lcc&ts=1726852735&e=0"]},{"title":"Exkluzívne : garsónka 25m2 Ružomberok","address":"Ružomberok, okres Ružomberok","rooms":null,"meters":25,"totalPrice":48080,"meterSquarePrice":0,"link":"https://www.nehnutelnosti.sk/detail/JuoN2-0tYq_/exkluzivne-garsonka-25m2-ruzomberok","imagesUrls":["https://img.nehnutelnosti.sk/foto/NjAweDMzOC9maWx0ZXJzOnF1YWxpdHkoMTAwKS9uZWg=/5ZXtWluTX_fss?st=zRngeE5lkVR7GaCnuCbTjDKxPEP24VGS0KVGbj09Pjs&ts=1726852720&e=0"]},{"title":"CONSTARIO – ZMLUVNE – veľký 2izbový byt v Považskej Bystrici - CENTRUM","address":"Centrum, Považská Bystrica, okres Považská Bystrica","rooms":2,"meters":62,"totalPrice":115000,"meterSquarePrice":4,"link":"https://www.nehnutelnosti.sk/detail/JuVWZYpKJXG/constario-zmluvne-velky-2izbovy-byt-v-povazskej-bystrici-centrum","imagesUrls":["https://img.unitedclassifieds.sk/foto/NjAweDMzOC9maWx0ZXJzOnF1YWxpdHkoMTAwKS9yc2Y=/_sGAVdO9D_fss?st=qV1fQ8hdsV4r-I4wubgfPFDF3qbLX930n02Uy-Kb5k4&ts=1715824674&e=0"]},{"title":"TOCA – EXKLUZÍVNE – 2izbový byt v Bytči – DVA BALKÓNY (sídlisko)","address":"Sídlisko, Bytča, okres Bytča","rooms":2,"meters":55,"totalPrice":134500,"meterSquarePrice":5,"link":"https://www.nehnutelnosti.sk/detail/Ju66stSLm-d/toca-exkluzivne-2izbovy-byt-v-bytci-dva-balkony-sidlisko","imagesUrls":["https://img.unitedclassifieds.sk/foto/NjAweDMzOC9maWx0ZXJzOnF1YWxpdHkoMTAwKS9yc2Y=/9Tb192NyxU_fss?st=uKlhhESOeuaNmwXfP275w-cu2gaRf1c9Ren99YF8-ac&ts=1715789979&e=0"]},{"title":"TOCA – EXKLUZÍVNE – 3izbový byt v Považskej Bystrici - ROZKVET","address":"Rozkvet, Považská Bystrica, okres Považská Bystrica","rooms":3,"meters":68,"totalPrice":123000,"meterSquarePrice":2,"link":"https://www.nehnutelnosti.sk/detail/JuvHn1HI1ub/toca-exkluzivne-3izbovy-byt-v-povazskej-bystrici-rozkvet","imagesUrls":["https://img.unitedclassifieds.sk/foto/NjAweDMzOC9maWx0ZXJzOnF1YWxpdHkoMTAwKS9yc2Y=/DVz4SCWdC_fss?st=P7PKARF8oyzbUnO9hlqNsgKKq-lsL53VcJ6_yyBkXwI&ts=1717925288&e=0"]},{"title":"TOCA – EXKLUZÍVNE – 2.IZB BYT ŽILINA so záhradkou – v blízkosti Vodného diela","address":"Pri celulózke, Žilina - Staré mesto, okres Žilina","rooms":2,"meters":66,"totalPrice":130000,"meterSquarePrice":9,"link":"https://www.nehnutelnosti.sk/detail/JuKZ0-jH_py/toca-exkluzivne-2-izb-byt-zilina-so-zahradkou-v-blizkosti-vodneho-diela","imagesUrls":["https://img.unitedclassifieds.sk/foto/NjAweDMzOC9maWx0ZXJzOnF1YWxpdHkoMTAwKS9yc2Y=/nk0t6D1yf_fss?st=_MSTN-oIYkF9wtgr-MGiuQqmiHCr0LYZGYYu00_JCJM&ts=1720030742&e=0"]},{"title":"TOCA – EXKLUZÍVNE – veľký 2izbový byt v Bytči (63,5m2 plus pivnica) - centrum","address":"Centrum, Bytča, okres Bytča","rooms":2,"meters":63,"totalPrice":97000,"meterSquarePrice":6,"link":"https://www.nehnutelnosti.sk/detail/Ju12r_jN1_R/toca-exkluzivne-velky-2izbovy-byt-v-bytci-63-5m2-plus-pivnica-centrum","imagesUrls":["https://img.unitedclassifieds.sk/foto/NjAweDMzOC9maWx0ZXJzOnF1YWxpdHkoMTAwKS9yc2Y=/NUD89npyL_fss?st=59TuY_LWZSWZUBK-iTIg72w__oD9Ly8J1_Kz-t_g_xs&ts=1719934446&e=0"]},{"title":"TOCA – EXKLUZÍVNE – 3izbový byt Hájik 70m2","address":"Žilina - Hájik, okres Žilina","rooms":3,"meters":70,"totalPrice":168500,"meterSquarePrice":4,"link":"https://www.nehnutelnosti.sk/detail/JudYwHjYl60/toca-exkluzivne-3izbovy-byt-hajik-70m2","imagesUrls":["https://img.unitedclassifieds.sk/foto/NjAweDMzOC9maWx0ZXJzOnF1YWxpdHkoMTAwKS9qdWw=/5X2oNw_im_fss?st=rLRcbPn1xqWVwVMuDGRM4t8vrMoiEIQ-A9xb9ZjbOCE&ts=1724920048&e=0"]},{"title":"TOCA - EXKLUZÍVNE - Predaj 3izb bytu 83m2 s 2 park. miestami v Bytči","address":"Pod Hájom, Bytča, okres Bytča","rooms":3,"meters":83,"totalPrice":172500,"meterSquarePrice":1,"link":"https://www.nehnutelnosti.sk/detail/JuUb72L8nJ1/toca-exkluzivne-predaj-3izb-bytu-83m2-s-2-park-miestami-v-bytci","imagesUrls":["https://img.unitedclassifieds.sk/foto/NjAweDMzOC9maWx0ZXJzOnF1YWxpdHkoMTAwKS9qdWw=/BvLEFq7AV_fss?st=cuDgTrhmbr6c2UNmyd3a2o0_jaOdqn1PsW2lt93fxS4&ts=1726236794&e=0"]},{"title":"TOCA – EXKLUZÍVNE – 3izbový byt Hájik 70m2","address":"Petzvalova, Žilina - Hájik, okres Žilina","rooms":3,"meters":70,"totalPrice":168500,"meterSquarePrice":4,"link":"https://www.nehnutelnosti.sk/detail/Ju47P4Cgny5/toca-exkluzivne-3izbovy-byt-hajik-70m2","imagesUrls":["https://img.unitedclassifieds.sk/foto/NjAweDMzOC9maWx0ZXJzOnF1YWxpdHkoMTAwKS9yc2Y=/NNjXzR7vK_fss?st=WdQ7h59bBxNpeOTujOK9NX_hwOFMAKzQELRiyVsNn4w&ts=1724313583&e=0"]},{"title":"Kúpim 1i. byt platba v HOTOVOSTI, Karlova Ves","address":"Karloveská, Bratislava IV - Karlova Ves, okres Bratislava","rooms":1,"meters":38,"totalPrice":120000,"meterSquarePrice":9,"link":"https://www.nehnutelnosti.sk/detail/JuPBdQw3QfZ/kupim-1i-byt-platba-v-hotovosti-karlova-ves","imagesUrls":["https://img.unitedclassifieds.sk/foto/NjAweDMzOC9maWx0ZXJzOnF1YWxpdHkoMTAwKS9yc2Y=/k0JlqO7aE_fss?st=7NyCitz2w-40HefitiwXmeadG4XSALe6CbbkZGHowc8&ts=1626301244&e=0"]},{"title":"čerstvá kompletná rekonštrukcia v štandarde","address":"Karloveská, Bratislava IV - Karlova Ves, okres Bratislava","rooms":1,"meters":37,"totalPrice":137000,"meterSquarePrice":0,"link":"https://www.nehnutelnosti.sk/detail/JubDnCJ1y-G/cerstva-kompletna-rekonstrukcia-v-standarde","imagesUrls":["https://img.unitedclassifieds.sk/foto/NjAweDMzOC9maWx0ZXJzOnF1YWxpdHkoMTAwKS9qdWw=/50hsSiBeu_fss?st=F9dcRrEkKB-QzpAjXOpJgT9d4x_yRd0EnNkKn6h3idQ&ts=1721383803&e=0"]},{"title":"Kúpime 1i. byt/garzónku, platba v HOTOVOSTI, Dúbravka","address":"Bagarova, Bratislava IV - Dúbravka, okres Bratislava","rooms":1,"meters":38,"totalPrice":120000,"meterSquarePrice":9,"link":"https://www.nehnutelnosti.sk/detail/JuKF_Y-Fr0S6/kupime-1i-byt-garzonku-platba-v-hotovosti-dubravka","imagesUrls":["https://img.unitedclassifieds.sk/foto/NjAweDMzOC9maWx0ZXJzOnF1YWxpdHkoMTAwKS9yc2Y=/QRes6bdW7_fss?st=0GUDx46-4sGLP8ybGN2rgmwpB1C6-gYp3ZyW6P1gYnI&ts=1637905495&e=0"]},{"title":"Pekný 1-izbový byt / 38 m2 / - Bytča","address":"Bytča, okres Bytča","rooms":1,"meters":38,"totalPrice":null,"meterSquarePrice":null,"link":"https://www.nehnutelnosti.sk/detail/JuP5rHSvzh8/pekny-1-izbovy-byt-38-m2-bytca","imagesUrls":["https://img.nehnutelnosti.sk/foto/NjAweDMzOC9maWx0ZXJzOnF1YWxpdHkoMTAwKS9uZWg=/CnmAUdVrhD_fss?st=bp3hZnSWyulvXgr-HdRFRMVtcYQyWvOvMJUadmgxQco&ts=1726850767&e=0"]},{"title":"Kompletne zariadená novostavba v obľúbenom projekte SLNEČNICE","address":"Zuzany Chalupovej, Bratislava V - Petržalka, okres Bratislava","rooms":2,"meters":59,"totalPrice":226900,"meterSquarePrice":1,"link":"https://www.nehnutelnosti.sk/detail/JucJrNama-D/kompletne-zariadena-novostavba-v-oblubenom-projekte-slnecnice","imagesUrls":["https://img.unitedclassifieds.sk/foto/NjAweDMzOC9maWx0ZXJzOnF1YWxpdHkoMTAwKS9qdWw=/PJy6aTDU4_fss?st=Nm758TudMCgat0UhnUU3zEIWXMuaje9zNIfmBOR9_FI&ts=1726850496&e=0"]},{"title":"SLNEČNÝ 3i BYT NA PREDAJ NA JUHU V NZ","address":"Nové Zámky, okres Nové Zámky","rooms":3,"meters":78,"totalPrice":119000,"meterSquarePrice":4,"link":"https://www.nehnutelnosti.sk/detail/JuSjoJ3ZDK3/slnecny-3i-byt-na-predaj-na-juhu-v-nz","imagesUrls":["https://img.nehnutelnosti.sk/foto/NjAweDMzOC9maWx0ZXJzOnF1YWxpdHkoMTAwKS9uZWg=/YWgWh2bHO_fss?st=1fwPo_tp0ItLjTRAjY92cQwNJRJzCn9VTzMjV4CCtVk&ts=1713793272&e=0"]},{"title":"REZERVOVANÝ! PREDAJ 3i BYTU BLÍZKO STANÍC V NZ","address":"Nové Zámky, okres Nové Zámky","rooms":3,"meters":75,"totalPrice":88000,"meterSquarePrice":3,"link":"https://www.nehnutelnosti.sk/detail/Juqpc6oa3qi/rezervovany-predaj-3i-bytu-blizko-stanic-v-nz","imagesUrls":["https://img.nehnutelnosti.sk/foto/NjAweDMzOC9maWx0ZXJzOnF1YWxpdHkoMTAwKS9uZWg=/PVPVQld-zq_fss?st=Yuh_ro0wQ0DzhpJNnjMTC5Dn1OAWgcabVWWh7braDY8&ts=1715972510&e=0"]},{"title":"NA PREDAJ 2 IZBOVÝ BYT V KOMÁRNE PRI CENTRE","address":"Komárno, Komárno, okres Komárno","rooms":2,"meters":57,"totalPrice":72500,"meterSquarePrice":3,"link":"https://www.nehnutelnosti.sk/detail/Ju2hUd3_MOm/na-predaj-2-izbovy-byt-v-komarne-pri-centre","imagesUrls":["https://img.nehnutelnosti.sk/foto/NjAweDMzOC9maWx0ZXJzOnF1YWxpdHkoMTAwKS9uZWg=/w8ski-aDe_fss?st=-Rgced2kXkZAsVeb_vx1S4irNyYol0ZHlxRwxdqkQWM&ts=1715712631&e=0"]},{"title":"VKUSNE ZARIADENÝ 3i BYT BLÍZKO CENTRA NZ","address":"Nové Zámky, okres Nové Zámky","rooms":3,"meters":65,"totalPrice":135000,"meterSquarePrice":2,"link":"https://www.nehnutelnosti.sk/detail/JuFTKMpICx-/vkusne-zariadeny-3i-byt-blizko-centra-nz","imagesUrls":["https://img.nehnutelnosti.sk/foto/NjAweDMzOC9maWx0ZXJzOnF1YWxpdHkoMTAwKS9uZWg=/3d-4iPYFw_fss?st=nke_VPg9QpPZnwPmVbeHGbJD8nmtN0GGPLz9p2kOXvs&ts=1673290897&e=0"]},{"title":"EXKLUZIVNE NA PREDAJ 3 izbový byt s vlastnou ZAHRADOU 193m2 a parkovanim","address":"Agátová, Miloslavov, okres Senec","rooms":3,"meters":68,"totalPrice":189990,"meterSquarePrice":7,"link":"https://www.nehnutelnosti.sk/detail/Ju_GeSDLgM3/exkluzivne-na-predaj-3-izbovy-byt-s-vlastnou-zahradou-193m2-a-parkovanim","imagesUrls":["https://img.nehnutelnosti.sk/foto/NjAweDMzOC9maWx0ZXJzOnF1YWxpdHkoMTAwKS9uZWg=/BixRmDyHX_fss?st=R0AYWOUakZtdKf6VNOMwT5j_2Cwxg6RxwE6MjnTiUFg&ts=1725703705&e=0"]},{"title":"EXKLUZIVNE NA PREDAJ 2 izbový byt v skolaudovanej novostavbe v Miloslavove len 10minut od Bratislavy","address":"Dubová, Miloslavov, okres Senec","rooms":2,"meters":47,"totalPrice":129990,"meterSquarePrice":4,"link":"https://www.nehnutelnosti.sk/detail/JudzDCZ1HYV/exkluzivne-na-predaj-2-izbovy-byt-v-skolaudovanej-novostavbe-v-miloslavove-len-10minut-od-bratislavy","imagesUrls":["https://img.nehnutelnosti.sk/foto/NjAweDMzOC9maWx0ZXJzOnF1YWxpdHkoMTAwKS9uZWg=/9AtedWOAYv_fss?st=2BQRaErGZquc937ScKPLpuu1oBPJwOORaW34PQwQqMs&ts=1725699098&e=0"]},{"title":"3 izb. byty v ŠTANDARDE - Vyberte si Váš Nový domov  v obci Dolný Bar.","address":"Dunajská Streda, okres Dunajská Streda","rooms":3,"meters":87,"totalPrice":156000,"meterSquarePrice":0,"link":"https://www.nehnutelnosti.sk/detail/JuAuzIR6aMh/3-izb-byty-v-standarde-vyberte-si-vas-novy-domov-v-obci-dolny-bar","imagesUrls":["https://img.nehnutelnosti.sk/foto/NjAweDMzOC9maWx0ZXJzOnF1YWxpdHkoMTAwKS9uZWg=/nnkN3DL-C_fss?st=xWXFGPaEB5Wgky5GtzX90KItIQ7fVjc4J4bws5NMbO4&ts=1725442008&e=0"]},{"title":"JKV REAL ponúka na predaj 2 IZBOVÝ BYT na ulici Malinovského v Partizánskom","address":"Malinovského, Partizánske, okres Partizánske","rooms":2,"meters":45,"totalPrice":69000,"meterSquarePrice":3,"link":"https://www.nehnutelnosti.sk/detail/Ju2XoJ7X5BI/jkv-real-ponuka-na-predaj-2-izbovy-byt-na-ulici-malinovskeho-v-partizanskom","imagesUrls":["https://img.nehnutelnosti.sk/foto/NjAweDMzOC9maWx0ZXJzOnF1YWxpdHkoMTAwKS9uZWg=/EhmPJ1BQa_fss?st=bT2wD8u6CSBtvOCb3_ZEa_DGqQHu9D3JBleLU8qO4aY&ts=1726849956&e=0"]},{"title":"PREDAJ - pekný 3-izbový byt, Belehradská, Ťahanovce","address":"Belehradská, Košice I - Ťahanovce, okres Košice","rooms":3,"meters":63,"totalPrice":147000,"meterSquarePrice":3,"link":"https://www.nehnutelnosti.sk/detail/Ju_Y4maPAg1/predaj-pekny-3-izbovy-byt-belehradska-tahanovce","imagesUrls":["https://img.nehnutelnosti.sk/foto/NjAweDMzOC9maWx0ZXJzOnF1YWxpdHkoMTAwKS9uZWg=/1qdn7Hz2l_fss?st=x9umBcSzhEcBwMYxRYxUWnZmSYuXfyfxPDW-uFnsBS0&ts=1726850784&e=0"]},{"title":"Prakticky riešený 3i byt v centre, garáž, veľká terasa, šatník, špajza, pivnica","address":"Hrnčiarska, Pezinok, okres Pezinok","rooms":3,"meters":115,"totalPrice":310000,"meterSquarePrice":5,"link":"https://www.nehnutelnosti.sk/detail/JuNO4a0s2qc/prakticky-rieseny-3i-byt-v-centre-garaz-velka-terasa-satnik-spajza-pivnica","imagesUrls":["https://img.nehnutelnosti.sk/foto/NjAweDMzOC9maWx0ZXJzOnF1YWxpdHkoMTAwKS9uZWg=/Qz00YCzqNo_fss?st=veznlr_Gzj_c4ynLGHiyzL061UuDtiMNAhaGML8sITs&ts=1726687928&e=0"]},{"title":"NOVOSTAVBA - postúpenie: 2 izb. byt, Košice Západ, 50,52 + 10 m2 loggia , 2p., vo vysokom štandarde","address":"Popradská, Košice II - Západ, okres Košice","rooms":2,"meters":50,"totalPrice":207300,"meterSquarePrice":7,"link":"https://www.nehnutelnosti.sk/detail/Ju13oKKd3gT/novostavba-postupenie-2-izb-byt-kosice-zapad-50-52-10-m2-loggia-2p-vo-vysokom-standarde","imagesUrls":["https://img.nehnutelnosti.sk/foto/NjAweDMzOC9maWx0ZXJzOnF1YWxpdHkoMTAwKS9uZWg=/QVf5BfK7n_fss?st=gvp9GJc3eUPc7PRMefZbcxalgasmgKyKuIugqlKp74w&ts=1679607227&e=0"]},{"title":"NOVOSTAVBA + PARK. STÁTIE - balkón: 1 iz., Bajkalská ul., Ružinov, Ba II., 145 000,- €  -  www.BLREA","address":"Bajkalská, Bratislava II - Ružinov, okres Bratislava","rooms":1,"meters":32,"totalPrice":145000,"meterSquarePrice":3,"link":"https://www.nehnutelnosti.sk/detail/JuP70YIWGlW/novostavba-park-statie-balkon-1-iz-bajkalska-ul-ruzinov-ba-ii-145-000-www-blrea","imagesUrls":["https://img.nehnutelnosti.sk/foto/NjAweDMzOC9maWx0ZXJzOnF1YWxpdHkoMTAwKS9uZWg=/uJ2tu58vu_fss?st=6ohHc7fIkHSx3AG5nkHjOEOAefbBWHnw2ZMpYtxw_Z0&ts=1718964190&e=0"]},{"title":"Exkluzívne na predaj 2-izb. byt  Banská Bystrica - BRUSNO","address":"BRUSNO, Banská Bystrica, okres Banská Bystrica","rooms":2,"meters":62,"totalPrice":120000,"meterSquarePrice":8,"link":"https://www.nehnutelnosti.sk/detail/Jur_8garxQI/exkluzivne-na-predaj-2-izb-byt-banska-bystrica-brusno","imagesUrls":["https://img.nehnutelnosti.sk/foto/NjAweDMzOC9maWx0ZXJzOnF1YWxpdHkoMTAwKS9uZWg=/KgFpYCMxR_fss?st=0bZV81WMiy01mWFNBPAXcITDkXf1szf_-_GJT-kSjPE&ts=1710263868&e=0"]},{"title":"Predaj - 2 izbový byt, garážové státie, ŠTANDARD V CENE, SKOLAUDOVANÝ v projekte Malý Raj Residence","address":"Dúhová, Slovenský Grob, okres Pezinok","rooms":2,"meters":41,"totalPrice":150900,"meterSquarePrice":2,"link":"https://www.nehnutelnosti.sk/detail/JuMjyGU4113/predaj-2-izbovy-byt-garazove-statie-standard-v-cene-skolaudovany-v-projekte-maly-raj-residence","imagesUrls":["https://img.nehnutelnosti.sk/foto/NjAweDMzOC9maWx0ZXJzOnF1YWxpdHkoMTAwKS9uZWg=/qwu9CviD8z_fss?st=M6h_9a-YqUIMs5BqcrfWG7nr5QJdYlYVJFhrtt_5yYU&ts=1726568854&e=0"]},{"title":"PREDAJ - 2 IZBOVÝ BYT, 2.ETAPA MALÝ RAJ RESIDENCE, PREDPREDAJOVÁ AKCIA - ŠTANDARD V CENE!","address":"Dlhá, Slovenský Grob, okres Pezinok","rooms":2,"meters":42,"totalPrice":151000,"meterSquarePrice":5,"link":"https://www.nehnutelnosti.sk/detail/JunFplEyfVc/predaj-2-izbovy-byt-2-etapa-maly-raj-residence-predpredajova-akcia-standard-v-cene","imagesUrls":["https://img.nehnutelnosti.sk/foto/NjAweDMzOC9maWx0ZXJzOnF1YWxpdHkoMTAwKS9uZWg=/raVVOZ1hQ_fss?st=069aGcIkjU-gd35SLL3df4LU-3d4mBfIinZkIXVzbeE&ts=1726572380&e=0"]}]