[{"title":"Predaj 3i. byt čiastočná rekonštrukcia Snina","address":"Vihorlatská, Snina, okres Snina","rooms":3,"meters":70,"totalPrice":82900,"meterSquarePrice":9,"link":"https://www.nehnutelnosti.sk/detail/Ju8Ejvg-DOx/predaj-3i-byt-ciastocna-rekonstrukcia-snina","imagesUrls":["https://img.nehnutelnosti.sk/foto/NjAweDMzOC9maWx0ZXJzOnF1YWxpdHkoMTAwKS9uZWg=/Dw6XtZgHO_fss?st=2ZiTtC6ReY7ZRPnJqO7KDXRe0YtACnwNF3lMUFnIv2E&ts=1708188389&e=0"]},{"title":"Na predaj pekný 3 izbový byt","address":"Pod Hájom, Dubnica nad Váhom, okres Ilava","rooms":3,"meters":69,"totalPrice":124900,"meterSquarePrice":4,"link":"https://www.nehnutelnosti.sk/detail/JuKuAnK4NQw/na-predaj-pekny-3-izbovy-byt","imagesUrls":["https://img.nehnutelnosti.sk/foto/NjAweDMzOC9maWx0ZXJzOnF1YWxpdHkoMTAwKS9uZWg=/pz6aOQpXh_fss?st=0BDBWHPHXzygvs-Sxu9DXqtoWsjuMCYx19wjMq77Ao4&ts=1705960101&e=0"]},{"title":"3 izbový slnečný byt v Dubnici nad Váhom","address":"Partizánska, Dubnica nad Váhom, okres Ilava","rooms":3,"meters":68,"totalPrice":112990,"meterSquarePrice":2,"link":"https://www.nehnutelnosti.sk/detail/JuCrALENSTM/3-izbovy-slnecny-byt-v-dubnici-nad-vahom","imagesUrls":["https://img.nehnutelnosti.sk/foto/NjAweDMzOC9maWx0ZXJzOnF1YWxpdHkoMTAwKS9uZWg=/t9zDSgWWO_fss?st=RPLKEoRR7YhfM6quXoDprRJ5pUxT6tjD_gEUlWWWLic&ts=1705708190&e=0"]},{"title":"Krásny 4- izbový byt vo Vrakuni","address":"Toryská, Bratislava II - Vrakuňa, okres Bratislava","rooms":4,"meters":79,"totalPrice":235000,"meterSquarePrice":8,"link":"https://www.nehnutelnosti.sk/detail/JuaWPjj-Ixk/krasny-4-izbovy-byt-vo-vrakuni","imagesUrls":["https://img.nehnutelnosti.sk/foto/NjAweDMzOC9maWx0ZXJzOnF1YWxpdHkoMTAwKS9uZWg=/M7SKudZOa_fss?st=0oosjZYvGckNGaNswYLIObSq5k1lW4ZxjSEh5xoCNE8&ts=1707256911&e=0"]},{"title":"JKV REAL PONÚKA NA PREDAJ 1,5 IZBOVÝ BYT V KARLOVEJ VSI","address":"Karlova Ves, Bratislava IV - Karlova Ves, okres Bratislava","rooms":1,"meters":32,"totalPrice":135000,"meterSquarePrice":5,"link":"https://www.nehnutelnosti.sk/detail/JuaDQ-Ndwlv/jkv-real-ponuka-na-predaj-1-5-izbovy-byt-v-karlovej-vsi","imagesUrls":["https://img.nehnutelnosti.sk/foto/NjAweDMzOC9maWx0ZXJzOnF1YWxpdHkoMTAwKS9uZWg=/YD97fZPpIz_fss?st=4MRXjtpmDFs24tJSEcyI9pd8Smj96uBHeo-_s8Anpm8&ts=1707146305&e=0"]},{"title":"JKV REAL ZNÍŽENÁ CENA 2 a 1 / 2 izbový byt byt Šumperskej ulici v Prievidzi","address":"Šumperská, Prievidza, okres Prievidza","rooms":2,"meters":55,"totalPrice":71990,"meterSquarePrice":1,"link":"https://www.nehnutelnosti.sk/detail/JuQt_LibB1i/jkv-real-znizena-cena-2-a-1-2-izbovy-byt-byt-sumperskej-ulici-v-prievidzi","imagesUrls":["https://img.nehnutelnosti.sk/foto/NjAweDMzOC9maWx0ZXJzOnF1YWxpdHkoMTAwKS9uZWg=/IPWatDzXlw_fss?st=qU6oQ_MBVSoPHOUG3YzP0-6MTGiV87xriPMMFn6uH9o&ts=1705907519&e=0"]},{"title":"REZERVOVANÝ! 2-IZB.BYT + BALKÓN, NOVOSTAVBA, STUPAVA, 135000 EUR","address":"Cementárenská, Stupava, okres Malacky","rooms":2,"meters":52,"totalPrice":135000,"meterSquarePrice":8,"link":"https://www.nehnutelnosti.sk/detail/JumxRTc-7Sj/rezervovany-2-izb-byt-balkon-novostavba-stupava-135000-eur","imagesUrls":["https://img.nehnutelnosti.sk/foto/NjAweDMzOC9maWx0ZXJzOnF1YWxpdHkoMTAwKS9uZWg=/ngqb3r7XqE_fss?st=EO5fX2kv2EpQWS77S4-QgPVGUI86xmbfxX2Oq-Kg-Ss&ts=1700652953&e=0"]},{"title":"ZNÍŽENÁ CENA - 2 IZBOVÝ BYT NA PREDAJ - PIEŠŤANY","address":"Teplická, Piešťany, okres Piešťany","rooms":2,"meters":56,"totalPrice":103990,"meterSquarePrice":6,"link":"https://www.nehnutelnosti.sk/detail/JuzZ8DeZ691/znizena-cena-2-izbovy-byt-na-predaj-piestany","imagesUrls":["https://img.nehnutelnosti.sk/foto/NjAweDMzOC9maWx0ZXJzOnF1YWxpdHkoMTAwKS9uZWg=/0j-H7rdOt_fss?st=NfeauQuHX8czGXtOJG8YzH5ch4Ju3e-UrZqM066qkfk&ts=1721729647&e=0"]},{"title":"HOUSE & WEBER I VYŠEHRADSKÁ, 3i byt, 105m2 – BEZBARIÉROVÝ, 2x parking v GARÁŽI, 2x WC, VÝHĽAD, možno","address":"Vyšehradská, Bratislava V - Petržalka, okres Bratislava","rooms":4,"meters":105,"totalPrice":299900,"meterSquarePrice":0,"link":"https://www.nehnutelnosti.sk/detail/Jus_C3bRbed/house-weber-i-vysehradska-3i-byt-105m2-bezbarierovy-2x-parking-v-garazi-2x-wc-vyhlad-mozno","imagesUrls":["https://img.unitedclassifieds.sk/foto/NjAweDMzOC9maWx0ZXJzOnF1YWxpdHkoMTAwKS9qdWw=/8i1ykiKoM_fss?st=8K5upjgeJYSJbFNSoYfQnNmk6zu9ZAs6UE9_-LuWMdE&ts=1726562670&e=0"]},{"title":"TOP PONUKA: 3-izbový byt Čadca (Kyčerka)","address":"Okružná, Čadca, okres Čadca","rooms":3,"meters":64,"totalPrice":129000,"meterSquarePrice":3,"link":"https://www.nehnutelnosti.sk/detail/JuStgDT65V8/top-ponuka-3-izbovy-byt-cadca-kycerka","imagesUrls":["https://img.nehnutelnosti.sk/foto/NjAweDMzOC9maWx0ZXJzOnF1YWxpdHkoMTAwKS9uZWg=/5g9vdD-Sp_fss?st=llk75DNfbMu0k-GmKVbuqso5dtFRxaLMlR1JOjmSdRo&ts=1676822446&e=0"]},{"title":"Predaj 3-izb. bytu v Podunajských Biskupiciach","address":"Podzáhradná, Bratislava II - Podunajské Biskupice, okres Bratislava","rooms":3,"meters":75,"totalPrice":224000,"meterSquarePrice":7,"link":"https://www.nehnutelnosti.sk/detail/JuVnyRLAQ_H/predaj-3-izb-bytu-v-podunajskych-biskupiciach","imagesUrls":["https://img.nehnutelnosti.sk/foto/NjAweDMzOC9maWx0ZXJzOnF1YWxpdHkoMTAwKS9uZWg=/vXQWNo6pvC_fss?st=_7L8AJwQR0RSp8P54A8xrCcKVmv6jYuT2eF7hDv5R-E&ts=1705907057&e=0"]},{"title":"JKV REAL ponúka na predaj byt v meste Levice","address":"Levice, Levice, okres Levice","rooms":3,"meters":1,"totalPrice":null,"meterSquarePrice":null,"link":"https://www.nehnutelnosti.sk/detail/JuBVAPl5WQ8/jkv-real-ponuka-na-predaj-byt-v-meste-levice","imagesUrls":["https://img.nehnutelnosti.sk/foto/NjAweDMzOC9maWx0ZXJzOnF1YWxpdHkoMTAwKS9uZWg=/XALXzGxG0_fss?st=5HP9_Zn-wwtIm62lzLTZpUiXrs-Vr4wC-VeP3LNc0LI&ts=1705906997&e=0"]},{"title":"Slnečný 2 izbový byt Kustrova, Košice - Sever","address":"Kustrova, Košice I - Sever, okres Košice","rooms":2,"meters":54,"totalPrice":169900,"meterSquarePrice":0,"link":"https://www.nehnutelnosti.sk/detail/JuUFUiKOW6W/slnecny-2-izbovy-byt-kustrova-kosice-sever","imagesUrls":["https://img.nehnutelnosti.sk/foto/NjAweDMzOC9maWx0ZXJzOnF1YWxpdHkoMTAwKS9uZWg=/nFAgDaN3T_fss?st=TYWoFRsPBJY3Qp4T79KciqbS0dyhqJhEfOEJ2Mk9K3w&ts=1726773836&e=0"]},{"title":"3 izbový byt s terasou Panoráma, Borievkova ul., Košice","address":"Borievková, Košice IV - Vyšné Opátske, okres Košice","rooms":3,"meters":112,"totalPrice":309000,"meterSquarePrice":3,"link":"https://www.nehnutelnosti.sk/detail/JupEEqdnLk5/3-izbovy-byt-s-terasou-panorama-borievkova-ul-kosice","imagesUrls":["https://img.nehnutelnosti.sk/foto/NjAweDMzOC9maWx0ZXJzOnF1YWxpdHkoMTAwKS9uZWg=/p2XGMDfks5_fss?st=IEKDG4NHwVZ7oQRUpTvR3R6KqRFrkPVWSl7UwT7-8h4&ts=1724462123&e=0"]},{"title":"REZERVOVANÉ - kompletne zrekonštruovaný 2-izbový byt na sídlisku Furča, ulica Postupimská","address":"Postupimská, Košice III - Dargovských Hrdinov, okres Košice","rooms":2,"meters":58,"totalPrice":161900,"meterSquarePrice":8,"link":"https://www.nehnutelnosti.sk/detail/Ju-VaNerkJB/rezervovane-kompletne-zrekonstruovany-2-izbovy-byt-na-sidlisku-furca-ulica-postupimska","imagesUrls":["https://img.nehnutelnosti.sk/foto/NjAweDMzOC9maWx0ZXJzOnF1YWxpdHkoMTAwKS9uZWg=/txl6l5JhU_fss?st=xB_s2HmVPm86RR3Xh9_DVxJPelXx4CuhNgwC1jA0Jes&ts=1724188838&e=0"]},{"title":"Mezonet 3 izbový Hlavná ul., Košice - Staré mesto (65/22)","address":"Hlavná, Košice I - Staré Mesto, okres Košice","rooms":3,"meters":127,"totalPrice":305900,"meterSquarePrice":6,"link":"https://www.nehnutelnosti.sk/detail/JuMrTvyrxKu/mezonet-3-izbovy-hlavna-ul-kosice-stare-mesto-65-22","imagesUrls":["https://img.nehnutelnosti.sk/foto/NjAweDMzOC9maWx0ZXJzOnF1YWxpdHkoMTAwKS9uZWg=/qQvxhHi1t_fss?st=YtLI_malsoTxYzpFzQ_RwxmRsXws8ZY4AMtIlz6nzno&ts=1720196945&e=0"]},{"title":"1 izbový byt Námestie OCeliarov, Košice - Šaca","address":"Námestie Oceliarov, Košice II - Šaca, okres Košice","rooms":1,"meters":33,"totalPrice":61500,"meterSquarePrice":4,"link":"https://www.nehnutelnosti.sk/detail/JuXS9ZZVjeE/1-izbovy-byt-namestie-oceliarov-kosice-saca","imagesUrls":["https://img.nehnutelnosti.sk/foto/NjAweDMzOC9maWx0ZXJzOnF1YWxpdHkoMTAwKS9uZWg=/_CydHMdR-_fss?st=AcznaGd1VHj7ovPszmfw0Y9zLyiqVhZaGK9UoyIir9o&ts=1717622613&e=0"]},{"title":"Mezonetový byt Štefaniková ul., Košice - Staré mesto","address":"Štefánikova, Košice I - Staré Mesto, okres Košice","rooms":null,"meters":160,"totalPrice":289000,"meterSquarePrice":5,"link":"https://www.nehnutelnosti.sk/detail/JuPGzeMCq3t/mezonetovy-byt-stefanikova-ul-kosice-stare-mesto","imagesUrls":["https://img.nehnutelnosti.sk/foto/NjAweDMzOC9maWx0ZXJzOnF1YWxpdHkoMTAwKS9uZWg=/MoWSQVjXq_fss?st=6tqP53aekxazVY_Ulb1cZC8mo0oZiN1-Hc80zsWoZUM&ts=1725752549&e=0"]},{"title":"Dom na podnikanie Košice Centrum","address":"Hlavná, Košice I - Staré Mesto, okres Košice","rooms":1,"meters":null,"totalPrice":null,"meterSquarePrice":null,"link":"https://www.nehnutelnosti.sk/detail/JuUo8DDCZJm/dom-na-podnikanie-kosice-centrum","imagesUrls":["https://img.nehnutelnosti.sk/foto/NjAweDMzOC9maWx0ZXJzOnF1YWxpdHkoMTAwKS9uZWg=/nM31Cxh1a_fss?st=PLdpikrpsMg59uksBHRe6hdMD5h5Cy30fqzIDPj0GPU&ts=1726201503&e=0"]},{"title":"3 izbový byt Zbehňov, okr. Trebišov","address":"Zbehňov, Zbehňov, okres Trebišov","rooms":3,"meters":70,"totalPrice":57000,"meterSquarePrice":9,"link":"https://www.nehnutelnosti.sk/detail/Jujq52t-htk/3-izbovy-byt-zbehnov-okr-trebisov","imagesUrls":["https://img.nehnutelnosti.sk/foto/NjAweDMzOC9maWx0ZXJzOnF1YWxpdHkoMTAwKS9uZWg=/7Z1_syXls_fss?st=anCHD1IeLKD662BrPQWZEAH3OVJFv589PPrfm75ipwM&ts=1707496599&e=0"]},{"title":"PREDANÉ  METROPOLITAN │EXKLUZÍVNE Krásny slnečný 1i byt","address":"Bučinová, Bratislava II - Vrakuňa, okres Bratislava","rooms":1,"meters":41,"totalPrice":135500,"meterSquarePrice":9,"link":"https://www.nehnutelnosti.sk/detail/JuVFbD4GJn4/predane-metropolitan-exkluzivne-krasny-slnecny-1i-byt","imagesUrls":["https://img.nehnutelnosti.sk/foto/NjAweDMzOC9maWx0ZXJzOnF1YWxpdHkoMTAwKS9uZWg=/ENHfjFzGil_fss?st=IAKIE3nNL5laWlIwnyazp31iPlZfKiDp72BP4Uk3VAE&ts=1726005980&e=0"]},{"title":"2,5-izbový byt s balkónom Ružinov - Ostredky","address":"Bratislava II - Ružinov, okres Bratislava","rooms":2,"meters":63,"totalPrice":null,"meterSquarePrice":null,"link":"https://www.nehnutelnosti.sk/detail/JuffrQ-pTmo/2-5-izbovy-byt-s-balkonom-ruzinov-ostredky","imagesUrls":["https://img.nehnutelnosti.sk/foto/NjAweDMzOC9maWx0ZXJzOnF1YWxpdHkoMTAwKS9uZWg=/lajvXtF1tA_fss?st=s4sMcWbOIv-YMza4LUCRoFZHQsNsgosVCE4rMuOU0j4&ts=1726562368&e=0"]},{"title":"Dvojizbový byt na predaj – tehlový obytný dom – pôvodný stav","address":"Vnútorná, Prievidza, okres Prievidza","rooms":2,"meters":56,"totalPrice":62500,"meterSquarePrice":7,"link":"https://www.nehnutelnosti.sk/detail/JuzM-zdljzU/dvojizbovy-byt-na-predaj-tehlovy-obytny-dom-povodny-stav","imagesUrls":["https://img.nehnutelnosti.sk/foto/NjAweDMzOC9maWx0ZXJzOnF1YWxpdHkoMTAwKS9uZWg=/FWv_tPs_qd_fss?st=S1nStsCzGwiDRyfibxuREvGTXvTg3wMFPq1dPK4f2O0&ts=1726562354&e=0"]},{"title":"NA PREDAJ 2 izbový byt NOVOSTAVBA, Žilina","address":"Pražská ulica, Žilina - Vlčince, okres Žilina","rooms":2,"meters":52,"totalPrice":null,"meterSquarePrice":null,"link":"https://www.nehnutelnosti.sk/detail/Juy7ynDRAC1/na-predaj-2-izbovy-byt-novostavba-zilina","imagesUrls":["https://img.nehnutelnosti.sk/foto/NjAweDMzOC9maWx0ZXJzOnF1YWxpdHkoMTAwKS9uZWg=/XpwOK7H4E_fss?st=J1zAMwVA3j0Q18Zaf5JFG4vn5Et4hbR2raNdKAPx1Hg&ts=1726562346&e=0"]},{"title":"Kompletná rekonštrukcia, 2 izbový byt, Žilina","address":"Lietavská Lúčka, okres Žilina","rooms":2,"meters":55,"totalPrice":null,"meterSquarePrice":null,"link":"https://www.nehnutelnosti.sk/detail/JuDXzpPgBXB/kompletna-rekonstrukcia-2-izbovy-byt-zilina","imagesUrls":["https://img.nehnutelnosti.sk/foto/NjAweDMzOC9maWx0ZXJzOnF1YWxpdHkoMTAwKS9uZWg=/KV3KL26u7_fss?st=HvVv1GEx9p0BRNPMriX4hwVtM_wAvJPGKR98755jevo&ts=1726562338&e=0"]},{"title":"HOUSE & WEBER I VYŠEHRADSKÁ, 3i byt, 105m2 – BEZBARIÉROVÝ, 2x parking v GARÁŽI, 2x WC, VÝHĽAD, možno","address":"Vyšehradská, Bratislava V - Petržalka, okres Bratislava","rooms":3,"meters":105,"totalPrice":299900,"meterSquarePrice":0,"link":"https://www.nehnutelnosti.sk/detail/JuppfKAI_8h/house-weber-i-vysehradska-3i-byt-105m2-bezbarierovy-2x-parking-v-garazi-2x-wc-vyhlad-mozno","imagesUrls":["https://img.unitedclassifieds.sk/foto/NjAweDMzOC9maWx0ZXJzOnF1YWxpdHkoMTAwKS9qdWw=/POWQgNHp3Y_fss?st=d7xoGum5FRDy2lmrV3wy4x5Nhr-P_R6s-4FFD44DNOY&ts=1726561796&e=0"]},{"title":"PREMIUM  4. izb. byt - Centrum I. - 80m2, KOMPLETNE VYBEVENÝ + KLIMATIZÁCIA a 2x balkón","address":"Centrum I., Dubnica nad Váhom, okres Ilava","rooms":4,"meters":80,"totalPrice":null,"meterSquarePrice":null,"link":"https://www.nehnutelnosti.sk/detail/JukohTwtETO/premium-4-izb-byt-centrum-i-80m2-kompletne-vybeveny-klimatizacia-a-2x-balkon","imagesUrls":["https://img.nehnutelnosti.sk/foto/NjAweDMzOC9maWx0ZXJzOnF1YWxpdHkoMTAwKS9uZWg=/CVj-PCD8uL_fss?st=TgjegsiglBcTOZu7U9xO4j1ZLEPq06jQnVGKOcV2MX0&ts=1726561947&e=0"]},{"title":"Hľadáte 3 izbový byt?  PONÚKAME  4. izb. byt V CENE 3. IZBOVÉHO - Centrum I. - 80m2, KOMPLETNE VYBEV","address":"Centrum I., Dubnica nad Váhom, okres Ilava","rooms":3,"meters":80,"totalPrice":null,"meterSquarePrice":null,"link":"https://www.nehnutelnosti.sk/detail/Ju0irhWRZ-Pe/hladate-3-izbovy-byt-ponukame-4-izb-byt-v-cene-3-izboveho-centrum-i-80m2-kompletne-vybev","imagesUrls":["https://img.nehnutelnosti.sk/foto/NjAweDMzOC9maWx0ZXJzOnF1YWxpdHkoMTAwKS9uZWg=/QohO1wMcw_fss?st=8wrd27gH0w_S9b7Qkiyi3vW66SPzVl3pMqU83rJFOgc&ts=1726561945&e=0"]},{"title":"3 izbový byt s priestrannou loggiou, Na Hlinách, Trnava","address":"Na Hlinách, Trnava, okres Trnava","rooms":3,"meters":61,"totalPrice":142490,"meterSquarePrice":1,"link":"https://www.nehnutelnosti.sk/detail/JuiisLlgqTQ/3-izbovy-byt-s-priestrannou-loggiou-na-hlinach-trnava","imagesUrls":["https://img.unitedclassifieds.sk/foto/NjAweDMzOC9maWx0ZXJzOnF1YWxpdHkoMTAwKS9yc2Y=/ebKNdvDrb_fss?st=Bdba8JgdhQ5CvjpKJIOJpnYinIxjUTeEjceKApC9WcA&ts=1721657188&e=0"]},{"title":"PREMIUM  4. izb. byt - Centrum I. - 80m2, KOMPLETNE VYBEVENÝ + KLIMATIZÁCIA a 2x balkón","address":"Centrum I., Dubnica nad Váhom, okres Ilava","rooms":4,"meters":80,"totalPrice":null,"meterSquarePrice":null,"link":"https://www.nehnutelnosti.sk/detail/JuP3q-9vOlN/premium-4-izb-byt-centrum-i-80m2-kompletne-vybeveny-klimatizacia-a-2x-balkon","imagesUrls":["https://img.nehnutelnosti.sk/foto/NjAweDMzOC9maWx0ZXJzOnF1YWxpdHkoMTAwKS9uZWg=/CYKTzomVk_fss?st=TAWnJylcYVkvesgl6NELjQvCwk9bdpQs92NWkwiXEUU&ts=1726582050&e=0"]}]