[{"title":"Pršianska terasa 156 m2","address":"Medená, Banská Bystrica, okres Banská Bystrica","rooms":null,"meters":155,"totalPrice":175000,"meterSquarePrice":9,"link":"https://www.nehnutelnosti.sk/detail/Ju8iIvOvhnP/prsianska-terasa-156-m2","imagesUrls":["https://img.nehnutelnosti.sk/foto/NjAweDMzOC9maWx0ZXJzOnF1YWxpdHkoMTAwKS9uZWg=/6D63R5I4up_fss?st=3UTahuZiH3CgzRpI9m3FKrihoDghhd5o_X8X7yblD_g&ts=1726649111&e=0"]},{"title":"PREDAJ - Luxusný 3 izbový byt v novostavbe Lemonde Martin - Ľadoveň","address":"Jozefa Krónera, Martin, okres Martin","rooms":3,"meters":92,"totalPrice":360000,"meterSquarePrice":4,"link":"https://www.nehnutelnosti.sk/detail/JujQWPfnRGS/predaj-luxusny-3-izbovy-byt-v-novostavbe-lemonde-martin-ladoven","imagesUrls":["https://img.nehnutelnosti.sk/foto/NjAweDMzOC9maWx0ZXJzOnF1YWxpdHkoMTAwKS9uZWg=/0LJlTKxqv_fss?st=zy7zrbvvx8-xh0hb9gCrbBn3HoH4eqxHrZrPAssM3ZM&ts=1726649061&e=0"]},{"title":"2,5 -izbový tehlový byt - Martin Podháj so zariadením","address":"Gorkého, Martin, okres Martin","rooms":3,"meters":68,"totalPrice":129900,"meterSquarePrice":0,"link":"https://www.nehnutelnosti.sk/detail/JurNTOqT0CV/2-5-izbovy-tehlovy-byt-martin-podhaj-so-zariadenim","imagesUrls":["https://img.nehnutelnosti.sk/foto/NjAweDMzOC9maWx0ZXJzOnF1YWxpdHkoMTAwKS9uZWg=/WnFl-bmVcj_fss?st=g0mZPi8aTIGOUdTg0m0pK0uxV2pkvS0xCQbGn9vcLb4&ts=1726649054&e=0"]},{"title":"Na predaj štvorizbový byt v tichej a vyhľadávanej lokalita K Adlera.","address":"Karola Adlera, Bratislava IV - Dúbravka, okres Bratislava","rooms":4,"meters":80,"totalPrice":215000,"meterSquarePrice":0,"link":"https://www.nehnutelnosti.sk/detail/Ju24s4BQa1o/na-predaj-stvorizbovy-byt-v-tichej-a-vyhladavanej-lokalita-k-adlera","imagesUrls":["https://img.nehnutelnosti.sk/foto/NjAweDMzOC9maWx0ZXJzOnF1YWxpdHkoMTAwKS9uZWg=/9ZAAI66fU_fss?st=HpTKlmg3YEmLyikga1wnleWHhCXWRssD0Cd20G3ww1o&ts=1726566058&e=0"]},{"title":"Zariadená garsónka v lokalite s dobrou dostupnosťou do centra","address":"Riazanská, Bratislava III - Nové Mesto, okres Bratislava","rooms":null,"meters":16,"totalPrice":90000,"meterSquarePrice":5,"link":"https://www.nehnutelnosti.sk/detail/Ju5s8vjJq5-/zariadena-garsonka-v-lokalite-s-dobrou-dostupnostou-do-centra","imagesUrls":["https://img.nehnutelnosti.sk/foto/NjAweDMzOC9maWx0ZXJzOnF1YWxpdHkoMTAwKS9uZWg=/F1T1OdKf__fss?st=Vz13pXSmCajVon1Vj0Khmx2iKM8FScsAJ8RulqVwCGI&ts=1726505399&e=0"]},{"title":"Na predaj moderný kompletne zrekonštruovaný 3-izbový byt v tehlovom dome pri Justičnom paláci.","address":"Záhradnícka, Bratislava I - Staré Mesto, okres Bratislava","rooms":3,"meters":66,"totalPrice":350000,"meterSquarePrice":3,"link":"https://www.nehnutelnosti.sk/detail/Jup15JZavlO/na-predaj-moderny-kompletne-zrekonstruovany-3-izbovy-byt-v-tehlovom-dome-pri-justicnom-palaci","imagesUrls":["https://img.nehnutelnosti.sk/foto/NjAweDMzOC9maWx0ZXJzOnF1YWxpdHkoMTAwKS9uZWg=/tYNxk0ezK0_fss?st=tTPAB9XIj8CZKO1hgMGClMd-upgqnczImseN6NffwUQ&ts=1726046324&e=0"]},{"title":"Predaj 2-izbového bytu Bory Na Hrádzi, Mateja Encingera","address":"Mateja Encingera, Bratislava IV - Devínska Nová Ves, okres Bratislava","rooms":2,"meters":63,"totalPrice":205000,"meterSquarePrice":7,"link":"https://www.nehnutelnosti.sk/detail/JudE2Oabp28/predaj-2-izboveho-bytu-bory-na-hradzi-mateja-encingera","imagesUrls":["https://img.nehnutelnosti.sk/foto/NjAweDMzOC9maWx0ZXJzOnF1YWxpdHkoMTAwKS9uZWg=/MAzQEM9dU_fss?st=sTIGFsfXYGZax6Nh7v6XEtViS4H7wl6tw956XUIfKK0&ts=1723580560&e=0"]},{"title":"Veľký 2 izbový byt (60 m2) s loggiou a balkónom - výborná dispozícia","address":"Kadnárova, Bratislava III - Rača, okres Bratislava","rooms":2,"meters":60,"totalPrice":185000,"meterSquarePrice":3,"link":"https://www.nehnutelnosti.sk/detail/Juakq6umfLb/velky-2-izbovy-byt-60-m2-s-loggiou-a-balkonom-vyborna-dispozicia","imagesUrls":["https://img.nehnutelnosti.sk/foto/NjAweDMzOC9maWx0ZXJzOnF1YWxpdHkoMTAwKS9uZWg=/JFFh29pUm_fss?st=CI7UwJPFH0thL9J5kJy9t-Ka91wXXlntWxuVhrERwGs&ts=1725986955&e=0"]},{"title":"Na predaj 4 izbový byt po kompletnej rekonštrukcii v okolí polikliniky Hayduková.","address":"Šafárikovo námestie, Bratislava I - Staré Mesto, okres Bratislava","rooms":4,"meters":101,"totalPrice":560000,"meterSquarePrice":5,"link":"https://www.nehnutelnosti.sk/detail/Julg75n7A3w/na-predaj-4-izbovy-byt-po-kompletnej-rekonstrukcii-v-okoli-polikliniky-haydukova","imagesUrls":["https://img.nehnutelnosti.sk/foto/NjAweDMzOC9maWx0ZXJzOnF1YWxpdHkoMTAwKS9uZWg=/tPJHFE_tW_fss?st=BhHVQT4X0JD5dolYGXAOgxm3wJknXRQn-Tc2vMJK-T0&ts=1723908101&e=0"]},{"title":"Zariadená 2 garsónka po modernej kompletnej rekonštrukcii v príjemnej lokalite plnej zelene pri Draž","address":"Holíčska, Bratislava V - Petržalka, okres Bratislava","rooms":null,"meters":42,"totalPrice":159000,"meterSquarePrice":1,"link":"https://www.nehnutelnosti.sk/detail/JuJPj5G-LJu/zariadena-2-garsonka-po-modernej-kompletnej-rekonstrukcii-v-prijemnej-lokalite-plnej-zelene-pri-draz","imagesUrls":["https://img.nehnutelnosti.sk/foto/NjAweDMzOC9maWx0ZXJzOnF1YWxpdHkoMTAwKS9uZWg=/bPwVEmLgd_fss?st=SCt9LMW5rxyQptNg2XU16gZnNl-gd2vttqyzqC1nVgo&ts=1722257304&e=0"]},{"title":"Exkluzívny 5-izbový byt na Leskovej ulici s historickým šarmom","address":"Leškova, Bratislava I - Staré Mesto, okres Bratislava","rooms":4,"meters":150,"totalPrice":695000,"meterSquarePrice":3,"link":"https://www.nehnutelnosti.sk/detail/Jup_TWNfkJg/exkluzivny-5-izbovy-byt-na-leskovej-ulici-s-historickym-sarmom","imagesUrls":["https://img.nehnutelnosti.sk/foto/NjAweDMzOC9maWx0ZXJzOnF1YWxpdHkoMTAwKS9uZWg=/1anqFiwloj_fss?st=wVlGprYDaNBdM8O5SklCBXweWBNAEWvxIRPovTc08S8&ts=1723035143&e=0"]},{"title":"Na predaj 1 izbový byt po kompletnej rekonštrukcii na ulici  Záhorácka, Malacky","address":"Záhorácka, Malacky, okres Malacky","rooms":1,"meters":39,"totalPrice":107000,"meterSquarePrice":9,"link":"https://www.nehnutelnosti.sk/detail/JuPLJgI-hzm/na-predaj-1-izbovy-byt-po-kompletnej-rekonstrukcii-na-ulici-zahoracka-malacky","imagesUrls":["https://img.nehnutelnosti.sk/foto/NjAweDMzOC9maWx0ZXJzOnF1YWxpdHkoMTAwKS9uZWg=/pFiy1Mzy23_fss?st=NawPJudSGptNkXhCh2c2l9u_zVwSxhaGYqW5PHLtz4g&ts=1723452572&e=0"]},{"title":"Predaj 1-izbový byt po kompletnej rekonštrukcii v Podunajských Biskupiciach","address":"Podunajské Biskupice, Bratislava II - Podunajské Biskupice, okres Bratislava","rooms":1,"meters":38,"totalPrice":128000,"meterSquarePrice":2,"link":"https://www.nehnutelnosti.sk/detail/Ju38OTUi3kX/predaj-1-izbovy-byt-po-kompletnej-rekonstrukcii-v-podunajskych-biskupiciach","imagesUrls":["https://img.nehnutelnosti.sk/foto/NjAweDMzOC9maWx0ZXJzOnF1YWxpdHkoMTAwKS9uZWg=/f7lv_qki7Q_fss?st=koEBXw1IYrLhHujq1SczIYY1GZDOWKi5bzX46KgFE0c&ts=1718471457&e=0"]},{"title":"Moderný 1 izbový byt v novostavbe Tri Veže","address":"Bajkalská, Bratislava III - Nové Mesto, okres Bratislava","rooms":1,"meters":40,"totalPrice":187000,"meterSquarePrice":5,"link":"https://www.nehnutelnosti.sk/detail/JuEHZkWebWq/moderny-1-izbovy-byt-v-novostavbe-tri-veze","imagesUrls":["https://img.nehnutelnosti.sk/foto/NjAweDMzOC9maWx0ZXJzOnF1YWxpdHkoMTAwKS9uZWg=/r3wd5K1js_fss?st=4rbGH4-wYz7NGUHtGJ2zq9DM7qcNzUcaWZPcEy7mIwE&ts=1715464904&e=0"]},{"title":"1-izbový byt po čiastočnej rekonštrukcii s balkónom v Ružinovskej časti Prievoz","address":"Hraničná, Bratislava II - Ružinov, okres Bratislava","rooms":1,"meters":40,"totalPrice":159000,"meterSquarePrice":5,"link":"https://www.nehnutelnosti.sk/detail/JulJJWJAO9i/1-izbovy-byt-po-ciastocnej-rekonstrukcii-s-balkonom-v-ruzinovskej-casti-prievoz","imagesUrls":["https://img.nehnutelnosti.sk/foto/NjAweDMzOC9maWx0ZXJzOnF1YWxpdHkoMTAwKS9uZWg=/0FJxtJi5mJ_fss?st=9YEInQk7E1gGJQGBCSKeC_1Zlt5za-q9rj2na5JO9Yk&ts=1715817704&e=0"]},{"title":"Rezervovaný Trojizbový byt s veľkou loggiou (7m2) v osem poschodovom dome po kompletnej rekonštrukci","address":"Karloveská, Bratislava IV - Karlova Ves, okres Bratislava","rooms":3,"meters":57,"totalPrice":185000,"meterSquarePrice":1,"link":"https://www.nehnutelnosti.sk/detail/JuxJk_cKnNP/rezervovany-trojizbovy-byt-s-velkou-loggiou-7m2-v-osem-poschodovom-dome-po-kompletnej-rekonstrukci","imagesUrls":["https://img.nehnutelnosti.sk/foto/NjAweDMzOC9maWx0ZXJzOnF1YWxpdHkoMTAwKS9uZWg=/Avq7YFMNZN_fss?st=ojL3ECWuCabTqtUxBLhNxZ3Zu_EEOpgEcin7pc3KBcY&ts=1726046247&e=0"]},{"title":"Krásna novostavba, na skok do mesta","address":"Turbínová, Bratislava II - Ružinov, okres Bratislava","rooms":3,"meters":72,"totalPrice":256990,"meterSquarePrice":1,"link":"https://www.nehnutelnosti.sk/detail/JuvDcbb_8Ys/krasna-novostavba-na-skok-do-mesta","imagesUrls":["https://img.nehnutelnosti.sk/foto/NjAweDMzOC9maWx0ZXJzOnF1YWxpdHkoMTAwKS9uZWg=/YYUsRz1fUz_fss?st=8C04gq6xf7NEGmdLFiB2mE-5Pjid_B_Lvc1dJQNQzyY&ts=1715806120&e=0"]},{"title":"Predaj 1-izbový byt s balkónom v Ružinove","address":"Mierová, Bratislava II - Ružinov, okres Bratislava","rooms":1,"meters":40,"totalPrice":152000,"meterSquarePrice":0,"link":"https://www.nehnutelnosti.sk/detail/JuslOkG2P-z/predaj-1-izbovy-byt-s-balkonom-v-ruzinove","imagesUrls":["https://img.nehnutelnosti.sk/foto/NjAweDMzOC9maWx0ZXJzOnF1YWxpdHkoMTAwKS9uZWg=/_6gzJcnxk_fss?st=oCUMINZ09ZbmwU0ZMo4VSnBwIY9druT32uVzd_8bHDE&ts=1716497376&e=0"]},{"title":"REZERVOVANÉ Predaj 2i klimatizovaného bytu v srdci Rače","address":"Žarnovická, Bratislava III - Rača, okres Bratislava","rooms":2,"meters":38,"totalPrice":null,"meterSquarePrice":null,"link":"https://www.nehnutelnosti.sk/detail/Ju8ngO2YH41/rezervovane-predaj-2i-klimatizovaneho-bytu-v-srdci-race","imagesUrls":["https://img.nehnutelnosti.sk/foto/NjAweDMzOC9maWx0ZXJzOnF1YWxpdHkoMTAwKS9uZWg=/XeoQLJ1TH__fss?st=kRM2TyE8P8sZdmVGqLFDBTgZurqflx-jtWhNf-06Lis&ts=1725756323&e=0"]},{"title":"Novostavba 2 izbový byt Ivanka pri Dunaji centrum NA PREDAJ","address":"Bernolákovská, Ivanka pri Dunaji, okres Senec","rooms":2,"meters":49,"totalPrice":1,"meterSquarePrice":2,"link":"https://www.nehnutelnosti.sk/detail/Ju7hK94DpwX/novostavba-2-izbovy-byt-ivanka-pri-dunaji-centrum-na-predaj","imagesUrls":["https://img.nehnutelnosti.sk/foto/NjAweDMzOC9maWx0ZXJzOnF1YWxpdHkoMTAwKS9uZWg=/QsJtEBE7BK_fss?st=kSpbY6X3NRAbGHdnM-ObMAGYY_JaG29XRS5Qc7za8NA&ts=1724229679&e=0"]},{"title":"2 izb. byt, veľký balkón, pôvodný stav, Dubnica nad Váhom","address":"Bratislavská, Dubnica nad Váhom, okres Ilava","rooms":2,"meters":47,"totalPrice":68000,"meterSquarePrice":1,"link":"https://www.nehnutelnosti.sk/detail/Ju92vyG8bjT/2-izb-byt-velky-balkon-povodny-stav-dubnica-nad-vahom","imagesUrls":["https://img.nehnutelnosti.sk/foto/NjAweDMzOC9maWx0ZXJzOnF1YWxpdHkoMTAwKS9uZWg=/o1KnN3hL__fss?st=OhLdHA3mFP82p8GdWRgwuk2WlI_Alq56hlifRfjUq6k&ts=1726512554&e=0"]},{"title":"PREDAJ 2 izbový byt s balkónom v Prémiovej novostavbe Pezinok A0+","address":"Pezinok, okres Pezinok","rooms":2,"meters":50,"totalPrice":192000,"meterSquarePrice":5,"link":"https://www.nehnutelnosti.sk/detail/Juq8zVXXjvY/predaj-2-izbovy-byt-s-balkonom-v-premiovej-novostavbe-pezinok-a0","imagesUrls":["https://img.nehnutelnosti.sk/foto/NjAweDMzOC9maWx0ZXJzOnF1YWxpdHkoMTAwKS9uZWg=/z8RsLBgkr_fss?st=0duCPQIagNajf5_A3wB0_abixwA8LW_whLKXf3CJMaQ&ts=1724760224&e=0"]},{"title":"Útulný 3i byt s loggiou - Považská Bystrica","address":"Rozkvet, Považská Bystrica, okres Považská Bystrica","rooms":3,"meters":70,"totalPrice":119900,"meterSquarePrice":6,"link":"https://www.nehnutelnosti.sk/detail/JuX7hOQpz96/utulny-3i-byt-s-loggiou-povazska-bystrica","imagesUrls":["https://img.unitedclassifieds.sk/foto/NjAweDMzOC9maWx0ZXJzOnF1YWxpdHkoMTAwKS9qdWw=/hBiRteZeg_fss?st=LEpHDo3tIcn9T5kMPApKKHuN1B77TRSh3l33IAi1OSQ&ts=1721735934&e=0"]},{"title":"Kúpou voľný - 3i BYT s loggiou v Rajci","address":"Hollého, Rajec, okres Žilina","rooms":3,"meters":61,"totalPrice":135000,"meterSquarePrice":1,"link":"https://www.nehnutelnosti.sk/detail/JuApoGJVXzX/kupou-volny-3i-byt-s-loggiou-v-rajci","imagesUrls":["https://img.unitedclassifieds.sk/foto/NjAweDMzOC9maWx0ZXJzOnF1YWxpdHkoMTAwKS9qdWw=/ajF8gAzc-_fss?st=cJntm_hBYuf0CCKjc051JoPPyPQddZp_9T3lKF57c18&ts=1725192338&e=0"]},{"title":"PREDAJ 3 izbového bytu v Prémiovej novostavbe Pezinok A0+","address":"Limbašská cesta, Pezinok, okres Pezinok","rooms":3,"meters":74,"totalPrice":269000,"meterSquarePrice":4,"link":"https://www.nehnutelnosti.sk/detail/JuLxjpkqlrd/predaj-3-izboveho-bytu-v-premiovej-novostavbe-pezinok-a0","imagesUrls":["https://img.nehnutelnosti.sk/foto/NjAweDMzOC9maWx0ZXJzOnF1YWxpdHkoMTAwKS9uZWg=/xfrdP60p4_fss?st=Mp73NoCPUHEqgVKFY0ad3t80iu4kZKVwd4FAKoavH-8&ts=1726975149&e=0"]},{"title":"PREDAJ 2 izbový byt v Prémiovej novostavbe Pezinok A0+","address":"Limbašská cesta, Pezinok, okres Pezinok","rooms":2,"meters":50,"totalPrice":192000,"meterSquarePrice":0,"link":"https://www.nehnutelnosti.sk/detail/Juv2ZSOBPIy/predaj-2-izbovy-byt-v-premiovej-novostavbe-pezinok-a0","imagesUrls":["https://img.nehnutelnosti.sk/foto/NjAweDMzOC9maWx0ZXJzOnF1YWxpdHkoMTAwKS9uZWg=/LQFmfrb8v_fss?st=B8D7Oe8lG3xdi-tQILJb6yZGWbCY3gbEwljv6bPwwGU&ts=1724753220&e=0"]},{"title":"Na PREDAJ priestranný 4 izbový byt s krásnym výhľadom na Karpaty na sídlisku Muškát - Pezinok","address":"Hroznová, Pezinok, okres Pezinok","rooms":4,"meters":83,"totalPrice":205000,"meterSquarePrice":8,"link":"https://www.nehnutelnosti.sk/detail/JuFrzSYeo-F/na-predaj-priestranny-4-izbovy-byt-s-krasnym-vyhladom-na-karpaty-na-sidlisku-muskat-pezinok","imagesUrls":["https://img.nehnutelnosti.sk/foto/NjAweDMzOC9maWx0ZXJzOnF1YWxpdHkoMTAwKS9uZWg=/Tq015yjfv_fss?st=84rNHoaBFEbX6-NMjps-sN0AK07C1ANxJfdYWxubouI&ts=1726322431&e=0"]},{"title":"Na PREDAJ veľkometrážny 5 izbový mezonetový byt v obci Vinosady s GARÁŽOU a saunou","address":"Pezinská, Vinosady, okres Pezinok","rooms":5,"meters":153,"totalPrice":257000,"meterSquarePrice":8,"link":"https://www.nehnutelnosti.sk/detail/Ju3pBIS3SRp/na-predaj-velkometrazny-5-izbovy-mezonetovy-byt-v-obci-vinosady-s-garazou-a-saunou","imagesUrls":["https://img.nehnutelnosti.sk/foto/NjAweDMzOC9maWx0ZXJzOnF1YWxpdHkoMTAwKS9uZWg=/1WiK_UjqNS_fss?st=FYVmxM6VAgocakv6dFHWl2NGagypZjOWE5AXjmnwqv8&ts=1724238046&e=0"]},{"title":"PREDAJ 4 izbového bytu v Prémiovej novostavbe Pezinok A0+","address":"Limbašská cesta, Pezinok, okres Pezinok","rooms":4,"meters":83,"totalPrice":325000,"meterSquarePrice":3,"link":"https://www.nehnutelnosti.sk/detail/JuYsT858tGF/predaj-4-izboveho-bytu-v-premiovej-novostavbe-pezinok-a0","imagesUrls":["https://img.nehnutelnosti.sk/foto/NjAweDMzOC9maWx0ZXJzOnF1YWxpdHkoMTAwKS9uZWg=/NGxANuycg_fss?st=p09tvzNIhScnbtZFDew16z-7HvQh0oEcuFDwmBPiC_w&ts=1724760263&e=0"]},{"title":"Veľký 3 izbový byt 80 m2+parkovanie, Trenčianske Bohuslavice","address":"Trenčianske Bohuslavice, okres Nové Mesto nad Váhom","rooms":3,"meters":80,"totalPrice":115000,"meterSquarePrice":0,"link":"https://www.nehnutelnosti.sk/detail/Ju-890vfdUd/velky-3-izbovy-byt-80-m2-parkovanie-trencianske-bohuslavice","imagesUrls":["https://img.nehnutelnosti.sk/foto/NjAweDMzOC9maWx0ZXJzOnF1YWxpdHkoMTAwKS9uZWg=/Dh_2qf_Xf_fss?st=ENwzkxLMbGCQ8JYwzgN80ewvUf2SlCUO9NcZ8As0_YY&ts=1723634744&e=0"]}]