[{"title":"3i byt po kvalitnej rekonštrukcii,nový výťah, krásny výhľad","address":"Majerníkova, Bratislava IV - Karlova Ves, okres Bratislava","rooms":3,"meters":70,"totalPrice":204900,"meterSquarePrice":4,"link":"https://www.nehnutelnosti.sk/detail/JumlCRe-1wS/3i-byt-po-kvalitnej-rekonstrukcii-novy-vytah-krasny-vyhlad","imagesUrls":["https://img.nehnutelnosti.sk/foto/NjAweDMzOC9maWx0ZXJzOnF1YWxpdHkoMTAwKS9uZWg=/alCxjOVxI3_fss?st=suXt_O2o3Xj4GkFJMH473eeX25Z3FHyH-joGLnScykQ&ts=1725500142&e=0"]},{"title":"Predaj: 2 izbový byt, Dunajská Streda, Poľná cesta, 70,17 m2, 1 parkovisko, kolaudácia 2024","address":"Poľná, Dunajská Streda, okres Dunajská Streda","rooms":2,"meters":70,"totalPrice":127520,"meterSquarePrice":1,"link":"https://www.nehnutelnosti.sk/detail/Ju5-0e-q_ee/predaj-2-izbovy-byt-dunajska-streda-polna-cesta-70-17-m2-1-parkovisko-kolaudacia-2024","imagesUrls":["https://img.nehnutelnosti.sk/foto/NjAweDMzOC9maWx0ZXJzOnF1YWxpdHkoMTAwKS9uZWg=/S46phlTS8_fss?st=43U4jVfy2gOJEoZAdjfs71mKIZMQV05UkUKN8SnQqxY&ts=1726925600&e=0"]},{"title":"REZERVOVANÝ 3-izbový byt, Martin – Jahodníky","address":"B. Němcovej, Martin, okres Martin","rooms":3,"meters":71,"totalPrice":150000,"meterSquarePrice":8,"link":"https://www.nehnutelnosti.sk/detail/JuAOsYRgtCV/rezervovany-3-izbovy-byt-martin-jahodniky","imagesUrls":["https://img.nehnutelnosti.sk/foto/NjAweDMzOC9maWx0ZXJzOnF1YWxpdHkoMTAwKS9uZWg=/xo5qIUOSf_fss?st=uoHso4wNK8X_O9FNYYFyAPuGBWJhDJnxTSm7rR5ObO0&ts=1722864521&e=0"]},{"title":"NA PREDAJ: 4 IZBOVÝ MEZONETOVÝ BYT, 81M2, DUNAJSKÁ STREDA","address":"Nevyplnená, Dunajská Streda, okres Dunajská Streda","rooms":4,"meters":81,"totalPrice":125000,"meterSquarePrice":1,"link":"https://www.nehnutelnosti.sk/detail/Judm51cx8gq/na-predaj-4-izbovy-mezonetovy-byt-81m2-dunajska-streda","imagesUrls":["https://img.nehnutelnosti.sk/foto/NjAweDMzOC9maWx0ZXJzOnF1YWxpdHkoMTAwKS9uZWg=/i7xEBF5U78_fss?st=O_6vOhe33bbJOW9G8M0e2J8PK3-rw9My6H3kCjweGMw&ts=1725636130&e=0"]},{"title":"Na predaj  2 izb. priestranný zariadený byt s park. miestom, Zálesie - okres Senec","address":"Muškátová, Zálesie, Senec, okres Senec","rooms":2,"meters":60,"totalPrice":159900,"meterSquarePrice":5,"link":"https://www.nehnutelnosti.sk/detail/Ju6xG3BdBcI/na-predaj-2-izb-priestranny-zariadeny-byt-s-park-miestom-zalesie-okres-senec","imagesUrls":["https://img.nehnutelnosti.sk/foto/NjAweDMzOC9maWx0ZXJzOnF1YWxpdHkoMTAwKS9uZWg=/NPnfXRJf6_fss?st=-d9DW--sjwYmmbRlJGwayGrs2co3CfNoUnhosb1aoqk&ts=1722864519&e=0"]},{"title":"Predaj 3,5 izbový byt Nitra Chrenová I + 2 x balkón","address":"Lomnická, Nitra, okres Nitra","rooms":3,"meters":74,"totalPrice":155000,"meterSquarePrice":9,"link":"https://www.nehnutelnosti.sk/detail/Ju4lVApBqUL/predaj-3-5-izbovy-byt-nitra-chrenova-i-2-x-balkon","imagesUrls":["https://img.nehnutelnosti.sk/foto/NjAweDMzOC9maWx0ZXJzOnF1YWxpdHkoMTAwKS9uZWg=/74aeuMaPHX_fss?st=Sw7PvOFZylugtlURj9N0aapyt-cjVXXGL0KuWVCmYso&ts=1726046139&e=0"]},{"title":"Predaj 1 izbový byt Nitra Chrenová EXKLUZÍVNE","address":"Javorová, Nitra, okres Nitra","rooms":1,"meters":38,"totalPrice":105000,"meterSquarePrice":6,"link":"https://www.nehnutelnosti.sk/detail/Jua5KT0Aj3Q/predaj-1-izbovy-byt-nitra-chrenova-exkluzivne","imagesUrls":["https://img.nehnutelnosti.sk/foto/NjAweDMzOC9maWx0ZXJzOnF1YWxpdHkoMTAwKS9uZWg=/7Ch7cAsSQ_fss?st=J0gZFt4KP6WCDHogdJuNSFdeUkEdiyaVfrnwfTxO9XI&ts=1722603144&e=0"]},{"title":"Na predaj 1-izbový byt v Lučenci","address":"Vajanského, Lučenec, okres Lučenec","rooms":1,"meters":35,"totalPrice":48000,"meterSquarePrice":3,"link":"https://www.nehnutelnosti.sk/detail/JuJq7VPLT2R/na-predaj-1-izbovy-byt-v-lucenci","imagesUrls":["https://img.nehnutelnosti.sk/foto/NjAweDMzOC9maWx0ZXJzOnF1YWxpdHkoMTAwKS9uZWg=/rf0yhoUYSM_fss?st=Xbc8BrMjseXRfQf8-AIbGqj3M7D84QNxYIRVPX4SC1M&ts=1726842610&e=0"]},{"title":"Znížená cena! Predaj 3 izbového bytu v Dunajskej Strede, Námestie Priateľstva, 80 m2, rekonštrukcia","address":"Námestie priateľstva, Dunajská Streda, okres Dunajská Streda","rooms":3,"meters":80,"totalPrice":115000,"meterSquarePrice":0,"link":"https://www.nehnutelnosti.sk/detail/Ju_wr4GQVwP/znizena-cena-predaj-3-izboveho-bytu-v-dunajskej-strede-namestie-priatelstva-80-m2-rekonstrukcia","imagesUrls":["https://img.nehnutelnosti.sk/foto/NjAweDMzOC9maWx0ZXJzOnF1YWxpdHkoMTAwKS9uZWg=/_dXi6soIg_fss?st=fEzJ3V2z-2MNJn2Qe4za-1Zrit0GRpmzICQa5_O840k&ts=1722519227&e=0"]},{"title":"REZERVOVANÝ  Na predaj 2 izbový byt na Legerského ul. v pôvodnom stave","address":"Legerského, Bratislava III - Nové Mesto, okres Bratislava","rooms":2,"meters":54,"totalPrice":168000,"meterSquarePrice":1,"link":"https://www.nehnutelnosti.sk/detail/JuzsjXLY2iA/rezervovany-na-predaj-2-izbovy-byt-na-legerskeho-ul-v-povodnom-stave","imagesUrls":["https://img.nehnutelnosti.sk/foto/NjAweDMzOC9maWx0ZXJzOnF1YWxpdHkoMTAwKS9uZWg=/S0NOv8njt_fss?st=Hx0VPH2dswEPITKu9eFoFfL29NAIDtYKncZH6LnfCZQ&ts=1722157406&e=0"]},{"title":"REZERVOVANÝ 1 izbový byt 35 m2 + loggia, Ružomberok","address":"Bystrická cesta, Ružomberok, okres Ružomberok","rooms":1,"meters":35,"totalPrice":78500,"meterSquarePrice":6,"link":"https://www.nehnutelnosti.sk/detail/JuWwy1OjiJH/rezervovany-1-izbovy-byt-35-m2-loggia-ruzomberok","imagesUrls":["https://img.nehnutelnosti.sk/foto/NjAweDMzOC9maWx0ZXJzOnF1YWxpdHkoMTAwKS9uZWg=/T0x6myEhR_fss?st=F-blmkomp__NvwK57aweFaK0LwIHfqQU3siZ6Lm7Ftc&ts=1722519202&e=0"]},{"title":"Predaj 3izbového bytu Skalica","address":"Pelíškova, Skalica, okres Skalica","rooms":3,"meters":79,"totalPrice":110000,"meterSquarePrice":1,"link":"https://www.nehnutelnosti.sk/detail/JuIWGjjwTgh/predaj-3izboveho-bytu-skalica","imagesUrls":["https://img.nehnutelnosti.sk/foto/NjAweDMzOC9maWx0ZXJzOnF1YWxpdHkoMTAwKS9uZWg=/xXrAfsFyI_fss?st=svjxVIykvnKif4p7M5PJBPOx6gGwlqPUZ-Wr1fC3s2Y&ts=1723482666&e=0"]},{"title":"Predaj 3 izbového bytu v Brezne","address":"Černákova, Brezno, okres Brezno","rooms":3,"meters":70,"totalPrice":84990,"meterSquarePrice":4,"link":"https://www.nehnutelnosti.sk/detail/Ju5AjfW_l1H/predaj-3-izboveho-bytu-v-brezne","imagesUrls":["https://img.nehnutelnosti.sk/foto/NjAweDMzOC9maWx0ZXJzOnF1YWxpdHkoMTAwKS9uZWg=/qNkXaBefYC_fss?st=9kCJnrUm8iiY_Rz82Ix7B-HYVyYoOirdPxRn9lfZL9k&ts=1721992577&e=0"]},{"title":"REZERVOVANÉ! Na predaj 3 izbový byt Nitra","address":"Golianova, Nitra, okres Nitra","rooms":3,"meters":75,"totalPrice":129900,"meterSquarePrice":2,"link":"https://www.nehnutelnosti.sk/detail/JuFk0exxWrq/rezervovane-na-predaj-3-izbovy-byt-nitra","imagesUrls":["https://img.nehnutelnosti.sk/foto/NjAweDMzOC9maWx0ZXJzOnF1YWxpdHkoMTAwKS9uZWg=/4RTiMH6aB1_fss?st=FzLu8M9w57I3G-e_95kQKGJ_ElmIq4MyNQ7QqUBstJI&ts=1722035834&e=0"]},{"title":"Priestranný 2 izbový byt na predaj v Brezne na ulici Ladislava Novomeského","address":"Ladislava Novomeského, Brezno, okres Brezno","rooms":2,"meters":65,"totalPrice":80000,"meterSquarePrice":7,"link":"https://www.nehnutelnosti.sk/detail/JudFdImzzM5/priestranny-2-izbovy-byt-na-predaj-v-brezne-na-ulici-ladislava-novomeskeho","imagesUrls":["https://img.nehnutelnosti.sk/foto/NjAweDMzOC9maWx0ZXJzOnF1YWxpdHkoMTAwKS9uZWg=/Bm0NMO4-O_fss?st=seWUFDO5xSNXOngrSr7vLcrJxr03FOlp_rTcztsZBnw&ts=1721827485&e=0"]},{"title":"Na predaj 4 izbový byt, Nitra, ul. Benková","address":"Benkova, Nitra, okres Nitra","rooms":4,"meters":98,"totalPrice":155000,"meterSquarePrice":3,"link":"https://www.nehnutelnosti.sk/detail/JuxCD3j_1tz/na-predaj-4-izbovy-byt-nitra-ul-benkova","imagesUrls":["https://img.nehnutelnosti.sk/foto/NjAweDMzOC9maWx0ZXJzOnF1YWxpdHkoMTAwKS9uZWg=/jue98O0hr_fss?st=upMj18E62IJOEJrik6S_mLcR1h0DDOsn_qOOJUaJ3sc&ts=1721987324&e=0"]},{"title":"2-izbový byt v obľúbenej lokalite na Starom sídlisku ul. Krajná","address":"Nevyplnená, Prievidza, okres Prievidza","rooms":2,"meters":57,"totalPrice":null,"meterSquarePrice":null,"link":"https://www.nehnutelnosti.sk/detail/JuZ66E4RlcD/2-izbovy-byt-v-oblubenej-lokalite-na-starom-sidlisku-ul-krajna","imagesUrls":["https://img.nehnutelnosti.sk/foto/NjAweDMzOC9maWx0ZXJzOnF1YWxpdHkoMTAwKS9uZWg=/ajNyG4L-F_fss?st=y9Tfl_KT2XK4VuqPpfTvqqAJVTt7pJT1_uYFXBDd2Tw&ts=1721819918&e=0"]},{"title":"Na predaj priestranný 3-izbový byt, Šahy – Janka Kráľa","address":"Janka Kráľa, Šahy, okres Levice","rooms":3,"meters":70,"totalPrice":69990,"meterSquarePrice":6,"link":"https://www.nehnutelnosti.sk/detail/Juf0yjpCj0J/na-predaj-priestranny-3-izbovy-byt-sahy-janka-krala","imagesUrls":["https://img.nehnutelnosti.sk/foto/NjAweDMzOC9maWx0ZXJzOnF1YWxpdHkoMTAwKS9uZWg=/8ug0bnpFvJ_fss?st=I9Xk8KU4HVswR6eZXDLgU0kgbyRaaFy10BdNH5pbtUQ&ts=1726122968&e=0"]},{"title":"3-izbový byt v novostavbe  Srnček  - Byt B - 87 m2","address":"Novonosická, Púchov, okres Púchov","rooms":3,"meters":87,"totalPrice":182910,"meterSquarePrice":1,"link":"https://www.nehnutelnosti.sk/detail/Jus5xqED38w/3-izbovy-byt-v-novostavbe-srncek-byt-b-87-m2","imagesUrls":["https://img.nehnutelnosti.sk/foto/NjAweDMzOC9maWx0ZXJzOnF1YWxpdHkoMTAwKS9uZWg=/WFmkRxK0p_fss?st=vy515gBBS-XBH88ZrxqyM2jxtmcxkymc5X-GsHZ9Bms&ts=1726577622&e=0"]},{"title":"4-izbový byt v novostavbe Byt  - D  86 m2","address":"Novonosická, Púchov, okres Púchov","rooms":4,"meters":86,"totalPrice":180600,"meterSquarePrice":0,"link":"https://www.nehnutelnosti.sk/detail/JuZ0nvRjRE6/4-izbovy-byt-v-novostavbe-byt-d-86-m2","imagesUrls":["https://img.nehnutelnosti.sk/foto/NjAweDMzOC9maWx0ZXJzOnF1YWxpdHkoMTAwKS9uZWg=/G3uW5u9fE_fss?st=roq8tfCaAouE2l_1HXofQMvDy81s4eW56yWZgTfdO2I&ts=1726578255&e=0"]},{"title":"Predaj 3-izbový byt Bulíkova ulica Petržalka","address":"Bulíkova, Bratislava V - Petržalka, okres Bratislava","rooms":3,"meters":70,"totalPrice":229900,"meterSquarePrice":9,"link":"https://www.nehnutelnosti.sk/detail/Ju5TEHoSyG6/predaj-3-izbovy-byt-bulikova-ulica-petrzalka","imagesUrls":["https://img.nehnutelnosti.sk/foto/NjAweDMzOC9maWx0ZXJzOnF1YWxpdHkoMTAwKS9uZWg=/1ul329_Ex_fss?st=YnMjUdAzt_dzjVItDXRj9GTJbDf52rsQYde7OLzt3GA&ts=1723577772&e=0"]},{"title":"Lacno 1 izbový byt  10 km od Senca vhodný na podnikanie","address":"Nevyplnená, Pusté Úľany, okres Galanta","rooms":1,"meters":56,"totalPrice":55000,"meterSquarePrice":4,"link":"https://www.nehnutelnosti.sk/detail/Ju8EpnqjwT1/lacno-1-izbovy-byt-10-km-od-senca-vhodny-na-podnikanie","imagesUrls":["https://img.nehnutelnosti.sk/foto/NjAweDMzOC9maWx0ZXJzOnF1YWxpdHkoMTAwKS9uZWg=/oXZ4W6sn4_fss?st=8456BTKKIrPl5zGKmRgBKX4IrSqRIBoG8-EqoRiPAOg&ts=1726169019&e=0"]},{"title":"3 izbový slnečný byt v meste Snina, na predaj.","address":"Vihorlatská, Snina, okres Snina","rooms":3,"meters":64,"totalPrice":76000,"meterSquarePrice":0,"link":"https://www.nehnutelnosti.sk/detail/JuV4bmh-Zgz/3-izbovy-slnecny-byt-v-meste-snina-na-predaj","imagesUrls":["https://img.nehnutelnosti.sk/foto/NjAweDMzOC9maWx0ZXJzOnF1YWxpdHkoMTAwKS9uZWg=/gk5zNbFmI_fss?st=UaGlGB19ZFh19aLHlCgmgJsWNq_jHD9YVrka2-LxS8o&ts=1721503321&e=0"]},{"title":"Predaj 2-izb.bytu v Skalici - balkón + klíma","address":"Nevyplnená, Skalica, okres Skalica","rooms":2,"meters":49,"totalPrice":91500,"meterSquarePrice":5,"link":"https://www.nehnutelnosti.sk/detail/JupI9V0muH5/predaj-2-izb-bytu-v-skalici-balkon-klima","imagesUrls":["https://img.nehnutelnosti.sk/foto/NjAweDMzOC9maWx0ZXJzOnF1YWxpdHkoMTAwKS9uZWg=/4GCAftDV1c_fss?st=jZdvY3aXmGZhb0rTn_oesKitcEcE5FwL50WdZpcqasM&ts=1721226373&e=0"]},{"title":"NA PREDAJ 2-IZBOVÝ BYT, BOLERÁZ, TRNAVA, PARKOVACIE MIESTO, BEZBARIEROVÝ, TICHÁ LOKALITA","address":"Nevyplnená, Boleráz, okres Trnava","rooms":2,"meters":37,"totalPrice":89000,"meterSquarePrice":1,"link":"https://www.nehnutelnosti.sk/detail/JukBbzpJiea/na-predaj-2-izbovy-byt-boleraz-trnava-parkovacie-miesto-bezbarierovy-ticha-lokalita","imagesUrls":["https://img.nehnutelnosti.sk/foto/NjAweDMzOC9maWx0ZXJzOnF1YWxpdHkoMTAwKS9uZWg=/6CforfXEK_fss?st=KGrZT1USzoLsaOahe9SvlGA2TL1bY2MbDr-ORuI7sQg&ts=1722939828&e=0"]},{"title":"NA PREDAJ: 2IZBOVÝ BYT, DUNAJSKÁ STREDA - ZÁHRADNÍCKA ULICA","address":"Záhradnícka, Dunajská Streda, okres Dunajská Streda","rooms":2,"meters":46,"totalPrice":null,"meterSquarePrice":null,"link":"https://www.nehnutelnosti.sk/detail/JuWGAUhF9SIU/na-predaj-2izbovy-byt-dunajska-streda-zahradnicka-ulica","imagesUrls":["https://img.nehnutelnosti.sk/foto/NjAweDMzOC9maWx0ZXJzOnF1YWxpdHkoMTAwKS9uZWg=/fpgWSzXfZH_fss?st=Eqlge1dxe3x4BoumcKNmLSprCh7QAOrECWOQmikgl80&ts=1721137335&e=0"]},{"title":"Na predaj priestranný 3-izbovy byt","address":"Saratovská, Trenčín, okres Trenčín","rooms":3,"meters":73,"totalPrice":127990,"meterSquarePrice":9,"link":"https://www.nehnutelnosti.sk/detail/JuUIg56mXNA/na-predaj-priestranny-3-izbovy-byt","imagesUrls":["https://img.nehnutelnosti.sk/foto/NjAweDMzOC9maWx0ZXJzOnF1YWxpdHkoMTAwKS9uZWg=/_sa1kVudzq_fss?st=rn2tdptd7mBL8zqpesR3NeupARtiUtN68OHSVC0PFuM&ts=1721040492&e=0"]},{"title":"Zariadený 3 izbový byt so záhradkou","address":"Nevyplnená, Zálesie, Senec, okres Senec","rooms":3,"meters":77,"totalPrice":209000,"meterSquarePrice":9,"link":"https://www.nehnutelnosti.sk/detail/Jum4wTLq1eA/zariadeny-3-izbovy-byt-so-zahradkou","imagesUrls":["https://img.nehnutelnosti.sk/foto/NjAweDMzOC9maWx0ZXJzOnF1YWxpdHkoMTAwKS9uZWg=/Ml6QFhNky_fss?st=bltlXjDLDZTqhWT8TJC7J3Vx6_8am-bqndac0wbjM6w&ts=1720984227&e=0"]},{"title":"Predaj: 3 izbový byt, blízko k centra mesta, ul. Jilemnického, Dunajská Streda","address":"Jilemnického, Dunajská Streda, okres Dunajská Streda","rooms":3,"meters":67,"totalPrice":83500,"meterSquarePrice":7,"link":"https://www.nehnutelnosti.sk/detail/JuU0cKhDuAN/predaj-3-izbovy-byt-blizko-k-centra-mesta-ul-jilemnickeho-dunajska-streda","imagesUrls":["https://img.nehnutelnosti.sk/foto/NjAweDMzOC9maWx0ZXJzOnF1YWxpdHkoMTAwKS9uZWg=/5XvRjnljt_fss?st=zajoGxlyVmxgNWnFngh0FEBPyEiEzgghdkav3VP9hF0&ts=1721082565&e=0"]},{"title":"✅ 2i byt 60 m2, lodžia, parkovanie, novostavba pri OC Retro","address":"Ďatelinová, Bratislava II - Ružinov, okres Bratislava","rooms":2,"meters":60,"totalPrice":214000,"meterSquarePrice":7,"link":"https://www.nehnutelnosti.sk/detail/JuOXtwTlArU/2i-byt-60-m2-lodzia-parkovanie-novostavba-pri-oc-retro","imagesUrls":["https://img.nehnutelnosti.sk/foto/NjAweDMzOC9maWx0ZXJzOnF1YWxpdHkoMTAwKS9uZWg=/qpBqWmpaf_fss?st=n-Pv1AV3KpNRHdWghvdWymVIMOCiW9zVGOF1FWidm6w&ts=1723870222&e=0"]}]