[{"title":"Na predaj priestranný 3-izbový byt s loggiou, v širšom centre mesta, Rožňava","address":"Sama Czabána, Rožňava, okres Rožňava","rooms":3,"meters":74,"totalPrice":77000,"meterSquarePrice":4,"link":"https://www.nehnutelnosti.sk/detail/JuQYlq64MN5/na-predaj-priestranny-3-izbovy-byt-s-loggiou-v-sirsom-centre-mesta-roznava","imagesUrls":["https://img.unitedclassifieds.sk/foto/NjAweDMzOC9maWx0ZXJzOnF1YWxpdHkoMTAwKS9yc2Y=/cdMbQgM0y_fss?st=zzoqTZ9g024fnmN81ww5jAVB9lNqtNQSSi-9n4hTmHI&ts=1673439252&e=0"]},{"title":"**IHNEĎ VOĽNÝ**ŠTARTOVACÍ BYT V NOVOSTAVBE S LOGGIOU A PARKOVACÍM MIESTOM**","address":"Marhuľová, Senec, okres Senec","rooms":2,"meters":38,"totalPrice":129900,"meterSquarePrice":2,"link":"https://www.nehnutelnosti.sk/detail/Jut98IVZa8V/ihned-volnystartovaci-byt-v-novostavbe-s-loggiou-a-parkovacim-miestom","imagesUrls":["https://img.unitedclassifieds.sk/foto/NjAweDMzOC9maWx0ZXJzOnF1YWxpdHkoMTAwKS9qdWw=/CSdXyvLs__fss?st=nTdpMA_LTY5o6GCsNiCsa7aXLUG4h-4R8TgckTHFlqU&ts=1726752940&e=0"]},{"title":"DIRECTREAL|2 IZBOVÝ BYT 40 m2 + BALKÓN ALEBO NEBYTOVÝ PRIESTOR NA PODNIKANIE PRIAMO V CENTRE MESTA,","address":"Hlavná, Dunajská Streda, okres Dunajská Streda","rooms":2,"meters":40,"totalPrice":66000,"meterSquarePrice":0,"link":"https://www.nehnutelnosti.sk/detail/JuBQEz63LwA/directreal-2-izbovy-byt-40-m2-balkon-alebo-nebytovy-priestor-na-podnikanie-priamo-v-centre-mesta","imagesUrls":["https://img.nehnutelnosti.sk/foto/NjAweDMzOC9maWx0ZXJzOnF1YWxpdHkoMTAwKS9uZWg=/lCnDdOktr_fss?st=m43Y_bEiigBgHDBhBqnbFGanaEI5tv_3DTwaAA77X5g&ts=1726831493&e=0"]},{"title":"REZERVOVANÉ-2-izbový byt s priestrannou loggiou vo VK","address":"Boženy Němcovej, Veľký Krtíš, okres Veľký Krtíš","rooms":2,"meters":47,"totalPrice":null,"meterSquarePrice":null,"link":"https://www.nehnutelnosti.sk/detail/JuyMbmiRK-0/rezervovane-2-izbovy-byt-s-priestrannou-loggiou-vo-vk","imagesUrls":["https://img.unitedclassifieds.sk/foto/NjAweDMzOC9maWx0ZXJzOnF1YWxpdHkoMTAwKS9qdWw=/zHJr70s1m_fss?st=3HqyWk_PM0vRUTPtCoc9tjAhFmgdDMqYhSnT5LiUKAU&ts=1692900820&e=0"]},{"title":"REZERVOVANÉ-Kompletne zrekonštruovaný 2 izbový byt v centre VK","address":"SNP, Veľký Krtíš, okres Veľký Krtíš","rooms":2,"meters":51,"totalPrice":null,"meterSquarePrice":null,"link":"https://www.nehnutelnosti.sk/detail/JuBqkB4uVlK/rezervovane-kompletne-zrekonstruovany-2-izbovy-byt-v-centre-vk","imagesUrls":["https://img.unitedclassifieds.sk/foto/NjAweDMzOC9maWx0ZXJzOnF1YWxpdHkoMTAwKS9qdWw=/ZcNFHnLB9_fss?st=O_yL9qyKru79iU1VXBH2UOe69CoZShMttIgkx3KW9Uw&ts=1707402146&e=0"]},{"title":"REZERVOVANÉ - Slnečný 3,5-izbový byt s balkónom a loggiou VK (Čínsky múr)","address":"Lučenská, Veľký Krtíš, okres Veľký Krtíš","rooms":3,"meters":78,"totalPrice":null,"meterSquarePrice":null,"link":"https://www.nehnutelnosti.sk/detail/JucnsJB9lmm/rezervovane-slnecny-3-5-izbovy-byt-s-balkonom-a-loggiou-vk-cinsky-mur","imagesUrls":["https://img.unitedclassifieds.sk/foto/NjAweDMzOC9maWx0ZXJzOnF1YWxpdHkoMTAwKS9qdWw=/vmsN5gGiX_fss?st=uF-7YUxVPv53KvdGLUgP8jSyF_5rqiiSLPELfnzFV6c&ts=1709630055&e=0"]},{"title":"Znížená cena-Slnečný 3,5-izbový byt s balkónom a loggiou vo VK","address":"Lučenská, Veľký Krtíš, okres Veľký Krtíš","rooms":3,"meters":82,"totalPrice":69999,"meterSquarePrice":5,"link":"https://www.nehnutelnosti.sk/detail/JuFXq8-Lsmf/znizena-cena-slnecny-3-5-izbovy-byt-s-balkonom-a-loggiou-vo-vk","imagesUrls":["https://img.unitedclassifieds.sk/foto/NjAweDMzOC9maWx0ZXJzOnF1YWxpdHkoMTAwKS9qdWw=/IPn8uS6ydI_fss?st=s7d1zpDoN0frTGOOpoXKPapcBM8cdc_rHFBT1oi7hw8&ts=1704899138&e=0"]},{"title":"Zrekonštruovaný  2-izbový byt vo VK","address":"Lučenská, Veľký Krtíš, okres Veľký Krtíš","rooms":2,"meters":62,"totalPrice":null,"meterSquarePrice":null,"link":"https://www.nehnutelnosti.sk/detail/JuhRSqDZaSs/zrekonstruovany-2-izbovy-byt-vo-vk","imagesUrls":["https://img.unitedclassifieds.sk/foto/NjAweDMzOC9maWx0ZXJzOnF1YWxpdHkoMTAwKS9qdWw=/-CITDxf62_fss?st=QByN6QT-_XL2eIp8K3CYndoGvvYzBNg5FHHoQMnqTto&ts=1700578674&e=0"]},{"title":"ZNÍŽENÁ CENA- Slnečný 3-izbový byt s priestrannou loggiou vo VK","address":"Novohradská, Veľký Krtíš, okres Veľký Krtíš","rooms":3,"meters":72,"totalPrice":69999,"meterSquarePrice":1,"link":"https://www.nehnutelnosti.sk/detail/JuQngvBShq5/znizena-cena-slnecny-3-izbovy-byt-s-priestrannou-loggiou-vo-vk","imagesUrls":["https://img.unitedclassifieds.sk/foto/NjAweDMzOC9maWx0ZXJzOnF1YWxpdHkoMTAwKS9qdWw=/r1v27NSIy_fss?st=zHENYSlMRVaGf_YDDZrNvGr0nnUkpiHuePNq0GE4WC0&ts=1708947961&e=0"]},{"title":"ZNÍŽENÁ CENA- Čiastočne zrekonštruovaný 3-izbový byt na ul. BN, VK","address":"Boženy Němcovej, Veľký Krtíš, okres Veľký Krtíš","rooms":3,"meters":75,"totalPrice":57000,"meterSquarePrice":0,"link":"https://www.nehnutelnosti.sk/detail/Jub9LDMCFsD/znizena-cena-ciastocne-zrekonstruovany-3-izbovy-byt-na-ul-bn-vk","imagesUrls":["https://img.unitedclassifieds.sk/foto/NjAweDMzOC9maWx0ZXJzOnF1YWxpdHkoMTAwKS9qdWw=/H4RxXz4eZ_fss?st=Ywy-m6eS6wWM9J0vffO3NbLoVadpFPQfmsWRXIe-HDM&ts=1717502202&e=0"]},{"title":"ZNÍŽENÁ CENA- Slnečný 4-izbový byt s vlastným kúrením a balkónom + garáž","address":"Veľké Straciny, okres Veľký Krtíš","rooms":4,"meters":80,"totalPrice":38000,"meterSquarePrice":5,"link":"https://www.nehnutelnosti.sk/detail/JuSTrYZ2yXr/znizena-cena-slnecny-4-izbovy-byt-s-vlastnym-kurenim-a-balkonom-garaz","imagesUrls":["https://img.unitedclassifieds.sk/foto/NjAweDMzOC9maWx0ZXJzOnF1YWxpdHkoMTAwKS9qdWw=/7PjAnkK7Q_fss?st=iT9q3wG5WGZGFBZNNV4AZaBqd_lKHJij1BroYYskccU&ts=1717765234&e=0"]},{"title":"4-izbový byt s priestrannou loggiou vo VK","address":"Novohradská, Veľký Krtíš, okres Veľký Krtíš","rooms":4,"meters":70,"totalPrice":75000,"meterSquarePrice":3,"link":"https://www.nehnutelnosti.sk/detail/Ju-W6tKLHjY/4-izbovy-byt-s-priestrannou-loggiou-vo-vk","imagesUrls":["https://img.unitedclassifieds.sk/foto/NjAweDMzOC9maWx0ZXJzOnF1YWxpdHkoMTAwKS9qdWw=/XXjAQHUr6_fss?st=nsfhxvm7ow0ZVhEcpLxbxMKKFQedit34E_B458oGkM4&ts=1722599572&e=0"]},{"title":"Priestranný 3-izbový byt s loggiou Venevská, VK","address":"Venevská, Veľký Krtíš, okres Veľký Krtíš","rooms":3,"meters":75,"totalPrice":null,"meterSquarePrice":null,"link":"https://www.nehnutelnosti.sk/detail/JuBSzts1COI/priestranny-3-izbovy-byt-s-loggiou-venevska-vk","imagesUrls":["https://img.unitedclassifieds.sk/foto/NjAweDMzOC9maWx0ZXJzOnF1YWxpdHkoMTAwKS9qdWw=/vRKjisNIy_fss?st=PFVfzS9oHHdpgmA3CXBBfse3sQ0rGlqtXjBWwxiVc3E&ts=1711027833&e=0"]},{"title":"Komplet novozrekonštruovaný 2-izbový byt s balkónom","address":"Lučenská, Veľký Krtíš, okres Veľký Krtíš","rooms":2,"meters":62,"totalPrice":84000,"meterSquarePrice":4,"link":"https://www.nehnutelnosti.sk/detail/Ju-xNoKRDiK/komplet-novozrekonstruovany-2-izbovy-byt-s-balkonom","imagesUrls":["https://img.unitedclassifieds.sk/foto/NjAweDMzOC9maWx0ZXJzOnF1YWxpdHkoMTAwKS9qdWw=/VwXA4NrTP_fss?st=w2blFw7DprhyDtg3B69RDY9XQpPEIMByWb6aSRLq_ZE&ts=1724752161&e=0"]},{"title":"3-izbový byt s balkónom vo VK","address":"Lučenská, Veľký Krtíš, okres Veľký Krtíš","rooms":3,"meters":69,"totalPrice":75000,"meterSquarePrice":6,"link":"https://www.nehnutelnosti.sk/detail/JurDWW1hTBa/3-izbovy-byt-s-balkonom-vo-vk","imagesUrls":["https://img.unitedclassifieds.sk/foto/NjAweDMzOC9maWx0ZXJzOnF1YWxpdHkoMTAwKS9qdWw=/YojGOYFoK_fss?st=3LL2-NYQP5Tm-EiEMtIeZK_4aTmWX2QxvYklohu914k&ts=1726222588&e=0"]},{"title":"SRA | 3 izb. slnečný byt, kompletná rekonštrukcia, Devínska Nová Ves","address":"Jána Poničana, Bratislava IV - Devínska Nová Ves, okres Bratislava","rooms":3,"meters":65,"totalPrice":176900,"meterSquarePrice":4,"link":"https://www.nehnutelnosti.sk/detail/Ju3AzRZCRIf/sra-3-izb-slnecny-byt-kompletna-rekonstrukcia-devinska-nova-ves","imagesUrls":["https://img.nehnutelnosti.sk/foto/NjAweDMzOC9maWx0ZXJzOnF1YWxpdHkoMTAwKS9uZWg=/dGH43-spN_fss?st=L3ZKm7PsH069IXdMhuPY3rlmYF-o7Qpw-3z60kIbrAo&ts=1726831394&e=0"]},{"title":"SRA | 4 izb. slnečný byt, kompletná rekonštrukcia, Devínska Nová Ves","address":"Jána Poničana, Bratislava IV - Devínska Nová Ves, okres Bratislava","rooms":4,"meters":65,"totalPrice":176900,"meterSquarePrice":4,"link":"https://www.nehnutelnosti.sk/detail/JuHPtyWAaUX/sra-4-izb-slnecny-byt-kompletna-rekonstrukcia-devinska-nova-ves","imagesUrls":["https://img.nehnutelnosti.sk/foto/NjAweDMzOC9maWx0ZXJzOnF1YWxpdHkoMTAwKS9uZWg=/NlhhGntX8r_fss?st=EJmW6nVw9e0nFgmM4NHp0mRBdhRN7VJpXts4FffvzMQ&ts=1726831388&e=0"]},{"title":"Na predaj 2 izbový byt s veľkou loggiou vo Vrútkach, 61 m2.","address":"Švermova, Vrútky, okres Martin","rooms":2,"meters":61,"totalPrice":108000,"meterSquarePrice":9,"link":"https://www.nehnutelnosti.sk/detail/JuacOgPIhEh/na-predaj-2-izbovy-byt-s-velkou-loggiou-vo-vrutkach-61-m2","imagesUrls":["https://img.nehnutelnosti.sk/foto/NjAweDMzOC9maWx0ZXJzOnF1YWxpdHkoMTAwKS9uZWg=/UgIaWq-9o_fss?st=1knxM_Bfj5-rzLYYA30FyG7KqOXbhwPrONGNarDlc2c&ts=1726738967&e=0"]},{"title":"Ponúkam na predaj 2 izbový byt v pôvodnom stave, Martin - Záturčie.","address":"D. Makovického, Martin, okres Martin","rooms":2,"meters":53,"totalPrice":null,"meterSquarePrice":null,"link":"https://www.nehnutelnosti.sk/detail/JuBu7OsWK0c/ponukam-na-predaj-2-izbovy-byt-v-povodnom-stave-martin-zaturcie","imagesUrls":["https://img.nehnutelnosti.sk/foto/NjAweDMzOC9maWx0ZXJzOnF1YWxpdHkoMTAwKS9uZWg=/Q966pl7Al_fss?st=UW50GIATCtZlC5eNbXBUYPYyFFdAbReagqeNkxzUmts&ts=1726738973&e=0"]},{"title":"REZERVOVANÉ ! Krásny 3 izbový byt, centrum, Senica","address":"Senica, okres Senica","rooms":3,"meters":63,"totalPrice":113000,"meterSquarePrice":5,"link":"https://www.nehnutelnosti.sk/detail/Jum6C8A346_/rezervovane-krasny-3-izbovy-byt-centrum-senica","imagesUrls":["https://img.nehnutelnosti.sk/foto/NjAweDMzOC9maWx0ZXJzOnF1YWxpdHkoMTAwKS9uZWg=/mdzdMtL-Fh_fss?st=9Df47l0ViWWR8wksmj2Wg50Rj-e-Ry4xlgHm5xDUwOc&ts=1725622356&e=0"]},{"title":"REZERVOVANÉ ! Trojizbový byt, centrum mesta, Senica","address":"Senica, okres Senica","rooms":3,"meters":76,"totalPrice":109000,"meterSquarePrice":1,"link":"https://www.nehnutelnosti.sk/detail/JuxtgfXxX7s/rezervovane-trojizbovy-byt-centrum-mesta-senica","imagesUrls":["https://img.nehnutelnosti.sk/foto/NjAweDMzOC9maWx0ZXJzOnF1YWxpdHkoMTAwKS9uZWg=/--DJ3Dy0rl_fss?st=aJ-ufhhQMwguKgkcCmEnbVlLW8QRgN7iTDTPVp3d2d4&ts=1722848717&e=0"]},{"title":"NA PREDAJ 1 izbový byt, Sotina, Senica","address":"Senica, okres Senica","rooms":1,"meters":33,"totalPrice":67000,"meterSquarePrice":0,"link":"https://www.nehnutelnosti.sk/detail/Ju-LcbUpFqv/na-predaj-1-izbovy-byt-sotina-senica","imagesUrls":["https://img.nehnutelnosti.sk/foto/NjAweDMzOC9maWx0ZXJzOnF1YWxpdHkoMTAwKS9uZWg=/3T7dr5zxY_fss?st=rZViLtCV-JbjWsdNENNTzf9JnvDrNDaVN1_0ZRYo0XU&ts=1724770074&e=0"]},{"title":"Dvojizbový byt Prievidza","address":"Prievidza, okres Prievidza","rooms":2,"meters":52,"totalPrice":78000,"meterSquarePrice":0,"link":"https://www.nehnutelnosti.sk/detail/JuXJXF3AXTv/dvojizbovy-byt-prievidza","imagesUrls":["https://img.nehnutelnosti.sk/foto/NjAweDMzOC9maWx0ZXJzOnF1YWxpdHkoMTAwKS9uZWg=/dsIdKPeYG_fss?st=CBoPYg4TNJZj0WyQYFTLslI6CIEX4C3HKje2GFu9F3Q&ts=1726003180&e=0"]},{"title":"LUXUSNÉ BÝVANIE, SENICA","address":"Senica, okres Senica","rooms":4,"meters":135,"totalPrice":425000,"meterSquarePrice":5,"link":"https://www.nehnutelnosti.sk/detail/JuVNqz4hqDB/luxusne-byvanie-senica","imagesUrls":["https://img.nehnutelnosti.sk/foto/NjAweDMzOC9maWx0ZXJzOnF1YWxpdHkoMTAwKS9uZWg=/VN7VV3Joe_fss?st=Unr6FtuhmIGS8yPKObtOcIvNoxOpMHDSoAcJy2qCYPc&ts=1725268657&e=0"]},{"title":"NA PREDAJ 4 izbový byt, 2  x garáž, Šaštín - Stráže","address":"Šaštín - Stráže, okres Senica","rooms":4,"meters":80,"totalPrice":125000,"meterSquarePrice":0,"link":"https://www.nehnutelnosti.sk/detail/JuJupqtBNN2/na-predaj-4-izbovy-byt-2-x-garaz-sastin-straze","imagesUrls":["https://img.nehnutelnosti.sk/foto/NjAweDMzOC9maWx0ZXJzOnF1YWxpdHkoMTAwKS9uZWg=/cC87UiVU7_fss?st=PYLA0jvtqun7AudU_M3-N4ysfRgzH7tNmXK0GoAxZpc&ts=1726214099&e=0"]},{"title":"PREDANÉ! Kompletne zariadený dvojizbový byt Handlová","address":"Handlová, okres Prievidza","rooms":2,"meters":55,"totalPrice":null,"meterSquarePrice":null,"link":"https://www.nehnutelnosti.sk/detail/JuUErT2t1l7/predane-kompletne-zariadeny-dvojizbovy-byt-handlova","imagesUrls":["https://img.nehnutelnosti.sk/foto/NjAweDMzOC9maWx0ZXJzOnF1YWxpdHkoMTAwKS9uZWg=/XN7MKkg_H_fss?st=GNYs72zIwO0qTdpzZo-DB_oqZVs1O0Ue_AWpMez9zPI&ts=1724226329&e=0"]},{"title":"LUXUSNÝ 3 izbový byt, 1. mája, Myjava","address":"Myjava, okres Myjava","rooms":3,"meters":80,"totalPrice":220000,"meterSquarePrice":0,"link":"https://www.nehnutelnosti.sk/detail/JuqeZddxxLG/luxusny-3-izbovy-byt-1-maja-myjava","imagesUrls":["https://img.nehnutelnosti.sk/foto/NjAweDMzOC9maWx0ZXJzOnF1YWxpdHkoMTAwKS9uZWg=/IsUUK4V5S_fss?st=GmIXmAOOdqSwGxlRxOoNTz5cMJ4aKi2w-8KkQb8s2PU&ts=1722775568&e=0"]},{"title":"AKTUALIZOVANÁ CENA ! 2 izbový byt, Dr. Š. Osuského, Brezová pod Bradlom","address":"Brezová pod Bradlom, okres Myjava","rooms":2,"meters":48,"totalPrice":96000,"meterSquarePrice":0,"link":"https://www.nehnutelnosti.sk/detail/JuZMCtukwmv/aktualizovana-cena-2-izbovy-byt-dr-s-osuskeho-brezova-pod-bradlom","imagesUrls":["https://img.nehnutelnosti.sk/foto/NjAweDMzOC9maWx0ZXJzOnF1YWxpdHkoMTAwKS9uZWg=/J5jm20FAw_fss?st=sup5vQLUNlEZWkrM8Eva_KnJ6NVckUQ16-aWfheTtoo&ts=1722606660&e=0"]},{"title":"Dvojizbový byt, Štefánikova ulica, Senica","address":"Senica, okres Senica","rooms":2,"meters":65,"totalPrice":85000,"meterSquarePrice":9,"link":"https://www.nehnutelnosti.sk/detail/JutZdQpOCly/dvojizbovy-byt-stefanikova-ulica-senica","imagesUrls":["https://img.nehnutelnosti.sk/foto/NjAweDMzOC9maWx0ZXJzOnF1YWxpdHkoMTAwKS9uZWg=/HG4aXYj2y_fss?st=SbAEwD2RvUrBfcUhGRpwT3cO52mpcfbEhw_kBXvvaA4&ts=1722955363&e=0"]},{"title":"Aktualizovaná cena !Trojizbový byt, Hviezdoslavova ulica, Senica","address":"Senica, okres Senica","rooms":3,"meters":84,"totalPrice":118000,"meterSquarePrice":6,"link":"https://www.nehnutelnosti.sk/detail/JuPotQTD_gP/aktualizovana-cena-trojizbovy-byt-hviezdoslavova-ulica-senica","imagesUrls":["https://img.nehnutelnosti.sk/foto/NjAweDMzOC9maWx0ZXJzOnF1YWxpdHkoMTAwKS9uZWg=/5LQxxtB-P_fss?st=O6wD0LcxX9UZDcVO_MEljcjuiRUPa4pEepULfzbiLfE&ts=1719216602&e=0"]}]