[{"title":"3D prehliadka: 2-izbový byt s 26m2 terasou v úplnom centre mesta ❇️","address":"námestie snp, Bratislava I - Staré Mesto, okres Bratislava","rooms":2,"meters":73,"totalPrice":388050,"meterSquarePrice":6,"link":"https://www.nehnutelnosti.sk/detail/Jubz9KPWOCr/3d-prehliadka-2-izbovy-byt-s-26m2-terasou-v-uplnom-centre-mesta","imagesUrls":["https://img.nehnutelnosti.sk/foto/NjAweDMzOC9maWx0ZXJzOnF1YWxpdHkoMTAwKS9uZWg=/I-6MvwtSJ_fss?st=bjxrq7mRGXCAyXvrDNcRzs__EXHQLcPGD7yTCDZFiYI&ts=1726041472&e=0"]},{"title":"FINREA│ 2 izbový  byt (60m2)  so záhradkou v obci  Krpeľany, okr. Martin","address":"Krpeľany, okres Martin","rooms":2,"meters":60,"totalPrice":77000,"meterSquarePrice":3,"link":"https://www.nehnutelnosti.sk/detail/JuiPnZiFt-c/finrea-2-izbovy-byt-60m2-so-zahradkou-v-obci-krpelany-okr-martin","imagesUrls":["https://img.nehnutelnosti.sk/foto/NjAweDMzOC9maWx0ZXJzOnF1YWxpdHkoMTAwKS9uZWg=/lGWznyad9_fss?st=5aCC1GxZfZ7ymQZexxTzw5OWjYH4EeciOrvEpfWuZOg&ts=1693299698&e=0"]},{"title":"Slnečný 2 izbový byt na predaj v Lučenci s výťahom, loggiou, šatníkom.","address":"Rúbanisko II, Lučenec, okres Lučenec","rooms":2,"meters":61,"totalPrice":62500,"meterSquarePrice":4,"link":"https://www.nehnutelnosti.sk/detail/JuWlwvtns5L/slnecny-2-izbovy-byt-na-predaj-v-lucenci-s-vytahom-loggiou-satnikom","imagesUrls":["https://img.nehnutelnosti.sk/foto/NjAweDMzOC9maWx0ZXJzOnF1YWxpdHkoMTAwKS9uZWg=/vaLXAmmTjc_fss?st=gQOiToe2TfntrslwHtNzPTJvT-YzsLo9A8cIZYoYgIM&ts=1707742676&e=0"]},{"title":"Na predaj 3 izbový byt s loggiou, Lučenec","address":"Rúbanisko III, Lučenec, okres Lučenec","rooms":3,"meters":61,"totalPrice":72000,"meterSquarePrice":7,"link":"https://www.nehnutelnosti.sk/detail/JucvYpq5KMM/na-predaj-3-izbovy-byt-s-loggiou-lucenec","imagesUrls":["https://img.nehnutelnosti.sk/foto/NjAweDMzOC9maWx0ZXJzOnF1YWxpdHkoMTAwKS9uZWg=/5Ahjt9rbT_fss?st=Iirx8MjRTZPLcSOJj_2Ao8rQkdOFO5IMvTZTtxONaGo&ts=1716810866&e=0"]},{"title":"Na predaj 3 izbový tehlový byt, Lučenec, vlastné kúrenie, balkón, postavené 2009...!","address":"Cintorínska, Lučenec, okres Lučenec","rooms":3,"meters":74,"totalPrice":99990,"meterSquarePrice":2,"link":"https://www.nehnutelnosti.sk/detail/JuGCalJYbVS/na-predaj-3-izbovy-tehlovy-byt-lucenec-vlastne-kurenie-balkon-postavene-2009","imagesUrls":["https://img.nehnutelnosti.sk/foto/NjAweDMzOC9maWx0ZXJzOnF1YWxpdHkoMTAwKS9uZWg=/6WvhDmvIZ_fss?st=Jj0WlKn5S91XhHpebzxy-0-9MjIhWrtOeKY8pucLxfU&ts=1717930074&e=0"]},{"title":"FINREA│3 izbový zariadený byt (79,5m2) Vrútky-Centrum","address":"Vrútky, okres Martin","rooms":3,"meters":79,"totalPrice":170000,"meterSquarePrice":6,"link":"https://www.nehnutelnosti.sk/detail/JugEJUfHdGq/finrea3-izbovy-zariadeny-byt-79-5m2-vrutky-centrum","imagesUrls":["https://img.nehnutelnosti.sk/foto/NjAweDMzOC9maWx0ZXJzOnF1YWxpdHkoMTAwKS9uZWg=/bjmE_Iv4w_fss?st=up93FzhQ_GQZZ-RMQ1g9t11DjuItzDtkjgooAqS_XIc&ts=1685425584&e=0"]},{"title":"FINREA│3 izbový zariadený byt (79,5m2) Vrútky-Centrum","address":"Vrútky, okres Martin","rooms":3,"meters":79,"totalPrice":170000,"meterSquarePrice":8,"link":"https://www.nehnutelnosti.sk/detail/JuGESItW1n9/finrea3-izbovy-zariadeny-byt-79-5m2-vrutky-centrum","imagesUrls":["https://img.nehnutelnosti.sk/foto/NjAweDMzOC9maWx0ZXJzOnF1YWxpdHkoMTAwKS9uZWg=/AMGYZZn3L_fss?st=HDWHC4DmIAgO1MPeegQ4QuKm3Ua_abmMkfy4QvaVkTM&ts=1685426479&e=0"]},{"title":"3-Izbový byt , 70m2","address":"Borová 3345/41, Žilina - Solinky, okres Žilina","rooms":3,"meters":null,"totalPrice":null,"meterSquarePrice":null,"link":"https://www.nehnutelnosti.sk/detail/JuZi8Qx3Swk/3-izbovy-byt-70m2","imagesUrls":["https://img.nehnutelnosti.sk/foto/NjAweDMzOC9maWx0ZXJzOnF1YWxpdHkoMTAwKS9uZWg=/CESsAoIKJ_fss?st=X-r9CTZvLM27kn_wmbGaSc2QU2vb1KC3kg0HtVNkw0c&ts=1726383385&e=0"]},{"title":"Tehlový 3 izbový byt, priame centrum mesta Lučenec, 77 m2","address":"Ludovíta Štúra, Lučenec, okres Lučenec","rooms":3,"meters":77,"totalPrice":79000,"meterSquarePrice":7,"link":"https://www.nehnutelnosti.sk/detail/JuVzlxz7wS8/tehlovy-3-izbovy-byt-priame-centrum-mesta-lucenec-77-m2","imagesUrls":["https://img.nehnutelnosti.sk/foto/NjAweDMzOC9maWx0ZXJzOnF1YWxpdHkoMTAwKS9uZWg=/RqGKH1bl3_fss?st=8R8DBs65UMCgkk2Q-W2B40GNXdqqoKKHWxIqBpyGu40&ts=1708967999&e=0"]},{"title":"REZERVOVANÉ-Útulný 3-izbový byt.","address":"Púchov, okres Púchov","rooms":3,"meters":null,"totalPrice":null,"meterSquarePrice":null,"link":"https://www.nehnutelnosti.sk/detail/Juvi02cFl7U/rezervovane-utulny-3-izbovy-byt","imagesUrls":["https://img.nehnutelnosti.sk/foto/NjAweDMzOC9maWx0ZXJzOnF1YWxpdHkoMTAwKS9uZWg=/cZA_3lmb4_fss?st=iGvwckQDUp0nuk3ajdT7XwldY1V2Dxs65H8QUOsd9eo&ts=1719839354&e=0"]},{"title":"2 izbový byt v Kalnej nad Hronom s vlastným kúrením","address":"kalna nad hronom, Kalná nad Hronom, okres Levice","rooms":2,"meters":53,"totalPrice":73000,"meterSquarePrice":6,"link":"https://www.nehnutelnosti.sk/detail/JuOMMCKsvOw/2-izbovy-byt-v-kalnej-nad-hronom-s-vlastnym-kurenim","imagesUrls":["https://img.unitedclassifieds.sk/foto/NjAweDMzOC9maWx0ZXJzOnF1YWxpdHkoMTAwKS9qdWw=/uEIlGZ0BS_fss?st=CoyxL3TwdtmttbpsTsIiXUehO9LVPIFpZA7A87DkZgk&ts=1695158147&e=0"]},{"title":"Na predaj 3 izbový byt, Lučenec, centrum.","address":"centrum, Lučenec, okres Lučenec","rooms":3,"meters":79,"totalPrice":85000,"meterSquarePrice":5,"link":"https://www.nehnutelnosti.sk/detail/JuvCOpR59rU/na-predaj-3-izbovy-byt-lucenec-centrum","imagesUrls":["https://img.nehnutelnosti.sk/foto/NjAweDMzOC9maWx0ZXJzOnF1YWxpdHkoMTAwKS9uZWg=/jMkDSrMxW_fss?st=OtIsFb_g1giDSeGePmi2VGKDZajJ1cqVCBlWN8dOqNw&ts=1681815747&e=0"]},{"title":"Na predaj 1 izbový byt, Lučenec, loggia, južná úsporná strana!","address":"Rúbanisko II, Lučenec, okres Lučenec","rooms":1,"meters":35,"totalPrice":45500,"meterSquarePrice":0,"link":"https://www.nehnutelnosti.sk/detail/JuC6DA6jw0c/na-predaj-1-izbovy-byt-lucenec-loggia-juzna-usporna-strana","imagesUrls":["https://img.nehnutelnosti.sk/foto/NjAweDMzOC9maWx0ZXJzOnF1YWxpdHkoMTAwKS9uZWg=/KbyHxJg4Z_fss?st=Qd-yDK1eO-wrk_KQjNrBjQBJJL9yxZ-1TiGbjBgxoOw&ts=1715325430&e=0"]},{"title":"Tehlový 4 izbový byt na predaj, Lučenec - centrum","address":"Ludovíta Štúra, Lučenec, okres Lučenec","rooms":4,"meters":78,"totalPrice":94000,"meterSquarePrice":3,"link":"https://www.nehnutelnosti.sk/detail/JuSOZ1RVs_F/tehlovy-4-izbovy-byt-na-predaj-lucenec-centrum","imagesUrls":["https://img.nehnutelnosti.sk/foto/NjAweDMzOC9maWx0ZXJzOnF1YWxpdHkoMTAwKS9uZWg=/BN5fOqoYU8_fss?st=OZzkjDzDwttLOllzNSUgAvuKK7sKApzSQ-C6Np7sUvQ&ts=1711345623&e=0"]},{"title":"Na predaj 3 izbový byt, Lučenec, s balkónom, po rekonštrukcii.","address":"Rúbanisko III, Lučenec, okres Lučenec","rooms":3,"meters":71,"totalPrice":78990,"meterSquarePrice":4,"link":"https://www.nehnutelnosti.sk/detail/JuO7VnypmW3/na-predaj-3-izbovy-byt-lucenec-s-balkonom-po-rekonstrukcii","imagesUrls":["https://img.nehnutelnosti.sk/foto/NjAweDMzOC9maWx0ZXJzOnF1YWxpdHkoMTAwKS9uZWg=/JmD9Uovdi_fss?st=XP9ibDsE2PscJblurFSubTkKYlsE0oa0DopKKqVEcmY&ts=1718434142&e=0"]},{"title":"VALEN |  Mezonetový 2i byt v projekte „OPÁL“ na predmestí BA","address":"Ónyxová 1B, Bratislava V - Jarovce, okres Bratislava","rooms":2,"meters":61,"totalPrice":259900,"meterSquarePrice":7,"link":"https://www.nehnutelnosti.sk/detail/JujrLqDeMyU/valen-mezonetovy-2i-byt-v-projekte-opal-na-predmesti-ba","imagesUrls":["https://img.nehnutelnosti.sk/foto/NjAweDMzOC9maWx0ZXJzOnF1YWxpdHkoMTAwKS9uZWg=/hjs7DyPR9R_fss?st=CnPALQg5ywCAi0qqFLRnk0PC_ifoIQh1ONTy4lkgJao&ts=1727024513&e=0"]},{"title":"Predaj 3 izbového bytu s garážou v lukratívnej a príjemnej  časti Bratislava - Koliba.","address":"Hlavná, Bratislava III - Nové Mesto, okres Bratislava","rooms":3,"meters":80,"totalPrice":449900,"meterSquarePrice":5,"link":"https://www.nehnutelnosti.sk/detail/JuioMtKJSBp/predaj-3-izboveho-bytu-s-garazou-v-lukrativnej-a-prijemnej-casti-bratislava-koliba","imagesUrls":["https://img.nehnutelnosti.sk/foto/NjAweDMzOC9maWx0ZXJzOnF1YWxpdHkoMTAwKS9uZWg=/iIzRVi_ftv_fss?st=LnfKHkRoC4Dv4hDhgwa9gvNuspD7NbGGSMzyl2LYwLs&ts=1719780330&e=0"]},{"title":"Na predaj 2izb.byt s jedinečným výhľadom v EUROVEA TOWER","address":"Pribinova, Bratislava I - Staré Mesto, okres Bratislava","rooms":2,"meters":63,"totalPrice":330000,"meterSquarePrice":0,"link":"https://www.nehnutelnosti.sk/detail/Ju7Clmus1rX/na-predaj-2izb-byt-s-jedinecnym-vyhladom-v-eurovea-tower","imagesUrls":["https://img.unitedclassifieds.sk/foto/NjAweDMzOC9maWx0ZXJzOnF1YWxpdHkoMTAwKS9qdWw=/MDv9lueR6_fss?st=w04bXSlqXTsZ_IHUzy1Z4Mbm5Q2cYd63_BhvEFeXHig&ts=1726341073&e=0"]},{"title":"2izb.byt v Levoči sid. Rozvoj","address":"Rozvoj, Levoča, okres Levoča","rooms":2,"meters":59,"totalPrice":null,"meterSquarePrice":null,"link":"https://www.nehnutelnosti.sk/detail/JuqWN98Q5WW/2izb-byt-v-levoci-sid-rozvoj","imagesUrls":["https://img.nehnutelnosti.sk/foto/NjAweDMzOC9maWx0ZXJzOnF1YWxpdHkoMTAwKS9uZWg=/u2wZMeMULT_fss?st=PCC48KvKHCMYiCwEzLkeWFo07utTSVNuQ_PgZ56Yn_8&ts=1717579480&e=0"]},{"title":"DAMIAN JASNÁ - Luxusný 2 izbový apartmán","address":"Jasná, Demänovská Dolina, okres Liptovský Mikuláš","rooms":2,"meters":65,"totalPrice":429000,"meterSquarePrice":4,"link":"https://www.nehnutelnosti.sk/detail/Juum9kLf8Jk/damian-jasna-luxusny-2-izbovy-apartman","imagesUrls":["https://img.nehnutelnosti.sk/foto/NjAweDMzOC9maWx0ZXJzOnF1YWxpdHkoMTAwKS9uZWg=/IOugcc5SW_fss?st=8uBQJql74hjvW0yLPmJ84Txvj9Kx9H5cQR5884UXge8&ts=1702990106&e=0"]},{"title":"Byt č.9 - 3i s balkónom v novostavbe","address":"Štefana Hozu, Smižany, okres Spišská Nová Ves","rooms":3,"meters":97,"totalPrice":198500,"meterSquarePrice":9,"link":"https://www.nehnutelnosti.sk/detail/JuvqbviM_C1/byt-c-9-3i-s-balkonom-v-novostavbe","imagesUrls":["https://img.unitedclassifieds.sk/foto/NjAweDMzOC9maWx0ZXJzOnF1YWxpdHkoMTAwKS9qdWw=/HwU8GrVlG_fss?st=QPR2TPdHYE01svvdvU4pmdCNTCf6-LbJdXzYt_DofHw&ts=1726337060&e=0"]},{"title":"Byt č.7 - 3i s balkónom v novastavbe","address":"Štefana Hozu, Smižany, okres Spišská Nová Ves","rooms":3,"meters":97,"totalPrice":198500,"meterSquarePrice":9,"link":"https://www.nehnutelnosti.sk/detail/JuFpCnPfZfk/byt-c-7-3i-s-balkonom-v-novastavbe","imagesUrls":["https://img.unitedclassifieds.sk/foto/NjAweDMzOC9maWx0ZXJzOnF1YWxpdHkoMTAwKS9qdWw=/9Lk3jWFdu_fss?st=rnpbAVTZaGBhFpMDxPl28af-M__dnY9ZTVzQDHldNsU&ts=1726336442&e=0"]},{"title":"Byt č.1 - 3i s balkónom v NOVOSTAVBE - Smižany","address":"Štefana Hozu, Smižany, okres Spišská Nová Ves","rooms":3,"meters":97,"totalPrice":189000,"meterSquarePrice":5,"link":"https://www.nehnutelnosti.sk/detail/JuyaxaV0hOb/byt-c-1-3i-s-balkonom-v-novostavbe-smizany","imagesUrls":["https://img.unitedclassifieds.sk/foto/NjAweDMzOC9maWx0ZXJzOnF1YWxpdHkoMTAwKS9qdWw=/e0LS14j63_fss?st=0RUGCIDPq4Hef-c8i4J1qVhFSa5ct6YlsGKIQyuDHdQ&ts=1726332913&e=0"]},{"title":"Byt s terasou v Jarovciach","address":"Zafírová, Bratislava V - Jarovce, okres Bratislava","rooms":4,"meters":109,"totalPrice":439000,"meterSquarePrice":2,"link":"https://www.nehnutelnosti.sk/detail/JuuTvTBnhBA/byt-s-terasou-v-jarovciach","imagesUrls":["https://img.nehnutelnosti.sk/foto/NjAweDMzOC9maWx0ZXJzOnF1YWxpdHkoMTAwKS9uZWg=/kslsmgDbo_fss?st=_j-z-pmi1v9WQfTt3TDFw5cGjCYdwf5kbQIkQFCNSf4&ts=1718558076&e=0"]},{"title":"KOMPLETNÁ REKONŠTRUKCIA 2izb byt LAMAČ","address":"Studenohorská, Bratislava IV - Lamač, okres Bratislava","rooms":2,"meters":45,"totalPrice":164000,"meterSquarePrice":4,"link":"https://www.nehnutelnosti.sk/detail/JuF_MxzQu8y/kompletna-rekonstrukcia-2izb-byt-lamac","imagesUrls":["https://img.nehnutelnosti.sk/foto/NjAweDMzOC9maWx0ZXJzOnF1YWxpdHkoMTAwKS9uZWg=/XsD1TtI9Z_fss?st=5my-M7NMcDELeXcpveK2hKIo1o0WJx6BZGKKXZIYwUc&ts=1726935467&e=0"]},{"title":"REZERVOVANÉ! 2 izb. byt na predaj -  ul. Národná trieda, Košice - Sever","address":"Národná trieda, Košice I - Sever, okres Košice","rooms":2,"meters":54,"totalPrice":129990,"meterSquarePrice":2,"link":"https://www.nehnutelnosti.sk/detail/Ju1Qkbce_GT/rezervovane-2-izb-byt-na-predaj-ul-narodna-trieda-kosice-sever","imagesUrls":["https://img.nehnutelnosti.sk/foto/NjAweDMzOC9maWx0ZXJzOnF1YWxpdHkoMTAwKS9uZWg=/tHImk141R_fss?st=p2qOxh0T264LkQlNXK52xwJvkGkygTYi4svUd54pIL4&ts=1726333291&e=0"]},{"title":"Predaj 2 izbový byt + parking - VOĽNÝ","address":"Ivanská cesta 32/H, Bratislava II - Ružinov, okres Bratislava","rooms":2,"meters":42,"totalPrice":167000,"meterSquarePrice":9,"link":"https://www.nehnutelnosti.sk/detail/JuzZGTdGMzq/predaj-2-izbovy-byt-parking-volny","imagesUrls":["https://img.nehnutelnosti.sk/foto/NjAweDMzOC9maWx0ZXJzOnF1YWxpdHkoMTAwKS9uZWg=/v0kFtauD-n_fss?st=oHHLps25FrFezigxeXETyo25uzgdHyDq8AkQSxz-svk&ts=1726738775&e=0"]},{"title":"Na predaj priestranný 3-izbový byt v Košiciach","address":"Buzulucká, Košice III - Dargovských Hrdinov, okres Košice","rooms":3,"meters":68,"totalPrice":162500,"meterSquarePrice":1,"link":"https://www.nehnutelnosti.sk/detail/Ju3L_UsczYi/na-predaj-priestranny-3-izbovy-byt-v-kosiciach","imagesUrls":["https://img.unitedclassifieds.sk/foto/NjAweDMzOC9maWx0ZXJzOnF1YWxpdHkoMTAwKS9qdWw=/acHKQUQNN_fss?st=0EfTd9qVsjuhc-CYXr4yCzW0NGik4Rk3mjWFVnAo0G4&ts=1721730525&e=0"]},{"title":"EXKLUZÍVNE/ Dežerice útulný 1 izbový byt na predaj","address":"Dežerice, okres Bánovce nad Bebravou","rooms":1,"meters":35,"totalPrice":59900,"meterSquarePrice":3,"link":"https://www.nehnutelnosti.sk/detail/JuA9CNYy0gS/exkluzivne-dezerice-utulny-1-izbovy-byt-na-predaj","imagesUrls":["https://img.nehnutelnosti.sk/foto/NjAweDMzOC9maWx0ZXJzOnF1YWxpdHkoMTAwKS9uZWg=/if6P3MxX4_fss?st=i2FL0Orv2aiAC8qnJNh3d0ZTyR1R5NG4JUuHd8tNafY&ts=1725526440&e=0"]},{"title":"REZERVOVANÉ/ NOVÁ CENA/ Bánovce nad Bebravou 2 izbový byt na predaj / Centrum","address":"K Nemocnici, Bánovce nad Bebravou, okres Bánovce nad Bebravou","rooms":2,"meters":56,"totalPrice":62000,"meterSquarePrice":4,"link":"https://www.nehnutelnosti.sk/detail/JujE7KocEvg/rezervovane-nova-cena-banovce-nad-bebravou-2-izbovy-byt-na-predaj-centrum","imagesUrls":["https://img.nehnutelnosti.sk/foto/NjAweDMzOC9maWx0ZXJzOnF1YWxpdHkoMTAwKS9uZWg=/RdyP0uBCk_fss?st=w8i-S_2jCtDVAVqFy8NbxMLeiqYw4zgwpIjdApv8jSw&ts=1719319043&e=0"]}]