[{"title":"VYUŽITE PONUKU - posledný 4-izb.byt, novostavba v Senci.","address":"Senec, okres Senec","rooms":4,"meters":98,"totalPrice":275000,"meterSquarePrice":2,"link":"https://www.nehnutelnosti.sk/detail/JumxGbV0Kqk/vyuzite-ponuku-posledny-4-izb-byt-novostavba-v-senci","imagesUrls":["https://img.nehnutelnosti.sk/foto/NjAweDMzOC9maWx0ZXJzOnF1YWxpdHkoMTAwKS9uZWg=/bJzPNhrn9_fss?st=Qe5sY66BIBVz6dQC3VyRFmDU4mIeTBwg0O8iVMSERR8&ts=1697713250&e=0"]},{"title":"Prízemný 2-izb.byt - novostavba s vlastnou záhradkou v Senci.","address":"Senec, okres Senec","rooms":2,"meters":45,"totalPrice":165000,"meterSquarePrice":7,"link":"https://www.nehnutelnosti.sk/detail/JuY2khLU3Gf/prizemny-2-izb-byt-novostavba-s-vlastnou-zahradkou-v-senci","imagesUrls":["https://img.nehnutelnosti.sk/foto/NjAweDMzOC9maWx0ZXJzOnF1YWxpdHkoMTAwKS9uZWg=/xbF8btAN__fss?st=fpwZumR8dUAazz3Nz6r0DmJ6pgWX-XJN1cYmcZoYii8&ts=1697658336&e=0"]},{"title":"Nový nízkoenergetický 2-izbový byt","address":"Pezinok, okres Pezinok","rooms":2,"meters":43,"totalPrice":172000,"meterSquarePrice":4,"link":"https://www.nehnutelnosti.sk/detail/Ju53tv_ZFKh/novy-nizkoenergeticky-2-izbovy-byt","imagesUrls":["https://img.nehnutelnosti.sk/foto/NjAweDMzOC9maWx0ZXJzOnF1YWxpdHkoMTAwKS9uZWg=/2JLFq-Sxl_fss?st=-6CdjBMtDlHup9XeqjzTlhENwVU4OkGTjGEsVpNYqIY&ts=1718805671&e=0"]},{"title":"ČILIŽSKÁ 2-izbový slnečný byt","address":"Bratislava II - Vrakuňa, okres Bratislava","rooms":2,"meters":69,"totalPrice":170000,"meterSquarePrice":7,"link":"https://www.nehnutelnosti.sk/detail/JuQA-nubJM-/cilizska-2-izbovy-slnecny-byt","imagesUrls":["https://img.nehnutelnosti.sk/foto/NjAweDMzOC9maWx0ZXJzOnF1YWxpdHkoMTAwKS9uZWg=/DUsWxbW2g_fss?st=0-xV8dxnoci7ca82z2O3S1Lsb3Mjow50wJ7x-Q_dQGE&ts=1725957664&e=0"]},{"title":"2-izbový byt s parkovaním","address":"Príjazdná, Bratislava III - Vajnory, okres Bratislava","rooms":2,"meters":68,"totalPrice":185000,"meterSquarePrice":7,"link":"https://www.nehnutelnosti.sk/detail/JumQIUu_Knp/2-izbovy-byt-s-parkovanim","imagesUrls":["https://img.nehnutelnosti.sk/foto/NjAweDMzOC9maWx0ZXJzOnF1YWxpdHkoMTAwKS9uZWg=/OhJdMfIOOh_fss?st=mJ5pJ-tv_ef4QU3w5PTc3S6Wxrqi_ML10V9_UB1hkf8&ts=1716195723&e=0"]},{"title":"Bytový komplex PADANY","address":"Padáň, okres Dunajská Streda","rooms":2,"meters":59,"totalPrice":129780,"meterSquarePrice":7,"link":"https://www.nehnutelnosti.sk/detail/JuxZ-TtW_Am/bytovy-komplex-padany","imagesUrls":["https://img.nehnutelnosti.sk/foto/NjAweDMzOC9maWx0ZXJzOnF1YWxpdHkoMTAwKS9uZWg=/3dJ4u7X0pK_fss?st=iZZnL2quF5kpiKegTfiFOaLXDdwPJ98GA_4sNFEM4Ho&ts=1699882267&e=0"]},{"title":"Bytový komplex PADANY","address":"Padáň, okres Dunajská Streda","rooms":2,"meters":51,"totalPrice":108780,"meterSquarePrice":0,"link":"https://www.nehnutelnosti.sk/detail/Juh5p6rkes5/bytovy-komplex-padany","imagesUrls":["https://img.nehnutelnosti.sk/foto/NjAweDMzOC9maWx0ZXJzOnF1YWxpdHkoMTAwKS9uZWg=/5M-Ztg-Qk_fss?st=Deydt-B-r_NaW_NmqLHeo0YoJfmgrgWNIAf7ZGP-afg&ts=1694178978&e=0"]},{"title":"Bytový komplex PADANY","address":"Padáň, okres Dunajská Streda","rooms":2,"meters":54,"totalPrice":114450,"meterSquarePrice":0,"link":"https://www.nehnutelnosti.sk/detail/JuAWhTeLBDk/bytovy-komplex-padany","imagesUrls":["https://img.nehnutelnosti.sk/foto/NjAweDMzOC9maWx0ZXJzOnF1YWxpdHkoMTAwKS9uZWg=/NvOyXcb8Mm_fss?st=oSwC5yxwsJ-YktqnT_yqtVKgMXOZzSjFU8PViLfZRBE&ts=1699882268&e=0"]},{"title":"REZERVOVANÉ - 2 izbový byt na predaj, Sliač","address":"Boženy Němcovej, Sliač, okres Zvolen","rooms":2,"meters":53,"totalPrice":125000,"meterSquarePrice":9,"link":"https://www.nehnutelnosti.sk/detail/JurARC9usWX/rezervovane-2-izbovy-byt-na-predaj-sliac","imagesUrls":["https://img.nehnutelnosti.sk/foto/NjAweDMzOC9maWx0ZXJzOnF1YWxpdHkoMTAwKS9uZWg=/DtwZRa9UN_fss?st=bD_kUcF1ypIZGqbh9j-L-5R1vj3tOFsdL9Vtj0Nl5Cc&ts=1697274939&e=0"]},{"title":"1 izbový byt v Nitre na predaj, Chrenová, pôvodný stav","address":"Výstavná, Nitra, okres Nitra","rooms":1,"meters":35,"totalPrice":96500,"meterSquarePrice":4,"link":"https://www.nehnutelnosti.sk/detail/JueXF0rwRLl/1-izbovy-byt-v-nitre-na-predaj-chrenova-povodny-stav","imagesUrls":["https://img.nehnutelnosti.sk/foto/NjAweDMzOC9maWx0ZXJzOnF1YWxpdHkoMTAwKS9uZWg=/5j8wb2IjQc_fss?st=h9B-9UmDGxZM-ZdRGm9EghTypb08t5qz1vWEFCtZV04&ts=1717163171&e=0"]},{"title":"Na predaj 3 izbový byt, čiastočne rekonštruovaný","address":"Sibírska, Prešov, okres Prešov","rooms":3,"meters":75,"totalPrice":115000,"meterSquarePrice":3,"link":"https://www.nehnutelnosti.sk/detail/Ju5Oj8wRJfg/na-predaj-3-izbovy-byt-ciastocne-rekonstruovany","imagesUrls":["https://img.nehnutelnosti.sk/foto/NjAweDMzOC9maWx0ZXJzOnF1YWxpdHkoMTAwKS9uZWg=/rP5xHSje4J_fss?st=c8XqPSUgvk9M9hHtArfzemACZXwzQJytcKQl0HPDF80&ts=1725026541&e=0"]},{"title":"3 izbový byt v Lukáčovciach na predaj, znížená cena","address":"Lukáčovce, okres Nitra","rooms":3,"meters":90,"totalPrice":68000,"meterSquarePrice":6,"link":"https://www.nehnutelnosti.sk/detail/JuHwzl2PeWl/3-izbovy-byt-v-lukacovciach-na-predaj-znizena-cena","imagesUrls":["https://img.nehnutelnosti.sk/foto/NjAweDMzOC9maWx0ZXJzOnF1YWxpdHkoMTAwKS9uZWg=/KVpE34AbX_fss?st=r88r4Jcqj9Jwace7JZE9T3hiOspkR7QL4IuqjgULD_g&ts=1717163168&e=0"]},{"title":"Exkluzívne na predaj 3 izbový byt v centre Devínskej Novej Vsi","address":"Bratislava IV - Devínska Nová Ves, okres Bratislava","rooms":3,"meters":67,"totalPrice":null,"meterSquarePrice":null,"link":"https://www.nehnutelnosti.sk/detail/JuYdHK_CiSn/exkluzivne-na-predaj-3-izbovy-byt-v-centre-devinskej-novej-vsi","imagesUrls":["https://img.nehnutelnosti.sk/foto/NjAweDMzOC9maWx0ZXJzOnF1YWxpdHkoMTAwKS9uZWg=/qr404L7es_fss?st=YWrICOxp-BBQjbGOV42pycQqE2FSY8LXcyDVIHKZtYw&ts=1724750632&e=0"]},{"title":"3,5 izbový byt na predaj - Poprad - Stráže","address":"Škultétyho, Poprad, okres Poprad","rooms":3,"meters":85,"totalPrice":152000,"meterSquarePrice":8,"link":"https://www.nehnutelnosti.sk/detail/JuYaVoGAgV8/3-5-izbovy-byt-na-predaj-poprad-straze","imagesUrls":["https://img.nehnutelnosti.sk/foto/NjAweDMzOC9maWx0ZXJzOnF1YWxpdHkoMTAwKS9uZWg=/QzFc-yhT5_fss?st=--j3hRRr1gDriLxPGxr1H90vqchMVd3YJYigZYTC5_E&ts=1721731181&e=0"]},{"title":"NA PREDAJ APARTMÁN v TATRANSKEJ LOMNICI","address":"Vysoké Tatry, okres Poprad","rooms":null,"meters":45,"totalPrice":305000,"meterSquarePrice":5,"link":"https://www.nehnutelnosti.sk/detail/JuxgnBj1Une/na-predaj-apartman-v-tatranskej-lomnici","imagesUrls":["https://img.nehnutelnosti.sk/foto/NjAweDMzOC9maWx0ZXJzOnF1YWxpdHkoMTAwKS9uZWg=/lDxnhomTsa_fss?st=ByEX80UzqF33ES8jLxdbc6I2tWncJd1bO0n8hE77QRU&ts=1713275178&e=0"]},{"title":"2 izbový BYT - STARÉ MESTO","address":"Bratislava I - Staré Mesto, okres Bratislava","rooms":2,"meters":56,"totalPrice":320700,"meterSquarePrice":9,"link":"https://www.nehnutelnosti.sk/detail/JuU6KwDttN0/2-izbovy-byt-stare-mesto","imagesUrls":["https://img.nehnutelnosti.sk/foto/NjAweDMzOC9maWx0ZXJzOnF1YWxpdHkoMTAwKS9uZWg=/IdSsZHbuM_fss?st=jDYRZ9MWl3Wuzi6Xp-n6ni1akj-pU08y3rA0Dejl6OQ&ts=1654778469&e=0"]},{"title":"Luxusný 3izb byt v Starom meste s parkovacím miestom v podzemnej garáži.","address":"Bratislava I - Staré Mesto, okres Bratislava","rooms":3,"meters":120,"totalPrice":529900,"meterSquarePrice":3,"link":"https://www.nehnutelnosti.sk/detail/JuFHMoteLy5/luxusny-3izb-byt-v-starom-meste-s-parkovacim-miestom-v-podzemnej-garazi","imagesUrls":["https://img.nehnutelnosti.sk/foto/NjAweDMzOC9maWx0ZXJzOnF1YWxpdHkoMTAwKS9uZWg=/kfdX0MRyY3_fss?st=cbcYrH2xFlLFj8P7ZxFx8XAIOaYZgxyySOgKatcv1Gw&ts=1724083278&e=0"]},{"title":"PREDAJ novostavba bezbariérový 1-izbový byt 34 m2  s parkovacím miestom, Piešťany Pod Párovcami","address":"Pod Párovcami, Piešťany, okres Piešťany","rooms":1,"meters":34,"totalPrice":106000,"meterSquarePrice":5,"link":"https://www.nehnutelnosti.sk/detail/Ju8o62VpNJA/predaj-novostavba-bezbarierovy-1-izbovy-byt-34-m2-s-parkovacim-miestom-piestany-pod-parovcami","imagesUrls":["https://img.nehnutelnosti.sk/foto/NjAweDMzOC9maWx0ZXJzOnF1YWxpdHkoMTAwKS9uZWg=/803KVKNwKN_fss?st=VurssotBisnh0hxV9y1vqcM-4ebFZvPFxRkWDFkTX0o&ts=1726084022&e=0"]},{"title":"Predaj vkusný, krásny 2-izbový byt + loggia v nádhernom, tichom prostredí Piešťan","address":"Piešťany, okres Piešťany","rooms":2,"meters":53,"totalPrice":145500,"meterSquarePrice":8,"link":"https://www.nehnutelnosti.sk/detail/JuJ3eOSVkJq/predaj-vkusny-krasny-2-izbovy-byt-loggia-v-nadhernom-tichom-prostredi-piestan","imagesUrls":["https://img.nehnutelnosti.sk/foto/NjAweDMzOC9maWx0ZXJzOnF1YWxpdHkoMTAwKS9uZWg=/iLrPQb1_I_fss?st=Laifwo1WhCUi8aXA_gDHHs6MplIfBgGQjH0ZTwoy41g&ts=1724166090&e=0"]},{"title":"Predaj krásny 3-izbový byt + balkón, v peknom, tichom prostredí, v tesnej blízkosti Nového Mesta nad","address":"Nové Mesto nad Váhom, okres Nové Mesto nad Váhom","rooms":3,"meters":80,"totalPrice":117900,"meterSquarePrice":5,"link":"https://www.nehnutelnosti.sk/detail/Juuo1IgvZNa/predaj-krasny-3-izbovy-byt-balkon-v-peknom-tichom-prostredi-v-tesnej-blizkosti-noveho-mesta-nad","imagesUrls":["https://img.nehnutelnosti.sk/foto/NjAweDMzOC9maWx0ZXJzOnF1YWxpdHkoMTAwKS9uZWg=/e9-h-JPPk_fss?st=_tEyarJ18Hm_hq0ha8R-c2s3pdLMDrfoe4VvDPg6NpY&ts=1724161135&e=0"]},{"title":"Zrekonštruovaný 3-izbový byt 64 m2 s loggiou, Piešťany, A.Hlinku","address":"Zavretý Kút, Piešťany, okres Piešťany","rooms":3,"meters":64,"totalPrice":143000,"meterSquarePrice":8,"link":"https://www.nehnutelnosti.sk/detail/JusMAdGVW5Z/zrekonstruovany-3-izbovy-byt-64-m2-s-loggiou-piestany-a-hlinku","imagesUrls":["https://img.nehnutelnosti.sk/foto/NjAweDMzOC9maWx0ZXJzOnF1YWxpdHkoMTAwKS9uZWg=/UBr31xlIf_fss?st=2N5scuXgBASUYp9P8t9-W6_sbhXI8MXfT9AmwgXdy4o&ts=1722476874&e=0"]},{"title":"PREDAJ  DVOJIZBOVÝ BYT 46 M2, LOGGIA, PIEŠŤANY, M.BELA","address":"M.Bela, Piešťany, okres Piešťany","rooms":2,"meters":46,"totalPrice":104900,"meterSquarePrice":3,"link":"https://www.nehnutelnosti.sk/detail/JuXL273iNj9/predaj-dvojizbovy-byt-46-m2-loggia-piestany-m-bela","imagesUrls":["https://img.nehnutelnosti.sk/foto/NjAweDMzOC9maWx0ZXJzOnF1YWxpdHkoMTAwKS9uZWg=/W5j3uOPoe_fss?st=ZtKoLLUdqTgXt7Gaeb3_xAY3uaBJSh_hhy_CFL1JFSw&ts=1720868497&e=0"]},{"title":"PREDAJ 3 IZB BYT 69,29 m² + balkón 4,89 m² , novostavba *holobyt* BANKA - PIEŠŤANY","address":"Podhorská, Banka, okres Piešťany","rooms":3,"meters":70,"totalPrice":170000,"meterSquarePrice":7,"link":"https://www.nehnutelnosti.sk/detail/JubZkBXa-DC/predaj-3-izb-byt-69-29-m-balkon-4-89-m-novostavba-holobyt-banka-piestany","imagesUrls":["https://img.nehnutelnosti.sk/foto/NjAweDMzOC9maWx0ZXJzOnF1YWxpdHkoMTAwKS9uZWg=/pE80eZ3Fr_fss?st=XNUiA_q5xWYfE2uI-SMjaKu04S4Wk4crhqD_KOkboFg&ts=1721901091&e=0"]},{"title":"PREDAJ 1 IZB BYT 32 m² s balkónom 4,89 m², novostavba *holobyt* BANKA - PIEŠŤANY","address":"Podhorská, Banka, okres Piešťany","rooms":1,"meters":32,"totalPrice":93000,"meterSquarePrice":9,"link":"https://www.nehnutelnosti.sk/detail/JuybOLjfP1C/predaj-1-izb-byt-32-m-s-balkonom-4-89-m-novostavba-holobyt-banka-piestany","imagesUrls":["https://img.nehnutelnosti.sk/foto/NjAweDMzOC9maWx0ZXJzOnF1YWxpdHkoMTAwKS9uZWg=/tAf1x9oSjM_fss?st=wTZWQpzj1j4INFGvQlfTIC4f6WdW4U4It2ObV0uwe8s&ts=1723384007&e=0"]},{"title":"REZERVOVANÉ 3 IZBOVÝ BYT S LOGGIOU 67 M2 PIEŠŤANY, E.F.SCHERERA","address":"Piešťany, okres Piešťany","rooms":3,"meters":67,"totalPrice":158000,"meterSquarePrice":1,"link":"https://www.nehnutelnosti.sk/detail/Jug2aXhHPgt/rezervovane-3-izbovy-byt-s-loggiou-67-m2-piestany-e-f-scherera","imagesUrls":["https://img.nehnutelnosti.sk/foto/NjAweDMzOC9maWx0ZXJzOnF1YWxpdHkoMTAwKS9uZWg=/NC9DqLdK0_fss?st=T-qvETnySAINKp7JETEgf7YpyhnJUM0XNg8AD6siz28&ts=1708960686&e=0"]},{"title":"PREDAJ  DVOJIZBOVÝ BYT 46 M2, LOGGIA, PIEŠŤANY, SCHERERA","address":"E. F. Scherera, Piešťany, okres Piešťany","rooms":2,"meters":46,"totalPrice":118000,"meterSquarePrice":2,"link":"https://www.nehnutelnosti.sk/detail/JujXRJokJjh/predaj-dvojizbovy-byt-46-m2-loggia-piestany-scherera","imagesUrls":["https://img.nehnutelnosti.sk/foto/NjAweDMzOC9maWx0ZXJzOnF1YWxpdHkoMTAwKS9uZWg=/3Hr9G5yMq_fss?st=Hckm6xbPx2okhx7ZuO4Mo10BbMCFvSDBTb69VbigJaQ&ts=1680888662&e=0"]},{"title":"*Predaj* 2 IZB BYT ''D'' 58,64 m² + BALKÓN 6,26 m², novostavba *SPA RESORT*  BANKA - PIEŠŤANY","address":"Piešťany, okres Piešťany","rooms":2,"meters":58,"totalPrice":140736,"meterSquarePrice":0,"link":"https://www.nehnutelnosti.sk/detail/JuL6jhgK-LA/predaj-2-izb-byt-d-58-64-m-balkon-6-26-m-novostavba-spa-resort-banka-piestany","imagesUrls":["https://img.nehnutelnosti.sk/foto/NjAweDMzOC9maWx0ZXJzOnF1YWxpdHkoMTAwKS9uZWg=/VnVRLtDgd_fss?st=-NX55wUgNrYzqA5FWPeRA4iw86QMpt-nKXh6TMVaOrE&ts=1715545706&e=0"]},{"title":"BOSEN | Na predaj 1-izbový byt na ulici Pribišova - Karlova Ves, 34m2","address":"Pribišova, Bratislava IV - Karlova Ves, okres Bratislava","rooms":1,"meters":34,"totalPrice":134000,"meterSquarePrice":8,"link":"https://www.nehnutelnosti.sk/detail/Ju0FpcHM-hj/bosen-na-predaj-1-izbovy-byt-na-ulici-pribisova-karlova-ves-34m2","imagesUrls":["https://img.nehnutelnosti.sk/foto/NjAweDMzOC9maWx0ZXJzOnF1YWxpdHkoMTAwKS9uZWg=/hqDqr3_Nx_fss?st=FvAVH3FlJXEQLqzamJadCDD76I8-OBkXANcyIcNJwbk&ts=1723742933&e=0"]},{"title":"BOSEN | Na predaj 1 izbový byt Muškátová - Pezinok","address":"Muškátová, Pezinok, okres Pezinok","rooms":1,"meters":34,"totalPrice":null,"meterSquarePrice":null,"link":"https://www.nehnutelnosti.sk/detail/JuwQSMxSuGD_/bosen-na-predaj-1-izbovy-byt-muskatova-pezinok","imagesUrls":["https://img.nehnutelnosti.sk/foto/NjAweDMzOC9maWx0ZXJzOnF1YWxpdHkoMTAwKS9uZWg=/rh2J1B946_fss?st=tJwZes_amG36ey5foTsactPYJ-c6hRQlXZy8ILT0W7A&ts=1717577661&e=0"]},{"title":"3-izb. byt v novostavbe Trenčín, terasa a predzáhradka v OV (A2)","address":"Trenčín, okres Trenčín","rooms":3,"meters":79,"totalPrice":248757,"meterSquarePrice":9,"link":"https://www.nehnutelnosti.sk/detail/JulRt6qUhiM/3-izb-byt-v-novostavbe-trencin-terasa-a-predzahradka-v-ov-a2","imagesUrls":["https://img.unitedclassifieds.sk/foto/NjAweDMzOC9maWx0ZXJzOnF1YWxpdHkoMTAwKS9qdWw=/tCp31Gtl4_fss?st=Afej1uN_wz3aQ84XIA1EjIF9eamYdzAa3RGi-By6i4k&ts=1715708923&e=0"]}]