[{"title":"Novinka 3 izbový byt Zlaté Moravce","address":"1 Mája1, Zlaté Moravce, okres Zlaté Moravce","rooms":3,"meters":67,"totalPrice":93600,"meterSquarePrice":1,"link":"https://www.nehnutelnosti.sk/detail/JuDjQw5NHLC/novinka-3-izbovy-byt-zlate-moravce","imagesUrls":["https://img.nehnutelnosti.sk/foto/NjAweDMzOC9maWx0ZXJzOnF1YWxpdHkoMTAwKS9uZWg=/8PCgBRQ5x_fss?st=tB7OUysaSgXdZjJoAvKPW_hujA_0upKrKJcFEm7Fp8Q&ts=1724935685&e=0"]},{"title":"Nad Jazerom: krásny 3 izb. byt ul. Námestie kozmonautov, 69 m2, loggia","address":"Kozmonautov, Košice IV - Nad jazerom, okres Košice","rooms":3,"meters":69,"totalPrice":188800,"meterSquarePrice":3,"link":"https://www.nehnutelnosti.sk/detail/JupZYebTtnW/nad-jazerom-krasny-3-izb-byt-ul-namestie-kozmonautov-69-m2-loggia","imagesUrls":["https://img.nehnutelnosti.sk/foto/NjAweDMzOC9maWx0ZXJzOnF1YWxpdHkoMTAwKS9uZWg=/wDoz_7x7q_fss?st=8Jcb2ed5IzTNwjNztsQnvMH8LScoaExwJ22iq0pEH2A&ts=1724934580&e=0"]},{"title":"REZERVOVANÉ: 2i byt s lodžiou; 50,48 m2; CENTRUM-Poprad;153.500€","address":"Francisciho, Poprad, okres Poprad","rooms":2,"meters":50,"totalPrice":153500,"meterSquarePrice":1,"link":"https://www.nehnutelnosti.sk/detail/JuH6rl9vqvk/rezervovane-2i-byt-s-lodziou-50-48-m2-centrum-poprad153-500","imagesUrls":["https://img.unitedclassifieds.sk/foto/NjAweDMzOC9maWx0ZXJzOnF1YWxpdHkoMTAwKS9yc2Y=/aQa3VLj0l_fss?st=Ojdnn7qznVbS-S6OEZobasHZqB9p9HxCfrMPjYVCp78&ts=1721312387&e=0"]},{"title":"AZ PROPERTY * ponúkame nový 2-izbový byt s vysokými stropmi a balkónom v Mestskej vile Mudroňova v l","address":"Mudroňova, Bratislava I - Staré Mesto, okres Bratislava","rooms":2,"meters":62,"totalPrice":399000,"meterSquarePrice":7,"link":"https://www.nehnutelnosti.sk/detail/JuCOV94GmyA/az-property-ponukame-novy-2-izbovy-byt-s-vysokymi-stropmi-a-balkonom-v-mestskej-vile-mudronova-v-l","imagesUrls":["https://img.unitedclassifieds.sk/foto/NjAweDMzOC9maWx0ZXJzOnF1YWxpdHkoMTAwKS9qdWw=/aiDq9D1bQ_fss?st=1r7NN02-Sq5p5qANr40wgys_oPWPtNF6ZrilFp1u0Is&ts=1716833853&e=0"]},{"title":"Na predaj 2 izbový tehlový byt v pôvodnom stave v Komárne","address":"E.B. Lukáča, Komárno, okres Komárno","rooms":2,"meters":58,"totalPrice":62500,"meterSquarePrice":9,"link":"https://www.nehnutelnosti.sk/detail/Ju3QAPji-qX/na-predaj-2-izbovy-tehlovy-byt-v-povodnom-stave-v-komarne","imagesUrls":["https://img.nehnutelnosti.sk/foto/NjAweDMzOC9maWx0ZXJzOnF1YWxpdHkoMTAwKS9uZWg=/wNhmPTdME_fss?st=Z83vEuDygAUo322nuJlzGHmjhoIsSWExgejq9ayPA30&ts=1724932991&e=0"]},{"title":"REZERVOVANY : Bývanie v blízkosti prírody, 3izb byt s parkovacím miestom v Hamuliakove","address":"Scillova, Hamuliakovo, okres Senec","rooms":3,"meters":85,"totalPrice":181900,"meterSquarePrice":3,"link":"https://www.nehnutelnosti.sk/detail/JujaxiNMPx7/rezervovany-byvanie-v-blizkosti-prirody-3izb-byt-s-parkovacim-miestom-v-hamuliakove","imagesUrls":["https://img.nehnutelnosti.sk/foto/NjAweDMzOC9maWx0ZXJzOnF1YWxpdHkoMTAwKS9uZWg=/NNElKVNdIC_fss?st=3GXPOna5_ItEnOUhfcRwCqOgCjj8DDB2j8Txil3fYww&ts=1724932101&e=0"]},{"title":"3 izbový byt v BLUMENTAL RESIDENCE","address":"Radlinského, Bratislava I - Staré Mesto, okres Bratislava","rooms":3,"meters":73,"totalPrice":449900,"meterSquarePrice":1,"link":"https://www.nehnutelnosti.sk/detail/JuP2VweI4Af/3-izbovy-byt-v-blumental-residence","imagesUrls":["https://img.nehnutelnosti.sk/foto/NjAweDMzOC9maWx0ZXJzOnF1YWxpdHkoMTAwKS9uZWg=/c-_xyvdixv_fss?st=up9K_xGPWcrFSbuegB4wCLVKZX2CKG_YqjrwNGL5VUY&ts=1725955852&e=0"]},{"title":"PONÚKAME 2 IZBOVÝ BYT MARTIN - KOŠÚTY","address":"Kernova, Martin, okres Martin","rooms":2,"meters":52,"totalPrice":92500,"meterSquarePrice":5,"link":"https://www.nehnutelnosti.sk/detail/JuZ91snsTsw/ponukame-2-izbovy-byt-martin-kosuty","imagesUrls":["https://img.unitedclassifieds.sk/foto/NjAweDMzOC9maWx0ZXJzOnF1YWxpdHkoMTAwKS9yc2Y=/f9ulwOhVy2_fss?st=56H3YDy4_qjUvZ1Y8wCPca2902ty72WtrWy37Jsdzqk&ts=1715820625&e=0"]},{"title":"Pekný 3-izbový byt, LOGGIA, v starej časti Vrakune","address":"Bratislava II - Vrakuňa, okres Bratislava","rooms":3,"meters":69,"totalPrice":170000,"meterSquarePrice":5,"link":"https://www.nehnutelnosti.sk/detail/JutnCQa5jht/pekny-3-izbovy-byt-loggia-v-starej-casti-vrakune","imagesUrls":["https://img.nehnutelnosti.sk/foto/NjAweDMzOC9maWx0ZXJzOnF1YWxpdHkoMTAwKS9uZWg=/dsa2EWXrj_fss?st=qgpw3lUZqdod5jGT21WHFpa7znUm1rhFg6d5IXL-_JU&ts=1722346246&e=0"]},{"title":"Priestranný 2 izbový byt - Ľadoveň","address":"Martin, okres Martin","rooms":2,"meters":62,"totalPrice":null,"meterSquarePrice":null,"link":"https://www.nehnutelnosti.sk/detail/JuTeETEHKe8/priestranny-2-izbovy-byt-ladoven","imagesUrls":["https://img.unitedclassifieds.sk/foto/NjAweDMzOC9maWx0ZXJzOnF1YWxpdHkoMTAwKS9yc2Y=/GfptI9gG6_fss?st=2cu4ky7KegW0pqtOZmevmSMUVrNbEP--vizRsICzk6I&ts=1715818551&e=0"]},{"title":"Velkometrážny 3-izbový byt s garážou, Martin - Priekopa - REZERVOVANÝ","address":"Martin, okres Martin","rooms":3,"meters":78,"totalPrice":139900,"meterSquarePrice":9,"link":"https://www.nehnutelnosti.sk/detail/JuUUdyxuJxx/velkometrazny-3-izbovy-byt-s-garazou-martin-priekopa-rezervovany","imagesUrls":["https://img.unitedclassifieds.sk/foto/NjAweDMzOC9maWx0ZXJzOnF1YWxpdHkoMTAwKS9yc2Y=/_X-WcTiuk_fss?st=11RDonhURBGuTii-8weqRsWYiXNPGu5tYdzAAuLa7Ak&ts=1724659920&e=0"]},{"title":"Predam slnecny 2 izbovy byt v novostavbe s terasou","address":"Dubová, Dubnica nad Váhom, okres Ilava","rooms":2,"meters":55,"totalPrice":149000,"meterSquarePrice":9,"link":"https://www.nehnutelnosti.sk/detail/Ju3K7hSsjxm/predam-slnecny-2-izbovy-byt-v-novostavbe-s-terasou","imagesUrls":["https://img.nehnutelnosti.sk/foto/NjAweDMzOC9maWx0ZXJzOnF1YWxpdHkoMTAwKS9uZWg=/ThMyw5169_fss?st=LSpcfU-eMGzIRatxHdqq4E1SFFhiIAyWwCgXRejqY9o&ts=1706781120&e=0"]},{"title":"4 izb. byt v centre, možné 2 byt.jednotky, terasa, aj na podnikanie","address":"Mlynská, Košice I - Staré Mesto, okres Košice","rooms":4,"meters":117,"totalPrice":350000,"meterSquarePrice":5,"link":"https://www.nehnutelnosti.sk/detail/JudBrPH48VG/4-izb-byt-v-centre-mozne-2-byt-jednotky-terasa-aj-na-podnikanie","imagesUrls":["https://img.unitedclassifieds.sk/foto/NjAweDMzOC9maWx0ZXJzOnF1YWxpdHkoMTAwKS9qdWw=/jR4QelYU3_fss?st=MzVwXL6f30TcLhVRXs6C7FH6aZt3Ko4-OexaBByj8J4&ts=1724918738&e=0"]},{"title":"LUXUSNÝ 3KK Apartmán - Kubínska Hoľa","address":"Dolný Kubín, okres Dolný Kubín","rooms":null,"meters":77,"totalPrice":230000,"meterSquarePrice":1,"link":"https://www.nehnutelnosti.sk/detail/JuFfwDxA2aU/luxusny-3kk-apartman-kubinska-hola","imagesUrls":["https://img.nehnutelnosti.sk/foto/NjAweDMzOC9maWx0ZXJzOnF1YWxpdHkoMTAwKS9uZWg=/guE6721bn_fss?st=QfHnjWHWHa1dQHhRPDyb9cAmap5m1Bx7y5j7SKwUj80&ts=1725299270&e=0"]},{"title":"NOVÁ ZĽAVA z ceny - na PREDAJ 3 izbový slnečný, veľkometrážny byt","address":"Galanta, okres Galanta","rooms":3,"meters":78,"totalPrice":119900,"meterSquarePrice":5,"link":"https://www.nehnutelnosti.sk/detail/JumqHUlCF-P/nova-zlava-z-ceny-na-predaj-3-izbovy-slnecny-velkometrazny-byt","imagesUrls":["https://img.nehnutelnosti.sk/foto/NjAweDMzOC9maWx0ZXJzOnF1YWxpdHkoMTAwKS9uZWg=/zGSgPwfWk_fss?st=62iC5_oxnrwZmDpj-kxbMx208gSG-p4hoj_dJEK7cjE&ts=1726739109&e=0"]},{"title":"POSLEDNÉ zníženie ceny! 2- izb. byt, s balkónom, v Rimavskej Sobote","address":"Rožňavská, Rimavská Sobota, okres Rimavská Sobota","rooms":2,"meters":50,"totalPrice":45000,"meterSquarePrice":0,"link":"https://www.nehnutelnosti.sk/detail/JunncIU9MK9/posledne-znizenie-ceny-2-izb-byt-s-balkonom-v-rimavskej-sobote","imagesUrls":["https://img.nehnutelnosti.sk/foto/NjAweDMzOC9maWx0ZXJzOnF1YWxpdHkoMTAwKS9uZWg=/8GtzUZcBr_fss?st=4d_-l0KSHaGdLBDezBr0HnFS9_zsv5jlTn4McXGQedg&ts=1724215968&e=0"]},{"title":"Super 2izbový bytík  s garážou a záhradkou na predaj ID 2B005DZ","address":"Vansovej, Dubnica nad Váhom, okres Ilava","rooms":2,"meters":59,"totalPrice":128000,"meterSquarePrice":9,"link":"https://www.nehnutelnosti.sk/detail/JuwyepVJiPx/super-2izbovy-bytik-s-garazou-a-zahradkou-na-predaj-id-2b005dz","imagesUrls":["https://img.nehnutelnosti.sk/foto/NjAweDMzOC9maWx0ZXJzOnF1YWxpdHkoMTAwKS9uZWg=/HmWCmMMVA_fss?st=cIHcWMRYFIRze0Nqy9LYr2JMh3R2RUXkA9ogva_wZsI&ts=1717105575&e=0"]},{"title":"Byt Pezinok","address":"Trnavská , Pezinok, okres Pezinok","rooms":3,"meters":null,"totalPrice":140000,"meterSquarePrice":1,"link":"https://www.nehnutelnosti.sk/detail/JuDm4f_nqnY/byt-pezinok","imagesUrls":["https://img.nehnutelnosti.sk/foto/NjAweDMzOC9maWx0ZXJzOnF1YWxpdHkoMTAwKS9uZWg=/nymQptXn9_fss?st=953SrxlimSdJxjrxYJaa_khPlLP1SMkicxgI6ip2qNQ&ts=1724902977&e=0"]},{"title":"Šikovný 1- izb. byt v Tisovci na predaj","address":"M.R. Štefánika, Tisovec, okres Rimavská Sobota","rooms":1,"meters":30,"totalPrice":22100,"meterSquarePrice":7,"link":"https://www.nehnutelnosti.sk/detail/JunDt1wbC0f/sikovny-1-izb-byt-v-tisovci-na-predaj","imagesUrls":["https://img.nehnutelnosti.sk/foto/NjAweDMzOC9maWx0ZXJzOnF1YWxpdHkoMTAwKS9uZWg=/wdHj-DPwF_fss?st=tAFMl-WZ1tCS-7l3lzDGZx91Xh42EdfsrwoAeEVrz-8&ts=1717625372&e=0"]},{"title":"4izbový krásny byt na predaj Ružomberok- Baničné 4B031BD","address":"Do Baničného, Ružomberok, okres Ružomberok","rooms":4,"meters":80,"totalPrice":null,"meterSquarePrice":null,"link":"https://www.nehnutelnosti.sk/detail/Ju7nZo-gpY1/4izbovy-krasny-byt-na-predaj-ruzomberok-banicne-4b031bd","imagesUrls":["https://img.nehnutelnosti.sk/foto/NjAweDMzOC9maWx0ZXJzOnF1YWxpdHkoMTAwKS9uZWg=/k-DxiILNU_fss?st=X7V_Jc02Hfmvlkzx2NuPnUqcUdi4LeRsvhNKc0rxEPw&ts=1724838083&e=0"]},{"title":"PREDANÉ !!!!!!!!!Pekný 2,5izbový byt na Tatranskej ulici ID 2.5B024BD","address":"Tatranská cesta, Ružomberok, okres Ružomberok","rooms":2,"meters":58,"totalPrice":120000,"meterSquarePrice":2,"link":"https://www.nehnutelnosti.sk/detail/Ju6SLH8dIgo/predane-pekny-2-5izbovy-byt-na-tatranskej-ulici-id-2-5b024bd","imagesUrls":["https://img.nehnutelnosti.sk/foto/NjAweDMzOC9maWx0ZXJzOnF1YWxpdHkoMTAwKS9uZWg=/5G4JWVDDL_fss?st=Z8ZTnSw56l3wc4RoVOCs1eHh5OUIib9DvbKtxg65Txw&ts=1723498420&e=0"]},{"title":"1-izbový byt s balkónom v Ružomberku novostavba ID 1B035BD","address":"Bystrická Cesta, Ružomberok, okres Ružomberok","rooms":1,"meters":23,"totalPrice":66400,"meterSquarePrice":0,"link":"https://www.nehnutelnosti.sk/detail/JuOMj1AU0bd/1-izbovy-byt-s-balkonom-v-ruzomberku-novostavba-id-1b035bd","imagesUrls":["https://img.nehnutelnosti.sk/foto/NjAweDMzOC9maWx0ZXJzOnF1YWxpdHkoMTAwKS9uZWg=/rxFBWORpD_fss?st=DQRvI-6twcg2OgLfw3Z5e7wYCdnEmea6dw2MN6w0AxQ&ts=1720991828&e=0"]},{"title":"Výnimočná ponuka - 3 izbový byt na predaj v centre Komárna","address":"Vnútorná okružná, Komárno, okres Komárno","rooms":3,"meters":67,"totalPrice":115500,"meterSquarePrice":8,"link":"https://www.nehnutelnosti.sk/detail/Juzt2IennSX/vynimocna-ponuka-3-izbovy-byt-na-predaj-v-centre-komarna","imagesUrls":["https://img.nehnutelnosti.sk/foto/NjAweDMzOC9maWx0ZXJzOnF1YWxpdHkoMTAwKS9uZWg=/APqHRAtSu-_fss?st=-PGRQ1iwvg-CgnOz4_B80MfChgiLWMhsGRMJNkv5Zjg&ts=1726643709&e=0"]},{"title":"VEĽKÝ 1-IZBOVÝ BYT V SKOLAUDOVANOM PROJEKTE V BLÍZKOSTI DOWNTOWNU","address":"Prístavná, Bratislava II - Ružinov, okres Bratislava","rooms":1,"meters":49,"totalPrice":187500,"meterSquarePrice":5,"link":"https://www.nehnutelnosti.sk/detail/JuhHAfiBnoz/velky-1-izbovy-byt-v-skolaudovanom-projekte-v-blizkosti-downtownu","imagesUrls":["https://img.nehnutelnosti.sk/foto/NjAweDMzOC9maWx0ZXJzOnF1YWxpdHkoMTAwKS9uZWg=/DcxHJ9Cjk6_fss?st=YYEOWhScV0RSFkZfVkQCZimDZKOjpnSh-jte5KiLiBg&ts=1724541503&e=0"]},{"title":"Predaj,3izb.byt s dvoma balkonmi v obci Cinobana","address":"Sídlisko, Cinobaňa, okres Poltár","rooms":3,"meters":773,"totalPrice":39999,"meterSquarePrice":5,"link":"https://www.nehnutelnosti.sk/detail/JumSwIUMUE1/predaj-3izb-byt-s-dvoma-balkonmi-v-obci-cinobana","imagesUrls":["https://img.nehnutelnosti.sk/foto/NjAweDMzOC9maWx0ZXJzOnF1YWxpdHkoMTAwKS9uZWg=/EzvmCwMMA_fss?st=t2iz3HRjI2Ct6EuQC9BK8qUE_LDLo9Pn-q5KLbU401c&ts=1724876922&e=0"]},{"title":"Predám 2 izbový byt na Zobore v Nitre","address":"Svätoplukova 3345/4B, Nitra, okres Nitra","rooms":2,"meters":55,"totalPrice":139000,"meterSquarePrice":7,"link":"https://www.nehnutelnosti.sk/detail/JuMelYHqkMc/predam-2-izbovy-byt-na-zobore-v-nitre","imagesUrls":["https://img.nehnutelnosti.sk/foto/NjAweDMzOC9maWx0ZXJzOnF1YWxpdHkoMTAwKS9uZWg=/BhTjc7zZ2_fss?st=D2zoWgW3bpUpJy0adjuHL4nuxsLdy4YPKQHtLGLOcng&ts=1724873093&e=0"]},{"title":"Prémiový 2 izbový byt v uzavretom komplexe v Starom Meste.","address":"Hriňovská, Bratislava I - Staré Mesto, okres Bratislava","rooms":2,"meters":81,"totalPrice":420000,"meterSquarePrice":8,"link":"https://www.nehnutelnosti.sk/detail/JuB-Et_PXwr/premiovy-2-izbovy-byt-v-uzavretom-komplexe-v-starom-meste","imagesUrls":["https://img.nehnutelnosti.sk/foto/NjAweDMzOC9maWx0ZXJzOnF1YWxpdHkoMTAwKS9uZWg=/nqa3nT2XT_fss?st=JCu2cyUqednMJCMzuhZIvTwkc5SqvwKqa2LbaPp4IYA&ts=1726047176&e=0"]},{"title":"Nová luxusná nehnuteľnosť na predaj exkluzívne len u nás v ALISON PROPERTY","address":"Martin, okres Martin","rooms":3,"meters":66,"totalPrice":199500,"meterSquarePrice":6,"link":"https://www.nehnutelnosti.sk/detail/JuysXfV3J-R/nova-luxusna-nehnutelnost-na-predaj-exkluzivne-len-u-nas-v-alison-property","imagesUrls":["https://img.nehnutelnosti.sk/foto/NjAweDMzOC9maWx0ZXJzOnF1YWxpdHkoMTAwKS9uZWg=/bAV8Bc8y18_fss?st=enY8f9qZ_BjGaL2jqujBPzKN8rwhOYIiqJu7Akj_7NQ&ts=1724862766&e=0"]},{"title":"1-izb. investičný alebo štartovací byt 42 m2 - štandard novostavby - RETRO","address":"Framborská, Žilina - Staré mesto, okres Žilina","rooms":1,"meters":42,"totalPrice":133333,"meterSquarePrice":0,"link":"https://www.nehnutelnosti.sk/detail/JufMI84YRc6/1-izb-investicny-alebo-startovaci-byt-42-m2-standard-novostavby-retro","imagesUrls":["https://img.nehnutelnosti.sk/foto/NjAweDMzOC9maWx0ZXJzOnF1YWxpdHkoMTAwKS9uZWg=/rKEmxB0hh_fss?st=1w7DLAHavAN096u-EzRLMl36UDSuRWShcbHlg3diMZ0&ts=1724250419&e=0"]},{"title":"Ponuka 2-izbového bytu v projekte BYTY NA NÁMESTÍ","address":"Hviezdoslavovo námestie, Dolný Kubín, okres Dolný Kubín","rooms":2,"meters":46,"totalPrice":null,"meterSquarePrice":null,"link":"https://www.nehnutelnosti.sk/detail/Ju6xsc-e4U4/ponuka-2-izboveho-bytu-v-projekte-byty-na-namesti","imagesUrls":["https://img.nehnutelnosti.sk/foto/NjAweDMzOC9maWx0ZXJzOnF1YWxpdHkoMTAwKS9uZWg=/GKKZZ3nM2_fss?st=9yxZ4vstqGxFH0diffjz7I1Om1K26l0CPrEPUclv4oE&ts=1709417712&e=0"]}]