[{"title":"!MEZONET! EXKLUZÍVNE NA PREDAJ KRÁSNY, KOMPLETNE ZREKONŠTRUOVANÝ 3-IZBOVÝ MEZONET (71 m2) S BALKÓNOM","address":"Trenčín, okres Trenčín","rooms":3,"meters":71,"totalPrice":149900,"meterSquarePrice":7,"link":"https://www.nehnutelnosti.sk/detail/Juz3n2qKtpl/mezonet-exkluzivne-na-predaj-krasny-kompletne-zrekonstruovany-3-izbovy-mezonet-71-m2-s-balkonom","imagesUrls":["https://img.nehnutelnosti.sk/foto/NjAweDMzOC9maWx0ZXJzOnF1YWxpdHkoMTAwKS9uZWg=/8nj_y0C1We_fss?st=YoFM0ZVxE1lBsNj9ZjSwDFivOi9ok_RsEVMYUclhHns&ts=1717587703&e=0"]},{"title":"NA PREDAJ 2i byt so záhradkou v GALANTE v časti Richtárske Pole.","address":"Galanta, okres Galanta","rooms":2,"meters":59,"totalPrice":143696,"meterSquarePrice":3,"link":"https://www.nehnutelnosti.sk/detail/JuKS7wQsgiE/na-predaj-2i-byt-so-zahradkou-v-galante-v-casti-richtarske-pole","imagesUrls":["https://img.nehnutelnosti.sk/foto/NjAweDMzOC9maWx0ZXJzOnF1YWxpdHkoMTAwKS9uZWg=/LemJNrY0US_fss?st=cxh5x0QySro18jb8KoQpo8E353lkLSZtNSs-P17sFBU&ts=1717590266&e=0"]},{"title":"NA PREDAJ 3i byt so záhradkou v GALANTE v časti Richtárske Pole.","address":"Galanta, okres Galanta","rooms":3,"meters":64,"totalPrice":154464,"meterSquarePrice":0,"link":"https://www.nehnutelnosti.sk/detail/JuRBIyfF_gs/na-predaj-3i-byt-so-zahradkou-v-galante-v-casti-richtarske-pole","imagesUrls":["https://img.nehnutelnosti.sk/foto/NjAweDMzOC9maWx0ZXJzOnF1YWxpdHkoMTAwKS9uZWg=/nxvVJR725_fss?st=SRDw56BDujCuaeovJtYcyjfP4Ex-ib0f4rYKhHKdpx8&ts=1717590266&e=0"]},{"title":"TUreality ponúka veľmi pekný a priestranný 3i byt v Petržalke, Novostavba, parking, pivnica, 80,26m2","address":"Bratislava V - Petržalka, okres Bratislava","rooms":3,"meters":80,"totalPrice":240000,"meterSquarePrice":8,"link":"https://www.nehnutelnosti.sk/detail/JuSyqva3nIh/tureality-ponuka-velmi-pekny-a-priestranny-3i-byt-v-petrzalke-novostavba-parking-pivnica-80-26m2","imagesUrls":["https://img.nehnutelnosti.sk/foto/NjAweDMzOC9maWx0ZXJzOnF1YWxpdHkoMTAwKS9uZWg=/OniPsvuTPS_fss?st=MHX7BB0IFI9PCDt2Ll07YV1H5_Dor93de3QR-2Sct_w&ts=1717620679&e=0"]},{"title":"Na predaj 2-izbový byt o výmere 54m2, Lipová ulica, Kysucké Nové Mesto","address":"Kysucké Nové Mesto, okres Kysucké Nové Mesto","rooms":2,"meters":54,"totalPrice":102990,"meterSquarePrice":2,"link":"https://www.nehnutelnosti.sk/detail/JugZmnMRPVk/na-predaj-2-izbovy-byt-o-vymere-54m2-lipova-ulica-kysucke-nove-mesto","imagesUrls":["https://img.nehnutelnosti.sk/foto/NjAweDMzOC9maWx0ZXJzOnF1YWxpdHkoMTAwKS9uZWg=/I6VwlKd8A_fss?st=59MNvamt0gwGUZ7MZFhBJ2H7g9r4hv4XR5QOOG3AO-o&ts=1725457867&e=0"]},{"title":"NA PREDAJ 1-IZBOVÝ BYT S LOGGIOU V KRÁSNOM TICHOM PROSTREDÍ, 39m2, Stará Turá","address":"Stará Turá, okres Nové Mesto nad Váhom","rooms":1,"meters":39,"totalPrice":64000,"meterSquarePrice":3,"link":"https://www.nehnutelnosti.sk/detail/JuHY7inzvV-/na-predaj-1-izbovy-byt-s-loggiou-v-krasnom-tichom-prostredi-39m2-stara-tura","imagesUrls":["https://img.nehnutelnosti.sk/foto/NjAweDMzOC9maWx0ZXJzOnF1YWxpdHkoMTAwKS9uZWg=/By5pjtIBpF_fss?st=D2NnpGdEkgb2ODrsQhcr5nrz1hIaF1WH_shP7aVe8_c&ts=1717587683&e=0"]},{"title":"Na predaj 3 izbový byt Martin - Záturčie","address":"Martin, okres Martin","rooms":3,"meters":63,"totalPrice":123000,"meterSquarePrice":8,"link":"https://www.nehnutelnosti.sk/detail/JuSrsgWfgsy/na-predaj-3-izbovy-byt-martin-zaturcie","imagesUrls":["https://img.nehnutelnosti.sk/foto/NjAweDMzOC9maWx0ZXJzOnF1YWxpdHkoMTAwKS9uZWg=/3YtbV7NVq_fss?st=kP27DMpHs5cdyjVnmkJG626jl1wzjA8itl9gaToSIvk&ts=1714479292&e=0"]},{"title":"TUreality ponúka na predaj 2 izbový byt vo výbornej lokalite v meste Kremnica, 56,5m2","address":"Kremnica, okres Žiar nad Hronom","rooms":2,"meters":57,"totalPrice":73950,"meterSquarePrice":7,"link":"https://www.nehnutelnosti.sk/detail/Ju6OY1XJV8z/tureality-ponuka-na-predaj-2-izbovy-byt-vo-vybornej-lokalite-v-meste-kremnica-56-5m2","imagesUrls":["https://img.nehnutelnosti.sk/foto/NjAweDMzOC9maWx0ZXJzOnF1YWxpdHkoMTAwKS9uZWg=/SmqhSrVhe_fss?st=1Gr5zbXySYY5eunM77ZXU3OziqsxfaEuyzbDFubKR_8&ts=1717587693&e=0"]},{"title":"PREDANÉ - EXKLUZÍVNE v TUreality bol predaný priestranný 2 -izb. byt s balkónom /71m2/ vo vyhľadávan","address":"Liptovský Mikuláš, okres Liptovský Mikuláš","rooms":2,"meters":71,"totalPrice":null,"meterSquarePrice":null,"link":"https://www.nehnutelnosti.sk/detail/JucHD9eR6yz/predane-exkluzivne-v-tureality-bol-predany-priestranny-2-izb-byt-s-balkonom-71m2-vo-vyhladavan","imagesUrls":["https://img.nehnutelnosti.sk/foto/NjAweDMzOC9maWx0ZXJzOnF1YWxpdHkoMTAwKS9uZWg=/ZkGQT_QNs_fss?st=es8O2Iqi3USijZLN0YaTlS1VUjYJ9qh91JjDLiH9N5I&ts=1726216508&e=0"]},{"title":"Predám 2izbový apartmán,balkón, novostavba, Vysoké Tatry","address":"Vysoké Tatry, okres Poprad","rooms":2,"meters":49,"totalPrice":199980,"meterSquarePrice":2,"link":"https://www.nehnutelnosti.sk/detail/JuZuXantaP1/predam-2izbovy-apartman-balkon-novostavba-vysoke-tatry","imagesUrls":["https://img.nehnutelnosti.sk/foto/NjAweDMzOC9maWx0ZXJzOnF1YWxpdHkoMTAwKS9uZWg=/SpxbyJvsi_fss?st=K0nyV2-sMQkGwmxRsHxLX-UWbBlO6fJ0-DQ1L9pIUfU&ts=1725358994&e=0"]},{"title":"Na predaj 2,5 - izbový byt v obci Chynorany, Školská ulica 57 m2","address":"Chynorany, okres Partizánske","rooms":2,"meters":56,"totalPrice":68990,"meterSquarePrice":1,"link":"https://www.nehnutelnosti.sk/detail/JufDgUttNZQd/na-predaj-2-5-izbovy-byt-v-obci-chynorany-skolska-ulica-57-m2","imagesUrls":["https://img.nehnutelnosti.sk/foto/NjAweDMzOC9maWx0ZXJzOnF1YWxpdHkoMTAwKS9uZWg=/pnttST4IEe_fss?st=W8IRNVCDRmu2FN17tV6JraOb2YEwEXLp6iunSCl5bwo&ts=1717587617&e=0"]},{"title":"3 izbový slnečný byt - Martin Priekopa","address":"Martin, okres Martin","rooms":3,"meters":66,"totalPrice":110000,"meterSquarePrice":7,"link":"https://www.nehnutelnosti.sk/detail/JuMU4aXBG6Z/3-izbovy-slnecny-byt-martin-priekopa","imagesUrls":["https://img.nehnutelnosti.sk/foto/NjAweDMzOC9maWx0ZXJzOnF1YWxpdHkoMTAwKS9uZWg=/0kFtO2M_Ev_fss?st=nvKm96KsUYBOQges46Rywb-_LWNY-iglCabSzRF6fjg&ts=1717587618&e=0"]},{"title":"1 izbový zrekonštruovaný byt, centrum mesta, 39m2, Zvolen","address":"Zvolen, okres Zvolen","rooms":1,"meters":39,"totalPrice":104990,"meterSquarePrice":5,"link":"https://www.nehnutelnosti.sk/detail/JuBnk8QtzN9E/1-izbovy-zrekonstruovany-byt-centrum-mesta-39m2-zvolen","imagesUrls":["https://img.nehnutelnosti.sk/foto/NjAweDMzOC9maWx0ZXJzOnF1YWxpdHkoMTAwKS9uZWg=/uPlTX8nSkU_fss?st=F1O2NHUsRdMmckaiOlSHJAM4wWX5xNKhkZjbfphpvMQ&ts=1717620668&e=0"]},{"title":"ZNÍŽENÁ PONUKA-\nEXKLUZÍVNE iba v TUreality ponúkam na predaj 3 izbový byt v Michalovciach","address":"Michalovce, okres Michalovce","rooms":3,"meters":67,"totalPrice":103999,"meterSquarePrice":2,"link":"https://www.nehnutelnosti.sk/detail/Ju66VR1SpSq/znizena-ponuka-exkluzivne-iba-v-tureality-ponukam-na-predaj-3-izbovy-byt-v-michalovciach","imagesUrls":["https://img.nehnutelnosti.sk/foto/NjAweDMzOC9maWx0ZXJzOnF1YWxpdHkoMTAwKS9uZWg=/m6QSFQ-ICP_fss?st=90BGsGh-MAloqImT4g7-0C5HkwfpK8fmhBydZ1LJ7LM&ts=1724282812&e=0"]},{"title":"Znížená cena - Priestranný dvojizbový byt - 60 m2 - centrum mesta Stará Turá","address":"Stará Turá, okres Nové Mesto nad Váhom","rooms":2,"meters":60,"totalPrice":110000,"meterSquarePrice":3,"link":"https://www.nehnutelnosti.sk/detail/JuJckMrjyGu/znizena-cena-priestranny-dvojizbovy-byt-60-m2-centrum-mesta-stara-tura","imagesUrls":["https://img.nehnutelnosti.sk/foto/NjAweDMzOC9maWx0ZXJzOnF1YWxpdHkoMTAwKS9uZWg=/PC8qXEL8u_fss?st=wk6CWYhtM-9BQ73k6rHNyD7qs_xN8HeunHgziJQ_Ud0&ts=1717620666&e=0"]},{"title":"3i byt po rekonštrukcii s balkónom, 72m2, Nové Mesto nad Váhom - REZERVOVANÉ","address":"Nové Mesto nad Váhom, okres Nové Mesto nad Váhom","rooms":3,"meters":72,"totalPrice":null,"meterSquarePrice":null,"link":"https://www.nehnutelnosti.sk/detail/JuOWhD96cAo/3i-byt-po-rekonstrukcii-s-balkonom-72m2-nove-mesto-nad-vahom-rezervovane","imagesUrls":["https://img.nehnutelnosti.sk/foto/NjAweDMzOC9maWx0ZXJzOnF1YWxpdHkoMTAwKS9uZWg=/ygapI8nKy_fss?st=iOTCd8CBv_Q5GmwkxBo2o4gOaCk81kmL7TtBOQuiAjo&ts=1718796666&e=0"]},{"title":"TUreality ponúka na predaj prerobený 2 izbový byt v Bratislave - Vlčie Hrdlo - 35,59m²","address":"Bratislava II - Ružinov, okres Bratislava","rooms":2,"meters":35,"totalPrice":110000,"meterSquarePrice":6,"link":"https://www.nehnutelnosti.sk/detail/JucMeMNvT4e/tureality-ponuka-na-predaj-prerobeny-2-izbovy-byt-v-bratislave-vlcie-hrdlo-35-59m","imagesUrls":["https://img.nehnutelnosti.sk/foto/NjAweDMzOC9maWx0ZXJzOnF1YWxpdHkoMTAwKS9uZWg=/zp5xAMn4n_fss?st=iW9oYjOIkwWuBic4M-sJzhN3jsrsPd3aEf4a89xICjM&ts=1725986222&e=0"]},{"title":"Na predaj 2-izbový byt s lodžiou, Svit, 55 m2","address":"Svit, okres Poprad","rooms":2,"meters":55,"totalPrice":119500,"meterSquarePrice":3,"link":"https://www.nehnutelnosti.sk/detail/Ju4VS-h-BCM/na-predaj-2-izbovy-byt-s-lodziou-svit-55-m2","imagesUrls":["https://img.nehnutelnosti.sk/foto/NjAweDMzOC9maWx0ZXJzOnF1YWxpdHkoMTAwKS9uZWg=/XD-BDXHWY_fss?st=gunygI-Na1RNoW9oXzfnHKA1G5yUbSoH3J35LWz8trE&ts=1717590217&e=0"]},{"title":"TUREALITY VÁM PONÚKA NA PREDAJ PRIESTRANNÝ ZARIADENÝ 3IZBOVÝ BYT S 2XLOGGIAMI A 2XPARKOVACÍM STÁTIM","address":"Hamuliakovo, okres Senec","rooms":3,"meters":77,"totalPrice":210000,"meterSquarePrice":7,"link":"https://www.nehnutelnosti.sk/detail/Juv1JmI89v7/tureality-vam-ponuka-na-predaj-priestranny-zariadeny-3izbovy-byt-s-2xloggiami-a-2xparkovacim-statim","imagesUrls":["https://img.nehnutelnosti.sk/foto/NjAweDMzOC9maWx0ZXJzOnF1YWxpdHkoMTAwKS9uZWg=/kb3S0k3j6W_fss?st=W2engRF0wZaOlFjZ4YO3JSNIu9XZPMLN3uBrd9CoGZc&ts=1717590143&e=0"]},{"title":"NA PREDAJ VEĽKOMETRÁŽNY, DIZAJNOVÝ 2-IZBOVÝ BYT (79 m2) SO ŠATNÍKOM A BALKÓNOM, PODSOKOLICE, TRENČÍN","address":"Trenčín, okres Trenčín","rooms":2,"meters":79,"totalPrice":null,"meterSquarePrice":null,"link":"https://www.nehnutelnosti.sk/detail/JukaksCj54Y/na-predaj-velkometrazny-dizajnovy-2-izbovy-byt-79-m2-so-satnikom-a-balkonom-podsokolice-trencin","imagesUrls":["https://img.nehnutelnosti.sk/foto/NjAweDMzOC9maWx0ZXJzOnF1YWxpdHkoMTAwKS9uZWg=/7by-sdT7W_fss?st=us8BJGXEy8uf7G-qKSvcqtmIwGtMewPk9IDzPA7LNro&ts=1725549870&e=0"]},{"title":"NA PREDAJ ZARIADENÝ  3IZBOVÝ BYT V TICHEJ LOKALITE V OBCI ŠAMORÍN ČASŤ MLIEČNO","address":"Šamorín, okres Dunajská Streda","rooms":3,"meters":61,"totalPrice":157900,"meterSquarePrice":2,"link":"https://www.nehnutelnosti.sk/detail/JuLZwNA-kl_/na-predaj-zariadeny-3izbovy-byt-v-tichej-lokalite-v-obci-samorin-cast-mliecno","imagesUrls":["https://img.nehnutelnosti.sk/foto/NjAweDMzOC9maWx0ZXJzOnF1YWxpdHkoMTAwKS9uZWg=/a_hXdx7ehh_fss?st=0SU7Nho8E-IMGjeMHRmJ5ZSzN3Vp9d8uAT5LgMWm-d8&ts=1718746216&e=0"]},{"title":"3-izbový, kompletne prerobený byt s balkónom blízko centra, Nové Zámky – 69,95m2","address":"Nové Zámky, okres Nové Zámky","rooms":3,"meters":69,"totalPrice":103000,"meterSquarePrice":8,"link":"https://www.nehnutelnosti.sk/detail/Juprh8IBYwl/3-izbovy-kompletne-prerobeny-byt-s-balkonom-blizko-centra-nove-zamky-69-95m2","imagesUrls":["https://img.nehnutelnosti.sk/foto/NjAweDMzOC9maWx0ZXJzOnF1YWxpdHkoMTAwKS9uZWg=/0GBnPL_kb_fss?st=q-risZKtmBaqZG9m8Q9pAw6ZEKRjHUztwjmJ_vxCZHI&ts=1717620653&e=0"]},{"title":"NADSTAVBA 3 IZBOVÉHO BYT NA PREDAJ, 66 M2, TRENČÍN ZLATOVSKÁ ULICA","address":"Trenčín, okres Trenčín","rooms":3,"meters":66,"totalPrice":null,"meterSquarePrice":null,"link":"https://www.nehnutelnosti.sk/detail/JujhRbzHNO0/nadstavba-3-izboveho-byt-na-predaj-66-m2-trencin-zlatovska-ulica","imagesUrls":["https://img.nehnutelnosti.sk/foto/NjAweDMzOC9maWx0ZXJzOnF1YWxpdHkoMTAwKS9uZWg=/i_Fn1s2YKF_fss?st=E78kdgXR1lIIft0jnHpTkxJ83TrTysvkfXM6lWB_fsg&ts=1717589985&e=0"]},{"title":"Na predaj 2-izbový byt v Košiciach, na sídlisku Sever.","address":"Košice I - Sever, okres Košice","rooms":2,"meters":52,"totalPrice":129050,"meterSquarePrice":7,"link":"https://www.nehnutelnosti.sk/detail/JuvhnhLC4-E/na-predaj-2-izbovy-byt-v-kosiciach-na-sidlisku-sever","imagesUrls":["https://img.nehnutelnosti.sk/foto/NjAweDMzOC9maWx0ZXJzOnF1YWxpdHkoMTAwKS9uZWg=/1Bvi9F0jd_fss?st=hzrMalmajSOuzbb58R8rHYZ7dekcvG1PvXlH7SnBoko&ts=1717589928&e=0"]},{"title":"TUreality ponúka na predaj  2 izbový byt so zariadením s nádherným výhľadom po kompletnej rekonštruk","address":"Bánovce nad Bebravou, okres Bánovce nad Bebravou","rooms":2,"meters":53,"totalPrice":75000,"meterSquarePrice":9,"link":"https://www.nehnutelnosti.sk/detail/JueLc6ITnPM/tureality-ponuka-na-predaj-2-izbovy-byt-so-zariadenim-s-nadhernym-vyhladom-po-kompletnej-rekonstruk","imagesUrls":["https://img.nehnutelnosti.sk/foto/NjAweDMzOC9maWx0ZXJzOnF1YWxpdHkoMTAwKS9uZWg=/NLi9z8cNJ_fss?st=vCxmpJFGIzvQyCSikNAMvbFWANtQA9W-WdQurHWx15Q&ts=1726054459&e=0"]},{"title":"NADSTAVBA- 3 IZBOVÝ BYT, 85.5M2, TRENČÍN ZLATOVSKÁ ULICA","address":"Trenčín, okres Trenčín","rooms":3,"meters":85,"totalPrice":null,"meterSquarePrice":null,"link":"https://www.nehnutelnosti.sk/detail/JuzXpY5jJnT/nadstavba-3-izbovy-byt-85-5m2-trencin-zlatovska-ulica","imagesUrls":["https://img.nehnutelnosti.sk/foto/NjAweDMzOC9maWx0ZXJzOnF1YWxpdHkoMTAwKS9uZWg=/p_ONMdWNZ_fss?st=mbTMhzTdheY2XC8pTKkwc2Zx9M6GBjZZly9crd_nYJc&ts=1717589987&e=0"]},{"title":"Trojizbový byt v obci Považany s úpravami pre imobilných.","address":"Považany, okres Nové Mesto nad Váhom","rooms":3,"meters":72,"totalPrice":130000,"meterSquarePrice":6,"link":"https://www.nehnutelnosti.sk/detail/Ju9-J306L_K/trojizbovy-byt-v-obci-povazany-s-upravami-pre-imobilnych","imagesUrls":["https://img.nehnutelnosti.sk/foto/NjAweDMzOC9maWx0ZXJzOnF1YWxpdHkoMTAwKS9uZWg=/kluCLc7R86_fss?st=QnbGrPV_zcBxPF9BYLC7bhEbXe-fEpNfa8-wIxSa27Q&ts=1717589905&e=0"]},{"title":"PREDAJ -> 3 izbový, TEHLOVÝ byt v CENTRE mesta, PEZINOK, 82 m2","address":"Pezinok, okres Pezinok","rooms":3,"meters":82,"totalPrice":199000,"meterSquarePrice":3,"link":"https://www.nehnutelnosti.sk/detail/JuaxFnJ9lxn/predaj-3-izbovy-tehlovy-byt-v-centre-mesta-pezinok-82-m2","imagesUrls":["https://img.nehnutelnosti.sk/foto/NjAweDMzOC9maWx0ZXJzOnF1YWxpdHkoMTAwKS9uZWg=/cm3xZ_6x7_fss?st=0EY_HtNa0bFWFRXUpIA4vY3cIWSX_qG5EbFATMUANqY&ts=1717589854&e=0"]},{"title":"Na predaj 2 izbový byt 57m2 Handlová","address":"Handlová, okres Prievidza","rooms":2,"meters":70,"totalPrice":49999,"meterSquarePrice":7,"link":"https://www.nehnutelnosti.sk/detail/Ju6UVlpdeOA/na-predaj-2-izbovy-byt-57m2-handlova","imagesUrls":["https://img.nehnutelnosti.sk/foto/NjAweDMzOC9maWx0ZXJzOnF1YWxpdHkoMTAwKS9uZWg=/G3VJvUVKY_fss?st=xpfSuLsz4JpC551C2QyqCm6okyQv7wQGToedIytxhc4&ts=1723641558&e=0"]},{"title":"TUreality ponúka nádherný a priestranný 3i byt v Starom meste, PANORAMA CITY, 104m2.","address":"Bratislava I - Staré Mesto, okres Bratislava","rooms":3,"meters":104,"totalPrice":595000,"meterSquarePrice":5,"link":"https://www.nehnutelnosti.sk/detail/JuEvNtMuOai/tureality-ponuka-nadherny-a-priestranny-3i-byt-v-starom-meste-panorama-city-104m2","imagesUrls":["https://img.nehnutelnosti.sk/foto/NjAweDMzOC9maWx0ZXJzOnF1YWxpdHkoMTAwKS9uZWg=/f7HZujLRH_fss?st=pdqJBgWv2S-f9GvUE5DXZJoNcmPZT3jLpW5qySBEtcc&ts=1725888099&e=0"]}]