[{"title":"Na PREDAJ 3-izbový byt s garážou a pozemkom v Snine","address":"Snina, okres Snina","rooms":3,"meters":76,"totalPrice":76000,"meterSquarePrice":0,"link":"https://www.nehnutelnosti.sk/detail/JuEDzX6Rh4q/na-predaj-3-izbovy-byt-s-garazou-a-pozemkom-v-snine","imagesUrls":["https://img.nehnutelnosti.sk/foto/NjAweDMzOC9maWx0ZXJzOnF1YWxpdHkoMTAwKS9uZWg=/FB-lRJ7Dal_fss?st=utsgtIZseTxveWUw9CRWpuf0IwRjraE0XQt5X_brNhg&ts=1724804793&e=0"]},{"title":"Na predaj nadštandardný 3-izbový byt s terasou v Nových Zámkoch","address":"Andovská ulica, Nové Zámky, okres Nové Zámky","rooms":3,"meters":86,"totalPrice":null,"meterSquarePrice":null,"link":"https://www.nehnutelnosti.sk/detail/JuS2qC1mhx5/na-predaj-nadstandardny-3-izbovy-byt-s-terasou-v-novych-zamkoch","imagesUrls":["https://img.nehnutelnosti.sk/foto/NjAweDMzOC9maWx0ZXJzOnF1YWxpdHkoMTAwKS9uZWg=/kKHe7-2-Q_fss?st=VxBEvv0HEZyzLunrlELbdvKbpKRisSYtzl4xsvA2jn0&ts=1725406315&e=0"]},{"title":"Predaj,3izb.byt s dvomi balkonmi v obci Cinobana","address":"sídlisko, Cinobaňa, okres Poltár","rooms":3,"meters":77,"totalPrice":48500,"meterSquarePrice":7,"link":"https://www.nehnutelnosti.sk/detail/JuW-o98Rb6J/predaj-3izb-byt-s-dvomi-balkonmi-v-obci-cinobana","imagesUrls":["https://img.nehnutelnosti.sk/foto/NjAweDMzOC9maWx0ZXJzOnF1YWxpdHkoMTAwKS9uZWg=/fNPoKi0Bg_fss?st=7SIlcJM7uzGcyi10trzqhhhdfK8HAJ0JBSknVg61VrQ&ts=1724319040&e=0"]},{"title":"POZOR Znížená cena! pekný byt v Tornali","address":"Mierová, Tornaľa, okres Revúca","rooms":2,"meters":64,"totalPrice":53000,"meterSquarePrice":3,"link":"https://www.nehnutelnosti.sk/detail/JuCdAI4WvBW/pozor-znizena-cena-pekny-byt-v-tornali","imagesUrls":["https://img.nehnutelnosti.sk/foto/NjAweDMzOC9maWx0ZXJzOnF1YWxpdHkoMTAwKS9uZWg=/88dwv-Xiu6_fss?st=LaZYzXGXjVOw11ysHpG-IN9oXh7a0YIR3RbqcmLyIAo&ts=1724945316&e=0"]},{"title":"Objavte klenot v srdci Košíc - predaj 2-izbového podkrovného bytu v tichom dvore v centre mesta !!","address":"Moyzesova, Košice I - Staré Mesto, okres Košice","rooms":2,"meters":49,"totalPrice":195920,"meterSquarePrice":0,"link":"https://www.nehnutelnosti.sk/detail/Ju3z4JOOEpJ/objavte-klenot-v-srdci-kosic-predaj-2-izboveho-podkrovneho-bytu-v-tichom-dvore-v-centre-mesta","imagesUrls":["https://img.unitedclassifieds.sk/foto/NjAweDMzOC9maWx0ZXJzOnF1YWxpdHkoMTAwKS9yc2Y=/9Ifi7PE5j_fss?st=gmTZ17Jo9Smylks2pyPNI2pvDlCoCyU1PkvG0-4r21c&ts=1701337167&e=0"]},{"title":"2 a pol izbový byt na ul.SNP Šaľa","address":"Šaľa, okres Šaľa","rooms":2,"meters":57,"totalPrice":null,"meterSquarePrice":null,"link":"https://www.nehnutelnosti.sk/detail/JurZCirQLMn/2-a-pol-izbovy-byt-na-ul-snp-sala","imagesUrls":["https://img.nehnutelnosti.sk/foto/NjAweDMzOC9maWx0ZXJzOnF1YWxpdHkoMTAwKS9uZWg=/G18XlM4Lh_fss?st=YeX_-8B4InEzjCDVN90ZWt86xlFbFu1fZFEtv9AH6vk&ts=1724431588&e=0"]},{"title":"Ponúkame na predaj dvojizbový byt na Juhu v Trenčíne","address":"Kyjevská, Trenčín, okres Trenčín","rooms":2,"meters":null,"totalPrice":null,"meterSquarePrice":null,"link":"https://www.nehnutelnosti.sk/detail/JuJoRy7-QYE/ponukame-na-predaj-dvojizbovy-byt-na-juhu-v-trencine","imagesUrls":["https://img.nehnutelnosti.sk/foto/NjAweDMzOC9maWx0ZXJzOnF1YWxpdHkoMTAwKS9uZWg=/K0JEhynKq_fss?st=w-DTg4MmAykiVGRGuxqBloWNaZlA_3JuN7maHKHPLEg&ts=1720557032&e=0"]},{"title":"3 izbový byt s dvomi balkónmi","address":"Čerešňová, Nové Mesto nad Váhom, okres Nové Mesto nad Váhom","rooms":3,"meters":72,"totalPrice":164995,"meterSquarePrice":1,"link":"https://www.nehnutelnosti.sk/detail/JuI6kXrrACC/3-izbovy-byt-s-dvomi-balkonmi","imagesUrls":["https://img.nehnutelnosti.sk/foto/NjAweDMzOC9maWx0ZXJzOnF1YWxpdHkoMTAwKS9uZWg=/LATPi4fmm_fss?st=8ABki2FBxqgmCkcVUQRNZShz_DFP_wNDYNBEN1eHjIA&ts=1658325548&e=0"]},{"title":"PREDAJ 1 IZBOVÝ BYT PÔVODNÝ STAV","address":"Poľná, Ružomberok, okres Ružomberok","rooms":1,"meters":35,"totalPrice":75000,"meterSquarePrice":5,"link":"https://www.nehnutelnosti.sk/detail/JuExQSJlpXO/predaj-1-izbovy-byt-povodny-stav","imagesUrls":["https://img.nehnutelnosti.sk/foto/NjAweDMzOC9maWx0ZXJzOnF1YWxpdHkoMTAwKS9uZWg=/WPICBeRaJ_fss?st=jFYWN4Ba_2632IdYX789CNqfNEpwT0Ir4eXMfEpr9X4&ts=1720551691&e=0"]},{"title":"Rúbanisko II - GARSONKA 21 m2 s BALKÓNOM - REZERVOVANÉ","address":"Rúbanisko II, Lučenec, okres Lučenec","rooms":null,"meters":21,"totalPrice":29000,"meterSquarePrice":5,"link":"https://www.nehnutelnosti.sk/detail/Ju1GY-j-o7h/rubanisko-ii-garsonka-21-m2-s-balkonom-rezervovane","imagesUrls":["https://img.nehnutelnosti.sk/foto/NjAweDMzOC9maWx0ZXJzOnF1YWxpdHkoMTAwKS9uZWg=/V3vrLPCmD_fss?st=H6hrWNrrhM6QzARV89uGf6SUk_uIz2DbUum-uTbGx7U&ts=1726174044&e=0"]},{"title":"3 izbový byt so záhradkou pod Kamennou (ultra nízkoenergetická stavba A1)","address":"Čerešňová, Nové Mesto nad Váhom, okres Nové Mesto nad Váhom","rooms":3,"meters":75,"totalPrice":186799,"meterSquarePrice":0,"link":"https://www.nehnutelnosti.sk/detail/JuO8ynDpvo-/3-izbovy-byt-so-zahradkou-pod-kamennou-ultra-nizkoenergeticka-stavba-a1","imagesUrls":["https://img.nehnutelnosti.sk/foto/NjAweDMzOC9maWx0ZXJzOnF1YWxpdHkoMTAwKS9uZWg=/9JuZF1EmD_fss?st=aH3riMn5Rhnk4-ZhQ9soSMHNlmmpOyu5ZGLieduJHIM&ts=1697199903&e=0"]},{"title":"ZĽAVA až 28 240 EUR - luxusný dvojizbový apartmán s lodžiou Marina Liptov, Bobrovník","address":"Bobrovník, okres Liptovský Mikuláš","rooms":null,"meters":56,"totalPrice":249975,"meterSquarePrice":4,"link":"https://www.nehnutelnosti.sk/detail/JuslgOsQGLe/zlava-az-28-240-eur-luxusny-dvojizbovy-apartman-s-lodziou-marina-liptov-bobrovnik","imagesUrls":["https://img.nehnutelnosti.sk/foto/NjAweDMzOC9maWx0ZXJzOnF1YWxpdHkoMTAwKS9uZWg=/XRN5mtlTy_fss?st=X33MgBAGDz_gTtcHhT7FSgxaNiXqHR2u0-i-8oHCc8w&ts=1697202987&e=0"]},{"title":"+++ JEDINEČNÁ PONUKA KRÁSNEHO BYTU V CENTRE SEREDE NA NAJLEPŠEJ ADRESE+++","address":"Námestie Slobody, Sereď, okres Galanta","rooms":5,"meters":300,"totalPrice":399000,"meterSquarePrice":0,"link":"https://www.nehnutelnosti.sk/detail/JuldYrXZ85g/jedinecna-ponuka-krasneho-bytu-v-centre-serede-na-najlepsej-adrese","imagesUrls":["https://img.nehnutelnosti.sk/foto/NjAweDMzOC9maWx0ZXJzOnF1YWxpdHkoMTAwKS9uZWg=/R74d44eEH_fss?st=VzBhFVmbhq_s5mLMZ-B1byLxlXX3pzvTLw6Fa--uX3I&ts=1699671184&e=0"]},{"title":"Exkluzívny apartmán s terasou","address":"Bobrovník, Bobrovník, okres Liptovský Mikuláš","rooms":null,"meters":71,"totalPrice":260100,"meterSquarePrice":8,"link":"https://www.nehnutelnosti.sk/detail/Ju-3xY8qxhC/exkluzivny-apartman-s-terasou","imagesUrls":["https://img.nehnutelnosti.sk/foto/NjAweDMzOC9maWx0ZXJzOnF1YWxpdHkoMTAwKS9uZWg=/-talhZuVX_fss?st=-sfbqIQ04WXYsY9k8hq0UsTSjWCAWKYaSYmHF24ENbI&ts=1697201327&e=0"]},{"title":"Predaj: Zaujímavý 3 izbový byt v meste Čadca(157-B)","address":"Čadca, Čadca, okres Čadca","rooms":3,"meters":62,"totalPrice":109000,"meterSquarePrice":6,"link":"https://www.nehnutelnosti.sk/detail/Ju-6BfNlngj/predaj-zaujimavy-3-izbovy-byt-v-meste-cadca157-b","imagesUrls":["https://img.nehnutelnosti.sk/foto/NjAweDMzOC9maWx0ZXJzOnF1YWxpdHkoMTAwKS9uZWg=/1KX3VXKup_fss?st=SFwS6WzB4MvEsibQvj6LxJv3E-9H8haR9tr77_7ZS6M&ts=1704983829&e=0"]},{"title":"2 izbový ultra nízkoenergetický byt","address":"Čerešňová, Nové Mesto nad Váhom, okres Nové Mesto nad Váhom","rooms":2,"meters":49,"totalPrice":122700,"meterSquarePrice":0,"link":"https://www.nehnutelnosti.sk/detail/JuSpXO0KTiP/2-izbovy-ultra-nizkoenergeticky-byt","imagesUrls":["https://img.nehnutelnosti.sk/foto/NjAweDMzOC9maWx0ZXJzOnF1YWxpdHkoMTAwKS9uZWg=/b3tdN83Vj_fss?st=ASrfmuJJmKY76NjPY78l5p566QebZfpPDotF2xf_R-s&ts=1658324933&e=0"]},{"title":"ZĽAVA až 28 240 EUR - luxusný dvojizbový apartmán s lodžiou Marina Liptov, Bobrovník","address":"Bobrovník, okres Liptovský Mikuláš","rooms":null,"meters":56,"totalPrice":249975,"meterSquarePrice":4,"link":"https://www.nehnutelnosti.sk/detail/Ju6PC3CUjvA/zlava-az-28-240-eur-luxusny-dvojizbovy-apartman-s-lodziou-marina-liptov-bobrovnik","imagesUrls":["https://img.nehnutelnosti.sk/foto/NjAweDMzOC9maWx0ZXJzOnF1YWxpdHkoMTAwKS9uZWg=/6SjElWQcY_fss?st=izJYwFp2anrkpsa-BU_yVQs31I0QV5Nkp94or5ksABU&ts=1697202987&e=0"]},{"title":"Zľava až 32 000 EUR - luxusné bývanie na Liptove","address":"Marina Liptov, Bobrovník, okres Liptovský Mikuláš","rooms":null,"meters":58,"totalPrice":277020,"meterSquarePrice":1,"link":"https://www.nehnutelnosti.sk/detail/JuAJ0V9SdR_/zlava-az-32-000-eur-luxusne-byvanie-na-liptove","imagesUrls":["https://img.nehnutelnosti.sk/foto/NjAweDMzOC9maWx0ZXJzOnF1YWxpdHkoMTAwKS9uZWg=/pLLZ-p7eA_fss?st=B_AnC_6fbjWswhZcnXnsY7nTCjkkkp-cdHrCnoCMHpE&ts=1697202991&e=0"]},{"title":"Luxusný Panorama Penthouse - zvýhodnená cena až 139 000 EUR !","address":"Bobrovník, okres Liptovský Mikuláš","rooms":null,"meters":271,"totalPrice":1396800,"meterSquarePrice":4,"link":"https://www.nehnutelnosti.sk/detail/JuyNLe9dtmi/luxusny-panorama-penthouse-zvyhodnena-cena-az-139-000-eur","imagesUrls":["https://img.nehnutelnosti.sk/foto/NjAweDMzOC9maWx0ZXJzOnF1YWxpdHkoMTAwKS9uZWg=/dKBpaUeeq_fss?st=3uBAluf839f2lZfboBU64r8HOEVybhnmQRrZE8yXIiE&ts=1697202994&e=0"]},{"title":"Luxusné bývanie na Liptove - trojizbové apartmány s terasou  Marina Liptov, Bobrovník","address":"Bobrovník, okres Liptovský Mikuláš","rooms":null,"meters":58,"totalPrice":277020,"meterSquarePrice":1,"link":"https://www.nehnutelnosti.sk/detail/JukuBQH5qP1/luxusne-byvanie-na-liptove-trojizbove-apartmany-s-terasou-marina-liptov-bobrovnik","imagesUrls":["https://img.nehnutelnosti.sk/foto/NjAweDMzOC9maWx0ZXJzOnF1YWxpdHkoMTAwKS9uZWg=/rMovFtFfvO_fss?st=CmFEdudLzKC5V3LZ1LfuEJln5mlMYst8THs1GWT2Yfk&ts=1697202979&e=0"]},{"title":"nová ponuka luxusného bývania na Liptove - Marina Liptov, Bobrovník","address":"Bobrovník, okres Liptovský Mikuláš","rooms":null,"meters":62,"totalPrice":281340,"meterSquarePrice":4,"link":"https://www.nehnutelnosti.sk/detail/JuoRQ5tizXQ/nova-ponuka-luxusneho-byvania-na-liptove-marina-liptov-bobrovnik","imagesUrls":["https://img.nehnutelnosti.sk/foto/NjAweDMzOC9maWx0ZXJzOnF1YWxpdHkoMTAwKS9uZWg=/-VZtwmTZnX_fss?st=PnCRQOnzm4h8Qeo-IeYNubz9xDALMdydtXhySQ3nuek&ts=1697201335&e=0"]},{"title":"Luxusný Panorama Penthouse - zvýhodnená cena až 139 000 EUR !","address":"Marina Liptov, Bobrovník, okres Liptovský Mikuláš","rooms":null,"meters":271,"totalPrice":1257120,"meterSquarePrice":2,"link":"https://www.nehnutelnosti.sk/detail/JuHlRVN1uKM/luxusny-panorama-penthouse-zvyhodnena-cena-az-139-000-eur","imagesUrls":["https://img.nehnutelnosti.sk/foto/NjAweDMzOC9maWx0ZXJzOnF1YWxpdHkoMTAwKS9uZWg=/yWszFVzSo_fss?st=jR9D1ayU0ZzB8LaUR4gFegnGxQbuN1n0YR_mr7tixCU&ts=1697201327&e=0"]},{"title":"Exkluzívny apartmán na predaj, Bobrovník","address":"Bobrovník, Bobrovník, okres Liptovský Mikuláš","rooms":null,"meters":57,"totalPrice":251100,"meterSquarePrice":6,"link":"https://www.nehnutelnosti.sk/detail/JuVO5d3YrWj/exkluzivny-apartman-na-predaj-bobrovnik","imagesUrls":["https://img.nehnutelnosti.sk/foto/NjAweDMzOC9maWx0ZXJzOnF1YWxpdHkoMTAwKS9uZWg=/qCGaoK1f2_fss?st=B9jtvy5KHMFilnGeKvEGQpd69sQxGU8PkFJJ6Ir3Ees&ts=1697201327&e=0"]},{"title":"Na predaj 2 izbový byt s balkónom v meste Humenné","address":"Laborecká, Humenné, okres Humenné","rooms":2,"meters":58,"totalPrice":86000,"meterSquarePrice":6,"link":"https://www.nehnutelnosti.sk/detail/JuQyrP2eIcV/na-predaj-2-izbovy-byt-s-balkonom-v-meste-humenne","imagesUrls":["https://img.nehnutelnosti.sk/foto/NjAweDMzOC9maWx0ZXJzOnF1YWxpdHkoMTAwKS9uZWg=/x54vjhVhZ_fss?st=obnkca5CS4mWpN6mQUU1tgE_-8AYL5F0OoJSkVPDatQ&ts=1724747002&e=0"]},{"title":"Exkluzívne! Predám 3 izbový byt s garážou a záhradou v Nových Zámkoch","address":"Nové Zámky, Nové Zámky, okres Nové Zámky","rooms":3,"meters":73,"totalPrice":130000,"meterSquarePrice":2,"link":"https://www.nehnutelnosti.sk/detail/JuUWKnX4JWt/exkluzivne-predam-3-izbovy-byt-s-garazou-a-zahradou-v-novych-zamkoch","imagesUrls":["https://img.nehnutelnosti.sk/foto/NjAweDMzOC9maWx0ZXJzOnF1YWxpdHkoMTAwKS9uZWg=/E1a1pWw55_fss?st=VXBr3MC8Vr_rEAADHz_mt1GaGbcPu08U1DgzhBem7Q4&ts=1726053046&e=0"]},{"title":"Exkluzívne! Predám 3 izbový byt s loggiou v Nových Zámkoch","address":"Nové Zámky, okres Nové Zámky","rooms":3,"meters":78,"totalPrice":112900,"meterSquarePrice":4,"link":"https://www.nehnutelnosti.sk/detail/JuLjoHnn2mM/exkluzivne-predam-3-izbovy-byt-s-loggiou-v-novych-zamkoch","imagesUrls":["https://img.nehnutelnosti.sk/foto/NjAweDMzOC9maWx0ZXJzOnF1YWxpdHkoMTAwKS9uZWg=/33ejs0XULQ_fss?st=lRLnFoGX2lFpX-AsJL7qOjP06x_dCK6V7oBRHzBxHCc&ts=1722940175&e=0"]},{"title":"PANORAMA - NOVOSTAVBA 2 IZBOVÝ MODERNÝ BYT 55 M2, TERASA 13 M2, HOLOBYT","address":"Jelšova, Košice IV - Vyšné Opátske, okres Košice","rooms":2,"meters":68,"totalPrice":199000,"meterSquarePrice":7,"link":"https://www.nehnutelnosti.sk/detail/Juk1TjXEFrP/panorama-novostavba-2-izbovy-moderny-byt-55-m2-terasa-13-m2-holobyt","imagesUrls":["https://img.nehnutelnosti.sk/foto/NjAweDMzOC9maWx0ZXJzOnF1YWxpdHkoMTAwKS9uZWg=/oxJkOYli2_fss?st=z91P2jhDrYnHz3W5o7jwvcCjIBlQgjzEH3XzU-u8-t8&ts=1720533806&e=0"]},{"title":"PANORAMA - NOVOSTAVBA 3 IZBOVÝ MODERNÝ BYT 76 M2, TERASA 28 M2, HOLOBYT","address":"Jelšova, Košice IV - Vyšné Opátske, okres Košice","rooms":3,"meters":104,"totalPrice":269000,"meterSquarePrice":4,"link":"https://www.nehnutelnosti.sk/detail/Juk21hdbwZu/panorama-novostavba-3-izbovy-moderny-byt-76-m2-terasa-28-m2-holobyt","imagesUrls":["https://img.nehnutelnosti.sk/foto/NjAweDMzOC9maWx0ZXJzOnF1YWxpdHkoMTAwKS9uZWg=/w5ECTuUvz_fss?st=AU5ttSvQ7VrvUOZYzufJzUv_f3rl-EUnYOOxBIoGlEQ&ts=1720533805&e=0"]},{"title":"NOVA 1","address":"Banská Bystrica, okres Banská Bystrica","rooms":1,"meters":null,"totalPrice":null,"meterSquarePrice":null,"link":"https://www.nehnutelnosti.sk/detail/JuZQTUJoarT/nova-1","imagesUrls":[]},{"title":"4 - izbový slnečný byt s garážou na sídlisku Západ v Poprade","address":"Štúrova, Poprad, okres Poprad","rooms":4,"meters":70,"totalPrice":null,"meterSquarePrice":null,"link":"https://www.nehnutelnosti.sk/detail/JuWZWSsaCAQ/4-izbovy-slnecny-byt-s-garazou-na-sidlisku-zapad-v-poprade","imagesUrls":["https://img.nehnutelnosti.sk/foto/NjAweDMzOC9maWx0ZXJzOnF1YWxpdHkoMTAwKS9uZWg=/TnwYDZW8Q_fss?st=vBo02ejkULnl7WECDlvvTqgHcqLn1IMpwV7EQaIM2AM&ts=1717629246&e=0"]}]