[{"title":"TOPOĽČANY EXKLUZÍVNE-SEDMIKRÁSKOVÁ 3 izbový byt N005-113- MAON","address":"Sedmikrásková 2158/3, Topoľčany, okres Topoľčany","rooms":3,"meters":89,"totalPrice":null,"meterSquarePrice":null,"link":"https://www.nehnutelnosti.sk/detail/Jun9KW8BXtB/topolcany-exkluzivne-sedmikraskova-3-izbovy-byt-n005-113-maon","imagesUrls":["https://img.nehnutelnosti.sk/foto/NjAweDMzOC9maWx0ZXJzOnF1YWxpdHkoMTAwKS9uZWg=/GNEL99md1_fss?st=wGkTRlayCWhLleazup6iNmFOpfvk-tf9cm8PFe_EJ3s&ts=1682436723&e=0"]},{"title":"Na PREDAJ žiadaný 2 izbový byt, Humenné (N216-112-MIM3a)","address":"Laborecká, Humenné, okres Humenné","rooms":2,"meters":58,"totalPrice":1,"meterSquarePrice":2,"link":"https://www.nehnutelnosti.sk/detail/Ju2L3R4O1tp/na-predaj-ziadany-2-izbovy-byt-humenne-n216-112-mim3a","imagesUrls":["https://img.nehnutelnosti.sk/foto/NjAweDMzOC9maWx0ZXJzOnF1YWxpdHkoMTAwKS9uZWg=/8lFt9Ssb3_fss?st=p7xozLq1W9GNa8r6s6kQmMx36Q2S9VO4zdoMxQC6Dsw&ts=1706706064&e=0"]},{"title":"TOP CENA! Na PREDAJ 2 izbový byt v pôvodnom stave, Humenné (N219-112-MIMi)","address":"Družstevná, Humenné, okres Humenné","rooms":2,"meters":61,"totalPrice":64000,"meterSquarePrice":8,"link":"https://www.nehnutelnosti.sk/detail/JuquYlQWZGd/top-cena-na-predaj-2-izbovy-byt-v-povodnom-stave-humenne-n219-112-mimi","imagesUrls":["https://img.nehnutelnosti.sk/foto/NjAweDMzOC9maWx0ZXJzOnF1YWxpdHkoMTAwKS9uZWg=/P0gCf9j0z_fss?st=Vg_qOHqt1PwisjOnGpO16n14HYMrJLEzeDizSjmhdfg&ts=1711111895&e=0"]},{"title":"Predaj, 2-izbový byt - Šahy (N046-112-FRAD)","address":"Šahy, okres Levice","rooms":2,"meters":61,"totalPrice":53000,"meterSquarePrice":8,"link":"https://www.nehnutelnosti.sk/detail/Juwx3elBYT2/predaj-2-izbovy-byt-sahy-n046-112-frad","imagesUrls":["https://img.nehnutelnosti.sk/foto/NjAweDMzOC9maWx0ZXJzOnF1YWxpdHkoMTAwKS9uZWg=/xqMlDDsXX_fss?st=I8-KyTseYHuXkx7Wkfz3YrTdjFkE0qiWr_AN3WQf8VI&ts=1685611908&e=0"]},{"title":"3D OBHLIADKA. EXKLUZÍVNE na PREDAJ 2 izbový byt v top lokalite Popradu (N050-112-ALM3)","address":"Rubicon, Poprad, okres Poprad","rooms":2,"meters":50,"totalPrice":1,"meterSquarePrice":2,"link":"https://www.nehnutelnosti.sk/detail/JuWwFjtMebf/3d-obhliadka-exkluzivne-na-predaj-2-izbovy-byt-vtop-lokalite-popradu-n050-112-alm3","imagesUrls":["https://img.nehnutelnosti.sk/foto/NjAweDMzOC9maWx0ZXJzOnF1YWxpdHkoMTAwKS9uZWg=/pg_-17Np2_fss?st=6a5gsgSIaREz4KqSuIh4r1bDRlzOyjzEXedeRuhIb6Y&ts=1664018286&e=0"]},{"title":"2i podkrovný apartmán Veľká Lomnica","address":"Veľká Lomnica, okres Kežmarok","rooms":2,"meters":45,"totalPrice":113000,"meterSquarePrice":1,"link":"https://www.nehnutelnosti.sk/detail/JuhwlB2k1aV/2i-podkrovny-apartman-velka-lomnica","imagesUrls":["https://img.nehnutelnosti.sk/foto/NjAweDMzOC9maWx0ZXJzOnF1YWxpdHkoMTAwKS9uZWg=/qVWPccjDj_fss?st=zp9YCjxgyjuRkmVSZLu8LaUjhAPzhtC15RMetNzUFt4&ts=1715533277&e=0"]},{"title":"NOVINKA - 3 izbový byt 74 m2, 6/9 v priamom centre mesta Galanta (sídl. JAS) 109.900 €","address":"Galanta, Galanta, okres Galanta","rooms":3,"meters":74,"totalPrice":109900,"meterSquarePrice":4,"link":"https://www.nehnutelnosti.sk/detail/JublzZ08Y1j/novinka-3-izbovy-byt-74-m2-6-9-v-priamom-centre-mesta-galanta-sidl-jas-109-900","imagesUrls":["https://img.nehnutelnosti.sk/foto/NjAweDMzOC9maWx0ZXJzOnF1YWxpdHkoMTAwKS9uZWg=/yHzGOReGB_fss?st=OSVhioCA4mhij41iXzyg23e09Dve5eNlp-oCxQxsIfQ&ts=1726841587&e=0"]},{"title":"Na predaj garsónka v lukratívnej lokalite!","address":"Čapkova, Bratislava I - Staré Mesto, okres Bratislava","rooms":null,"meters":23,"totalPrice":185000,"meterSquarePrice":8,"link":"https://www.nehnutelnosti.sk/detail/JuWs9UJ9wpU/na-predaj-garsonka-v-lukrativnej-lokalite","imagesUrls":["https://img.nehnutelnosti.sk/foto/NjAweDMzOC9maWx0ZXJzOnF1YWxpdHkoMTAwKS9uZWg=/mW6_SUc5M_fss?st=W_h8DsMgUyxExAniAUzxXakfzbIqtuqVKo6p8ZyZHoU&ts=1726841573&e=0"]},{"title":"P R E D A J kompletne zrekonštruovaný 3 izb byt","address":"Pražská, Bratislava I - Staré Mesto, okres Bratislava","rooms":3,"meters":75,"totalPrice":305000,"meterSquarePrice":7,"link":"https://www.nehnutelnosti.sk/detail/JuRdGp1UmTy/p-r-e-d-a-j-kompletne-zrekonstruovany-3-izb-byt","imagesUrls":["https://img.nehnutelnosti.sk/foto/NjAweDMzOC9maWx0ZXJzOnF1YWxpdHkoMTAwKS9uZWg=/oR6FNc17eg_fss?st=ifDANNR-LijY_6zKwi-2kK8EJ-iejFhohmGrstECD-E&ts=1726403662&e=0"]},{"title":"Exkluzívne  na predaj investičný Apartmán Hrebienok v Starom Smokovci","address":"Starý Smokovec, Vysoké Tatry, okres Poprad","rooms":null,"meters":55,"totalPrice":395000,"meterSquarePrice":4,"link":"https://www.nehnutelnosti.sk/detail/Ju7hqFs10rO/exkluzivne-na-predaj-investicny-apartman-hrebienok-v-starom-smokovci","imagesUrls":["https://img.nehnutelnosti.sk/foto/NjAweDMzOC9maWx0ZXJzOnF1YWxpdHkoMTAwKS9uZWg=/u_Zkn0kRA_fss?st=NvQs8WlxoydVtEm5BI732uk7EefZwjQTtQU8bOxP-Oc&ts=1726225343&e=0"]},{"title":"1 IZBOVÝ BYT POLTÁR","address":"Sklárska, Poltár, okres Poltár","rooms":1,"meters":null,"totalPrice":null,"meterSquarePrice":null,"link":"https://www.nehnutelnosti.sk/detail/JuGmnUeqsCW/1-izbovy-byt-poltar","imagesUrls":["https://img.nehnutelnosti.sk/foto/NjAweDMzOC9maWx0ZXJzOnF1YWxpdHkoMTAwKS9uZWg=/B-l3uQXkfL_fss?st=42bXa30iPWXo18FlNrkBIzg6bYRd_SOmD-F0FIs7mEI&ts=1726841493&e=0"]},{"title":"Priestranný 3 i byt na predaj.","address":"Laborecká, Humenné, okres Humenné","rooms":3,"meters":72,"totalPrice":78000,"meterSquarePrice":3,"link":"https://www.nehnutelnosti.sk/detail/JuO5f-boJUg/priestranny-3-i-byt-na-predaj","imagesUrls":["https://img.nehnutelnosti.sk/foto/NjAweDMzOC9maWx0ZXJzOnF1YWxpdHkoMTAwKS9uZWg=/7WEzDuyoA_fss?st=Z7F_8N8Uw6Xt8ESBYxw-sK6yxoITNP-7YNizZF06low&ts=1726841312&e=0"]},{"title":"3izbový byt NA PREDAJ v Nižnej Myšli PARKING + PIVNICA v CENE","address":"Nižná Myšľa, Nižná Myšľa, Košice okolie, okres Košice - okolie","rooms":3,"meters":71,"totalPrice":161200,"meterSquarePrice":3,"link":"https://www.nehnutelnosti.sk/detail/Jutm_oG3QVc/3izbovy-byt-na-predaj-v-niznej-mysli-parking-pivnica-v-cene","imagesUrls":["https://img.nehnutelnosti.sk/foto/NjAweDMzOC9maWx0ZXJzOnF1YWxpdHkoMTAwKS9uZWg=/ktomzRHYt_fss?st=WOYh_AHoxn3cIo3xwDGzPFtz6QIlEBG4YGBZYWKH09Q&ts=1718955373&e=0"]},{"title":"Na predaj posledné 5 izbové byty s vlastnou záhradou vo Vrakuni!!! Bezkonkurenčná cena.","address":"Jazmínová, Bratislava II - Vrakuňa, okres Bratislava","rooms":5,"meters":106,"totalPrice":299000,"meterSquarePrice":3,"link":"https://www.nehnutelnosti.sk/detail/Juedm6_W4xM/na-predaj-posledne-5-izbove-byty-s-vlastnou-zahradou-vo-vrakuni-bezkonkurencna-cena","imagesUrls":["https://img.nehnutelnosti.sk/foto/NjAweDMzOC9maWx0ZXJzOnF1YWxpdHkoMTAwKS9uZWg=/74Y6LwHWmo_fss?st=3sl413bYVA-1cMEMuNAryEq7dA9oeD5irXi-VPzul3E&ts=1724436340&e=0"]},{"title":"Pozor posledná etapa už v predaji!!! Bývajte ako v rodinnom dome! Krásne bývanie v 3i dvojpodlažných","address":"Jazmínová, Bratislava II - Vrakuňa, okres Bratislava","rooms":3,"meters":71,"totalPrice":215000,"meterSquarePrice":6,"link":"https://www.nehnutelnosti.sk/detail/JuUpaZG8u7b/pozor-posledna-etapa-uz-v-predaji-byvajte-ako-v-rodinnom-dome-krasne-byvanie-v-3i-dvojpodlaznych","imagesUrls":["https://img.nehnutelnosti.sk/foto/NjAweDMzOC9maWx0ZXJzOnF1YWxpdHkoMTAwKS9uZWg=/HnreKAyCc_fss?st=83dx1CDDb2KyLTOTclZzoEUOewhowj4jssdnNuUohVo&ts=1724433652&e=0"]},{"title":"Novostavba 4 izbového bytu s terasou, Somotor","address":"Obchodná, Somotor, okres Trebišov","rooms":4,"meters":121,"totalPrice":133430,"meterSquarePrice":0,"link":"https://www.nehnutelnosti.sk/detail/Ju4H7GnWWxY/novostavba-4-izboveho-bytu-s-terasou-somotor","imagesUrls":["https://img.unitedclassifieds.sk/foto/NjAweDMzOC9maWx0ZXJzOnF1YWxpdHkoMTAwKS9qdWw=/PoBkuXWTq_fss?st=wAqMoCN7tgYoCXQ4AuMAMqEuyCozQa-khGCwfxIW-TA&ts=1703179002&e=0"]},{"title":"Novostavba 2 izbového bytu, Somotor","address":"Obchodná, Somotor, okres Trebišov","rooms":2,"meters":46,"totalPrice":51370,"meterSquarePrice":0,"link":"https://www.nehnutelnosti.sk/detail/JuOUoKhiS0S/novostavba-2-izboveho-bytu-somotor","imagesUrls":["https://img.unitedclassifieds.sk/foto/NjAweDMzOC9maWx0ZXJzOnF1YWxpdHkoMTAwKS9qdWw=/1PG8A0rnFw_fss?st=lmO0MOt0QP-fgtWLplgIYc8qhXlzKfqvox2NXgz5D1c&ts=1702987412&e=0"]},{"title":"Novostavba 3 izbového bytu s terasou a predzáhradkou, Somotor","address":"Obchodná, Somotor, okres Trebišov","rooms":3,"meters":85,"totalPrice":94380,"meterSquarePrice":8,"link":"https://www.nehnutelnosti.sk/detail/Juj_dTFgbRi/novostavba-3-izboveho-bytu-s-terasou-a-predzahradkou-somotor","imagesUrls":["https://img.unitedclassifieds.sk/foto/NjAweDMzOC9maWx0ZXJzOnF1YWxpdHkoMTAwKS9qdWw=/yOaiplUYY_fss?st=533ksrpVMcJMtGzWlG73F5OFUJwtabvKrzFaMuokRYI&ts=1702978887&e=0"]},{"title":"Novostavba 3 izbového bytu s predzáhradkou, Somotor","address":"Obchodná, Somotor, okres Trebišov","rooms":3,"meters":82,"totalPrice":91080,"meterSquarePrice":0,"link":"https://www.nehnutelnosti.sk/detail/Ju7DwtI7oE-/novostavba-3-izboveho-bytu-s-predzahradkou-somotor","imagesUrls":["https://img.unitedclassifieds.sk/foto/NjAweDMzOC9maWx0ZXJzOnF1YWxpdHkoMTAwKS9qdWw=/4s75Bdc8J_fss?st=YWBD2s_JZRnyx4tHOvXW5Sal5xz8bYWKsECwDYQxpGc&ts=1703003889&e=0"]},{"title":"RADO | Zariadený 3-izbový byt 75㎡ + balkón 4㎡ | Sklenárova - Ružinov","address":"Sklenárova, Bratislava II - Ružinov, okres Bratislava","rooms":3,"meters":75,"totalPrice":255000,"meterSquarePrice":6,"link":"https://www.nehnutelnosti.sk/detail/JuJ-5n6N1TE/rado-zariadeny-3-izbovy-byt-75-balkon-4-sklenarova-ruzinov","imagesUrls":["https://img.nehnutelnosti.sk/foto/NjAweDMzOC9maWx0ZXJzOnF1YWxpdHkoMTAwKS9uZWg=/C9b67Buzh7_fss?st=ZmT27C6i6RzNDVB8TT6SwvCckInsWSI25dhConWlNAw&ts=1726840605&e=0"]},{"title":"RADO | 3i byt 85m2 + garáž, Na dolinách - Detské mestečko - Trenčín","address":"Na dolinách, Trenčín, okres Trenčín","rooms":3,"meters":85,"totalPrice":139900,"meterSquarePrice":8,"link":"https://www.nehnutelnosti.sk/detail/Jugcyrt_oF0/rado-3i-byt-85m2-garaz-na-dolinach-detske-mestecko-trencin","imagesUrls":["https://img.nehnutelnosti.sk/foto/NjAweDMzOC9maWx0ZXJzOnF1YWxpdHkoMTAwKS9uZWg=/sc8VYS2YfJ_fss?st=AEDRh88_USIA9_OgS1tfSOL6r8pmodZes1npx9_LoVg&ts=1726840583&e=0"]},{"title":"Predaj rodinného domu v tichej lokalite Gruzínska ulica","address":"Gruzínska, Bratislava II - Ružinov, okres Bratislava","rooms":5,"meters":260,"totalPrice":680000,"meterSquarePrice":8,"link":"https://www.nehnutelnosti.sk/detail/Juy58_lmYwG/predaj-rodinneho-domu-v-tichej-lokalite-gruzinska-ulica","imagesUrls":["https://img.nehnutelnosti.sk/foto/NjAweDMzOC9maWx0ZXJzOnF1YWxpdHkoMTAwKS9uZWg=/LZTeu_Frx_fss?st=__EQCIrU25JuGoKVPKLu_5iEM-GqAM9iUD5TElFZRqc&ts=1726840176&e=0"]},{"title":"PRIPRAVUJEME DO PONUKY! VEĽKÝ 4i BYT S VEĽKOU TERASOU, HNEĎ OPROT NÁKUPNÉMU CENTRU VIVO!","address":"Ľudové námestie, Bratislava III - Nové Mesto, okres Bratislava","rooms":4,"meters":185,"totalPrice":559000,"meterSquarePrice":2,"link":"https://www.nehnutelnosti.sk/detail/JuHdSbOetQT/pripravujeme-do-ponuky-velky-4i-byt-s-velkou-terasou-hned-oprot-nakupnemu-centru-vivo","imagesUrls":[]},{"title":"V CENTRE MESTA ! 3i BYT S BALKÓNOM V TEHLOVOM BYT. DOME, ul. ZA HRADBAMI, klimatizácia, zasklenný ba","address":"Za hradbami, Pezinok, okres Pezinok","rooms":3,"meters":67,"totalPrice":null,"meterSquarePrice":null,"link":"https://www.nehnutelnosti.sk/detail/Ju8KiEqAXzV/v-centre-mesta-3i-byt-s-balkonom-v-tehlovom-byt-dome-ul-za-hradbami-klimatizacia-zasklenny-ba","imagesUrls":["https://img.nehnutelnosti.sk/foto/NjAweDMzOC9maWx0ZXJzOnF1YWxpdHkoMTAwKS9uZWg=/aNDbfDl_i_fss?st=bF45g28ltffe1Cx4GQfbpKkVD771XW5zOA3UYwZgsbg&ts=1717041953&e=0"]},{"title":"KRÁSNY MESTSKÝ 2i BYT S VEĽKOU TERASOU V CENTRE MESTA! ZÁHRADNÍCKA, az","address":"Mraziarenská, Bratislava II - Ružinov, okres Bratislava","rooms":2,"meters":155,"totalPrice":293900,"meterSquarePrice":3,"link":"https://www.nehnutelnosti.sk/detail/JuQIxAQK91-/krasny-mestsky-2i-byt-s-velkou-terasou-v-centre-mesta-zahradnicka-az","imagesUrls":["https://img.nehnutelnosti.sk/foto/NjAweDMzOC9maWx0ZXJzOnF1YWxpdHkoMTAwKS9uZWg=/KnLUtSNFn_fss?st=67Jw50hE0KMAkNMWYZ0XBKO_NY_I9PYzaFoARITALm4&ts=1720601501&e=0"]},{"title":"PRÍJEMNÉ BÝVANIE ! HRADSKÁ, BRATISLAVA - DOLNÉ HONY, 3i byt. 99,58m2, žiadaná lokalita / OR","address":"Hradská, Bratislava II - Vrakuňa, okres Bratislava","rooms":3,"meters":null,"totalPrice":null,"meterSquarePrice":null,"link":"https://www.nehnutelnosti.sk/detail/Ju90V-ct0ZP/prijemne-byvanie-hradska-bratislava-dolne-hony-3i-byt-99-58m2-ziadana-lokalita-or","imagesUrls":["https://img.nehnutelnosti.sk/foto/NjAweDMzOC9maWx0ZXJzOnF1YWxpdHkoMTAwKS9uZWg=/gqnCx9gkxC_fss?st=eOW1v5jBXA7VFECIAl1cFjaxq51EW4pxQiaYbaoPOwE&ts=1714222888&e=0"]},{"title":"Svetlý 2-izbový byt s lodžiou a výhľadom v zrekonštruovanom dome na Rúbanisku II","address":"Rúbanisko II, Lučenec, okres Lučenec","rooms":2,"meters":61,"totalPrice":62500,"meterSquarePrice":4,"link":"https://www.nehnutelnosti.sk/detail/Ju6O7_g-cDe/svetly-2-izbovy-byt-s-lodziou-a-vyhladom-v-zrekonstruovanom-dome-na-rubanisku-ii","imagesUrls":["https://img.nehnutelnosti.sk/foto/NjAweDMzOC9maWx0ZXJzOnF1YWxpdHkoMTAwKS9uZWg=/5pmU_fb7V_fss?st=H6RJTz04NhvBL0HtunjfEQgQtMaNaJQXuBfKTW3S9-Y&ts=1726839900&e=0"]},{"title":"Na predaj kompletne zariadený 3 izbový byt Martin-Jahodníky, po kompletnej rekonštrukcii","address":"Jahodníky, Martin, okres Martin","rooms":3,"meters":69,"totalPrice":148000,"meterSquarePrice":3,"link":"https://www.nehnutelnosti.sk/detail/JuQQ0gLTQ9mc/na-predaj-kompletne-zariadeny-3-izbovy-byt-martin-jahodniky-po-kompletnej-rekonstrukcii","imagesUrls":["https://img.nehnutelnosti.sk/foto/NjAweDMzOC9maWx0ZXJzOnF1YWxpdHkoMTAwKS9uZWg=/U9j693bif_fss?st=yMSXl6qYPW4Tw7LIJ9NKYq-pWNWA5zpSz7qNzYEoii8&ts=1726839882&e=0"]},{"title":"SENEC - NA PREDAJ - ZNÍŽENÁ CENA ! 3 izbový byt s loggiou v tehlovom bytovom dome v tichom prostredí","address":"Gagarinova, Senec, okres Senec","rooms":3,"meters":null,"totalPrice":null,"meterSquarePrice":null,"link":"https://www.nehnutelnosti.sk/detail/JuoLKVSomy0/senec-na-predaj-znizena-cena-3-izbovy-byt-s-loggiou-v-tehlovom-bytovom-dome-v-tichom-prostredi","imagesUrls":["https://img.nehnutelnosti.sk/foto/NjAweDMzOC9maWx0ZXJzOnF1YWxpdHkoMTAwKS9uZWg=/mawWRTwBW_fss?st=7E4ELy4JDTs7N3oDq6EBy5QOARXn5byWbphbSOmycJM&ts=1726839825&e=0"]},{"title":"Predaj tehlového 3-izbového bytu po čiastočnej rekonštrukcii, ul. Česká, BA III - Nové Mesto","address":"Česká, Bratislava III - Nové Mesto, okres Bratislava","rooms":3,"meters":66,"totalPrice":210000,"meterSquarePrice":3,"link":"https://www.nehnutelnosti.sk/detail/JulzgtOSlY6/predaj-tehloveho-3-izboveho-bytu-po-ciastocnej-rekonstrukcii-ul-ceska-ba-iii-nove-mesto","imagesUrls":["https://img.nehnutelnosti.sk/foto/NjAweDMzOC9maWx0ZXJzOnF1YWxpdHkoMTAwKS9uZWg=/kPM0U9_wE_fss?st=CHNFRjtceRoImPPB5WaMOcKcpsmLWhN8cFmc6r5FQ2Q&ts=1726839684&e=0"]}]