[{"title":"PREDAJ PRIESTRANNÝ 2 IZB. BYT - kompletne ZARIADENÝ","address":"Bratislava II - Ružinov, okres Bratislava","rooms":2,"meters":54,"totalPrice":185400,"meterSquarePrice":3,"link":"https://www.nehnutelnosti.sk/detail/Ju9kMYkTDYx/predaj-priestranny-2-izb-byt-kompletne-zariadeny","imagesUrls":["https://img.nehnutelnosti.sk/foto/NjAweDMzOC9maWx0ZXJzOnF1YWxpdHkoMTAwKS9uZWg=/lk6MqxuwZ6_fss?st=7yG0njWwHL3vElqrtfQrNjuUw13oH1K3Xc4fv_ETwV4&ts=1725398374&e=0"]},{"title":"Predaj 1-izbový byt Považská Bystrica","address":"Považská Bystrica, okres Považská Bystrica","rooms":1,"meters":40,"totalPrice":78000,"meterSquarePrice":0,"link":"https://www.nehnutelnosti.sk/detail/JueBAne4UKO/predaj-1-izbovy-byt-povazska-bystrica","imagesUrls":["https://img.nehnutelnosti.sk/foto/NjAweDMzOC9maWx0ZXJzOnF1YWxpdHkoMTAwKS9uZWg=/vTqULQDOK_fss?st=gmsTjhO3BAGoBUS_Ots7OBt1PcY991hmHQcMT8ZgPRo&ts=1723663951&e=0"]},{"title":"3-izbový byt na predaj Michalovce","address":"Michalovce, okres Michalovce","rooms":3,"meters":67,"totalPrice":103500,"meterSquarePrice":9,"link":"https://www.nehnutelnosti.sk/detail/JuDgUnbcePu/3-izbovy-byt-na-predaj-michalovce","imagesUrls":["https://img.nehnutelnosti.sk/foto/NjAweDMzOC9maWx0ZXJzOnF1YWxpdHkoMTAwKS9uZWg=/giwjdUZ3m_fss?st=WrZ8I5ZCZOLyrrI3FyPhPAnOpIhe0O4StyuEZRjzG-E&ts=1723540245&e=0"]},{"title":"Predaj, krásne zrekonštruovaný trojizbový byt s garážou-Želiezovce(N140-113-FRAD3)","address":"Komenského, Želiezovce, okres Levice","rooms":3,"meters":80,"totalPrice":109000,"meterSquarePrice":0,"link":"https://www.nehnutelnosti.sk/detail/Ju8QO9IurO7/predaj-krasne-zrekonstruovany-trojizbovy-byt-s-garazou-zeliezovcen140-113-frad3","imagesUrls":["https://img.nehnutelnosti.sk/foto/NjAweDMzOC9maWx0ZXJzOnF1YWxpdHkoMTAwKS9uZWg=/rx702AXpU_fss?st=5ya_2lD7ZKdhlAPk-MV4z7maIW7n4CH_B-1tFqQ37JE&ts=1722023375&e=0"]},{"title":"2-IZBOVÝ BYT S BALKÓNOM KOMPLETNÁ REKONŠTRUKCIA - NA PREDAJ","address":"Družstevná, Rimavská Sobota, okres Rimavská Sobota","rooms":2,"meters":63,"totalPrice":83000,"meterSquarePrice":3,"link":"https://www.nehnutelnosti.sk/detail/JuK2gzU0GR1/2-izbovy-byt-s-balkonom-kompletna-rekonstrukcia-na-predaj","imagesUrls":["https://img.nehnutelnosti.sk/foto/NjAweDMzOC9maWx0ZXJzOnF1YWxpdHkoMTAwKS9uZWg=/xunsGBuRJ_fss?st=5K_pFvUcbUJdmugfwsQPS9e9GoG__K-FDMAFOA4UweQ&ts=1724268745&e=0"]},{"title":"PREDAJ 3 IZB. BYT - BA RUŽINOV","address":"Bratislava II - Ružinov, okres Bratislava","rooms":3,"meters":74,"totalPrice":null,"meterSquarePrice":null,"link":"https://www.nehnutelnosti.sk/detail/JuaHWM8JCwT/predaj-3-izb-byt-ba-ruzinov","imagesUrls":["https://img.nehnutelnosti.sk/foto/NjAweDMzOC9maWx0ZXJzOnF1YWxpdHkoMTAwKS9uZWg=/UrkGx-Iiz_fss?st=JRcU8X1BhQNhWypi-SNUZI9AWHv7n25h8MtXfbX8rEA&ts=1721244754&e=0"]},{"title":"Predaj, trojizbový byt po rekonštrukcii-Levice(N136-113-FRAD3)","address":"Textilná, Levice, okres Levice","rooms":3,"meters":63,"totalPrice":93900,"meterSquarePrice":8,"link":"https://www.nehnutelnosti.sk/detail/Jung-UN9CXc/predaj-trojizbovy-byt-po-rekonstrukcii-levicen136-113-frad3","imagesUrls":["https://img.nehnutelnosti.sk/foto/NjAweDMzOC9maWx0ZXJzOnF1YWxpdHkoMTAwKS9uZWg=/Z-yMQCOYm_fss?st=nqyO-1dgs5JxAT-vG5xqrr4eHggBzMVYFa77uI28Ldk&ts=1720875727&e=0"]},{"title":"3-IZBOVÝ SLNEČNÝ BYT HNÚŚŤA - EXKLUZÍVNE NA PREDAJ","address":"1. mája, Hnúšťa, okres Rimavská Sobota","rooms":3,"meters":69,"totalPrice":49000,"meterSquarePrice":2,"link":"https://www.nehnutelnosti.sk/detail/JuyYavPrMQt/3-izbovy-slnecny-byt-hnusta-exkluzivne-na-predaj","imagesUrls":["https://img.nehnutelnosti.sk/foto/NjAweDMzOC9maWx0ZXJzOnF1YWxpdHkoMTAwKS9uZWg=/ptIoxw5oR_fss?st=artMp7E9BtuurkbIXNHzcsaNSClsuWpzkCcTbjdnHkM&ts=1722285364&e=0"]},{"title":"Tatranska Lomnica, 3i mezonet","address":"Tatranska Lomnica, Vysoké Tatry, okres Poprad","rooms":null,"meters":46,"totalPrice":null,"meterSquarePrice":null,"link":"https://www.nehnutelnosti.sk/detail/JuwwRL8X8V6/tatranska-lomnica-3i-mezonet","imagesUrls":["https://img.nehnutelnosti.sk/foto/NjAweDMzOC9maWx0ZXJzOnF1YWxpdHkoMTAwKS9uZWg=/yYKrURhj1_fss?st=AmdJnYp_iSgJUvqEz0ztgiDFw_WhfhmYWifCDDbR5Fo&ts=1718199164&e=0"]},{"title":"NOVÁ CENA/Predaj, apartmánový dom,  centrum mesta-Štúrovo(N130-110-FRADa)","address":"Štúrovo, okres Nové Zámky","rooms":null,"meters":252,"totalPrice":432900,"meterSquarePrice":6,"link":"https://www.nehnutelnosti.sk/detail/JuhWkhUqFpf/nova-cena-predaj-apartmanovy-dom-centrum-mesta-sturovon130-110-frada","imagesUrls":["https://img.nehnutelnosti.sk/foto/NjAweDMzOC9maWx0ZXJzOnF1YWxpdHkoMTAwKS9uZWg=/BduD_S7-zE_fss?st=jWctmTfKEijk728kKvAKQrg69fkqkyK-tihJMq026hA&ts=1721052157&e=0"]},{"title":"PREDAJ priestranný 1 izbový byt so šatníkom na začiatku Karlovej Vsi","address":"Gabčíkova, Bratislava IV - Karlova Ves, okres Bratislava","rooms":1,"meters":37,"totalPrice":142500,"meterSquarePrice":5,"link":"https://www.nehnutelnosti.sk/detail/JuCeDNeSptP/predaj-priestranny-1-izbovy-byt-so-satnikom-na-zaciatku-karlovej-vsi","imagesUrls":["https://img.nehnutelnosti.sk/foto/NjAweDMzOC9maWx0ZXJzOnF1YWxpdHkoMTAwKS9uZWg=/mNaLhinVE_fss?st=GAFqwW2X8sSjsOtgQl-75fm7GOk0MxzVcmPYjAf115U&ts=1718401579&e=0"]},{"title":"NOVÁ CENA/Predaj, veľký 2 izbový byt-Tlmače časť Lipník (N126-112-FRAD)","address":"Slovanská, Tlmače, okres Levice","rooms":2,"meters":64,"totalPrice":76900,"meterSquarePrice":6,"link":"https://www.nehnutelnosti.sk/detail/JuK1eOfomMi/nova-cena-predaj-velky-2-izbovy-byt-tlmace-cast-lipnik-n126-112-frad","imagesUrls":["https://img.nehnutelnosti.sk/foto/NjAweDMzOC9maWx0ZXJzOnF1YWxpdHkoMTAwKS9uZWg=/UL5G2-7jF_fss?st=98UmmYnSZhcK4X7cDvBjvZrQGVO-tfcFv09eASpuRUE&ts=1716400899&e=0"]},{"title":"PREDAJ 4 izb. bytu alebo VÝMENA za 2-3 izb. byt, prípadne POZEMOK","address":"Stupava, okres Malacky","rooms":4,"meters":127,"totalPrice":null,"meterSquarePrice":null,"link":"https://www.nehnutelnosti.sk/detail/JuEPNuhDKbH/predaj-4-izb-bytu-alebo-vymena-za-2-3-izb-byt-pripadne-pozemok","imagesUrls":["https://img.nehnutelnosti.sk/foto/NjAweDMzOC9maWx0ZXJzOnF1YWxpdHkoMTAwKS9uZWg=/2seJ-6RCL_fss?st=tRDqWJBslX6Zfpfj_ggBWWh_FOOvfcjJUXiCfRl-KoI&ts=1726891293&e=0"]},{"title":"PREDAJ 2-izbového bytu v Malackách s možnosťou prikúpenia garáže","address":"Mansveta Olšovského, Malacky, okres Malacky","rooms":2,"meters":58,"totalPrice":128000,"meterSquarePrice":0,"link":"https://www.nehnutelnosti.sk/detail/JuxsIVI-_EV/predaj-2-izboveho-bytu-v-malackach-s-moznostou-prikupenia-garaze","imagesUrls":["https://img.nehnutelnosti.sk/foto/NjAweDMzOC9maWx0ZXJzOnF1YWxpdHkoMTAwKS9uZWg=/KfknAj3cg_fss?st=ZrQAEr-FeOnIunTrizi3ESc3zCcRKCO3Rhx8iYzKxes&ts=1727002094&e=0"]},{"title":"Exkluzívna ponuka: Moderný a nový 2-izbový byt na Kubínskych terasách","address":"kubiske terasy, Dolný Kubín, okres Dolný Kubín","rooms":2,"meters":null,"totalPrice":null,"meterSquarePrice":null,"link":"https://www.nehnutelnosti.sk/detail/Juu3q-Rpizt/exkluzivna-ponuka-moderny-a-novy-2-izbovy-byt-na-kubinskych-terasach","imagesUrls":["https://img.nehnutelnosti.sk/foto/NjAweDMzOC9maWx0ZXJzOnF1YWxpdHkoMTAwKS9uZWg=/DMmTe7s26_fss?st=4PApXZZB565dBvIZdZOmli84IEhoTzng4dpC7bqowq0&ts=1717443460&e=0"]},{"title":"PREDAJ 3 izb. BYT, 2x LOGGIA, MUROVANÁ PIVNICA 12 m2, PARKOVANIE v uzatvorenom DVORE","address":"Bratislava IV - Dúbravka, okres Bratislava","rooms":3,"meters":75,"totalPrice":226440,"meterSquarePrice":0,"link":"https://www.nehnutelnosti.sk/detail/JuR6DnvhQN3/predaj-3-izb-byt-2x-loggia-murovana-pivnica-12-m2-parkovanie-v-uzatvorenom-dvore","imagesUrls":["https://img.nehnutelnosti.sk/foto/NjAweDMzOC9maWx0ZXJzOnF1YWxpdHkoMTAwKS9uZWg=/b7BVACcxN__fss?st=uo2yEsWRBXeOPlWQgs8mEEMUvMiMDIQ4qDkT9zAbygo&ts=1726891276&e=0"]},{"title":"PREDAJ - NOVOSTAVBA - 4 IZB. MEZONET + PARKOVACIE MIESTO (N176-114-OTKAE)","address":"Stupava, okres Malacky","rooms":4,"meters":127,"totalPrice":1,"meterSquarePrice":1,"link":"https://www.nehnutelnosti.sk/detail/JuahtXFbwQ6/predaj-novostavba-4-izb-mezonet-parkovacie-miesto-n176-114-otkae","imagesUrls":["https://img.nehnutelnosti.sk/foto/NjAweDMzOC9maWx0ZXJzOnF1YWxpdHkoMTAwKS9uZWg=/7BT_ZWusO_fss?st=q2L1W8he7Ffxb1-fwWH0d3EAzr_Iq9YA2mv8VOVCLS0&ts=1725353564&e=0"]},{"title":"Predaj 4 izbový byt, centrum - Želiezovce (N112-114-FRADE3)","address":"Jilemníckeho, Želiezovce, okres Levice","rooms":4,"meters":81,"totalPrice":77000,"meterSquarePrice":2,"link":"https://www.nehnutelnosti.sk/detail/JuLgrfCewdA/predaj-4-izbovy-byt-centrum-zeliezovce-n112-114-frade3","imagesUrls":["https://img.nehnutelnosti.sk/foto/NjAweDMzOC9maWx0ZXJzOnF1YWxpdHkoMTAwKS9uZWg=/n9LIVfrFw_fss?st=V7GFcbBbuMRsN9AnXrHnLBhWsHyNOuFMmnktN5Vnm2Y&ts=1706289549&e=0"]},{"title":"Na predaj 3 izbový byt v Banskej Bystrici N245-113-ZULI","address":"Banská Bystrica, okres Banská Bystrica","rooms":3,"meters":67,"totalPrice":142000,"meterSquarePrice":1,"link":"https://www.nehnutelnosti.sk/detail/Ju3t_AOKLZ0/na-predaj-3-izbovy-byt-v-banskej-bystrici-n245-113-zuli","imagesUrls":["https://img.nehnutelnosti.sk/foto/NjAweDMzOC9maWx0ZXJzOnF1YWxpdHkoMTAwKS9uZWg=/ycwgxkISM_fss?st=r_7wV50I4chLq62nZwU9dJMkicUT-iJM5R-B80CHtuU&ts=1699889520&e=0"]},{"title":"3 izbový byt , Horný Slávkov , Vysoké Tatry","address":"Horny slavkov, Veľký Slavkov, okres Poprad","rooms":2,"meters":62,"totalPrice":175000,"meterSquarePrice":8,"link":"https://www.nehnutelnosti.sk/detail/JuZLxXva5Ch/3-izbovy-byt-horny-slavkov-vysoke-tatry","imagesUrls":["https://img.nehnutelnosti.sk/foto/NjAweDMzOC9maWx0ZXJzOnF1YWxpdHkoMTAwKS9uZWg=/yyXM7HAM-_fss?st=n_BCUcD3wDroMlolV_95GoFJZpnS8hib_MUd4KkBrlQ&ts=1709174147&e=0"]},{"title":"Predaj garzónky- Michalovce, znížená cena!","address":"Michalovce, okres Michalovce","rooms":null,"meters":22,"totalPrice":null,"meterSquarePrice":null,"link":"https://www.nehnutelnosti.sk/detail/JuKH1f5a5Nq/predaj-garzonky-michalovce-znizena-cena","imagesUrls":["https://img.nehnutelnosti.sk/foto/NjAweDMzOC9maWx0ZXJzOnF1YWxpdHkoMTAwKS9uZWg=/3zKUZjGAG_fss?st=M91T8oLTsQ9yNWDJborAAxqJNYOmOCpx1ByGcqbCSMQ&ts=1716723985&e=0"]},{"title":"Predaj 4-izbového bytu, Michalovce","address":"Masaryková, Michalovce, okres Michalovce","rooms":4,"meters":78,"totalPrice":null,"meterSquarePrice":null,"link":"https://www.nehnutelnosti.sk/detail/JutEiRJ6mH4/predaj-4-izboveho-bytu-michalovce","imagesUrls":["https://img.nehnutelnosti.sk/foto/NjAweDMzOC9maWx0ZXJzOnF1YWxpdHkoMTAwKS9uZWg=/NYpNCMuZS_fss?st=iObK6w3e9Riq-n-rZFMiSl2H-ussMQExsuTlv7cHoQw&ts=1701799888&e=0"]},{"title":"Predaj, 3-izbový byt - Levice(N078-113-FRAD3)","address":"Perecká, Levice, okres Levice","rooms":3,"meters":82,"totalPrice":91000,"meterSquarePrice":6,"link":"https://www.nehnutelnosti.sk/detail/JuVwoDsoB_j/predaj-3-izbovy-byt-levicen078-113-frad3","imagesUrls":["https://img.nehnutelnosti.sk/foto/NjAweDMzOC9maWx0ZXJzOnF1YWxpdHkoMTAwKS9uZWg=/23KowLf7l_fss?st=n5QGNt6yr4cg-8nimMKXCtUM7FCYim0xRTg1-6EDzvs&ts=1690473709&e=0"]},{"title":"3 izbový byt ,Ľubica-Pod lesom","address":"Ľubica, okres Kežmarok","rooms":3,"meters":58,"totalPrice":79990,"meterSquarePrice":4,"link":"https://www.nehnutelnosti.sk/detail/JuTISCBPbFp/3-izbovy-byt-lubica-pod-lesom","imagesUrls":["https://img.nehnutelnosti.sk/foto/NjAweDMzOC9maWx0ZXJzOnF1YWxpdHkoMTAwKS9uZWg=/z0xfQAD_K_fss?st=Wqzsqqh9ddxqwaDXUf6_88K11rqqoZ7sdecq0ZyQFpM&ts=1709174116&e=0"]},{"title":"Predaj, 3-izbový byt - Dulovce(N066-113-FRAD)","address":"Novozámocká, Dulovce, okres Komárno","rooms":3,"meters":60,"totalPrice":79000,"meterSquarePrice":7,"link":"https://www.nehnutelnosti.sk/detail/JueIU4qFfKmB/predaj-3-izbovy-byt-dulovcen066-113-frad","imagesUrls":["https://img.nehnutelnosti.sk/foto/NjAweDMzOC9maWx0ZXJzOnF1YWxpdHkoMTAwKS9uZWg=/glVnWs-rX_fss?st=R13ZN7xxZG09HjDTvHxVuFWPfNDc7AshIESHO2IOJnk&ts=1685020619&e=0"]},{"title":"Exkluzívne 5+1 izbový byt- predaj","address":"Námestie Artézskych Prameňov, Lučenec, okres Lučenec","rooms":5,"meters":108,"totalPrice":95000,"meterSquarePrice":8,"link":"https://www.nehnutelnosti.sk/detail/JuBHAk3dAwd/exkluzivne-5-1-izbovy-byt-predaj","imagesUrls":["https://img.nehnutelnosti.sk/foto/NjAweDMzOC9maWx0ZXJzOnF1YWxpdHkoMTAwKS9uZWg=/qmmfPY4cO_fss?st=PkteUaYK7-VBnZLP9eHLr0QrgpuQS7VQ4RjnYZiEDYY&ts=1687155893&e=0"]},{"title":"Dvoj izbový byt-predaj","address":"Námestie Artézskych Prameňov, Lučenec, okres Lučenec","rooms":2,"meters":70,"totalPrice":63000,"meterSquarePrice":3,"link":"https://www.nehnutelnosti.sk/detail/Ju3BE94Fzxn/dvoj-izbovy-byt-predaj","imagesUrls":["https://img.nehnutelnosti.sk/foto/NjAweDMzOC9maWx0ZXJzOnF1YWxpdHkoMTAwKS9uZWg=/JrGt-XvOX_fss?st=eg4UXA6b-kfpXZJYxz2sW46np8s6ioaaniAxbpJspcI&ts=1687237289&e=0"]},{"title":"Dvoj izbový byt s terasou","address":"namestie Artezskych prameňov, Lučenec, okres Lučenec","rooms":2,"meters":83,"totalPrice":66000,"meterSquarePrice":2,"link":"https://www.nehnutelnosti.sk/detail/Ju-gGUBLJxn/dvoj-izbovy-byt-s-terasou","imagesUrls":["https://img.nehnutelnosti.sk/foto/NjAweDMzOC9maWx0ZXJzOnF1YWxpdHkoMTAwKS9uZWg=/iiHs3Rnkj_fss?st=d4gF9yO64UGGKWjbi5kX6nNyuiLrwf-5u3MQinCkqG0&ts=1713159170&e=0"]},{"title":"Predaj, 2-izbový byt - Dulovce(N065-112-FRAD)","address":"Novozámocká, Dulovce, okres Komárno","rooms":2,"meters":43,"totalPrice":65000,"meterSquarePrice":3,"link":"https://www.nehnutelnosti.sk/detail/JuT9Zl6oq86/predaj-2-izbovy-byt-dulovcen065-112-frad","imagesUrls":["https://img.nehnutelnosti.sk/foto/NjAweDMzOC9maWx0ZXJzOnF1YWxpdHkoMTAwKS9uZWg=/iVmXh_uKR_fss?st=Nf8zU4WcyD-qXZU5bYizy-oUj6KRdcs9Q55cRW2IG6E&ts=1684999002&e=0"]},{"title":"Veľkometrážny priestranný 2+1 izbový byt - predaj","address":"Námestie Artézskych Prameňov, Lučenec, okres Lučenec","rooms":2,"meters":92,"totalPrice":80000,"meterSquarePrice":6,"link":"https://www.nehnutelnosti.sk/detail/JuD_c9RI3mN/velkometrazny-priestranny-2-1-izbovy-byt-predaj","imagesUrls":["https://img.nehnutelnosti.sk/foto/NjAweDMzOC9maWx0ZXJzOnF1YWxpdHkoMTAwKS9uZWg=/7yvrxl_Q7_fss?st=0vraud7ndRlHidEBhaf6Jlai8MtU9HyN0TKcgkUROVE&ts=1688768573&e=0"]}]