[{"title":"REZERVOVANÉ - Predaj 3 izb.bytu s garážou a vlastnou záhradou - Lietavská Lúčka","address":"Lietavská Lúčka, Žilina, okres Žilina","rooms":3,"meters":75,"totalPrice":163000,"meterSquarePrice":3,"link":"https://www.nehnutelnosti.sk/detail/JuTKVUgOeyX/rezervovane-predaj-3-izb-bytu-s-garazou-a-vlastnou-zahradou-lietavska-lucka","imagesUrls":["https://img.nehnutelnosti.sk/foto/NjAweDMzOC9maWx0ZXJzOnF1YWxpdHkoMTAwKS9uZWg=/IMe5mUQ1S_fss?st=KuAHE_Lp6SyllUNn8uSziuKiHi2fsM8c1Wwx8oUF6Po&ts=1724700750&e=0"]},{"title":"NA PREDAJ 1 - izbový byt v Novej Dubnici","address":"Nová Dubnica, okres Ilava","rooms":1,"meters":null,"totalPrice":null,"meterSquarePrice":null,"link":"https://www.nehnutelnosti.sk/detail/Jubc0pHkqaU/na-predaj-1-izbovy-byt-v-novej-dubnici","imagesUrls":["https://img.nehnutelnosti.sk/foto/NjAweDMzOC9maWx0ZXJzOnF1YWxpdHkoMTAwKS9uZWg=/k7e-RRczM_fss?st=Fop_MFSjorjrMDL2eHl1GcIE4c4Qa8Z-vdw4y2fNSY0&ts=1726405054&e=0"]},{"title":"3 izbový byt s 2 balkónmi, CENTRUM","address":"Benkova, Nové Mesto nad Váhom, okres Nové Mesto nad Váhom","rooms":3,"meters":67,"totalPrice":135000,"meterSquarePrice":3,"link":"https://www.nehnutelnosti.sk/detail/JuVZIhDknOQ/3-izbovy-byt-s-2-balkonmi-centrum","imagesUrls":["https://img.nehnutelnosti.sk/foto/NjAweDMzOC9maWx0ZXJzOnF1YWxpdHkoMTAwKS9uZWg=/w5EM2HRcv_fss?st=E7oLLI1QmKY9e394Lq7L6r-HD5DIhlXGTqJjDu28_OM&ts=1725978670&e=0"]},{"title":"Predám priestranný 4 izbový byt v Martine / Ľadoveň","address":"Máše Haľamovej, Martin, okres Martin","rooms":4,"meters":null,"totalPrice":null,"meterSquarePrice":null,"link":"https://www.nehnutelnosti.sk/detail/Ju3OD8XCTo1/predam-priestranny-4-izbovy-byt-v-martine-ladoven","imagesUrls":["https://img.nehnutelnosti.sk/foto/NjAweDMzOC9maWx0ZXJzOnF1YWxpdHkoMTAwKS9uZWg=/okvcyE1h-_fss?st=7ZfixEtvxcQqTrbAavJJOoNda6Vo8KOomD2yeyT431E&ts=1726607222&e=0"]},{"title":"Predám investičný 1 izbový byt v Martine časť Ľadoveň","address":"Daniela Michaeliho, Martin, okres Martin","rooms":1,"meters":null,"totalPrice":null,"meterSquarePrice":null,"link":"https://www.nehnutelnosti.sk/detail/JuywaOmfKuH/predam-investicny-1-izbovy-byt-v-martine-cast-ladoven","imagesUrls":[]},{"title":"REZERVOVANÉ predám 2 izbový investičný byt v centre Žiliny","address":"Bernolákova 21, Žilina, okres Žilina","rooms":2,"meters":57,"totalPrice":140900,"meterSquarePrice":3,"link":"https://www.nehnutelnosti.sk/detail/JuNE2TuMCQO/rezervovane-predam-2-izbovy-investicny-byt-v-centre-ziliny","imagesUrls":["https://img.nehnutelnosti.sk/foto/NjAweDMzOC9maWx0ZXJzOnF1YWxpdHkoMTAwKS9uZWg=/oqy2Q386G_fss?st=bFCpAdEMUPKD0-Fmig4vCmd4eHsj0_pKSDPDQ2nLe0o&ts=1725711823&e=0"]},{"title":"REZERVOVANÉ Predám 1+kk byt s parkovacím miestom v Žiline / Vlčince","address":"Obežná, Žilina, okres Žilina","rooms":1,"meters":39,"totalPrice":134900,"meterSquarePrice":7,"link":"https://www.nehnutelnosti.sk/detail/JuvOwLIg33U/rezervovane-predam-1-kk-byt-s-parkovacim-miestom-v-ziline-vlcince","imagesUrls":["https://img.nehnutelnosti.sk/foto/NjAweDMzOC9maWx0ZXJzOnF1YWxpdHkoMTAwKS9uZWg=/VBd53TFQKt_fss?st=xn2hQUhCnQuvzbn5NphljyrzAkG50EtDLxzBeZD2ewo&ts=1724438845&e=0"]},{"title":"EXKLUZÍVNE  Komplet zrekonštruovaný 1 - izbový byt","address":"Pod hájom, Dubnica nad Váhom, okres Ilava","rooms":1,"meters":null,"totalPrice":null,"meterSquarePrice":null,"link":"https://www.nehnutelnosti.sk/detail/JuzdsvUDBxu/exkluzivne-komplet-zrekonstruovany-1-izbovy-byt","imagesUrls":["https://img.nehnutelnosti.sk/foto/NjAweDMzOC9maWx0ZXJzOnF1YWxpdHkoMTAwKS9uZWg=/_F_hgVCd8_fss?st=h0TMaH0Kml_lG7Ed1kwFytweGWcTuvkWmmxam7szyQU&ts=1725186941&e=0"]},{"title":"Predaj, 3izbový byt, Považská Bystrica","address":"Rozkvet, Považská Bystrica, okres Považská Bystrica","rooms":2,"meters":62,"totalPrice":143000,"meterSquarePrice":5,"link":"https://www.nehnutelnosti.sk/detail/JuV7BLTy0Rs/predaj-3izbovy-byt-povazska-bystrica","imagesUrls":["https://img.nehnutelnosti.sk/foto/NjAweDMzOC9maWx0ZXJzOnF1YWxpdHkoMTAwKS9uZWg=/zWnqgj0Rl_fss?st=XHIIdDszM95ZMJ5t0EjqxK_9xp_ZkkIO9PI_PTUSgNQ&ts=1723750893&e=0"]},{"title":"1-izbový byt v Novom Meste nad Váhom","address":"Trenčianska, Nové Mesto nad Váhom, okres Nové Mesto nad Váhom","rooms":1,"meters":null,"totalPrice":null,"meterSquarePrice":null,"link":"https://www.nehnutelnosti.sk/detail/JuSVfPuBcp3/1-izbovy-byt-v-novom-meste-nad-vahom","imagesUrls":["https://img.nehnutelnosti.sk/foto/NjAweDMzOC9maWx0ZXJzOnF1YWxpdHkoMTAwKS9uZWg=/2hto82qYs_fss?st=tnvbzGUlRuVAzRPiX8mQ5A4LtGjoO3HLnToNufw_fe4&ts=1723884509&e=0"]},{"title":"Rezervovane Na predaj 1 izbový byt Žilina / Vlčince","address":"Trnavská, Žilina, okres Žilina","rooms":1,"meters":null,"totalPrice":null,"meterSquarePrice":null,"link":"https://www.nehnutelnosti.sk/detail/JuNdwlcckxD/rezervovane-na-predaj-1-izbovy-byt-zilina-vlcince","imagesUrls":["https://img.nehnutelnosti.sk/foto/NjAweDMzOC9maWx0ZXJzOnF1YWxpdHkoMTAwKS9uZWg=/IvUmTy3J6_fss?st=721V1oz7NtWPdcKN_bKLeJEG4swQU9EkWQArxajuXOo&ts=1725338766&e=0"]},{"title":"Exkluzívne na predaj zrekonštruovaný 2-izb. byt, Vlčince-REZERVOVANÉ","address":"Nanterská, Žilina, okres Žilina","rooms":2,"meters":null,"totalPrice":null,"meterSquarePrice":null,"link":"https://www.nehnutelnosti.sk/detail/Ju-rLgHHoEq/exkluzivne-na-predaj-zrekonstruovany-2-izb-byt-vlcince-rezervovane","imagesUrls":["https://img.nehnutelnosti.sk/foto/NjAweDMzOC9maWx0ZXJzOnF1YWxpdHkoMTAwKS9uZWg=/uOvBAhUPD_fss?st=dr-eWhBrkSmlLdPiUn-8aJBRhwu6-lYqCs4GVTMWke0&ts=1723207456&e=0"]},{"title":"2 izbový byt s veľkou presklenou lodžiou, CENTRUM","address":"Sídlisko D. Jurkoviča, Brezová pod Bradlom, okres Myjava","rooms":2,"meters":55,"totalPrice":65000,"meterSquarePrice":2,"link":"https://www.nehnutelnosti.sk/detail/JuX3orjvRA0/2-izbovy-byt-s-velkou-presklenou-lodziou-centrum","imagesUrls":["https://img.nehnutelnosti.sk/foto/NjAweDMzOC9maWx0ZXJzOnF1YWxpdHkoMTAwKS9uZWg=/cxyC4vqic_fss?st=x_ioPus84X2Tcp_lQ30twdHM61vUkht5ipvyhu0wfow&ts=1723559742&e=0"]},{"title":"Znížená cena čiastočne zrekonštruovaný 2-izbový byt Trenčín-K výstavis","address":"K výstavisku, Trenčín, okres Trenčín","rooms":2,"meters":39,"totalPrice":82000,"meterSquarePrice":6,"link":"https://www.nehnutelnosti.sk/detail/JuVhDkS296C/znizena-cena-ciastocne-zrekonstruovany-2-izbovy-byt-trencin-k-vystavis","imagesUrls":["https://img.nehnutelnosti.sk/foto/NjAweDMzOC9maWx0ZXJzOnF1YWxpdHkoMTAwKS9uZWg=/wcvQMeJV8_fss?st=k5wyFSZzSIVlVxsHvGUUmqBSsD4i4JjMFXnpTHRRz5w&ts=1724261929&e=0"]},{"title":"NA PREDAJ Investičný 2 izbový byt v Trenčíne - REZERVOVANÝ","address":"Piešťanská, Trenčín, okres Trenčín","rooms":2,"meters":null,"totalPrice":null,"meterSquarePrice":null,"link":"https://www.nehnutelnosti.sk/detail/Ju-rmYiOEP0/na-predaj-investicny-2-izbovy-byt-v-trencine-rezervovany","imagesUrls":["https://img.nehnutelnosti.sk/foto/NjAweDMzOC9maWx0ZXJzOnF1YWxpdHkoMTAwKS9uZWg=/eU-y7JKjz_fss?st=lImfUlejYGiupf7iOImS_nrEB6Ngl-d9ANN3d48JvRk&ts=1722948151&e=0"]},{"title":"Novozrekonštruovaný 2 izbový byt, Trenčín","address":"Beckovská, Trenčín, okres Trenčín","rooms":2,"meters":54,"totalPrice":143000,"meterSquarePrice":5,"link":"https://www.nehnutelnosti.sk/detail/JuUkRs-CTQR/novozrekonstruovany-2-izbovy-byt-trencin","imagesUrls":["https://img.nehnutelnosti.sk/foto/NjAweDMzOC9maWx0ZXJzOnF1YWxpdHkoMTAwKS9uZWg=/y9cRMth3Y_fss?st=XRPFi0uPwqgDFZjmU5b8_TnaNxO1-v2pLF8ObaKTwHE&ts=1723040741&e=0"]},{"title":"Mezonetový byt na Mierovom námestí pod hradom, Trenčín","address":"Mierové námestie, Trenčín, okres Trenčín","rooms":3,"meters":121,"totalPrice":299000,"meterSquarePrice":7,"link":"https://www.nehnutelnosti.sk/detail/JueYHptc_ZW/mezonetovy-byt-na-mierovom-namesti-pod-hradom-trencin","imagesUrls":["https://img.nehnutelnosti.sk/foto/NjAweDMzOC9maWx0ZXJzOnF1YWxpdHkoMTAwKS9uZWg=/ejy_Ub-2-A_fss?st=VIxq71bRoIyeemY5qcFyyilxS_J4IQ1T1tXHtUayl_I&ts=1722710727&e=0"]},{"title":"Predaj, 3 izbový byt, Hečkova ulica, Žilina, Exkluzívne Reality IQ","address":"Hečkova, Žilina, okres Žilina","rooms":3,"meters":null,"totalPrice":null,"meterSquarePrice":null,"link":"https://www.nehnutelnosti.sk/detail/Ju9V2Z69qQb/predaj-3-izbovy-byt-heckova-ulica-zilina-exkluzivne-reality-iq","imagesUrls":["https://img.nehnutelnosti.sk/foto/NjAweDMzOC9maWx0ZXJzOnF1YWxpdHkoMTAwKS9uZWg=/Wjp328XJj_fss?st=k0hEzX57_dz8eiELmXYtwKp1O4J_pJwUs-mESKtlDcI&ts=1723037263&e=0"]},{"title":"Luxusný 2 izbový byt, Trenčín","address":"Beckovská, Trenčín, okres Trenčín","rooms":2,"meters":57,"totalPrice":143000,"meterSquarePrice":7,"link":"https://www.nehnutelnosti.sk/detail/JuqXdTtTje-/luxusny-2-izbovy-byt-trencin","imagesUrls":["https://img.nehnutelnosti.sk/foto/NjAweDMzOC9maWx0ZXJzOnF1YWxpdHkoMTAwKS9uZWg=/7oKI0v5mK_fss?st=jJme98GacLCJK3ZjzBmvOCkuPFuxzUwtUgbsA-fr8iM&ts=1727031865&e=0"]},{"title":"Exkluzívne na predaj slnečný 3-izbový byt, Považská Bystrica-Stred","address":"Považská Bystrica, okres Považská Bystrica","rooms":3,"meters":null,"totalPrice":null,"meterSquarePrice":null,"link":"https://www.nehnutelnosti.sk/detail/JuaxTAIGpHi/exkluzivne-na-predaj-slnecny-3-izbovy-byt-povazska-bystrica-stred","imagesUrls":["https://img.nehnutelnosti.sk/foto/NjAweDMzOC9maWx0ZXJzOnF1YWxpdHkoMTAwKS9uZWg=/AOPR9IcZs_fss?st=8DaOGqtOlRwuOgl9VzXtztDAWxLQinBbH8FlsLmw-Kk&ts=1721227863&e=0"]},{"title":"3 izbový byt s 2 balkónmi, Stará Turá","address":"M. R. Štefánika, Stará Turá, okres Nové Mesto nad Váhom","rooms":3,"meters":72,"totalPrice":93000,"meterSquarePrice":7,"link":"https://www.nehnutelnosti.sk/detail/JuQ6Hrz77oM/3-izbovy-byt-s-2-balkonmi-stara-tura","imagesUrls":["https://img.nehnutelnosti.sk/foto/NjAweDMzOC9maWx0ZXJzOnF1YWxpdHkoMTAwKS9uZWg=/X-N894aJM_fss?st=FmnSfFsqUfEBlPr65EjWwIXHe6zbUe3YRLp3ebjTA8E&ts=1721429544&e=0"]},{"title":"Exkluzívne na predaj moderný 2 izbový byt v Martine","address":"Jána Martáka, Martin, okres Martin","rooms":2,"meters":null,"totalPrice":null,"meterSquarePrice":null,"link":"https://www.nehnutelnosti.sk/detail/JuU_VDegt99/exkluzivne-na-predaj-moderny-2-izbovy-byt-v-martine","imagesUrls":["https://img.nehnutelnosti.sk/foto/NjAweDMzOC9maWx0ZXJzOnF1YWxpdHkoMTAwKS9uZWg=/7CNfT_HqP_fss?st=-dJv-Z5Du_ZhbwmWYF5KGPcsZsRWRT2s11LoVYIU2u8&ts=1725872026&e=0"]},{"title":"Predám 3 izbový byt v Rajci","address":"Mudrochova, Rajec, okres Žilina","rooms":3,"meters":70,"totalPrice":null,"meterSquarePrice":null,"link":"https://www.nehnutelnosti.sk/detail/Juvq5eGZlkg/predam-3-izbovy-byt-v-rajci","imagesUrls":["https://img.nehnutelnosti.sk/foto/NjAweDMzOC9maWx0ZXJzOnF1YWxpdHkoMTAwKS9uZWg=/VuwquDBD9_fss?st=OHD4bsQsInxcxrwcOjD78NuMw7HEXfA9f2ooCWRRTR8&ts=1725706530&e=0"]},{"title":"Na predaj 2 izbový byt v Bytči","address":"Kollárova, Bytča, okres Bytča","rooms":2,"meters":63,"totalPrice":null,"meterSquarePrice":null,"link":"https://www.nehnutelnosti.sk/detail/JuB1PtsHV0t/na-predaj-2-izbovy-byt-v-bytci","imagesUrls":["https://img.nehnutelnosti.sk/foto/NjAweDMzOC9maWx0ZXJzOnF1YWxpdHkoMTAwKS9uZWg=/UfHmLFRAU-_fss?st=lsb8Rwc1GI5WjeNECNgrEXhd6ixiRPXU2XF4ZvHeaG0&ts=1725706533&e=0"]},{"title":"Predám 3 izbový byt v Čadci","address":"Janka Kráľa, Čadca, okres Čadca","rooms":3,"meters":null,"totalPrice":null,"meterSquarePrice":null,"link":"https://www.nehnutelnosti.sk/detail/JusHkmVwKk4/predam-3-izbovy-byt-v-cadci","imagesUrls":["https://img.nehnutelnosti.sk/foto/NjAweDMzOC9maWx0ZXJzOnF1YWxpdHkoMTAwKS9uZWg=/pVJus5pFW_fss?st=g7LvNy_VvgLaD_zjw3yrj8DBgAf6RpXeERC2hbNoxrw&ts=1719606415&e=0"]},{"title":"Rezervovaný Predám 1 izbový byt Žilina / Vlčince","address":"Trnavská, Žilina, okres Žilina","rooms":1,"meters":null,"totalPrice":null,"meterSquarePrice":null,"link":"https://www.nehnutelnosti.sk/detail/JuMfJI2xXPD/rezervovany-predam-1-izbovy-byt-zilina-vlcince","imagesUrls":["https://img.nehnutelnosti.sk/foto/NjAweDMzOC9maWx0ZXJzOnF1YWxpdHkoMTAwKS9uZWg=/Oy3-trw-v_fss?st=1XNac_bV0L5I48sCQND76mA-WspPB-yglJUIRHadPEk&ts=1724180498&e=0"]},{"title":"Znížená cena - 3 izbový zrekonštruovaný byt v Martine / Záturčie","address":"Dušana Makovického, Martin, okres Martin","rooms":3,"meters":null,"totalPrice":null,"meterSquarePrice":null,"link":"https://www.nehnutelnosti.sk/detail/Jut5-TPDpGe/znizena-cena-3-izbovy-zrekonstruovany-byt-v-martine-zaturcie","imagesUrls":["https://img.nehnutelnosti.sk/foto/NjAweDMzOC9maWx0ZXJzOnF1YWxpdHkoMTAwKS9uZWg=/ZduwXqJ4A_fss?st=ul8NmCaakXbyuz51I_UH7p2DMmYLccNWmcsR5gZRr60&ts=1725957856&e=0"]},{"title":"REZERVOVANÉ Investičný 3 izbový byt  v Martine na Severe","address":"Východná, Martin, okres Martin","rooms":3,"meters":60,"totalPrice":83000,"meterSquarePrice":8,"link":"https://www.nehnutelnosti.sk/detail/JuvmrAbJ2JH/rezervovane-investicny-3-izbovy-byt-v-martine-na-severe","imagesUrls":["https://img.nehnutelnosti.sk/foto/NjAweDMzOC9maWx0ZXJzOnF1YWxpdHkoMTAwKS9uZWg=/RdiRcchLl_fss?st=tYtTJYr-6GkOXKj5i33gXR7lAq7thqu0ei0WSt5IfH8&ts=1722364119&e=0"]},{"title":"ZNÍŽENÁ CENA  3 izbový byt v centre  Žiliny","address":"Závodská cesta, Žilina, okres Žilina","rooms":3,"meters":null,"totalPrice":null,"meterSquarePrice":null,"link":"https://www.nehnutelnosti.sk/detail/JuOeKh5FZ_T/znizena-cena-3-izbovy-byt-v-centre-ziliny","imagesUrls":["https://img.nehnutelnosti.sk/foto/NjAweDMzOC9maWx0ZXJzOnF1YWxpdHkoMTAwKS9uZWg=/041CNsjz1_fss?st=1Lbz8CuQJWg9VcMHjuFp-9vzE_h1g_D3f7f91jOXpT4&ts=1725872023&e=0"]},{"title":"Veľkometrážny 3 izbový byt 98 m2 so záhradou a garážou","address":"Fándlyho, Nové Mesto nad Váhom, okres Nové Mesto nad Váhom","rooms":3,"meters":98,"totalPrice":149900,"meterSquarePrice":9,"link":"https://www.nehnutelnosti.sk/detail/JuP-VHRqVzz/velkometrazny-3-izbovy-byt-98-m2-so-zahradou-a-garazou","imagesUrls":["https://img.nehnutelnosti.sk/foto/NjAweDMzOC9maWx0ZXJzOnF1YWxpdHkoMTAwKS9uZWg=/-9I5lKhYk_fss?st=N87lRb7NDormugTUOqUeWex-qBdVECJbCbV4d_3aEPE&ts=1726779167&e=0"]}]