[{"title":"Predaj dvojizbového bytu v tehlovej bytovke, Andovská ulica, Nové Zámky","address":"Andovská 9703, Nové Zámky, okres Nové Zámky","rooms":2,"meters":71,"totalPrice":107002,"meterSquarePrice":7,"link":"https://www.nehnutelnosti.sk/detail/JuDLqacKfXY/predaj-dvojizboveho-bytu-v-tehlovej-bytovke-andovska-ulica-nove-zamky","imagesUrls":["https://img.unitedclassifieds.sk/foto/NjAweDMzOC9maWx0ZXJzOnF1YWxpdHkoMTAwKS9qdWw=/s7zcZtNnQ5_fss?st=pdwthIFzCt5uE9GEB6xI0JJ4JmCrQLHc2sHK8pkDviI&ts=1726045960&e=0"]},{"title":"Predaj, 2-izbový byt, Šaľa, Horná - bezbariérový vstup","address":"Horná 916/18, Šaľa, okres Šaľa","rooms":2,"meters":64,"totalPrice":88990,"meterSquarePrice":7,"link":"https://www.nehnutelnosti.sk/detail/JuNi8R78dgG/predaj-2-izbovy-byt-sala-horna-bezbarierovy-vstup","imagesUrls":["https://img.unitedclassifieds.sk/foto/NjAweDMzOC9maWx0ZXJzOnF1YWxpdHkoMTAwKS9qdWw=/w2-D40Tfv_fss?st=_snIRDW9h7aiF-Bz2z9T36xILe0frep7238PCUmM1aQ&ts=1726790559&e=0"]},{"title":"Predaj, 1-izbový byt, Šaľa - ihneď voľný","address":"V. Šrobára 571/10, Šaľa, okres Šaľa","rooms":1,"meters":36,"totalPrice":74990,"meterSquarePrice":6,"link":"https://www.nehnutelnosti.sk/detail/Ju3acM422dw/predaj-1-izbovy-byt-sala-ihned-volny","imagesUrls":["https://img.unitedclassifieds.sk/foto/NjAweDMzOC9maWx0ZXJzOnF1YWxpdHkoMTAwKS9qdWw=/AGURTVcM0_fss?st=0I84RJRO-pWaScKrMNakg6BBAfG0_OxOyZZoOHqoI94&ts=1726787477&e=0"]},{"title":"Zariadený 2-izb. byt vo výbornej lokalite","address":"Osuského, Bratislava V - Petržalka, okres Bratislava","rooms":2,"meters":54,"totalPrice":185000,"meterSquarePrice":5,"link":"https://www.nehnutelnosti.sk/detail/Ju6UEuQ35sL/zariadeny-2-izb-byt-vo-vybornej-lokalite","imagesUrls":["https://img.nehnutelnosti.sk/foto/NjAweDMzOC9maWx0ZXJzOnF1YWxpdHkoMTAwKS9uZWg=/LP_oc9PNA2_fss?st=mM9M1bLS50imEvqaLgRfqq91R4mxXhoo2K5UsuyzS0g&ts=1726790545&e=0"]},{"title":"3 izbový byt s výhľadom na hrad v dizajnovom projekte Dve Veže Trenčín, Rezidencia Vinohrady","address":"Vladimíra Predmerského, Trenčín, okres Trenčín","rooms":3,"meters":71,"totalPrice":190747,"meterSquarePrice":0,"link":"https://www.nehnutelnosti.sk/detail/JuDCsaWZ-RB/3-izbovy-byt-s-vyhladom-na-hrad-v-dizajnovom-projekte-dve-veze-trencin-rezidencia-vinohrady","imagesUrls":["https://img.unitedclassifieds.sk/foto/NjAweDMzOC9maWx0ZXJzOnF1YWxpdHkoMTAwKS9yc2Y=/N8kg85OAf_fss?st=1bbhZ1LZVKJZwbe2eG8ia7kyOp-5ay0Vqc72jEdbXhs&ts=1715821583&e=0"]},{"title":"/FOIT/ - PREDAJ AKÚ HODNOTU MÁ HISTÓRIA?","address":"Trnava, okres Trnava","rooms":3,"meters":125,"totalPrice":299900,"meterSquarePrice":4,"link":"https://www.nehnutelnosti.sk/detail/JuaqAWV8EHC/foit-predaj-aku-hodnotu-ma-historia","imagesUrls":["https://t1.aimg.sk/inzercie/ne_orig_106874748_byty-3-izbovy-byt-banska-bystrica-foit-predaj-aku-hodnotu-ma-historia.jpg?t=LzYwMHgzMzgvZmlsdGVyczpxdWFsaXR5KDgwKQ%3D%3D&h=Wargxx1uFkAG1HldWyTwSw&e=2145916800"]},{"title":"AFYREAL predaj TOP CENA nadčasový 3izb atyp mezonet so 121m2 záhradou, Priekopnícka","address":"Priekopnícka, Bratislava II - Podunajské Biskupice, okres Bratislava","rooms":3,"meters":65,"totalPrice":249900,"meterSquarePrice":2,"link":"https://www.nehnutelnosti.sk/detail/JuIcs4bI4E_/afyreal-predaj-top-cena-nadcasovy-3izb-atyp-mezonet-so-121m2-zahradou-priekopnicka","imagesUrls":["https://img.nehnutelnosti.sk/foto/NjAweDMzOC9maWx0ZXJzOnF1YWxpdHkoMTAwKS9uZWg=/nI-82XE6uw_fss?st=O9CuO9NwSiZxJfTvENPfnL2H6u4zNib1j4lIqZweSuM&ts=1724096802&e=0"]},{"title":"Na predaj - 4 izbový byt v Starej Turej","address":"Stefanikova, Stará Turá, okres Nové Mesto nad Váhom","rooms":4,"meters":78,"totalPrice":109000,"meterSquarePrice":4,"link":"https://www.nehnutelnosti.sk/detail/JuhFicTtifjG/na-predaj-4-izbovy-byt-v-starej-turej","imagesUrls":["https://img.nehnutelnosti.sk/foto/NjAweDMzOC9maWx0ZXJzOnF1YWxpdHkoMTAwKS9uZWg=/9KvCckg5g_fss?st=1ngm4znGk2xdRkXZBDOs8s3LeNWlTzKf1haemDPk5xg&ts=1726782773&e=0"]},{"title":"Zrekonštruovaný nadštandardný 2 (až 3) izbový byt s balkónom na Severe – Národná trieda","address":"Národná trieda, Košice I - Sever, okres Košice","rooms":3,"meters":62,"totalPrice":179000,"meterSquarePrice":0,"link":"https://www.nehnutelnosti.sk/detail/Juug70j5336/zrekonstruovany-nadstandardny-2-az-3-izbovy-byt-s-balkonom-na-severe-narodna-trieda","imagesUrls":["https://img.nehnutelnosti.sk/foto/NjAweDMzOC9maWx0ZXJzOnF1YWxpdHkoMTAwKS9uZWg=/e4uUNWSoKR_fss?st=9IY-8db0xZ3X_2scCI5HgFYOao_qNRriPwpvo144vyE&ts=1726781828&e=0"]},{"title":"3D PREHLIADKA - ZARIADENÝ MODERNÝ 3izb. MEZONET., ul. LEŠKOVA, STARÉ MESTO","address":"Leškova, Bratislava I - Staré Mesto, okres Bratislava","rooms":null,"meters":142,"totalPrice":null,"meterSquarePrice":null,"link":"https://www.nehnutelnosti.sk/detail/Ju5JFb5DRMR/3d-prehliadka-zariadeny-moderny-3izb-mezonet-ul-leskova-stare-mesto","imagesUrls":["https://img.nehnutelnosti.sk/foto/NjAweDMzOC9maWx0ZXJzOnF1YWxpdHkoMTAwKS9uZWg=/elNWhF8NCv_fss?st=UTs5AlD0le6tCEYrX5WTeHnNvH1K6zyC4JVD8VkR-WE&ts=1726784262&e=0"]},{"title":"3 izbový byt na ulici Strečnianska pri jazere Draždiak","address":"Strečnianska, Bratislava V - Petržalka, okres Bratislava","rooms":3,"meters":68,"totalPrice":189990,"meterSquarePrice":7,"link":"https://www.nehnutelnosti.sk/detail/JuonmJtZYZ2/3-izbovy-byt-na-ulici-strecnianska-pri-jazere-drazdiak","imagesUrls":["https://img.nehnutelnosti.sk/foto/NjAweDMzOC9maWx0ZXJzOnF1YWxpdHkoMTAwKS9uZWg=/iNMFMyUjS_fss?st=m7ZI8UfCL6I3SQmtnOkOFm4j5jbdmc-yOFw1LAectMY&ts=1726780919&e=0"]},{"title":"REZERVOVANÉ: 4 izbový byt so zasklennou loggiou v lone zelene a parkov","address":"Žehrianska, Bratislava V - Petržalka, okres Bratislava","rooms":4,"meters":null,"totalPrice":null,"meterSquarePrice":null,"link":"https://www.nehnutelnosti.sk/detail/Ju94P5EuAIg/rezervovane-4-izbovy-byt-so-zasklennou-loggiou-v-lone-zelene-a-parkov","imagesUrls":["https://img.nehnutelnosti.sk/foto/NjAweDMzOC9maWx0ZXJzOnF1YWxpdHkoMTAwKS9uZWg=/MkItSXIpNe_fss?st=k0ULcE4U6Nrg_nwOXPFOsnJUQhijCWcrGCOZuPlvwaY&ts=1717600409&e=0"]},{"title":"Priestranný klimatizovaný 3 izbový mezonet s výhľadom na Kalváriu, NR","address":"Čermánske námestie, Nitra, okres Nitra","rooms":3,"meters":98,"totalPrice":220000,"meterSquarePrice":6,"link":"https://www.nehnutelnosti.sk/detail/JuhyNxpCis1/priestranny-klimatizovany-3-izbovy-mezonet-s-vyhladom-na-kalvariu-nr","imagesUrls":["https://img.nehnutelnosti.sk/foto/NjAweDMzOC9maWx0ZXJzOnF1YWxpdHkoMTAwKS9uZWg=/rguo3xyrTG_fss?st=HYIYASGdJk8jsdEihmi-LyoewZYAmW5LCXC9yevD9UY&ts=1722819103&e=0"]},{"title":"Pekný, kompletne prerobený 4 izbový byt s loggiou, BAII, Kríkova ul","address":"Kríková, Bratislava II - Vrakuňa, okres Bratislava","rooms":4,"meters":73,"totalPrice":195000,"meterSquarePrice":0,"link":"https://www.nehnutelnosti.sk/detail/JuuWuagn158/pekny-kompletne-prerobeny-4-izbovy-byt-s-loggiou-baii-krikova-ul","imagesUrls":["https://img.nehnutelnosti.sk/foto/NjAweDMzOC9maWx0ZXJzOnF1YWxpdHkoMTAwKS9uZWg=/4uAt30XYE_fss?st=thRR3i6usuDK-PDCTVqhsNDrJVP4sa-VPDXAC34BeGg&ts=1723853949&e=0"]},{"title":"SUPER CENA: Zrekonštruovaný 3 izbový byt, Bratislava - Staré mesto","address":"Tabaková, Bratislava I - Staré Mesto, okres Bratislava","rooms":3,"meters":null,"totalPrice":null,"meterSquarePrice":null,"link":"https://www.nehnutelnosti.sk/detail/Ju3SkqZ2lZb/super-cena-zrekonstruovany-3-izbovy-byt-bratislava-stare-mesto","imagesUrls":["https://img.nehnutelnosti.sk/foto/NjAweDMzOC9maWx0ZXJzOnF1YWxpdHkoMTAwKS9uZWg=/F4WfVlxEJ_fss?st=JGQECMxWESOYGvwY8rwCyVylJ5kEluBVttJcQvpuL1U&ts=1721867236&e=0"]},{"title":"TOP CENA: Zrekonštruovaný 3 izbový byt, Bratislava - Staré mesto","address":"Tabaková, Bratislava I - Staré Mesto, okres Bratislava","rooms":3,"meters":null,"totalPrice":null,"meterSquarePrice":null,"link":"https://www.nehnutelnosti.sk/detail/JuBgEaTMUX2/top-cena-zrekonstruovany-3-izbovy-byt-bratislava-stare-mesto","imagesUrls":["https://img.nehnutelnosti.sk/foto/NjAweDMzOC9maWx0ZXJzOnF1YWxpdHkoMTAwKS9uZWg=/hMFm8OvGzx_fss?st=WXwH5oorgJtsPwt_y71Dus3m14olke9gO8zmdW63ZHE&ts=1721867246&e=0"]},{"title":"Prerobený 4 izbový byt s loggiou, BA Vrakuňa, Kríkova ul","address":"Kríková, Bratislava II - Vrakuňa, okres Bratislava","rooms":4,"meters":73,"totalPrice":195000,"meterSquarePrice":0,"link":"https://www.nehnutelnosti.sk/detail/JuiLy802QUh/prerobeny-4-izbovy-byt-s-loggiou-ba-vrakuna-krikova-ul","imagesUrls":["https://img.nehnutelnosti.sk/foto/NjAweDMzOC9maWx0ZXJzOnF1YWxpdHkoMTAwKS9uZWg=/6fYEoNGX5_fss?st=hY0jMsF3skv3KCwxJId4e7CI6MC4lzOApPKimnI4WVs&ts=1723853932&e=0"]},{"title":"Zrekonštruovaný 3 izbový byt Vrakuňa, Kríková ulica","address":"Kríková, Bratislava II - Vrakuňa, okres Bratislava","rooms":3,"meters":64,"totalPrice":185000,"meterSquarePrice":3,"link":"https://www.nehnutelnosti.sk/detail/JuwGw29DKuD/zrekonstruovany-3-izbovy-byt-vrakuna-krikova-ulica","imagesUrls":["https://img.nehnutelnosti.sk/foto/NjAweDMzOC9maWx0ZXJzOnF1YWxpdHkoMTAwKS9uZWg=/4gV7g7mbB_fss?st=0yOzb5d5Svp6RB1kqHHsk8ugCaHk5L4tpK0JASgw6r0&ts=1697675413&e=0"]},{"title":"Predaj byt Leškova ulica Bratislava","address":"Leškova, Bratislava I - Staré Mesto, okres Bratislava","rooms":null,"meters":150,"totalPrice":null,"meterSquarePrice":null,"link":"https://www.nehnutelnosti.sk/detail/Juf_2nf8mfT/predaj-byt-leskova-ulica-bratislava","imagesUrls":["https://img.nehnutelnosti.sk/foto/NjAweDMzOC9maWx0ZXJzOnF1YWxpdHkoMTAwKS9uZWg=/4uRSHGwi0B_fss?st=r_5oqL3wUgWIIIPh76CcOi1UvS4wpXyAI6CMD5jI7ew&ts=1726780093&e=0"]},{"title":"LEXXUS | príjemný 3i byt, REKONŠTRUKCIA, BA II. Ružinov, Sputniková ul.,81,80m2","address":"Sputniková, Bratislava II - Ružinov, okres Bratislava","rooms":3,"meters":78,"totalPrice":239900,"meterSquarePrice":3,"link":"https://www.nehnutelnosti.sk/detail/Ju_O7ocP3Yg/lexxus-prijemny-3i-byt-rekonstrukcia-ba-ii-ruzinov-sputnikova-ul-81-80m2","imagesUrls":["https://img.nehnutelnosti.sk/foto/NjAweDMzOC9maWx0ZXJzOnF1YWxpdHkoMTAwKS9uZWg=/VftEn4dhgG_fss?st=jQkFw2dzVdsqzKdaYQBCwkYwy8uMBJHxfEtl9-yuLAo&ts=1726780087&e=0"]},{"title":"GOLFOVÁ - HRUBÁ BORŠA, 2-i byt, 51 m2 – novostavba s klimatizáciou v krásnom tichom prostredí Green","address":"Golfová, Hrubá Borša, okres Senec","rooms":2,"meters":51,"totalPrice":148200,"meterSquarePrice":8,"link":"https://www.nehnutelnosti.sk/detail/JuXWpYgHeBY/golfova-hruba-borsa-2-i-byt-51-m2-novostavba-s-klimatizaciou-v-krasnom-tichom-prostredi-green","imagesUrls":["https://img.nehnutelnosti.sk/foto/NjAweDMzOC9maWx0ZXJzOnF1YWxpdHkoMTAwKS9uZWg=/J1fw8CFR3_fss?st=JUNWL397R3CSS11KlG91RXCMeagNMCMu6yFKA3t953s&ts=1726777233&e=0"]},{"title":"Prenájom - 3 Izbový byt - Zvolen Novozámocká","address":"Novozámocká, Zvolen, okres Zvolen","rooms":3,"meters":75,"totalPrice":148000,"meterSquarePrice":3,"link":"https://www.nehnutelnosti.sk/detail/Ju9xQp9CrAC/prenajom-3-izbovy-byt-zvolen-novozamocka","imagesUrls":["https://img.nehnutelnosti.sk/foto/NjAweDMzOC9maWx0ZXJzOnF1YWxpdHkoMTAwKS9uZWg=/bxCL2RZDsz_fss?st=-ytfvfCQtYaHn8cPICeR3zmbhsjvjS8a7eQvGvkigTY&ts=1719002917&e=0"]},{"title":"PREDAJ 4 IZBOVÝ BYT NA PEKINSKEJ ULICI  - CENA 209 990 €","address":"Pekinská, Košice I - Sídlisko Ťahanovce, okres Košice","rooms":4,"meters":96,"totalPrice":209990,"meterSquarePrice":0,"link":"https://www.nehnutelnosti.sk/detail/Ju3YHTz9rJZ/predaj-4-izbovy-byt-na-pekinskej-ulici-cena-209-990","imagesUrls":["https://img.nehnutelnosti.sk/foto/NjAweDMzOC9maWx0ZXJzOnF1YWxpdHkoMTAwKS9uZWg=/N24E2oQAs_fss?st=WBVE0PvYzcQFAx8JwTMfJbVqeICHjJli1nhmh5mn8yg&ts=1726779451&e=0"]},{"title":"Ponúkam Vám na predaj veľkometrážny 2-izbový byt po rekonštrukcií.","address":"Levice, okres Levice","rooms":2,"meters":66,"totalPrice":95000,"meterSquarePrice":3,"link":"https://www.nehnutelnosti.sk/detail/JuO1U5q57As/ponukam-vam-na-predaj-velkometrazny-2-izbovy-byt-po-rekonstrukcii","imagesUrls":["https://img.unitedclassifieds.sk/foto/NjAweDMzOC9maWx0ZXJzOnF1YWxpdHkoMTAwKS9qdWw=/_nOydW5ef_fss?st=T1DwRihtHWQqB_8niU_HAjJ1k5a7VN0cBjiOlvlVAcU&ts=1726778326&e=0"]},{"title":"Na PREDAJ výhodne situovaný 2 izb byt v centre Martina","address":"M.R.Štefánika, Martin, okres Martin","rooms":2,"meters":55,"totalPrice":124000,"meterSquarePrice":5,"link":"https://www.nehnutelnosti.sk/detail/Judz0H8Mx1a/na-predaj-vyhodne-situovany-2-izb-byt-v-centre-martina","imagesUrls":["https://img.nehnutelnosti.sk/foto/NjAweDMzOC9maWx0ZXJzOnF1YWxpdHkoMTAwKS9uZWg=/xTqHvK2t0D_fss?st=Qloun4fq6AL_xkVSeZHry4lprWe_416VpGztMyYGwBg&ts=1726778945&e=0"]},{"title":"/FOIT/ - PREDAJ ÚTULNÝ, PRAKTICKÝ BYT V POKOJNOM PROSTREDÍ ","address":"Vlčkovce, okres Trnava","rooms":null,"meters":33,"totalPrice":79900,"meterSquarePrice":3,"link":"https://www.nehnutelnosti.sk/detail/JunN96Fpdpz/foit-predaj-utulny-prakticky-byt-vpokojnom-prostredi","imagesUrls":["https://img.nehnutelnosti.sk/foto/NjAweDMzOC9maWx0ZXJzOnF1YWxpdHkoMTAwKS9uZWg=/54-mLFQVz_fss?st=ey-tUOCyPrMdGBxARufHtm16P_Tmq_0Cg2QzkwuRlLg&ts=1726778903&e=0"]},{"title":"/FOIT/ - PREDAJ IDEÁLNY ŠTART VAŠEJ INVESTIČNEJ KARIÉRY","address":"Trnava, okres Trnava","rooms":null,"meters":19,"totalPrice":90000,"meterSquarePrice":8,"link":"https://www.nehnutelnosti.sk/detail/JurZ-wSAREi/foit-predaj-idealny-start-vasej-investicnej-kariery","imagesUrls":["https://img.nehnutelnosti.sk/foto/NjAweDMzOC9maWx0ZXJzOnF1YWxpdHkoMTAwKS9uZWg=/OdXqKcA8i_fss?st=rImVUKqHk95kHOc0r1fXnFvOAuDO752eqyn4LhmIlhM&ts=1726778881&e=0"]},{"title":"/FOIT/ - PREDAJ KRÁSNEHO 3-IZBOVÉHO BYTU PO KOMPLETNEJ REKONŠTRUKCII VO VYHĽADÁVANEJ LOKALITE","address":"Trnava, okres Trnava","rooms":3,"meters":66,"totalPrice":167900,"meterSquarePrice":4,"link":"https://www.nehnutelnosti.sk/detail/JuJbd3SVTOu/foit-predaj-krasneho-3-izboveho-bytu-po-kompletnej-rekonstrukcii-vo-vyhladavanej-lokalite","imagesUrls":["https://img.nehnutelnosti.sk/foto/NjAweDMzOC9maWx0ZXJzOnF1YWxpdHkoMTAwKS9uZWg=/ghMosanqQ_fss?st=8FoJc4RI5Y9aGhB_ecteiDGvVVjQY1e-Urw4bjLsdaY&ts=1726778894&e=0"]},{"title":"/FOIT/ - PREDAJ PRAKTICKÝ MINIMALIZMUS","address":"Trnava, okres Trnava","rooms":2,"meters":34,"totalPrice":117000,"meterSquarePrice":2,"link":"https://www.nehnutelnosti.sk/detail/Ju9Kwvm7BQs/foit-predaj-prakticky-minimalizmus","imagesUrls":["https://img.nehnutelnosti.sk/foto/NjAweDMzOC9maWx0ZXJzOnF1YWxpdHkoMTAwKS9uZWg=/CzpE13ie9k_fss?st=taJS0E0LfCK7wjUfzFcyg4M6NhmddadgAAuw5q8IP4c&ts=1726778874&e=0"]},{"title":"/FOIT/ - PREDAJ 2-IZBOVÝ BYT BEZ STAROSTÍ","address":"Donovaly, okres Banská Bystrica","rooms":2,"meters":56,"totalPrice":199900,"meterSquarePrice":3,"link":"https://www.nehnutelnosti.sk/detail/JuQ84sfDho6/foit-predaj-2-izbovy-byt-bez-starosti","imagesUrls":["https://img.nehnutelnosti.sk/foto/NjAweDMzOC9maWx0ZXJzOnF1YWxpdHkoMTAwKS9uZWg=/We1D7pJhq_fss?st=zPaqoR1WDCmm2b2EvE2h_aeFu7d9XwBV4I0r_Jc4o4Y&ts=1726778835&e=0"]}]