[{"title":"Útulný 3 izbový byt vo Vrútkach","address":"I.československej brigády, Vrútky, okres Martin","rooms":3,"meters":60,"totalPrice":118000,"meterSquarePrice":7,"link":"https://www.nehnutelnosti.sk/detail/JuCgsyM529K/utulny-3-izbovy-byt-vo-vrutkach","imagesUrls":["https://img.unitedclassifieds.sk/foto/NjAweDMzOC9maWx0ZXJzOnF1YWxpdHkoMTAwKS9qdWw=/_wsMngj7r_fss?st=SFfQJyit_flKuqTXfJ-2KYu4qbI3INSseSTInucmnB0&ts=1726653151&e=0"]},{"title":"Podkrovný Apartmán priamo na námestí v Michalovciach.","address":"Michalovce, okres Michalovce","rooms":3,"meters":null,"totalPrice":null,"meterSquarePrice":null,"link":"https://www.nehnutelnosti.sk/detail/JuL-Mbld-pX/podkrovny-apartman-priamo-na-namesti-v-michalovciach","imagesUrls":["https://img.nehnutelnosti.sk/foto/NjAweDMzOC9maWx0ZXJzOnF1YWxpdHkoMTAwKS9uZWg=/3w-5OcwkkS_fss?st=jeYuqILfLNRox_V9-etU4jWok88tovc5_u_wu9T7U5U&ts=1722259704&e=0"]},{"title":"OCCAM | Jasná- Nadčasový 3i apartmán priamo na zjazdovke","address":"Jasná Buda, Demänovská Dolina, okres Liptovský Mikuláš","rooms":null,"meters":100,"totalPrice":384000,"meterSquarePrice":9,"link":"https://www.nehnutelnosti.sk/detail/Ju6d8elcEjb/occam-jasna-nadcasovy-3i-apartman-priamo-na-zjazdovke","imagesUrls":["https://img.nehnutelnosti.sk/foto/NjAweDMzOC9maWx0ZXJzOnF1YWxpdHkoMTAwKS9uZWg=/9q6U9qeHZ_fss?st=4s7Dfo283DmiW6E-iynlSysqj8CdfDTXl5nXMGiuPlg&ts=1717624572&e=0"]},{"title":"OCCAM | Jasná- Nadčasový mezonet na zjazdovke s výhľadom  na Chopok","address":"Búda Jasná, Demänovská Dolina, okres Liptovský Mikuláš","rooms":4,"meters":120,"totalPrice":null,"meterSquarePrice":null,"link":"https://www.nehnutelnosti.sk/detail/JuTaGlgOIm6/occam-jasna-nadcasovy-mezonet-na-zjazdovke-s-vyhladom-na-chopok","imagesUrls":["https://img.nehnutelnosti.sk/foto/NjAweDMzOC9maWx0ZXJzOnF1YWxpdHkoMTAwKS9uZWg=/sjdCCKPT7_fss?st=ZL4Anc90wDr7wShURJZOA1cQ_yDAqLYZPlm64D7SWvY&ts=1717624565&e=0"]},{"title":"PREDAJ VEĽKÉHO 2-izbového bytu v HUMENNOM","address":"Krátka, Humenné, okres Humenné","rooms":2,"meters":70,"totalPrice":91100,"meterSquarePrice":3,"link":"https://www.nehnutelnosti.sk/detail/JugnESTHwZp/predaj-velkeho-2-izboveho-bytu-v-humennom","imagesUrls":["https://img.nehnutelnosti.sk/foto/NjAweDMzOC9maWx0ZXJzOnF1YWxpdHkoMTAwKS9uZWg=/uCamT3J7f6_fss?st=BBIKg7MvbK90n0XBKqK9pfiBQGllisy9cZ25aGbQM4g&ts=1725138324&e=0"]},{"title":"!!! REZERVOVANÉ !!!    2 izbový byt s loggiou v meste Žiar nad Hronom (Dukelských hrdinov)","address":"Žiar nad Hronom, okres Žiar nad Hronom","rooms":2,"meters":57,"totalPrice":null,"meterSquarePrice":null,"link":"https://www.nehnutelnosti.sk/detail/JuZvzCrfiaE/rezervovane-2-izbovy-byt-s-loggiou-v-meste-ziar-nad-hronom-dukelskych-hrdinov","imagesUrls":["https://img.nehnutelnosti.sk/foto/NjAweDMzOC9maWx0ZXJzOnF1YWxpdHkoMTAwKS9uZWg=/vBGv-Q_b9_fss?st=9DXWq1zghHfthKbLveg4KwpqVIKPK7MlWF0z09z1MKI&ts=1722357799&e=0"]},{"title":"REZERVOVANÝ:  Super cena 1 - izbový byt v mestskej časti Karlova Ves  na ulici Jurigovo námestie","address":"Jurigovo námestie, Bratislava IV - Karlova Ves, okres Bratislava","rooms":1,"meters":34,"totalPrice":126800,"meterSquarePrice":3,"link":"https://www.nehnutelnosti.sk/detail/JuLfbL_kHQ_/rezervovany-super-cena-1-izbovy-byt-v-mestskej-casti-karlova-ves-na-ulici-jurigovo-namestie","imagesUrls":["https://img.nehnutelnosti.sk/foto/NjAweDMzOC9maWx0ZXJzOnF1YWxpdHkoMTAwKS9uZWg=/6FVuyXabm_fss?st=FnSq9Qo1zYiWjL-_TVneHgCfQTCarC_de9l5NwKVB_k&ts=1722258656&e=0"]},{"title":"NA PREDAJ, 3-izbový byt, Veľké Rovné","address":"Veľké Rovné, okres Bytča","rooms":3,"meters":69,"totalPrice":null,"meterSquarePrice":null,"link":"https://www.nehnutelnosti.sk/detail/JunMYWcIvl7/na-predaj-3-izbovy-byt-velke-rovne","imagesUrls":["https://img.nehnutelnosti.sk/foto/NjAweDMzOC9maWx0ZXJzOnF1YWxpdHkoMTAwKS9uZWg=/GUCoYAKBZ9_fss?st=fYB6bnkZ4Woy2lLfYpFJzWSERPmX8Jis4Y2zHS81deY&ts=1726053554&e=0"]},{"title":"REZERVOVANÉ - CITY RESIDENCE - 3-izbový byt v centre mesta","address":"Štefánikova, Trnava, okres Trnava","rooms":3,"meters":91,"totalPrice":295000,"meterSquarePrice":7,"link":"https://www.nehnutelnosti.sk/detail/JuHqZFPw_vX/rezervovane-city-residence-3-izbovy-byt-v-centre-mesta","imagesUrls":["https://img.nehnutelnosti.sk/foto/NjAweDMzOC9maWx0ZXJzOnF1YWxpdHkoMTAwKS9uZWg=/WvaDqS3x8_fss?st=_GkMtAaVT5voo2kVimSMoXVXBLSdu7m0VuJz3wKMeWQ&ts=1722257724&e=0"]},{"title":"Na predaj zachovalý 2- izb. byt v Hnúšti","address":"1. mája, Hnúšťa, okres Rimavská Sobota","rooms":2,"meters":53,"totalPrice":34900,"meterSquarePrice":9,"link":"https://www.nehnutelnosti.sk/detail/JuuKewIlXRq/na-predaj-zachovaly-2-izb-byt-v-hnusti","imagesUrls":["https://img.nehnutelnosti.sk/foto/NjAweDMzOC9maWx0ZXJzOnF1YWxpdHkoMTAwKS9uZWg=/5DoAhLvxg_fss?st=0DI6m-9Qua-WWW7wQdMkQa_-STLiKyJVVsw88Lw2KF8&ts=1724345998&e=0"]},{"title":"Veľký 2 izbový byt s balkónom, Martin - Jahodníky.","address":"Jána Šimka, Martin, okres Martin","rooms":2,"meters":65,"totalPrice":null,"meterSquarePrice":null,"link":"https://www.nehnutelnosti.sk/detail/Ju46X8onZHM/velky-2-izbovy-byt-s-balkonom-martin-jahodniky","imagesUrls":["https://img.unitedclassifieds.sk/foto/NjAweDMzOC9maWx0ZXJzOnF1YWxpdHkoMTAwKS9qdWw=/dbysxRy-y_fss?st=f-IOPJ3WEMyBjdu8c30Ulr5jGX0-sktb5sBKDMjIAR4&ts=1722253328&e=0"]},{"title":"/FOIT/ - PREDAJ REZIDENCIA BAKER STREET","address":"Trnava, okres Trnava","rooms":1,"meters":28,"totalPrice":115000,"meterSquarePrice":0,"link":"https://www.nehnutelnosti.sk/detail/JuCQosYHG0t/foit-predaj-rezidencia-baker-street","imagesUrls":["https://t1.aimg.sk/inzercie/ne_orig_106874806_byty-1-izbovy-byt-banska-bystrica-foit-predaj-rezidencia-baker-street.jpg?t=LzYwMHgzMzgvZmlsdGVyczpxdWFsaXR5KDgwKQ%3D%3D&h=nyKwgmj2LuyRA1duzu_avw&e=2145916800"]},{"title":"Predaj 2 izbový moderný slnečný byt s parkovacím státím, Bratislava I., Staré Mesto,  ul. Nám. slobo","address":"Zámocká, Bratislava I - Staré Mesto, okres Bratislava","rooms":2,"meters":60,"totalPrice":249900,"meterSquarePrice":8,"link":"https://www.nehnutelnosti.sk/detail/Ju2iams8Gwp/predaj-2-izbovy-moderny-slnecny-byt-s-parkovacim-statim-bratislava-i-stare-mesto-ul-nam-slobo","imagesUrls":["https://img.nehnutelnosti.sk/foto/NjAweDMzOC9maWx0ZXJzOnF1YWxpdHkoMTAwKS9uZWg=/K4OcjiH2mk_fss?st=bIek5McLHOhLaIfAbyQIhIQOSjwQnbLif0sa2haCHUc&ts=1722247735&e=0"]},{"title":"EDEN PARK – 2 izbový byt s LOGGIOU a PARKINGOM","address":"Prešovská, Bratislava II - Ružinov, okres Bratislava","rooms":2,"meters":57,"totalPrice":276000,"meterSquarePrice":1,"link":"https://www.nehnutelnosti.sk/detail/Ju8hD_nO7Yh/eden-park-2-izbovy-byt-s-loggiou-a-parkingom","imagesUrls":["https://img.nehnutelnosti.sk/foto/NjAweDMzOC9maWx0ZXJzOnF1YWxpdHkoMTAwKS9uZWg=/KaATXOU8z_fss?st=ZeGYVyNtb_6xUL-ORU4V67SJuz5Jh6rHHstqlPnau5c&ts=1719846336&e=0"]},{"title":"OCCAM |  3i byt v rezidencii Winehills, Matušková, Nové Mesto, 83,76 m2","address":"Matúškova, Bratislava III - Nové Mesto, okres Bratislava","rooms":3,"meters":83,"totalPrice":364900,"meterSquarePrice":9,"link":"https://www.nehnutelnosti.sk/detail/JuvV4b7TqsK/occam-3i-byt-v-rezidencii-winehills-matuskova-nove-mesto-83-76-m2","imagesUrls":["https://img.nehnutelnosti.sk/foto/NjAweDMzOC9maWx0ZXJzOnF1YWxpdHkoMTAwKS9uZWg=/T-XYTvMMu_fss?st=v_aMOT_H6jICcanaST5zyShzzeRNrfNOp155hNk53-U&ts=1723623063&e=0"]},{"title":"OCCAM | Nadštandardný 1i byt v rezidencii Winehills, Matušková, Nové Mesto, 38,23 m2","address":"Matúškova, Bratislava III - Nové Mesto, okres Bratislava","rooms":1,"meters":38,"totalPrice":179900,"meterSquarePrice":3,"link":"https://www.nehnutelnosti.sk/detail/JuQdQ3NYrK8/occam-nadstandardny-1i-byt-v-rezidencii-winehills-matuskova-nove-mesto-38-23-m2","imagesUrls":["https://img.nehnutelnosti.sk/foto/NjAweDMzOC9maWx0ZXJzOnF1YWxpdHkoMTAwKS9uZWg=/kUoty3IQ8_fss?st=xSeiAMd4FLhyevn9vndEwSaG4giLd8I41mR3TWillQ8&ts=1723623059&e=0"]},{"title":"OCCAM |  4i byt v rezidencii Winehills, Matušková, Nové Mesto, 89,46 m2","address":"Matúškova, Bratislava III - Nové Mesto, okres Bratislava","rooms":4,"meters":89,"totalPrice":419900,"meterSquarePrice":2,"link":"https://www.nehnutelnosti.sk/detail/JuDmO7yx8xZ/occam-4i-byt-v-rezidencii-winehills-matuskova-nove-mesto-89-46-m2","imagesUrls":["https://img.nehnutelnosti.sk/foto/NjAweDMzOC9maWx0ZXJzOnF1YWxpdHkoMTAwKS9uZWg=/oNf9Q9LoS_fss?st=38qBpzx4mrzqO0_sluNEuW3ChQQ-GzBNbAH3I5oKZa4&ts=1723623065&e=0"]},{"title":"OCCAM |  Velkorysý 5i byt v rezidencii Winehills, Matušková, Nové Mesto, 149,13 m2","address":"Matúškova, Bratislava III - Nové Mesto, okres Bratislava","rooms":5,"meters":149,"totalPrice":639800,"meterSquarePrice":2,"link":"https://www.nehnutelnosti.sk/detail/JurnWOVabKW/occam-velkorysy-5i-byt-v-rezidencii-winehills-matuskova-nove-mesto-149-13-m2","imagesUrls":["https://img.nehnutelnosti.sk/foto/NjAweDMzOC9maWx0ZXJzOnF1YWxpdHkoMTAwKS9uZWg=/phR4AnhrRP_fss?st=k7YGXXEJ4g5kXHOZCuwHH069vO3jHN2OjhuIkv8RiPY&ts=1723628618&e=0"]},{"title":"TESTOVACI INZERAT PORTALU - NEKONTAKTOVAT","address":"Michalovce, okres Michalovce","rooms":3,"meters":99,"totalPrice":1,"meterSquarePrice":1,"link":"https://www.nehnutelnosti.sk/detail/Ju3kVw3Czia/testovaci-inzerat-portalu-nekontaktovat","imagesUrls":["https://img.nehnutelnosti.sk/foto/NjAweDMzOC9maWx0ZXJzOnF1YWxpdHkoMTAwKS9uZWg=/kIDm10LvS_fss?st=Looyh9rfSKTDdOA8_SyxLbx400CYWbMYZDw3uLuyk08&ts=1724755510&e=0"]},{"title":"Exkluzívne iba v APEX reality 4i. s balkónom na ul. M. Bela po rekonštrukcii, 78 m2","address":"M. Bela, Hlohovec, okres Hlohovec","rooms":4,"meters":78,"totalPrice":146000,"meterSquarePrice":9,"link":"https://www.nehnutelnosti.sk/detail/Ju2bfj04Ghk/exkluzivne-iba-v-apex-reality-4i-s-balkonom-na-ul-m-bela-po-rekonstrukcii-78-m2","imagesUrls":["https://img.nehnutelnosti.sk/foto/NjAweDMzOC9maWx0ZXJzOnF1YWxpdHkoMTAwKS9uZWg=/DOWtab9wU_fss?st=EOOZafEBmGFmCehgWv40zSeIhSRwWaT2VAWGkkri2jg&ts=1714461529&e=0"]},{"title":"TESTOVACI INZERAT PORTALU - NEKONTAKTOVAT","address":"Fatranská, Ružomberok, okres Ružomberok","rooms":4,"meters":99,"totalPrice":1,"meterSquarePrice":1,"link":"https://www.nehnutelnosti.sk/detail/JuU3MrRWaAu/testovaci-inzerat-portalu-nekontaktovat","imagesUrls":["https://img.nehnutelnosti.sk/foto/NjAweDMzOC9maWx0ZXJzOnF1YWxpdHkoMTAwKS9uZWg=/SVY_0AtXz_fss?st=55n1_ASnjPMgNE8hIv9l0Q01WIpX3mjdpaXTgEZlXcA&ts=1724756010&e=0"]},{"title":"TESTOVACI INZERAT PORTALU - NEKONTAKTOVAT","address":"Fatranská, Ružomberok, okres Ružomberok","rooms":null,"meters":99,"totalPrice":1,"meterSquarePrice":1,"link":"https://www.nehnutelnosti.sk/detail/JucSuttEJEH/testovaci-inzerat-portalu-nekontaktovat","imagesUrls":["https://img.nehnutelnosti.sk/foto/NjAweDMzOC9maWx0ZXJzOnF1YWxpdHkoMTAwKS9uZWg=/lFYKovBEU_fss?st=coBXi5HyUilCIC7a9IoFcD0f5DOJn7q7SZe04lvSIHE&ts=1724756009&e=0"]},{"title":"4-Izbový byt kompletnej rekonštrukcii na predaj","address":"Estónska, Bratislava II - Vrakuňa, okres Bratislava","rooms":4,"meters":70,"totalPrice":195000,"meterSquarePrice":1,"link":"https://www.nehnutelnosti.sk/detail/Ju3Nq2WSeyI/4-izbovy-byt-kompletnej-rekonstrukcii-na-predaj","imagesUrls":["https://img.unitedclassifieds.sk/foto/NjAweDMzOC9maWx0ZXJzOnF1YWxpdHkoMTAwKS9qdWw=/NFcoV-XxQ_fss?st=92uuO7Qg1y-d870KsOpA8NOaBda_wiJ1FrFncuYcljo&ts=1722191198&e=0"]},{"title":"(97 m2) MODERNÝ BYT S BENEFITMI","address":"Medza 10, Spišská Nová Ves, okres Spišská Nová Ves","rooms":3,"meters":96,"totalPrice":225000,"meterSquarePrice":2,"link":"https://www.nehnutelnosti.sk/detail/JuqrQ2iQrWV/97-m2-moderny-byt-s-benefitmi","imagesUrls":["https://img.unitedclassifieds.sk/foto/NjAweDMzOC9maWx0ZXJzOnF1YWxpdHkoMTAwKS9yc2Y=/xGXm2TY9l_fss?st=ISH94ge5C73Jk3v_5jFXVZejwUkZmjR7TMmR7jz_les&ts=1722235152&e=0"]},{"title":"Praktický 1,5 izbový byt s krásnym výhľadom v rezidenčnej štvrti Záhradné sady Prešov","address":"Hrušková, Prešov, okres Prešov","rooms":1,"meters":37,"totalPrice":99980,"meterSquarePrice":5,"link":"https://www.nehnutelnosti.sk/detail/JuK3AXTMF5l/prakticky-1-5-izbovy-byt-s-krasnym-vyhladom-v-rezidencnej-stvrti-zahradne-sady-presov","imagesUrls":["https://img.nehnutelnosti.sk/foto/NjAweDMzOC9maWx0ZXJzOnF1YWxpdHkoMTAwKS9uZWg=/yLmkecl_2K_fss?st=1vsICmWZs8mPXLLCaQWsJrUyCRe_T5FNXc8q6_0KfCc&ts=1726219938&e=0"]},{"title":"Krásny 4 izbový byt s výnimočným výhľadom na mesto a prírodu.","address":"Hrušková, Prešov, okres Prešov","rooms":4,"meters":77,"totalPrice":216980,"meterSquarePrice":1,"link":"https://www.nehnutelnosti.sk/detail/JuOhQKRnpDg/krasny-4-izbovy-byt-s-vynimocnym-vyhladom-na-mesto-a-prirodu","imagesUrls":["https://img.nehnutelnosti.sk/foto/NjAweDMzOC9maWx0ZXJzOnF1YWxpdHkoMTAwKS9uZWg=/6U1BBPlW9_fss?st=iKHlpgFm3LD_Fvf_oGub9Ek-5nXHTtExIKGnQAQz3sA&ts=1726219941&e=0"]},{"title":"Byt Hrnčiarska Ves","address":"Pondelok , Hrnčiarska Ves, okres Poltár","rooms":3,"meters":59,"totalPrice":11700,"meterSquarePrice":7,"link":"https://www.nehnutelnosti.sk/detail/Ju-38zJeuHv/byt-hrnciarska-ves","imagesUrls":["https://img.nehnutelnosti.sk/foto/NjAweDMzOC9maWx0ZXJzOnF1YWxpdHkoMTAwKS9uZWg=/N6POoRCDY_fss?st=-8anRAYgF5nSrI-xi7HvDsTi3lkrc2Ww0JeiPqiws6g&ts=1724384194&e=0"]},{"title":"BRUSNO 1i byt -15min od BB pekná lokalita 2 balkóny","address":"Brusno, Brusno, okres Banská Bystrica","rooms":1,"meters":30,"totalPrice":63900,"meterSquarePrice":0,"link":"https://www.nehnutelnosti.sk/detail/JunqVJeMp1j/brusno-1i-byt-15min-od-bb-pekna-lokalita-2-balkony","imagesUrls":["https://img.nehnutelnosti.sk/foto/NjAweDMzOC9maWx0ZXJzOnF1YWxpdHkoMTAwKS9uZWg=/gEv78mVtt_fss?st=LB3ICxdiu-C6Wn1_hwZRBlcDJsRrdQRdGfcpJM_ZNIs&ts=1726771738&e=0"]},{"title":"Predám zariadený 4 izbový byt s loggiou  na sídlisku Nová Doba v GALANTE","address":"Nová Doba, Galanta, okres Galanta","rooms":4,"meters":72,"totalPrice":148000,"meterSquarePrice":7,"link":"https://www.nehnutelnosti.sk/detail/JuyhdtGvnWs/predam-zariadeny-4-izbovy-byt-s-loggiou-na-sidlisku-nova-doba-v-galante","imagesUrls":["https://img.nehnutelnosti.sk/foto/NjAweDMzOC9maWx0ZXJzOnF1YWxpdHkoMTAwKS9uZWg=/4G3jaAriE_fss?st=D56FHSEj2sD4yvjvDQLeIHU5A9V1sTFVmoe0TaBH0tM&ts=1726677656&e=0"]},{"title":"‼️✳️ Na predaj 2 izbový apartmán, Veľká Lomnica - Tatragolf rezort, LEN V R2 SK. ‼️✳️","address":"Termálna, Veľká Lomnica, okres Kežmarok","rooms":null,"meters":42,"totalPrice":119999,"meterSquarePrice":0,"link":"https://www.nehnutelnosti.sk/detail/JuxNY7cXXNg/na-predaj-2-izbovy-apartman-velka-lomnica-tatragolf-rezort-len-v-r2-sk","imagesUrls":["https://img.unitedclassifieds.sk/foto/NjAweDMzOC9maWx0ZXJzOnF1YWxpdHkoMTAwKS9yc2Y=/CQRG6Xu7hA_fss?st=rPhVDWKW179f8bCwvMevFrpz7A66NQQa_V9c8rtNyrw&ts=1661417244&e=0"]}]