[{"title":"HALO reality - Predaj, trojizbový byt Nitra, Diely","address":"Nitra, okres Nitra","rooms":3,"meters":78,"totalPrice":133480,"meterSquarePrice":8,"link":"https://www.nehnutelnosti.sk/detail/JuIZtZxK0rn/halo-reality-predaj-trojizbovy-byt-nitra-diely","imagesUrls":["https://img.nehnutelnosti.sk/foto/NjAweDMzOC9maWx0ZXJzOnF1YWxpdHkoMTAwKS9uZWg=/-Df855j61_fss?st=Llhh0g1GfMmvOw-p5sfguk37qDM9hSahmng0VS_415c&ts=1726843611&e=0"]},{"title":"(034-113-JAGAa) Predaj 3 izbový byt Turzovka, plocha 78 m2.","address":"Stred, Turzovka, okres Čadca","rooms":3,"meters":78,"totalPrice":148835,"meterSquarePrice":4,"link":"https://www.nehnutelnosti.sk/detail/JuY2gQwvg2A/034-113-jagaa-predaj-3-izbovy-byt-turzovka-plocha-78-m2","imagesUrls":["https://img.nehnutelnosti.sk/foto/NjAweDMzOC9maWx0ZXJzOnF1YWxpdHkoMTAwKS9uZWg=/p35-iJKHY_fss?st=rx-g1VCZ0v77Em-MMBgI1BPBx0OX24DlTg_4NmUoCMA&ts=1701964778&e=0"]},{"title":"Perfektná Ponuka za super cenu. Mezonetový byt novostavba 181-112-MACHO","address":"Banka, okres Piešťany","rooms":3,"meters":76,"totalPrice":145000,"meterSquarePrice":9,"link":"https://www.nehnutelnosti.sk/detail/JufvSTuDF2r/perfektna-ponuka-za-super-cenu-mezonetovy-byt-novostavba-181-112-macho","imagesUrls":["https://img.nehnutelnosti.sk/foto/NjAweDMzOC9maWx0ZXJzOnF1YWxpdHkoMTAwKS9uZWg=/nsBKEgckWq_fss?st=0itgcr9z4WLCehRKmPxHbqBm9F8sZlE83a8AUwCDH3A&ts=1723540669&e=0"]},{"title":"HALO reality - Predaj, trojizbový byt Nové Zámky, sídlisko JUH","address":"Nové Zámky, okres Nové Zámky","rooms":3,"meters":78,"totalPrice":109990,"meterSquarePrice":3,"link":"https://www.nehnutelnosti.sk/detail/JuwvDNthzAM/halo-reality-predaj-trojizbovy-byt-nove-zamky-sidlisko-juh","imagesUrls":["https://img.nehnutelnosti.sk/foto/NjAweDMzOC9maWx0ZXJzOnF1YWxpdHkoMTAwKS9uZWg=/3Yy5K6WrT_fss?st=owHgByk7Mx7J8tnSI1ZhSYSOClCCAXJiSG_O1tt7x0g&ts=1726843605&e=0"]},{"title":"HALO reality - Predaj, trojizbový byt Nové Zámky, kompletná rekonštrukcia","address":"Nové Zámky, okres Nové Zámky","rooms":3,"meters":67,"totalPrice":121990,"meterSquarePrice":5,"link":"https://www.nehnutelnosti.sk/detail/JuPgOh_h7Uq/halo-reality-predaj-trojizbovy-byt-nove-zamky-kompletna-rekonstrukcia","imagesUrls":["https://img.nehnutelnosti.sk/foto/NjAweDMzOC9maWx0ZXJzOnF1YWxpdHkoMTAwKS9uZWg=/kbFdeR6j7_fss?st=ZZyvBtoA6weytGA8ONrXx-s8IbUTdpwCOj4e5pT_h5Q&ts=1726843594&e=0"]},{"title":"(033-113-JAGAa) Predaj 3 izbový byt,Čadca, plocha 166,45m2. /byt č.23/","address":"Čadca, okres Čadca","rooms":3,"meters":166,"totalPrice":350000,"meterSquarePrice":3,"link":"https://www.nehnutelnosti.sk/detail/Juz5huHO7Fe/033-113-jagaa-predaj-3-izbovy-byt-cadca-plocha-166-45m2-byt-c-23","imagesUrls":["https://img.nehnutelnosti.sk/foto/NjAweDMzOC9maWx0ZXJzOnF1YWxpdHkoMTAwKS9uZWg=/c_rf2m0a8a_fss?st=SJAI232Q6nZai5rSpjuQQSgVfzLhrEyZUJqk7-fjHts&ts=1720007209&e=0"]},{"title":"(029-113-JAGAa) Predaj 3 izbový apartmán Čadca, plocha 75,98m2. /byt č.1/","address":"Čadca, okres Čadca","rooms":3,"meters":75,"totalPrice":172156,"meterSquarePrice":1,"link":"https://www.nehnutelnosti.sk/detail/Ju3yfH4Wdq3/029-113-jagaa-predaj-3-izbovy-apartman-cadca-plocha-75-98m2-byt-c-1","imagesUrls":["https://img.nehnutelnosti.sk/foto/NjAweDMzOC9maWx0ZXJzOnF1YWxpdHkoMTAwKS9uZWg=/5Nre3alPc_fss?st=nZtzobq3JkyvmBu3aqQKRNnoWclob9FFzyK0Lg7Pacw&ts=1726639677&e=0"]},{"title":"Predaj, 2-izbový byt, 49,95m2, Čadca-Kyčerka (223-112-MACHe)","address":"ul. SNP 130/60, Čadca, okres Čadca","rooms":2,"meters":49,"totalPrice":113000,"meterSquarePrice":6,"link":"https://www.nehnutelnosti.sk/detail/JuYbDUiKwrD/predaj-2-izbovy-byt-49-95m2-cadca-kycerka-223-112-mache","imagesUrls":["https://img.nehnutelnosti.sk/foto/NjAweDMzOC9maWx0ZXJzOnF1YWxpdHkoMTAwKS9uZWg=/MwPpdq2ur_fss?st=Xtvz4w79Y9P27bsb3xbUGFn8pn6U8-nalUU561TbXlI&ts=1709443155&e=0"]},{"title":"Predaj - 3 izbový byt Piešťany - ID 151-113-LUGUa","address":"Teplická, Piešťany, okres Piešťany","rooms":3,"meters":83,"totalPrice":190000,"meterSquarePrice":6,"link":"https://www.nehnutelnosti.sk/detail/Juc8tzbkWGc/predaj-3-izbovy-byt-piestany-id-151-113-lugua","imagesUrls":["https://img.nehnutelnosti.sk/foto/NjAweDMzOC9maWx0ZXJzOnF1YWxpdHkoMTAwKS9uZWg=/a-R-VP8_cp_fss?st=nbvUr0Ux5_QeXYsST8sEpqb6vhXMtafA1py-X6cpIWw&ts=1713539924&e=0"]},{"title":"(030-113-JAGAa) Predaj 3 izbový apartmán, Čadca, plocha 85,06m2. /byt č.3/","address":"Matičné Námestie 2A, Čadca, okres Čadca","rooms":3,"meters":85,"totalPrice":192732,"meterSquarePrice":4,"link":"https://www.nehnutelnosti.sk/detail/JuIFku0hZWg/030-113-jagaa-predaj-3-izbovy-apartman-cadca-plocha-85-06m2-byt-c-3","imagesUrls":["https://img.nehnutelnosti.sk/foto/NjAweDMzOC9maWx0ZXJzOnF1YWxpdHkoMTAwKS9uZWg=/NpESnmubd_fss?st=e6G-USNU4SHSE37T9zFsvh4GzyHAIdLRBqlMchrw5vo&ts=1718038121&e=0"]},{"title":"(032-113-JAGAa) Predaj 3 izbového bytu v centrálnej časti Čadce, plocha 167,58m2. /byt č.22/","address":"Čadca, okres Čadca","rooms":3,"meters":167,"totalPrice":339900,"meterSquarePrice":8,"link":"https://www.nehnutelnosti.sk/detail/JuqYlL3Ng4n/032-113-jagaa-predaj-3-izboveho-bytu-v-centralnej-casti-cadce-plocha-167-58m2-byt-c-22","imagesUrls":["https://img.nehnutelnosti.sk/foto/NjAweDMzOC9maWx0ZXJzOnF1YWxpdHkoMTAwKS9uZWg=/we5CePV4s_fss?st=oR0aFfVL1b0f5ruCH3G4ueE81KDSTaMA3P9o4I_p4ig&ts=1721420229&e=0"]},{"title":"(034-113-JAGAa) Predaj 3 izbového apartmánu v centrálnej časti Čadce, plocha 202,40 m2. /byt č.24/","address":"Maticné námestie, Čadca, okres Čadca","rooms":3,"meters":202,"totalPrice":329600,"meterSquarePrice":6,"link":"https://www.nehnutelnosti.sk/detail/Ju_RM_tE8jA/034-113-jagaa-predaj-3-izboveho-apartmanu-v-centralnej-casti-cadce-plocha-202-40-m2-byt-c-24","imagesUrls":["https://img.nehnutelnosti.sk/foto/NjAweDMzOC9maWx0ZXJzOnF1YWxpdHkoMTAwKS9uZWg=/1ZdRYooJL0_fss?st=b8CFIfybQtbMmlP3-uB6kj1B2CdqfVghx2khfl-_meY&ts=1721420493&e=0"]},{"title":"HALO reality - Predaj, trojizbový byt Podhájska, so zastrešeným altánkom s posedením - EXKLUZÍVNE HA","address":"Podhájska, okres Nové Zámky","rooms":3,"meters":53,"totalPrice":85990,"meterSquarePrice":5,"link":"https://www.nehnutelnosti.sk/detail/JuiwmsdvjkX/halo-reality-predaj-trojizbovy-byt-podhajska-so-zastresenym-altankom-s-posedenim-exkluzivne-ha","imagesUrls":["https://img.nehnutelnosti.sk/foto/NjAweDMzOC9maWx0ZXJzOnF1YWxpdHkoMTAwKS9uZWg=/Ahhbvp2BE_fss?st=uA5xLCG6pJ-_wX4AYYq7bPejk0ZLyJf45kLK94pJhxc&ts=1726843588&e=0"]},{"title":"HALO reality - Predaj, trojizbový byt Nové Zámky, kompletná rekonštrukcia","address":"Nové Zámky, okres Nové Zámky","rooms":3,"meters":66,"totalPrice":92990,"meterSquarePrice":4,"link":"https://www.nehnutelnosti.sk/detail/JurVSUvz9Bh/halo-reality-predaj-trojizbovy-byt-nove-zamky-kompletna-rekonstrukcia","imagesUrls":["https://img.nehnutelnosti.sk/foto/NjAweDMzOC9maWx0ZXJzOnF1YWxpdHkoMTAwKS9uZWg=/DIykMTNkI__fss?st=epZYkCqfsvj7Wd4Qm7ZjToX7QICtbqPmgh3Dj8jGRtU&ts=1726843584&e=0"]},{"title":"HALO reality - Predaj, trojizbový byt Malacky, Centrum","address":"Malacky, okres Malacky","rooms":3,"meters":64,"totalPrice":154490,"meterSquarePrice":1,"link":"https://www.nehnutelnosti.sk/detail/JuLEK3NfaxS/halo-reality-predaj-trojizbovy-byt-malacky-centrum","imagesUrls":["https://img.nehnutelnosti.sk/foto/NjAweDMzOC9maWx0ZXJzOnF1YWxpdHkoMTAwKS9uZWg=/PvSGO9iFD_fss?st=XfQkiMb8NUrPurCsEXq_obwFLd3GHqw-zDgl06WhLi0&ts=1726843568&e=0"]},{"title":"Predané ---- 2-izb. byt v meste Stará Ľubovňa na Okružnej ul.","address":"Okružná, Stará Ľubovňa, okres Stará Ľubovňa","rooms":2,"meters":54,"totalPrice":108000,"meterSquarePrice":0,"link":"https://www.nehnutelnosti.sk/detail/Juup0uUaPP_/predane-2-izb-byt-v-meste-stara-lubovna-na-okruznej-ul","imagesUrls":["https://img.nehnutelnosti.sk/foto/NjAweDMzOC9maWx0ZXJzOnF1YWxpdHkoMTAwKS9uZWg=/-DViBs4ZdA_fss?st=OJ5SXhdzGt6HpzSEQsVaafiRP18NoMuCBv1o5no8DGA&ts=1720207771&e=0"]},{"title":"HALO reality - Predaj, trojizbový byt Lučenec, Rúbanisko III - EXKLUZÍVNE HALO REALITY","address":"Rúbanisko III, Lučenec, okres Lučenec","rooms":3,"meters":72,"totalPrice":69999,"meterSquarePrice":1,"link":"https://www.nehnutelnosti.sk/detail/Ju9-_7eJzOi/halo-reality-predaj-trojizbovy-byt-lucenec-rubanisko-iii-exkluzivne-halo-reality","imagesUrls":["https://img.nehnutelnosti.sk/foto/NjAweDMzOC9maWx0ZXJzOnF1YWxpdHkoMTAwKS9uZWg=/PjvjUw7vP_fss?st=UAIS-1pb3ugRVQzzYjd0Sr37SgMRAi2768-7sJz-Scw&ts=1726843565&e=0"]},{"title":"HALO reality - Predaj, dvojizbový byt Lučenec - EXKLUZÍVNE HALO REALITY","address":"Lučenec, okres Lučenec","rooms":2,"meters":54,"totalPrice":66999,"meterSquarePrice":2,"link":"https://www.nehnutelnosti.sk/detail/JuKp-JXxtxp/halo-reality-predaj-dvojizbovy-byt-lucenec-exkluzivne-halo-reality","imagesUrls":["https://img.nehnutelnosti.sk/foto/NjAweDMzOC9maWx0ZXJzOnF1YWxpdHkoMTAwKS9uZWg=/ajHnoCYws_fss?st=xV5i9Bn02kW93dT7pVCgTA-gnU_d-KIfPKcw6x3K5yc&ts=1726843563&e=0"]},{"title":"HALO reality - Predaj, dvojizbový byt Lučenec, Rúbanisko II","address":"Lučenec, okres Lučenec","rooms":2,"meters":63,"totalPrice":62999,"meterSquarePrice":8,"link":"https://www.nehnutelnosti.sk/detail/JujtBxPtYRn/halo-reality-predaj-dvojizbovy-byt-lucenec-rubanisko-ii","imagesUrls":["https://img.nehnutelnosti.sk/foto/NjAweDMzOC9maWx0ZXJzOnF1YWxpdHkoMTAwKS9uZWg=/YUzqL34d68_fss?st=A_bw1V_fjdB-858e2UP_5yZT87X_DUM2-rO3qSdKmac&ts=1726843561&e=0"]},{"title":"(025-113-JAGAa) Predaj 3 izbový byt, Rajecká Lesná, okr.Žilina./53m2//1.7/","address":"Rajecká Lesná, Rajecká Lesná, okres Žilina","rooms":3,"meters":53,"totalPrice":null,"meterSquarePrice":null,"link":"https://www.nehnutelnosti.sk/detail/JubP_ELNS1U/025-113-jagaa-predaj-3-izbovy-byt-rajecka-lesna-okr-zilina-53m2-1-7","imagesUrls":["https://img.nehnutelnosti.sk/foto/NjAweDMzOC9maWx0ZXJzOnF1YWxpdHkoMTAwKS9uZWg=/1r6wHED72_fss?st=N5lJhl2DkumUAjvD4olx-LZNlumsVnPOLV5mGijAnRk&ts=1706535178&e=0"]},{"title":"(027-114-JAGAa) Predaj 4 izbový byt, Rajecká Lesná, okr.Žilina./73,3m2/ /2.6/","address":"Rajecká Lesná, Rajecká Lesná, okres Žilina","rooms":4,"meters":73,"totalPrice":null,"meterSquarePrice":null,"link":"https://www.nehnutelnosti.sk/detail/JuogNJ4ret8/027-114-jagaa-predaj-4-izbovy-byt-rajecka-lesna-okr-zilina-73-3m2-2-6","imagesUrls":["https://img.nehnutelnosti.sk/foto/NjAweDMzOC9maWx0ZXJzOnF1YWxpdHkoMTAwKS9uZWg=/FS-Ce53tk_fss?st=W7Qs-oRO1fqpkBB0fka6kJJiSxV7W56GavLcPZmB9OY&ts=1700069437&e=0"]},{"title":"(028-113-JAGAa) Predaj 3 izbový byt, Rajecká Lesná, okr.Žilina./52,9m2/ /2.7/","address":"Rajecká Lesná, Rajecká Lesná, okres Žilina","rooms":3,"meters":52,"totalPrice":null,"meterSquarePrice":null,"link":"https://www.nehnutelnosti.sk/detail/JuhY_wjzo9r/028-113-jagaa-predaj-3-izbovy-byt-rajecka-lesna-okr-zilina-52-9m2-2-7","imagesUrls":["https://img.nehnutelnosti.sk/foto/NjAweDMzOC9maWx0ZXJzOnF1YWxpdHkoMTAwKS9uZWg=/9iU_A2m_xl_fss?st=RXLy7Cv3C65tZfowxjTLkkrQ-XWCbppWoFVn28YGC1M&ts=1706536067&e=0"]},{"title":"(020-112-JAGAa) Predaj 2 izbový byt, Rajecká Lesná, okr.Žilina./36,5m2//2.4/","address":"Rajecká Lesná, Rajecké Teplice, okres Žilina","rooms":2,"meters":36,"totalPrice":null,"meterSquarePrice":null,"link":"https://www.nehnutelnosti.sk/detail/JuhpV2O_owu/020-112-jagaa-predaj-2-izbovy-byt-rajecka-lesna-okr-zilina-36-5m2-2-4","imagesUrls":["https://img.nehnutelnosti.sk/foto/NjAweDMzOC9maWx0ZXJzOnF1YWxpdHkoMTAwKS9uZWg=/jA5UWonXF_fss?st=CcVm19SQAtLmGKpoZWJ_BpBBBdPx04-PStlf2d-IRYg&ts=1718035724&e=0"]},{"title":"(024-112-JAGAa) Predaj 2 izbový byt, Rajecká Lesná, okr.Žilina./48,5m2/ /0.3/","address":"Rajecká Lesná, Rajecká Lesná, okres Žilina","rooms":2,"meters":48,"totalPrice":null,"meterSquarePrice":null,"link":"https://www.nehnutelnosti.sk/detail/Jug_bxuC4um/024-112-jagaa-predaj-2-izbovy-byt-rajecka-lesna-okr-zilina-48-5m2-0-3","imagesUrls":["https://img.nehnutelnosti.sk/foto/NjAweDMzOC9maWx0ZXJzOnF1YWxpdHkoMTAwKS9uZWg=/TDFoaaqj0_fss?st=qPAemZGhj6Ey_MdObJiUq6hlH5MPegf9_LpgPaIuay8&ts=1706535176&e=0"]},{"title":"(023-111-JAGAa) Predaj 1 izbový byt, Rajecká Lesná, okr.Žilina./27,3m2/  /0.4/","address":"Rajecká Lesná, Rajecká Lesná, okres Žilina","rooms":1,"meters":27,"totalPrice":null,"meterSquarePrice":null,"link":"https://www.nehnutelnosti.sk/detail/JuxTPdgweEe/023-111-jagaa-predaj-1-izbovy-byt-rajecka-lesna-okr-zilina-27-3m2-0-4","imagesUrls":["https://img.nehnutelnosti.sk/foto/NjAweDMzOC9maWx0ZXJzOnF1YWxpdHkoMTAwKS9uZWg=/3zuZHA9nF_fss?st=L7Y6AUkxy3BrU-rFyFFnzHVQSMp2vBeG_sh2CmXtxOM&ts=1706536905&e=0"]},{"title":"(022-113-JAGAa) Predaj 2 izbový byt,Rajeckáj Lesná, okr.Žilina./77,8m2/ /0.2/","address":"Rajecká Lesná, Rajecká Lesná, okres Žilina","rooms":3,"meters":77,"totalPrice":null,"meterSquarePrice":null,"link":"https://www.nehnutelnosti.sk/detail/JuCBS2nLt_P/022-113-jagaa-predaj-2-izbovy-byt-rajeckaj-lesna-okr-zilina-77-8m2-0-2","imagesUrls":["https://img.nehnutelnosti.sk/foto/NjAweDMzOC9maWx0ZXJzOnF1YWxpdHkoMTAwKS9uZWg=/zr-s_ooHI_fss?st=K2-O38nXal8t0-8kCjBud1etfq0VtjJ29UQiy-zNlgA&ts=1709197806&e=0"]},{"title":"(019-112-JAGAa) Predaj 2 Izbový byt  Rajecká Lesná, okr.Žilina./37,00m2//2.3/","address":"Rajecká Lesná, Rajecká Lesná, okres Žilina","rooms":2,"meters":37,"totalPrice":null,"meterSquarePrice":null,"link":"https://www.nehnutelnosti.sk/detail/JuGlyEgPPiH/019-112-jagaa-predaj-2-izbovy-byt-rajecka-lesna-okr-zilina-37-00m2-2-3","imagesUrls":["https://img.nehnutelnosti.sk/foto/NjAweDMzOC9maWx0ZXJzOnF1YWxpdHkoMTAwKS9uZWg=/C4F5zZyZG_fss?st=OOC0j-PcSw0JOfhKsFlZbVnYYCCK3SSVJPhkYFAygnk&ts=1719228531&e=0"]},{"title":"(018-112-JAGAa) Predaj 2 izbový byt, Rajecká Lesná, okr.Žilina./47,9m2//2.2/","address":"Rajecká Lesná, Rajecká Lesná, okres Žilina","rooms":2,"meters":47,"totalPrice":null,"meterSquarePrice":null,"link":"https://www.nehnutelnosti.sk/detail/JuF46IN1LIL/018-112-jagaa-predaj-2-izbovy-byt-rajecka-lesna-okr-zilina-47-9m2-2-2","imagesUrls":["https://img.nehnutelnosti.sk/foto/NjAweDMzOC9maWx0ZXJzOnF1YWxpdHkoMTAwKS9uZWg=/xEVNcTDMJ_fss?st=SVan_I3OuN8k-lY8tDV8zS0TCW8bvOJUEwN8I9jueVM&ts=1718038119&e=0"]},{"title":"(021-112-JAGAa) Predaj 2 izbový byt,Rajecká Lesná, okr.Žilina./45,7m2//0.1/","address":"Rajecká Lesná, Rajecká Lesná, okres Žilina","rooms":2,"meters":45,"totalPrice":null,"meterSquarePrice":null,"link":"https://www.nehnutelnosti.sk/detail/JuDdnw8ucXE/021-112-jagaa-predaj-2-izbovy-byt-rajecka-lesna-okr-zilina-45-7m2-0-1","imagesUrls":["https://img.nehnutelnosti.sk/foto/NjAweDMzOC9maWx0ZXJzOnF1YWxpdHkoMTAwKS9uZWg=/Wldee6YKw_fss?st=Eyx5p9hoTEXsJ-MnRUMbbQj9876MNwfwHPirVfwbVbI&ts=1718035729&e=0"]},{"title":"(026-111-JAGAa) Predaj 1 izbový byt, Rajecká Lesná, okr.Žilina./19,8m2//1.6/","address":"Rajecká Lesná, Rajecké Teplice, okres Žilina","rooms":1,"meters":19,"totalPrice":null,"meterSquarePrice":null,"link":"https://www.nehnutelnosti.sk/detail/JuRDiBQBkwm/026-111-jagaa-predaj-1-izbovy-byt-rajecka-lesna-okr-zilina-19-8m2-1-6","imagesUrls":["https://img.nehnutelnosti.sk/foto/NjAweDMzOC9maWx0ZXJzOnF1YWxpdHkoMTAwKS9uZWg=/HuL7AgqwG_fss?st=D8-dhRAN1qkYCos5di9X36yvqSJrAuKeq7TBjKRtw4o&ts=1718035737&e=0"]}]