[{"title":"2 izbový byt Žilina","address":"Žilina - Hliny, okres Žilina","rooms":2,"meters":55,"totalPrice":110000,"meterSquarePrice":0,"link":"https://www.nehnutelnosti.sk/detail/Ju6eWHp87eSF/2-izbovy-byt-zilina","imagesUrls":["https://img.nehnutelnosti.sk/foto/NjAweDMzOC9maWx0ZXJzOnF1YWxpdHkoMTAwKS9uZWg=/2jqHKXCUu_fss?st=8o7d6MvfePYd_hF9jEH0IXOFAw98Ib_dqJj7pMXo1I4&ts=1723635135&e=0"]},{"title":"1-izbový byt Vlčince III","address":"Polomská, Žilina - Vlčince, okres Žilina","rooms":1,"meters":39,"totalPrice":104900,"meterSquarePrice":4,"link":"https://www.nehnutelnosti.sk/detail/JuCgXcwuvhj/1-izbovy-byt-vlcince-iii","imagesUrls":["https://img.nehnutelnosti.sk/foto/NjAweDMzOC9maWx0ZXJzOnF1YWxpdHkoMTAwKS9uZWg=/eKQoXo0eK_fss?st=gDmvBxIPISr_TKte3eodmoVNHa8bsPCeSy3wJBilCLY&ts=1727018077&e=0"]},{"title":"VEĽKÝ 3 IZBOVÝ BYT s balkónom a lodžiou, Hliny 3","address":"Žilina, okres Žilina","rooms":3,"meters":76,"totalPrice":163000,"meterSquarePrice":4,"link":"https://www.nehnutelnosti.sk/detail/JufP86S8Yyl/velky-3-izbovy-byt-s-balkonom-a-lodziou-hliny-3","imagesUrls":["https://img.nehnutelnosti.sk/foto/NjAweDMzOC9maWx0ZXJzOnF1YWxpdHkoMTAwKS9uZWg=/dRXcJry9U_fss?st=8MhyAeWQE-U0NmQZ_Y5BmaAldRPgI1UEbUbwyDVxUHc&ts=1720529340&e=0"]},{"title":"Rodinné domy s bytovými jednotkami v Starej Ľubovni","address":"Lubomirska, Stará Ľubovňa, okres Stará Ľubovňa","rooms":4,"meters":100,"totalPrice":null,"meterSquarePrice":null,"link":"https://www.nehnutelnosti.sk/detail/JunD65pbkit/rodinne-domy-s-bytovymi-jednotkami-v-starej-lubovni","imagesUrls":["https://img.nehnutelnosti.sk/foto/NjAweDMzOC9maWx0ZXJzOnF1YWxpdHkoMTAwKS9uZWg=/OGHMnIenj_fss?st=0M0DK29qkoQcEK_mfeF5EjK1LvwTVDP9d4KrO8gd61o&ts=1710751894&e=0"]},{"title":"2 izbový byt    na Andovskej ulici !!!","address":"Andovská, Nové Zámky, okres Nové Zámky","rooms":2,"meters":69,"totalPrice":137990,"meterSquarePrice":1,"link":"https://www.nehnutelnosti.sk/detail/JukplQZoWXc/2-izbovy-byt-na-andovskej-ulici","imagesUrls":["https://img.unitedclassifieds.sk/foto/NjAweDMzOC9maWx0ZXJzOnF1YWxpdHkoMTAwKS9qdWw=/jqUGeQZEh_fss?st=iWJw5TQeoT0ONhOg5SQsj0IGtSV8pKtTH-JtO5uNpSw&ts=1726823189&e=0"]},{"title":"3D prehliadka, predaj 2i. byt s balkónom, novostavba, Slnečnice, Žltá","address":"Žltá, Bratislava V - Petržalka, okres Bratislava","rooms":2,"meters":49,"totalPrice":224990,"meterSquarePrice":5,"link":"https://www.nehnutelnosti.sk/detail/JuMzrhuGvXP/3d-prehliadka-predaj-2i-byt-s-balkonom-novostavba-slnecnice-zlta","imagesUrls":["https://img.nehnutelnosti.sk/foto/NjAweDMzOC9maWx0ZXJzOnF1YWxpdHkoMTAwKS9uZWg=/7UG4BUMWM_fss?st=52OZ3jhkMO4WlGy5JPBSzs3RMyWhBVdgvE2_GcnOcGQ&ts=1724859071&e=0"]},{"title":"3D prehliadka predaj 3 i byt/apartmán parking, Bajkalská, Nový Ružinov","address":"Bratislava II - Ružinov, okres Bratislava","rooms":3,"meters":70,"totalPrice":269990,"meterSquarePrice":0,"link":"https://www.nehnutelnosti.sk/detail/JuphFVwoNYD/3d-prehliadka-predaj-3-i-byt-apartman-parking-bajkalska-novy-ruzinov","imagesUrls":["https://img.nehnutelnosti.sk/foto/NjAweDMzOC9maWx0ZXJzOnF1YWxpdHkoMTAwKS9uZWg=/UtH6R33RG__fss?st=sz4DUo9GLRxGnrSLV09mb-2WB0nYWWIT73oCJTqJnI0&ts=1719226129&e=0"]},{"title":"Predaj zrekonštruovaného 1-izbového bytu, 37 m2, ul. Ľ.Zúbka, Bratislava-Dúbravka","address":"Ľuda Zúbka, Bratislava IV - Dúbravka, okres Bratislava","rooms":1,"meters":29,"totalPrice":130000,"meterSquarePrice":7,"link":"https://www.nehnutelnosti.sk/detail/JuasD6p0CUs/predaj-zrekonstruovaneho-1-izboveho-bytu-37-m2-ul-l-zubka-bratislava-dubravka","imagesUrls":["https://img.nehnutelnosti.sk/foto/NjAweDMzOC9maWx0ZXJzOnF1YWxpdHkoMTAwKS9uZWg=/vLWoirLbZ_fss?st=9pUpCLyZ88d3BfG66tO6MFBXOWYe3Dkt6T5ejAS-6bI&ts=1726823089&e=0"]},{"title":"Na predaj útulný 3-izbový byt v Banskej Bystrici na ulici 29. augusta","address":"29. augusta, Banská Bystrica, okres Banská Bystrica","rooms":3,"meters":68,"totalPrice":147000,"meterSquarePrice":7,"link":"https://www.nehnutelnosti.sk/detail/JuwnP9cLmtf/na-predaj-utulny-3-izbovy-byt-v-banskej-bystrici-na-ulici-29-augusta","imagesUrls":["https://img.nehnutelnosti.sk/foto/NjAweDMzOC9maWx0ZXJzOnF1YWxpdHkoMTAwKS9uZWg=/xAGEVSbwh-_fss?st=3iPiD4UzL7K2HbC7ayBc45ysd3zUuURiUqj8TZ_rVks&ts=1726823082&e=0"]},{"title":"Garsónka na ulici Škultétyho","address":"Škultétyho, Bratislava III - Nové Mesto, okres Bratislava","rooms":null,"meters":14,"totalPrice":90000,"meterSquarePrice":7,"link":"https://www.nehnutelnosti.sk/detail/JuM7d4A8Kv-/garsonka-na-ulici-skultetyho","imagesUrls":["https://img.nehnutelnosti.sk/foto/NjAweDMzOC9maWx0ZXJzOnF1YWxpdHkoMTAwKS9uZWg=/idN5RfhgX_fss?st=xDbPFNpxQFdNDlX-MoWCG2sbHsOy_CWE29FfbGeOFRk&ts=1726823049&e=0"]},{"title":"3 - izbový byt vo Vajnoroch so záhradou","address":"Uhliská, Bratislava III - Vajnory, okres Bratislava","rooms":3,"meters":75,"totalPrice":270000,"meterSquarePrice":0,"link":"https://www.nehnutelnosti.sk/detail/JuYEdtwolzo/3-izbovy-byt-vo-vajnoroch-so-zahradou","imagesUrls":["https://img.nehnutelnosti.sk/foto/NjAweDMzOC9maWx0ZXJzOnF1YWxpdHkoMTAwKS9uZWg=/dsRK-pPmD6_fss?st=C4JHTdc_pUYZrkt-ak4h9aNcA814Rq3992gn_x8-Tdc&ts=1726823048&e=0"]},{"title":"Exkluzívny 2 izbový byt s terasou","address":"Sväteho Krištofa, Dunajská Streda, okres Dunajská Streda","rooms":2,"meters":81,"totalPrice":198770,"meterSquarePrice":0,"link":"https://www.nehnutelnosti.sk/detail/Juv2UsmN0c2/exkluzivny-2-izbovy-byt-s-terasou","imagesUrls":["https://img.nehnutelnosti.sk/foto/NjAweDMzOC9maWx0ZXJzOnF1YWxpdHkoMTAwKS9uZWg=/0Oa0zwfNuB_fss?st=4QN2Fye5874u6zUhJ4f5sKzfhCEYBfEDq8BIpgUo8wY&ts=1726823033&e=0"]},{"title":"Exkluzívny 2 izbový byt s terasou","address":"Sväteho Krištofa, Dunajská Streda, okres Dunajská Streda","rooms":2,"meters":60,"totalPrice":199200,"meterSquarePrice":7,"link":"https://www.nehnutelnosti.sk/detail/JuIL9mnE4fV/exkluzivny-2-izbovy-byt-s-terasou","imagesUrls":["https://img.nehnutelnosti.sk/foto/NjAweDMzOC9maWx0ZXJzOnF1YWxpdHkoMTAwKS9uZWg=/R9pWvvOyx_fss?st=P9T71-tAaq-56APN47vbjoRihXGxVHRw6cFdQ8vo678&ts=1726823019&e=0"]},{"title":"Exkluzívny 2 izbový byt s terasou","address":"Sväteho Krištofa, Dunajská Streda, okres Dunajská Streda","rooms":2,"meters":60,"totalPrice":187600,"meterSquarePrice":7,"link":"https://www.nehnutelnosti.sk/detail/JudOGAT6ota/exkluzivny-2-izbovy-byt-s-terasou","imagesUrls":["https://img.nehnutelnosti.sk/foto/NjAweDMzOC9maWx0ZXJzOnF1YWxpdHkoMTAwKS9uZWg=/Eww_CIoWC_fss?st=mYrM8fHG4K6boqI188ou-PROikIOwfk1Mojo6kdFZNw&ts=1726823009&e=0"]},{"title":"Exkluzívny 2 izbový byt s terasou","address":"Sväteho Krištofa, Dunajská Streda, okres Dunajská Streda","rooms":2,"meters":60,"totalPrice":187600,"meterSquarePrice":7,"link":"https://www.nehnutelnosti.sk/detail/JuWVl00TO24/exkluzivny-2-izbovy-byt-s-terasou","imagesUrls":["https://img.nehnutelnosti.sk/foto/NjAweDMzOC9maWx0ZXJzOnF1YWxpdHkoMTAwKS9uZWg=/9kxSO9Swk_fss?st=YxwiahAvaJH9-OLYLkCOxGOLIoWqgF5rQTZAnAqr2Bg&ts=1726822989&e=0"]},{"title":"Na Predaj priestranný 4 izbový byt v dobrej lokalite Pezinok Muškát !","address":"Rulandská, Pezinok, okres Pezinok","rooms":4,"meters":81,"totalPrice":199000,"meterSquarePrice":6,"link":"https://www.nehnutelnosti.sk/detail/JuRvgzhQf_F/na-predaj-priestranny-4-izbovy-byt-v-dobrej-lokalite-pezinok-muskat","imagesUrls":["https://img.nehnutelnosti.sk/foto/NjAweDMzOC9maWx0ZXJzOnF1YWxpdHkoMTAwKS9uZWg=/D3ZKEJRnq_fss?st=xIjT2FN0lwtpuCmt0L-0UCOZO0avQcGPm12GdWFiuw8&ts=1726083115&e=0"]},{"title":"PREDAJ PRIESTRANNEJ 3 IZB.NOVOSTAVBY V PEZINKU","address":"Muškátova, Pezinok, okres Pezinok","rooms":3,"meters":83,"totalPrice":262000,"meterSquarePrice":3,"link":"https://www.nehnutelnosti.sk/detail/Ju2P_QgJ88I/predaj-priestrannej-3-izb-novostavby-v-pezinku","imagesUrls":["https://img.nehnutelnosti.sk/foto/NjAweDMzOC9maWx0ZXJzOnF1YWxpdHkoMTAwKS9uZWg=/qIAfaYf3L_fss?st=JX8X33vf3Xdz21h0_jzN3RNO0UJb6TXSjHTwG-yDnr0&ts=1726566135&e=0"]},{"title":",,, ZNÍŽENÁ CENA,,, PREDAJ 2 IZB.BYTU V MODRE","address":"Komenského, Modra, okres Pezinok","rooms":2,"meters":48,"totalPrice":145000,"meterSquarePrice":9,"link":"https://www.nehnutelnosti.sk/detail/JuDw-mmRKDn/znizena-cena-predaj-2-izb-bytu-v-modre","imagesUrls":["https://img.nehnutelnosti.sk/foto/NjAweDMzOC9maWx0ZXJzOnF1YWxpdHkoMTAwKS9uZWg=/OXN6Io05oD_fss?st=qBzmvbP1fkG3suWmvP9oOR2mLEJnPJVb9Ui-rtnvBQ4&ts=1726566904&e=0"]},{"title":"PREDAJ NADŠTANDARDNÉHO 4 IZB.BYTU V NOVOM KOMPLEXE-VINICE-150,18 m2","address":"Obchodná, Pezinok, okres Pezinok","rooms":4,"meters":150,"totalPrice":436240,"meterSquarePrice":8,"link":"https://www.nehnutelnosti.sk/detail/Ju9x1BSel_r/predaj-nadstandardneho-4-izb-bytu-v-novom-komplexe-vinice-150-18-m2","imagesUrls":["https://img.nehnutelnosti.sk/foto/NjAweDMzOC9maWx0ZXJzOnF1YWxpdHkoMTAwKS9uZWg=/lfKjHPsbfa_fss?st=aSKbe8tPBUypS0_S_xJTCdq8jsSj6nsh15bkDefkNig&ts=1725958962&e=0"]},{"title":"PREDAJ PRIESTRANNÉHO 3 IZB. BYTU V NOVOSTAVBE V PEZINKU-DONA SANDTNERA","address":"Dona Sandtnera, Pezinok, okres Pezinok","rooms":3,"meters":92,"totalPrice":239000,"meterSquarePrice":3,"link":"https://www.nehnutelnosti.sk/detail/Ju7fIQ9EZt-/predaj-priestranneho-3-izb-bytu-v-novostavbe-v-pezinku-dona-sandtnera","imagesUrls":["https://img.nehnutelnosti.sk/foto/NjAweDMzOC9maWx0ZXJzOnF1YWxpdHkoMTAwKS9uZWg=/YaP58Llod_fss?st=1VEtDcinoPIbEdgG-QpdrqjonkATtZYl-8xS-k9tZO4&ts=1725958965&e=0"]},{"title":"3 IZBOVÝ BYT S 2 LÓDŽIAMI  - možnosť dokúpiť garáž","address":"Trnavská, Pezinok, okres Pezinok","rooms":3,"meters":70,"totalPrice":165000,"meterSquarePrice":4,"link":"https://www.nehnutelnosti.sk/detail/JuhwDew473D/3-izbovy-byt-s-2-lodziami-moznost-dokupit-garaz","imagesUrls":["https://img.nehnutelnosti.sk/foto/NjAweDMzOC9maWx0ZXJzOnF1YWxpdHkoMTAwKS9uZWg=/o7sUXq9FdX_fss?st=ykdeyIBTxpVAOd6Qyu46zoM9idm0rDQaha-txCUREzc&ts=1724751611&e=0"]},{"title":"ZARIADENÝ 1 IZB. BYT so záhradkou a parkovacím miestom","address":"Tehelná, Pezinok, okres Pezinok","rooms":1,"meters":29,"totalPrice":127000,"meterSquarePrice":1,"link":"https://www.nehnutelnosti.sk/detail/Ju5W52qosyc/zariadeny-1-izb-byt-so-zahradkou-a-parkovacim-miestom","imagesUrls":["https://img.nehnutelnosti.sk/foto/NjAweDMzOC9maWx0ZXJzOnF1YWxpdHkoMTAwKS9uZWg=/3Z28U_BJQ_fss?st=CvvDUwOyYp50oaS0vpvUPErJSCrhsn61k5dCOKZxuVg&ts=1725441606&e=0"]},{"title":"Na Predaj krásny 2 izbový byt so záhradkou Rovinka 240.000,- Eur","address":"Hlavná, Rovinka, okres Senec","rooms":2,"meters":56,"totalPrice":240000,"meterSquarePrice":2,"link":"https://www.nehnutelnosti.sk/detail/Jub6BzJ-xbE/na-predaj-krasny-2-izbovy-byt-so-zahradkou-rovinka-240-000-eur","imagesUrls":["https://img.nehnutelnosti.sk/foto/NjAweDMzOC9maWx0ZXJzOnF1YWxpdHkoMTAwKS9uZWg=/t5JRJgvE4_fss?st=1guo5oQHNWzZzewqtykQ6QEMAUCZNpuGuCkgPMjyAbY&ts=1725482071&e=0"]},{"title":"EXLUZÍVNE ZARIADENÁ NOVOSTAVBA S GARÁŽOU - Dubový vršok","address":"Eugena Suchoňa, Pezinok, okres Pezinok","rooms":3,"meters":90,"totalPrice":288900,"meterSquarePrice":4,"link":"https://www.nehnutelnosti.sk/detail/JuUfp4-_8cl/exluzivne-zariadena-novostavba-s-garazou-dubovy-vrsok","imagesUrls":["https://img.nehnutelnosti.sk/foto/NjAweDMzOC9maWx0ZXJzOnF1YWxpdHkoMTAwKS9uZWg=/zebRkUr3ax_fss?st=omH3BTWZm20AGyUTkrb6nWnOjPMFrqxWn7QCXVn09y4&ts=1722504053&e=0"]},{"title":"Na Predaj 3 izbový byt v Novostavbe s Parkingom Senec Gardens!","address":"Ružová, Senec, okres Senec","rooms":3,"meters":94,"totalPrice":260000,"meterSquarePrice":3,"link":"https://www.nehnutelnosti.sk/detail/JunWmppgRV8/na-predaj-3-izbovy-byt-v-novostavbe-s-parkingom-senec-gardens","imagesUrls":["https://img.nehnutelnosti.sk/foto/NjAweDMzOC9maWx0ZXJzOnF1YWxpdHkoMTAwKS9uZWg=/X_KG6h2Nj_fss?st=69gKhpZJPI1YOzWjBOp_o7CkbOuudMgfoyJNp8KG_Rw&ts=1723455964&e=0"]},{"title":"NOVÝ KRÁSNE ZARIADENÝ BYT s parkovacím miestom","address":"Slavomírova, Slovenský Grob, okres Pezinok","rooms":2,"meters":56,"totalPrice":700,"meterSquarePrice":0,"link":"https://www.nehnutelnosti.sk/detail/Ju-D7Tg2Wko/novy-krasne-zariadeny-byt-s-parkovacim-miestom","imagesUrls":["https://img.nehnutelnosti.sk/foto/NjAweDMzOC9maWx0ZXJzOnF1YWxpdHkoMTAwKS9uZWg=/3jOOc-xos_fss?st=oWfDB-m6brFMaWw-43bRvMZO9Pvbvhjc34F8Z5pjFRg&ts=1723195141&e=0"]},{"title":"Na Predaj krásny zariadený 2 izbový byt dona Sandtnera Pezinok","address":"Dona Sandtnera, Pezinok, okres Pezinok","rooms":2,"meters":62,"totalPrice":166000,"meterSquarePrice":2,"link":"https://www.nehnutelnosti.sk/detail/JuLbjb6pCFa/na-predaj-krasny-zariadeny-2-izbovy-byt-dona-sandtnera-pezinok","imagesUrls":["https://img.nehnutelnosti.sk/foto/NjAweDMzOC9maWx0ZXJzOnF1YWxpdHkoMTAwKS9uZWg=/wBbYNXkXp_fss?st=POsTSp22ASizkZFuJ8Ri-JP_HkzbyWGoG5Y7pU9PjWI&ts=1721732912&e=0"]},{"title":"SLNEČNÝ PRIESTRANNÝ  2 izbový byt priamo v centre -  65m2","address":"Kollárova, Pezinok, okres Pezinok","rooms":2,"meters":65,"totalPrice":160000,"meterSquarePrice":4,"link":"https://www.nehnutelnosti.sk/detail/JuEoQDQL91K/slnecny-priestranny-2-izbovy-byt-priamo-v-centre-65m2","imagesUrls":["https://img.nehnutelnosti.sk/foto/NjAweDMzOC9maWx0ZXJzOnF1YWxpdHkoMTAwKS9uZWg=/PH93lwVDU_fss?st=UAzfUET-YFazF3wZ7zdfAJjKbyZb-yk0Kuv2287t1Ac&ts=1719833138&e=0"]},{"title":"PREDAJ - POP Slnečnice nadštandardný terasový byt, najvyššie podlažie","address":"Panónska cesta, Bratislava V - Petržalka, okres Bratislava","rooms":4,"meters":96,"totalPrice":449900,"meterSquarePrice":3,"link":"https://www.nehnutelnosti.sk/detail/JuoTLTX94AA/predaj-pop-slnecnice-nadstandardny-terasovy-byt-najvyssie-podlazie","imagesUrls":["https://img.nehnutelnosti.sk/foto/NjAweDMzOC9maWx0ZXJzOnF1YWxpdHkoMTAwKS9uZWg=/zDf1JPKEC_fss?st=zdebHLMD_Yu_EBTPEA4ddCCHJmyKen4GK1umjONDlvk&ts=1709826328&e=0"]},{"title":"133.000,- Eur Priestranný 2 izbový byt Muškátová ul Pezinok","address":"Muškátova, Pezinok, okres Pezinok","rooms":2,"meters":62,"totalPrice":133000,"meterSquarePrice":6,"link":"https://www.nehnutelnosti.sk/detail/JuAJd0rA_F9/133-000-eur-priestranny-2-izbovy-byt-muskatova-ul-pezinok","imagesUrls":["https://img.nehnutelnosti.sk/foto/NjAweDMzOC9maWx0ZXJzOnF1YWxpdHkoMTAwKS9uZWg=/3QZjiUiCCo_fss?st=L8MR8Tuq0JwFPbNJJCZtDjsjK3XLbjmxibRh4X4e9sU&ts=1709421421&e=0"]}]