[{"title":"2 izbový byt Bôrik","address":"Ladiverova 3, Žilina - Hliny, okres Žilina","rooms":2,"meters":51,"totalPrice":130000,"meterSquarePrice":2,"link":"https://www.nehnutelnosti.sk/detail/JuiYeUSm1ex/2-izbovy-byt-borik","imagesUrls":["https://img.unitedclassifieds.sk/foto/NjAweDMzOC9maWx0ZXJzOnF1YWxpdHkoMTAwKS9yc2Y=/UvdsOdrW9_fss?st=IzZVCOQQbcdqP8JSUhmelVKyFGOYlGJ_b4rXX-CvVag&ts=1722680574&e=0","https://img.unitedclassifieds.sk/foto/MTUweDg0L2ZpbHRlcnM6cXVhbGl0eSgxMDApL3JzZg==/KfG_pm5Qs_fss?st=VZ48i0Q_0veyKJGA8_1R0zsoNnjtEMEdtIQiWLplJnI&ts=1722680576&e=0","https://img.unitedclassifieds.sk/foto/MTUweDg0L2ZpbHRlcnM6cXVhbGl0eSgxMDApL3JzZg==/07ioOqhZB_fss?st=yV00Jy4ryvGYJpGz4pBr6wyhLmR3Jd1huzkoN6q1HR8&ts=1722680576&e=0","https://img.unitedclassifieds.sk/foto/MTUweDg0L2ZpbHRlcnM6cXVhbGl0eSgxMDApL3JzZg==/ULbYhzc74_fss?st=tA1wBt6R8zpo_GOpU4Nyffo94ltW3pd9O7M3wddf2s8&ts=1722680577&e=0"]},{"title":"1-izb.byt s terasou v BA - Karlova Ves len za 135.900,-Eur vrátane provize !","address":"Kresánkova, Bratislava IV - Karlova Ves, okres Bratislava","rooms":1,"meters":35,"totalPrice":139900,"meterSquarePrice":9,"link":"https://www.nehnutelnosti.sk/detail/JuKOXtB1V9U/1-izb-byt-s-terasou-v-ba-karlova-ves-len-za-135-900-eur-vratane-provize","imagesUrls":["https://img.nehnutelnosti.sk/foto/NjAweDMzOC9maWx0ZXJzOnF1YWxpdHkoMTAwKS9uZWg=/lPSinDYGL_fss?st=56K_RanRFWMBF3sEUYsnZJjHuzy_waTk0wXi_DuESnA&ts=1726257822&e=0","https://img.nehnutelnosti.sk/foto/MTUweDg0L2ZpbHRlcnM6cXVhbGl0eSgxMDApL25laA==/_cfUDUEOTo_fss?st=c-G31a3SCoTGUhl55uciqIar_thWjxLFWNm4RG4X3ps&ts=1726257822&e=0","https://img.nehnutelnosti.sk/foto/MTUweDg0L2ZpbHRlcnM6cXVhbGl0eSgxMDApL25laA==/fCl3B1n3__fss?st=fNz1OGtjOTRlF2cRH0tdNFPJdLYgnq080W2HtNX3ymA&ts=1726257824&e=0","https://img.nehnutelnosti.sk/foto/MTUweDg0L2ZpbHRlcnM6cXVhbGl0eSgxMDApL25laA==/LOzBy-8qz_fss?st=uDqxm8jRiA2g6qzOgtOBjNCm7h5QhLmUh3FyGD2__yE&ts=1726257823&e=0"]},{"title":"Krásny 2-izbový byt s 2 x parkovacím miestom v cene na ul. Jána Ondruša, Stupava.","address":"Jána Ondruša, Stupava, okres Malacky","rooms":2,"meters":51,"totalPrice":205000,"meterSquarePrice":5,"link":"https://www.nehnutelnosti.sk/detail/JuamiFkYN2F/krasny-2-izbovy-byt-s-2-x-parkovacim-miestom-v-cene-na-ul-jana-ondrusa-stupava","imagesUrls":["https://img.nehnutelnosti.sk/foto/NjAweDMzOC9maWx0ZXJzOnF1YWxpdHkoMTAwKS9uZWg=/v1YLfWtRR_fss?st=DED3mqgBCNE9lYJrOxT7T7U0HyLxUWVN7s0_nc2i3SE&ts=1726875610&e=0","https://img.nehnutelnosti.sk/foto/MTUweDg0L2ZpbHRlcnM6cXVhbGl0eSgxMDApL25laA==/uC4UKgpvH_fss?st=LKbE3cPKwzoMLdz1IVvC6zBXr9hrHKEeiqS77JaeO2E&ts=1726875607&e=0","https://img.nehnutelnosti.sk/foto/MTUweDg0L2ZpbHRlcnM6cXVhbGl0eSgxMDApL25laA==/dyVb8eP7H_fss?st=0uLh0AlqTbmClDrfSP-OFKQq3_pnsQTlLynzZTlm3oM&ts=1726875607&e=0","https://img.nehnutelnosti.sk/foto/MTUweDg0L2ZpbHRlcnM6cXVhbGl0eSgxMDApL25laA==/9NQj3Se9b_fss?st=stIyrQCnybqXISzJKAWcVeubvxPMmeeY5SMDYeLJzBo&ts=1726875607&e=0"]},{"title":"NOVOSTAVBA 4 izb.byt, projekt Danubius ONE, 18. poschodie-panoramatický výhľad na Bratislavský hrad","address":"Trnavská cesta, Bratislava II - Ružinov, okres Bratislava","rooms":4,"meters":118,"totalPrice":635942,"meterSquarePrice":3,"link":"https://www.nehnutelnosti.sk/detail/JuqZ0Xnwxz_/novostavba-4-izb-byt-projekt-danubius-one-18-poschodie-panoramaticky-vyhlad-na-bratislavsky-hrad","imagesUrls":["https://img.nehnutelnosti.sk/foto/NjAweDMzOC9maWx0ZXJzOnF1YWxpdHkoMTAwKS9uZWg=/BIN-9jYuF_fss?st=QhI2jJapUtkyPLtH1dDtgpwT5vePHil-hlz0ZYnXab4&ts=1724324468&e=0","https://img.nehnutelnosti.sk/foto/MTUweDg0L2ZpbHRlcnM6cXVhbGl0eSgxMDApL25laA==/LkoO2NGVWY_fss?st=vlEghlK7Wtrup9cRnqQYa_ar1tT0dlUF9a6IJCuKo5U&ts=1724324470&e=0","https://img.nehnutelnosti.sk/foto/MTUweDg0L2ZpbHRlcnM6cXVhbGl0eSgxMDApL25laA==/aiG4B7zt5o_fss?st=B3tK4YY88ch-AyQo1KAVsHqidGl_0vH0gghFFvoDGnI&ts=1724324468&e=0","https://img.nehnutelnosti.sk/foto/MTUweDg0L2ZpbHRlcnM6cXVhbGl0eSgxMDApL25laA==/SqLntmHxA_fss?st=m6CNd4Uu9YAF8UtnNE5CUFV-Fp7nN87Sgc7GAyNUBAY&ts=1724324469&e=0"]},{"title":"Neibrs | Veľkometrážny 3 izbový byt s 2 loggiami a výhľadom do zelenej záhrady, Garáž, Mudroňova ul.","address":"Mudroňova, Bratislava I - Staré Mesto, okres Bratislava","rooms":3,"meters":105,"totalPrice":419000,"meterSquarePrice":4,"link":"https://www.nehnutelnosti.sk/detail/JuhT5gzo62v/neibrs-velkometrazny-3-izbovy-byt-s-2-loggiami-a-vyhladom-do-zelenej-zahrady-garaz-mudronova-ul","imagesUrls":["https://img.nehnutelnosti.sk/foto/NjAweDMzOC9maWx0ZXJzOnF1YWxpdHkoMTAwKS9uZWg=/orYLH_PKY_fss?st=wV766g1vC0Lpa2USSLU734BpLMlii2u_2hGOmFTHZd8&ts=1725971496&e=0","https://img.nehnutelnosti.sk/foto/MTUweDg0L2ZpbHRlcnM6cXVhbGl0eSgxMDApL25laA==/RdEzS-w9zw_fss?st=afB3yipOpA2wp8wQgu6t5leO9OsD9eoH6IL4baMfVNQ&ts=1725971494&e=0","https://img.nehnutelnosti.sk/foto/MTUweDg0L2ZpbHRlcnM6cXVhbGl0eSgxMDApL25laA==/vCgJsjrit_fss?st=X0Jhs1b5NZO_p8H5KYrdYZikdLCdGCovPb6cPVCcAkk&ts=1725971497&e=0","https://img.nehnutelnosti.sk/foto/MTUweDg0L2ZpbHRlcnM6cXVhbGl0eSgxMDApL25laA==/RCVWbnIFBA_fss?st=hhTwXF4vqS34hfQdQAlYoK4KB-YNYcz2IF-5DFqOT-A&ts=1725971492&e=0"]},{"title":"MORUŠE - 3i byt s parkovaním za bezkonkurenčnú cenu!","address":"Ivánská cesta, Bratislava II - Ružinov, okres Bratislava","rooms":3,"meters":72,"totalPrice":235000,"meterSquarePrice":2,"link":"https://www.nehnutelnosti.sk/detail/JuS7LEbHJAx/moruse-3i-byt-s-parkovanim-za-bezkonkurencnu-cenu","imagesUrls":["https://img.nehnutelnosti.sk/foto/NjAweDMzOC9maWx0ZXJzOnF1YWxpdHkoMTAwKS9uZWg=/EVCqfHrwZ_fss?st=Wv1XTpxisdTGJefOOPghvLWQ6QIOa-kn-LZrCbckz4U&ts=1713857255&e=0","https://img.nehnutelnosti.sk/foto/MTUweDg0L2ZpbHRlcnM6cXVhbGl0eSgxMDApL25laA==/ml_MfNA8h_fss?st=xhN1qa7hKJOkkjrAQ_zC4hriXDaHUB4nexiYZKTCWTI&ts=1713857255&e=0","https://img.nehnutelnosti.sk/foto/MTUweDg0L2ZpbHRlcnM6cXVhbGl0eSgxMDApL25laA==/8oltwAWbx_fss?st=gjFQEyFyBIgRC-7PWRLLrA9IusQV1UV7CVWeOyIcZRg&ts=1713857255&e=0","https://img.nehnutelnosti.sk/foto/MTUweDg0L2ZpbHRlcnM6cXVhbGl0eSgxMDApL25laA==/AXt_7smvd1_fss?st=QBThnZMOgYIlY-8np_s93JI97SKyDkDJfvfGTFU7MT0&ts=1713857255&e=0"]},{"title":"Neibrs | Veľkometrážny 3 izb. byt s možnosťou zmeny dispo. na 4 izb. byt, 2 loggie, Garáž, Mudroňova","address":"Hradný kopec, Bratislava I - Staré Mesto, okres Bratislava","rooms":4,"meters":105,"totalPrice":419000,"meterSquarePrice":4,"link":"https://www.nehnutelnosti.sk/detail/Ju6O4Nb4t9C/neibrs-velkometrazny-3-izb-byt-s-moznostou-zmeny-dispo-na-4-izb-byt-2-loggie-garaz-mudronova","imagesUrls":["https://img.nehnutelnosti.sk/foto/NjAweDMzOC9maWx0ZXJzOnF1YWxpdHkoMTAwKS9uZWg=/KevMOUxib_fss?st=GRPaRafHV6n6-0I4WeTpgQYreD95O9d1ANfOyk6aRA0&ts=1725971517&e=0","https://img.nehnutelnosti.sk/foto/MTUweDg0L2ZpbHRlcnM6cXVhbGl0eSgxMDApL25laA==/BuaZW_z0nu_fss?st=vHS3jKwUYmL5EZStva--51gxuEGSu76u88OYVvRsDvU&ts=1725971516&e=0","https://img.nehnutelnosti.sk/foto/MTUweDg0L2ZpbHRlcnM6cXVhbGl0eSgxMDApL25laA==/MDcI0mpBPQ_fss?st=kE13ethJR4hg-FoCIBpmEzE9nZhlbssN_zhDtZq7Dkk&ts=1725971513&e=0","https://img.nehnutelnosti.sk/foto/MTUweDg0L2ZpbHRlcnM6cXVhbGl0eSgxMDApL25laA==/hj44bdlxM_fss?st=IoVTqa6yRuBdht9VuzSbrRbjQm1vHy3Ay9n1zTVoG44&ts=1725971515&e=0"]},{"title":"BOSEN | Na predaj 3 izbový byt v novostavbe s parkovacím státím, Dunajská Lužná","address":"Javorová, Dunajská Lužná, okres Senec","rooms":3,"meters":67,"totalPrice":180000,"meterSquarePrice":3,"link":"https://www.nehnutelnosti.sk/detail/JurEw4i4wJT/bosen-na-predaj-3-izbovy-byt-v-novostavbe-s-parkovacim-statim-dunajska-luzna","imagesUrls":["https://img.nehnutelnosti.sk/foto/NjAweDMzOC9maWx0ZXJzOnF1YWxpdHkoMTAwKS9uZWg=/VqmNbEDrJs_fss?st=o3EzNVR7SbV4kQJzXJkEoL4k44XQxKD06PpJHjJ83z4&ts=1722859760&e=0","https://img.nehnutelnosti.sk/foto/MTUweDg0L2ZpbHRlcnM6cXVhbGl0eSgxMDApL25laA==/B212GcTYZ_fss?st=ra4Kcl21aQD76cOahCKoWeaRC_hk5t5NL4_6DAXEQII&ts=1722859761&e=0","https://img.nehnutelnosti.sk/foto/MTUweDg0L2ZpbHRlcnM6cXVhbGl0eSgxMDApL25laA==/CYGrFvbib_fss?st=vT3obZzKI9B5E1PyJ9yV2yk5p9mUHY-2w81syhdAfNo&ts=1722859759&e=0","https://img.nehnutelnosti.sk/foto/MTUweDg0L2ZpbHRlcnM6cXVhbGl0eSgxMDApL25laA==/5ZOp0TUr7_fss?st=oEWwYUwPEJjz-HeporUbyaqHp0RKBZOa2wg3GnQpQ9M&ts=1722859761&e=0"]},{"title":"Ponúkame na predaj 4-izbový byt s jedinečnými výhľadmi z každej izby v Banskej Bystrici.","address":"Banská Bystrica, Banská Bystrica, okres Banská Bystrica","rooms":4,"meters":81,"totalPrice":184990,"meterSquarePrice":3,"link":"https://www.nehnutelnosti.sk/detail/JuaK-Z_KxqH/ponukame-na-predaj-4-izbovy-byt-s-jedinecnymi-vyhladmi-z-kazdej-izby-v-banskej-bystrici","imagesUrls":["https://img.nehnutelnosti.sk/foto/NjAweDMzOC9maWx0ZXJzOnF1YWxpdHkoMTAwKS9uZWg=/oWlaEe8MJ_fss?st=0iIvJB4_AbJNmyKHp6WQOycYi6BapvsFXODMgKO0mGE&ts=1716972659&e=0","https://img.nehnutelnosti.sk/foto/MTUweDg0L2ZpbHRlcnM6cXVhbGl0eSgxMDApL25laA==/Nk-lI0Qr9k_fss?st=HJ4iettq0Oa3mSEDYjK4v6zXJPJpyB2bKztY_MXFUfY&ts=1716972661&e=0","https://img.nehnutelnosti.sk/foto/MTUweDg0L2ZpbHRlcnM6cXVhbGl0eSgxMDApL25laA==/yz6kjaS3r_fss?st=M5KLt4bC91hcP1aSJBqVPk4YmXc_W7vwvZqvGUyeGD0&ts=1716972661&e=0","https://img.nehnutelnosti.sk/foto/MTUweDg0L2ZpbHRlcnM6cXVhbGl0eSgxMDApL25laA==/m93LLRs4o_fss?st=n_lrYYdFRsEIi-7XQnnrzlArB1vZzgYc0iaM_orSO4o&ts=1716972661&e=0"]},{"title":"Novostavba rodinný penhouse Nivy, bývajte už od leta 2024","address":"Páričkova 7, Bratislava II - Ružinov, okres Bratislava","rooms":5,"meters":300,"totalPrice":1200000,"meterSquarePrice":1,"link":"https://www.nehnutelnosti.sk/detail/JuN4uAa31u-/novostavba-rodinny-penhouse-nivy-byvajte-uz-od-leta-2024","imagesUrls":["https://img.unitedclassifieds.sk/foto/NjAweDMzOC9maWx0ZXJzOnF1YWxpdHkoMTAwKS9qdWw=/vO1dECYGq_fss?st=Nlp7YasDLg2Yxyr0b5I570dA3sT352LJP2Oi4oDBeQI&ts=1708698402&e=0","https://img.unitedclassifieds.sk/foto/MTUweDg0L2ZpbHRlcnM6cXVhbGl0eSgxMDApL2p1bA==/LHK5JHys2_fss?st=eoKrfUlQ5xSddsRh32J3sErCiJGMGSm_PpfY1RoTAM4&ts=1708698124&e=0","https://img.unitedclassifieds.sk/foto/MTUweDg0L2ZpbHRlcnM6cXVhbGl0eSgxMDApL2p1bA==/UYJvE2rch_fss?st=SOcdSS_VfuW715VjScMf5zshJ8KTRzbgiKZ1QZ4wv4I&ts=1708698312&e=0","https://img.unitedclassifieds.sk/foto/MTUweDg0L2ZpbHRlcnM6cXVhbGl0eSgxMDApL2p1bA==/uD36xFigIk_fss?st=pK2Su3RBklI-w1sVy3b7n9v-FEbXg6egVS7e-cs9IIU&ts=1708698123&e=0"]},{"title":"Novostavba minimalistický penthouse Nivy, bývajte už od leta 2024","address":"Páričkova 9, Bratislava II - Ružinov, okres Bratislava","rooms":4,"meters":301,"totalPrice":1200000,"meterSquarePrice":2,"link":"https://www.nehnutelnosti.sk/detail/JuO0OAd76Wa/novostavba-minimalisticky-penthouse-nivy-byvajte-uz-od-leta-2024","imagesUrls":["https://img.unitedclassifieds.sk/foto/NjAweDMzOC9maWx0ZXJzOnF1YWxpdHkoMTAwKS9qdWw=/4nyUG2Aae_fss?st=8wf7QeH7NaLAu7257G0YuwCP1bl-vqdNFaRzELBMyuk&ts=1708696766&e=0","https://img.unitedclassifieds.sk/foto/MTUweDg0L2ZpbHRlcnM6cXVhbGl0eSgxMDApL2p1bA==/zEY7fb8M8_fss?st=cBpjbnAibWGv_W9yTWKkxymcqWqwN5BjpWy-MwFFYGA&ts=1708696715&e=0","https://img.unitedclassifieds.sk/foto/MTUweDg0L2ZpbHRlcnM6cXVhbGl0eSgxMDApL2p1bA==/nyoewSXw1_fss?st=H80UgD2E3gPwxQhkFhZiiVGg89BHWnT9BOTUAth5aXo&ts=1708696731&e=0","https://img.unitedclassifieds.sk/foto/MTUweDg0L2ZpbHRlcnM6cXVhbGl0eSgxMDApL2p1bA==/Wtp8r0xTW_fss?st=RTrtQx7G9Cj4DX-e9OrIhhDI9zTfYrMGRJEneXhENbA&ts=1708696743&e=0"]},{"title":"Veľký 4 izbový byt s obrovskou terasou v NOVOSTAVBE","address":"Ružová dolina 33, Bratislava II - Ružinov, okres Bratislava","rooms":4,"meters":183,"totalPrice":519000,"meterSquarePrice":6,"link":"https://www.nehnutelnosti.sk/detail/JucbZGFQK6T/velky-4-izbovy-byt-s-obrovskou-terasou-v-novostavbe","imagesUrls":["https://img.unitedclassifieds.sk/foto/NjAweDMzOC9maWx0ZXJzOnF1YWxpdHkoMTAwKS9yc2Y=/DRxq73bls_fss?st=2ebe7IKq5AiMqWEC61fNng3cb2BP4dGn3rr7xodncNg&ts=1663330347&e=0","https://img.unitedclassifieds.sk/foto/MTUweDg0L2ZpbHRlcnM6cXVhbGl0eSgxMDApL2p1bA==/FjUaqEfZt_fss?st=Oc3Uult_f9EhIvjRbFNHWDRT1zRHNrd7VnFcMjhxatY&ts=1705062459&e=0"]},{"title":"3 izbový, novostavba, Ružinov POSLEDNÝ VOLNÝ ATELIÉR","address":"Ružová dolina 33, Bratislava II - Ružinov, okres Bratislava","rooms":3,"meters":97,"totalPrice":329000,"meterSquarePrice":7,"link":"https://www.nehnutelnosti.sk/detail/Ju4YGC-RBft/3-izbovy-novostavba-ruzinov-posledny-volny-atelier","imagesUrls":["https://img.unitedclassifieds.sk/foto/NjAweDMzOC9maWx0ZXJzOnF1YWxpdHkoMTAwKS9qdWw=/dEXtjmor5_fss?st=AOzCUIW_SPrGMxgVG6t1Oxyb8hP1yohOsC7Hgi1HILc&ts=1697197902&e=0","https://img.unitedclassifieds.sk/foto/MTUweDg0L2ZpbHRlcnM6cXVhbGl0eSgxMDApL3JzZg==/A17oO-39T_fss?st=SsTUfIUEvBBQQO3wJ-3ULkWJX5z_sZIiNdxI4Nof8P8&ts=1676638573&e=0"]},{"title":"Na predaj 4izbový byt v rekonštrukcii","address":"Budatínska 3054/23, Bratislava V - Petržalka, okres Bratislava","rooms":4,"meters":85,"totalPrice":219000,"meterSquarePrice":7,"link":"https://www.nehnutelnosti.sk/detail/JuMdelO4IXM/na-predaj-4izbovy-byt-v-rekonstrukcii","imagesUrls":["https://img.nehnutelnosti.sk/foto/NjAweDMzOC9maWx0ZXJzOnF1YWxpdHkoMTAwKS9uZWg=/wCxl3JXNFH_fss?st=_OIIK0wT1KgvJ2W7HTudI9mBUJDLX0rbfWCiyzxHxaw&ts=1723541627&e=0","https://img.nehnutelnosti.sk/foto/MTUweDg0L2ZpbHRlcnM6cXVhbGl0eSgxMDApL25laA==/oQc4XxFk5d_fss?st=yOBo9R6yWqBQdjeRWlD7UDu0FQibw7hrg5WYtk5BUp4&ts=1723541629&e=0","https://img.nehnutelnosti.sk/foto/MTUweDg0L2ZpbHRlcnM6cXVhbGl0eSgxMDApL25laA==/NETo3u97I_fss?st=nXyBOiIMeI5DG0U3cPG4n5sJS9CqGeJmQj9yzBK-mgY&ts=1723541637&e=0","https://img.nehnutelnosti.sk/foto/MTUweDg0L2ZpbHRlcnM6cXVhbGl0eSgxMDApL25laA==/_YEALzIXL_fss?st=x3PKfwCDwtHrytwcGy8bq8WkDjdHLznM0Ja97i9MQA0&ts=1723541879&e=0"]},{"title":"Slnečný 3-izb.NOVOSTAVBA, projekt DANUBIUS ONE, výhľad na Bratislavský hrad, bonus 10 000 € na vybav","address":"Trnavská cesta, Bratislava II - Ružinov, okres Bratislava","rooms":3,"meters":91,"totalPrice":437989,"meterSquarePrice":2,"link":"https://www.nehnutelnosti.sk/detail/JuyY-JcMdQH/slnecny-3-izb-novostavba-projekt-danubius-one-vyhlad-na-bratislavsky-hrad-bonus-10-000-na-vybav","imagesUrls":["https://img.nehnutelnosti.sk/foto/NjAweDMzOC9maWx0ZXJzOnF1YWxpdHkoMTAwKS9uZWg=/IhiJj03ed_fss?st=gYdBtwbyJZdwdHyCyqeNIpjRDGr0UlONQjKQ4xio5wI&ts=1724323706&e=0","https://img.nehnutelnosti.sk/foto/MTUweDg0L2ZpbHRlcnM6cXVhbGl0eSgxMDApL25laA==/49HQR6zO3_fss?st=1e7QIT_WOr1oJzboa8twMT5bGMHwNdg5r09aV3ku87s&ts=1724323705&e=0","https://img.nehnutelnosti.sk/foto/MTUweDg0L2ZpbHRlcnM6cXVhbGl0eSgxMDApL25laA==/IR0N4ZbNZ_fss?st=UAU_WJWChiAUmYC1zqF7tXHY8pHrqk93InK8DxiaVT4&ts=1724323707&e=0","https://img.nehnutelnosti.sk/foto/MTUweDg0L2ZpbHRlcnM6cXVhbGl0eSgxMDApL25laA==/RNiyoxZ9X_fss?st=UhcsiN9M6B60h_rirN35ZzqMrtaSXq_b5WfIFmZa7VY&ts=1724323705&e=0"]},{"title":"Nadštandardná a moderná rekonštrukcia 2+kk bytu - Bôrik, Žilina","address":"Oravská, Žilina - Bôrik, okres Žilina","rooms":2,"meters":51,"totalPrice":133000,"meterSquarePrice":4,"link":"https://www.nehnutelnosti.sk/detail/JuSLJvincNR/nadstandardna-a-moderna-rekonstrukcia-2-kk-bytu-borik-zilina","imagesUrls":["https://img.nehnutelnosti.sk/foto/NjAweDMzOC9maWx0ZXJzOnF1YWxpdHkoMTAwKS9uZWg=/MAC3QSN5ER_fss?st=QwyQO9f4wvD5GO2r-ABHk7fOiKO-ALYLDsBxL9iVJoE&ts=1726837997&e=0","https://img.nehnutelnosti.sk/foto/MTUweDg0L2ZpbHRlcnM6cXVhbGl0eSgxMDApL25laA==/rTr38PVHp4_fss?st=gGDDLF5gdPaKFyPS66BE_QwljYKv0aHfWmEal6ah4PY&ts=1726837996&e=0","https://img.nehnutelnosti.sk/foto/MTUweDg0L2ZpbHRlcnM6cXVhbGl0eSgxMDApL25laA==/Aiq26m3elc_fss?st=DkaehH8QWUaY6Cq7KK_6EQBTC6jHfP-uvLfAHUde93Q&ts=1726838000&e=0","https://img.nehnutelnosti.sk/foto/MTUweDg0L2ZpbHRlcnM6cXVhbGl0eSgxMDApL25laA==/KlruBAMEnR_fss?st=IiZsqH0VNxYaRmIESJ1htHGcHrOKFQMdDw4kbe2ZrC8&ts=1726837995&e=0"]},{"title":"NOVO ZREKONŠTRUOVANÝ 3 IZB. BYT NA HRADNOM KOPCI - PALISÁDY","address":"Palisády, Bratislava I - Staré Mesto, okres Bratislava","rooms":3,"meters":60,"totalPrice":298900,"meterSquarePrice":7,"link":"https://www.nehnutelnosti.sk/detail/JuxtT1ZvKxJ/novo-zrekonstruovany-3-izb-byt-na-hradnom-kopci-palisady","imagesUrls":["https://img.nehnutelnosti.sk/foto/NjAweDMzOC9maWx0ZXJzOnF1YWxpdHkoMTAwKS9uZWg=/DQWQ7287g_fss?st=szjDus4gf8-iE3QsrSzGfXSfA5vY3kS_4kybERVOZa4&ts=1726640670&e=0","https://img.nehnutelnosti.sk/foto/MTUweDg0L2ZpbHRlcnM6cXVhbGl0eSgxMDApL25laA==/-NZ2DHcXW_fss?st=j6uhCs8uCccsUCEcCkp8Q05DmpD1ECeSJWosi9F2lF0&ts=1726640672&e=0","https://img.nehnutelnosti.sk/foto/MTUweDg0L2ZpbHRlcnM6cXVhbGl0eSgxMDApL25laA==/DdbcVdDX2_fss?st=uZP-BRe_NhIlNKeAVqHdE1w8y0Go4T8XfbYf3kVglD4&ts=1726640671&e=0","https://img.nehnutelnosti.sk/foto/MTUweDg0L2ZpbHRlcnM6cXVhbGl0eSgxMDApL25laA==/tSV0ejPcB_fss?st=wgU5Y3IGIt9J7aB09N7VAsyNrt_s6Tz9PwfcLIvsljE&ts=1726640671&e=0"]},{"title":"KRÁSNY 3 IZBOVÝ BYT V CENTRE BRATISLAVY - POVRAZNÍCKA ULICA","address":"Povraznícka, Bratislava I - Staré Mesto, okres Bratislava","rooms":3,"meters":70,"totalPrice":286900,"meterSquarePrice":7,"link":"https://www.nehnutelnosti.sk/detail/JukwsXFpgTW/krasny-3-izbovy-byt-v-centre-bratislavy-povraznicka-ulica","imagesUrls":["https://img.nehnutelnosti.sk/foto/NjAweDMzOC9maWx0ZXJzOnF1YWxpdHkoMTAwKS9uZWg=/anVwa5fnp6_fss?st=4gUHpPu-OKUGrxB9bIfvjBT7BNo9lgNJ74Y-IkZKaH8&ts=1726640669&e=0","https://img.nehnutelnosti.sk/foto/MTUweDg0L2ZpbHRlcnM6cXVhbGl0eSgxMDApL25laA==/gWCgKXo52f_fss?st=NY6z-GIbKuZMv94hwcbVMvl8-9HuyoIm5BXUvm3ccJA&ts=1726640668&e=0","https://img.nehnutelnosti.sk/foto/MTUweDg0L2ZpbHRlcnM6cXVhbGl0eSgxMDApL25laA==/cqBYrH7MfD_fss?st=yyLrrtaZnjkbkK7pv_k-eQmPmKYeWRK6xjIwiGcUSp0&ts=1726640670&e=0","https://img.nehnutelnosti.sk/foto/MTUweDg0L2ZpbHRlcnM6cXVhbGl0eSgxMDApL25laA==/8AAUQmEMn_fss?st=WNQuMNFtgH0hcfozqmjj7DB67GKnOQ4exEDdjik5XHk&ts=1726640668&e=0"]},{"title":"Na predaj krásny 3izbovy byt -vyhladavana lokalita","address":"Iľjušinova, Bratislava V - Petržalka, okres Bratislava","rooms":3,"meters":71,"totalPrice":219000,"meterSquarePrice":1,"link":"https://www.nehnutelnosti.sk/detail/JuQURKp_mhq/na-predaj-krasny-3izbovy-byt-vyhladavana-lokalita","imagesUrls":["https://img.nehnutelnosti.sk/foto/NjAweDMzOC9maWx0ZXJzOnF1YWxpdHkoMTAwKS9uZWg=/pFXgC30QXm_fss?st=Zi8YRBB4ByTQW3X28u8sSLOdO9DooSE-nRDqHhDlFSk&ts=1723972210&e=0","https://img.nehnutelnosti.sk/foto/MTUweDg0L2ZpbHRlcnM6cXVhbGl0eSgxMDApL25laA==/N6GgvbGWG_fss?st=fedw8NfAs0m2S6D-fyixMCguJERgI3swZk43ABtdWyU&ts=1723972210&e=0","https://img.nehnutelnosti.sk/foto/MTUweDg0L2ZpbHRlcnM6cXVhbGl0eSgxMDApL25laA==/e5fiNn-Ze_fss?st=mJBESps02HdlFrqrg_zLoB6uFLhFe3CBheZotsXh4Q0&ts=1723972209&e=0","https://img.nehnutelnosti.sk/foto/MTUweDg0L2ZpbHRlcnM6cXVhbGl0eSgxMDApL25laA==/TawSjf6WNF_fss?st=8CPcY1oeGN9g34fShKEGuiUmIpkaR-qVeM6QTHU9_58&ts=1723972205&e=0"]},{"title":"3 izbový byt, balkón, J.Kráľa, Nové Zámky","address":"J. Kráľa, Nové Zámky, okres Nové Zámky","rooms":3,"meters":78,"totalPrice":129900,"meterSquarePrice":4,"link":"https://www.nehnutelnosti.sk/detail/Ju5MVYkEjfQ/3-izbovy-byt-balkon-j-krala-nove-zamky","imagesUrls":["https://img.nehnutelnosti.sk/foto/NjAweDMzOC9maWx0ZXJzOnF1YWxpdHkoMTAwKS9uZWg=/PEqFLqZwu9_fss?st=uA9ivIoH659EU83VcFTLsdifjrN29z5wxyNLXDlFvPU&ts=1726996251&e=0","https://img.nehnutelnosti.sk/foto/MTUweDg0L2ZpbHRlcnM6cXVhbGl0eSgxMDApL25laA==/BtMadnMY-O_fss?st=SLqZzkere6ZHJeIEcm6Y3b3dsQz3A-PF7Lt7mxxwqtc&ts=1726996246&e=0","https://img.nehnutelnosti.sk/foto/MTUweDg0L2ZpbHRlcnM6cXVhbGl0eSgxMDApL25laA==/D9ha-G9y6_fss?st=t21zbM9bvZR4g7IVp-HYAnzvY-yAl0xpmo5SiXUXkTM&ts=1726996252&e=0","https://img.nehnutelnosti.sk/foto/MTUweDg0L2ZpbHRlcnM6cXVhbGl0eSgxMDApL25laA==/3Yj-Ghlav_fss?st=Z3SUDnQBCLKgwHx7FylA58W8avlKuPklCMQt4Y4hSMg&ts=1726996249&e=0"]},{"title":"Na predaj 3-izbový byt na Šafárikovej tr. Košice","address":"Šafárikova trieda, Košice II - Západ, okres Košice","rooms":3,"meters":56,"totalPrice":151990,"meterSquarePrice":1,"link":"https://www.nehnutelnosti.sk/detail/JuUJ9IIQVeC/na-predaj-3-izbovy-byt-na-safarikovej-tr-kosice","imagesUrls":["https://img.nehnutelnosti.sk/foto/NjAweDMzOC9maWx0ZXJzOnF1YWxpdHkoMTAwKS9uZWg=/Mljucb8rl_fss?st=qDXbA8xhPq79HL5nI8Khklpy3jEoLKieWvb7usrSjD4&ts=1725280380&e=0","https://img.nehnutelnosti.sk/foto/MTUweDg0L2ZpbHRlcnM6cXVhbGl0eSgxMDApL25laA==/pTYmLqWl8D_fss?st=4iMYS5owGKwSuilEP2El71yyFI7lLOuZl-TQf711aj0&ts=1725280380&e=0","https://img.nehnutelnosti.sk/foto/MTUweDg0L2ZpbHRlcnM6cXVhbGl0eSgxMDApL25laA==/vOWPa-cfTB_fss?st=Wcg_3XUANhK_QPaYFMQKYcSv7Qg0eLBeOOkbtMA2wiY&ts=1725280378&e=0","https://img.nehnutelnosti.sk/foto/MTUweDg0L2ZpbHRlcnM6cXVhbGl0eSgxMDApL25laA==/du9qIfEN5_fss?st=Gi4yxf7ktoM5MUcmncRpNxnMoAyDb8LJgT1uSM8dU0Q&ts=1725280382&e=0"]},{"title":"Výrazná zľava: 2-i byt s loggiou a výhľadom na Devínsku kobylu, Pavla Horova","address":"Pavla Horova, Bratislava IV - Devínska Nová Ves, okres Bratislava","rooms":2,"meters":44,"totalPrice":127000,"meterSquarePrice":6,"link":"https://www.nehnutelnosti.sk/detail/JuKWD_F4nZT/vyrazna-zlava-2-i-byt-s-loggiou-a-vyhladom-na-devinsku-kobylu-pavla-horova","imagesUrls":["https://img.nehnutelnosti.sk/foto/NjAweDMzOC9maWx0ZXJzOnF1YWxpdHkoMTAwKS9uZWg=/szOW8y4zHD_fss?st=2-C_tEl-r9-zM6dDVNodKqcazjARTjAJx1vXK7GotGk&ts=1726383655&e=0","https://img.nehnutelnosti.sk/foto/MTUweDg0L2ZpbHRlcnM6cXVhbGl0eSgxMDApL25laA==/tvgUTci3A5_fss?st=ZeL-tXmYt26S8QPCfAhYYnIv70qenWs658LmXFmhROU&ts=1726383653&e=0","https://img.nehnutelnosti.sk/foto/MTUweDg0L2ZpbHRlcnM6cXVhbGl0eSgxMDApL25laA==/wky3SeLYUI_fss?st=-poW9qkjI_H2WvItsvAdYq7VbnaUw9Ez3sR0OsJUOEw&ts=1726383653&e=0","https://img.nehnutelnosti.sk/foto/MTUweDg0L2ZpbHRlcnM6cXVhbGl0eSgxMDApL25laA==/6rPad7l3j8_fss?st=K-hvsaeH0FHTrKpoQhZdeVmNisysUWojXOnCjdq53sg&ts=1726383654&e=0"]},{"title":"Super cena,investičný skvelý 2-i byt s loggiou a výhľadom na Devínsku kobylu, Pavla Horova","address":"Pavla Horova, Bratislava IV - Devínska Nová Ves, okres Bratislava","rooms":2,"meters":44,"totalPrice":127000,"meterSquarePrice":6,"link":"https://www.nehnutelnosti.sk/detail/JuRRjfk36bY/super-cena-investicny-skvely-2-i-byt-s-loggiou-a-vyhladom-na-devinsku-kobylu-pavla-horova","imagesUrls":["https://img.nehnutelnosti.sk/foto/NjAweDMzOC9maWx0ZXJzOnF1YWxpdHkoMTAwKS9uZWg=/UYh7ohtVJu_fss?st=2KErnmELXDvdIf7CieHpVvTSJtDbuH7BSirNpiArXkw&ts=1726383652&e=0","https://img.nehnutelnosti.sk/foto/MTUweDg0L2ZpbHRlcnM6cXVhbGl0eSgxMDApL25laA==/RbLjhvAEJ_fss?st=asJgQzXDNK5ewH9F5dL-kk3BCvOIh8XVhJATykaCN0U&ts=1726383652&e=0","https://img.nehnutelnosti.sk/foto/MTUweDg0L2ZpbHRlcnM6cXVhbGl0eSgxMDApL25laA==/xwtCtOw1J_fss?st=dkBun4wTYwaRk5K9n5mCa-g1dPTTMy-dfXeaSpOxp4E&ts=1726383650&e=0","https://img.nehnutelnosti.sk/foto/MTUweDg0L2ZpbHRlcnM6cXVhbGl0eSgxMDApL25laA==/uj1giunqP_fss?st=jUFSzZvs8Yss4o1lDN1G3dF4h5svLLRuXYSgtyGPrbg&ts=1726383649&e=0"]},{"title":"GERLACH REZORT - investujte do svojho pohodlia a financujte cez hypotéku!","address":"Družstevná, Gerlachov, Poprad, okres Poprad","rooms":4,"meters":88,"totalPrice":316128,"meterSquarePrice":0,"link":"https://www.nehnutelnosti.sk/detail/JuZhOoWmJVY/gerlach-rezort-investujte-do-svojho-pohodlia-a-financujte-cez-hypoteku","imagesUrls":["https://img.nehnutelnosti.sk/foto/NjAweDMzOC9maWx0ZXJzOnF1YWxpdHkoMTAwKS9uZWg=/YKy5W5Ui5_fss?st=2etpFoMK6_OI3hmnEk2jChAQgKvPES1vdBmysHuUwKE&ts=1665133389&e=0","https://img.nehnutelnosti.sk/foto/MTUweDg0L2ZpbHRlcnM6cXVhbGl0eSgxMDApL25laA==/rvFnFH4Lcl_fss?st=O6Aemh1vhx-JRcGQ9NUvdeK3RT1_QpxVocDF86yB42Q&ts=1665133392&e=0","https://img.nehnutelnosti.sk/foto/MTUweDg0L2ZpbHRlcnM6cXVhbGl0eSgxMDApL25laA==/yiLv-eVJm_fss?st=PId99BT_YcZqIOC-vD5CPMTlAr-HxEEoOT7O7C8LdNI&ts=1665133397&e=0","https://img.nehnutelnosti.sk/foto/MTUweDg0L2ZpbHRlcnM6cXVhbGl0eSgxMDApL25laA==/Z-qpqjUQB_fss?st=w9H0V66BJxJ32a83QyJWVV6nJ5-5ugRj-NNzvB-CB3k&ts=1665133400&e=0"]},{"title":"GERLACH REZORT - objavujte krásy našich Tatier a financujte svoj relax cez hypotéku.","address":"Družstevná, Gerlachov, Poprad, okres Poprad","rooms":2,"meters":55,"totalPrice":198888,"meterSquarePrice":4,"link":"https://www.nehnutelnosti.sk/detail/JuQnUr-epu_/gerlach-rezort-objavujte-krasy-nasich-tatier-a-financujte-svoj-relax-cez-hypoteku","imagesUrls":["https://img.nehnutelnosti.sk/foto/NjAweDMzOC9maWx0ZXJzOnF1YWxpdHkoMTAwKS9uZWg=/g7K4aEn9U_fss?st=UQ_zI42NBpdb4bOgME-qaTqUQyicN6Hu7Jggut1bQ2g&ts=1665132674&e=0","https://img.nehnutelnosti.sk/foto/MTUweDg0L2ZpbHRlcnM6cXVhbGl0eSgxMDApL25laA==/4zG6q4uJu_fss?st=lX6a4Ju5JjJQ6Bk3o72KdElDl6lkYqId0obQTPN7OcU&ts=1665132677&e=0","https://img.nehnutelnosti.sk/foto/MTUweDg0L2ZpbHRlcnM6cXVhbGl0eSgxMDApL25laA==/Qx2bCdJEG_fss?st=8fr4p-iufxVUyE94hYeP-22AcAmKHvuv85PF4XfQavY&ts=1665132679&e=0","https://img.nehnutelnosti.sk/foto/MTUweDg0L2ZpbHRlcnM6cXVhbGl0eSgxMDApL25laA==/iTurbsO-l_fss?st=sQLTPUdvfkxifQK0UknZ3hbN6UnZ8iD1tkx3FahJ3hQ&ts=1665132683&e=0"]},{"title":"Užívajte si aktívny oddych v blízkosti Vášho domova!","address":"Vrbenského, Bratislava III - Rača, okres Bratislava","rooms":3,"meters":80,"totalPrice":328080,"meterSquarePrice":2,"link":"https://www.nehnutelnosti.sk/detail/JuyPlB8Ey7e/uzivajte-si-aktivny-oddych-v-blizkosti-vasho-domova","imagesUrls":["https://img.nehnutelnosti.sk/foto/NjAweDMzOC9maWx0ZXJzOnF1YWxpdHkoMTAwKS9uZWg=/KEv3-rq9I_fss?st=m2Egsk3j2nIZEti0wunvvd2_z1EAsALo10AX4HTpjmc&ts=1707255538&e=0","https://img.nehnutelnosti.sk/foto/MTUweDg0L2ZpbHRlcnM6cXVhbGl0eSgxMDApL25laA==/H9KvYWlbo_fss?st=mayzDfrOa5v_KZB1mG8txSvcxhqi84cVrvMwBJjPBOQ&ts=1707255538&e=0","https://img.nehnutelnosti.sk/foto/MTUweDg0L2ZpbHRlcnM6cXVhbGl0eSgxMDApL25laA==/8znrEHsxu_fss?st=MRAqWacUoA1YQ2Oe6QL4JSfrFHpIyRiDtuom-YRM-eE&ts=1707255538&e=0","https://img.nehnutelnosti.sk/foto/MTUweDg0L2ZpbHRlcnM6cXVhbGl0eSgxMDApL25laA==/FxVWrid9N_fss?st=RAOZpqrPI8omwbXNlkWSlaS33hh-EEigFeZW2oizXG8&ts=1707255538&e=0"]},{"title":"GODDESS & ASSENZIO - EXKLUZÍVNE - PREDAJ 4-IZBOVÝ BYT 78 M2 S LOGGIOU - ULICA RAJECKÁ- PODUNAJSKÉ BI","address":"Rajecká, Bratislava II - Vrakuňa, okres Bratislava","rooms":4,"meters":78,"totalPrice":199900,"meterSquarePrice":2,"link":"https://www.nehnutelnosti.sk/detail/JuL6Hxo1Oz-/goddess-assenzio-exkluzivne-predaj-4-izbovy-byt-78-m2-s-loggiou-ulica-rajecka-podunajske-bi","imagesUrls":["https://img.nehnutelnosti.sk/foto/NjAweDMzOC9maWx0ZXJzOnF1YWxpdHkoMTAwKS9uZWg=/6zB9tZG-6_fss?st=PEDKajdQW-EqAULGpxOj0qAwPLRyoJXOddVXnFLQt_o&ts=1726230996&e=0","https://img.nehnutelnosti.sk/foto/MTUweDg0L2ZpbHRlcnM6cXVhbGl0eSgxMDApL25laA==/r9r03yOMl_fss?st=IpjlsA0bnFAAnr7sWBdUTUxsaVb4F4HFHrbyejKGwPk&ts=1726230996&e=0","https://img.nehnutelnosti.sk/foto/MTUweDg0L2ZpbHRlcnM6cXVhbGl0eSgxMDApL25laA==/zpD-HAGGl_fss?st=cfLB-Y12_5_HyNVzrvgh5NJZwH9Qgk97MTJYzIPyqR8&ts=1726230994&e=0","https://img.nehnutelnosti.sk/foto/MTUweDg0L2ZpbHRlcnM6cXVhbGl0eSgxMDApL25laA==/eDhBS8rq8_fss?st=TeFho5TOUWyYEemv-7Jmkn1XrY713BGEJ6LSsjL_JMQ&ts=1726230996&e=0"]},{"title":"VÝSTAVBA ZAHÁJENÁ!!! www.pristudnicke.sk","address":"Pri Suchom mlyne, Bratislava I - Staré Mesto, okres Bratislava","rooms":3,"meters":71,"totalPrice":340500,"meterSquarePrice":7,"link":"https://www.nehnutelnosti.sk/detail/Ju_nBFaoH1I/vystavba-zahajena-www-pristudnicke-sk","imagesUrls":["https://img.unitedclassifieds.sk/foto/NjAweDMzOC9maWx0ZXJzOnF1YWxpdHkoMTAwKS9qdWw=/lRmBROKTU_fss?st=PsaF15NSY5U2OjnBpKqsvS4S1Y6hd8N9Yp5HqNfYOks&ts=1715597380&e=0","https://img.unitedclassifieds.sk/foto/MTUweDg0L2ZpbHRlcnM6cXVhbGl0eSgxMDApL3JzZg==/OSl8MRzd4_fss?st=7NOxv4DxG4E-K7C5pymxdoL0bFsMI-SaXFBrsxRgJpQ&ts=1689943644&e=0","https://img.unitedclassifieds.sk/foto/MTUweDg0L2ZpbHRlcnM6cXVhbGl0eSgxMDApL3JzZg==/7wWfkB7F1_fss?st=AcLTDBY0YafN0XP--kOv0mmPESpe7sjD0W68vZWLwec&ts=1689943646&e=0","https://img.unitedclassifieds.sk/foto/MTUweDg0L2ZpbHRlcnM6cXVhbGl0eSgxMDApL3JzZg==/bMbrCmMLI_fss?st=Tj4gbCw_n0SRMy_lTvAIqV2Gb5jYXSLBN9X0LRnApYk&ts=1696931886&e=0"]}]