[{"title":"Na predaj 1izbový byt v Banskej Bystrici - Sásová","address":"Banská Bystrica, okres Banská Bystrica","rooms":1,"meters":36,"totalPrice":119000,"meterSquarePrice":6,"link":"https://www.nehnutelnosti.sk/detail/JuqQU6EBKr2f/na-predaj-1izbovy-byt-v-banskej-bystrici-sasova","imagesUrls":["https://img.nehnutelnosti.sk/foto/NjAweDMzOC9maWx0ZXJzOnF1YWxpdHkoMTAwKS9uZWg=/_8zPPaFZn_fss?st=Lkl8_kFHItLitjA2V4EjMNuJFMqmub4fk7F02i8IAV8&ts=1721987434&e=0"]},{"title":"Na predaj 1-izbový byt v centre Detvy- Exkluzívne","address":"Detva, okres Detva","rooms":1,"meters":41,"totalPrice":62000,"meterSquarePrice":0,"link":"https://www.nehnutelnosti.sk/detail/JurL6eH03L1/na-predaj-1-izbovy-byt-v-centre-detvy-exkluzivne","imagesUrls":["https://img.nehnutelnosti.sk/foto/NjAweDMzOC9maWx0ZXJzOnF1YWxpdHkoMTAwKS9uZWg=/fMOYesHaO_fss?st=4MVKgxI2MEooktuVOUhyCNTq5Bf0WN4qndVM5botYfg&ts=1726744343&e=0"]},{"title":"Na predaj 2,5i byt BB - THK - REZERVOVANÉ","address":"Banská Bystrica, okres Banská Bystrica","rooms":2,"meters":65,"totalPrice":134000,"meterSquarePrice":4,"link":"https://www.nehnutelnosti.sk/detail/Ju3oyG4Lo9_/na-predaj-2-5i-byt-bb-thk-rezervovane","imagesUrls":["https://img.nehnutelnosti.sk/foto/NjAweDMzOC9maWx0ZXJzOnF1YWxpdHkoMTAwKS9uZWg=/xPFHUVltH_fss?st=hX6h1xCNXW0HrQWgCAZcvw5t2b8INYU3lg6jpep3ZP4&ts=1722842580&e=0"]},{"title":"Na predaj krásny tehlový 2 izbový byt vo vyhľadávanej lokalite mesta Zvolen, ul. Janka Kráľa","address":"Zvolen, okres Zvolen","rooms":2,"meters":61,"totalPrice":132000,"meterSquarePrice":2,"link":"https://www.nehnutelnosti.sk/detail/JutjPXTQmV-/na-predaj-krasny-tehlovy-2-izbovy-byt-vo-vyhladavanej-lokalite-mesta-zvolen-ul-janka-krala","imagesUrls":["https://img.nehnutelnosti.sk/foto/NjAweDMzOC9maWx0ZXJzOnF1YWxpdHkoMTAwKS9uZWg=/gczaA77Os_fss?st=YHGSBFtFZsF8eQAFKKLxCXDxwmi7tGXTQEZNH9E76PQ&ts=1725995072&e=0"]},{"title":"Na predaj klenbový apartmán v Banskej Štiavnici","address":"Banská Štiavnica, okres Banská Štiavnica","rooms":null,"meters":72,"totalPrice":147000,"meterSquarePrice":7,"link":"https://www.nehnutelnosti.sk/detail/JucnRq4ovIa/na-predaj-klenbovy-apartman-v-banskej-stiavnici","imagesUrls":["https://img.nehnutelnosti.sk/foto/NjAweDMzOC9maWx0ZXJzOnF1YWxpdHkoMTAwKS9uZWg=/VLOJP8t1B_fss?st=z6tkTuETruhLWBu2MJk1rRVkT9RoYQlPEnO69AcIqDE&ts=1725529597&e=0"]},{"title":"Na predaj 2 izbový byt v Žiari nad Hronom","address":"Žiar nad Hronom, okres Žiar nad Hronom","rooms":2,"meters":58,"totalPrice":65000,"meterSquarePrice":9,"link":"https://www.nehnutelnosti.sk/detail/JuwqklUp6eT/na-predaj-2-izbovy-byt-v-ziari-nad-hronom","imagesUrls":["https://img.nehnutelnosti.sk/foto/NjAweDMzOC9maWx0ZXJzOnF1YWxpdHkoMTAwKS9uZWg=/D0ZK-vDFK_fss?st=OQqbgIM9BCT_dU1rd7LVO6eSBcZI7xDCdlGSZIkTpKg&ts=1725526360&e=0"]},{"title":"Na predaj 2 izbový byt v Žiari nad Hronom","address":"Žiar nad Hronom, okres Žiar nad Hronom","rooms":2,"meters":58,"totalPrice":65000,"meterSquarePrice":9,"link":"https://www.nehnutelnosti.sk/detail/JueK58HU9n5/na-predaj-2-izbovy-byt-v-ziari-nad-hronom","imagesUrls":["https://img.nehnutelnosti.sk/foto/NjAweDMzOC9maWx0ZXJzOnF1YWxpdHkoMTAwKS9uZWg=/Td8avojt2_fss?st=Ld0xrxCoHuuJo-Dtw53qU3Zj9TczoPjk24eFKkQp4ME&ts=1721035625&e=0"]},{"title":"Na predaj 3 izbový po kompl. rekonštrukcii v Banskej Bystrici, ul. Rudohorská","address":"Banská Bystrica, okres Banská Bystrica","rooms":3,"meters":78,"totalPrice":160000,"meterSquarePrice":9,"link":"https://www.nehnutelnosti.sk/detail/Jute9sDUbmr/na-predaj-3-izbovy-po-kompl-rekonstrukcii-v-banskej-bystrici-ul-rudohorska","imagesUrls":["https://img.nehnutelnosti.sk/foto/NjAweDMzOC9maWx0ZXJzOnF1YWxpdHkoMTAwKS9uZWg=/qd6vRJ-ft_fss?st=wL9xRh8pfoNm9el8lfisPe21LVY7x7WV_2ky5WUoPgs&ts=1725996060&e=0"]},{"title":"Na predaj 2-izbový byt, Lieskovec","address":"Zvolen, okres Zvolen","rooms":2,"meters":66,"totalPrice":103000,"meterSquarePrice":1,"link":"https://www.nehnutelnosti.sk/detail/JuJTpo_WL61/na-predaj-2-izbovy-byt-lieskovec","imagesUrls":["https://img.nehnutelnosti.sk/foto/NjAweDMzOC9maWx0ZXJzOnF1YWxpdHkoMTAwKS9uZWg=/t_agnWh104_fss?st=L3Bi3diPzf_moz1X6kskaoP8xgeHKeRKxDSDw-5j7u0&ts=1720690600&e=0"]},{"title":"Na predaj 3 izbový byt - novostavba s veľkou predzáhradkou v meste Detva","address":"Detva, okres Detva","rooms":3,"meters":56,"totalPrice":148800,"meterSquarePrice":3,"link":"https://www.nehnutelnosti.sk/detail/JuapqNfeTVw/na-predaj-3-izbovy-byt-novostavba-s-velkou-predzahradkou-v-meste-detva","imagesUrls":["https://img.nehnutelnosti.sk/foto/NjAweDMzOC9maWx0ZXJzOnF1YWxpdHkoMTAwKS9uZWg=/6GcyNkKV8_fss?st=79KP-5lq5-LiW_jvzNN8__hFo7NxFYghMD_rwzOmHq0&ts=1725996054&e=0"]},{"title":"PREDAJ 2 izb. byt Sídlisko, Banská Bystrica","address":"Banská Bystrica, okres Banská Bystrica","rooms":2,"meters":64,"totalPrice":179000,"meterSquarePrice":8,"link":"https://www.nehnutelnosti.sk/detail/JuWWzxk_vpn/predaj-2-izb-byt-sidlisko-banska-bystrica","imagesUrls":["https://img.nehnutelnosti.sk/foto/NjAweDMzOC9maWx0ZXJzOnF1YWxpdHkoMTAwKS9uZWg=/Um4VEng8lL_fss?st=r-P6l-bccqFA77emXdqJqQu54zvtLAayTbRLkPGgW-I&ts=1721376180&e=0"]},{"title":"Predaj 2i bytu s potenciálom na Rúbanisku I v meste Lučenec","address":"Lučenec, okres Lučenec","rooms":2,"meters":55,"totalPrice":61800,"meterSquarePrice":4,"link":"https://www.nehnutelnosti.sk/detail/JugmseTMnxm/predaj-2i-bytu-s-potencialom-na-rubanisku-i-v-meste-lucenec","imagesUrls":["https://img.nehnutelnosti.sk/foto/NjAweDMzOC9maWx0ZXJzOnF1YWxpdHkoMTAwKS9uZWg=/f4tz3XYDXP_fss?st=2kA1u9Hpjny3p3bh4mB2voHFhTDiH-b99vZZSlivlzk&ts=1724678705&e=0"]},{"title":"Na predaj 3 izbový byt v prekrásnom prevedení v blízkosti mesta Brezna, obec Závadka nad Hronom","address":"Závadka nad Hronom, okres Brezno","rooms":3,"meters":60,"totalPrice":65800,"meterSquarePrice":7,"link":"https://www.nehnutelnosti.sk/detail/Ju0ssaXNDRV/na-predaj-3-izbovy-byt-v-prekrasnom-prevedeni-v-blizkosti-mesta-brezna-obec-zavadka-nad-hronom","imagesUrls":["https://img.nehnutelnosti.sk/foto/NjAweDMzOC9maWx0ZXJzOnF1YWxpdHkoMTAwKS9uZWg=/zGTcC9DcK_fss?st=g3FGYGOWeZV2M_YvyXTeMZTm1YJhR6jmtN703RglzYo&ts=1719931840&e=0"]},{"title":"predaj 2 izbový Rúbanisko I, Lučenec","address":"Lučenec, okres Lučenec","rooms":2,"meters":46,"totalPrice":82200,"meterSquarePrice":6,"link":"https://www.nehnutelnosti.sk/detail/Juy5YCqlN4-/predaj-2-izbovy-rubanisko-i-lucenec","imagesUrls":["https://img.nehnutelnosti.sk/foto/NjAweDMzOC9maWx0ZXJzOnF1YWxpdHkoMTAwKS9uZWg=/Xjn8lU9WIl_fss?st=qNowlm_m3moQsqZmhp-aNox_kMOnCS24iM49nMeZpuI&ts=1719423619&e=0"]},{"title":"predaj 2 izbový byt Rúbanisko I, Lučenec","address":"Lučenec, okres Lučenec","rooms":2,"meters":46,"totalPrice":88480,"meterSquarePrice":8,"link":"https://www.nehnutelnosti.sk/detail/Ju9NL6Y4Med/predaj-2-izbovy-byt-rubanisko-i-lucenec","imagesUrls":["https://img.nehnutelnosti.sk/foto/NjAweDMzOC9maWx0ZXJzOnF1YWxpdHkoMTAwKS9uZWg=/3F2l4MeCM_fss?st=Gmknu_55Fj70jxt8xM93Ut_flLopFum-nO09xMkQZR4&ts=1720205037&e=0"]},{"title":"predaj 2 izbový byt Rúbanisko II Lučenec","address":"Lučenec, okres Lučenec","rooms":2,"meters":36,"totalPrice":74990,"meterSquarePrice":6,"link":"https://www.nehnutelnosti.sk/detail/JujjMYlXU4T/predaj-2-izbovy-byt-rubanisko-ii-lucenec","imagesUrls":["https://img.nehnutelnosti.sk/foto/NjAweDMzOC9maWx0ZXJzOnF1YWxpdHkoMTAwKS9uZWg=/PanrjWm3LC_fss?st=zPUsVnIkDf6MnGRu2ANNLTy94gUhCHmhN3FDXZJeMn4&ts=1719420517&e=0"]},{"title":"PREDAJ 2 izb. byt Sídlisko, Banská Bystrica","address":"Banská Bystrica, okres Banská Bystrica","rooms":2,"meters":64,"totalPrice":179000,"meterSquarePrice":8,"link":"https://www.nehnutelnosti.sk/detail/Ju1TJeSK0e3/predaj-2-izb-byt-sidlisko-banska-bystrica","imagesUrls":[]},{"title":"Predaj 3 izbového bytu v meste Levice","address":"Levice, okres Levice","rooms":3,"meters":74,"totalPrice":108000,"meterSquarePrice":6,"link":"https://www.nehnutelnosti.sk/detail/JuywkjDWt3R/predaj-3-izboveho-bytu-v-meste-levice","imagesUrls":["https://img.nehnutelnosti.sk/foto/NjAweDMzOC9maWx0ZXJzOnF1YWxpdHkoMTAwKS9uZWg=/2zAkkGUBk1_fss?st=IMZdeFM5trUkOr_7DgqeeLhcDCUZUfKZAVjHRhyAkcw&ts=1724678708&e=0"]},{"title":"Na predaj 3-izbový byt s balkónom na Školskej ulici v Hriňovej","address":"Hriňová, okres Detva","rooms":3,"meters":62,"totalPrice":86990,"meterSquarePrice":6,"link":"https://www.nehnutelnosti.sk/detail/JurbiVKCDDA/na-predaj-3-izbovy-byt-s-balkonom-na-skolskej-ulici-v-hrinovej","imagesUrls":["https://img.nehnutelnosti.sk/foto/NjAweDMzOC9maWx0ZXJzOnF1YWxpdHkoMTAwKS9uZWg=/mKjfMnf60_fss?st=qKu245c1wxHpTMB9JAvXa4IwIx_tNCgnQ7HZVancVHk&ts=1725447682&e=0"]},{"title":"Na predaj 3i byt na IBV s terasou v Žiari nad Hronom","address":"Žiar nad Hronom, okres Žiar nad Hronom","rooms":3,"meters":106,"totalPrice":253000,"meterSquarePrice":9,"link":"https://www.nehnutelnosti.sk/detail/JuXEUPrX4e0/na-predaj-3i-byt-na-ibv-s-terasou-v-ziari-nad-hronom","imagesUrls":["https://img.nehnutelnosti.sk/foto/NjAweDMzOC9maWx0ZXJzOnF1YWxpdHkoMTAwKS9uZWg=/UY7ckOABM2_fss?st=MRG2UcNSI8Y2jH-xO6xQXy1SzIBS2eQsUmLqEWipth8&ts=1725526340&e=0"]},{"title":"Moderný 2 izbový byt na predaj v obci Závadka nad Hronom","address":"Závadka nad Hronom, okres Brezno","rooms":2,"meters":58,"totalPrice":52000,"meterSquarePrice":5,"link":"https://www.nehnutelnosti.sk/detail/JuH81oAr8OF/moderny-2-izbovy-byt-na-predaj-v-obci-zavadka-nad-hronom","imagesUrls":["https://img.nehnutelnosti.sk/foto/NjAweDMzOC9maWx0ZXJzOnF1YWxpdHkoMTAwKS9uZWg=/oIJQefKN-v_fss?st=dDAw-RRPzUt2w3pCLjTgvWbzFhkSZPSPlax0gBGwY6I&ts=1718383427&e=0"]},{"title":"Na predaj 3i byt VNKS BB - Sásová","address":"Banská Bystrica, okres Banská Bystrica","rooms":3,"meters":70,"totalPrice":125000,"meterSquarePrice":1,"link":"https://www.nehnutelnosti.sk/detail/JuiB-qJ5tkW/na-predaj-3i-byt-vnks-bb-sasova","imagesUrls":[]},{"title":"2 izbový byt","address":"Lučenec, okres Lučenec","rooms":2,"meters":40,"totalPrice":55000,"meterSquarePrice":5,"link":"https://www.nehnutelnosti.sk/detail/JuemxoBjURV/2-izbovy-byt","imagesUrls":["https://img.nehnutelnosti.sk/foto/NjAweDMzOC9maWx0ZXJzOnF1YWxpdHkoMTAwKS9uZWg=/1eacrg_473_fss?st=qDNjljjAnc1UMKTnQvwJgMjdBO1OkmXmYdw_M2THlbQ&ts=1722414439&e=0"]},{"title":"PREDAJ Bytov Rezidencia Severná,okres Banská Bystrica","address":"Banská Bystrica, okres Banská Bystrica","rooms":2,"meters":57,"totalPrice":null,"meterSquarePrice":null,"link":"https://www.nehnutelnosti.sk/detail/JuW_U0KpTtt/predaj-bytov-rezidencia-severna-okres-banska-bystrica","imagesUrls":["https://img.nehnutelnosti.sk/foto/NjAweDMzOC9maWx0ZXJzOnF1YWxpdHkoMTAwKS9uZWg=/oF5YIwL-dm_fss?st=Ibxb29JaQQVApgDrjpDXqflAUidS05DUE4MpGbiv2eE&ts=1721733727&e=0"]},{"title":"Na predaj 3i byt, Veľký Krtíš","address":"Veľký Krtíš, okres Veľký Krtíš","rooms":3,"meters":65,"totalPrice":29000,"meterSquarePrice":5,"link":"https://www.nehnutelnosti.sk/detail/JupeTT_G2jn/na-predaj-3i-byt-velky-krtis","imagesUrls":["https://img.nehnutelnosti.sk/foto/NjAweDMzOC9maWx0ZXJzOnF1YWxpdHkoMTAwKS9uZWg=/_J11MJyky_fss?st=QsmjjhyogNS5pbQ2sobqJsKIq4tbVZUbm08ZmmdJTBk&ts=1717054672&e=0"]},{"title":"Na predaj 2,5 izbový byt + balkón vo Zvolene, ul. J. Jesenského","address":"Zvolen, okres Zvolen","rooms":2,"meters":63,"totalPrice":118000,"meterSquarePrice":0,"link":"https://www.nehnutelnosti.sk/detail/JuDmHof5_lz/na-predaj-2-5-izbovy-byt-balkon-vo-zvolene-ul-j-jesenskeho","imagesUrls":["https://img.nehnutelnosti.sk/foto/NjAweDMzOC9maWx0ZXJzOnF1YWxpdHkoMTAwKS9uZWg=/-fDp5j2x6_fss?st=N-pIU9m6yzdB-tA58ibbb2MOWWRyA1uRFZfBHLhTzfs&ts=1725996044&e=0"]},{"title":"predaj 2 izbový byt","address":"Lučenec, okres Lučenec","rooms":2,"meters":36,"totalPrice":76220,"meterSquarePrice":2,"link":"https://www.nehnutelnosti.sk/detail/JuQzEBY8KS_/predaj-2-izbovy-byt","imagesUrls":[]},{"title":"2 izbový byt","address":"Veľký Krtíš, okres Veľký Krtíš","rooms":2,"meters":48,"totalPrice":25000,"meterSquarePrice":3,"link":"https://www.nehnutelnosti.sk/detail/JuXYqp7coOl/2-izbovy-byt","imagesUrls":["https://img.nehnutelnosti.sk/foto/NjAweDMzOC9maWx0ZXJzOnF1YWxpdHkoMTAwKS9uZWg=/jEixqeysg_fss?st=DHi4vcM7NYlkpr8jPjL5-WuDp5OCB175DY4s4wKtwd0&ts=1716876106&e=0"]},{"title":"3 izbový byt","address":"Lučenec, okres Lučenec","rooms":3,"meters":57,"totalPrice":92700,"meterSquarePrice":2,"link":"https://www.nehnutelnosti.sk/detail/JucD0pQr-D6/3-izbovy-byt","imagesUrls":["https://img.nehnutelnosti.sk/foto/NjAweDMzOC9maWx0ZXJzOnF1YWxpdHkoMTAwKS9uZWg=/E2327CAU2_fss?st=5kUqqvLf_PF3wD3HCNUuQ7tRxdzwXazqx3gcAF7aSes&ts=1716881058&e=0"]},{"title":"Veľký 1i byt s balkónom na predaj","address":"Banská Bystrica, okres Banská Bystrica","rooms":1,"meters":40,"totalPrice":107000,"meterSquarePrice":5,"link":"https://www.nehnutelnosti.sk/detail/JurTx5Qgwhr/velky-1i-byt-s-balkonom-na-predaj","imagesUrls":["https://img.nehnutelnosti.sk/foto/NjAweDMzOC9maWx0ZXJzOnF1YWxpdHkoMTAwKS9uZWg=/82sfyR0a3P_fss?st=bYGjt77pxs8z953DoYi5c_RvC-_0i8kLWEICUlH6j9o&ts=1716844818&e=0"]}]