[{"title":"BOSEN | Predaj luxusných apartmánov vo Vysokých Tatrách","address":"Lúčna, Štrba, okres Poprad","rooms":null,"meters":270,"totalPrice":499000,"meterSquarePrice":4,"link":"https://www.nehnutelnosti.sk/detail/JuEx12hGVG3/bosen-predaj-luxusnych-apartmanov-vo-vysokych-tatrach","imagesUrls":["https://img.nehnutelnosti.sk/foto/NjAweDMzOC9maWx0ZXJzOnF1YWxpdHkoMTAwKS9uZWg=/NRK6F49qKp_fss?st=lnGUmIyHzxJsYyRtAt6qOpANPuvodiTql_KG6nTHPYU&ts=1722908343&e=0"]},{"title":"REZERVOVANÉ | BOSEN | 3 izbový byt so záhradou a garážou, Šáchorova-Vajnory, 111m2","address":"Šachorová, Bratislava III - Vajnory, okres Bratislava","rooms":3,"meters":111,"totalPrice":239900,"meterSquarePrice":6,"link":"https://www.nehnutelnosti.sk/detail/JuHJSokSpUl3/rezervovane-bosen-3-izbovy-byt-so-zahradou-a-garazou-sachorova-vajnory-111m2","imagesUrls":["https://img.nehnutelnosti.sk/foto/NjAweDMzOC9maWx0ZXJzOnF1YWxpdHkoMTAwKS9uZWg=/HvkglvpUU_fss?st=qqBylgJ39IDMCTE6JyEuzzM66kupKJgJ--SZg1VHF-o&ts=1718448268&e=0"]},{"title":"BOSEN | 4-izbový byt za výhodnú cenu, Rúbanisko 3, Lučenec, 72m2","address":"Rúbanisko, Lučenec, okres Lučenec","rooms":4,"meters":72,"totalPrice":66500,"meterSquarePrice":1,"link":"https://www.nehnutelnosti.sk/detail/JuNbjt2Gc-m/bosen-4-izbovy-byt-za-vyhodnu-cenu-rubanisko-3-lucenec-72m2","imagesUrls":["https://img.nehnutelnosti.sk/foto/NjAweDMzOC9maWx0ZXJzOnF1YWxpdHkoMTAwKS9uZWg=/yZcktV00f_fss?st=F0_8UeUQ7mcSN62MP27GMgxE1JO1_2Cc_fU_KOr9dmc&ts=1726784764&e=0"]},{"title":"BOSEN | Skvelý 2 izb.byt v štandarde v novom projekte MIKO, Mikovíniho, 57 m2","address":"Mikovíniho, Trnava, okres Trnava","rooms":2,"meters":57,"totalPrice":149990,"meterSquarePrice":3,"link":"https://www.nehnutelnosti.sk/detail/JumL7Id3NyN/bosen-skvely-2-izb-byt-v-standarde-v-novom-projekte-miko-mikoviniho-57-m2","imagesUrls":["https://img.nehnutelnosti.sk/foto/NjAweDMzOC9maWx0ZXJzOnF1YWxpdHkoMTAwKS9uZWg=/S6chNv4ro_fss?st=nIjGJtSbVIlTDbEEgeBo6J4LDI087cX4XQow3iUKzFg&ts=1725395457&e=0"]},{"title":"BOSEN | 4 izb.mezonetový byt vo výnimočnom projekte, dve kúpelne, Svätý Jur, Hergottova, 117 m2","address":"Hergottova, Svätý Jur, okres Pezinok","rooms":4,"meters":117,"totalPrice":339900,"meterSquarePrice":3,"link":"https://www.nehnutelnosti.sk/detail/Juvnu-rXY8fm/bosen-4-izb-mezonetovy-byt-vo-vynimocnom-projekte-dve-kupelne-svaty-jur-hergottova-117-m2","imagesUrls":["https://img.nehnutelnosti.sk/foto/NjAweDMzOC9maWx0ZXJzOnF1YWxpdHkoMTAwKS9uZWg=/L_gYF87dE_fss?st=K3-DyHMBsd8XoK_2yZ6HYLj4oFSCm22_OutzsPR-BF8&ts=1724751976&e=0"]},{"title":"BOSEN | Jedinečné byty v novom projekte pri centre - HERGOTTOVA, Svätý Jur, Hergottova ulica, 145 m2","address":"Hergottova, Svätý Jur, okres Pezinok","rooms":3,"meters":99,"totalPrice":339900,"meterSquarePrice":3,"link":"https://www.nehnutelnosti.sk/detail/JudApVJlnLW/bosen-jedinecne-byty-v-novom-projekte-pri-centre-hergottova-svaty-jur-hergottova-ulica-145-m2","imagesUrls":["https://img.nehnutelnosti.sk/foto/NjAweDMzOC9maWx0ZXJzOnF1YWxpdHkoMTAwKS9uZWg=/CwWBfruBj_fss?st=Mjp9MS2c4pN0YNA8MVjaqRGTsaGh954oFnyu0VZccrg&ts=1724761469&e=0"]},{"title":"BOSEN | 2 izb.byt s terasou a parkingom v novom projekte Noemis, Štandard, Stupava, 67 m2","address":"Cementárenská, Stupava, okres Malacky","rooms":2,"meters":66,"totalPrice":140900,"meterSquarePrice":8,"link":"https://www.nehnutelnosti.sk/detail/JuCOstGLl5F/bosen-2-izb-byt-s-terasou-a-parkingom-v-novom-projekte-noemis-standard-stupava-67-m2","imagesUrls":["https://img.nehnutelnosti.sk/foto/NjAweDMzOC9maWx0ZXJzOnF1YWxpdHkoMTAwKS9uZWg=/1ct2Jowv6b_fss?st=WqLdZ920FdZfY525a0W3AHvBAf7NMKNn769hWv-nB6c&ts=1717827773&e=0"]},{"title":"BOSEN | 4 izb.mezonet s veľkou terasou, krásny výhľad, vlastný výťah, dve kúpelne, Svätý Jur, Hergot","address":"Hergottova, Svätý Jur, okres Pezinok","rooms":4,"meters":145,"totalPrice":389900,"meterSquarePrice":7,"link":"https://www.nehnutelnosti.sk/detail/JuSWpjqdt_T/bosen-4-izb-mezonet-s-velkou-terasou-krasny-vyhlad-vlastny-vytah-dve-kupelne-svaty-jur-hergot","imagesUrls":["https://img.nehnutelnosti.sk/foto/NjAweDMzOC9maWx0ZXJzOnF1YWxpdHkoMTAwKS9uZWg=/QFmg-0QeZ_fss?st=wa09DIfHQy7qePL9txhKPdMc0f4DN6ux8s0l-3IsffA&ts=1726825731&e=0"]},{"title":"BOSEN | 4 izb.mezonet s balkónom, štandard v cene, vlastný výťah, dve kúpeľne, Svätý Jur, Hergottova","address":"Hergottova, Svätý Jur, okres Pezinok","rooms":4,"meters":117,"totalPrice":375900,"meterSquarePrice":2,"link":"https://www.nehnutelnosti.sk/detail/Ju9ewzz514f/bosen-4-izb-mezonet-s-balkonom-standard-v-cene-vlastny-vytah-dve-kupelne-svaty-jur-hergottova","imagesUrls":["https://img.nehnutelnosti.sk/foto/NjAweDMzOC9maWx0ZXJzOnF1YWxpdHkoMTAwKS9uZWg=/fRN6MBH1A4_fss?st=BO9LD8QSdg3oJxgjUFNLkkcJEZPvEVmwQj2KjEIrbMc&ts=1726966594&e=0"]},{"title":"REZERVOVANÉ - BOSEN | 2 izbový byt, rekonštrukcia s kuchyňou, Bakošova, Lamač","address":"Bakošova, Bratislava IV - Lamač, okres Bratislava","rooms":2,"meters":43,"totalPrice":149999,"meterSquarePrice":5,"link":"https://www.nehnutelnosti.sk/detail/Jud7sZCDvfo/rezervovane-bosen-2-izbovy-byt-rekonstrukcia-s-kuchynou-bakosova-lamac","imagesUrls":["https://img.nehnutelnosti.sk/foto/NjAweDMzOC9maWx0ZXJzOnF1YWxpdHkoMTAwKS9uZWg=/_FRG-0Pt0a_fss?st=vnmZuEwKfVfrXjAXO6grrv6HrZpTGn6T5Z4T-DHwa-4&ts=1717581192&e=0"]},{"title":"BOSEN | Kompletne zariadený 1 izb.byt s balkónom v novostavbe, Ružinov, 34 m2","address":"Ivanská cesta, Bratislava II - Ružinov, okres Bratislava","rooms":1,"meters":34,"totalPrice":144900,"meterSquarePrice":6,"link":"https://www.nehnutelnosti.sk/detail/Juzy1P92D97/bosen-kompletne-zariadeny-1-izb-byt-s-balkonom-v-novostavbe-ruzinov-34-m2","imagesUrls":["https://img.nehnutelnosti.sk/foto/NjAweDMzOC9maWx0ZXJzOnF1YWxpdHkoMTAwKS9uZWg=/KcsiZaOjiY_fss?st=2DF7MqhJM0ZVFED_PFrko2pgxyOGpBgUE-dHtZk758Q&ts=1717581190&e=0"]},{"title":"Na predaj kompletne zrekonštruovaný 3 izbový byt v centre mesta TRNAVA","address":"Ulica Ľudmily Podjavorinskej, Trnava, okres Trnava","rooms":3,"meters":69,"totalPrice":219000,"meterSquarePrice":1,"link":"https://www.nehnutelnosti.sk/detail/JuAeJxX0Hhw/na-predaj-kompletne-zrekonstruovany-3-izbovy-byt-v-centre-mesta-trnava","imagesUrls":["https://img.unitedclassifieds.sk/foto/NjAweDMzOC9maWx0ZXJzOnF1YWxpdHkoMTAwKS9qdWw=/CPebGnl-2_fss?st=JJAWbwmAEdFeOfurwYLCNEB319ITGvLnwiz-uT6QN2g&ts=1726658224&e=0"]},{"title":"NA PREDAJ 1 izbový BYT, NOVÉ ZÁMKY","address":"Nové Zámky, okres Nové Zámky","rooms":1,"meters":36,"totalPrice":62000,"meterSquarePrice":6,"link":"https://www.nehnutelnosti.sk/detail/Ju6QrHt7z6L/na-predaj-1-izbovy-byt-nove-zamky","imagesUrls":["https://img.nehnutelnosti.sk/foto/NjAweDMzOC9maWx0ZXJzOnF1YWxpdHkoMTAwKS9uZWg=/2zYcErDqa_fss?st=-HWtrOW3duOcAg1eRBZptuJQFwD-GLUoIxYIcCRYm9Y&ts=1726828258&e=0"]},{"title":"Predaj 1 i byt s lóggiou v Sásovej/ Banská Bystrica","address":"Tatranská, Banská Bystrica, okres Banská Bystrica","rooms":1,"meters":40,"totalPrice":79900,"meterSquarePrice":5,"link":"https://www.nehnutelnosti.sk/detail/JuctCYgpy_t/predaj-1-i-byt-s-loggiou-v-sasovej-banska-bystrica","imagesUrls":["https://img.nehnutelnosti.sk/foto/NjAweDMzOC9maWx0ZXJzOnF1YWxpdHkoMTAwKS9uZWg=/ic9SiFHn81_fss?st=6C7yJv740f8SPEWPb67sn-EaVgw768GznZ6BVAW3TA4&ts=1726657781&e=0"]},{"title":"Ponúkame na predaj 1 izbový byt na ul. P. Horova","address":"Pavla Horova, Bratislava IV - Devínska Nová Ves, okres Bratislava","rooms":1,"meters":41,"totalPrice":124900,"meterSquarePrice":4,"link":"https://www.nehnutelnosti.sk/detail/JuxbBExW-x4/ponukame-na-predaj-1-izbovy-byt-na-ul-p-horova","imagesUrls":["https://img.unitedclassifieds.sk/foto/NjAweDMzOC9maWx0ZXJzOnF1YWxpdHkoMTAwKS9qdWw=/tKjHa4HfC_fss?st=VLXjVp9jMINAoQUh-B4WES-wfUFZoqXwF1NoQ1bJS4w&ts=1726657419&e=0"]},{"title":"Predám 3 izbový byt s 2 balkónmi v Nových Zámkoch","address":"centrum, Nové Zámky, okres Nové Zámky","rooms":3,"meters":73,"totalPrice":112800,"meterSquarePrice":1,"link":"https://www.nehnutelnosti.sk/detail/JuBHlK52XcX/predam-3-izbovy-byt-s-2-balkonmi-v-novych-zamkoch","imagesUrls":["https://img.nehnutelnosti.sk/foto/NjAweDMzOC9maWx0ZXJzOnF1YWxpdHkoMTAwKS9uZWg=/ot3aneRh9_fss?st=e099z-RZlR92S44HJgvrV_sYWRMQ4-EgIOxmxeVyyUs&ts=1726657417&e=0"]},{"title":"PREDANÉ Na predaj 3 izbový byt v novostavbe vo vyhľadávanej lokalite Bratislavy – Petržalka – Slnečn","address":"Zuzany Chalupovej, Bratislava V - Petržalka, okres Bratislava","rooms":3,"meters":72,"totalPrice":280000,"meterSquarePrice":1,"link":"https://www.nehnutelnosti.sk/detail/Juats1utV1A/predane-na-predaj-3-izbovy-bytv-novostavbe-vo-vyhladavanejlokalite-bratislavy-petrzalka-slnecn","imagesUrls":["https://img.nehnutelnosti.sk/foto/NjAweDMzOC9maWx0ZXJzOnF1YWxpdHkoMTAwKS9uZWg=/n7-7b7OaS_fss?st=yqbYmmh87GsjQaPZHirBruvgb9XFd6Ir1crU1XFvMLk&ts=1717559888&e=0"]},{"title":"Na predaj 3 izbový byt, ul. Kollárová, Dubnica nad Váhom","address":"Kollárová 1303, Dubnica nad Váhom, okres Ilava","rooms":3,"meters":67,"totalPrice":125000,"meterSquarePrice":7,"link":"https://www.nehnutelnosti.sk/detail/Ju1YVsU6ua2/na-predaj-3-izbovy-byt-ul-kollarova-dubnica-nad-vahom","imagesUrls":["https://img.nehnutelnosti.sk/foto/NjAweDMzOC9maWx0ZXJzOnF1YWxpdHkoMTAwKS9uZWg=/KgrGxDutYs_fss?st=cZjABIUpvsK4jE0Rljzi3S-dnbn3XSLf2gzEOfb6Tmg&ts=1726657000&e=0"]},{"title":"APEX reality 2i. v novostavbe s veľkou terasou - Zelené átrium, 42 m2","address":"Štefana Moyzesa, Trnava, okres Trnava","rooms":2,"meters":42,"totalPrice":149000,"meterSquarePrice":2,"link":"https://www.nehnutelnosti.sk/detail/JuVM4fA2_As/apex-reality-2i-v-novostavbe-s-velkou-terasou-zelene-atrium-42-m2","imagesUrls":["https://img.nehnutelnosti.sk/foto/NjAweDMzOC9maWx0ZXJzOnF1YWxpdHkoMTAwKS9uZWg=/ZekZkLFaPf_fss?st=rvqP0Xvngq-cXF0x12PYW7aspGfek7_SK72T5qnoPnE&ts=1726656989&e=0"]},{"title":"2 izbový Staromestský byt na predaj - Malá Praha","address":"Zimná, Košice I - Staré Mesto, okres Košice","rooms":2,"meters":46,"totalPrice":168000,"meterSquarePrice":7,"link":"https://www.nehnutelnosti.sk/detail/Ju9KuIGfKpF/2-izbovy-staromestsky-byt-na-predaj-mala-praha","imagesUrls":["https://img.nehnutelnosti.sk/foto/NjAweDMzOC9maWx0ZXJzOnF1YWxpdHkoMTAwKS9uZWg=/SpYQq3GG0_fss?st=BCVUFGD0712VODF7gVX2ifnR059EiNqbVhdF2NuQ0ko&ts=1726656986&e=0"]},{"title":"4-izbový apartmán, 268 m2, rezidencia Kristoff Plaza, Trenčianske Teplice","address":"Nádražná, Trenčianske Teplice, okres Trenčín","rooms":null,"meters":268,"totalPrice":650000,"meterSquarePrice":7,"link":"https://www.nehnutelnosti.sk/detail/Ju7MmfBbhBV/4-izbovy-apartman-268-m2-rezidencia-kristoff-plaza-trencianske-teplice","imagesUrls":["https://img.nehnutelnosti.sk/foto/NjAweDMzOC9maWx0ZXJzOnF1YWxpdHkoMTAwKS9uZWg=/ccf0pkIXL_fss?st=MID9UaAHa1ltth3PQx-6K9pl0a_VsVJn107v8WWSkE8&ts=1726656981&e=0"]},{"title":"NA PREDAJ pekný 3 izbový byt v Nových Zámkoch.","address":"Nové Zámky, okres Nové Zámky","rooms":3,"meters":74,"totalPrice":118000,"meterSquarePrice":9,"link":"https://www.nehnutelnosti.sk/detail/Juy7JVzxfPIp/na-predaj-pekny-3-izbovy-byt-v-novych-zamkoch","imagesUrls":["https://img.nehnutelnosti.sk/foto/NjAweDMzOC9maWx0ZXJzOnF1YWxpdHkoMTAwKS9uZWg=/aI9_uH7zD_fss?st=BBizQhvej9Qi2wUkYr-qV6ri1l3ox369yASBT6NlZ2s&ts=1726656963&e=0"]},{"title":"NA PREDAJ 3-IZ. BYT so záhradou a garážou v Nových Zámkoch.","address":"Nové Zámky, okres Nové Zámky","rooms":3,"meters":67,"totalPrice":133000,"meterSquarePrice":7,"link":"https://www.nehnutelnosti.sk/detail/JucXuCB3s6r/na-predaj-3-iz-byt-so-zahradou-a-garazou-v-novych-zamkoch","imagesUrls":["https://img.nehnutelnosti.sk/foto/NjAweDMzOC9maWx0ZXJzOnF1YWxpdHkoMTAwKS9uZWg=/_UAXzD9Da_fss?st=m_RRlU4amR5cmUYBi_cg1ymaLgrL8aUo4HkWT7IUkNA&ts=1726656958&e=0"]},{"title":"NA PREDAJ 3-izbový byt so záhradou a garážou v Nesvadoch","address":"Nesvady, okres Komárno","rooms":3,"meters":78,"totalPrice":93000,"meterSquarePrice":1,"link":"https://www.nehnutelnosti.sk/detail/Ju7zJjdHncI/na-predaj-3-izbovy-byt-so-zahradou-a-garazou-v-nesvadoch","imagesUrls":["https://img.nehnutelnosti.sk/foto/NjAweDMzOC9maWx0ZXJzOnF1YWxpdHkoMTAwKS9uZWg=/0DdanqaaFE_fss?st=9zmFJBzqligXmoU5J0HCUGWmeF60fCcFkj8Lv8EXYAA&ts=1726656954&e=0"]},{"title":"ZNÍŽENÁ CENA !!!!! Exkluzívne NA PREDAJ veľký 2 izbový byt v Šali.","address":"Jazerná, Šaľa, okres Šaľa","rooms":2,"meters":74,"totalPrice":88000,"meterSquarePrice":9,"link":"https://www.nehnutelnosti.sk/detail/Ju4BU8vP1_j/znizena-cena-exkluzivne-na-predaj-velky-2-izbovy-byt-v-sali","imagesUrls":["https://img.nehnutelnosti.sk/foto/NjAweDMzOC9maWx0ZXJzOnF1YWxpdHkoMTAwKS9uZWg=/fDKDnSVslD_fss?st=hWbEKZt8O9dZ8ZfPl4ruFlw5cTvTs8ThLEQ-_gQxMWA&ts=1726656949&e=0"]},{"title":"3-izbový byt v štvorbytovke , 73 m2","address":"č.d.  422, Komoča, okres Nové Zámky","rooms":3,"meters":73,"totalPrice":57000,"meterSquarePrice":2,"link":"https://www.nehnutelnosti.sk/detail/Ju26t36GZev/3-izbovy-byt-v-stvorbytovke-73-m2","imagesUrls":["https://img.nehnutelnosti.sk/foto/NjAweDMzOC9maWx0ZXJzOnF1YWxpdHkoMTAwKS9uZWg=/OREUM6Bo4_fss?st=YSWaThmhsHpmUoF9hrRSsc49cXmXF4Ezh_-9rtVxm1k&ts=1726656735&e=0"]},{"title":"RADO | Na predaj 3i byt v tichej lokalite, 51 m2, Pri Výstavisku, TN","address":"K výstavisku, Trenčín, okres Trenčín","rooms":2,"meters":51,"totalPrice":105000,"meterSquarePrice":2,"link":"https://www.nehnutelnosti.sk/detail/JuWihQ89Jwm/rado-na-predaj-3i-byt-v-tichej-lokalite-51-m2-pri-vystavisku-tn","imagesUrls":["https://img.nehnutelnosti.sk/foto/NjAweDMzOC9maWx0ZXJzOnF1YWxpdHkoMTAwKS9uZWg=/7Mp08AW5O_fss?st=bUSsSlgY02oh0XRI6jA6DxYX0_PG0pG2FRRjJuREW4g&ts=1726656854&e=0"]},{"title":"Rezervovaný | 2i byt, staré sidlisko/PRIEVIDZA","address":"Prievidza, okres Prievidza","rooms":2,"meters":62,"totalPrice":null,"meterSquarePrice":null,"link":"https://www.nehnutelnosti.sk/detail/Ju4aX9MqohD/rezervovany-2i-byt-stare-sidlisko-prievidza","imagesUrls":["https://img.nehnutelnosti.sk/foto/NjAweDMzOC9maWx0ZXJzOnF1YWxpdHkoMTAwKS9uZWg=/n2D2N1ADZ_fss?st=a1z8pwyoMy9VQl7iifwBQAvcYBSbNEFRU9FSkktPmDk&ts=1725300133&e=0"]},{"title":"2izbový byt Prievidza","address":"Prievidza, okres Prievidza","rooms":2,"meters":56,"totalPrice":null,"meterSquarePrice":null,"link":"https://www.nehnutelnosti.sk/detail/Juf7uuXsQcN/2izbovy-byt-prievidza","imagesUrls":["https://img.nehnutelnosti.sk/foto/NjAweDMzOC9maWx0ZXJzOnF1YWxpdHkoMTAwKS9uZWg=/73Hm12lX8_fss?st=Xcmp_3PObqxpEf9uPFjFY_koy0kr4yrlTiHAoi2YRI8&ts=1723656111&e=0"]},{"title":"Na Predaj / 3-izbový byt s balkónom, Prievidza","address":"A. Stodolu, Prievidza, okres Prievidza","rooms":3,"meters":64,"totalPrice":88890,"meterSquarePrice":1,"link":"https://www.nehnutelnosti.sk/detail/JuWzrzw5BDE/na-predaj-3-izbovy-byt-s-balkonom-prievidza","imagesUrls":["https://img.nehnutelnosti.sk/foto/NjAweDMzOC9maWx0ZXJzOnF1YWxpdHkoMTAwKS9uZWg=/Nqi6DxJLQ_fss?st=rxsBwF1Hokc1EOzOCBh5ylHS0FF025xHJNohy00_AUk&ts=1722346938&e=0"]}]