[{"title":"Bývajte v lone prírody- apartmán Jahodná + terasa","address":"Jahodná, Košice I - Sever, okres Košice","rooms":4,"meters":96,"totalPrice":null,"meterSquarePrice":null,"link":"https://www.nehnutelnosti.sk/detail/Ju1PD0h16TM/byvajte-v-lone-prirody-apartman-jahodna-terasa","imagesUrls":["https://img.nehnutelnosti.sk/foto/NjAweDMzOC9maWx0ZXJzOnF1YWxpdHkoMTAwKS9uZWg=/jRku_VREK_fss?st=0x-I82XLKc_hPl-tJQ0or_UCqd0hTFfAz59-noBtqd8&ts=1718353712&e=0"]},{"title":"3-izb.byt na Terase-Čapajevova, loggia","address":"Čapajevova, Košice II - Západ, okres Košice","rooms":3,"meters":60,"totalPrice":null,"meterSquarePrice":null,"link":"https://www.nehnutelnosti.sk/detail/Juxq42T9vWN/3-izb-byt-na-terase-capajevova-loggia","imagesUrls":["https://img.nehnutelnosti.sk/foto/NjAweDMzOC9maWx0ZXJzOnF1YWxpdHkoMTAwKS9uZWg=/BPDgG4QwX_fss?st=OaNi5GY_ecX6x0Lh5j-F_3pnfPOTD7nssRoaYt3UqiI&ts=1726813229&e=0"]},{"title":"Priestranný 3-izb.byt - Ťahanovce- Juhoslovanská","address":"Juhoslovanská, Košice I - Sídlisko Ťahanovce, okres Košice","rooms":3,"meters":73,"totalPrice":155000,"meterSquarePrice":9,"link":"https://www.nehnutelnosti.sk/detail/JuoLixGwCG4/priestranny-3-izb-byt-tahanovce-juhoslovanska","imagesUrls":["https://img.nehnutelnosti.sk/foto/NjAweDMzOC9maWx0ZXJzOnF1YWxpdHkoMTAwKS9uZWg=/HESiP2IBb_fss?st=U-h7NrmnvModjnvP5_meXMsYqyO6iPWzmgpImGIrOVQ&ts=1721111453&e=0"]},{"title":"Nový 2. izbový apartmán na predaj v Liptovskom Hrádku","address":"Belanská, Liptovský Hrádok, okres Liptovský Mikuláš","rooms":2,"meters":58,"totalPrice":129990,"meterSquarePrice":6,"link":"https://www.nehnutelnosti.sk/detail/Ju7lUbCc1Rr/novy-2-izbovy-apartman-na-predaj-v-liptovskom-hradku","imagesUrls":["https://img.nehnutelnosti.sk/foto/NjAweDMzOC9maWx0ZXJzOnF1YWxpdHkoMTAwKS9uZWg=/C25K56vMQ_fss?st=KxXzplyJCe_aWC9IhVKpO72FChjMsuOGFqIZz7os4yc&ts=1709372565&e=0"]},{"title":"Na predaj 2-izbový byt na Lastovičej ulici v Nových Zámkoch","address":"Lastovičia, Nové Zámky, okres Nové Zámky","rooms":2,"meters":55,"totalPrice":92900,"meterSquarePrice":9,"link":"https://www.nehnutelnosti.sk/detail/JuE8ksWdGt4/na-predaj-2-izbovy-byt-na-lastovicej-ulici-v-novych-zamkoch","imagesUrls":["https://img.nehnutelnosti.sk/foto/NjAweDMzOC9maWx0ZXJzOnF1YWxpdHkoMTAwKS9uZWg=/4wUnksq9J_fss?st=j1gZ3ANrI3zbJKRVRNzMrvjFRGAd3wgRFEVSvrFnJNw&ts=1723523538&e=0"]},{"title":"REZERVOVANÉ  - Nadštandardný 3. izbový byt s predzáhradkou Piešťany - Bodona","address":"Tematínska, Piešťany, okres Piešťany","rooms":3,"meters":79,"totalPrice":249900,"meterSquarePrice":9,"link":"https://www.nehnutelnosti.sk/detail/JuPBak7eAQM/rezervovane-nadstandardny-3-izbovy-byt-s-predzahradkou-piestany-bodona","imagesUrls":["https://img.unitedclassifieds.sk/foto/NjAweDMzOC9maWx0ZXJzOnF1YWxpdHkoMTAwKS9yc2Y=/_K_3svBVV_fss?st=gzcOKoApASYLZmlxHmUJyJ05IZKMxYNX6exEbV28y-4&ts=1694444498&e=0"]},{"title":"Na predaj: 2-izbový byt , Trebišov- na ulici Jána Husa","address":"Jána Husa, Trebišov, okres Trebišov","rooms":2,"meters":54,"totalPrice":79800,"meterSquarePrice":7,"link":"https://www.nehnutelnosti.sk/detail/JuH0a-137GB/na-predaj-2-izbovy-byt-trebisov-na-ulici-jana-husa","imagesUrls":["https://img.nehnutelnosti.sk/foto/NjAweDMzOC9maWx0ZXJzOnF1YWxpdHkoMTAwKS9uZWg=/HXxP4syzq_fss?st=VwwbSMJ6ZCshbtjSCjRmXpIGhZ5zCY9VCmVT0SaOtug&ts=1720787684&e=0"]},{"title":"PREDAJ 3-IZBOVÝ BYT časť JUH Vranov nad Topľou-aktualizácia","address":"Vranov nad Topľou, okres Vranov nad Topľou","rooms":3,"meters":72,"totalPrice":109000,"meterSquarePrice":9,"link":"https://www.nehnutelnosti.sk/detail/JuAXidcAaIC/predaj-3-izbovy-byt-cast-juh-vranov-nad-toplou-aktualizacia","imagesUrls":["https://img.nehnutelnosti.sk/foto/NjAweDMzOC9maWx0ZXJzOnF1YWxpdHkoMTAwKS9uZWg=/dYUArX_vhS_fss?st=yAgei2HBxvKfalgBtUJlZ73TtC7RfBgndQm5zuKrDwQ&ts=1726478718&e=0"]},{"title":"Na predaj 3–izb. byt, 76m2 LIPANY, okres Sabinov","address":"Pod Kopaninou, Lipany, okres Sabinov","rooms":3,"meters":76,"totalPrice":120000,"meterSquarePrice":5,"link":"https://www.nehnutelnosti.sk/detail/Juat2aCpz3p/na-predaj-3izb-byt-76m2-lipany-okres-sabinov","imagesUrls":["https://img.unitedclassifieds.sk/foto/NjAweDMzOC9maWx0ZXJzOnF1YWxpdHkoMTAwKS9qdWw=/c4AiUF2oL_fss?st=Z8pTuQMdrgWAP-v0UhbT93Lr5FLdp0honP5FBjrN3dU&ts=1720779639&e=0"]},{"title":"SVIT |  3 izbový byt so záhradkou a garážou","address":"Poprad, okres Poprad","rooms":3,"meters":197,"totalPrice":199000,"meterSquarePrice":5,"link":"https://www.nehnutelnosti.sk/detail/JuEySR4B33R/svit-3-izbovy-byt-so-zahradkou-a-garazou","imagesUrls":["https://img.unitedclassifieds.sk/foto/NjAweDMzOC9maWx0ZXJzOnF1YWxpdHkoMTAwKS9qdWw=/7g7hicntO_fss?st=LQpSN8SYsMxWVcG8K2zrMgZY34o2E7WDXcwIxFhyfek&ts=1720778747&e=0"]},{"title":"NOVÁ CENA! RealityZopos ponúka na predaj zariadený 2-izbový byt v meste Púchov","address":"Pribinova, Púchov, okres Púchov","rooms":2,"meters":62,"totalPrice":119000,"meterSquarePrice":5,"link":"https://www.nehnutelnosti.sk/detail/JukDV_aVmyg/nova-cena-realityzopos-ponuka-na-predaj-zariadeny-2-izbovy-byt-v-meste-puchov","imagesUrls":["https://img.nehnutelnosti.sk/foto/NjAweDMzOC9maWx0ZXJzOnF1YWxpdHkoMTAwKS9uZWg=/IKP3HsNZ3_fss?st=j0cahuXS5U4J9DovGHPkQ74LJePayb_I7nZIJmS5rB4&ts=1720777127&e=0"]},{"title":"Predaj 3 izbového bytu so ZÁHRADKOU","address":"Limbašská, Pezinok, okres Pezinok","rooms":3,"meters":111,"totalPrice":229000,"meterSquarePrice":0,"link":"https://www.nehnutelnosti.sk/detail/JuiCMIOpl3_/predaj-3-izboveho-bytu-so-zahradkou","imagesUrls":["https://img.nehnutelnosti.sk/foto/NjAweDMzOC9maWx0ZXJzOnF1YWxpdHkoMTAwKS9uZWg=/dEvOwm02X_fss?st=5tH_7oyg7bX9GyBzJoSHI0q-bAe2yHmPMG-1zjAVXJI&ts=1698140747&e=0"]},{"title":"Moderný 2i byt blízko centra","address":"P. I. Čajkovského, Michalovce, okres Michalovce","rooms":2,"meters":57,"totalPrice":117900,"meterSquarePrice":2,"link":"https://www.nehnutelnosti.sk/detail/JuLBEJzxyRm/moderny-2i-byt-blizko-centra","imagesUrls":["https://img.nehnutelnosti.sk/foto/NjAweDMzOC9maWx0ZXJzOnF1YWxpdHkoMTAwKS9uZWg=/O1swY0elxL_fss?st=Vw9mq4Dt4tB0F49ekZWtExAqRoCzLrf0m4zpPpOwllw&ts=1719824584&e=0"]},{"title":"Predám 4-izbový byt","address":"Palárikova, Snina, okres Snina","rooms":4,"meters":94,"totalPrice":79000,"meterSquarePrice":3,"link":"https://www.nehnutelnosti.sk/detail/JuuCCK7KWHP/predam-4-izbovy-byt","imagesUrls":["https://img.nehnutelnosti.sk/foto/NjAweDMzOC9maWx0ZXJzOnF1YWxpdHkoMTAwKS9uZWg=/5BG8nY2_eW_fss?st=rN9GV5jWVyXfUQrgqzQdsbbUWoJEouiG--ouWuXzuZM&ts=1717603577&e=0"]},{"title":"LEN U NÁS–EXKLUZÍVNE–Piešťany 2 izb. byt č. 18 -  bytový dom Kuzmányho - ID 18023","address":"Kuzmányho, Piešťany, okres Piešťany","rooms":2,"meters":99,"totalPrice":336204,"meterSquarePrice":6,"link":"https://www.nehnutelnosti.sk/detail/JukfrBJ9hdO/len-u-nasexkluzivnepiestany-2-izb-byt-c-18-bytovy-dom-kuzmanyho-id-18023","imagesUrls":["https://img.nehnutelnosti.sk/foto/NjAweDMzOC9maWx0ZXJzOnF1YWxpdHkoMTAwKS9uZWg=/xfN7l9OTU_fss?st=RnCVaMtjW_Jb1IfcjHTnQWmMqi8z0RjcLqWBA_pZCm8&ts=1712935398&e=0"]},{"title":"Predaj 3 i byt v Pliešovciach okr.Zvolen","address":"Obrancov mieru, Pliešovce, okres Zvolen","rooms":3,"meters":71,"totalPrice":66000,"meterSquarePrice":9,"link":"https://www.nehnutelnosti.sk/detail/JuJoIi6VTkT/predaj-3-i-byt-v-pliesovciach-okr-zvolen","imagesUrls":["https://img.nehnutelnosti.sk/foto/NjAweDMzOC9maWx0ZXJzOnF1YWxpdHkoMTAwKS9uZWg=/M_Zwa-wXN_fss?st=3VktVZ5TscX_LLp7ueqgWeIJ5Vui3iCxjOHIcThRrwc&ts=1687031231&e=0"]},{"title":"Pozoruhodný 2-izbový byt po rekonštrukcii za jedinečnú cenu na Rúbanisku II","address":"Rúbanisko II, Lučenec, okres Lučenec","rooms":2,"meters":51,"totalPrice":66500,"meterSquarePrice":0,"link":"https://www.nehnutelnosti.sk/detail/Jug4EN6xsVh/pozoruhodny-2-izbovy-byt-po-rekonstrukcii-za-jedinecnu-cenu-na-rubanisku-ii","imagesUrls":["https://img.nehnutelnosti.sk/foto/NjAweDMzOC9maWx0ZXJzOnF1YWxpdHkoMTAwKS9uZWg=/ii_AhqCZM3_fss?st=EkB2S7P-mATMXXNCFhnp0Af1iKEFiuyENNaqO9j346k&ts=1720723151&e=0"]},{"title":"ZNÍŽENÁ CENA -  3 izbový slnečný byt na sídlisku JUH v Kežmarku","address":"Kuzmányho, Kežmarok, okres Kežmarok","rooms":3,"meters":67,"totalPrice":105000,"meterSquarePrice":6,"link":"https://www.nehnutelnosti.sk/detail/JuffZjNUZwh/znizena-cena-3-izbovy-slnecny-byt-na-sidlisku-juh-v-kezmarku","imagesUrls":["https://img.nehnutelnosti.sk/foto/NjAweDMzOC9maWx0ZXJzOnF1YWxpdHkoMTAwKS9uZWg=/QEoMMGvHrb_fss?st=TXY4C3Z8ZIz8mxvf4rZLYwoGgUyrvm1MM3pJswIU4CQ&ts=1720106488&e=0"]},{"title":"Na predaj 4 -izbový byt s balkónom v meste Nové Zámky","address":"Lastovičia, Nové Zámky, okres Nové Zámky","rooms":4,"meters":82,"totalPrice":123000,"meterSquarePrice":0,"link":"https://www.nehnutelnosti.sk/detail/JulkxanQtt4/na-predaj-4-izbovy-byt-s-balkonom-v-meste-nove-zamky","imagesUrls":["https://img.nehnutelnosti.sk/foto/NjAweDMzOC9maWx0ZXJzOnF1YWxpdHkoMTAwKS9uZWg=/XCKdM1WWBk_fss?st=tSxrl5Tlv2ePAwddkpIzuwY_VqKy9CeuWjtVod4CBwQ&ts=1720751282&e=0"]},{"title":"LEN U NÁS–EXKLUZÍVNE–Piešťany 4 izb. byt č. 19 -  bytový dom Kuzmányho - ID 18023","address":"Kuzmányho, Piešťany, okres Piešťany","rooms":4,"meters":136,"totalPrice":500000,"meterSquarePrice":2,"link":"https://www.nehnutelnosti.sk/detail/JuzumyO0CqY/len-u-nasexkluzivnepiestany-4-izb-byt-c-19-bytovy-dom-kuzmanyho-id-18023","imagesUrls":["https://img.nehnutelnosti.sk/foto/NjAweDMzOC9maWx0ZXJzOnF1YWxpdHkoMTAwKS9uZWg=/URDM_dhE9__fss?st=Mnn2HnHKAP2Qs_dOZ2t_YrDU-DKrNiuLCRRujKcw64k&ts=1712933703&e=0"]},{"title":"4 izbový byt - TOPOĽČANY","address":"Topoľčany, okres Topoľčany","rooms":4,"meters":82,"totalPrice":140000,"meterSquarePrice":2,"link":"https://www.nehnutelnosti.sk/detail/Jud1KGCcjvQ/4-izbovy-byt-topolcany","imagesUrls":["https://img.nehnutelnosti.sk/foto/NjAweDMzOC9maWx0ZXJzOnF1YWxpdHkoMTAwKS9uZWg=/eynoTOMjy_fss?st=cjeM-EaoPI0oT4sMrdM03AnKhkJvivGGBsYjkmcDTfQ&ts=1725365869&e=0"]},{"title":"Luxusný 83,5m2 apartmán | Hotel AKVAMARÍN – GinoParadise Bešeňová ****","address":"Bešeňová, Bešeňová, okres Ružomberok","rooms":null,"meters":83,"totalPrice":469000,"meterSquarePrice":4,"link":"https://www.nehnutelnosti.sk/detail/JuJOptMmzpZ/luxusny-83-5m2-apartman-hotel-akvamarin-ginoparadise-besenova","imagesUrls":["https://img.nehnutelnosti.sk/foto/NjAweDMzOC9maWx0ZXJzOnF1YWxpdHkoMTAwKS9uZWg=/PR9D7j0o6g_fss?st=cZUMHama-9Vsnx6Mlb8uaCwkNwU3Y73Pfdbj31WO2ts&ts=1723526854&e=0"]},{"title":"Predám 3-izbový byt","address":"1. mája, Snina, okres Snina","rooms":3,"meters":null,"totalPrice":null,"meterSquarePrice":null,"link":"https://www.nehnutelnosti.sk/detail/Jumji3MC6pj/predam-3-izbovy-byt","imagesUrls":["https://img.nehnutelnosti.sk/foto/NjAweDMzOC9maWx0ZXJzOnF1YWxpdHkoMTAwKS9uZWg=/UUp1OMQgT_fss?st=gzSGWVRDI9dXMy0S-dbSjgbn3LTlRZlT1yYTWG2x39w&ts=1720443194&e=0"]},{"title":"Lukratívne bývanie blízko centra - projekt HUMENSKÁ - novostavba","address":"Humenská, Michalovce, okres Michalovce","rooms":3,"meters":90,"totalPrice":153000,"meterSquarePrice":1,"link":"https://www.nehnutelnosti.sk/detail/Ju7e3uw5vvf/lukrativne-byvanie-blizko-centra-projekt-humenska-novostavba","imagesUrls":["https://img.nehnutelnosti.sk/foto/NjAweDMzOC9maWx0ZXJzOnF1YWxpdHkoMTAwKS9uZWg=/1HMGS_NsEJ_fss?st=fZogNwqIMAdSRmWSPdjB65tzRGVnW6r_M-RTzGp86b8&ts=1724790634&e=0"]},{"title":"Nové BYTY v projekte HUMENSKÁ ul. - od 103.000€","address":"Humenská, Michalovce, okres Michalovce","rooms":2,"meters":62,"totalPrice":103000,"meterSquarePrice":6,"link":"https://www.nehnutelnosti.sk/detail/JuSoM6iKAlM/nove-byty-v-projekte-humenska-ul-od-103-000","imagesUrls":["https://img.nehnutelnosti.sk/foto/NjAweDMzOC9maWx0ZXJzOnF1YWxpdHkoMTAwKS9uZWg=/HXCYQerzj_fss?st=lgKdj8xeJaDOTiN6ypV-ZumULlWk00XHaRNLqSpUm44&ts=1724790630&e=0"]},{"title":"Znížená cena- Na predaj 3-izbový byt s loggiou v meste Nové Zámky, exkluzivne","address":"Gúgska ulica, Nové Zámky, okres Nové Zámky","rooms":3,"meters":61,"totalPrice":102000,"meterSquarePrice":5,"link":"https://www.nehnutelnosti.sk/detail/JuaQNsObC79/znizena-cena-na-predaj-3-izbovy-byt-s-loggiou-v-meste-nove-zamky-exkluzivne","imagesUrls":["https://img.nehnutelnosti.sk/foto/NjAweDMzOC9maWx0ZXJzOnF1YWxpdHkoMTAwKS9uZWg=/BdrEAtvuq_fss?st=952MLlNWU_xCmvHUTC7kqDwboJ8kwjMdVyIJdh_6M_o&ts=1721402451&e=0"]},{"title":"Predaj 3 izbového bytu na Hlinách 7","address":"Jarná, Žilina - Hliny, okres Žilina","rooms":3,"meters":62,"totalPrice":180000,"meterSquarePrice":8,"link":"https://www.nehnutelnosti.sk/detail/JusVcZSEtdH/predaj-3-izboveho-bytu-na-hlinach-7","imagesUrls":["https://img.nehnutelnosti.sk/foto/NjAweDMzOC9maWx0ZXJzOnF1YWxpdHkoMTAwKS9uZWg=/qipGzUYeB_fss?st=e_QBfXDRWmiW6kb-UYFaoZbxQdkTgYrhq6hfoNJlxVM&ts=1712916153&e=0"]},{"title":"2 izbové byty*vlastné merače*BYT s balkónom*SKOLAUDOVANÉ","address":"Rohožník, Malacky, okres Malacky","rooms":2,"meters":53,"totalPrice":110000,"meterSquarePrice":4,"link":"https://www.nehnutelnosti.sk/detail/Ju2t-A9v_0a/2-izbove-bytyvlastne-meracebyt-s-balkonomskolaudovane","imagesUrls":["https://img.nehnutelnosti.sk/foto/NjAweDMzOC9maWx0ZXJzOnF1YWxpdHkoMTAwKS9uZWg=/xePUBMz7cj_fss?st=7pZzaw2tj5DvwLk37O8C4hOKPfGj-2ip6ar-znifNLo&ts=1720688651&e=0"]},{"title":"REZERVOVANÉ 3 izbové byty v *ŠTANDARDE* so záhradkou 45m2, elektrické rolety*2 parkovacie státia*vla","address":"Malacky, okres Malacky","rooms":3,"meters":57,"totalPrice":115000,"meterSquarePrice":3,"link":"https://www.nehnutelnosti.sk/detail/JuRKNBmCgeF/rezervovane-3-izbove-byty-v-standarde-so-zahradkou-45m2-elektricke-rolety2-parkovacie-statiavla","imagesUrls":["https://img.nehnutelnosti.sk/foto/NjAweDMzOC9maWx0ZXJzOnF1YWxpdHkoMTAwKS9uZWg=/H-3ww6Er0_fss?st=aFstmEqIuYS3UgGoz2g0euYHnuQQHO1glH4c8R0CSfc&ts=1720688644&e=0"]},{"title":"3-izbový mezonetový byt v Senci na Šafárikovej ulici","address":"Šafarikova, Senec, okres Senec","rooms":4,"meters":83,"totalPrice":170000,"meterSquarePrice":9,"link":"https://www.nehnutelnosti.sk/detail/JuskgA9VOdn/3-izbovy-mezonetovy-byt-v-senci-na-safarikovej-ulici","imagesUrls":["https://img.nehnutelnosti.sk/foto/NjAweDMzOC9maWx0ZXJzOnF1YWxpdHkoMTAwKS9uZWg=/1itxzZp-4_fss?st=Fwd3uhxYE4y0byNI6HbfwRaT-ml6u0PnbKFb0jGD01M&ts=1693207067&e=0"]}]