[{"title":"Predaj 4 izbový družstevný byt  - Petržalka PREDAJ -  236 900 eur","address":"Zadunajská cesta, Bratislava V - Petržalka, okres Bratislava","rooms":4,"meters":82,"totalPrice":236900,"meterSquarePrice":7,"link":"https://www.nehnutelnosti.sk/detail/Ju-Ot4xcfDX/predaj-4-izbovy-druzstevny-byt-petrzalka-predaj-236-900-eur","imagesUrls":["https://img.nehnutelnosti.sk/foto/NjAweDMzOC9maWx0ZXJzOnF1YWxpdHkoMTAwKS9uZWg=/SC7eQwX-K_fss?st=eUKpbGv7q3XsQ8vVOdTm6J76DvslTcCXTbIshzMNY9g&ts=1716384963&e=0"]},{"title":"!ZĽAVA! - Byt 3 izbový, 62 m2, slnečný s lodžiou, sídlisko Bašty, Komárno","address":"Ulica generála Klapku, Komárno, okres Komárno","rooms":3,"meters":62,"totalPrice":78600,"meterSquarePrice":4,"link":"https://www.nehnutelnosti.sk/detail/JuDVycPRYXq/zlava-byt-3-izbovy-62-m2-slnecny-s-lodziou-sidlisko-basty-komarno","imagesUrls":[]},{"title":"Veľký 3 izbový byt na predaj","address":"Harmanec, okres Banská Bystrica","rooms":3,"meters":82,"totalPrice":129900,"meterSquarePrice":8,"link":"https://www.nehnutelnosti.sk/detail/JuK3Hde2sUr/velky-3-izbovy-byt-na-predaj","imagesUrls":["https://img.nehnutelnosti.sk/foto/NjAweDMzOC9maWx0ZXJzOnF1YWxpdHkoMTAwKS9uZWg=/kIHUE644i_fss?st=h2IeEHiUmG3yDTGsQEkZHx08-qJBTbL_i8b3U0qZHF0&ts=1715881567&e=0"]},{"title":"Na predaj 3 izbový byt, Sásová","address":"Tatranská, Banská Bystrica, okres Banská Bystrica","rooms":3,"meters":69,"totalPrice":139900,"meterSquarePrice":5,"link":"https://www.nehnutelnosti.sk/detail/JupxlryxbpJ/na-predaj-3-izbovy-byt-sasova","imagesUrls":["https://img.nehnutelnosti.sk/foto/NjAweDMzOC9maWx0ZXJzOnF1YWxpdHkoMTAwKS9uZWg=/Gk5-mTCrx_fss?st=rldLKzhrlYrs1I1HO3H8bP9ibhsF_Ll9AHajrFcHBYM&ts=1715827569&e=0"]},{"title":"Na predaj 3 izbový byt v Lučenci","address":"Bazovského, Lučenec, okres Lučenec","rooms":3,"meters":81,"totalPrice":120000,"meterSquarePrice":8,"link":"https://www.nehnutelnosti.sk/detail/JuCo9YSvyrf/na-predaj-3-izbovy-byt-v-lucenci","imagesUrls":["https://img.nehnutelnosti.sk/foto/NjAweDMzOC9maWx0ZXJzOnF1YWxpdHkoMTAwKS9uZWg=/PvsvpgJNo_fss?st=bKOA0njNI-hCywk5HBOTmljgSgv43en1syECu9mLo78&ts=1725888672&e=0"]},{"title":"NOVOSTAVBA 1,5 izbový APARTMÁN - STARÉ MESTO","address":"Bratislava I - Staré Mesto, okres Bratislava","rooms":2,"meters":35,"totalPrice":173000,"meterSquarePrice":6,"link":"https://www.nehnutelnosti.sk/detail/JuJZY6PTfNU/novostavba-1-5-izbovy-apartman-stare-mesto","imagesUrls":["https://img.nehnutelnosti.sk/foto/NjAweDMzOC9maWx0ZXJzOnF1YWxpdHkoMTAwKS9uZWg=/Jmjx1lVjE_fss?st=MWQWA-vRiChGm-sodCQojQtrbG6VCLlwu1UHvqUuJSM&ts=1722324423&e=0"]},{"title":"Na predaj 2-izbový byt, pôvodný stav","address":"Kollárova, Nitra, okres Nitra","rooms":2,"meters":62,"totalPrice":119000,"meterSquarePrice":5,"link":"https://www.nehnutelnosti.sk/detail/JuJ-1I_wOnP/na-predaj-2-izbovy-byt-povodny-stav","imagesUrls":["https://img.nehnutelnosti.sk/foto/NjAweDMzOC9maWx0ZXJzOnF1YWxpdHkoMTAwKS9uZWg=/mJuFD5xUFZ_fss?st=ANHsKNWP8Tm23p8Lrpsy6JfpGa0PW1Dq0ZznAB-LgxU&ts=1716201235&e=0"]},{"title":"Na predaj apartmán na Račianskom Mýte vchodny na Airbnb, investičná nehnuteľnosť","address":"Jozefa Cígera Hronského, Bratislava III - Nové Mesto, okres Bratislava","rooms":2,"meters":95,"totalPrice":240000,"meterSquarePrice":2,"link":"https://www.nehnutelnosti.sk/detail/JuWSG7QLWyP/na-predaj-apartman-na-racianskom-myte-vchodny-na-airbnb-investicna-nehnutelnost","imagesUrls":["https://img.nehnutelnosti.sk/foto/NjAweDMzOC9maWx0ZXJzOnF1YWxpdHkoMTAwKS9uZWg=/_cPPW9D6fN_fss?st=wHZmi-3fRMYQFCJgQfRZ22ZXJ1nhBQt0hCWBNnTmylw&ts=1717519161&e=0"]},{"title":"Znížená cena: Veľký 3-izbový byt na predaj!","address":"Štúrova, Valaská, okres Brezno","rooms":3,"meters":76,"totalPrice":78000,"meterSquarePrice":2,"link":"https://www.nehnutelnosti.sk/detail/JuCY-LGcmDi/znizena-cena-velky-3-izbovy-byt-na-predaj","imagesUrls":["https://img.nehnutelnosti.sk/foto/NjAweDMzOC9maWx0ZXJzOnF1YWxpdHkoMTAwKS9uZWg=/j-vh0U05__fss?st=0DYtZy4ku601CrUhJzThW1Qww5niR3s9CuopignwTrg&ts=1715951314&e=0"]},{"title":"Exkluzívny apartmán s vlastnou saunou v srdci Vysokých Tatier v Starom Smokovci","address":"Starý Smokovec, Vysoké Tatry, okres Poprad","rooms":null,"meters":34,"totalPrice":290650,"meterSquarePrice":3,"link":"https://www.nehnutelnosti.sk/detail/Ju2eJQcS8jO/exkluzivny-apartman-s-vlastnou-saunou-v-srdci-vysokych-tatier-v-starom-smokovci","imagesUrls":["https://img.nehnutelnosti.sk/foto/NjAweDMzOC9maWx0ZXJzOnF1YWxpdHkoMTAwKS9uZWg=/oXGK2R8Zu_fss?st=OGbTXalj4L0NyhmrfiF2v4-ZtSvsD_UGdcWW6EUvItw&ts=1715058069&e=0"]},{"title":"Na predaj 3-izbový byt Klokočina","address":"Novomeského, Nitra, okres Nitra","rooms":3,"meters":67,"totalPrice":132500,"meterSquarePrice":1,"link":"https://www.nehnutelnosti.sk/detail/JuU9HJV2O_r/na-predaj-3-izbovy-byt-klokocina","imagesUrls":["https://img.nehnutelnosti.sk/foto/NjAweDMzOC9maWx0ZXJzOnF1YWxpdHkoMTAwKS9uZWg=/NBU44wV86_fss?st=zO5euTVIxnxxzuHH0weG4KO2D2PbvMmlP8qri_DlIks&ts=1715421360&e=0"]},{"title":"Na predaj 3-izbový byt Šaľa","address":"L. Novomeského, Šaľa, okres Šaľa","rooms":3,"meters":67,"totalPrice":128000,"meterSquarePrice":5,"link":"https://www.nehnutelnosti.sk/detail/JupL8p8V0Tb/na-predaj-3-izbovy-byt-sala","imagesUrls":["https://img.nehnutelnosti.sk/foto/NjAweDMzOC9maWx0ZXJzOnF1YWxpdHkoMTAwKS9uZWg=/H9jm5kPeo_fss?st=Uo5sCduDPPGcjPsJxwsxzJQJDQOOsyWfZSKGSaVjNT0&ts=1714999295&e=0"]},{"title":"Predaj 3 izbový byt Levice","address":"Textilná, Levice, okres Levice","rooms":3,"meters":61,"totalPrice":88600,"meterSquarePrice":6,"link":"https://www.nehnutelnosti.sk/detail/Ju6kA4BSVZM/predaj-3-izbovy-byt-levice","imagesUrls":["https://img.nehnutelnosti.sk/foto/NjAweDMzOC9maWx0ZXJzOnF1YWxpdHkoMTAwKS9uZWg=/4Rlc8MHiQ_fss?st=qVaUBnnry92aL0KSRCbVsiI011Dx2TrtDmHja_0X3pM&ts=1713261671&e=0"]},{"title":"Na predaj 1izb pri Riviére, začiatok Karlovej Vsi. Cena dohodou","address":"Gabčíkova, Bratislava IV - Karlova Ves, okres Bratislava","rooms":1,"meters":37,"totalPrice":142500,"meterSquarePrice":5,"link":"https://www.nehnutelnosti.sk/detail/Ju25bfuXA8t/na-predaj-1izb-pri-riviere-zaciatok-karlovej-vsi-cena-dohodou","imagesUrls":["https://img.nehnutelnosti.sk/foto/NjAweDMzOC9maWx0ZXJzOnF1YWxpdHkoMTAwKS9uZWg=/ejkF58rvI_fss?st=vl3CFZqIhI00eqoRTRoUdKOtJrL5ZgbVnMzsajEST5o&ts=1721123931&e=0"]},{"title":"2 izbový byt 43m2, Hradská, Dolné Hony, Bratislava","address":"Hradská, Bratislava II - Vrakuňa, okres Bratislava","rooms":2,"meters":43,"totalPrice":167000,"meterSquarePrice":2,"link":"https://www.nehnutelnosti.sk/detail/Juee5aGqFep/2-izbovy-byt-43m2-hradska-dolne-hony-bratislava","imagesUrls":["https://img.nehnutelnosti.sk/foto/NjAweDMzOC9maWx0ZXJzOnF1YWxpdHkoMTAwKS9uZWg=/Bk626g_BZZ_fss?st=ZYJRmWX9Yts9AGjarNofCraAbJDYB_Lpaw7sI2hRUYM&ts=1716968034&e=0"]},{"title":"PEKNÝ 3i. BYT - ČIASTOČNÁ REKONŠTRUKCIA - VEDĽA ELEKTRIČKOVEJ TRATI","address":"Rovniankova, Bratislava V - Petržalka, okres Bratislava","rooms":3,"meters":71,"totalPrice":199000,"meterSquarePrice":2,"link":"https://www.nehnutelnosti.sk/detail/JuW-rP8nz8E/pekny-3i-byt-ciastocna-rekonstrukcia-vedla-elektrickovej-trati","imagesUrls":["https://img.nehnutelnosti.sk/foto/NjAweDMzOC9maWx0ZXJzOnF1YWxpdHkoMTAwKS9uZWg=/LSn9tGq0l_fss?st=dT8TUxoI6v2AK4f7JhepKETYtLoTHu8PGRkLCqk9284&ts=1726054365&e=0"]},{"title":"Veľká zľava!! 2 izbové byty v novostavbe","address":"Remeselnícka, Palárikovo, okres Nové Zámky","rooms":2,"meters":41,"totalPrice":78900,"meterSquarePrice":0,"link":"https://www.nehnutelnosti.sk/detail/JuUrbBjW9XT/velka-zlava-2-izbove-byty-v-novostavbe","imagesUrls":["https://img.nehnutelnosti.sk/foto/NjAweDMzOC9maWx0ZXJzOnF1YWxpdHkoMTAwKS9uZWg=/_QGOPf1cF_fss?st=KtuGV_7nAkk64Q9N2OpBh9J6OqcuALbaD8eWdxsyjyE&ts=1721051102&e=0"]},{"title":"NA PREDAJ 2 IZBOVÝ BYT NA SÍDLISKU SNP","address":"Jegorovova, Banská Bystrica, okres Banská Bystrica","rooms":2,"meters":56,"totalPrice":1,"meterSquarePrice":2,"link":"https://www.nehnutelnosti.sk/detail/Judm0d2Vofxi/na-predaj-2-izbovy-byt-na-sidlisku-snp","imagesUrls":["https://img.nehnutelnosti.sk/foto/NjAweDMzOC9maWx0ZXJzOnF1YWxpdHkoMTAwKS9uZWg=/nGMuNxXdt_fss?st=4ylkqs9UHrUrI7O8A98qiO354Z1kSQqs4T6IHdf_dV8&ts=1711542393&e=0"]},{"title":"Veľká zľava!! 3 izbové byty v novostavbe","address":"Remeselnícka, Palárikovo, okres Nové Zámky","rooms":3,"meters":61,"totalPrice":110900,"meterSquarePrice":5,"link":"https://www.nehnutelnosti.sk/detail/Ju4s3Lw7Zbb/velka-zlava-3-izbove-byty-v-novostavbe","imagesUrls":["https://img.nehnutelnosti.sk/foto/NjAweDMzOC9maWx0ZXJzOnF1YWxpdHkoMTAwKS9uZWg=/jdhdivRqs_fss?st=uXGICnbvvv23ZejKoiyczHXD9iqDBJAPLnDzr1yne2w&ts=1718736737&e=0"]},{"title":"1 izbový byt po kompletnej rekonštrukcií, Šahy, Gr. I. Széchenyiho","address":"Šahy, okres Levice","rooms":1,"meters":35,"totalPrice":51999,"meterSquarePrice":9,"link":"https://www.nehnutelnosti.sk/detail/Juvpc2aA57n/1-izbovy-byt-po-kompletnej-rekonstrukcii-sahy-gr-i-szechenyiho","imagesUrls":["https://img.nehnutelnosti.sk/foto/NjAweDMzOC9maWx0ZXJzOnF1YWxpdHkoMTAwKS9uZWg=/bcmwxO7Wy_fss?st=vUG_SgQXBc3w_BR3ArTBNPZydXrzPPFm6FPuzomjNC8&ts=1717015832&e=0"]},{"title":"EXKLUZÍVNY 2i. BYT - NOVÁ REKONŠTRUKCIA - KRÁSNY VÝHĽAD","address":"Jelačičova, Bratislava II - Ružinov, okres Bratislava","rooms":2,"meters":65,"totalPrice":null,"meterSquarePrice":null,"link":"https://www.nehnutelnosti.sk/detail/Ju-W78E9FRe/exkluzivny-2i-byt-nova-rekonstrukcia-krasny-vyhlad","imagesUrls":["https://img.nehnutelnosti.sk/foto/NjAweDMzOC9maWx0ZXJzOnF1YWxpdHkoMTAwKS9uZWg=/e4SVOZ8mpn_fss?st=O-DEChH3E-j1jfcwjP-q2IxHS0aZ8RH9U_Ft1qjCGI4&ts=1727002069&e=0"]},{"title":"Prízemný 2-izb.byt - novostavba s vlastnou záhradkou v Senci.","address":"Senec, okres Senec","rooms":2,"meters":45,"totalPrice":165000,"meterSquarePrice":7,"link":"https://www.nehnutelnosti.sk/detail/JumrFb16XO5/prizemny-2-izb-byt-novostavba-s-vlastnou-zahradkou-v-senci","imagesUrls":["https://img.nehnutelnosti.sk/foto/NjAweDMzOC9maWx0ZXJzOnF1YWxpdHkoMTAwKS9uZWg=/2fnXRWTcC_fss?st=EjLwg3pIWB80ahp_2k8_LZ7-RH8VnCGullP_BdzSQ3E&ts=1710259336&e=0"]},{"title":"Priestranný 2 izbový apartmán na predaj","address":"Donovaly, okres Banská Bystrica","rooms":null,"meters":42,"totalPrice":129000,"meterSquarePrice":3,"link":"https://www.nehnutelnosti.sk/detail/JuUndjOu47U/priestranny-2-izbovy-apartman-na-predaj","imagesUrls":["https://img.nehnutelnosti.sk/foto/NjAweDMzOC9maWx0ZXJzOnF1YWxpdHkoMTAwKS9uZWg=/OAWIHbKtD_fss?st=Ac-Cy6wkCapSO8c6lsz_kHtC3JweOVigjNr6aWnUCXg&ts=1724673668&e=0"]},{"title":"1 izbový byt Trenčianske Teplice predaj, čiastočná rekonštrukcia, 35 m2.","address":"Štvrť SNP, Trenčianske Teplice, okres Trenčín","rooms":1,"meters":35,"totalPrice":77000,"meterSquarePrice":0,"link":"https://www.nehnutelnosti.sk/detail/JuztZaXvE6g/1-izbovy-byt-trencianske-teplice-predaj-ciastocna-rekonstrukcia-35-m2","imagesUrls":["https://img.nehnutelnosti.sk/foto/NjAweDMzOC9maWx0ZXJzOnF1YWxpdHkoMTAwKS9uZWg=/cPcAJqUG4_fss?st=SCyH04Bz_IDLKrJZGNp3e3pUiPkjlQNBArAafbBFW3I&ts=1706711910&e=0"]},{"title":"Na predaj 2 izbák v novostavbe s pivnicou a parkovaním v garáži - Jégeho alej","address":"Jégého, Bratislava II - Ružinov, okres Bratislava","rooms":2,"meters":62,"totalPrice":284990,"meterSquarePrice":6,"link":"https://www.nehnutelnosti.sk/detail/JuTywdwEyrA/na-predaj-2-izbak-v-novostavbe-s-pivnicou-a-parkovanim-v-garazi-jegeho-alej","imagesUrls":["https://img.nehnutelnosti.sk/foto/NjAweDMzOC9maWx0ZXJzOnF1YWxpdHkoMTAwKS9uZWg=/2Ch3bbh4B_fss?st=aNm6c9kV9hmCoByqKdc9Lv4fS4Fxoqb2BFp6Lz39PSY&ts=1706285975&e=0"]},{"title":"REZERVOVANÉ! 3izbový byt na predaj Banská Bystrica, Sásová - Magurská ulica","address":"Magurská, Banská Bystrica, okres Banská Bystrica","rooms":3,"meters":62,"totalPrice":130000,"meterSquarePrice":2,"link":"https://www.nehnutelnosti.sk/detail/JuCIUslYGE_2/rezervovane-3izbovy-byt-na-predaj-banska-bystrica-sasova-magurska-ulica","imagesUrls":["https://img.nehnutelnosti.sk/foto/NjAweDMzOC9maWx0ZXJzOnF1YWxpdHkoMTAwKS9uZWg=/mfB7SNUdz_fss?st=OUzd4I4QKeDeoXketjD46A4v9B5f8Y0a0InQNhwvARg&ts=1722933807&e=0"]},{"title":"REZERVOVANÉ - Predaj 4 izbový byt - Nám. hraničiarov Petržalka","address":"Bratislava V - Petržalka, okres Bratislava","rooms":4,"meters":83,"totalPrice":236900,"meterSquarePrice":3,"link":"https://www.nehnutelnosti.sk/detail/JuFU2K2qWtf/rezervovane-predaj-4-izbovy-byt-nam-hraniciarov-petrzalka","imagesUrls":["https://img.nehnutelnosti.sk/foto/NjAweDMzOC9maWx0ZXJzOnF1YWxpdHkoMTAwKS9uZWg=/f3SuVluvV_fss?st=VqKrHVpvovUMI3QWbP_1pLv9YMHlRdutY3p0PGFB2Z4&ts=1704889201&e=0"]},{"title":"Priestranný 4-izbový byt na predaj, Bratislava-Petržalka - Budatínska","address":"Bratislava V - Petržalka, okres Bratislava","rooms":4,"meters":69,"totalPrice":206000,"meterSquarePrice":6,"link":"https://www.nehnutelnosti.sk/detail/JudFsb0qPrP/priestranny-4-izbovy-byt-na-predaj-bratislava-petrzalka-budatinska","imagesUrls":["https://img.nehnutelnosti.sk/foto/NjAweDMzOC9maWx0ZXJzOnF1YWxpdHkoMTAwKS9uZWg=/9qrF9Mg1q_fss?st=2FuGmX6UbvsiFwSbNPgbLC7nH0lj6-kY5eWVP_U5qG4&ts=1704889194&e=0"]},{"title":"Na predaj 1 izbový byt Bratislava - Ružinov","address":"Drieňová, Bratislava II - Ružinov, okres Bratislava","rooms":1,"meters":29,"totalPrice":137900,"meterSquarePrice":8,"link":"https://www.nehnutelnosti.sk/detail/JuuJYqkLv5Z/na-predaj-1-izbovy-byt-bratislava-ruzinov","imagesUrls":["https://img.nehnutelnosti.sk/foto/NjAweDMzOC9maWx0ZXJzOnF1YWxpdHkoMTAwKS9uZWg=/9o8f_ZJWyh_fss?st=4kphRUDbSmVBhs6JTZNu9ovFoI-7gnw1wIgNIA8shmI&ts=1704650442&e=0"]},{"title":"Nový nízkoenergetický 2-izbový byt s garážou Grinava","address":"Pezinok, okres Pezinok","rooms":2,"meters":47,"totalPrice":172000,"meterSquarePrice":3,"link":"https://www.nehnutelnosti.sk/detail/Jun6OYQZhp5/novy-nizkoenergeticky-2-izbovy-byt-s-garazou-grinava","imagesUrls":["https://img.nehnutelnosti.sk/foto/NjAweDMzOC9maWx0ZXJzOnF1YWxpdHkoMTAwKS9uZWg=/5FrhCWKJT_fss?st=G6RuL9NJ2_RwWPxggAML5zOYktHH5X4O3ASArWonEMg&ts=1718805669&e=0"]}]