[{"title":"Krásne Hôrky-3 IZBOVÝ BYT NA KĽÚČ, NOVOSTAVBA","address":"Hôrky, okres Žilina","rooms":3,"meters":67,"totalPrice":224990,"meterSquarePrice":6,"link":"https://www.nehnutelnosti.sk/detail/JuTLUnOLQKi/krasne-horky-3-izbovy-byt-na-kluc-novostavba","imagesUrls":["https://img.nehnutelnosti.sk/foto/NjAweDMzOC9maWx0ZXJzOnF1YWxpdHkoMTAwKS9uZWg=/rVZDWMxlAg_fss?st=zJThJHdTbDx2pCn-KOywwcGFAo74Nt_E4qlS8T5sj1A&ts=1725544436&e=0"]},{"title":"2 izbový byt PODHÁJ","address":"Martin, okres Martin","rooms":2,"meters":48,"totalPrice":82900,"meterSquarePrice":8,"link":"https://www.nehnutelnosti.sk/detail/JuDZ6kYLNFU/2-izbovy-byt-podhaj","imagesUrls":["https://img.nehnutelnosti.sk/foto/NjAweDMzOC9maWx0ZXJzOnF1YWxpdHkoMTAwKS9uZWg=/zseFZDLACO_fss?st=YbHOcWKCZeAw01IRzZWQdezGN-H0iYINQGFk89n0vVk&ts=1725866705&e=0"]},{"title":"REZERVOVANÉ_ 2 izb. byt - Nitra, Kalvária /tehla, kotol/","address":"Nitra, okres Nitra","rooms":2,"meters":60,"totalPrice":null,"meterSquarePrice":null,"link":"https://www.nehnutelnosti.sk/detail/JudA-eeQN7l/rezervovane-2-izb-byt-nitra-kalvaria-tehla-kotol","imagesUrls":["https://img.nehnutelnosti.sk/foto/NjAweDMzOC9maWx0ZXJzOnF1YWxpdHkoMTAwKS9uZWg=/LkQW1Z_yE_fss?st=OVTshK2ra1poAlPYo62CdOM1qRiTGzw6GiTnc35zt_s&ts=1725372144&e=0"]},{"title":"4 IZBOVÝ BYT /ZÁHRADA, GARÁŽ/  - HORSKÝ PARK","address":"Úprkova, Bratislava I - Staré Mesto, okres Bratislava","rooms":4,"meters":130,"totalPrice":350000,"meterSquarePrice":1,"link":"https://www.nehnutelnosti.sk/detail/JuWAww5I6TK/4-izbovy-byt-zahrada-garaz-horsky-park","imagesUrls":["https://img.nehnutelnosti.sk/foto/NjAweDMzOC9maWx0ZXJzOnF1YWxpdHkoMTAwKS9uZWg=/UFLMzx8l6_fss?st=ncE_v2tSLIm4DfO_ZeVpLPyB3wXaTjfxXYuJQGQ_8_A&ts=1725375161&e=0"]},{"title":"DIZAJNOVÝ 2 izb.  byt  v projekte BREZINY - V LOZORNE","address":"Lozorno, okres Malacky","rooms":2,"meters":43,"totalPrice":1,"meterSquarePrice":2,"link":"https://www.nehnutelnosti.sk/detail/JukJAR7HaYi/dizajnovy-2-izb-byt-v-projekte-breziny-v-lozorne","imagesUrls":["https://img.nehnutelnosti.sk/foto/NjAweDMzOC9maWx0ZXJzOnF1YWxpdHkoMTAwKS9uZWg=/68XvcQkKwQ_fss?st=MnAmlqs2phErFBcwwK-4rrDrO_gcxRqZBZTyzeSMRxQ&ts=1725374092&e=0"]},{"title":"NOVOSTAVBA - ZARIADENÝ 3 izbový byt v úplnom centre / Nitra","address":"Nitra, okres Nitra","rooms":3,"meters":70,"totalPrice":218990,"meterSquarePrice":3,"link":"https://www.nehnutelnosti.sk/detail/JuUqos3yEVT/novostavba-zariadeny-3-izbovy-byt-v-uplnom-centre-nitra","imagesUrls":["https://img.nehnutelnosti.sk/foto/NjAweDMzOC9maWx0ZXJzOnF1YWxpdHkoMTAwKS9uZWg=/f6AWrs6MF_fss?st=AYnVOFyyOI_IMkzgIX499kh3z3URQ5VAgBiI7-uPnK0&ts=1725025147&e=0"]},{"title":"Rezervované - 2 izbový byt s balkónom - po rekonštrukcii - 67 m2","address":"Nitra, okres Nitra","rooms":2,"meters":67,"totalPrice":129900,"meterSquarePrice":1,"link":"https://www.nehnutelnosti.sk/detail/Juv3w2LQhT9/rezervovane-2-izbovy-byt-s-balkonom-po-rekonstrukcii-67-m2","imagesUrls":["https://img.nehnutelnosti.sk/foto/NjAweDMzOC9maWx0ZXJzOnF1YWxpdHkoMTAwKS9uZWg=/46na3EOz3_fss?st=vR0xE29Py6MlwfL4YESM10pPVX99iB5QlX1jYdfc5sM&ts=1725882148&e=0"]},{"title":"POD HRADOM - 2. izb. byt s terasou ''vrchný'', Nitra - Staré Mesto","address":"Nitra, okres Nitra","rooms":2,"meters":58,"totalPrice":198600,"meterSquarePrice":4,"link":"https://www.nehnutelnosti.sk/detail/JuZLyDQ0b_L/pod-hradom-2-izb-byt-s-terasou-vrchny-nitra-stare-mesto","imagesUrls":["https://img.nehnutelnosti.sk/foto/NjAweDMzOC9maWx0ZXJzOnF1YWxpdHkoMTAwKS9uZWg=/M25aXDDeVh_fss?st=9DosTce1O2YnKO-R4InUzaU2F3ErQRAbPPrsMxnYafs&ts=1725018573&e=0"]},{"title":"Znova aktuálne! 2 izbový byt s terasou + garáž, Nitra - Staré Mesto","address":"Nitra, okres Nitra","rooms":2,"meters":100,"totalPrice":194990,"meterSquarePrice":0,"link":"https://www.nehnutelnosti.sk/detail/JuEbXGZeVLJ/znova-aktualne-2-izbovy-byt-s-terasou-garaz-nitra-stare-mesto","imagesUrls":["https://img.nehnutelnosti.sk/foto/NjAweDMzOC9maWx0ZXJzOnF1YWxpdHkoMTAwKS9uZWg=/8VgAURn9p_fss?st=zIBzPYxBHpXATw3b9ihi4zKdj5qOgh0gwMz55o2aHxE&ts=1725019429&e=0"]},{"title":"NA PREDAJ - 3i - Jamnického ul., Karlova Ves","address":"Jamnického, Bratislava IV - Karlova Ves, okres Bratislava","rooms":3,"meters":69,"totalPrice":195000,"meterSquarePrice":9,"link":"https://www.nehnutelnosti.sk/detail/JuYISPjZ1uJ/na-predaj-3i-jamnickeho-ul-karlova-ves","imagesUrls":["https://img.nehnutelnosti.sk/foto/NjAweDMzOC9maWx0ZXJzOnF1YWxpdHkoMTAwKS9uZWg=/zkQCj1DBv_fss?st=MBjw3LN2QNfViax0tKJ4MvkvbWXn706aJG7cqYNO2Do&ts=1725351544&e=0"]},{"title":"Rezervované - Priestranný 2,5i byt - kompletne zariadený - balkón","address":"Nitra, okres Nitra","rooms":2,"meters":66,"totalPrice":131990,"meterSquarePrice":5,"link":"https://www.nehnutelnosti.sk/detail/Ju3r-GKdsx8/rezervovane-priestranny-2-5i-byt-kompletne-zariadeny-balkon","imagesUrls":["https://img.nehnutelnosti.sk/foto/NjAweDMzOC9maWx0ZXJzOnF1YWxpdHkoMTAwKS9uZWg=/pUwT3hvDt_fss?st=6KJ0iAZ3xB8NETv_4ZX0r7OLJGenweKW1_AXM0ODA9U&ts=1725880790&e=0"]},{"title":"2i byt s balkónom, Nitra - Staré Mesto","address":"Nitra, okres Nitra","rooms":2,"meters":57,"totalPrice":134600,"meterSquarePrice":0,"link":"https://www.nehnutelnosti.sk/detail/JuzY1qJlVXA/2i-byt-s-balkonom-nitra-stare-mesto","imagesUrls":["https://img.nehnutelnosti.sk/foto/NjAweDMzOC9maWx0ZXJzOnF1YWxpdHkoMTAwKS9uZWg=/YUoe4rLgK_fss?st=JyjMZ-9TBNeTHbVLyMuJnYSCo7OzBkmZ96PDDUy8SYY&ts=1725007167&e=0"]},{"title":"2-izbový byt  po kompletnej rekonštrukcii","address":"Martin, okres Martin","rooms":2,"meters":59,"totalPrice":124000,"meterSquarePrice":9,"link":"https://www.nehnutelnosti.sk/detail/JuqQopjgg6S/2-izbovy-byt-po-kompletnej-rekonstrukcii","imagesUrls":["https://img.nehnutelnosti.sk/foto/NjAweDMzOC9maWx0ZXJzOnF1YWxpdHkoMTAwKS9uZWg=/uv3dJ8Eat_fss?st=XRc1TIII7j4ZMEdLmvpDHIrFfPCptCSxf1d8lio-sSY&ts=1725015734&e=0"]},{"title":"Moderne zariadený 3i byt s výhľadom, 2x balkón - Nitra, Chrenová","address":"Nitra, okres Nitra","rooms":3,"meters":62,"totalPrice":159990,"meterSquarePrice":8,"link":"https://www.nehnutelnosti.sk/detail/Jud4fExXZ2R/moderne-zariadeny-3i-byt-s-vyhladom-2x-balkon-nitra-chrenova","imagesUrls":["https://img.nehnutelnosti.sk/foto/NjAweDMzOC9maWx0ZXJzOnF1YWxpdHkoMTAwKS9uZWg=/NzTes60sd_fss?st=Ibx7wPTcwrxNNOqkGMnzmCwdOgwUsVScYXgKwxleDV4&ts=1725000070&e=0"]},{"title":"HVIEZDNE BÝVANIE - 3 IZBOVÝ BYT S PRIESTRANNOU TERASOU","address":"Hviezdoslavov, okres Dunajská Streda","rooms":3,"meters":179,"totalPrice":209999,"meterSquarePrice":8,"link":"https://www.nehnutelnosti.sk/detail/JuprEwpFpcy/hviezdne-byvanie-3-izbovy-byt-s-priestrannou-terasou","imagesUrls":["https://img.nehnutelnosti.sk/foto/NjAweDMzOC9maWx0ZXJzOnF1YWxpdHkoMTAwKS9uZWg=/Cqk0Jiygn_fss?st=q7F7BJg2QMKvGCq5bFfu1f9w_iX8oOVu2sv1UaH4jMo&ts=1724768432&e=0"]},{"title":"Rezervované - TOP! 4 izb. byt, balkón, 100 m2 (šatník, 2x toaleta, 3x klíma, zariadenie)","address":"Nitra, okres Nitra","rooms":4,"meters":100,"totalPrice":200000,"meterSquarePrice":0,"link":"https://www.nehnutelnosti.sk/detail/Ju3ZLTOh3dB/rezervovane-top-4-izb-byt-balkon-100-m2-satnik-2x-toaleta-3x-klima-zariadenie","imagesUrls":["https://img.nehnutelnosti.sk/foto/NjAweDMzOC9maWx0ZXJzOnF1YWxpdHkoMTAwKS9uZWg=/aZigOXxU1n_fss?st=Aa9q5MfmsJywpJGcaTZT6mA6rL9MBUXS4ltFTA7P2xo&ts=1725782557&e=0"]},{"title":"DROTÁRSKA CESTA - 4-IZBOVÝ PRIESTRANNÝ BYT S VÝHĽADOM NA KAMZÍK","address":"Bratislava I - Staré Mesto, okres Bratislava","rooms":4,"meters":122,"totalPrice":519999,"meterSquarePrice":9,"link":"https://www.nehnutelnosti.sk/detail/JuWuxT8fu3j/drotarska-cesta-4-izbovy-priestranny-byt-s-vyhladom-na-kamzik","imagesUrls":["https://img.nehnutelnosti.sk/foto/NjAweDMzOC9maWx0ZXJzOnF1YWxpdHkoMTAwKS9uZWg=/T5yK58AJ3_fss?st=zkxCvj5LwFxey4-QZyc6XgVzhDgOjpB2FEXepN_o9KQ&ts=1724165632&e=0"]},{"title":"Pekný 3 izbový byt Dolný Kubín - Veľký Bysterec","address":"Dolný Kubín, okres Dolný Kubín","rooms":3,"meters":62,"totalPrice":134000,"meterSquarePrice":9,"link":"https://www.nehnutelnosti.sk/detail/JumCMLxjeL7q/pekny-3-izbovy-byt-dolny-kubin-velky-bysterec","imagesUrls":["https://img.nehnutelnosti.sk/foto/NjAweDMzOC9maWx0ZXJzOnF1YWxpdHkoMTAwKS9uZWg=/gqFvbl7V1N_fss?st=bTl6CHOVRMW1v2nJ6NfDZYmtGQTfvwSBVHRt-DZ6UdU&ts=1725629561&e=0"]},{"title":"REZERVOVANÉ - PREDAJ 1-izbového bytu v príjemnej lokalite s pôdorysom v galérii","address":"Banská Bystrica, okres Banská Bystrica","rooms":1,"meters":30,"totalPrice":84990,"meterSquarePrice":3,"link":"https://www.nehnutelnosti.sk/detail/Ju5guQap-TC/rezervovane-predaj-1-izboveho-bytu-v-prijemnej-lokalite-s-podorysom-v-galerii","imagesUrls":["https://img.nehnutelnosti.sk/foto/NjAweDMzOC9maWx0ZXJzOnF1YWxpdHkoMTAwKS9uZWg=/ydEjGXiHf_fss?st=xpAItppDaU-Xoy9lo75gQR3xZDU3xoyFcqQeu1phJWA&ts=1724402905&e=0"]},{"title":"Na Predaj - Slnečný 3 izbový byt na Astrovej ulici","address":"Astrová, Bratislava II - Ružinov, okres Bratislava","rooms":3,"meters":64,"totalPrice":190000,"meterSquarePrice":5,"link":"https://www.nehnutelnosti.sk/detail/JunrOnzVxm4/na-predaj-slnecny-3-izbovy-byt-na-astrovej-ulici","imagesUrls":["https://img.nehnutelnosti.sk/foto/NjAweDMzOC9maWx0ZXJzOnF1YWxpdHkoMTAwKS9uZWg=/HW8gfEnkf_fss?st=AR5QiqcVgWKW108_ja1AWGqvQ0wasnXyNjb0U2y6i1g&ts=1725968402&e=0"]},{"title":"Rezervované - Zariadený 3-izbový byt Ľadoveň","address":"Martin, okres Martin","rooms":3,"meters":67,"totalPrice":129900,"meterSquarePrice":1,"link":"https://www.nehnutelnosti.sk/detail/JugQ6wszZOU/rezervovane-zariadeny-3-izbovy-byt-ladoven","imagesUrls":["https://img.nehnutelnosti.sk/foto/NjAweDMzOC9maWx0ZXJzOnF1YWxpdHkoMTAwKS9uZWg=/c2Eg0i0Ww_fss?st=XnOeYRH6zFvext2JLhNQ8v8UdvGwHtiNmyk45oSqHBc&ts=1723721663&e=0"]},{"title":"PRIPRAVUJEME do PONUKY-4IZBOVÝ BYT v tehlovej stavbe z roku 1986 na Grösslingovej s podzemným parkov","address":"Grösslingova, Bratislava I - Staré Mesto, okres Bratislava","rooms":4,"meters":112,"totalPrice":500000,"meterSquarePrice":9,"link":"https://www.nehnutelnosti.sk/detail/JuLPA2Sd59E/pripravujeme-do-ponuky-4izbovy-byt-v-tehlovej-stavbe-z-roku-1986-na-grosslingovej-s-podzemnym-parkov","imagesUrls":["https://img.nehnutelnosti.sk/foto/NjAweDMzOC9maWx0ZXJzOnF1YWxpdHkoMTAwKS9uZWg=/qOItiVsKq_fss?st=5bzW7BsS8c1UwUdvjgbqGtx0G8nvyPyP_KfqwXbtuIY&ts=1723815775&e=0"]},{"title":"3-izbový byt na Hlinách - Považská Bystrica","address":"Považská Bystrica, okres Považská Bystrica","rooms":3,"meters":58,"totalPrice":null,"meterSquarePrice":null,"link":"https://www.nehnutelnosti.sk/detail/JumKCUM-Qwm/3-izbovy-byt-na-hlinach-povazska-bystrica","imagesUrls":["https://img.nehnutelnosti.sk/foto/NjAweDMzOC9maWx0ZXJzOnF1YWxpdHkoMTAwKS9uZWg=/zNCcdCY_8_fss?st=-MkEvo72Z5AHU0tqOUMLa474i4s80x8-T6sOwBsQWJw&ts=1724075316&e=0"]},{"title":"2 izbový byt Vrútky, kompletne zrekonštruovaný","address":"Vrútky, okres Martin","rooms":2,"meters":60,"totalPrice":null,"meterSquarePrice":null,"link":"https://www.nehnutelnosti.sk/detail/Ju-LUEKZP6J/2-izbovy-byt-vrutky-kompletne-zrekonstruovany","imagesUrls":["https://img.nehnutelnosti.sk/foto/NjAweDMzOC9maWx0ZXJzOnF1YWxpdHkoMTAwKS9uZWg=/yPwQ9NZfs_fss?st=Uwt4vGr7z_dq7pS7kVYHZhtlCrV62g2n9o4haXmf7e8&ts=1723807982&e=0"]},{"title":"Rezervované -  KOMPLETNE ZARIADENÝ  2 izbový byt - CENTRUM MESTA NITRA","address":"Nitra, okres Nitra","rooms":2,"meters":59,"totalPrice":134900,"meterSquarePrice":4,"link":"https://www.nehnutelnosti.sk/detail/Jugnh971WjD/rezervovane-kompletne-zariadeny-2-izbovy-byt-centrum-mesta-nitra","imagesUrls":["https://img.nehnutelnosti.sk/foto/NjAweDMzOC9maWx0ZXJzOnF1YWxpdHkoMTAwKS9uZWg=/_KM3wO8Mpd_fss?st=0S7P556kJ2DQf4glNty4ZWxi0Ubi_wB-vM99pQA-5zo&ts=1723559040&e=0"]},{"title":"Útulný 4-izbový byt v obľúbenej lokalite Martin - Záturčie","address":"Martin, okres Martin","rooms":4,"meters":60,"totalPrice":112000,"meterSquarePrice":7,"link":"https://www.nehnutelnosti.sk/detail/Jul_-tJnmpI/utulny-4-izbovy-byt-v-oblubenej-lokalite-martin-zaturcie","imagesUrls":["https://img.nehnutelnosti.sk/foto/NjAweDMzOC9maWx0ZXJzOnF1YWxpdHkoMTAwKS9uZWg=/zlNIe9msK_fss?st=gp_Bz2PY-KWGzXrlAE9pemGzC2P9zvUxClpbpXFQqXY&ts=1723877892&e=0"]},{"title":"CENTRUM - 2 izbový byt na predaj","address":"Martin, okres Martin","rooms":2,"meters":52,"totalPrice":118000,"meterSquarePrice":3,"link":"https://www.nehnutelnosti.sk/detail/JuEdXw_EbCN/centrum-2-izbovy-byt-na-predaj","imagesUrls":["https://img.nehnutelnosti.sk/foto/NjAweDMzOC9maWx0ZXJzOnF1YWxpdHkoMTAwKS9uZWg=/hByVz_PFi_fss?st=GeFr95qK843MCNHFRRJYb5ZEl_jW6TNzvM48meQMPW8&ts=1723460477&e=0"]},{"title":"ul. BEBRAVSKÁ-2 IZBOVÝ BYT NACHÁDZAJÚCI SA V PRÍJEMNOM PROSTREDÍ VRAKUNE","address":"Bebravská, Bratislava II - Vrakuňa, okres Bratislava","rooms":2,"meters":53,"totalPrice":139999,"meterSquarePrice":9,"link":"https://www.nehnutelnosti.sk/detail/JuDdok7C3ft/ul-bebravska-2-izbovy-byt-nachadzajuci-sa-v-prijemnom-prostredi-vrakune","imagesUrls":["https://img.nehnutelnosti.sk/foto/NjAweDMzOC9maWx0ZXJzOnF1YWxpdHkoMTAwKS9uZWg=/V7KbjW-AH_fss?st=-8ZEi34ESvxMWt85EGzaDaGT-SEfHKIVjOnDbqeBv18&ts=1723469639&e=0"]},{"title":"Zariadený 3 izb. byt v centre (TEHLA) - Misionárska ul., Kalvária","address":"Nitra, okres Nitra","rooms":3,"meters":71,"totalPrice":139000,"meterSquarePrice":5,"link":"https://www.nehnutelnosti.sk/detail/JuUB9pziJwg/zariadeny-3-izb-byt-v-centre-tehla-misionarska-ul-kalvaria","imagesUrls":["https://img.nehnutelnosti.sk/foto/NjAweDMzOC9maWx0ZXJzOnF1YWxpdHkoMTAwKS9uZWg=/Rv3FRHZIt_fss?st=GkFOjmFqLc2911jURBew58fhzRE09QvZSxoxlWt2Tq0&ts=1726750121&e=0"]},{"title":"Veľký ''staromestský'' 4 izb. byt - Nitra, centrum (kompletná rekonštrukcia)","address":"Nitra, okres Nitra","rooms":4,"meters":132,"totalPrice":null,"meterSquarePrice":null,"link":"https://www.nehnutelnosti.sk/detail/JubHgc8f9AM/velky-staromestsky-4-izb-byt-nitra-centrum-kompletna-rekonstrukcia","imagesUrls":["https://img.nehnutelnosti.sk/foto/NjAweDMzOC9maWx0ZXJzOnF1YWxpdHkoMTAwKS9uZWg=/b7I-yxRiT_fss?st=n0a7WIP4wGsrK9Soc9sfzRyz0AXOEv2r6jzSgjddy3g&ts=1723206272&e=0"]}]