[{"title":"GODDESS & ASSENZIO - PREDAJ - 2 IZBOVÝ BYT 62,38 M2-LOGGIA 4,7m2 –PALKOVIČOVÁ ULICA - RUŽINOV","address":"Palkovičová, Bratislava II - Ružinov, okres Bratislava","rooms":2,"meters":62,"totalPrice":199900,"meterSquarePrice":5,"link":"https://www.nehnutelnosti.sk/detail/JutW96ncSAM/goddess-assenzio-predaj-2-izbovy-byt-62-38-m2-loggia-4-7m2-palkovicova-ulica-ruzinov","imagesUrls":["https://img.nehnutelnosti.sk/foto/NjAweDMzOC9maWx0ZXJzOnF1YWxpdHkoMTAwKS9uZWg=/ZKX3ksaspw_fss?st=QPKZDOYdlriPrAHTUVvbHqj3hkbNXJ6Bd51KOHOXcTs&ts=1726514087&e=0"]},{"title":"Garzónka na PREDAJ  Bratislava Jána Jonáša","address":"Jána Jonáša, Bratislava IV - Devínska Nová Ves, okres Bratislava","rooms":null,"meters":28,"totalPrice":87000,"meterSquarePrice":4,"link":"https://www.nehnutelnosti.sk/detail/Ju6hJIpotwy/garzonka-na-predaj-bratislava-jana-jonasa","imagesUrls":["https://img.nehnutelnosti.sk/foto/NjAweDMzOC9maWx0ZXJzOnF1YWxpdHkoMTAwKS9uZWg=/Sx7vBIAvv_fss?st=QgQqC_bqcCGTpqdKYA80he1me5dAykY7v1N5dC4XRrM&ts=1699953543&e=0"]},{"title":"ART Real Estate ponúka na predaj krásny 3-izbový byt v centre Starého Mesta Bratislavy.","address":"Mickiewiczova, Bratislava I - Staré Mesto, okres Bratislava","rooms":3,"meters":100,"totalPrice":490000,"meterSquarePrice":5,"link":"https://www.nehnutelnosti.sk/detail/JukPKGxowN2/art-real-estate-ponuka-na-predaj-krasny-3-izbovy-byt-v-centre-stareho-mesta-bratislavy","imagesUrls":["https://img.nehnutelnosti.sk/foto/NjAweDMzOC9maWx0ZXJzOnF1YWxpdHkoMTAwKS9uZWg=/YnXL13JhH_fss?st=zftFzR2z7aqkmID5JqoNdugC1Ni6nbQUugz-zZfeNBU&ts=1714385655&e=0"]},{"title":"Na predaj 4-izbový byt s 2 balkónmi vo Vrbovom","address":"6.apríla, Vrbové, okres Piešťany","rooms":4,"meters":81,"totalPrice":139900,"meterSquarePrice":6,"link":"https://www.nehnutelnosti.sk/detail/Juvd1W5OONt/na-predaj-4-izbovy-byt-s-2-balkonmi-vo-vrbovom","imagesUrls":["https://img.nehnutelnosti.sk/foto/NjAweDMzOC9maWx0ZXJzOnF1YWxpdHkoMTAwKS9uZWg=/PnwNXuxM1_fss?st=TpddBIy3EyIoY-QEJusCnwW9S4mfksw0_S0Bb6Wvu20&ts=1725481909&e=0"]},{"title":"Vaše Nové Bývanie - komplet zrekonštruovaný a zariadený 3-izbový byt","address":"Alexandra Dubčeka, Piešťany, okres Piešťany","rooms":3,"meters":87,"totalPrice":null,"meterSquarePrice":null,"link":"https://www.nehnutelnosti.sk/detail/Ju9a_IjLaNR/vase-nove-byvanie-komplet-zrekonstruovany-a-zariadeny-3-izbovy-byt","imagesUrls":["https://img.nehnutelnosti.sk/foto/NjAweDMzOC9maWx0ZXJzOnF1YWxpdHkoMTAwKS9uZWg=/o9h725mQ-_fss?st=Ffh7E2Mz2vmXCM347bx6XvEtKOtqoPzM5EWZNvh1Lxs&ts=1724927399&e=0"]},{"title":"Moderná dispozícia+dobrá adresa+vlastné parkovanie = ideálne riešenie","address":"Terézie Vansovej, Trnava, okres Trnava","rooms":3,"meters":70,"totalPrice":219900,"meterSquarePrice":0,"link":"https://www.nehnutelnosti.sk/detail/Ju8rVZ8bDjl/moderna-dispozicia-dobra-adresa-vlastne-parkovanie-idealne-riesenie","imagesUrls":["https://img.nehnutelnosti.sk/foto/NjAweDMzOC9maWx0ZXJzOnF1YWxpdHkoMTAwKS9uZWg=/W9M_ntXqQ__fss?st=S22ycgdBaXLXyGDEmWOzShtmrAZ3lgVPzDYF1WvP8aY&ts=1722516451&e=0"]},{"title":"Veľkometražny byt s loggiou takmer v centre mesta","address":"Štefánikova, Senica, okres Senica","rooms":2,"meters":null,"totalPrice":null,"meterSquarePrice":null,"link":"https://www.nehnutelnosti.sk/detail/Jum7OUE612Q/velkometrazny-byt-s-loggiou-takmer-v-centre-mesta","imagesUrls":["https://img.nehnutelnosti.sk/foto/NjAweDMzOC9maWx0ZXJzOnF1YWxpdHkoMTAwKS9uZWg=/YDolc3jg3_fss?st=EkpfFMz2A8DZ_7-lCMicIRvy_VNRwxQa4h1Mp1-ePLU&ts=1725706445&e=0"]},{"title":"Bývanie pri mestskom parku - komplet prerobený 3-izbový byt","address":"Pod Párovcami, Piešťany, okres Piešťany","rooms":3,"meters":59,"totalPrice":159900,"meterSquarePrice":7,"link":"https://www.nehnutelnosti.sk/detail/JuWDfP84Fwr/byvanie-pri-mestskom-parku-komplet-prerobeny-3-izbovy-byt","imagesUrls":["https://img.nehnutelnosti.sk/foto/NjAweDMzOC9maWx0ZXJzOnF1YWxpdHkoMTAwKS9uZWg=/9bz_SNn6C_fss?st=mnz3bk7Jm3jeCBpQ9gxVaQSt7wzVCWETyO0tI8L_CI0&ts=1720039475&e=0"]},{"title":"Veľký byt na sídlisku Nikola Tesla - Priestranné rodinné bývanie","address":"Piešťany, okres Piešťany","rooms":4,"meters":82,"totalPrice":134900,"meterSquarePrice":2,"link":"https://www.nehnutelnosti.sk/detail/JunZ6dILWQO/velky-byt-na-sidlisku-nikola-tesla-priestranne-rodinne-byvanie","imagesUrls":["https://img.nehnutelnosti.sk/foto/NjAweDMzOC9maWx0ZXJzOnF1YWxpdHkoMTAwKS9uZWg=/SR1L6VhdmI_fss?st=U0IeKY9LbuKCWSTMZRnQ8tlytlEq3JK5AVeWtdSLt14&ts=1721042544&e=0"]},{"title":"Bývanie vo vyhľadávanej lokalite mesta - 3-izb. byt v pôvodnom stave","address":"Lipová, Piešťany, okres Piešťany","rooms":3,"meters":64,"totalPrice":114900,"meterSquarePrice":1,"link":"https://www.nehnutelnosti.sk/detail/Ju5nTxCHaCm/byvanie-vo-vyhladavanej-lokalite-mesta-3-izb-byt-v-povodnom-stave","imagesUrls":["https://img.nehnutelnosti.sk/foto/NjAweDMzOC9maWx0ZXJzOnF1YWxpdHkoMTAwKS9uZWg=/63Y51B_Vu_fss?st=oTooM64FkrTJsRmmfRDnYYIDBHjRHRmB4axq0ZVl1Xo&ts=1725957679&e=0"]},{"title":"3iz.apartmánový byt s výhľadom na priehradu a 19m2 terasou v ŠTANDARDE","address":"Rekreačná, Vrbové, okres Piešťany","rooms":3,"meters":101,"totalPrice":179900,"meterSquarePrice":1,"link":"https://www.nehnutelnosti.sk/detail/JuLCUOqo4o4/3iz-apartmanovy-byt-s-vyhladom-na-priehradu-a-19m2-terasou-v-standarde","imagesUrls":["https://img.nehnutelnosti.sk/foto/NjAweDMzOC9maWx0ZXJzOnF1YWxpdHkoMTAwKS9uZWg=/B6hNGfjk2q_fss?st=-vTOc9-Zg6QU50cYwH49Wf9QnE9u4ads5rECt8oQ7E0&ts=1727031708&e=0"]},{"title":"3iz. apartmánový byt na priehrade s 23m2 terasou","address":"Rekreačná, Vrbové, okres Piešťany","rooms":3,"meters":79,"totalPrice":119900,"meterSquarePrice":8,"link":"https://www.nehnutelnosti.sk/detail/JunQc4vx-j0/3iz-apartmanovy-byt-na-priehrade-s-23m2-terasou","imagesUrls":["https://img.nehnutelnosti.sk/foto/NjAweDMzOC9maWx0ZXJzOnF1YWxpdHkoMTAwKS9uZWg=/IrT7xnI7z_fss?st=lh5G6JJ87uY4pMVTiTEEaIsXwSGwcQZLU8y56r5HcZA&ts=1725361133&e=0"]},{"title":"Aj vy si zaslúžite Rodinné bývanie - 4-izbový byt neďaleko centra","address":"Krajinská, Piešťany, okres Piešťany","rooms":4,"meters":81,"totalPrice":194900,"meterSquarePrice":9,"link":"https://www.nehnutelnosti.sk/detail/Ju7zFgBQE2P/aj-vy-si-zasluzite-rodinne-byvanie-4-izbovy-byt-nedaleko-centra","imagesUrls":["https://img.nehnutelnosti.sk/foto/NjAweDMzOC9maWx0ZXJzOnF1YWxpdHkoMTAwKS9uZWg=/irqfsNxR-_fss?st=xP-VHBheLHgwq_wOmrB83Va1p11B-OsddpmEK57HLMc&ts=1708230333&e=0"]},{"title":"Precíznosť, elegancia a komfort - Moderný komplet zariadený 2-izb. byt","address":"Janka Alexyho, Piešťany, okres Piešťany","rooms":2,"meters":67,"totalPrice":199900,"meterSquarePrice":8,"link":"https://www.nehnutelnosti.sk/detail/JucD8HroHIF/preciznost-elegancia-a-komfort-moderny-komplet-zariadeny-2-izb-byt","imagesUrls":["https://img.nehnutelnosti.sk/foto/NjAweDMzOC9maWx0ZXJzOnF1YWxpdHkoMTAwKS9uZWg=/u2tqvHBFij_fss?st=dnpzAT9ONXDEN0vzeRH-xkmeV9muQEx3ZFPCGaiTsQk&ts=1724335924&e=0"]},{"title":"Malý byt s veľkou dušou - 1-izbový apartmán na Banke","address":"Banka, okres Piešťany","rooms":1,"meters":22,"totalPrice":69900,"meterSquarePrice":5,"link":"https://www.nehnutelnosti.sk/detail/JuSTglH-5mY/maly-byt-s-velkou-dusou-1-izbovy-apartman-na-banke","imagesUrls":["https://img.nehnutelnosti.sk/foto/NjAweDMzOC9maWx0ZXJzOnF1YWxpdHkoMTAwKS9uZWg=/dT5mVXODi_fss?st=TnPxZOp0L5DaB4mCmf8leFhqfKTTfmfaaAhizhP9Eys&ts=1717621295&e=0"]},{"title":"Predaj 3-izbového bytu, Nálepkova, Nálepkova, Piešťany","address":"Nálepkova, Piešťany, okres Piešťany","rooms":3,"meters":88,"totalPrice":null,"meterSquarePrice":null,"link":"https://www.nehnutelnosti.sk/detail/Ju1wywRsW3V/predaj-3-izboveho-bytu-nalepkova-nalepkova-piestany","imagesUrls":["https://img.nehnutelnosti.sk/foto/NjAweDMzOC9maWx0ZXJzOnF1YWxpdHkoMTAwKS9uZWg=/5e4e17iu_P_fss?st=5pPjSMGNH49DgtFbszGuN1H3onxt_tEIZ_MOpf1riFQ&ts=1721207744&e=0"]},{"title":"!!VÝRAZNE ZNÍŽENÁ CENA!! Krásny mezonetový 4-izbový byt s parkovaním","address":"Pod Párovcami, Piešťany, okres Piešťany","rooms":4,"meters":112,"totalPrice":260000,"meterSquarePrice":3,"link":"https://www.nehnutelnosti.sk/detail/Juqa9lxU-UX/vyrazne-znizena-cena-krasny-mezonetovy-4-izbovy-byt-s-parkovanim","imagesUrls":["https://img.nehnutelnosti.sk/foto/NjAweDMzOC9maWx0ZXJzOnF1YWxpdHkoMTAwKS9uZWg=/r9-RB5UrGt_fss?st=gDaNLXF1q864ObbYvQ2ne6_SYT6PquoRJnzL_4Q2-I0&ts=1720078527&e=0"]},{"title":"Priestranný moderne riešený 2-izb. byt v novostavbe Piešťany 90,5m²","address":"Cesta J. Alexyho, Piešťany, okres Piešťany","rooms":2,"meters":90,"totalPrice":184900,"meterSquarePrice":9,"link":"https://www.nehnutelnosti.sk/detail/Ju_JYTlm2ST/priestranny-moderne-rieseny-2-izb-byt-v-novostavbe-piestany-90-5m","imagesUrls":["https://img.nehnutelnosti.sk/foto/NjAweDMzOC9maWx0ZXJzOnF1YWxpdHkoMTAwKS9uZWg=/8rlswdvlT_fss?st=Ocv_KcfQlbv1L_SPemTlqBl-QxsxKrgIGkc77JvWcnY&ts=1726693120&e=0"]},{"title":"Veľkometrážny 2-izbový byt - Nitra","address":"Petzwalova, Nitra, okres Nitra","rooms":2,"meters":67,"totalPrice":null,"meterSquarePrice":null,"link":"https://www.nehnutelnosti.sk/detail/JurGecjGx0t/velkometrazny-2-izbovy-byt-nitra","imagesUrls":["https://img.nehnutelnosti.sk/foto/NjAweDMzOC9maWx0ZXJzOnF1YWxpdHkoMTAwKS9uZWg=/0My8JLYaeg_fss?st=zUeiLMtp7BPvAerki2p0awdPLmUvO6YWYG1BH9gRS_s&ts=1726508206&e=0"]},{"title":"2izb. apartmán pri jazere -  Penati Golf Resort. Bývajte, prenajímajte.","address":"Penati Golf Resort, Šajdíkove Humence, okres Senica","rooms":2,"meters":68,"totalPrice":null,"meterSquarePrice":null,"link":"https://www.nehnutelnosti.sk/detail/JupDp4aVk6D/2izb-apartman-pri-jazere-penati-golf-resort-byvajte-prenajimajte","imagesUrls":["https://img.nehnutelnosti.sk/foto/NjAweDMzOC9maWx0ZXJzOnF1YWxpdHkoMTAwKS9uZWg=/pmy9mGurl_fss?st=ANdwEx10QTlDtgBVXzdwJqt_qPU1AKvPGfTNcOCQ-AU&ts=1694527881&e=0"]},{"title":"Predaj útulného zariadeného 3-izb. bytu s veľkou terasou","address":"Liptovská, Trenčín, okres Trenčín","rooms":3,"meters":99,"totalPrice":209990,"meterSquarePrice":1,"link":"https://www.nehnutelnosti.sk/detail/JukJ1LgPQ3T/predaj-utulneho-zariadeneho-3-izb-bytu-s-velkou-terasou","imagesUrls":["https://img.nehnutelnosti.sk/foto/NjAweDMzOC9maWx0ZXJzOnF1YWxpdHkoMTAwKS9uZWg=/IqEa8908tF_fss?st=rP41B6eSsqDDEnALhEJUJN1Zewjx6-XW1HgWqyixcSk&ts=1726655520&e=0"]},{"title":"Vinohradská - Byt po kompletnej rekonštrukcii","address":"Vinohradská, Hlohovec, okres Hlohovec","rooms":3,"meters":77,"totalPrice":152000,"meterSquarePrice":3,"link":"https://www.nehnutelnosti.sk/detail/JuWBhmdPFLI/vinohradska-byt-po-kompletnej-rekonstrukcii","imagesUrls":["https://img.nehnutelnosti.sk/foto/NjAweDMzOC9maWx0ZXJzOnF1YWxpdHkoMTAwKS9uZWg=/_fQ_m7Jxj_fss?st=4M_YyaP6yJi8z3EFH6ts9m1lNQTB8zc3x4hpAAiMkvE&ts=1726512468&e=0"]},{"title":"Útulný 2 izbový byt v centre mesta Rajecké Teplice","address":"Školská, Rajecké Teplice, okres Žilina","rooms":2,"meters":45,"totalPrice":152000,"meterSquarePrice":8,"link":"https://www.nehnutelnosti.sk/detail/JuDtd0o49MM/utulny-2-izbovy-byt-v-centre-mesta-rajecke-teplice","imagesUrls":["https://img.nehnutelnosti.sk/foto/NjAweDMzOC9maWx0ZXJzOnF1YWxpdHkoMTAwKS9uZWg=/QiPdDQGR5_fss?st=Cdb3dkbw8rRY3lg09-iP3cz05h6994bh61FxdYW_2LQ&ts=1726511252&e=0"]},{"title":"DIRECTREAL|Exkluzívne predáme 2 izbový byt v meste Gbely","address":"Záhumenice, Gbely, okres Skalica","rooms":2,"meters":52,"totalPrice":81000,"meterSquarePrice":9,"link":"https://www.nehnutelnosti.sk/detail/Ju67PJuW_NH/directreal-exkluzivne-predame-2-izbovy-byt-v-meste-gbely","imagesUrls":["https://img.nehnutelnosti.sk/foto/NjAweDMzOC9maWx0ZXJzOnF1YWxpdHkoMTAwKS9uZWg=/8mc6lu4SQn_fss?st=CuBqoi7orhWpYxSW3hKknDNpv2yMOfvOVB2hUn-IIPw&ts=1726511129&e=0"]},{"title":"DOPYT 1,5izb. - 2izb. byt Košice - Terasa, KVP","address":"Trieda SNP, Košice II - Západ, okres Košice","rooms":2,"meters":50,"totalPrice":135000,"meterSquarePrice":0,"link":"https://www.nehnutelnosti.sk/detail/JuUapWrS5kU/dopyt-1-5izb-2izb-byt-kosice-terasa-kvp","imagesUrls":["https://img.unitedclassifieds.sk/foto/NjAweDMzOC9maWx0ZXJzOnF1YWxpdHkoMTAwKS9qdWw=/cvUOVoIPY_fss?st=RXbWxtCiKzyTxcPWRNOWwsre1K6dvdFmxkGdlnFzECc&ts=1720016056&e=0"]},{"title":"DIRECTREAL|Predáme novozrekonštruovaný 1 izbový byt v Skalici na sídl. SNP","address":"Skalica, okres Skalica","rooms":1,"meters":38,"totalPrice":86000,"meterSquarePrice":6,"link":"https://www.nehnutelnosti.sk/detail/Ju5np7jEHYU/directreal-predame-novozrekonstruovany-1-izbovy-byt-v-skalici-na-sidl-snp","imagesUrls":["https://img.nehnutelnosti.sk/foto/NjAweDMzOC9maWx0ZXJzOnF1YWxpdHkoMTAwKS9uZWg=/qCCUV1zbLg_fss?st=4-lHqKacQmJktHFuF_lYTiX6CtjXArFAjcG9a-M2wd0&ts=1726511117&e=0"]},{"title":"DIRECTREAL|Predáme 3 izbový byt na prízemí, v blízkosti centra mesta","address":"Mallého, Skalica, okres Skalica","rooms":3,"meters":66,"totalPrice":113300,"meterSquarePrice":7,"link":"https://www.nehnutelnosti.sk/detail/JuEFqlPqKdD/directreal-predame-3-izbovy-byt-na-prizemi-v-blizkosti-centra-mesta","imagesUrls":["https://img.nehnutelnosti.sk/foto/NjAweDMzOC9maWx0ZXJzOnF1YWxpdHkoMTAwKS9uZWg=/YDIq0Z-rCM_fss?st=52wKdVelsGgs6a5K6iMJ7bTM6snpq5kvLuxzjtyXV9c&ts=1726511116&e=0"]},{"title":"DIRECTREAL|Predáme veľkometrážny 2 izbový byt s veľkou loggiou a pivnicou na 1. poschodí v Skalici","address":"Hurbanova, Skalica, okres Skalica","rooms":2,"meters":75,"totalPrice":106000,"meterSquarePrice":3,"link":"https://www.nehnutelnosti.sk/detail/JuxqQt4aH0M/directreal-predame-velkometrazny-2-izbovy-byt-s-velkou-loggiou-a-pivnicou-na-1-poschodi-v-skalici","imagesUrls":["https://img.nehnutelnosti.sk/foto/NjAweDMzOC9maWx0ZXJzOnF1YWxpdHkoMTAwKS9uZWg=/0Z5yqWFNL2_fss?st=IsO-OHu9WF5p2eipfKg-F3vsTw3D8KHuqRe-39wUY-o&ts=1726511105&e=0"]},{"title":"DIRECTREAL|Exkluzívne predáme 2 izbový byt v Skalici v tesnej blízkosti centra mesta","address":"Mallého, Skalica, okres Skalica","rooms":2,"meters":54,"totalPrice":88000,"meterSquarePrice":3,"link":"https://www.nehnutelnosti.sk/detail/JuxJ7sdebM-/directreal-exkluzivne-predame-2-izbovy-byt-v-skalici-v-tesnej-blizkosti-centra-mesta","imagesUrls":["https://img.nehnutelnosti.sk/foto/NjAweDMzOC9maWx0ZXJzOnF1YWxpdHkoMTAwKS9uZWg=/o0iFf01lN_fss?st=EgKLW0S8jYtEodajovVFfZSjwdQeH4MH_64lUAUWiEs&ts=1726511090&e=0"]},{"title":"DIRECTREAL|Priestranný,  veľmi udržiavaný byt s komorou a špajzou, kúpou voľný...","address":"Vajanského, Galanta, okres Galanta","rooms":3,"meters":74,"totalPrice":125000,"meterSquarePrice":9,"link":"https://www.nehnutelnosti.sk/detail/JuoHSS5NeRh/directreal-priestranny-velmi-udrziavany-byt-s-komorou-a-spajzou-kupou-volny","imagesUrls":["https://img.nehnutelnosti.sk/foto/NjAweDMzOC9maWx0ZXJzOnF1YWxpdHkoMTAwKS9uZWg=/cgEvoOUDF9_fss?st=O50MWItgTwedfZaFeLoa9eUiY9WF294WfUonmtLja4I&ts=1726511087&e=0"]}]