[{"title":"/FOIT/ - PREDAJ REZIDENCIA BAKER STREET","address":"Trnava, okres Trnava","rooms":3,"meters":81,"totalPrice":250000,"meterSquarePrice":3,"link":"https://www.nehnutelnosti.sk/detail/JueQHyCwRbM/foit-predaj-rezidencia-baker-street","imagesUrls":["https://img.nehnutelnosti.sk/foto/NjAweDMzOC9maWx0ZXJzOnF1YWxpdHkoMTAwKS9uZWg=/smf3hhJTt_fss?st=hrX9iG4WMYqPwC5HM3iayPlhf7SjummljdXEc7pzKZI&ts=1726778821&e=0"]},{"title":"/FOIT/ - PREDAJ REZIDENCIA BAKER STREET","address":"Trnava, okres Trnava","rooms":2,"meters":46,"totalPrice":170000,"meterSquarePrice":4,"link":"https://www.nehnutelnosti.sk/detail/JuvlpsrEdNv/foit-predaj-rezidencia-baker-street","imagesUrls":["https://img.nehnutelnosti.sk/foto/NjAweDMzOC9maWx0ZXJzOnF1YWxpdHkoMTAwKS9uZWg=/XQFStxjJlt_fss?st=RkcImHq6Tjt2iM9MKj1q3tWE7lsecNEFneWscfSquIo&ts=1726778810&e=0"]},{"title":"/FOIT/ - PREDAJ 1 IZBOVÉHO BYTU V BLÍZKOSTI TRNAVY V OBCI ZAVAR","address":"Zavar, okres Trnava","rooms":1,"meters":32,"totalPrice":69900,"meterSquarePrice":8,"link":"https://www.nehnutelnosti.sk/detail/Jucp9xO-VV7/foit-predaj-1-izboveho-bytu-v-blizkosti-trnavy-v-obci-zavar","imagesUrls":["https://img.nehnutelnosti.sk/foto/NjAweDMzOC9maWx0ZXJzOnF1YWxpdHkoMTAwKS9uZWg=/HWT_SmMyiI_fss?st=3yCwx7czL-h_NzBeRsQv7lppzUS5C6jLuNdoi5tL73s&ts=1726778826&e=0"]},{"title":"/FOIT/ - PREDAJ KEĎ VŠETKO SPOLU HRÁ","address":"Trnava, okres Trnava","rooms":3,"meters":88,"totalPrice":299900,"meterSquarePrice":7,"link":"https://www.nehnutelnosti.sk/detail/JutJqMhj6wQ/foit-predaj-ked-vsetko-spolu-hra","imagesUrls":["https://img.nehnutelnosti.sk/foto/NjAweDMzOC9maWx0ZXJzOnF1YWxpdHkoMTAwKS9uZWg=/t9-nE8BKN_fss?st=C0Agj_fMj4hj3Q2jBKhzT1WnguOL_XucGLV27j_SyPI&ts=1726778806&e=0"]},{"title":"/FOIT/ - NOVÁ CENA! KOMU SA POKOJ, VÍNO A PRÍRODA PÁČI, TEN CHCE BÝVAŤ PREDSA V RAČI","address":"Bratislava III - Rača, okres Bratislava","rooms":3,"meters":77,"totalPrice":209000,"meterSquarePrice":7,"link":"https://www.nehnutelnosti.sk/detail/Ju57GKGpXJ6/foit-nova-cena-komu-sa-pokoj-vino-a-priroda-paci-ten-chce-byvat-predsa-v-raci","imagesUrls":["https://img.nehnutelnosti.sk/foto/NjAweDMzOC9maWx0ZXJzOnF1YWxpdHkoMTAwKS9uZWg=/gM0AWPZqp_fss?st=jBUXHB751i8hEidIjQf2Ni1mQFeM0EBOerDJhXEDsWk&ts=1726778787&e=0"]},{"title":"LUXUSNÝ KOMPLETNE ZARIADENÝ APARTMÁN BREZY","address":"Vysoké Tatry, okres Poprad","rooms":4,"meters":118,"totalPrice":875000,"meterSquarePrice":0,"link":"https://www.nehnutelnosti.sk/detail/Ju6MnTHl0Cv/luxusny-kompletne-zariadeny-apartman-brezy","imagesUrls":["https://img.nehnutelnosti.sk/foto/NjAweDMzOC9maWx0ZXJzOnF1YWxpdHkoMTAwKS9uZWg=/9OVa3w_lu_fss?st=yeZ3nSU_NMGqak3x_gSWqUz53sl2AU5DxpXKMpHWmpA&ts=1725913907&e=0"]},{"title":"PREDAJ: 3 izbový byt s veľkou terasou, EKO novostavba Zelené átrium, Trnava","address":"Štefana Moyzesa, Trnava, okres Trnava","rooms":3,"meters":134,"totalPrice":269000,"meterSquarePrice":6,"link":"https://www.nehnutelnosti.sk/detail/JufpUdu8rm_/predaj-3-izbovy-byt-s-velkou-terasou-eko-novostavba-zelene-atrium-trnava","imagesUrls":["https://img.nehnutelnosti.sk/foto/NjAweDMzOC9maWx0ZXJzOnF1YWxpdHkoMTAwKS9uZWg=/ltqyJx5YJ_fss?st=z6TGYjgvJHQ1GRLfM4ryOxygkVfqrkbfQQggQ-0IQ9E&ts=1726846987&e=0"]},{"title":"Na Predaj 1,5 izbový byt na Ždiarskej ulici - Nad jazerom","address":"Ždiarska, Košice IV - Nad jazerom, okres Košice","rooms":2,"meters":40,"totalPrice":null,"meterSquarePrice":null,"link":"https://www.nehnutelnosti.sk/detail/Juw_ntPEE5e/na-predaj-1-5-izbovy-byt-na-zdiarskej-ulici-nad-jazerom","imagesUrls":["https://img.nehnutelnosti.sk/foto/NjAweDMzOC9maWx0ZXJzOnF1YWxpdHkoMTAwKS9uZWg=/xp3mKXY0-_fss?st=Pd4XkeeDWTWlbKqKGJXhmG_xzxwmhMxS2xG28z_IA-4&ts=1726777267&e=0"]},{"title":"Slnečný 3i byt neďaleko centra Piešťan","address":"Kukurelliho, Piešťany, okres Piešťany","rooms":3,"meters":60,"totalPrice":159990,"meterSquarePrice":0,"link":"https://www.nehnutelnosti.sk/detail/JuNHgatfIdV/slnecny-3i-byt-nedaleko-centra-piestan","imagesUrls":["https://img.nehnutelnosti.sk/foto/NjAweDMzOC9maWx0ZXJzOnF1YWxpdHkoMTAwKS9uZWg=/fYMD3I1eLP_fss?st=h6OqGFF7VusU1JIvrBISdhLu9eIqAY9UB6zRN9hi1X0&ts=1722379646&e=0"]},{"title":"3 izbový byt - 72 m², s balkónom a loggiou, ul. Pod Sokolice","address":"Pod Sokolice, Trenčín, okres Trenčín","rooms":3,"meters":72,"totalPrice":null,"meterSquarePrice":null,"link":"https://www.nehnutelnosti.sk/detail/JupdJo4NpYl/3-izbovy-byt-72-m-s-balkonom-a-loggiou-ul-pod-sokolice","imagesUrls":["https://img.unitedclassifieds.sk/foto/NjAweDMzOC9maWx0ZXJzOnF1YWxpdHkoMTAwKS9yc2Y=/QUFmbMdY2_fss?st=cdwCDZMAIIII-sGjilEClA0Jwu77UZ2K7UjAr4lZuBo&ts=1722621745&e=0"]},{"title":"HALO reality - Predaj, dvojizbový byt Poltár - EXKLUZÍVNE HALO REALITY","address":"Poltár, okres Poltár","rooms":2,"meters":63,"totalPrice":47499,"meterSquarePrice":5,"link":"https://www.nehnutelnosti.sk/detail/JuvTP6NBLot/halo-reality-predaj-dvojizbovy-byt-poltar-exkluzivne-halo-reality","imagesUrls":["https://img.nehnutelnosti.sk/foto/NjAweDMzOC9maWx0ZXJzOnF1YWxpdHkoMTAwKS9uZWg=/MDPQG44j-4_fss?st=LAJwQZUpaSwE6nFjsXMoyaV1jLftXsimP72MG3TInEI&ts=1726776239&e=0"]},{"title":"Znížená cena - 3i byt, sídlisko SNP, Pov. Bystrica","address":"SNP, Považská Bystrica, okres Považská Bystrica","rooms":3,"meters":58,"totalPrice":117600,"meterSquarePrice":9,"link":"https://www.nehnutelnosti.sk/detail/JuHORGtVlRK/znizena-cena-3i-byt-sidlisko-snp-pov-bystrica","imagesUrls":["https://img.unitedclassifieds.sk/foto/NjAweDMzOC9maWx0ZXJzOnF1YWxpdHkoMTAwKS9yc2Y=/sBNIMap5S_fss?st=V-dW4qfjMleJU2haijmpz4UbS2TM92Tptf9nwrx-1ns&ts=1719497760&e=0"]},{"title":"3 izbový byt, Púchov","address":"Obrancov mieru, Púchov, okres Púchov","rooms":3,"meters":63,"totalPrice":145000,"meterSquarePrice":9,"link":"https://www.nehnutelnosti.sk/detail/JucFvNokZmR/3-izbovy-byt-puchov","imagesUrls":["https://img.unitedclassifieds.sk/foto/NjAweDMzOC9maWx0ZXJzOnF1YWxpdHkoMTAwKS9yc2Y=/VzEHISpnP_fss?st=W4QzmVu4lloigimaSpQpZQa8BcDt__3Qcw4B_qM2hjg&ts=1726772959&e=0"]},{"title":"Veľký dvojizbový byt pri lese  s garážovým státim","address":"Mokrohájska cesta 3665/10, Bratislava IV - Karlova Ves, okres Bratislava","rooms":2,"meters":60,"totalPrice":260000,"meterSquarePrice":3,"link":"https://www.nehnutelnosti.sk/detail/Ju3DWg7qrB6/velky-dvojizbovy-byt-pri-lese-s-garazovym-statim","imagesUrls":["https://img.nehnutelnosti.sk/foto/NjAweDMzOC9maWx0ZXJzOnF1YWxpdHkoMTAwKS9uZWg=/TLjxzS5PSz_fss?st=tum9l5zrvluzDd9bH1M0i_5eubPJFT-5KwWU9RwIqp4&ts=1716402563&e=0"]},{"title":"Na predaj 2 izbový byt po kompletnej rekonštrukcii, Kustrova ulica, Košice - Sever","address":"Kustrova, Košice I - Sever, okres Košice","rooms":2,"meters":55,"totalPrice":189999,"meterSquarePrice":3,"link":"https://www.nehnutelnosti.sk/detail/JuCFXjWaP2H/na-predaj-2-izbovy-byt-po-kompletnej-rekonstrukcii-kustrova-ulica-kosice-sever","imagesUrls":["https://img.nehnutelnosti.sk/foto/NjAweDMzOC9maWx0ZXJzOnF1YWxpdHkoMTAwKS9uZWg=/dd2I3AcuQ_fss?st=1aEAcKFv0sjnaPft5QqSfROqPd1PeXp4E8RUJUF9OXE&ts=1726775440&e=0"]},{"title":"Príjemný slnečný 3-izbový byt, Dudvážska, Podunajské Biskupice, BA II.","address":"Dudvážska, Bratislava II - Podunajské Biskupice, okres Bratislava","rooms":3,"meters":70,"totalPrice":175000,"meterSquarePrice":0,"link":"https://www.nehnutelnosti.sk/detail/JuPllys9ubc/prijemny-slnecny-3-izbovy-byt-dudvazska-podunajske-biskupice-ba-ii","imagesUrls":["https://img.nehnutelnosti.sk/foto/NjAweDMzOC9maWx0ZXJzOnF1YWxpdHkoMTAwKS9uZWg=/RWSMXNFMa_fss?st=WsIUqwch3231AFYaTEVpfDLY2fLq_g4L5KsbDXGXKHM&ts=1726774027&e=0"]},{"title":"Na predaj 2 izbový byt v novostavba Slnečné Terasy","address":"Mateja Bela, Žilina, okres Žilina","rooms":2,"meters":65,"totalPrice":179900,"meterSquarePrice":5,"link":"https://www.nehnutelnosti.sk/detail/JujiZan3y4H/na-predaj-2-izbovy-byt-v-novostavba-slnecne-terasy","imagesUrls":["https://img.nehnutelnosti.sk/foto/NjAweDMzOC9maWx0ZXJzOnF1YWxpdHkoMTAwKS9uZWg=/bzxSeXeFuw_fss?st=ZZXW6RwYxInDjVAi3sqdgG8m8a2nc67E1FHBLKIIt5M&ts=1726823084&e=0"]},{"title":"3 izbový byt, NÁRODNÁ TRIEDA, 69m2 + 2x LOGGIA, KOŠICE - SEVER","address":"Národná trieda, Košice I - Sever, okres Košice","rooms":3,"meters":69,"totalPrice":175000,"meterSquarePrice":3,"link":"https://www.nehnutelnosti.sk/detail/Jusjzmw7UU0/3-izbovy-byt-narodna-trieda-69m2-2x-loggia-kosice-sever","imagesUrls":["https://img.nehnutelnosti.sk/foto/NjAweDMzOC9maWx0ZXJzOnF1YWxpdHkoMTAwKS9uZWg=/cl2KOmIapN_fss?st=Qpuiid-e-kuh_iDmgbES6dwp_FQgW4A45MlmuA_GAXI&ts=1726772838&e=0"]},{"title":"Mezonetový byt v krásnom prostredí blízko lesa, Lozorno","address":"Lozorno, okres Malacky","rooms":4,"meters":96,"totalPrice":166000,"meterSquarePrice":7,"link":"https://www.nehnutelnosti.sk/detail/JuVvB64XX3Y/mezonetovy-byt-v-krasnom-prostredi-blizko-lesa-lozorno","imagesUrls":["https://img.unitedclassifieds.sk/foto/NjAweDMzOC9maWx0ZXJzOnF1YWxpdHkoMTAwKS9qdWw=/X9o6VVHij_fss?st=eO2glP4VZgLI7dfANfobvxbWgryV4Oaxqy2xI17583g&ts=1721767669&e=0"]},{"title":"Slnečný priestranný 2 izbový byt, nízke náklady na bývanie","address":"Rulandská, Trenčín, okres Trenčín","rooms":2,"meters":53,"totalPrice":138580,"meterSquarePrice":0,"link":"https://www.nehnutelnosti.sk/detail/JuIKOu2i4Y5/slnecny-priestranny-2-izbovy-byt-nizke-naklady-na-byvanie","imagesUrls":["https://img.unitedclassifieds.sk/foto/NjAweDMzOC9maWx0ZXJzOnF1YWxpdHkoMTAwKS9yc2Y=/Mv8OJUvNY_fss?st=kCob_YOOHQqNODChqUc1q2DBzKmsuh4ujAOx6x0uWn0&ts=1715732810&e=0"]},{"title":"REALITY BROKER ponúka na predaj pekný priestranný mezonetový 3 izb. byt v centre mesta Senec","address":"Krátka, Senec, okres Senec","rooms":3,"meters":113,"totalPrice":299000,"meterSquarePrice":2,"link":"https://www.nehnutelnosti.sk/detail/JuOOiKu-6fe/reality-broker-ponuka-na-predaj-pekny-priestranny-mezonetovy-3-izb-byt-v-centre-mesta-senec","imagesUrls":["https://img.nehnutelnosti.sk/foto/NjAweDMzOC9maWx0ZXJzOnF1YWxpdHkoMTAwKS9uZWg=/NNoCoG4l6_fss?st=gkkeuj6ulWJYH_o2RRNK6qaWmzlSpEk2RtZBJ8WVNX0&ts=1720439511&e=0"]},{"title":"REALITY BROKER ponúka na predaj pekný kompletne zariadený 4 izb.  byt v Senci - dobrá lokalita","address":"Svätoplukova, Senec, okres Senec","rooms":4,"meters":71,"totalPrice":169990,"meterSquarePrice":8,"link":"https://www.nehnutelnosti.sk/detail/Juxqi9MPDrB/reality-broker-ponuka-na-predaj-pekny-kompletne-zariadeny-4-izb-byt-v-senci-dobra-lokalita","imagesUrls":["https://img.nehnutelnosti.sk/foto/NjAweDMzOC9maWx0ZXJzOnF1YWxpdHkoMTAwKS9uZWg=/k7cQ-tqMc_fss?st=VQaZfdZCi4Be7aFirawFrc3SRMB53gjOsTpv7SIDyqc&ts=1697200475&e=0"]},{"title":"REALITY BROKER ponúka na predaj pekný 4 izb. byt s garážou v tehlovom bytovom dome","address":"Záhradnícka, Senec, okres Senec","rooms":4,"meters":84,"totalPrice":230000,"meterSquarePrice":0,"link":"https://www.nehnutelnosti.sk/detail/JuhA7s2sMVh/reality-broker-ponuka-na-predaj-pekny-4-izb-byt-s-garazou-v-tehlovom-bytovom-dome","imagesUrls":["https://img.nehnutelnosti.sk/foto/NjAweDMzOC9maWx0ZXJzOnF1YWxpdHkoMTAwKS9uZWg=/pR3akV0wX_fss?st=Z2A81NkOv5k-M4kMKjv-XdUX4DkMrr4CXHJYzLfYHxk&ts=1713542518&e=0"]},{"title":"PEKNÝ 3 IZBOVÝ BYT CENTRUM MESTA","address":"M. Hodžu, Prievidza, okres Prievidza","rooms":3,"meters":66,"totalPrice":null,"meterSquarePrice":null,"link":"https://www.nehnutelnosti.sk/detail/JueIy9BlbgL/pekny-3-izbovy-byt-centrum-mesta","imagesUrls":["https://img.nehnutelnosti.sk/foto/NjAweDMzOC9maWx0ZXJzOnF1YWxpdHkoMTAwKS9uZWg=/noA172u_U_fss?st=atJIyKRbZR0dcKBAg5VV60LH3-yx8wrg_wol1vM8vxw&ts=1726514085&e=0"]},{"title":"PEKNÝ 3 IZBOVÝ BYT CENTRUM MESTA","address":"M. Hodžu, Prievidza, okres Prievidza","rooms":3,"meters":66,"totalPrice":79990,"meterSquarePrice":7,"link":"https://www.nehnutelnosti.sk/detail/Ju3KvrfdJJ_/pekny-3-izbovy-byt-centrum-mesta","imagesUrls":["https://img.nehnutelnosti.sk/foto/NjAweDMzOC9maWx0ZXJzOnF1YWxpdHkoMTAwKS9uZWg=/EbXuw7iGT_fss?st=r-J_JomZpd5vkO9N4bzhMtEm135-XZLds-cLvorWelI&ts=1726253234&e=0"]},{"title":"3 izbový byt,  68m2 + 2 x Loggia, Košice - JUH, NADŠTANDARDNÁ NOVÁ KOMPLETNÁ REKONŠTRUKCIA","address":"Amurská, Košice IV - Nad jazerom, okres Košice","rooms":3,"meters":69,"totalPrice":209980,"meterSquarePrice":9,"link":"https://www.nehnutelnosti.sk/detail/JupbgSITzn8/3-izbovy-byt-68m2-2-x-loggia-kosice-juh-nadstandardna-nova-kompletna-rekonstrukcia","imagesUrls":["https://img.nehnutelnosti.sk/foto/NjAweDMzOC9maWx0ZXJzOnF1YWxpdHkoMTAwKS9uZWg=/kI4zT8Yuk_fss?st=8UBAVXgbHIm1BTi0hEznKCNnIu0A2KsMPBe2LgARSD8&ts=1726771927&e=0"]},{"title":"Ponúkame pekný 2 izb. byt v Kalinove okr. Poltár","address":"Bystrinská, Kalinovo, okres Poltár","rooms":2,"meters":68,"totalPrice":53000,"meterSquarePrice":1,"link":"https://www.nehnutelnosti.sk/detail/Juj7L3hZ_df/ponukame-pekny-2-izb-byt-v-kalinove-okr-poltar","imagesUrls":["https://img.nehnutelnosti.sk/foto/NjAweDMzOC9maWx0ZXJzOnF1YWxpdHkoMTAwKS9uZWg=/nskUgwu-ei_fss?st=FUfnW5Kx-skNgFWxKVLH-uhdDSHIl8u8lF46cyBq5D8&ts=1726771685&e=0"]},{"title":"NOVÁ CENA | 3 izbový, čiastočná rekonštrukcia, vrátane provízie pre RK","address":"Majerníkova, Bratislava IV - Karlova Ves, okres Bratislava","rooms":3,"meters":63,"totalPrice":176900,"meterSquarePrice":4,"link":"https://www.nehnutelnosti.sk/detail/Ju5sVt3JTUO/nova-cena-3-izbovy-ciastocna-rekonstrukcia-vratane-provizie-pre-rk","imagesUrls":["https://img.nehnutelnosti.sk/foto/NjAweDMzOC9maWx0ZXJzOnF1YWxpdHkoMTAwKS9uZWg=/lvHS9OEkt_fss?st=_go0IjbaQOJ85hgtllxC8rKSVah8OZ_ggWvOLvNYcLU&ts=1725901436&e=0"]},{"title":"Nízkoenergetický 3-izbový byt s parkovacím státím a s garážou","address":"Kráľa Žigmunda, Dunajská Streda, okres Dunajská Streda","rooms":3,"meters":66,"totalPrice":127990,"meterSquarePrice":4,"link":"https://www.nehnutelnosti.sk/detail/JuB0hb4Um1j/nizkoenergeticky-3-izbovy-byt-s-parkovacim-statim-a-s-garazou","imagesUrls":["https://img.unitedclassifieds.sk/foto/NjAweDMzOC9maWx0ZXJzOnF1YWxpdHkoMTAwKS9qdWw=/TpW9M5yLI_fss?st=9x8RxP5o4R5k51h4kcG3ipNH9I3qTs2TU0pRgK2U6pw&ts=1724412887&e=0"]},{"title":"Bývanie v tichej časti mesta Svit","address":"Štefánikova, Svit, okres Poprad","rooms":3,"meters":65,"totalPrice":129000,"meterSquarePrice":2,"link":"https://www.nehnutelnosti.sk/detail/JuF_-udKeHa/byvanie-v-tichej-casti-mesta-svit","imagesUrls":["https://img.unitedclassifieds.sk/foto/NjAweDMzOC9maWx0ZXJzOnF1YWxpdHkoMTAwKS9qdWw=/pZI4i8QXa_fss?st=ZPr4iSHpVInFbPs6hD3uKoqlJED5LwMk4nD4x1Zbnjs&ts=1725629061&e=0"]}]