[{"title":"Moderný 2-izbový byt s podlahovým kúrením","address":"Pribišova, Bratislava IV - Karlova Ves, okres Bratislava","rooms":2,"meters":47,"totalPrice":165000,"meterSquarePrice":4,"link":"https://www.nehnutelnosti.sk/detail/JumT_2iLfY5/moderny-2-izbovy-byt-s-podlahovym-kurenim","imagesUrls":["https://img.nehnutelnosti.sk/foto/NjAweDMzOC9maWx0ZXJzOnF1YWxpdHkoMTAwKS9uZWg=/3TqWezXZPZ_fss?st=KCl-l__fkvyfKB1equkRCaNrFky2IY15bt-2I-JAgsw&ts=1725883297&e=0"]},{"title":"REZERVOVANÝ - Pekný priestranný 2-izb. byt s dvomi parkovacími státiami - Bažantnica","address":"Pezinská, Malacky, okres Malacky","rooms":2,"meters":62,"totalPrice":155000,"meterSquarePrice":0,"link":"https://www.nehnutelnosti.sk/detail/JuInVNKQih9/rezervovany-pekny-priestranny-2-izb-byt-s-dvomi-parkovacimi-statiami-bazantnica","imagesUrls":["https://img.nehnutelnosti.sk/foto/NjAweDMzOC9maWx0ZXJzOnF1YWxpdHkoMTAwKS9uZWg=/tQcJoVo-W_fss?st=DFy_qrAEcvCTuQkLb49TsLYMDtuJCwnWxyixo-tYglQ&ts=1713333907&e=0"]},{"title":"4-izbový byt s výbornou dispozíciou v Ružinove - Trávniky ✅ 3D prehliadka ✅","address":"Bratislava II - Ružinov, okres Bratislava","rooms":4,"meters":81,"totalPrice":288000,"meterSquarePrice":4,"link":"https://www.nehnutelnosti.sk/detail/JulX1FEX4NM/4-izbovy-byt-s-vybornou-dispoziciou-v-ruzinove-travniky-3d-prehliadka","imagesUrls":["https://img.nehnutelnosti.sk/foto/NjAweDMzOC9maWx0ZXJzOnF1YWxpdHkoMTAwKS9uZWg=/sfM95tw6C_fss?st=KZKLXJWQ_RZWB93rra1or8toDKWeFNGXQ_XbhaaptUs&ts=1722590819&e=0"]},{"title":"NOVINKA: 2,5i apartmán s možnosťou trvalého pobytu!","address":"Račianska, Bratislava III - Nové Mesto, okres Bratislava","rooms":2,"meters":43,"totalPrice":249900,"meterSquarePrice":6,"link":"https://www.nehnutelnosti.sk/detail/Ju80bRb5cd9/novinka-2-5i-apartman-s-moznostou-trvaleho-pobytu","imagesUrls":["https://img.nehnutelnosti.sk/foto/NjAweDMzOC9maWx0ZXJzOnF1YWxpdHkoMTAwKS9uZWg=/JmZxumy17_fss?st=WmBaxtPjKQkhdHz0WDUBZZd40325KqpnrFIfXPuYllM&ts=1725882522&e=0"]},{"title":"NOVINKA: 2,5i apartmán s možnosťou trvalého pobytu!","address":"Račianska, Bratislava III - Nové Mesto, okres Bratislava","rooms":3,"meters":43,"totalPrice":249900,"meterSquarePrice":6,"link":"https://www.nehnutelnosti.sk/detail/JuFPkNfn-UN/novinka-2-5i-apartman-s-moznostou-trvaleho-pobytu","imagesUrls":["https://img.nehnutelnosti.sk/foto/NjAweDMzOC9maWx0ZXJzOnF1YWxpdHkoMTAwKS9uZWg=/DBQ48Kucs_fss?st=mtzsWHnG5M4MC-H7Fw25_tEEosg6b51gtk1Be1EaU3M&ts=1725882515&e=0"]},{"title":"Predaj 3-izb. dvojpodlažný, moderný byt, s terasou, v NOVOSTAVBE RD, vlastné parkovanie, voľný, Plat","address":"Platanová, Stupava, okres Malacky","rooms":3,"meters":92,"totalPrice":290000,"meterSquarePrice":5,"link":"https://www.nehnutelnosti.sk/detail/JuYBB1HqsNq/predaj-3-izb-dvojpodlazny-moderny-byt-s-terasou-v-novostavbe-rd-vlastne-parkovanie-volny-plat","imagesUrls":["https://img.nehnutelnosti.sk/foto/NjAweDMzOC9maWx0ZXJzOnF1YWxpdHkoMTAwKS9uZWg=/T7drJbm78_fss?st=K2M6s736IxghmvU9p9lTTd-dSELfVil-JrJVsM5vuw0&ts=1718350370&e=0"]},{"title":"REALITY PROGRES PONÚKA PRIESTRANNÝ 3 IZBOVÝ BYT S s LOGGIOU a BALKÓNOM 78m2 STARÁ TURÁ+ ZNALECKÝ POS","address":"Stará Turá, okres Nové Mesto nad Váhom","rooms":3,"meters":78,"totalPrice":92000,"meterSquarePrice":9,"link":"https://www.nehnutelnosti.sk/detail/JuxKoLvBMhF/reality-progres-ponuka-priestranny-3-izbovy-byt-s-s-loggiou-a-balkonom-78m2-stara-tura-znalecky-pos","imagesUrls":["https://img.unitedclassifieds.sk/foto/NjAweDMzOC9maWx0ZXJzOnF1YWxpdHkoMTAwKS9qdWw=/HirXisLwo_fss?st=qxwMQgXVRspn6-64YRBByFxYyApddizvzOug3OCuvO8&ts=1725881914&e=0"]},{"title":"ZELENÉ NIVY PEZINOK - 4 izbový byt + TERASA D2.3.02","address":"Limbašská ul., Pezinok, okres Pezinok","rooms":5,"meters":133,"totalPrice":325000,"meterSquarePrice":6,"link":"https://www.nehnutelnosti.sk/detail/JulhwjBgxTz/zelene-nivy-pezinok-4-izbovy-byt-terasa-d2-3-02","imagesUrls":["https://img.unitedclassifieds.sk/foto/NjAweDMzOC9maWx0ZXJzOnF1YWxpdHkoMTAwKS9yc2Y=/mh43Rog_l_fss?st=P1BqAdk3cIsy86-QHIiR7YXAJyQ-VuTtMmdg70xCpgc&ts=1695034233&e=0"]},{"title":"3-izbový byt č.6 so záhradkou a garážou Halalovka 7886/48C na predaj, ihneď k nasťahovaniu za 203.30","address":"Halalovka, Trenčín, okres Trenčín","rooms":3,"meters":80,"totalPrice":203300,"meterSquarePrice":7,"link":"https://www.nehnutelnosti.sk/detail/JuOZG0FFaOu/3-izbovy-byt-c-6-so-zahradkou-a-garazou-halalovka-7886-48c-na-predaj-ihned-k-nastahovaniu-za-203-30","imagesUrls":["https://img.nehnutelnosti.sk/foto/NjAweDMzOC9maWx0ZXJzOnF1YWxpdHkoMTAwKS9uZWg=/Pknqb4IxI_fss?st=2yeLc3wGwCnomkT_VaVvTj_h7zNDm_rwFjhg4mPp0FE&ts=1716796521&e=0"]},{"title":"Vyprataný 1-izbový byt - Družba","address":"J.Slottu, Trnava, okres Trnava","rooms":1,"meters":28,"totalPrice":105000,"meterSquarePrice":0,"link":"https://www.nehnutelnosti.sk/detail/JuVKdVQEVZF/vypratany-1-izbovy-byt-druzba","imagesUrls":[]},{"title":"VELČICE, 2-izbový byt, 60 m2, okr. Zlaté Moravce - EXKLUZÍVNE","address":"Velčice, okres Zlaté Moravce","rooms":2,"meters":60,"totalPrice":84990,"meterSquarePrice":0,"link":"https://www.nehnutelnosti.sk/detail/JuH0hz2jZBw/velcice-2-izbovy-byt-60-m2-okr-zlate-moravce-exkluzivne","imagesUrls":["https://img.nehnutelnosti.sk/foto/NjAweDMzOC9maWx0ZXJzOnF1YWxpdHkoMTAwKS9uZWg=/6M8RFz0k__fss?st=_ymA59W9fZ7fdnu8FwhqFq0KjYqgPY9fUY05lfm6CRA&ts=1725923901&e=0"]},{"title":"EXKLUZÍVNE 3-izbový byt, 64 m2- VELČICE, okr. Zlaté Moravce","address":"Velčice, okres Zlaté Moravce","rooms":3,"meters":64,"totalPrice":90990,"meterSquarePrice":2,"link":"https://www.nehnutelnosti.sk/detail/Ju-kb5vpzA_/exkluzivne-3-izbovy-byt-64-m2-velcice-okr-zlate-moravce","imagesUrls":["https://img.nehnutelnosti.sk/foto/NjAweDMzOC9maWx0ZXJzOnF1YWxpdHkoMTAwKS9uZWg=/5zqZp0-Pr_fss?st=AcabuGm8NSo9DoFuarEmu13E-QS6VohFsP3P4rimWNs&ts=1725881198&e=0"]},{"title":"PREDAJ 3 izbový byt s balkónom Lučenec","address":"Rúbanisko I, Lučenec, okres Lučenec","rooms":3,"meters":58,"totalPrice":62990,"meterSquarePrice":3,"link":"https://www.nehnutelnosti.sk/detail/JueRo6V619T/predaj-3-izbovy-byt-s-balkonom-lucenec","imagesUrls":["https://img.nehnutelnosti.sk/foto/NjAweDMzOC9maWx0ZXJzOnF1YWxpdHkoMTAwKS9uZWg=/jBWk6f8W7G_fss?st=6EBY3ggqEPQ45FtwiwUTuIkZwYJXvI3lQX-k1KhuEHI&ts=1726367663&e=0"]},{"title":"Predaj 3 izb bytu s balkónom v NZ","address":"Kasárenská, Nové Zámky, okres Nové Zámky","rooms":3,"meters":74,"totalPrice":113000,"meterSquarePrice":1,"link":"https://www.nehnutelnosti.sk/detail/JuCaWIcT4g8/predaj-3-izb-bytu-s-balkonom-v-nz","imagesUrls":["https://img.nehnutelnosti.sk/foto/NjAweDMzOC9maWx0ZXJzOnF1YWxpdHkoMTAwKS9uZWg=/CtrdCVbFA_fss?st=XDzKMeKRgrFPmMKM089SE4Ucksu1kJhDoP5fE_vnXB8&ts=1725880815&e=0"]},{"title":"3 izbový byt s loggiou, Košice - Terasa, ul. Čapajevova","address":"Čapajevova, Košice II - Západ, okres Košice","rooms":3,"meters":59,"totalPrice":175000,"meterSquarePrice":0,"link":"https://www.nehnutelnosti.sk/detail/JuoSbP8f0gDM/3-izbovy-byt-s-loggiou-kosice-terasa-ul-capajevova","imagesUrls":["https://img.nehnutelnosti.sk/foto/NjAweDMzOC9maWx0ZXJzOnF1YWxpdHkoMTAwKS9uZWg=/hccjHVluCj_fss?st=4r-ihlxu0Ml5MRTxGQ04jl0S0V-sSL0YTRMtHBkJJYM&ts=1724425409&e=0"]},{"title":"Predaj zrekonštruovanej garsónky v Čadci","address":"Hurbanova, Čadca, okres Čadca","rooms":null,"meters":23,"totalPrice":65000,"meterSquarePrice":9,"link":"https://www.nehnutelnosti.sk/detail/JuFPUeP26X1/predaj-zrekonstruovanej-garsonky-v-cadci","imagesUrls":["https://img.unitedclassifieds.sk/foto/NjAweDMzOC9maWx0ZXJzOnF1YWxpdHkoMTAwKS9qdWw=/tLx12qBX9_fss?st=7UKU2YYkrFZDHOya5ck1jBmDWG8vlstY5QXWWbRlQlE&ts=1725880488&e=0"]},{"title":"Predaj veľkého 4-izbového bytu s parkovaním, Ružinov- Nivy, Jégého ulica","address":"Jégého, Bratislava II - Ružinov, okres Bratislava","rooms":4,"meters":124,"totalPrice":550000,"meterSquarePrice":8,"link":"https://www.nehnutelnosti.sk/detail/JuvfElxLCtO/predaj-velkeho-4-izboveho-bytu-s-parkovanim-ruzinov-nivy-jegeho-ulica","imagesUrls":["https://img.nehnutelnosti.sk/foto/NjAweDMzOC9maWx0ZXJzOnF1YWxpdHkoMTAwKS9uZWg=/9sle1Cxr-_fss?st=QGCZyVjkyUnuDMJuZ38aktULj4jOv4hPpCTbscVFxbs&ts=1726231088&e=0"]},{"title":"ZELENÉ NIVY PEZINOK - 2 izbový byt + ZÁHRADA C3.1.04","address":"Limbašská ul., Pezinok, okres Pezinok","rooms":2,"meters":153,"totalPrice":198000,"meterSquarePrice":5,"link":"https://www.nehnutelnosti.sk/detail/JuqGKIIpnlZ/zelene-nivy-pezinok-2-izbovy-byt-zahrada-c3-1-04","imagesUrls":["https://img.unitedclassifieds.sk/foto/NjAweDMzOC9maWx0ZXJzOnF1YWxpdHkoMTAwKS9yc2Y=/rImvQcA1g_fss?st=KR5LIYRegHtAO9176_XkYRfrblbY8niF1_TxoyvayR4&ts=1700743597&e=0"]},{"title":"ZELENÉ NIVY PEZINOK - 2 izbový byt D2.1.01","address":"Limbašská ul., Pezinok, okres Pezinok","rooms":2,"meters":48,"totalPrice":165000,"meterSquarePrice":6,"link":"https://www.nehnutelnosti.sk/detail/JuHsjF9A2Ph/zelene-nivy-pezinok-2-izbovy-byt-d2-1-01","imagesUrls":["https://img.unitedclassifieds.sk/foto/NjAweDMzOC9maWx0ZXJzOnF1YWxpdHkoMTAwKS9yc2Y=/xyUXjZ9vg_fss?st=lhnVJ417zu5jl_i4uPh59xPO8NZOPQIBxM1-2H3C2Fo&ts=1700743547&e=0"]},{"title":"ZELENÉ NIVY PEZINOK - NOVOSTAVBA 2023","address":"Limbašská ul., Pezinok, okres Pezinok","rooms":1,"meters":38,"totalPrice":139000,"meterSquarePrice":6,"link":"https://www.nehnutelnosti.sk/detail/JuYaKa5AfdX/zelene-nivy-pezinok-novostavba-2023","imagesUrls":["https://img.unitedclassifieds.sk/foto/NjAweDMzOC9maWx0ZXJzOnF1YWxpdHkoMTAwKS9yc2Y=/nnDTY2mLH_fss?st=QC9V-WQOqCJwq4HUOSLiCfvab8wk_NWUIDVkbKcyelE&ts=1694593719&e=0"]},{"title":"ZELENÉ NIVY PEZINOK - 3 izbový byt + ZÁHRADA D2.1.05","address":"Limbašská ul., Pezinok, okres Pezinok","rooms":3,"meters":111,"totalPrice":225000,"meterSquarePrice":7,"link":"https://www.nehnutelnosti.sk/detail/JuZWTOWf_rK/zelene-nivy-pezinok-3-izbovy-byt-zahrada-d2-1-05","imagesUrls":["https://img.unitedclassifieds.sk/foto/NjAweDMzOC9maWx0ZXJzOnF1YWxpdHkoMTAwKS9yc2Y=/weRKXTfCv_fss?st=uy0MJ4VX0BM3y8ngAZ86K8sXLETdM0fOl7msCsldeXg&ts=1695031706&e=0"]},{"title":"VILADOMY PEREŠ 3 izb. byt s vlastnou záhradou, 2x parkovacie miesto","address":"Bystrická, Košice II - Pereš, okres Košice","rooms":3,"meters":267,"totalPrice":332000,"meterSquarePrice":5,"link":"https://www.nehnutelnosti.sk/detail/JuiQ3BDebYt/viladomy-peres-3-izb-byt-s-vlastnou-zahradou-2x-parkovacie-miesto","imagesUrls":["https://img.nehnutelnosti.sk/foto/NjAweDMzOC9maWx0ZXJzOnF1YWxpdHkoMTAwKS9uZWg=/O9a1vUvh6_fss?st=D46mi_lSU-6oTiGxUfKF0J3RS4-DFUyKbqz5k59RPYc&ts=1725875964&e=0"]},{"title":"VILADOMY PEREŠ 4 izb. byt s vlastnou záhradou a 2xparkovaním","address":"Bystrická, Košice II - Pereš, okres Košice","rooms":4,"meters":272,"totalPrice":344000,"meterSquarePrice":1,"link":"https://www.nehnutelnosti.sk/detail/JuGiT6TqKWH/viladomy-peres-4-izb-byt-s-vlastnou-zahradou-a-2xparkovanim","imagesUrls":["https://img.nehnutelnosti.sk/foto/NjAweDMzOC9maWx0ZXJzOnF1YWxpdHkoMTAwKS9uZWg=/6KBjOkQFjI_fss?st=LWk1n93UfvaQl0tz5cKzXApQq63AeGge4ouHy_-jG2U&ts=1725875961&e=0"]},{"title":"REZERVOVANÉ!VILADOMY PEREŠ 4 izbový byt s vlastnou záhradou","address":"Bystrická, Košice II - Pereš, okres Košice","rooms":4,"meters":367,"totalPrice":364000,"meterSquarePrice":3,"link":"https://www.nehnutelnosti.sk/detail/Ju4lxLcTBYf/rezervovaneviladomy-peres-4-izbovy-byt-s-vlastnou-zahradou","imagesUrls":["https://img.nehnutelnosti.sk/foto/NjAweDMzOC9maWx0ZXJzOnF1YWxpdHkoMTAwKS9uZWg=/TcMQJ9SlIN_fss?st=Yfi2Jc1LI6lqoBbBPiaC8YSvhgH4BJ0gD8vK1UvyVL8&ts=1725875948&e=0"]},{"title":"VILADOMY PEREŠ  3 izb. byt s vlastnou záhradou a 2xparkovanie","address":"Bystrická, Košice II - Pereš, okres Košice","rooms":3,"meters":150,"totalPrice":299000,"meterSquarePrice":3,"link":"https://www.nehnutelnosti.sk/detail/JuAxVJKgroD/viladomy-peres-3-izb-byt-s-vlastnou-zahradou-a-2xparkovanie","imagesUrls":["https://img.nehnutelnosti.sk/foto/NjAweDMzOC9maWx0ZXJzOnF1YWxpdHkoMTAwKS9uZWg=/AixYH4Gn2_fss?st=5b7mIjI7fF0N3vxZBoQBb4Q8F4qiUrTOAdSwfDJb1Lc&ts=1725875953&e=0"]},{"title":"DIRECTREAL|Štartovací byt - prerobená garsonka  na predaj","address":"Nešporova, Šaľa, okres Šaľa","rooms":null,"meters":20,"totalPrice":54000,"meterSquarePrice":0,"link":"https://www.nehnutelnosti.sk/detail/JuCMyT_b332/directreal-startovaci-byt-prerobena-garsonka-na-predaj","imagesUrls":["https://img.nehnutelnosti.sk/foto/NjAweDMzOC9maWx0ZXJzOnF1YWxpdHkoMTAwKS9uZWg=/zsJqocVBqL_fss?st=2nDrzV6k6kirHnbkObg1R1OzHXy2_vTNI-PVaw40ghI&ts=1725874836&e=0"]},{"title":"DIRECTREAL|Dva a pol izbový byt s balkónom","address":"Letná, Šaľa, okres Šaľa","rooms":2,"meters":73,"totalPrice":93000,"meterSquarePrice":7,"link":"https://www.nehnutelnosti.sk/detail/JuUKEhfekLg/directreal-dva-a-pol-izbovy-byt-s-balkonom","imagesUrls":["https://img.nehnutelnosti.sk/foto/NjAweDMzOC9maWx0ZXJzOnF1YWxpdHkoMTAwKS9uZWg=/mrl-XtocJ_fss?st=lgmuF9Q2gYJlajy6OeuUEbmQpajWPAs4YrcuHu6SGnE&ts=1725874826&e=0"]},{"title":"DIRECTREAL|REZERVOVANÉ|Zrekonštruovaná garsonka v bytovom dome s bezbariérovým prístupom - okamžite","address":"Horná, Šaľa, okres Šaľa","rooms":null,"meters":20,"totalPrice":57500,"meterSquarePrice":5,"link":"https://www.nehnutelnosti.sk/detail/JutyB8uWsqS/directreal-rezervovane-zrekonstruovana-garsonka-v-bytovom-dome-s-bezbarierovym-pristupom-okamzite","imagesUrls":["https://img.nehnutelnosti.sk/foto/NjAweDMzOC9maWx0ZXJzOnF1YWxpdHkoMTAwKS9uZWg=/g8pxV5LYx_fss?st=b3gceRjeHEy2DNZ-txo3jSzYKVnc7Cg7_JA5Me7exu0&ts=1725874823&e=0"]},{"title":"Novostavba 3 izbového bytu Petržalka","address":"Bratislava V - Petržalka, okres Bratislava","rooms":3,"meters":77,"totalPrice":299000,"meterSquarePrice":7,"link":"https://www.nehnutelnosti.sk/detail/Ju-Pndzlnel/novostavba-3-izboveho-bytu-petrzalka","imagesUrls":["https://img.nehnutelnosti.sk/foto/NjAweDMzOC9maWx0ZXJzOnF1YWxpdHkoMTAwKS9uZWg=/8YRNLjXb5_fss?st=Q1vNW2HlFVXyE9ifuHB4o9Es3cnIGSSJoyZROm_EEfs&ts=1726066085&e=0"]},{"title":"Na predaj nadštandardný 3-izbový byt s pivničnou kobkou v projekte Pánske Záhrady","address":"Sekule, okres Senica","rooms":3,"meters":68,"totalPrice":149900,"meterSquarePrice":1,"link":"https://www.nehnutelnosti.sk/detail/JulFPYI0v1z/na-predaj-nadstandardny-3-izbovy-byt-s-pivnicnou-kobkou-v-projekte-panske-zahrady","imagesUrls":["https://img.unitedclassifieds.sk/foto/NjAweDMzOC9maWx0ZXJzOnF1YWxpdHkoMTAwKS9qdWw=/9lmcgrXQw_fss?st=MQGBTjoul8GA0ML7lrNh4_UkV5HCwiIIYb_l_nCST0o&ts=1704540580&e=0"]}]