[{"title":"(BD2_01.04) 2-izbový byt v projekte KRÁSNE V KRÁSNE - Krásno nad Kysucou","address":"Krásno nad Kysucou, okres Čadca","rooms":2,"meters":49,"totalPrice":91836,"meterSquarePrice":8,"link":"https://www.nehnutelnosti.sk/detail/JugD8AizvaK5/bd2-01-04-2-izbovy-byt-v-projekte-krasne-v-krasne-krasno-nad-kysucou","imagesUrls":["https://img.nehnutelnosti.sk/foto/NjAweDMzOC9maWx0ZXJzOnF1YWxpdHkoMTAwKS9uZWg=/sY4E03gPJ_fss?st=r5VBaNqAj3PDP9qybbQ7oi1pzl3uXayvge_aFc2bjSg&ts=1719851481&e=0"]},{"title":"(8_3) 3-izbový byt v projekte Living Park Svit","address":"Svit, okres Poprad","rooms":3,"meters":83,"totalPrice":179900,"meterSquarePrice":6,"link":"https://www.nehnutelnosti.sk/detail/JuTpHFpFLHg/8-3-3-izbovy-byt-v-projekte-living-park-svit","imagesUrls":["https://img.nehnutelnosti.sk/foto/NjAweDMzOC9maWx0ZXJzOnF1YWxpdHkoMTAwKS9uZWg=/PxwJr_Yl61_fss?st=_RMwXKTmVV2mFKymf1J6SBV6hJNrSMsduy8zTcbVoeo&ts=1725316289&e=0"]},{"title":"4 izbový rodinný dom, úžitková plocha 110 m2, pozemok 171 m2, terasa 10 m2, sklad 10 m2, Prostredná","address":"Prostredná, Svätý Jur, okres Pezinok","rooms":4,"meters":null,"totalPrice":null,"meterSquarePrice":null,"link":"https://www.nehnutelnosti.sk/detail/JuTUvufktxa/4-izbovy-rodinny-dom-uzitkova-plocha-110-m2-pozemok-171-m2-terasa-10-m2-sklad-10-m2-prostredna","imagesUrls":["https://img.nehnutelnosti.sk/foto/NjAweDMzOC9maWx0ZXJzOnF1YWxpdHkoMTAwKS9uZWg=/2kDjqfqS0K_fss?st=hoX7D65RzkQA4lZI0wpuVXIBiC5Ipj8w-2PNrJ1gXes&ts=1726324550&e=0"]},{"title":"4 Bedroom Apartment 145 m², 2 Parking Spaces, Ruzova dolina *** PANORAMIC POOL   ***","address":"Ružová dolina, Bratislava II - Ružinov, okres Bratislava","rooms":4,"meters":145,"totalPrice":579000,"meterSquarePrice":0,"link":"https://www.nehnutelnosti.sk/detail/JuitfE8q9Hg/4-bedroom-apartment-145-m-2-parking-spaces-ruzova-dolina-panoramic-pool","imagesUrls":["https://img.nehnutelnosti.sk/foto/NjAweDMzOC9maWx0ZXJzOnF1YWxpdHkoMTAwKS9uZWg=/VQUsNjxF4r_fss?st=IQur3T-G5bZ53Q7bOpFaNccaDnT543T63PIAzezRTXg&ts=1726324546&e=0"]},{"title":"2 izbový byt, 55 m2, Družstevná ul.  *** MOŽNOSŤ DOKÚPENIA GARÁŽE ***","address":"Družstevná, Most pri Bratislave, okres Senec","rooms":2,"meters":55,"totalPrice":140000,"meterSquarePrice":5,"link":"https://www.nehnutelnosti.sk/detail/JuaJGjhDgPK/2-izbovy-byt-55-m2-druzstevna-ul-moznost-dokupenia-garaze","imagesUrls":["https://img.nehnutelnosti.sk/foto/NjAweDMzOC9maWx0ZXJzOnF1YWxpdHkoMTAwKS9uZWg=/sxSS91gQT_fss?st=p1lXCvLqUkMGyAh0qdyHblGHnNb5MipxXIxUi4OLG08&ts=1724050161&e=0"]},{"title":"3 izbový byt, úžitková plocha 101 m2, Nerudova ul.  ***  2 x LOGGIA, GARÁŽOVÉ a VONKAJŠIE STÁTIE ***","address":"Nerudova, Bratislava II - Ružinov, okres Bratislava","rooms":3,"meters":101,"totalPrice":343900,"meterSquarePrice":5,"link":"https://www.nehnutelnosti.sk/detail/JuVBidLLdZP/3-izbovy-byt-uzitkova-plocha-101-m2-nerudova-ul-2-x-loggia-garazove-a-vonkajsie-statie","imagesUrls":["https://img.nehnutelnosti.sk/foto/NjAweDMzOC9maWx0ZXJzOnF1YWxpdHkoMTAwKS9uZWg=/NDIj1iCTD_fss?st=QkouWKAQlF6xQO1B6qwdznHkFo_DYSk8Twd_HtW2Lyc&ts=1724050088&e=0"]},{"title":"4 izbový byt 145 m2, 2x garážové státie,  Ružová dolina   ***  BAZEN S PANORAMATICKÁM VÝHĽADOM  ***","address":"Ružová dolina, Bratislava II - Ružinov, okres Bratislava","rooms":4,"meters":145,"totalPrice":579000,"meterSquarePrice":0,"link":"https://www.nehnutelnosti.sk/detail/JunyjP_hy4w/4-izbovy-byt-145-m2-2x-garazove-statie-ruzova-dolina-bazen-s-panoramatickam-vyhladom","imagesUrls":["https://img.nehnutelnosti.sk/foto/NjAweDMzOC9maWx0ZXJzOnF1YWxpdHkoMTAwKS9uZWg=/eS8R0rOnl_fss?st=-V5RWXee0C8Xw4kDgvYGUVWugALf1d4cgWQzYiYRWaM&ts=1726324505&e=0"]},{"title":"3 izbový byt, úžitková plocha 80 m2, podkrovie 80 m2, Prostredná ul.  **** BÝVANIE AKO V RODINNOM DO","address":"Prostredná, Svätý Jur, okres Pezinok","rooms":3,"meters":80,"totalPrice":189900,"meterSquarePrice":5,"link":"https://www.nehnutelnosti.sk/detail/JujFbeG_zv0/3-izbovy-byt-uzitkova-plocha-80-m2-podkrovie-80-m2-prostredna-ul-byvanie-ako-v-rodinnom-do","imagesUrls":["https://img.nehnutelnosti.sk/foto/NjAweDMzOC9maWx0ZXJzOnF1YWxpdHkoMTAwKS9uZWg=/Dmaif47NQ_fss?st=xMkWbRThx51Lp08TB2VqTxrH9ZujmgIOzX_10yrD1D4&ts=1726325182&e=0"]},{"title":"3 izbový byt 59 m2,  Laca Novomeského   *** VÝBORNÁ PONUKA ***","address":"L. Novomeského, Pezinok, okres Pezinok","rooms":3,"meters":59,"totalPrice":168000,"meterSquarePrice":6,"link":"https://www.nehnutelnosti.sk/detail/JuUf-Y7yWdD/3-izbovy-byt-59-m2-laca-novomeskeho-vyborna-ponuka","imagesUrls":["https://img.nehnutelnosti.sk/foto/NjAweDMzOC9maWx0ZXJzOnF1YWxpdHkoMTAwKS9uZWg=/txc0igY7J_fss?st=NjaHsShvMoAuvN7OLfsOB4mySgreWgxJKN-gTfi24eU&ts=1726324478&e=0"]},{"title":"2-izbový byt s pekným výhľadom - Považská Bystrica","address":"Pionierska, Považská Bystrica, okres Považská Bystrica","rooms":2,"meters":59,"totalPrice":115000,"meterSquarePrice":5,"link":"https://www.nehnutelnosti.sk/detail/JuTXaGFwkD-/2-izbovy-byt-s-peknym-vyhladom-povazska-bystrica","imagesUrls":["https://img.nehnutelnosti.sk/foto/NjAweDMzOC9maWx0ZXJzOnF1YWxpdHkoMTAwKS9uZWg=/1wbbf32mm_fss?st=1UFW3l5zpHc0FtFzn582tYQY6TRyrhMewK7kswIHvao&ts=1724345458&e=0"]},{"title":"Praktický 4-izbový byt blízko centra - MYJAVA","address":"8. apríla, Myjava, okres Myjava","rooms":4,"meters":74,"totalPrice":115000,"meterSquarePrice":5,"link":"https://www.nehnutelnosti.sk/detail/Jux5Gofzpd4/prakticky-4-izbovy-byt-blizko-centra-myjava","imagesUrls":["https://img.nehnutelnosti.sk/foto/NjAweDMzOC9maWx0ZXJzOnF1YWxpdHkoMTAwKS9uZWg=/Y5rBES7Xu_fss?st=PoNPZRPvKhlDu2EeS8CRzSdwS_oBrc4bvKuFUDlxXfE&ts=1724231771&e=0"]},{"title":"EXKLUZÍVNE - Rezidencia Kynek - 4i byt s pozemkom a 2x parkingom","address":"Pri kaštieli, Nitra, okres Nitra","rooms":4,"meters":111,"totalPrice":329990,"meterSquarePrice":1,"link":"https://www.nehnutelnosti.sk/detail/Ju-i4X-nuRs/exkluzivne-rezidencia-kynek-4i-byt-s-pozemkom-a-2x-parkingom","imagesUrls":["https://img.nehnutelnosti.sk/foto/NjAweDMzOC9maWx0ZXJzOnF1YWxpdHkoMTAwKS9uZWg=/7DDjq-49wm_fss?st=sMNNWyjErTpuMi5_OaGP5FdH6CnX1mQEazRh3H5qdvw&ts=1724169508&e=0"]},{"title":"Hľadáš moderne zrekonštruovaný 3izb. byt (83m2) s krásnym výhľadom?","address":"Teplická, Piešťany, okres Piešťany","rooms":3,"meters":null,"totalPrice":null,"meterSquarePrice":null,"link":"https://www.nehnutelnosti.sk/detail/JuW1Byrm-9n/hladas-moderne-zrekonstruovany-3izb-byt-83m2-s-krasnym-vyhladom","imagesUrls":["https://img.nehnutelnosti.sk/foto/NjAweDMzOC9maWx0ZXJzOnF1YWxpdHkoMTAwKS9uZWg=/UtY6BBNjT_fss?st=2iDwIuGn4CF5-UEZziwuIAMFBYt7jCCcUsKtl25N1Vo&ts=1718982708&e=0"]},{"title":"Na predaj 2iz. apartmánový byt vo Vrbovom s výhľadom na Čerenec","address":"Rekreačná, Vrbové, okres Piešťany","rooms":2,"meters":92,"totalPrice":125000,"meterSquarePrice":4,"link":"https://www.nehnutelnosti.sk/detail/JunmDg4arGN/na-predaj-2iz-apartmanovy-byt-vo-vrbovom-s-vyhladom-na-cerenec","imagesUrls":["https://img.nehnutelnosti.sk/foto/NjAweDMzOC9maWx0ZXJzOnF1YWxpdHkoMTAwKS9uZWg=/R-cb6HQDE_fss?st=zz0eQdyRBrxk4B04FK8GyqPZpLSqBL6MuhOT0o5R1ds&ts=1724077801&e=0"]},{"title":"Na predaj 3iz. apartmánový byt vo Vrbovom s výhľadom na Čerenec","address":"Rekreačná, Vrbové, okres Piešťany","rooms":3,"meters":84,"totalPrice":220000,"meterSquarePrice":5,"link":"https://www.nehnutelnosti.sk/detail/JuT3tSErhxN/na-predaj-3iz-apartmanovy-byt-vo-vrbovom-s-vyhladom-na-cerenec","imagesUrls":["https://img.nehnutelnosti.sk/foto/NjAweDMzOC9maWx0ZXJzOnF1YWxpdHkoMTAwKS9uZWg=/U1n9YLoLnu_fss?st=ZGq-wx0Rs-CVthhbcuUSNc6gOgq5CBQKlRYa7rdrGX8&ts=1724344306&e=0"]},{"title":"Na predaj 3iz. byt v Hlohovci","address":"Nitrianska, Hlohovec, okres Hlohovec","rooms":3,"meters":71,"totalPrice":145490,"meterSquarePrice":3,"link":"https://www.nehnutelnosti.sk/detail/JulQ7NCpol_/na-predaj-3iz-byt-v-hlohovci","imagesUrls":["https://img.nehnutelnosti.sk/foto/NjAweDMzOC9maWx0ZXJzOnF1YWxpdHkoMTAwKS9uZWg=/UDf44wyjG_fss?st=FOAIaE5gMf9LRRdP3hwTs9Tof4W3JKr3RUWNefQsZZ0&ts=1721673503&e=0"]},{"title":"Na predaj 3iz. apartmánový byt vo Vrbovom s výhľadom na Čerenec","address":"Rekreačná, Vrbové, okres Piešťany","rooms":3,"meters":92,"totalPrice":125000,"meterSquarePrice":4,"link":"https://www.nehnutelnosti.sk/detail/JuaLF_n5m8C/na-predaj-3iz-apartmanovy-byt-vo-vrbovom-s-vyhladom-na-cerenec","imagesUrls":["https://img.nehnutelnosti.sk/foto/NjAweDMzOC9maWx0ZXJzOnF1YWxpdHkoMTAwKS9uZWg=/40wnqkHas_fss?st=HNlMe0U8GTIyC8zabxkhS-0vnA2R2oqC7Q6tADwb7Gc&ts=1719564381&e=0"]},{"title":"Na predaj 3 izbový byt v Hlohovci","address":"Nitrianska, Hlohovec, okres Hlohovec","rooms":3,"meters":71,"totalPrice":146490,"meterSquarePrice":5,"link":"https://www.nehnutelnosti.sk/detail/Ju4cEqVPJwj/na-predaj-3-izbovy-byt-v-hlohovci","imagesUrls":["https://img.nehnutelnosti.sk/foto/NjAweDMzOC9maWx0ZXJzOnF1YWxpdHkoMTAwKS9uZWg=/iBK4KPnsM_fss?st=mtHE4GWWGwAkjaYjr_8YVQZAalKbTP-JVv9KWp5--PY&ts=1718745673&e=0"]},{"title":"Na predaj zariadený 3iz. byt v Hlohovci","address":"Nitrianska cesta, Hlohovec, okres Hlohovec","rooms":3,"meters":82,"totalPrice":195990,"meterSquarePrice":2,"link":"https://www.nehnutelnosti.sk/detail/JuEspdmvvFI/na-predaj-zariadeny-3iz-byt-v-hlohovci","imagesUrls":["https://img.nehnutelnosti.sk/foto/NjAweDMzOC9maWx0ZXJzOnF1YWxpdHkoMTAwKS9uZWg=/wPxmDkt6f_fss?st=1zZHfzzEukKt8Pm54tjNYb-027Kp_myM395GFWZA3Mg&ts=1724484845&e=0"]},{"title":"NA PREDAJ NOVOSTAVBA 3iz. BYTU S BAZÉNOM V BLÍZKOSTI PARKU V CENTRE","address":"Šafárikova, Piešťany, okres Piešťany","rooms":3,"meters":74,"totalPrice":304050,"meterSquarePrice":8,"link":"https://www.nehnutelnosti.sk/detail/Ju3RI1lnxv-t/na-predaj-novostavba-3iz-bytu-s-bazenom-v-blizkosti-parku-v-centre","imagesUrls":["https://img.nehnutelnosti.sk/foto/NjAweDMzOC9maWx0ZXJzOnF1YWxpdHkoMTAwKS9uZWg=/BeL3hJV55_fss?st=lzynZHwbs64qkpgz_iSBTU2H4im8XtQq9WkrnbfSpr4&ts=1724532195&e=0"]},{"title":"Na predaj 3iz. byt vo Vrbovom vzdialenom iba 10 km od mesta Piešťany","address":"Pribinova, Vrbové, okres Piešťany","rooms":3,"meters":77,"totalPrice":165000,"meterSquarePrice":6,"link":"https://www.nehnutelnosti.sk/detail/JuGa7aaToi7/na-predaj-3iz-byt-vo-vrbovom-vzdialenom-iba-10-km-od-mesta-piestany","imagesUrls":["https://img.nehnutelnosti.sk/foto/NjAweDMzOC9maWx0ZXJzOnF1YWxpdHkoMTAwKS9uZWg=/0v1RG9_veZ_fss?st=ktYZkz9W-0rAw9DqYdegBCquMWwIcr7rX3aKym9pp1g&ts=1717620379&e=0"]},{"title":"NA PREDAJ NOVOSTAVBA 3IZ BYTU S BAZÉNOM V BLÍZKOSTI PARKU V CENTRE","address":"Šafárikova, Piešťany, okres Piešťany","rooms":3,"meters":69,"totalPrice":289250,"meterSquarePrice":3,"link":"https://www.nehnutelnosti.sk/detail/JuXd972H1LY/na-predaj-novostavba-3iz-bytu-s-bazenom-v-blizkosti-parku-v-centre","imagesUrls":["https://img.nehnutelnosti.sk/foto/NjAweDMzOC9maWx0ZXJzOnF1YWxpdHkoMTAwKS9uZWg=/fiFb5sOj-q_fss?st=6cCJHwfx7zIJjTLJpTBUEB6j5YvdOZCYO6VPZq4xM5w&ts=1724532198&e=0"]},{"title":"Na predaj 2iz. apartmán v exkluzívnej časti mesta Piešťany s bazénom","address":"Rekreačná, Piešťany, okres Piešťany","rooms":2,"meters":55,"totalPrice":230000,"meterSquarePrice":2,"link":"https://www.nehnutelnosti.sk/detail/Ju8DjbhelsF/na-predaj-2iz-apartman-v-exkluzivnej-casti-mesta-piestany-s-bazenom","imagesUrls":["https://img.nehnutelnosti.sk/foto/NjAweDMzOC9maWx0ZXJzOnF1YWxpdHkoMTAwKS9uZWg=/AaZ3yIpYZX_fss?st=hmZ1MquOOIdX8LO0kegHKjJTg4145syuSk7V9TyleVo&ts=1724403375&e=0"]},{"title":"Predaj 3 izbového bytu na Hroznovej ulici v Pezinku","address":"Hroznova, Pezinok, okres Pezinok","rooms":3,"meters":67,"totalPrice":170000,"meterSquarePrice":8,"link":"https://www.nehnutelnosti.sk/detail/JuBONwP7yYU/predaj-3-izboveho-bytu-na-hroznovej-ulici-v-pezinku","imagesUrls":["https://img.unitedclassifieds.sk/foto/NjAweDMzOC9maWx0ZXJzOnF1YWxpdHkoMTAwKS9qdWw=/aDoAF9P8s_fss?st=HjFloHZDCa_99CbtfsKqTl1jgyOsizv762CtR_rZ378&ts=1722442895&e=0"]},{"title":"3-izbový byt na Bôriku","address":"Za plavárňou, Žilina - Bôrik, okres Žilina","rooms":3,"meters":95,"totalPrice":350000,"meterSquarePrice":1,"link":"https://www.nehnutelnosti.sk/detail/Juc1SAUvPd0/3-izbovy-byt-na-boriku","imagesUrls":["https://img.nehnutelnosti.sk/foto/NjAweDMzOC9maWx0ZXJzOnF1YWxpdHkoMTAwKS9uZWg=/DR_hYa7hZG_fss?st=SiPIqH11tko5Dnu-BXbnrppep4trXsGetBYL21H-xJ8&ts=1726811358&e=0"]},{"title":"2 izbové byty v lokalite Millenium v Košútoch","address":"Košúty, Košúty, okres Galanta","rooms":2,"meters":49,"totalPrice":110000,"meterSquarePrice":0,"link":"https://www.nehnutelnosti.sk/detail/JuRoeeJq5sR/2-izbove-byty-v-lokalite-millenium-v-kosutoch","imagesUrls":["https://img.nehnutelnosti.sk/foto/NjAweDMzOC9maWx0ZXJzOnF1YWxpdHkoMTAwKS9uZWg=/3YkKXWbc1r_fss?st=Nm_7TxVxg_JF5z5nfx14iPJzc1Ak06FOVyaYRRobsVM&ts=1726811325&e=0"]},{"title":"2- izbový byt na Bellovej ulici, Klokočina","address":"Bellova, Nitra, okres Nitra","rooms":2,"meters":68,"totalPrice":112000,"meterSquarePrice":6,"link":"https://www.nehnutelnosti.sk/detail/Ju3l96UEC27/2-izbovy-byt-na-bellovej-ulici-klokocina","imagesUrls":["https://img.nehnutelnosti.sk/foto/NjAweDMzOC9maWx0ZXJzOnF1YWxpdHkoMTAwKS9uZWg=/8cjZrLAvJ_fss?st=AGuCpVLROQkHkz_My77XnFphtjKz5c-hi2y5q0gVTlE&ts=1726811312&e=0"]},{"title":"Nová Palúdzka 2 -  predaj 3 izbový byt Liptovský Mikuláš","address":"Eduarda Penkalu, Liptovský Mikuláš, okres Liptovský Mikuláš","rooms":3,"meters":72,"totalPrice":170100,"meterSquarePrice":4,"link":"https://www.nehnutelnosti.sk/detail/Ju5zGs4LHaR/nova-paludzka-2-predaj-3-izbovy-byt-liptovsky-mikulas","imagesUrls":["https://img.unitedclassifieds.sk/foto/NjAweDMzOC9maWx0ZXJzOnF1YWxpdHkoMTAwKS9yc2Y=/pGgPKpCyP_fss?st=0sGCuA73DN7AxeoFbYfRKSQVE9uq1_r7cdV5cx-Spb0&ts=1667982930&e=0"]},{"title":"Nová Palúdzka 2 -  predaj 3 izbový byt Liptovský Mikuláš","address":"Eduarda Penkalu, Liptovský Mikuláš, okres Liptovský Mikuláš","rooms":3,"meters":72,"totalPrice":174100,"meterSquarePrice":8,"link":"https://www.nehnutelnosti.sk/detail/JuqijuMglEu/nova-paludzka-2-predaj-3-izbovy-byt-liptovsky-mikulas","imagesUrls":["https://img.unitedclassifieds.sk/foto/NjAweDMzOC9maWx0ZXJzOnF1YWxpdHkoMTAwKS9yc2Y=/giWywau84_fss?st=C1uXYdvzHAKuIFqB6qBKy41IneITFgSHZIDhoxCF5zc&ts=1667982933&e=0"]},{"title":"3 izbový byt s krásnou loggiou na Bajkalskej ulici v Bratislave","address":"Bajkalská, Bratislava II - Ružinov, okres Bratislava","rooms":3,"meters":74,"totalPrice":219900,"meterSquarePrice":2,"link":"https://www.nehnutelnosti.sk/detail/Ju4QtTXE8yC/3-izbovy-byt-s-krasnou-loggiou-na-bajkalskej-ulici-v-bratislave","imagesUrls":["https://img.nehnutelnosti.sk/foto/NjAweDMzOC9maWx0ZXJzOnF1YWxpdHkoMTAwKS9uZWg=/bL7Na15Mq_fss?st=GNz2ASp7gm91KMfyTQF5a55K-iqBeyzAzI0jJ2kfciQ&ts=1726810314&e=0"]}]