[{"title":"HALO reality - Predaj, trojizbový byt Svidník","address":"Dr. Goldbergera, Svidník, okres Svidník","rooms":3,"meters":85,"totalPrice":87000,"meterSquarePrice":3,"link":"https://www.nehnutelnosti.sk/detail/Ju_7IzyDHTz/halo-reality-predaj-trojizbovy-byt-svidnik","imagesUrls":["https://img.nehnutelnosti.sk/foto/NjAweDMzOC9maWx0ZXJzOnF1YWxpdHkoMTAwKS9uZWg=/VnLs7-fPf_fss?st=3z7zbSOEyOYqplAdASu-435xqnwIBX1UoUjmE9eWl-A&ts=1717605510&e=0"]},{"title":"HALO reality - Predaj, dvojizbový byt Zvolen, Podborová, v novostavbe, SKOLAUDOVANÝ - NOVOSTAVBA - E","address":"Zvolen, okres Zvolen","rooms":2,"meters":46,"totalPrice":139999,"meterSquarePrice":6,"link":"https://www.nehnutelnosti.sk/detail/JuoQJkU3vYm/halo-reality-predaj-dvojizbovy-byt-zvolen-podborova-v-novostavbe-skolaudovany-novostavba-e","imagesUrls":["https://img.nehnutelnosti.sk/foto/NjAweDMzOC9maWx0ZXJzOnF1YWxpdHkoMTAwKS9uZWg=/vXW7dbbm-_fss?st=VhCDfNTIdFu0Grr8Vhl6bRusNgmx81ZawSZpFQWCK-8&ts=1724360102&e=0"]},{"title":"HALO reality - Predaj, trojizbový byt Sirk, Železník","address":"Sirk, okres Revúca","rooms":3,"meters":82,"totalPrice":27990,"meterSquarePrice":4,"link":"https://www.nehnutelnosti.sk/detail/JukIirhmdx5/halo-reality-predaj-trojizbovy-byt-sirk-zeleznik","imagesUrls":["https://img.nehnutelnosti.sk/foto/NjAweDMzOC9maWx0ZXJzOnF1YWxpdHkoMTAwKS9uZWg=/k5T14fJmdg_fss?st=cTwBh7roEGA1MTlmV_faRmTyTU0i7JsT07OSM40xlYc&ts=1718645394&e=0"]},{"title":"HALO reality - REZERVOVANÉ - Predaj, trojizbový byt Vrbové, Sídlisko 9. mája - EXKLUZÍVNE HALO REALI","address":"Vrbové, okres Piešťany","rooms":3,"meters":64,"totalPrice":109000,"meterSquarePrice":3,"link":"https://www.nehnutelnosti.sk/detail/JuycWh0qPeR/halo-reality-rezervovane-predaj-trojizbovy-byt-vrbove-sidlisko-9-maja-exkluzivne-halo-reali","imagesUrls":["https://img.nehnutelnosti.sk/foto/NjAweDMzOC9maWx0ZXJzOnF1YWxpdHkoMTAwKS9uZWg=/Rd-cRRZWJp_fss?st=IDzvkyXxS0jXl_jKjpYqRdIAbc2_ru_ci7GA6x55OM0&ts=1717588262&e=0"]},{"title":"HALO reality - Predaj, dvojizbový byt Kráľová pri Senci","address":"Kráľová pri Senci, okres Senec","rooms":2,"meters":74,"totalPrice":107900,"meterSquarePrice":1,"link":"https://www.nehnutelnosti.sk/detail/Ju3PpSVZx1D/halo-reality-predaj-dvojizbovy-byt-kralova-pri-senci","imagesUrls":["https://img.nehnutelnosti.sk/foto/NjAweDMzOC9maWx0ZXJzOnF1YWxpdHkoMTAwKS9uZWg=/1V808t25q_fss?st=rvZAkdG7jomg1ccXEyJzut9_jDA41uPSCyyIDgFmrMc&ts=1717580758&e=0"]},{"title":"HALO reality - Predaj, dvojizbový byt Lučenec, Štvrť M. R. Štefánika - EXKLUZÍVNE HALO REALITY","address":"Lučenec, okres Lučenec","rooms":2,"meters":61,"totalPrice":94999,"meterSquarePrice":6,"link":"https://www.nehnutelnosti.sk/detail/JuVk0a8KmQs/halo-reality-predaj-dvojizbovy-byt-lucenec-stvrt-m-r-stefanika-exkluzivne-halo-reality","imagesUrls":["https://img.nehnutelnosti.sk/foto/NjAweDMzOC9maWx0ZXJzOnF1YWxpdHkoMTAwKS9uZWg=/h91d3AhT1P_fss?st=n_RDt_EXOWbKVOcEmlqnMKMM1d8WLTYTsaO7KI9wZZE&ts=1717577843&e=0"]},{"title":"HALO reality - Predaj, dvojizbový byt Bajč - EXKLUZÍVNE HALO REALITY","address":"Bajč, okres Komárno","rooms":2,"meters":50,"totalPrice":55500,"meterSquarePrice":0,"link":"https://www.nehnutelnosti.sk/detail/Ju0HUNlr6I9/halo-reality-predaj-dvojizbovy-byt-bajc-exkluzivne-halo-reality","imagesUrls":["https://img.nehnutelnosti.sk/foto/NjAweDMzOC9maWx0ZXJzOnF1YWxpdHkoMTAwKS9uZWg=/OVdBq_yAdT_fss?st=4WaWyUGbBO00k-XEIXbrV461LLTLLC9FQAJZRetxIzA&ts=1717580722&e=0"]},{"title":"HALO reality - Predaj, trojizbový byt Prievidza, Staré Mesto - Prievidza","address":"Prievidza, okres Prievidza","rooms":3,"meters":66,"totalPrice":81000,"meterSquarePrice":7,"link":"https://www.nehnutelnosti.sk/detail/JuRLrQFOMsz/halo-reality-predaj-trojizbovy-byt-prievidza-stare-mesto-prievidza","imagesUrls":["https://img.nehnutelnosti.sk/foto/NjAweDMzOC9maWx0ZXJzOnF1YWxpdHkoMTAwKS9uZWg=/7Uz2OYNP34_fss?st=DSdg5Sc2BZOoi1xo8j_CxkAKNgnrOM7QNPK8YdP19gA&ts=1721030698&e=0"]},{"title":"HALO reality - Predaj, jednoizbový byt Nováky","address":"Nováky, okres Prievidza","rooms":1,"meters":34,"totalPrice":45500,"meterSquarePrice":4,"link":"https://www.nehnutelnosti.sk/detail/Juwh_-YyVlW/halo-reality-predaj-jednoizbovy-byt-novaky","imagesUrls":["https://img.nehnutelnosti.sk/foto/NjAweDMzOC9maWx0ZXJzOnF1YWxpdHkoMTAwKS9uZWg=/IUestnQMZ_fss?st=moy6Jc-Hgd2DXEez-Gu5QdSq0FLcaeNbprb6reXYCbQ&ts=1726864124&e=0"]},{"title":"HALO reality - Predaj, trojizbový byt Selice, Čsl. armády, kompletná rekonštrukcia","address":"Čsl. armády, Selice, okres Šaľa","rooms":3,"meters":79,"totalPrice":null,"meterSquarePrice":null,"link":"https://www.nehnutelnosti.sk/detail/Jux2FPNgOM5/halo-reality-predaj-trojizbovy-byt-selice-csl-armady-kompletna-rekonstrukcia","imagesUrls":["https://img.nehnutelnosti.sk/foto/NjAweDMzOC9maWx0ZXJzOnF1YWxpdHkoMTAwKS9uZWg=/jm5GVbln9_fss?st=1_CuBjPLYDTdoc8y9hSBjlHwqCb9sFH5jMYlWafeLro&ts=1724794329&e=0"]},{"title":"HALO reality - Predaj, trojizbový byt Selice, kompletná rekonštrukcia","address":"Selice, okres Šaľa","rooms":3,"meters":79,"totalPrice":null,"meterSquarePrice":null,"link":"https://www.nehnutelnosti.sk/detail/JuLiUvHR-S0n/halo-reality-predaj-trojizbovy-byt-selice-kompletna-rekonstrukcia","imagesUrls":["https://img.nehnutelnosti.sk/foto/NjAweDMzOC9maWx0ZXJzOnF1YWxpdHkoMTAwKS9uZWg=/CXgyhuMU8H_fss?st=NR6rJaDnCN3LzKxgM9wgwpvPba-KosXqUFwkAE0nTck&ts=1724794337&e=0"]},{"title":"HALO reality - Predaj, trojizbový byt Bánovce nad Bebravou, Dubnička","address":"Bánovce nad Bebravou, okres Bánovce nad Bebravou","rooms":3,"meters":63,"totalPrice":117000,"meterSquarePrice":4,"link":"https://www.nehnutelnosti.sk/detail/JuFozI7-rOl/halo-reality-predaj-trojizbovy-byt-banovce-nad-bebravou-dubnicka","imagesUrls":["https://img.nehnutelnosti.sk/foto/NjAweDMzOC9maWx0ZXJzOnF1YWxpdHkoMTAwKS9uZWg=/Bu9T0TEiF_fss?st=Njg436eKClTRv5sG5h4wHsQ6HSMAnguX4eg6v9inSsk&ts=1717588122&e=0"]},{"title":"HALO reality - Predaj, trojizbový byt Revúca, J.Bottu - EXKLUZÍVNE HALO REALITY","address":"J. Bottu, Revúca, okres Revúca","rooms":3,"meters":65,"totalPrice":47600,"meterSquarePrice":1,"link":"https://www.nehnutelnosti.sk/detail/Ju2EyvMJUor/halo-reality-predaj-trojizbovy-byt-revuca-j-bottu-exkluzivne-halo-reality","imagesUrls":["https://img.nehnutelnosti.sk/foto/NjAweDMzOC9maWx0ZXJzOnF1YWxpdHkoMTAwKS9uZWg=/3KaB0BBk1W_fss?st=4YIRf9wh4pSWIb7J4G5Tsm2nzKRL6fpR0XPd-qyxMZw&ts=1717588071&e=0"]},{"title":"HALO reality - Predaj, jednoizbový byt Nováky","address":"Nováky, okres Prievidza","rooms":1,"meters":32,"totalPrice":45000,"meterSquarePrice":5,"link":"https://www.nehnutelnosti.sk/detail/JuKBDgmJOb0/halo-reality-predaj-jednoizbovy-byt-novaky","imagesUrls":["https://img.nehnutelnosti.sk/foto/NjAweDMzOC9maWx0ZXJzOnF1YWxpdHkoMTAwKS9uZWg=/_HlnD4IAbP_fss?st=Ik97B3Ln3Evg9uYcMaha8eHu59vRmyu6sgZKjNjWMDo&ts=1717587984&e=0"]},{"title":"HALO reality - Predaj, štvorizbový byt Vranov nad Topľou, Sídlisko II","address":"Vranov nad Topľou, okres Vranov nad Topľou","rooms":4,"meters":80,"totalPrice":125990,"meterSquarePrice":8,"link":"https://www.nehnutelnosti.sk/detail/JuOSwwQnZ6v/halo-reality-predaj-stvorizbovy-byt-vranov-nad-toplou-sidlisko-ii","imagesUrls":["https://img.nehnutelnosti.sk/foto/NjAweDMzOC9maWx0ZXJzOnF1YWxpdHkoMTAwKS9uZWg=/QiVlLZF9mo_fss?st=qSswKfCbdFvpv5X3c2yu62i849KYHGPtA3BWb8dnamg&ts=1717587995&e=0"]},{"title":"HALO reality - Predaj, jednoizbový byt Rimavská Sobota","address":"Rimavská Sobota, okres Rimavská Sobota","rooms":1,"meters":37,"totalPrice":42500,"meterSquarePrice":5,"link":"https://www.nehnutelnosti.sk/detail/JuwhFgu1wrj/halo-reality-predaj-jednoizbovy-byt-rimavska-sobota","imagesUrls":["https://img.nehnutelnosti.sk/foto/NjAweDMzOC9maWx0ZXJzOnF1YWxpdHkoMTAwKS9uZWg=/Mrs-Z7_PD_fss?st=AV44tWx7HgtrgW49JHxjsG2FK5MsGNxP0XkmFA3t8Mw&ts=1719059952&e=0"]},{"title":"HALO reality - REZERVOVANÉ - Predaj, trojizbový byt Revúca, J. Bottu - EXKLUZÍVNE HALO REALITY","address":"J. Bottu, Revúca, okres Revúca","rooms":3,"meters":65,"totalPrice":57000,"meterSquarePrice":2,"link":"https://www.nehnutelnosti.sk/detail/JuqQvyWH5kc/halo-reality-rezervovane-predaj-trojizbovy-byt-revuca-j-bottu-exkluzivne-halo-reality","imagesUrls":["https://img.nehnutelnosti.sk/foto/NjAweDMzOC9maWx0ZXJzOnF1YWxpdHkoMTAwKS9uZWg=/r_7bCsSPGI_fss?st=ukPIvlCVAM3DLpue894NrSM1oLoMEwK39BdNyWeqR4I&ts=1721999984&e=0"]},{"title":"HALO reality - Predaj, dvojizbový byt Nováky","address":"Nováky, okres Prievidza","rooms":2,"meters":30,"totalPrice":52500,"meterSquarePrice":0,"link":"https://www.nehnutelnosti.sk/detail/Ju9yKvVc9dG/halo-reality-predaj-dvojizbovy-byt-novaky","imagesUrls":["https://t1.aimg.sk/inzercie/ne_orig_103148972_byty-2-izbovy-byt-banska-bystrica-halo-reality-predaj-dvojizbovy-byt-novaky.jpg?t=LzYwMHgzMzgvZmlsdGVyczpxdWFsaXR5KDgwKQ%3D%3D&h=AUZdfcq6Ghkk_KifPjDXPw&e=2145916800"]},{"title":"HALO reality - Predaj, trojizbový byt Beladice","address":"Beladice, okres Zlaté Moravce","rooms":3,"meters":87,"totalPrice":124900,"meterSquarePrice":3,"link":"https://www.nehnutelnosti.sk/detail/JuyA1NCoOIb/halo-reality-predaj-trojizbovy-byt-beladice","imagesUrls":["https://img.nehnutelnosti.sk/foto/NjAweDMzOC9maWx0ZXJzOnF1YWxpdHkoMTAwKS9uZWg=/YdWe6VB6S_fss?st=25PHZdshx-oRIA0iAFwN_SXha7tx33pZTfhx63pbMC8&ts=1717587801&e=0"]},{"title":"Na predaj veľký 68 m2, zariadený 2 izbový byt- kompletná rekonštrukcia, Nová Dubnica - Pribinove sad","address":"Pribinove sady, Nová Dubnica, okres Ilava","rooms":2,"meters":68,"totalPrice":99000,"meterSquarePrice":8,"link":"https://www.nehnutelnosti.sk/detail/JuVUa-kEd-g/na-predaj-velky-68-m2-zariadeny-2-izbovy-byt-kompletna-rekonstrukcia-nova-dubnica-pribinove-sad","imagesUrls":["https://img.nehnutelnosti.sk/foto/NjAweDMzOC9maWx0ZXJzOnF1YWxpdHkoMTAwKS9uZWg=/jJNM9ATbRS_fss?st=OC0h7s3el3NHJOp2v7a4KuA_GGo-PmRek9JqZK9N_e4&ts=1726650126&e=0"]},{"title":"REZERVOVANÉ. Na predaj 4 izbový byt, 82 m2 + loggia, Dubnica nad Váhom - Pod Hájom.","address":"Pod Hájom, Dubnica nad Váhom, okres Ilava","rooms":4,"meters":82,"totalPrice":null,"meterSquarePrice":null,"link":"https://www.nehnutelnosti.sk/detail/JubDYzkuHnK/rezervovane-na-predaj-4-izbovy-byt-82-m2-loggia-dubnica-nad-vahom-pod-hajom","imagesUrls":["https://img.nehnutelnosti.sk/foto/NjAweDMzOC9maWx0ZXJzOnF1YWxpdHkoMTAwKS9uZWg=/gFB8EWykuT_fss?st=GQyWHN3b03FiUJmp1icywkEQAW3HMOho-BtJ213cgKQ&ts=1724683627&e=0"]},{"title":"Na predaj 1 izbový byt, 34 m2 + loggia, Dubnica nad Váhom - Bratislavská.","address":"Bratislavská, Dubnica nad Váhom, okres Ilava","rooms":1,"meters":34,"totalPrice":null,"meterSquarePrice":null,"link":"https://www.nehnutelnosti.sk/detail/JuoTV4uMqGT/na-predaj-1-izbovy-byt-34-m2-loggia-dubnica-nad-vahom-bratislavska","imagesUrls":["https://img.nehnutelnosti.sk/foto/NjAweDMzOC9maWx0ZXJzOnF1YWxpdHkoMTAwKS9uZWg=/feNers-OJ_fss?st=8QCNfZzqINmgdc7obcKoGv3l-DPq9u8G1BHAPlt28tY&ts=1725345539&e=0"]},{"title":"REZERVOVANÉ. Na predaj veľký, zariadený 3 izbový byt po kompl.rekonštrukcii, 72 m2 + loggia, Trenčín","address":"Šafárikova, Trenčín, okres Trenčín","rooms":3,"meters":72,"totalPrice":null,"meterSquarePrice":null,"link":"https://www.nehnutelnosti.sk/detail/JuT2vKD9iYl/rezervovane-na-predaj-velky-zariadeny-3-izbovy-byt-po-kompl-rekonstrukcii-72-m2-loggia-trencin","imagesUrls":["https://img.nehnutelnosti.sk/foto/NjAweDMzOC9maWx0ZXJzOnF1YWxpdHkoMTAwKS9uZWg=/fg92O2-9z_fss?st=xJutsNFMMaqQ8lfdVHvPH51_qguo_yw2yVSuUcckKYI&ts=1723442513&e=0"]},{"title":"Na predaj novostavba s vlastným kúrením 3 izbový byt, 76 m2, Ilava.","address":"J. L. Bellu, Ilava, okres Ilava","rooms":3,"meters":76,"totalPrice":null,"meterSquarePrice":null,"link":"https://www.nehnutelnosti.sk/detail/Ju7Xk1zWUiW/na-predaj-novostavba-s-vlastnym-kurenim-3-izbovy-byt-76-m2-ilava","imagesUrls":["https://img.nehnutelnosti.sk/foto/NjAweDMzOC9maWx0ZXJzOnF1YWxpdHkoMTAwKS9uZWg=/6RkAJ9IHko_fss?st=4yWlB2zDcbTJpBIH4h0Jh6nhK3aJo1yhfLJH8wHv6nA&ts=1726650111&e=0"]},{"title":"REZERVOVANÉ. Na predaj garsónka, 28 m2, čiast.rekonštrukcia, Dubnica nad Váhom - CII.","address":"Centrum II., Dubnica nad Váhom, okres Ilava","rooms":null,"meters":28,"totalPrice":null,"meterSquarePrice":null,"link":"https://www.nehnutelnosti.sk/detail/JuP4fF-CrNo/rezervovane-na-predaj-garsonka-28-m2-ciast-rekonstrukcia-dubnica-nad-vahom-cii","imagesUrls":["https://img.nehnutelnosti.sk/foto/NjAweDMzOC9maWx0ZXJzOnF1YWxpdHkoMTAwKS9uZWg=/hqH_AFCpy_fss?st=vCsNeX_rfBHbPXxHmxTrvq4yXM1zGtx97NpNkZLH1J0&ts=1711445610&e=0"]},{"title":"Na predaj  veľký,4 izbový byt, 82 m2 +  loggia, Dubnica nad Váhom - Pod hájom.","address":"Dubnica nad Váhom, okres Ilava","rooms":4,"meters":82,"totalPrice":null,"meterSquarePrice":null,"link":"https://www.nehnutelnosti.sk/detail/JucCu7Oazfr/na-predaj-velky-4-izbovy-byt-82-m2-loggia-dubnica-nad-vahom-pod-hajom","imagesUrls":["https://img.nehnutelnosti.sk/foto/NjAweDMzOC9maWx0ZXJzOnF1YWxpdHkoMTAwKS9uZWg=/g6JhVPbPIU_fss?st=PFObMtkhpChtQtywDSBQaxzfBkrOFVMPXGoTSQmwyvI&ts=1722230547&e=0"]},{"title":"Na predaj novostavba -2 izbový byt, 45 m2 + veľký balkón + parkovacie státie, Ilava- Sihoť.","address":"Ilava, okres Ilava","rooms":2,"meters":45,"totalPrice":null,"meterSquarePrice":null,"link":"https://www.nehnutelnosti.sk/detail/JuxYjG5lt7I/na-predaj-novostavba-2-izbovy-byt-45-m2-velky-balkon-parkovacie-statie-ilava-sihot","imagesUrls":["https://img.nehnutelnosti.sk/foto/NjAweDMzOC9maWx0ZXJzOnF1YWxpdHkoMTAwKS9uZWg=/7UE6MsQoDV_fss?st=4Brci-1MT7TdD2LSK1eYXoMKk-l8mi8Ncfru_2rS7EA&ts=1726650124&e=0"]},{"title":"3-izbový byt, 65m2, lodžia, pôvodný stav, Liptovský Hrádok","address":"Nevyplnená, Liptovský Hrádok, okres Liptovský Mikuláš","rooms":3,"meters":65,"totalPrice":119900,"meterSquarePrice":2,"link":"https://www.nehnutelnosti.sk/detail/JuKFv8OEnDu/3-izbovy-byt-65m2-lodzia-povodny-stav-liptovsky-hradok","imagesUrls":["https://img.nehnutelnosti.sk/foto/NjAweDMzOC9maWx0ZXJzOnF1YWxpdHkoMTAwKS9uZWg=/T4j1rxrrs_fss?st=iQqgIm6i9HHreo_LfOE0h-2AEXExMafqAtePrY8BYIU&ts=1726589604&e=0"]},{"title":"Na predaj veľký, dizajnérkou navrhnutý a zariadený, tehlový 3 - izbový byt, 94 m2 + 2x balkón +2x kú","address":"Generála Goliana, Trenčín, okres Trenčín","rooms":3,"meters":94,"totalPrice":280000,"meterSquarePrice":2,"link":"https://www.nehnutelnosti.sk/detail/JuFFNVDHBbe/na-predaj-velky-dizajnerkou-navrhnuty-a-zariadeny-tehlovy-3-izbovy-byt-94-m2-2x-balkon-2x-ku","imagesUrls":["https://img.nehnutelnosti.sk/foto/NjAweDMzOC9maWx0ZXJzOnF1YWxpdHkoMTAwKS9uZWg=/i0IqIw-AR_fss?st=6TOK0NHKL5M0YJvKi5EMeW-sJkeMaMaPQ5ZDpRZXAlA&ts=1708643092&e=0"]},{"title":"Na predaj  3 izb. byt- čiastočná rekonštrukcia - nová kúpeľňa a WC, 62 m2+ loggia, Dubnica nad Váhom","address":"Pod Hájom, Dubnica nad Váhom, okres Ilava","rooms":3,"meters":62,"totalPrice":113000,"meterSquarePrice":8,"link":"https://www.nehnutelnosti.sk/detail/JuQ1e89ntX2/na-predaj-3-izb-byt-ciastocna-rekonstrukcia-nova-kupelna-a-wc-62-m2-loggia-dubnica-nad-vahom","imagesUrls":["https://img.nehnutelnosti.sk/foto/NjAweDMzOC9maWx0ZXJzOnF1YWxpdHkoMTAwKS9uZWg=/KuW52WFmDX_fss?st=ts8S8WB50O0FL_pgkmg0z04Mzwg2wyxjQn2Ayb8cPiw&ts=1726650093&e=0"]}]