[{"title":"2 izbový zariadený byt po kompletnej rekonštrukcii","address":"Partizánska 3261/18, Poprad, okres Poprad","rooms":2,"meters":53,"totalPrice":135000,"meterSquarePrice":8,"link":"https://www.nehnutelnosti.sk/detail/Ju19sn_sU2h/2-izbovy-zariadeny-byt-po-kompletnej-rekonstrukcii","imagesUrls":["https://img.nehnutelnosti.sk/foto/NjAweDMzOC9maWx0ZXJzOnF1YWxpdHkoMTAwKS9uZWg=/x85w8HtDq_fss?st=lF7Duys8M-FqZKil6HGAqkNIloWjjj4Zo0VOwA_YSaE&ts=1726415434&e=0"]},{"title":"3 - izbový apartmán Petržalka, 75,20 m 2","address":"Panónska cesta 3994/8, Bratislava V - Petržalka, okres Bratislava","rooms":3,"meters":75,"totalPrice":255000,"meterSquarePrice":6,"link":"https://www.nehnutelnosti.sk/detail/Ju5Tl98VStH/3-izbovy-apartman-petrzalka-75-20-m-2","imagesUrls":["https://img.nehnutelnosti.sk/foto/NjAweDMzOC9maWx0ZXJzOnF1YWxpdHkoMTAwKS9uZWg=/GlhBzWt1UI_fss?st=6VdbE_7ymzj105fz0DHZGtfRQ6emeMPeIfED7d6l8gc&ts=1710938251&e=0"]},{"title":"Veľký 3 izbový byt v Martine - Záturčí, 78 m2","address":"A. Stodolu, Martin, okres Martin","rooms":3,"meters":78,"totalPrice":119900,"meterSquarePrice":8,"link":"https://www.nehnutelnosti.sk/detail/JuufWTXRdBn/velky-3-izbovy-byt-v-martine-zaturci-78-m2","imagesUrls":["https://img.nehnutelnosti.sk/foto/NjAweDMzOC9maWx0ZXJzOnF1YWxpdHkoMTAwKS9uZWg=/ZXz4NbFjf_fss?st=lSfOLvzMkQRQqePOxl9DWfLq9_6EQS1d5NR8shzXQ6o&ts=1726475712&e=0"]},{"title":"PREDAJ - zariadený 2-izbový byt s dvomi balkónmi","address":"Odborárska 1270/3, Bratislava III - Nové Mesto, okres Bratislava","rooms":2,"meters":54,"totalPrice":212000,"meterSquarePrice":1,"link":"https://www.nehnutelnosti.sk/detail/Ju57wTLBUZ8/predaj-zariadeny-2-izbovy-byt-s-dvomi-balkonmi","imagesUrls":["https://img.nehnutelnosti.sk/foto/NjAweDMzOC9maWx0ZXJzOnF1YWxpdHkoMTAwKS9uZWg=/a8ArS0aO-_fss?st=lhB-vCqu3B8xWWizWHe3Oa9FQbZb3klpOAHtiGBBUbE&ts=1726400482&e=0"]},{"title":"PREDAJ 3-izb. bytu Nová Dubnica ul. SNP 120.000eur","address":"SNP, Nová Dubnica, okres Ilava","rooms":3,"meters":65,"totalPrice":120000,"meterSquarePrice":5,"link":"https://www.nehnutelnosti.sk/detail/JuOQ9zmduQP/predaj-3-izb-bytu-nova-dubnica-ul-snp-120-000eur","imagesUrls":["https://img.nehnutelnosti.sk/foto/NjAweDMzOC9maWx0ZXJzOnF1YWxpdHkoMTAwKS9uZWg=/yyD4UEQR1_fss?st=7yV7ilg6rp-t6kfybLaYEpSZ--Dg2rUf4fDCMLMyfNw&ts=1718623672&e=0"]},{"title":"4-izbový byt na sídl. KVP v Košiciach","address":"Wurmova, Košice II - Sídlisko KVP, okres Košice","rooms":4,"meters":82,"totalPrice":174990,"meterSquarePrice":2,"link":"https://www.nehnutelnosti.sk/detail/JuCh0JMzzs9/4-izbovy-byt-na-sidl-kvp-v-kosiciach","imagesUrls":["https://img.nehnutelnosti.sk/foto/NjAweDMzOC9maWx0ZXJzOnF1YWxpdHkoMTAwKS9uZWg=/md1_6zF7T_fss?st=G5gIFjUecpthy6-F2D1evW2umKty024tOOIkc6Wf6-o&ts=1726399205&e=0"]},{"title":"Predám 3i. byt v blízkosti centra","address":"Špačinská cesta 654/36, Trnava, okres Trnava","rooms":3,"meters":62,"totalPrice":140000,"meterSquarePrice":4,"link":"https://www.nehnutelnosti.sk/detail/JucamZKGWGI/predam-3i-byt-v-blizkosti-centra","imagesUrls":["https://img.nehnutelnosti.sk/foto/NjAweDMzOC9maWx0ZXJzOnF1YWxpdHkoMTAwKS9uZWg=/C2rTNfAET_fss?st=ROH5Ov8Uq4eWawb9r3DDR4VADhK1rL9ELYWHaP3jSgM&ts=1723893490&e=0"]},{"title":"Krásne zariadený 3i byt - Novostavba Gradus","address":"Ulica Biskupa Kondého 179/4a, Dunajská Streda, okres Dunajská Streda","rooms":3,"meters":93,"totalPrice":220000,"meterSquarePrice":9,"link":"https://www.nehnutelnosti.sk/detail/Ju71rik-41G/krasne-zariadeny-3i-byt-novostavba-gradus","imagesUrls":["https://img.nehnutelnosti.sk/foto/NjAweDMzOC9maWx0ZXJzOnF1YWxpdHkoMTAwKS9uZWg=/i7oLS_fkcQ_fss?st=JFv2bfV6R0P6-hs3JRQqfkOlaKFPToxkQ5yvZcp49_w&ts=1721208221&e=0"]},{"title":"3-izbový byt v novostavbe 80m2 s vlastnou záhradou","address":"Kamanová, okres Topoľčany","rooms":3,"meters":80,"totalPrice":118500,"meterSquarePrice":5,"link":"https://www.nehnutelnosti.sk/detail/JuB-QMRemG_/3-izbovy-byt-v-novostavbe-80m2-s-vlastnou-zahradou","imagesUrls":["https://img.nehnutelnosti.sk/foto/NjAweDMzOC9maWx0ZXJzOnF1YWxpdHkoMTAwKS9uZWg=/CwDIxxwiG_fss?st=8a0-pjiOf5aYTF1aZCsrXv4eNEjqca6Z8vmOM8rS2s0&ts=1721642396&e=0"]},{"title":"Klimatizovaný jeden a pol izbový byt","address":"Na Hlinách, Trnava, okres Trnava","rooms":1,"meters":38,"totalPrice":122000,"meterSquarePrice":3,"link":"https://www.nehnutelnosti.sk/detail/JuORWADIlcV/klimatizovany-jeden-a-pol-izbovy-byt","imagesUrls":["https://img.nehnutelnosti.sk/foto/NjAweDMzOC9maWx0ZXJzOnF1YWxpdHkoMTAwKS9uZWg=/xHz__e-_yu_fss?st=nvplut-jbFUJMYpdy3T41JSihKDICq4-Wfwx6Y3J2zc&ts=1723742268&e=0"]},{"title":"Predám 4-izbový byt s garážou a záhradou","address":"Topoľníky, okres Dunajská Streda","rooms":4,"meters":82,"totalPrice":115000,"meterSquarePrice":4,"link":"https://www.nehnutelnosti.sk/detail/JuCAyB--4js/predam-4-izbovy-byt-s-garazou-a-zahradou","imagesUrls":["https://img.nehnutelnosti.sk/foto/NjAweDMzOC9maWx0ZXJzOnF1YWxpdHkoMTAwKS9uZWg=/HBk5klc5K_fss?st=Ywt8yH0B9DeY8jBuWJH_TyROTybK3yyT_jnphRNRNAo&ts=1726336034&e=0"]},{"title":"Na predaj 3-4izbový byt v centre Dubnice nad Váhom","address":"Námestie Matice Slovenskej, Dubnica nad Váhom, okres Ilava","rooms":3,"meters":130,"totalPrice":245000,"meterSquarePrice":2,"link":"https://www.nehnutelnosti.sk/detail/JuJxNC5elJn/na-predaj-3-4izbovy-byt-v-centre-dubnice-nad-vahom","imagesUrls":["https://img.nehnutelnosti.sk/foto/NjAweDMzOC9maWx0ZXJzOnF1YWxpdHkoMTAwKS9uZWg=/hHdPIdOwM_fss?st=ZZTfQQMGPtdNQhFTvmoM56ZmpST9B-_-H5M-2gYoNlQ&ts=1718548508&e=0"]},{"title":"2 - izbový byt v novostavbe v Myslave, 70 m2","address":"Košice II - Myslava, okres Košice","rooms":2,"meters":null,"totalPrice":null,"meterSquarePrice":null,"link":"https://www.nehnutelnosti.sk/detail/Juw3Oq3yZyt/2-izbovy-byt-v-novostavbe-v-myslave-70-m2","imagesUrls":["https://img.nehnutelnosti.sk/foto/NjAweDMzOC9maWx0ZXJzOnF1YWxpdHkoMTAwKS9uZWg=/0fyjyGTSI_fss?st=GCMNYd4H7hGeAhfKtTrrvVZF4pDVB9at7VmFhHcLPCE&ts=1721136786&e=0"]},{"title":"3 - izbový byt v novostavbe v Myslave, 89 m2","address":"Košice II - Myslava, okres Košice","rooms":3,"meters":null,"totalPrice":null,"meterSquarePrice":null,"link":"https://www.nehnutelnosti.sk/detail/JuEKjstU57V/3-izbovy-byt-v-novostavbe-v-myslave-89-m2","imagesUrls":["https://img.nehnutelnosti.sk/foto/NjAweDMzOC9maWx0ZXJzOnF1YWxpdHkoMTAwKS9uZWg=/MgFgLHKs14_fss?st=9R36cadYHWiYEOVwm94DEGIzVzo_O0KWq4yguTlhIcI&ts=1721136318&e=0"]},{"title":"3 - izb. byt, Zupkova, Dargovských hrdinov, Košice","address":"Zupkova, Košice III - Dargovských Hrdinov, okres Košice","rooms":3,"meters":68,"totalPrice":170000,"meterSquarePrice":0,"link":"https://www.nehnutelnosti.sk/detail/JuqCv5rhHtw/3-izb-byt-zupkova-dargovskych-hrdinov-kosice","imagesUrls":["https://img.nehnutelnosti.sk/foto/NjAweDMzOC9maWx0ZXJzOnF1YWxpdHkoMTAwKS9uZWg=/7aXq-UR45_fss?st=zEzsld9CNRDoaHx2pqRQVRXZL5EnUMkmjIDzE5AXmEs&ts=1726311857&e=0"]},{"title":"OCCAM| Eurovea Tower| 3i byt| 43.podlažie","address":"Pribinova, Bratislava I - Staré Mesto, okres Bratislava","rooms":3,"meters":99,"totalPrice":null,"meterSquarePrice":null,"link":"https://www.nehnutelnosti.sk/detail/Ju8z2IOPs4s/occam-eurovea-tower-3i-byt-43-podlazie","imagesUrls":["https://img.nehnutelnosti.sk/foto/NjAweDMzOC9maWx0ZXJzOnF1YWxpdHkoMTAwKS9uZWg=/Y68gwMhEwz_fss?st=OUuOwpB0h_mSoR_8_cm7h9eY9evW5ecKnn4ZB1BeXfU&ts=1720042318&e=0"]},{"title":"predaj garsonka bratislava 3  vajnory","address":"Rybničná 61 a, Bratislava III - Vajnory, okres Bratislava","rooms":null,"meters":28,"totalPrice":89000,"meterSquarePrice":7,"link":"https://www.nehnutelnosti.sk/detail/Ju_ewy6qbgu/predaj-garsonka-bratislava-3-vajnory","imagesUrls":["https://img.nehnutelnosti.sk/foto/NjAweDMzOC9maWx0ZXJzOnF1YWxpdHkoMTAwKS9uZWg=/BQsI4J1oD_fss?st=F7hK3CoPpW2cbfN4upyVezhiyTo9bmShQPlQB-GFWcQ&ts=1721106037&e=0"]},{"title":"Predaj 3 izbový zariadený byt 3 lodžie","address":"Mlynská 694/2, Stropkov, okres Stropkov","rooms":3,"meters":81,"totalPrice":93000,"meterSquarePrice":5,"link":"https://www.nehnutelnosti.sk/detail/JuFof7bx5vw/predaj-3-izbovy-zariadeny-byt-3-lodzie","imagesUrls":["https://img.nehnutelnosti.sk/foto/NjAweDMzOC9maWx0ZXJzOnF1YWxpdHkoMTAwKS9uZWg=/D4ieXrFh4_fss?st=NqoJOYfuNQXoLUfYICG8jol3TaMTTS5-n5kBLDyTnvE&ts=1715891182&e=0"]},{"title":"3- izbový byt v novostavbe s parkovacím státím","address":"Javorová 2913/50, Dunajská Lužná, okres Senec","rooms":3,"meters":null,"totalPrice":null,"meterSquarePrice":null,"link":"https://www.nehnutelnosti.sk/detail/JuUHc1p8XkE/3-izbovy-byt-v-novostavbe-s-parkovacim-statim","imagesUrls":["https://img.nehnutelnosti.sk/foto/NjAweDMzOC9maWx0ZXJzOnF1YWxpdHkoMTAwKS9uZWg=/MbFWTPVLt_fss?st=U0nucpbl6kvXTI6qWPPbShwQKnAUP4kmTnEsGcB6Ppw&ts=1723664140&e=0"]},{"title":"Predám 3 izbový byt - 83.62m2, Veľký Krtíš","address":"Písecká 746/18, Veľký Krtíš, okres Veľký Krtíš","rooms":3,"meters":83,"totalPrice":67000,"meterSquarePrice":4,"link":"https://www.nehnutelnosti.sk/detail/Ju79_V8HKqg/predam-3-izbovy-byt-83-62m2-velky-krtis","imagesUrls":["https://img.nehnutelnosti.sk/foto/NjAweDMzOC9maWx0ZXJzOnF1YWxpdHkoMTAwKS9uZWg=/quVmEYcWC_fss?st=huzPAn6Xgdb8d_Pcl_3wJhQ84owWi0Eapp92uJgUrAY&ts=1699888708&e=0"]},{"title":"Veľký 3-izbový byt s výhľadom na Staré mesto","address":"Karadžičova 3968/6, Bratislava II - Ružinov, okres Bratislava","rooms":3,"meters":100,"totalPrice":356000,"meterSquarePrice":0,"link":"https://www.nehnutelnosti.sk/detail/JuungVK8xg_/velky-3-izbovy-byt-s-vyhladom-na-stare-mesto","imagesUrls":["https://img.nehnutelnosti.sk/foto/NjAweDMzOC9maWx0ZXJzOnF1YWxpdHkoMTAwKS9uZWg=/hO6WIA4QmA_fss?st=O-ttu4ynFlZ3YvhgDeKFPolChZGmk5Ocw19uT-l65sc&ts=1722941082&e=0"]},{"title":"NOVÝ  veľký 2,5i byt s garážovým stojiskom","address":"Cementárenská, Stupava, okres Malacky","rooms":2,"meters":67,"totalPrice":152990,"meterSquarePrice":2,"link":"https://www.nehnutelnosti.sk/detail/JuDn5ROZ8lk/novy-velky-2-5i-byt-s-garazovym-stojiskom","imagesUrls":["https://img.nehnutelnosti.sk/foto/NjAweDMzOC9maWx0ZXJzOnF1YWxpdHkoMTAwKS9uZWg=/KJhJgjPQj_fss?st=8I_82-qiKMcmNMWyNEr6WhTAKdn8Syv3EM4HgTxY3VU&ts=1726874597&e=0"]},{"title":"Predám dvojizbový byt  v Dúbravke na Nejedlého 20","address":"Nejedlého 3394/20, Bratislava IV - Dúbravka, okres Bratislava","rooms":2,"meters":40,"totalPrice":210000,"meterSquarePrice":9,"link":"https://www.nehnutelnosti.sk/detail/JuLWXy98-r5/predam-dvojizbovy-byt-v-dubravke-na-nejedleho-20","imagesUrls":["https://img.nehnutelnosti.sk/foto/NjAweDMzOC9maWx0ZXJzOnF1YWxpdHkoMTAwKS9uZWg=/Jrqbytnlg_fss?st=2AIaEwj9eCu2QvxHTorVqM5sn8fxBhpmC2V4frJfdtw&ts=1726235633&e=0"]},{"title":"Mezonetové byty v Novákoch - predaj spustený !!!","address":"Bernolákova, Nováky, okres Prievidza","rooms":null,"meters":null,"totalPrice":null,"meterSquarePrice":null,"link":"https://www.nehnutelnosti.sk/detail/JuU8tqqknS7/mezonetove-byty-v-novakoch-predaj-spusteny","imagesUrls":["https://img.nehnutelnosti.sk/foto/NjAweDMzOC9maWx0ZXJzOnF1YWxpdHkoMTAwKS9uZWg=/qQ7wfI0Rz_fss?st=O3qZYOlzRccOi7_SH-KQIuEXz-PkuFLvvcdg2TYMMJ0&ts=1723186810&e=0"]},{"title":"Garsónka s výhľadom na Hrad","address":"Košická 52, Bratislava I - Staré Mesto, okres Bratislava","rooms":null,"meters":27,"totalPrice":129000,"meterSquarePrice":8,"link":"https://www.nehnutelnosti.sk/detail/JuJ0fKstZZh/garsonka-s-vyhladom-na-hrad","imagesUrls":["https://t1.aimg.sk/inzercie/ne_orig_106871814_byty-garsonka-bratislava-i-stare-mesto-garsonka-s-vyhladom-na-hrad.jpg?t=LzYwMHgzMzgvZmlsdGVyczpxdWFsaXR5KDgwKQ%3D%3D&h=EByMw2htWIxmkVnemMMZhA&e=2145916800"]},{"title":"Veľký 2 izbový byt v Kubániho dvory Zvolen","address":"Zvolen, okres Zvolen","rooms":2,"meters":63,"totalPrice":40000,"meterSquarePrice":2,"link":"https://www.nehnutelnosti.sk/detail/Ju4c-p_aZr5/velky-2-izbovy-byt-v-kubaniho-dvory-zvolen","imagesUrls":["https://img.nehnutelnosti.sk/foto/NjAweDMzOC9maWx0ZXJzOnF1YWxpdHkoMTAwKS9uZWg=/To7G0pT-Y_fss?st=px3b7GgDccbfCUAveVFp3hQef7Ky8BZPztrEUYNGkKA&ts=1718440001&e=0"]},{"title":"Krásny bytík v centre so záhradkou a parkovaním","address":"Tehelná, Pezinok, okres Pezinok","rooms":1,"meters":29,"totalPrice":127000,"meterSquarePrice":1,"link":"https://www.nehnutelnosti.sk/detail/JuXefZNycQP/krasny-bytik-v-centre-so-zahradkou-a-parkovanim","imagesUrls":["https://img.nehnutelnosti.sk/foto/NjAweDMzOC9maWx0ZXJzOnF1YWxpdHkoMTAwKS9uZWg=/sgS2L4no__fss?st=IMpOR19v26hJvCRf_wrNUWFqGF2PzeL8jXKXHVF2OOo&ts=1723616212&e=0"]},{"title":"Moderný tehlový 3-izb. byt v centre Pezinka","address":"Záhradná, Pezinok, okres Pezinok","rooms":3,"meters":77,"totalPrice":229000,"meterSquarePrice":3,"link":"https://www.nehnutelnosti.sk/detail/JuWPSPMiwKP/moderny-tehlovy-3-izb-byt-v-centre-pezinka","imagesUrls":["https://img.nehnutelnosti.sk/foto/NjAweDMzOC9maWx0ZXJzOnF1YWxpdHkoMTAwKS9uZWg=/Sxr6VPScx_fss?st=x2bcNWnpTUJv8qI4lddld7PDNooioCGVQLsYhTZLAno&ts=1726176879&e=0"]},{"title":"Veľký 1 izbový byt na ulici Mateja Bela 48 m2","address":"Mateja Bela 5296/11, Banská Bystrica, okres Banská Bystrica","rooms":1,"meters":48,"totalPrice":108000,"meterSquarePrice":0,"link":"https://www.nehnutelnosti.sk/detail/Ju6ZYRMKvNx/velky-1-izbovy-byt-na-ulici-mateja-bela-48-m2","imagesUrls":["https://img.nehnutelnosti.sk/foto/NjAweDMzOC9maWx0ZXJzOnF1YWxpdHkoMTAwKS9uZWg=/PjR4RIi16_fss?st=i7WfkD2nJ6OFOz8GHLpsdOF_0YnGRROQN4cb1XcGovg&ts=1723580221&e=0"]},{"title":"3 izbový byt - novostavba","address":"Lesná, Veľká Lomnica, okres Kežmarok","rooms":3,"meters":75,"totalPrice":157500,"meterSquarePrice":0,"link":"https://www.nehnutelnosti.sk/detail/JuPeUYdj4Cf/3-izbovy-byt-novostavba","imagesUrls":["https://img.nehnutelnosti.sk/foto/NjAweDMzOC9maWx0ZXJzOnF1YWxpdHkoMTAwKS9uZWg=/00rcH4GGd_fss?st=Qc-cQJx8uW3-G7Oqnx-0bA9k175kHcGnXVJLeCwHBAY&ts=1720985757&e=0"]}]