[{"title":"Predaj 2-izb. byt Trnava","address":"Ulica Sladovnícka, Trnava, okres Trnava","rooms":2,"meters":64,"totalPrice":140000,"meterSquarePrice":7,"link":"https://www.nehnutelnosti.sk/detail/JuhPhfp_lgp/predaj-2-izb-byt-trnava","imagesUrls":["https://img.nehnutelnosti.sk/foto/NjAweDMzOC9maWx0ZXJzOnF1YWxpdHkoMTAwKS9uZWg=/rHov2G4Sg_fss?st=TcSTW5ZtOBAIF47TpZW100ilUUhoIbA-D2_u6ioANf8&ts=1709725015&e=0"]},{"title":"2 izbový byt na predaj na ulici Antona Prídavka","address":"Antona Prídavka  22, Prešov, okres Prešov","rooms":2,"meters":53,"totalPrice":139900,"meterSquarePrice":2,"link":"https://www.nehnutelnosti.sk/detail/Ju7Dk5tVQcq/2-izbovy-byt-na-predaj-na-ulici-antona-pridavka","imagesUrls":["https://img.nehnutelnosti.sk/foto/NjAweDMzOC9maWx0ZXJzOnF1YWxpdHkoMTAwKS9uZWg=/_SUOLnTjV_fss?st=0_oNLxxoiwEDSKrb15m63FkcU_9oSUOW-UmZ0ygaFYU&ts=1722663507&e=0"]},{"title":"3i byt, prémiové materialy, parking pre nabíjanie","address":"Budatínska 3718/20, Bratislava V - Petržalka, okres Bratislava","rooms":3,"meters":96,"totalPrice":330000,"meterSquarePrice":0,"link":"https://www.nehnutelnosti.sk/detail/JucuFge8QYk/3i-byt-premiove-materialy-parking-pre-nabijanie","imagesUrls":["https://img.nehnutelnosti.sk/foto/NjAweDMzOC9maWx0ZXJzOnF1YWxpdHkoMTAwKS9uZWg=/DsAAQ-CDn_fss?st=WFTWQ3wEVYMP82yKQHjD7xMAMZ5-6MrKH-s0rebWoyA&ts=1722629411&e=0"]},{"title":"Dvojizbový byt s predzahradkou","address":"Cementárenská 3273/40, Stupava, okres Malacky","rooms":2,"meters":59,"totalPrice":189000,"meterSquarePrice":2,"link":"https://www.nehnutelnosti.sk/detail/Ju1qbtzpB0v/dvojizbovy-byt-s-predzahradkou","imagesUrls":["https://img.nehnutelnosti.sk/foto/NjAweDMzOC9maWx0ZXJzOnF1YWxpdHkoMTAwKS9uZWg=/wjVlsag7B_fss?st=1wwWe_RIkKqfdYXhegb2Owxxw504CcbNCQRXmafcm3g&ts=1719944038&e=0"]},{"title":"1-izbový byt po komplexnej rekonštrukcii","address":"Mestská 270/1, Bratislava III - Nové Mesto, okres Bratislava","rooms":1,"meters":37,"totalPrice":null,"meterSquarePrice":null,"link":"https://www.nehnutelnosti.sk/detail/JuI04c43vho/1-izbovy-byt-po-komplexnej-rekonstrukcii","imagesUrls":["https://img.nehnutelnosti.sk/foto/NjAweDMzOC9maWx0ZXJzOnF1YWxpdHkoMTAwKS9uZWg=/q1X_YNFf6_fss?st=WunGtOErkhe2BCau7mZqr6npk0_axjhIWQuwqkkjO1k&ts=1724698707&e=0"]},{"title":"3- izbový byt","address":"Dolný Ohaj, okres Nové Zámky","rooms":3,"meters":null,"totalPrice":null,"meterSquarePrice":null,"link":"https://www.nehnutelnosti.sk/detail/JuoQAf8k0IS/3-izbovy-byt","imagesUrls":["https://img.nehnutelnosti.sk/foto/NjAweDMzOC9maWx0ZXJzOnF1YWxpdHkoMTAwKS9uZWg=/iMz-MbUd__fss?st=CS5N4JL2l5CrX6NBZhf80DrZzrKhhQyWuYVB1Etr8Zs&ts=1715174339&e=0"]},{"title":"Predaj 4 izbovy byt + garaz","address":"Lakšárska Nová Ves 79, Lakšárska Nová Ves, okres Senica","rooms":4,"meters":null,"totalPrice":null,"meterSquarePrice":null,"link":"https://www.nehnutelnosti.sk/detail/JuXcisJ1PMb/predaj-4-izbovy-byt-garaz","imagesUrls":["https://img.nehnutelnosti.sk/foto/NjAweDMzOC9maWx0ZXJzOnF1YWxpdHkoMTAwKS9uZWg=/XfY4LeTLNE_fss?st=h4Hv2PH3Y-ogASUicFVdSd-cdYK3ZykUFIazBAJUw7g&ts=1725203957&e=0"]},{"title":"3-i. byt , Nezábudková, TO - Predám","address":"Nezábudková, Topoľčany, okres Topoľčany","rooms":3,"meters":76,"totalPrice":129900,"meterSquarePrice":1,"link":"https://www.nehnutelnosti.sk/detail/JuBQ6ApDEgf/3-i-byt-nezabudkova-to-predam","imagesUrls":["https://img.nehnutelnosti.sk/foto/NjAweDMzOC9maWx0ZXJzOnF1YWxpdHkoMTAwKS9uZWg=/WNFekeBXn_fss?st=3MImbz6Z-RWWRGRht4Eh0iURdSwiBYp5JHNlxSHL9EQ&ts=1686290089&e=0"]},{"title":"1 izbový byt v jedinečnej lokalite Donnerova","address":"Donnerova, Bratislava IV - Karlova Ves, okres Bratislava","rooms":1,"meters":33,"totalPrice":148000,"meterSquarePrice":5,"link":"https://www.nehnutelnosti.sk/detail/JuMr8pXitk9/1-izbovy-byt-v-jedinecnej-lokalite-donnerova","imagesUrls":["https://img.nehnutelnosti.sk/foto/NjAweDMzOC9maWx0ZXJzOnF1YWxpdHkoMTAwKS9uZWg=/JNLrGRPrtW_fss?st=Z8hRDJFIYU92uNQJ716Ch-e-q7-A4t8wOba-4p_SLIo&ts=1725187601&e=0"]},{"title":"3 izbový byt 84m2 + 30m2 terasa","address":"Pustá dolina 13498/15, Prešov, okres Prešov","rooms":3,"meters":84,"totalPrice":240000,"meterSquarePrice":4,"link":"https://www.nehnutelnosti.sk/detail/JugZTRByKWX/3-izbovy-byt-84m2-30m2-terasa","imagesUrls":["https://img.nehnutelnosti.sk/foto/NjAweDMzOC9maWx0ZXJzOnF1YWxpdHkoMTAwKS9uZWg=/4uCofmZAv_fss?st=TU9wUCqpBCxBIFM_jM9xQpCCdNsdxOi4QKRl1zfV_l0&ts=1725180061&e=0"]},{"title":"3-izbový priestranný byt na ul. Dominika Tatarku","address":"Dominika Tatarku 4717/14, Poprad, okres Poprad","rooms":3,"meters":81,"totalPrice":240000,"meterSquarePrice":7,"link":"https://www.nehnutelnosti.sk/detail/JuxbkQKXjR5/3-izbovy-priestranny-byt-na-ul-dominika-tatarku","imagesUrls":["https://img.nehnutelnosti.sk/foto/NjAweDMzOC9maWx0ZXJzOnF1YWxpdHkoMTAwKS9uZWg=/HokO7gBBS_fss?st=iHI2TGvc7lCiuLpKMqQlK5v4kpqyMKWcdvI1mBAZEN0&ts=1722526589&e=0"]},{"title":"Predaj 3 izbovy byt","address":"SNP 1457, Považská Bystrica, okres Považská Bystrica","rooms":3,"meters":69,"totalPrice":null,"meterSquarePrice":null,"link":"https://www.nehnutelnosti.sk/detail/Ju3zw3MSp4G/predaj-3-izbovy-byt","imagesUrls":["https://img.nehnutelnosti.sk/foto/NjAweDMzOC9maWx0ZXJzOnF1YWxpdHkoMTAwKS9uZWg=/AVGMom09V_fss?st=A_c5Jd51Al-I9kKWFeKOZDM5Mb1HBCxqksv75oy2yw4&ts=1725107097&e=0"]},{"title":"Predám 2,5-izbový byt v Banskej Bystrici Radvaň","address":"Okružná 1853/6, Banská Bystrica, okres Banská Bystrica","rooms":2,"meters":56,"totalPrice":105000,"meterSquarePrice":5,"link":"https://www.nehnutelnosti.sk/detail/JurkhSEPwCh/predam-2-5-izbovy-byt-v-banskej-bystrici-radvan","imagesUrls":["https://img.nehnutelnosti.sk/foto/NjAweDMzOC9maWx0ZXJzOnF1YWxpdHkoMTAwKS9uZWg=/7ZLuk4JKv_fss?st=RgrVJFPTYJu07TG__ygo67xRQDfEsea_tmyDBvSFPto&ts=1714739610&e=0"]},{"title":"NOVOSTAVBA 2i byt","address":"Púchov, okres Púchov","rooms":2,"meters":80,"totalPrice":169000,"meterSquarePrice":8,"link":"https://www.nehnutelnosti.sk/detail/JuuqZtUfGG7/novostavba-2i-byt","imagesUrls":["https://img.nehnutelnosti.sk/foto/NjAweDMzOC9maWx0ZXJzOnF1YWxpdHkoMTAwKS9uZWg=/EgLLxUTER_fss?st=j9bKNy4pSqESAoorKnCwanfjSbIVGxJL_t9fw4rennE&ts=1725280752&e=0"]},{"title":"NOVOSTAVBA 3i zariadený byt s terasou","address":"Púchov, okres Púchov","rooms":3,"meters":98,"totalPrice":219000,"meterSquarePrice":3,"link":"https://www.nehnutelnosti.sk/detail/JuCLXvQ9AfR/novostavba-3i-zariadeny-byt-s-terasou","imagesUrls":["https://img.nehnutelnosti.sk/foto/NjAweDMzOC9maWx0ZXJzOnF1YWxpdHkoMTAwKS9uZWg=/fQd1A73IVi_fss?st=nhh8U8E3GEjNvkWNHHBjiNV_xGy4g2WadAnTsbACnfQ&ts=1725280832&e=0"]},{"title":"Veľkometrážny byt s provensálskym nádychom","address":"Bela IV., Zvolen, okres Zvolen","rooms":3,"meters":116,"totalPrice":215000,"meterSquarePrice":5,"link":"https://www.nehnutelnosti.sk/detail/JuxqM7KRXgI/velkometrazny-byt-s-provensalskym-nadychom","imagesUrls":["https://img.nehnutelnosti.sk/foto/NjAweDMzOC9maWx0ZXJzOnF1YWxpdHkoMTAwKS9uZWg=/ceZiwT_IJp_fss?st=xw2ZTo845Qph-ziL7SngYspGxq4PRlCzcijVD7TZeis&ts=1717325671&e=0"]},{"title":"PREDAJ 3 izbový byt, kompletná rekonštrukcia, Šaľa","address":"SNP, Šaľa, okres Šaľa","rooms":3,"meters":73,"totalPrice":129900,"meterSquarePrice":5,"link":"https://www.nehnutelnosti.sk/detail/Ju3cNbuzPyC/predaj-3-izbovy-byt-kompletna-rekonstrukcia-sala","imagesUrls":["https://img.nehnutelnosti.sk/foto/NjAweDMzOC9maWx0ZXJzOnF1YWxpdHkoMTAwKS9uZWg=/yzq6S2kFY_fss?st=-Va5dxFuWfQnc3SbUJs49U1g6HeFEE1KkcZC-onrH9I&ts=1717933527&e=0"]},{"title":"Predám byty v Rezidencii Kamenec Liptovská Teplá","address":"Liptovská Teplá 18, Liptovská Teplá, okres Ružomberok","rooms":2,"meters":null,"totalPrice":null,"meterSquarePrice":null,"link":"https://www.nehnutelnosti.sk/detail/JucVwkojUiJ/predam-byty-v-rezidencii-kamenec-liptovska-tepla","imagesUrls":["https://img.nehnutelnosti.sk/foto/NjAweDMzOC9maWx0ZXJzOnF1YWxpdHkoMTAwKS9uZWg=/EVoiCG3_O_fss?st=NmxI4HnnJLGGXR9IYIchVUdqgHROs60b-i-D0Htjvks&ts=1712046623&e=0"]},{"title":"Veľký, slnečný 3-izbový byt na dobrej adrese","address":"Michalovce, okres Michalovce","rooms":3,"meters":76,"totalPrice":109000,"meterSquarePrice":1,"link":"https://www.nehnutelnosti.sk/detail/Ju8mhvlmbyE/velky-slnecny-3-izbovy-byt-na-dobrej-adrese","imagesUrls":["https://img.nehnutelnosti.sk/foto/NjAweDMzOC9maWx0ZXJzOnF1YWxpdHkoMTAwKS9uZWg=/9MU-f8U9L_fss?st=DP-1UEI18_iNbAteiV4pVCj_1z0n8XVqkgPw4vDecg0&ts=1725046870&e=0"]},{"title":"3izb. byt s garážou v bytovom komplexe Duna1","address":"Komárno, okres Komárno","rooms":3,"meters":null,"totalPrice":null,"meterSquarePrice":null,"link":"https://www.nehnutelnosti.sk/detail/JuiUpnQPbbT/3izb-byt-s-garazou-v-bytovom-komplexe-duna1","imagesUrls":["https://img.nehnutelnosti.sk/foto/NjAweDMzOC9maWx0ZXJzOnF1YWxpdHkoMTAwKS9uZWg=/4sjZJqcJl_fss?st=rXqZTPk7vFrTK-B4SUWBljyW9bTmkqXQ6ENbR2LlW48&ts=1725029608&e=0"]},{"title":"Slnečný, zariadený byt na Gwerkovej ulici","address":"A. Gwerkovej, Bratislava V - Petržalka, okres Bratislava","rooms":2,"meters":50,"totalPrice":189900,"meterSquarePrice":8,"link":"https://www.nehnutelnosti.sk/detail/Ju9kCuEjQFL/slnecny-zariadeny-byt-na-gwerkovej-ulici","imagesUrls":["https://img.nehnutelnosti.sk/foto/NjAweDMzOC9maWx0ZXJzOnF1YWxpdHkoMTAwKS9uZWg=/ct3UvVrWl_fss?st=zk57FFV-jZlwPn6UcEBGbZLVpKT_uMrrdvKZhVQFoTk&ts=1714662384&e=0"]},{"title":"Krásny, zrekonštruovaný 2 izb., Centrum ZV","address":"Bystrický rad 1879/51, Zvolen, okres Zvolen","rooms":2,"meters":60,"totalPrice":125000,"meterSquarePrice":3,"link":"https://www.nehnutelnosti.sk/detail/JuzkBYPOYrk/krasny-zrekonstruovany-2-izb-centrum-zv","imagesUrls":["https://img.nehnutelnosti.sk/foto/NjAweDMzOC9maWx0ZXJzOnF1YWxpdHkoMTAwKS9uZWg=/qR0qmquMp_fss?st=q7mnExAZoC91e15HLUHzb3S7yUncaaSa-HAVGfkWy9o&ts=1725466038&e=0"]},{"title":"Zrekonštruovaný 3 izbový byt","address":"Javornícka, Banská Bystrica, okres Banská Bystrica","rooms":3,"meters":69,"totalPrice":182000,"meterSquarePrice":5,"link":"https://www.nehnutelnosti.sk/detail/JuFRcAR7wYH/zrekonstruovany-3-izbovy-byt","imagesUrls":["https://img.nehnutelnosti.sk/foto/NjAweDMzOC9maWx0ZXJzOnF1YWxpdHkoMTAwKS9uZWg=/Df8eypFlu_fss?st=Z5rIYDLQoL_ij8iXku4tuGzjPqi0ZLpAUXH7q1Z4-6E&ts=1725015939&e=0"]},{"title":"Predam 3 izbovy byt Arboria Novomestska","address":"Trnava, okres Trnava","rooms":3,"meters":87,"totalPrice":224990,"meterSquarePrice":9,"link":"https://www.nehnutelnosti.sk/detail/Ju4ccht3ybL/predam-3-izbovy-byt-arboria-novomestska","imagesUrls":["https://img.nehnutelnosti.sk/foto/NjAweDMzOC9maWx0ZXJzOnF1YWxpdHkoMTAwKS9uZWg=/rYMM_e_eJ_fss?st=fJfCn_mALkUCRZtXfW2EJMfmf75xZ72Nas9-1QViphI&ts=1665390154&e=0"]},{"title":"2 izbovy slnečný byt na predaj Martin - centrum","address":"Thurzova, Martin, okres Martin","rooms":2,"meters":54,"totalPrice":114990,"meterSquarePrice":1,"link":"https://www.nehnutelnosti.sk/detail/JufCkSVjGVu/2-izbovy-slnecny-byt-na-predaj-martin-centrum","imagesUrls":["https://img.nehnutelnosti.sk/foto/NjAweDMzOC9maWx0ZXJzOnF1YWxpdHkoMTAwKS9uZWg=/_SBFS-0dR_fss?st=YOd83xgO5nRXImrRrToCm7xF0fFMj-h6wikIOi7Ipc0&ts=1724971185&e=0"]},{"title":"4 izb byt PREDAJ Stará Ľubovňa blízko Centra","address":"Okružná 15, Stará Ľubovňa, okres Stará Ľubovňa","rooms":4,"meters":82,"totalPrice":159000,"meterSquarePrice":2,"link":"https://www.nehnutelnosti.sk/detail/JuZpvi7fSrd/4-izb-byt-predaj-stara-lubovna-blizko-centra","imagesUrls":["https://img.nehnutelnosti.sk/foto/NjAweDMzOC9maWx0ZXJzOnF1YWxpdHkoMTAwKS9uZWg=/H1WCBI1GS_fss?st=ub2Z0GxsBrkel7tiRYh8wwGpHoYvnvvZBBXnL5wBhy8&ts=1722352890&e=0"]},{"title":"Predám byt 80m2 na KVP","address":"Janigova, Košice II - Sídlisko KVP, okres Košice","rooms":4,"meters":80,"totalPrice":172000,"meterSquarePrice":0,"link":"https://www.nehnutelnosti.sk/detail/Jus8zFkzj2E/predam-byt-80m2-na-kvp","imagesUrls":["https://img.nehnutelnosti.sk/foto/NjAweDMzOC9maWx0ZXJzOnF1YWxpdHkoMTAwKS9uZWg=/k4Pfoa1Pr_fss?st=prnKx-udVjWbSHaf56zhecm-J3zEuIFpnuH5Lg_NrWQ&ts=1722610818&e=0"]},{"title":"Výrazná zľava 3-izbový byt v Holíči.","address":"Jednoradová, Holíč, okres Skalica","rooms":3,"meters":76,"totalPrice":null,"meterSquarePrice":null,"link":"https://www.nehnutelnosti.sk/detail/Jug9XOHYRuM/vyrazna-zlava-3-izbovy-byt-v-holici","imagesUrls":["https://img.nehnutelnosti.sk/foto/NjAweDMzOC9maWx0ZXJzOnF1YWxpdHkoMTAwKS9uZWg=/v_W_smlCB_fss?st=EGIeSRDQYunDGhY9EFhsQEYWQO-n2y4ro0C2-gMXupI&ts=1714565044&e=0"]},{"title":"Len sa nasťahujte Krásny byt v Holíči.","address":"Pri Kaštieli, Holíč, okres Skalica","rooms":3,"meters":73,"totalPrice":null,"meterSquarePrice":null,"link":"https://www.nehnutelnosti.sk/detail/JucacYaoFdY/len-sa-nastahujte-krasny-byt-v-holici","imagesUrls":["https://img.nehnutelnosti.sk/foto/NjAweDMzOC9maWx0ZXJzOnF1YWxpdHkoMTAwKS9uZWg=/sLniyCFvy_fss?st=4GcWrcBwJzVLeRfiyC8ncRfjm7m0U8kwgdMEdYrk-W0&ts=1714562568&e=0"]},{"title":"NA Predaj 3Izb. byt Na Slnečných jazerách","address":"Slnečné jazerá, Senec, okres Senec","rooms":3,"meters":72,"totalPrice":null,"meterSquarePrice":null,"link":"https://www.nehnutelnosti.sk/detail/JuV7Rjks6Pj/na-predaj-3izb-byt-na-slnecnych-jazerach","imagesUrls":["https://img.nehnutelnosti.sk/foto/NjAweDMzOC9maWx0ZXJzOnF1YWxpdHkoMTAwKS9uZWg=/-LDE_XcNk_fss?st=XNDVUCq9-x2Clvqr7biKgDBNvL4dWozvW0mcZhqgK_c&ts=1686050792&e=0"]}]