[{"title":"SKOLAUDOVANÉ! - 2-izbový byt E.1-I s terasou, predzáhradkou a pivničnou kobkou v cene, Ivanka pri Du","address":"Bernolákovská, Ivanka pri Dunaji, okres Senec","rooms":2,"meters":59,"totalPrice":178937,"meterSquarePrice":3,"link":"https://www.nehnutelnosti.sk/detail/Ju3pHscsoBK/skolaudovane-2-izbovy-byt-e-1-i-s-terasou-predzahradkou-a-pivnicnou-kobkou-v-cene-ivanka-pri-du","imagesUrls":["https://img.unitedclassifieds.sk/foto/NjAweDMzOC9maWx0ZXJzOnF1YWxpdHkoMTAwKS9qdWw=/KOB8FzjSx_fss?st=j9HTKMv3unlaF81dC8zcGIxi7H-kO0KbPDctdlVtGtk&ts=1722845037&e=0"]},{"title":"SKOLAUDOVANÉ! 2-izbový byt C.1-III s terasou, predzáhradkou a pivničnou kobkou v cene, Ivanka pri Du","address":"Bernolákovská, Ivanka pri Dunaji, okres Senec","rooms":2,"meters":49,"totalPrice":160902,"meterSquarePrice":7,"link":"https://www.nehnutelnosti.sk/detail/JuR5d4AQSrC/skolaudovane-2-izbovy-byt-c-1-iii-s-terasou-predzahradkou-a-pivnicnou-kobkou-v-cene-ivanka-pri-du","imagesUrls":["https://img.unitedclassifieds.sk/foto/NjAweDMzOC9maWx0ZXJzOnF1YWxpdHkoMTAwKS9qdWw=/cQFzASxPR_fss?st=uVDqOCUVXrmFHZuE9uFrqQJ-F7Zr9H58wL89CCdzFM8&ts=1722844920&e=0"]},{"title":"KOLAUDUJEME ĎATELINISKÁ ! 1 izbové byty v predaji","address":"Inovecká, Zlaté Moravce, okres Zlaté Moravce","rooms":1,"meters":27,"totalPrice":65222,"meterSquarePrice":6,"link":"https://www.nehnutelnosti.sk/detail/Ju6uYeBTt6LT/kolaudujeme-dateliniska-1-izbove-byty-v-predaji","imagesUrls":["https://img.nehnutelnosti.sk/foto/NjAweDMzOC9maWx0ZXJzOnF1YWxpdHkoMTAwKS9uZWg=/Y6jkQ-BXx_fss?st=5U9SYn4_e10PUr3JI3gz2KVqh4WUOYmIDjptJPYcSPo&ts=1724555830&e=0"]},{"title":"SKOLAUDOVANÉ! 2-izbový byt H.1-I s terasou, predzáhradkou a pivničnou kobkou v cene, Ivanka pri Duna","address":"Bernolákovská, Ivanka pri Dunaji, okres Senec","rooms":2,"meters":49,"totalPrice":161879,"meterSquarePrice":5,"link":"https://www.nehnutelnosti.sk/detail/JuFTg6Gqqk1/skolaudovane-2-izbovy-byt-h-1-i-s-terasou-predzahradkou-a-pivnicnou-kobkou-v-cene-ivanka-pri-duna","imagesUrls":["https://img.unitedclassifieds.sk/foto/NjAweDMzOC9maWx0ZXJzOnF1YWxpdHkoMTAwKS9qdWw=/cl54hGeha_fss?st=p_vGvV4cbWqXlKl8tCn15OKJm31iHokB8UfKv8iAhsY&ts=1722844870&e=0"]},{"title":"SKOLAUDOVANÉ! - 4-izbový byt F.1-I s dvoma terasami a predzáhradkou + pivničná kobka v cene, Ivanka","address":"Bernolákovská, Ivanka pri Dunaji, okres Senec","rooms":4,"meters":74,"totalPrice":240450,"meterSquarePrice":5,"link":"https://www.nehnutelnosti.sk/detail/Ju03oZ0VIi6/skolaudovane-4-izbovy-byt-f-1-i-s-dvoma-terasami-a-predzahradkou-pivnicna-kobka-v-cene-ivanka","imagesUrls":["https://img.unitedclassifieds.sk/foto/NjAweDMzOC9maWx0ZXJzOnF1YWxpdHkoMTAwKS9qdWw=/mXakXSLJ8_fss?st=oBL9qqpG_fSqpkEI1Ti3IJQcwpD_L6r88TWyAJCiRrc&ts=1722844818&e=0"]},{"title":"Realitná kancelária DMPD Vám ponúka na predaj veľkometrážny 3 izbový byt v meste Prievidza","address":"Prievidza, okres Prievidza","rooms":3,"meters":70,"totalPrice":98000,"meterSquarePrice":0,"link":"https://www.nehnutelnosti.sk/detail/JuEDM0M_-4N/realitna-kancelaria-dmpd-vam-ponuka-na-predaj-velkometrazny-3-izbovy-byt-v-meste-prievidza","imagesUrls":["https://img.nehnutelnosti.sk/foto/NjAweDMzOC9maWx0ZXJzOnF1YWxpdHkoMTAwKS9uZWg=/aBSdzkbdGQ_fss?st=Py6D5y9fVZ31T7oGNwktUArN7jHOLrAUDkDmH7ybD_s&ts=1721052897&e=0"]},{"title":"**REZERVOVANÉ**MODERNÝ A PRIESTRANNÝ 2-IZBOVÝ BYT V OBĽÚBENOM PROJEKTE TRI VEŽE ZA ATRAKTÍVNU CENU!","address":"Bajkalská, Bratislava III - Nové Mesto, okres Bratislava","rooms":2,"meters":61,"totalPrice":222600,"meterSquarePrice":1,"link":"https://www.nehnutelnosti.sk/detail/JuDAFVVYRq-/rezervovanemoderny-a-priestranny-2-izbovy-byt-v-oblubenom-projekte-tri-veze-za-atraktivnu-cenu","imagesUrls":["https://img.unitedclassifieds.sk/foto/NjAweDMzOC9maWx0ZXJzOnF1YWxpdHkoMTAwKS9qdWw=/8Xtrd3BYf_fss?st=P8qiDdwzI62tB6W6PcFZmMkVCO1a_MNtqEtHD_ZwOzo&ts=1722814067&e=0"]},{"title":"Na predaj priestranný 3 izbový byt v centre mesta M.R.Štefánika","address":"štvrť M.R.Štefánika, Lučenec, okres Lučenec","rooms":3,"meters":77,"totalPrice":85500,"meterSquarePrice":1,"link":"https://www.nehnutelnosti.sk/detail/JuJ0gvrjUXQ/na-predaj-priestranny-3-izbovy-byt-v-centre-mesta-m-r-stefanika","imagesUrls":["https://img.nehnutelnosti.sk/foto/NjAweDMzOC9maWx0ZXJzOnF1YWxpdHkoMTAwKS9uZWg=/x4vylmuo9c_fss?st=GgIZXiVqFWvpc--cfMo-DYYCnkdfsA6vZnwEZ982A-U&ts=1726382565&e=0"]},{"title":"HĽADÁM 3 izbový byt v centre Piešťan","address":"Nálepkova, Piešťany, okres Piešťany","rooms":3,"meters":100,"totalPrice":300000,"meterSquarePrice":0,"link":"https://www.nehnutelnosti.sk/detail/JueRVYmigjS/hladam-3-izbovy-byt-v-centre-piestan","imagesUrls":["https://img.nehnutelnosti.sk/foto/NjAweDMzOC9maWx0ZXJzOnF1YWxpdHkoMTAwKS9uZWg=/B8AhWil_G_fss?st=sN0BGMGI1HwwGA6qQQTMxGW0wXxVTlQBhvDvCGcw9MY&ts=1724250044&e=0"]},{"title":"Pekný 3 izbový byt | Moldava nad Bodvou","address":"Moldava nad Bodvou, Košice okolie, okres Košice - okolie","rooms":3,"meters":69,"totalPrice":103000,"meterSquarePrice":5,"link":"https://www.nehnutelnosti.sk/detail/JupGtHL6J_a/pekny-3-izbovy-byt-moldava-nad-bodvou","imagesUrls":["https://img.nehnutelnosti.sk/foto/NjAweDMzOC9maWx0ZXJzOnF1YWxpdHkoMTAwKS9uZWg=/-zfbIWYVr_fss?st=Lk1aVfcZNskxsSZ7BWj-Iywd660SLrbQRAMf-6OC6wY&ts=1725366493&e=0"]},{"title":"Pekný veľký 2 izb.byt využívaný ako 3 izb. na Prednádraží pri parku.","address":"B.Smetanu, Trnava, okres Trnava","rooms":2,"meters":61,"totalPrice":148000,"meterSquarePrice":3,"link":"https://www.nehnutelnosti.sk/detail/JuOTtKTcE_L/pekny-velky-2-izb-byt-vyuzivany-ako-3-izb-na-prednadrazi-pri-parku","imagesUrls":["https://img.nehnutelnosti.sk/foto/NjAweDMzOC9maWx0ZXJzOnF1YWxpdHkoMTAwKS9uZWg=/JwDjcuQ731_fss?st=RbllLBakHkT-Yq3gp-IpNUSd13cXkKLiguikhXVaJZQ&ts=1726513342&e=0"]},{"title":"KRÁSNY PREROBENÝ 4-IZBOVÝ BYT S LODŽIOU, 87M2, SEKČOV-PREŠOV","address":"Federátov, Prešov, okres Prešov","rooms":4,"meters":null,"totalPrice":null,"meterSquarePrice":null,"link":"https://www.nehnutelnosti.sk/detail/JuK9XNwu8qe/krasny-prerobeny-4-izbovy-byt-s-lodziou-87m2-sekcov-presov","imagesUrls":["https://img.nehnutelnosti.sk/foto/NjAweDMzOC9maWx0ZXJzOnF1YWxpdHkoMTAwKS9uZWg=/XAkc3G1w9_fss?st=ITvK3A_LK9b4QeypqKPw6n-QRVsqDnYCGkuXJsEQtrM&ts=1724438603&e=0"]},{"title":"3 izbový byt s loggiou, Bukureštská ulica","address":"Bukureštská, Košice I - Sídlisko Ťahanovce, okres Košice","rooms":3,"meters":62,"totalPrice":136900,"meterSquarePrice":7,"link":"https://www.nehnutelnosti.sk/detail/JujQ1PMJyZa/3-izbovy-byt-s-loggiou-bukurestska-ulica","imagesUrls":["https://img.unitedclassifieds.sk/foto/NjAweDMzOC9maWx0ZXJzOnF1YWxpdHkoMTAwKS9qdWw=/dwW4_Ffvi_fss?st=dbXv0f3L6bmbI2OnmPEvCRtqtnVdwluEb_Ug-d8lzjU&ts=1726049287&e=0"]},{"title":"Exkluzívne! Novozrekonštruovaný zariadený 3 izbový byt v centre Komárna - Vhodné aj na investíciu!","address":"Kúpeľná, Komárno, okres Komárno","rooms":3,"meters":74,"totalPrice":145000,"meterSquarePrice":6,"link":"https://www.nehnutelnosti.sk/detail/JuHm7ZBcQmz/exkluzivne-novozrekonstruovany-zariadeny-3-izbovy-byt-v-centre-komarna-vhodne-aj-na-investiciu","imagesUrls":["https://img.nehnutelnosti.sk/foto/NjAweDMzOC9maWx0ZXJzOnF1YWxpdHkoMTAwKS9uZWg=/hBJ2ayJEa_fss?st=jOoyqgSH8Qm2ADrxqtE_ZOLcQhtLgVupgxr_s5Pk6jM&ts=1707255653&e=0"]},{"title":"Apartmán v tesnej blízkosti Liptovskej Mary a Tatralandie","address":"Liptovský Mikuláš, okres Liptovský Mikuláš","rooms":null,"meters":38,"totalPrice":143500,"meterSquarePrice":2,"link":"https://www.nehnutelnosti.sk/detail/Ju23eo2P2oh/apartman-v-tesnej-blizkosti-liptovskej-mary-a-tatralandie","imagesUrls":["https://img.nehnutelnosti.sk/foto/NjAweDMzOC9maWx0ZXJzOnF1YWxpdHkoMTAwKS9uZWg=/9hBxxYqvi_fss?st=Afa3QlIAV3isZFXr3gYko1tFKCgC9MXN0oBwwLzkiZY&ts=1683893856&e=0"]},{"title":"Predám 3-izbový byt","address":"Budovateľská, Snina, okres Snina","rooms":3,"meters":69,"totalPrice":72000,"meterSquarePrice":8,"link":"https://www.nehnutelnosti.sk/detail/Juu8NGOikn3/predam-3-izbovy-byt","imagesUrls":["https://img.nehnutelnosti.sk/foto/NjAweDMzOC9maWx0ZXJzOnF1YWxpdHkoMTAwKS9uZWg=/UcdwS1Br2p_fss?st=OO2tcqjxQTQ0EdMyOdOZvYLpqGi8qyovjSJGiAiZWcc&ts=1717603656&e=0"]},{"title":"1-izbový byt Senica","address":"Senica, okres Senica","rooms":1,"meters":37,"totalPrice":67000,"meterSquarePrice":1,"link":"https://www.nehnutelnosti.sk/detail/JuYOdZmaCrf/1-izbovy-byt-senica","imagesUrls":["https://img.nehnutelnosti.sk/foto/NjAweDMzOC9maWx0ZXJzOnF1YWxpdHkoMTAwKS9uZWg=/PmaGNpF3S_fss?st=AnuB6rF0Eo-R8N0B3wuzsSpn82hSZkNfa82vGE0tfe4&ts=1722774769&e=0"]},{"title":"PREDAJ: 3 izbový byt, 69,5 m2, Družstevná 15, Modra","address":"Družstevná, Modra, okres Pezinok","rooms":3,"meters":69,"totalPrice":162900,"meterSquarePrice":8,"link":"https://www.nehnutelnosti.sk/detail/Junf7i_H73x/predaj-3-izbovy-byt-69-5-m2-druzstevna-15-modra","imagesUrls":["https://img.nehnutelnosti.sk/foto/NjAweDMzOC9maWx0ZXJzOnF1YWxpdHkoMTAwKS9uZWg=/Xozr0lx5hA_fss?st=PLaBCIF4tHp9E_OT5VlGNfjGuZdrAO4NnaCyUvQRzxU&ts=1722774287&e=0"]},{"title":"Exkluzívne na predaj! 2-izbový byt+ (č.26/5.nadzemné podlažie) Bytový komplex Kúty II.etapa","address":"Kúty, okres Senica","rooms":2,"meters":63,"totalPrice":134500,"meterSquarePrice":5,"link":"https://www.nehnutelnosti.sk/detail/Ju8GEuVn6g6/exkluzivne-na-predaj-2-izbovy-byt-c-26-5-nadzemne-podlazie-bytovy-komplex-kuty-ii-etapa","imagesUrls":["https://img.nehnutelnosti.sk/foto/NjAweDMzOC9maWx0ZXJzOnF1YWxpdHkoMTAwKS9uZWg=/p-_itbZTA_fss?st=mwdt7NtE3k4QqZW7Wpnan1jIOoVWAhV_rMLOpzuXuw8&ts=1707207277&e=0"]},{"title":"NA PREDAJ, 2-izbový byt, Bytča","address":"Bytča, okres Bytča","rooms":2,"meters":63,"totalPrice":99999,"meterSquarePrice":6,"link":"https://www.nehnutelnosti.sk/detail/Ju9cGbww8DN/na-predaj-2-izbovy-byt-bytca","imagesUrls":["https://img.nehnutelnosti.sk/foto/NjAweDMzOC9maWx0ZXJzOnF1YWxpdHkoMTAwKS9uZWg=/ciVIIw7kK_fss?st=vtW-JwGGWaf9OoRAlgOFt2HAs6Gkt1gbGj9cnP1p_HE&ts=1721291331&e=0"]},{"title":"NANDU - predaj veľkého, zariadeného 3i BYTU vo Vienna Gate, Petržalka","address":"Kopčianska, Bratislava V - Petržalka, okres Bratislava","rooms":3,"meters":103,"totalPrice":340000,"meterSquarePrice":7,"link":"https://www.nehnutelnosti.sk/detail/JuZTsLbeEgR/nandu-predaj-velkeho-zariadeneho-3i-bytu-vo-vienna-gate-petrzalka","imagesUrls":["https://img.unitedclassifieds.sk/foto/NjAweDMzOC9maWx0ZXJzOnF1YWxpdHkoMTAwKS9qdWw=/8ZvfWoWI-_fss?st=OTM3EtGh567tWsrAX70e8DcimLEVdLdG6lloj3io9YM&ts=1722760418&e=0"]},{"title":"REZERVOVANÉ 2 izbový byt v NOVOSTAVBE s veľkou loggiou, Petržalka - Švabinského ulica","address":"Švabinského, Bratislava V - Petržalka, okres Bratislava","rooms":2,"meters":48,"totalPrice":169500,"meterSquarePrice":5,"link":"https://www.nehnutelnosti.sk/detail/JuVr4phN1To/rezervovane-2-izbovy-byt-v-novostavbe-s-velkou-loggiou-petrzalka-svabinskeho-ulica","imagesUrls":["https://img.nehnutelnosti.sk/foto/NjAweDMzOC9maWx0ZXJzOnF1YWxpdHkoMTAwKS9uZWg=/_AGYm9vmk_fss?st=gbQXgXUx37Crg7n46emiqPMyQIZQhLnAHdtD7_IM1fA&ts=1722716827&e=0"]},{"title":"3i apartmán v Šafráne= Top poloha, krásne prostredie, štýlový apartmán","address":"Donovaly, okres Banská Bystrica","rooms":3,"meters":50,"totalPrice":null,"meterSquarePrice":null,"link":"https://www.nehnutelnosti.sk/detail/JubmHiDcWje/3i-apartman-v-safrane-top-poloha-krasne-prostredie-stylovy-apartman","imagesUrls":["https://img.nehnutelnosti.sk/foto/NjAweDMzOC9maWx0ZXJzOnF1YWxpdHkoMTAwKS9uZWg=/0eaLazJo5U_fss?st=oCZR-AxPuWh0bECVkIIsriMrP-7ac5iMZ-UrnmvtIig&ts=1726571717&e=0"]},{"title":"BE.LIVE COMPANY- PREDAJ- EXKLUZÍVNE- 3IZBOVÝ-MEZONET- 85m2- ZÁHRADA- 100m2- 2x PARKOVACIE STÁTIE- MA","address":"Tri Vody, Malinovo, okres Senec","rooms":3,"meters":85,"totalPrice":239900,"meterSquarePrice":5,"link":"https://www.nehnutelnosti.sk/detail/JuLmgYZFpQ0/be-live-company-predaj-exkluzivne-3izbovy-mezonet-85m2-zahrada-100m2-2x-parkovacie-statie-ma","imagesUrls":["https://img.nehnutelnosti.sk/foto/NjAweDMzOC9maWx0ZXJzOnF1YWxpdHkoMTAwKS9uZWg=/LMouFvK0P_fss?st=KzwQd7Q_2LDCAglQ8kRsh8EsJSXuifiQ5DQx8OCrLSg&ts=1721291966&e=0"]},{"title":"Predaj 1i bytu Banská Bystrica - centrum","address":"Banská Bystrica, Banská Bystrica, okres Banská Bystrica","rooms":1,"meters":38,"totalPrice":null,"meterSquarePrice":null,"link":"https://www.nehnutelnosti.sk/detail/JuG-jpheZvo/predaj-1i-bytu-banska-bystrica-centrum","imagesUrls":["https://img.nehnutelnosti.sk/foto/NjAweDMzOC9maWx0ZXJzOnF1YWxpdHkoMTAwKS9uZWg=/mNkQkcJ5F_fss?st=UVjfNT_Z63fus5-sF1zhm7kpBoP3axqmYA2yessOfTg&ts=1691595107&e=0"]},{"title":"Predaj: Slnečný 3 izbový byt v obci Nová Bystrica(014-B)","address":"Nová Bystrica, Nová Bystrica, okres Čadca","rooms":3,"meters":69,"totalPrice":59700,"meterSquarePrice":2,"link":"https://www.nehnutelnosti.sk/detail/Ju9SHmu_wo8/predaj-slnecny-3-izbovy-byt-v-obci-nova-bystrica014-b","imagesUrls":["https://img.nehnutelnosti.sk/foto/NjAweDMzOC9maWx0ZXJzOnF1YWxpdHkoMTAwKS9uZWg=/Q4BbgDydEB_fss?st=WCfkQDj_yaZHB_6a7Cj3EwyG-aAU_IkJp6CoIC8W6fY&ts=1705479172&e=0"]},{"title":"Apartmány na predaj - Valčianska dolina","address":"Valča, okres Martin","rooms":null,"meters":47,"totalPrice":152500,"meterSquarePrice":0,"link":"https://www.nehnutelnosti.sk/detail/JuQ9xwLa0yw/apartmany-na-predaj-valcianska-dolina","imagesUrls":["https://img.unitedclassifieds.sk/foto/NjAweDMzOC9maWx0ZXJzOnF1YWxpdHkoMTAwKS9qdWw=/_bDVWXIv__fss?st=bYcA68s1_pU74M9faojm5foknpgjpE65m-YdXJISZCw&ts=1710334623&e=0"]},{"title":"Apartmán na predaj - Valčianska dolina","address":"Valča, okres Martin","rooms":null,"meters":23,"totalPrice":76900,"meterSquarePrice":2,"link":"https://www.nehnutelnosti.sk/detail/JuS8GjjsXwr/apartman-na-predaj-valcianska-dolina","imagesUrls":["https://img.unitedclassifieds.sk/foto/NjAweDMzOC9maWx0ZXJzOnF1YWxpdHkoMTAwKS9qdWw=/oQxBqFMQS_fss?st=lLKfIq1E3IVG08kQN3ht4lWGDFENSSxJrpuSS8XnVDc&ts=1710334524&e=0"]},{"title":"Slnečný 2 izbový byt na sídlisku Terasa, ul. Poľovnícka","address":"Poľovnícka, Košice II - Západ, okres Košice","rooms":2,"meters":55,"totalPrice":159900,"meterSquarePrice":7,"link":"https://www.nehnutelnosti.sk/detail/JuUXIU52RH0/slnecny-2-izbovy-byt-na-sidlisku-terasa-ul-polovnicka","imagesUrls":["https://img.nehnutelnosti.sk/foto/NjAweDMzOC9maWx0ZXJzOnF1YWxpdHkoMTAwKS9uZWg=/P7iM5Fx3B_fss?st=N3t8H-Frf3IVsWDrKBq9Y83DCUWxqGvkF-G5-rr8pHI&ts=1719494549&e=0"]},{"title":"3 izbový byt, Košice – Nad jazerom, ul. Raketová","address":"Raketová, Košice IV - Nad jazerom, okres Košice","rooms":3,"meters":72,"totalPrice":135000,"meterSquarePrice":5,"link":"https://www.nehnutelnosti.sk/detail/Ju2uim_tJZ4k/3-izbovy-byt-kosice-nad-jazerom-ul-raketova","imagesUrls":["https://img.nehnutelnosti.sk/foto/NjAweDMzOC9maWx0ZXJzOnF1YWxpdHkoMTAwKS9uZWg=/HrjOS69mB_fss?st=jmge4MPueVODc1ocWkO9wGrHPsdNXU_NOw3wg3hv3LQ&ts=1683800880&e=0"]}]