[{"title":"Predaj, 2-izbový byt, 55m2, Žilina- staré mesto (061-112-MACHa)","address":"Žilina, okres Žilina","rooms":2,"meters":55,"totalPrice":122900,"meterSquarePrice":5,"link":"https://www.nehnutelnosti.sk/detail/Ju4tKAi1Mzo/predaj-2-izbovy-byt-55m2-zilina-stare-mesto-061-112-macha","imagesUrls":["https://img.nehnutelnosti.sk/foto/NjAweDMzOC9maWx0ZXJzOnF1YWxpdHkoMTAwKS9uZWg=/SNNhYpwYI_fss?st=M9R0dtZeWm3yFHLAhmyVKKgRraJ54O7_TKTqyaCT4Pk&ts=1698879849&e=0"]},{"title":"NR - 4 izb.,  širšie centrum - Rázusova ul., dobrá lokalita,   po čiastočnej rekonštrukcii, 89 m2, 1","address":"Rázusova, Nitra, okres Nitra","rooms":4,"meters":89,"totalPrice":229000,"meterSquarePrice":3,"link":"https://www.nehnutelnosti.sk/detail/JuuGpwDw0uk7/nr-4-izb-sirsie-centrum-razusova-ul-dobra-lokalita-po-ciastocnej-rekonstrukcii-89-m2-1","imagesUrls":["https://img.nehnutelnosti.sk/foto/NjAweDMzOC9maWx0ZXJzOnF1YWxpdHkoMTAwKS9uZWg=/6v4YqOrHo_fss?st=nkkimSd9i2JbAJoBKAFJGzGZc1UWuZqwlP7P_JHJv5M&ts=1698879681&e=0"]},{"title":"DIRECTREAL|Na predaj 2 izbový byt v pokojnej časti mesta Hlohovec","address":"R. Dilonga, Hlohovec, okres Hlohovec","rooms":2,"meters":38,"totalPrice":93600,"meterSquarePrice":6,"link":"https://www.nehnutelnosti.sk/detail/Juo9eqBhHz3/directreal-na-predaj-2-izbovy-byt-v-pokojnej-casti-mesta-hlohovec","imagesUrls":["https://img.nehnutelnosti.sk/foto/NjAweDMzOC9maWx0ZXJzOnF1YWxpdHkoMTAwKS9uZWg=/DXHhUM4W8_fss?st=EAiTCxdnWFFQSZXHtz8MDdehBUF2prYS2hUBQad5cJU&ts=1726843309&e=0"]},{"title":"177.100 €   Slnečný 2 izbový byt v projekte RENDEZ s terasou 12 m2","address":"Eduarda Wenzla, Bratislava III - Rača, okres Bratislava","rooms":2,"meters":67,"totalPrice":177100,"meterSquarePrice":2,"link":"https://www.nehnutelnosti.sk/detail/Jugjg7ioVAC/177-100-slnecny-2-izbovy-byt-v-projekte-rendez-s-terasou-12-m2","imagesUrls":["https://img.nehnutelnosti.sk/foto/NjAweDMzOC9maWx0ZXJzOnF1YWxpdHkoMTAwKS9uZWg=/3Z2SQaSse_fss?st=uvbCrn8fmVtHQs9Aq93q5xtxI8S89hbVqSpXLcePA64&ts=1722432103&e=0"]},{"title":"4 izbový byt, Košice I - sídlisko Ťahanovce, ul. Budapeštianska - REZERVOVNÝ","address":"Budapeštianska, Košice I - Sídlisko Ťahanovce, okres Košice","rooms":4,"meters":79,"totalPrice":138000,"meterSquarePrice":0,"link":"https://www.nehnutelnosti.sk/detail/JuvgO6FpsQG/4-izbovy-byt-kosice-i-sidlisko-tahanovce-ul-budapestianska-rezervovny","imagesUrls":["https://img.unitedclassifieds.sk/foto/NjAweDMzOC9maWx0ZXJzOnF1YWxpdHkoMTAwKS9qdWw=/LBPPJvgOX_fss?st=oVqk9xSHIc0fmk4LOoil2NjBp4XA4OhW5806JFLR0LE&ts=1721076044&e=0"]},{"title":"Predám 2 izbový byt v pôvodnom stave, Kysucké Nové Mesto.","address":"ČSA, Kysucké Nové Mesto, okres Kysucké Nové Mesto","rooms":2,"meters":51,"totalPrice":null,"meterSquarePrice":null,"link":"https://www.nehnutelnosti.sk/detail/JuBf12W9TvD/predam-2-izbovy-byt-v-povodnom-stave-kysucke-nove-mesto","imagesUrls":["https://img.nehnutelnosti.sk/foto/NjAweDMzOC9maWx0ZXJzOnF1YWxpdHkoMTAwKS9uZWg=/1kRi469Gi_fss?st=xO_VxvIj-fhSHopJ7UIqcgAcWEBMyEfwlTKQjb-0SCE&ts=1726842742&e=0"]},{"title":"3-izbový byt v centre mesta","address":"Daniela Dlabača, Žilina - Staré mesto, okres Žilina","rooms":3,"meters":80,"totalPrice":189000,"meterSquarePrice":0,"link":"https://www.nehnutelnosti.sk/detail/JuoZh7jVNSP/3-izbovy-byt-v-centre-mesta","imagesUrls":["https://img.nehnutelnosti.sk/foto/NjAweDMzOC9maWx0ZXJzOnF1YWxpdHkoMTAwKS9uZWg=/xyPfwwZ05_fss?st=WpgtSZzVHRlw6pdI7CU_64J9I9_WfnXNqNeqrNO55PE&ts=1726842732&e=0"]},{"title":"Na predaj jednoizbový byt v novostavbe Michalovce","address":"Zvončeková, Michalovce, okres Michalovce","rooms":1,"meters":44,"totalPrice":88000,"meterSquarePrice":0,"link":"https://www.nehnutelnosti.sk/detail/JuJekWKSuAU/na-predaj-jednoizbovy-byt-v-novostavbe-michalovce","imagesUrls":["https://img.nehnutelnosti.sk/foto/NjAweDMzOC9maWx0ZXJzOnF1YWxpdHkoMTAwKS9uZWg=/BKO8awcBT_fss?st=xwXrfaSt0SMaVjKLSTGJleM-rTWfeSr02RRoaO9BoQw&ts=1726833365&e=0"]},{"title":"REZERVOVANÉ!!! Predaj - pekného 3.izb bytu - Karlová Ves, ul. Púpavová. 72 m2","address":"Púpavová, Bratislava IV - Karlova Ves, okres Bratislava","rooms":3,"meters":65,"totalPrice":218000,"meterSquarePrice":5,"link":"https://www.nehnutelnosti.sk/detail/JuC73ATJb4h/rezervovane-predaj-pekneho-3-izb-bytu-karlova-ves-ul-pupavova-72-m2","imagesUrls":["https://img.nehnutelnosti.sk/foto/NjAweDMzOC9maWx0ZXJzOnF1YWxpdHkoMTAwKS9uZWg=/nnKF73l2h_fss?st=pVAI0CYFqytfKhfPffmrzvIKblP5pyChJiHnAbwlQ0M&ts=1700648926&e=0"]},{"title":"REZERVOVANÝ 3 izbový veľkometrážny byt, Centrum, Nové Zámky","address":"Michalská Bašta, Nové Zámky, okres Nové Zámky","rooms":3,"meters":83,"totalPrice":106000,"meterSquarePrice":1,"link":"https://www.nehnutelnosti.sk/detail/Ju2MMHM5uKP/rezervovany-3-izbovy-velkometrazny-byt-centrum-nove-zamky","imagesUrls":["https://img.nehnutelnosti.sk/foto/NjAweDMzOC9maWx0ZXJzOnF1YWxpdHkoMTAwKS9uZWg=/8DqRfawVyb_fss?st=i8KUili90A4uEz5dKZLOE6IettCtUhRio3QkiDtU6oc&ts=1713153220&e=0"]},{"title":"Štvor-hviezdičkový 2 izb. tehlový byt v centre mesta (F513-2-ANMi)","address":"Prešov, okres Prešov","rooms":2,"meters":54,"totalPrice":135000,"meterSquarePrice":0,"link":"https://www.nehnutelnosti.sk/detail/JuQC8xI1ABD/stvor-hviezdickovy-2-izb-tehlovy-byt-v-centre-mesta-f513-2-anmi","imagesUrls":["https://img.nehnutelnosti.sk/foto/NjAweDMzOC9maWx0ZXJzOnF1YWxpdHkoMTAwKS9uZWg=/7x7Uziquj_fss?st=WU2omuMTa9ku9sQJSPNcPJX1ie-cQCnWhTjZgfPVxYs&ts=1723733233&e=0"]},{"title":"NOVINKA! 5 hviezdičkový 3izb byt na sídlisku II. (F530-113-ANM)","address":"Prešov, okres Prešov","rooms":3,"meters":61,"totalPrice":169900,"meterSquarePrice":5,"link":"https://www.nehnutelnosti.sk/detail/JuVX_XpXXnc/novinka-5-hviezdickovy-3izb-byt-na-sidlisku-ii-f530-113-anm","imagesUrls":["https://img.nehnutelnosti.sk/foto/NjAweDMzOC9maWx0ZXJzOnF1YWxpdHkoMTAwKS9uZWg=/etepUmPLY_fss?st=cQiKJPTLaqkyDwPM0KsEFLoZU0HtPJ7zc-285eILG_o&ts=1726570034&e=0"]},{"title":"Na predaj 2 izbový byt s balkónom Michalovce","address":"Michalovce, okres Michalovce","rooms":2,"meters":71,"totalPrice":130000,"meterSquarePrice":9,"link":"https://www.nehnutelnosti.sk/detail/JuFVpQXgMzL/na-predaj-2-izbovy-byt-s-balkonom-michalovce","imagesUrls":["https://img.nehnutelnosti.sk/foto/NjAweDMzOC9maWx0ZXJzOnF1YWxpdHkoMTAwKS9uZWg=/dZjw2oV9P_fss?st=tbyXm93bPRq-hzq6O_O69pRWLlxJr2YZDzcgbFKU8qQ&ts=1725982338&e=0"]},{"title":"Predaj 2-izbového bytu blízko Centra Humenné, rezervovaný","address":"Dobrianského, Humenné, okres Humenné","rooms":2,"meters":55,"totalPrice":62990,"meterSquarePrice":7,"link":"https://www.nehnutelnosti.sk/detail/JurB-Us7YWK/predaj-2-izboveho-bytu-blizko-centra-humenne-rezervovany","imagesUrls":["https://img.nehnutelnosti.sk/foto/NjAweDMzOC9maWx0ZXJzOnF1YWxpdHkoMTAwKS9uZWg=/RjdKoaJSF_fss?st=MP-srd-t4kCAsljI9ZodAFcgym_GrdspNJ4VLSZP9vQ&ts=1726075400&e=0"]},{"title":"Nehnuteľnosť Dunajská Streda - Na predaj sympatický 2-izbový byt v centre mesta","address":"Námestie Ármina Vámbéryho, Dunajská Streda, okres Dunajská Streda","rooms":2,"meters":69,"totalPrice":115000,"meterSquarePrice":7,"link":"https://www.nehnutelnosti.sk/detail/Juv28Ia226b/nehnutelnost-dunajska-streda-na-predaj-sympaticky-2-izbovy-byt-v-centre-mesta","imagesUrls":["https://img.nehnutelnosti.sk/foto/NjAweDMzOC9maWx0ZXJzOnF1YWxpdHkoMTAwKS9uZWg=/E161GTI2Vz_fss?st=VG4_0GHw_R-FvOVnHIavdOIR08J_7Ecfbezf627M6GU&ts=1725464026&e=0"]},{"title":"Posledný 3i byt na predaj v obci Michal na Ostrove","address":"Michal na Ostrove, okres Dunajská Streda","rooms":3,"meters":85,"totalPrice":138000,"meterSquarePrice":3,"link":"https://www.nehnutelnosti.sk/detail/JutwMWMksr_/posledny-3i-byt-na-predaj-v-obci-michal-na-ostrove","imagesUrls":["https://img.nehnutelnosti.sk/foto/NjAweDMzOC9maWx0ZXJzOnF1YWxpdHkoMTAwKS9uZWg=/ZzMXL0hxb_fss?st=6-0njQA7kGeMa6S57CHoZdR27zohXGJ2BjNMuq3SaKc&ts=1724752330&e=0"]},{"title":"!rezervovaný! VZÁCNA PONUKA, 4-IZBOVÝ BYT, TŘEBÍČSKA","address":"Třebičska, Humenné, okres Humenné","rooms":4,"meters":88,"totalPrice":97990,"meterSquarePrice":2,"link":"https://www.nehnutelnosti.sk/detail/JuBPtM2VXh-/rezervovany-vzacna-ponuka-4-izbovy-byt-trebicska","imagesUrls":["https://img.nehnutelnosti.sk/foto/NjAweDMzOC9maWx0ZXJzOnF1YWxpdHkoMTAwKS9uZWg=/QEO0-WMeM_fss?st=YIoSkgzJ7uGBs7RYwypMayCHtupTrHek_JvrbSa6Fzs&ts=1725204322&e=0"]},{"title":"1izb byt v novostavbe v SB-rezervujte do 30.9. potom vyššie ceny!!! (F515-111-ANM)","address":"č.d., Sabinov, okres Sabinov","rooms":1,"meters":46,"totalPrice":100000,"meterSquarePrice":5,"link":"https://www.nehnutelnosti.sk/detail/Juz4CUtDjlj/1izb-byt-v-novostavbe-v-sb-rezervujte-do-30-9-potom-vyssie-ceny-f515-111-anm","imagesUrls":["https://img.nehnutelnosti.sk/foto/NjAweDMzOC9maWx0ZXJzOnF1YWxpdHkoMTAwKS9uZWg=/ubmIhyb-Y_fss?st=Ld0Sh2s1XFTjymVEI71ehP_3nDRNA0aiop4IArsNm0I&ts=1724079244&e=0"]},{"title":"2 izb. byty novostavby (rôzne výmery) v SB kolaudácia ešte tento rok! (518-112-ANM)","address":"č.d., Sabinov, okres Sabinov","rooms":2,"meters":49,"totalPrice":107000,"meterSquarePrice":2,"link":"https://www.nehnutelnosti.sk/detail/JuJF1DU6fP53/2-izb-byty-novostavby-rozne-vymery-v-sb-kolaudacia-este-tento-rok-518-112-anm","imagesUrls":["https://img.nehnutelnosti.sk/foto/NjAweDMzOC9maWx0ZXJzOnF1YWxpdHkoMTAwKS9uZWg=/xSsoztMU4_fss?st=PjWjzPfvOHxVptHkkJk0ZRWyXIKPjlOAaBTtciFgFNw&ts=1724079248&e=0"]},{"title":"ČAROVNÉ BÝVANIE V SRDCI SÍDLISKA II.A","address":"Puškinova, Humenné, okres Humenné","rooms":2,"meters":55,"totalPrice":null,"meterSquarePrice":null,"link":"https://www.nehnutelnosti.sk/detail/Ju0KaqpjVMR/carovne-byvanie-v-srdci-sidliska-ii-a","imagesUrls":["https://img.nehnutelnosti.sk/foto/NjAweDMzOC9maWx0ZXJzOnF1YWxpdHkoMTAwKS9uZWg=/khnSQyq50_fss?st=D5PzLzR_ean786QpROPA95bYRT9QIuKP2foajbp3Vi4&ts=1723965898&e=0"]},{"title":"3izb byt - novostavba v Sabinove (F517-113-ANM)","address":"Sabinov, okres Sabinov","rooms":3,"meters":75,"totalPrice":157500,"meterSquarePrice":9,"link":"https://www.nehnutelnosti.sk/detail/Jut0UJ96tm9/3izb-byt-novostavba-v-sabinove-f517-113-anm","imagesUrls":["https://img.nehnutelnosti.sk/foto/NjAweDMzOC9maWx0ZXJzOnF1YWxpdHkoMTAwKS9uZWg=/TOoVQnqTk_fss?st=LkcW1K9HVdws9PQA8DMpHCnJSzo_sMZ3-0_hphOiqy4&ts=1724079247&e=0"]},{"title":"!rezervovaný! VÝNIMOČNÁ PONUKA, VEĽKÝ BYT VO VYHĽADÁVANEJ ČASTI MESTA","address":"Osloboditeľov, Humenné, okres Humenné","rooms":4,"meters":77,"totalPrice":96990,"meterSquarePrice":1,"link":"https://www.nehnutelnosti.sk/detail/Jup4mR86rhw/rezervovany-vynimocna-ponuka-velky-byt-vo-vyhladavanej-casti-mesta","imagesUrls":["https://img.nehnutelnosti.sk/foto/NjAweDMzOC9maWx0ZXJzOnF1YWxpdHkoMTAwKS9uZWg=/hTQCx7j8H_fss?st=JX5Es_K1WitQ6JhLUuluKlYXf_0OCdjlCQHZ-IWUN8Q&ts=1723394072&e=0"]},{"title":"VÝHODNÁ PONUKA, VEĽKÝ DVOJIZBOVÝ BYT,  KRÁTKA","address":"Krátka, Humenné, okres Humenné","rooms":2,"meters":70,"totalPrice":74990,"meterSquarePrice":9,"link":"https://www.nehnutelnosti.sk/detail/Jumw3wtD-Xz/vyhodna-ponuka-velky-dvojizbovy-byt-kratka","imagesUrls":["https://img.nehnutelnosti.sk/foto/NjAweDMzOC9maWx0ZXJzOnF1YWxpdHkoMTAwKS9uZWg=/LximENE0d_fss?st=7Wu8ILrPwOc7nKV_w8VPb16YmByxcp3EKXSOQCm9kjw&ts=1726326088&e=0"]},{"title":"!rezervovaný! PÄŤIZBOVÝ BYT VO VÝBORNEJ KONDÍCII NA POKOJNEJ LABORECKEJ","address":"Laborecká, Humenné, okres Humenné","rooms":5,"meters":94,"totalPrice":128990,"meterSquarePrice":3,"link":"https://www.nehnutelnosti.sk/detail/JuoMfmIwO_Q/rezervovany-patizbovy-byt-vo-vybornej-kondicii-na-pokojnej-laboreckej","imagesUrls":["https://img.nehnutelnosti.sk/foto/NjAweDMzOC9maWx0ZXJzOnF1YWxpdHkoMTAwKS9uZWg=/IdVs_2JtR_fss?st=6B9iNbI-k5ntzTmoHJSvB-ZQrn2y9HMYOTl-3lNNv98&ts=1724432715&e=0"]},{"title":"Predaj 2-izbového bytu blízko Centra, ul. Dobrianskeho, rezervovaný","address":"Dobrianského, Humenné, okres Humenné","rooms":2,"meters":53,"totalPrice":64990,"meterSquarePrice":3,"link":"https://www.nehnutelnosti.sk/detail/JuZssvAQt0y/predaj-2-izboveho-bytu-blizko-centra-ul-dobrianskeho-rezervovany","imagesUrls":["https://img.nehnutelnosti.sk/foto/NjAweDMzOC9maWx0ZXJzOnF1YWxpdHkoMTAwKS9uZWg=/VXeCq39xP_fss?st=jdnqgiaDYgadUWZnyJUyNiRQ6akDwcsIbFr-fp8No1k&ts=1722683580&e=0"]},{"title":"PERFECTO 3izb. rek. tehlový byt s veľkým balkónom v centre mesta (F509-113-ANMi)","address":"Prešov, okres Prešov","rooms":3,"meters":70,"totalPrice":165000,"meterSquarePrice":4,"link":"https://www.nehnutelnosti.sk/detail/Jun46QIM3wZ/perfecto-3izb-rek-tehlovy-byt-s-velkym-balkonom-v-centre-mesta-f509-113-anmi","imagesUrls":["https://img.nehnutelnosti.sk/foto/NjAweDMzOC9maWx0ZXJzOnF1YWxpdHkoMTAwKS9uZWg=/vEv3yLXIZ_fss?st=HtbdXvNcRZVzDVohsoPsw8F42ir-II2KGjH2VmAWjWY&ts=1723128695&e=0"]},{"title":"2,5 izbový byt na Sekčove pod Šalgovíkom (F508-113-ANMi)","address":"Prešov, okres Prešov","rooms":2,"meters":64,"totalPrice":107500,"meterSquarePrice":7,"link":"https://www.nehnutelnosti.sk/detail/Jua5qVEedHv/2-5-izbovy-byt-na-sekcove-pod-salgovikom-f508-113-anmi","imagesUrls":["https://img.nehnutelnosti.sk/foto/NjAweDMzOC9maWx0ZXJzOnF1YWxpdHkoMTAwKS9uZWg=/2ia3i0btF_fss?st=p46uphr75JCQJ4qnd9QmeLP2hDYT-rzHN6vfYU0P-x4&ts=1726054675&e=0"]},{"title":"Na predaj 2-izbový byt v romantickej lokalite Bratislava Ružinov","address":"Seberíniho, Bratislava II - Ružinov, okres Bratislava","rooms":2,"meters":75,"totalPrice":369000,"meterSquarePrice":0,"link":"https://www.nehnutelnosti.sk/detail/JuESDh1Uwla/na-predaj-2-izbovy-byt-v-romantickej-lokalite-bratislava-ruzinov","imagesUrls":["https://img.nehnutelnosti.sk/foto/NjAweDMzOC9maWx0ZXJzOnF1YWxpdHkoMTAwKS9uZWg=/3pc7HLhYib_fss?st=4LPPNugJ80HnbRXxQzDLAUYHgi_gGKS_7cVi9E9YUJs&ts=1723123995&e=0"]},{"title":"PARÁDNE KOMPLETNE ZREKONŠTRUOVANÝ TROJIZBÁK NA LABORECKEJ","address":"Laborecká, Humenné, okres Humenné","rooms":3,"meters":71,"totalPrice":129880,"meterSquarePrice":0,"link":"https://www.nehnutelnosti.sk/detail/JutJpdT8rXu/paradne-kompletne-zrekonstruovany-trojizbak-na-laboreckej","imagesUrls":["https://img.nehnutelnosti.sk/foto/NjAweDMzOC9maWx0ZXJzOnF1YWxpdHkoMTAwKS9uZWg=/PqFDVvSi-_fss?st=LtnIZDxbQ7-GPZLPAhCnVhOPlCnLe6CGq_9uIIPqXvw&ts=1722957754&e=0"]}]