[{"title":"REZERVOVANÉ ! Babony TRE I veľký 2 izbový byt Hviezdoslavov","address":"Mesačná, Hviezdoslavov, okres Dunajská Streda","rooms":2,"meters":50,"totalPrice":null,"meterSquarePrice":null,"link":"https://www.nehnutelnosti.sk/detail/JuizEKAeyVS/rezervovane-babony-tre-i-velky-2-izbovy-byt-hviezdoslavov","imagesUrls":["https://img.nehnutelnosti.sk/foto/NjAweDMzOC9maWx0ZXJzOnF1YWxpdHkoMTAwKS9uZWg=/G-UqTmiJx_fss?st=DtVuIDv2oRBRn24z30Rj33ZWOAr-4udtcRYX9HfEleo&ts=1719913726&e=0"]},{"title":"Babony TRE | Na predaj zrekonštruovaný 3 izbový byt Dúbravka-Drobného","address":"Drobného, Bratislava IV - Dúbravka, okres Bratislava","rooms":3,"meters":null,"totalPrice":null,"meterSquarePrice":null,"link":"https://www.nehnutelnosti.sk/detail/JurTOuUeufu/babony-tre-na-predaj-zrekonstruovany-3-izbovy-byt-dubravka-drobneho","imagesUrls":["https://img.nehnutelnosti.sk/foto/NjAweDMzOC9maWx0ZXJzOnF1YWxpdHkoMTAwKS9uZWg=/AE2ocKPz__fss?st=PnQ1rTVprfOMDMkdJSY0H_Id9HUWPU0Mxdk00nB5nGY&ts=1706958488&e=0"]},{"title":"Babony TRE | Predaj 3- izbového bytu 72m2 + terasa so záhradkou 100m2","address":"Turbínová, Bratislava III - Nové Mesto, okres Bratislava","rooms":3,"meters":72,"totalPrice":276930,"meterSquarePrice":5,"link":"https://www.nehnutelnosti.sk/detail/JuvRCu_YqAs/babony-tre-predaj-3-izboveho-bytu-72m2-terasa-so-zahradkou-100m2","imagesUrls":["https://img.nehnutelnosti.sk/foto/NjAweDMzOC9maWx0ZXJzOnF1YWxpdHkoMTAwKS9uZWg=/52Qbdy46v_fss?st=aYz73SQcifRbOu7domjdsLTTcurOkIPbgLookF6RfuM&ts=1726822793&e=0"]},{"title":"Babony TRE | Predaj 3- izbového bytu 72m2 + terasa so záhradkou 124m2","address":"Turbínová, Bratislava III - Nové Mesto, okres Bratislava","rooms":3,"meters":72,"totalPrice":282744,"meterSquarePrice":7,"link":"https://www.nehnutelnosti.sk/detail/JuDClYWSIXF/babony-tre-predaj-3-izboveho-bytu-72m2-terasa-so-zahradkou-124m2","imagesUrls":["https://img.nehnutelnosti.sk/foto/NjAweDMzOC9maWx0ZXJzOnF1YWxpdHkoMTAwKS9uZWg=/ho4Ji8wR7T_fss?st=KMPDkxMhKFBHByZhErM0YQIvcCJktH3Q5xmyCKoMW5I&ts=1726837789&e=0"]},{"title":"Babony TRE | 3- izbový byt REZERVOVANÝ","address":"Turbínová, Bratislava III - Nové Mesto, okres Bratislava","rooms":3,"meters":72,"totalPrice":275706,"meterSquarePrice":5,"link":"https://www.nehnutelnosti.sk/detail/JuT8fKqrvy4/babony-tre-3-izbovy-byt-rezervovany","imagesUrls":["https://img.nehnutelnosti.sk/foto/NjAweDMzOC9maWx0ZXJzOnF1YWxpdHkoMTAwKS9uZWg=/hH6M4VlTz_fss?st=qeP-Y-1A4Oja0X91vVQ-G65EFGxu_7syoky2xUKnQ7s&ts=1725548361&e=0"]},{"title":"Babony TRE | Predaj 3- izbového bytu 72m2 s veľkou terasou 75m2","address":"Turbínová, Bratislava III - Nové Mesto, okres Bratislava","rooms":3,"meters":72,"totalPrice":290700,"meterSquarePrice":0,"link":"https://www.nehnutelnosti.sk/detail/Juya7gPC-uk/babony-tre-predaj-3-izboveho-bytu-72m2-s-velkou-terasou-75m2","imagesUrls":["https://img.nehnutelnosti.sk/foto/NjAweDMzOC9maWx0ZXJzOnF1YWxpdHkoMTAwKS9uZWg=/luWQHbkZ1_fss?st=RuCEDcr2wsWFR2vwPiPYD8dfJhva4Meqo_QqvegxCWE&ts=1726837760&e=0"]},{"title":"Babony TRE | Predaj 3- izbového bytu 72m2 + terasa a záhradka 103m2","address":"Turbínová, Bratislava III - Nové Mesto, okres Bratislava","rooms":3,"meters":72,"totalPrice":276318,"meterSquarePrice":5,"link":"https://www.nehnutelnosti.sk/detail/Ju17pTC1aPP/babony-tre-predaj-3-izboveho-bytu-72m2-terasa-a-zahradka-103m2","imagesUrls":["https://img.nehnutelnosti.sk/foto/NjAweDMzOC9maWx0ZXJzOnF1YWxpdHkoMTAwKS9uZWg=/DD7XP6titd_fss?st=rR5o9FnQrE_GFRvMTwj_1Pl6_PICuQIARZCqgVVxuEw&ts=1726837776&e=0"]},{"title":"ZNÍŽENÁ CENA !!!  Predaj 3-izbového bytu s garážou, Mozartova ul","address":"Mozartova, Bratislava I - Staré Mesto, okres Bratislava","rooms":3,"meters":93,"totalPrice":289000,"meterSquarePrice":3,"link":"https://www.nehnutelnosti.sk/detail/JubIjXFzwav/znizena-cena-predaj-3-izboveho-bytu-s-garazou-mozartova-ul","imagesUrls":["https://img.nehnutelnosti.sk/foto/NjAweDMzOC9maWx0ZXJzOnF1YWxpdHkoMTAwKS9uZWg=/3Wz3-8u_d_fss?st=kU_UcH_enwmJJ7ttHoIyOrZlpFFrjgtg3UgkYCDsQv8&ts=1724364089&e=0"]},{"title":"Jedinečný 3i byt s loggiou v skvelej lokalite Na Hlinách, Trnava","address":"Na Hlinách, Trnava, okres Trnava","rooms":3,"meters":null,"totalPrice":null,"meterSquarePrice":null,"link":"https://www.nehnutelnosti.sk/detail/Ju-gojhUPB9/jedinecny-3i-byt-s-loggiou-v-skvelej-lokalite-na-hlinach-trnava","imagesUrls":["https://img.nehnutelnosti.sk/foto/NjAweDMzOC9maWx0ZXJzOnF1YWxpdHkoMTAwKS9uZWg=/mWrJsRtTTo_fss?st=w7bG_rBydvMFwe3LEdD7mvcUITCons6EJVbXiIM2ml0&ts=1726733225&e=0"]},{"title":"Predaj 3 izbového bytu v projekte Koloseo, Tomášiková ulica","address":"Tomášikova, Bratislava III - Nové Mesto, okres Bratislava","rooms":3,"meters":73,"totalPrice":289900,"meterSquarePrice":4,"link":"https://www.nehnutelnosti.sk/detail/JufsOBGhlBv/predaj-3-izboveho-bytu-v-projekte-koloseo-tomasikova-ulica","imagesUrls":["https://img.nehnutelnosti.sk/foto/NjAweDMzOC9maWx0ZXJzOnF1YWxpdHkoMTAwKS9uZWg=/FjbMeWtVgQ_fss?st=bm0DnzXZiZtH4TcWNwArULeiJLEiImXoULRZ1eehC1Y&ts=1719236247&e=0"]},{"title":"3-IZB.BYT - TURČIANSKE TEPLICE | developer IDEÁLNE BÝVANIE","address":"Turčianske Teplice, okres Turčianske Teplice","rooms":3,"meters":92,"totalPrice":209850,"meterSquarePrice":8,"link":"https://www.nehnutelnosti.sk/detail/JuIV5E-BtYf/3-izb-byt-turcianske-teplice-developer-idealne-byvanie","imagesUrls":["https://img.unitedclassifieds.sk/foto/NjAweDMzOC9maWx0ZXJzOnF1YWxpdHkoMTAwKS9qdWw=/_VXMNaJSt_fss?st=7cAHr7pVXMp9CFQKK3kTLi8NPWtvdqfP8_AzGLRLaO4&ts=1685445933&e=0"]},{"title":"PREDAJ : 3 izb. byt , 74 m2, kompletná rekonštrukcia, Košická ul., Senec.","address":"Košická, Senec, okres Senec","rooms":3,"meters":74,"totalPrice":169900,"meterSquarePrice":5,"link":"https://www.nehnutelnosti.sk/detail/JuPlmTWLLBZ/predaj-3-izb-byt-74-m2-kompletna-rekonstrukcia-kosicka-ul-senec","imagesUrls":["https://img.nehnutelnosti.sk/foto/NjAweDMzOC9maWx0ZXJzOnF1YWxpdHkoMTAwKS9uZWg=/2-wXUm41EV_fss?st=b7m5Oh8CXHBMFpgSto_imkhZiFjNqbdE3W_O9jYBT7A&ts=1725360826&e=0"]},{"title":"PREDAJ : AKCIA ! 3 izbový byt , predzáhradka, parkovacie státie, novostavba, Rovinka - centrum.","address":"Nevyplnená, Rovinka, okres Senec","rooms":3,"meters":86,"totalPrice":219900,"meterSquarePrice":8,"link":"https://www.nehnutelnosti.sk/detail/JuDmsnGWehd/predaj-akcia-3-izbovy-byt-predzahradka-parkovacie-statie-novostavba-rovinka-centrum","imagesUrls":["https://img.nehnutelnosti.sk/foto/NjAweDMzOC9maWx0ZXJzOnF1YWxpdHkoMTAwKS9uZWg=/zDObeQGM0_fss?st=qjCiMLMj69wUtQ_ElycupocFZLMYsFMpJkFLHMIEjAQ&ts=1717592616&e=0"]},{"title":"PREDAJ : AKCIA ! 2 izbový byt , predzáhradka, parkovacie státie, novostavba, Rovinka - centrum.","address":"Nevyplnená, Rovinka, okres Senec","rooms":2,"meters":64,"totalPrice":159900,"meterSquarePrice":4,"link":"https://www.nehnutelnosti.sk/detail/JuKvYe26DQG/predaj-akcia-2-izbovy-byt-predzahradka-parkovacie-statie-novostavba-rovinka-centrum","imagesUrls":["https://img.nehnutelnosti.sk/foto/NjAweDMzOC9maWx0ZXJzOnF1YWxpdHkoMTAwKS9uZWg=/cBdLC_d-__fss?st=lasbO-qLlQkQgi_kVb3r0tIJGU7LST6y7H0Ago4TSzs&ts=1724709070&e=0"]},{"title":"PREDAJ : 3 izbový byt , predzáhradka, parkovacie státie, novostavba, Rovinka - centrum.","address":"Nevyplnená, Rovinka, okres Senec","rooms":3,"meters":86,"totalPrice":224900,"meterSquarePrice":2,"link":"https://www.nehnutelnosti.sk/detail/JuLA0fdvuPhX/predaj-3-izbovy-byt-predzahradka-parkovacie-statie-novostavba-rovinka-centrum","imagesUrls":["https://img.nehnutelnosti.sk/foto/NjAweDMzOC9maWx0ZXJzOnF1YWxpdHkoMTAwKS9uZWg=/rlTuVloWWl_fss?st=-PX0LMCxKNBBNjQkdE8grONXt36Ywnht9ANtbQ8sy5Q&ts=1724709050&e=0"]},{"title":"PREDAJ : 2 izbový byt , predzáhradka, parkovacie státie, novostavba, Rovinka - centrum.","address":"Nevyplnená, Rovinka, okres Senec","rooms":2,"meters":64,"totalPrice":167900,"meterSquarePrice":4,"link":"https://www.nehnutelnosti.sk/detail/JuM1WG8V5aE/predaj-2-izbovy-byt-predzahradka-parkovacie-statie-novostavba-rovinka-centrum","imagesUrls":["https://img.nehnutelnosti.sk/foto/NjAweDMzOC9maWx0ZXJzOnF1YWxpdHkoMTAwKS9uZWg=/CohQ58EW3_fss?st=2emlfM0oituouW9W6M8tAu9aW5oIVdk5k0zvpr74dXA&ts=1726135465&e=0"]},{"title":"PREDAJ : 2 izbový byt 64 m2, predzáhradka, parkovacie státie, novostavba, Rovinka - centrum.","address":"Nevyplnená, Rovinka, okres Senec","rooms":2,"meters":64,"totalPrice":167900,"meterSquarePrice":4,"link":"https://www.nehnutelnosti.sk/detail/JugbNyuJlv6/predaj-2-izbovy-byt-64-m2-predzahradka-parkovacie-statie-novostavba-rovinka-centrum","imagesUrls":["https://img.nehnutelnosti.sk/foto/NjAweDMzOC9maWx0ZXJzOnF1YWxpdHkoMTAwKS9uZWg=/ECbG8phpFf_fss?st=r5eaftL2mVKannPiAt7gOh_UnpJvlUoV8j4aBu-gRio&ts=1724760258&e=0"]},{"title":"PREDAJ : 3 izbový byt 86 m2, predzáhradka, parkovacie státie, novostavba, Rovinka - centrum.","address":"Nevyplnená, Rovinka, okres Senec","rooms":3,"meters":86,"totalPrice":224900,"meterSquarePrice":2,"link":"https://www.nehnutelnosti.sk/detail/JuxIDEZDtpm/predaj-3-izbovy-byt-86-m2-predzahradka-parkovacie-statie-novostavba-rovinka-centrum","imagesUrls":["https://img.nehnutelnosti.sk/foto/NjAweDMzOC9maWx0ZXJzOnF1YWxpdHkoMTAwKS9uZWg=/bnWswjsxmI_fss?st=mxssFC3JiYW3yOmqfFsEk82O1lpZ9kpL-21WGr1u93Q&ts=1724760247&e=0"]},{"title":"REZERVOVANÉ NA PREDAJ | 3 IZBOVÝ BYT S BALKÓNOM – DUBNICA NAD VÁHOM","address":"Centrum II., Dubnica nad Váhom, okres Ilava","rooms":3,"meters":60,"totalPrice":114400,"meterSquarePrice":7,"link":"https://www.nehnutelnosti.sk/detail/Ju93xFaKr-b/rezervovane-na-predaj-3-izbovy-byt-s-balkonom-dubnica-nad-vahom","imagesUrls":["https://img.nehnutelnosti.sk/foto/NjAweDMzOC9maWx0ZXJzOnF1YWxpdHkoMTAwKS9uZWg=/RLbalxoME_fss?st=4LW4ge_WZbhgEL91OhQ1KB-eoEixFoDhAcueiU3B-ow&ts=1718782115&e=0"]},{"title":"REZERVOVANÉ | Garsónka po rekonštrukcii, veľká lodžia, TN – L. Novomeského.","address":"L. Novomeského, Trenčín, okres Trenčín","rooms":null,"meters":28,"totalPrice":75000,"meterSquarePrice":7,"link":"https://www.nehnutelnosti.sk/detail/JuwaAYkXTYe/rezervovane-garsonka-po-rekonstrukcii-velka-lodzia-tn-l-novomeskeho","imagesUrls":["https://img.nehnutelnosti.sk/foto/NjAweDMzOC9maWx0ZXJzOnF1YWxpdHkoMTAwKS9uZWg=/d5XeDBn7y_fss?st=W5SOK2YrlkyzCaS8_MwQpx90ebKKlhofaH19RDR-4k4&ts=1714375474&e=0"]},{"title":"REZERVOVANÉ| 2 izbový byt 50 m2+balkón 8,5 m2 - Rezidencia Kožušnícka byt D13","address":"Kožušnícka, Trenčín, okres Trenčín","rooms":2,"meters":50,"totalPrice":112365,"meterSquarePrice":0,"link":"https://www.nehnutelnosti.sk/detail/JunT513-2z_/rezervovane-2-izbovy-byt-50-m2-balkon-8-5-m2-rezidencia-kozusnicka-byt-d13","imagesUrls":["https://img.nehnutelnosti.sk/foto/NjAweDMzOC9maWx0ZXJzOnF1YWxpdHkoMTAwKS9uZWg=/ikMhI3GsR_fss?st=e2GiBLe4PQFL3lg7k7l5DhXM5bJbk88qELkVa7rzXDA&ts=1649246429&e=0"]},{"title":"2-izbový  byt, Horné Srnie","address":"Za kostolom, Horné Srnie, okres Trenčín","rooms":2,"meters":56,"totalPrice":null,"meterSquarePrice":null,"link":"https://www.nehnutelnosti.sk/detail/Ju_-xmRxjoI/2-izbovy-byt-horne-srnie","imagesUrls":["https://img.nehnutelnosti.sk/foto/NjAweDMzOC9maWx0ZXJzOnF1YWxpdHkoMTAwKS9uZWg=/D6mSwS3mG_fss?st=lAXky27juNZcIAu-ZW9m0fVYFdND2qCKzisL-1LGFyM&ts=1709996991&e=0"]},{"title":"REZERVOVANÉ | 2 izbový byt 47,82 m2 + balkón 11 m2 - Rezidencia Kožušnícka byt D19 - 3.NP","address":"Kožušnícka, Trenčín, okres Trenčín","rooms":2,"meters":47,"totalPrice":108551,"meterSquarePrice":9,"link":"https://www.nehnutelnosti.sk/detail/Ju99bzt3ucs/rezervovane-2-izbovy-byt-47-82-m2-balkon-11-m2-rezidencia-kozusnicka-byt-d19-3-np","imagesUrls":["https://img.nehnutelnosti.sk/foto/NjAweDMzOC9maWx0ZXJzOnF1YWxpdHkoMTAwKS9uZWg=/T-mYoI7n9_fss?st=GigkxyV8niuVok7kj2jfd-bP5U_to1X7Qb5QmoAwNtM&ts=1710424126&e=0"]},{"title":"REZERVOVANÉ | 2 izbový byt 50 m2 + balkón 8,5 m2 -Rezidencia Kožušnícka byt D20-3.NP","address":"Kožušnícka, Trenčín, okres Trenčín","rooms":2,"meters":50,"totalPrice":112365,"meterSquarePrice":0,"link":"https://www.nehnutelnosti.sk/detail/JupyRtINWbW6/rezervovane-2-izbovy-byt-50-m2-balkon-8-5-m2-rezidencia-kozusnicka-byt-d20-3-np","imagesUrls":["https://img.nehnutelnosti.sk/foto/NjAweDMzOC9maWx0ZXJzOnF1YWxpdHkoMTAwKS9uZWg=/ErYHFt4kh_fss?st=3uTyXNyIhP5uHNJetmpV_3sZ7HGXbxW9vbjGJY3Ea1g&ts=1710424126&e=0"]},{"title":"NA PREDAJ | 2 IZBOVÝ BYT V TICHEJ LOKALITE ul. Ľ Stárka – TRENČÍN","address":"Ľudovíta Stárka, Trenčín, okres Trenčín","rooms":2,"meters":57,"totalPrice":135000,"meterSquarePrice":2,"link":"https://www.nehnutelnosti.sk/detail/Juq0_siCKKD/na-predaj-2-izbovy-byt-v-tichej-lokalite-ul-l-starka-trencin","imagesUrls":["https://img.nehnutelnosti.sk/foto/NjAweDMzOC9maWx0ZXJzOnF1YWxpdHkoMTAwKS9uZWg=/ttmpOoTE-f_fss?st=ZtZELB1tLvWhvpFEFjAJyWvSKxsD6T5XkpAcNqLO-34&ts=1725012188&e=0"]},{"title":"REZERVOVANÉ | 2 izbový byt s balkónom, 58m2, Karpatská – Noviny TN","address":"Karpatská, Trenčín, okres Trenčín","rooms":2,"meters":58,"totalPrice":119500,"meterSquarePrice":4,"link":"https://www.nehnutelnosti.sk/detail/JuOeLh_nlSl/rezervovane-2-izbovy-byt-s-balkonom-58m2-karpatska-noviny-tn","imagesUrls":["https://img.nehnutelnosti.sk/foto/NjAweDMzOC9maWx0ZXJzOnF1YWxpdHkoMTAwKS9uZWg=/Y8fDjo0aQ_fss?st=o2YhYeXAjcdhmMC0pDj2zK_R4ThaWHEA43xCvuMoBKo&ts=1726414380&e=0"]},{"title":"REZERVOVANÉ | 2 izbový byt 50 m2+balkón 11 m2 - Rezidencia Kožušnícka byt D23-4.NP","address":"Kožušnícka, Trenčín, okres Trenčín","rooms":2,"meters":50,"totalPrice":113046,"meterSquarePrice":2,"link":"https://www.nehnutelnosti.sk/detail/Ju4A52Teyx8/rezervovane-2-izbovy-byt-50-m2-balkon-11-m2-rezidencia-kozusnicka-byt-d23-4-np","imagesUrls":["https://img.nehnutelnosti.sk/foto/NjAweDMzOC9maWx0ZXJzOnF1YWxpdHkoMTAwKS9uZWg=/_x4ewO0hq_fss?st=Z11Z-bXmc54j5HWXgL6uaEEyiPS2rtALRzSPiQM4zeI&ts=1678375005&e=0"]},{"title":"REZERVOVANÉ | ÚTULNÝ 2-IZBOVÝ BYT V OBĽÚBENEJ ČASTI TRENČÍNA, SIHOŤ 1","address":"Nábrežná, Trenčín, okres Trenčín","rooms":2,"meters":49,"totalPrice":128000,"meterSquarePrice":4,"link":"https://www.nehnutelnosti.sk/detail/Ju_oZ8Rm-M7/rezervovane-utulny-2-izbovy-byt-v-oblubenej-casti-trencina-sihot-1","imagesUrls":["https://img.nehnutelnosti.sk/foto/NjAweDMzOC9maWx0ZXJzOnF1YWxpdHkoMTAwKS9uZWg=/EoRERXthz0_fss?st=E5r9Y0EYb2U3pxcQdfwrEit8a5hLLCClRSYQZnysV-Y&ts=1724328369&e=0"]},{"title":"REZERVOVANÉ | Priestranný 4-izbový byt po kompletnej rekonštrukcii v Dubnici nad Váhom","address":"Pod kaštieľom, Dubnica nad Váhom, okres Ilava","rooms":4,"meters":83,"totalPrice":145600,"meterSquarePrice":2,"link":"https://www.nehnutelnosti.sk/detail/Ju38ofAiqfo/rezervovane-priestranny-4-izbovy-byt-po-kompletnej-rekonstrukcii-v-dubnici-nad-vahom","imagesUrls":["https://img.nehnutelnosti.sk/foto/NjAweDMzOC9maWx0ZXJzOnF1YWxpdHkoMTAwKS9uZWg=/eSpLjjU3gG_fss?st=jESbz3C6VTEx59kOHTFZwy21Wd7qTUqYyFNN_PXivGc&ts=1722527396&e=0"]},{"title":"REZERVOVANÉ | 3 izbový byt s veľkým balkónom, po rekonštrukcii, Sihoť IV.","address":"I. Krasku, Trenčín, okres Trenčín","rooms":3,"meters":60,"totalPrice":128800,"meterSquarePrice":7,"link":"https://www.nehnutelnosti.sk/detail/JuicA17eyyU/rezervovane-3-izbovy-byt-s-velkym-balkonom-po-rekonstrukcii-sihot-iv","imagesUrls":["https://img.nehnutelnosti.sk/foto/NjAweDMzOC9maWx0ZXJzOnF1YWxpdHkoMTAwKS9uZWg=/dItyLtNk3_fss?st=RSK1YiFZUU_MF1tcL2dsoPYH-f_hwBHRIEr0MKiJj5A&ts=1721395314&e=0"]}]