[{"title":"3-IZB. BYT - BA, VRAKUŇA","address":"Hradská, Bratislava II - Vrakuňa, okres Bratislava","rooms":3,"meters":58,"totalPrice":239000,"meterSquarePrice":9,"link":"https://www.nehnutelnosti.sk/detail/JuJXNUVYfOZ/3-izb-byt-ba-vrakuna","imagesUrls":["https://img.nehnutelnosti.sk/foto/NjAweDMzOC9maWx0ZXJzOnF1YWxpdHkoMTAwKS9uZWg=/8bMzktUGpg_fss?st=YNZoDrBwoIT3QScF9xdklswvPZ8K0G_VhM8T8sWXx6A&ts=1724753377&e=0"]},{"title":"NA PREDAJ 3i byt 82 m2 / loggia","address":"Petzwalova 48, Nitra, okres Nitra","rooms":3,"meters":82,"totalPrice":134990,"meterSquarePrice":2,"link":"https://www.nehnutelnosti.sk/detail/Juv7JZ-uNME/na-predaj-3i-byt-82-m2-loggia","imagesUrls":["https://img.unitedclassifieds.sk/foto/NjAweDMzOC9maWx0ZXJzOnF1YWxpdHkoMTAwKS9qdWw=/2YPJ87AiM_fss?st=balShvwxdAPzJxoDu5VtMzCATnM-N8FPYe5qpOD_FC8&ts=1724753049&e=0"]},{"title":"HALO reality - Predaj, trojizbový byt Trenčín, Hodžova ul.","address":"Trenčín, okres Trenčín","rooms":3,"meters":61,"totalPrice":119900,"meterSquarePrice":7,"link":"https://www.nehnutelnosti.sk/detail/JuHFs_VIJTy/halo-reality-predaj-trojizbovy-byt-trencin-hodzova-ul","imagesUrls":["https://img.nehnutelnosti.sk/foto/NjAweDMzOC9maWx0ZXJzOnF1YWxpdHkoMTAwKS9uZWg=/XNEF5gQkD_fss?st=omrcqAAiqOLqRIsvCxm0s0qmC5BeCTwLSicl-b0pT60&ts=1719836569&e=0"]},{"title":"2-izbový byt vo výstavbe v projekte Slnečnice Nad mestom, Petržalka, BA","address":"Slnečnice, Bratislava V - Petržalka, okres Bratislava","rooms":2,"meters":69,"totalPrice":230112,"meterSquarePrice":3,"link":"https://www.nehnutelnosti.sk/detail/JuxA0cVamWN/2-izbovy-byt-vo-vystavbe-v-projekte-slnecnice-nad-mestom-petrzalka-ba","imagesUrls":["https://img.nehnutelnosti.sk/foto/NjAweDMzOC9maWx0ZXJzOnF1YWxpdHkoMTAwKS9uZWg=/azUbMESMNa_fss?st=BVIIz2uu49r_AObYM4XHPY8NNeaqZUUgn7o8Imo99_g&ts=1725882681&e=0"]},{"title":"GODDESS & ASSENZIO - EXKLUZÍVNE - PREDAJ  3-IZBOVÝ byt 67 m2 s LOGGIOU - ul.Jána Smreka - Devínska N","address":"Jána Smreka, Bratislava IV - Devínska Nová Ves, okres Bratislava","rooms":3,"meters":66,"totalPrice":197900,"meterSquarePrice":6,"link":"https://www.nehnutelnosti.sk/detail/JukZU-fre3e/goddess-assenzio-exkluzivne-predaj-3-izbovy-byt-67-m2-s-loggiou-ul-jana-smreka-devinska-n","imagesUrls":["https://img.nehnutelnosti.sk/foto/NjAweDMzOC9maWx0ZXJzOnF1YWxpdHkoMTAwKS9uZWg=/T8X6nV8u3Z_fss?st=Rpl_QNKy_Na5pnMcKMVyoBuRCNi5Apz497EUzHDxjfA&ts=1717192890&e=0"]},{"title":"4-izbový byt vo výstavbe v projekte Slnečnice Nad mestom, Petržalka, BA","address":"Slnečnice, Bratislava V - Petržalka, okres Bratislava","rooms":4,"meters":132,"totalPrice":446320,"meterSquarePrice":9,"link":"https://www.nehnutelnosti.sk/detail/Ju4M8Z4bMJY/4-izbovy-byt-vo-vystavbe-v-projekte-slnecnice-nad-mestom-petrzalka-ba","imagesUrls":["https://img.nehnutelnosti.sk/foto/NjAweDMzOC9maWx0ZXJzOnF1YWxpdHkoMTAwKS9uZWg=/CXsbiAjzW_fss?st=IVHq0d3bRE9k7awtQxI5hQ_i-fNe1-5jFOA9b18uFbE&ts=1725882703&e=0"]},{"title":"BÝVANIE V CENTRE | ÚTULNÝ JEDNOIZBOVÝ BYT S PRIESTRANNOU LOGGIOU | KOMÁRNO","address":"Komárno, Komárno, okres Komárno","rooms":1,"meters":41,"totalPrice":63000,"meterSquarePrice":9,"link":"https://www.nehnutelnosti.sk/detail/JukcAHXtnqD/byvanie-v-centre-utulny-jednoizbovy-byt-s-priestrannou-loggiou-komarno","imagesUrls":["https://img.unitedclassifieds.sk/foto/NjAweDMzOC9maWx0ZXJzOnF1YWxpdHkoMTAwKS9yc2Y=/ffH4vA-Ja_fss?st=zrw80sf09mhlB3Db6r6pwoXe3voyray5NUKtRgF2OpE&ts=1715821131&e=0"]},{"title":"4-IZB. BYT - BA, VRAKUŇA","address":"Hradská, Bratislava II - Vrakuňa, okres Bratislava","rooms":4,"meters":99,"totalPrice":299000,"meterSquarePrice":0,"link":"https://www.nehnutelnosti.sk/detail/JuHkesx8dCd/4-izb-byt-ba-vrakuna","imagesUrls":["https://img.nehnutelnosti.sk/foto/NjAweDMzOC9maWx0ZXJzOnF1YWxpdHkoMTAwKS9uZWg=/BZlk3C4Nj_fss?st=1gnxiG3nqGi4qohJMa_huhhj_W1AF9S1iSZKQH7pqIg&ts=1724752235&e=0"]},{"title":"4-IZB. BYT - BA, VRAKUŇA","address":"Hradská, Bratislava II - Vrakuňa, okres Bratislava","rooms":4,"meters":83,"totalPrice":299000,"meterSquarePrice":1,"link":"https://www.nehnutelnosti.sk/detail/JuVSWjhWZLn/4-izb-byt-ba-vrakuna","imagesUrls":["https://img.nehnutelnosti.sk/foto/NjAweDMzOC9maWx0ZXJzOnF1YWxpdHkoMTAwKS9uZWg=/cyumCV7WD_fss?st=0h1Eh7iawcEDdRAUggtSCDqg7dLjNgYug8AVWzpRVdo&ts=1724752237&e=0"]},{"title":"Predám komplet zariadený a zrekonštruovaný byt y","address":"Sitnianska, Banská Bystrica, okres Banská Bystrica","rooms":3,"meters":72,"totalPrice":200000,"meterSquarePrice":8,"link":"https://www.nehnutelnosti.sk/detail/Ju8qf1zT01b/predam-komplet-zariadeny-a-zrekonstruovany-byt-y","imagesUrls":["https://img.nehnutelnosti.sk/foto/NjAweDMzOC9maWx0ZXJzOnF1YWxpdHkoMTAwKS9uZWg=/43onMnWTX_fss?st=i0ISHiaDr4G4BQ6iWobYz5B5gxpQZGaycXz9Pa7OB40&ts=1724736268&e=0"]},{"title":"Nadštandardný 3-izbový byt s veľkou terasou SOHO Nové Zámky","address":"Nové Zámky, okres Nové Zámky","rooms":3,"meters":86,"totalPrice":280000,"meterSquarePrice":1,"link":"https://www.nehnutelnosti.sk/detail/JuWkj27L1jt/nadstandardny-3-izbovy-byt-s-velkou-terasou-soho-nove-zamky","imagesUrls":["https://img.nehnutelnosti.sk/foto/NjAweDMzOC9maWx0ZXJzOnF1YWxpdHkoMTAwKS9uZWg=/sH_ay8ntg_fss?st=GqzGneZAV1tWKww5u5Hua1yAXqRkjM4QfPGRq7f2V5A&ts=1724750701&e=0"]},{"title":"Predaj 2 izb. tehlového bytu v Šamoríne, Školská ul.","address":"Školská, Šamorín, okres Dunajská Streda","rooms":2,"meters":52,"totalPrice":113000,"meterSquarePrice":8,"link":"https://www.nehnutelnosti.sk/detail/JutFIKhTHsT/predaj-2-izb-tehloveho-bytu-v-samorine-skolska-ul","imagesUrls":["https://img.nehnutelnosti.sk/foto/NjAweDMzOC9maWx0ZXJzOnF1YWxpdHkoMTAwKS9uZWg=/v8GaNejOED_fss?st=lsZ8-emQumAhhQwxJkH0JQpTdCNwQO34h0GHv645o_c&ts=1724750008&e=0"]},{"title":"SÚRNE KÚPIME 4 IZBOVÝ BYT IBA V TRNAVE.","address":"Trnava, okres Trnava","rooms":4,"meters":75,"totalPrice":1,"meterSquarePrice":1,"link":"https://www.nehnutelnosti.sk/detail/JupiIt8Z7UG/surne-kupime-4-izbovy-byt-iba-v-trnave","imagesUrls":["https://img.unitedclassifieds.sk/foto/NjAweDMzOC9maWx0ZXJzOnF1YWxpdHkoMTAwKS9qdWw=/x2_k__kgH_fss?st=oh8NfkTORzfhx7GyHlP79xGCqZ7PR8avyVM0qGISF2s&ts=1724744023&e=0"]},{"title":"SÚRNE KÚPIME 2 IZBOVÝ BYT IBA V TRNAVE.","address":"Trnava, okres Trnava","rooms":2,"meters":45,"totalPrice":1,"meterSquarePrice":2,"link":"https://www.nehnutelnosti.sk/detail/Juz-p4IzAbp/surne-kupime-2-izbovy-byt-iba-v-trnave","imagesUrls":["https://img.unitedclassifieds.sk/foto/NjAweDMzOC9maWx0ZXJzOnF1YWxpdHkoMTAwKS9qdWw=/TYi8XYsXW_fss?st=Vqf_XBCFbQKVperDiInFuHu26VOJqyn-8b_TvUr_T4g&ts=1724743317&e=0"]},{"title":"SÚRNE KÚPIME 1 IZBOVÝ BYT IBA V TRNAVE.","address":"Trnava, okres Trnava","rooms":1,"meters":30,"totalPrice":1,"meterSquarePrice":3,"link":"https://www.nehnutelnosti.sk/detail/JuHmwq9THZx/surne-kupime-1-izbovy-byt-iba-v-trnave","imagesUrls":["https://img.unitedclassifieds.sk/foto/NjAweDMzOC9maWx0ZXJzOnF1YWxpdHkoMTAwKS9qdWw=/GuAYVC3yK_fss?st=lQX1_ndYsECp91hVKbcLGatxpHZo3S47_RNZ9vHszho&ts=1724742815&e=0"]},{"title":"Svetlý príjemný 3 + KK byt s veľkou murovanou pivnicou, v tichej lokalite","address":"Skalická cesta, Bratislava III - Nové Mesto, okres Bratislava","rooms":3,"meters":59,"totalPrice":184900,"meterSquarePrice":0,"link":"https://www.nehnutelnosti.sk/detail/Ju63uDv7tPr/svetly-prijemny-3-kk-byt-s-velkou-murovanou-pivnicou-v-tichej-lokalite","imagesUrls":["https://img.nehnutelnosti.sk/foto/NjAweDMzOC9maWx0ZXJzOnF1YWxpdHkoMTAwKS9uZWg=/4hrOzGxil_fss?st=MRdZH7FmSP3w7FBIYn_yvUm-Cq1mm1RJPLQnR2WhRyw&ts=1725526238&e=0"]},{"title":"SÚRNE KÚPIME GARSÓNKU IBA V TRNAVE.","address":"Trnava, okres Trnava","rooms":null,"meters":25,"totalPrice":1,"meterSquarePrice":4,"link":"https://www.nehnutelnosti.sk/detail/Juv-F8Y80CO/surne-kupime-garsonku-iba-v-trnave","imagesUrls":["https://img.unitedclassifieds.sk/foto/NjAweDMzOC9maWx0ZXJzOnF1YWxpdHkoMTAwKS9qdWw=/GRhaMyTXW_fss?st=sCAH5lRlQ_jloxHLRP4DS7IvehDyQ2-QKs6tGkhS4YQ&ts=1724742217&e=0"]},{"title":"2-izb. byt v centre obce Dunajská Lužná","address":"Úzka, Dunajská Lužná, okres Senec","rooms":2,"meters":58,"totalPrice":170000,"meterSquarePrice":3,"link":"https://www.nehnutelnosti.sk/detail/Jucjzf9FRuI/2-izb-byt-v-centre-obce-dunajska-luzna","imagesUrls":["https://img.nehnutelnosti.sk/foto/NjAweDMzOC9maWx0ZXJzOnF1YWxpdHkoMTAwKS9uZWg=/zPPJynyMak_fss?st=M_aTHxqjm2hLlUvzqGdf6wg7BOIcThTabnOV1wLHVQY&ts=1725017627&e=0"]},{"title":"Na predaj trojizbový byt v PLATO Levice","address":"Levice, okres Levice","rooms":3,"meters":65,"totalPrice":185000,"meterSquarePrice":8,"link":"https://www.nehnutelnosti.sk/detail/JuCjSwB0zBk/na-predaj-trojizbovy-byt-v-plato-levice","imagesUrls":["https://img.nehnutelnosti.sk/foto/NjAweDMzOC9maWx0ZXJzOnF1YWxpdHkoMTAwKS9uZWg=/vubCaXJpk_fss?st=A3g5nZzE1FQ_oNoNKg3B2g7xjaNtLkACwZomE28YS8U&ts=1662544150&e=0"]},{"title":"GAMA R&F | ZNÍŽENÁ CENA 2-izbový byt","address":"Bytča, okres Bytča","rooms":2,"meters":60,"totalPrice":122800,"meterSquarePrice":7,"link":"https://www.nehnutelnosti.sk/detail/JuKIDqP17oU/gama-rf-znizena-cena-2-izbovy-byt","imagesUrls":["https://img.nehnutelnosti.sk/foto/NjAweDMzOC9maWx0ZXJzOnF1YWxpdHkoMTAwKS9uZWg=/HhcnHhSg7_fss?st=msXWnP2sq6bJM3RK0GCf9wAd5RIY_WHYdesoFOQ1DUU&ts=1684258251&e=0"]},{"title":"FINREA │Predaj 1 izbový byt (30m2) Vrútky - Centrum","address":"Vrútky, okres Martin","rooms":1,"meters":30,"totalPrice":63500,"meterSquarePrice":7,"link":"https://www.nehnutelnosti.sk/detail/JuskuxShDlm/finrea-predaj-1-izbovy-byt-30m2-vrutky-centrum","imagesUrls":["https://img.nehnutelnosti.sk/foto/NjAweDMzOC9maWx0ZXJzOnF1YWxpdHkoMTAwKS9uZWg=/w-QeosT12_fss?st=CjHi1mRHk5HKXTiICgMLfaSbTXFBr3tH0VCzj6pqWV4&ts=1718278237&e=0"]},{"title":"Na predaj 3-izbový byt s balkónom v meste Nové Zámky","address":"Ľ. Štúra, Nové Zámky, okres Nové Zámky","rooms":3,"meters":82,"totalPrice":129900,"meterSquarePrice":5,"link":"https://www.nehnutelnosti.sk/detail/JuGIp7WdGdl/na-predaj-3-izbovy-byt-s-balkonom-v-meste-nove-zamky","imagesUrls":["https://img.nehnutelnosti.sk/foto/NjAweDMzOC9maWx0ZXJzOnF1YWxpdHkoMTAwKS9uZWg=/Nrz3tIUPt_fss?st=T4_24ysGzLECNOv4TFnHc92FNaejACdTgvLhc4-vjOE&ts=1722034964&e=0"]},{"title":"Velký 78m² troj izbový byt s lodžiou","address":"Šoltésovej, Nové Zámky, okres Nové Zámky","rooms":3,"meters":78,"totalPrice":112000,"meterSquarePrice":8,"link":"https://www.nehnutelnosti.sk/detail/JucQJseiLz4/velky-78m-troj-izbovy-byt-s-lodziou","imagesUrls":["https://img.nehnutelnosti.sk/foto/NjAweDMzOC9maWx0ZXJzOnF1YWxpdHkoMTAwKS9uZWg=/DOiaDbttF_fss?st=H5A2lT-8hu8d393Sd3odF49iJWkB14VqS7_QJw53LZQ&ts=1717607358&e=0"]},{"title":"Predaj 3,5 izbový byt, čerstvá kompletná rekonštrukcia, Klokočina, balkón","address":"Nitra, okres Nitra","rooms":3,"meters":74,"totalPrice":164000,"meterSquarePrice":2,"link":"https://www.nehnutelnosti.sk/detail/JuPjvF6NnAH/predaj-3-5-izbovy-byt-cerstva-kompletna-rekonstrukcia-klokocina-balkon","imagesUrls":["https://img.nehnutelnosti.sk/foto/NjAweDMzOC9maWx0ZXJzOnF1YWxpdHkoMTAwKS9uZWg=/Oh9Gdhrod_fss?st=uWp3JOxoE1GOFHjw2JCq8JLysx8XJPJtiiOoLsn6k0k&ts=1725294506&e=0"]},{"title":"MAKRO REALITY - 3 izbový byt, Lučenec, centrum ID 2194","address":"Štvrt M. R. Štefánika, Lučenec, okres Lučenec","rooms":3,"meters":74,"totalPrice":115000,"meterSquarePrice":5,"link":"https://www.nehnutelnosti.sk/detail/JuCQsCFt7qU/makro-reality-3-izbovy-byt-lucenec-centrum-id-2194","imagesUrls":["https://img.nehnutelnosti.sk/foto/NjAweDMzOC9maWx0ZXJzOnF1YWxpdHkoMTAwKS9uZWg=/9-TYN1313_fss?st=Xbf8opetCWh8IqRdwHu9P5r46Z7FX3pM2S_23rDXBaU&ts=1683272840&e=0"]},{"title":"REZERVOVANÉ  T.G. Masaryka, ideálne 4. p., 3-izb byt, 72 m2, sev/juh","address":"T.G. Masaryka, Trebišov, okres Trebišov","rooms":3,"meters":72,"totalPrice":98000,"meterSquarePrice":1,"link":"https://www.nehnutelnosti.sk/detail/Ju-X_VFKrYN/rezervovane-t-g-masaryka-idealne-4-p-3-izb-byt-72-m2-sev-juh","imagesUrls":["https://img.nehnutelnosti.sk/foto/NjAweDMzOC9maWx0ZXJzOnF1YWxpdHkoMTAwKS9uZWg=/e-sZ-uz9bP_fss?st=hCKjHFhnndCubVlbEUE0tWd7j1ATFwiuaZsSHzUXdz8&ts=1718916362&e=0"]},{"title":"na predaj garsónka, Zd.Nejedlého, Levice","address":"Zd.Nejedlého, Levice, okres Levice","rooms":null,"meters":24,"totalPrice":58000,"meterSquarePrice":7,"link":"https://www.nehnutelnosti.sk/detail/Ju9QJteQFVa/na-predaj-garsonka-zd-nejedleho-levice","imagesUrls":["https://img.nehnutelnosti.sk/foto/NjAweDMzOC9maWx0ZXJzOnF1YWxpdHkoMTAwKS9uZWg=/2Yz8ZWiou_fss?st=ELQ9ZLBX5zDzemH0tK6C_pDR5Uqs9bPqBVpGqhX6NQA&ts=1716922309&e=0"]},{"title":"Zariadený a zrekonštruovaný 3iz // Nitrianska ul.","address":"Nitrianska, Šaľa, okres Šaľa","rooms":3,"meters":62,"totalPrice":99000,"meterSquarePrice":7,"link":"https://www.nehnutelnosti.sk/detail/JuDvosRdL6l/zariadeny-a-zrekonstruovany-3iz-nitrianska-ul","imagesUrls":["https://img.nehnutelnosti.sk/foto/NjAweDMzOC9maWx0ZXJzOnF1YWxpdHkoMTAwKS9uZWg=/T6YWTsPxF_fss?st=xuJnW3XdO3AV9Nrby1X18-CQ6wWz66IiSdSEeU2WFDc&ts=1723835955&e=0"]},{"title":"3 izbový byt s loggiou  Aténska ulica,  70 m2, Košice - Sídlisko Ťahanovce","address":"Aténska, Košice I - Sídlisko Ťahanovce, okres Košice","rooms":3,"meters":70,"totalPrice":155000,"meterSquarePrice":9,"link":"https://www.nehnutelnosti.sk/detail/JuXhTemiwTv/3-izbovy-byt-s-loggiou-atenska-ulica-70-m2-kosice-sidlisko-tahanovce","imagesUrls":["https://img.unitedclassifieds.sk/foto/NjAweDMzOC9maWx0ZXJzOnF1YWxpdHkoMTAwKS9qdWw=/Vc5xmAmer_fss?st=t-Dz2hp1ME3JKi1GflCKgsq7JwAlnRUep53p_9ppsqY&ts=1724693302&e=0"]},{"title":"Na predaj 3 izbový byt 70m2 v štvorbytovke s garážou - Bardoňovo","address":"Bardoňovo, okres Nové Zámky","rooms":3,"meters":70,"totalPrice":58900,"meterSquarePrice":3,"link":"https://www.nehnutelnosti.sk/detail/Ju-7cgNkJCT/na-predaj-3-izbovy-byt-70m2-v-stvorbytovke-s-garazou-bardonovo","imagesUrls":["https://img.nehnutelnosti.sk/foto/NjAweDMzOC9maWx0ZXJzOnF1YWxpdHkoMTAwKS9uZWg=/hZ7RNTcIvY_fss?st=BzGYSODoGBAmA5VemmUojwJaECv18z0nS7PPjHwD3As&ts=1702097537&e=0"]}]