[{"title":"ALL INCLUSIVE | ZNÍŽENÁ CENA | EXKLUZÍVNE NA PREDAJ VEĽKOMETRÁŽNY 3 IZBOVÝ BYT S BALKÓNOM (86 M2) V","address":"Pannónsky háj, Dunajská Streda, okres Dunajská Streda","rooms":3,"meters":86,"totalPrice":133000,"meterSquarePrice":1,"link":"https://www.nehnutelnosti.sk/detail/Juxq0BguPyS/all-inclusive-znizena-cena-exkluzivne-na-predaj-velkometrazny-3-izbovy-byt-s-balkonom-86-m2-v","imagesUrls":["https://img.nehnutelnosti.sk/foto/NjAweDMzOC9maWx0ZXJzOnF1YWxpdHkoMTAwKS9uZWg=/OyYx6Eb-W_fss?st=mrkQ6b-UsootPslg7_0B7-SBV0KTdj-NODCuSevrMW0&ts=1722069062&e=0"]},{"title":"ALL INCLUSIVE | NA PREDAJ VEĽKOMETRÁŽNY 3 IZBOVÝ BYT BALKÓNOM, DUNAJSKÁ STREDA","address":"Priemyselná, Dunajská Streda, okres Dunajská Streda","rooms":3,"meters":107,"totalPrice":140000,"meterSquarePrice":1,"link":"https://www.nehnutelnosti.sk/detail/JuPNR8VcKFX/all-inclusive-na-predaj-velkometrazny-3-izbovy-byt-balkonom-dunajska-streda","imagesUrls":["https://img.nehnutelnosti.sk/foto/NjAweDMzOC9maWx0ZXJzOnF1YWxpdHkoMTAwKS9uZWg=/B-j7aCqPYR_fss?st=AhJH9B7cxGW_teNB1nSPJgB5SRFamG7J93d5_qOlSUs&ts=1717523267&e=0"]},{"title":"ALL INCLUSIVE | NA PREDAJ NÍZKOENERGETICKÝ VEĽKOMETRÁŽNY 3 IZBOVÝ BYT S BALKÓNOM, DUNAJSKÁ STREDA","address":"Záhradnícka, Dunajská Streda, okres Dunajská Streda","rooms":3,"meters":82,"totalPrice":134000,"meterSquarePrice":5,"link":"https://www.nehnutelnosti.sk/detail/JurHygtCVXc/all-inclusive-na-predaj-nizkoenergeticky-velkometrazny-3-izbovy-byt-s-balkonom-dunajska-streda","imagesUrls":["https://img.nehnutelnosti.sk/foto/NjAweDMzOC9maWx0ZXJzOnF1YWxpdHkoMTAwKS9uZWg=/6ujs62RKwJ_fss?st=nJtkMAIL0uGdIpS8ZLKL5WbsR0-Vp5MdhIh63IMiZkI&ts=1716377090&e=0"]},{"title":"ALL INCLUSIVE | PREDANÉ | KVALITNÁ REKONŠTRUKCIA – 3 IZBOVÝ BYT S BALKÓNOM, 81M2 NA PREDAJ, DUNAJSKÁ","address":"Dunajská Streda, okres Dunajská Streda","rooms":3,"meters":81,"totalPrice":113000,"meterSquarePrice":6,"link":"https://www.nehnutelnosti.sk/detail/Ju-A-Mhtrl2/all-inclusive-predane-kvalitna-rekonstrukcia-3-izbovy-byt-s-balkonom-81m2-na-predaj-dunajska","imagesUrls":["https://img.nehnutelnosti.sk/foto/NjAweDMzOC9maWx0ZXJzOnF1YWxpdHkoMTAwKS9uZWg=/H1pNzHQOs_fss?st=Blvnt5uHOFrAIiUH98AKVsendYeoxZXURAwdu-cLEI8&ts=1702297213&e=0"]},{"title":"ALL INCLUSIVE | EXKLUZÍVNE NA PREDAJ VEĽKOMETRÁŽNY 3 IZBOVÝ BYT BALKÓNOM, DUNAJSKÁ STREDA","address":"Jantárova cesta, Dunajská Streda, okres Dunajská Streda","rooms":3,"meters":74,"totalPrice":128000,"meterSquarePrice":3,"link":"https://www.nehnutelnosti.sk/detail/JuQrZNascRA/all-inclusive-exkluzivne-na-predaj-velkometrazny-3-izbovy-byt-balkonom-dunajska-streda","imagesUrls":["https://img.nehnutelnosti.sk/foto/NjAweDMzOC9maWx0ZXJzOnF1YWxpdHkoMTAwKS9uZWg=/Rb1oDPa88_fss?st=Zz-_H-X-2OKqzy7KHyJKfADOwzLVqkQIP-W7TpUtO7c&ts=1705682833&e=0"]},{"title":"ALL  INCLUSIVE  REAL  / PERFEKTNÝ 2 IZBOVÝ  BYT  58 M2  ESTERHÁZY-  BYTY  GALANTA","address":"Esterhazy, Galanta, okres Galanta","rooms":2,"meters":58,"totalPrice":114900,"meterSquarePrice":3,"link":"https://www.nehnutelnosti.sk/detail/JuGP2soKrDv/all-inclusive-real-perfektny-2-izbovy-byt-58-m2-esterhazy-byty-galanta","imagesUrls":["https://img.nehnutelnosti.sk/foto/NjAweDMzOC9maWx0ZXJzOnF1YWxpdHkoMTAwKS9uZWg=/LjGMVirfW_fss?st=NQG-Ccmci09TJg-UjRn41WQodSXdoOPpaa51GJ4iBC8&ts=1705941664&e=0"]},{"title":"ALL INCLUSIVE | NA PREDAJ 4 IZBOVÝ BYT S BALKÓNOM V DUNAJSKEJ STREDE","address":"Smetanov Háj, Dunajská Streda, okres Dunajská Streda","rooms":4,"meters":81,"totalPrice":117000,"meterSquarePrice":4,"link":"https://www.nehnutelnosti.sk/detail/JuBpvH3arxc/all-inclusive-na-predaj-4-izbovy-byt-s-balkonom-v-dunajskej-strede","imagesUrls":["https://img.nehnutelnosti.sk/foto/NjAweDMzOC9maWx0ZXJzOnF1YWxpdHkoMTAwKS9uZWg=/rCjVk7vjV_fss?st=v-rII_aBoi_NE1ShroRxefyqWoayh1boS5iExNjensQ&ts=1710409303&e=0"]},{"title":"ALL INCLUSIVE | NA PREDAJ 3 IZBOVÝ BYT S BALKÓNOM V CENTRE MESTA DUNAJSKÁ STREDA","address":"Jilemnického, Dunajská Streda, okres Dunajská Streda","rooms":3,"meters":67,"totalPrice":133000,"meterSquarePrice":7,"link":"https://www.nehnutelnosti.sk/detail/JuLPEVPd2pd/all-inclusive-na-predaj-3-izbovy-byt-s-balkonom-v-centre-mesta-dunajska-streda","imagesUrls":["https://img.nehnutelnosti.sk/foto/NjAweDMzOC9maWx0ZXJzOnF1YWxpdHkoMTAwKS9uZWg=/d3Bv4-qkl_fss?st=gvJyf9S0aOSvm99gglYOwSbcbPs3QsgzQD5i-_IIhEM&ts=1716375703&e=0"]},{"title":"ALL INCLUSIVE | NA PREDAJ – DUNAJSKÁ STREDA, 3 IZBOVÝ BYT S BALKÓNOM 75M2","address":"Nová Ves, Dunajská Streda, okres Dunajská Streda","rooms":3,"meters":75,"totalPrice":115000,"meterSquarePrice":3,"link":"https://www.nehnutelnosti.sk/detail/JuVl3DRnlMz/all-inclusive-na-predaj-dunajska-streda-3-izbovy-byt-s-balkonom-75m2","imagesUrls":["https://img.nehnutelnosti.sk/foto/NjAweDMzOC9maWx0ZXJzOnF1YWxpdHkoMTAwKS9uZWg=/rVDP55VrO_fss?st=QMuIUiEbUtgj6qsD1IEZ_KEw4zH5ppSGD1p3K2SReKk&ts=1716811322&e=0"]},{"title":"ALL INCLUSIVE | NA PREDAJ VEĽKOMETRÁŽNY 3 IZBOVÝ BYT S PIVNICOU, DUNAJSKÁ STREDA","address":"Boriny, Dunajská Streda, okres Dunajská Streda","rooms":3,"meters":80,"totalPrice":95000,"meterSquarePrice":0,"link":"https://www.nehnutelnosti.sk/detail/JuGqzYXDxXF/all-inclusive-na-predaj-velkometrazny-3-izbovy-byt-s-pivnicou-dunajska-streda","imagesUrls":["https://img.nehnutelnosti.sk/foto/NjAweDMzOC9maWx0ZXJzOnF1YWxpdHkoMTAwKS9uZWg=/KwPcK89HN_fss?st=dsZG_XMhrqQAEaAnkFbqUmP_gJHWk8zY0nY9h3K3k7U&ts=1696840565&e=0"]},{"title":"ALL INCLUSIVE | EXKLUZÍVNE NA PREDAJ 3 IZBOVÝ BYT S BALKÓNOM I DUNAJSKÁ STREDA","address":"Rybný trh, Dunajská Streda, okres Dunajská Streda","rooms":3,"meters":66,"totalPrice":108000,"meterSquarePrice":6,"link":"https://www.nehnutelnosti.sk/detail/JuvED9LV_a4/all-inclusive-exkluzivne-na-predaj-3-izbovy-byt-s-balkonom-i-dunajska-streda","imagesUrls":["https://img.nehnutelnosti.sk/foto/NjAweDMzOC9maWx0ZXJzOnF1YWxpdHkoMTAwKS9uZWg=/Ottlu1I5w_fss?st=AJnuTmVHBnlJd7C7S5XVKElJtsYcy0V7wRkc5jzP5Ts&ts=1714674825&e=0"]},{"title":"!!ZNÍŽENÁ CENA!! ALL INCLUSIVE | NA PREDAJ TROJIZBOVÉ BYTY V ŠTVORBYTOVKE – NOVOSTAVBA – V BLÍZKOSTI","address":"Trstená na Ostrove, okres Dunajská Streda","rooms":3,"meters":85,"totalPrice":132900,"meterSquarePrice":3,"link":"https://www.nehnutelnosti.sk/detail/JuMk6KLlmpx/znizena-cena-all-inclusive-na-predaj-trojizbove-byty-v-stvorbytovke-novostavba-v-blizkosti","imagesUrls":["https://img.nehnutelnosti.sk/foto/NjAweDMzOC9maWx0ZXJzOnF1YWxpdHkoMTAwKS9uZWg=/jVD7DmQCx_fss?st=QOhPOosb5ryOzhNHQcNSfVMVs8gGHpV5KZr3fh4TbUw&ts=1704896994&e=0"]},{"title":"!!ZNÍŽENÁ CENA!! ALL INCLUSIVE | NA PREDAJ TROJIZBOVÉ BYTY V ŠTVORBYTOVKE – NOVOSTAVBA – V BLÍZKOSTI","address":"Trstená na Ostrove, okres Dunajská Streda","rooms":3,"meters":83,"totalPrice":107900,"meterSquarePrice":0,"link":"https://www.nehnutelnosti.sk/detail/JuO4KU8EnsY/znizena-cena-all-inclusive-na-predaj-trojizbove-byty-v-stvorbytovke-novostavba-v-blizkosti","imagesUrls":["https://img.nehnutelnosti.sk/foto/NjAweDMzOC9maWx0ZXJzOnF1YWxpdHkoMTAwKS9uZWg=/YcYc0tw_m_fss?st=Z80S-joMJxFjZzAhWaZ2I1szVRKd4eds5rYKjGd9Up0&ts=1691143370&e=0"]},{"title":"PREDANÉ | ALL INCLUSIVE | NA PREDAJ 3 IZBOVÝ BYT S BALKÓNOM V DUNAJSKEJ STREDE","address":"Námestie priateľstva, Dunajská Streda, okres Dunajská Streda","rooms":3,"meters":63,"totalPrice":null,"meterSquarePrice":null,"link":"https://www.nehnutelnosti.sk/detail/Jucu4RjY-qy/predane-all-inclusive-na-predaj-3-izbovy-byt-s-balkonom-v-dunajskej-strede","imagesUrls":["https://img.nehnutelnosti.sk/foto/NjAweDMzOC9maWx0ZXJzOnF1YWxpdHkoMTAwKS9uZWg=/FxufKmyqy_fss?st=C0Lhz0pUSaCiG5UEKtgnpHr6K2nM_4M9y7s_ZuCEyr0&ts=1718193710&e=0"]},{"title":"ALL INCLUSIVE | NA PREDAJ 3 IZBOVÉ BYTY V OBCI JANÍKY","address":"Janíky, Janíky, okres Dunajská Streda","rooms":3,"meters":75,"totalPrice":150000,"meterSquarePrice":0,"link":"https://www.nehnutelnosti.sk/detail/JucE1Qboc3u/all-inclusive-na-predaj-3-izbove-byty-v-obci-janiky","imagesUrls":["https://img.nehnutelnosti.sk/foto/NjAweDMzOC9maWx0ZXJzOnF1YWxpdHkoMTAwKS9uZWg=/kba7n7OB4_fss?st=bKeoe4BZCptw8QzkJhl-EFo6XUsX2DlNlu9Oa4ovrto&ts=1690807058&e=0"]},{"title":"!ZNÍŽENÁ CENA!! ALL INCLUSIVE | ZREKONŠTRUOVANÝ 3 IZBOVÝ BYT S BALKÓNOM A GARÁŽOU V OBCI DOLNÝ ŠTÁL","address":"Dolný Štál, Dolný Štál, okres Dunajská Streda","rooms":3,"meters":84,"totalPrice":111000,"meterSquarePrice":3,"link":"https://www.nehnutelnosti.sk/detail/JupiMBkrSpO/znizena-cena-all-inclusive-zrekonstruovany-3-izbovy-byt-s-balkonom-a-garazou-v-obci-dolny-stal","imagesUrls":["https://img.nehnutelnosti.sk/foto/NjAweDMzOC9maWx0ZXJzOnF1YWxpdHkoMTAwKS9uZWg=/9OFF_m1Az_fss?st=HyooITzwaY7XDeReLRXFIiFfWyoQWkj3P0jRtEsrfa0&ts=1716457577&e=0"]},{"title":"DIRECTREAL|Veľkometrážny tehlový 3i byt v Kostolnej","address":"Kostolná- Záriečie, Kostolná - Záriečie, okres Trenčín","rooms":3,"meters":103,"totalPrice":115000,"meterSquarePrice":0,"link":"https://www.nehnutelnosti.sk/detail/JudBA4WTV1l/directreal-velkometrazny-tehlovy-3i-byt-v-kostolnej","imagesUrls":["https://img.nehnutelnosti.sk/foto/NjAweDMzOC9maWx0ZXJzOnF1YWxpdHkoMTAwKS9uZWg=/U5RLvzKjM_fss?st=Rm2KGtFneeDOzkDcsK7ojy7sO9IC7BGg9sOxUfjTHWQ&ts=1726477937&e=0"]},{"title":"DIRECTREAL|Veľkometrážny 2izbový tehlový byt so záhradkou","address":"Kostolná-Záriečie, Kostolná - Záriečie, okres Trenčín","rooms":2,"meters":103,"totalPrice":95000,"meterSquarePrice":3,"link":"https://www.nehnutelnosti.sk/detail/JuMiD_f4_ko/directreal-velkometrazny-2izbovy-tehlovy-byt-so-zahradkou","imagesUrls":["https://img.nehnutelnosti.sk/foto/NjAweDMzOC9maWx0ZXJzOnF1YWxpdHkoMTAwKS9uZWg=/5-M3XSoTG_fss?st=dG-eu54eNc1sU6ZcTr_hEfnplj_rwgoI2miL0mhooeE&ts=1726477932&e=0"]},{"title":"Predaj,3izb.byt s balkonom v Lučenci","address":"Rúbanisko III, Lučenec, okres Lučenec","rooms":3,"meters":72,"totalPrice":65000,"meterSquarePrice":8,"link":"https://www.nehnutelnosti.sk/detail/Ju2uUBihi7b/predaj-3izb-byt-s-balkonom-v-lucenci","imagesUrls":["https://img.nehnutelnosti.sk/foto/NjAweDMzOC9maWx0ZXJzOnF1YWxpdHkoMTAwKS9uZWg=/nTNsIsDrHw_fss?st=zIfKKMHLbjPjbzF_aDRuOMVmkuEQ3105fRE4An7ZDwc&ts=1726871662&e=0"]},{"title":"Predaj 3 izb. bytu na ulici SNP v Novom Meste nad Váhom","address":"Nové Mesto nad Váhom, okres Nové Mesto nad Váhom","rooms":3,"meters":67,"totalPrice":147900,"meterSquarePrice":3,"link":"https://www.nehnutelnosti.sk/detail/JuLBBi5B6Q5/predaj-3-izb-bytu-na-ulici-snp-v-novom-meste-nad-vahom","imagesUrls":["https://img.nehnutelnosti.sk/foto/NjAweDMzOC9maWx0ZXJzOnF1YWxpdHkoMTAwKS9uZWg=/IkysgrfSF_fss?st=5EAoI_EhctNNyuzb_DfIjycHYROUPVVe757Gc-0Y8_Q&ts=1726833706&e=0"]},{"title":"4-izbový radový rodinný dom č.13 vrátane štandardu, kuchynskej linky","address":"Trnava, Trnava, okres Trnava","rooms":3,"meters":80,"totalPrice":199900,"meterSquarePrice":5,"link":"https://www.nehnutelnosti.sk/detail/Ju36zEmZMrk/4-izbovy-radovy-rodinny-dom-c-13-vratane-standardu-kuchynskej-linky","imagesUrls":[]},{"title":"Predám 3-izbový byt","address":"Študentská, Snina, okres Snina","rooms":3,"meters":73,"totalPrice":72000,"meterSquarePrice":0,"link":"https://www.nehnutelnosti.sk/detail/JuFx6M-j4mt/predam-3-izbovy-byt","imagesUrls":["https://img.nehnutelnosti.sk/foto/NjAweDMzOC9maWx0ZXJzOnF1YWxpdHkoMTAwKS9uZWg=/R56Us8du7_fss?st=uoM9T3UrYi0wHsA8b5X7DZvIbI9kHgNdVO4jwSqgrd8&ts=1718702765&e=0"]},{"title":"Predám 3 izb. byt v mestskej časti Košice - POĽOV so záhradou a 2 parkovacími miestami","address":"Košice II - Poľov, okres Košice","rooms":3,"meters":81,"totalPrice":204990,"meterSquarePrice":4,"link":"https://www.nehnutelnosti.sk/detail/JuN0Vf31AJX/predam-3-izb-byt-v-mestskej-casti-kosice-polov-so-zahradou-a-2-parkovacimi-miestami","imagesUrls":["https://img.nehnutelnosti.sk/foto/NjAweDMzOC9maWx0ZXJzOnF1YWxpdHkoMTAwKS9uZWg=/hemMt_sqt_fss?st=V3nwT9cHO7Iu41jIem6LJxyRbvWa3oOsngszi7MKxFc&ts=1726477381&e=0"]},{"title":"Ponúkame na predaj 3 izbový byt na Martinčekovej ulici v Bratislave - mestská časť Ružinov.  Výmera","address":"martinčekova, Bratislava II - Ružinov, okres Bratislava","rooms":3,"meters":67,"totalPrice":null,"meterSquarePrice":null,"link":"https://www.nehnutelnosti.sk/detail/JuXchaFcKO_/ponukame-na-predaj-3-izbovy-byt-na-martincekovej-ulici-v-bratislave-mestska-cast-ruzinov-vymera","imagesUrls":["https://img.nehnutelnosti.sk/foto/NjAweDMzOC9maWx0ZXJzOnF1YWxpdHkoMTAwKS9uZWg=/LEcF4DQJo_fss?st=wCAqMZkL7q_Q2FnsL2sMjWA6iq26AxD6tSveGPDAkPE&ts=1726477374&e=0"]},{"title":"3 izbový byt na predaj v Trnave","address":"Saleziánska, Trnava, okres Trnava","rooms":3,"meters":66,"totalPrice":138000,"meterSquarePrice":1,"link":"https://www.nehnutelnosti.sk/detail/JuAd_ouWsvB/3-izbovy-byt-na-predaj-v-trnave","imagesUrls":["https://img.nehnutelnosti.sk/foto/NjAweDMzOC9maWx0ZXJzOnF1YWxpdHkoMTAwKS9uZWg=/P0lcGH_hv_fss?st=pBjItGLxqv-2EHp07SC4XjTR8ayVDTxx0ZIAY_bmY_U&ts=1726477372&e=0"]},{"title":"LUXUSNÝ 4 IZBOVÝ BYT S TERASOU A BAZÉNOM NA HRADNOM VRCHU","address":"Pod Bôrikom, Bratislava I - Staré Mesto, okres Bratislava","rooms":5,"meters":163,"totalPrice":978000,"meterSquarePrice":0,"link":"https://www.nehnutelnosti.sk/detail/Juo56SzBK_1/luxusny-4-izbovy-byt-s-terasou-a-bazenom-na-hradnom-vrchu","imagesUrls":["https://img.nehnutelnosti.sk/foto/NjAweDMzOC9maWx0ZXJzOnF1YWxpdHkoMTAwKS9uZWg=/RqSuJ_mog_fss?st=brQHoyqLBUlYirskbM8vE2_8UHZ2AcVm3DUSzmc28go&ts=1726477367&e=0"]},{"title":"LUXUSNÝ 4 IZBOVÝ BYT S TERASOU A BAZÉNOM NA HRADNOM VRCHU","address":"Pod Bôrikom, Bratislava I - Staré Mesto, okres Bratislava","rooms":4,"meters":163,"totalPrice":978000,"meterSquarePrice":0,"link":"https://www.nehnutelnosti.sk/detail/Ju-b2V-nqwf/luxusny-4-izbovy-byt-s-terasou-a-bazenom-na-hradnom-vrchu","imagesUrls":["https://img.nehnutelnosti.sk/foto/NjAweDMzOC9maWx0ZXJzOnF1YWxpdHkoMTAwKS9uZWg=/i_smbsV_B_fss?st=Rctkofk6wxSFvYX0LCcQ68KBMN5Klw8msEbWmR5LcCk&ts=1726477342&e=0"]},{"title":"Na predaj apartmány v apartmánovom dome pod Lipou v obci Malé Borové na rozhraní Liptova a Oravy.","address":"Malé Borové, Malé Borové, okres Liptovský Mikuláš","rooms":null,"meters":43,"totalPrice":null,"meterSquarePrice":null,"link":"https://www.nehnutelnosti.sk/detail/JuUvS85pHvF/na-predaj-apartmany-v-apartmanovom-dome-pod-lipou-v-obci-male-borove-na-rozhrani-liptova-a-oravy","imagesUrls":["https://img.nehnutelnosti.sk/foto/NjAweDMzOC9maWx0ZXJzOnF1YWxpdHkoMTAwKS9uZWg=/zdZia5bCrc_fss?st=-ryRWO-2nsNAEjt32595KU7I3kqECB5Qs_23jqCBMT8&ts=1701801820&e=0"]},{"title":"V centre a s krásnym výhľadom 2-izbový byt - HI Residence","address":"Športová, Žilina - Staré mesto, okres Žilina","rooms":2,"meters":70,"totalPrice":256413,"meterSquarePrice":1,"link":"https://www.nehnutelnosti.sk/detail/Ju5SD8mmuUt/v-centre-a-s-krasnym-vyhladom-2-izbovy-byt-hi-residence","imagesUrls":["https://img.nehnutelnosti.sk/foto/NjAweDMzOC9maWx0ZXJzOnF1YWxpdHkoMTAwKS9uZWg=/5BxZi0MD5_fss?st=OJvqD7whdAb2jTAENqFo-GI9xS1EP9tHmWKF0zDe068&ts=1726749603&e=0"]},{"title":"2 izbový byt s krásnym výhľadom na mesto","address":"Športová, Žilina - Staré mesto, okres Žilina","rooms":2,"meters":56,"totalPrice":205760,"meterSquarePrice":9,"link":"https://www.nehnutelnosti.sk/detail/JuBnUuJa9ic/2-izbovy-byt-s-krasnym-vyhladom-na-mesto","imagesUrls":["https://img.nehnutelnosti.sk/foto/NjAweDMzOC9maWx0ZXJzOnF1YWxpdHkoMTAwKS9uZWg=/waxu-m_W5_fss?st=MkzcvZe1CYM_oYVm3959di34AdVTnGAGXVqhN7ng3CQ&ts=1726751847&e=0"]}]