[{"title":"Rezervované - ŠTARTOVACÍ 1IZBOVÝ BYT S BALKÓNOM na Astrovej","address":"Astrová, Bratislava II - Ružinov, okres Bratislava","rooms":1,"meters":44,"totalPrice":145000,"meterSquarePrice":5,"link":"https://www.nehnutelnosti.sk/detail/Juj-gbEr0Wh/rezervovane-startovaci-1izbovy-byt-s-balkonom-na-astrovej","imagesUrls":["https://img.nehnutelnosti.sk/foto/NjAweDMzOC9maWx0ZXJzOnF1YWxpdHkoMTAwKS9uZWg=/PLaq0LoPB_fss?st=We1Mlawu8m5jv_vDO-XYLDfyvqX6i_ADRq254dG51lU&ts=1726147979&e=0"]},{"title":"3-izbový apartmán s terasou v novostavbe NUPPU","address":"Hraničná, Bratislava II - Ružinov, okres Bratislava","rooms":3,"meters":51,"totalPrice":78,"meterSquarePrice":9,"link":"https://www.nehnutelnosti.sk/detail/JuAy4U84uuC/3-izbovy-apartman-s-terasou-v-novostavbe-nuppu","imagesUrls":["https://img.nehnutelnosti.sk/foto/NjAweDMzOC9maWx0ZXJzOnF1YWxpdHkoMTAwKS9uZWg=/1lXKUPV-0_fss?st=myJ2yMDwPnZhPzh6cKYkbdwMwcQ73fklpdSthWJibHk&ts=1725446136&e=0"]},{"title":"4-izbový apartmán s terasou v novostavbe NUPPU","address":"Hraničná, Bratislava II - Ružinov, okres Bratislava","rooms":4,"meters":76,"totalPrice":39,"meterSquarePrice":7,"link":"https://www.nehnutelnosti.sk/detail/JuZpdc1KXaZi/4-izbovy-apartman-s-terasou-v-novostavbe-nuppu","imagesUrls":["https://img.nehnutelnosti.sk/foto/NjAweDMzOC9maWx0ZXJzOnF1YWxpdHkoMTAwKS9uZWg=/BBw5NvRLp_fss?st=Xv0D2ZVqNra_BwSMLDwz7OllvgNKztsIS06u1mqdXs0&ts=1726497256&e=0"]},{"title":"3-izbový apartmán s balkónom a terasou v novostavbe NUPPU","address":"Hraničná, Bratislava II - Ružinov, okres Bratislava","rooms":3,"meters":69,"totalPrice":40,"meterSquarePrice":9,"link":"https://www.nehnutelnosti.sk/detail/JuptsU1JCHG/3-izbovy-apartman-s-balkonom-a-terasou-v-novostavbe-nuppu","imagesUrls":["https://img.nehnutelnosti.sk/foto/NjAweDMzOC9maWx0ZXJzOnF1YWxpdHkoMTAwKS9uZWg=/VtprpoVQD_fss?st=yGlzjOZmV16m3-ia66GX94YE1CTiTEXTNcqN1Njqd0U&ts=1726497247&e=0"]},{"title":"1-izbový apartmán v novostavbe NUPPU","address":"Hraničná, Bratislava II - Ružinov, okres Bratislava","rooms":5,"meters":36,"totalPrice":40,"meterSquarePrice":1,"link":"https://www.nehnutelnosti.sk/detail/Ju-P0k6RJDF/1-izbovy-apartman-v-novostavbe-nuppu","imagesUrls":["https://img.nehnutelnosti.sk/foto/NjAweDMzOC9maWx0ZXJzOnF1YWxpdHkoMTAwKS9uZWg=/k8ByaiHCh_fss?st=bTLZxCZRw579oS3D2Fp34-G_b_LwbNquIWhFK6MJsiI&ts=1726497239&e=0"]},{"title":"3-izbový apartmán s lodžiou v novostavbe NUPPU","address":"Hraničná, Bratislava II - Ružinov, okres Bratislava","rooms":3,"meters":62,"totalPrice":267308,"meterSquarePrice":8,"link":"https://www.nehnutelnosti.sk/detail/JuXADEURUM6/3-izbovy-apartman-s-lodziou-v-novostavbe-nuppu","imagesUrls":["https://img.nehnutelnosti.sk/foto/NjAweDMzOC9maWx0ZXJzOnF1YWxpdHkoMTAwKS9uZWg=/6B9BPwYh9_fss?st=NUS7xBlQKhChdQ6pKQIfTNrme5pxhxQleqQEeKpfZK8&ts=1726497235&e=0"]},{"title":"1-izbový apartmán v novostavbe NUPPU","address":"Hraničná, Bratislava II - Ružinov, okres Bratislava","rooms":5,"meters":36,"totalPrice":178758,"meterSquarePrice":9,"link":"https://www.nehnutelnosti.sk/detail/JuiP6TNxfRp/1-izbovy-apartman-v-novostavbe-nuppu","imagesUrls":["https://img.nehnutelnosti.sk/foto/NjAweDMzOC9maWx0ZXJzOnF1YWxpdHkoMTAwKS9uZWg=/0lCfCkZ7D_fss?st=AcqgHv8VT7EMYCDoQVgYhbtOviAEabtA4qlkfl2iccs&ts=1726497231&e=0"]},{"title":"2-izbový apartmán s balkónom v novostavbe NUPPU","address":"Hraničná, Bratislava II - Ružinov, okres Bratislava","rooms":2,"meters":45,"totalPrice":187770,"meterSquarePrice":5,"link":"https://www.nehnutelnosti.sk/detail/Ju-vD8Be0nS/2-izbovy-apartman-s-balkonom-v-novostavbe-nuppu","imagesUrls":["https://img.nehnutelnosti.sk/foto/NjAweDMzOC9maWx0ZXJzOnF1YWxpdHkoMTAwKS9uZWg=/rbDRF_VkP_fss?st=vBko457Bnvb1ZeQ2fFwLT29CbA6ao4vCLiQRdNFluz0&ts=1725441981&e=0"]},{"title":"2-izbový apartmán s balkónom v novostavbe NUPPU","address":"Hraničná, Bratislava II - Ružinov, okres Bratislava","rooms":2,"meters":48,"totalPrice":194892,"meterSquarePrice":2,"link":"https://www.nehnutelnosti.sk/detail/JuFMUHo_Yum/2-izbovy-apartman-s-balkonom-v-novostavbe-nuppu","imagesUrls":["https://img.nehnutelnosti.sk/foto/NjAweDMzOC9maWx0ZXJzOnF1YWxpdHkoMTAwKS9uZWg=/2oKZQk2Vo_fss?st=e1dS5SaW2NE_pbZE0ljAFe2MUEf98Rr837ANgMDSgN8&ts=1725265381&e=0"]},{"title":"1-izbový apartmán v novostavbe NUPPU","address":"Hraničná, Bratislava II - Ružinov, okres Bratislava","rooms":1,"meters":28,"totalPrice":80,"meterSquarePrice":7,"link":"https://www.nehnutelnosti.sk/detail/JuNLufGnifQ/1-izbovy-apartman-v-novostavbe-nuppu","imagesUrls":["https://img.nehnutelnosti.sk/foto/NjAweDMzOC9maWx0ZXJzOnF1YWxpdHkoMTAwKS9uZWg=/Hxtu-SLVk_fss?st=jeYJcOkoYdy1ycV3tyLUR1SpRo2IdZVSVbSz0s-s6l8&ts=1726497229&e=0"]},{"title":"1-izbový apartmán v novostavbe NUPPU","address":"Hraničná, Bratislava II - Ružinov, okres Bratislava","rooms":5,"meters":36,"totalPrice":20,"meterSquarePrice":2,"link":"https://www.nehnutelnosti.sk/detail/JucS8-Jwd65/1-izbovy-apartman-v-novostavbe-nuppu","imagesUrls":["https://img.nehnutelnosti.sk/foto/NjAweDMzOC9maWx0ZXJzOnF1YWxpdHkoMTAwKS9uZWg=/4U0DlZ3yT_fss?st=t-bmo_MPFt2iayyC29RMh33mR4755OY3UfRFY0wggro&ts=1726497226&e=0"]},{"title":"2-izbový apartmán s balkónom v novostavbe NUPPU","address":"Hraničná, Bratislava II - Ružinov, okres Bratislava","rooms":2,"meters":44,"totalPrice":20,"meterSquarePrice":0,"link":"https://www.nehnutelnosti.sk/detail/Ju3SPqK4CB9w/2-izbovy-apartman-s-balkonom-v-novostavbe-nuppu","imagesUrls":["https://img.nehnutelnosti.sk/foto/NjAweDMzOC9maWx0ZXJzOnF1YWxpdHkoMTAwKS9uZWg=/Fd_b1S3j69_fss?st=RhKsnOzo585tT-TOgJlFk0jiXxOSezRRHETTQwRagL8&ts=1725446129&e=0"]},{"title":"2-izbový apartmán s balkónom v novostavbe NUPPU","address":"Hraničná, Bratislava II - Ružinov, okres Bratislava","rooms":2,"meters":44,"totalPrice":40,"meterSquarePrice":3,"link":"https://www.nehnutelnosti.sk/detail/Ju-FAEGTggf/2-izbovy-apartman-s-balkonom-v-novostavbe-nuppu","imagesUrls":["https://img.nehnutelnosti.sk/foto/NjAweDMzOC9maWx0ZXJzOnF1YWxpdHkoMTAwKS9uZWg=/W6HO7FrS7_fss?st=uwVPTy-i4kvKFnVbUycbe7XSSg0trLtiKDqA0bYfVck&ts=1726497222&e=0"]},{"title":"3-izbový apartmán s lodžiou v novostavbe NUPPU","address":"Hraničná, Bratislava II - Ružinov, okres Bratislava","rooms":3,"meters":62,"totalPrice":90,"meterSquarePrice":5,"link":"https://www.nehnutelnosti.sk/detail/JuFGV1RR-_X/3-izbovy-apartman-s-lodziou-v-novostavbe-nuppu","imagesUrls":["https://img.nehnutelnosti.sk/foto/NjAweDMzOC9maWx0ZXJzOnF1YWxpdHkoMTAwKS9uZWg=/2LhpOef6R_fss?st=W_yEjjA82N1y5FUl-jPhm2Akg_P8d2d1Qa1oePtCJZM&ts=1726497197&e=0"]},{"title":"1-izbový apartmán v novostavbe NUPPU","address":"Hraničná, Bratislava II - Ružinov, okres Bratislava","rooms":5,"meters":36,"totalPrice":166104,"meterSquarePrice":6,"link":"https://www.nehnutelnosti.sk/detail/Ju0PwNmus8J/1-izbovy-apartman-v-novostavbe-nuppu","imagesUrls":["https://img.nehnutelnosti.sk/foto/NjAweDMzOC9maWx0ZXJzOnF1YWxpdHkoMTAwKS9uZWg=/qxkzhGzAF_fss?st=Suhtq0GTdnfpXphlXxCUbJJAtVA8ZApyxLS0aPwBWLY&ts=1726492659&e=0"]},{"title":"1-izbový apartmán v novostavbe NUPPU","address":"Hraničná, Bratislava II - Ružinov, okres Bratislava","rooms":5,"meters":36,"totalPrice":20,"meterSquarePrice":7,"link":"https://www.nehnutelnosti.sk/detail/JuWkz9c7mxm/1-izbovy-apartman-v-novostavbe-nuppu","imagesUrls":["https://img.nehnutelnosti.sk/foto/NjAweDMzOC9maWx0ZXJzOnF1YWxpdHkoMTAwKS9uZWg=/fY8Ie5ecZ_fss?st=ckTu-EOruZFnXHGGTpTbBrUVQF-RZwqBqE8qKfz4el8&ts=1726492658&e=0"]},{"title":"2-izbový apartmán s balkónom v novostavbe NUPPU","address":"Hraničná, Bratislava II - Ružinov, okres Bratislava","rooms":2,"meters":44,"totalPrice":80,"meterSquarePrice":3,"link":"https://www.nehnutelnosti.sk/detail/JuWdUguM-24/2-izbovy-apartman-s-balkonom-v-novostavbe-nuppu","imagesUrls":["https://img.nehnutelnosti.sk/foto/NjAweDMzOC9maWx0ZXJzOnF1YWxpdHkoMTAwKS9uZWg=/rnaRns3QR_fss?st=x3iQ9la_CfqYNDKz98LakSg9vMHS0VbSayvl1fFlVCU&ts=1725273447&e=0"]},{"title":"2-izbový apartmán s balkónom v novostavbe NUPPU","address":"Hraničná, Bratislava II - Ružinov, okres Bratislava","rooms":2,"meters":44,"totalPrice":195966,"meterSquarePrice":7,"link":"https://www.nehnutelnosti.sk/detail/JuzFi4DDyLN/2-izbovy-apartman-s-balkonom-v-novostavbe-nuppu","imagesUrls":["https://img.nehnutelnosti.sk/foto/NjAweDMzOC9maWx0ZXJzOnF1YWxpdHkoMTAwKS9uZWg=/VL7RLgCmu_fss?st=XgUAOWi_ONQSFX-IBxzIo5jVG_m-u6Vol5sRgrd8DpA&ts=1726497171&e=0"]},{"title":"3-izbový apartmán s terasou v novostavbe NUPPU","address":"Hraničná, Bratislava II - Ružinov, okres Bratislava","rooms":3,"meters":62,"totalPrice":40,"meterSquarePrice":0,"link":"https://www.nehnutelnosti.sk/detail/JusWqNejCcn/3-izbovy-apartman-s-terasou-v-novostavbe-nuppu","imagesUrls":["https://img.nehnutelnosti.sk/foto/NjAweDMzOC9maWx0ZXJzOnF1YWxpdHkoMTAwKS9uZWg=/GpVTjCVhK_fss?st=sxjxFJfHggNlnF0GDxdlSsVaej9YFLA8lc6cOi2kZT8&ts=1726497162&e=0"]},{"title":"1-izbový apartmán s balkónom v novostavbe NUPPU s čiastočným zariadením v cene","address":"Hraničná, Bratislava II - Ružinov, okres Bratislava","rooms":5,"meters":36,"totalPrice":174498,"meterSquarePrice":4,"link":"https://www.nehnutelnosti.sk/detail/JuW-RgXSgACM/1-izbovy-apartman-sbalkonom-v-novostavbe-nuppu-s-ciastocnym-zariadenim-v-cene","imagesUrls":["https://img.nehnutelnosti.sk/foto/NjAweDMzOC9maWx0ZXJzOnF1YWxpdHkoMTAwKS9uZWg=/PabKbMWQc_fss?st=F8QTvpvltBCIo_yb8CGrUzEcT1e9m7LWrcitQIIcYHs&ts=1724675883&e=0"]},{"title":"2-izbový byt v Ružinove s BONUSOM na zariadenie bytu","address":"Košická, Bratislava II - Ružinov, okres Bratislava","rooms":2,"meters":54,"totalPrice":80,"meterSquarePrice":6,"link":"https://www.nehnutelnosti.sk/detail/JuZNgUxFEfs/2-izbovy-byt-v-ruzinove-s-bonusom-na-zariadenie-bytu","imagesUrls":["https://img.nehnutelnosti.sk/foto/NjAweDMzOC9maWx0ZXJzOnF1YWxpdHkoMTAwKS9uZWg=/MWuuySFJg_fss?st=JnRUzWfpZImooAJfigPUBBUQUeK8hs8bJ67N1GSjPMw&ts=1726147144&e=0"]},{"title":"2-izbový apartmán v Ružinove s BONUSOM na zariadenie apartmánu","address":"Košická, Bratislava II - Ružinov, okres Bratislava","rooms":2,"meters":48,"totalPrice":80,"meterSquarePrice":9,"link":"https://www.nehnutelnosti.sk/detail/Ju_s6FlPqF2/2-izbovy-apartman-v-ruzinove-s-bonusom-na-zariadenie-apartmanu","imagesUrls":["https://img.nehnutelnosti.sk/foto/NjAweDMzOC9maWx0ZXJzOnF1YWxpdHkoMTAwKS9uZWg=/jcV6jfRgQS_fss?st=UYP69Lp4YxMeWVYx4TosIorRcQuGfjOodaAvgv0ao4s&ts=1724675880&e=0"]},{"title":"2-izbový apartmán v Ružinove s BONUSOM na zariadenie apartmánu","address":"Košická, Bratislava II - Ružinov, okres Bratislava","rooms":2,"meters":46,"totalPrice":60,"meterSquarePrice":7,"link":"https://www.nehnutelnosti.sk/detail/Juf5TTwtFcm/2-izbovy-apartman-v-ruzinove-s-bonusom-na-zariadenie-apartmanu","imagesUrls":["https://img.nehnutelnosti.sk/foto/NjAweDMzOC9maWx0ZXJzOnF1YWxpdHkoMTAwKS9uZWg=/N6dUAyisU_fss?st=lgUoRkJCOchkcfznA9vB5lQC7VEELwlyI3HxWJE7R40&ts=1725964061&e=0"]},{"title":"2-izbový apartmán v Ružinove s BONUSOM na zariadenie apartmánu","address":"Košická, Bratislava II - Ružinov, okres Bratislava","rooms":2,"meters":46,"totalPrice":60,"meterSquarePrice":9,"link":"https://www.nehnutelnosti.sk/detail/JuOd5CWYNXq/2-izbovy-apartman-v-ruzinove-s-bonusom-na-zariadenie-apartmanu","imagesUrls":["https://img.nehnutelnosti.sk/foto/NjAweDMzOC9maWx0ZXJzOnF1YWxpdHkoMTAwKS9uZWg=/urxhV5iel_fss?st=yAFQL_3UV8UOn6xYrs9LipHfMouOOdMQpvArkyeWVK4&ts=1725964050&e=0"]},{"title":"1-izbový apartmán v Ružinove s čiastočným zariadením v cene","address":"Mlynské Nivy, Bratislava II - Ružinov, okres Bratislava","rooms":2,"meters":41,"totalPrice":81,"meterSquarePrice":6,"link":"https://www.nehnutelnosti.sk/detail/JuiGc7z2hLM/1-izbovy-apartman-v-ruzinove-s-ciastocnym-zariadenim-v-cene","imagesUrls":["https://img.nehnutelnosti.sk/foto/NjAweDMzOC9maWx0ZXJzOnF1YWxpdHkoMTAwKS9uZWg=/1wuQr3rraK_fss?st=OdROGGG415oWw_tTEB5zaJnRB7yFIazcYCYrIGkWDgM&ts=1724675868&e=0"]},{"title":"2-izbový apartmán v Ružinove   BONUS na zariadenie apartmánu","address":"Mlynské Nivy, Bratislava II - Ružinov, okres Bratislava","rooms":2,"meters":52,"totalPrice":79,"meterSquarePrice":7,"link":"https://www.nehnutelnosti.sk/detail/JuGqnd5OLet/2-izbovy-apartman-v-ruzinove-bonus-na-zariadenie-apartmanu","imagesUrls":["https://img.nehnutelnosti.sk/foto/NjAweDMzOC9maWx0ZXJzOnF1YWxpdHkoMTAwKS9uZWg=/PDW0ben_YI_fss?st=8AQA8_Z_aNtrIGWqYxJ9CnUvtt-KqThZ0wh88CIhESk&ts=1724675864&e=0"]},{"title":"2-izbový apartmán v Ružinove   BONUS na zariadenie apartmánu","address":"Mlynské Nivy, Bratislava II - Ružinov, okres Bratislava","rooms":2,"meters":53,"totalPrice":45,"meterSquarePrice":6,"link":"https://www.nehnutelnosti.sk/detail/Ju0Nv4Swev_/2-izbovy-apartman-v-ruzinove-bonus-na-zariadenie-apartmanu","imagesUrls":["https://img.nehnutelnosti.sk/foto/NjAweDMzOC9maWx0ZXJzOnF1YWxpdHkoMTAwKS9uZWg=/7ccNSggta_fss?st=rwXh8XXEfei8I24SRlh6TFhfC6XyT4APmL8FNCBhss0&ts=1724675852&e=0"]},{"title":"2-izbový apartmán v Ružinove s čiastočným zariadením v cene","address":"Mlynské Nivy, Bratislava II - Ružinov, okres Bratislava","rooms":2,"meters":52,"totalPrice":38,"meterSquarePrice":1,"link":"https://www.nehnutelnosti.sk/detail/JugAolMZ0F_/2-izbovy-apartman-v-ruzinove-s-ciastocnym-zariadenim-v-cene","imagesUrls":["https://img.nehnutelnosti.sk/foto/NjAweDMzOC9maWx0ZXJzOnF1YWxpdHkoMTAwKS9uZWg=/QUTmXxC0t_fss?st=h5T3BgxV3fRTXLpz6I7rts_KETY01y9BysL5GeQtCxU&ts=1724675857&e=0"]},{"title":"2-izbový apartmán v Ružinove s čiastočným zariadením v cene","address":"Mlynské Nivy, Bratislava II - Ružinov, okres Bratislava","rooms":2,"meters":53,"totalPrice":84,"meterSquarePrice":4,"link":"https://www.nehnutelnosti.sk/detail/JuvGeuvNMKI/2-izbovy-apartman-v-ruzinove-s-ciastocnym-zariadenim-v-cene","imagesUrls":["https://img.nehnutelnosti.sk/foto/NjAweDMzOC9maWx0ZXJzOnF1YWxpdHkoMTAwKS9uZWg=/Kogmgu9DFR_fss?st=K0KTHvPcb8M0STsVXAuh8HU3lbnG2KTZ3NQAH4kyOYY&ts=1724675850&e=0"]},{"title":"2-izbový apartmán v Ružinove s BONUSOM na zariadenie apartmánu","address":"Mlynské Nivy, Bratislava II - Ružinov, okres Bratislava","rooms":2,"meters":53,"totalPrice":90,"meterSquarePrice":7,"link":"https://www.nehnutelnosti.sk/detail/JuA8fVic9ayh/2-izbovy-apartman-v-ruzinove-s-bonusom-na-zariadenie-apartmanu","imagesUrls":["https://img.nehnutelnosti.sk/foto/NjAweDMzOC9maWx0ZXJzOnF1YWxpdHkoMTAwKS9uZWg=/0Na1LP8Jz_fss?st=tgremXblY8iR7Ejfc2oFKpbPszsx2y_aYlM5HJvNwFQ&ts=1726214087&e=0"]}]