[{"title":"Na predaj 3-izbový byt s dvomi balkónmi v Nových Zámkoch","address":"Novomestská, Nové Zámky, okres Nové Zámky","rooms":3,"meters":63,"totalPrice":93000,"meterSquarePrice":9,"link":"https://www.nehnutelnosti.sk/detail/JusR4P5S7WF/na-predaj-3-izbovy-byt-s-dvomi-balkonmi-v-novych-zamkoch","imagesUrls":["https://img.nehnutelnosti.sk/foto/NjAweDMzOC9maWx0ZXJzOnF1YWxpdHkoMTAwKS9uZWg=/5FRKyySIK_fss?st=qSvYqmwwgq4yodtSF4jcCIplSBABkISnNL2R5WCooCY&ts=1726692439&e=0"]},{"title":"SOTINA - SENICA - 2 izbový byt na PREDAJ","address":"Senica, okres Senica","rooms":2,"meters":49,"totalPrice":76500,"meterSquarePrice":3,"link":"https://www.nehnutelnosti.sk/detail/JulFObSwQ9W/sotina-senica-2-izbovy-byt-na-predaj","imagesUrls":["https://img.nehnutelnosti.sk/foto/NjAweDMzOC9maWx0ZXJzOnF1YWxpdHkoMTAwKS9uZWg=/EmntG4InG_fss?st=SXraZTnn02jOdfzDuDN6P7dN95GwAt4spfz0VyEyGZo&ts=1718183614&e=0"]},{"title":"Apartmán pri jazere Penati Golf Resort -  ihneď","address":"Penati Golf Resort, Šajdíkove Humence, okres Senica","rooms":1,"meters":43,"totalPrice":null,"meterSquarePrice":null,"link":"https://www.nehnutelnosti.sk/detail/Juu9pv26sc7/apartman-pri-jazere-penati-golf-resort-ihned","imagesUrls":["https://img.nehnutelnosti.sk/foto/NjAweDMzOC9maWx0ZXJzOnF1YWxpdHkoMTAwKS9uZWg=/zP262tZH3_fss?st=ZnOnOgIAca_y1-wu4zR_--qIqPi_V6aVI7ozF3SG8UM&ts=1694523373&e=0"]},{"title":"Predaj útulný 3 izb byt v tichej lokalite BA II","address":"Lotyšská, Bratislava II - Podunajské Biskupice, okres Bratislava","rooms":3,"meters":66,"totalPrice":158000,"meterSquarePrice":4,"link":"https://www.nehnutelnosti.sk/detail/Ju8xbB_XSSw/predaj-utulny-3-izb-byt-v-tichej-lokalite-ba-ii","imagesUrls":["https://img.nehnutelnosti.sk/foto/NjAweDMzOC9maWx0ZXJzOnF1YWxpdHkoMTAwKS9uZWg=/S1uZ3ZS46w_fss?st=090z5dVb8rr54M17yUXTI2p7vC_1H-bzKYahy0mquUo&ts=1726502980&e=0"]},{"title":"HĽADÁM: 2 IZBOVÝ BYT, LODŽIA, PLATBA HOTOVOSŤ, POPRAD","address":"Partizánska, Poprad, okres Poprad","rooms":2,"meters":55,"totalPrice":125000,"meterSquarePrice":3,"link":"https://www.nehnutelnosti.sk/detail/JuF1b5kMbzL/hladam-2-izbovy-byt-lodzia-platba-hotovost-poprad","imagesUrls":["https://img.nehnutelnosti.sk/foto/NjAweDMzOC9maWx0ZXJzOnF1YWxpdHkoMTAwKS9uZWg=/ASXj3kG4b_fss?st=h5TIVQ9hp5yVdy67cPYseh9Np3PswzBpvRYyIPhTkVM&ts=1718953704&e=0"]},{"title":"2-izb. zariadený byt - Budatínska ul.","address":"Budatínska, Bratislava V - Petržalka, okres Bratislava","rooms":2,"meters":45,"totalPrice":175000,"meterSquarePrice":9,"link":"https://www.nehnutelnosti.sk/detail/JutHwMWvz4K/2-izb-zariadeny-byt-budatinska-ul","imagesUrls":["https://img.nehnutelnosti.sk/foto/NjAweDMzOC9maWx0ZXJzOnF1YWxpdHkoMTAwKS9uZWg=/5gAjNhtVp_fss?st=8UI-mAUxUBa10BgYd4lEcsBAut_SdNcdAfsmqvaHPYI&ts=1726645189&e=0"]},{"title":"Pekný priestranný 2izbový byt 63m2 v dobrej lokalite Púchov.","address":"Obrancov mieru, Púchov, okres Púchov","rooms":2,"meters":63,"totalPrice":109800,"meterSquarePrice":6,"link":"https://www.nehnutelnosti.sk/detail/JuvNfYEBKzH/pekny-priestranny-2izbovy-byt-63m2-v-dobrej-lokalite-puchov","imagesUrls":["https://img.nehnutelnosti.sk/foto/NjAweDMzOC9maWx0ZXJzOnF1YWxpdHkoMTAwKS9uZWg=/kvdcBKqRmD_fss?st=1PIk4cJx8cVT4royG-bAanpPM67_ueRwGClqZEQnjmY&ts=1726102157&e=0"]},{"title":"REZERVOVANY 3-izbový byt v SL na predaj !!!","address":"Mierová, Stará Ľubovňa, okres Stará Ľubovňa","rooms":3,"meters":65,"totalPrice":null,"meterSquarePrice":null,"link":"https://www.nehnutelnosti.sk/detail/JuxZBBkaR94/rezervovany-3-izbovy-byt-v-sl-na-predaj","imagesUrls":["https://img.nehnutelnosti.sk/foto/NjAweDMzOC9maWx0ZXJzOnF1YWxpdHkoMTAwKS9uZWg=/zyqLkfoel_fss?st=RlzrR5Vl7OwbV66QSRTG5NKdw0q-7_2tjxWr2O2dg84&ts=1720564575&e=0"]},{"title":"V úžasnej lokalite prerobený nebytový priestor na 2 izbový štartovací byt","address":"Námestie Martina Benku, Bratislava I - Staré Mesto, okres Bratislava","rooms":2,"meters":43,"totalPrice":149000,"meterSquarePrice":2,"link":"https://www.nehnutelnosti.sk/detail/JuhuMclPhQl/v-uzasnej-lokalite-prerobeny-nebytovy-priestor-na-2-izbovy-startovaci-byt","imagesUrls":["https://img.nehnutelnosti.sk/foto/NjAweDMzOC9maWx0ZXJzOnF1YWxpdHkoMTAwKS9uZWg=/-McxW6v7U_fss?st=7l950XKWta3t8qA3238a8LTdZweJbNhLAgDtiJByVEA&ts=1727020499&e=0"]},{"title":"V úžasnej lokalite prerobený nebytový priestor na 2 izbový štartovací byt","address":"Námestie Martina Benku, Bratislava I - Staré Mesto, okres Bratislava","rooms":1,"meters":43,"totalPrice":149000,"meterSquarePrice":2,"link":"https://www.nehnutelnosti.sk/detail/JumrrwJobno/v-uzasnej-lokalite-prerobeny-nebytovy-priestor-na-2-izbovy-startovaci-byt","imagesUrls":["https://img.nehnutelnosti.sk/foto/NjAweDMzOC9maWx0ZXJzOnF1YWxpdHkoMTAwKS9uZWg=/_GlGaNsmG_fss?st=gE42yHwE4fe-QrYl7aMp8OcsJEglDVAXtw40BwVuGZI&ts=1727020512&e=0"]},{"title":"Na predaj 3 izbový byt v tehlovom dome na Drieňovej ulici na Štrkovci","address":"Drieňová, Bratislava II - Ružinov, okres Bratislava","rooms":3,"meters":65,"totalPrice":205000,"meterSquarePrice":5,"link":"https://www.nehnutelnosti.sk/detail/JulN3jXErlR/na-predaj-3-izbovy-byt-v-tehlovom-dome-na-drienovej-ulici-na-strkovci","imagesUrls":["https://img.nehnutelnosti.sk/foto/NjAweDMzOC9maWx0ZXJzOnF1YWxpdHkoMTAwKS9uZWg=/cSHse8it5_fss?st=wu5Pm35odRcBo6vG7IqB08BTEcHWLr2n628nQrTo8bw&ts=1726068901&e=0"]},{"title":"NOVOZREKONŠTRUOVANÝ 3-izbový byt Turčianske Jaseno","address":"Nevyplnená, Turčianske Jaseno, okres Martin","rooms":3,"meters":71,"totalPrice":139000,"meterSquarePrice":5,"link":"https://www.nehnutelnosti.sk/detail/JumkMp6lpDQ/novozrekonstruovany-3-izbovy-byt-turcianske-jaseno","imagesUrls":["https://img.nehnutelnosti.sk/foto/NjAweDMzOC9maWx0ZXJzOnF1YWxpdHkoMTAwKS9uZWg=/J8BE0rmGp0_fss?st=Kvfx0FESPT3C3ORolo-WSc9kW3DLOPC9hRPtqQ8ergk&ts=1726505823&e=0"]},{"title":"Pripravujeme do ponuky 2 izbový byt v centre Šturovo námestie Martin","address":"Štúrovo Námestie, Martin, okres Martin","rooms":2,"meters":65,"totalPrice":143000,"meterSquarePrice":0,"link":"https://www.nehnutelnosti.sk/detail/JuwEFmtmlRq/pripravujeme-do-ponuky-2-izbovy-byt-v-centre-sturovo-namestie-martin","imagesUrls":["https://img.nehnutelnosti.sk/foto/NjAweDMzOC9maWx0ZXJzOnF1YWxpdHkoMTAwKS9uZWg=/wHbb3fClpS_fss?st=6gnl43kHblU86Er2bm1b8wr2BYFDFiwRyUX8cWu5q3s&ts=1726505385&e=0"]},{"title":"Predaj 2 izbového bytu s menšou  záhradkou a záhradnou chatkou v Sučanoch","address":"Sučany, okres Martin","rooms":2,"meters":61,"totalPrice":100000,"meterSquarePrice":4,"link":"https://www.nehnutelnosti.sk/detail/JuDw5ZW9oKY/predaj-2-izboveho-bytu-s-mensou-zahradkou-a-zahradnou-chatkou-v-sucanoch","imagesUrls":["https://img.nehnutelnosti.sk/foto/NjAweDMzOC9maWx0ZXJzOnF1YWxpdHkoMTAwKS9uZWg=/cGGCv8DPu__fss?st=4eTIYGkSDN0KvaaZGkm-iLxemBssgNMghWUwSXOqVVk&ts=1726505370&e=0"]},{"title":"Ponúkame na predaj 2 izbový byt na Severe","address":"Martin, okres Martin","rooms":2,"meters":57,"totalPrice":96000,"meterSquarePrice":1,"link":"https://www.nehnutelnosti.sk/detail/JujKnCd77uJ/ponukame-na-predaj-2-izbovy-byt-na-severe","imagesUrls":["https://img.nehnutelnosti.sk/foto/NjAweDMzOC9maWx0ZXJzOnF1YWxpdHkoMTAwKS9uZWg=/wNNKRYCr3_fss?st=iFYb8_VDo97NOVR4beFwENVHWfT5Uiv9ol6AB132tgA&ts=1726505364&e=0"]},{"title":"Predaj veľkého 2 izbového bytu na ulici A. Jiráska v Lučenci","address":"A. Jiráska, Lučenec, okres Lučenec","rooms":2,"meters":72,"totalPrice":null,"meterSquarePrice":null,"link":"https://www.nehnutelnosti.sk/detail/JuX6-zPXLUR/predaj-velkeho-2-izboveho-bytu-na-ulici-a-jiraska-v-lucenci","imagesUrls":["https://img.nehnutelnosti.sk/foto/NjAweDMzOC9maWx0ZXJzOnF1YWxpdHkoMTAwKS9uZWg=/JjyRl8Xlq5_fss?st=dgBLeTq3E_FicW90LSvnM567ttxCsUEx58JBmi-5QfE&ts=1726505365&e=0"]},{"title":"Moderný mezonet v centre Zálesia","address":"Muškátová 6, Zálesie, Senec, okres Senec","rooms":3,"meters":78,"totalPrice":199500,"meterSquarePrice":9,"link":"https://www.nehnutelnosti.sk/detail/JuzF31Z3RqP/moderny-mezonet-v-centre-zalesia","imagesUrls":["https://img.nehnutelnosti.sk/foto/NjAweDMzOC9maWx0ZXJzOnF1YWxpdHkoMTAwKS9uZWg=/Fu8iQ8j9-J_fss?st=pNMO434w_IuosLgo5CSNDSk5WkBmNQ4XPreWI-S3Z1k&ts=1726505300&e=0"]},{"title":"VEĽKORYSÝ 4 IZBOVÝ MEZONET S TERASOU A PARKOVISKOM V STAROM MESTE","address":"Palisády, Bratislava I - Staré Mesto, okres Bratislava","rooms":4,"meters":184,"totalPrice":649000,"meterSquarePrice":0,"link":"https://www.nehnutelnosti.sk/detail/JutMklRY33W/velkorysy-4-izbovy-mezonet-s-terasou-a-parkoviskom-v-starom-meste","imagesUrls":["https://img.nehnutelnosti.sk/foto/NjAweDMzOC9maWx0ZXJzOnF1YWxpdHkoMTAwKS9uZWg=/4UvVUZBle_fss?st=mAkYlIL3BvzA6_YytkKwHvMKpyLjy0Z7DS5utMhrwb8&ts=1650365108&e=0"]},{"title":"!!! EXKLUZÍVNA PONUKA !!! 4-izbový veľkorysý byt, Rúbanisko II, Lučenec","address":"Rúbanisko II, Lučenec, okres Lučenec","rooms":4,"meters":80,"totalPrice":83000,"meterSquarePrice":0,"link":"https://www.nehnutelnosti.sk/detail/JuUdOooDfWW/exkluzivna-ponuka-4-izbovy-velkorysy-byt-rubanisko-ii-lucenec","imagesUrls":["https://img.nehnutelnosti.sk/foto/NjAweDMzOC9maWx0ZXJzOnF1YWxpdHkoMTAwKS9uZWg=/xnRuMowFlc_fss?st=PahdFRTyd6xUD8-qehfs0Q9GESKy8Tc8u_LldaYGYxc&ts=1725719568&e=0"]},{"title":"!!! Skvelý 1-izbový byt s balkónom,  Sládkovičova  ul., Fiľakovo","address":"Sládkovičova, Fiľakovo, okres Lučenec","rooms":1,"meters":34,"totalPrice":34500,"meterSquarePrice":1,"link":"https://www.nehnutelnosti.sk/detail/JuDDArR1uGq/skvely-1-izbovy-byt-s-balkonom-sladkovicova-ul-filakovo","imagesUrls":["https://img.nehnutelnosti.sk/foto/NjAweDMzOC9maWx0ZXJzOnF1YWxpdHkoMTAwKS9uZWg=/39OMC1liW_fss?st=yt1Qo7qzUnRpHrgWWbHqvvTMCOJnbVOrE7dQKI8ErZE&ts=1726191241&e=0"]},{"title":"!!! SKVELÝ 3-izbový byt s vlastnou záhradou, Ekoosada, Veľké Úľany","address":"Ekoosada, Veľké Úľany, okres Galanta","rooms":3,"meters":84,"totalPrice":173000,"meterSquarePrice":2,"link":"https://www.nehnutelnosti.sk/detail/JuiKNVebqnq/skvely-3-izbovy-byt-s-vlastnou-zahradou-ekoosada-velke-ulany","imagesUrls":["https://img.nehnutelnosti.sk/foto/NjAweDMzOC9maWx0ZXJzOnF1YWxpdHkoMTAwKS9uZWg=/zso-qys3N_fss?st=0fZE2VITE4Ls2iuLxdSoIcZRARkJkDkRxO4PDovSI6g&ts=1726125045&e=0"]},{"title":"Predaj tehlový priestor po kompletnej rekonštrukcii, Kozia, BA Staré Mesto","address":"Kozia, Bratislava I - Staré Mesto, okres Bratislava","rooms":null,"meters":20,"totalPrice":117000,"meterSquarePrice":0,"link":"https://www.nehnutelnosti.sk/detail/JuqQrfYi_47/predaj-tehlovy-priestor-po-kompletnej-rekonstrukcii-kozia-ba-stare-mesto","imagesUrls":["https://img.nehnutelnosti.sk/foto/NjAweDMzOC9maWx0ZXJzOnF1YWxpdHkoMTAwKS9uZWg=/yy8TMg-vH_fss?st=RfbdJuUTAcRbizHKJ4FFYwB6ljNR-42HIpe0pHMw29s&ts=1726504848&e=0"]},{"title":"Ponúkame na predaj 1 izbový byt v novostavbe na Rustaveliho ul. v Bratislave","address":"Rustaveliho, Bratislava III - Rača, okres Bratislava","rooms":1,"meters":35,"totalPrice":129990,"meterSquarePrice":4,"link":"https://www.nehnutelnosti.sk/detail/Jurng_U7454/ponukame-na-predaj-1-izbovy-byt-v-novostavbe-na-rustaveliho-ul-v-bratislave","imagesUrls":["https://img.nehnutelnosti.sk/foto/NjAweDMzOC9maWx0ZXJzOnF1YWxpdHkoMTAwKS9uZWg=/RRzKFlkCb_fss?st=uMM_PUQmWu9KkxwMYEN3FfNaETx5yCqueW7vpEUuo18&ts=1726504347&e=0"]},{"title":"NOVINKA !!! NA PREDAJ MODERNÝ, PRAKTICKÝ 4 IZBOVÝ BYT S LOGGIOU PO REKONŠTRUKCII","address":"Važecká, Košice IV - Nad jazerom, okres Košice","rooms":4,"meters":77,"totalPrice":194900,"meterSquarePrice":7,"link":"https://www.nehnutelnosti.sk/detail/JuXS8G1Bd4C/novinka-na-predaj-moderny-prakticky-4-izbovy-byt-s-loggiou-po-rekonstrukcii","imagesUrls":["https://img.unitedclassifieds.sk/foto/NjAweDMzOC9maWx0ZXJzOnF1YWxpdHkoMTAwKS9qdWw=/Bt739ZkvI_fss?st=QDoMgiQaES9c_NGFk97QJp0H3gcS4wpGXfoX5WmuWDg&ts=1724687232&e=0"]},{"title":"+++ VÝHODNÁ PONUKA 2 IBOVÝ BYT V PRESTÍŽNEJ NOVOSTAVBE V TRNAVE NA PREDAJ - 149.000,-+++","address":"Štefana Moyzesa, Trnava, okres Trnava","rooms":2,"meters":42,"totalPrice":149000,"meterSquarePrice":4,"link":"https://www.nehnutelnosti.sk/detail/JusptTmgu_A/vyhodna-ponuka-2-ibovy-byt-v-prestiznej-novostavbe-v-trnave-na-predaj-149-000","imagesUrls":["https://img.nehnutelnosti.sk/foto/NjAweDMzOC9maWx0ZXJzOnF1YWxpdHkoMTAwKS9uZWg=/MlUC6_ZFG_fss?st=R0aIjwD7sIzfSW1vVOcBaKMwCCnMkzUWzhz6bJmcCqQ&ts=1726503580&e=0"]},{"title":"Úplne Novučičký 3i Byt v Nových Záhradách","address":"Štúrova, Detva, okres Detva","rooms":3,"meters":null,"totalPrice":null,"meterSquarePrice":null,"link":"https://www.nehnutelnosti.sk/detail/Ju3crtyAFy6/uplne-novucicky-3i-byt-v-novych-zahradach","imagesUrls":["https://img.nehnutelnosti.sk/foto/NjAweDMzOC9maWx0ZXJzOnF1YWxpdHkoMTAwKS9uZWg=/06vEupppX_fss?st=d1jw_2Sv7eWfJacJMboLaRigi17RckDJLze25kkVnd8&ts=1711025316&e=0"]},{"title":"+REZERVOVANE+ Predaj nový 2 izbovy byt Nitra-Zobor","address":"Rosinského, Nitra, okres Nitra","rooms":2,"meters":50,"totalPrice":100000,"meterSquarePrice":0,"link":"https://www.nehnutelnosti.sk/detail/JusH9I9Cxn9/rezervovane-predaj-novy-2-izbovy-byt-nitra-zobor","imagesUrls":["https://img.nehnutelnosti.sk/foto/NjAweDMzOC9maWx0ZXJzOnF1YWxpdHkoMTAwKS9uZWg=/ubo0hBPTR_fss?st=-W0QMmZBtSA94Kcc1i1vy0fsarYUhlvszVpg5Pnhbx0&ts=1718739976&e=0"]},{"title":"JEDINEČNÝ 3 I BYT S VLASTNOU ZÁHRADOU A DVOJGRÁŽOU TRNAVA","address":"Trnava, okres Trnava","rooms":3,"meters":99,"totalPrice":169000,"meterSquarePrice":3,"link":"https://www.nehnutelnosti.sk/detail/JuOW-IEQedp/jedinecny-3-i-byt-s-vlastnou-zahradou-a-dvojgrazou-trnava","imagesUrls":["https://img.nehnutelnosti.sk/foto/NjAweDMzOC9maWx0ZXJzOnF1YWxpdHkoMTAwKS9uZWg=/bJ2goYUdJ_fss?st=IxtAQVsIOtSdKTYVOcLg1TNTm5cIU9CitZh8niM8Oq4&ts=1723805946&e=0"]},{"title":"Priestranný 3.izbový byt, Michalovce","address":"Užhorodská, Michalovce, okres Michalovce","rooms":3,"meters":71,"totalPrice":88000,"meterSquarePrice":1,"link":"https://www.nehnutelnosti.sk/detail/JuZGaFKhsSC/priestranny-3-izbovy-byt-michalovce","imagesUrls":["https://img.nehnutelnosti.sk/foto/NjAweDMzOC9maWx0ZXJzOnF1YWxpdHkoMTAwKS9uZWg=/XA8SMy8Bl_fss?st=eiwcjYfI_C4tqiSNnixHW8LobrJPO_uDgRC-D_lafm4&ts=1726502071&e=0"]},{"title":"Na predaj prerobený 3-izbový byt s dvomi balkómni v Nových Zámkoch","address":"Gogoľová, Nové Zámky, okres Nové Zámky","rooms":3,"meters":73,"totalPrice":113000,"meterSquarePrice":4,"link":"https://www.nehnutelnosti.sk/detail/JunHFqQLOzH/na-predaj-prerobeny-3-izbovy-byt-s-dvomi-balkomni-v-novych-zamkoch","imagesUrls":["https://img.nehnutelnosti.sk/foto/NjAweDMzOC9maWx0ZXJzOnF1YWxpdHkoMTAwKS9uZWg=/zOy1MTHeS_fss?st=djfhIEmDdMl9qh_ZLiVGlAUb7teohwBn7qgicIbxsUU&ts=1726502027&e=0"]}]