[{"title":"PREDAJ- 3-iz. byt, Rumančekova ul.- Ružinov, 66 m2, 2/7 posch., balkón","address":"Rumančeková, Bratislava II - Ružinov, okres Bratislava","rooms":3,"meters":65,"totalPrice":208000,"meterSquarePrice":8,"link":"https://www.nehnutelnosti.sk/detail/Juf5IPuGHc1/predaj-3-iz-byt-rumancekova-ul-ruzinov-66-m2-2-7-posch-balkon","imagesUrls":["https://img.unitedclassifieds.sk/foto/NjAweDMzOC9maWx0ZXJzOnF1YWxpdHkoMTAwKS9qdWw=/vEad4tWwv_fss?st=eurU31a6FPYXftfgV6hkDkMUvTGYYITCe_Ooor6mOe8&ts=1724073048&e=0"]},{"title":"4 IZBOVÝ BYT S PODZEMNOU GARÁŽOU - NOVOSTAVBA * MALACKY*","address":"Nádražná, Malacky, okres Malacky","rooms":4,"meters":110,"totalPrice":300000,"meterSquarePrice":7,"link":"https://www.nehnutelnosti.sk/detail/JuxIaJtwY9N/4-izbovy-byt-s-podzemnou-garazou-novostavba-malacky","imagesUrls":["https://img.nehnutelnosti.sk/foto/NjAweDMzOC9maWx0ZXJzOnF1YWxpdHkoMTAwKS9uZWg=/RE-M5f6oUc_fss?st=NvbGZg1fa-uLJw5q_G8lbJ5HiJf4T9wta6AKU4Tn9jY&ts=1725627073&e=0"]},{"title":"Predaj: Štýlový 2 izbový byt v meste Čadca(225-B)","address":"Čadca, Čadca, okres Čadca","rooms":2,"meters":49,"totalPrice":114000,"meterSquarePrice":8,"link":"https://www.nehnutelnosti.sk/detail/JuYZuQ7c5na/predaj-stylovy-2-izbovy-byt-v-meste-cadca225-b","imagesUrls":["https://img.nehnutelnosti.sk/foto/NjAweDMzOC9maWx0ZXJzOnF1YWxpdHkoMTAwKS9uZWg=/W8c0ZOSeec_fss?st=uTandZJq4-exuLtIFyggcQ-SAioU5Y0b7bBvOkOdn1s&ts=1724072146&e=0"]},{"title":"Rezervované - Predaj   priestranného 2 izbového bytu na Povrazníckej v pôvodnom stave","address":"Povraznícka, Bratislava I - Staré Mesto, okres Bratislava","rooms":2,"meters":57,"totalPrice":195000,"meterSquarePrice":7,"link":"https://www.nehnutelnosti.sk/detail/JuudjqUG01x/rezervovane-predaj-priestranneho-2-izboveho-bytu-na-povraznickej-v-povodnom-stave","imagesUrls":["https://img.unitedclassifieds.sk/foto/NjAweDMzOC9maWx0ZXJzOnF1YWxpdHkoMTAwKS9qdWw=/NDxCWmoou_fss?st=yCpPHSGzzwlS9pjot-pcmMsCCCc1FeAJCDKsZj7zHL4&ts=1724071473&e=0"]},{"title":"REZERVOVANÉ","address":"Lúčna, Vranov nad Topľou, okres Vranov nad Topľou","rooms":3,"meters":73,"totalPrice":85000,"meterSquarePrice":8,"link":"https://www.nehnutelnosti.sk/detail/JuTAQdxQIUh/rezervovane","imagesUrls":["https://img.nehnutelnosti.sk/foto/NjAweDMzOC9maWx0ZXJzOnF1YWxpdHkoMTAwKS9uZWg=/ytrSMMvHm1_fss?st=qh21SqoifbqbPx-U1UWTx6w5XzsNFKoetgYKqOA-O9I&ts=1724070340&e=0"]},{"title":"Rezervovany 2 izb. bytu na ulici J.Kráľa v Novej Dubnici","address":"Janka Kráľa, Nová Dubnica, okres Ilava","rooms":2,"meters":63,"totalPrice":122900,"meterSquarePrice":9,"link":"https://www.nehnutelnosti.sk/detail/JuTjS32VImtd/rezervovany-2-izb-bytu-na-ulici-j-krala-v-novej-dubnici","imagesUrls":["https://img.nehnutelnosti.sk/foto/NjAweDMzOC9maWx0ZXJzOnF1YWxpdHkoMTAwKS9uZWg=/Knd_CMNMs_fss?st=e-TChLfUk_ecyRwq2_1vQS-Gc0xm5DLsKLQhK26e5EU&ts=1723810878&e=0"]},{"title":"Tri háje - byt 205","address":"Kpt. Nálepku, Liptovský Mikuláš, okres Liptovský Mikuláš","rooms":1,"meters":52,"totalPrice":141900,"meterSquarePrice":2,"link":"https://www.nehnutelnosti.sk/detail/JuKrI5QJ3M0/tri-haje-byt-205","imagesUrls":["https://img.unitedclassifieds.sk/foto/NjAweDMzOC9maWx0ZXJzOnF1YWxpdHkoMTAwKS9yc2Y=/T5qFAlB5G_fss?st=40AhOT9DDzSEgspUmmc6fB7FbByWjyyUeuvkvx9W1w0&ts=1693212119&e=0"]},{"title":"Tri háje - apartmán 202","address":"Kpt. Nálepku, Liptovský Mikuláš, okres Liptovský Mikuláš","rooms":2,"meters":99,"totalPrice":151900,"meterSquarePrice":0,"link":"https://www.nehnutelnosti.sk/detail/JuRAtlpxltx/tri-haje-apartman-202","imagesUrls":["https://img.unitedclassifieds.sk/foto/NjAweDMzOC9maWx0ZXJzOnF1YWxpdHkoMTAwKS9yc2Y=/h08h0wzjt_fss?st=X_YQPBAfjFcMXw5oSPlpbN7gnjZAmDtfyMqtt5WRM6Q&ts=1690968135&e=0"]},{"title":"Tri háje - byt 410","address":"Kpt. Nálepku, Liptovský Mikuláš, okres Liptovský Mikuláš","rooms":4,"meters":122,"totalPrice":369900,"meterSquarePrice":6,"link":"https://www.nehnutelnosti.sk/detail/Ju-_oopOTuz/tri-haje-byt-410","imagesUrls":["https://img.unitedclassifieds.sk/foto/NjAweDMzOC9maWx0ZXJzOnF1YWxpdHkoMTAwKS9qdWw=/tTa_82QFv_fss?st=BvHReG9ZA4REEuXjeXG2sZdmjStJyPyDTSEUj2HsFOg&ts=1724068586&e=0"]},{"title":"4-izbový byt po rekonštrukcií na sídlisku Ťahanovce","address":"Budapeštianska 12, Košice I - Sídlisko Ťahanovce, okres Košice","rooms":4,"meters":90,"totalPrice":198500,"meterSquarePrice":6,"link":"https://www.nehnutelnosti.sk/detail/JuDAhOWUaM1/4-izbovy-byt-po-rekonstrukcii-na-sidlisku-tahanovce","imagesUrls":["https://img.nehnutelnosti.sk/foto/NjAweDMzOC9maWx0ZXJzOnF1YWxpdHkoMTAwKS9uZWg=/xO_4xNizx_fss?st=d5f2v8kN8y917b8rVuLNc2SGiph8YxElZV7Vj6sHrv8&ts=1724067030&e=0"]},{"title":"REZERVOVANÝ. Slnečný 3 izbový byt s balkónom na Saratovskej ulici v Leviciach","address":"Perecká ul., Levice, okres Levice","rooms":3,"meters":66,"totalPrice":84900,"meterSquarePrice":6,"link":"https://www.nehnutelnosti.sk/detail/Ju2dlmzxYm0/rezervovany-slnecny-3-izbovy-byt-s-balkonom-na-saratovskej-ulici-v-leviciach","imagesUrls":["https://img.unitedclassifieds.sk/foto/NjAweDMzOC9maWx0ZXJzOnF1YWxpdHkoMTAwKS9qdWw=/-gNwcHaTv_fss?st=jBMae2WRXPMWJtN5MfGLoyS6N4MO8m6HavaY4ZqMYLU&ts=1724063313&e=0"]},{"title":"NA PREDAJ 3,5 IZBOVÝ BYT TRENČÍN, POD SOKOLICE","address":"Pod Sokolice, Trenčín, okres Trenčín","rooms":3,"meters":73,"totalPrice":160000,"meterSquarePrice":8,"link":"https://www.nehnutelnosti.sk/detail/JuOsGxdBxZc/na-predaj-3-5-izbovy-byt-trencin-pod-sokolice","imagesUrls":["https://img.nehnutelnosti.sk/foto/NjAweDMzOC9maWx0ZXJzOnF1YWxpdHkoMTAwKS9uZWg=/Q5diGXBDbR_fss?st=7PFbfe8x-5bibdbFVBH_kaEmtSzSjU9ZK3qNt-Za_gs&ts=1725113843&e=0"]},{"title":"Ponúkame Vám na predaj 2i byt na sídlisku Sever.","address":"Prievidza, okres Prievidza","rooms":2,"meters":44,"totalPrice":95000,"meterSquarePrice":9,"link":"https://www.nehnutelnosti.sk/detail/JuyBGLM8Jaa/ponukame-vam-na-predaj-2i-byt-na-sidlisku-sever","imagesUrls":["https://img.nehnutelnosti.sk/foto/NjAweDMzOC9maWx0ZXJzOnF1YWxpdHkoMTAwKS9uZWg=/p7nhQ9Z1c_fss?st=iq4TmqGMIIK_5X82m0liY9A7DDAi69Dc6knmJtDsrcU&ts=1724060991&e=0"]},{"title":"*EXKLUZÍVNE* Na predaj útulný 2-izbový byt v Malackách","address":"D. Skuteckého, Malacky, okres Malacky","rooms":2,"meters":37,"totalPrice":98000,"meterSquarePrice":5,"link":"https://www.nehnutelnosti.sk/detail/Jum60EtYqY4/exkluzivne-na-predaj-utulny-2-izbovy-byt-v-malackach","imagesUrls":["https://img.unitedclassifieds.sk/foto/NjAweDMzOC9maWx0ZXJzOnF1YWxpdHkoMTAwKS9qdWw=/Ih9y--zn0_fss?st=EYnxOEvw2KDqWfMJ8pkU_L4Y2RmHgt4gdQsTgnORmSs&ts=1724060259&e=0"]},{"title":"Ponúkame Vám na predaj 3 izbový byt v meste Veľké Kapušany.","address":"P. O. Hviezdoslava, Veľké Kapušany, okres Michalovce","rooms":3,"meters":62,"totalPrice":39000,"meterSquarePrice":3,"link":"https://www.nehnutelnosti.sk/detail/JuZ7PaaGOav/ponukame-vam-na-predaj-3-izbovy-byt-v-meste-velke-kapusany","imagesUrls":["https://img.unitedclassifieds.sk/foto/NjAweDMzOC9maWx0ZXJzOnF1YWxpdHkoMTAwKS9yc2Y=/MOklpojeX_fss?st=m5mZYAnx5RcwK_hsSDhqmcqeqJvFfZ5DggrMy_BkGaU&ts=1682526151&e=0"]},{"title":"PEKNÝ 2 IZBOVÝ BYT S KRÁSNÝM VÝHĽADOM","address":"Z. Fábryho, Kráľovský Chlmec, okres Trebišov","rooms":2,"meters":55,"totalPrice":42000,"meterSquarePrice":4,"link":"https://www.nehnutelnosti.sk/detail/Ju_ltzhzTQv/pekny-2-izbovy-byt-s-krasnym-vyhladom","imagesUrls":["https://img.unitedclassifieds.sk/foto/NjAweDMzOC9maWx0ZXJzOnF1YWxpdHkoMTAwKS9yc2Y=/uqtKHAovl_fss?st=arZ82taZmBJZFuHMgSYxulTQmPEN_dp06ALPknw4Pf8&ts=1682704326&e=0"]},{"title":"Zariadený 3 izbový byt s loggiou","address":"Kráľovský Chlmec, okres Trebišov","rooms":3,"meters":67,"totalPrice":56000,"meterSquarePrice":8,"link":"https://www.nehnutelnosti.sk/detail/Ju-Hl8MsYU1/zariadeny-3-izbovy-byt-s-loggiou","imagesUrls":["https://img.unitedclassifieds.sk/foto/NjAweDMzOC9maWx0ZXJzOnF1YWxpdHkoMTAwKS9yc2Y=/W8KM7IbzF_fss?st=kbdWCS0WeArta2VtAwJS9ytwLs9VSIQF7wahvCr4NwA&ts=1692123610&e=0"]},{"title":"2 izbový byt vo Veľkých Kapušanoch","address":"P. O. Hviezdoslava, Veľké Kapušany, okres Michalovce","rooms":2,"meters":56,"totalPrice":38000,"meterSquarePrice":7,"link":"https://www.nehnutelnosti.sk/detail/JuEt4QnrPBX/2-izbovy-byt-vo-velkych-kapusanoch","imagesUrls":["https://img.unitedclassifieds.sk/foto/NjAweDMzOC9maWx0ZXJzOnF1YWxpdHkoMTAwKS9qdWw=/f_bkJskWg_fss?st=bU6BB-4funJUGHexJSlefDgwC-B042L7Are1qz2izK8&ts=1697964573&e=0"]},{"title":"2 izbový byt s balkónom v Čiernej nad Tisou","address":"Zimná, Čierna nad Tisou, okres Trebišov","rooms":2,"meters":54,"totalPrice":29000,"meterSquarePrice":2,"link":"https://www.nehnutelnosti.sk/detail/JudK04nTFsz/2-izbovy-byt-s-balkonom-v-ciernej-nad-tisou","imagesUrls":["https://img.unitedclassifieds.sk/foto/NjAweDMzOC9maWx0ZXJzOnF1YWxpdHkoMTAwKS9qdWw=/bcvBCc4yh_fss?st=a6M1IfmPgKquHUkkGguC10jharKPwO0gwISYaVa0_bo&ts=1708378445&e=0"]},{"title":"3 izbový byt v Kráľovskom Chlmci","address":"Ľ. Kossutha, Kráľovský Chlmec, okres Trebišov","rooms":3,"meters":72,"totalPrice":45000,"meterSquarePrice":7,"link":"https://www.nehnutelnosti.sk/detail/JuKg52blcra/3-izbovy-byt-v-kralovskom-chlmci","imagesUrls":["https://img.unitedclassifieds.sk/foto/NjAweDMzOC9maWx0ZXJzOnF1YWxpdHkoMTAwKS9qdWw=/B3v0XKLqH_fss?st=GmJ30G8t-RJTYMyK74aKRb1_SvBN3Hiwi9iFqogQoJA&ts=1707467051&e=0"]},{"title":"Priestranný 2 izbový byt","address":"Hlavná, Čierna nad Tisou, okres Trebišov","rooms":2,"meters":67,"totalPrice":31000,"meterSquarePrice":2,"link":"https://www.nehnutelnosti.sk/detail/JuYFZdBBibJ/priestranny-2-izbovy-byt","imagesUrls":["https://img.unitedclassifieds.sk/foto/NjAweDMzOC9maWx0ZXJzOnF1YWxpdHkoMTAwKS9qdWw=/2g-ebUh6eC_fss?st=P9uVmmkuwu0W9Tf_vzjwnfbrI_saW5QhZIvr49Y4few&ts=1711103271&e=0"]},{"title":"1 izbový byt, Trebišov - Ladislava Sáru","address":"L. Sáru, Trebišov, okres Trebišov","rooms":1,"meters":33,"totalPrice":55000,"meterSquarePrice":7,"link":"https://www.nehnutelnosti.sk/detail/Juwe3WzsNJU/1-izbovy-byt-trebisov-ladislava-saru","imagesUrls":["https://img.unitedclassifieds.sk/foto/NjAweDMzOC9maWx0ZXJzOnF1YWxpdHkoMTAwKS9qdWw=/1YeUQEm8b_fss?st=_Xz79m9IPa5MkMB9zmJxo4c_1B5dYII1AdvGXB0WBSY&ts=1712866348&e=0"]},{"title":"3 izbový byt - Kráľovský Chlmec - M. Helmecziho","address":"M. Helmecziho, Kráľovský Chlmec, okres Trebišov","rooms":3,"meters":56,"totalPrice":28000,"meterSquarePrice":0,"link":"https://www.nehnutelnosti.sk/detail/Ju-eEtXq-X9/3-izbovy-byt-kralovsky-chlmec-m-helmecziho","imagesUrls":["https://img.unitedclassifieds.sk/foto/NjAweDMzOC9maWx0ZXJzOnF1YWxpdHkoMTAwKS9qdWw=/0CWxax32W_fss?st=p_zp9LMGMWQRbXdNDaGjbrIxAgCim9a_Pc36Px_tocA&ts=1711107015&e=0"]},{"title":"Slnečný 2 izbový byt v Kráľovskom Chlmci","address":"Ľ. Kossutha, Kráľovský Chlmec, okres Trebišov","rooms":2,"meters":66,"totalPrice":36000,"meterSquarePrice":5,"link":"https://www.nehnutelnosti.sk/detail/Julfq0uIgOu/slnecny-2-izbovy-byt-v-kralovskom-chlmci","imagesUrls":["https://img.unitedclassifieds.sk/foto/NjAweDMzOC9maWx0ZXJzOnF1YWxpdHkoMTAwKS9qdWw=/RZjQmKXdh_fss?st=dj7dZs4q_Uid-_LFnjoFXZAySg81dh9HqBEhC7KmMiQ&ts=1716526917&e=0"]},{"title":"Útulný 2 izbový byt v Kráľovskom Chlmci","address":"Ľ. Kossutha, Kráľovský Chlmec, okres Trebišov","rooms":2,"meters":70,"totalPrice":28000,"meterSquarePrice":3,"link":"https://www.nehnutelnosti.sk/detail/JuVjogveLJ4/utulny-2-izbovy-byt-v-kralovskom-chlmci","imagesUrls":["https://img.unitedclassifieds.sk/foto/NjAweDMzOC9maWx0ZXJzOnF1YWxpdHkoMTAwKS9qdWw=/6fXSXylC2_fss?st=wYu8BAyp7-Vj2TeBvqEsAudiG4jAhqRLqdeRgC9pZKU&ts=1716838842&e=0"]},{"title":"3 izbový byt s balkónom v Kráľovskom Chlmci","address":"Z. Fábryho, Kráľovský Chlmec, okres Trebišov","rooms":3,"meters":74,"totalPrice":58000,"meterSquarePrice":8,"link":"https://www.nehnutelnosti.sk/detail/JuDcBzv9sg8/3-izbovy-byt-s-balkonom-v-kralovskom-chlmci","imagesUrls":["https://img.unitedclassifieds.sk/foto/NjAweDMzOC9maWx0ZXJzOnF1YWxpdHkoMTAwKS9qdWw=/pIqRKS3Y1_fss?st=f9KmCFdUJpBvSbd0YJRdUrkUxHJ2HrtFtbtSIEmvj-8&ts=1715152575&e=0"]},{"title":"Zrekonštruovaný 3-izbový byt vo Veľkých Kapušanoch","address":"Centrum I, Veľké Kapušany, okres Michalovce","rooms":3,"meters":68,"totalPrice":60000,"meterSquarePrice":1,"link":"https://www.nehnutelnosti.sk/detail/JukXQA8w7O0/zrekonstruovany-3-izbovy-byt-vo-velkych-kapusanoch","imagesUrls":["https://img.unitedclassifieds.sk/foto/NjAweDMzOC9maWx0ZXJzOnF1YWxpdHkoMTAwKS9qdWw=/gbHwqRlo7_fss?st=JuBNOJ4r7nlxbbtMEFpMCYsgDW3jY6Dx-aEvKzjZ-EY&ts=1717004068&e=0"]},{"title":"Štýlový 3-izbový byt po kompletnej rekonštrukcii","address":"P. O. Hviezdoslava, Veľké Kapušany, okres Michalovce","rooms":3,"meters":65,"totalPrice":58000,"meterSquarePrice":1,"link":"https://www.nehnutelnosti.sk/detail/JuPtIb2ifDD/stylovy-3-izbovy-byt-po-kompletnej-rekonstrukcii","imagesUrls":["https://img.unitedclassifieds.sk/foto/NjAweDMzOC9maWx0ZXJzOnF1YWxpdHkoMTAwKS9qdWw=/T4img7xt4_fss?st=M2CFXSnpshptagB8E7EvUPm9BVqIHGqZzuwpFKClRhk&ts=1723463133&e=0"]},{"title":"PREDAJ 2izb. rozľahlého bytu KOLOSEO - Tomašikova ul., BA III","address":"Tomášikova, Bratislava III - Nové Mesto, okres Bratislava","rooms":2,"meters":63,"totalPrice":245000,"meterSquarePrice":0,"link":"https://www.nehnutelnosti.sk/detail/JuXOT5p8Qmb/predaj-2izb-rozlahleho-bytu-koloseo-tomasikova-ul-ba-iii","imagesUrls":["https://img.nehnutelnosti.sk/foto/NjAweDMzOC9maWx0ZXJzOnF1YWxpdHkoMTAwKS9uZWg=/gtn_T5zVYw_fss?st=2mSpeL4yJ79Hwd2_kJlJGgNyfHNrczSrG_LbcGJ4H-I&ts=1722765610&e=0"]},{"title":"Predaj 3i.byt,Chminianska N.Ves,okr.Prešov, kompl.rekonštr.,70m2, loggia,Garáž","address":"Chminianska Nová Ves, okres Prešov","rooms":3,"meters":62,"totalPrice":125000,"meterSquarePrice":3,"link":"https://www.nehnutelnosti.sk/detail/JuWxV39CcIk/predaj-3i-byt-chminianska-n-ves-okr-presov-kompl-rekonstr-70m2-loggia-garaz","imagesUrls":["https://img.unitedclassifieds.sk/foto/NjAweDMzOC9maWx0ZXJzOnF1YWxpdHkoMTAwKS9qdWw=/wODLGZHqb_fss?st=S2SuGfPWSAO325q32Ao2mREBoqUwoHaLWhnAtdTibv4&ts=1724057312&e=0"]}]