[{"title":"EXKLUZÍVNE 3i investičný rekreačný apartmán, Poráčska dolina, okres Spišská Nová Ves","address":"Poráčska dolina, Poráč, okres Spišská Nová Ves","rooms":null,"meters":61,"totalPrice":180000,"meterSquarePrice":8,"link":"https://www.nehnutelnosti.sk/detail/JuUYeobxdE4/exkluzivne-3i-investicny-rekreacny-apartman-poracska-dolina-okres-spisska-nova-ves","imagesUrls":["https://img.nehnutelnosti.sk/foto/NjAweDMzOC9maWx0ZXJzOnF1YWxpdHkoMTAwKS9uZWg=/Fc8Yg6oo5_fss?st=R9JUdA6tE2Mazsur6vGu1hSB21cTSoDnesDr8Wm-z2I&ts=1724746120&e=0"]},{"title":"EXKLUZÍVNE Garsónka, Koceľova ul., Spišská Nová Ves","address":"Spišská Nová Ves, okres Spišská Nová Ves","rooms":null,"meters":22,"totalPrice":68000,"meterSquarePrice":1,"link":"https://www.nehnutelnosti.sk/detail/JuEfZC95mo2/exkluzivne-garsonka-kocelova-ul-spisska-nova-ves","imagesUrls":["https://img.nehnutelnosti.sk/foto/NjAweDMzOC9maWx0ZXJzOnF1YWxpdHkoMTAwKS9uZWg=/MGNhW7hwv_fss?st=sUA5PHnBTQe-NlmaPkJeFH4tIUM3EPWzgLS_vHpgr18&ts=1726483248&e=0"]},{"title":"EXKLUZÍVNE 3i investičný rekreačný apartmán, Poráčska dolina, okres Spišská Nová Ves","address":"Poráčska dolina, Poráč, okres Spišská Nová Ves","rooms":null,"meters":61,"totalPrice":180000,"meterSquarePrice":5,"link":"https://www.nehnutelnosti.sk/detail/JuYYxU6CSiI/exkluzivne-3i-investicny-rekreacny-apartman-poracska-dolina-okres-spisska-nova-ves","imagesUrls":["https://img.nehnutelnosti.sk/foto/NjAweDMzOC9maWx0ZXJzOnF1YWxpdHkoMTAwKS9uZWg=/Vi-W4zMl5j_fss?st=QAooaSRLUg7UmCots43zM_UymTUeGbd5XLRIfJJcC24&ts=1724746124&e=0"]},{"title":"EXKLUZÍVNE 3i byt s loggiou, sídl. Tarča, Spišská Nová Ves","address":"Spišská Nová Ves, okres Spišská Nová Ves","rooms":3,"meters":74,"totalPrice":146000,"meterSquarePrice":5,"link":"https://www.nehnutelnosti.sk/detail/JuLvv5pWKQR/exkluzivne-3i-byt-s-loggiou-sidl-tarca-spisska-nova-ves","imagesUrls":["https://img.nehnutelnosti.sk/foto/NjAweDMzOC9maWx0ZXJzOnF1YWxpdHkoMTAwKS9uZWg=/CHyDEyZcCi_fss?st=nc7tZWmqVhxrLE3wOtMEKx_kLzE9vg0A1b-533J3dVk&ts=1726317265&e=0"]},{"title":"EXKLUZÍVNE 3 izbový byt s loggiou, sídlisko Západ, Levoča","address":"Jozefa Czauczika, Levoča, okres Levoča","rooms":3,"meters":65,"totalPrice":109000,"meterSquarePrice":6,"link":"https://www.nehnutelnosti.sk/detail/JuiRrWQiOSl/exkluzivne-3-izbovy-byt-s-loggiou-sidlisko-zapad-levoca","imagesUrls":["https://img.nehnutelnosti.sk/foto/NjAweDMzOC9maWx0ZXJzOnF1YWxpdHkoMTAwKS9uZWg=/lN4Jn-h1t_fss?st=qrd1d_oUvVd5Z2dT7yocfnq1xAHm1N6md5JdDad8Bxk&ts=1727027246&e=0"]},{"title":"3 izbový byt s balkónom, Medza, Spišská Nová Ves","address":"Medza, Spišská Nová Ves, okres Spišská Nová Ves","rooms":3,"meters":96,"totalPrice":225000,"meterSquarePrice":5,"link":"https://www.nehnutelnosti.sk/detail/JuIlpjPShFL/3-izbovy-byt-s-balkonom-medza-spisska-nova-ves","imagesUrls":["https://img.nehnutelnosti.sk/foto/NjAweDMzOC9maWx0ZXJzOnF1YWxpdHkoMTAwKS9uZWg=/0-N8b6Tstj_fss?st=AxecP2dXmNfQACOjcHp2uJV5MLwWitDz9K0DEE6RUtQ&ts=1726304565&e=0"]},{"title":"EXKLUZÍVNE Novostavba 3i byt s balkónom a parkovacím miestom, obec Danišovce, okres Spišská Nová Ves","address":"Danišovce, okres Spišská Nová Ves","rooms":3,"meters":87,"totalPrice":176000,"meterSquarePrice":7,"link":"https://www.nehnutelnosti.sk/detail/JuFBLXIPVYX/exkluzivne-novostavba-3i-byt-s-balkonom-a-parkovacim-miestom-obec-danisovce-okres-spisska-nova-ves","imagesUrls":["https://img.nehnutelnosti.sk/foto/NjAweDMzOC9maWx0ZXJzOnF1YWxpdHkoMTAwKS9uZWg=/eQ_JBjzUD_fss?st=q0OZkBpQ8OymWN4QSNXUz__TEDVpFc7HCh8dFR9Nw4E&ts=1727027234&e=0"]},{"title":"EXKLUZÍVNE Novostavba 2i byt s terasou a parkovacím miestom, obec Danišovce, okres Spišská Nová Ves","address":"Danišovce, okres Spišská Nová Ves","rooms":2,"meters":49,"totalPrice":109000,"meterSquarePrice":0,"link":"https://www.nehnutelnosti.sk/detail/JuBAvtD3C9-/exkluzivne-novostavba-2i-byt-s-terasou-a-parkovacim-miestom-obec-danisovce-okres-spisska-nova-ves","imagesUrls":["https://img.nehnutelnosti.sk/foto/NjAweDMzOC9maWx0ZXJzOnF1YWxpdHkoMTAwKS9uZWg=/P9in6mPXj_fss?st=qhOaNwkq0TeC5uZ_i0aaa9a9btqA-u5vogk9VWiiY5s&ts=1724670412&e=0"]},{"title":"EXKLUZÍVNE Novostavba 3i byt s balkónom a parkovacím miestom, obec Danišovce, okres Spišská Nová Ves","address":"Danišovce, okres Spišská Nová Ves","rooms":3,"meters":64,"totalPrice":147800,"meterSquarePrice":7,"link":"https://www.nehnutelnosti.sk/detail/Jub6UHftkTL/exkluzivne-novostavba-3i-byt-s-balkonom-a-parkovacim-miestom-obec-danisovce-okres-spisska-nova-ves","imagesUrls":["https://img.nehnutelnosti.sk/foto/NjAweDMzOC9maWx0ZXJzOnF1YWxpdHkoMTAwKS9uZWg=/3_vz3T7P2_fss?st=6iARyF02ija-vtC1_wtChkrePvOhG4vYhX6WarutDks&ts=1724670415&e=0"]},{"title":"EXKLUZÍVNE Novostavba 3i byt s balkónom a parkovacím miestom, obec Danišovce, okres Spišská Nová Ves","address":"Danišovce, okres Spišská Nová Ves","rooms":3,"meters":63,"totalPrice":146400,"meterSquarePrice":9,"link":"https://www.nehnutelnosti.sk/detail/Jun5Z5lDn0d/exkluzivne-novostavba-3i-byt-s-balkonom-a-parkovacim-miestom-obec-danisovce-okres-spisska-nova-ves","imagesUrls":["https://img.nehnutelnosti.sk/foto/NjAweDMzOC9maWx0ZXJzOnF1YWxpdHkoMTAwKS9uZWg=/tDDsgolK_y_fss?st=XNFTAjFmbLCmCqgQqHQjDaFhdPDdp79-1gxkL4rC-mo&ts=1724670427&e=0"]},{"title":"EXKLUZÍVNE 4i mezonet s pozemkom a parkovaním, Novoveská Huta, Spišská Nová Ves","address":"Spišská Nová Ves, okres Spišská Nová Ves","rooms":null,"meters":125,"totalPrice":230000,"meterSquarePrice":3,"link":"https://www.nehnutelnosti.sk/detail/JuBG67ctQ5Q/exkluzivne-4i-mezonet-s-pozemkom-a-parkovanim-novoveska-huta-spisska-nova-ves","imagesUrls":["https://img.nehnutelnosti.sk/foto/NjAweDMzOC9maWx0ZXJzOnF1YWxpdHkoMTAwKS9uZWg=/rAnMSRYdiY_fss?st=1tQCbRBTXjFwerwLKCCTbGnRGrCp5vkXhr9jsnAM00o&ts=1722143186&e=0"]},{"title":"EXKLUZÍVNE Garsónka, Koceľova, Spišská Nová Ves","address":"Spišská Nová Ves, okres Spišská Nová Ves","rooms":null,"meters":25,"totalPrice":49900,"meterSquarePrice":6,"link":"https://www.nehnutelnosti.sk/detail/JuKosjp2aWY/exkluzivne-garsonka-kocelova-spisska-nova-ves","imagesUrls":["https://img.nehnutelnosti.sk/foto/NjAweDMzOC9maWx0ZXJzOnF1YWxpdHkoMTAwKS9uZWg=/LPrH5Saf9B_fss?st=elfIMQkXiyG-GNS4K47K53D6l20ZyUX2Va3oLm9sG0E&ts=1722784758&e=0"]},{"title":"EXKLUZÍVNE 3i byt s loggiou, Za Hornádom, Spišská Nová Ves","address":"Spišská Nová Ves, okres Spišská Nová Ves","rooms":3,"meters":72,"totalPrice":120000,"meterSquarePrice":4,"link":"https://www.nehnutelnosti.sk/detail/JuiVjI2g7pO/exkluzivne-3i-byt-s-loggiou-za-hornadom-spisska-nova-ves","imagesUrls":["https://img.nehnutelnosti.sk/foto/NjAweDMzOC9maWx0ZXJzOnF1YWxpdHkoMTAwKS9uZWg=/HuTZVW_a6g_fss?st=q1Xxt4uviKNslECd7tTjgchnmIRkJmPITUnEQ8j-az0&ts=1726884023&e=0"]},{"title":"Exkluzívne 2 izbový byt s loggiou, sídlisko Mier, Spišská Nová Ves","address":"Spišská Nová Ves, okres Spišská Nová Ves","rooms":2,"meters":57,"totalPrice":99000,"meterSquarePrice":4,"link":"https://www.nehnutelnosti.sk/detail/JuQ0aCDwUPT/exkluzivne-2-izbovy-byt-s-loggiou-sidlisko-mier-spisska-nova-ves","imagesUrls":["https://img.nehnutelnosti.sk/foto/NjAweDMzOC9maWx0ZXJzOnF1YWxpdHkoMTAwKS9uZWg=/uAy7YqGr8R_fss?st=nmNi2qq8VYtB3y57_X8z-qd_10ib_oezxgaRF6ZuTIA&ts=1720974945&e=0"]},{"title":"3 izbový byt s loggiou, sídlisko Západ, Levoča","address":"Viktora Greschika, Levoča, okres Levoča","rooms":3,"meters":69,"totalPrice":null,"meterSquarePrice":null,"link":"https://www.nehnutelnosti.sk/detail/JuJRnGWsTnd/3-izbovy-byt-s-loggiou-sidlisko-zapad-levoca","imagesUrls":["https://img.nehnutelnosti.sk/foto/NjAweDMzOC9maWx0ZXJzOnF1YWxpdHkoMTAwKS9uZWg=/jvH028ClP_fss?st=-NCd9eJeKkXp4G0wyXbQv78VGBrQMbQKTiatCgGbrUQ&ts=1726065824&e=0"]},{"title":"EXKLUZÍVNE 3i byt, centrum, Spišská Nová Ves","address":"Spišská Nová Ves, okres Spišská Nová Ves","rooms":3,"meters":54,"totalPrice":124000,"meterSquarePrice":7,"link":"https://www.nehnutelnosti.sk/detail/JuOe5N5x0tl/exkluzivne-3i-byt-centrum-spisska-nova-ves","imagesUrls":["https://img.nehnutelnosti.sk/foto/NjAweDMzOC9maWx0ZXJzOnF1YWxpdHkoMTAwKS9uZWg=/uaU8PCmPy-_fss?st=sVui1uBEwDFSkWW9bfto260-k2OSwdWkqc6BJygKlZg&ts=1725100871&e=0"]},{"title":"EXKLUZÍVNE 2i byt (dispozične upravený na 3i), centrum, Spišská Nová Ves","address":"Spišská Nová Ves, okres Spišská Nová Ves","rooms":2,"meters":55,"totalPrice":97000,"meterSquarePrice":9,"link":"https://www.nehnutelnosti.sk/detail/JuJynSvpgP9/exkluzivne-2i-byt-dispozicne-upraveny-na-3i-centrum-spisska-nova-ves","imagesUrls":["https://img.nehnutelnosti.sk/foto/NjAweDMzOC9maWx0ZXJzOnF1YWxpdHkoMTAwKS9uZWg=/86-MwudjQ_fss?st=pxFw8O_SxJY_UbT5neXxaNM0mygjsXwtHCpFQhgUiZs&ts=1726933625&e=0"]},{"title":"EXKLUZÍVNE 3 izbový byt s francúzskym balkónom, centrum, Sp. Nová Ves","address":"Slovenská, Spišská Nová Ves, okres Spišská Nová Ves","rooms":3,"meters":62,"totalPrice":120000,"meterSquarePrice":7,"link":"https://www.nehnutelnosti.sk/detail/JuU72SEJUql/exkluzivne-3-izbovy-byt-s-francuzskym-balkonom-centrum-sp-nova-ves","imagesUrls":["https://img.nehnutelnosti.sk/foto/NjAweDMzOC9maWx0ZXJzOnF1YWxpdHkoMTAwKS9uZWg=/52NM_fK0r9_fss?st=KvtVX5F8KgL_HmSFI9rr4hDBJKJeDT-lzctYgPh2ERI&ts=1723539711&e=0"]},{"title":"Exkluzívne apartmán, 31 m2, Zimná ul., Spišská Nová Ves","address":"Zimná, Spišská Nová Ves, okres Spišská Nová Ves","rooms":null,"meters":31,"totalPrice":120000,"meterSquarePrice":7,"link":"https://www.nehnutelnosti.sk/detail/JudxjZynAi2/exkluzivne-apartman-31-m2-zimna-ul-spisska-nova-ves","imagesUrls":["https://img.nehnutelnosti.sk/foto/NjAweDMzOC9maWx0ZXJzOnF1YWxpdHkoMTAwKS9uZWg=/pVz2L46Zz_fss?st=2kImeRw8TsbxJzbJZnOGewD_Qfia80mv4D3B5GskY8s&ts=1722591208&e=0"]},{"title":"EXKLUZÍVNE 4 izbový mezonet s balkónom, loggiou, centrum, Sp. Nová Ves","address":"Spišská Nová Ves, okres Spišská Nová Ves","rooms":3,"meters":87,"totalPrice":169990,"meterSquarePrice":4,"link":"https://www.nehnutelnosti.sk/detail/JuCWVvfho2H/exkluzivne-4-izbovy-mezonet-s-balkonom-loggiou-centrum-sp-nova-ves","imagesUrls":["https://img.nehnutelnosti.sk/foto/NjAweDMzOC9maWx0ZXJzOnF1YWxpdHkoMTAwKS9uZWg=/N4BwlCc34T_fss?st=RLtwKpX__u73Kn6LZgUgqo3S20ZxDNHFAjtDVppA6n4&ts=1726166048&e=0"]},{"title":"EXKLUZÍVNE 1 izbový byt, sídlisko Západ, Spišská Nová Ves","address":"Tkáčska, Spišská Nová Ves, okres Spišská Nová Ves","rooms":1,"meters":35,"totalPrice":79000,"meterSquarePrice":1,"link":"https://www.nehnutelnosti.sk/detail/JurrWmKg4OP/exkluzivne-1-izbovy-byt-sidlisko-zapad-spisska-nova-ves","imagesUrls":["https://img.nehnutelnosti.sk/foto/NjAweDMzOC9maWx0ZXJzOnF1YWxpdHkoMTAwKS9uZWg=/ta4kYXDlu_fss?st=Xy7fb-7PCiETo81hYmBjHQntA5gpZBD_XJmsCrJ-GFM&ts=1719321240&e=0"]},{"title":"VÝRAZNE ZNÍŽENÁ CENA Exkluzívne 2 izbový byt, sídlisko Pri Prameni, Levoča","address":"Milana Rastislava Štefánika, Levoča, okres Levoča","rooms":2,"meters":53,"totalPrice":79000,"meterSquarePrice":9,"link":"https://www.nehnutelnosti.sk/detail/Ju_uh44hBZs/vyrazne-znizena-cena-exkluzivne-2-izbovy-byt-sidlisko-pri-prameni-levoca","imagesUrls":["https://img.nehnutelnosti.sk/foto/NjAweDMzOC9maWx0ZXJzOnF1YWxpdHkoMTAwKS9uZWg=/ExPd-EItv_fss?st=e5fMB_84Vzt23tnIl5ibQgGNnATKawWAyTDmnR-0TCY&ts=1726933619&e=0"]},{"title":"EXKLUZÍVNE nadštandardný 3i byt s terasou, garážou, altánom, Smižany","address":"Jabloňová, Smižany, okres Spišská Nová Ves","rooms":3,"meters":97,"totalPrice":239000,"meterSquarePrice":6,"link":"https://www.nehnutelnosti.sk/detail/Jub7HpB4sTP/exkluzivne-nadstandardny-3i-byt-s-terasou-garazou-altanom-smizany","imagesUrls":["https://img.nehnutelnosti.sk/foto/NjAweDMzOC9maWx0ZXJzOnF1YWxpdHkoMTAwKS9uZWg=/a7P_PIPbwU_fss?st=jQoF6zllSaEsXgfWy2s1-TL1ApD8L8EMtKxKkt1yaws&ts=1726490160&e=0"]},{"title":"2 izbové byty, novostavba, Zelené údolie, Spišská Nová Ves","address":"Spišská Nová Ves, okres Spišská Nová Ves","rooms":2,"meters":null,"totalPrice":null,"meterSquarePrice":null,"link":"https://www.nehnutelnosti.sk/detail/Jua17wbdmTX/2-izbove-byty-novostavba-zelene-udolie-spisska-nova-ves","imagesUrls":["https://img.nehnutelnosti.sk/foto/NjAweDMzOC9maWx0ZXJzOnF1YWxpdHkoMTAwKS9uZWg=/t41fFxI7X2_fss?st=dq0nsHicCqvEKk9mTF1RY5XU2oAKXk9aWXZdpytARA8&ts=1723459742&e=0"]},{"title":"3 izbové byty, novostavba, Zelené údolie, Spišská Nová Ves","address":"Spišská Nová Ves, okres Spišská Nová Ves","rooms":3,"meters":null,"totalPrice":null,"meterSquarePrice":null,"link":"https://www.nehnutelnosti.sk/detail/JueFB6WVw8N/3-izbove-byty-novostavba-zelene-udolie-spisska-nova-ves","imagesUrls":["https://img.nehnutelnosti.sk/foto/NjAweDMzOC9maWx0ZXJzOnF1YWxpdHkoMTAwKS9uZWg=/xR34mX3znG_fss?st=1vpxdpnS2UoBMF630v5Rs5Es6VvhvigkIv5lPu5sx4E&ts=1723459745&e=0"]},{"title":"EXKLUZÍVNE Investičné rekreačné apartmány, Poráčska dolina, okres Spišská Nová Ves","address":"Poráč, okres Spišská Nová Ves","rooms":null,"meters":null,"totalPrice":null,"meterSquarePrice":null,"link":"https://www.nehnutelnosti.sk/detail/JurkubTaibb/exkluzivne-investicne-rekreacne-apartmany-poracska-dolina-okres-spisska-nova-ves","imagesUrls":["https://img.nehnutelnosti.sk/foto/NjAweDMzOC9maWx0ZXJzOnF1YWxpdHkoMTAwKS9uZWg=/gIixcU95O8_fss?st=SFvmtdagQ88g04rHXylVgkBULeLXeb0LG2FcJj8l3d8&ts=1724799477&e=0"]},{"title":"EXKLUZÍVNE: 4i mezonet s loggiou, centrum, Spišská Nová Ves","address":"Spišská Nová Ves, okres Spišská Nová Ves","rooms":null,"meters":114,"totalPrice":155000,"meterSquarePrice":5,"link":"https://www.nehnutelnosti.sk/detail/JuLJCi7QBYN/exkluzivne-4i-mezonet-s-loggiou-centrum-spisska-nova-ves","imagesUrls":["https://img.nehnutelnosti.sk/foto/NjAweDMzOC9maWx0ZXJzOnF1YWxpdHkoMTAwKS9uZWg=/sQDqFBU9C_fss?st=DfJElc3fVQgveglx8aS0OmRtX6rQ9-we02uUNx1U9xU&ts=1722832751&e=0"]},{"title":"2 izbový byt s terasou, záhradkou a vlastným parkovaním, Červený jarok, Spišská Nová Ves","address":"Limbová, Spišská Nová Ves, okres Spišská Nová Ves","rooms":2,"meters":60,"totalPrice":185000,"meterSquarePrice":3,"link":"https://www.nehnutelnosti.sk/detail/JuELmCAWKBB/2-izbovy-byt-s-terasou-zahradkou-a-vlastnym-parkovanim-cerveny-jarok-spisska-nova-ves","imagesUrls":["https://img.nehnutelnosti.sk/foto/NjAweDMzOC9maWx0ZXJzOnF1YWxpdHkoMTAwKS9uZWg=/4gRdGgB-c_fss?st=LsnxjHUBjgoRBm2JQAwmCu8SIXLWlQyPnh7HL-uZxck&ts=1725338907&e=0"]},{"title":"Exkluzívne 2 izbový apartmán s balkónom, 86m2, Zimná ul., Sp. Nová Ves","address":"Zimná, Spišská Nová Ves, okres Spišská Nová Ves","rooms":2,"meters":null,"totalPrice":null,"meterSquarePrice":null,"link":"https://www.nehnutelnosti.sk/detail/JuIiQ0dNipq/exkluzivne-2-izbovy-apartman-s-balkonom-86m2-zimna-ul-sp-nova-ves","imagesUrls":["https://img.nehnutelnosti.sk/foto/NjAweDMzOC9maWx0ZXJzOnF1YWxpdHkoMTAwKS9uZWg=/m_jX509xNA_fss?st=kgoRl3teN2681xJkxfM3XZ29bywbwHSUtpjmC2_bIt4&ts=1717603835&e=0"]},{"title":"Exkluzívne 3i podkrovný byt s balkónom, 133m2, Zimná ul., Sp. Nová Ves","address":"Zimná, Spišská Nová Ves, okres Spišská Nová Ves","rooms":3,"meters":null,"totalPrice":null,"meterSquarePrice":null,"link":"https://www.nehnutelnosti.sk/detail/JuNroDAwrIF/exkluzivne-3i-podkrovny-byt-s-balkonom-133m2-zimna-ul-sp-nova-ves","imagesUrls":["https://img.nehnutelnosti.sk/foto/NjAweDMzOC9maWx0ZXJzOnF1YWxpdHkoMTAwKS9uZWg=/y1mZQKRfsk_fss?st=x19-TL5fO4Lv7MjylXmUvH1kcb0PeoVy33rlwJHoceI&ts=1722348003&e=0"]}]