[{"title":"3 izbový byt s parkovacím miestom, novostavba, 77,44 m2 + 11,27 m2 terasa, RIVERSIDE PRIEVIDZA","address":"A.Stodolu, Prievidza, okres Prievidza","rooms":3,"meters":88,"totalPrice":175000,"meterSquarePrice":4,"link":"https://www.nehnutelnosti.sk/detail/Juq95qKh3UZ/3-izbovy-byt-s-parkovacim-miestom-novostavba-77-44-m2-11-27-m2-terasa-riverside-prievidza","imagesUrls":["https://img.nehnutelnosti.sk/foto/NjAweDMzOC9maWx0ZXJzOnF1YWxpdHkoMTAwKS9uZWg=/FB9WKEEu8_fss?st=yYFreBorjdmRHJln3dVOiPmcYSb8_2SIIgxueOhTXGI&ts=1716970597&e=0"]},{"title":"3-izbový byt na predaj, Košúty II., Martin","address":"Martin, okres Martin","rooms":3,"meters":69,"totalPrice":123000,"meterSquarePrice":1,"link":"https://www.nehnutelnosti.sk/detail/JuLu72OiDRj/3-izbovy-byt-na-predaj-kosuty-ii-martin","imagesUrls":["https://img.nehnutelnosti.sk/foto/NjAweDMzOC9maWx0ZXJzOnF1YWxpdHkoMTAwKS9uZWg=/f7eMjPjbR_fss?st=JFP5_qcKyIPNnsuLXxq9EIts7tUgeDTp45Ep4m-0hUQ&ts=1716833773&e=0"]},{"title":"Apartmán priamo v lyžiarskom stredisku, Jasná - Nízke Tatry","address":"Demänovská Dolina, Demänovská Dolina, okres Liptovský Mikuláš","rooms":null,"meters":93,"totalPrice":419000,"meterSquarePrice":8,"link":"https://www.nehnutelnosti.sk/detail/JuTlSK9-fn9/apartman-priamo-v-lyziarskom-stredisku-jasna-nizke-tatry","imagesUrls":["https://img.nehnutelnosti.sk/foto/NjAweDMzOC9maWx0ZXJzOnF1YWxpdHkoMTAwKS9uZWg=/MpnNtabnD_fss?st=MY1Wlk2mxQ-5XV52QPUj-7HJmVwXiqeDTZFUO7w0i4w&ts=1716209537&e=0"]},{"title":"2-izbový byt na predaj, Martin - Priekopa","address":"J.Marťáka, Martin, okres Martin","rooms":2,"meters":54,"totalPrice":95000,"meterSquarePrice":6,"link":"https://www.nehnutelnosti.sk/detail/JumqLIf52lJ/2-izbovy-byt-na-predaj-martin-priekopa","imagesUrls":["https://img.nehnutelnosti.sk/foto/NjAweDMzOC9maWx0ZXJzOnF1YWxpdHkoMTAwKS9uZWg=/h46LcuGXi_fss?st=Ry7VVvdzEsgqe42TRg5v6l1WRlXn3yXh1Z4N5IngHlA&ts=1716285122&e=0"]},{"title":"Na predaj 3 izbový byt v Komárne","address":"Komárno, Komárno, okres Komárno","rooms":3,"meters":74,"totalPrice":99900,"meterSquarePrice":0,"link":"https://www.nehnutelnosti.sk/detail/JuxByHsCec2/na-predaj-3-izbovy-byt-v-komarne","imagesUrls":["https://img.nehnutelnosti.sk/foto/NjAweDMzOC9maWx0ZXJzOnF1YWxpdHkoMTAwKS9uZWg=/kE7mBTxs4_fss?st=K9pubq3a7G51Jueioyn3sjac9YGelQ0ZYgzfdhmuiOs&ts=1716902386&e=0"]},{"title":"2-izbový byt na predaj, Jahodníky, Martin","address":"Martin, okres Martin","rooms":2,"meters":59,"totalPrice":null,"meterSquarePrice":null,"link":"https://www.nehnutelnosti.sk/detail/JuxlLf7RKKf/2-izbovy-byt-na-predaj-jahodniky-martin","imagesUrls":["https://img.nehnutelnosti.sk/foto/NjAweDMzOC9maWx0ZXJzOnF1YWxpdHkoMTAwKS9uZWg=/SJQWPSXdZ_fss?st=t2X7Tss4zXPCP7L-MP_M7LfAjS92Kv-xDLUYREP5eRk&ts=1715679967&e=0"]},{"title":"3 izbový byt s loggiou, /69m2/, Žilina - Solinky","address":"Žilina, okres Žilina","rooms":3,"meters":69,"totalPrice":null,"meterSquarePrice":null,"link":"https://www.nehnutelnosti.sk/detail/JuXuih0SulC/3-izbovy-byt-s-loggiou-69m2-zilina-solinky","imagesUrls":["https://img.nehnutelnosti.sk/foto/NjAweDMzOC9maWx0ZXJzOnF1YWxpdHkoMTAwKS9uZWg=/kpuJnPtM6_fss?st=M4Y4TNEotJML-RrXNqcYXQsnnZ4wCHs_pP4D_yEPV8s&ts=1715614267&e=0"]},{"title":"3 izbový byt na predaj, M.Hodžu, Staré Mesto, Prievidza","address":"M.Hodžu, Prievidza, okres Prievidza","rooms":3,"meters":65,"totalPrice":81000,"meterSquarePrice":1,"link":"https://www.nehnutelnosti.sk/detail/Ju7Je7vfbGM/3-izbovy-byt-na-predaj-m-hodzu-stare-mesto-prievidza","imagesUrls":["https://img.nehnutelnosti.sk/foto/NjAweDMzOC9maWx0ZXJzOnF1YWxpdHkoMTAwKS9uZWg=/4a81gCWX0_fss?st=GubaK46pcdBO1VUgLbCzAbdLpp2RKFWGpnh37_YJZMg&ts=1715336170&e=0"]},{"title":"2-izbový byt na predaj, Považská Bystrica, Kolónia","address":"Považská Bystrica, Považská Bystrica, okres Považská Bystrica","rooms":2,"meters":62,"totalPrice":107000,"meterSquarePrice":1,"link":"https://www.nehnutelnosti.sk/detail/JubtBTtgnk3/2-izbovy-byt-na-predaj-povazska-bystrica-kolonia","imagesUrls":["https://img.nehnutelnosti.sk/foto/NjAweDMzOC9maWx0ZXJzOnF1YWxpdHkoMTAwKS9uZWg=/BZVBT0z4l_fss?st=OJv6gES0gmqkOHo64WkwbFYaONaSusdF8dxcaEbYN2Y&ts=1715108509&e=0"]},{"title":"Apartmán na predaj, Hrabovská dolina, Ružomberok","address":"Hrabovská dolina, Ružomberok, okres Ružomberok","rooms":null,"meters":25,"totalPrice":85000,"meterSquarePrice":7,"link":"https://www.nehnutelnosti.sk/detail/JuLqs_3QC4h/apartman-na-predaj-hrabovska-dolina-ruzomberok","imagesUrls":["https://img.nehnutelnosti.sk/foto/NjAweDMzOC9maWx0ZXJzOnF1YWxpdHkoMTAwKS9uZWg=/KlYAYLkJC_fss?st=ZW2bDbCuUR-5pA4EUVGWu7zYH-uxPF-BRFVfcVqeWdU&ts=1715013089&e=0"]},{"title":"Apartmán na predaj, Bešeňová, Liptov","address":"Bešeňová, Bešeňová, okres Ružomberok","rooms":null,"meters":31,"totalPrice":155000,"meterSquarePrice":8,"link":"https://www.nehnutelnosti.sk/detail/JuUBIAQ_C-F/apartman-na-predaj-besenova-liptov","imagesUrls":["https://img.nehnutelnosti.sk/foto/NjAweDMzOC9maWx0ZXJzOnF1YWxpdHkoMTAwKS9uZWg=/z0ixwqrMvC_fss?st=ND0VrkRpgRQsrD6yJhWDxeA26tN10BV03i9xsRRgJUw&ts=1714734996&e=0"]},{"title":"Garsónka s terasou / 26m2 / - Bytča ( Jablone )","address":"Bytča, okres Bytča","rooms":null,"meters":26,"totalPrice":88000,"meterSquarePrice":2,"link":"https://www.nehnutelnosti.sk/detail/JuZq0EUPFLr/garsonka-s-terasou-26m2-bytca-jablone","imagesUrls":["https://img.nehnutelnosti.sk/foto/NjAweDMzOC9maWx0ZXJzOnF1YWxpdHkoMTAwKS9uZWg=/Vz6RLv-dW_fss?st=W2U1ZoBJGzpRuyAo5eilea0TLW7Xh8CgBes_wK9P4ww&ts=1714636253&e=0"]},{"title":"2 izbový apartmán na predaj, Bešeňová","address":"Bešeňová, Bešeňová, okres Ružomberok","rooms":null,"meters":40,"totalPrice":159000,"meterSquarePrice":3,"link":"https://www.nehnutelnosti.sk/detail/JuoiiuAn6kl/2-izbovy-apartman-na-predaj-besenova","imagesUrls":["https://img.nehnutelnosti.sk/foto/NjAweDMzOC9maWx0ZXJzOnF1YWxpdHkoMTAwKS9uZWg=/uMnOAuwn7p_fss?st=LwtyzOwu5ULqPw684JWRv3ySznHO1jJEpxEeSU_Shco&ts=1723033513&e=0"]},{"title":"Exkluzívne u nás! Na predaj 3-izbový byt v centre Komárna ideálny aj na podnikanie!","address":"Komárno, Komárno, okres Komárno","rooms":3,"meters":63,"totalPrice":84900,"meterSquarePrice":2,"link":"https://www.nehnutelnosti.sk/detail/JusMMwPdwA4/exkluzivne-u-nas-na-predaj-3-izbovy-byt-v-centre-komarna-idealny-aj-na-podnikanie","imagesUrls":["https://img.nehnutelnosti.sk/foto/NjAweDMzOC9maWx0ZXJzOnF1YWxpdHkoMTAwKS9uZWg=/UXfHdhqyw_fss?st=ImXQQDTDGtMpWtly1DZMSoDSh4hkHXywOUj-aX5Ttk0&ts=1714501088&e=0"]},{"title":"Priestranný 4 izbový byt blízko centra v Nových Zámkoch na predaj","address":"Andovská (čísla nepárne 1-69, 70-108), Nové Zámky, okres Nové Zámky","rooms":4,"meters":120,"totalPrice":179900,"meterSquarePrice":7,"link":"https://www.nehnutelnosti.sk/detail/JuNh7QL3-tV/priestranny-4-izbovy-byt-blizko-centra-v-novych-zamkoch-na-predaj","imagesUrls":["https://img.nehnutelnosti.sk/foto/NjAweDMzOC9maWx0ZXJzOnF1YWxpdHkoMTAwKS9uZWg=/htNQZ-byJ_fss?st=PAXBJrhit9sfiY8Wr6YdxiQd8xIrB-XwFTBuvucb4dI&ts=1714736770&e=0"]},{"title":"Predaj dizajnový moderný 1,5 izbový byt Budatínska ulica BA Petržalka","address":"Budatínska, Bratislava V - Petržalka, okres Bratislava","rooms":2,"meters":52,"totalPrice":179000,"meterSquarePrice":9,"link":"https://www.nehnutelnosti.sk/detail/JuuKxAm4L82/predaj-dizajnovy-moderny-1-5-izbovy-byt-budatinska-ulica-ba-petrzalka","imagesUrls":["https://img.nehnutelnosti.sk/foto/NjAweDMzOC9maWx0ZXJzOnF1YWxpdHkoMTAwKS9uZWg=/kfa6EWWIU_fss?st=vQDQjglScYh82nEisPxyE_xhyKMmZiaAs5-_v-2ggjw&ts=1726489697&e=0"]},{"title":"Real - H,s.r.o. ponúka na predaj útulný 2 izbový byt  Bratislava II","address":"Hraničná, Bratislava II - Ružinov, okres Bratislava","rooms":2,"meters":51,"totalPrice":179900,"meterSquarePrice":6,"link":"https://www.nehnutelnosti.sk/detail/JusQCXBRE5Z/real-h-s-r-o-ponuka-na-predaj-utulny-2-izbovy-byt-bratislava-ii","imagesUrls":["https://img.nehnutelnosti.sk/foto/NjAweDMzOC9maWx0ZXJzOnF1YWxpdHkoMTAwKS9uZWg=/FKQNqyRroZ_fss?st=UuTXzc4tpKXJWiwM9UHuSd__VFNGQhEYT6AOnu49JDg&ts=1726509398&e=0"]},{"title":"REZERVÁCIA Výnimočná príležitosť skvelého bytu","address":"Heyrovského, Bratislava IV - Lamač, okres Bratislava","rooms":2,"meters":45,"totalPrice":null,"meterSquarePrice":null,"link":"https://www.nehnutelnosti.sk/detail/Juh5JFub5ph/rezervacia-vynimocna-prilezitost-skveleho-bytu","imagesUrls":["https://img.nehnutelnosti.sk/foto/NjAweDMzOC9maWx0ZXJzOnF1YWxpdHkoMTAwKS9uZWg=/qeu4gEMXF_fss?st=L7YyoeblXf7nTmAsrjiPJRnA1NmhD-nVlj4RPFvIhQ4&ts=1724910943&e=0"]},{"title":"PREDAJ kompletne prerobený 3 izbový byt  Pribišova ulica  Karola Ves","address":"Pribišova, Bratislava IV - Karlova Ves, okres Bratislava","rooms":3,"meters":70,"totalPrice":255000,"meterSquarePrice":6,"link":"https://www.nehnutelnosti.sk/detail/JuyoG4rwtzK/predaj-kompletne-prerobeny-3-izbovy-byt-pribisova-ulica-karola-ves","imagesUrls":["https://img.nehnutelnosti.sk/foto/NjAweDMzOC9maWx0ZXJzOnF1YWxpdHkoMTAwKS9uZWg=/UyJO470X0_fss?st=MG-JPe94X66krRrQsnDwbglcA-zwepFR6QXyytW5SmU&ts=1725972628&e=0"]},{"title":"Predaj 4 izbový byt kompletná rekonštrukcia","address":"Vígľašská, Bratislava V - Petržalka, okres Bratislava","rooms":4,"meters":87,"totalPrice":230000,"meterSquarePrice":8,"link":"https://www.nehnutelnosti.sk/detail/JuevqJmxqPS/predaj-4-izbovy-byt-kompletna-rekonstrukcia","imagesUrls":["https://img.nehnutelnosti.sk/foto/NjAweDMzOC9maWx0ZXJzOnF1YWxpdHkoMTAwKS9uZWg=/TYZ45Ixt29_fss?st=xzGjrVhW69icBnewm7juq1T_NuDSXOWAjk3rKp3Ste0&ts=1726079255&e=0"]},{"title":"PREDAJ JEDINEČNÉHO 3 IZBOVÉHO BYTU  S TERASOU A ZÁHRADKOU, 2X PARKING","address":"Dunajská, Bernolákovo, okres Senec","rooms":3,"meters":68,"totalPrice":229900,"meterSquarePrice":3,"link":"https://www.nehnutelnosti.sk/detail/Ju6eBE9D3GR/predaj-jedinecneho-3-izboveho-bytu-s-terasou-a-zahradkou-2x-parking","imagesUrls":["https://img.nehnutelnosti.sk/foto/NjAweDMzOC9maWx0ZXJzOnF1YWxpdHkoMTAwKS9uZWg=/hNACsXhfz_fss?st=y2Qq4jOlNJdt7Y1P8CD0yN15UjAWpph7IXW_367w1RQ&ts=1726738902&e=0"]},{"title":"Predaj 3 izb.byt + loggia, Bratislava - Ružinov, Sedmokráskova ulica","address":"Sedmokrásková, Bratislava II - Ružinov, okres Bratislava","rooms":3,"meters":66,"totalPrice":249900,"meterSquarePrice":2,"link":"https://www.nehnutelnosti.sk/detail/JuFN4Voqffc/predaj-3-izb-byt-loggia-bratislava-ruzinov-sedmokraskova-ulica","imagesUrls":["https://img.nehnutelnosti.sk/foto/NjAweDMzOC9maWx0ZXJzOnF1YWxpdHkoMTAwKS9uZWg=/STDnpjO-0_fss?st=gEu2ZiEPWkwbRTxf71p4AF6xjsL2YM-NCPlA20sO_JY&ts=1725863447&e=0"]},{"title":"Predaj 2izb. byt s balkónom, BA - Ružinov, Exnárova ul.","address":"Exnárova, Bratislava II - Ružinov, okres Bratislava","rooms":2,"meters":56,"totalPrice":199900,"meterSquarePrice":5,"link":"https://www.nehnutelnosti.sk/detail/Ju-DWpwBF5x/predaj-2izb-byt-s-balkonom-ba-ruzinov-exnarova-ul","imagesUrls":["https://img.nehnutelnosti.sk/foto/NjAweDMzOC9maWx0ZXJzOnF1YWxpdHkoMTAwKS9uZWg=/FEynvgcOa_fss?st=bY0bdI2AfJmTESNqknYWH_f_jG3ox_PD8d9xPllT9UQ&ts=1725863451&e=0"]},{"title":"Predaj zrekonštruovaný 1,5  izb. byt ROVINKA RESIDENCE II. - Rovinka","address":"Rovinka, okres Senec","rooms":2,"meters":33,"totalPrice":110000,"meterSquarePrice":3,"link":"https://www.nehnutelnosti.sk/detail/JumgSSaU3cv/predaj-zrekonstruovany-1-5-izb-byt-rovinka-residence-ii-rovinka","imagesUrls":["https://img.nehnutelnosti.sk/foto/NjAweDMzOC9maWx0ZXJzOnF1YWxpdHkoMTAwKS9uZWg=/RCxtxzQMfI_fss?st=uNn9NBQolXcsQBVFs3_wGRHcndsH3nJO_3b_kDrojAg&ts=1725873880&e=0"]},{"title":"SKVELÁ PRÍLEŽITOSŤ KOMPLET PREROBENÝ A ZARIADENÝ BYT","address":"Bratislava IV - Devínska Nová Ves, okres Bratislava","rooms":1,"meters":29,"totalPrice":119000,"meterSquarePrice":5,"link":"https://www.nehnutelnosti.sk/detail/Ju1kpE9T2N4/skvela-prilezitost-komplet-prerobeny-a-zariadeny-byt","imagesUrls":["https://img.nehnutelnosti.sk/foto/NjAweDMzOC9maWx0ZXJzOnF1YWxpdHkoMTAwKS9uZWg=/9Eqmw2thkN_fss?st=_yzTX5jme7wNkuuoWlQrNFg90r-pEtx8gU4zGG2s550&ts=1725964635&e=0"]},{"title":"Moderný, 2 izbový byt s balkónom na predaj, Bojnice","address":"Bojnice, Bojnice, okres Prievidza","rooms":2,"meters":59,"totalPrice":173500,"meterSquarePrice":4,"link":"https://www.nehnutelnosti.sk/detail/JuEAHuXs6Og/moderny-2-izbovy-byt-s-balkonom-na-predaj-bojnice","imagesUrls":["https://img.nehnutelnosti.sk/foto/NjAweDMzOC9maWx0ZXJzOnF1YWxpdHkoMTAwKS9uZWg=/eame8Eq48_fss?st=nThwCrro9qJFuxjlWan-mNzZpSt4dhiTWtEMCqPpnkI&ts=1713434673&e=0"]},{"title":"3-izbový byt na predaj, Záturčie","address":"Martin, okres Martin","rooms":3,"meters":60,"totalPrice":123000,"meterSquarePrice":0,"link":"https://www.nehnutelnosti.sk/detail/JuIKbFii_r0/3-izbovy-byt-na-predaj-zaturcie","imagesUrls":["https://img.nehnutelnosti.sk/foto/NjAweDMzOC9maWx0ZXJzOnF1YWxpdHkoMTAwKS9uZWg=/DAUu2eW99_fss?st=14gKWFUrPJ962c54szPLjy79KgeecwvcxIg595EzkNA&ts=1714123189&e=0"]},{"title":"VEĽKÉ LEVÁRE, 5-i byt + nebytový priestor, 192 m2 – NOVOSTAVBA, štýlový, VZDUŠNÝ, s KRBOM","address":"Slnečná, Veľké Leváre, okres Malacky","rooms":5,"meters":191,"totalPrice":299900,"meterSquarePrice":5,"link":"https://www.nehnutelnosti.sk/detail/JuTqsHKDotV/velke-levare-5-i-byt-nebytovy-priestor-192-m2-novostavba-stylovy-vzdusny-s-krbom","imagesUrls":["https://img.nehnutelnosti.sk/foto/NjAweDMzOC9maWx0ZXJzOnF1YWxpdHkoMTAwKS9uZWg=/k1OHW7yg43_fss?st=XZn8v2dq-B1DQ-Ij4wRO4qEiMDf4wKa3I51M-U0Kk7E&ts=1712566979&e=0"]},{"title":"Pekný veľkometrážny byt na Nádvorí Európy v Komárne","address":"Komárno, Komárno, okres Komárno","rooms":4,"meters":98,"totalPrice":155000,"meterSquarePrice":4,"link":"https://www.nehnutelnosti.sk/detail/JuMXYhf43Ho/pekny-velkometrazny-byt-na-nadvori-europy-v-komarne","imagesUrls":["https://img.nehnutelnosti.sk/foto/NjAweDMzOC9maWx0ZXJzOnF1YWxpdHkoMTAwKS9uZWg=/hSPDSxEb1_fss?st=nkpLJILs_KANJz-5u5IB3bqohznzAZAnYGcP_1DAhn4&ts=1713177971&e=0"]},{"title":"Veľkometrážny 3- izbový byt v centre / Nováky/","address":"Nováky, Nováky, okres Prievidza","rooms":3,"meters":114,"totalPrice":null,"meterSquarePrice":null,"link":"https://www.nehnutelnosti.sk/detail/Jukuz9d4gTu/velkometrazny-3-izbovy-byt-v-centre-novaky","imagesUrls":["https://img.nehnutelnosti.sk/foto/NjAweDMzOC9maWx0ZXJzOnF1YWxpdHkoMTAwKS9uZWg=/M75Q0w_IF_fss?st=enlcwr7XUQPWh4nMGOLlPAdWrRE0PZudB2z10MFlkjg&ts=1712992599&e=0"]}]