[{"title":"Trojizbový kompletne prerobený byt na predaj - Brezno","address":"Sladkovičova, Brezno, okres Brezno","rooms":3,"meters":83,"totalPrice":124900,"meterSquarePrice":2,"link":"https://www.nehnutelnosti.sk/detail/JutIG9hXQY_/trojizbovy-kompletne-prerobeny-byt-na-predaj-brezno","imagesUrls":["https://img.nehnutelnosti.sk/foto/NjAweDMzOC9maWx0ZXJzOnF1YWxpdHkoMTAwKS9uZWg=/beDaTsCVq_fss?st=XCNEGDnwMYnAxBuzGenfyWn1qDYDOQkyWBRqJXvAHvk&ts=1726137289&e=0"]},{"title":"Predaj bytu -  Ľ. Štúra , Zvolen lokalita mesto","address":"Ľ. Štúra, Zvolen, okres Zvolen","rooms":2,"meters":null,"totalPrice":null,"meterSquarePrice":null,"link":"https://www.nehnutelnosti.sk/detail/JuPQZWqA0ek/predaj-bytu-l-stura-zvolen-lokalita-mesto","imagesUrls":["https://img.nehnutelnosti.sk/foto/NjAweDMzOC9maWx0ZXJzOnF1YWxpdHkoMTAwKS9uZWg=/Xuzvn8tmb_fss?st=wOTKrOoLsNgRl_3iILOH3VUTHLOT8kHtPY5LGajELO0&ts=1726575275&e=0"]},{"title":"Kľúče v RK!Garsónka (22,43m2) s balkónom a pivnicou v tehlovom bytovom dome na ul.Študentská.","address":"Ulica Študentská, Trnava, okres Trnava","rooms":null,"meters":22,"totalPrice":86990,"meterSquarePrice":9,"link":"https://www.nehnutelnosti.sk/detail/JuJQ9e2sYBn/kluce-v-rkgarsonka-22-43m2-s-balkonom-a-pivnicou-v-tehlovom-bytovom-dome-na-ul-studentska","imagesUrls":[]},{"title":"Kľúče v RK! Veľkometrážny 3-iz. byt (77,06m2), Ihneď k dispozícii","address":"Trnava, okres Trnava","rooms":3,"meters":77,"totalPrice":154990,"meterSquarePrice":9,"link":"https://www.nehnutelnosti.sk/detail/Ju7xelwb-gy/kluce-v-rk-velkometrazny-3-iz-byt-77-06m2-ihned-k-dispozicii","imagesUrls":["https://img.unitedclassifieds.sk/foto/NjAweDMzOC9maWx0ZXJzOnF1YWxpdHkoMTAwKS9qdWw=/vQOFMJeTs_fss?st=vbyaqIGCHo5r9CsY5wctESViwJIGb9wrCW_CTiakBP4&ts=1720612991&e=0"]},{"title":"predám byt - Zvolen lokalita Zlatý potok","address":"M. Rázusa, Zvolen, okres Zvolen","rooms":2,"meters":null,"totalPrice":null,"meterSquarePrice":null,"link":"https://www.nehnutelnosti.sk/detail/Jua3d56kehg/predam-byt-zvolen-lokalita-zlaty-potok","imagesUrls":["https://img.nehnutelnosti.sk/foto/NjAweDMzOC9maWx0ZXJzOnF1YWxpdHkoMTAwKS9uZWg=/L-YH-r9o1_fss?st=tBR0IoaUG347AHxMHK3cE9oMGGCUpfZnYsrpRQKNwFA&ts=1726570756&e=0"]},{"title":"Zariadený 2-izbový byt v novostavbe","address":"Račianska 13917/26C, Bratislava III - Nové Mesto, okres Bratislava","rooms":2,"meters":null,"totalPrice":null,"meterSquarePrice":null,"link":"https://www.nehnutelnosti.sk/detail/Ju4DCRAbeW3/zariadeny-2-izbovy-byt-v-novostavbe","imagesUrls":["https://img.nehnutelnosti.sk/foto/NjAweDMzOC9maWx0ZXJzOnF1YWxpdHkoMTAwKS9uZWg=/qa0oz0jC0L_fss?st=BrkHiXGuH7ofcVlSWII59QCuGLHXQxmqyRjghjHIMXs&ts=1726568198&e=0"]},{"title":"Zariadeny 3 izbovy byt s balkonom blizko centra","address":"Panelová, Košice IV - Juh, okres Košice","rooms":3,"meters":65,"totalPrice":165000,"meterSquarePrice":6,"link":"https://www.nehnutelnosti.sk/detail/Juy6KsTJXqy/zariadeny-3-izbovy-byt-s-balkonom-blizko-centra","imagesUrls":["https://img.nehnutelnosti.sk/foto/NjAweDMzOC9maWx0ZXJzOnF1YWxpdHkoMTAwKS9uZWg=/mJPW608fc_fss?st=YSoCtw39FtXLJqIygNtWRrDq5inxP4Kit-g1g0M5Ncc&ts=1723537672&e=0"]},{"title":"Predaj 2 izbový byt Banská Bystrica, Sásová","address":"Starohorská 6155/50, Banská Bystrica, okres Banská Bystrica","rooms":2,"meters":48,"totalPrice":122000,"meterSquarePrice":7,"link":"https://www.nehnutelnosti.sk/detail/Ju6JsANzvgr/predaj-2-izbovy-byt-banska-bystrica-sasova","imagesUrls":["https://img.nehnutelnosti.sk/foto/NjAweDMzOC9maWx0ZXJzOnF1YWxpdHkoMTAwKS9uZWg=/d2Z8YzyPi_fss?st=Oq1v3SzXrFedFW9nADsClx6Ch9Nb0rWvI3be3rfwaTA&ts=1725369604&e=0"]},{"title":"2 izbový byt na predaj v meste Zvolen","address":"Zvolen, okres Zvolen","rooms":2,"meters":57,"totalPrice":null,"meterSquarePrice":null,"link":"https://www.nehnutelnosti.sk/detail/Ju78qQXgH3J/2-izbovy-byt-na-predaj-v-meste-zvolen","imagesUrls":["https://img.nehnutelnosti.sk/foto/NjAweDMzOC9maWx0ZXJzOnF1YWxpdHkoMTAwKS9uZWg=/EgcFG-jv5_fss?st=yDUMA4k_BtaW9jn8eIA3Xqc3p04VPQOlqPnzawet5Oc&ts=1726578978&e=0"]},{"title":"Rezidenčné byty na Kostolnom námestí","address":"Kostolné námestie 759/24, Kežmarok, okres Kežmarok","rooms":3,"meters":null,"totalPrice":null,"meterSquarePrice":null,"link":"https://www.nehnutelnosti.sk/detail/JuAkmhDEoTU/rezidencne-byty-na-kostolnom-namesti","imagesUrls":[]},{"title":"Skolaudovaný 1-izbový byt v novostavbe Orion","address":"Bystrická cesta 21, Ružomberok, okres Ružomberok","rooms":1,"meters":25,"totalPrice":71900,"meterSquarePrice":8,"link":"https://www.nehnutelnosti.sk/detail/JuMCxVSpqir/skolaudovany-1-izbovy-byt-v-novostavbe-orion","imagesUrls":["https://img.nehnutelnosti.sk/foto/NjAweDMzOC9maWx0ZXJzOnF1YWxpdHkoMTAwKS9uZWg=/xR9Dbq50t_fss?st=fXTl5GocoHdA7udtJIDtyxgD8iuKw9BF4cEr6ljDIjk&ts=1693892054&e=0"]},{"title":"2izbový byt v novostavbe na Dúbravčíckej 1/D","address":"Dúbravčická 3611/1D, Bratislava IV - Dúbravka, okres Bratislava","rooms":2,"meters":50,"totalPrice":189900,"meterSquarePrice":8,"link":"https://www.nehnutelnosti.sk/detail/JubB0GWU-Qr/2izbovy-byt-v-novostavbe-na-dubravcickej-1-d","imagesUrls":["https://img.nehnutelnosti.sk/foto/NjAweDMzOC9maWx0ZXJzOnF1YWxpdHkoMTAwKS9uZWg=/_OgsdLtDT_fss?st=3rky-ikFfHYGKjclW4WIRRFxd3bYNs_3kCGPNfhKXaI&ts=1719871785&e=0"]},{"title":"1 - IZBOVÝ BYT RUŽOMBEROK","address":"Ružomberok, okres Ružomberok","rooms":1,"meters":null,"totalPrice":null,"meterSquarePrice":null,"link":"https://www.nehnutelnosti.sk/detail/JuZQDpGe7Sg/1-izbovy-byt-ruzomberok","imagesUrls":["https://img.nehnutelnosti.sk/foto/NjAweDMzOC9maWx0ZXJzOnF1YWxpdHkoMTAwKS9uZWg=/XKSye54TF_fss?st=DUktqd5weQO8by7TyMHHYZFKBRhX3wJGt3whLCxHszU&ts=1721323145&e=0"]},{"title":"Predaj 3-izbový byt, Zapotôčky, P.J. Šafárika","address":"P. J. Šafárika 902/11, Prievidza, okres Prievidza","rooms":3,"meters":73,"totalPrice":140000,"meterSquarePrice":1,"link":"https://www.nehnutelnosti.sk/detail/JulfFMIQDgq/predaj-3-izbovy-byt-zapotocky-p-j-safarika","imagesUrls":["https://img.nehnutelnosti.sk/foto/NjAweDMzOC9maWx0ZXJzOnF1YWxpdHkoMTAwKS9uZWg=/BAd5-tmgyP_fss?st=vIDBPXPgtygU6C0rSSGhmR6o-FMtnVxhlv4BP5uHazM&ts=1721322813&e=0"]},{"title":"2x Meštianský byt v centre Prešova","address":"Slovenská, Prešov, okres Prešov","rooms":1,"meters":48,"totalPrice":138000,"meterSquarePrice":5,"link":"https://www.nehnutelnosti.sk/detail/JuLv1wGgJ8x/2x-mestiansky-byt-v-centre-presova","imagesUrls":["https://img.nehnutelnosti.sk/foto/NjAweDMzOC9maWx0ZXJzOnF1YWxpdHkoMTAwKS9uZWg=/QQYiXqaXx_fss?st=lm4BNmcLe8eWEkRNcAnjHIDDmYtVP5wHcUbLnd5hphw&ts=1723792378&e=0"]},{"title":"Predam 3-izbovy byt v Bratislave - Ruzinov","address":"Mierová 649/54, Bratislava II - Ružinov, okres Bratislava","rooms":3,"meters":70,"totalPrice":270000,"meterSquarePrice":4,"link":"https://www.nehnutelnosti.sk/detail/Ju7TU9rRHEo/predam-3-izbovy-byt-v-bratislave-ruzinov","imagesUrls":["https://img.nehnutelnosti.sk/foto/NjAweDMzOC9maWx0ZXJzOnF1YWxpdHkoMTAwKS9uZWg=/_yQNZi4oa_fss?st=PDxeNR_4sWkwmmdXMKKfrRUXvHlZAlJAECj-imZ7VYs&ts=1726498733&e=0"]},{"title":"4-izb.byt s loggiou- Bukureštská, 8.posch/8, Ťahanovce","address":"Bukurešťská, Košice I - Sídlisko Ťahanovce, okres Košice","rooms":4,"meters":79,"totalPrice":145000,"meterSquarePrice":4,"link":"https://www.nehnutelnosti.sk/detail/Jun3gWjh8f-/4-izb-byt-s-loggiou-bukurestska-8-posch-8-tahanovce","imagesUrls":["https://img.nehnutelnosti.sk/foto/NjAweDMzOC9maWx0ZXJzOnF1YWxpdHkoMTAwKS9uZWg=/4-n3jM6O9h_fss?st=LC8bL4OziNDRHSRoKZ6WdKhRYFRq05RZsJK1yg9Sa9c&ts=1717625791&e=0"]},{"title":"PREDAJ 3 IZB. BYTU, 2x PARK. MIESTA, NÍZKE NÁKLADY, DUNAJSKÁ LUŽNÁ - MALINOVÁ","address":"Malinová, Dunajská Lužná, okres Senec","rooms":3,"meters":88,"totalPrice":209900,"meterSquarePrice":1,"link":"https://www.nehnutelnosti.sk/detail/JuFmcnU2_mU/predaj-3-izb-bytu-2x-park-miesta-nizke-naklady-dunajska-luzna-malinova","imagesUrls":["https://img.unitedclassifieds.sk/foto/NjAweDMzOC9maWx0ZXJzOnF1YWxpdHkoMTAwKS9qdWw=/wTw--oZVd_fss?st=V2ilbnW5VHkU9z2q7sPNHmIOsvZKG--j-R_v1LicecU&ts=1725488935&e=0"]},{"title":"Elegantný 3-izb. po kompl. reko","address":"Karloveská 51, Bratislava IV - Karlova Ves, okres Bratislava","rooms":3,"meters":64,"totalPrice":255000,"meterSquarePrice":4,"link":"https://www.nehnutelnosti.sk/detail/JusQyOzXbZf/elegantny-3-izb-po-kompl-reko","imagesUrls":["https://img.unitedclassifieds.sk/foto/NjAweDMzOC9maWx0ZXJzOnF1YWxpdHkoMTAwKS9qdWw=/fL0T8KN_R_fss?st=YtRrjCP_gPoPeVxOT3JsnRUmkSv0m4Tc0zv--b9SvjU&ts=1722070865&e=0"]},{"title":"Slnečný 3-izbový byt s balkónom a 2 parkovacími miestami | Turčianske Jaseno","address":"Turčianske Jaseno, okres Martin","rooms":3,"meters":102,"totalPrice":150000,"meterSquarePrice":6,"link":"https://www.nehnutelnosti.sk/detail/JuinJc3XZeK/slnecny-3-izbovy-byt-s-balkonom-a-2-parkovacimi-miestami-turcianske-jaseno","imagesUrls":["https://img.unitedclassifieds.sk/foto/NjAweDMzOC9maWx0ZXJzOnF1YWxpdHkoMTAwKS9qdWw=/5lYYvhFP1_fss?st=ivSrh9qc79VkoZ1ghIS_ut85585AuBMkLb_GfWrPqLM&ts=1721663359&e=0"]},{"title":"PREDAJ - 2 izbový byt - Nitra, centrum","address":"Štúrova, Nitra, okres Nitra","rooms":2,"meters":14,"totalPrice":130000,"meterSquarePrice":1,"link":"https://www.nehnutelnosti.sk/detail/Ju_UY9WnnqF/predaj-2-izbovy-byt-nitra-centrum","imagesUrls":["https://img.unitedclassifieds.sk/foto/NjAweDMzOC9maWx0ZXJzOnF1YWxpdHkoMTAwKS9qdWw=/95URbuwsK_fss?st=bR7T_JrmFF6p0Kc4BUf0ZQkuv4flr3kN8_rBZaY1QBw&ts=1726482271&e=0"]},{"title":"1 - izbový byt v strede Petržalky - Háje","address":"Rovniankova 1662/13, Bratislava V - Petržalka, okres Bratislava","rooms":1,"meters":36,"totalPrice":134000,"meterSquarePrice":2,"link":"https://www.nehnutelnosti.sk/detail/JuPPALCQVJg/1-izbovy-byt-v-strede-petrzalky-haje","imagesUrls":["https://img.nehnutelnosti.sk/foto/NjAweDMzOC9maWx0ZXJzOnF1YWxpdHkoMTAwKS9uZWg=/3faZzL6xY_fss?st=4r6wY-h-9l8tqjP31Drp9r2IQS7w2gPeQNr1YfOR2iA&ts=1726480424&e=0"]},{"title":"Rezervované REKONŠTRUOVANÝ 2i BYT V BLÍZKOSTI LESA","address":"Bakošova 2094/4, Bratislava IV - Lamač, okres Bratislava","rooms":2,"meters":43,"totalPrice":null,"meterSquarePrice":null,"link":"https://www.nehnutelnosti.sk/detail/JuHRi7EXE3R/rezervovane-rekonstruovany-2i-byt-v-blizkosti-lesa","imagesUrls":["https://img.nehnutelnosti.sk/foto/NjAweDMzOC9maWx0ZXJzOnF1YWxpdHkoMTAwKS9uZWg=/6Mhhk-wIq_fss?st=6hP2M3-aIX-flSjEJ_T5HU9kEo6b65_tT3kY-tj4-Hk&ts=1725873451&e=0"]},{"title":"Veľký 3 izb. byt, projekt OVOCNÉ SADY, Garážové státie","address":"Ivanská cesta, Bratislava II - Ružinov, okres Bratislava","rooms":3,"meters":86,"totalPrice":249000,"meterSquarePrice":5,"link":"https://www.nehnutelnosti.sk/detail/JuQMeini041/velky-3-izb-byt-projekt-ovocne-sady-garazove-statie","imagesUrls":["https://img.unitedclassifieds.sk/foto/NjAweDMzOC9maWx0ZXJzOnF1YWxpdHkoMTAwKS9qdWw=/mkbxMJY8V_fss?st=kApoyJwJLvbbSRuwDOcQgTJjXfNyzyHqFAgfbeP37So&ts=1726475520&e=0"]},{"title":"3i slnečný BYT vlastné kúrenie 2 BALKÓNY a GARÁŽ","address":"Agátová 1172/18, Senica, okres Senica","rooms":3,"meters":68,"totalPrice":112000,"meterSquarePrice":6,"link":"https://www.nehnutelnosti.sk/detail/Ju0Dy1ZcaF4/3i-slnecny-byt-vlastne-kurenie-2-balkony-a-garaz","imagesUrls":["https://img.nehnutelnosti.sk/foto/NjAweDMzOC9maWx0ZXJzOnF1YWxpdHkoMTAwKS9uZWg=/h0owFF-rdI_fss?st=3sLKFLnDq7t2R4lTYUyWRBOgDdVnrnwCHqGPLahTMEQ&ts=1713698759&e=0"]},{"title":"Luxusný 3-izbový apartmán na predaj v Starom Smoko","address":"Nový Smokovec, okres Poprad","rooms":3,"meters":67,"totalPrice":449990,"meterSquarePrice":7,"link":"https://www.nehnutelnosti.sk/detail/Ju2_fMdDxub/luxusny-3-izbovy-apartman-na-predaj-v-starom-smoko","imagesUrls":["https://img.nehnutelnosti.sk/foto/NjAweDMzOC9maWx0ZXJzOnF1YWxpdHkoMTAwKS9uZWg=/4kp2FOanA_fss?st=8B1kiaFxWFGEEsqgZD_LjFlJtWnBurhdjBm8yoqGi88&ts=1723819115&e=0"]},{"title":"2izbový byt v novostavbe v centre","address":"Rudlovská cesta, Banská Bystrica, okres Banská Bystrica","rooms":2,"meters":56,"totalPrice":164000,"meterSquarePrice":7,"link":"https://www.nehnutelnosti.sk/detail/JuMVcp0Sv5O/2izbovy-byt-v-novostavbe-v-centre","imagesUrls":["https://img.nehnutelnosti.sk/foto/NjAweDMzOC9maWx0ZXJzOnF1YWxpdHkoMTAwKS9uZWg=/JKijR-zvk_fss?st=R84l_n2UP-wwr1NOPGu_9r5nw5E-w3R0eUuZTIfnhig&ts=1700404824&e=0"]},{"title":"Mezonet Tatranská Lomnica","address":"Tatranská Lomnica 184, Vysoké Tatry, okres Poprad","rooms":null,"meters":44,"totalPrice":245000,"meterSquarePrice":1,"link":"https://www.nehnutelnosti.sk/detail/JuweP97FuhG/mezonet-tatranska-lomnica","imagesUrls":["https://img.nehnutelnosti.sk/foto/NjAweDMzOC9maWx0ZXJzOnF1YWxpdHkoMTAwKS9uZWg=/PeW4uY5Kr_fss?st=m7WQPXNd2LUnkzZ2SB6zAP-2dyfULeAB_SCRFcYnzFA&ts=1718635941&e=0"]},{"title":"Predáme 3-izbový tehlový byt na Miletičovej.","address":"Miletičova 568/34, Bratislava II - Ružinov, okres Bratislava","rooms":3,"meters":81,"totalPrice":289990,"meterSquarePrice":9,"link":"https://www.nehnutelnosti.sk/detail/Ju4UDsmt_-t/predame-3-izbovy-tehlovy-byt-na-mileticovej","imagesUrls":["https://img.nehnutelnosti.sk/foto/NjAweDMzOC9maWx0ZXJzOnF1YWxpdHkoMTAwKS9uZWg=/TDqsWV1ZU_fss?st=zjC7iq6d5fbJEot1e22tYCIut9FiTdnbOKWijcSuESo&ts=1726425171&e=0"]},{"title":"REZERVOVANÉ - 2 izbový, kompletne zrekonštr. byt s loggiou, 52m2","address":"Sídlisko Duklianských hrdinov, Prešov, okres Prešov","rooms":2,"meters":52,"totalPrice":125000,"meterSquarePrice":5,"link":"https://www.nehnutelnosti.sk/detail/JuFwvPdz5Jz/rezervovane-2-izbovy-kompletne-zrekonstr-byt-s-loggiou-52m2","imagesUrls":["https://img.unitedclassifieds.sk/foto/NjAweDMzOC9maWx0ZXJzOnF1YWxpdHkoMTAwKS9qdWw=/bxah7igRT_fss?st=3QI45levQK6xd5EIoFzlifbyiphVdhqx434Vb7Ybjy0&ts=1726418735&e=0"]}]