[{"title":"LEVEL REAL - NA PREDAJ 3 – IZBOVÝ BYT V BYTOVOM DOME BROSKYŇOVÁ","address":"Dubová, Miloslavov, okres Senec","rooms":3,"meters":68,"totalPrice":164990,"meterSquarePrice":0,"link":"https://www.nehnutelnosti.sk/detail/JuJIEzHRJ7Z/level-real-na-predaj-3-izbovy-byt-v-bytovom-dome-broskynova","imagesUrls":["https://img.nehnutelnosti.sk/foto/NjAweDMzOC9maWx0ZXJzOnF1YWxpdHkoMTAwKS9uZWg=/K5X11S09g3_fss?st=cfja_8-qm56mxx-8dRdmPRj7IFI8R7SRSyLgU8mpAVU&ts=1711354509&e=0"]},{"title":"Exkluzívne ponúkame na predaj 4 izbový dvojgeneračný  byt s balkónom v Poprade","address":"Šrobárova, Poprad, okres Poprad","rooms":4,"meters":101,"totalPrice":159000,"meterSquarePrice":6,"link":"https://www.nehnutelnosti.sk/detail/JuLvxv_CChT/exkluzivne-ponukame-na-predaj-4-izbovy-dvojgeneracny-byt-s-balkonom-v-poprade","imagesUrls":["https://img.nehnutelnosti.sk/foto/NjAweDMzOC9maWx0ZXJzOnF1YWxpdHkoMTAwKS9uZWg=/b4xBBYKyMG_fss?st=huuB7Gw5rMUzuJS_Tl_yk7nxN7tDOJ4W0yL5PQ7GF2E&ts=1726593705&e=0"]},{"title":"3 izbový byt Liptovský Mikuláš","address":"Žiarska, Liptovský Mikuláš, okres Liptovský Mikuláš","rooms":3,"meters":75,"totalPrice":139900,"meterSquarePrice":7,"link":"https://www.nehnutelnosti.sk/detail/Jut-0zgF_9o/3-izbovy-byt-liptovsky-mikulas","imagesUrls":["https://img.unitedclassifieds.sk/foto/NjAweDMzOC9maWx0ZXJzOnF1YWxpdHkoMTAwKS9qdWw=/8oW2v11Uc_fss?st=c8LJY38VDNJSRWWOu9iMsDOkQY2C1ckXY2zEyh-ilaE&ts=1726824697&e=0"]},{"title":"3 izbový byt v pôvodnom stave","address":"Nové Zámky, okres Nové Zámky","rooms":3,"meters":67,"totalPrice":83500,"meterSquarePrice":7,"link":"https://www.nehnutelnosti.sk/detail/JumMz9UjjvW/3-izbovy-byt-v-povodnom-stave","imagesUrls":["https://img.nehnutelnosti.sk/foto/NjAweDMzOC9maWx0ZXJzOnF1YWxpdHkoMTAwKS9uZWg=/UuhNUecYF_fss?st=vpDpO-8WNImdQpbiu7O2FAB7YVutMZ04mHOJix4fMzc&ts=1721710278&e=0"]},{"title":"EXKLUZIVNE NA PREDAJ 2 izb. byt v skolaudovanej novostavbe v Trnave","address":"Trnava, okres Trnava","rooms":2,"meters":48,"totalPrice":139990,"meterSquarePrice":9,"link":"https://www.nehnutelnosti.sk/detail/JuWDsI9sZXX/exkluzivne-na-predaj-2-izb-byt-v-skolaudovanej-novostavbe-v-trnave","imagesUrls":["https://img.nehnutelnosti.sk/foto/NjAweDMzOC9maWx0ZXJzOnF1YWxpdHkoMTAwKS9uZWg=/Tguho06c1_fss?st=dMAWm3L5aT5o8ynxErVMszxd5DPRmPfwByndzwl4eqg&ts=1725650589&e=0"]},{"title":"Predám veľký, zrekonštruovaný 3-izb. byt Vilová ul","address":"Vilová 2235/9, Bratislava V - Petržalka, okres Bratislava","rooms":3,"meters":86,"totalPrice":259000,"meterSquarePrice":2,"link":"https://www.nehnutelnosti.sk/detail/Ju-AmpDGr-L/predam-velky-zrekonstruovany-3-izb-byt-vilova-ul","imagesUrls":["https://img.nehnutelnosti.sk/foto/NjAweDMzOC9maWx0ZXJzOnF1YWxpdHkoMTAwKS9uZWg=/WbPvyME6E_fss?st=ekTKpvqLzCfjZhReafBrrR2SzMlRSbHSylQcpi3lTZI&ts=1726850528&e=0"]},{"title":"EXKLUZIVNE NA PREDAJ 2 izbový HOLOBYT SO SATNIKOM v skolaudovanej novostavbe priamo v Trnave za bezk","address":"Mikoviniho, Trnava, okres Trnava","rooms":2,"meters":72,"totalPrice":169990,"meterSquarePrice":7,"link":"https://www.nehnutelnosti.sk/detail/JuJRrbYmmZ5/exkluzivne-na-predaj-2-izbovy-holobyt-so-satnikom-v-skolaudovanej-novostavbe-priamo-v-trnave-za-bezk","imagesUrls":["https://img.nehnutelnosti.sk/foto/NjAweDMzOC9maWx0ZXJzOnF1YWxpdHkoMTAwKS9uZWg=/mIvQ8RN6l_fss?st=LpfZMud7tvu62btFpX6cKjYsDOLOe1phsafPepMtsXw&ts=1726247951&e=0"]},{"title":"EXKLUZIVNE NA PREDAJ 1 izbový byt v skolaudovanej novostavbe v Miloslavove len 10minut od Bratislavy","address":"Dubová, Miloslavov, okres Senec","rooms":1,"meters":26,"totalPrice":89990,"meterSquarePrice":5,"link":"https://www.nehnutelnosti.sk/detail/Ju_QrJeyJ21/exkluzivne-na-predaj-1-izbovy-byt-v-skolaudovanej-novostavbe-v-miloslavove-len-10minut-od-bratislavy","imagesUrls":["https://img.nehnutelnosti.sk/foto/NjAweDMzOC9maWx0ZXJzOnF1YWxpdHkoMTAwKS9uZWg=/Qm70wd8w3_fss?st=cx-Mx8mZ55fMKFzaAnIQMOAlAkgc9JmU16xD4hfY0kQ&ts=1725699926&e=0"]},{"title":"NOVOSTAVBA SLANEC - 3 izb. byt č 7, MEZONET, 89 m2, 2x balkón, SKOLAUDOVANÝ","address":"Vodárenská, Slanec, Košice okolie, okres Košice - okolie","rooms":3,"meters":89,"totalPrice":139900,"meterSquarePrice":1,"link":"https://www.nehnutelnosti.sk/detail/JusZBz9PlgJ/novostavba-slanec-3-izb-byt-c-7-mezonet-89-m2-2x-balkon-skolaudovany","imagesUrls":["https://img.nehnutelnosti.sk/foto/NjAweDMzOC9maWx0ZXJzOnF1YWxpdHkoMTAwKS9uZWg=/-NCYHq_Xnz_fss?st=BIy8mfJhrrZx6xvxhmWjiCrZIBmLrUhX5usaKWLwTX4&ts=1726572392&e=0"]},{"title":"NOVOSTAVBA MEZONET- 3 izb. byt č 6, Rezidencia SLANEC, 101m2, balkón, SKOLAUDOVANÝ","address":"Vodárenská, Slanec, Košice okolie, okres Košice - okolie","rooms":3,"meters":101,"totalPrice":146900,"meterSquarePrice":6,"link":"https://www.nehnutelnosti.sk/detail/Ju_iHPVKy3g/novostavba-mezonet-3-izb-byt-c-6-rezidencia-slanec-101m2-balkon-skolaudovany","imagesUrls":["https://img.nehnutelnosti.sk/foto/NjAweDMzOC9maWx0ZXJzOnF1YWxpdHkoMTAwKS9uZWg=/2EqoVFJkC_fss?st=M8S3f-1FFuxhh97oo0hKVjblCknrCfvFQl-l_nV7ZUE&ts=1726572386&e=0"]},{"title":"2 izb. byt, Národná trieda, blízko centra, TEHLA, 62 m2 + balón, čiast. rekonštrukcia","address":"Národná trieda, Košice I - Sever, okres Košice","rooms":2,"meters":62,"totalPrice":154000,"meterSquarePrice":7,"link":"https://www.nehnutelnosti.sk/detail/JuwX5ptFjtj/2-izb-byt-narodna-trieda-blizko-centra-tehla-62-m2-balon-ciast-rekonstrukcia","imagesUrls":["https://img.nehnutelnosti.sk/foto/NjAweDMzOC9maWx0ZXJzOnF1YWxpdHkoMTAwKS9uZWg=/s92Nx-gNT1_fss?st=tVEGvqZFXcULmJDEcDEUeT2AzS7L_bHIyF1xaIbOdZw&ts=1725911631&e=0"]},{"title":"NOVINKA: Garzónka, Postupimska ul., 24 m2 + loggia, PS","address":"Postupimská, Košice III - Dargovských Hrdinov, okres Košice","rooms":null,"meters":24,"totalPrice":92000,"meterSquarePrice":3,"link":"https://www.nehnutelnosti.sk/detail/JuY_88xAkEP/novinka-garzonka-postupimska-ul-24-m2-loggia-ps","imagesUrls":["https://img.nehnutelnosti.sk/foto/NjAweDMzOC9maWx0ZXJzOnF1YWxpdHkoMTAwKS9uZWg=/3uskoPKkD_fss?st=jjERWoQhVpXzaVgahV6PasLOI4_BW1mgVs1mBZsI9GY&ts=1722524776&e=0"]},{"title":"Novostavba - Priestranný 3-izbový byt - Ovocné sady","address":"Ivanská cesta, Bratislava II - Ružinov, okres Bratislava","rooms":3,"meters":79,"totalPrice":233600,"meterSquarePrice":9,"link":"https://www.nehnutelnosti.sk/detail/JunEMAhf9AG/novostavba-priestranny-3-izbovy-byt-ovocne-sady","imagesUrls":["https://img.unitedclassifieds.sk/foto/NjAweDMzOC9maWx0ZXJzOnF1YWxpdHkoMTAwKS9qdWw=/jC6kefvI9_fss?st=cOnp2Jisg94fMDJqaBJ4OaMIYP4qMVRLfreaCWmw_xs&ts=1721367678&e=0"]},{"title":"Predaj: 2 izbový byt po vkusnej kompletnej rekonštrukcii","address":"Nevyplnená, Podbrezová, okres Brezno","rooms":2,"meters":68,"totalPrice":75400,"meterSquarePrice":2,"link":"https://www.nehnutelnosti.sk/detail/JuT6iXz-fit/predaj-2-izbovy-byt-po-vkusnej-kompletnej-rekonstrukcii","imagesUrls":["https://img.nehnutelnosti.sk/foto/NjAweDMzOC9maWx0ZXJzOnF1YWxpdHkoMTAwKS9uZWg=/s2xUbh-8a_fss?st=0gPfxg2Ohgn1KCMBGMzTyQsExfKTYQk9NFkurdYczPE&ts=1724317821&e=0"]},{"title":"Na predaj 2 - izbový byt, v centre Novej Dubnice","address":"Komenského Sady, Nová Dubnica, okres Ilava","rooms":2,"meters":51,"totalPrice":79000,"meterSquarePrice":2,"link":"https://www.nehnutelnosti.sk/detail/Ju6bsQoBZEM/na-predaj-2-izbovy-byt-v-centre-novej-dubnice","imagesUrls":["https://img.nehnutelnosti.sk/foto/NjAweDMzOC9maWx0ZXJzOnF1YWxpdHkoMTAwKS9uZWg=/ZLz_HD2gg_fss?st=XcycFPa69gKZk5mSNr2xD9734kdUcHeJjw_ShdWQLIo&ts=1719067702&e=0"]},{"title":"PORUBSKY | 3-izbový byt | 65,06 m² | Kynek | Novostavba | Developerský projekt Slnečná pláň Nitra","address":"Trnavská, Nitra, okres Nitra","rooms":3,"meters":65,"totalPrice":194421,"meterSquarePrice":3,"link":"https://www.nehnutelnosti.sk/detail/JuxpaHeK3HP/porubsky-3-izbovy-byt-65-06-m-kynek-novostavba-developersky-projekt-slnecna-plan-nitra","imagesUrls":["https://img.unitedclassifieds.sk/foto/NjAweDMzOC9maWx0ZXJzOnF1YWxpdHkoMTAwKS9qdWw=/0SHZETCzL_fss?st=DDciAqYbp49FX3cOMV8o7yVnXDTNuuXL0gyFet2RQ6M&ts=1718618511&e=0"]},{"title":"''VILKY CUKROVÁ'' - 2-izbový byt č.B202 + NOVÉ 3D VZOROVÉHO BYTU","address":"Cukrová, Trnava, okres Trnava","rooms":2,"meters":59,"totalPrice":176990,"meterSquarePrice":3,"link":"https://www.nehnutelnosti.sk/detail/JuHmqnrZ-Ab/vilky-cukrova-2-izbovy-byt-c-b202-nove-3d-vzoroveho-bytu","imagesUrls":["https://img.nehnutelnosti.sk/foto/NjAweDMzOC9maWx0ZXJzOnF1YWxpdHkoMTAwKS9uZWg=/wSxPnw5cS_fss?st=SHet2g7eTege3WPGdlzYgR8juDIfvf8LChsqhsAU9K8&ts=1725882508&e=0"]},{"title":"Byt so záhradou ako alternatíva rodinného domu!","address":"Dunajská, Bernolákovo, okres Senec","rooms":3,"meters":68,"totalPrice":250900,"meterSquarePrice":0,"link":"https://www.nehnutelnosti.sk/detail/JuKWKVQhp6q/byt-so-zahradou-ako-alternativa-rodinneho-domu","imagesUrls":["https://img.nehnutelnosti.sk/foto/NjAweDMzOC9maWx0ZXJzOnF1YWxpdHkoMTAwKS9uZWg=/0lwGbXTNWf_fss?st=bpLANL_aWjTFS32UTeh-Bha1mK4uIeSOgxcG_g7tYXs&ts=1726234809&e=0"]},{"title":"Na predaj vzdušný 2 izbový byt s balkónom a loggiou v príjemnej časti Ružinova","address":"Na Piesku, Bratislava II - Ružinov, okres Bratislava","rooms":2,"meters":62,"totalPrice":187900,"meterSquarePrice":5,"link":"https://www.nehnutelnosti.sk/detail/JuzhQBSY9bP/na-predaj-vzdusny-2-izbovy-byt-s-balkonom-a-loggiou-v-prijemnej-casti-ruzinova","imagesUrls":["https://img.nehnutelnosti.sk/foto/NjAweDMzOC9maWx0ZXJzOnF1YWxpdHkoMTAwKS9uZWg=/-itICMqj9_fss?st=nZbXdWhrV_KaNxnbitH9fqjdZSIk4FrarQ0RBQCybyw&ts=1725374099&e=0"]},{"title":"Rezidencia GEMINI I - Kasárne Brezno: 3+KK byt s balkónom / označenie E3","address":"Československej armády, Brezno, okres Brezno","rooms":3,"meters":75,"totalPrice":155000,"meterSquarePrice":7,"link":"https://www.nehnutelnosti.sk/detail/Ju6ggEh1W14/rezidencia-gemini-i-kasarne-brezno-3-kk-byt-s-balkonom-oznacenie-e3","imagesUrls":["https://img.nehnutelnosti.sk/foto/NjAweDMzOC9maWx0ZXJzOnF1YWxpdHkoMTAwKS9uZWg=/QvawWN0UO_fss?st=2CYeQ61Fo0l43GgrnoihE9Lcg-tAmKaks46T1-p05ko&ts=1651660366&e=0"]},{"title":"3i byt s balkónom v Kanianke - kompletná rekonštru","address":"Bojnická cesta, Kanianka, okres Prievidza","rooms":2,"meters":50,"totalPrice":96000,"meterSquarePrice":0,"link":"https://www.nehnutelnosti.sk/detail/JuEPM6YtdHj/3i-byt-s-balkonom-v-kanianke-kompletna-rekonstru","imagesUrls":["https://img.nehnutelnosti.sk/foto/NjAweDMzOC9maWx0ZXJzOnF1YWxpdHkoMTAwKS9uZWg=/0nnEYX27U_fss?st=k3pP-odpHKZMr3LgJc4cCbMz2PmTr0TQqwIKi-0FV3A&ts=1724245144&e=0"]},{"title":"UNIKÁTNY 2 IZB BYT S TERASOU POD MALÝMI KAPRATMI,NOVÉ MESTO,BRATISLAVA","address":"Jurská, Bratislava III - Nové Mesto, okres Bratislava","rooms":2,"meters":76,"totalPrice":314500,"meterSquarePrice":6,"link":"https://www.nehnutelnosti.sk/detail/JuZmohBjLgq/unikatny-2-izb-byt-s-terasou-pod-malymi-kapratmi-nove-mesto-bratislava","imagesUrls":["https://img.unitedclassifieds.sk/foto/NjAweDMzOC9maWx0ZXJzOnF1YWxpdHkoMTAwKS9qdWw=/nlMzUmHEj_fss?st=d8i14_xW219xpps5A5GzrCIBYr2UjnBQ35FR0EtU8ck&ts=1725446807&e=0"]},{"title":"SLNEČNÝ 4 IZB. BYT/APARTMÁN S TERASOU A PARKOVANÍM – TERCHOVÁ","address":"Biely Potok, Terchová, okres Žilina","rooms":4,"meters":90,"totalPrice":179900,"meterSquarePrice":9,"link":"https://www.nehnutelnosti.sk/detail/JuIHiQ6GVcx/slnecny-4-izb-byt-apartman-s-terasou-a-parkovanim-terchova","imagesUrls":["https://img.unitedclassifieds.sk/foto/NjAweDMzOC9maWx0ZXJzOnF1YWxpdHkoMTAwKS9yc2Y=/FO2mF8CiA_fss?st=24ltfFa_HOqpNDMe5KrQWmXxdsRs6cYdjCUVZs2NncM&ts=1723355895&e=0"]},{"title":"VEĽKÝ 2 IZB. BYT PRI CENTRE S PIVNICOU, MALACKY, PARTIZÁNSKA","address":"Partizánska, Malacky, okres Malacky","rooms":2,"meters":55,"totalPrice":104900,"meterSquarePrice":7,"link":"https://www.nehnutelnosti.sk/detail/JuiFsI4EU5i/velky-2-izb-byt-pri-centre-s-pivnicou-malacky-partizanska","imagesUrls":["https://img.unitedclassifieds.sk/foto/NjAweDMzOC9maWx0ZXJzOnF1YWxpdHkoMTAwKS9qdWw=/C2Mef7mIG_fss?st=ZGolOHO2W5i7zT-kWXPB6_kXF1cFnnQw9GkfI4x_w_4&ts=1725523411&e=0"]},{"title":"!!!ZNÍŽENÁ CENA!!!EXKLUZÍVNE NA Predaj slnečný 3 izbový byt 65m2 v Prievidza","address":"Prievidza, okres Prievidza","rooms":3,"meters":65,"totalPrice":66999,"meterSquarePrice":5,"link":"https://www.nehnutelnosti.sk/detail/JuR8giMZ7GO/znizena-cenaexkluzivne-na-predaj-slnecny-3-izbovy-byt-65m2-v-prievidza","imagesUrls":["https://img.nehnutelnosti.sk/foto/NjAweDMzOC9maWx0ZXJzOnF1YWxpdHkoMTAwKS9uZWg=/O6SbtBZDU_fss?st=9Q685MIksYH1CVfXgT0OIo48A4T76jylY96PqBC6xuI&ts=1726231892&e=0"]},{"title":"Na predaj 3 izbový byt s vlastnou záhradkou a garážou v Bánovciach nad Bebravou, 78 m2","address":"Bánovce nad Bebravou, okres Bánovce nad Bebravou","rooms":3,"meters":78,"totalPrice":96990,"meterSquarePrice":6,"link":"https://www.nehnutelnosti.sk/detail/Juf7VpQcGVm/na-predaj-3-izbovy-byt-s-vlastnou-zahradkou-a-garazou-v-banovciach-nad-bebravou-78-m2","imagesUrls":["https://img.nehnutelnosti.sk/foto/NjAweDMzOC9maWx0ZXJzOnF1YWxpdHkoMTAwKS9uZWg=/wSEJJArWl_fss?st=hqEeNFbSoxP3K5GTOXx-cjYjG2SNc6gRNuofHQSvVoE&ts=1723624227&e=0"]},{"title":"Znížená cena!Na predaj 2 izbový byt s loggiou v Partizánskom , 62 m2","address":"Partizánske, okres Partizánske","rooms":2,"meters":62,"totalPrice":71990,"meterSquarePrice":3,"link":"https://www.nehnutelnosti.sk/detail/JuV10s8Rrni/znizena-cenana-predaj-2-izbovy-byt-s-loggiou-v-partizanskom-62-m2","imagesUrls":["https://img.nehnutelnosti.sk/foto/NjAweDMzOC9maWx0ZXJzOnF1YWxpdHkoMTAwKS9uZWg=/5rFIsYOzo_fss?st=K-lpHvqkWajkshW7e0vUq26iumMl-92WONA5oNoiOnU&ts=1725522540&e=0"]},{"title":"Na predaj 3 izbový byt s garážou a záhradkou v Štrbe. Znížená cena!!!","address":"Štrba, okres Poprad","rooms":3,"meters":76,"totalPrice":139900,"meterSquarePrice":9,"link":"https://www.nehnutelnosti.sk/detail/JuryznXA4Vn/na-predaj-3-izbovy-byt-s-garazou-a-zahradkou-v-strbe-znizena-cena","imagesUrls":["https://img.nehnutelnosti.sk/foto/NjAweDMzOC9maWx0ZXJzOnF1YWxpdHkoMTAwKS9uZWg=/og-OE1op2O_fss?st=DMGWaL2hZRGj6JHn7zZfMmt5chfQ_ZgJR_IWxhg6TCE&ts=1725007073&e=0"]},{"title":"predaj 1+1 M.Hattalu - Dolný Kubín","address":"Dolný Kubín, okres Dolný Kubín","rooms":1,"meters":29,"totalPrice":76000,"meterSquarePrice":1,"link":"https://www.nehnutelnosti.sk/detail/JuFlYkodTyj/predaj-1-1-m-hattalu-dolny-kubin","imagesUrls":["https://img.nehnutelnosti.sk/foto/NjAweDMzOC9maWx0ZXJzOnF1YWxpdHkoMTAwKS9uZWg=/TVehnL3QB_fss?st=tj8omNdpAan-bO5zJuhvpPJoP0E4vlH-bmWkXxG2rp8&ts=1723065917&e=0"]},{"title":"Byt 2 izbový s vlast. kúrením, Prešov - Ľubotice, 52 m2","address":"Prešov, okres Prešov","rooms":2,"meters":52,"totalPrice":145000,"meterSquarePrice":6,"link":"https://www.nehnutelnosti.sk/detail/Ju2f4U-Xnj8/byt-2-izbovy-s-vlast-kurenim-presov-lubotice-52-m2","imagesUrls":["https://img.nehnutelnosti.sk/foto/NjAweDMzOC9maWx0ZXJzOnF1YWxpdHkoMTAwKS9uZWg=/BbQseeEoo_fss?st=fvUhIAAgYu7zVPHjIJUSs7G_z4Fz7z1fkVtnSb344Ag&ts=1726057529&e=0"]}]