[{"title":"SVOBODA & WILLIAMS I 2izb. rodinný dom so záhradkou a vypracovanou architektonickou štúdiou","address":"Bratislava III - Vajnory, okres Bratislava","rooms":2,"meters":50,"totalPrice":99900,"meterSquarePrice":8,"link":"https://www.nehnutelnosti.sk/detail/Ju-1JjJXjAt/svoboda-williams-i-2izb-rodinny-dom-so-zahradkou-a-vypracovanou-architektonickou-studiou","imagesUrls":["https://img.unitedclassifieds.sk/foto/NjAweDMzOC9maWx0ZXJzOnF1YWxpdHkoMTAwKS9qdWw=/VoPteAM5D_fss?st=PlT2kdK8S6wbwA7UVM4aGVazTLV87yYt-MJ2kA3n9No&ts=1722611465&e=0"]},{"title":"SVOBODA & WILLIAMS I Dizajnový strešný byt s klimatizáciou, balkónom a vnútorným aj vonkajším parkov","address":"Bratislava V - Petržalka, okres Bratislava","rooms":3,"meters":73,"totalPrice":320000,"meterSquarePrice":6,"link":"https://www.nehnutelnosti.sk/detail/Juuxqb0RrS3/svoboda-williams-i-dizajnovy-stresny-byt-s-klimatizaciou-balkonom-a-vnutornym-aj-vonkajsim-parkov","imagesUrls":["https://img.unitedclassifieds.sk/foto/NjAweDMzOC9maWx0ZXJzOnF1YWxpdHkoMTAwKS9qdWw=/U2mlpA92K_fss?st=64lzcqia_toWRkmC5R3qPFx3vx2ld96YXraBAVWAqc8&ts=1724666203&e=0"]},{"title":"SVOBODA & WILLIAMS I Dizajnový mezonet s bazénom, záhradou a parkovaním v garáži","address":"Rovinka, okres Senec","rooms":4,"meters":120,"totalPrice":389000,"meterSquarePrice":7,"link":"https://www.nehnutelnosti.sk/detail/JuFKaWtqLiu/svoboda-williams-i-dizajnovy-mezonet-s-bazenom-zahradou-a-parkovanim-v-garazi","imagesUrls":["https://img.unitedclassifieds.sk/foto/NjAweDMzOC9maWx0ZXJzOnF1YWxpdHkoMTAwKS9qdWw=/a559xPFLl_fss?st=z7ClXl5Nk71YRIu4OlmEXU_rZHvIkDBK-E0rugBMrT8&ts=1723721788&e=0"]},{"title":"SVOBODA & WILLIAMS I Slnečný 2-izbový byt v novostavbe s balkónom so západnou orientáciou","address":"Bratislava V - Petržalka, okres Bratislava","rooms":2,"meters":64,"totalPrice":235582,"meterSquarePrice":7,"link":"https://www.nehnutelnosti.sk/detail/JuFWiP01cZT/svoboda-williams-i-slnecny-2-izbovy-byt-v-novostavbe-s-balkonom-so-zapadnou-orientaciou","imagesUrls":["https://img.unitedclassifieds.sk/foto/NjAweDMzOC9maWx0ZXJzOnF1YWxpdHkoMTAwKS9qdWw=/RXnG9lbCJ_fss?st=ma0yOVxoDN5XD2S5EXR4Oy-G7CkAC3aRSwcxku5Qank&ts=1725439934&e=0"]},{"title":"SVOBODA & WILLIAMS I Slnečný 2-izbový byt v novostavbe s balkónom so západnou orientáciou","address":"Bratislava V - Petržalka, okres Bratislava","rooms":2,"meters":65,"totalPrice":233434,"meterSquarePrice":9,"link":"https://www.nehnutelnosti.sk/detail/JuFgocVpdZz/svoboda-williams-i-slnecny-2-izbovy-byt-v-novostavbe-s-balkonom-so-zapadnou-orientaciou","imagesUrls":["https://img.unitedclassifieds.sk/foto/NjAweDMzOC9maWx0ZXJzOnF1YWxpdHkoMTAwKS9qdWw=/GOf2qN4SR_fss?st=0Ha1Y7xeHwqb_Gc4voaP53YUy2RPPfZX-HCHf41HC_M&ts=1725440200&e=0"]},{"title":"SVOBODA & WILLIAMS I Svetlé 2-izbové byty v novostavbe s balkónom so západnou orientáciou","address":"Bratislava V - Petržalka, okres Bratislava","rooms":2,"meters":56,"totalPrice":224758,"meterSquarePrice":4,"link":"https://www.nehnutelnosti.sk/detail/JuL9NHauLAy/svoboda-williams-i-svetle-2-izbove-byty-v-novostavbe-s-balkonom-so-zapadnou-orientaciou","imagesUrls":["https://img.unitedclassifieds.sk/foto/NjAweDMzOC9maWx0ZXJzOnF1YWxpdHkoMTAwKS9qdWw=/uxeuGYZy0_fss?st=4g96jLDsp37B69Y8LYnk5hzt8uXi73t8XF633bDel_8&ts=1721813969&e=0"]},{"title":"SVOBODA & WILLIAMS I Zrekonštruovaný staromestský byt na Grosslingovej ulici s parkovaním","address":"Bratislava I - Staré Mesto, okres Bratislava","rooms":3,"meters":77,"totalPrice":null,"meterSquarePrice":null,"link":"https://www.nehnutelnosti.sk/detail/Jut_NL1HeFK/svoboda-williams-i-zrekonstruovany-staromestsky-byt-na-grosslingovej-ulici-s-parkovanim","imagesUrls":["https://img.unitedclassifieds.sk/foto/NjAweDMzOC9maWx0ZXJzOnF1YWxpdHkoMTAwKS9qdWw=/yu5SwH-C-_fss?st=dVh5Yq_WBIysLQyiuvFQoI1nKSRgYMJimDBfW7tNMGw&ts=1726495539&e=0"]},{"title":"SVOBODA & WILLIAMS I Slnečný 2-izbový byt v novostavbe s balkónom so západnou orientáciou","address":"Bratislava V - Petržalka, okres Bratislava","rooms":2,"meters":65,"totalPrice":237960,"meterSquarePrice":2,"link":"https://www.nehnutelnosti.sk/detail/JuKr0laKSL_/svoboda-williams-i-slnecny-2-izbovy-byt-v-novostavbe-s-balkonom-so-zapadnou-orientaciou","imagesUrls":["https://img.unitedclassifieds.sk/foto/NjAweDMzOC9maWx0ZXJzOnF1YWxpdHkoMTAwKS9qdWw=/epjIlYDdR_fss?st=M2xtl4ayjPvRykt3fFmB1GwFhyKRhOvQgC6HjJPcyuY&ts=1725442183&e=0"]},{"title":"SVOBODA & WILLIAMS I Svetlé 2-izbové byty v novostavbe s balkónom so západnou orientáciou","address":"Bratislava V - Petržalka, okres Bratislava","rooms":2,"meters":63,"totalPrice":233748,"meterSquarePrice":9,"link":"https://www.nehnutelnosti.sk/detail/JusGxuK7rJz/svoboda-williams-i-svetle-2-izbove-byty-v-novostavbe-s-balkonom-so-zapadnou-orientaciou","imagesUrls":["https://img.unitedclassifieds.sk/foto/NjAweDMzOC9maWx0ZXJzOnF1YWxpdHkoMTAwKS9qdWw=/YrPtprDxU_fss?st=0I4n-lp7l57B7M41PAMSyfbIUqPP-O-3gYkz5UST7X0&ts=1725441559&e=0"]},{"title":"SVOBODA & WILLIAMS I Slnečný 2-izbový byt v novostavbe s balkónom so západnou orientáciou","address":"Bratislava V - Petržalka, okres Bratislava","rooms":2,"meters":62,"totalPrice":232336,"meterSquarePrice":5,"link":"https://www.nehnutelnosti.sk/detail/JuynlfT_sca/svoboda-williams-i-slnecny-2-izbovy-byt-v-novostavbe-s-balkonom-so-zapadnou-orientaciou","imagesUrls":["https://img.unitedclassifieds.sk/foto/NjAweDMzOC9maWx0ZXJzOnF1YWxpdHkoMTAwKS9qdWw=/xBP2splgI_fss?st=tlgsJGKlAX93XVYthD_6frPuZItTcpmX1p-Me-ZzavM&ts=1725444461&e=0"]},{"title":"3i byt so 100m2 záhradou, novostavba, zariadený","address":"Topoľová, Trnava, okres Trnava","rooms":3,"meters":73,"totalPrice":257000,"meterSquarePrice":5,"link":"https://www.nehnutelnosti.sk/detail/Ju9hbTsNjxL/3i-byt-so-100m2-zahradou-novostavba-zariadeny","imagesUrls":["https://img.unitedclassifieds.sk/foto/NjAweDMzOC9maWx0ZXJzOnF1YWxpdHkoMTAwKS9yc2Y=/oVwszkQIB_fss?st=pMLn90UZqPPiVNnAabG8DaFwPl59ylMgsO_Ya07Qj28&ts=1723642973&e=0"]},{"title":"Útulná garsónka s klimatizáciou na Teplickej ulici v Piešťanoch","address":"Piešťany, okres Piešťany","rooms":null,"meters":20,"totalPrice":69000,"meterSquarePrice":0,"link":"https://www.nehnutelnosti.sk/detail/Jusih4FRmES/utulna-garsonka-s-klimatizaciou-na-teplickej-ulici-v-piestanoch","imagesUrls":["https://img.unitedclassifieds.sk/foto/NjAweDMzOC9maWx0ZXJzOnF1YWxpdHkoMTAwKS9yc2Y=/qX1DWgnNO_fss?st=mZxhg36sBJ4smoRPUc0VELwqGDIFreTQEw1QuesCK4w&ts=1724323957&e=0"]},{"title":"SVOBODA & WILLIAMS I Slnečný 2-izbový byt v novostavbe s balkónom so západnou orientáciou","address":"Bratislava V - Petržalka, okres Bratislava","rooms":2,"meters":66,"totalPrice":242185,"meterSquarePrice":7,"link":"https://www.nehnutelnosti.sk/detail/Juf8m3s0srh/svoboda-williams-i-slnecny-2-izbovy-byt-v-novostavbe-s-balkonom-so-zapadnou-orientaciou","imagesUrls":["https://img.unitedclassifieds.sk/foto/NjAweDMzOC9maWx0ZXJzOnF1YWxpdHkoMTAwKS9qdWw=/BIRk9Lj_Ug_fss?st=gzsz5EsN1d9ry6Ul5nYLTk-ydJT7JqhmtSgSL5ez2bM&ts=1725532640&e=0"]},{"title":"SVOBODA & WILLIAMS I Nadštandardný 3-izbový apartmán na 7. podlaží v renomovanom projekte","address":"Bratislava I - Staré Mesto, okres Bratislava","rooms":3,"meters":68,"totalPrice":null,"meterSquarePrice":null,"link":"https://www.nehnutelnosti.sk/detail/JuPNcZKmw1e/svoboda-williams-i-nadstandardny-3-izbovy-apartman-na-7-podlazi-v-renomovanom-projekte","imagesUrls":["https://img.unitedclassifieds.sk/foto/NjAweDMzOC9maWx0ZXJzOnF1YWxpdHkoMTAwKS9qdWw=/9idhV-iuL_fss?st=sLPyD1jnXeqKXWt4vyVcM3oMgVrHVoImZlJGKJWzzIw&ts=1726682073&e=0"]},{"title":"SVOBODA & WILLIAMS I Nadštandardne vybavený byt s terasou a výhľadom na hrad, klimatizáciou či parko","address":"Bratislava I - Staré Mesto, okres Bratislava","rooms":3,"meters":114,"totalPrice":639000,"meterSquarePrice":6,"link":"https://www.nehnutelnosti.sk/detail/Jua8F-H1zFw/svoboda-williams-i-nadstandardne-vybaveny-byt-s-terasou-a-vyhladom-na-hrad-klimatizaciou-ci-parko","imagesUrls":["https://img.unitedclassifieds.sk/foto/NjAweDMzOC9maWx0ZXJzOnF1YWxpdHkoMTAwKS9qdWw=/JRYUeZ5qB_fss?st=snZGB0TahO1BQsgPENsUN-KmpYT7qchYoUawVC-Z8dM&ts=1725608842&e=0"]},{"title":"SVOBODA & WILLIAMS I Slnečný 2-izbový byt v novostavbe s balkónom so západnou orientáciou","address":"Bratislava V - Petržalka, okres Bratislava","rooms":2,"meters":65,"totalPrice":238926,"meterSquarePrice":8,"link":"https://www.nehnutelnosti.sk/detail/JuA8gaEViuk/svoboda-williams-i-slnecny-2-izbovy-byt-v-novostavbe-s-balkonom-so-zapadnou-orientaciou","imagesUrls":["https://img.unitedclassifieds.sk/foto/NjAweDMzOC9maWx0ZXJzOnF1YWxpdHkoMTAwKS9qdWw=/gKW8WRE7x_fss?st=MUspAEYLK8FC6lYuAnhK5kOVkIRXnKouIRIVm1ZplK4&ts=1725443163&e=0"]},{"title":"SVOBODA & WILLIAMS I Slnečný 2-izbový byt v novostavbe s balkónom so západnou orientáciou","address":"Bratislava V - Petržalka, okres Bratislava","rooms":2,"meters":64,"totalPrice":228100,"meterSquarePrice":6,"link":"https://www.nehnutelnosti.sk/detail/JuhJZYxjTZD/svoboda-williams-i-slnecny-2-izbovy-byt-v-novostavbe-s-balkonom-so-zapadnou-orientaciou","imagesUrls":["https://img.unitedclassifieds.sk/foto/NjAweDMzOC9maWx0ZXJzOnF1YWxpdHkoMTAwKS9qdWw=/iwgBbl4zu_fss?st=8fHDcfdb8X4tnrO5-vDogDuXPKkfnqsZGCBD9xLc1xY&ts=1725442656&e=0"]},{"title":"SVOBODA & WILLIAMS I Slnečný 3-izbový byt v novostavbe s balkónom so západnou orientáciou","address":"Bratislava V - Petržalka, okres Bratislava","rooms":3,"meters":97,"totalPrice":337077,"meterSquarePrice":2,"link":"https://www.nehnutelnosti.sk/detail/Ju-z3KNSKFC/svoboda-williams-i-slnecny-3-izbovy-byt-v-novostavbe-s-balkonom-so-zapadnou-orientaciou","imagesUrls":["https://img.unitedclassifieds.sk/foto/NjAweDMzOC9maWx0ZXJzOnF1YWxpdHkoMTAwKS9qdWw=/23WmC_kOv_fss?st=N6W8GpuETnAiWWyxmqC09hXLomb4kdbTpqp9F00FtaI&ts=1725441893&e=0"]},{"title":"NA PREDAJ | nový 3 izbový byt, Trenčín","address":"Zlatovská, Trenčín, okres Trenčín","rooms":3,"meters":66,"totalPrice":137500,"meterSquarePrice":3,"link":"https://www.nehnutelnosti.sk/detail/JulPwPprB47/na-predaj-novy-3-izbovy-byt-trencin","imagesUrls":["https://img.nehnutelnosti.sk/foto/NjAweDMzOC9maWx0ZXJzOnF1YWxpdHkoMTAwKS9uZWg=/IL5SY8Gneb_fss?st=Ufhus2laTtJblUW9mMrpHiQujIVM1El22-ugG4AUGnI&ts=1718299455&e=0"]},{"title":"NA PREDAJ | 2-izbový byt v TOP lokalite, Trenčín","address":"28. októbra, Trenčín, okres Trenčín","rooms":2,"meters":53,"totalPrice":null,"meterSquarePrice":null,"link":"https://www.nehnutelnosti.sk/detail/JuqDXufAaM2/na-predaj-2-izbovy-byt-v-top-lokalite-trencin","imagesUrls":["https://img.nehnutelnosti.sk/foto/NjAweDMzOC9maWx0ZXJzOnF1YWxpdHkoMTAwKS9uZWg=/hHlRiKDYF_fss?st=QqpdLVTeahbWnLpPfAVTKUWkITFUdkm1rYUlNzYhQbY&ts=1722848982&e=0"]},{"title":"REZERVOVANÉ | 3-izbový byt s lodžiou, Dubnica nad Váhom","address":"Pod Hájom, Dubnica nad Váhom, okres Ilava","rooms":3,"meters":61,"totalPrice":98500,"meterSquarePrice":5,"link":"https://www.nehnutelnosti.sk/detail/JuB5nYWdhkV/rezervovane-3-izbovy-byt-s-lodziou-dubnica-nad-vahom","imagesUrls":["https://img.nehnutelnosti.sk/foto/NjAweDMzOC9maWx0ZXJzOnF1YWxpdHkoMTAwKS9uZWg=/rmOuIsKuC2_fss?st=KvQktI1QHj0w5KIh9ay9vSKEh1RRg4WeJopUr6xWeLc&ts=1716377221&e=0"]},{"title":"NA PREDAJ | 3-izbový byt s pekným výhľadom, Trenčín, Sihoť","address":"Opatovská, Trenčín, okres Trenčín","rooms":3,"meters":64,"totalPrice":137500,"meterSquarePrice":4,"link":"https://www.nehnutelnosti.sk/detail/Jui-GbkxvYe/na-predaj-3-izbovy-byt-s-peknym-vyhladom-trencin-sihot","imagesUrls":["https://img.nehnutelnosti.sk/foto/NjAweDMzOC9maWx0ZXJzOnF1YWxpdHkoMTAwKS9uZWg=/OQOf4gudvO_fss?st=YMVmsTdJ9aKwfludCwzU3cuGWBYviEXIDyaMOcI58gg&ts=1716897823&e=0"]},{"title":"NA PREDAJ | NOVÝ 3 IZBOVÝ BYT, Trenčín","address":"Zlatovská, Trenčín, okres Trenčín","rooms":3,"meters":85,"totalPrice":159900,"meterSquarePrice":9,"link":"https://www.nehnutelnosti.sk/detail/Jux06HkcRJP/na-predaj-novy-3-izbovy-byt-trencin","imagesUrls":["https://img.nehnutelnosti.sk/foto/NjAweDMzOC9maWx0ZXJzOnF1YWxpdHkoMTAwKS9uZWg=/eXBkFStctw_fss?st=uE1TxhMHWKx7K3RlzotB7ifs255D1juWberG6Jc10Ig&ts=1718354759&e=0"]},{"title":"NA PREDAJ | 1 izbový byt s balkónom, Trenčín","address":"Halalovka, Trenčín, okres Trenčín","rooms":1,"meters":48,"totalPrice":104500,"meterSquarePrice":8,"link":"https://www.nehnutelnosti.sk/detail/Ju8KzzvLYmC/na-predaj-1-izbovy-byt-s-balkonom-trencin","imagesUrls":["https://img.nehnutelnosti.sk/foto/NjAweDMzOC9maWx0ZXJzOnF1YWxpdHkoMTAwKS9uZWg=/VLqN_MIce_fss?st=QHeIWWz2bNEo0ryRkiCgCq_RURSPLCna4FtOne6KQTg&ts=1716571931&e=0"]},{"title":"NA PREDAJ | 1 izbový byt, Trenčianske Teplice","address":"Štvrť SNP, Trenčianske Teplice, okres Trenčín","rooms":1,"meters":35,"totalPrice":82500,"meterSquarePrice":4,"link":"https://www.nehnutelnosti.sk/detail/JuyCGmgrNbn/na-predaj-1-izbovy-byt-trencianske-teplice","imagesUrls":["https://img.nehnutelnosti.sk/foto/NjAweDMzOC9maWx0ZXJzOnF1YWxpdHkoMTAwKS9uZWg=/XpL-0DOsB0_fss?st=EC3HPXqNeffq1J8OUiOIon8iwARBZ_IDl08sLUaUpqQ&ts=1717176072&e=0"]},{"title":"PREDANÉ | 3-izbový novozrekonštruovaný byt, Trenčín, Sihoť","address":"Považská, Trenčín, okres Trenčín","rooms":3,"meters":54,"totalPrice":127500,"meterSquarePrice":1,"link":"https://www.nehnutelnosti.sk/detail/JuIeKX1azuE/predane-3-izbovy-novozrekonstruovany-byt-trencin-sihot","imagesUrls":["https://img.nehnutelnosti.sk/foto/NjAweDMzOC9maWx0ZXJzOnF1YWxpdHkoMTAwKS9uZWg=/TfqjaXR2V_fss?st=1bhA6HlcVHkU40btl4Vst6PUEWgsKFnjwevhjJDEA-c&ts=1715610941&e=0"]},{"title":"NA PREDAJ | 1 izbový byt, TOP lokalita, Nová Dubnica","address":"Nová Dubnica, okres Ilava","rooms":1,"meters":48,"totalPrice":null,"meterSquarePrice":null,"link":"https://www.nehnutelnosti.sk/detail/JuopeAPRxQF/na-predaj-1-izbovy-byt-top-lokalita-nova-dubnica","imagesUrls":["https://img.nehnutelnosti.sk/foto/NjAweDMzOC9maWx0ZXJzOnF1YWxpdHkoMTAwKS9uZWg=/A1omBPevn_fss?st=NxCaAjiF3BKqbMSELprlmsmBdQ2HnFdbLdiap8b0HB4&ts=1724171906&e=0"]},{"title":"Na predaj priestranný 2-izbový byt v atraktívnej lokalite Ružinova, ul. Nezábudková","address":"Nezábudková, Bratislava II - Ružinov, okres Bratislava","rooms":2,"meters":62,"totalPrice":204990,"meterSquarePrice":1,"link":"https://www.nehnutelnosti.sk/detail/Ju7rYwywO64/na-predaj-priestranny-2-izbovy-byt-v-atraktivnej-lokalite-ruzinova-ul-nezabudkova","imagesUrls":["https://img.nehnutelnosti.sk/foto/NjAweDMzOC9maWx0ZXJzOnF1YWxpdHkoMTAwKS9uZWg=/YdUXdD90v_fss?st=8R-fkVGV_5iuPjsYrPBzMM53NIsjOx2I4ycanxJEHDY&ts=1725869067&e=0"]},{"title":"Na predaj | 3 izbový byt s loggiou 11 m²  - Družstevná ul.","address":"Družstevná, Modra, okres Pezinok","rooms":3,"meters":76,"totalPrice":138900,"meterSquarePrice":0,"link":"https://www.nehnutelnosti.sk/detail/JuSkVv6vvVP/na-predaj-3-izbovy-byt-s-loggiou-11-m-druzstevna-ul","imagesUrls":["https://img.unitedclassifieds.sk/foto/NjAweDMzOC9maWx0ZXJzOnF1YWxpdHkoMTAwKS9qdWw=/cyqrLlbPBw_fss?st=83ix6G2ONruN0odkjV-gRk3hJfbwJdv7IDDm1BUZQNA&ts=1708347346&e=0"]},{"title":"Predaj: 2-izbový byt, Špačinská cesta, Trnava","address":"Špačinská cesta, Trnava, okres Trnava","rooms":2,"meters":54,"totalPrice":137900,"meterSquarePrice":0,"link":"https://www.nehnutelnosti.sk/detail/Ju6HJRDAAJU/predaj-2-izbovy-byt-spacinska-cesta-trnava","imagesUrls":["https://img.nehnutelnosti.sk/foto/NjAweDMzOC9maWx0ZXJzOnF1YWxpdHkoMTAwKS9uZWg=/DdFZKbaS3t_fss?st=g2n8Evw0TLv_q1xoH8ykAXMhmlg0ZIVbJZInItDY2UA&ts=1725944668&e=0"]}]