[{"title":"Výborná ponuka! Predaj šikovný 1-izbový byt + 2x loggia, v peknom, tichom prostredí, Púchov","address":"Púchov, okres Púchov","rooms":1,"meters":35,"totalPrice":77000,"meterSquarePrice":0,"link":"https://www.nehnutelnosti.sk/detail/JunvscPjOxC/vyborna-ponuka-predaj-sikovny-1-izbovy-byt-2x-loggia-v-peknom-tichom-prostredi-puchov","imagesUrls":["https://img.nehnutelnosti.sk/foto/NjAweDMzOC9maWx0ZXJzOnF1YWxpdHkoMTAwKS9uZWg=/DTydRIfVT_fss?st=PY4v5YXn7xwAyViJOGl9y5ZWMl-Kkcb7a1620I53tZs&ts=1724166089&e=0"]},{"title":"2 izbový byt, Trenčianske Teplice, sídlisko SNP, 56 m2","address":"Štvrť SNP, Trenčianske Teplice, okres Trenčín","rooms":2,"meters":56,"totalPrice":109000,"meterSquarePrice":3,"link":"https://www.nehnutelnosti.sk/detail/JuGauKkSwSj/2-izbovy-byt-trencianske-teplice-sidlisko-snp-56-m2","imagesUrls":["https://img.nehnutelnosti.sk/foto/NjAweDMzOC9maWx0ZXJzOnF1YWxpdHkoMTAwKS9uZWg=/0YX_KjCxR_fss?st=y5e2mjvEu_O8jReVjCRN2gbxrvw_WReIGxXaBMxdNws&ts=1724928102&e=0"]},{"title":"Na predaj 3 izbový byt, Trenčín, Sihoť","address":"Sihoť, Trenčín, okres Trenčín","rooms":3,"meters":61,"totalPrice":128000,"meterSquarePrice":6,"link":"https://www.nehnutelnosti.sk/detail/Jup51lELnp2/na-predaj-3-izbovy-byt-trencin-sihot","imagesUrls":["https://img.nehnutelnosti.sk/foto/NjAweDMzOC9maWx0ZXJzOnF1YWxpdHkoMTAwKS9uZWg=/Kz10vzsm0_fss?st=iOqmU87bQu1vrc-oaKcQaMi-DcgrGTyYoWUS7vor6nM&ts=1725368219&e=0"]},{"title":"3 izbový apartmánový byt v Rezdidencii BelleVue Bešeňová","address":"M.R.Štefanika, Bešeňová, okres Ružomberok","rooms":3,"meters":92,"totalPrice":270000,"meterSquarePrice":8,"link":"https://www.nehnutelnosti.sk/detail/Ju7uo2ksRKG/3-izbovy-apartmanovy-byt-v-rezdidencii-bellevue-besenova","imagesUrls":["https://img.nehnutelnosti.sk/foto/NjAweDMzOC9maWx0ZXJzOnF1YWxpdHkoMTAwKS9uZWg=/6c1oO_RSD_fss?st=6YYtsrY1PiVOC71DLCYkKpnMPArQCmwDV_E3lAFgGP0&ts=1722959715&e=0"]},{"title":"1,5 izbový byt Bánovce nad Bebravou / DUBNIČKA / KOMPLETNÁ REKONŠTRUKCIA / ZARIADENÝ","address":"Bánovce nad Bebravou, okres Bánovce nad Bebravou","rooms":1,"meters":34,"totalPrice":66000,"meterSquarePrice":8,"link":"https://www.nehnutelnosti.sk/detail/JuQtFkqqqNF/1-5-izbovy-byt-banovce-nad-bebravou-dubnicka-kompletna-rekonstrukcia-zariadeny","imagesUrls":["https://img.nehnutelnosti.sk/foto/NjAweDMzOC9maWx0ZXJzOnF1YWxpdHkoMTAwKS9uZWg=/2w1hAz-aur_fss?st=iHLw9cpC7wUvJ0i8iSw67GuOnpug0UxoKRQv8dPZw2w&ts=1723164265&e=0"]},{"title":"4 izbový byt Rozkvet Považská Bystrica (91,25 m2)","address":"Rozkvet, Považská Bystrica, okres Považská Bystrica","rooms":4,"meters":91,"totalPrice":145000,"meterSquarePrice":4,"link":"https://www.nehnutelnosti.sk/detail/JucrgfuoLGL/4-izbovy-byt-rozkvet-povazska-bystrica-91-25-m2","imagesUrls":["https://img.nehnutelnosti.sk/foto/NjAweDMzOC9maWx0ZXJzOnF1YWxpdHkoMTAwKS9uZWg=/Tv_VxiZ9c_fss?st=dA9S4InkRN3Imk8qTspOFUHppKxKan_YEGHoqULoBMo&ts=1723552389&e=0"]},{"title":"3 izbový byt Bánovce nad Bebravou / STRED / KOMPLETNÁ REKONŠTRUKCIA / PIVNICA","address":"Bánovce nad Bebravou, okres Bánovce nad Bebravou","rooms":3,"meters":66,"totalPrice":112000,"meterSquarePrice":7,"link":"https://www.nehnutelnosti.sk/detail/JutAHDVAIFM/3-izbovy-byt-banovce-nad-bebravou-stred-kompletna-rekonstrukcia-pivnica","imagesUrls":["https://img.nehnutelnosti.sk/foto/NjAweDMzOC9maWx0ZXJzOnF1YWxpdHkoMTAwKS9uZWg=/gk79odb2k_fss?st=FdbS5SIfEEfkeNB2ksB9lRhZ9q8-wAwk3aTVr_6WH4U&ts=1722381469&e=0"]},{"title":"3 izbový byt Dubnica nad Váhom, 105 m2, dva balkóny","address":"Centrum II., Dubnica nad Váhom, okres Ilava","rooms":3,"meters":105,"totalPrice":210000,"meterSquarePrice":0,"link":"https://www.nehnutelnosti.sk/detail/JuJmcn8SN5t/3-izbovy-byt-dubnica-nad-vahom-105-m2-dva-balkony","imagesUrls":["https://img.nehnutelnosti.sk/foto/NjAweDMzOC9maWx0ZXJzOnF1YWxpdHkoMTAwKS9uZWg=/snOdYu79E_fss?st=5PYPUQHqL1DGZSYfJCx41w_3zSgj6oSwjztL6DJW8fg&ts=1721654738&e=0"]},{"title":"Na predaj 3 izbový byt Dubnica nad Váhom, Kompletná rekonštrukcia, 80 m2","address":"Pod kaštieľom, Dubnica nad Váhom, okres Ilava","rooms":3,"meters":80,"totalPrice":143000,"meterSquarePrice":0,"link":"https://www.nehnutelnosti.sk/detail/JuEV0O1WjV5/na-predaj-3-izbovy-byt-dubnica-nad-vahom-kompletna-rekonstrukcia-80-m2","imagesUrls":["https://img.nehnutelnosti.sk/foto/NjAweDMzOC9maWx0ZXJzOnF1YWxpdHkoMTAwKS9uZWg=/h6CdsKUqw_fss?st=xAmhmVMfyAnDcMW0GxqtcGWYlGh2IJTJnZrpZvZHEjI&ts=1720676044&e=0"]},{"title":"Veľký 3 izbový byt, Nemšová, 74 m2","address":"Janka Palu, Nemšová, okres Trenčín","rooms":3,"meters":74,"totalPrice":139900,"meterSquarePrice":4,"link":"https://www.nehnutelnosti.sk/detail/JuQwwsQpJJy/velky-3-izbovy-byt-nemsova-74-m2","imagesUrls":["https://img.nehnutelnosti.sk/foto/NjAweDMzOC9maWx0ZXJzOnF1YWxpdHkoMTAwKS9uZWg=/qA2oPUxlFn_fss?st=mA_uttg6py_OAIqITN4HpDV4qw-n1IaZeypC-fQY_xQ&ts=1720537446&e=0"]},{"title":"Veľká garsónka s lodžiou, Trenčianske Teplice, 33 m2","address":"Štvrť SNP, Trenčianske Teplice, okres Trenčín","rooms":null,"meters":33,"totalPrice":66900,"meterSquarePrice":7,"link":"https://www.nehnutelnosti.sk/detail/Jup6zB2qDFf/velka-garsonka-s-lodziou-trencianske-teplice-33-m2","imagesUrls":["https://img.nehnutelnosti.sk/foto/NjAweDMzOC9maWx0ZXJzOnF1YWxpdHkoMTAwKS9uZWg=/p-2fKM3CS_fss?st=ld8bndCcB1cRPesV3n9122JZtndYwJQG1gm1weJQlgg&ts=1720539151&e=0"]},{"title":"3 izbový byt Bánovce nad Bebravou /72 m2 / CENTRUM- STRED / BALKÓN / ZARIADENÝ /","address":"Bánovce nad Bebravou, okres Bánovce nad Bebravou","rooms":3,"meters":72,"totalPrice":99990,"meterSquarePrice":5,"link":"https://www.nehnutelnosti.sk/detail/Ju_B8twL2Om/3-izbovy-byt-banovce-nad-bebravou-72-m2-centrum-stred-balkon-zariadeny","imagesUrls":["https://img.nehnutelnosti.sk/foto/NjAweDMzOC9maWx0ZXJzOnF1YWxpdHkoMTAwKS9uZWg=/2_Wob7UPR_fss?st=SRm55MN6-R5aahdau1GJOFf-dwC2an0vgMlV7WyGfLU&ts=1718575430&e=0"]},{"title":"Na predaj krásny 3-izbový byt, Bakošova ul., BA – Lamač","address":"Bakošova, Bratislava IV - Lamač, okres Bratislava","rooms":3,"meters":74,"totalPrice":185000,"meterSquarePrice":2,"link":"https://www.nehnutelnosti.sk/detail/Ju3MnGnb9fs/na-predaj-krasny-3-izbovy-byt-bakosova-ul-ba-lamac","imagesUrls":["https://img.nehnutelnosti.sk/foto/NjAweDMzOC9maWx0ZXJzOnF1YWxpdHkoMTAwKS9uZWg=/xmw_1_vSe_fss?st=7lvvszHpkuGl0OLa-enLGm6tQapPMxyWJzqA8DIvOCk&ts=1718884422&e=0"]},{"title":"Na predaj krásny 4-izbový byt, Beniakova ul.,81 m², Karlova Ves","address":"Beniakova, Bratislava IV - Karlova Ves, okres Bratislava","rooms":4,"meters":81,"totalPrice":229900,"meterSquarePrice":9,"link":"https://www.nehnutelnosti.sk/detail/Jui_TzMKkLA/na-predaj-krasny-4-izbovy-byt-beniakova-ul-81-m-karlova-ves","imagesUrls":["https://img.nehnutelnosti.sk/foto/NjAweDMzOC9maWx0ZXJzOnF1YWxpdHkoMTAwKS9uZWg=/n2UUYnxtD_fss?st=C_zB5cj4HZ9buHD5EzQB5mOt5gb7UsJ6XkmdR_qwV4k&ts=1718637540&e=0"]},{"title":"Na predaj garsónka 27 m², Saratovská ul., Dúbravka","address":"Saratovská, Bratislava IV - Dúbravka, okres Bratislava","rooms":null,"meters":26,"totalPrice":104900,"meterSquarePrice":5,"link":"https://www.nehnutelnosti.sk/detail/JuA1SmCP9fpd/na-predaj-garsonka-27-m-saratovska-ul-dubravka","imagesUrls":["https://img.nehnutelnosti.sk/foto/NjAweDMzOC9maWx0ZXJzOnF1YWxpdHkoMTAwKS9uZWg=/XhOLkaT3me_fss?st=tUpkPv3i54qoYmgFBxtZW9uSfrkaM9JockbY3TtVEHI&ts=1718105620&e=0"]},{"title":"Na predaj krásny 3-izbový byt s balkónom, 84 m², Dunajská Streda - centrum","address":"Námestie Ármina Vámbéryho, Dunajská Streda, okres Dunajská Streda","rooms":3,"meters":84,"totalPrice":129900,"meterSquarePrice":3,"link":"https://www.nehnutelnosti.sk/detail/JumnC1VCZ2A/na-predaj-krasny-3-izbovy-byt-s-balkonom-84-m-dunajska-streda-centrum","imagesUrls":["https://img.nehnutelnosti.sk/foto/NjAweDMzOC9maWx0ZXJzOnF1YWxpdHkoMTAwKS9uZWg=/Mh4xC7G8_X_fss?st=fTqsxPGFVI2IpZInVZPO6tdZpeSjX_I4-pawXmcj49U&ts=1719005541&e=0"]},{"title":"2 izbový byt Bánovce nad Bebravou - 53m2 / CENTRUM / LOGGIA  / PIVNICA","address":"Bánovce nad Bebravou, okres Bánovce nad Bebravou","rooms":2,"meters":53,"totalPrice":79000,"meterSquarePrice":7,"link":"https://www.nehnutelnosti.sk/detail/JuZJ5fcfHCz/2-izbovy-byt-banovce-nad-bebravou-53m2-centrum-loggia-pivnica","imagesUrls":["https://img.nehnutelnosti.sk/foto/NjAweDMzOC9maWx0ZXJzOnF1YWxpdHkoMTAwKS9uZWg=/IV0H-YHTBi_fss?st=v1a0fu_3RL18U-NZs5j92bknqaaikLJvYG1x7XkbBS0&ts=1717281407&e=0"]},{"title":"2,5 izbový byt UHROVEC / LOGGIA / KOMPLETNÁ REKONŠTRUKCIA  / PIVNICA","address":"Uhrovec, okres Bánovce nad Bebravou","rooms":2,"meters":65,"totalPrice":87000,"meterSquarePrice":6,"link":"https://www.nehnutelnosti.sk/detail/JuTTW8m1y9B/2-5-izbovy-byt-uhrovec-loggia-kompletna-rekonstrukcia-pivnica","imagesUrls":["https://img.nehnutelnosti.sk/foto/NjAweDMzOC9maWx0ZXJzOnF1YWxpdHkoMTAwKS9uZWg=/GpDENaOlw_fss?st=O-KISU2LautDEk7Rw5tUbdUHWK2gHVDAJx56dW1ThlA&ts=1717363670&e=0"]},{"title":"REZERVOVANÉ***Na predaj 3 izbový byt Ladce, 75 m2","address":"Ladce, Ladce, okres Ilava","rooms":3,"meters":75,"totalPrice":null,"meterSquarePrice":null,"link":"https://www.nehnutelnosti.sk/detail/Ju7ripCz9lI/rezervovanena-predaj-3-izbovy-byt-ladce-75-m2","imagesUrls":["https://img.nehnutelnosti.sk/foto/NjAweDMzOC9maWx0ZXJzOnF1YWxpdHkoMTAwKS9uZWg=/kej2hMcii_fss?st=ZZJhBZkJsw8zq3T2SUt0ckd_QdOCpM2rert8rHW7pZE&ts=1717178718&e=0"]},{"title":"Na predaj 4-izbový byt s lodžiou, 87 m², Šášovská ulica v Petržalka, kúpou voľný","address":"Šášovská, Bratislava V - Petržalka, okres Bratislava","rooms":4,"meters":83,"totalPrice":227900,"meterSquarePrice":6,"link":"https://www.nehnutelnosti.sk/detail/Juf6SGLZWJJ/na-predaj-4-izbovy-byt-s-lodziou-87-m-sasovska-ulica-v-petrzalka-kupou-volny","imagesUrls":["https://img.nehnutelnosti.sk/foto/NjAweDMzOC9maWx0ZXJzOnF1YWxpdHkoMTAwKS9uZWg=/79urbYFCb_fss?st=1yvbaI1_vkMdKkmXOHS40WZZz5t6xpuaW5Njqpj5w2o&ts=1718103377&e=0"]},{"title":"2 izbový byt Súhradka ,Lednické Rovné (64m2)","address":"Májova, Lednické Rovne, okres Púchov","rooms":2,"meters":64,"totalPrice":73000,"meterSquarePrice":3,"link":"https://www.nehnutelnosti.sk/detail/Ju5AQ4B9uoN/2-izbovy-byt-suhradka-lednicke-rovne-64m2","imagesUrls":["https://img.nehnutelnosti.sk/foto/NjAweDMzOC9maWx0ZXJzOnF1YWxpdHkoMTAwKS9uZWg=/vUGCnl90Jx_fss?st=4uNEI5MpvXUbvnjIJnVwMzCixXcJb-qC2V9u5DHLgWM&ts=1716113694&e=0"]},{"title":"2 izbový byt Cédrová, Dubnica nad Váhom - REZERVOVANÉ","address":"Cédrová, Dubnica nad Váhom, okres Ilava","rooms":2,"meters":60,"totalPrice":142000,"meterSquarePrice":7,"link":"https://www.nehnutelnosti.sk/detail/JuWD1AS1r3-/2-izbovy-byt-cedrova-dubnica-nad-vahom-rezervovane","imagesUrls":["https://img.nehnutelnosti.sk/foto/NjAweDMzOC9maWx0ZXJzOnF1YWxpdHkoMTAwKS9uZWg=/fpML0x-qOV_fss?st=ik_fTL0QqrQleMV-yQoRnHSYjAGBvMydEPKKAxpOT7o&ts=1716923877&e=0"]},{"title":"3 izbový byt Bánovce nad Bebravou 82 m2 / CENTRUM / SEVER  / BALKÓN / KOMPLETNÁ REKONŠTRUKCIA /","address":"Bánovce nad Bebravou, okres Bánovce nad Bebravou","rooms":3,"meters":80,"totalPrice":119500,"meterSquarePrice":5,"link":"https://www.nehnutelnosti.sk/detail/JuJIsjtsarC/3-izbovy-byt-banovce-nad-bebravou-82-m2-centrum-sever-balkon-kompletna-rekonstrukcia","imagesUrls":["https://img.nehnutelnosti.sk/foto/NjAweDMzOC9maWx0ZXJzOnF1YWxpdHkoMTAwKS9uZWg=/5GkWOWuXv_fss?st=gDzFqZCLKU9-4JlVVcSwPpBn8z8s4oA9bOpzODaZ9Ho&ts=1714428083&e=0"]},{"title":"3 izbový byt Bánovce nad Bebravou / DUBNIČKA / LOGGIA / KOMPLETNÁ REKONŠTRUKCIA / ZARIADENÝ","address":"Bánovce nad Bebravou, okres Bánovce nad Bebravou","rooms":3,"meters":70,"totalPrice":114900,"meterSquarePrice":3,"link":"https://www.nehnutelnosti.sk/detail/JuQ8jc0v6GE/3-izbovy-byt-banovce-nad-bebravou-dubnicka-loggia-kompletna-rekonstrukcia-zariadeny","imagesUrls":["https://img.nehnutelnosti.sk/foto/NjAweDMzOC9maWx0ZXJzOnF1YWxpdHkoMTAwKS9uZWg=/g2MPd76NP_fss?st=AFbk_BLb6VQGzUk-Whgue_EyRbQLeKoK7PRO1qpoLKI&ts=1714944745&e=0"]},{"title":"Veľkometrážny 3 izbový byt, Ladce, 91 m2, tehlový","address":"Ladce, Ladce, okres Ilava","rooms":3,"meters":84,"totalPrice":149990,"meterSquarePrice":0,"link":"https://www.nehnutelnosti.sk/detail/JuPYvUqwGBf/velkometrazny-3-izbovy-byt-ladce-91-m2-tehlovy","imagesUrls":["https://img.nehnutelnosti.sk/foto/NjAweDMzOC9maWx0ZXJzOnF1YWxpdHkoMTAwKS9uZWg=/yAMQBNL4Gc_fss?st=vDWewEMOc9Ch54o8hvM2nF4cbnjEnHuSBUIAJ8LIrfc&ts=1724068450&e=0"]},{"title":"2,5 izbový byt Bánovce nad Bebravou / CENTRUM- STRED / BALKÓN / KOMPLETNE ZARIADENÝ","address":"Bánovce nad Bebravou, okres Bánovce nad Bebravou","rooms":2,"meters":56,"totalPrice":94000,"meterSquarePrice":7,"link":"https://www.nehnutelnosti.sk/detail/JuD3sud2NMA/2-5-izbovy-byt-banovce-nad-bebravou-centrum-stred-balkon-kompletne-zariadeny","imagesUrls":["https://img.nehnutelnosti.sk/foto/NjAweDMzOC9maWx0ZXJzOnF1YWxpdHkoMTAwKS9uZWg=/O8q8FrVvVU_fss?st=vdkJscLc0A1H8wp3CwSm7FkxDNrtm8w_7oeNnxPHmFA&ts=1713304913&e=0"]},{"title":"2,5 izbový byt Bánovce nad Bebravou / CENTRUM- STRED / KOMPLETNÁ REKNŠTRUKCIA","address":"Bánovce nad Bebravou, okres Bánovce nad Bebravou","rooms":2,"meters":56,"totalPrice":89000,"meterSquarePrice":9,"link":"https://www.nehnutelnosti.sk/detail/JuzpfOlnpyY/2-5-izbovy-byt-banovce-nad-bebravou-centrum-stred-kompletna-reknstrukcia","imagesUrls":["https://img.nehnutelnosti.sk/foto/NjAweDMzOC9maWx0ZXJzOnF1YWxpdHkoMTAwKS9uZWg=/_SHemJ1Xy_fss?st=d4jsMPihpaeGP9PgsIDrxEIZdaOf1hwjoW-hp_HNdkY&ts=1713304908&e=0"]},{"title":"2 izbový byt Bánovce nad Bebravou / CENTRUM / LOGGIA / KOMPLETNÁ REKONŠTRUKCIA / 2x PIVNICA","address":"Bánovce nad Bebravou, okres Bánovce nad Bebravou","rooms":2,"meters":53,"totalPrice":88000,"meterSquarePrice":8,"link":"https://www.nehnutelnosti.sk/detail/JuTNB4hCWp2/2-izbovy-byt-banovce-nad-bebravou-centrum-loggia-kompletna-rekonstrukcia-2x-pivnica","imagesUrls":["https://img.nehnutelnosti.sk/foto/NjAweDMzOC9maWx0ZXJzOnF1YWxpdHkoMTAwKS9uZWg=/YHarV9uwX_fss?st=FTtVTYKJ7iwVvBicAnmY_mqYS2zmINRTNlNpOb7axYI&ts=1713308727&e=0"]},{"title":"3 izbový veľkometrážny byt Bánovce nad Bebravou / 82 m2 / SEVER / LOGGIA  / PIVNICA","address":"Bánovce nad Bebravou, okres Bánovce nad Bebravou","rooms":3,"meters":82,"totalPrice":89900,"meterSquarePrice":4,"link":"https://www.nehnutelnosti.sk/detail/Ju5NfJkPI4x/3-izbovy-velkometrazny-byt-banovce-nad-bebravou-82-m2-sever-loggia-pivnica","imagesUrls":["https://img.nehnutelnosti.sk/foto/NjAweDMzOC9maWx0ZXJzOnF1YWxpdHkoMTAwKS9uZWg=/MeoLTKrbz_fss?st=90f6_OAWvNrtjcGcyQDRjYRaX_OWuAnL0MH7TMk2mIA&ts=1713307452&e=0"]},{"title":"2 izbový byt Bánovce nad Bebravou / CENTRUM/ 56m2 / BALKÓN  /KLIMATIZÁCIA","address":"Bánovce nad Bebravou, okres Bánovce nad Bebravou","rooms":2,"meters":56,"totalPrice":59000,"meterSquarePrice":7,"link":"https://www.nehnutelnosti.sk/detail/JuOkEUe7fSI/2-izbovy-byt-banovce-nad-bebravou-centrum-56m2-balkon-klimatizacia","imagesUrls":["https://img.nehnutelnosti.sk/foto/NjAweDMzOC9maWx0ZXJzOnF1YWxpdHkoMTAwKS9uZWg=/7TaPEcGHzD_fss?st=RVCfAIZB8mcZOjKQ6C2wbP3q7j55W8GPKzN77iS2qyI&ts=1713304908&e=0"]}]