[{"title":"2-izbový byt na predaj, Považská Bystrica","address":"Považská Bystrica, Považská Bystrica, okres Považská Bystrica","rooms":2,"meters":52,"totalPrice":102000,"meterSquarePrice":9,"link":"https://www.nehnutelnosti.sk/detail/Ju4ZzRH8Wy0/2-izbovy-byt-na-predaj-povazska-bystrica","imagesUrls":["https://img.nehnutelnosti.sk/foto/NjAweDMzOC9maWx0ZXJzOnF1YWxpdHkoMTAwKS9uZWg=/isz2YE7pX_fss?st=QgThpmCot6RRvabxWgwNuZ2Q_0IJteDxbqbe2RoG548&ts=1726592502&e=0"]},{"title":"Apartmán mezonet na predaj, Demänová","address":"Demänová, Liptovský Mikuláš, okres Liptovský Mikuláš","rooms":null,"meters":36,"totalPrice":187000,"meterSquarePrice":2,"link":"https://www.nehnutelnosti.sk/detail/Ju9TRH9UIj5/apartman-mezonet-na-predaj-demanova","imagesUrls":["https://img.nehnutelnosti.sk/foto/NjAweDMzOC9maWx0ZXJzOnF1YWxpdHkoMTAwKS9uZWg=/eExPfG5Aj_fss?st=EGGbLLepNllYp0rV8DBjH-qKqy731OvlBGRIezEt8Tc&ts=1726746019&e=0"]},{"title":"Apartmán na predaj, Hrabovská dolina, Ružomberok","address":"Hrabovská dolina, Ružomberok, okres Ružomberok","rooms":null,"meters":38,"totalPrice":105000,"meterSquarePrice":1,"link":"https://www.nehnutelnosti.sk/detail/Juwhkl0hC22/apartman-na-predaj-hrabovska-dolina-ruzomberok","imagesUrls":["https://img.nehnutelnosti.sk/foto/NjAweDMzOC9maWx0ZXJzOnF1YWxpdHkoMTAwKS9uZWg=/fZAbJnek7_fss?st=m5O6-acbprs-2RhBFbfRhTTku6Tc5UJ-NJQ2guhflCo&ts=1726742242&e=0"]},{"title":"Veľkometrážný 2-izbový byt na predaj, Sever, Martin","address":"Martin, okres Martin","rooms":2,"meters":65,"totalPrice":97500,"meterSquarePrice":0,"link":"https://www.nehnutelnosti.sk/detail/Juc4paV3x9j/velkometrazny-2-izbovy-byt-na-predaj-sever-martin","imagesUrls":["https://img.nehnutelnosti.sk/foto/NjAweDMzOC9maWx0ZXJzOnF1YWxpdHkoMTAwKS9uZWg=/mFGJRqmwN_fss?st=aS_yPpCU15_gZwN11mERBB9Sh0ZsXOGC_X-eeTS2xmw&ts=1726563964&e=0"]},{"title":"LOKALITA, LOKALITA, LOKALITA 3 izbový luxusný penthouse s veľkými terasami, Makovického, Ružomberok","address":"D. Makovického, Ružomberok, okres Ružomberok","rooms":3,"meters":91,"totalPrice":null,"meterSquarePrice":null,"link":"https://www.nehnutelnosti.sk/detail/JuNchICLTu8/lokalita-lokalita-lokalita-3-izbovy-luxusny-penthouse-s-velkymi-terasami-makovickeho-ruzomberok","imagesUrls":["https://img.nehnutelnosti.sk/foto/NjAweDMzOC9maWx0ZXJzOnF1YWxpdHkoMTAwKS9uZWg=/n0S51ZihOf_fss?st=6-KmO2LxFkexxXNYKi2y9UUhyuRFv9muMElGgqw3IMo&ts=1726567380&e=0"]},{"title":"Projekt bytového domu so 42 bytmi BORKA, Zvolen – Podborová","address":"Borovianska, Zvolen, okres Zvolen","rooms":null,"meters":5537,"totalPrice":1250000,"meterSquarePrice":5,"link":"https://www.nehnutelnosti.sk/detail/JusW2NN6NINU/projekt-bytoveho-domu-so-42-bytmi-borka-zvolen-podborova","imagesUrls":["https://img.nehnutelnosti.sk/foto/NjAweDMzOC9maWx0ZXJzOnF1YWxpdHkoMTAwKS9uZWg=/6sFc9gac1_fss?st=dXe4QKvc4ZAQwWbGnoY98E4PxPt_05f4g8SXk7KtbFk&ts=1726058862&e=0"]},{"title":"1-izbový byt na predaj, Revúca","address":"Revúca, Revúca, okres Revúca","rooms":1,"meters":31,"totalPrice":27000,"meterSquarePrice":7,"link":"https://www.nehnutelnosti.sk/detail/JuMjm7Z4YYk/1-izbovy-byt-na-predaj-revuca","imagesUrls":["https://img.nehnutelnosti.sk/foto/NjAweDMzOC9maWx0ZXJzOnF1YWxpdHkoMTAwKS9uZWg=/1ENJq5qP4M_fss?st=AD-5l0GcQajX4oeWEEXRgB3HqE6aZT7dC3W71IwUo2M&ts=1726139994&e=0"]},{"title":"3-izbový byt na predaj, Liptovská Sielnica","address":"Liptovská Sielnica, Liptovská Sielnica, okres Liptovský Mikuláš","rooms":3,"meters":71,"totalPrice":129500,"meterSquarePrice":3,"link":"https://www.nehnutelnosti.sk/detail/JuamtLhwloJl/3-izbovy-byt-na-predaj-liptovska-sielnica","imagesUrls":["https://img.nehnutelnosti.sk/foto/NjAweDMzOC9maWx0ZXJzOnF1YWxpdHkoMTAwKS9uZWg=/umIwxn7nYV_fss?st=DCuyPD7rhbgto3nSZW1aKjF1aDmjCPf7_v64OrSk9VA&ts=1725957688&e=0"]},{"title":"3 izbový byt na predaj, Martin - Jahodníky na predaj","address":"Martin, okres Martin","rooms":3,"meters":69,"totalPrice":148000,"meterSquarePrice":3,"link":"https://www.nehnutelnosti.sk/detail/JuwLK0YscOW/3-izbovy-byt-na-predaj-martin-jahodniky-na-predaj","imagesUrls":["https://img.nehnutelnosti.sk/foto/NjAweDMzOC9maWx0ZXJzOnF1YWxpdHkoMTAwKS9uZWg=/GWtL_CEux_fss?st=jnSbmmC_BXrj1IIbUBqGsdywr0kQDZlyRA7PPugb_ps&ts=1726047267&e=0"]},{"title":"Nadrozmerný byt na predaj v centre mesta, ul.Moyzesova, Liptovský Mikuláš","address":"Moyzesova, Liptovský Mikuláš, okres Liptovský Mikuláš","rooms":5,"meters":220,"totalPrice":257500,"meterSquarePrice":5,"link":"https://www.nehnutelnosti.sk/detail/JuG4d3LhFjw/nadrozmerny-byt-na-predaj-v-centre-mesta-ul-moyzesova-liptovsky-mikulas","imagesUrls":["https://img.nehnutelnosti.sk/foto/NjAweDMzOC9maWx0ZXJzOnF1YWxpdHkoMTAwKS9uZWg=/UDWkLjBq__fss?st=4FYVAzVN1bXpNmys67h14IEXuI7Eddt1JwooZ7qJDNc&ts=1726046092&e=0"]},{"title":"2-izbový byt Zemianske Kostoľany","address":"Zemianske Kostoľany, Zemianske Kostoľany, okres Prievidza","rooms":2,"meters":56,"totalPrice":78000,"meterSquarePrice":6,"link":"https://www.nehnutelnosti.sk/detail/Ju-hPJz_bE2/2-izbovy-byt-zemianske-kostolany","imagesUrls":["https://img.nehnutelnosti.sk/foto/NjAweDMzOC9maWx0ZXJzOnF1YWxpdHkoMTAwKS9uZWg=/OWeHGi9vF_fss?st=QaiqP9sxjUAwKiC9uWmcN209rppuLyhwuevotZYpsUI&ts=1725522765&e=0"]},{"title":"3-izbový byt s loggiou /62 m2/ Žilina - Solinky","address":"Žilina, okres Žilina","rooms":3,"meters":62,"totalPrice":null,"meterSquarePrice":null,"link":"https://www.nehnutelnosti.sk/detail/JuF9rEdw64t/3-izbovy-byt-s-loggiou-62-m2-zilina-solinky","imagesUrls":["https://img.nehnutelnosti.sk/foto/NjAweDMzOC9maWx0ZXJzOnF1YWxpdHkoMTAwKS9uZWg=/zBlW86jXq_fss?st=r6i5w6qXmkXTNcC-HQ2oVthVzlPxUvF7H7ptDmulp0o&ts=1725867950&e=0"]},{"title":"3 - izbový byt, Lánska, ul. Pionierska","address":"Považská Bystrica, Považská Bystrica, okres Považská Bystrica","rooms":3,"meters":74,"totalPrice":123500,"meterSquarePrice":2,"link":"https://www.nehnutelnosti.sk/detail/JuBsxenilEi/3-izbovy-byt-lanska-ul-pionierska","imagesUrls":["https://img.nehnutelnosti.sk/foto/NjAweDMzOC9maWx0ZXJzOnF1YWxpdHkoMTAwKS9uZWg=/jBT7Ud5TJ_fss?st=XRmxEjiLJK_RD94NA-9xpC6HB8vAlUJZElUSWKHYNcQ&ts=1725625045&e=0"]},{"title":"Rekonštruovaný 2 izb. byt na ul. Sústružníckej v Komárne","address":"Sústružnícka, Komárno, okres Komárno","rooms":2,"meters":60,"totalPrice":66900,"meterSquarePrice":5,"link":"https://www.nehnutelnosti.sk/detail/JuXprQsdhF0/rekonstruovany-2-izb-byt-na-ul-sustruznickej-v-komarne","imagesUrls":["https://img.nehnutelnosti.sk/foto/NjAweDMzOC9maWx0ZXJzOnF1YWxpdHkoMTAwKS9uZWg=/q240yzEXyO_fss?st=8LXqRAcsPDgq1ybrL7EiNQCY9S69eEY7XVZvsGL9m2k&ts=1725518109&e=0"]},{"title":"3-izbový byt s balkónom / 70 m2 / - Čadca","address":"Čadca, okres Čadca","rooms":3,"meters":70,"totalPrice":129000,"meterSquarePrice":6,"link":"https://www.nehnutelnosti.sk/detail/Juv-hvMk3Kc/3-izbovy-byt-s-balkonom-70-m2-cadca","imagesUrls":["https://img.nehnutelnosti.sk/foto/NjAweDMzOC9maWx0ZXJzOnF1YWxpdHkoMTAwKS9uZWg=/YvCXftf9I6_fss?st=NcvS-GKMuUAzqNVNUgBbNHoAeAosoRHKxggxOrknexg&ts=1725461613&e=0"]},{"title":"2-izbový byt na predaj, B.Bjornsona, Píly, Prievidza","address":"B.Bjornsona, Prievidza, okres Prievidza","rooms":2,"meters":63,"totalPrice":72000,"meterSquarePrice":6,"link":"https://www.nehnutelnosti.sk/detail/JuII5FfMQSK/2-izbovy-byt-na-predaj-b-bjornsona-pily-prievidza","imagesUrls":["https://img.nehnutelnosti.sk/foto/NjAweDMzOC9maWx0ZXJzOnF1YWxpdHkoMTAwKS9uZWg=/NHyasGRiM_fss?st=Bq4_GBTFOwdxVi8n7OotBHtJoz9FRrKCXtQKBqwuJeI&ts=1725480069&e=0"]},{"title":"2-izbový byt na predaj, Ľadoveň, Martin","address":"Ľadoveň, Martin, okres Martin","rooms":2,"meters":62,"totalPrice":132000,"meterSquarePrice":3,"link":"https://www.nehnutelnosti.sk/detail/Ju3ZQGYvY81/2-izbovy-byt-na-predaj-ladoven-martin","imagesUrls":["https://img.nehnutelnosti.sk/foto/NjAweDMzOC9maWx0ZXJzOnF1YWxpdHkoMTAwKS9uZWg=/ouA4zPH_7_fss?st=WZ99yC78CrQ-mQ-1dURwcCbY5Y5BEzQTH7E3-SWu9T4&ts=1725441069&e=0"]},{"title":"Na predaj 1-izbový byt po kompletnej rekonštrukcii Olympijská Trnava","address":"Olympijská, Trnava, okres Trnava","rooms":1,"meters":30,"totalPrice":null,"meterSquarePrice":null,"link":"https://www.nehnutelnosti.sk/detail/JuKXO0CCknm/na-predaj-1-izbovy-byt-po-kompletnej-rekonstrukcii-olympijska-trnava","imagesUrls":["https://img.nehnutelnosti.sk/foto/NjAweDMzOC9maWx0ZXJzOnF1YWxpdHkoMTAwKS9uZWg=/51XGIckDi_fss?st=G75ldIVgUZcrtFO3PXpxXJpuRyRhA3yAY_sFRQcgoqk&ts=1725280336&e=0"]},{"title":"3-izbový veľkometrážny mezonetový byt na predaj, Vrútky","address":"Vrútky, okres Martin","rooms":3,"meters":130,"totalPrice":148000,"meterSquarePrice":6,"link":"https://www.nehnutelnosti.sk/detail/JuQ4-zlNIZg/3-izbovy-velkometrazny-mezonetovy-byt-na-predaj-vrutky","imagesUrls":["https://img.nehnutelnosti.sk/foto/NjAweDMzOC9maWx0ZXJzOnF1YWxpdHkoMTAwKS9uZWg=/Q2ltyYJLY_fss?st=6ai_zTKWX9U5p313B4-acq15FeQzsYDgwvWQNzKE2PU&ts=1725362558&e=0"]},{"title":"1 izbový byt na predaj, Kanianka","address":"Kanianka, Kanianka, okres Prievidza","rooms":1,"meters":39,"totalPrice":56000,"meterSquarePrice":3,"link":"https://www.nehnutelnosti.sk/detail/JuihjIdx59C/1-izbovy-byt-na-predaj-kanianka","imagesUrls":["https://img.nehnutelnosti.sk/foto/NjAweDMzOC9maWx0ZXJzOnF1YWxpdHkoMTAwKS9uZWg=/n01yoihNt_fss?st=mrCBrhp7Bc4hEV3UlJX5Tj3iyKx32XZgi2zc7yxuVqM&ts=1725357223&e=0"]},{"title":"3-izbový byt s garážou na predaj /74 m2/, Sebedín – Bečov","address":"Sebedín - Bečov, Sebedín - Bečov, okres Banská Bystrica","rooms":3,"meters":91,"totalPrice":94990,"meterSquarePrice":5,"link":"https://www.nehnutelnosti.sk/detail/JupDagaBopD/3-izbovy-byt-s-garazou-na-predaj-74-m2-sebedin-becov","imagesUrls":["https://img.nehnutelnosti.sk/foto/NjAweDMzOC9maWx0ZXJzOnF1YWxpdHkoMTAwKS9uZWg=/GLk25CmMr_fss?st=bBAJRtRdW7Nd4M6F9kdrEFu4HD9XFL7BEIY8nLZOUKg&ts=1725031027&e=0"]},{"title":"2-izbový byt na predaj, Nábr.Dr.A.Stodolu, Liptovský Mikuláš","address":"Nábr.Dr.A.Stodolu, Liptovský Mikuláš, okres Liptovský Mikuláš","rooms":2,"meters":63,"totalPrice":100000,"meterSquarePrice":6,"link":"https://www.nehnutelnosti.sk/detail/Ju7JcRCiR5U/2-izbovy-byt-na-predaj-nabr-dr-a-stodolu-liptovsky-mikulas","imagesUrls":["https://img.nehnutelnosti.sk/foto/NjAweDMzOC9maWx0ZXJzOnF1YWxpdHkoMTAwKS9uZWg=/Vwb7uymC3c_fss?st=KnumsABMWVX9HyqAuAeZL5y0q8B6Pr4fiUhcaOqNSp8&ts=1724681704&e=0"]},{"title":"3-izbový byt na predaj, Jahodníky, Martin","address":"Martin, okres Martin","rooms":3,"meters":83,"totalPrice":165000,"meterSquarePrice":5,"link":"https://www.nehnutelnosti.sk/detail/JuEg_-LN-je/3-izbovy-byt-na-predaj-jahodniky-martin","imagesUrls":["https://img.nehnutelnosti.sk/foto/NjAweDMzOC9maWx0ZXJzOnF1YWxpdHkoMTAwKS9uZWg=/pkzyKdadm_fss?st=Z3NmxRloQWl0ZvxqVr7pjLAXaJa_p7GNtC62PmvuW9A&ts=1724846686&e=0"]},{"title":"1-izbový byt na predaj, Internátna, Fončorda, Banská Bystrica","address":"Internátna, Banská Bystrica, okres Banská Bystrica","rooms":1,"meters":29,"totalPrice":90990,"meterSquarePrice":9,"link":"https://www.nehnutelnosti.sk/detail/JueLWKuSVlW/1-izbovy-byt-na-predaj-internatna-foncorda-banska-bystrica","imagesUrls":["https://img.nehnutelnosti.sk/foto/NjAweDMzOC9maWx0ZXJzOnF1YWxpdHkoMTAwKS9uZWg=/Lt_eChA0u_fss?st=Akfki3KhCr0BadEZsVAipQTpXMFaFr52O9qz7xQl9Nw&ts=1724794145&e=0"]},{"title":"3-IZBOVÝ BYT S LOGGIOU / 72 m2 / Žilina - Hájik","address":"Žilina, okres Žilina","rooms":3,"meters":72,"totalPrice":156000,"meterSquarePrice":7,"link":"https://www.nehnutelnosti.sk/detail/Jug1pybucl2/3-izbovy-byt-s-loggiou-72-m2-zilina-hajik","imagesUrls":["https://img.nehnutelnosti.sk/foto/NjAweDMzOC9maWx0ZXJzOnF1YWxpdHkoMTAwKS9uZWg=/GJ_uGvfn4_fss?st=3akNqneEv7zlxHAycdzS2FunFY1hXhg1G-XQdLe0fzM&ts=1724766470&e=0"]},{"title":"3-izbový byt s loggiou / 65 m2 / - Bytča","address":"Bytča, okres Bytča","rooms":3,"meters":65,"totalPrice":149000,"meterSquarePrice":1,"link":"https://www.nehnutelnosti.sk/detail/JuhYmo1_i9Y/3-izbovy-byt-s-loggiou-65-m2-bytca","imagesUrls":["https://img.nehnutelnosti.sk/foto/NjAweDMzOC9maWx0ZXJzOnF1YWxpdHkoMTAwKS9uZWg=/CBxFTPzakD_fss?st=Z5ERzxW2JgVh499NaJXKXez7yXemRsnRmAok-oKlNXc&ts=1724848640&e=0"]},{"title":"3-izb byt s loggiou v blízkosti centra mesta Komárno","address":"Mederčská, Komárno, okres Komárno","rooms":3,"meters":63,"totalPrice":77000,"meterSquarePrice":2,"link":"https://www.nehnutelnosti.sk/detail/JuBhPuFS1u2/3-izb-byt-s-loggiou-v-blizkosti-centra-mesta-komarno","imagesUrls":["https://img.nehnutelnosti.sk/foto/NjAweDMzOC9maWx0ZXJzOnF1YWxpdHkoMTAwKS9uZWg=/8uG5_eVDt_fss?st=LighoWTeFIDYivQ7Q8HVRVgPCETx2rxxjXhoEl8mrzo&ts=1724660331&e=0"]},{"title":"4-izbový byt v Novostavbe Prestige, Malé Tatry","address":"Malé Tatry, Ružomberok, okres Ružomberok","rooms":4,"meters":90,"totalPrice":189900,"meterSquarePrice":2,"link":"https://www.nehnutelnosti.sk/detail/JutQRv3xqSU/4-izbovy-byt-v-novostavbe-prestige-male-tatry","imagesUrls":["https://img.nehnutelnosti.sk/foto/NjAweDMzOC9maWx0ZXJzOnF1YWxpdHkoMTAwKS9uZWg=/tIizghV4w_fss?st=fMMaCwXgH0WK6G-Vg73OAm0RN7yQ3p5XLY7sWC-__W4&ts=1724661070&e=0"]},{"title":"3-izbový byt na predaj, Plavisko, Ružomberok","address":"Plavisko, Ružomberok, okres Ružomberok","rooms":3,"meters":71,"totalPrice":135000,"meterSquarePrice":1,"link":"https://www.nehnutelnosti.sk/detail/JuGoXNj8roO/3-izbovy-byt-na-predaj-plavisko-ruzomberok","imagesUrls":["https://img.nehnutelnosti.sk/foto/NjAweDMzOC9maWx0ZXJzOnF1YWxpdHkoMTAwKS9uZWg=/AUyorAPRO_fss?st=aw4vqPdtbl98VuuZR8fLQ1SsnzHW6lOkPI7c4vheC18&ts=1724339344&e=0"]},{"title":"2I BYT S BALKÓNOM - ZLATÝ POTOK","address":"M.Rázusa, Zvolen, okres Zvolen","rooms":2,"meters":56,"totalPrice":131000,"meterSquarePrice":9,"link":"https://www.nehnutelnosti.sk/detail/Juk6c558Ese/2i-byt-s-balkonom-zlaty-potok","imagesUrls":["https://img.nehnutelnosti.sk/foto/NjAweDMzOC9maWx0ZXJzOnF1YWxpdHkoMTAwKS9uZWg=/g1QQwfhm9_fss?st=Ea_3XmJ1GuvajJKsX8D6FihSLckr5R9QbGt1abOP6Qg&ts=1724353771&e=0"]}]