[{"title":"EXKLUZIVNE NA PREDAJ 2 izbový HOLObyt v skolaudovanej novostavbe priamo v Trnave za bezkonkurenčnú c","address":"Mikoviniho, Trnava, okres Trnava","rooms":2,"meters":55,"totalPrice":149990,"meterSquarePrice":9,"link":"https://www.nehnutelnosti.sk/detail/JuQX9_jxjqr/exkluzivne-na-predaj-2-izbovy-holobyt-v-skolaudovanej-novostavbe-priamo-v-trnave-za-bezkonkurencnu-c","imagesUrls":["https://img.nehnutelnosti.sk/foto/NjAweDMzOC9maWx0ZXJzOnF1YWxpdHkoMTAwKS9uZWg=/pfBrhNbkM_fss?st=WVZlXOjdZtzQ_OSjPR86WDik6xb8K3Xyw_-xRP2rvjc&ts=1726246915&e=0"]},{"title":"RODINNÝ DOM -DVOJDOM","address":"Stupavská, Bratislava III - Rača, okres Bratislava","rooms":5,"meters":155,"totalPrice":660000,"meterSquarePrice":6,"link":"https://www.nehnutelnosti.sk/detail/Ju7P3IlB8Eu/rodinny-dom-dvojdom","imagesUrls":["https://img.nehnutelnosti.sk/foto/NjAweDMzOC9maWx0ZXJzOnF1YWxpdHkoMTAwKS9uZWg=/ecA_TF90K_fss?st=gCqca6NQsWiL3WYmStHZLMX8YcH5xa-u-x6t-FrZ8EU&ts=1725340995&e=0"]},{"title":"3-izb. byt, 2 balkóny, samostatné kúrenie, parkovacie miesto","address":"Nákovná, Bratislava II - Podunajské Biskupice, okres Bratislava","rooms":3,"meters":72,"totalPrice":245000,"meterSquarePrice":8,"link":"https://www.nehnutelnosti.sk/detail/JueWpjhbfIs/3-izb-byt-2-balkony-samostatne-kurenie-parkovacie-miesto","imagesUrls":["https://img.nehnutelnosti.sk/foto/NjAweDMzOC9maWx0ZXJzOnF1YWxpdHkoMTAwKS9uZWg=/1w4dNCT0v_fss?st=BzA_YVeJAfRAvBI60UBNqHUTbgBEdNRfzWjcsdlQ4yg&ts=1726682521&e=0"]},{"title":"4-izbový kompletne zrekonštruovaný moderný byt","address":"Riazanská 3159/87, Bratislava III - Nové Mesto, okres Bratislava","rooms":4,"meters":70,"totalPrice":294990,"meterSquarePrice":4,"link":"https://www.nehnutelnosti.sk/detail/JuMBxzSBmfc/4-izbovy-kompletne-zrekonstruovany-moderny-byt","imagesUrls":["https://img.nehnutelnosti.sk/foto/NjAweDMzOC9maWx0ZXJzOnF1YWxpdHkoMTAwKS9uZWg=/f0MurEKmP_fss?st=fdLHc75U_3bkKDxXMciR4CwjnJ25LP0ppBQA06xPlCQ&ts=1723146134&e=0"]},{"title":"NEOBÝVANÁ 2 IZB. NOVOSTAVBA+GARÁŽOVÉ STÁTIE, SLNEČNICE-POP, BA V","address":"Labutia, Bratislava V - Petržalka, okres Bratislava","rooms":2,"meters":54,"totalPrice":201900,"meterSquarePrice":5,"link":"https://www.nehnutelnosti.sk/detail/JuIOHnBDRgC/neobyvana-2-izb-novostavba-garazove-statie-slnecnice-pop-ba-v","imagesUrls":["https://img.nehnutelnosti.sk/foto/NjAweDMzOC9maWx0ZXJzOnF1YWxpdHkoMTAwKS9uZWg=/vcALS-Agc_fss?st=qmVLDooo1Q_c1cb2uiqZT180k6A5jYtrqPR7m7OmHF0&ts=1723775983&e=0"]},{"title":"Predaj 1i byt v BB, Horná ul. - 35,19 m²","address":"Horná, Banská Bystrica, okres Banská Bystrica","rooms":1,"meters":35,"totalPrice":105000,"meterSquarePrice":0,"link":"https://www.nehnutelnosti.sk/detail/Juo2-p5fmNE/predaj-1i-byt-v-bb-horna-ul-35-19-m","imagesUrls":["https://img.nehnutelnosti.sk/foto/NjAweDMzOC9maWx0ZXJzOnF1YWxpdHkoMTAwKS9uZWg=/2aclt2YzS_fss?st=_e5AvHoAcnqgbNhL6KbtYyG7uKL2lotKJmPfMsABGR8&ts=1726647630&e=0"]},{"title":"3 iz. byt na začiatku Petržalky, blízko Auparku","address":"Mánesovo námestie, Bratislava V - Petržalka, okres Bratislava","rooms":3,"meters":72,"totalPrice":null,"meterSquarePrice":null,"link":"https://www.nehnutelnosti.sk/detail/JuukLN7YIxd/3-iz-byt-na-zaciatku-petrzalky-blizko-auparku","imagesUrls":["https://img.nehnutelnosti.sk/foto/NjAweDMzOC9maWx0ZXJzOnF1YWxpdHkoMTAwKS9uZWg=/KNGgEsenB_fss?st=YomgrfzsiZuFc9vKYEHnqWGVrs9s6_dj6HVB58pe7FM&ts=1726140161&e=0"]},{"title":"PREDAJ 2-izbový priestranný byt s balkónom Agátová ul.,Dúbravka","address":"Agátová, Bratislava IV - Dúbravka, okres Bratislava","rooms":2,"meters":46,"totalPrice":159000,"meterSquarePrice":2,"link":"https://www.nehnutelnosti.sk/detail/JuC-Ws0In2B/predaj-2-izbovy-priestranny-byt-s-balkonom-agatova-ul-dubravka","imagesUrls":["https://img.nehnutelnosti.sk/foto/NjAweDMzOC9maWx0ZXJzOnF1YWxpdHkoMTAwKS9uZWg=/NMM513ESc_fss?st=PZfSMolqeqmehFbgsJsjHX8yYMgdFnhZGFRhzaRyrfM&ts=1726647646&e=0"]},{"title":"Elegantný 4i-byt na Dolnomajerskej ulici s garážou","address":"Dolnomajerská, Sereď, okres Galanta","rooms":4,"meters":73,"totalPrice":137000,"meterSquarePrice":1,"link":"https://www.nehnutelnosti.sk/detail/JumTbdMtPgQ/elegantny-4i-byt-na-dolnomajerskej-ulici-s-garazou","imagesUrls":["https://img.nehnutelnosti.sk/foto/NjAweDMzOC9maWx0ZXJzOnF1YWxpdHkoMTAwKS9uZWg=/B19V0fzML_fss?st=WAH2nVkfMClAd8Ae2KyigGp9QaR0wTkw2sbQgtSKe8w&ts=1726171469&e=0"]},{"title":"EXKLUZIVNE NA PREDAJ 2 izbový byt v skolaudovanej novostavbe priamo v Trnave za bezkonkurenčnú cenu","address":"Mikoviniho, Trnava, okres Trnava","rooms":2,"meters":53,"totalPrice":149990,"meterSquarePrice":0,"link":"https://www.nehnutelnosti.sk/detail/Juzxu-ubbSb/exkluzivne-na-predaj-2-izbovy-byt-v-skolaudovanej-novostavbe-priamo-v-trnave-za-bezkonkurencnu-cenu","imagesUrls":["https://img.nehnutelnosti.sk/foto/NjAweDMzOC9maWx0ZXJzOnF1YWxpdHkoMTAwKS9uZWg=/l1As8DpyU_fss?st=9M6OIeEEnhk7G07VtLvB0yIWqkuljK4QRJg-hXHKkBw&ts=1725217354&e=0"]},{"title":"Predpredaj 3-izbového bytu","address":"Ružová, Kolárovo, okres Komárno","rooms":3,"meters":67,"totalPrice":113000,"meterSquarePrice":7,"link":"https://www.nehnutelnosti.sk/detail/JuHLzIe3QFI/predpredaj-3-izboveho-bytu","imagesUrls":["https://img.nehnutelnosti.sk/foto/NjAweDMzOC9maWx0ZXJzOnF1YWxpdHkoMTAwKS9uZWg=/xzXOcXM2x_fss?st=c7pjOCSxQlq2HHO4yjsqgnpFPTVwEhYVGJsBQEYdrPU&ts=1693313550&e=0"]},{"title":"INVESTIČNÁ ponuka  „Novostavba“ - Garsónka, Rezidencia pri Radnici (Centrum), OV, 1.NP,  41 m2, prie","address":"Strojárenská, Košice I - Staré Mesto, okres Košice","rooms":1,"meters":41,"totalPrice":139900,"meterSquarePrice":0,"link":"https://www.nehnutelnosti.sk/detail/Ju0w664ICQR/investicna-ponuka-novostavba-garsonka-rezidencia-pri-radnici-centrum-ov-1-np-41-m2-prie","imagesUrls":["https://img.unitedclassifieds.sk/foto/NjAweDMzOC9maWx0ZXJzOnF1YWxpdHkoMTAwKS9qdWw=/joDvTYdTQ_fss?st=a04uIY7RAzoED7Wd61jqfc15pRaOw52msST-fG_OfDI&ts=1724861841&e=0"]},{"title":"PEKNÝ, kompletne ZREKONŠTRUOVANÝ 3 izb. byt Ťahanovce (Sofijská ul.), cca 65 m2, OV, LODŽIA, 3.posch","address":"Sofijská, Košice I - Sídlisko Ťahanovce, okres Košice","rooms":3,"meters":65,"totalPrice":151500,"meterSquarePrice":7,"link":"https://www.nehnutelnosti.sk/detail/Juhd94ADgzW/pekny-kompletne-zrekonstruovany-3-izb-byt-tahanovce-sofijska-ul-cca-65-m2-ov-lodzia-3-posch","imagesUrls":["https://img.unitedclassifieds.sk/foto/NjAweDMzOC9maWx0ZXJzOnF1YWxpdHkoMTAwKS9qdWw=/oJyqY1co9_fss?st=IdoLgCBrKLZVJKLPMizJ_3s6u16b03lWgjYQZ4SaMi4&ts=1724707849&e=0"]},{"title":"Garsónka po kompletnej rekonštrukcii","address":"Dr. Janského 477/4, Žiar nad Hronom, okres Žiar nad Hronom","rooms":null,"meters":22,"totalPrice":35000,"meterSquarePrice":6,"link":"https://www.nehnutelnosti.sk/detail/JukAH56anw2/garsonka-po-kompletnej-rekonstrukcii","imagesUrls":["https://img.nehnutelnosti.sk/foto/NjAweDMzOC9maWx0ZXJzOnF1YWxpdHkoMTAwKS9uZWg=/EXgf6JF4P_fss?st=AO3N6CclThhTiQiHfsZv3vyuurOP3YxVf2JGmRbjudM&ts=1725897251&e=0"]},{"title":"Výnimočný 4 izbový byt so záhradou","address":"Nitra, okres Nitra","rooms":4,"meters":null,"totalPrice":null,"meterSquarePrice":null,"link":"https://www.nehnutelnosti.sk/detail/JuR_51RrzGP/vynimocny-4-izbovy-byt-so-zahradou","imagesUrls":["https://img.nehnutelnosti.sk/foto/NjAweDMzOC9maWx0ZXJzOnF1YWxpdHkoMTAwKS9uZWg=/VbybTZC5Du_fss?st=a7EeYEbzPx_nwp1z9j-35HFXPnuXgOOvbbaU2qOrBD0&ts=1713634410&e=0"]},{"title":"3-izbový slnečný byt v pôvodnom stave v BA - Mierová kolónia","address":"Chemická, Bratislava III - Nové Mesto, okres Bratislava","rooms":3,"meters":70,"totalPrice":248900,"meterSquarePrice":1,"link":"https://www.nehnutelnosti.sk/detail/Ju9PKq2EXt7/3-izbovy-slnecny-byt-v-povodnom-stave-v-ba-mierova-kolonia","imagesUrls":["https://img.nehnutelnosti.sk/foto/NjAweDMzOC9maWx0ZXJzOnF1YWxpdHkoMTAwKS9uZWg=/t_PFA5YJN_fss?st=cyQY6Agi-CrJzvRzxun9HJvCswu7vRknRAP2PS1nH6g&ts=1726612652&e=0"]},{"title":"Veľký 2-izbový byt - Galvaniho dvory, Bratislava","address":"Galvaniho, Bratislava II - Ružinov, okres Bratislava","rooms":2,"meters":67,"totalPrice":205900,"meterSquarePrice":7,"link":"https://www.nehnutelnosti.sk/detail/JunyXjW3iWQ/velky-2-izbovy-byt-galvaniho-dvory-bratislava","imagesUrls":["https://img.nehnutelnosti.sk/foto/NjAweDMzOC9maWx0ZXJzOnF1YWxpdHkoMTAwKS9uZWg=/TWMuPJAoe_fss?st=vklIayH-MS9ruF68ZyzQAk7ghmQF7H27SpJ_X9nSvHE&ts=1725280587&e=0"]},{"title":"PRI MÝTE, 2 IZB. NOVOSTAVBA s výhľadom na hrad, Račianska ul., BA III","address":"Račianska, Bratislava III - Nové Mesto, okres Bratislava","rooms":2,"meters":48,"totalPrice":292000,"meterSquarePrice":9,"link":"https://www.nehnutelnosti.sk/detail/Ju_R_UQZxKc/pri-myte-2-izb-novostavba-s-vyhladom-na-hrad-racianska-ul-ba-iii","imagesUrls":["https://img.nehnutelnosti.sk/foto/NjAweDMzOC9maWx0ZXJzOnF1YWxpdHkoMTAwKS9uZWg=/5wOtACb8q_fss?st=8EPJpnpTRUCHi522bHgfBcj_8Sh7uMHVLdBB-pKR7SE&ts=1724261499&e=0"]},{"title":"OBHLIADKA MOŽNÁ, NESTO, 2 IZB. NOVOSTAVBA s balkónom a garáž. státím","address":"Pri Vojenskom cintoríne, Bratislava V - Petržalka, okres Bratislava","rooms":2,"meters":57,"totalPrice":195000,"meterSquarePrice":0,"link":"https://www.nehnutelnosti.sk/detail/JunA3wiqqI5/obhliadka-mozna-nesto-2-izb-novostavba-s-balkonom-a-garaz-statim","imagesUrls":["https://img.nehnutelnosti.sk/foto/NjAweDMzOC9maWx0ZXJzOnF1YWxpdHkoMTAwKS9uZWg=/WQZC1p444_fss?st=6VKJuCGNmsX_aqgsXHRM8QDaIy2CxOaTY_3NJYEwTJc&ts=1723141521&e=0"]},{"title":"3 IZB. NOVOSTAVBA s 2 BALKÓNMI+GAR. STÁTIE, POP T2, SLNEČNICE","address":"Labutia, Bratislava V - Petržalka, okres Bratislava","rooms":3,"meters":70,"totalPrice":272500,"meterSquarePrice":0,"link":"https://www.nehnutelnosti.sk/detail/Jupr30B9otz/3-izb-novostavba-s-2-balkonmi-gar-statie-pop-t2-slnecnice","imagesUrls":["https://img.nehnutelnosti.sk/foto/NjAweDMzOC9maWx0ZXJzOnF1YWxpdHkoMTAwKS9uZWg=/22qwVPgkh_fss?st=mIvCu5ybckTpGA63pf6s2xl1v51gB2G27VBb12_Pkbk&ts=1723731712&e=0"]},{"title":"Ovocné sady - NEOBÝVANÁ 2,5 izb. NOVOSTAVBA s GARÁŽ. STÁTÍM, BA II","address":"Ivanská cesta, Bratislava II - Ružinov, okres Bratislava","rooms":2,"meters":55,"totalPrice":181500,"meterSquarePrice":4,"link":"https://www.nehnutelnosti.sk/detail/Ju5QzR7K5DO/ovocne-sady-neobyvana-2-5-izb-novostavba-s-garaz-statim-ba-ii","imagesUrls":["https://img.nehnutelnosti.sk/foto/NjAweDMzOC9maWx0ZXJzOnF1YWxpdHkoMTAwKS9uZWg=/oNFdlFG9k_fss?st=rMtDNuukKp90L7jAZeNXFNQI8CJ3bPPSuUoJcibVcWI&ts=1725626054&e=0"]},{"title":"3-izbový byt, Senec, novostavba","address":"Marhuľová, Senec, okres Senec","rooms":3,"meters":70,"totalPrice":164700,"meterSquarePrice":6,"link":"https://www.nehnutelnosti.sk/detail/Ju6vQ7oMBN2/3-izbovy-byt-senec-novostavba","imagesUrls":["https://img.unitedclassifieds.sk/foto/NjAweDMzOC9maWx0ZXJzOnF1YWxpdHkoMTAwKS9qdWw=/KX9AaTDpm_fss?st=9EXxXfwcwL7Q97uVgdMNtdX2AOP5L1rcnjYNsNC8WLs&ts=1718659662&e=0"]},{"title":"REZERVOVANÝ: Ivana Bukovčana: Na predaj 4 izbový byt v Devínskej Novej Vsi","address":"Ivana Bukovčana, Bratislava IV - Devínska Nová Ves, okres Bratislava","rooms":4,"meters":83,"totalPrice":219900,"meterSquarePrice":0,"link":"https://www.nehnutelnosti.sk/detail/JuzFRjci2gR/rezervovany-ivana-bukovcana-na-predaj-4-izbovy-byt-v-devinskej-novej-vsi","imagesUrls":["https://img.nehnutelnosti.sk/foto/NjAweDMzOC9maWx0ZXJzOnF1YWxpdHkoMTAwKS9uZWg=/9sourWc3Tv_fss?st=F2BIpWr_nWCauSDQ4mbd0eLMm0uUhCgRRYKH4O3lAys&ts=1718622480&e=0"]},{"title":"Predám 1izbový byt - blízko centra /Wolkerova/","address":"Wolkerova 1680/15, Banská Bystrica, okres Banská Bystrica","rooms":1,"meters":33,"totalPrice":103000,"meterSquarePrice":1,"link":"https://www.nehnutelnosti.sk/detail/JuycBw-hHZ0/predam-1izbovy-byt-blizko-centra-wolkerova","imagesUrls":["https://img.nehnutelnosti.sk/foto/NjAweDMzOC9maWx0ZXJzOnF1YWxpdHkoMTAwKS9uZWg=/vBIeCwLm2_fss?st=HdVglmfFeilk1DS5AJ_Z5LEdupqookhXYPlCipozdW8&ts=1721587790&e=0"]},{"title":"3 izbový byt s balkónom po rekonštrukcii na ulici Baníckej pri centre Popradu na predaj","address":"Banícka, Poprad, okres Poprad","rooms":3,"meters":73,"totalPrice":163000,"meterSquarePrice":8,"link":"https://www.nehnutelnosti.sk/detail/Ju4LJVJkQuQ/3-izbovy-byt-s-balkonom-po-rekonstrukcii-na-ulici-banickej-pri-centre-popradu-na-predaj","imagesUrls":["https://img.nehnutelnosti.sk/foto/NjAweDMzOC9maWx0ZXJzOnF1YWxpdHkoMTAwKS9uZWg=/sN-U_5lW__fss?st=E7sW92UTSoBP6ELJ3VKZiHfFi22FkeOKsbEiRnjZFHM&ts=1721654872&e=0"]},{"title":"Predaj 3-izbového bytu , Čermánske námestie, Nitra","address":"Nitra, okres Nitra","rooms":3,"meters":78,"totalPrice":165000,"meterSquarePrice":8,"link":"https://www.nehnutelnosti.sk/detail/JuPWpVqoDit/predaj-3-izboveho-bytu-cermanske-namestie-nitra","imagesUrls":["https://img.nehnutelnosti.sk/foto/NjAweDMzOC9maWx0ZXJzOnF1YWxpdHkoMTAwKS9uZWg=/IQ-PAYemV_fss?st=WtuBshKj8VhocUm4DEHpsrQTFSvrzn1w7ybNFU9vEgM&ts=1726995799&e=0"]},{"title":"Predám luxusný 4-izbový mezonet v srdci Ružinova","address":"Komárnická, Bratislava II - Ružinov, okres Bratislava","rooms":4,"meters":243,"totalPrice":799900,"meterSquarePrice":1,"link":"https://www.nehnutelnosti.sk/detail/Ju15yGUWKIQ/predam-luxusny-4-izbovy-mezonet-v-srdci-ruzinova","imagesUrls":["https://img.nehnutelnosti.sk/foto/NjAweDMzOC9maWx0ZXJzOnF1YWxpdHkoMTAwKS9uZWg=/9uI2-ABHjg_fss?st=vk34W1Ifu4EStSTCYAapEuyKSJ7IGyf0pNYuS5Xssns&ts=1721813363&e=0"]},{"title":"EXKLUZIVNE NA PREDAJ 3 izb HOLOBYT NA 7NP s dvoma balkonmi PRIAMO V TRNAVE","address":"Mikoviniho, Trnava, okres Trnava","rooms":3,"meters":77,"totalPrice":179990,"meterSquarePrice":3,"link":"https://www.nehnutelnosti.sk/detail/Ju0XrqnxsGS/exkluzivne-na-predaj-3-izb-holobyt-na-7np-s-dvoma-balkonmi-priamo-v-trnave","imagesUrls":["https://img.nehnutelnosti.sk/foto/NjAweDMzOC9maWx0ZXJzOnF1YWxpdHkoMTAwKS9uZWg=/wJlGdvwRw_fss?st=IN6MsGMtQkvMEQtnzWoD5tHwxncqRTIeb9cf5xKC0fo&ts=1725693436&e=0"]},{"title":"Predaj 3-izbového bytu na Západe","address":"Zvolen, okres Zvolen","rooms":3,"meters":null,"totalPrice":null,"meterSquarePrice":null,"link":"https://www.nehnutelnosti.sk/detail/JuHZzTgjiIv/predaj-3-izboveho-bytu-na-zapade","imagesUrls":["https://img.nehnutelnosti.sk/foto/NjAweDMzOC9maWx0ZXJzOnF1YWxpdHkoMTAwKS9uZWg=/dXFYKrPij_fss?st=rEyYFInlg-JOSBHPc9vsKKKq3Owi1ZuCKVpn4OG__iQ&ts=1719919469&e=0"]},{"title":"Predam 2-izbový byt","address":"Jašíkova 2478/3, Čadca, okres Čadca","rooms":2,"meters":63,"totalPrice":120000,"meterSquarePrice":6,"link":"https://www.nehnutelnosti.sk/detail/Ju5MPpZSL7X/predam-2-izbovy-byt","imagesUrls":["https://img.nehnutelnosti.sk/foto/NjAweDMzOC9maWx0ZXJzOnF1YWxpdHkoMTAwKS9uZWg=/gA581Yj3L_fss?st=tRuuTLP4yrDR2gkOHwUNL_RT_yrCviQQnpw0I2XKQgA&ts=1686054808&e=0"]}]