[{"title":"3 izbový byt s 2 parkovacími miestami a záhradou Bošany - Novostavba","address":"ticha, Bošany, okres Partizánske","rooms":3,"meters":72,"totalPrice":129900,"meterSquarePrice":7,"link":"https://www.nehnutelnosti.sk/detail/JuAWbjXXQAX/3-izbovy-byt-s-2-parkovacimi-miestami-a-zahradou-bosany-novostavba","imagesUrls":["https://img.nehnutelnosti.sk/foto/NjAweDMzOC9maWx0ZXJzOnF1YWxpdHkoMTAwKS9uZWg=/2tJ8nE-hhx_fss?st=Yxy2dGQyU3ZJkLLYkhK5QplloeQ-_A0yVlvvdbfiYDs&ts=1724161719&e=0"]},{"title":"4 izbový byt Trenčín","address":"M. Turková, Trenčín, okres Trenčín","rooms":4,"meters":73,"totalPrice":150000,"meterSquarePrice":9,"link":"https://www.nehnutelnosti.sk/detail/Jucy6PcvS-3/4-izbovy-byt-trencin","imagesUrls":["https://img.nehnutelnosti.sk/foto/NjAweDMzOC9maWx0ZXJzOnF1YWxpdHkoMTAwKS9uZWg=/V_uHO66h7_fss?st=jCwFEsQzl-X9DtRb47s49HcyLelgHxzUAfFCkEMqHIA&ts=1723723359&e=0"]},{"title":"2 izbový byt Nitra Chrenová","address":"Nitra, okres Nitra","rooms":2,"meters":48,"totalPrice":142000,"meterSquarePrice":3,"link":"https://www.nehnutelnosti.sk/detail/JuDAQlXsCdp/2-izbovy-byt-nitra-chrenova","imagesUrls":["https://img.nehnutelnosti.sk/foto/NjAweDMzOC9maWx0ZXJzOnF1YWxpdHkoMTAwKS9uZWg=/SYHGl1VLZ_fss?st=wjS5Ct5zaPQANK58OgZ-0KSNakapwTLZIG1jePiIyXo&ts=1724150939&e=0"]},{"title":"2 izbový  byt s balkónom  Topoľčany / VYPLATENA ZALOHA","address":"P. O. Hviezdoslava, Topoľčany, okres Topoľčany","rooms":2,"meters":67,"totalPrice":null,"meterSquarePrice":null,"link":"https://www.nehnutelnosti.sk/detail/JusxDPpdC11/2-izbovy-byt-s-balkonom-topolcany-vyplatena-zaloha","imagesUrls":["https://img.nehnutelnosti.sk/foto/NjAweDMzOC9maWx0ZXJzOnF1YWxpdHkoMTAwKS9uZWg=/9KmHnFseJM_fss?st=HPsYt_xwtC_9o47jIKxTVPrxJ939J9RqycY9ImnfAZU&ts=1722246354&e=0"]},{"title":"Nová Dubnica 1 izbový byt","address":"Hviezdoslavova, Nová Dubnica, okres Ilava","rooms":1,"meters":48,"totalPrice":87000,"meterSquarePrice":0,"link":"https://www.nehnutelnosti.sk/detail/Ju-0eTKVk-f/nova-dubnica-1-izbovy-byt","imagesUrls":["https://img.nehnutelnosti.sk/foto/NjAweDMzOC9maWx0ZXJzOnF1YWxpdHkoMTAwKS9uZWg=/L3dM1LigK_fss?st=o5WI33afuNYIFIhVcwuC7IeQEukJZR4cj3Ij1u3FEa4&ts=1722977192&e=0"]},{"title":"Na predaj 3 i byt s loggiou 66 m2 v centre Partizánske","address":"Nádražná, Partizánske, okres Partizánske","rooms":3,"meters":66,"totalPrice":75000,"meterSquarePrice":6,"link":"https://www.nehnutelnosti.sk/detail/Ju9D_DUhdmD/na-predaj-3-i-byt-s-loggiou-66-m2-v-centre-partizanske","imagesUrls":["https://img.nehnutelnosti.sk/foto/NjAweDMzOC9maWx0ZXJzOnF1YWxpdHkoMTAwKS9uZWg=/fey3Kctcp_fss?st=Yo6mrNCEezaqbcrhQLSnokpwiP-DndiDxfF3oqPET2o&ts=1722969457&e=0"]},{"title":"3i byt ulica Cyrila a Metoda Bánovce nad Bebravou","address":"Cyrila A Metoda, Bánovce nad Bebravou, okres Bánovce nad Bebravou","rooms":3,"meters":63,"totalPrice":117000,"meterSquarePrice":4,"link":"https://www.nehnutelnosti.sk/detail/JuRMwXayNOc/3i-byt-ulica-cyrila-a-metoda-banovce-nad-bebravou","imagesUrls":["https://img.nehnutelnosti.sk/foto/NjAweDMzOC9maWx0ZXJzOnF1YWxpdHkoMTAwKS9uZWg=/cPbJF7FBm_fss?st=qKeFn8ej07SHG9orJJY8gyW286oeYnApdilIBjvkHZI&ts=1722863243&e=0"]},{"title":"2 izbový  byt s balkónom  Topoľčany","address":"Gagarinova, Topoľčany, okres Topoľčany","rooms":2,"meters":49,"totalPrice":85000,"meterSquarePrice":9,"link":"https://www.nehnutelnosti.sk/detail/JuDNPjTEjac/2-izbovy-byt-s-balkonom-topolcany","imagesUrls":["https://img.nehnutelnosti.sk/foto/NjAweDMzOC9maWx0ZXJzOnF1YWxpdHkoMTAwKS9uZWg=/P5Dqdyu64_fss?st=z4E-8H_iEVcw6A3kX0ih3csbL38plQYyEbz7D-xXFhI&ts=1721742047&e=0"]},{"title":"Na predaj 4 i byt 100 m2 s loggiou Partizánske - Šípok","address":"Partizánske, okres Partizánske","rooms":4,"meters":100,"totalPrice":113000,"meterSquarePrice":0,"link":"https://www.nehnutelnosti.sk/detail/JuewE7sl9Rd/na-predaj-4-i-byt-100-m2-s-loggiou-partizanske-sipok","imagesUrls":["https://img.nehnutelnosti.sk/foto/NjAweDMzOC9maWx0ZXJzOnF1YWxpdHkoMTAwKS9uZWg=/1va3v5eqGA_fss?st=vzgfu_swrjUl1pryuAY5ldtQa5gnPIe_vy-OaheGwbM&ts=1720212397&e=0"]},{"title":"3 izbový byt  balkónom Topoľčany","address":"Podjavorinskej, Topoľčany, okres Topoľčany","rooms":3,"meters":76,"totalPrice":135000,"meterSquarePrice":2,"link":"https://www.nehnutelnosti.sk/detail/JurL1GhxbcB/3-izbovy-byt-balkonom-topolcany","imagesUrls":["https://img.nehnutelnosti.sk/foto/NjAweDMzOC9maWx0ZXJzOnF1YWxpdHkoMTAwKS9uZWg=/MJLP7mnR4G_fss?st=GpP2xw8Wib_Hnmd5PrRWy8gXBx-npNFYMYpyMCFmpcQ&ts=1718618813&e=0"]},{"title":"2,5 izbový byt","address":"A.Hlinku, Bánovce nad Bebravou, okres Bánovce nad Bebravou","rooms":2,"meters":56,"totalPrice":104000,"meterSquarePrice":4,"link":"https://www.nehnutelnosti.sk/detail/JuDer42Y0bY/2-5-izbovy-byt","imagesUrls":["https://img.nehnutelnosti.sk/foto/NjAweDMzOC9maWx0ZXJzOnF1YWxpdHkoMTAwKS9uZWg=/uDQ51sFjt5_fss?st=KREdq8d6s-E7wMjvsSf9hApaKdqQ8_rmd0U0ZRRNpsM&ts=1718383783&e=0"]},{"title":"Rezervovaný - Dvojizbový byt v Bytči - Sídlisko","address":"Bytča, okres Bytča","rooms":2,"meters":67,"totalPrice":94000,"meterSquarePrice":9,"link":"https://www.nehnutelnosti.sk/detail/JuB63Y13vBa/rezervovany-dvojizbovy-byt-v-bytci-sidlisko","imagesUrls":["https://img.nehnutelnosti.sk/foto/NjAweDMzOC9maWx0ZXJzOnF1YWxpdHkoMTAwKS9uZWg=/THcdfYk6V_fss?st=xqWY_H9eImNIbiLvqUhw6QaP8ImWcYLwUzqIh5v8cts&ts=1718025892&e=0"]},{"title":"3 izbový byt  balkónom Topoľčany","address":"Tríbečská, Topoľčany, okres Topoľčany","rooms":3,"meters":76,"totalPrice":120000,"meterSquarePrice":5,"link":"https://www.nehnutelnosti.sk/detail/JuohI53uOKi/3-izbovy-byt-balkonom-topolcany","imagesUrls":["https://img.nehnutelnosti.sk/foto/NjAweDMzOC9maWx0ZXJzOnF1YWxpdHkoMTAwKS9uZWg=/LO1kEUefP_fss?st=_a4F-rkrXGOYIwbUtqiAVxoCuL8OFX5ihcDE09De0i0&ts=1717750679&e=0"]},{"title":"Na predaj 3 i byt v Partizánskom v centre mesta","address":"Nádražná, Partizánske, okres Partizánske","rooms":3,"meters":64,"totalPrice":89900,"meterSquarePrice":9,"link":"https://www.nehnutelnosti.sk/detail/Juq0t2xFDBt/na-predaj-3-i-byt-v-partizanskom-v-centre-mesta","imagesUrls":["https://img.nehnutelnosti.sk/foto/NjAweDMzOC9maWx0ZXJzOnF1YWxpdHkoMTAwKS9uZWg=/9kl0n9hnX0_fss?st=0vMjya5616lCSm619ilS9-mTE6D7kMc_YLydjL6YbOc&ts=1716491357&e=0"]},{"title":"Na predaj 2 i byt v Partizánskom - centrum","address":"Februárová, Partizánske, okres Partizánske","rooms":2,"meters":44,"totalPrice":69900,"meterSquarePrice":4,"link":"https://www.nehnutelnosti.sk/detail/Jud2z0yDo4_/na-predaj-2-i-byt-v-partizanskom-centrum","imagesUrls":["https://img.nehnutelnosti.sk/foto/NjAweDMzOC9maWx0ZXJzOnF1YWxpdHkoMTAwKS9uZWg=/AgNJa13SAl_fss?st=iYif-IxFwDQbx2pBUlXpt1tSeaf_fTSU7za2fx1aP78&ts=1716961590&e=0"]},{"title":"3 izbový byt v apartmánovom komplexe KRISTOFF PLAZA TrenčianskeTeplice","address":"Trenčianske Teplice, okres Trenčín","rooms":3,"meters":130,"totalPrice":null,"meterSquarePrice":null,"link":"https://www.nehnutelnosti.sk/detail/JuNqSujPM38/3-izbovy-byt-v-apartmanovom-komplexe-kristoff-plaza-trenciansketeplice","imagesUrls":["https://img.nehnutelnosti.sk/foto/NjAweDMzOC9maWx0ZXJzOnF1YWxpdHkoMTAwKS9uZWg=/l4cLd8Mwv_fss?st=YuBk2--mZOEgyl-f5CNT-59ddgJd0CUpKsMTGYbbIoY&ts=1718479067&e=0"]},{"title":"Na predaj praktický 1,5 izbový byt s výhľadom na zeleň","address":"Komárnická, Bratislava II - Ružinov, okres Bratislava","rooms":1,"meters":39,"totalPrice":159900,"meterSquarePrice":0,"link":"https://www.nehnutelnosti.sk/detail/JuIcFQVW15f/na-predaj-prakticky-1-5-izbovy-byt-s-vyhladom-na-zelen","imagesUrls":["https://img.nehnutelnosti.sk/foto/NjAweDMzOC9maWx0ZXJzOnF1YWxpdHkoMTAwKS9uZWg=/9zRvyI7E-__fss?st=Rdt2ZAds-oa34OrhMqboNpayPntGeIziiIVD8EG4m38&ts=1726612008&e=0"]},{"title":"Zariadený 1.5i byt s balkónom, novostavba 2020 Slnečnice, parkovacie miesto","address":"Zuzany Chalupovej, Bratislava V - Petržalka, okres Bratislava","rooms":1,"meters":40,"totalPrice":165000,"meterSquarePrice":5,"link":"https://www.nehnutelnosti.sk/detail/JujZXKbe_1-/zariadeny-1-5i-byt-s-balkonom-novostavba-2020-slnecnice-parkovacie-miesto","imagesUrls":["https://img.nehnutelnosti.sk/foto/NjAweDMzOC9maWx0ZXJzOnF1YWxpdHkoMTAwKS9uZWg=/eLxQ6Z0lF_fss?st=eRrCEZKRDa_QMBfBpkVJRGUEZxjuCHgnedjQKqJvXaY&ts=1727032658&e=0"]},{"title":"2 izbový byt v  centre Nitry","address":"Nitra, okres Nitra","rooms":2,"meters":56,"totalPrice":157600,"meterSquarePrice":9,"link":"https://www.nehnutelnosti.sk/detail/JuwjHQvpc-f/2-izbovy-byt-v-centre-nitry","imagesUrls":["https://img.nehnutelnosti.sk/foto/NjAweDMzOC9maWx0ZXJzOnF1YWxpdHkoMTAwKS9uZWg=/m9sq2i5kp_fss?st=5ziOkjYtHU7MqAq0clpiMwJrzMJ18vC7wJX__Yph6ro&ts=1716280379&e=0"]},{"title":"2,5 izbový byt s balkónom, novostavba 2023","address":"Nová, Liptovský Mikuláš, okres Liptovský Mikuláš","rooms":2,"meters":60,"totalPrice":195000,"meterSquarePrice":5,"link":"https://www.nehnutelnosti.sk/detail/JuSGmxt5XcR/2-5-izbovy-byt-s-balkonom-novostavba-2023","imagesUrls":["https://img.nehnutelnosti.sk/foto/NjAweDMzOC9maWx0ZXJzOnF1YWxpdHkoMTAwKS9uZWg=/17FKsGNE5o_fss?st=FD0NJQNloua0cK9eCWALnxAFGrj90fO50miYSm8u0uw&ts=1724401417&e=0"]},{"title":"Rezervované. Veľkometrážny, slnečný byt s nadštandardne veľkou terasou - TOP PONUKA","address":"Jazerná, Rovinka, okres Senec","rooms":3,"meters":132,"totalPrice":269900,"meterSquarePrice":0,"link":"https://www.nehnutelnosti.sk/detail/Ju3eNtTSTpUz/rezervovane-velkometrazny-slnecny-byt-s-nadstandardne-velkou-terasou-top-ponuka","imagesUrls":["https://img.nehnutelnosti.sk/foto/NjAweDMzOC9maWx0ZXJzOnF1YWxpdHkoMTAwKS9uZWg=/XzGHVyzBe_fss?st=o5xW34nVsSniPjbTJCS2aHeDi8jWgBlWAi1Us_gZ_Wk&ts=1726295115&e=0"]},{"title":"Na predaj 3 i byt v šesťdomku Partizánske","address":"Námestie SNP, Partizánske, okres Partizánske","rooms":3,"meters":70,"totalPrice":103000,"meterSquarePrice":3,"link":"https://www.nehnutelnosti.sk/detail/JuwJPnkBqfT/na-predaj-3-i-byt-v-sestdomku-partizanske","imagesUrls":["https://img.nehnutelnosti.sk/foto/NjAweDMzOC9maWx0ZXJzOnF1YWxpdHkoMTAwKS9uZWg=/NWrBT8-IH_fss?st=4JbZ84sWQOCxnqQ_m2llisx8Pc4LwsP2zf9pED0oMSA&ts=1714035337&e=0"]},{"title":"Ponuka exkluzívneho 3-izbového bytu len pár minút chôdze od centra mesta Liptovský Mikuláš","address":"Zgútha-Vrbického, Liptovský Mikuláš, okres Liptovský Mikuláš","rooms":3,"meters":null,"totalPrice":null,"meterSquarePrice":null,"link":"https://www.nehnutelnosti.sk/detail/JuJWiTdUgBc/ponuka-exkluzivneho-3-izboveho-bytu-len-par-minut-chodze-od-centra-mesta-liptovsky-mikulas","imagesUrls":["https://img.nehnutelnosti.sk/foto/NjAweDMzOC9maWx0ZXJzOnF1YWxpdHkoMTAwKS9uZWg=/6GnZAimLT_fss?st=NGF0HJqf-I7S_pxtXHTVsjDj4bs4Pe_jeqVZSIpiMUI&ts=1726871598&e=0"]},{"title":"3 izbový byt s 100 m2 terasou Topoľčany","address":"Streďanská, Topoľčany, okres Topoľčany","rooms":3,"meters":83,"totalPrice":265000,"meterSquarePrice":7,"link":"https://www.nehnutelnosti.sk/detail/JukUf8vCeYo/3-izbovy-byt-s-100-m2-terasou-topolcany","imagesUrls":["https://img.nehnutelnosti.sk/foto/NjAweDMzOC9maWx0ZXJzOnF1YWxpdHkoMTAwKS9uZWg=/WkG0rsw5u_fss?st=NXLN0wwTqJiX_Rbr82Tt8Yj0ZjkkFikrD32R9MD9kB4&ts=1713699016&e=0"]},{"title":"Na predaj 3 i VM byt 76 m2 s loggiou Partizánske - Šípok","address":"Horská, Partizánske, okres Partizánske","rooms":3,"meters":76,"totalPrice":96000,"meterSquarePrice":6,"link":"https://www.nehnutelnosti.sk/detail/JuNSQldE5hw/na-predaj-3-i-vm-byt-76-m2-s-loggiou-partizanske-sipok","imagesUrls":["https://img.nehnutelnosti.sk/foto/NjAweDMzOC9maWx0ZXJzOnF1YWxpdHkoMTAwKS9uZWg=/iukGcj3HQ_fss?st=FcpSPic0-XQgZUGRpNKe4R7o27Ww3UEfya7hwNDXS1E&ts=1713209721&e=0"]},{"title":"Na predaj 2 i byt v Partizánskom - Luhy","address":"Generála Svobodu, Partizánske, okres Partizánske","rooms":2,"meters":48,"totalPrice":87000,"meterSquarePrice":0,"link":"https://www.nehnutelnosti.sk/detail/JucfmlIu5JG/na-predaj-2-i-byt-v-partizanskom-luhy","imagesUrls":["https://img.nehnutelnosti.sk/foto/NjAweDMzOC9maWx0ZXJzOnF1YWxpdHkoMTAwKS9uZWg=/Qpw22c58Bj_fss?st=E_jYGYHa22qN1E07vOg1WlaF4n5Rbj0Q4e8da3sYd6k&ts=1712833607&e=0"]},{"title":"Nadštandardný klimatizovaný 4i byt, lodžia, parkovanie, Mudroňova ul","address":"Mudroňova, Bratislava I - Staré Mesto, okres Bratislava","rooms":4,"meters":116,"totalPrice":620000,"meterSquarePrice":8,"link":"https://www.nehnutelnosti.sk/detail/JuyuwPgwg7N/nadstandardny-klimatizovany-4i-byt-lodzia-parkovanie-mudronova-ul","imagesUrls":["https://img.nehnutelnosti.sk/foto/NjAweDMzOC9maWx0ZXJzOnF1YWxpdHkoMTAwKS9uZWg=/e25NBrH7o_fss?st=YvMRlc4rb21xFjb-nlDLdUASuGNMwpUcNfxkrx6IHBQ&ts=1726966533&e=0"]},{"title":"2 izbový byt s balkónom, rekonštrukcia v r. 2013, 1x parkovanie","address":"Ul. 1 mája, Liptovský Mikuláš, okres Liptovský Mikuláš","rooms":2,"meters":54,"totalPrice":130000,"meterSquarePrice":6,"link":"https://www.nehnutelnosti.sk/detail/JuU0Z7f24vp/2-izbovy-byt-s-balkonom-rekonstrukcia-v-r-2013-1x-parkovanie","imagesUrls":["https://img.nehnutelnosti.sk/foto/NjAweDMzOC9maWx0ZXJzOnF1YWxpdHkoMTAwKS9uZWg=/7ZmcR5vqB_fss?st=ANetY6PXJSpHczPBklzSkCTFa6bkf-Nb_2aB8RJ6ZW8&ts=1702070738&e=0"]},{"title":"Dvojgeneračný 4 izbový byt s balkónom Topoľčany","address":"J. Alexyho, Topoľčany, okres Topoľčany","rooms":4,"meters":98,"totalPrice":142000,"meterSquarePrice":8,"link":"https://www.nehnutelnosti.sk/detail/JuokPKflIGy/dvojgeneracny-4-izbovy-byt-s-balkonom-topolcany","imagesUrls":["https://img.nehnutelnosti.sk/foto/NjAweDMzOC9maWx0ZXJzOnF1YWxpdHkoMTAwKS9uZWg=/PqksloHVC_fss?st=JwvEkBGmS6usYN8P25_OYyF13GShJFFelcajoNrHbds&ts=1712504865&e=0"]},{"title":"Ponúkame na predaj garsónku (ubytovňu) v mestkej časti Kolónia v Považskej Bystrici","address":"Krížna, Považská Bystrica, okres Považská Bystrica","rooms":null,"meters":15,"totalPrice":34000,"meterSquarePrice":7,"link":"https://www.nehnutelnosti.sk/detail/Ju7sRKztEAu/ponukame-na-predaj-garsonku-ubytovnu-v-mestkej-casti-kolonia-v-povazskej-bystrici","imagesUrls":["https://img.nehnutelnosti.sk/foto/NjAweDMzOC9maWx0ZXJzOnF1YWxpdHkoMTAwKS9uZWg=/yqaSlmU1k_fss?st=qbCRK7C8h_N7fVT8UqNOGXf-h-frI7tqXrSASYKrMA4&ts=1712297419&e=0"]}]