[{"title":"Priestranný 3,5-izbový byt vo výbornej lokalite","address":"Hurbanova, Dolný Kubín, okres Dolný Kubín","rooms":4,"meters":73,"totalPrice":167000,"meterSquarePrice":2,"link":"https://www.nehnutelnosti.sk/detail/JuX3mYyzDUf/priestranny-3-5-izbovy-byt-vo-vybornej-lokalite","imagesUrls":["https://img.unitedclassifieds.sk/foto/NjAweDMzOC9maWx0ZXJzOnF1YWxpdHkoMTAwKS9qdWw=/EsXqsoFeb_fss?st=X0E4nWSEwTHW2Y7Rt71S385Djl_o3GVfVVKCX1Lu7HY&ts=1725368674&e=0"]},{"title":"3 izb byt A /dom 102m2 s vlastnou Záhradou 606m2","address":"Lúčny dvor, Trnava, okres Trnava","rooms":3,"meters":102,"totalPrice":159000,"meterSquarePrice":2,"link":"https://www.nehnutelnosti.sk/detail/Ju6uYYAZ71u/3-izb-byt-a-dom-102m2-s-vlastnou-zahradou-606m2","imagesUrls":["https://img.nehnutelnosti.sk/foto/NjAweDMzOC9maWx0ZXJzOnF1YWxpdHkoMTAwKS9uZWg=/lX_ruN91n0_fss?st=Ft3alenzKJsaYWxFcyttzRBpdxbujCbMVH2qNzFYAjg&ts=1726136231&e=0"]},{"title":"3 izb byt A /dom 102m2 s vlastnou Záhradou 606m2","address":"Lúčny dvor, Sládkovičovo, okres Galanta","rooms":3,"meters":102,"totalPrice":159000,"meterSquarePrice":2,"link":"https://www.nehnutelnosti.sk/detail/Ju-GJi_8llr/3-izb-byt-a-dom-102m2-s-vlastnou-zahradou-606m2","imagesUrls":["https://img.nehnutelnosti.sk/foto/NjAweDMzOC9maWx0ZXJzOnF1YWxpdHkoMTAwKS9uZWg=/BBVpAVtddF_fss?st=58ViRfGn8Tjz3HJ56trMEigVuSaPnYP0m1T6vOky_54&ts=1725368662&e=0"]},{"title":"3 izb byt A /dom 102m2 s vlastnou Záhradou 606m2","address":"Pusté Uľany - Lúčny dvor, Senec, okres Senec","rooms":3,"meters":102,"totalPrice":159000,"meterSquarePrice":2,"link":"https://www.nehnutelnosti.sk/detail/Ju0XWV2DEFH/3-izb-byt-a-dom-102m2-s-vlastnou-zahradou-606m2","imagesUrls":["https://img.nehnutelnosti.sk/foto/NjAweDMzOC9maWx0ZXJzOnF1YWxpdHkoMTAwKS9uZWg=/4XXGczL6N_fss?st=BLTxk6cvuV9cXq0mwSciskvhD65dmlwBzCIApoXT6i0&ts=1725368656&e=0"]},{"title":"3 izb byt A /dom 102m2 s vlastnou Záhradou 606m2","address":"Lúčny dvor, Pusté Úľany, okres Galanta","rooms":3,"meters":102,"totalPrice":159000,"meterSquarePrice":2,"link":"https://www.nehnutelnosti.sk/detail/Juwfqr7Tbld/3-izb-byt-a-dom-102m2-s-vlastnou-zahradou-606m2","imagesUrls":["https://img.nehnutelnosti.sk/foto/NjAweDMzOC9maWx0ZXJzOnF1YWxpdHkoMTAwKS9uZWg=/kMa3njxrS_fss?st=gaMFVf0eNbmpsQ8gRMDF1f2BnRA6hYRXKCO3eiByuuc&ts=1725416202&e=0"]},{"title":"Veľkorysý 3izb. byt  ( prípadne 4 izb. ) 103 m2 s vysokými stropmi!!!","address":"Hečkova ulica, Bratislava III - Rača, okres Bratislava","rooms":4,"meters":115,"totalPrice":300000,"meterSquarePrice":0,"link":"https://www.nehnutelnosti.sk/detail/JuO62L2k6bP/velkorysy-3izb-byt-pripadne-4-izb-103-m2-s-vysokymi-stropmi","imagesUrls":["https://img.nehnutelnosti.sk/foto/NjAweDMzOC9maWx0ZXJzOnF1YWxpdHkoMTAwKS9uZWg=/O3ydXntLdU_fss?st=bC-fuYqt8HGS2jsYhZWO9j6LlcMvh_NlrcA3Qzh5wNo&ts=1725368624&e=0"]},{"title":"Veľkorysý 3izb. byt  ( prípadne 4 izb. ) 103 m2 s vysokými stropmi!!!","address":"Hečkova ulica, Bratislava III - Rača, okres Bratislava","rooms":3,"meters":115,"totalPrice":300000,"meterSquarePrice":0,"link":"https://www.nehnutelnosti.sk/detail/JuXOF1YQvqk/velkorysy-3izb-byt-pripadne-4-izb-103-m2-s-vysokymi-stropmi","imagesUrls":["https://img.nehnutelnosti.sk/foto/NjAweDMzOC9maWx0ZXJzOnF1YWxpdHkoMTAwKS9uZWg=/sKgX36UGi_fss?st=oczZoSqEtByRTv2WR4yAgoZTJKOzZ2yk9-PCK-ij7RE&ts=1726331277&e=0"]},{"title":"3-izbový byt č. 26 na predaj v novostavbe Halalovka 7909/48B, murovaná pivnica, parkovacie miesto za","address":"Halalovka, Trenčín, okres Trenčín","rooms":3,"meters":81,"totalPrice":196200,"meterSquarePrice":9,"link":"https://www.nehnutelnosti.sk/detail/JufNlqm4gto/3-izbovy-byt-c-26-na-predaj-v-novostavbe-halalovka-7909-48b-murovana-pivnica-parkovacie-miesto-za","imagesUrls":["https://img.nehnutelnosti.sk/foto/NjAweDMzOC9maWx0ZXJzOnF1YWxpdHkoMTAwKS9uZWg=/7MtPWJ_Bz2_fss?st=GD-bNO7EWrYfbWCt62yrJLJ5OtruCtB8wf5EtWv7VbQ&ts=1726477295&e=0"]},{"title":"Velky 3 izbovy byt zo zahradou","address":"Pod Traťou 961/5, Kežmarok, okres Kežmarok","rooms":3,"meters":80,"totalPrice":170000,"meterSquarePrice":5,"link":"https://www.nehnutelnosti.sk/detail/JuqXzEEWNGV/velky-3-izbovy-byt-zo-zahradou","imagesUrls":["https://img.nehnutelnosti.sk/foto/NjAweDMzOC9maWx0ZXJzOnF1YWxpdHkoMTAwKS9uZWg=/2_a7gZwxU_fss?st=cqpWjizPD6sejnSyzdduutboHClzcL8LIFxpZNMGxII&ts=1720644584&e=0"]},{"title":"REZERVOVANÉ - 2i, OV, 51m2, Západ, Terasa, Ľudová, čiast. rekonštrukci","address":"Ľudová, Košice II - Západ, okres Košice","rooms":2,"meters":51,"totalPrice":136990,"meterSquarePrice":8,"link":"https://www.nehnutelnosti.sk/detail/JupRvt4Kdq8/rezervovane-2i-ov-51m2-zapad-terasa-ludova-ciast-rekonstrukci","imagesUrls":["https://img.nehnutelnosti.sk/foto/NjAweDMzOC9maWx0ZXJzOnF1YWxpdHkoMTAwKS9uZWg=/RkK4cHj0p_fss?st=EJiLW6VXFq4rJoRWemtlFm9fG5bkau70x79RTyO7Qx4&ts=1726476745&e=0"]},{"title":"4-izbový byt v projekte BYTY BAJZOVA - NOVOSTAVBA","address":"Bajzova, Košice I - Staré Mesto, okres Košice","rooms":4,"meters":115,"totalPrice":350000,"meterSquarePrice":8,"link":"https://www.nehnutelnosti.sk/detail/Ju69hJ2lkbq/4-izbovy-byt-v-projekte-byty-bajzova-novostavba","imagesUrls":["https://img.nehnutelnosti.sk/foto/NjAweDMzOC9maWx0ZXJzOnF1YWxpdHkoMTAwKS9uZWg=/cRuBFmIAd_fss?st=ntpzco5h0rugehP7rDH3WZVujUIW3Bn5ijZJ-o0IOiI&ts=1725366973&e=0"]},{"title":"PAKTIV= CÍFER - slnečný, tehlový 3-izbový byt po rekonštrukcii.","address":"Záhradná, Cífer, okres Trnava","rooms":3,"meters":80,"totalPrice":null,"meterSquarePrice":null,"link":"https://www.nehnutelnosti.sk/detail/JuVK0dLGbti/paktiv-cifer-slnecny-tehlovy-3-izbovy-byt-po-rekonstrukcii","imagesUrls":["https://img.unitedclassifieds.sk/foto/NjAweDMzOC9maWx0ZXJzOnF1YWxpdHkoMTAwKS9qdWw=/BGbGK5iWF_fss?st=3F1YfqC9_yfPbW7Kz2naivPkInnrWH8Dzo7g5ri9pnY&ts=1725363961&e=0"]},{"title":"REZERVOVANÉ  PREDAJ - 2 IZBOVÝ BYT S VEĽKOU LOGGIOU, MARTINENGOVA ULICA, BRATISLAVA I - STARÉ MESTO","address":"Martinengova, Bratislava I - Staré Mesto, okres Bratislava","rooms":2,"meters":56,"totalPrice":169900,"meterSquarePrice":1,"link":"https://www.nehnutelnosti.sk/detail/Jucyd6zKBMx/rezervovane-predaj-2-izbovy-byt-s-velkou-loggiou-martinengova-ulica-bratislava-i-stare-mesto","imagesUrls":["https://img.nehnutelnosti.sk/foto/NjAweDMzOC9maWx0ZXJzOnF1YWxpdHkoMTAwKS9uZWg=/ZD-WOzBxjL_fss?st=Fdoncz9pBkSCPfmxuTSTeyXewf9gz5zfBQytAbpD2oU&ts=1725361654&e=0"]},{"title":"Na predaj 2 - izbový byt v Skalici","address":"Mallého 1165/3, Skalica, okres Skalica","rooms":2,"meters":null,"totalPrice":null,"meterSquarePrice":null,"link":"https://www.nehnutelnosti.sk/detail/JuBmoSYESf_/na-predaj-2-izbovy-byt-v-skalici","imagesUrls":["https://img.nehnutelnosti.sk/foto/NjAweDMzOC9maWx0ZXJzOnF1YWxpdHkoMTAwKS9uZWg=/GjOeNr9Vq_fss?st=oX-hEO9ogjSjmHSHGYwv3mVpHK44kPrSi4j0xPmG3z8&ts=1725362050&e=0"]},{"title":"Na predaj krásny 3 izbový byt s loggiou, Pod Hájom, Dubnica nad Váhom","address":"Pod Hájom, Dubnica nad Váhom, okres Ilava","rooms":3,"meters":68,"totalPrice":138000,"meterSquarePrice":1,"link":"https://www.nehnutelnosti.sk/detail/JuHoxNXAEvN/na-predaj-krasny-3-izbovy-byt-s-loggiou-pod-hajom-dubnica-nad-vahom","imagesUrls":["https://img.unitedclassifieds.sk/foto/NjAweDMzOC9maWx0ZXJzOnF1YWxpdHkoMTAwKS9qdWw=/BvBtdjXaB_fss?st=s2KQQAw4Vl3dLp8rr1HuOSvwGybG_v_rwV7WgCV9uHw&ts=1725361758&e=0"]},{"title":"SÚRNA KÚPA - 2 - IZBOVÝ A 2,5 - IZBOVÝ BYT V RUŽINOVE","address":"Bratislava II - Ružinov, okres Bratislava","rooms":2,"meters":60,"totalPrice":175000,"meterSquarePrice":7,"link":"https://www.nehnutelnosti.sk/detail/JuJmDS2iu88/surna-kupa-2-izbovy-a-2-5-izbovy-byt-v-ruzinove","imagesUrls":["https://img.unitedclassifieds.sk/foto/NjAweDMzOC9maWx0ZXJzOnF1YWxpdHkoMTAwKS9yc2Y=/5NDOdXqvn_fss?st=XHOgKVGc1ffKnW044lBk9NXt8pOF2f_ivLGHfkJPxQ4&ts=1694035210&e=0"]},{"title":"KÚPIME DVOJGARSÓNKU DELUXE NA PODZÁHRADNEJ ULICI V PODUNAJSKÝCH BISKUPICIACH","address":"Podzáhradná, Bratislava II - Podunajské Biskupice, okres Bratislava","rooms":null,"meters":54,"totalPrice":125000,"meterSquarePrice":1,"link":"https://www.nehnutelnosti.sk/detail/Ju5S-RE63E6/kupime-dvojgarsonku-deluxe-na-podzahradnej-ulici-v-podunajskych-biskupiciach","imagesUrls":["https://img.unitedclassifieds.sk/foto/NjAweDMzOC9maWx0ZXJzOnF1YWxpdHkoMTAwKS9yc2Y=/DAJax9xN3_fss?st=KD5XltezitT7TgnBg3kROmaTefxDPBCjWglKk-XYI8E&ts=1694034182&e=0"]},{"title":"KÚPA - 1, 2 izbový byt s loggiou, Bratislava - Dúbravka","address":"Bratislava IV - Dúbravka, okres Bratislava","rooms":1,"meters":null,"totalPrice":null,"meterSquarePrice":null,"link":"https://www.nehnutelnosti.sk/detail/Jug_0qEKkL8/kupa-1-2-izbovy-byt-s-loggiou-bratislava-dubravka","imagesUrls":["https://img.unitedclassifieds.sk/foto/NjAweDMzOC9maWx0ZXJzOnF1YWxpdHkoMTAwKS9yc2Y=/l4WoBkeqL_fss?st=c3I6_gdAhgzEe3SSuvpJGf5bGLiGyF08WJ-z11EazAI&ts=1688379612&e=0"]},{"title":"PRIESTRANNÝ BYT - TEHLOVÝ DOM S DVOROM - VÝBORNÁ POLOHA - STARÉ MESTO","address":"Povraznícka, Bratislava I - Staré Mesto, okres Bratislava","rooms":3,"meters":88,"totalPrice":299000,"meterSquarePrice":3,"link":"https://www.nehnutelnosti.sk/detail/JuAzi3AKF7F/priestranny-byt-tehlovy-dom-s-dvorom-vyborna-poloha-stare-mesto","imagesUrls":["https://img.unitedclassifieds.sk/foto/NjAweDMzOC9maWx0ZXJzOnF1YWxpdHkoMTAwKS9yc2Y=/COmA_ptCv_fss?st=x4enybmzdypcnkU_KO2Xvzz_03UB-4ZRWlWeDchQtDY&ts=1694033648&e=0"]},{"title":"PRIESTRANNÝ BYT - TEHLOVÝ DOM S DVOROM - VÝBORNÁ POLOHA - STARÉ MESTO","address":"Povraznícka, Bratislava I - Staré Mesto, okres Bratislava","rooms":2,"meters":88,"totalPrice":299000,"meterSquarePrice":3,"link":"https://www.nehnutelnosti.sk/detail/Ju4s8uIasRA/priestranny-byt-tehlovy-dom-s-dvorom-vyborna-poloha-stare-mesto","imagesUrls":["https://img.unitedclassifieds.sk/foto/NjAweDMzOC9maWx0ZXJzOnF1YWxpdHkoMTAwKS9yc2Y=/jgeHYNcSk_fss?st=UV0FJuqyDIuBTmoTlArmoJUje1Pvhk3pA37gGaZt-ds&ts=1694033170&e=0"]},{"title":"KÚPIME GARSÓNKU V PETRŽALKE","address":"Bratislava V - Petržalka, okres Bratislava","rooms":null,"meters":30,"totalPrice":88000,"meterSquarePrice":3,"link":"https://www.nehnutelnosti.sk/detail/JugNK8ZINJk/kupime-garsonku-v-petrzalke","imagesUrls":["https://img.unitedclassifieds.sk/foto/NjAweDMzOC9maWx0ZXJzOnF1YWxpdHkoMTAwKS9yc2Y=/vckvpxQuo_fss?st=Ox5woOzgbMba987Uu29Z_r1OIpSwmrMDE8ZlF_ZgO60&ts=1694036286&e=0"]},{"title":"KÚPIME 3 - IZBOVÝ BYT V PETRŽALKE","address":"Bratislava V - Petržalka, okres Bratislava","rooms":3,"meters":69,"totalPrice":173000,"meterSquarePrice":5,"link":"https://www.nehnutelnosti.sk/detail/Ju_hHcljLQM/kupime-3-izbovy-byt-v-petrzalke","imagesUrls":["https://img.unitedclassifieds.sk/foto/NjAweDMzOC9maWx0ZXJzOnF1YWxpdHkoMTAwKS9yc2Y=/GNL4buXrd_fss?st=94ZZ3uq8GEhOnfFRBj7ZVS6SSlG61PDgj4rcFy9-TCs&ts=1694034975&e=0"]},{"title":"Kúpime dvojgarsónku v Petržalke","address":"Bratislava V - Petržalka, okres Bratislava","rooms":null,"meters":48,"totalPrice":145000,"meterSquarePrice":3,"link":"https://www.nehnutelnosti.sk/detail/Ju_957WrACe/kupime-dvojgarsonku-v-petrzalke","imagesUrls":["https://img.unitedclassifieds.sk/foto/NjAweDMzOC9maWx0ZXJzOnF1YWxpdHkoMTAwKS9yc2Y=/EEgwg_swl_fss?st=fPwKUSnJikOSlIYYl8TLBXlemSQI9xQJ2nPBT_IeaLk&ts=1694033886&e=0"]},{"title":"Kúpa - 2 Garzónka, 2 Garzónka Deluxe, 2 izbový byt - Bratislava - Petržalka","address":"Gessayova, Bratislava V - Petržalka, okres Bratislava","rooms":null,"meters":48,"totalPrice":null,"meterSquarePrice":null,"link":"https://www.nehnutelnosti.sk/detail/JuyJFrPNu5k/kupa-2-garzonka-2-garzonka-deluxe-2-izbovy-byt-bratislava-petrzalka","imagesUrls":["https://img.unitedclassifieds.sk/foto/NjAweDMzOC9maWx0ZXJzOnF1YWxpdHkoMTAwKS9yc2Y=/2TNw5vvZM_fss?st=vo4Mlpd7RritMKuEzcBVnXa50L0WczzsdxRNmFNAaYM&ts=1664885096&e=0"]},{"title":"DOPYT - 2 Garsónka, Bratislava - Petržalka","address":"Gessayova, Bratislava V - Petržalka, okres Bratislava","rooms":null,"meters":42,"totalPrice":150000,"meterSquarePrice":3,"link":"https://www.nehnutelnosti.sk/detail/Ju2CfR20A7x/dopyt-2-garsonka-bratislava-petrzalka","imagesUrls":["https://img.unitedclassifieds.sk/foto/NjAweDMzOC9maWx0ZXJzOnF1YWxpdHkoMTAwKS9qdWw=/d9XauCCLv_fss?st=KZbTvKKK2eM5gocRKQEVN_bgUy4vkXU7mU6RwMZdY74&ts=1713950221&e=0"]},{"title":"DOPYT - 2 garzónka s loggiou, Bratislava - Petržalka, Ponúknite!!!","address":"Bratislava V - Petržalka, okres Bratislava","rooms":null,"meters":41,"totalPrice":140000,"meterSquarePrice":3,"link":"https://www.nehnutelnosti.sk/detail/JuWj-ylhFvK/dopyt-2-garzonka-s-loggiou-bratislava-petrzalka-ponuknite","imagesUrls":["https://img.unitedclassifieds.sk/foto/NjAweDMzOC9maWx0ZXJzOnF1YWxpdHkoMTAwKS9yc2Y=/iBhpyMeIl_fss?st=nLCZPoRUIDZWikqbvq6In9eVY3rSEXoeVtgXJYXguNg&ts=1696167008&e=0"]},{"title":"PREDANÉ!!! SKOLAUDOVANÁ NOVOSTAVBA - 2 izbový byt s terasou, parkovacie státie, pivnica, Bratislava","address":"Bratislava III - Rača, okres Bratislava","rooms":2,"meters":63,"totalPrice":166000,"meterSquarePrice":2,"link":"https://www.nehnutelnosti.sk/detail/JulEd2SMYKB/predane-skolaudovana-novostavba-2-izbovy-byt-s-terasou-parkovacie-statie-pivnica-bratislava","imagesUrls":["https://img.unitedclassifieds.sk/foto/NjAweDMzOC9maWx0ZXJzOnF1YWxpdHkoMTAwKS9qdWw=/nLlTuJR5G_fss?st=l2l3Q2PaFclYhsu8zaAvP2siUIRANKRNkGUscoUMbL4&ts=1713782863&e=0"]},{"title":"3 izbový byt v Petržalke - Wolkrová ulica - DOPYT","address":"Wolkrova, Bratislava V - Petržalka, okres Bratislava","rooms":3,"meters":69,"totalPrice":1,"meterSquarePrice":1,"link":"https://www.nehnutelnosti.sk/detail/JuhVOxwldUX/3-izbovy-byt-v-petrzalke-wolkrova-ulica-dopyt","imagesUrls":["https://img.unitedclassifieds.sk/foto/NjAweDMzOC9maWx0ZXJzOnF1YWxpdHkoMTAwKS9qdWw=/XmSHG3jjH_fss?st=zvRXEwg4dND7iuT8tACnYFUHiYpjC3kVlu2IRckd4A0&ts=1704974330&e=0"]},{"title":"Novšia stavba 2007 kolaudácia - 3 izbový byt, Bratislava - Začiatok Petržalky","address":"Šustekova, Bratislava V - Petržalka, okres Bratislava","rooms":3,"meters":62,"totalPrice":265000,"meterSquarePrice":9,"link":"https://www.nehnutelnosti.sk/detail/JuKkhUzzKOp/novsia-stavba-2007-kolaudacia-3-izbovy-byt-bratislava-zaciatok-petrzalky","imagesUrls":["https://img.unitedclassifieds.sk/foto/NjAweDMzOC9maWx0ZXJzOnF1YWxpdHkoMTAwKS9qdWw=/AprCRCnmAP_fss?st=pUjKDg_EywrPPze_H3taDWg1SaCsIN6gXAKLz68TX28&ts=1714038932&e=0"]},{"title":"DOPYT - 3 izbový byt po rekonštrukcii, Začiatok Petržalky","address":"Furdekova, Bratislava V - Petržalka, okres Bratislava","rooms":3,"meters":68,"totalPrice":210000,"meterSquarePrice":4,"link":"https://www.nehnutelnosti.sk/detail/Ju16eWydIYX/dopyt-3-izbovy-byt-po-rekonstrukcii-zaciatok-petrzalky","imagesUrls":["https://img.unitedclassifieds.sk/foto/NjAweDMzOC9maWx0ZXJzOnF1YWxpdHkoMTAwKS9qdWw=/eadppbug8_fss?st=N6WJ0EiPts9wg1fXWSvmdKKoMBgZ_ozTaWmaA4KKdAI&ts=1713950507&e=0"]}]