[{"title":"Vo vyhľadávanej lokalite na nábreží Dunaja 4 izbový apartmán v Eurovea Tower","address":"Pribinova, Bratislava I - Staré Mesto, okres Bratislava","rooms":4,"meters":124,"totalPrice":null,"meterSquarePrice":null,"link":"https://www.nehnutelnosti.sk/detail/JunVVfFXVa5/vo-vyhladavanej-lokalite-na-nabrezi-dunaja-4-izbovy-apartman-v-eurovea-tower","imagesUrls":["https://img.nehnutelnosti.sk/foto/NjAweDMzOC9maWx0ZXJzOnF1YWxpdHkoMTAwKS9uZWg=/6tcWBVC0x_fss?st=UizKeWT60K64jX5ocmzZYD5ktVFTQFRy5Z0pwYq1q6o&ts=1717632005&e=0"]},{"title":"3-IZBOVÝ BYT NA NÁBREŽÍ DUNAJA V EUROVEA","address":"Pribinova, Bratislava I - Staré Mesto, okres Bratislava","rooms":3,"meters":92,"totalPrice":null,"meterSquarePrice":null,"link":"https://www.nehnutelnosti.sk/detail/JusnkF52xZ4/3-izbovy-byt-na-nabrezi-dunaja-v-eurovea","imagesUrls":["https://img.nehnutelnosti.sk/foto/NjAweDMzOC9maWx0ZXJzOnF1YWxpdHkoMTAwKS9uZWg=/GdsHqdjAZH_fss?st=Em4WFtr9nKiFUtYlNL-QIppD5afE9bDdotFu6vxD95E&ts=1717632456&e=0"]},{"title":"Rezervovane! Na predaj 4-izb. byt v tichej časti NZ s dvorom a garážou","address":"Andovská, Nové Zámky, okres Nové Zámky","rooms":4,"meters":86,"totalPrice":119000,"meterSquarePrice":1,"link":"https://www.nehnutelnosti.sk/detail/JuHdgMMy-j6/rezervovane-na-predaj-4-izb-byt-v-tichej-casti-nz-s-dvorom-a-garazou","imagesUrls":["https://img.nehnutelnosti.sk/foto/NjAweDMzOC9maWx0ZXJzOnF1YWxpdHkoMTAwKS9uZWg=/F3BocxrsU_fss?st=3ZLEvnFlBbg8UZvP8iWRfSuz3ofxrf4SPJr6iS7uclU&ts=1725435314&e=0"]},{"title":"3-izbový byt s balkónom - VALALIKY","address":"Hlavná, Valaliky, Košice okolie, okres Košice - okolie","rooms":3,"meters":null,"totalPrice":null,"meterSquarePrice":null,"link":"https://www.nehnutelnosti.sk/detail/Ju--i8DPoB0/3-izbovy-byt-s-balkonom-valaliky","imagesUrls":["https://img.nehnutelnosti.sk/foto/NjAweDMzOC9maWx0ZXJzOnF1YWxpdHkoMTAwKS9uZWg=/TMhuQJhzf_fss?st=okP3KxvOIWMr4fa0IP-z2-PVMhCh6QbPSBTcCDGkJeI&ts=1726397567&e=0"]},{"title":"DISPOZÍCIA 3-IZBOVÉHO BYTU NA LÁNSKEJ","address":"Lánska, Považská Bystrica, okres Považská Bystrica","rooms":3,"meters":57,"totalPrice":125000,"meterSquarePrice":8,"link":"https://www.nehnutelnosti.sk/detail/JuJWyd3Te4y/dispozicia-3-izboveho-bytu-na-lanskej","imagesUrls":["https://img.unitedclassifieds.sk/foto/NjAweDMzOC9maWx0ZXJzOnF1YWxpdHkoMTAwKS9qdWw=/G4-Mg4WCu_fss?st=cwPY6jWWg4Qw6OJClIVBqE_oFzpBKGnQ1d8E47QjbnU&ts=1725385160&e=0"]},{"title":"GODDESS & ASSENZIO - PREDAJ - GARSÓNKA 25 M2 - HRDLIČKOVÁ - KRAMÁRE","address":"Bratislava III - Nové Mesto, okres Bratislava","rooms":null,"meters":25,"totalPrice":125000,"meterSquarePrice":0,"link":"https://www.nehnutelnosti.sk/detail/Ju_-NfRMPyI/goddess-assenzio-predaj-garsonka-25-m2-hrdlickova-kramare","imagesUrls":["https://img.nehnutelnosti.sk/foto/NjAweDMzOC9maWx0ZXJzOnF1YWxpdHkoMTAwKS9uZWg=/vzXedHHZs_fss?st=T4wcOAL8JcO1ZA-HqSv76WFik-mIEemcsYrtLskRNsc&ts=1725384060&e=0"]},{"title":"Predaj 4izbový byt Hliny 6. - Bajzova, ŽILINA","address":"Bajzova, Žilina - Hliny, okres Žilina","rooms":4,"meters":82,"totalPrice":206000,"meterSquarePrice":0,"link":"https://www.nehnutelnosti.sk/detail/Ju6p2XRNKBl/predaj-4izbovy-byt-hliny-6-bajzova-zilina","imagesUrls":["https://img.nehnutelnosti.sk/foto/NjAweDMzOC9maWx0ZXJzOnF1YWxpdHkoMTAwKS9uZWg=/thjAQuheI_fss?st=AIAr3ofG_6JPKafxq7e2h1-KJWuOHxoV2giiwMA0eA0&ts=1722795863&e=0"]},{"title":"1-izbový byt novostavba Rohožník","address":"Zaruby, Rohožník, Malacky, okres Malacky","rooms":1,"meters":40,"totalPrice":95000,"meterSquarePrice":5,"link":"https://www.nehnutelnosti.sk/detail/JuDHbx2wVul/1-izbovy-byt-novostavba-rohoznik","imagesUrls":["https://img.nehnutelnosti.sk/foto/NjAweDMzOC9maWx0ZXJzOnF1YWxpdHkoMTAwKS9uZWg=/xp04dmLpQw_fss?st=3-NqxX-p0Y3m0vlA6KQfVg6YtDyCY9Yc7HYe544ERRI&ts=1725382787&e=0"]},{"title":"Voľný 2 izbový byt s lódžiou na Družbe","address":"Teodora Tekela, Trnava, okres Trnava","rooms":2,"meters":51,"totalPrice":128500,"meterSquarePrice":1,"link":"https://www.nehnutelnosti.sk/detail/JuEDuDOQO1S/volny-2-izbovy-byt-s-lodziou-na-druzbe","imagesUrls":["https://img.nehnutelnosti.sk/foto/NjAweDMzOC9maWx0ZXJzOnF1YWxpdHkoMTAwKS9uZWg=/DFQbvcpPm_fss?st=lQpRXB2NHsJ3GLDoxlJemTXnCO9JexliuiPB1sFDgI0&ts=1725381256&e=0"]},{"title":"Na predaj veľká garsónka v meste Nové Zámky","address":"Komárňanská, Nové Zámky, okres Nové Zámky","rooms":null,"meters":25,"totalPrice":57300,"meterSquarePrice":5,"link":"https://www.nehnutelnosti.sk/detail/JuySeVID2wL/na-predaj-velka-garsonka-v-meste-nove-zamky","imagesUrls":["https://img.nehnutelnosti.sk/foto/NjAweDMzOC9maWx0ZXJzOnF1YWxpdHkoMTAwKS9uZWg=/UB5uJr_NW__fss?st=BfrYoZClfGbGQaAHdFMMGcbAVbuYfYH_S7-e_LVOoPA&ts=1726502024&e=0"]},{"title":"REZERVOVANÉ -2i byt, 54m2, Nitra","address":"Nitra, okres Nitra","rooms":2,"meters":54,"totalPrice":null,"meterSquarePrice":null,"link":"https://www.nehnutelnosti.sk/detail/Ju8ZPyxWmXB/rezervovane-2i-byt-54m2-nitra","imagesUrls":["https://img.nehnutelnosti.sk/foto/NjAweDMzOC9maWx0ZXJzOnF1YWxpdHkoMTAwKS9uZWg=/GOa9R2QYr_fss?st=WtD_Gj1OOAyZ6w2Wk3xkyitcPKE5HWytbVVxpt3UxkA&ts=1726043129&e=0"]},{"title":"! ZNÍŽENÁ CENA - 2 izbový byt s balkónom v Nemšovej","address":"Sklárska, Nemšová, okres Trenčín","rooms":2,"meters":53,"totalPrice":87900,"meterSquarePrice":9,"link":"https://www.nehnutelnosti.sk/detail/JurkjgMZn3W/znizena-cena-2-izbovy-byt-s-balkonom-v-nemsovej","imagesUrls":["https://img.nehnutelnosti.sk/foto/NjAweDMzOC9maWx0ZXJzOnF1YWxpdHkoMTAwKS9uZWg=/7o_vsdj7V_fss?st=nNJa4svRvyIIr0-Clt6ZpZxokswn-VMvR9LcYOFZlVg&ts=1723410904&e=0"]},{"title":"TOP PONUKA - byt o až výmere 138m2 v CENTRE mesta Dubnica n/V","address":"Dubnica nad Váhom, okres Ilava","rooms":3,"meters":138,"totalPrice":279000,"meterSquarePrice":4,"link":"https://www.nehnutelnosti.sk/detail/JuIIc1L0Ebb/top-ponuka-byt-o-az-vymere-138m2-v-centre-mesta-dubnica-n-v","imagesUrls":["https://img.nehnutelnosti.sk/foto/NjAweDMzOC9maWx0ZXJzOnF1YWxpdHkoMTAwKS9uZWg=/lKq35FI8Z_fss?st=KkTYtEXq7TMf2Rf_ejMxR9149ejr2nJt7schI3TPsTg&ts=1723410910&e=0"]},{"title":"Na predaj 3i byt v Rezidencii Vinohrady (Tramínová) + garáž + parking","address":"Tramínová, Trenčín, okres Trenčín","rooms":3,"meters":73,"totalPrice":229900,"meterSquarePrice":2,"link":"https://www.nehnutelnosti.sk/detail/JuVLQj1GJSg/na-predaj-3i-byt-v-rezidencii-vinohrady-traminova-garaz-parking","imagesUrls":["https://img.nehnutelnosti.sk/foto/NjAweDMzOC9maWx0ZXJzOnF1YWxpdHkoMTAwKS9uZWg=/FWhecZ914_fss?st=hy-mv5Md-9WzSI31r9Bd6qyFakZXfMmBj_9cc1j2yAU&ts=1725376755&e=0"]},{"title":"TERASA -  HUMENSKÁ 4 IZBOVÝ LUXUSNÝ ZARIADENÝ MODERNÝ BYT 70 M2 V TOP LOKALITE","address":"Humenská, Košice II - Západ, okres Košice","rooms":4,"meters":70,"totalPrice":229900,"meterSquarePrice":9,"link":"https://www.nehnutelnosti.sk/detail/Ju1Idm3oBVb/terasa-humenska-4-izbovy-luxusny-zariadeny-moderny-byt-70-m2-v-top-lokalite","imagesUrls":["https://img.nehnutelnosti.sk/foto/NjAweDMzOC9maWx0ZXJzOnF1YWxpdHkoMTAwKS9uZWg=/fyQ-5Auql_fss?st=z6vlH3xxW_8IDZS7kq-_R4Ehq_E_GhyFv9ADr4kqyd4&ts=1725375171&e=0"]},{"title":"Zrekonštruovaný 2 izbový byt, loggia, parkovanie","address":"Vlčie hrdlo 584/56, Bratislava II - Ružinov, okres Bratislava","rooms":2,"meters":40,"totalPrice":125000,"meterSquarePrice":5,"link":"https://www.nehnutelnosti.sk/detail/JuB377fZ_s0/zrekonstruovany-2-izbovy-byt-loggia-parkovanie","imagesUrls":["https://img.nehnutelnosti.sk/foto/NjAweDMzOC9maWx0ZXJzOnF1YWxpdHkoMTAwKS9uZWg=/3Xs-Q57L56_fss?st=RjuA88dMvBEOhKIbGJzHmd5cJ13gWgzCDLwkekeLCfw&ts=1725374738&e=0"]},{"title":"Veľký 2-izbový byt v Rudlovej, Beskydská ulica, 69 m2","address":"Beskydská, Banská Bystrica, okres Banská Bystrica","rooms":2,"meters":69,"totalPrice":135000,"meterSquarePrice":2,"link":"https://www.nehnutelnosti.sk/detail/JuXreqyAhBC/velky-2-izbovy-byt-v-rudlovej-beskydska-ulica-69-m2","imagesUrls":["https://img.nehnutelnosti.sk/foto/NjAweDMzOC9maWx0ZXJzOnF1YWxpdHkoMTAwKS9uZWg=/5IbZ1umM0_fss?st=-it4MeDyuc7dW8WmaST41qsGqLL9Y7E_9FOLc_mKCOs&ts=1725374837&e=0"]},{"title":"1i byt ( 36 m2) po rek. na Rajčianskej ul.","address":"Rajčianska, Bratislava II - Vrakuňa, okres Bratislava","rooms":1,"meters":36,"totalPrice":115600,"meterSquarePrice":1,"link":"https://www.nehnutelnosti.sk/detail/JuxIJ8kLxBV/1i-byt-36-m2-po-rek-na-rajcianskej-ul","imagesUrls":["https://img.nehnutelnosti.sk/foto/NjAweDMzOC9maWx0ZXJzOnF1YWxpdHkoMTAwKS9uZWg=/DWFBkTZraK_fss?st=yaMqrglzmGuVPOMqheKe_Wm-4CmhDqUVNSpsENXEEEo&ts=1725374470&e=0"]},{"title":"Štýlový 4-izbový byt s balkónom v Trenčíne – ihneď voľný","address":"Liptovská, Trenčín, okres Trenčín","rooms":4,"meters":77,"totalPrice":154000,"meterSquarePrice":0,"link":"https://www.nehnutelnosti.sk/detail/JuYFOoX66dN/stylovy-4-izbovy-byt-s-balkonom-v-trencine-ihned-volny","imagesUrls":["https://img.nehnutelnosti.sk/foto/NjAweDMzOC9maWx0ZXJzOnF1YWxpdHkoMTAwKS9uZWg=/jBvXZJ_E5-_fss?st=zvh1vCVp0fVu_eNiZYlGfyUvEf_6HP9NEQJBg7PC8rk&ts=1725373212&e=0"]},{"title":"Hľadáte útulný byt pre seba v srdci kúpeľného mesta? Byt 04","address":"Hviezdoslavova 1, Trenčianske Teplice, okres Trenčín","rooms":1,"meters":54,"totalPrice":125000,"meterSquarePrice":4,"link":"https://www.nehnutelnosti.sk/detail/JuOaO-CLiOw/hladate-utulny-byt-pre-seba-v-srdci-kupelneho-mesta-byt-04","imagesUrls":["https://img.nehnutelnosti.sk/foto/NjAweDMzOC9maWx0ZXJzOnF1YWxpdHkoMTAwKS9uZWg=/2M7A38wRT_fss?st=tTxCuF2CMHU2E60iGjir_ZXiST2yEfOfYtRDNU498og&ts=1725373208&e=0"]},{"title":"Predaj 3 izbového bytu v Bernolákove","address":"Bernolákovo, okres Senec","rooms":3,"meters":null,"totalPrice":null,"meterSquarePrice":null,"link":"https://www.nehnutelnosti.sk/detail/Jug282vqPF7/predaj-3-izboveho-bytu-v-bernolakove","imagesUrls":["https://img.nehnutelnosti.sk/foto/NjAweDMzOC9maWx0ZXJzOnF1YWxpdHkoMTAwKS9uZWg=/jf4vvl5aZ_fss?st=N0V_KwRx9N8CwGL8BcN2KNcB3QWdX-4c2FnE5Vz1CbA&ts=1722780336&e=0"]},{"title":"Predaj 2i byt Hlohovec","address":"Šoltésova, Hlohovec, okres Hlohovec","rooms":2,"meters":63,"totalPrice":94000,"meterSquarePrice":6,"link":"https://www.nehnutelnosti.sk/detail/JucG4bZlAha/predaj-2i-byt-hlohovec","imagesUrls":["https://img.unitedclassifieds.sk/foto/NjAweDMzOC9maWx0ZXJzOnF1YWxpdHkoMTAwKS9yc2Y=/sBDVAwNgR_fss?st=nPaynMVeR3ebkxmPD-iIiT5kiOlZxOy4N_OdEPQdiYM&ts=1675950731&e=0"]},{"title":"Predaj, dvojizbový byt SNP, Holíč","address":"Holíč, okres Skalica","rooms":2,"meters":49,"totalPrice":66500,"meterSquarePrice":4,"link":"https://www.nehnutelnosti.sk/detail/JuigfDv9MzU/predaj-dvojizbovy-byt-snp-holic","imagesUrls":["https://img.nehnutelnosti.sk/foto/NjAweDMzOC9maWx0ZXJzOnF1YWxpdHkoMTAwKS9uZWg=/zECoLDuK1_fss?st=RrG2562PvX03rZwAi8nYYltCFaMAn8M53Gowz6U_X50&ts=1726227540&e=0"]},{"title":"Priestranný 3 - izbový byt na Brezovci so šatníkom","address":"Mierová, Dolný Kubín, okres Dolný Kubín","rooms":3,"meters":74,"totalPrice":149900,"meterSquarePrice":8,"link":"https://www.nehnutelnosti.sk/detail/JuTmWnyns0N/priestranny-3-izbovy-byt-na-brezovci-so-satnikom","imagesUrls":["https://img.nehnutelnosti.sk/foto/NjAweDMzOC9maWx0ZXJzOnF1YWxpdHkoMTAwKS9uZWg=/9XNJvdQzo8_fss?st=ZkQuoMcIFWt7feXpo-Q8R7nk2fUIrt8JUlJaQFN9qN0&ts=1723541576&e=0"]},{"title":"pekný, útulný moderný byt na predaj !!! !!!","address":"Andovská, Nové Zámky, okres Nové Zámky","rooms":2,"meters":69,"totalPrice":137999,"meterSquarePrice":0,"link":"https://www.nehnutelnosti.sk/detail/JuNCKihzpDO/pekny-utulny-moderny-byt-na-predaj","imagesUrls":["https://img.unitedclassifieds.sk/foto/NjAweDMzOC9maWx0ZXJzOnF1YWxpdHkoMTAwKS9qdWw=/diMW1_KmR_fss?st=YT_KDFmbMt4pjFdTGtBJI8z5XII90vAiT0IX4VqBNrI&ts=1725371929&e=0"]},{"title":"Na predaj zrekonštruovaná garsónka v Piešťanoch","address":"Teplická 25/128, Piešťany, okres Piešťany","rooms":null,"meters":20,"totalPrice":75000,"meterSquarePrice":0,"link":"https://www.nehnutelnosti.sk/detail/JutbR1CEZ8Q/na-predaj-zrekonstruovana-garsonka-v-piestanoch","imagesUrls":["https://img.nehnutelnosti.sk/foto/NjAweDMzOC9maWx0ZXJzOnF1YWxpdHkoMTAwKS9uZWg=/RKb75_csj_fss?st=1cRmXg5an_aNesLnm7Du1DybB3JkUkQaoNko-eI8AzI&ts=1715003849&e=0"]},{"title":"Secret real s.r.o. predá exkluzívne 3 izb. apartmán v Bratislave - Ružinove po kompletnej rekonštruk","address":"Bajzova, Bratislava II - Ružinov, okres Bratislava","rooms":3,"meters":90,"totalPrice":199000,"meterSquarePrice":1,"link":"https://www.nehnutelnosti.sk/detail/JuqfHevHcaf/secret-real-s-r-o-preda-exkluzivne-3-izb-apartman-v-bratislave-ruzinove-po-kompletnej-rekonstruk","imagesUrls":["https://img.nehnutelnosti.sk/foto/NjAweDMzOC9maWx0ZXJzOnF1YWxpdHkoMTAwKS9uZWg=/eZ_uQWqVc1_fss?st=ktsQgKIhJHXP2TWZmv7Kv-ThL2g3RXTTCOIJI-DYFNM&ts=1726475422&e=0"]},{"title":"3-izbový byt s priestranným balkónom","address":"Martina Hattalu, Dolný Kubín, okres Dolný Kubín","rooms":3,"meters":69,"totalPrice":142000,"meterSquarePrice":6,"link":"https://www.nehnutelnosti.sk/detail/JuONnYOcDH-/3-izbovy-byt-s-priestrannym-balkonom","imagesUrls":["https://img.nehnutelnosti.sk/foto/NjAweDMzOC9maWx0ZXJzOnF1YWxpdHkoMTAwKS9uZWg=/cKRtdKykQ_fss?st=-um9NEmjBY68tnumUk4G7uelPDI7K8BKSOq_y1WdHK8&ts=1725368961&e=0"]},{"title":"3 izb. byt v tichej a atraktívnej lokalite plnej zelene, Šuňavcova ul.","address":"Šuňavcova, Bratislava III - Nové Mesto, okres Bratislava","rooms":3,"meters":79,"totalPrice":239000,"meterSquarePrice":2,"link":"https://www.nehnutelnosti.sk/detail/Julhprv9H_l/3-izb-byt-v-tichej-a-atraktivnej-lokalite-plnej-zelene-sunavcova-ul","imagesUrls":["https://img.nehnutelnosti.sk/foto/NjAweDMzOC9maWx0ZXJzOnF1YWxpdHkoMTAwKS9uZWg=/xrzhXbEmn_fss?st=DS13Iwr_sKA0aHGLbcxMIrirg6t_AZUQJqHL3Fyv0Wc&ts=1725369463&e=0"]},{"title":"3i byt po kompletnej rekonštrukcii","address":"Mierová, Dolný Kubín, okres Dolný Kubín","rooms":3,"meters":74,"totalPrice":160000,"meterSquarePrice":5,"link":"https://www.nehnutelnosti.sk/detail/JuteuNGgf-a/3i-byt-po-kompletnej-rekonstrukcii","imagesUrls":["https://img.unitedclassifieds.sk/foto/NjAweDMzOC9maWx0ZXJzOnF1YWxpdHkoMTAwKS9qdWw=/Qg5xZRHTj_fss?st=1HgvBAyVmgeLdz4096snRQyE-HtZOKdvoNYB71dRFu0&ts=1725368515&e=0"]}]