[{"title":"LEGEND - *** P.R.E.D.A.N.É. *** - Veľký bezbariérový 3i byt v Trenčíne - Juh 2, 78m2, zrekonštruovan","address":"Halalovka, Trenčín, okres Trenčín","rooms":3,"meters":78,"totalPrice":134900,"meterSquarePrice":9,"link":"https://www.nehnutelnosti.sk/detail/JuEgJS8afcw/legend-p-r-e-d-a-n-e-velky-bezbarierovy-3i-byt-v-trencine-juh-2-78m2-zrekonstruovan","imagesUrls":["https://img.unitedclassifieds.sk/foto/NjAweDMzOC9maWx0ZXJzOnF1YWxpdHkoMTAwKS9qdWw=/RpyVnCVa-_fss?st=4Cu662hut07N8Q-e7nkuiWw2G1wnsodJqnUWQdAAe4I&ts=1701625287&e=0"]},{"title":"LEGEND - 3D - !! ZNÍŽENÁ CENA !! 3i byt Dolné Srnie, 83 m2, lodžia, garáž, pivnica","address":"Dolné Srnie, Dolné Srnie, okres Nové Mesto nad Váhom","rooms":3,"meters":83,"totalPrice":132000,"meterSquarePrice":6,"link":"https://www.nehnutelnosti.sk/detail/JuAwfIct8XU/legend-3d-znizena-cena-3i-byt-dolne-srnie-83-m2-lodzia-garaz-pivnica","imagesUrls":["https://img.unitedclassifieds.sk/foto/NjAweDMzOC9maWx0ZXJzOnF1YWxpdHkoMTAwKS9yc2Y=/qFdorLW48_fss?st=1QKpbggx84tD1pUAkmI-8bDoaRfdF7C3lSupIsc1QJk&ts=1697013331&e=0"]},{"title":"LEGEND - *** P.R.E.D.A.N.É. *** - 3+1i byt vo Vrbovom pri Piešťanoch, rekonštrukcia, 2x pivnica, mož","address":"Vrbové, Vrbové, okres Piešťany","rooms":3,"meters":62,"totalPrice":99000,"meterSquarePrice":7,"link":"https://www.nehnutelnosti.sk/detail/JuPzNszFqTe/legend-p-r-e-d-a-n-e-3-1i-byt-vo-vrbovom-pri-piestanoch-rekonstrukcia-2x-pivnica-moz","imagesUrls":["https://img.unitedclassifieds.sk/foto/NjAweDMzOC9maWx0ZXJzOnF1YWxpdHkoMTAwKS9yc2Y=/M43BJa4BS_fss?st=ZdOofxchU967vP1EOizYNDQP1Ow2EloMgTAAmLcbPe0&ts=1693978566&e=0"]},{"title":"LEGEND - *** R.E.Z.E.R.V.O.V.A.N.É *** - 3D - 3i byt Nesvady, centrum, záhrada, dvoj - garáž, lodžia","address":"Nové Zámky, okres Nové Zámky","rooms":3,"meters":70,"totalPrice":78500,"meterSquarePrice":3,"link":"https://www.nehnutelnosti.sk/detail/JuIj4VNuI7u/legend-r-e-z-e-r-v-o-v-a-n-e-3d-3i-byt-nesvady-centrum-zahrada-dvoj-garaz-lodzia","imagesUrls":["https://img.unitedclassifieds.sk/foto/NjAweDMzOC9maWx0ZXJzOnF1YWxpdHkoMTAwKS9qdWw=/XPEErY_qb_fss?st=7LQrOiIgsw4YKRok95ANMEGcbAic5QcJzjLweEmakfQ&ts=1708099931&e=0"]},{"title":"LEGEND - *** P.R.E.D.A.N.É. *** - 3i byt v Kolárove, 72 m2, balkón, klimatizácia, pivnica, čiastočná","address":"Kolárovo, okres Komárno","rooms":3,"meters":72,"totalPrice":75000,"meterSquarePrice":7,"link":"https://www.nehnutelnosti.sk/detail/Ju5uI9wTO3e/legend-p-r-e-d-a-n-e-3i-byt-v-kolarove-72-m2-balkon-klimatizacia-pivnica-ciastocna","imagesUrls":["https://img.unitedclassifieds.sk/foto/NjAweDMzOC9maWx0ZXJzOnF1YWxpdHkoMTAwKS9qdWw=/KwKkJ6szu_fss?st=AY1jU0D_-B-kgCqItBYipiFPlNp22N-PFFKcFO74oi4&ts=1707587262&e=0"]},{"title":"LEGEND - 3D - 2i byt Šahy, 50 m2, veľká lodžia, balkón, pivnica, parkovanie","address":"Šahy, okres Levice","rooms":2,"meters":50,"totalPrice":54990,"meterSquarePrice":0,"link":"https://www.nehnutelnosti.sk/detail/Ju7ZnRVTPbg/legend-3d-2i-byt-sahy-50-m2-velka-lodzia-balkon-pivnica-parkovanie","imagesUrls":["https://img.unitedclassifieds.sk/foto/NjAweDMzOC9maWx0ZXJzOnF1YWxpdHkoMTAwKS9qdWw=/AgU6f-A_g_fss?st=ItxnDlgcwFdXSLdAXfIX9g6xGuAnkhBTeTYf5ucbpxY&ts=1706342758&e=0"]},{"title":"3izbový byt s balkónom, 66m2, Banská Bystrica - Fončorda, foto v RK","address":"Fončorda, Banská Bystrica, okres Banská Bystrica","rooms":3,"meters":66,"totalPrice":169000,"meterSquarePrice":1,"link":"https://www.nehnutelnosti.sk/detail/JuoXZh4MmEo/3izbovy-byt-s-balkonom-66m2-banska-bystrica-foncorda-foto-v-rk","imagesUrls":["https://img.nehnutelnosti.sk/foto/NjAweDMzOC9maWx0ZXJzOnF1YWxpdHkoMTAwKS9uZWg=/_0177ueF2_fss?st=V-pI17zhwwetKeMqUWf8nn7JtmT7VJ2Q-3ypuu4Tc-0&ts=1726740111&e=0"]},{"title":"LEGEND - *** P.R.E.D.A.N.É. *** - Velký 2i byt v Trenčíne - Pred poľom, 55m2, veľký balkón, pivnica,","address":"Pred poľom, Trenčín, okres Trenčín","rooms":2,"meters":55,"totalPrice":75000,"meterSquarePrice":4,"link":"https://www.nehnutelnosti.sk/detail/JuxG61NvsDS/legend-p-r-e-d-a-n-e-velky-2i-byt-v-trencine-pred-polom-55m2-velky-balkon-pivnica","imagesUrls":["https://img.unitedclassifieds.sk/foto/NjAweDMzOC9maWx0ZXJzOnF1YWxpdHkoMTAwKS9qdWw=/Ui_MxC5yqe_fss?st=CC0srdfISiJKvZM5V9qkbkPCiJHx5hqWkE8v5blIUCE&ts=1720432659&e=0"]},{"title":"LEGEND - *** P.R.E.D.A.N.É. *** - Novostavba 3i bytu v Bec.Vieske - 79m2, Balkón, Pivnica, 2x Parkov","address":"Kočovce, okres Nové Mesto nad Váhom","rooms":3,"meters":79,"totalPrice":135000,"meterSquarePrice":6,"link":"https://www.nehnutelnosti.sk/detail/JupfI-fOce9/legend-p-r-e-d-a-n-e-novostavba-3i-bytu-v-bec-vieske-79m2-balkon-pivnica-2x-parkov","imagesUrls":["https://img.unitedclassifieds.sk/foto/NjAweDMzOC9maWx0ZXJzOnF1YWxpdHkoMTAwKS9qdWw=/P1K56wNOi_fss?st=mjlBx6GgH1qUQqlR10h-20rFQ-TeeHuYzSMJDZa9o8g&ts=1718385765&e=0"]},{"title":"LEGEND - *** R.E.Z.E.R.V.O.V.A.N.É. *** - 3D - 2i byt Nové Mesto nad Váhom, 51 m2, lodžia, rekonštru","address":"Juraja Kréna, Nové Mesto nad Váhom, okres Nové Mesto nad Váhom","rooms":2,"meters":51,"totalPrice":103500,"meterSquarePrice":1,"link":"https://www.nehnutelnosti.sk/detail/JuuN_wqpBtr/legend-r-e-z-e-r-v-o-v-a-n-e-3d-2i-byt-nove-mesto-nad-vahom-51-m2-lodzia-rekonstru","imagesUrls":["https://img.unitedclassifieds.sk/foto/NjAweDMzOC9maWx0ZXJzOnF1YWxpdHkoMTAwKS9qdWw=/Z4si5O6Hd_fss?st=4FnehWKR1Xjy-YEsS3UHcKAZU4IEZzikSd4deAAqP2A&ts=1724059886&e=0"]},{"title":"LEGEND - *** R.E.Z.E.R.V.O.V.A.N.É. *** - 3D - 3i byt v Kolárove, 75 m2, balkón,  pivnica,  rekonštr","address":"Bočná, Kolárovo, okres Komárno","rooms":3,"meters":75,"totalPrice":78000,"meterSquarePrice":0,"link":"https://www.nehnutelnosti.sk/detail/JuEpRgaSF8c/legend-r-e-z-e-r-v-o-v-a-n-e-3d-3i-byt-v-kolarove-75-m2-balkon-pivnica-rekonstr","imagesUrls":["https://img.unitedclassifieds.sk/foto/NjAweDMzOC9maWx0ZXJzOnF1YWxpdHkoMTAwKS9qdWw=/hzoW4vgIN_fss?st=Grh1XBQwtHT5GecF3CtMYhsBJ7nuSZUJXEtHgnzpp50&ts=1724517540&e=0"]},{"title":"Na predaj: 3-izbový byt v Bratislave - Podunajské Biskupice, Uzbecká ul.","address":"Uzbecká, Bratislava II - Podunajské Biskupice, okres Bratislava","rooms":3,"meters":78,"totalPrice":225000,"meterSquarePrice":2,"link":"https://www.nehnutelnosti.sk/detail/JuLPiL2B98r/na-predaj-3-izbovy-byt-v-bratislave-podunajske-biskupice-uzbecka-ul","imagesUrls":["https://img.unitedclassifieds.sk/foto/NjAweDMzOC9maWx0ZXJzOnF1YWxpdHkoMTAwKS9qdWw=/gooLQxNZH_fss?st=Mjw6ziAUutTx3-N_phCEqvYlB1X3DcL4m1qL-MGXuUY&ts=1726475138&e=0"]},{"title":"Predám 2 izb. byt v projekte Lorinčík Háje","address":"Na Košarisku, Košice II - Lorinčík, okres Košice","rooms":2,"meters":42,"totalPrice":158000,"meterSquarePrice":0,"link":"https://www.nehnutelnosti.sk/detail/JuMnlTwKeYg/predam-2-izb-byt-v-projekte-lorincik-haje","imagesUrls":["https://img.nehnutelnosti.sk/foto/NjAweDMzOC9maWx0ZXJzOnF1YWxpdHkoMTAwKS9uZWg=/Qvz0eHl6-_fss?st=CXqP0-zRC7KBmk2By-8OoO5wVawbb71eUjMnePDQ01c&ts=1718695593&e=0"]},{"title":"4 izbový byt, Nový Smokovec","address":"Vysoké Tatry, okres Poprad","rooms":4,"meters":145,"totalPrice":850000,"meterSquarePrice":7,"link":"https://www.nehnutelnosti.sk/detail/JuG_fGqLs3v/4-izbovy-byt-novy-smokovec","imagesUrls":["https://img.nehnutelnosti.sk/foto/NjAweDMzOC9maWx0ZXJzOnF1YWxpdHkoMTAwKS9uZWg=/EilB_HIfa_fss?st=W0NHZaIq24yAMH1BkIqt7UgDaqaqaIe80DAlrzgv_8M&ts=1720001166&e=0"]},{"title":"3 IZBOVÝ BYT, KOŠICE, OBRODY","address":"Obrody, Košice II - Západ, okres Košice","rooms":3,"meters":78,"totalPrice":370000,"meterSquarePrice":9,"link":"https://www.nehnutelnosti.sk/detail/JuDVukZhBll/3-izbovy-byt-kosice-obrody","imagesUrls":["https://img.nehnutelnosti.sk/foto/NjAweDMzOC9maWx0ZXJzOnF1YWxpdHkoMTAwKS9uZWg=/fII1FcDQqM_fss?st=26Jd2Ejm-MgXKwC4t_h--3fRKs_910XoHYmRhdY4s2U&ts=1723559061&e=0"]},{"title":"VAHOreal* ZNÍŽENÁ CENA, odstúpenie rezervácie -  2 izbový byt, 55,2m2, v projekte MIKO 2 v Trnave","address":"Mikoviniho, Trnava, okres Trnava","rooms":2,"meters":55,"totalPrice":136900,"meterSquarePrice":7,"link":"https://www.nehnutelnosti.sk/detail/JuUHRXkUfWw/vahoreal-znizena-cena-odstupenie-rezervacie-2-izbovy-byt-55-2m2-v-projekte-miko-2-v-trnave","imagesUrls":["https://img.nehnutelnosti.sk/foto/NjAweDMzOC9maWx0ZXJzOnF1YWxpdHkoMTAwKS9uZWg=/A-JnDKTz__fss?st=6o1ySDoKmmdcAjc3EEhn5Tb7UFX9ZksEKKNZnYk93G4&ts=1726490180&e=0"]},{"title":"VAHOreal* VYHĽADÁVANÁ  LOKALITA!! TEHLOVÝ 2 izb. byt, výmera 52m2, Hospodárska ul. Trnava","address":"Hospodárska, Trnava, okres Trnava","rooms":2,"meters":52,"totalPrice":129900,"meterSquarePrice":8,"link":"https://www.nehnutelnosti.sk/detail/JuAVXFvCttd/vahoreal-vyhladavana-lokalita-tehlovy-2-izb-byt-vymera-52m2-hospodarska-ul-trnava","imagesUrls":["https://img.nehnutelnosti.sk/foto/NjAweDMzOC9maWx0ZXJzOnF1YWxpdHkoMTAwKS9uZWg=/GSeUq4x6be_fss?st=US5aYveN2g-HZjs9GkbwHyu34czbY6O7MsqbuAVzFQU&ts=1726739728&e=0"]},{"title":"VAHOreal* SLNEČNÝ 3-izb. byt, loggia, Mozartova ulica, sídl. Prednádražie, Trnava","address":"Mozartova, Trnava, okres Trnava","rooms":3,"meters":69,"totalPrice":168000,"meterSquarePrice":8,"link":"https://www.nehnutelnosti.sk/detail/JuV9qG6gLCg/vahoreal-slnecny-3-izb-byt-loggia-mozartova-ulica-sidl-prednadrazie-trnava","imagesUrls":["https://img.nehnutelnosti.sk/foto/NjAweDMzOC9maWx0ZXJzOnF1YWxpdHkoMTAwKS9uZWg=/uIzaVIvv2N_fss?st=6WUAw5STzuuedrIO4A1gSCmcEuIQUCgo_yDdF94VMEI&ts=1726046425&e=0"]},{"title":"VAHOreal, Na predaj 1.izb. byt, v obci Šelpice, 30m2, parkovacie miesto, kompletná rekonštrukcia","address":"Suchovská, Šelpice, okres Trnava","rooms":1,"meters":30,"totalPrice":null,"meterSquarePrice":null,"link":"https://www.nehnutelnosti.sk/detail/JuAn9L7KQXO/vahoreal-na-predaj-1-izb-byt-v-obci-selpice-30m2-parkovacie-miesto-kompletna-rekonstrukcia","imagesUrls":["https://img.nehnutelnosti.sk/foto/NjAweDMzOC9maWx0ZXJzOnF1YWxpdHkoMTAwKS9uZWg=/ZXnpJV6464_fss?st=aR7tITh1pruwoWPDJM9ZSb8rTFGmABNHUi6xyH1n8Uk&ts=1725878617&e=0"]},{"title":"VAHOreal* ZNÍŽENÁ CENA, odstúpenie rezervácie -  2 izbový byt v rozostavanom projekte MIKO 2 v Trnav","address":"Mikoviniho, Trnava, okres Trnava","rooms":2,"meters":48,"totalPrice":131990,"meterSquarePrice":4,"link":"https://www.nehnutelnosti.sk/detail/Ju88djpA8N1/vahoreal-znizena-cena-odstupenie-rezervacie-2-izbovy-byt-v-rozostavanom-projekte-miko-2-v-trnav","imagesUrls":["https://img.nehnutelnosti.sk/foto/NjAweDMzOC9maWx0ZXJzOnF1YWxpdHkoMTAwKS9uZWg=/gyR6yvYj1_fss?st=F1tfeFYl9hKmbJFjzDZ_hxVYV5KsctcTVLHE_X_qsH8&ts=1725258652&e=0"]},{"title":"VAHOreal* EXKLUZÍVNE IBA u NÁS!! Pekný 3.izb. byt, výmera 69,22m2, loggia, G. Goliána, Trnava","address":"Generála Goliana, Trnava, okres Trnava","rooms":3,"meters":69,"totalPrice":153000,"meterSquarePrice":4,"link":"https://www.nehnutelnosti.sk/detail/JuuuvhWxNNn/vahoreal-exkluzivne-iba-u-nas-pekny-3-izb-byt-vymera-69-22m2-loggia-g-goliana-trnava","imagesUrls":["https://img.nehnutelnosti.sk/foto/NjAweDMzOC9maWx0ZXJzOnF1YWxpdHkoMTAwKS9uZWg=/f-JDy3qTlO_fss?st=j76aAZYtZAcOFHVXl-_VwqDJqHu6vfvJluB-0Nd-CPU&ts=1725361429&e=0"]},{"title":"VAHOreal* EXKLUZÍVNE IBA u NÁS!! PREDNÁDRAŽIE  3.izb. byt, výmera 64m2, zasklená loggia, Botanická u","address":"Botanická, Trnava, okres Trnava","rooms":3,"meters":64,"totalPrice":155000,"meterSquarePrice":8,"link":"https://www.nehnutelnosti.sk/detail/JuOI48yDGDg/vahoreal-exkluzivne-iba-u-nas-prednadrazie-3-izb-byt-vymera-64m2-zasklena-loggia-botanicka-u","imagesUrls":["https://img.nehnutelnosti.sk/foto/NjAweDMzOC9maWx0ZXJzOnF1YWxpdHkoMTAwKS9uZWg=/hIbgsZk7d_fss?st=AwdQRGE_eaKxo90JkpIJTsYmCZ6h77aax3X89fyNqN0&ts=1725896948&e=0"]},{"title":"VAHOreal* KRÁSNY VÝHĽAD, 1 izb. byt, výmera 30m2, Okružná ul. Trnava","address":"Okružná, Trnava, okres Trnava","rooms":1,"meters":30,"totalPrice":105000,"meterSquarePrice":0,"link":"https://www.nehnutelnosti.sk/detail/JuwbGftvpCf/vahoreal-krasny-vyhlad-1-izb-byt-vymera-30m2-okruzna-ul-trnava","imagesUrls":["https://img.nehnutelnosti.sk/foto/NjAweDMzOC9maWx0ZXJzOnF1YWxpdHkoMTAwKS9uZWg=/NzhWbXRHJ_fss?st=EURTt86M8S-wUvX3vUGNEN13IrhlUiFJKcUjTC_kf5g&ts=1721645082&e=0"]},{"title":"VAHOreal* KOMPLETNE a VKUSNE ZREKONŠTRUOVANÝ 3 izb. byt s loggiou, Na Hlinách, Trnava","address":"Na Hlinách, Trnava, okres Trnava","rooms":3,"meters":70,"totalPrice":172000,"meterSquarePrice":4,"link":"https://www.nehnutelnosti.sk/detail/Juagg19q6p4/vahoreal-kompletne-a-vkusne-zrekonstruovany-3-izb-byt-s-loggiou-na-hlinach-trnava","imagesUrls":["https://img.nehnutelnosti.sk/foto/NjAweDMzOC9maWx0ZXJzOnF1YWxpdHkoMTAwKS9uZWg=/eAIox0bmu_fss?st=gDzDPVBjU49B3bhaTUSsVx9Hbz5fzzDSS0TqxSXujuU&ts=1723131994&e=0"]},{"title":"VAHOreal* KOMPLETNE a VKUSNE ZREKONŠTRUOVANÝ 3 izb. byt, loggia, Saleziánska ulica, Trnava","address":"Saleziánska, Trnava, okres Trnava","rooms":3,"meters":61,"totalPrice":162000,"meterSquarePrice":3,"link":"https://www.nehnutelnosti.sk/detail/JuXSB_iXwAg/vahoreal-kompletne-a-vkusne-zrekonstruovany-3-izb-byt-loggia-salezianska-ulica-trnava","imagesUrls":["https://img.nehnutelnosti.sk/foto/NjAweDMzOC9maWx0ZXJzOnF1YWxpdHkoMTAwKS9uZWg=/MVVy2sGiU_fss?st=SWCUu0wErcZepEWkxtCwBxasgiz3APawEwQFAnd0R_M&ts=1722257300&e=0"]},{"title":"VAHOreal* VYHĽADÁVANÁ LOKALITA! IBA U NÁS 2 izb. byt, balkón,  výťah, Koniarekova ul. Trnava","address":"Koniarekova, Trnava, okres Trnava","rooms":2,"meters":51,"totalPrice":149000,"meterSquarePrice":5,"link":"https://www.nehnutelnosti.sk/detail/JuMrAYZupGG/vahoreal-vyhladavana-lokalita-iba-u-nas-2-izb-byt-balkon-vytah-koniarekova-ul-trnava","imagesUrls":["https://img.nehnutelnosti.sk/foto/NjAweDMzOC9maWx0ZXJzOnF1YWxpdHkoMTAwKS9uZWg=/WmoWylPYS_fss?st=uHyRgwMqwb47ZK4KZ1Sd9yCRuBmpDFWZ8yd1GiBn4r4&ts=1723022129&e=0"]},{"title":"VAHOreal*ZNÍŽENÁ CENA!!! NOVOSTAVBA VEĽKÉHO 3 izb. bytu s výhodami rodinného domu. Obec Slovenský Gr","address":"Slovensky Grob, Slovenský Grob, okres Pezinok","rooms":3,"meters":106,"totalPrice":220000,"meterSquarePrice":7,"link":"https://www.nehnutelnosti.sk/detail/JulxNbVxIdX/vahorealznizena-cena-novostavba-velkeho-3-izb-bytu-s-vyhodami-rodinneho-domu-obec-slovensky-gr","imagesUrls":["https://img.nehnutelnosti.sk/foto/NjAweDMzOC9maWx0ZXJzOnF1YWxpdHkoMTAwKS9uZWg=/Fqti6NSexh_fss?st=ZBZmTZ9bK92twDY2hSKgMqffaU7O51STl_XioiXJa6w&ts=1724400105&e=0"]},{"title":"VAHOreal* ZARIADENÝ 1 IZBOVÝ BYT na ulici Gejzu Dusíka v Trnave","address":"Gejzu Dusíka, Trnava, okres Trnava","rooms":1,"meters":32,"totalPrice":103000,"meterSquarePrice":4,"link":"https://www.nehnutelnosti.sk/detail/Juc4EH7iyEp/vahoreal-zariadeny-1-izbovy-byt-na-ulici-gejzu-dusika-v-trnave","imagesUrls":["https://img.nehnutelnosti.sk/foto/NjAweDMzOC9maWx0ZXJzOnF1YWxpdHkoMTAwKS9uZWg=/5K6oCGbG9_fss?st=M8KevXsYKf7HdDpAXN2lS1t1WbSQM0hld5LLUqykIYw&ts=1721296658&e=0"]},{"title":"REZERVÁCIA! VAHOreal*NOVOSTAVBA 2 izb. byt vo vyhľadávanej oblasti ARBÓRIA, loggia, park. státie, pi","address":"Novomestská, Trnava, okres Trnava","rooms":2,"meters":50,"totalPrice":156500,"meterSquarePrice":1,"link":"https://www.nehnutelnosti.sk/detail/JumSNinjCOT/rezervacia-vahorealnovostavba-2-izb-byt-vo-vyhladavanej-oblasti-arboria-loggia-park-statie-pi","imagesUrls":["https://img.nehnutelnosti.sk/foto/NjAweDMzOC9maWx0ZXJzOnF1YWxpdHkoMTAwKS9uZWg=/Ul9x5kphi_fss?st=EbQ33wHdRUQ48bQpFSU85QK7vYOdKPNApsyEZBlF6UE&ts=1723644346&e=0"]},{"title":"VAHOreal* PREDANÉ 3 izb. byt, , výmera cca 75m2, balkón,  ul. Teodora Tekela, Trnava","address":"Teodora Tekela, Trnava, okres Trnava","rooms":3,"meters":75,"totalPrice":164500,"meterSquarePrice":3,"link":"https://www.nehnutelnosti.sk/detail/JukH96Z0d7g/vahoreal-predane-3-izb-byt-vymera-cca-75m2-balkon-ul-teodora-tekela-trnava","imagesUrls":["https://img.nehnutelnosti.sk/foto/NjAweDMzOC9maWx0ZXJzOnF1YWxpdHkoMTAwKS9uZWg=/nNuDlcYVri_fss?st=aikC6kwMeIjYHgsYEE7NykFmXtiTRL3qYOSFwMRDx8Y&ts=1720618401&e=0"]}]