[{"title":"PREDAJ: 3i byt so záhradou a s parkovacím miestom, Rovinka","address":"Agátová, Rovinka, okres Senec","rooms":3,"meters":75,"totalPrice":280000,"meterSquarePrice":3,"link":"https://www.nehnutelnosti.sk/detail/JuIe0Uv3LSz/predaj-3i-byt-so-zahradou-a-s-parkovacim-miestom-rovinka","imagesUrls":["https://img.nehnutelnosti.sk/foto/NjAweDMzOC9maWx0ZXJzOnF1YWxpdHkoMTAwKS9uZWg=/abFvw8r-yq_fss?st=TZaM0FwFUeBOXj92alc8xMDuMbrH-7ZKlJGG93K1J9o&ts=1725611437&e=0"]},{"title":"2 izbový byt v pôvodnom stave V.Šrobára","address":"V.Šrobára, Šaľa, okres Šaľa","rooms":2,"meters":64,"totalPrice":94900,"meterSquarePrice":1,"link":"https://www.nehnutelnosti.sk/detail/JutclvIXFae/2-izbovy-byt-v-povodnom-stave-v-srobara","imagesUrls":["https://img.nehnutelnosti.sk/foto/NjAweDMzOC9maWx0ZXJzOnF1YWxpdHkoMTAwKS9uZWg=/X1Q3w9n5m_fss?st=fXbf00gY2_g5NS2zRdO0HuYPNd64uOUeyd4flMJDtgc&ts=1726964673&e=0"]},{"title":"PREDAJ: Veľkorysý 3i byt v širšom centre s parkovaním, Krížna","address":"Krížna, Bratislava I - Staré Mesto, okres Bratislava","rooms":3,"meters":82,"totalPrice":338000,"meterSquarePrice":5,"link":"https://www.nehnutelnosti.sk/detail/Jut9wO9Eh8d/predaj-velkorysy-3i-byt-v-sirsom-centre-s-parkovanim-krizna","imagesUrls":["https://img.nehnutelnosti.sk/foto/NjAweDMzOC9maWx0ZXJzOnF1YWxpdHkoMTAwKS9uZWg=/Fc-z7jUOdF_fss?st=8oRe3_U4rXryteuRel_MxpDMAskC4fR2kSw3WBAGk9s&ts=1717900891&e=0"]},{"title":"PREDAJ: Prominentná adresa s parkovaním, PROXENTA","address":"Račianske Mýto, Bratislava III - Nové Mesto, okres Bratislava","rooms":2,"meters":52,"totalPrice":279990,"meterSquarePrice":2,"link":"https://www.nehnutelnosti.sk/detail/JuN0S-QhEr3/predaj-prominentna-adresa-s-parkovanim-proxenta","imagesUrls":["https://img.nehnutelnosti.sk/foto/NjAweDMzOC9maWx0ZXJzOnF1YWxpdHkoMTAwKS9uZWg=/hn-2z0eb0_fss?st=S4lB4DIeGvKg-GHHaDPdtV8qK_isdwU_k36l1bDyNlk&ts=1725457341&e=0"]},{"title":"2 IZBOVÝ BYT, TEKEĽOVÁ, 52M2, LODŽIA, PREŠOV","address":"Tekeľová, Prešov, okres Prešov","rooms":2,"meters":52,"totalPrice":143000,"meterSquarePrice":0,"link":"https://www.nehnutelnosti.sk/detail/JuLx-oamRN7/2-izbovy-byt-tekelova-52m2-lodzia-presov","imagesUrls":["https://img.nehnutelnosti.sk/foto/NjAweDMzOC9maWx0ZXJzOnF1YWxpdHkoMTAwKS9uZWg=/eliEnEgfj_fss?st=hJ1F6EKf64Dxoe9aZMYefk5jahRwZX9vrZdDDBfO0bo&ts=1726574911&e=0"]},{"title":"Rezidencia Alžbetina - 4 izbové byty","address":"Alžbetina, Košice I - Staré Mesto, okres Košice","rooms":4,"meters":142,"totalPrice":524300,"meterSquarePrice":5,"link":"https://www.nehnutelnosti.sk/detail/JuGWojTVTmF/rezidencia-alzbetina-4-izbove-byty","imagesUrls":["https://img.nehnutelnosti.sk/foto/NjAweDMzOC9maWx0ZXJzOnF1YWxpdHkoMTAwKS9uZWg=/YtA5xSOwr_fss?st=guVuL0ASdXu7ccrCOJt_HbcY1eEqw9VLUfIHrTdkUKM&ts=1700657627&e=0"]},{"title":"Veľkometrážny 5 izbový byt s garážou v RD vo vyhľadávanej lokalite Trnavy.","address":"Kuzmányho, Trnava, okres Trnava","rooms":5,"meters":143,"totalPrice":215000,"meterSquarePrice":0,"link":"https://www.nehnutelnosti.sk/detail/Juf-e0HHP5u/velkometrazny-5-izbovy-byt-s-garazou-v-rd-vo-vyhladavanej-lokalite-trnavy","imagesUrls":["https://img.nehnutelnosti.sk/foto/NjAweDMzOC9maWx0ZXJzOnF1YWxpdHkoMTAwKS9uZWg=/88juFP4fru_fss?st=0ZTrFAmQzI_79hOh3j7zy6gOm4YbxXNs2CbXcRrGflw&ts=1726983655&e=0"]},{"title":"Na predaj zariadený 2-izbový byt pri autobusovej stanici v Komárne - 53 m2","address":"Košická, Komárno, okres Komárno","rooms":1,"meters":53,"totalPrice":62900,"meterSquarePrice":9,"link":"https://www.nehnutelnosti.sk/detail/JuJPwfBJn7M/na-predaj-zariadeny-2-izbovy-byt-pri-autobusovej-stanici-v-komarne-53-m2","imagesUrls":["https://img.nehnutelnosti.sk/foto/NjAweDMzOC9maWx0ZXJzOnF1YWxpdHkoMTAwKS9uZWg=/TUn6yUBcA_fss?st=5YSq1ZghJhQditJ57GbzJQCTP_gxQ6-8TLFHwMRaU-s&ts=1718796839&e=0"]},{"title":"zrekonštruovaná dvojgarsónka, nízke mesačné náklady, zrekonštruovaný bytový dom","address":"Vígľašská, Bratislava V - Petržalka, okres Bratislava","rooms":null,"meters":42,"totalPrice":149900,"meterSquarePrice":5,"link":"https://www.nehnutelnosti.sk/detail/JuQigR5p-9x/zrekonstruovana-dvojgarsonka-nizke-mesacne-naklady-zrekonstruovany-bytovy-dom","imagesUrls":["https://img.nehnutelnosti.sk/foto/NjAweDMzOC9maWx0ZXJzOnF1YWxpdHkoMTAwKS9uZWg=/sZpLc7D3Z_fss?st=27WiPU1hvesO4pSLsTchWtZHu9-VFr6kGjVK_NVDGGQ&ts=1715257808&e=0"]},{"title":"Na predaj veľmi pekný 2 izbový byt v tehlovom bytovom dome s balkónom na ulici Čárskeho v Košiciach","address":"Čárskeho, Košice I - Sever, okres Košice","rooms":2,"meters":54,"totalPrice":163500,"meterSquarePrice":8,"link":"https://www.nehnutelnosti.sk/detail/JuT4FagcnrD/na-predaj-velmi-pekny-2-izbovy-byt-v-tehlovom-bytovom-dome-s-balkonom-na-ulici-carskeho-v-kosiciach","imagesUrls":["https://img.nehnutelnosti.sk/foto/NjAweDMzOC9maWx0ZXJzOnF1YWxpdHkoMTAwKS9uZWg=/-UVnbeVftu_fss?st=DCGWI12m9fM7SwPOLMJDFZL4vHJRDrzTJcbiLAtkDVQ&ts=1726574075&e=0"]},{"title":"2 izbový veľký byt, 90 m2 pod Vysokými Tatrami","address":"Tatranská, Veľký Slavkov, okres Poprad","rooms":2,"meters":90,"totalPrice":206000,"meterSquarePrice":9,"link":"https://www.nehnutelnosti.sk/detail/JuvXo5TEwgS/2-izbovy-velky-byt-90-m2-pod-vysokymi-tatrami","imagesUrls":["https://img.unitedclassifieds.sk/foto/NjAweDMzOC9maWx0ZXJzOnF1YWxpdHkoMTAwKS9qdWw=/h0hNcWyeq_fss?st=IfISMgbk_Wn6V_RpMPjLu8DoeUbhDswVBAEh5tUYCWQ&ts=1726564517&e=0"]},{"title":"3 izbový byt,  68m2 + 2 x Loggia, Košice - JUH, NADŠTANDARDNÁ NOVÁ KOMPLETNÁ REKONŠTRUKCIA","address":"Južná Trieda, Košice IV - Juh, okres Košice","rooms":3,"meters":69,"totalPrice":209980,"meterSquarePrice":9,"link":"https://www.nehnutelnosti.sk/detail/JuRk6Bu5wSn/3-izbovy-byt-68m2-2-x-loggia-kosice-juh-nadstandardna-nova-kompletna-rekonstrukcia","imagesUrls":["https://img.nehnutelnosti.sk/foto/NjAweDMzOC9maWx0ZXJzOnF1YWxpdHkoMTAwKS9uZWg=/vgJiAWhBq_fss?st=YPPvLTR5XIg80GsR846RnDvgG8tPgMwz0jLk9P6rx5I&ts=1726771925&e=0"]},{"title":"Tehlový byt s podkrovím vo vlastníctve Košice centrum","address":"Košice I - Staré Mesto, okres Košice","rooms":3,"meters":97,"totalPrice":175900,"meterSquarePrice":0,"link":"https://www.nehnutelnosti.sk/detail/JuloMjOD227/tehlovy-byt-s-podkrovim-vo-vlastnictve-kosice-centrum","imagesUrls":["https://img.nehnutelnosti.sk/foto/NjAweDMzOC9maWx0ZXJzOnF1YWxpdHkoMTAwKS9uZWg=/t9-ts8mqu_fss?st=DW35pLuMOprVb_4RUfJrCsqwn1FkOLlOKMJyWhv-kdY&ts=1724212439&e=0"]},{"title":"Rezerve: Predaj 3 izb. byt na sídlisku TERASA, Košice ul. Výstavby.","address":"Výstavby, Košice II - Západ, okres Košice","rooms":3,"meters":65,"totalPrice":160000,"meterSquarePrice":4,"link":"https://www.nehnutelnosti.sk/detail/JuSko_9cqH4/rezerve-predaj-3-izb-byt-na-sidlisku-terasa-kosice-ul-vystavby","imagesUrls":["https://img.nehnutelnosti.sk/foto/NjAweDMzOC9maWx0ZXJzOnF1YWxpdHkoMTAwKS9uZWg=/Yf2mQo8-M_fss?st=eXcN7b6AlGeSg11bvZJSMse3qo_q7nRhf2SI35DiiJ8&ts=1721223046&e=0"]},{"title":"3 izbový byt, KAPITÁNA NÁLEPKU, KOŠICE - Staré Mesto, 69m2+LO, DIZAJNOVÝ- KOMPLETNE PREROBENÝ","address":"Kapitána Nálepku, Košice I - Staré Mesto, okres Košice","rooms":3,"meters":69,"totalPrice":225000,"meterSquarePrice":7,"link":"https://www.nehnutelnosti.sk/detail/JuGB_ZYHG8t/3-izbovy-byt-kapitana-nalepku-kosice-stare-mesto-69m2-lo-dizajnovy-kompletne-prerobeny","imagesUrls":["https://img.nehnutelnosti.sk/foto/NjAweDMzOC9maWx0ZXJzOnF1YWxpdHkoMTAwKS9uZWg=/x4qb7xUwh_fss?st=hbgZ38cRThxaJpCKqjsn26x_d2TclDFbSIqfxc3vLIo&ts=1723023933&e=0"]},{"title":"NOVOSTAVBA - zariadený 2 izbový byt, 50m2+28m2 terasa, Bukovecká, Košice - nad Jazerom","address":"Bukovecká, Košice IV - Nad jazerom, okres Košice","rooms":2,"meters":50,"totalPrice":219900,"meterSquarePrice":8,"link":"https://www.nehnutelnosti.sk/detail/Ju6W9qlZEg1/novostavba-zariadeny-2-izbovy-byt-50m2-28m2-terasa-bukovecka-kosice-nad-jazerom","imagesUrls":["https://img.nehnutelnosti.sk/foto/NjAweDMzOC9maWx0ZXJzOnF1YWxpdHkoMTAwKS9uZWg=/dl1V-VJG0_fss?st=46hy8Zkwot9Zxyn2stSMwQVEl-n3w-2E0TCbRKnxvZ4&ts=1718803315&e=0"]},{"title":"Predaj 3 izbový tehlový byt, Košice-SEVER, ul. Tolstého.","address":"Tolstého, Košice I - Sever, okres Košice","rooms":3,"meters":60,"totalPrice":185000,"meterSquarePrice":3,"link":"https://www.nehnutelnosti.sk/detail/Ju4U5UQy2UM/predaj-3-izbovy-tehlovy-byt-kosice-sever-ul-tolsteho","imagesUrls":["https://img.nehnutelnosti.sk/foto/NjAweDMzOC9maWx0ZXJzOnF1YWxpdHkoMTAwKS9uZWg=/_NGAN9t6g_fss?st=fU0fyJHxfaPQeiHwq2e_W4lE4ulbGP6xbqfek-hK5Sc&ts=1718377262&e=0"]},{"title":"3 izbový mezonet pri Dóme, 127 m2 Košice,Hlavná","address":"Hlavná, Košice I - Staré Mesto, okres Košice","rooms":3,"meters":127,"totalPrice":305900,"meterSquarePrice":6,"link":"https://www.nehnutelnosti.sk/detail/JuCMLwdgxBS/3-izbovy-mezonet-pri-dome-127-m2-kosice-hlavna","imagesUrls":["https://img.nehnutelnosti.sk/foto/NjAweDMzOC9maWx0ZXJzOnF1YWxpdHkoMTAwKS9uZWg=/3wKK0MzEm_fss?st=dgajcdIB4xRIUi3gKRADWIjH9QlE80BlJPZNOjotDSA&ts=1718219464&e=0"]},{"title":"Na Predaj: 3 izbový byt, Kováčska, Košice - Staré Mesto","address":"Kováčska, Košice I - Staré Mesto, okres Košice","rooms":3,"meters":93,"totalPrice":269000,"meterSquarePrice":7,"link":"https://www.nehnutelnosti.sk/detail/Ju6TeQWt3FL/na-predaj-3-izbovy-byt-kovacska-kosice-stare-mesto","imagesUrls":["https://img.nehnutelnosti.sk/foto/NjAweDMzOC9maWx0ZXJzOnF1YWxpdHkoMTAwKS9uZWg=/9wW3OnReC_fss?st=xoxDL5nEVWDy_tsy47DOeO_S-qhssr7Ku91jm1e2QI8&ts=1708513309&e=0"]},{"title":"3 - izbový byt na Buzuluckej ulici v Košiciach","address":"Buzulucká, Košice III - Dargovských Hrdinov, okres Košice","rooms":3,"meters":65,"totalPrice":149000,"meterSquarePrice":1,"link":"https://www.nehnutelnosti.sk/detail/JulMVAtVgDt/3-izbovy-byt-na-buzuluckej-ulici-v-kosiciach","imagesUrls":["https://img.nehnutelnosti.sk/foto/NjAweDMzOC9maWx0ZXJzOnF1YWxpdHkoMTAwKS9uZWg=/hkGaryx5Qf_fss?st=a76nzNNqO1K-xrpkp41XJOYMFxLUZG7tTrLApd7YtTs&ts=1708470180&e=0"]},{"title":"Ponúkame na predaj 3-izbový byt v Brezne","address":"Černákova, Brezno, okres Brezno","rooms":3,"meters":70,"totalPrice":null,"meterSquarePrice":null,"link":"https://www.nehnutelnosti.sk/detail/JuX_z1TtxH_/ponukame-na-predaj-3-izbovy-byt-v-brezne","imagesUrls":["https://img.unitedclassifieds.sk/foto/NjAweDMzOC9maWx0ZXJzOnF1YWxpdHkoMTAwKS9qdWw=/qLSm5GFh4_fss?st=tYWspfGCU36F8fRPUk1OdITTaJOQt_g_D07D4CQO_Cw&ts=1725973995&e=0"]},{"title":"Predaj 2 izbový byt, zariadený, loggia, Klokočina","address":"Nitra, okres Nitra","rooms":2,"meters":54,"totalPrice":129990,"meterSquarePrice":2,"link":"https://www.nehnutelnosti.sk/detail/JuuJjybEtVc/predaj-2-izbovy-byt-zariadeny-loggia-klokocina","imagesUrls":["https://img.nehnutelnosti.sk/foto/NjAweDMzOC9maWx0ZXJzOnF1YWxpdHkoMTAwKS9uZWg=/LtvRpKcLs_fss?st=A0onSCqtrJF_5KVJjrTZoCZza20EjZ41tt2lOWyM6Rc&ts=1726144164&e=0"]},{"title":"PREDAJ 2-izb.byt, 2 balkóny, 2 veľké park. miesta rovno pred vchodom, 2 výťahy (1 nákladný)","address":"P.Jilemnického, Svit, okres Poprad","rooms":2,"meters":55,"totalPrice":124900,"meterSquarePrice":1,"link":"https://www.nehnutelnosti.sk/detail/JuAdo-2k6zZ/predaj-2-izb-byt-2-balkony-2-velke-park-miesta-rovno-pred-vchodom-2-vytahy-1-nakladny","imagesUrls":["https://img.nehnutelnosti.sk/foto/NjAweDMzOC9maWx0ZXJzOnF1YWxpdHkoMTAwKS9uZWg=/5URfwViYvA_fss?st=cLFJhCuDo5EHhUXNmVQA2sE4xOZGWRGtzr4q5G-R3CQ&ts=1726573257&e=0"]},{"title":"PREDAJ 5-izbový dvojgeneračný byt s dvoma balkónmi, Štúrova ul. Poprad","address":"Štúrova, Poprad, okres Poprad","rooms":5,"meters":104,"totalPrice":189900,"meterSquarePrice":6,"link":"https://www.nehnutelnosti.sk/detail/Ju2lBxzU6zQ/predaj-5-izbovy-dvojgeneracny-byt-s-dvoma-balkonmi-sturova-ul-poprad","imagesUrls":["https://img.nehnutelnosti.sk/foto/NjAweDMzOC9maWx0ZXJzOnF1YWxpdHkoMTAwKS9uZWg=/YCRgru4QI_fss?st=VZpwyZ2nU2r_JWbwErI1Ma0XomLqAzwXt_L6IlDXQm0&ts=1726573259&e=0"]},{"title":"Na PREDAJ  2 izbový byt v novostavbe Moruše","address":"Ivanská cesta, Bratislava II - Ružinov, okres Bratislava","rooms":2,"meters":76,"totalPrice":186000,"meterSquarePrice":7,"link":"https://www.nehnutelnosti.sk/detail/Ju8S8Gl2_Yt/na-predaj-2-izbovy-byt-v-novostavbe-moruse","imagesUrls":["https://img.nehnutelnosti.sk/foto/NjAweDMzOC9maWx0ZXJzOnF1YWxpdHkoMTAwKS9uZWg=/WAspwtpym_fss?st=CRudI1NsBgMbDlfO9xws7d_BVhhcv06fJT4TW7X4Rx4&ts=1726925548&e=0"]},{"title":"Predáme veľký zariadený 1-izb. byt v Seredi","address":"Dolnomajerská, Sereď, okres Galanta","rooms":1,"meters":39,"totalPrice":86900,"meterSquarePrice":2,"link":"https://www.nehnutelnosti.sk/detail/JuifpmA8oqI/predame-velky-zariadeny-1-izb-byt-v-seredi","imagesUrls":["https://img.nehnutelnosti.sk/foto/NjAweDMzOC9maWx0ZXJzOnF1YWxpdHkoMTAwKS9uZWg=/tDNkxJAeLM_fss?st=omGWrz_cv9GD9I_ipuqp1kklO3_XRrwt_HKG7X4Nalg&ts=1726578680&e=0"]},{"title":"ZAČIATOK NOVÉHO - 4 IZBOVÝ-  KVALITNY - SVETLÝ - PRÍJEMNÝ ....TVOJ DOMOV...","address":"Martinengova, Bratislava I - Staré Mesto, okres Bratislava","rooms":4,"meters":100,"totalPrice":408000,"meterSquarePrice":0,"link":"https://www.nehnutelnosti.sk/detail/Ju12BPXp_LO/zaciatok-noveho-4-izbovy-kvalitny-svetly-prijemny-tvoj-domov","imagesUrls":["https://img.nehnutelnosti.sk/foto/NjAweDMzOC9maWx0ZXJzOnF1YWxpdHkoMTAwKS9uZWg=/VvvcM_1M2J_fss?st=jLPsaoVe6bXQvscMaeOc12qSCzYGqWBBY_aqUshJU4w&ts=1726573148&e=0"]},{"title":"Predaj priestranného 1-izbového bytu, ul.Bystrická cesta, Ružomberok","address":"Bystrická cesta, Ružomberok, okres Ružomberok","rooms":1,"meters":37,"totalPrice":75000,"meterSquarePrice":3,"link":"https://www.nehnutelnosti.sk/detail/Jup-AomAkLj/predaj-priestranneho-1-izboveho-bytu-ul-bystricka-cesta-ruzomberok","imagesUrls":["https://img.unitedclassifieds.sk/foto/NjAweDMzOC9maWx0ZXJzOnF1YWxpdHkoMTAwKS9qdWw=/utVzRbE3u_fss?st=5oxLhkIV8mCqXfKAKurfJXEAke9Pg-uZImd-SD4L9T8&ts=1725385402&e=0"]},{"title":"Prenájom nadštand. apartmánu v historickom centre Ružomberka","address":"Podhora, Ružomberok, okres Ružomberok","rooms":2,"meters":85,"totalPrice":600,"meterSquarePrice":6,"link":"https://www.nehnutelnosti.sk/detail/JueoKw31uQi/prenajom-nadstand-apartmanu-v-historickom-centre-ruzomberka","imagesUrls":["https://img.unitedclassifieds.sk/foto/NjAweDMzOC9maWx0ZXJzOnF1YWxpdHkoMTAwKS9qdWw=/wLkYZ128b_fss?st=nK7XLSRMtl3LlhvWk1HcPqg7uOBoV8zIYU96fqVRujQ&ts=1718973516&e=0"]},{"title":"Moderný , príjemný byt","address":"Andovská, Nové Zámky, okres Nové Zámky","rooms":2,"meters":69,"totalPrice":137999,"meterSquarePrice":0,"link":"https://www.nehnutelnosti.sk/detail/Ju52wiMLjAu/moderny-prijemny-byt","imagesUrls":["https://img.unitedclassifieds.sk/foto/NjAweDMzOC9maWx0ZXJzOnF1YWxpdHkoMTAwKS9qdWw=/1JpN7hBSB_fss?st=iRBXjmLg42o9IWkLsQlqiHovctPD6UwfGlLLJML6abY&ts=1726572520&e=0"]}]