[{"title":"FIVE STAR RESIDENCE, dva 2-i byty, 68m2 - VÝNIMOČNÉ veľkometrážne byty","address":"Námestie slobody, Bratislava I - Staré Mesto, okres Bratislava","rooms":2,"meters":68,"totalPrice":312000,"meterSquarePrice":4,"link":"https://www.nehnutelnosti.sk/detail/Judin8YQ6eN/five-star-residence-dva-2-i-byty-68m2-vynimocne-velkometrazne-byty","imagesUrls":["https://img.nehnutelnosti.sk/foto/NjAweDMzOC9maWx0ZXJzOnF1YWxpdHkoMTAwKS9uZWg=/Ha5l4f2-B_fss?st=mtIuZDwGde1E9GO4nMXmWUMqsr91tJZ4fkM7bZe43Ik&ts=1721162043&e=0"]},{"title":"FIVE STAR RESIDENCE, 2-i byt, 68 m2, 7.p.- VÝNIMOČNÝ veľkometrážny byt","address":"Námestie slobody, Bratislava I - Staré Mesto, okres Bratislava","rooms":2,"meters":68,"totalPrice":312000,"meterSquarePrice":4,"link":"https://www.nehnutelnosti.sk/detail/Ju3Mn3EnBxj/five-star-residence-2-i-byt-68-m2-7-p-vynimocny-velkometrazny-byt","imagesUrls":["https://img.nehnutelnosti.sk/foto/NjAweDMzOC9maWx0ZXJzOnF1YWxpdHkoMTAwKS9uZWg=/drETLX8R1z_fss?st=GgJx1UQ1vCmASNoAkEeeY76GflRceG5kb_OxXfk056E&ts=1721162033&e=0"]},{"title":"Predaj, 4-izb. byt vo VÝBORNEJ CENE, Západ, Michalovce, 135.000 €","address":"Štefánikova, Michalovce, okres Michalovce","rooms":4,"meters":76,"totalPrice":135000,"meterSquarePrice":2,"link":"https://www.nehnutelnosti.sk/detail/Ju5C16NLRjH/predaj-4-izb-byt-vo-vybornej-cene-zapad-michalovce-135-000","imagesUrls":["https://img.unitedclassifieds.sk/foto/NjAweDMzOC9maWx0ZXJzOnF1YWxpdHkoMTAwKS9yc2Y=/CqYSUH-zF_fss?st=mC7Et9MMvcYBw4iCdMHuRlzlEoA45Hw7cr30xSwZD_o&ts=1662391447&e=0"]},{"title":"Predaj, 3-izb. byt v lukratívnej lokalite, Saleziánov, Michalovce","address":"Salezianov, Michalovce, okres Michalovce","rooms":3,"meters":74,"totalPrice":null,"meterSquarePrice":null,"link":"https://www.nehnutelnosti.sk/detail/JuQJ8arlBlH/predaj-3-izb-byt-v-lukrativnej-lokalite-salezianov-michalovce","imagesUrls":["https://img.unitedclassifieds.sk/foto/NjAweDMzOC9maWx0ZXJzOnF1YWxpdHkoMTAwKS9yc2Y=/bSP-zQP8n_fss?st=YzJ-RxkB2hc28E8CC9pozIeENnQRVM0WdOMf9oO5L0Y&ts=1658407331&e=0"]},{"title":"Predaj, 4-izb. byt, balkón, Michalovce","address":"Jána Hollého, Michalovce, okres Michalovce","rooms":4,"meters":80,"totalPrice":null,"meterSquarePrice":null,"link":"https://www.nehnutelnosti.sk/detail/JuU_Pubpwqo/predaj-4-izb-byt-balkon-michalovce","imagesUrls":["https://img.unitedclassifieds.sk/foto/NjAweDMzOC9maWx0ZXJzOnF1YWxpdHkoMTAwKS9yc2Y=/TcSI-kQbz_fss?st=J8I2x3GxtUDKAPvc18KAQOeclYmLQ-PLpIcQmQZqPkQ&ts=1651604705&e=0"]},{"title":"VŠETKO NOVÉ - 2 izbový byt s balkónom, J. Murgaša, Michalovce, 109.990 €","address":"J. Murgaša, Michalovce, okres Michalovce","rooms":2,"meters":50,"totalPrice":109990,"meterSquarePrice":0,"link":"https://www.nehnutelnosti.sk/detail/Juk6HA_3xVf/vsetko-nove-2-izbovy-byt-s-balkonom-j-murgasa-michalovce-109-990","imagesUrls":["https://img.unitedclassifieds.sk/foto/NjAweDMzOC9maWx0ZXJzOnF1YWxpdHkoMTAwKS9yc2Y=/hiO1pBe8t_fss?st=xW0o9RZ8a4N13KSGkWHlLokUmpY4vp-hhI_eUg6v8PE&ts=1685020806&e=0"]},{"title":"Predaj, ZARIADENÝ nadštandardný mezonetový byt, 125 m2, Michalovce, 199.000 €","address":"Bieloruská, Michalovce, okres Michalovce","rooms":4,"meters":125,"totalPrice":199000,"meterSquarePrice":2,"link":"https://www.nehnutelnosti.sk/detail/Juw6if9bCo-/predaj-zariadeny-nadstandardny-mezonetovy-byt-125-m2-michalovce-199-000","imagesUrls":["https://img.unitedclassifieds.sk/foto/NjAweDMzOC9maWx0ZXJzOnF1YWxpdHkoMTAwKS9yc2Y=/PZrTU8Gvk_fss?st=mr9s2caTgyfdktTFz7ADMHf7tYZfB9Jr7yRPoIbAMA0&ts=1668451575&e=0"]},{"title":"Predaj, 1 izbový byt, balkón, Michalovce","address":"Michalovce, okres Michalovce","rooms":1,"meters":38,"totalPrice":65000,"meterSquarePrice":3,"link":"https://www.nehnutelnosti.sk/detail/Juk8DYRVorc/predaj-1-izbovy-byt-balkon-michalovce","imagesUrls":["https://img.unitedclassifieds.sk/foto/NjAweDMzOC9maWx0ZXJzOnF1YWxpdHkoMTAwKS9qdWw=/xZpP4duQX_fss?st=rhNeubsucjBcPx8HWNrJJGqYxRaxC4N-WJ1pxXgZtLY&ts=1704188357&e=0"]},{"title":"Predaj, luxusný apartmán na Šírave","address":"Vinné, okres Michalovce","rooms":null,"meters":120,"totalPrice":380000,"meterSquarePrice":7,"link":"https://www.nehnutelnosti.sk/detail/Juj9KqRP4B1/predaj-luxusny-apartman-na-sirave","imagesUrls":["https://img.unitedclassifieds.sk/foto/NjAweDMzOC9maWx0ZXJzOnF1YWxpdHkoMTAwKS9qdWw=/7ORBJyPYK_fss?st=U3zmT1QAyPcBiIhAGan3xrxEXY4eTdGIvoAUbZEj7mU&ts=1695635804&e=0"]},{"title":"Predaj, 2-izb. byt s balkónom, Stráňany, Michalovce","address":"Nad Laborcom, Michalovce, okres Michalovce","rooms":2,"meters":49,"totalPrice":73000,"meterSquarePrice":0,"link":"https://www.nehnutelnosti.sk/detail/Juq_38KBUW0/predaj-2-izb-byt-s-balkonom-stranany-michalovce","imagesUrls":["https://img.unitedclassifieds.sk/foto/NjAweDMzOC9maWx0ZXJzOnF1YWxpdHkoMTAwKS9yc2Y=/OCDPLDLKc_fss?st=NwJ-YnwqGIMgrrWl3UzE876s8HALaoJAaVIcndlPHHQ&ts=1665750496&e=0"]},{"title":"Predaj, 2 izb. byt po kompletnej rekonštrukcii pri centre Michaloviec","address":"Prof. Hlaváča, Michalovce, okres Michalovce","rooms":2,"meters":54,"totalPrice":109000,"meterSquarePrice":2,"link":"https://www.nehnutelnosti.sk/detail/JuJuuMK7hX5A/predaj-2-izb-byt-po-kompletnej-rekonstrukcii-pri-centre-michaloviec","imagesUrls":["https://img.unitedclassifieds.sk/foto/NjAweDMzOC9maWx0ZXJzOnF1YWxpdHkoMTAwKS9yc2Y=/asUPtUNzX_fss?st=4G-DqvMCRz-775ilYYMENp4aBS7cdgOTIoWRQE6RMZQ&ts=1686597484&e=0"]},{"title":"Predaj, 3-izb. byt s balkónom v lukratívnej lokalite Michaloviec","address":"Štefánikova, Michalovce, okres Michalovce","rooms":3,"meters":74,"totalPrice":147000,"meterSquarePrice":9,"link":"https://www.nehnutelnosti.sk/detail/Ju7iIoANhkn/predaj-3-izb-byt-s-balkonom-v-lukrativnej-lokalite-michaloviec","imagesUrls":["https://img.unitedclassifieds.sk/foto/NjAweDMzOC9maWx0ZXJzOnF1YWxpdHkoMTAwKS9yc2Y=/cx5qWprGN_fss?st=iDBJlq8hLAUvWZgn-Aw5N82auKRhXG-DjUCFMjk6_LQ&ts=1679410338&e=0"]},{"title":"ZĽAVA !!! Predaj, 4-izb. byt, balkón, Masarykova, Michalovce","address":"Masarykova, Michalovce, okres Michalovce","rooms":4,"meters":79,"totalPrice":103000,"meterSquarePrice":0,"link":"https://www.nehnutelnosti.sk/detail/Ju1i9BNErkG/zlava-predaj-4-izb-byt-balkon-masarykova-michalovce","imagesUrls":["https://img.unitedclassifieds.sk/foto/NjAweDMzOC9maWx0ZXJzOnF1YWxpdHkoMTAwKS9yc2Y=/iKh0THW-Y_fss?st=ZvoU3lW6jjlz6jk6PUaWuNQnR5RA_gqAI4xfelLg9Qk&ts=1672757499&e=0"]},{"title":"Predaj 3 izbového bytu s balkónom a klimatizáciou, Michalovce","address":"Michalovce, okres Michalovce","rooms":3,"meters":74,"totalPrice":94990,"meterSquarePrice":5,"link":"https://www.nehnutelnosti.sk/detail/JuQ9qC7XQrR/predaj-3-izboveho-bytu-s-balkonom-a-klimatizaciou-michalovce","imagesUrls":["https://img.unitedclassifieds.sk/foto/NjAweDMzOC9maWx0ZXJzOnF1YWxpdHkoMTAwKS9qdWw=/UQsOU4hCt_fss?st=s9WtHrP2bUEt_wzhegIcrwN6_HMmAMI-5J8UOC927WM&ts=1711374915&e=0"]},{"title":"3 izbový  byt, Strážske","address":"Mierova, Strážske, okres Michalovce","rooms":3,"meters":66,"totalPrice":81900,"meterSquarePrice":1,"link":"https://www.nehnutelnosti.sk/detail/JuAu0VPzpiF/3-izbovy-byt-strazske","imagesUrls":["https://img.unitedclassifieds.sk/foto/NjAweDMzOC9maWx0ZXJzOnF1YWxpdHkoMTAwKS9qdWw=/p0Kja3Lix_fss?st=Fs17KlIXbiXDzWnoE1bmviXGG3QXOx6pDCItZ90BWXI&ts=1706624815&e=0"]},{"title":"Predaj, chalety priamo pri Thermalparku, Šírava, Michalovce","address":"Kaluža, okres Michalovce","rooms":null,"meters":52,"totalPrice":210000,"meterSquarePrice":6,"link":"https://www.nehnutelnosti.sk/detail/JuzxR1pqK5c/predaj-chalety-priamo-pri-thermalparku-sirava-michalovce","imagesUrls":["https://img.unitedclassifieds.sk/foto/NjAweDMzOC9maWx0ZXJzOnF1YWxpdHkoMTAwKS9qdWw=/2N4wy3LRg_fss?st=fikgHE5-vVK_RvMDzPPA0CXGVaDvwlph0fTGxFfLE9I&ts=1696084056&e=0"]},{"title":"Pekný 1 izbový byt s balkónom","address":"Tulipánová, Michalovce, okres Michalovce","rooms":1,"meters":36,"totalPrice":68900,"meterSquarePrice":9,"link":"https://www.nehnutelnosti.sk/detail/JuVFCamovhM/pekny-1-izbovy-byt-s-balkonom","imagesUrls":["https://img.unitedclassifieds.sk/foto/NjAweDMzOC9maWx0ZXJzOnF1YWxpdHkoMTAwKS9qdWw=/mTqqLt_2k_fss?st=rhayvuc-jSmdPFzwvq4aSDoXxldh7zWdDAKd6EcDP60&ts=1717662698&e=0"]},{"title":"Predaj, 1-izb. tehlový byt s balkónom, Strážske","address":"Okružná, Strážske, okres Michalovce","rooms":1,"meters":35,"totalPrice":null,"meterSquarePrice":null,"link":"https://www.nehnutelnosti.sk/detail/Ju8VZ61M29u/predaj-1-izb-tehlovy-byt-s-balkonom-strazske","imagesUrls":["https://img.unitedclassifieds.sk/foto/NjAweDMzOC9maWx0ZXJzOnF1YWxpdHkoMTAwKS9qdWw=/lucou2Ey6_fss?st=2cnvf5ZaOfWjiccaU4tVBJwcXhtEF-aF2gU_RGGHiy8&ts=1712653999&e=0"]},{"title":"3 izbový byt s loggiou, Východ, Michalovce","address":"Užhorodská, Michalovce, okres Michalovce","rooms":3,"meters":71,"totalPrice":87500,"meterSquarePrice":9,"link":"https://www.nehnutelnosti.sk/detail/JuU-R_bh3Xv/3-izbovy-byt-s-loggiou-vychod-michalovce","imagesUrls":["https://img.unitedclassifieds.sk/foto/NjAweDMzOC9maWx0ZXJzOnF1YWxpdHkoMTAwKS9qdWw=/tfIqqthb1_fss?st=tHBxkx9xLnViwEGG6t3yyqt1AYkgdnWYggXaqeeaclE&ts=1707325021&e=0"]},{"title":"Predaj 2 - izbového bytu s parkovacím miestom v novostavbe, Michalovce","address":"Okružná, Michalovce, okres Michalovce","rooms":2,"meters":53,"totalPrice":125000,"meterSquarePrice":9,"link":"https://www.nehnutelnosti.sk/detail/JuIt3no_A1d/predaj-2-izboveho-bytu-s-parkovacim-miestom-v-novostavbe-michalovce","imagesUrls":["https://img.unitedclassifieds.sk/foto/NjAweDMzOC9maWx0ZXJzOnF1YWxpdHkoMTAwKS9qdWw=/9fKDQD4Hy_fss?st=B_CZnARnhC-LNdC7a1Mux5zsWdZX_WCDU-DetZbzlVo&ts=1711034043&e=0"]},{"title":"Predaj - 2 izbový byt, Strážske","address":"Okružná, Strážske, okres Michalovce","rooms":2,"meters":48,"totalPrice":68000,"meterSquarePrice":7,"link":"https://www.nehnutelnosti.sk/detail/JuhXYAIK1gq/predaj-2-izbovy-byt-strazske","imagesUrls":["https://img.unitedclassifieds.sk/foto/NjAweDMzOC9maWx0ZXJzOnF1YWxpdHkoMTAwKS9qdWw=/T1FOf6rBp_fss?st=NbJ8paOUj8nu6Qd8MGlgr2jPz3yEbAArDS-edxdY6Jk&ts=1701959881&e=0"]},{"title":"ZNÍŽENÁ CENA - Predaj 3 izbového bytu s balkónom","address":"Ružová, Michalovce, okres Michalovce","rooms":3,"meters":73,"totalPrice":109990,"meterSquarePrice":1,"link":"https://www.nehnutelnosti.sk/detail/JuSZ3TT2D_C/znizena-cena-predaj-3-izboveho-bytu-s-balkonom","imagesUrls":["https://img.unitedclassifieds.sk/foto/NjAweDMzOC9maWx0ZXJzOnF1YWxpdHkoMTAwKS9qdWw=/dKwEJk04Z_fss?st=ZLTNCUhPozwrybF9R5QxDFMW8wFFH0bDrSGFzDSdIfc&ts=1711358857&e=0"]},{"title":"Predaj 3 izbového bytu s lodžiou vo vyhľadávanej lokalite","address":"Jána Švermu, Michalovce, okres Michalovce","rooms":3,"meters":67,"totalPrice":109500,"meterSquarePrice":3,"link":"https://www.nehnutelnosti.sk/detail/JuTaMq75wym/predaj-3-izboveho-bytu-s-lodziou-vo-vyhladavanej-lokalite","imagesUrls":["https://img.unitedclassifieds.sk/foto/NjAweDMzOC9maWx0ZXJzOnF1YWxpdHkoMTAwKS9qdWw=/csKdeiFcx_fss?st=YgeVWko0gFbRgGf6QS5ZRHuU7h3VLwRKNjdd9hwE7yA&ts=1709373602&e=0"]},{"title":"Predaj 2 izbového bytu s balkónom","address":"J. Murgaša, Michalovce, okres Michalovce","rooms":2,"meters":51,"totalPrice":104900,"meterSquarePrice":6,"link":"https://www.nehnutelnosti.sk/detail/JuKqc4_MPdb/predaj-2-izboveho-bytu-s-balkonom","imagesUrls":["https://img.unitedclassifieds.sk/foto/NjAweDMzOC9maWx0ZXJzOnF1YWxpdHkoMTAwKS9qdWw=/XEbiFnTb7_fss?st=MiK3Mo7bfPjPIcqAcmWNb77c7fLKth94XpvrqOSawHM&ts=1708109408&e=0"]},{"title":"Predaj 3 izbový byt s balkónom, Kráľovský Chlmec, okr. Trebišov","address":"Z. Fábryho, Kráľovský Chlmec, okres Trebišov","rooms":3,"meters":72,"totalPrice":66500,"meterSquarePrice":1,"link":"https://www.nehnutelnosti.sk/detail/Juudb5prGbV/predaj-3-izbovy-byt-s-balkonom-kralovsky-chlmec-okr-trebisov","imagesUrls":["https://img.unitedclassifieds.sk/foto/NjAweDMzOC9maWx0ZXJzOnF1YWxpdHkoMTAwKS9qdWw=/UTI5L923F_fss?st=I6tlW_Z34HKmkwAuXeJT6Nb2b-srGpWxvW3bN0SQIH8&ts=1701944181&e=0"]},{"title":"Kompletne zrekonštruovaný 2 izbový byt s balkónom, Michalovce","address":"Michalovce, okres Michalovce","rooms":2,"meters":63,"totalPrice":117900,"meterSquarePrice":3,"link":"https://www.nehnutelnosti.sk/detail/JuDRDTc5riu/kompletne-zrekonstruovany-2-izbovy-byt-s-balkonom-michalovce","imagesUrls":["https://img.unitedclassifieds.sk/foto/NjAweDMzOC9maWx0ZXJzOnF1YWxpdHkoMTAwKS9qdWw=/3JA54NhO3_fss?st=b2S6PdXGxFWNuQZrqC5cH9W8B1LIKGRW9Kk3Rnq3q1o&ts=1708353441&e=0"]},{"title":"Priestranný 3 - izbový byt s loggiou","address":"Zvončeková, Michalovce, okres Michalovce","rooms":3,"meters":94,"totalPrice":148500,"meterSquarePrice":9,"link":"https://www.nehnutelnosti.sk/detail/JuXZX0gs3XI/priestranny-3-izbovy-byt-s-loggiou","imagesUrls":["https://img.unitedclassifieds.sk/foto/NjAweDMzOC9maWx0ZXJzOnF1YWxpdHkoMTAwKS9qdWw=/eYtuCElnZ_fss?st=k9plyN_cMyS8FuM1hxPRqM9aMIdnmWBjuMVS88Xt6bY&ts=1726836770&e=0"]},{"title":"Lacný 3-izb. byt s dvomi balkónmi, Čierna nad Tisou, iba 38.000 €","address":"Námestie pionierov, Čierna nad Tisou, okres Trebišov","rooms":3,"meters":67,"totalPrice":38000,"meterSquarePrice":6,"link":"https://www.nehnutelnosti.sk/detail/JuG2k6fA9cR/lacny-3-izb-byt-s-dvomi-balkonmi-cierna-nad-tisou-iba-38-000","imagesUrls":["https://img.unitedclassifieds.sk/foto/NjAweDMzOC9maWx0ZXJzOnF1YWxpdHkoMTAwKS9qdWw=/m3QFvtXKG_fss?st=Fc2snafq5_wdLqKvBnO28I1SBhoxfq0PWDz9Fj9UZfI&ts=1719668869&e=0"]},{"title":"Predaj 1 - izbového bytu s loggiou v novostavbe, Michalovce","address":"Zvončeková, Michalovce, okres Michalovce","rooms":1,"meters":44,"totalPrice":88000,"meterSquarePrice":0,"link":"https://www.nehnutelnosti.sk/detail/JuOvWW557ps/predaj-1-izboveho-bytu-s-loggiou-v-novostavbe-michalovce","imagesUrls":["https://img.unitedclassifieds.sk/foto/NjAweDMzOC9maWx0ZXJzOnF1YWxpdHkoMTAwKS9qdWw=/vf5B98eQk_fss?st=y6WaagJ-dEyYB-lOU3F07-FCc0EI_jVs-rSMI46n7Zc&ts=1726842098&e=0"]},{"title":"Predaj 3 - izbového bytu s balkónom","address":"SNP, Sečovce, okres Trebišov","rooms":3,"meters":70,"totalPrice":83000,"meterSquarePrice":1,"link":"https://www.nehnutelnosti.sk/detail/Ju-K87BEkhb/predaj-3-izboveho-bytu-s-balkonom","imagesUrls":["https://img.unitedclassifieds.sk/foto/NjAweDMzOC9maWx0ZXJzOnF1YWxpdHkoMTAwKS9qdWw=/6gXjRuxCU_fss?st=PnXpFm7OHbD2qU6dWH5fDac_Bz4b1jpWFP_XTqdmakg&ts=1726822504&e=0"]}]