[{"title":"NA PREDAJ 2-IZBOVÝ BYT V NOVEJ DUBNICI S VÝMEROU 61 M2.","address":"Nová Dubnica, okres Ilava","rooms":2,"meters":61,"totalPrice":98000,"meterSquarePrice":6,"link":"https://www.nehnutelnosti.sk/detail/Judw2nmmAzDB/na-predaj-2-izbovy-byt-v-novej-dubnici-s-vymerou-61-m2","imagesUrls":["https://img.nehnutelnosti.sk/foto/NjAweDMzOC9maWx0ZXJzOnF1YWxpdHkoMTAwKS9uZWg=/x2YaMNBXy_fss?st=xdj4IsmsJ3NlTukVgD7AP8IGwta-l796-O3LI2-NLh8&ts=1717599224&e=0"]},{"title":"Na PREDAJ jednoizbový byt /36 m2/na Rúbanisku II v Lučenci.","address":"Lučenec, okres Lučenec","rooms":1,"meters":36,"totalPrice":42050,"meterSquarePrice":6,"link":"https://www.nehnutelnosti.sk/detail/JuFKQu02uQ0/na-predaj-jednoizbovy-byt-36-m2-na-rubanisku-ii-v-lucenci","imagesUrls":["https://img.nehnutelnosti.sk/foto/NjAweDMzOC9maWx0ZXJzOnF1YWxpdHkoMTAwKS9uZWg=/vIJAyfh8M_fss?st=X4i91nVgjJCir689BQXyOIc89s0RQYW1LIDUkQiXiuU&ts=1707474896&e=0"]},{"title":"Rezervovaný!\nTUreality ponúka pekný 2i byt s predzáhradkou v Ružinove, Hrachová ul, 55 + 107m2.","address":"Bratislava II - Ružinov, okres Bratislava","rooms":2,"meters":55,"totalPrice":235000,"meterSquarePrice":3,"link":"https://www.nehnutelnosti.sk/detail/Ju3BJof2scT/rezervovany-tureality-ponuka-pekny-2i-byt-s-predzahradkou-v-ruzinove-hrachova-ul-55-107m2","imagesUrls":["https://img.nehnutelnosti.sk/foto/NjAweDMzOC9maWx0ZXJzOnF1YWxpdHkoMTAwKS9uZWg=/e9-e_-9LNf_fss?st=r3oG3_vtQqrXQDOoPXV9yKNMrn4B7XVxzEs6b5JHcZ4&ts=1718875109&e=0"]},{"title":"Na predaj zachovalý 3 izbový byt 72 m2 v pôvodnom stave Partizánske","address":"Partizánske, okres Partizánske","rooms":3,"meters":72,"totalPrice":83000,"meterSquarePrice":8,"link":"https://www.nehnutelnosti.sk/detail/JuEkiK3cdOr/na-predaj-zachovaly-3-izbovy-byt-72-m2-v-povodnom-stave-partizanske","imagesUrls":["https://img.nehnutelnosti.sk/foto/NjAweDMzOC9maWx0ZXJzOnF1YWxpdHkoMTAwKS9uZWg=/lq4lZCSmC_fss?st=-JpSJDcldm-twCFgAVleo9omsbcGErfAkt-VHA0KXSU&ts=1717599221&e=0"]},{"title":"Veľký 3-izbový byt s loggiou na sídlisku JUH, Nové Zámky – 78,57m2","address":"Nové Zámky, okres Nové Zámky","rooms":3,"meters":78,"totalPrice":113000,"meterSquarePrice":1,"link":"https://www.nehnutelnosti.sk/detail/Ju24qQLxnjp/velky-3-izbovy-byt-s-loggiou-na-sidlisku-juh-nove-zamky-78-57m2","imagesUrls":["https://img.nehnutelnosti.sk/foto/NjAweDMzOC9maWx0ZXJzOnF1YWxpdHkoMTAwKS9uZWg=/pmCpvR1g7e_fss?st=3io9x3dcd2dIIlNlQErqs2lulRPJLkLtvPb39xZfkBA&ts=1718521207&e=0"]},{"title":"TUreality ponúka na predaj veľký mezonetový byt v centre Topoľčian, 230m2","address":"Topoľčany, okres Topoľčany","rooms":4,"meters":230,"totalPrice":null,"meterSquarePrice":null,"link":"https://www.nehnutelnosti.sk/detail/Jui89x1gfbg/tureality-ponuka-na-predaj-velky-mezonetovy-byt-v-centre-topolcian-230m2","imagesUrls":["https://img.nehnutelnosti.sk/foto/NjAweDMzOC9maWx0ZXJzOnF1YWxpdHkoMTAwKS9uZWg=/WeFNJ8I1y_fss?st=z2yf1ZcWCZN2kXQqB4TCIQUGaIdQuKWPXSOZnZpEs9I&ts=1726476278&e=0"]},{"title":"NA PREDAJ 3-IZBOVÝ BYT 68 M2 V DUBNICI NAD VÁHOM NA PARTIZÁNSKEJ.","address":"Dubnica nad Váhom, okres Ilava","rooms":3,"meters":68,"totalPrice":112990,"meterSquarePrice":2,"link":"https://www.nehnutelnosti.sk/detail/JuSV-l00Mra/na-predaj-3-izbovy-byt-68-m2-v-dubnici-nad-vahom-na-partizanskej","imagesUrls":["https://img.nehnutelnosti.sk/foto/NjAweDMzOC9maWx0ZXJzOnF1YWxpdHkoMTAwKS9uZWg=/ldkTxfTcR_fss?st=03kPZMCdWbVCrJ1oGpzNzHIc6-EtQQBdUFWACCuIIyI&ts=1717599212&e=0"]},{"title":"Na predaj krásny, slnečný 3i byt  v rezidenčnom bytovom komplexe III Veže, na Bajkalskej ulici, 75,2","address":"Bratislava III - Nové Mesto, okres Bratislava","rooms":3,"meters":75,"totalPrice":328000,"meterSquarePrice":7,"link":"https://www.nehnutelnosti.sk/detail/Juz3ehbkuOG/na-predaj-krasny-slnecny-3i-byt-v-rezidencnom-bytovom-komplexe-iii-veze-na-bajkalskej-ulici-75-2","imagesUrls":["https://img.nehnutelnosti.sk/foto/NjAweDMzOC9maWx0ZXJzOnF1YWxpdHkoMTAwKS9uZWg=/QCYrUQ3eM_fss?st=8J_JFYYAkyLEDrKJrp0bEZqQKo96CaZjocOHpoBL3a0&ts=1717589231&e=0"]},{"title":"NA PREDAJ PEKNÝ 2-IZBOVÝ BYT V NOVEJ DUBNICI S VÝMEROU 53 M2 S BALKÓNOM.","address":"Nová Dubnica, okres Ilava","rooms":2,"meters":53,"totalPrice":118000,"meterSquarePrice":2,"link":"https://www.nehnutelnosti.sk/detail/Ju41SyBi3pO/na-predaj-pekny-2-izbovy-byt-v-novej-dubnici-s-vymerou-53-m2-s-balkonom","imagesUrls":["https://img.nehnutelnosti.sk/foto/NjAweDMzOC9maWx0ZXJzOnF1YWxpdHkoMTAwKS9uZWg=/7wamKwBkm_fss?st=BRkcWqwMQJG8ZisnG6CU6ZE-62HoOurNcl8MKGDk7Aw&ts=1723506140&e=0"]},{"title":"!!!ZNÍŽENÁ CENA!!! Na predaj veľký 3 izbový byt 80 m2  Prievidza","address":"Prievidza, okres Prievidza","rooms":3,"meters":82,"totalPrice":89950,"meterSquarePrice":5,"link":"https://www.nehnutelnosti.sk/detail/JuYG7_vuXOL/znizena-cena-na-predaj-velky-3-izbovy-byt-80-m2-prievidza","imagesUrls":["https://img.nehnutelnosti.sk/foto/NjAweDMzOC9maWx0ZXJzOnF1YWxpdHkoMTAwKS9uZWg=/eHBQ2KLFr_fss?st=XsegdhtddbY3hGQALlLU7AfHk10Uf3jQSR1O1hVN9mk&ts=1717599834&e=0"]},{"title":"TUreality ponúka na predaj 2.izbový byt v Moldave nad Bodvou","address":"Moldava nad Bodvou, Košice okolie, okres Košice - okolie","rooms":2,"meters":60,"totalPrice":79000,"meterSquarePrice":7,"link":"https://www.nehnutelnosti.sk/detail/JutmsaKGSYK/tureality-ponuka-na-predaj-2-izbovy-byt-v-moldave-nad-bodvou","imagesUrls":["https://img.nehnutelnosti.sk/foto/NjAweDMzOC9maWx0ZXJzOnF1YWxpdHkoMTAwKS9uZWg=/dUVptEMaRw_fss?st=xjBzi_DK_IV34gdwsJmMIn90O_rBBCApmCFXWx1fuFg&ts=1706268570&e=0"]},{"title":"TUreality ponúka na predaj 1i byt v Detve o výmere 37 m² po kompletnej rekonštrukcii","address":"Detva, okres Detva","rooms":1,"meters":37,"totalPrice":74000,"meterSquarePrice":0,"link":"https://www.nehnutelnosti.sk/detail/Ju6sJq0Mr_R/tureality-ponuka-na-predaj-1i-byt-v-detve-o-vymere-37-m-po-kompletnej-rekonstrukcii","imagesUrls":["https://img.nehnutelnosti.sk/foto/NjAweDMzOC9maWx0ZXJzOnF1YWxpdHkoMTAwKS9uZWg=/dnX3NSfp2_fss?st=bSIERA7bdS2AxroOzLv_uC6hL6ZdWvH8hk6ZObt1aD0&ts=1718414945&e=0"]},{"title":"Rezervovaný! \nTUreality ponúka 3i byt v Petržalke, Hrobákova ul., 65m2.","address":"Bratislava V - Petržalka, okres Bratislava","rooms":3,"meters":65,"totalPrice":175000,"meterSquarePrice":1,"link":"https://www.nehnutelnosti.sk/detail/Ju0VxHfEDtR/rezervovany-tureality-ponuka-3i-byt-v-petrzalke-hrobakova-ul-65m2","imagesUrls":["https://img.nehnutelnosti.sk/foto/NjAweDMzOC9maWx0ZXJzOnF1YWxpdHkoMTAwKS9uZWg=/l1hdh6fpD_fss?st=6ktx6-ZKQ_Ge7V5OFNIaATwoP6EMAqPE6NpvTECg41A&ts=1726774608&e=0"]},{"title":"TUreality ponúka na predaj 3 izbový byt v okresnom meste Zvolen, 83 m2","address":"Zvolen, okres Zvolen","rooms":3,"meters":83,"totalPrice":139900,"meterSquarePrice":4,"link":"https://www.nehnutelnosti.sk/detail/JurF2FvTHC_F/tureality-ponuka-na-predaj-3-izbovy-byt-v-okresnom-meste-zvolen-83-m2","imagesUrls":["https://img.nehnutelnosti.sk/foto/NjAweDMzOC9maWx0ZXJzOnF1YWxpdHkoMTAwKS9uZWg=/ofPWprQmR_fss?st=TTIdjj1hA6xQPxAUo43NS_XPrdGIAsyzi2WGSyX3bYk&ts=1704191083&e=0"]},{"title":"Zrekonštruovaný,útulný, čiastočne zariadený 3 izb.byt 72m2, priamo v centre mesta","address":"Malacky, okres Malacky","rooms":3,"meters":72,"totalPrice":149900,"meterSquarePrice":4,"link":"https://www.nehnutelnosti.sk/detail/JuvzAtWHK1s/zrekonstruovany-utulny-ciastocne-zariadeny-3-izb-byt-72m2-priamo-v-centre-mesta","imagesUrls":["https://img.nehnutelnosti.sk/foto/NjAweDMzOC9maWx0ZXJzOnF1YWxpdHkoMTAwKS9uZWg=/pLIruQOGmF_fss?st=hFimOQQA5Hu9UtVPnU9lFLpOm81rzHKAQmtPzuVrGlQ&ts=1725975881&e=0"]},{"title":"Rezervovaný! \nTUreality ponúka 3i byt v Karlovej Vsi, Hlaváčikova ul., 63m2.","address":"Bratislava IV - Karlova Ves, okres Bratislava","rooms":3,"meters":63,"totalPrice":178000,"meterSquarePrice":0,"link":"https://www.nehnutelnosti.sk/detail/JuVJ8yL4vPQ/rezervovany-tureality-ponuka-3i-byt-v-karlovej-vsi-hlavacikova-ul-63m2","imagesUrls":["https://img.nehnutelnosti.sk/foto/NjAweDMzOC9maWx0ZXJzOnF1YWxpdHkoMTAwKS9uZWg=/Z8mFv861_x_fss?st=z8pLnOb0LY3Hz5--11U1mIr9I1QJYQNPimsJzgOK6a0&ts=1704021624&e=0"]},{"title":"REZERVOVANÉ!!!\nNa predaj 2 izbový byt 62 m2 v príjemnej časti  Veľkých Dvoran, okres Topoľčany","address":"Veľké Dvorany, okres Topoľčany","rooms":2,"meters":62,"totalPrice":59000,"meterSquarePrice":1,"link":"https://www.nehnutelnosti.sk/detail/JujINxIi2D3/rezervovane-na-predaj-2-izbovy-byt-62-m2-v-prijemnej-casti-velkych-dvoran-okres-topolcany","imagesUrls":["https://img.nehnutelnosti.sk/foto/NjAweDMzOC9maWx0ZXJzOnF1YWxpdHkoMTAwKS9uZWg=/VuXtGWkRx_fss?st=GMIgjS02X5VkZzXb60hf8GyOE6ZtSqkWI_C9hlH93YA&ts=1720082017&e=0"]},{"title":"2-IZBOVÝ BYT,STARÉ MESTO,NOVOSTAVBA,BALKÓN,58m2","address":"Bratislava I - Staré Mesto, okres Bratislava","rooms":2,"meters":58,"totalPrice":304980,"meterSquarePrice":8,"link":"https://www.nehnutelnosti.sk/detail/JuUBJSKjrVv/2-izbovy-byt-stare-mesto-novostavba-balkon-58m2","imagesUrls":["https://img.nehnutelnosti.sk/foto/NjAweDMzOC9maWx0ZXJzOnF1YWxpdHkoMTAwKS9uZWg=/6zenQ6nf5_fss?st=PuTR-Onzccwq-SVCuHrsYay_r8I-6WPAxlIFuqbuA-s&ts=1701268905&e=0"]},{"title":"Na predaj plne vybavený 3-izbový byt s terasou, Vysoké Tatry, 62 m2 + 35m2","address":"Vysoké Tatry, okres Poprad","rooms":3,"meters":62,"totalPrice":175000,"meterSquarePrice":8,"link":"https://www.nehnutelnosti.sk/detail/JuMSbOCHLmC/na-predaj-plne-vybaveny-3-izbovy-byt-s-terasou-vysoke-tatry-62-m2-35m2","imagesUrls":["https://img.nehnutelnosti.sk/foto/NjAweDMzOC9maWx0ZXJzOnF1YWxpdHkoMTAwKS9uZWg=/G0ejSZ4qy_fss?st=1HZp3hsWIFAfiMRNvqg1Hfv6GA_ERD9XV5JJyTJuEfk&ts=1724056482&e=0"]},{"title":"3 IZBOVÝ BYT POVAŽSKÝ BYSTRICA, 65M2","address":"Považská Bystrica, okres Považská Bystrica","rooms":3,"meters":65,"totalPrice":128000,"meterSquarePrice":3,"link":"https://www.nehnutelnosti.sk/detail/JuJp2sImJY7/3-izbovy-byt-povazsky-bystrica-65m2","imagesUrls":["https://img.nehnutelnosti.sk/foto/NjAweDMzOC9maWx0ZXJzOnF1YWxpdHkoMTAwKS9uZWg=/Km2zErand_fss?st=Lx70X5GyseVa3aJ17Ln_fYEMfZJcwmpenaFpf8IKpCU&ts=1720933608&e=0"]},{"title":"PREDANÉ! Veľký 3iz byt 83m2, sídl. J. Dalloša, Sládkovičovo","address":"Sládkovičovo, okres Galanta","rooms":3,"meters":83,"totalPrice":null,"meterSquarePrice":null,"link":"https://www.nehnutelnosti.sk/detail/JunFNjfESZ-2/predane-velky-3iz-byt-83m2-sidl-j-dallosa-sladkovicovo","imagesUrls":["https://img.nehnutelnosti.sk/foto/NjAweDMzOC9maWx0ZXJzOnF1YWxpdHkoMTAwKS9uZWg=/dtRDCMB-C_fss?st=KJAMM1_mBh1pdF9slO6i2QJ_6vBMNvsNGqQjy-gCwQ0&ts=1717865022&e=0"]},{"title":"Nadštandardný 4-izbový byt 129m2 so záhradou 231m2 + 2x obchodný priestor v centre, Nové Zámky","address":"Nové Zámky, okres Nové Zámky","rooms":4,"meters":129,"totalPrice":299900,"meterSquarePrice":5,"link":"https://www.nehnutelnosti.sk/detail/JudhJGZMMbJ/nadstandardny-4-izbovy-byt-129m2-so-zahradou-231m2-2x-obchodny-priestor-v-centre-nove-zamky","imagesUrls":["https://img.nehnutelnosti.sk/foto/NjAweDMzOC9maWx0ZXJzOnF1YWxpdHkoMTAwKS9uZWg=/4ACgXIg4iV_fss?st=o2CrzUb4RhOMxhCC-UOBJB0riwXeEi6c85S_Qhh0RSw&ts=1720573185&e=0"]},{"title":"NA PREDAJ 3-IZBOVÝ BYT V TN NA UL.ŠOLTÉSOVEJ 61M2 S BALKÓNOM.","address":"Trenčín, okres Trenčín","rooms":3,"meters":61,"totalPrice":150000,"meterSquarePrice":2,"link":"https://www.nehnutelnosti.sk/detail/JuaqmDCuj-6/na-predaj-3-izbovy-byt-v-tn-na-ul-soltesovej-61m2-s-balkonom","imagesUrls":["https://img.nehnutelnosti.sk/foto/NjAweDMzOC9maWx0ZXJzOnF1YWxpdHkoMTAwKS9uZWg=/4nNlWXRcj_fss?st=Str9zTeazd7xtblNio-CtXM9vCvNYroDOH17BT0d_HQ&ts=1717599182&e=0"]},{"title":"PREDAJ -> PRIESTRANNÝ mezonetový 5 izbový veľkometrážny BYT, VINOSADY, 153,29 m2","address":"Vinosady, okres Pezinok","rooms":5,"meters":153,"totalPrice":285000,"meterSquarePrice":2,"link":"https://www.nehnutelnosti.sk/detail/JuxQMyzgHSc/predaj-priestranny-mezonetovy-5-izbovy-velkometrazny-byt-vinosady-153-29-m2","imagesUrls":["https://img.nehnutelnosti.sk/foto/NjAweDMzOC9maWx0ZXJzOnF1YWxpdHkoMTAwKS9uZWg=/xkMU_Qmea_fss?st=rH66JSUwp4ybmXLsLnaE1iBNkpIX4erZ53qg_G46rh8&ts=1707247518&e=0"]},{"title":"TUreality ponúka na predaj 3 izbový byt s nádherným výhľadom, s balkónom 60 m2 Partizánske.","address":"Partizánske, okres Partizánske","rooms":3,"meters":60,"totalPrice":68990,"meterSquarePrice":3,"link":"https://www.nehnutelnosti.sk/detail/JurLsdN18Md/tureality-ponuka-na-predaj-3-izbovy-byt-s-nadhernym-vyhladom-s-balkonom-60-m2-partizanske","imagesUrls":["https://img.nehnutelnosti.sk/foto/NjAweDMzOC9maWx0ZXJzOnF1YWxpdHkoMTAwKS9uZWg=/O0D-xgVOA1_fss?st=1lJy5zjBEKTt__zgBgQm7da7oxolYG9C5sGwzehtsds&ts=1717599181&e=0"]},{"title":"REZERVOVANE 4 IZBOVÝ BYT, ŽILINA - VLČINCE, VÝMERA 81m²","address":"Žilina, okres Žilina","rooms":4,"meters":81,"totalPrice":162000,"meterSquarePrice":0,"link":"https://www.nehnutelnosti.sk/detail/JueHXBqU2y4/rezervovane-4-izbovy-byt-zilina-vlcince-vymera-81m","imagesUrls":["https://img.nehnutelnosti.sk/foto/NjAweDMzOC9maWx0ZXJzOnF1YWxpdHkoMTAwKS9uZWg=/7pQTWibjXt_fss?st=JNfWwj4SGGE6dGIb4otxCpkSbuhP0JNexFKEKXikAb0&ts=1720075836&e=0"]},{"title":"HĽADÁME 2iz B Galanta WEST - hotovosť.","address":"Galanta, okres Galanta","rooms":2,"meters":50,"totalPrice":null,"meterSquarePrice":null,"link":"https://www.nehnutelnosti.sk/detail/JuQvrbNC8Kb/hladame-2iz-b-galanta-west-hotovost","imagesUrls":["https://img.nehnutelnosti.sk/foto/NjAweDMzOC9maWx0ZXJzOnF1YWxpdHkoMTAwKS9uZWg=/Nruam88An_fss?st=9n9QMXXgx3XRCBIYhudA4wrwPO7GbaHmWxQUMHFG7-Q&ts=1726832734&e=0"]},{"title":"3i byt v lokalite plnej zelene, 63m2, Nové Mesto nad Váhom - REZERVOVANÉ","address":"Nové Mesto nad Váhom, okres Nové Mesto nad Váhom","rooms":3,"meters":63,"totalPrice":null,"meterSquarePrice":null,"link":"https://www.nehnutelnosti.sk/detail/JuGt21KKfJx/3i-byt-v-lokalite-plnej-zelene-63m2-nove-mesto-nad-vahom-rezervovane","imagesUrls":["https://img.nehnutelnosti.sk/foto/NjAweDMzOC9maWx0ZXJzOnF1YWxpdHkoMTAwKS9uZWg=/Kv2UH863Y7_fss?st=E7Kt8ZW3G1QTFDrCYbdjM3qcjzXyx8igkDS5gU8XYqs&ts=1722803543&e=0"]},{"title":"3-izbový byt s balkónom 76m2 v čarovnej prírode na Liptove","address":"Ružomberok, okres Ružomberok","rooms":3,"meters":76,"totalPrice":108000,"meterSquarePrice":5,"link":"https://www.nehnutelnosti.sk/detail/JuMql2a27NSg/3-izbovy-byt-s-balkonom-76m2-v-carovnej-prirode-na-liptove","imagesUrls":["https://img.nehnutelnosti.sk/foto/NjAweDMzOC9maWx0ZXJzOnF1YWxpdHkoMTAwKS9uZWg=/YPBGxyFNPN_fss?st=ukViOglSJczc7Jkteh6VqQe6NkYUfmI1RKyZfAa4fBs&ts=1717629107&e=0"]},{"title":"Na PREDAJ slnečný  veľký trojizbový byt /72 m2/ na Vajanského ulici v Lučenci.","address":"Lučenec, okres Lučenec","rooms":3,"meters":72,"totalPrice":69950,"meterSquarePrice":3,"link":"https://www.nehnutelnosti.sk/detail/Ju3KuQxse37/na-predaj-slnecny-velky-trojizbovy-byt-72-m2-na-vajanskeho-ulici-v-lucenci","imagesUrls":["https://img.nehnutelnosti.sk/foto/NjAweDMzOC9maWx0ZXJzOnF1YWxpdHkoMTAwKS9uZWg=/JiFnszjl0_fss?st=ypY5vY7kdna8K3JWTY6_DD94MSZYrpXpyayO-BCAQFE&ts=1717588800&e=0"]}]