[{"title":"predám 3izbový byt, okr. Rimavská Sobota","address":"Rimavská Sobota, okres Rimavská Sobota","rooms":3,"meters":72,"totalPrice":42990,"meterSquarePrice":8,"link":"https://www.nehnutelnosti.sk/detail/Ju39wbbcSG3/predam-3izbovy-byt-okr-rimavska-sobota","imagesUrls":["https://img.nehnutelnosti.sk/foto/NjAweDMzOC9maWx0ZXJzOnF1YWxpdHkoMTAwKS9uZWg=/yKmIlRg2s_fss?st=Az9gCIIT_mRM2xJMeiNPK067zjZOr6jD3Ee2ZRbR7gI&ts=1726845640&e=0"]},{"title":"Babony TRE | Ponúkame na predaj 2- izb. byt na Bodrockej ulici","address":"Bodrocká, Bratislava II - Podunajské Biskupice, okres Bratislava","rooms":2,"meters":null,"totalPrice":null,"meterSquarePrice":null,"link":"https://www.nehnutelnosti.sk/detail/Juh7P-T7LjIB/babony-tre-ponukame-na-predaj-2-izb-byt-na-bodrockej-ulici","imagesUrls":["https://img.nehnutelnosti.sk/foto/NjAweDMzOC9maWx0ZXJzOnF1YWxpdHkoMTAwKS9uZWg=/vJRVUKhBz_fss?st=fL5IMjyCx9vGBoj6vuVUOU4R_GwFLGmhvwfNODWuerk&ts=1726845638&e=0"]},{"title":"KOMPLETNE ZARIADENÝ 3 IZB. BYT V TEHLOVOM DOME, PRÍJEMNÉ TICHÉ PROSTREDIE","address":"Družstevná, Bernolákovo, okres Senec","rooms":3,"meters":91,"totalPrice":187000,"meterSquarePrice":3,"link":"https://www.nehnutelnosti.sk/detail/JuUzZdhO9de/kompletne-zariadeny-3-izb-byt-v-tehlovom-dome-prijemne-tiche-prostredie","imagesUrls":["https://img.unitedclassifieds.sk/foto/NjAweDMzOC9maWx0ZXJzOnF1YWxpdHkoMTAwKS9yc2Y=/WgAmAzE7b_fss?st=r_QpsQC_5i62NXu9PLMIYFGpMo3B-oW7C9E-7SOHP7E&ts=1724089866&e=0"]},{"title":"PRÍJEMNÝ SLNEČNÝ 4 IZB. MEZONET S TERASOU, PARKOVACÍM MIESTOM V PEKNOM PROSTREDÍ OBCE ZÁLESIE.","address":"Muškátová, Zálesie, Senec, okres Senec","rooms":4,"meters":125,"totalPrice":219900,"meterSquarePrice":9,"link":"https://www.nehnutelnosti.sk/detail/JuKINrP06L2/prijemny-slnecny-4-izb-mezonet-s-terasou-parkovacim-miestom-v-peknom-prostredi-obce-zalesie","imagesUrls":["https://img.unitedclassifieds.sk/foto/NjAweDMzOC9maWx0ZXJzOnF1YWxpdHkoMTAwKS9qdWw=/n8yOrFT-0_fss?st=OUgOdkx76jp2l1h9JqWt-7S0vLGbTmAl2lhC3xuGifY&ts=1726168772&e=0"]},{"title":"NA PREDAJ - Veľkometrážny 3izbový byt v centre, Obchodná ulica","address":"Obchodná, Bratislava I - Staré Mesto, okres Bratislava","rooms":3,"meters":106,"totalPrice":329000,"meterSquarePrice":7,"link":"https://www.nehnutelnosti.sk/detail/JuRoMnNqE7d/na-predaj-velkometrazny-3izbovy-byt-v-centre-obchodna-ulica","imagesUrls":["https://img.nehnutelnosti.sk/foto/NjAweDMzOC9maWx0ZXJzOnF1YWxpdHkoMTAwKS9uZWg=/XQ_tdPJTF_fss?st=kqScHJQ1QudabSB9pDoIjeIgSFco5PzCYeP2GwnaKSg&ts=1726586616&e=0"]},{"title":"THE HOME︱EUROVEA TOWER - Exkluzívna 4-izbová rezidencia na 38 np.","address":"Pribinova, Bratislava I - Staré Mesto, okres Bratislava","rooms":4,"meters":180,"totalPrice":1565000,"meterSquarePrice":0,"link":"https://www.nehnutelnosti.sk/detail/JuNgVGumkz7/the-homeeurovea-tower-exkluzivna-4-izbova-rezidencia-na-38-np","imagesUrls":["https://img.nehnutelnosti.sk/foto/NjAweDMzOC9maWx0ZXJzOnF1YWxpdHkoMTAwKS9uZWg=/fF_CEnPE6_fss?st=VtAYWywF_7lQ6mDwmmfmYquswMKwwBGY3_LFuecLhus&ts=1726874106&e=0"]},{"title":"PREDAJ - NOVÝ RUŽINOV  kompletne zariadený 2i apartmán s predzáhradkou","address":"Bajkalská, Bratislava II - Ružinov, okres Bratislava","rooms":2,"meters":54,"totalPrice":233000,"meterSquarePrice":7,"link":"https://www.nehnutelnosti.sk/detail/JuWu490Depe/predaj-novy-ruzinov-kompletne-zariadeny-2i-apartman-s-predzahradkou","imagesUrls":["https://img.nehnutelnosti.sk/foto/NjAweDMzOC9maWx0ZXJzOnF1YWxpdHkoMTAwKS9uZWg=/9ipNa3ZVg_fss?st=ydTkzGn3q4wNh0aC-se2GK--Tvdkwn81BREZNQnf3n8&ts=1722596005&e=0"]},{"title":"PREDAJ - 2i štartovacieho bytu s lodžiou v Ružinove, Vlčie Hrdlo","address":"Vlčie Hrdlo, Bratislava II - Ružinov, okres Bratislava","rooms":2,"meters":43,"totalPrice":114500,"meterSquarePrice":6,"link":"https://www.nehnutelnosti.sk/detail/JuHrQDzO7dU/predaj-2i-startovacieho-bytu-s-lodziou-v-ruzinove-vlcie-hrdlo","imagesUrls":["https://img.nehnutelnosti.sk/foto/NjAweDMzOC9maWx0ZXJzOnF1YWxpdHkoMTAwKS9uZWg=/AlIaxXI6vw_fss?st=SNEflONrP0uK6fQYFtpSOY8c0pRj3bQjq0GOe7QKuTo&ts=1725052160&e=0"]},{"title":"PREDAJ - Nový, dizajnový 2,5i apartmán na Vysokej ul., BA I","address":"Vysoká, Bratislava I - Staré Mesto, okres Bratislava","rooms":2,"meters":56,"totalPrice":290000,"meterSquarePrice":2,"link":"https://www.nehnutelnosti.sk/detail/Juaa9wM0ArW/predaj-novy-dizajnovy-2-5i-apartman-na-vysokej-ul-ba-i","imagesUrls":["https://img.nehnutelnosti.sk/foto/NjAweDMzOC9maWx0ZXJzOnF1YWxpdHkoMTAwKS9uZWg=/cTxfkukbq_fss?st=OCI0BjoQbytE7yWiz_hTNVMJnHDTwO6k18AulnFZZXk&ts=1726303359&e=0"]},{"title":"PREDAJ - Moderne zrekonštruovaný 1,5izbový byt v Rači na Závadskej ul.","address":"Závadská, Bratislava III - Rača, okres Bratislava","rooms":1,"meters":36,"totalPrice":145000,"meterSquarePrice":2,"link":"https://www.nehnutelnosti.sk/detail/JuO9OVPZSYO/predaj-moderne-zrekonstruovany-1-5izbovy-byt-v-raci-na-zavadskej-ul","imagesUrls":["https://img.nehnutelnosti.sk/foto/NjAweDMzOC9maWx0ZXJzOnF1YWxpdHkoMTAwKS9uZWg=/ljFFa3tCUF_fss?st=YJ_4x330ED3awCCuQo9FTg3LU1aGkukFN0P6wv8y8T0&ts=1721443614&e=0"]},{"title":"PREDAJ - Útulný 2izbový byt s balkónom a pivničnou kobkou, MILOSLAVOV","address":"Agátová, Miloslavov, okres Senec","rooms":2,"meters":42,"totalPrice":109800,"meterSquarePrice":9,"link":"https://www.nehnutelnosti.sk/detail/JuRVZNg0zeI/predaj-utulny-2izbovy-byt-s-balkonom-a-pivnicnou-kobkou-miloslavov","imagesUrls":["https://img.nehnutelnosti.sk/foto/NjAweDMzOC9maWx0ZXJzOnF1YWxpdHkoMTAwKS9uZWg=/eHfsSkG-n_fss?st=14fzVzYr9KUWoegDFJz1RGJX1BrZVgPd1SIzQec-DXE&ts=1717609164&e=0"]},{"title":"PREDAJ- Slnečný 2-izbový byt s pekným výhľadom, Stromová","address":"Stromová, Bratislava III - Nové Mesto, okres Bratislava","rooms":2,"meters":58,"totalPrice":240000,"meterSquarePrice":6,"link":"https://www.nehnutelnosti.sk/detail/JuDyad2HSET/predaj-slnecny-2-izbovy-byt-s-peknym-vyhladom-stromova","imagesUrls":["https://img.nehnutelnosti.sk/foto/NjAweDMzOC9maWx0ZXJzOnF1YWxpdHkoMTAwKS9uZWg=/eWZ85Cps3_fss?st=bmB4ygmz0xknI2Mo9CT2_hKdGh7FiQlgNXLMize_hMI&ts=1719131104&e=0"]},{"title":"PREDAJ - priestranný 2-izbový apartmán, RIVER PARK","address":"Dvořákovo nábrežie, Bratislava I - Staré Mesto, okres Bratislava","rooms":2,"meters":56,"totalPrice":375000,"meterSquarePrice":4,"link":"https://www.nehnutelnosti.sk/detail/JuoVFqW7hE_/predaj-priestranny-2-izbovy-apartman-river-park","imagesUrls":["https://img.nehnutelnosti.sk/foto/NjAweDMzOC9maWx0ZXJzOnF1YWxpdHkoMTAwKS9uZWg=/DVEvpy6CH_fss?st=zObGAhqttUZQxou2k1rTxiLv6yv9QqwYHRGS2QFNP9c&ts=1725355181&e=0"]},{"title":"3-izbový byt po kompletnej rekonštrukcii s garážou a záhradou v Hornej Potôni","address":"Horná, Horná Potôň, okres Dunajská Streda","rooms":3,"meters":61,"totalPrice":150000,"meterSquarePrice":8,"link":"https://www.nehnutelnosti.sk/detail/Juz14gRPIz_/3-izbovy-byt-po-kompletnej-rekonstrukcii-s-garazou-a-zahradou-v-hornej-potoni","imagesUrls":["https://img.unitedclassifieds.sk/foto/NjAweDMzOC9maWx0ZXJzOnF1YWxpdHkoMTAwKS9qdWw=/ZCgARv3g7_fss?st=k1N1UniqbsbOuYC8KXTdmDfboEwMR-0xmgJ7xoc4efw&ts=1726580821&e=0"]},{"title":"1-izbový byt 35 m2 v Partizánskom - Októbrova ulica , širšie CENTRUM","address":"Októbrová, Partizánske, okres Partizánske","rooms":1,"meters":35,"totalPrice":53000,"meterSquarePrice":9,"link":"https://www.nehnutelnosti.sk/detail/JuqVZ0Cmhil/1-izbovy-byt-35-m2-v-partizanskom-oktobrova-ulica-sirsie-centrum","imagesUrls":["https://img.nehnutelnosti.sk/foto/NjAweDMzOC9maWx0ZXJzOnF1YWxpdHkoMTAwKS9uZWg=/lmOvU4T8Ye_fss?st=58vGdtVDTy3eVIc_aUCbzCZzsIt6403Y49gPXkpp7VE&ts=1723555620&e=0"]},{"title":"NA PREDAJ 2i byt Ukrajinská ulica Bratislava-Nové Mesto","address":"Ukrajinská, Bratislava III - Nové Mesto, okres Bratislava","rooms":2,"meters":59,"totalPrice":217000,"meterSquarePrice":7,"link":"https://www.nehnutelnosti.sk/detail/Ju9wNQIVk2L/na-predaj-2i-byt-ukrajinska-ulica-bratislava-nove-mesto","imagesUrls":["https://img.nehnutelnosti.sk/foto/NjAweDMzOC9maWx0ZXJzOnF1YWxpdHkoMTAwKS9uZWg=/b2pIJeFnh_fss?st=OXj7Y9Rksq7GhDysmW9dVJRY-PP9jH6lnSZkSzGNTgg&ts=1724664215&e=0"]},{"title":"Lákavá ponuka na predaj 3-izbového bytu v Prievidzi, sídlisko Sever, Gorkého ulica","address":"M. Gorkého, Prievidza, okres Prievidza","rooms":3,"meters":65,"totalPrice":89900,"meterSquarePrice":8,"link":"https://www.nehnutelnosti.sk/detail/Juc7ecKL5BG/lakava-ponuka-na-predaj-3-izboveho-bytu-v-prievidzi-sidlisko-sever-gorkeho-ulica","imagesUrls":["https://img.nehnutelnosti.sk/foto/NjAweDMzOC9maWx0ZXJzOnF1YWxpdHkoMTAwKS9uZWg=/ssQytRi97J_fss?st=4sbn5g63b9XiKPwdQHTMxX9wWfWDzg6NzrO-va5XtbY&ts=1723130306&e=0"]},{"title":"2 izbový byt s balkónom na predaj, centrum Banská Bystrica","address":"Horná, Banská Bystrica, okres Banská Bystrica","rooms":2,"meters":47,"totalPrice":null,"meterSquarePrice":null,"link":"https://www.nehnutelnosti.sk/detail/Juixi_wcD18/2-izbovy-byt-s-balkonom-na-predaj-centrum-banska-bystrica","imagesUrls":["https://img.nehnutelnosti.sk/foto/NjAweDMzOC9maWx0ZXJzOnF1YWxpdHkoMTAwKS9uZWg=/lWoki1ZQPz_fss?st=eUm83LKrj07ZJ9Scy82NdqA-pCgJymKPpk1J3K4bp0A&ts=1719052418&e=0"]},{"title":"Na predaj čiastočne zrekonštruovaný 1 izbový byt v Stupave","address":"Hlavná 54, Stupava, okres Malacky","rooms":1,"meters":35,"totalPrice":113000,"meterSquarePrice":7,"link":"https://www.nehnutelnosti.sk/detail/Ju3_B4y4O9E/na-predaj-ciastocne-zrekonstruovany-1-izbovy-byt-v-stupave","imagesUrls":["https://img.nehnutelnosti.sk/foto/NjAweDMzOC9maWx0ZXJzOnF1YWxpdHkoMTAwKS9uZWg=/VodGV5NDf_fss?st=V4bKZ5wFMiYK0EhQWB8x_5JGsGiXlNtrFtItxV69ZVY&ts=1722766603&e=0"]},{"title":"LEGEND - 3D - !! ZNÍŽENÁ CENA !! Krásny 3i byt Dolné Srnie, 83 m2, lodžia, garáž, pivnica, klíma","address":"Nové Mesto nad Váhom, Nové Mesto nad Váhom, okres Nové Mesto nad Váhom","rooms":3,"meters":83,"totalPrice":132000,"meterSquarePrice":6,"link":"https://www.nehnutelnosti.sk/detail/JuJEHS55M-l/legend-3d-znizena-cena-krasny-3i-byt-dolne-srnie-83-m2-lodzia-garaz-pivnica-klima","imagesUrls":["https://img.unitedclassifieds.sk/foto/NjAweDMzOC9maWx0ZXJzOnF1YWxpdHkoMTAwKS9yc2Y=/fGVDfgAYU_fss?st=f8RHENGqCmXSRi7uh2wd4QS4g47VRo6yd_6wZm7t7UM&ts=1697274017&e=0"]},{"title":"LEGEND - Na predaj útulný 3i byt v NMnV - ul. SNP, 3x balkón, kompletná rekonštrukcia a zariadenie","address":"SNP, Nové Mesto nad Váhom, okres Nové Mesto nad Váhom","rooms":3,"meters":66,"totalPrice":135000,"meterSquarePrice":5,"link":"https://www.nehnutelnosti.sk/detail/JudDEkbcxyx/legend-na-predaj-utulny-3i-byt-v-nmnv-ul-snp-3x-balkon-kompletna-rekonstrukcia-a-zariadenie","imagesUrls":["https://img.unitedclassifieds.sk/foto/NjAweDMzOC9maWx0ZXJzOnF1YWxpdHkoMTAwKS9qdWw=/XhuH2iJxZ7_fss?st=cjcCOr_Uyg3koJLXzmkxCydRcAHrZ3HGStQLMKnPiFM&ts=1723569624&e=0"]},{"title":"LEGEND - Slnečný 1i byt v NMnV - Tematínska ul., 33m2, rekonštrukcia, klimatizácia, zariadenie","address":"Tematínska, Nové Mesto nad Váhom, okres Nové Mesto nad Váhom","rooms":1,"meters":33,"totalPrice":79990,"meterSquarePrice":4,"link":"https://www.nehnutelnosti.sk/detail/JudAv0tLHr0/legend-slnecny-1i-byt-v-nmnv-tematinska-ul-33m2-rekonstrukcia-klimatizacia-zariadenie","imagesUrls":["https://img.unitedclassifieds.sk/foto/NjAweDMzOC9maWx0ZXJzOnF1YWxpdHkoMTAwKS9qdWw=/2nZ3MFvn-_fss?st=aTOi7z-zIxQSDyiCjdYDMjbEUbY0ckVaQwKcWBudlB4&ts=1726330446&e=0"]},{"title":"LEGEND - 3D - Doprajte si to najlepšie, 3i byt, 286 m2, terasa, 2x garáž, parkovanie, TOP lokalita","address":"Nové Mesto nad Váhom, okres Nové Mesto nad Váhom","rooms":3,"meters":286,"totalPrice":369000,"meterSquarePrice":1,"link":"https://www.nehnutelnosti.sk/detail/Jut2H6FotMe/legend-3d-doprajte-si-to-najlepsie-3i-byt-286-m2-terasa-2x-garaz-parkovanie-top-lokalita","imagesUrls":["https://img.unitedclassifieds.sk/foto/NjAweDMzOC9maWx0ZXJzOnF1YWxpdHkoMTAwKS9qdWw=/iX0HykmXG_fss?st=lxWaUrsD8UWznuPdW_UD1ASrUKxRs67pwG9Y_NPSUzc&ts=1723109136&e=0"]},{"title":"ŠTARTOVACÍ 1 IZBOVÝ BYT NA PREDAJ - PEZINOK MUŠKÁT","address":"Veltlínska, Pezinok, okres Pezinok","rooms":1,"meters":40,"totalPrice":119000,"meterSquarePrice":6,"link":"https://www.nehnutelnosti.sk/detail/JuMQG-OUa_T/startovaci-1-izbovy-byt-na-predaj-pezinok-muskat","imagesUrls":["https://img.unitedclassifieds.sk/foto/NjAweDMzOC9maWx0ZXJzOnF1YWxpdHkoMTAwKS9qdWw=/6j5iOLPeF_fss?st=AencHnDFYzNGWoh6TFnWQyO2FVK_yqgRPLc82iwyJio&ts=1724511402&e=0"]},{"title":"Na Predaj zrekonštruovaný 2izb. byt,vo vybornej lokalite Mesačná-Ružinov","address":"Mesačná 3238/14, Bratislava II - Ružinov, okres Bratislava","rooms":2,"meters":47,"totalPrice":185000,"meterSquarePrice":1,"link":"https://www.nehnutelnosti.sk/detail/Ju7SkRSG4ar/na-predaj-zrekonstruovany-2izb-byt-vo-vybornej-lokalite-mesacna-ruzinov","imagesUrls":["https://img.unitedclassifieds.sk/foto/NjAweDMzOC9maWx0ZXJzOnF1YWxpdHkoMTAwKS9qdWw=/H1bYSlAHS_fss?st=EycaoEMIvjP7ukG1VU2bfxeUpworCOePYP2Fg1c28oo&ts=1726563340&e=0"]},{"title":"Kompletne prerobený 2-izbový byt s 3 pivnicami, Komárno.","address":"Ul. E. B. Lukáča, Komárno, okres Komárno","rooms":2,"meters":50,"totalPrice":65000,"meterSquarePrice":0,"link":"https://www.nehnutelnosti.sk/detail/JuHhp8Ej5HA/kompletne-prerobeny-2-izbovy-byt-s-3-pivnicami-komarno","imagesUrls":["https://img.unitedclassifieds.sk/foto/NjAweDMzOC9maWx0ZXJzOnF1YWxpdHkoMTAwKS9qdWw=/TAaMzSXel_fss?st=GYVBnLsEeHj-0kvQVrL0Ibp5OMCbN3lbkDLjfAFL71E&ts=1726843441&e=0"]},{"title":"Na predaj 3-izbový byt blízko centra mesta s bojlerom na teplú vodu.","address":"Komárno, okres Komárno","rooms":3,"meters":64,"totalPrice":79990,"meterSquarePrice":4,"link":"https://www.nehnutelnosti.sk/detail/JuEySSHc5R8/na-predaj-3-izbovy-byt-blizko-centra-mesta-s-bojlerom-na-teplu-vodu","imagesUrls":["https://img.unitedclassifieds.sk/foto/NjAweDMzOC9maWx0ZXJzOnF1YWxpdHkoMTAwKS9yc2Y=/z2AHF2EOn_fss?st=m88TRIDfPAvXxjVsXyxAPKmf5mM5iL4i-C_Rnke7LrM&ts=1722946285&e=0"]},{"title":"Na predaj 3-izb.byt v Komárne ul. Hviezdoslavova,69 m2.","address":"Hviezdoslavova ul., Komárno, okres Komárno","rooms":3,"meters":69,"totalPrice":76500,"meterSquarePrice":0,"link":"https://www.nehnutelnosti.sk/detail/Ju1DfOMDxmq/na-predaj-3-izb-byt-v-komarne-ul-hviezdoslavova-69-m2","imagesUrls":["https://img.unitedclassifieds.sk/foto/NjAweDMzOC9maWx0ZXJzOnF1YWxpdHkoMTAwKS9yc2Y=/0TG3chQC__fss?st=aC0FDczd7onDT_9ZVH8rw1Ip4lJ8s-O5xUfaKEh2qq0&ts=1720442248&e=0"]},{"title":"Vkusný kompletne prerobený 2-izbový byt, Komárno.","address":"Ul. Budovateľská, Komárno, okres Komárno","rooms":2,"meters":58,"totalPrice":65000,"meterSquarePrice":9,"link":"https://www.nehnutelnosti.sk/detail/JuMzz5FJYr5/vkusny-kompletne-prerobeny-2-izbovy-byt-komarno","imagesUrls":["https://img.unitedclassifieds.sk/foto/NjAweDMzOC9maWx0ZXJzOnF1YWxpdHkoMTAwKS9qdWw=/2jY2JqqDFc_fss?st=_OrHk5Li9tVSByjqe1gMH0C8c211Hagk_vwmSIpSDGo&ts=1726844735&e=0"]},{"title":"Nadčasový 3 izbový byt Staré sídlisko Prievidza 63 m2","address":"Janka Kráľa, Prievidza, okres Prievidza","rooms":3,"meters":63,"totalPrice":116990,"meterSquarePrice":8,"link":"https://www.nehnutelnosti.sk/detail/JulR6rkAbSN/nadcasovy-3-izbovy-byt-stare-sidlisko-prievidza-63-m2","imagesUrls":["https://img.nehnutelnosti.sk/foto/NjAweDMzOC9maWx0ZXJzOnF1YWxpdHkoMTAwKS9uZWg=/wOPA4d3jIu_fss?st=fmpYOaPgiGyuM_95Xc5C75lO3PME5JOOzU4dqgvIZtM&ts=1726844704&e=0"]}]