[{"title":"PREDAJ - 3-IZBOVÝ BYT, MANCKOVIČOVA, HLOHOVEC","address":"Manckovičova, Hlohovec, okres Hlohovec","rooms":3,"meters":67,"totalPrice":136000,"meterSquarePrice":1,"link":"https://www.nehnutelnosti.sk/detail/JuPfBbNn_FP/predaj-3-izbovy-byt-manckovicova-hlohovec","imagesUrls":["https://img.unitedclassifieds.sk/foto/NjAweDMzOC9maWx0ZXJzOnF1YWxpdHkoMTAwKS9qdWw=/uFn_kK9f3_fss?st=STY6Z6wMs6zAHXJtT2PEewasN0KToTadMydiRDLIo_E&ts=1726861547&e=0","https://img.unitedclassifieds.sk/foto/MTUweDg0L2ZpbHRlcnM6cXVhbGl0eSgxMDApL2p1bA==/kBEv1wjj8_fss?st=B_WWbGGLotfd-WVnt0C7UFlhpR6QdP6cpVD2ZVW8g7g&ts=1726861554&e=0","https://img.unitedclassifieds.sk/foto/MTUweDg0L2ZpbHRlcnM6cXVhbGl0eSgxMDApL2p1bA==/9olFiCN2k_fss?st=3UlHbEgLJUrKkvxw-SqP5YF48cwYODAKL2EBgL1T0IQ&ts=1726861553&e=0","https://img.unitedclassifieds.sk/foto/MTUweDg0L2ZpbHRlcnM6cXVhbGl0eSgxMDApL2p1bA==/7g9JcGVMT_fss?st=Ro4_VeDWlNFzLtrS0Y0XOdO8fe_SOjs7PKLGMDLUitA&ts=1726861553&e=0"]},{"title":"PREDAJ - BYT 2+1, BRATISLAVA - DÚBRAVKA, 52,5m²","address":"Kpt. Jána Rašu, Bratislava IV - Dúbravka, okres Bratislava","rooms":2,"meters":52,"totalPrice":178000,"meterSquarePrice":8,"link":"https://www.nehnutelnosti.sk/detail/JuKnpnox6jg/predaj-byt-2-1-bratislava-dubravka-52-5m","imagesUrls":["https://img.unitedclassifieds.sk/foto/NjAweDMzOC9maWx0ZXJzOnF1YWxpdHkoMTAwKS9yc2Y=/ZgGd7DUww_fss?st=HtN7B2thR_np8wUfM90yveSNofYps1NefTrB09heByw&ts=1724153903&e=0","https://img.unitedclassifieds.sk/foto/MTUweDg0L2ZpbHRlcnM6cXVhbGl0eSgxMDApL3JzZg==/IfQPwO_f2_fss?st=ZGjS4AZ7_76HYRaPkrMAKEOsI85Tjd7u-Zw32DaxgK0&ts=1724153905&e=0","https://img.unitedclassifieds.sk/foto/MTUweDg0L2ZpbHRlcnM6cXVhbGl0eSgxMDApL3JzZg==/81MIJMzrx_fss?st=NPMGfCYvf1a-AFTisxD8kigibJgQywpitEvPqJMLiyI&ts=1724153905&e=0","https://img.unitedclassifieds.sk/foto/MTUweDg0L2ZpbHRlcnM6cXVhbGl0eSgxMDApL3JzZg==/D7C1lExmt_fss?st=y3NJPqVRlcWnJQMFur677b0F9ZcxCcWDF1KaGlIVbq8&ts=1724153904&e=0"]},{"title":"3 izbový byt s vlastným kúrením v obci Orechová Potôň!","address":"Orechová Potôň, okres Dunajská Streda","rooms":3,"meters":78,"totalPrice":117000,"meterSquarePrice":0,"link":"https://www.nehnutelnosti.sk/detail/Ju79DwYKx4w/3-izbovy-byt-s-vlastnym-kurenim-v-obci-orechova-poton","imagesUrls":["https://img.nehnutelnosti.sk/foto/NjAweDMzOC9maWx0ZXJzOnF1YWxpdHkoMTAwKS9uZWg=/oqOrV5L24m_fss?st=NdxaMOiMrigGRXUqLT34mVhtIHAffEjMAvIdAJe58MA&ts=1725635452&e=0","https://img.nehnutelnosti.sk/foto/MTUweDg0L2ZpbHRlcnM6cXVhbGl0eSgxMDApL25laA==/iKeat2gO0_fss?st=xIQcTyf4f_EQ1bOWeH5kgUkOF0bcueUy3qNLLtozKSs&ts=1725635450&e=0","https://img.nehnutelnosti.sk/foto/MTUweDg0L2ZpbHRlcnM6cXVhbGl0eSgxMDApL25laA==/FID1WVYnvs_fss?st=9M4Qbcnq-kk3xo3bB9mNsqrvAgGfJi2eCzp17sIyY2k&ts=1725635452&e=0","https://img.nehnutelnosti.sk/foto/MTUweDg0L2ZpbHRlcnM6cXVhbGl0eSgxMDApL25laA==/71a-LMjcM_fss?st=s_xulGSC8YC1hZJ_wYnzzfx3TGrc0S-akt5wd2ynKiM&ts=1725635451&e=0"]},{"title":"Babony TRE | Predaj 3- izbového bytu 72m2 + terasa 16m2 v BA","address":"Turbínová, Bratislava III - Nové Mesto, okres Bratislava","rooms":3,"meters":72,"totalPrice":257040,"meterSquarePrice":0,"link":"https://www.nehnutelnosti.sk/detail/JuiDwb3BE9d/babony-tre-predaj-3-izboveho-bytu-72m2-terasa-16m2-v-ba","imagesUrls":["https://img.nehnutelnosti.sk/foto/NjAweDMzOC9maWx0ZXJzOnF1YWxpdHkoMTAwKS9uZWg=/XunFVPVxK9_fss?st=yTyio9Fp0rN6rZFHEN2aHIo4vDOHYf1l3tmtK9Q6uwo&ts=1726837763&e=0","https://img.nehnutelnosti.sk/foto/MTUweDg0L2ZpbHRlcnM6cXVhbGl0eSgxMDApL25laA==/PliyzjAw3_fss?st=3VNKUhu42oPSDH4CSI3XwBKfozAviHsr1LLQXgv4UQQ&ts=1726837757&e=0","https://img.nehnutelnosti.sk/foto/MTUweDg0L2ZpbHRlcnM6cXVhbGl0eSgxMDApL25laA==/-Kj2op_d6l_fss?st=SgoZagkFESTvjAfNWgBx8YcAu_zgw6Ipr423UNwfs0o&ts=1726837758&e=0","https://img.nehnutelnosti.sk/foto/MTUweDg0L2ZpbHRlcnM6cXVhbGl0eSgxMDApL25laA==/FZ_DiDiz9L_fss?st=28s5SXYNxCcr0PyW2NrRCyF_gRl_bgtZNfRMZaQDyJg&ts=1726837761&e=0"]},{"title":"Zrekonštruovaný dvojizbový byt v Ružinove","address":"Sklenárova, Bratislava II - Ružinov, okres Bratislava","rooms":2,"meters":64,"totalPrice":220000,"meterSquarePrice":0,"link":"https://www.nehnutelnosti.sk/detail/JuEA-ifIPfb/zrekonstruovany-dvojizbovy-byt-v-ruzinove","imagesUrls":["https://img.nehnutelnosti.sk/foto/NjAweDMzOC9maWx0ZXJzOnF1YWxpdHkoMTAwKS9uZWg=/7_zrEH4gW_fss?st=jxt1aAgugL48Nsx5eSu2iEFi4A9KN05I5xUy5iV6ZiU&ts=1726849422&e=0","https://img.nehnutelnosti.sk/foto/MTUweDg0L2ZpbHRlcnM6cXVhbGl0eSgxMDApL25laA==/PclHB0ruU_fss?st=oTOkzvyBu80MAA_FHBJb-gfqw86uwMmBMf0UuyRciTY&ts=1726849421&e=0","https://img.nehnutelnosti.sk/foto/MTUweDg0L2ZpbHRlcnM6cXVhbGl0eSgxMDApL25laA==/URDPUgcd-_fss?st=gh8V8tNuVO8N-2XGoEJUjb40y_MpIakga4-ads7Miuw&ts=1726849421&e=0","https://img.nehnutelnosti.sk/foto/MTUweDg0L2ZpbHRlcnM6cXVhbGl0eSgxMDApL25laA==/jaEDZ9cNg_fss?st=ijO-j4Bu2AK-Vv_JaMqrnSTSYtzQkWNccLoE3yUFF5Y&ts=1726849422&e=0"]},{"title":"2-izbový byt 54 m2 v novostavbe Nemšová pri Trenčíne","address":"Osloboditeľov, Nemšová, okres Trenčín","rooms":2,"meters":54,"totalPrice":116900,"meterSquarePrice":1,"link":"https://www.nehnutelnosti.sk/detail/JuJho9P0KpN/2-izbovy-byt-54-m2-v-novostavbe-nemsova-pri-trencine","imagesUrls":["https://img.unitedclassifieds.sk/foto/NjAweDMzOC9maWx0ZXJzOnF1YWxpdHkoMTAwKS9qdWw=/F3LUDUu7D_fss?st=IRPUog5ONpmOgFvdOnV6mDxC_Y0--F6z2UAUj0aevKM&ts=1726756418&e=0","https://img.unitedclassifieds.sk/foto/MTUweDg0L2ZpbHRlcnM6cXVhbGl0eSgxMDApL2p1bA==/qTmODs0Cl_fss?st=GIDwX1jfSBq0VB5sTpm3MRcBd4aE0Si-tlQJ6BZfudY&ts=1726756435&e=0","https://img.unitedclassifieds.sk/foto/MTUweDg0L2ZpbHRlcnM6cXVhbGl0eSgxMDApL2p1bA==/sUAxHZMrJ_fss?st=fLsf_g40X9whF-okHzSTQVWPtYWa6wI94CaTyb8z6iI&ts=1726756464&e=0","https://img.unitedclassifieds.sk/foto/MTUweDg0L2ZpbHRlcnM6cXVhbGl0eSgxMDApL2p1bA==/p7qYEAjJ3_fss?st=TdtbYpmHKvBqK6X4peqrb0xNPWYVWOOYDZ033Om0DR4&ts=1726756476&e=0"]},{"title":"Moderný, elegantný, plne zrekonštruovaný 3. izb. byt obklopený zelenou lokalita Bratislava ul.ŠANCOV","address":"Bratislava III - Nové Mesto, okres Bratislava","rooms":3,"meters":73,"totalPrice":310000,"meterSquarePrice":4,"link":"https://www.nehnutelnosti.sk/detail/JuB-81qTLqp/moderny-elegantny-plne-zrekonstruovany-3-izb-byt-obklopeny-zelenou-lokalita-bratislava-ul-sancov","imagesUrls":["https://img.unitedclassifieds.sk/foto/NjAweDMzOC9maWx0ZXJzOnF1YWxpdHkoMTAwKS9qdWw=/uQyxRCUlF_fss?st=Akb4KBKVIDq7qfR6DOHTpqhjbTl4Vi7Anq07UMrfvWE&ts=1725468275&e=0","https://img.unitedclassifieds.sk/foto/MTUweDg0L2ZpbHRlcnM6cXVhbGl0eSgxMDApL2p1bA==/kFqEn51Uy_fss?st=NmwxNViYxdSVw6cA39MGy1gFiqg1BTqq91TXNP59UmA&ts=1725468286&e=0","https://img.unitedclassifieds.sk/foto/MTUweDg0L2ZpbHRlcnM6cXVhbGl0eSgxMDApL2p1bA==/p_I-SCvor_fss?st=jrbS8QTlHrUfpyEeJ5aX0vrmY9S31k9v1Ve4oXfNvAE&ts=1725468287&e=0","https://img.unitedclassifieds.sk/foto/MTUweDg0L2ZpbHRlcnM6cXVhbGl0eSgxMDApL2p1bA==/7BeFAc_t2_fss?st=VnFOdmDkLRsNPb_8KKDbyFG8IRTzMgiCu9evWNv0wWM&ts=1725468287&e=0"]},{"title":"BOSEN | Predaj 2 izbový byt s loggiou, 55 m2, Bratislava - m.č. Karlova Ves","address":"Hany Meličkovej, Bratislava IV - Karlova Ves, okres Bratislava","rooms":2,"meters":55,"totalPrice":179900,"meterSquarePrice":1,"link":"https://www.nehnutelnosti.sk/detail/Ju3t7WUuW5P/bosen-predaj-2-izbovy-byt-s-loggiou-55-m2-bratislava-m-c-karlova-ves","imagesUrls":["https://img.nehnutelnosti.sk/foto/NjAweDMzOC9maWx0ZXJzOnF1YWxpdHkoMTAwKS9uZWg=/_IwzNLKuK_fss?st=uFJRv3SqiCnDzEmIN7EoMjuq-UJUpYLPk3ZSPVpEDww&ts=1726510048&e=0","https://img.nehnutelnosti.sk/foto/MTUweDg0L2ZpbHRlcnM6cXVhbGl0eSgxMDApL25laA==/HGMuj1F2nf_fss?st=cDORDJqJrY3-Rt_Cmg-8ok0m354R-EvWmSwvH84FSBY&ts=1726510048&e=0","https://img.nehnutelnosti.sk/foto/MTUweDg0L2ZpbHRlcnM6cXVhbGl0eSgxMDApL25laA==/fyUHv5e54_fss?st=bVxDEkddeiRsf9d0aPw2NZhR2zSAnSD8FrqBZW5LC5w&ts=1726510049&e=0","https://img.nehnutelnosti.sk/foto/MTUweDg0L2ZpbHRlcnM6cXVhbGl0eSgxMDApL25laA==/XjutL51l4_fss?st=4IyGMrcD3sFCLt5xKaHcMJ6tC2g1SBXqApnIZZWX0BQ&ts=1726510048&e=0"]},{"title":"BOSEN | Na predaj 4 izbový byt na Bodvianskej ulici, Bratislava, 77m2","address":"Bodvianska, Bratislava II - Vrakuňa, okres Bratislava","rooms":4,"meters":77,"totalPrice":170000,"meterSquarePrice":9,"link":"https://www.nehnutelnosti.sk/detail/Juie6fm5cX7/bosen-na-predaj-4-izbovy-byt-na-bodvianskej-ulici-bratislava-77m2","imagesUrls":["https://img.nehnutelnosti.sk/foto/NjAweDMzOC9maWx0ZXJzOnF1YWxpdHkoMTAwKS9uZWg=/4kn-lLYw0X_fss?st=kTyXCgukamDwbKs_9lk4WnLQFBIcWd-DRyJExHu_U6Q&ts=1726966834&e=0","https://img.nehnutelnosti.sk/foto/MTUweDg0L2ZpbHRlcnM6cXVhbGl0eSgxMDApL25laA==/wvJaisCQW_fss?st=lWtwT9_ox_5Pb8GZOJ5Iyw7Q1W030YBn3UocgGW9ka0&ts=1726966834&e=0","https://img.nehnutelnosti.sk/foto/MTUweDg0L2ZpbHRlcnM6cXVhbGl0eSgxMDApL25laA==/fN1me0FRq_fss?st=6JgmBDp2okTj9bDq7mRdDGEZTrRYtJD_UUUR8T20HQQ&ts=1726966834&e=0","https://img.nehnutelnosti.sk/foto/MTUweDg0L2ZpbHRlcnM6cXVhbGl0eSgxMDApL25laA==/iT75kt-fV_fss?st=dUo-6Hv6BsoUynTuEfz6ijNfTiluCJaeLqZwaZC3e1w&ts=1726966834&e=0"]},{"title":"BOSEN | Zariadený 3 izb.byt s balkónom a pekným výhladom, Hany Meličkovej, Karlova Ves, 65 m2","address":"Hany Meličkovej, Bratislava IV - Karlova Ves, okres Bratislava","rooms":3,"meters":64,"totalPrice":224990,"meterSquarePrice":8,"link":"https://www.nehnutelnosti.sk/detail/JuxLx9VBwoH/bosen-zariadeny-3-izb-byt-s-balkonom-a-peknym-vyhladom-hany-melickovej-karlova-ves-65-m2","imagesUrls":["https://img.nehnutelnosti.sk/foto/NjAweDMzOC9maWx0ZXJzOnF1YWxpdHkoMTAwKS9uZWg=/sYSrXAmS8_fss?st=ZyrPfVXzUPi92GU6UlOchUHs0rkHY7WCiVaJzmNod0U&ts=1726230652&e=0","https://img.nehnutelnosti.sk/foto/MTUweDg0L2ZpbHRlcnM6cXVhbGl0eSgxMDApL25laA==/eX3DAVjGgS_fss?st=TfiXtmxGJvqSDAV00U5ZyQK6DJwmIWfaf_ey1NQjtPQ&ts=1726230651&e=0","https://img.nehnutelnosti.sk/foto/MTUweDg0L2ZpbHRlcnM6cXVhbGl0eSgxMDApL25laA==/8vNHGmZCe_fss?st=pxMMy7HSajB9A2YAsphr7Ef9mrXQ7vEkH-sPjB5dG7c&ts=1726230651&e=0","https://img.nehnutelnosti.sk/foto/MTUweDg0L2ZpbHRlcnM6cXVhbGl0eSgxMDApL25laA==/xmbuqnt5o_fss?st=5cWamhDUMwG0eWAp-0InI2AVELME2A71q7ROQlDCgtg&ts=1726230653&e=0"]},{"title":"BOSEN | Predaj 3 izbového bytu po kompletnej rekonštrukcii, Petržalka, ul. Mánesovo Námestie","address":"Mánesovo Námestie, Bratislava V - Petržalka, okres Bratislava","rooms":3,"meters":72,"totalPrice":205000,"meterSquarePrice":8,"link":"https://www.nehnutelnosti.sk/detail/JufbIrujuM-/bosen-predaj-3-izboveho-bytu-po-kompletnej-rekonstrukcii-petrzalka-ul-manesovo-namestie","imagesUrls":["https://img.nehnutelnosti.sk/foto/NjAweDMzOC9maWx0ZXJzOnF1YWxpdHkoMTAwKS9uZWg=/Zs-T25BChs_fss?st=e02CR1al1WPL-xXxARQUXqyRWJ8k3WRkUqV98absZa0&ts=1726826464&e=0","https://img.nehnutelnosti.sk/foto/MTUweDg0L2ZpbHRlcnM6cXVhbGl0eSgxMDApL25laA==/40Ij1VKmUK_fss?st=EVPZBDu4tgpjIsWWClmEhFryt33xTyl3CHQ5WpXVTSQ&ts=1726826462&e=0","https://img.nehnutelnosti.sk/foto/MTUweDg0L2ZpbHRlcnM6cXVhbGl0eSgxMDApL25laA==/ISdoozGFdH_fss?st=0BzgOBKmoeAPXNK9yYY4foN9dlgOW70T605cUNjJhxg&ts=1726826463&e=0","https://img.nehnutelnosti.sk/foto/MTUweDg0L2ZpbHRlcnM6cXVhbGl0eSgxMDApL25laA==/PF0c_ynSe_fss?st=bH_XTjTfSesOyWmdxFS6v4CLWA_-a2G_oXggD3FBYPE&ts=1726826462&e=0"]},{"title":"BOSEN | Vkusný 2 izb. byt po kompletnej rekonštrukcii, Dunajská ulica - Bratislava – Staré Mesto","address":"Dunajská 66, Bratislava I - Staré Mesto, okres Bratislava","rooms":2,"meters":60,"totalPrice":310000,"meterSquarePrice":7,"link":"https://www.nehnutelnosti.sk/detail/JumMm4WGQkJ/bosen-vkusny-2-izb-byt-po-kompletnej-rekonstrukcii-dunajska-ulica-bratislava-stare-mesto","imagesUrls":["https://img.nehnutelnosti.sk/foto/NjAweDMzOC9maWx0ZXJzOnF1YWxpdHkoMTAwKS9uZWg=/j2lhb0W3Cg_fss?st=q4izCXb647PPTQHWvV2lLHuMZshnCWx18Wwrqaa1_JY&ts=1724171028&e=0","https://img.nehnutelnosti.sk/foto/MTUweDg0L2ZpbHRlcnM6cXVhbGl0eSgxMDApL25laA==/sLznPY5U7_fss?st=QcHffpXVl1FTB3_ENMgaaQ4CJ-w1RElAilWpGYfKRYo&ts=1724171028&e=0","https://img.nehnutelnosti.sk/foto/MTUweDg0L2ZpbHRlcnM6cXVhbGl0eSgxMDApL25laA==/-JaM1dzZw_fss?st=2324fFclF0lI8yk13wYjmZEvDl3UcXxr_yJdJU58AeE&ts=1724171030&e=0","https://img.nehnutelnosti.sk/foto/MTUweDg0L2ZpbHRlcnM6cXVhbGl0eSgxMDApL25laA==/b_RHdsWaH_fss?st=6FCmEnRIO6iw3gXq6w_IwIFPcsEPMhd-d9KFu2EEMs0&ts=1724171029&e=0"]},{"title":"BOSEN | Predaj kompletne zariadený 2 izbový byt, jazero Štrkovec, ulica Herlianska, Bratislava - m.č","address":"Herlianska, Bratislava II - Ružinov, okres Bratislava","rooms":2,"meters":56,"totalPrice":209990,"meterSquarePrice":2,"link":"https://www.nehnutelnosti.sk/detail/Jux-712QAhd/bosen-predaj-kompletne-zariadeny-2-izbovy-byt-jazero-strkovec-ulica-herlianska-bratislava-m-c","imagesUrls":["https://img.nehnutelnosti.sk/foto/NjAweDMzOC9maWx0ZXJzOnF1YWxpdHkoMTAwKS9uZWg=/oKCmlgQ_T_fss?st=Y5ITsfzGsnkLykPqlyewpcfqbP8BuXSi1X7FOORBQWw&ts=1725555945&e=0","https://img.nehnutelnosti.sk/foto/MTUweDg0L2ZpbHRlcnM6cXVhbGl0eSgxMDApL25laA==/d9PonYpHiO_fss?st=YGg-f3i05GuFh8IIgYlUKOeYH74Hcttfz2XJtf9ONug&ts=1725555947&e=0","https://img.nehnutelnosti.sk/foto/MTUweDg0L2ZpbHRlcnM6cXVhbGl0eSgxMDApL25laA==/nc40Z9QuL_fss?st=FqcaHxw4TKeh2fcUDHRSo9TuYvLNCHd-GSmCh3QqifQ&ts=1725555945&e=0","https://img.nehnutelnosti.sk/foto/MTUweDg0L2ZpbHRlcnM6cXVhbGl0eSgxMDApL25laA==/goFzfCZcT_fss?st=oe5Rzyp7XfTgxBt4hmW2PNxjQpl3rl8S-0mzPn_ilIo&ts=1725555948&e=0"]},{"title":"BOSEN | Na predaj 2 izbový dizajnový byt s veľkou terasou v blízkosti centra, Ružinov","address":"Záhradnická, Bratislava II - Ružinov, okres Bratislava","rooms":2,"meters":62,"totalPrice":null,"meterSquarePrice":null,"link":"https://www.nehnutelnosti.sk/detail/Juc6y2NipzB/bosen-na-predaj-2-izbovy-dizajnovy-byt-s-velkou-terasou-v-blizkosti-centra-ruzinov","imagesUrls":["https://img.nehnutelnosti.sk/foto/NjAweDMzOC9maWx0ZXJzOnF1YWxpdHkoMTAwKS9uZWg=/3274rD142_fss?st=uDC72he8UZ_hk3CHoPeQWP0enzC4J7CkR1YpGYICR7U&ts=1722604368&e=0","https://img.nehnutelnosti.sk/foto/MTUweDg0L2ZpbHRlcnM6cXVhbGl0eSgxMDApL25laA==/qSQeKwi5A_fss?st=oMKRzR5LCIQjl_a_rREvMzcv5M4F3pDpCeaKHtTWSoQ&ts=1722604369&e=0","https://img.nehnutelnosti.sk/foto/MTUweDg0L2ZpbHRlcnM6cXVhbGl0eSgxMDApL25laA==/YP1Kq9vwcP_fss?st=yZWvDy6JHUzSHSYVuEn-jUcFkzEl4USvYIH9ltTqSzo&ts=1722604368&e=0","https://img.nehnutelnosti.sk/foto/MTUweDg0L2ZpbHRlcnM6cXVhbGl0eSgxMDApL25laA==/4sZS3dHb5_fss?st=826FRHshYm_qi1gwPR9_8DL0J1oQKcl4ptE17Srsx0o&ts=1722604369&e=0"]},{"title":"PRÉMIOVO ZARIADENÝ 4-IZBOVÝ APARTMÁN S VYSOKÝMI STROPMI A TERASOU V BLÍZKOSTI DOWNTOWNU","address":"Prístavná, Bratislava II - Ružinov, okres Bratislava","rooms":3,"meters":143,"totalPrice":626900,"meterSquarePrice":2,"link":"https://www.nehnutelnosti.sk/detail/JuNOayTb8IV/premiovo-zariadeny-4-izbovy-apartman-s-vysokymi-stropmi-a-terasou-v-blizkosti-downtownu","imagesUrls":["https://img.nehnutelnosti.sk/foto/NjAweDMzOC9maWx0ZXJzOnF1YWxpdHkoMTAwKS9uZWg=/wicX4ycii_fss?st=bkC7EV6_-4wt_u2my-vCT66HdYxpGcGDuBHI6VS8RZU&ts=1717630617&e=0","https://img.nehnutelnosti.sk/foto/MTUweDg0L2ZpbHRlcnM6cXVhbGl0eSgxMDApL25laA==/dlXVq_soGM_fss?st=qSGz-nAksxy6GSmfEWOvghgGT-vVmn0EFHblBM8uGoU&ts=1717630619&e=0","https://img.nehnutelnosti.sk/foto/MTUweDg0L2ZpbHRlcnM6cXVhbGl0eSgxMDApL25laA==/kcCY5quNU_fss?st=VmahF401AsYfCsGbUICktFRsANvNn3YLHV3K__DQoig&ts=1717630617&e=0","https://img.nehnutelnosti.sk/foto/MTUweDg0L2ZpbHRlcnM6cXVhbGl0eSgxMDApL25laA==/F3PtTtV0QE_fss?st=FIG2LbV--owECUhlbdraggL3jPCgGYTkFySkeBapQj8&ts=1717630617&e=0"]},{"title":"PREDAJ  BYT - 110 m2 - pozemok, garáž, pivnica, vlastné kúrenie - ul. Traťová - PRIEVIDZA","address":"Traťová, Prievidza, okres Prievidza","rooms":3,"meters":110,"totalPrice":195000,"meterSquarePrice":3,"link":"https://www.nehnutelnosti.sk/detail/JuMI5_j_3aH/predaj-byt-110-m2-pozemok-garaz-pivnica-vlastne-kurenie-ul-tratova-prievidza","imagesUrls":["https://img.unitedclassifieds.sk/foto/NjAweDMzOC9maWx0ZXJzOnF1YWxpdHkoMTAwKS9qdWw=/5JWzILY_G_fss?st=9NGnhUCCnWtkdxBAlS99CanA6hsUOyjgMyOO6TeT71k&ts=1703100863&e=0","https://img.unitedclassifieds.sk/foto/MTUweDg0L2ZpbHRlcnM6cXVhbGl0eSgxMDApL2p1bA==/7YRk8f48X_fss?st=JLZj3hOljZPjlEYFmryDXE7wkXO83LRbAKQxOL-POXU&ts=1703100743&e=0","https://img.unitedclassifieds.sk/foto/MTUweDg0L2ZpbHRlcnM6cXVhbGl0eSgxMDApL2p1bA==/b4UMGEk1V_fss?st=p7qrZ8Dyb7vNJ8gl5oXNIwaQ3ZQAEA_vHWhCYInf-Tg&ts=1703100747&e=0","https://img.unitedclassifieds.sk/foto/MTUweDg0L2ZpbHRlcnM6cXVhbGl0eSgxMDApL2p1bA==/S90ZCUuA2_fss?st=EQnzdHuEeyIM0TxUmA1rrompCoJXGh3csw8uQao4HXs&ts=1703100848&e=0"]},{"title":"Byt 79 m2 ul. SNP - Nová Dubnica - kompletná rekonštrukcia, zariadený","address":"SNP 35, Nová Dubnica, okres Ilava","rooms":3,"meters":79,"totalPrice":189000,"meterSquarePrice":1,"link":"https://www.nehnutelnosti.sk/detail/Ju8rp6utIPh/byt-79-m2-ul-snp-nova-dubnica-kompletna-rekonstrukcia-zariadeny","imagesUrls":["https://img.unitedclassifieds.sk/foto/NjAweDMzOC9maWx0ZXJzOnF1YWxpdHkoMTAwKS9qdWw=/BahYARRg3_fss?st=HWSAlpdGuvhV_eTrdu6AHC1WJo1XlTchXBsvQZtIS4E&ts=1725801594&e=0","https://img.unitedclassifieds.sk/foto/MTUweDg0L2ZpbHRlcnM6cXVhbGl0eSgxMDApL2p1bA==/7r9xEmHkW_fss?st=M_nO0Wati4WT_RqMu--IS9mRINaBV4uMQ8jRAFl6iM4&ts=1725801594&e=0","https://img.unitedclassifieds.sk/foto/MTUweDg0L2ZpbHRlcnM6cXVhbGl0eSgxMDApL2p1bA==/nWpKsicmFD_fss?st=NhauCJ8mfctJZT74GjMeI1h7yOXOaXZN9Ssc9Rl269o&ts=1725801602&e=0","https://img.unitedclassifieds.sk/foto/MTUweDg0L2ZpbHRlcnM6cXVhbGl0eSgxMDApL2p1bA==/i5YGQUcCa_fss?st=dDjP7LIL8OoDwNz9Hb22GxMVsdD5SyF4OhO60jFkanE&ts=1725801595&e=0"]},{"title":"PREDAJ 2 izbový byt, 48 m2 - čiastočná rekonštrukcia, ul. Svätopluková - PEZINOK","address":"Svätoplukova 2640/37, Pezinok, okres Pezinok","rooms":2,"meters":48,"totalPrice":136000,"meterSquarePrice":3,"link":"https://www.nehnutelnosti.sk/detail/JubUZTWPdih/predaj-2-izbovy-byt-48-m2-ciastocna-rekonstrukcia-ul-svatoplukova-pezinok","imagesUrls":["https://img.unitedclassifieds.sk/foto/NjAweDMzOC9maWx0ZXJzOnF1YWxpdHkoMTAwKS9qdWw=/OFXmf3xBX_fss?st=4ux9FX3Af1opf4PwxYK4E35c_j8LenEwfwI4Vvh1nLE&ts=1724699963&e=0","https://img.unitedclassifieds.sk/foto/MTUweDg0L2ZpbHRlcnM6cXVhbGl0eSgxMDApL2p1bA==/TFjte2kH5_fss?st=OytRRiHhVQqPKOCGQxNb0-9Oj0wpuoWh1CLthfmid98&ts=1724699919&e=0","https://img.unitedclassifieds.sk/foto/MTUweDg0L2ZpbHRlcnM6cXVhbGl0eSgxMDApL2p1bA==/cN_0CoqgG_fss?st=UPgxkrLuwN14_LT95Ah6CjQLw6YskD8av0JyxbkgrHE&ts=1724699921&e=0","https://img.unitedclassifieds.sk/foto/MTUweDg0L2ZpbHRlcnM6cXVhbGl0eSgxMDApL2p1bA==/IsXO9rjO1_fss?st=kFHxybwS86pyiAzICOn8QEHiQc4eIPfsdHgVGImlvcY&ts=1724699947&e=0"]},{"title":"PREDAJ 3 Izb. byt 63 m2, balkón, klimatizácia - ul. M. Hodžu centrum mesta - PRIEVIDZA","address":"M. Hodžu, Prievidza, okres Prievidza","rooms":3,"meters":63,"totalPrice":89900,"meterSquarePrice":8,"link":"https://www.nehnutelnosti.sk/detail/JuLwHYow4d1/predaj-3-izb-byt-63-m2-balkon-klimatizacia-ul-m-hodzu-centrum-mesta-prievidza","imagesUrls":["https://img.unitedclassifieds.sk/foto/NjAweDMzOC9maWx0ZXJzOnF1YWxpdHkoMTAwKS9qdWw=/pBFBqGEdp_fss?st=reUezzJUf5123UaO46SnrtNvVGBUer7Suvyf1aRoMzc&ts=1726898416&e=0","https://img.unitedclassifieds.sk/foto/MTUweDg0L2ZpbHRlcnM6cXVhbGl0eSgxMDApL2p1bA==/epmhqMgXd_fss?st=f3DnQ2agpYEffMmPz15Jdevf6S3WCB3LdAUEj5pJ4_g&ts=1726898431&e=0","https://img.unitedclassifieds.sk/foto/MTUweDg0L2ZpbHRlcnM6cXVhbGl0eSgxMDApL2p1bA==/O_Dr2SQaX_fss?st=HKtUb2IWY8qASj5zVlNQNEzg0kjNbuvB1hwumA3grko&ts=1726898444&e=0","https://img.unitedclassifieds.sk/foto/MTUweDg0L2ZpbHRlcnM6cXVhbGl0eSgxMDApL2p1bA==/PhDsy9tFn_fss?st=rcqnTC629Jlvhiif3IXbyIZAT7tF4C4NeACiPlXTfgs&ts=1726898468&e=0"]},{"title":"Predaj: 2-izbový byt v novostavbe s klimatizáciou a parkovacím státím, Karlova Ves","address":"Jána Stanislava, Bratislava IV - Karlova Ves, okres Bratislava","rooms":2,"meters":52,"totalPrice":197000,"meterSquarePrice":6,"link":"https://www.nehnutelnosti.sk/detail/JujbIVvVXtY/predaj-2-izbovy-byt-v-novostavbe-s-klimatizaciou-a-parkovacim-statim-karlova-ves","imagesUrls":["https://img.nehnutelnosti.sk/foto/NjAweDMzOC9maWx0ZXJzOnF1YWxpdHkoMTAwKS9uZWg=/3e3LfsksS_fss?st=51njTz4KUziQVIQYy14_YRwEyGmr9SVNaexF4ASRVko&ts=1727000782&e=0","https://img.nehnutelnosti.sk/foto/MTUweDg0L2ZpbHRlcnM6cXVhbGl0eSgxMDApL25laA==/2XKO8Ia2f7_fss?st=irso1dtJYMbpwBuL9Aeyx6d9lVOSVyL5o5OUTtNUBJU&ts=1727000781&e=0","https://img.nehnutelnosti.sk/foto/MTUweDg0L2ZpbHRlcnM6cXVhbGl0eSgxMDApL25laA==/qUABXruMC_fss?st=kL9kgWHOnv-lh-AHdHyzfuMJHrE3wAqDZSavzx7q5So&ts=1727000780&e=0","https://img.nehnutelnosti.sk/foto/MTUweDg0L2ZpbHRlcnM6cXVhbGl0eSgxMDApL25laA==/773V1IXxW_fss?st=xiOa7DSfKOdetiO2hzuKdYckpWshtGliDQ4CtwQjEWc&ts=1727000781&e=0"]},{"title":"3 izb. byt (3) s vlastnou záhradou 302 m2 len 20 min od Bratislavy v novom Projekte ''Royal byty 12''","address":"benkový háj, Horná Potôň, okres Dunajská Streda","rooms":3,"meters":73,"totalPrice":155000,"meterSquarePrice":9,"link":"https://www.nehnutelnosti.sk/detail/JuRlsgDxL5v/3-izb-byt-3-s-vlastnou-zahradou-302-m2-len-20-min-od-bratislavy-v-novom-projekte-royal-byty-12","imagesUrls":["https://img.nehnutelnosti.sk/foto/NjAweDMzOC9maWx0ZXJzOnF1YWxpdHkoMTAwKS9uZWg=/QhHDOhACAQ_fss?st=TtHUWlq1a0ZcYOIkvCMevQvKpDXe5hOQDGfODU7tUyg&ts=1726648581&e=0","https://img.nehnutelnosti.sk/foto/MTUweDg0L2ZpbHRlcnM6cXVhbGl0eSgxMDApL25laA==/RBubu9QHK_fss?st=ZAIkkeZ9KkotE4GmyEc6se3I-eV5ou3aS-9RAnbZuhc&ts=1726648578&e=0","https://img.nehnutelnosti.sk/foto/MTUweDg0L2ZpbHRlcnM6cXVhbGl0eSgxMDApL25laA==/LduJfhWSNt_fss?st=m1-E3yz-bxN_YeuR-qrKrBU3by3fNzsHKpSXXMN6N9I&ts=1726648580&e=0","https://img.nehnutelnosti.sk/foto/MTUweDg0L2ZpbHRlcnM6cXVhbGl0eSgxMDApL25laA==/ShusQHPyc_fss?st=Y-IsOBwnFLhfl5SielyNjxwjKtg5iYLTUeqMuNdVXmA&ts=1726648583&e=0"]},{"title":"Staré mesto - 2-izbový byt s balkónom (4m2) a klimatizáciou","address":"Špitálska, Bratislava I - Staré Mesto, okres Bratislava","rooms":2,"meters":64,"totalPrice":223000,"meterSquarePrice":8,"link":"https://www.nehnutelnosti.sk/detail/Ju-3ANiDIcv/stare-mesto-2-izbovy-byt-s-balkonom-4m2-a-klimatizaciou","imagesUrls":["https://img.nehnutelnosti.sk/foto/NjAweDMzOC9maWx0ZXJzOnF1YWxpdHkoMTAwKS9uZWg=/RQo4jWP1dX_fss?st=szUopcoay2Wd5iVFF8CGcpRagHDtHGohLMY1Ahp9dJQ&ts=1723578556&e=0","https://img.nehnutelnosti.sk/foto/MTUweDg0L2ZpbHRlcnM6cXVhbGl0eSgxMDApL25laA==/3mkQSQx7k_fss?st=QmaY7BPsMEX0HftXZMnoidXnnj2I9-yNNKTd_60hjzA&ts=1723578554&e=0","https://img.nehnutelnosti.sk/foto/MTUweDg0L2ZpbHRlcnM6cXVhbGl0eSgxMDApL25laA==/1nSQeoQKa_fss?st=9UAdj8UrbQrUf5S_DDDlQ756-LNnqYjK8VpRBkzcixY&ts=1723578556&e=0","https://img.nehnutelnosti.sk/foto/MTUweDg0L2ZpbHRlcnM6cXVhbGl0eSgxMDApL25laA==/BUx4UOy7H_fss?st=-CEGnQ8wZx93TnP7N4L8tyLDp2fm-dAjOhoMzl0NXBs&ts=1723578554&e=0"]},{"title":"Moderný 3 izbový byt v novostavbe na Kazanskej ulici","address":"Kazanská, Bratislava II - Podunajské Biskupice, okres Bratislava","rooms":3,"meters":71,"totalPrice":232000,"meterSquarePrice":0,"link":"https://www.nehnutelnosti.sk/detail/JuBaZz45top/moderny-3-izbovy-byt-v-novostavbe-na-kazanskej-ulici","imagesUrls":["https://img.nehnutelnosti.sk/foto/NjAweDMzOC9maWx0ZXJzOnF1YWxpdHkoMTAwKS9uZWg=/J2P8K5kYC_fss?st=tKjUrd9Zt3cJQR6f4-tGqLFFTFKnsaxFoanoB8Bq2Wc&ts=1726872494&e=0","https://img.nehnutelnosti.sk/foto/MTUweDg0L2ZpbHRlcnM6cXVhbGl0eSgxMDApL25laA==/4eYzyCsK33_fss?st=FrN6II0as-TflP7V1-evpQSdfp_H241tuvdwy2032Zk&ts=1726872495&e=0","https://img.nehnutelnosti.sk/foto/MTUweDg0L2ZpbHRlcnM6cXVhbGl0eSgxMDApL25laA==/qFlawKc3H_fss?st=MabxMy1CR-G0sXP-QUSf_6AUFHFCI1971vM2kOdHMJI&ts=1726872496&e=0","https://img.nehnutelnosti.sk/foto/MTUweDg0L2ZpbHRlcnM6cXVhbGl0eSgxMDApL25laA==/T3L_MgQJV_fss?st=W1Uox_gx8MmA7xKK2YDAmVqu0hu_73iUD_95Fo_bLs0&ts=1726872493&e=0"]},{"title":"Predáme rekonštruovaný 2 izbový byt v Šali - Veči","address":"Narcisová, Šaľa, okres Šaľa","rooms":2,"meters":44,"totalPrice":77700,"meterSquarePrice":1,"link":"https://www.nehnutelnosti.sk/detail/JulyUgn8agm/predame-rekonstruovany-2-izbovy-byt-v-sali-veci","imagesUrls":["https://img.nehnutelnosti.sk/foto/NjAweDMzOC9maWx0ZXJzOnF1YWxpdHkoMTAwKS9uZWg=/ih3slUYJD_fss?st=-GlhnKZf5agvh1MX0-gkbipcTdl-UjPsIr-Fp7DQnCg&ts=1721813623&e=0","https://img.nehnutelnosti.sk/foto/MTUweDg0L2ZpbHRlcnM6cXVhbGl0eSgxMDApL25laA==/s525Ts0AO_fss?st=pKKMbJ2wOorRJkI4hs1VeY0YaAjm3_vFtdnIUPQMe2g&ts=1721813624&e=0","https://img.nehnutelnosti.sk/foto/MTUweDg0L2ZpbHRlcnM6cXVhbGl0eSgxMDApL25laA==/3TDe-hqK6_fss?st=jqZ1cKdpCxfn12ogX-49XdAppBcKQ4Qs2Yr6JvWycT4&ts=1721813621&e=0","https://img.nehnutelnosti.sk/foto/MTUweDg0L2ZpbHRlcnM6cXVhbGl0eSgxMDApL25laA==/bLZfA-DvB_fss?st=CeLw-dFmkpaavxevzuG9jfIO--qtfzef5QOcftVLcdg&ts=1721813621&e=0"]},{"title":"LEVELREAL | Na predaj 1,5-izbový apartmánový byt | Novostavba","address":"Turčianska Štiavnička, Martin, okres Martin","rooms":1,"meters":28,"totalPrice":99990,"meterSquarePrice":9,"link":"https://www.nehnutelnosti.sk/detail/JuqOucLnc42/levelreal-na-predaj-1-5-izbovy-apartmanovy-byt-novostavba","imagesUrls":["https://img.nehnutelnosti.sk/foto/NjAweDMzOC9maWx0ZXJzOnF1YWxpdHkoMTAwKS9uZWg=/9QixVi4Fg_fss?st=yUi-LQzEBG89C-zpCPgwqywkyMlSZxo5RJ3POlWFrYA&ts=1715587516&e=0","https://img.nehnutelnosti.sk/foto/MTUweDg0L2ZpbHRlcnM6cXVhbGl0eSgxMDApL25laA==/cLFE8xIdq_fss?st=sVGvkIEo1uIWwNOjgxmdBYaIe0DssTTi9kN9kWczD0c&ts=1715587516&e=0","https://img.nehnutelnosti.sk/foto/MTUweDg0L2ZpbHRlcnM6cXVhbGl0eSgxMDApL25laA==/04LqG9NBi_fss?st=cI3NZ_oK0TWRZ7Jz4oFZd92Pas8ueOrgDWyiY3jqNF8&ts=1715587516&e=0","https://img.nehnutelnosti.sk/foto/MTUweDg0L2ZpbHRlcnM6cXVhbGl0eSgxMDApL25laA==/8VEK_JiHR_fss?st=f_04ImOKw1fWVXs3ky4lcFeZIABH3TncozqkxFTIcrE&ts=1715587516&e=0"]},{"title":"LEVELREAL | Na predaj 2-izbový byt v projekte RIVIERA NITRA","address":"Piesková, Nitra, okres Nitra","rooms":2,"meters":52,"totalPrice":154990,"meterSquarePrice":8,"link":"https://www.nehnutelnosti.sk/detail/Ju1z7qaqlvg/levelreal-na-predaj-2-izbovy-byt-v-projekte-riviera-nitra","imagesUrls":["https://img.nehnutelnosti.sk/foto/NjAweDMzOC9maWx0ZXJzOnF1YWxpdHkoMTAwKS9uZWg=/qHLpfm7Xo_fss?st=hHxeggBKIoKYt35ACxbMcLpNZQxTXFJMfBneqpn_D8w&ts=1725522625&e=0","https://img.nehnutelnosti.sk/foto/MTUweDg0L2ZpbHRlcnM6cXVhbGl0eSgxMDApL25laA==/QmbtOUSlL_fss?st=XsvuSDqWXEYnqKpNrcV787HPcJL4yCkrJOGaaiZpPTc&ts=1725522626&e=0","https://img.nehnutelnosti.sk/foto/MTUweDg0L2ZpbHRlcnM6cXVhbGl0eSgxMDApL25laA==/viA4vAlOKP_fss?st=wGCLKxsH418UyMGtSTKMJhmM_dWinUNs_cHAECLwHeo&ts=1725522626&e=0","https://img.nehnutelnosti.sk/foto/MTUweDg0L2ZpbHRlcnM6cXVhbGl0eSgxMDApL25laA==/nWTAO5teb_fss?st=kqPZ-idR-xkj_GNx-VXweloKk0YWpJycffX3QX-cKOI&ts=1725522626&e=0"]},{"title":"BK STRÁŽE 1,5-izbový byt","address":"Stráž, Zvolen, okres Zvolen","rooms":1,"meters":48,"totalPrice":140720,"meterSquarePrice":3,"link":"https://www.nehnutelnosti.sk/detail/JuiGWATWeq6/bk-straze-1-5-izbovy-byt","imagesUrls":["https://img.nehnutelnosti.sk/foto/NjAweDMzOC9maWx0ZXJzOnF1YWxpdHkoMTAwKS9uZWg=/ifZFTNVRYd_fss?st=rjWo7-ZBRpa_FHGsE6MBO9XBht7QH8JuAU-6jmO1G_k&ts=1726147965&e=0","https://img.nehnutelnosti.sk/foto/MTUweDg0L2ZpbHRlcnM6cXVhbGl0eSgxMDApL25laA==/oYe1eOi11_fss?st=ElRfVwTU2ZsJOJhVqNBGvElKUiJTYkvcYX8gFuoS25c&ts=1726147959&e=0","https://img.nehnutelnosti.sk/foto/MTUweDg0L2ZpbHRlcnM6cXVhbGl0eSgxMDApL25laA==/YiBJ6-QAW_fss?st=6PI9GIAKsmqWTwDZn36uAJk3UMywu31zRS-zwLagh0M&ts=1726147962&e=0","https://img.nehnutelnosti.sk/foto/MTUweDg0L2ZpbHRlcnM6cXVhbGl0eSgxMDApL25laA==/-Gf45gPGam_fss?st=OiBNyCBID6LUmXpCztGyI2YV0QAgkhQhebX8-YrRwDY&ts=1726147962&e=0"]},{"title":"UNIKÁTNY 2.5 IZBOVÝ BYT S VÝHĽADOM NA BRATISLAVSKÝ HRAD A PARLAMENT","address":"Palisády, Bratislava I - Staré Mesto, okres Bratislava","rooms":2,"meters":62,"totalPrice":null,"meterSquarePrice":null,"link":"https://www.nehnutelnosti.sk/detail/Ju8eT_v8g4d/unikatny-2-5-izbovy-byt-s-vyhladom-na-bratislavsky-hrad-a-parlament","imagesUrls":["https://img.nehnutelnosti.sk/foto/NjAweDMzOC9maWx0ZXJzOnF1YWxpdHkoMTAwKS9uZWg=/pV9uIiu9J_fss?st=Bs5wWW_gw8oZ5B0QUYH_0zfVJ7cYOCo5WfXo83Hylvk&ts=1723454115&e=0","https://img.nehnutelnosti.sk/foto/MTUweDg0L2ZpbHRlcnM6cXVhbGl0eSgxMDApL25laA==/p2EdXminT_fss?st=6sjw7XpHGO9tBNTtaZz93mXpmvQsQIJ8zpef74VP5Ro&ts=1723454114&e=0"]},{"title":"BK STRÁŽE  2-izbový byt","address":"Stráž, Zvolen, okres Zvolen","rooms":2,"meters":64,"totalPrice":179990,"meterSquarePrice":7,"link":"https://www.nehnutelnosti.sk/detail/JuQJV1FP1z0/bk-straze-2-izbovy-byt","imagesUrls":["https://img.nehnutelnosti.sk/foto/NjAweDMzOC9maWx0ZXJzOnF1YWxpdHkoMTAwKS9uZWg=/wOpbCcWkI_fss?st=sRNmO8jZN8g5kl1cmDPjMJCPgZwGsZl_xequO3n6Jao&ts=1726147946&e=0","https://img.nehnutelnosti.sk/foto/MTUweDg0L2ZpbHRlcnM6cXVhbGl0eSgxMDApL25laA==/xjA0gvIvLD_fss?st=XmpnV3foIL2_Wd5uVmCOYMR8nvt3YNbdKfPCl0ewueI&ts=1726147946&e=0","https://img.nehnutelnosti.sk/foto/MTUweDg0L2ZpbHRlcnM6cXVhbGl0eSgxMDApL25laA==/29T62st-t_fss?st=X-4vA9xuTXugunx4XCO6W9Xwz_TFSiROHVd3VGqxJxU&ts=1726147947&e=0","https://img.nehnutelnosti.sk/foto/MTUweDg0L2ZpbHRlcnM6cXVhbGl0eSgxMDApL25laA==/_824Vc0JWn_fss?st=T5xOWXwEyeOaSeVq7QSFqIL1N0oIFgctgmuBLu97NA0&ts=1726147950&e=0"]}]