[{"title":"Krásny veľkometrážny 3 izbový byt s rozlohou 105 m2 na predaj v centre mesta Dun. Stredy","address":"vambery, Dunajská Streda, okres Dunajská Streda","rooms":3,"meters":104,"totalPrice":129900,"meterSquarePrice":4,"link":"https://www.nehnutelnosti.sk/detail/JuuNFh2qlF6/krasny-velkometrazny-3-izbovy-byt-s-rozlohou-105-m2-na-predaj-v-centre-mesta-dun-stredy","imagesUrls":["https://img.nehnutelnosti.sk/foto/NjAweDMzOC9maWx0ZXJzOnF1YWxpdHkoMTAwKS9uZWg=/KT7GGXfpc_fss?st=MX3Pdry1M_KYirYtdtlAW8S1btaLA1qhT57VGfuHtD4&ts=1715630728&e=0"]},{"title":"CALMA | NA PREDAJ: slnečný 2-izbový byt s výbornou dispozíciou v novostavbe Slnečnice POP, Petržalka","address":"Labutia, Bratislava V - Petržalka, okres Bratislava","rooms":2,"meters":52,"totalPrice":209900,"meterSquarePrice":3,"link":"https://www.nehnutelnosti.sk/detail/JuYNQge0NTN/calma-na-predaj-slnecny-2-izbovy-byt-s-vybornou-dispoziciou-v-novostavbe-slnecnice-pop-petrzalka","imagesUrls":["https://img.nehnutelnosti.sk/foto/NjAweDMzOC9maWx0ZXJzOnF1YWxpdHkoMTAwKS9uZWg=/y-baYrWE5_fss?st=XynpsKyi61DQldpcxv80nEfBpghSpXhz75dMybtmrG4&ts=1726047202&e=0"]},{"title":"Skolaudované 2 izbové byty v II. Etape projektu Záruby Rohožník","address":"Obchodná, Rohožník, Malacky, okres Malacky","rooms":2,"meters":52,"totalPrice":98000,"meterSquarePrice":7,"link":"https://www.nehnutelnosti.sk/detail/JuyEK3f4plv/skolaudovane-2-izbove-byty-v-ii-etape-projektu-zaruby-rohoznik","imagesUrls":["https://img.unitedclassifieds.sk/foto/NjAweDMzOC9maWx0ZXJzOnF1YWxpdHkoMTAwKS9yc2Y=/ohKHcQiVD_fss?st=ZRvCFjpFUOImOx2gYUKQWOul0mw2Hp-wCgScWaiQV5w&ts=1687506994&e=0"]},{"title":"Posledné voľné 1 izbové byty v I. etape projektu Záruby","address":"Rohožník, Malacky, okres Malacky","rooms":1,"meters":38,"totalPrice":75000,"meterSquarePrice":8,"link":"https://www.nehnutelnosti.sk/detail/JuhJJH4DDbt/posledne-volne-1-izbove-byty-v-i-etape-projektu-zaruby","imagesUrls":["https://img.unitedclassifieds.sk/foto/NjAweDMzOC9maWx0ZXJzOnF1YWxpdHkoMTAwKS9qdWw=/uxp53y54l_fss?st=R09tBzpRzV_l2kyTQjRO3WD6SB2qUyoSGGhFMypF3Bk&ts=1705313429&e=0"]},{"title":"Na predaj novostavba 1-izbového bytu v projekte Corvus","address":"Na Majeri, Malacky, okres Malacky","rooms":1,"meters":44,"totalPrice":129400,"meterSquarePrice":4,"link":"https://www.nehnutelnosti.sk/detail/JuL-7WCFcTu/na-predaj-novostavba-1-izboveho-bytu-v-projekte-corvus","imagesUrls":["https://img.unitedclassifieds.sk/foto/NjAweDMzOC9maWx0ZXJzOnF1YWxpdHkoMTAwKS9yc2Y=/Q4dBeCnjw_fss?st=musujQ_2dhOx6fkbzeQTPTTo8PT_gGzke29Xtf-1xFs&ts=1690867565&e=0"]},{"title":"Skolaudovaná II. Etapa projektu Záruby- 2 izbové byty v obci Rohožník","address":"Rohožník, Malacky, okres Malacky","rooms":2,"meters":52,"totalPrice":98000,"meterSquarePrice":7,"link":"https://www.nehnutelnosti.sk/detail/JuIUXE6jfLe/skolaudovana-ii-etapa-projektu-zaruby-2-izbove-byty-v-obci-rohoznik","imagesUrls":["https://img.unitedclassifieds.sk/foto/NjAweDMzOC9maWx0ZXJzOnF1YWxpdHkoMTAwKS9yc2Y=/ohKHcQiVD_fss?st=ZRvCFjpFUOImOx2gYUKQWOul0mw2Hp-wCgScWaiQV5w&ts=1687506994&e=0"]},{"title":"Skolaudované ! 1 izbové byty s balkónom aj predzáhradkou v II. etape projektu Záruby","address":"Obchodná, Rohožník, Malacky, okres Malacky","rooms":1,"meters":38,"totalPrice":85000,"meterSquarePrice":2,"link":"https://www.nehnutelnosti.sk/detail/Jul10fUsdfD/skolaudovane-1-izbove-byty-s-balkonom-aj-predzahradkou-v-ii-etape-projektu-zaruby","imagesUrls":["https://img.unitedclassifieds.sk/foto/NjAweDMzOC9maWx0ZXJzOnF1YWxpdHkoMTAwKS9yc2Y=/7Sniv6ilw_fss?st=oiaDSdNFliLL1EhP7n3Nj85bbU-0KAA6a5FJNn9-R84&ts=1692691699&e=0"]},{"title":"Na predaj novostavba 1-izbového bytu v projekte Corvus","address":"Na Majeri, Malacky, okres Malacky","rooms":1,"meters":44,"totalPrice":129400,"meterSquarePrice":4,"link":"https://www.nehnutelnosti.sk/detail/JucT23DIFwr/na-predaj-novostavba-1-izboveho-bytu-v-projekte-corvus","imagesUrls":["https://img.unitedclassifieds.sk/foto/NjAweDMzOC9maWx0ZXJzOnF1YWxpdHkoMTAwKS9qdWw=/rdVFjSL2j_fss?st=g6hl8epT75ghbN0BBOBwQjZ5aVduiB5Pk2houGYz30U&ts=1706807745&e=0"]},{"title":"1 izbové byty s balkónom aj predzáhradkou v II. etape projektu Záruby v obci Rohožník","address":"Rohožník, Malacky, okres Malacky","rooms":1,"meters":38,"totalPrice":85000,"meterSquarePrice":2,"link":"https://www.nehnutelnosti.sk/detail/JurH1dZyY8K/1-izbove-byty-s-balkonom-aj-predzahradkou-v-ii-etape-projektu-zaruby-v-obci-rohoznik","imagesUrls":["https://img.unitedclassifieds.sk/foto/NjAweDMzOC9maWx0ZXJzOnF1YWxpdHkoMTAwKS9yc2Y=/fm-kPwi8g_fss?st=Yr_BCOeIUtO5m3sWcK1jTjzSS3TBLzOgYIib44DpMRw&ts=1692691512&e=0"]},{"title":"Na predaj novostavba 1-izbového bytu v projekte Corvus","address":"Na Majeri, Malacky, okres Malacky","rooms":1,"meters":43,"totalPrice":120400,"meterSquarePrice":9,"link":"https://www.nehnutelnosti.sk/detail/Ju7pBtGjV-e/na-predaj-novostavba-1-izboveho-bytu-v-projekte-corvus","imagesUrls":["https://img.unitedclassifieds.sk/foto/NjAweDMzOC9maWx0ZXJzOnF1YWxpdHkoMTAwKS9qdWw=/c-9xMJ_uT_fss?st=N0_SVxS17AkjFu3lRxiy6LyNCwoI2VnCsva3wJeVLdI&ts=1706807216&e=0"]},{"title":"Na predaj novostavba 3-izbového bytu s terasou v projekte Corvus","address":"Na Majeri, Malacky, okres Malacky","rooms":3,"meters":76,"totalPrice":230400,"meterSquarePrice":4,"link":"https://www.nehnutelnosti.sk/detail/JuX1qB9S6gU/na-predaj-novostavba-3-izboveho-bytu-s-terasou-v-projekte-corvus","imagesUrls":["https://img.unitedclassifieds.sk/foto/NjAweDMzOC9maWx0ZXJzOnF1YWxpdHkoMTAwKS9yc2Y=/Tt-DTFG7g_fss?st=ilNj-dDMcFDjbKaGrMGyppkXLrZE2v2T1ZlMbm7D6Ug&ts=1690867207&e=0"]},{"title":"Posledné voľné 1 izbové byty v I. etape projektu Záruby","address":"Obchodná, Rohožník, Malacky, okres Malacky","rooms":1,"meters":38,"totalPrice":75000,"meterSquarePrice":8,"link":"https://www.nehnutelnosti.sk/detail/JuibdJBpiBM/posledne-volne-1-izbove-byty-v-i-etape-projektu-zaruby","imagesUrls":["https://img.unitedclassifieds.sk/foto/NjAweDMzOC9maWx0ZXJzOnF1YWxpdHkoMTAwKS9yc2Y=/12mIb-R5f_fss?st=n65NPCCrkkNToRxmONCqNe5fKb8TVASugIyrnlOwmuc&ts=1684695278&e=0"]},{"title":"Na predaj skolaudovaný 3-izbový byt s terasou /19m2/ vo vysokom štandarde s exteriérovými žalúziami","address":"Na Majeri, Malacky, okres Malacky","rooms":3,"meters":91,"totalPrice":235900,"meterSquarePrice":1,"link":"https://www.nehnutelnosti.sk/detail/JuUAAoMxSaF/na-predaj-skolaudovany-3-izbovy-byt-s-terasou-19m2-vo-vysokom-standarde-s-exterierovymi-zaluziami","imagesUrls":["https://img.unitedclassifieds.sk/foto/NjAweDMzOC9maWx0ZXJzOnF1YWxpdHkoMTAwKS9yc2Y=/vaON9UZ8G_fss?st=z-iylDDApfatOSrWXkBRqEA4CSsk_UXZp7alLJsgNsU&ts=1700215769&e=0"]},{"title":"Na predaj skolaudovaný 3-izbový byt s balkónom vo vysokom štandarde s exteriérovými žalúziami","address":"Na Majeri, Malacky, okres Malacky","rooms":3,"meters":71,"totalPrice":191500,"meterSquarePrice":3,"link":"https://www.nehnutelnosti.sk/detail/JuPH8Ixgo-U/na-predaj-skolaudovany-3-izbovy-byt-s-balkonom-vo-vysokom-standarde-s-exterierovymi-zaluziami","imagesUrls":["https://img.unitedclassifieds.sk/foto/NjAweDMzOC9maWx0ZXJzOnF1YWxpdHkoMTAwKS9yc2Y=/wlAn0A0qA_fss?st=P7D0rw2kfE751PS5QucsH_FCvlyrnvEHKWBtTQfJtgs&ts=1696108926&e=0"]},{"title":"1 izbový byt v štandarde s predzáhradkou 92.000€ komplet Rohožník novostavba","address":"Obchodná, Rohožník, Malacky, okres Malacky","rooms":1,"meters":38,"totalPrice":92000,"meterSquarePrice":3,"link":"https://www.nehnutelnosti.sk/detail/JuR8xtWPQ6C/1-izbovy-byt-v-standarde-s-predzahradkou-92-000-komplet-rohoznik-novostavba","imagesUrls":["https://img.unitedclassifieds.sk/foto/NjAweDMzOC9maWx0ZXJzOnF1YWxpdHkoMTAwKS9yc2Y=/Zpwp5oNBM_fss?st=boN5fIQQFIqZkgq1koHjZj4A9Xhu0STVMwwLJP-gC-s&ts=1693945501&e=0"]},{"title":"Na predaj nadštandardný 2-izbový byt v projekte Pánske Záhrady","address":"Sekule, okres Senica","rooms":2,"meters":53,"totalPrice":115900,"meterSquarePrice":5,"link":"https://www.nehnutelnosti.sk/detail/Juuy_LCsajz/na-predaj-nadstandardny-2-izbovy-byt-v-projekte-panske-zahrady","imagesUrls":["https://img.unitedclassifieds.sk/foto/NjAweDMzOC9maWx0ZXJzOnF1YWxpdHkoMTAwKS9qdWw=/raszdAD-M_fss?st=DFKavhzh_IgCwHG88SejxdLgeWruOm6BnupGupZ1MVU&ts=1704539783&e=0"]},{"title":"1 izbový byt v štandarde s predzáhradkou 92.000€ komplet Rohožník novostavba","address":"Rohožník, Malacky, okres Malacky","rooms":1,"meters":38,"totalPrice":92000,"meterSquarePrice":3,"link":"https://www.nehnutelnosti.sk/detail/Ju8UhspqVWL/1-izbovy-byt-v-standarde-s-predzahradkou-92-000-komplet-rohoznik-novostavba","imagesUrls":["https://img.unitedclassifieds.sk/foto/NjAweDMzOC9maWx0ZXJzOnF1YWxpdHkoMTAwKS9yc2Y=/NHDnaf_Y4_fss?st=z3mhMDKOwB5T4KNtvRfZ0DiPaDiWBN1w7UzVUUOG3og&ts=1693945962&e=0"]},{"title":"Na predaj 2-izbový byt vo vysokom štandarde s exteriérovými žalúziami a predzáhradkou v projekte Cor","address":"Na Majeri, Malacky, okres Malacky","rooms":2,"meters":52,"totalPrice":161900,"meterSquarePrice":4,"link":"https://www.nehnutelnosti.sk/detail/Ju1txJljedD/na-predaj-2-izbovy-byt-vo-vysokom-standarde-s-exterierovymi-zaluziami-a-predzahradkou-v-projekte-cor","imagesUrls":["https://img.unitedclassifieds.sk/foto/NjAweDMzOC9maWx0ZXJzOnF1YWxpdHkoMTAwKS9yc2Y=/aSspzzinl_fss?st=IvHX3-WmIE0T__VSvtH1DcjFU41GTkgp72ZjLM6gEtE&ts=1696056283&e=0"]},{"title":"Na predaj skolaudovaný 2-izbový byt s predzáhradkou v projekte Corvus","address":"Na Majeri, Malacky, okres Malacky","rooms":2,"meters":51,"totalPrice":164900,"meterSquarePrice":9,"link":"https://www.nehnutelnosti.sk/detail/JujIhgnDqRo/na-predaj-skolaudovany-2-izbovy-byt-s-predzahradkou-v-projekte-corvus","imagesUrls":["https://img.unitedclassifieds.sk/foto/NjAweDMzOC9maWx0ZXJzOnF1YWxpdHkoMTAwKS9yc2Y=/RT_38igdQ_fss?st=UpQSreErMkDpWgcSlsEWrKgAYXx8wnajg_EA0pI2dBo&ts=1695721106&e=0"]},{"title":"Skolaudované ! 2 izbové byty v II. Etape projektu Záruby Rohožník","address":"Obchodná, Rohožník, Malacky, okres Malacky","rooms":2,"meters":52,"totalPrice":98000,"meterSquarePrice":7,"link":"https://www.nehnutelnosti.sk/detail/JuRdlbhB2mv/skolaudovane-2-izbove-byty-v-ii-etape-projektu-zaruby-rohoznik","imagesUrls":["https://img.unitedclassifieds.sk/foto/NjAweDMzOC9maWx0ZXJzOnF1YWxpdHkoMTAwKS9yc2Y=/KumwXp2AU_fss?st=e4xZPJWoPSg4bBsLrNZ39gPcsD5Ulu9AplCTBZMhMQY&ts=1687506975&e=0"]},{"title":"Na predaj novostavba 3-izbového bytu v projekte Corvus","address":"Na Majeri, Malacky, okres Malacky","rooms":3,"meters":83,"totalPrice":228900,"meterSquarePrice":7,"link":"https://www.nehnutelnosti.sk/detail/JuR_-GVRo67/na-predaj-novostavba-3-izboveho-bytu-v-projekte-corvus","imagesUrls":["https://img.unitedclassifieds.sk/foto/NjAweDMzOC9maWx0ZXJzOnF1YWxpdHkoMTAwKS9yc2Y=/dPKaIfPoW_fss?st=XWO70m3HENAZibtweJMvr-K0Sr3q9LG7PjXYjnWcg88&ts=1690867686&e=0"]},{"title":"Na predaj skolaudovaný 2-izbový byt s terasou /26m2/ vo vysokom štandarde","address":"Na Majeri, Malacky, okres Malacky","rooms":2,"meters":61,"totalPrice":188900,"meterSquarePrice":2,"link":"https://www.nehnutelnosti.sk/detail/JuGVbe7J2jl/na-predaj-skolaudovany-2-izbovy-byt-s-terasou-26m2-vo-vysokom-standarde","imagesUrls":["https://img.unitedclassifieds.sk/foto/NjAweDMzOC9maWx0ZXJzOnF1YWxpdHkoMTAwKS9yc2Y=/Wo9XD44Q5_fss?st=q8xTQHVb6VBuEHPibEO6TeWrX40b4gmeZIRQXI69uaI&ts=1700214609&e=0"]},{"title":"Skolaudované! Na predaj štýlový 2-izbový byt v projekte Corvus","address":"Na Majeri, Malacky, okres Malacky","rooms":2,"meters":54,"totalPrice":152900,"meterSquarePrice":8,"link":"https://www.nehnutelnosti.sk/detail/Jur3dmSteWS/skolaudovane-na-predaj-stylovy-2-izbovy-byt-v-projekte-corvus","imagesUrls":["https://img.unitedclassifieds.sk/foto/NjAweDMzOC9maWx0ZXJzOnF1YWxpdHkoMTAwKS9yc2Y=/Jlp7P-vPY_fss?st=VTJzP3Q2ST4rVZpHmCRM2Tghz5MDppIVIj9nHpiuFnU&ts=1690865547&e=0"]},{"title":"Na predaj štýlová a skolaudovaná novostavba 3-izbového bytu v štandarde v projekte Corvus","address":"Na Majeri, Malacky, okres Malacky","rooms":3,"meters":71,"totalPrice":191500,"meterSquarePrice":3,"link":"https://www.nehnutelnosti.sk/detail/JuhlrraWTKbW/na-predaj-stylova-a-skolaudovana-novostavba-3-izboveho-bytu-v-standarde-v-projekte-corvus","imagesUrls":["https://img.unitedclassifieds.sk/foto/NjAweDMzOC9maWx0ZXJzOnF1YWxpdHkoMTAwKS9yc2Y=/EBUZRQ0BW_fss?st=54JOAVXxKbXlt870EDqiuKxhna-5miiQzOdvNEsZkl8&ts=1696404893&e=0"]},{"title":"Predaj Luxusného Bytu v Novostavbe s Vysokým Štandardom Vybavenia","address":"Obchodná, Rohožník, Malacky, okres Malacky","rooms":2,"meters":53,"totalPrice":156000,"meterSquarePrice":0,"link":"https://www.nehnutelnosti.sk/detail/JuPhKMUMugO/predaj-luxusneho-bytu-v-novostavbe-s-vysokym-standardom-vybavenia","imagesUrls":["https://img.unitedclassifieds.sk/foto/NjAweDMzOC9maWx0ZXJzOnF1YWxpdHkoMTAwKS9qdWw=/28EfrH0fF_fss?st=AwpfQiNg65pHezBaPEtJ3NsObcAfwfsWDjPwT-Hzri0&ts=1716807196&e=0"]},{"title":"1 izbové byty s krásnym výhľadom aj v Štandarde! Záruby Rohožník","address":"Obchodná, Rohožník, Malacky, okres Malacky","rooms":1,"meters":38,"totalPrice":90000,"meterSquarePrice":2,"link":"https://www.nehnutelnosti.sk/detail/Ju11MtnJU3d/1-izbove-byty-s-krasnym-vyhladom-aj-v-standarde-zaruby-rohoznik","imagesUrls":["https://img.unitedclassifieds.sk/foto/NjAweDMzOC9maWx0ZXJzOnF1YWxpdHkoMTAwKS9qdWw=/Kbdoc839u_fss?st=_9BBGBjM345L1Yf-E3qBZBVbWwmtopFBQZzS1LQpNwU&ts=1713513967&e=0"]},{"title":"Na predaj skolaudovaná novostavba 1-izbového bytu v projekte Corvus","address":"Na Majeri, Malacky, okres Malacky","rooms":1,"meters":44,"totalPrice":129400,"meterSquarePrice":4,"link":"https://www.nehnutelnosti.sk/detail/Ju-tuDv4VfQ/na-predaj-skolaudovana-novostavba-1-izboveho-bytu-v-projekte-corvus","imagesUrls":["https://img.unitedclassifieds.sk/foto/NjAweDMzOC9maWx0ZXJzOnF1YWxpdHkoMTAwKS9qdWw=/4WlKHeEgw_fss?st=HGMSs--a2KYi3MzwyXmSwYIJnJUhayiz3kGf8wsfR_4&ts=1706806473&e=0"]},{"title":"2 izbové byty aj v štandarde ! Krásny výhľad Záruby Rohožník","address":"Obchodná, Rohožník, Malacky, okres Malacky","rooms":2,"meters":53,"totalPrice":110000,"meterSquarePrice":7,"link":"https://www.nehnutelnosti.sk/detail/JuabGddxCfD/2-izbove-byty-aj-v-standarde-krasny-vyhlad-zaruby-rohoznik","imagesUrls":["https://img.unitedclassifieds.sk/foto/NjAweDMzOC9maWx0ZXJzOnF1YWxpdHkoMTAwKS9qdWw=/YiG8GtMJS_fss?st=9fJavuBC8S3hUJ-gmJIGwLTiYWNUxZTE6O7tQwLGcxU&ts=1713514375&e=0"]},{"title":"Na predaj nadštandardný 2-izbový byt v projekte Pánske Záhrady","address":"Sekule, okres Senica","rooms":2,"meters":53,"totalPrice":115900,"meterSquarePrice":5,"link":"https://www.nehnutelnosti.sk/detail/JuxQGawBA4A/na-predaj-nadstandardny-2-izbovy-byt-v-projekte-panske-zahrady","imagesUrls":["https://img.unitedclassifieds.sk/foto/NjAweDMzOC9maWx0ZXJzOnF1YWxpdHkoMTAwKS9qdWw=/raszdAD-M_fss?st=DFKavhzh_IgCwHG88SejxdLgeWruOm6BnupGupZ1MVU&ts=1704539783&e=0"]},{"title":"Krásny 2 izbový byt na Bebravskej ulici","address":"Bebravská, Bratislava II - Vrakuňa, okres Bratislava","rooms":2,"meters":52,"totalPrice":143000,"meterSquarePrice":1,"link":"https://www.nehnutelnosti.sk/detail/JuA1WQ_5gwL/krasny-2-izbovy-byt-na-bebravskej-ulici","imagesUrls":["https://img.unitedclassifieds.sk/foto/NjAweDMzOC9maWx0ZXJzOnF1YWxpdHkoMTAwKS9qdWw=/JlvVBH5UC_fss?st=ERoccMHnGcjFqXh6opPvMMgIUao9zl4a4MeF4ymcnsM&ts=1723798520&e=0"]}]