[{"title":"PREDAJ, 3 - izbový byt Radvaň, Sládkovičova ulica, 4x lodžia","address":"Sládkovičova, Banská Bystrica, okres Banská Bystrica","rooms":3,"meters":76,"totalPrice":146000,"meterSquarePrice":5,"link":"https://www.nehnutelnosti.sk/detail/JuYHWt76DHB/predaj-3-izbovy-byt-radvan-sladkovicova-ulica-4x-lodzia","imagesUrls":["https://img.nehnutelnosti.sk/foto/NjAweDMzOC9maWx0ZXJzOnF1YWxpdHkoMTAwKS9uZWg=/ht0eU3feU_fss?st=69wW23en8UXmBiVPnObULlfc2XKmn8g4051ndz0sex8&ts=1726147056&e=0","https://img.nehnutelnosti.sk/foto/MTUweDg0L2ZpbHRlcnM6cXVhbGl0eSgxMDApL25laA==/1PKnbGe73_fss?st=J-rMUdnp9P5nJPmQN9lZbRrcsgI3hfy6mY9T9irQDi8&ts=1726147057&e=0","https://img.nehnutelnosti.sk/foto/MTUweDg0L2ZpbHRlcnM6cXVhbGl0eSgxMDApL25laA==/2GioGNh6wx_fss?st=kqJf4Jm4okzyKvZlCTwDQDgek7Y7QivWN6DVq4VHQLM&ts=1726147055&e=0","https://img.nehnutelnosti.sk/foto/MTUweDg0L2ZpbHRlcnM6cXVhbGl0eSgxMDApL25laA==/qZSR0yC1D_fss?st=98Sw9KG8t0jPrLZGmImCQBgjZ3-ctg-rlYsqzhDB-vE&ts=1726147056&e=0"]},{"title":"Luxusný 4 izbový byt v projekte Toskana - BA Vrakuňa, s 3 parkovacími miestami, terasou 20m2 a pozem","address":"Bratislava II - Vrakuňa, okres Bratislava","rooms":4,"meters":126,"totalPrice":349000,"meterSquarePrice":4,"link":"https://www.nehnutelnosti.sk/detail/JuTpTJbsV6UF/luxusny-4-izbovy-byt-v-projekte-toskana-ba-vrakuna-s-3-parkovacimi-miestami-terasou-20m2-a-pozem","imagesUrls":["https://img.nehnutelnosti.sk/foto/NjAweDMzOC9maWx0ZXJzOnF1YWxpdHkoMTAwKS9uZWg=/HJbxXGNfyb_fss?st=L7Rp9hhXLW7L7FrCnDIgJYeL094Ua1v_8_qfzE9uNG8&ts=1724373254&e=0","https://img.nehnutelnosti.sk/foto/MTUweDg0L2ZpbHRlcnM6cXVhbGl0eSgxMDApL25laA==/nASY0mFSES_fss?st=fOsLq7Mq8C6AEzXLFRNriusAOXyaKRlEp4tA_UiRkfk&ts=1724373254&e=0","https://img.nehnutelnosti.sk/foto/MTUweDg0L2ZpbHRlcnM6cXVhbGl0eSgxMDApL25laA==/FOeITwMDrJ_fss?st=1lEyWG8dYNef9wwQ8H1BBa1S9shb6MNEHhWV5i8M_po&ts=1724373257&e=0","https://img.nehnutelnosti.sk/foto/MTUweDg0L2ZpbHRlcnM6cXVhbGl0eSgxMDApL25laA==/KAZLKFNFnn_fss?st=4Wamb-Kk1G2Uxp5MFFOEj5DOvpKMfvBpptKhpVJe6nc&ts=1724373250&e=0"]},{"title":"Štýlový 4 izbový „Chalet Grandview C“, Vysoké Tatry - Stará Lesná","address":"Lesná, Vysoké Tatry, okres Poprad","rooms":null,"meters":122,"totalPrice":374000,"meterSquarePrice":7,"link":"https://www.nehnutelnosti.sk/detail/JusPN2UkiVj/stylovy-4-izbovy-chalet-grandview-c-vysoke-tatry-stara-lesna","imagesUrls":["https://img.nehnutelnosti.sk/foto/NjAweDMzOC9maWx0ZXJzOnF1YWxpdHkoMTAwKS9uZWg=/k2RTutAbm_fss?st=qC_4XvY0R0Df1pUc8E4Vag_dKvTSE69Ijol82KUrUt4&ts=1725484303&e=0","https://img.nehnutelnosti.sk/foto/MTUweDg0L2ZpbHRlcnM6cXVhbGl0eSgxMDApL25laA==/YSyAxO5g9_fss?st=Y86tEVPAH-FV10gpKu_v87uuSkYGdAs6j9FcSRjyUU8&ts=1725484305&e=0","https://img.nehnutelnosti.sk/foto/MTUweDg0L2ZpbHRlcnM6cXVhbGl0eSgxMDApL25laA==/Htu6qhOvE_fss?st=zbH427LWOOLp9QnLzmoPVNy4K1GEegi3IGWRb0rn_Kc&ts=1725484307&e=0","https://img.nehnutelnosti.sk/foto/MTUweDg0L2ZpbHRlcnM6cXVhbGl0eSgxMDApL25laA==/x1TkgSidre_fss?st=P2pKibyZwZ8s4sBctvWjhCPK8qK1Ih5LPQaesVBDguE&ts=1725484303&e=0"]},{"title":"Predám 1-izbový byt po kompletnej rekonštrukcii","address":"Svätoplukova, Púchov, okres Púchov","rooms":1,"meters":35,"totalPrice":89000,"meterSquarePrice":6,"link":"https://www.nehnutelnosti.sk/detail/JurVYCpNEJn/predam-1-izbovy-byt-po-kompletnej-rekonstrukcii","imagesUrls":["https://img.nehnutelnosti.sk/foto/NjAweDMzOC9maWx0ZXJzOnF1YWxpdHkoMTAwKS9uZWg=/onqpWSrf48_fss?st=61FqV-pwrZkF1ZkWGYwK7JgkXEsSy1HEe1Hlf0mHK-4&ts=1725098248&e=0","https://img.nehnutelnosti.sk/foto/MTUweDg0L2ZpbHRlcnM6cXVhbGl0eSgxMDApL25laA==/p1-FpLiaC_fss?st=fMgB2fjWDdyzrHWNRTYejIor0esqWhGfpMLMkOMovcE&ts=1725098244&e=0","https://img.nehnutelnosti.sk/foto/MTUweDg0L2ZpbHRlcnM6cXVhbGl0eSgxMDApL25laA==/e2zLRurG61_fss?st=wh17yZzI4l7VPYu8CPSR-ZhUo7myNfeFFMIozRx4Nmo&ts=1725098243&e=0","https://img.nehnutelnosti.sk/foto/MTUweDg0L2ZpbHRlcnM6cXVhbGl0eSgxMDApL25laA==/gRqab427u_fss?st=zdXpi31x9F9VBclQ54VrWYkTGjdu-g9MrOizKDQA360&ts=1725098246&e=0"]},{"title":"Arvin & Benet | Objavte ideálne štartovacie bývanie pri Horskom Parku","address":"Bôrik, Bratislava I - Staré Mesto, okres Bratislava","rooms":null,"meters":26,"totalPrice":155000,"meterSquarePrice":4,"link":"https://www.nehnutelnosti.sk/detail/JuLRLIUpsQq/arvin-benet-objavte-idealne-startovacie-byvanie-pri-horskom-parku","imagesUrls":["https://img.unitedclassifieds.sk/foto/NjAweDMzOC9maWx0ZXJzOnF1YWxpdHkoMTAwKS9qdWw=/AKKqmVkEv_fss?st=o1YzSHBjb5AgMTQ3GQZRyFhDZPwglMk-yo1hnDZglv0&ts=1726823192&e=0","https://img.unitedclassifieds.sk/foto/MTUweDg0L2ZpbHRlcnM6cXVhbGl0eSgxMDApL2p1bA==/hKOyuw2D-_fss?st=QitMjsfNn6khhC2ONZzRtwS2DefCUGz_z2oF7jfb0lQ&ts=1726823192&e=0","https://img.unitedclassifieds.sk/foto/MTUweDg0L2ZpbHRlcnM6cXVhbGl0eSgxMDApL2p1bA==/BWaRX5gMf_fss?st=x5L7wMrKytr95C5CPatfzOV4diLbY7xHnzGxxuxzYF0&ts=1726823195&e=0","https://img.unitedclassifieds.sk/foto/MTUweDg0L2ZpbHRlcnM6cXVhbGl0eSgxMDApL2p1bA==/SyIpGrJ9wJ_fss?st=GYjZ7Rf0toJHPl_fxPztceqKzYeVd1VZas4NugY3ZrM&ts=1726823209&e=0"]},{"title":"PREDAJ: 2 IZBOVÝ BYT 50 m2 K TOMU 6 m2 PIVNICE, KEŽMAROK","address":"Generála Štefánika, Kežmarok, okres Kežmarok","rooms":2,"meters":50,"totalPrice":89942,"meterSquarePrice":4,"link":"https://www.nehnutelnosti.sk/detail/JucI7FaupCGa/predaj-2-izbovy-byt-50-m2-k-tomu-6-m2-pivnice-kezmarok","imagesUrls":["https://img.nehnutelnosti.sk/foto/NjAweDMzOC9maWx0ZXJzOnF1YWxpdHkoMTAwKS9uZWg=/Dl0KGkLhon_fss?st=oPKJoOSV2oVIcXojKsyvY7ro4cI7yzI8foXuGKqNyAY&ts=1724343857&e=0","https://img.nehnutelnosti.sk/foto/MTUweDg0L2ZpbHRlcnM6cXVhbGl0eSgxMDApL25laA==/37v9ihwokw_fss?st=hSMAPv42YDIPag7JDmnCz3DwgsEwk0oJZNlEzMFfSmw&ts=1724343857&e=0","https://img.nehnutelnosti.sk/foto/MTUweDg0L2ZpbHRlcnM6cXVhbGl0eSgxMDApL25laA==/EL8t925rs_fss?st=-tGzHXhGaqOWBEwa5yzjoHK0UicrWlFIgxwWs8XQquY&ts=1724343854&e=0","https://img.nehnutelnosti.sk/foto/MTUweDg0L2ZpbHRlcnM6cXVhbGl0eSgxMDApL25laA==/TGvHuBQNH_fss?st=gufEtjzAougaq7unrfqbZ1lq1zi4jb6W0EH9uzTW21M&ts=1724343854&e=0"]},{"title":"PREDAJ: 2 IZBOVÝ BYT 62 M2, LODŽIA, GARÁŽ, VYSOKÉ TATRY","address":"Lipová, Veľká Lomnica, okres Kežmarok","rooms":2,"meters":56,"totalPrice":168000,"meterSquarePrice":0,"link":"https://www.nehnutelnosti.sk/detail/JudLYK7Nyoj/predaj-2-izbovy-byt-62-m2-lodzia-garaz-vysoke-tatry","imagesUrls":["https://img.nehnutelnosti.sk/foto/NjAweDMzOC9maWx0ZXJzOnF1YWxpdHkoMTAwKS9uZWg=/L2d8rEomw_fss?st=J6OHXdL1mRFZjo4H6fp2AF9Z-3D0ejFdW3iHH9wp8QM&ts=1724347556&e=0","https://img.nehnutelnosti.sk/foto/MTUweDg0L2ZpbHRlcnM6cXVhbGl0eSgxMDApL25laA==/xBTpgDdJI__fss?st=NYBR9dVbEsIwsRTj3OvyMEoZw9liT_0vVBvGlAd_fvI&ts=1724347551&e=0","https://img.nehnutelnosti.sk/foto/MTUweDg0L2ZpbHRlcnM6cXVhbGl0eSgxMDApL25laA==/jeOOCJtbE2_fss?st=N1Lwq6VCeIh7Ofjdh7mo_CrWVCPUXmHmR0gYFkP2woo&ts=1724347554&e=0","https://img.nehnutelnosti.sk/foto/MTUweDg0L2ZpbHRlcnM6cXVhbGl0eSgxMDApL25laA==/WGVNqMVMc_fss?st=eSAJZtcMrwNOzZO0kUgcrZaIA-uVCwEIwl6Wxl-f3Vo&ts=1724347552&e=0"]},{"title":"Užívajte si aktívny oddych v blízkosti Vášho domova a majte na skok do Karpát!","address":"Vrbenského, Bratislava III - Rača, okres Bratislava","rooms":2,"meters":48,"totalPrice":217044,"meterSquarePrice":9,"link":"https://www.nehnutelnosti.sk/detail/Ju5p-L3KhK8/uzivajte-si-aktivny-oddych-v-blizkosti-vasho-domova-a-majte-na-skok-do-karpat","imagesUrls":["https://img.nehnutelnosti.sk/foto/NjAweDMzOC9maWx0ZXJzOnF1YWxpdHkoMTAwKS9uZWg=/wN4xPmWjP_fss?st=oStexY-NHhKW5476wRzdzJsox0eE8reXV7HnYISTXZM&ts=1707255531&e=0","https://img.nehnutelnosti.sk/foto/MTUweDg0L2ZpbHRlcnM6cXVhbGl0eSgxMDApL25laA==/jFM5_Ztax_fss?st=fTg95DOQEVNYrVYEgD3OvO3dOVDDP_My_0SBFOpub54&ts=1707255534&e=0","https://img.nehnutelnosti.sk/foto/MTUweDg0L2ZpbHRlcnM6cXVhbGl0eSgxMDApL25laA==/cKaaj_Nmq_fss?st=xxWDdhv_n9EBvbUgQE4XkhxBn_RQ_tO9ehY0sG45KPQ&ts=1707255532&e=0","https://img.nehnutelnosti.sk/foto/MTUweDg0L2ZpbHRlcnM6cXVhbGl0eSgxMDApL25laA==/yVb_lThkL_fss?st=gV1S_D4VzjEn0kXy2DD4_q1z5zCKo1hFMA6_INIlxhM&ts=1707255532&e=0"]},{"title":"3D prehliadka predaj 3 izbový byt s lódžiou, Pezinok, Obrancov mieru","address":"Obrancov mieru, Pezinok, okres Pezinok","rooms":3,"meters":71,"totalPrice":149990,"meterSquarePrice":6,"link":"https://www.nehnutelnosti.sk/detail/Ju6auqphjQ7/3d-prehliadka-predaj-3-izbovy-byt-s-lodziou-pezinok-obrancov-mieru","imagesUrls":["https://img.nehnutelnosti.sk/foto/NjAweDMzOC9maWx0ZXJzOnF1YWxpdHkoMTAwKS9uZWg=/YbfPQp7D4_fss?st=Yze_Y0XuTn1ShUFAPKWGi_XEhaqTcwBP0XcVX0cNbdI&ts=1727027812&e=0","https://img.nehnutelnosti.sk/foto/MTUweDg0L2ZpbHRlcnM6cXVhbGl0eSgxMDApL25laA==/Him8L2ehIZ_fss?st=3bEG_Ap2vp24vM4Txpdrik0r9P30n9fG6dDdlE5XHg4&ts=1727027810&e=0","https://img.nehnutelnosti.sk/foto/MTUweDg0L2ZpbHRlcnM6cXVhbGl0eSgxMDApL25laA==/gPxh1CIGy-_fss?st=pxs6xE6BZH6WXDltuEJKGpW-8_6GzH0J6xgMQsPhMYI&ts=1727027811&e=0","https://img.nehnutelnosti.sk/foto/MTUweDg0L2ZpbHRlcnM6cXVhbGl0eSgxMDApL25laA==/RDZ5U1vSwF_fss?st=ZNsEwxbyIY_7c-bkSafoqBe6zCEow6sF9o3Loq9jK_4&ts=1727027809&e=0"]},{"title":"Nový 2 izbový byt s balkónom - NOEMIS","address":"Cementárenská, Stupava, okres Malacky","rooms":2,"meters":54,"totalPrice":155000,"meterSquarePrice":7,"link":"https://www.nehnutelnosti.sk/detail/JuEN3K-olm-/novy-2-izbovy-byt-s-balkonom-noemis","imagesUrls":["https://img.nehnutelnosti.sk/foto/NjAweDMzOC9maWx0ZXJzOnF1YWxpdHkoMTAwKS9uZWg=/2d1OiHOms_fss?st=jq2J0cxX3vruIOtMtTRUK9BG7cIPrZSSc5u439Wt9lU&ts=1718612086&e=0","https://img.nehnutelnosti.sk/foto/MTUweDg0L2ZpbHRlcnM6cXVhbGl0eSgxMDApL25laA==/fnC5xctiA_fss?st=Fs_Kwey57Bpu1FkJ39iE_8tbkX03fWTlB7mZNkqtDTc&ts=1718612085&e=0","https://img.nehnutelnosti.sk/foto/MTUweDg0L2ZpbHRlcnM6cXVhbGl0eSgxMDApL25laA==/BczTP9PSo_fss?st=6LI1qtwwqTaynRKrK9LhpCinXESLgOwnlv_Nhjq2uMw&ts=1718612086&e=0","https://img.nehnutelnosti.sk/foto/MTUweDg0L2ZpbHRlcnM6cXVhbGl0eSgxMDApL25laA==/eOKtWRsDb_fss?st=olGya3uPP-vt8miHgKpUJl8409wV2TTBd887TRbjUUY&ts=1718612086&e=0"]},{"title":"**1,5-IZBOVÝ BYT V NOVOSTAVBE S LOGGIOU A PARKOVACÍM MIESTOM**","address":"Marhuľová, Senec, okres Senec","rooms":1,"meters":38,"totalPrice":129900,"meterSquarePrice":2,"link":"https://www.nehnutelnosti.sk/detail/JuHghRiPCL0/1-5-izbovy-byt-v-novostavbe-s-loggiou-a-parkovacim-miestom","imagesUrls":["https://img.unitedclassifieds.sk/foto/NjAweDMzOC9maWx0ZXJzOnF1YWxpdHkoMTAwKS9qdWw=/kBqQMi6wR_fss?st=jW4e8lGnY6M1ZRXNoBVx61MCVEIuf04bWVhz8NvQrVM&ts=1726822647&e=0","https://img.unitedclassifieds.sk/foto/MTUweDg0L2ZpbHRlcnM6cXVhbGl0eSgxMDApL2p1bA==/J2nOOIbKov_fss?st=MxHQMQ_ayZeNULC1JYUoAPILwH8hhNW-Zrdqa1RLDM8&ts=1726822695&e=0","https://img.unitedclassifieds.sk/foto/MTUweDg0L2ZpbHRlcnM6cXVhbGl0eSgxMDApL2p1bA==/iIzZWp5Po_fss?st=kNUlzVsH--HZfMPMyGMfFO7uTa5L-_6G5AhyeX-wo-w&ts=1726822700&e=0","https://img.unitedclassifieds.sk/foto/MTUweDg0L2ZpbHRlcnM6cXVhbGl0eSgxMDApL2p1bA==/nEaAi5iva_fss?st=PnqT76IzYgrX5MsXrQPrxXIPDEKklSpPTizzRerUVa4&ts=1726822701&e=0"]},{"title":"2 izbový byt v projekte MALY RAJ RESIDENCE, cena práce štandardu v cene","address":"Dlhá, Slovenský Grob, okres Pezinok","rooms":2,"meters":39,"totalPrice":130500,"meterSquarePrice":2,"link":"https://www.nehnutelnosti.sk/detail/Jucr5yQ8OR3/2-izbovy-byt-v-projekte-maly-raj-residence-cena-prace-standardu-v-cene","imagesUrls":["https://img.nehnutelnosti.sk/foto/NjAweDMzOC9maWx0ZXJzOnF1YWxpdHkoMTAwKS9uZWg=/LUcruLDfP_fss?st=a88HKla4uhdXgunF4i__fUUFeT833lpxwYsiucfd1Dk&ts=1715804842&e=0","https://img.nehnutelnosti.sk/foto/MTUweDg0L2ZpbHRlcnM6cXVhbGl0eSgxMDApL25laA==/ta6jyf5KkO_fss?st=Ll0s91WT9LOAs3jutiEgri0kzi1wn7MESCA99AtoRbw&ts=1715804843&e=0","https://img.nehnutelnosti.sk/foto/MTUweDg0L2ZpbHRlcnM6cXVhbGl0eSgxMDApL25laA==/_TPnwYgjva_fss?st=XIXM3iIyX3wvd6M4ON6sDAbTnPZtuYfuOg6D6PTuJRI&ts=1715804842&e=0","https://img.nehnutelnosti.sk/foto/MTUweDg0L2ZpbHRlcnM6cXVhbGl0eSgxMDApL25laA==/fQlEOnbmX6_fss?st=aB1pu2B5VFsQrMxsh55DyFH1dw9EMJLiZUaF0u6m1DU&ts=1715804842&e=0"]},{"title":"3 izbový byt v projekte MALY RAJ RESIDENCE","address":"Dlhá, Slovenský Grob, okres Pezinok","rooms":3,"meters":56,"totalPrice":194650,"meterSquarePrice":6,"link":"https://www.nehnutelnosti.sk/detail/JupX2hHnHUu/3-izbovy-byt-v-projekte-maly-raj-residence","imagesUrls":["https://img.nehnutelnosti.sk/foto/NjAweDMzOC9maWx0ZXJzOnF1YWxpdHkoMTAwKS9uZWg=/fbaJfyEArj_fss?st=kyG3Wg5hu5jcUrACekWRWb6TYPaEtEhKB0Vkdi2DvQY&ts=1715804851&e=0","https://img.nehnutelnosti.sk/foto/MTUweDg0L2ZpbHRlcnM6cXVhbGl0eSgxMDApL25laA==/KB9168Qq0g_fss?st=G00ldHKqtTzXwaPUL7LGaoDDmqFKbMxsa_krxCvS_VE&ts=1715804851&e=0","https://img.nehnutelnosti.sk/foto/MTUweDg0L2ZpbHRlcnM6cXVhbGl0eSgxMDApL25laA==/13bH3b3-Yj_fss?st=9L-Ag2jWv985Fy4SmORB7wIUeeOimjPz5VTynHaG9AY&ts=1715804850&e=0","https://img.nehnutelnosti.sk/foto/MTUweDg0L2ZpbHRlcnM6cXVhbGl0eSgxMDApL25laA==/antFCd8jWU_fss?st=NAu7geXf7FTD0ppkM_jungFQ0SgZpYv6R7-dZD77q0M&ts=1715804852&e=0"]},{"title":"2izbový klimatizovaný byt, čiastočne zariadený","address":"Tomášikova, Bratislava III - Nové Mesto, okres Bratislava","rooms":2,"meters":58,"totalPrice":219900,"meterSquarePrice":2,"link":"https://www.nehnutelnosti.sk/detail/Juq7kEmHkPw/2izbovy-klimatizovany-byt-ciastocne-zariadeny","imagesUrls":["https://img.nehnutelnosti.sk/foto/NjAweDMzOC9maWx0ZXJzOnF1YWxpdHkoMTAwKS9uZWg=/EiUISujsFG_fss?st=swY_pY--39QFNoqDl79Fda0o7UmSYuBaCJN2GlECfg4&ts=1714463335&e=0","https://img.nehnutelnosti.sk/foto/MTUweDg0L2ZpbHRlcnM6cXVhbGl0eSgxMDApL25laA==/UFrs46pfoa_fss?st=WXIcuB6CYQGWMo0KqC8JRTLf3GXZmOYP0pR66otLtB8&ts=1714463336&e=0","https://img.nehnutelnosti.sk/foto/MTUweDg0L2ZpbHRlcnM6cXVhbGl0eSgxMDApL25laA==/tldt4mJGl_fss?st=1y2bHmSEMbUIepqbm7wFC7ujkzqdInay605hcnLKSJk&ts=1714463336&e=0","https://img.nehnutelnosti.sk/foto/MTUweDg0L2ZpbHRlcnM6cXVhbGl0eSgxMDApL25laA==/Sz16DZMvnu_fss?st=Bab0067PegtUpTglTkd96oEUoo_Wzwl04HK5CtQcXF8&ts=1714463336&e=0"]},{"title":"Halalovka 7909/48B na predaj  2-izbový byt č. 14  za 146.500 €","address":"Halalovka, Trenčín, okres Trenčín","rooms":2,"meters":59,"totalPrice":146500,"meterSquarePrice":5,"link":"https://www.nehnutelnosti.sk/detail/JuzZFOFWGfo/halalovka-7909-48b-na-predaj-2-izbovy-byt-c-14-za-146-500","imagesUrls":["https://img.nehnutelnosti.sk/foto/NjAweDMzOC9maWx0ZXJzOnF1YWxpdHkoMTAwKS9uZWg=/FNReB_WGu_fss?st=juFyTf4ClFPf0bOY3Awl0OkeOn1i8RNg6PjUH0QPbek&ts=1722588716&e=0","https://img.nehnutelnosti.sk/foto/MTUweDg0L2ZpbHRlcnM6cXVhbGl0eSgxMDApL25laA==/zLH7BZJF4_fss?st=0a-jeD-zrXYkUNmnYa-2eyqeSQpo6Qit8pHstXJ1vag&ts=1722588716&e=0","https://img.nehnutelnosti.sk/foto/MTUweDg0L2ZpbHRlcnM6cXVhbGl0eSgxMDApL25laA==/vgzA8UMvo_fss?st=FvPeJH4GphqRWQXGAIgq91OaOyGPQsXYWBOS61r11HI&ts=1722588716&e=0","https://img.nehnutelnosti.sk/foto/MTUweDg0L2ZpbHRlcnM6cXVhbGl0eSgxMDApL25laA==/QPihf1LiF_fss?st=ZNe_PTY5BmIUtBd7u9veefpePnQBITGnfCDFYo9Ae4Y&ts=1722588715&e=0"]},{"title":"Arvin & Benet | Štýlový 2i byt v projekte City House","address":"Ružinovská, Bratislava II - Ružinov, okres Bratislava","rooms":2,"meters":49,"totalPrice":217000,"meterSquarePrice":7,"link":"https://www.nehnutelnosti.sk/detail/JumS76I19S_/arvin-benet-stylovy-2i-byt-v-projekte-city-house","imagesUrls":["https://img.unitedclassifieds.sk/foto/NjAweDMzOC9maWx0ZXJzOnF1YWxpdHkoMTAwKS9qdWw=/1SBLRzdRX_fss?st=tetDxy1Y0jWuMLw78HSG1p1S55LJ_5RFSA092-CcIUk&ts=1724766115&e=0","https://img.unitedclassifieds.sk/foto/MTUweDg0L2ZpbHRlcnM6cXVhbGl0eSgxMDApL2p1bA==/9Bkb-yXaN_fss?st=jROic_Mv3q2PEi0KP4UgNIUro6j7EtWkHeRTv0vb_wI&ts=1724766118&e=0","https://img.unitedclassifieds.sk/foto/MTUweDg0L2ZpbHRlcnM6cXVhbGl0eSgxMDApL2p1bA==/FNjEOgrRA_fss?st=nU1utjBu7eOYGxTq45ui2i55X4Un43IzxkVaLvw3lg4&ts=1724766114&e=0","https://img.unitedclassifieds.sk/foto/MTUweDg0L2ZpbHRlcnM6cXVhbGl0eSgxMDApL2p1bA==/KChhQCHi3_fss?st=6FivoZx10jZ-NZ8rMMQNkm1xEyUYoe3G7QoONOzx8XQ&ts=1724766118&e=0"]},{"title":"Arvin & Benet | Moderný 5i dom so samostatnou časťou pre domácu kanceláriu, wellness či podnikanie","address":"Krajná, Bratislava II - Ružinov, okres Bratislava","rooms":5,"meters":288,"totalPrice":649000,"meterSquarePrice":7,"link":"https://www.nehnutelnosti.sk/detail/Jur_i9EYq_B/arvin-benet-moderny-5i-dom-sosamostatnou-castou-pre-domacu-kancelariu-wellness-ci-podnikanie","imagesUrls":["https://img.unitedclassifieds.sk/foto/NjAweDMzOC9maWx0ZXJzOnF1YWxpdHkoMTAwKS9qdWw=/RapmaaueL_fss?st=m-1GS6w_mC2RJpn5GHaIJ69B1xtFJ-7WVDX9ZgBPs6g&ts=1726490120&e=0","https://img.unitedclassifieds.sk/foto/MTUweDg0L2ZpbHRlcnM6cXVhbGl0eSgxMDApL2p1bA==/de85KZ66mW_fss?st=vbbXqHn7eRe2b0Qis6e2Oa-y0N2fcdwM2ujZIsw3Yhc&ts=1726490122&e=0","https://img.unitedclassifieds.sk/foto/MTUweDg0L2ZpbHRlcnM6cXVhbGl0eSgxMDApL2p1bA==/QfeH3mQRn_fss?st=LTJNLGrEK-cROQJP5qAgjRb2I2To359C-a_mJzlkeLY&ts=1726490118&e=0","https://img.unitedclassifieds.sk/foto/MTUweDg0L2ZpbHRlcnM6cXVhbGl0eSgxMDApL2p1bA==/7YTnv26a-_fss?st=En3ZzTRQb8VjVSTCE-6TNGEyc7CKrLD9zEVUUuT-OCs&ts=1726490121&e=0"]},{"title":"Arvin & Benet | Duša a história v jednom","address":"Štiavnické Bane, okres Banská Štiavnica","rooms":2,"meters":79,"totalPrice":98500,"meterSquarePrice":4,"link":"https://www.nehnutelnosti.sk/detail/JucSzrLVgNq/arvin-benet-dusa-a-historia-v-jednom","imagesUrls":["https://img.unitedclassifieds.sk/foto/NjAweDMzOC9maWx0ZXJzOnF1YWxpdHkoMTAwKS9qdWw=/gpT_ktAQG_fss?st=fw6zZF63Gk3hU6tqeTIj3UXX9fuwqKDVIZvcw3TN-xs&ts=1725462186&e=0","https://img.unitedclassifieds.sk/foto/MTUweDg0L2ZpbHRlcnM6cXVhbGl0eSgxMDApL2p1bA==/lAytFWHnW_fss?st=3NezWoujWc3s2kJgD-5-3iwB0ovJ-NCQ4MrDGpNG3Qk&ts=1725462210&e=0","https://img.unitedclassifieds.sk/foto/MTUweDg0L2ZpbHRlcnM6cXVhbGl0eSgxMDApL2p1bA==/jEu6_wBIR_fss?st=9N37oYRpEKLp8_FWH7vW_cFWTu5oKpLOQXyYDEOiVDk&ts=1725462712&e=0","https://img.unitedclassifieds.sk/foto/MTUweDg0L2ZpbHRlcnM6cXVhbGl0eSgxMDApL2p1bA==/LAQ_RsE6G_fss?st=sERjnM60shenO0Boz_qzNNAHcUKWMKntujkFgCwpJsY&ts=1725462227&e=0"]},{"title":"Arvin & Benet | Luxusné bývanie so záhradnou a bazénom na Kolibe","address":"Bratislava III - Nové Mesto, okres Bratislava","rooms":3,"meters":149,"totalPrice":595000,"meterSquarePrice":9,"link":"https://www.nehnutelnosti.sk/detail/JuZ-vNXbUyn/arvin-benet-luxusne-byvanie-so-zahradnou-a-bazenom-na-kolibe","imagesUrls":["https://img.unitedclassifieds.sk/foto/NjAweDMzOC9maWx0ZXJzOnF1YWxpdHkoMTAwKS9qdWw=/zjg6_0XzK_fss?st=PKzzAr1pggogZuCvBPM8rKXAk0fGQ33p9VEdUhKX8Io&ts=1726502628&e=0","https://img.unitedclassifieds.sk/foto/MTUweDg0L2ZpbHRlcnM6cXVhbGl0eSgxMDApL2p1bA==/jkVhBrfW1_fss?st=QlinGieYoHZRDPAWMrlKuRsx_6vhW3SOWdJWlOEcjwg&ts=1726502631&e=0","https://img.unitedclassifieds.sk/foto/MTUweDg0L2ZpbHRlcnM6cXVhbGl0eSgxMDApL2p1bA==/UGaM5-Iyf_fss?st=ZlhzEfp8lFdFq3A7gCr1aG48APcdzMNLdAra_WP61O0&ts=1726502632&e=0","https://img.unitedclassifieds.sk/foto/MTUweDg0L2ZpbHRlcnM6cXVhbGl0eSgxMDApL2p1bA==/L4-8cOYIo_fss?st=6OSpXbjyE-dvqptt4L_etsS_BwvNg8BVYRjDKYh4Szo&ts=1726502629&e=0"]},{"title":"Arvin & Benet | Štýlový byt s panoramatickým výhľadom a záhradou v projekte ParkVille","address":"Strážna, Bratislava III - Nové Mesto, okres Bratislava","rooms":3,"meters":124,"totalPrice":599000,"meterSquarePrice":5,"link":"https://www.nehnutelnosti.sk/detail/JuU3BeW6-KL/arvin-benet-stylovy-byt-s-panoramatickym-vyhladom-a-zahradou-v-projekte-parkville","imagesUrls":["https://img.unitedclassifieds.sk/foto/NjAweDMzOC9maWx0ZXJzOnF1YWxpdHkoMTAwKS9qdWw=/-Zy4b4woS_fss?st=atw7Y2jEUu34e_F3v4nPCMTKoXlm5xzl4DajUpdlJgw&ts=1717400316&e=0","https://img.unitedclassifieds.sk/foto/MTUweDg0L2ZpbHRlcnM6cXVhbGl0eSgxMDApL2p1bA==/bft6bEEmp_fss?st=46ck9Wj-deDCC-RC2Ohqwm11bISbz9mdKtiO7Nklpaw&ts=1717400315&e=0","https://img.unitedclassifieds.sk/foto/MTUweDg0L2ZpbHRlcnM6cXVhbGl0eSgxMDApL2p1bA==/WgVTXGK1N_fss?st=e4Cj0DPOzvIAkXXL7gSqSnkaK8K-08D173q8FSbzNm4&ts=1717400324&e=0","https://img.unitedclassifieds.sk/foto/MTUweDg0L2ZpbHRlcnM6cXVhbGl0eSgxMDApL2p1bA==/ekWSi4sI2_fss?st=eNUHgs6NyrWaqPT5R4G7BecVi4aeXiHU87BwANb555E&ts=1717400316&e=0"]},{"title":"VÝNIMOČNÝ 2-IZBOVÝ BYT S LOGGIOU V 4. VEŽI SKY PARK - 21.PODLAŽIE, ZÁPADNÁ ORIENTÁCIA (VÝHĽAD NA HRA","address":"Bottova, Bratislava I - Staré Mesto, okres Bratislava","rooms":2,"meters":61,"totalPrice":389000,"meterSquarePrice":5,"link":"https://www.nehnutelnosti.sk/detail/JuwuBssD8SS/vynimocny-2-izbovy-byt-s-loggiou-v-4-vezi-sky-park-21-podlazie-zapadna-orientacia-vyhlad-na-hra","imagesUrls":["https://img.nehnutelnosti.sk/foto/NjAweDMzOC9maWx0ZXJzOnF1YWxpdHkoMTAwKS9uZWg=/Rs_g68XkZ-_fss?st=98IQT5nXLQjjmoZ5W3pX0G8Ggcc9DL2LdPBef17O9o4&ts=1726777808&e=0","https://img.nehnutelnosti.sk/foto/MTUweDg0L2ZpbHRlcnM6cXVhbGl0eSgxMDApL25laA==/b7pPFnWHN6_fss?st=xZsfGxrtUHj1H2jSrp4ADBz8pyh2wra3PMclrYZ9YqU&ts=1726777806&e=0","https://img.nehnutelnosti.sk/foto/MTUweDg0L2ZpbHRlcnM6cXVhbGl0eSgxMDApL25laA==/Zk-VScE4g_fss?st=htKj6zr5NlFmX0MC9zLhbLADTrXwD3n_RYsAu7RBWdk&ts=1726777808&e=0","https://img.nehnutelnosti.sk/foto/MTUweDg0L2ZpbHRlcnM6cXVhbGl0eSgxMDApL25laA==/9TnpHZmPK_fss?st=bG2Zrigt_6miW2ereW1HpIFcJ17bBnLlmydEECMkCk8&ts=1726777808&e=0"]},{"title":"Arvin & Benet | Dizajnový byt na predaj – Výnimočné bývanie na vrchole komfortu","address":"Slavomírova, Slovenský Grob, okres Pezinok","rooms":3,"meters":109,"totalPrice":249000,"meterSquarePrice":0,"link":"https://www.nehnutelnosti.sk/detail/JuqJkygpB7i/arvin-benet-dizajnovy-byt-na-predaj-vynimocne-byvanie-na-vrchole-komfortu","imagesUrls":["https://img.unitedclassifieds.sk/foto/NjAweDMzOC9maWx0ZXJzOnF1YWxpdHkoMTAwKS9qdWw=/DhUzbugmA_fss?st=eNpZgjL_238pDWST6wTelL447Bt-lBUOpSf2vh30D7w&ts=1719995971&e=0","https://img.unitedclassifieds.sk/foto/MTUweDg0L2ZpbHRlcnM6cXVhbGl0eSgxMDApL2p1bA==/gaLnD6tBGH_fss?st=WUDbcIM1Jh6vkCpzVQgrD1mqO9FwSBXhmyE7eU-9TRI&ts=1719995982&e=0","https://img.unitedclassifieds.sk/foto/MTUweDg0L2ZpbHRlcnM6cXVhbGl0eSgxMDApL2p1bA==/5qxnDFS9X_fss?st=xdik2E1pXzfpyXYSjboIpilaz4MkeiBdBBmMF7NwJMY&ts=1719995973&e=0","https://img.unitedclassifieds.sk/foto/MTUweDg0L2ZpbHRlcnM6cXVhbGl0eSgxMDApL2p1bA==/f1fOYtzyN_fss?st=Y5GX2v4DXcyYELom-cbLRa4BnWMUxErltPlhYThhcWc&ts=1719996013&e=0"]},{"title":"ALL INCLUSIVE | NA PREDAJ 2 IZBOVÉ BYTY S LOGGIOU A PARKOVACÍM STÁTIM V LUKRATÍVNEJ ČASTI MESTA, DUN","address":"Florida villa park, Dunajská Streda, okres Dunajská Streda","rooms":2,"meters":49,"totalPrice":116800,"meterSquarePrice":9,"link":"https://www.nehnutelnosti.sk/detail/JudyMGfa8_B/all-inclusive-na-predaj-2-izbove-byty-s-loggiou-a-parkovacim-statim-v-lukrativnej-casti-mesta-dun","imagesUrls":["https://img.nehnutelnosti.sk/foto/NjAweDMzOC9maWx0ZXJzOnF1YWxpdHkoMTAwKS9uZWg=/LISznmEzR_fss?st=Ht3IkTPbmcRRcaT3flOwCQWfUSDPw_co9dMtazqy_Gc&ts=1721383344&e=0","https://img.nehnutelnosti.sk/foto/MTUweDg0L2ZpbHRlcnM6cXVhbGl0eSgxMDApL25laA==/x1Fr_Ager3_fss?st=Ef9T1Pp5wqom-AYW2QAv8urqSYbGApRLRN7EQ3cZZeo&ts=1721383346&e=0","https://img.nehnutelnosti.sk/foto/MTUweDg0L2ZpbHRlcnM6cXVhbGl0eSgxMDApL25laA==/qkusW_mXm_fss?st=SmogSW8FnhAmdJT1fPRpCzSIuiRy7Uv8IChPCzzhvNM&ts=1721383346&e=0","https://img.nehnutelnosti.sk/foto/MTUweDg0L2ZpbHRlcnM6cXVhbGl0eSgxMDApL25laA==/tfvyOwODx_fss?st=FASR6I-WOFINNTQmtMACSLYCsj4rHF5NJTtHWRY9B7w&ts=1721383340&e=0"]},{"title":"Novostavba 4 - izbového bytu ul. Za kalváriou, Prešov, byt na 2NP","address":"Za Kalváriou, Prešov, okres Prešov","rooms":4,"meters":102,"totalPrice":249000,"meterSquarePrice":8,"link":"https://www.nehnutelnosti.sk/detail/JubD52gwGrg/novostavba-4-izboveho-bytu-ul-za-kalvariou-presov-byt-na-2np","imagesUrls":["https://img.unitedclassifieds.sk/foto/NjAweDMzOC9maWx0ZXJzOnF1YWxpdHkoMTAwKS9qdWw=/-h2xunxROQ_fss?st=8ussXIW6Z0n0fk5SJnM95wYmAkffJqn5054ACwqo9xo&ts=1713183453&e=0","https://img.unitedclassifieds.sk/foto/MTUweDg0L2ZpbHRlcnM6cXVhbGl0eSgxMDApL2p1bA==/vrccAlcZT5_fss?st=5vh1voQNOja6Bf0f0uOw0q0max_Tn6YZqkH16fwRSZU&ts=1713183451&e=0","https://img.unitedclassifieds.sk/foto/MTUweDg0L2ZpbHRlcnM6cXVhbGl0eSgxMDApL2p1bA==/k7LLKJAn1_fss?st=NpZLXxihodZ0DmEQAKn4jo17jx_pO0jCN-Nb5Hb5Js0&ts=1713183451&e=0","https://img.unitedclassifieds.sk/foto/MTUweDg0L2ZpbHRlcnM6cXVhbGl0eSgxMDApL2p1bA==/xnPTJW1AW_fss?st=crTniAC-oMJZCwgbwpZ79xS_d8pr_fWIla5TQDIf4Xk&ts=1711120259&e=0"]},{"title":"Zelené Záluhy | 2-izbový byt s balkónom + benefit A701 | ZVÝHODNENÉ FINANCOVANIE","address":"Hanulova, Bratislava IV - Dúbravka, okres Bratislava","rooms":2,"meters":52,"totalPrice":253965,"meterSquarePrice":0,"link":"https://www.nehnutelnosti.sk/detail/JuZaUKnC7ef/zelene-zaluhy-2-izbovy-byt-s-balkonom-benefit-a701-zvyhodnene-financovanie","imagesUrls":["https://img.unitedclassifieds.sk/foto/NjAweDMzOC9maWx0ZXJzOnF1YWxpdHkoMTAwKS9qdWw=/fcu8x8Rvq_fss?st=nKYJR_9xDQyMqF2gnAePxLQ4xFV93W26-rUzaZOIALQ&ts=1705590736&e=0","https://img.unitedclassifieds.sk/foto/MTUweDg0L2ZpbHRlcnM6cXVhbGl0eSgxMDApL3JzZg==/jyIJiq-RD_fss?st=-NHS8ilf9oPhvRUvQKQDtmqeZSKEoLtd4t5PeuMQvmw&ts=1695156372&e=0","https://img.unitedclassifieds.sk/foto/MTUweDg0L2ZpbHRlcnM6cXVhbGl0eSgxMDApL3JzZg==/ac5H74wJ8_fss?st=UWjfBj6td6cF4TlT9h_yWjBgAMW-L58gaV21b2FyPqg&ts=1695156387&e=0","https://img.unitedclassifieds.sk/foto/MTUweDg0L2ZpbHRlcnM6cXVhbGl0eSgxMDApL2p1bA==/6L0zlCHtc_fss?st=GFG9WrJ4pZYnyRjCsj3gdMb_CZUT3zkf2pNNwfhl3AI&ts=1705500715&e=0"]},{"title":"Zelené Záluhy | 1-izb. byt s balkónom A306 | ZVÝHODNENÉ FINANCOVANIE","address":"Hanulova, Bratislava IV - Dúbravka, okres Bratislava","rooms":1,"meters":35,"totalPrice":180663,"meterSquarePrice":9,"link":"https://www.nehnutelnosti.sk/detail/JuRO4rZZ1Od/zelene-zaluhy-1-izb-byt-s-balkonom-a306-zvyhodnene-financovanie","imagesUrls":["https://img.unitedclassifieds.sk/foto/NjAweDMzOC9maWx0ZXJzOnF1YWxpdHkoMTAwKS9qdWw=/P3PF4R6jD_fss?st=A2P9Z8U5gljQfNoiRLOLGdTkRiwDz5hA8O1OIg5Ft1w&ts=1705589777&e=0","https://img.unitedclassifieds.sk/foto/MTUweDg0L2ZpbHRlcnM6cXVhbGl0eSgxMDApL3JzZg==/cEC6J7rD1_fss?st=Rs0lLfUEeKtd71dNceH1FixWwxE7fK2tJILo5oDdTys&ts=1696593010&e=0","https://img.unitedclassifieds.sk/foto/MTUweDg0L2ZpbHRlcnM6cXVhbGl0eSgxMDApL2p1bA==/TZ4x_olKw_fss?st=4apNVqGYrI5NVwWrawx9muCK02YtUPboRTCyEnBpkxQ&ts=1705501578&e=0","https://img.unitedclassifieds.sk/foto/MTUweDg0L2ZpbHRlcnM6cXVhbGl0eSgxMDApL2p1bA==/pohlOXixN_fss?st=UqwzGhMCQYK5sZ8Bp7BsGVpjm6nftJbzej7gl8IY0HY&ts=1707394745&e=0"]},{"title":"Zelené Záluhy | 2-izb. byt s predzáhradkou a terasou A103 | ZVÝHODNENÉ FINANCOVANIE","address":"Hanulova, Bratislava IV - Dúbravka, okres Bratislava","rooms":2,"meters":52,"totalPrice":259648,"meterSquarePrice":0,"link":"https://www.nehnutelnosti.sk/detail/JuTXup2gBXk/zelene-zaluhy-2-izb-byt-s-predzahradkou-a-terasou-a103-zvyhodnene-financovanie","imagesUrls":["https://img.unitedclassifieds.sk/foto/NjAweDMzOC9maWx0ZXJzOnF1YWxpdHkoMTAwKS9qdWw=/Mz2CpEp2a_fss?st=XhlQ3YMuMTxjgU7BvfSuBehdY_Tp9KFQk5Y7V5rCgNU&ts=1707470302&e=0","https://img.unitedclassifieds.sk/foto/MTUweDg0L2ZpbHRlcnM6cXVhbGl0eSgxMDApL2p1bA==/0kdd1TX9A_fss?st=_Yba4MOyehPE8ujjKYCJdVya2L3rDjWlCIAe-CSI8A8&ts=1707470303&e=0","https://img.unitedclassifieds.sk/foto/MTUweDg0L2ZpbHRlcnM6cXVhbGl0eSgxMDApL2p1bA==/0DvL-JAQ4_fss?st=DKIXQDIaAA2N_i9av-f_-lp82zXYrjjw_Q-VYteJ1K0&ts=1707470281&e=0","https://img.unitedclassifieds.sk/foto/MTUweDg0L2ZpbHRlcnM6cXVhbGl0eSgxMDApL2p1bA==/DOw7jzJNw_fss?st=lqdwKIVCefnutfdVHWBBMH_LHv74W5dAJAXcdVGvRVs&ts=1719333227&e=0"]},{"title":"Zelené Záluhy | 1-izb. byt s predzáhradkou a terasou A206 | ZVÝHODNENÉ FINANCOVANIE","address":"Hanulova, Bratislava IV - Dúbravka, okres Bratislava","rooms":1,"meters":35,"totalPrice":201500,"meterSquarePrice":7,"link":"https://www.nehnutelnosti.sk/detail/JuPc8u_Q_ZQ/zelene-zaluhy-1-izb-byt-s-predzahradkou-a-terasou-a206-zvyhodnene-financovanie","imagesUrls":["https://img.unitedclassifieds.sk/foto/NjAweDMzOC9maWx0ZXJzOnF1YWxpdHkoMTAwKS9qdWw=/WjRzbrqIn_fss?st=HPw1-nVlcVAR78VHll9sv39TxdneTpHYwZf2NGhLOh0&ts=1705590032&e=0","https://img.unitedclassifieds.sk/foto/MTUweDg0L2ZpbHRlcnM6cXVhbGl0eSgxMDApL2p1bA==/6Jo5Q3q_D_fss?st=LexRhP_jGcP9QkUxozAQ0KjUlXAa_qQTQKlxrKFQkc0&ts=1705591284&e=0","https://img.unitedclassifieds.sk/foto/MTUweDg0L2ZpbHRlcnM6cXVhbGl0eSgxMDApL2p1bA==/M2R4xhAGf_fss?st=_Bk28EsL39A4-7BAL7RKVUvnS41nZN0c4565T7YEGQA&ts=1705502116&e=0","https://img.unitedclassifieds.sk/foto/MTUweDg0L2ZpbHRlcnM6cXVhbGl0eSgxMDApL2p1bA==/9plckMcqR_fss?st=8OAd19MjZnFSbHZ7FzJ8f9yvn67wmOtrhb6KHT1kwdE&ts=1705502121&e=0"]},{"title":"Zelené Záluhy | Veľký 3-izb. byt s balkónom A308 | ZVÝHODNENÉ FINANCOVANIE","address":"Hanulova, Bratislava IV - Dúbravka, okres Bratislava","rooms":3,"meters":83,"totalPrice":379000,"meterSquarePrice":4,"link":"https://www.nehnutelnosti.sk/detail/JukdTj9hDC0/zelene-zaluhy-velky-3-izb-byt-s-balkonom-a308-zvyhodnene-financovanie","imagesUrls":["https://img.unitedclassifieds.sk/foto/NjAweDMzOC9maWx0ZXJzOnF1YWxpdHkoMTAwKS9qdWw=/gUodBpG8e_fss?st=PWZB2ms9AE0YZqiVuokCHkiobwEil-evUX2DF0pHhsY&ts=1705590622&e=0","https://img.unitedclassifieds.sk/foto/MTUweDg0L2ZpbHRlcnM6cXVhbGl0eSgxMDApL3JzZg==/zH73ZFhyq_fss?st=ihD4OJ9zFMKXRgkJAmdwf_PhyzDaHMaViSt1hyrxOUI&ts=1696592888&e=0","https://img.unitedclassifieds.sk/foto/MTUweDg0L2ZpbHRlcnM6cXVhbGl0eSgxMDApL2p1bA==/wuCmzWIWu_fss?st=ajjCYH2U3QVMNd_6ZKijYo5Fv3RakkiOmvEKhm352xk&ts=1705499499&e=0","https://img.unitedclassifieds.sk/foto/MTUweDg0L2ZpbHRlcnM6cXVhbGl0eSgxMDApL3JzZg==/gk8XaRe_X_fss?st=tBJLh0jw9yRlFUo6NBQLH3PWtqYHYxrJ5AKHhhM63Jk&ts=1695156248&e=0"]},{"title":"Veľkorysý byt s terasou s potenciálom 4 spální","address":"Saratovská, Bratislava IV - Dúbravka, okres Bratislava","rooms":5,"meters":188,"totalPrice":null,"meterSquarePrice":null,"link":"https://www.nehnutelnosti.sk/detail/JutEiMMmsNe/velkorysy-byt-s-terasou-s-potencialom-4-spalni","imagesUrls":["https://img.nehnutelnosti.sk/foto/NjAweDMzOC9maWx0ZXJzOnF1YWxpdHkoMTAwKS9uZWg=/Jpuf5RAjf_fss?st=W8mExeOYAtvQ63a2VF7GvokomI2rAQZs2DRVYFWg0Mw&ts=1724805051&e=0","https://img.nehnutelnosti.sk/foto/MTUweDg0L2ZpbHRlcnM6cXVhbGl0eSgxMDApL25laA==/fv20T-rj9_fss?st=q4Zd50JgnuhEVhOoQ9yiNNPOlF19YETtsCPForgGEhQ&ts=1724805052&e=0","https://img.nehnutelnosti.sk/foto/MTUweDg0L2ZpbHRlcnM6cXVhbGl0eSgxMDApL25laA==/aoeHqIZNe_fss?st=8Me4wGYYUSwrNp2hUX9JjwgF-_J_DYyM7QBLZrHZ2JE&ts=1724805054&e=0","https://img.nehnutelnosti.sk/foto/MTUweDg0L2ZpbHRlcnM6cXVhbGl0eSgxMDApL25laA==/5Mfeppv0Jg_fss?st=lORM1whCYsOKwp-MykM97rvMdwkwrAGZaE198PRpdrM&ts=1724805056&e=0"]}]