[{"title":"2-izb. byt s dvoma balkónmi v Pezinku","address":"Pezinok, okres Pezinok","rooms":2,"meters":55,"totalPrice":192000,"meterSquarePrice":1,"link":"https://www.nehnutelnosti.sk/detail/Ju9cBIxIYzP/2-izb-byt-s-dvoma-balkonmi-v-pezinku","imagesUrls":["https://img.nehnutelnosti.sk/foto/NjAweDMzOC9maWx0ZXJzOnF1YWxpdHkoMTAwKS9uZWg=/fRRa21if5h_fss?st=spxZd_SB_VZJDnBNS25ReOyggXMMTQkby1V5sXlnvTs&ts=1718299457&e=0"]},{"title":"3 izb. byt s balkónom v Pezinku","address":"Pezinok, okres Pezinok","rooms":3,"meters":83,"totalPrice":269000,"meterSquarePrice":3,"link":"https://www.nehnutelnosti.sk/detail/JucOaAQp6FY/3-izb-byt-s-balkonom-v-pezinku","imagesUrls":["https://img.nehnutelnosti.sk/foto/NjAweDMzOC9maWx0ZXJzOnF1YWxpdHkoMTAwKS9uZWg=/Pbz5yGkyu_fss?st=xlZJBc_-7SFFAD7ri6aAWwMHekxIbzmjWdCrADH888I&ts=1718298366&e=0"]},{"title":"Nový nízkoenergetický 2-izbový byt s balkónom Pezinok","address":"Pezinok, okres Pezinok","rooms":2,"meters":48,"totalPrice":165000,"meterSquarePrice":6,"link":"https://www.nehnutelnosti.sk/detail/JueQVxmjR9W/novy-nizkoenergeticky-2-izbovy-byt-s-balkonom-pezinok","imagesUrls":["https://img.nehnutelnosti.sk/foto/NjAweDMzOC9maWx0ZXJzOnF1YWxpdHkoMTAwKS9uZWg=/LnYFgq1-v_fss?st=3I9aXi4Nz12EsCbtoEGFtk8tRVAggLatrmK_Tv0C_4Q&ts=1718804823&e=0"]},{"title":"2-izb. byt s balkónom v Pezinku","address":"Pezinok, okres Pezinok","rooms":2,"meters":55,"totalPrice":189000,"meterSquarePrice":8,"link":"https://www.nehnutelnosti.sk/detail/JuFQSQERLT2/2-izb-byt-s-balkonom-v-pezinku","imagesUrls":["https://img.nehnutelnosti.sk/foto/NjAweDMzOC9maWx0ZXJzOnF1YWxpdHkoMTAwKS9uZWg=/mn-_MWI14t_fss?st=sdGBAYsGAvbaPCyqGnUzOCtPp9tbsAK4_DvE4ZVMEos&ts=1718298362&e=0"]},{"title":"Nový nízkoenergetický 3-izbový byt s balkónom  Pezinok","address":"Pezinok, okres Pezinok","rooms":3,"meters":65,"totalPrice":225000,"meterSquarePrice":4,"link":"https://www.nehnutelnosti.sk/detail/JufZwiiqaKQ/novy-nizkoenergeticky-3-izbovy-byt-s-balkonom-pezinok","imagesUrls":["https://img.nehnutelnosti.sk/foto/NjAweDMzOC9maWx0ZXJzOnF1YWxpdHkoMTAwKS9uZWg=/XBuW8WBuR_fss?st=dKI1WMDecHjLrx4Fftgkv6k7b_CAJWlqES8wPGXKIg8&ts=1718804799&e=0"]},{"title":"Nový nízkoenergetický 2-izbový byt s garážou Grinava","address":"Pezinok, okres Pezinok","rooms":2,"meters":47,"totalPrice":172000,"meterSquarePrice":3,"link":"https://www.nehnutelnosti.sk/detail/Ju9tHKDdN5s/novy-nizkoenergeticky-2-izbovy-byt-s-garazou-grinava","imagesUrls":["https://img.nehnutelnosti.sk/foto/NjAweDMzOC9maWx0ZXJzOnF1YWxpdHkoMTAwKS9uZWg=/RhhL-jhf2_fss?st=crK3HV0n578pTOgR_DYJUVY01Y2i9RkQQ0heiodX590&ts=1718804809&e=0"]},{"title":"1 izb. byt s predzáhradkou Pezinok","address":"Pezinok, okres Pezinok","rooms":1,"meters":70,"totalPrice":145000,"meterSquarePrice":8,"link":"https://www.nehnutelnosti.sk/detail/JusKkYRZ-pBI/1-izb-byt-s-predzahradkou-pezinok","imagesUrls":["https://img.nehnutelnosti.sk/foto/NjAweDMzOC9maWx0ZXJzOnF1YWxpdHkoMTAwKS9uZWg=/--TIkc69r_fss?st=EF7nlOB20mNQ2pX-SJ020lVdXcxnjacl0otXfKUUu78&ts=1718805684&e=0"]},{"title":"Nový nízkoenergetický 3-izbový byt s balkónom  Pezinok","address":"Pezinok, okres Pezinok","rooms":3,"meters":65,"totalPrice":225000,"meterSquarePrice":8,"link":"https://www.nehnutelnosti.sk/detail/JuFMAibN-Dk/novy-nizkoenergeticky-3-izbovy-byt-s-balkonom-pezinok","imagesUrls":["https://img.nehnutelnosti.sk/foto/NjAweDMzOC9maWx0ZXJzOnF1YWxpdHkoMTAwKS9uZWg=/Q_0bvYpst_fss?st=a9ES4ZNOIdXekhYg9Dl_Orn3EdzdL3o7D1uasVgCD1k&ts=1718804801&e=0"]},{"title":"2-izb. byt s veľkorysou predzáhradkou a terasou v Pezinku","address":"Pezinok, okres Pezinok","rooms":2,"meters":109,"totalPrice":192000,"meterSquarePrice":6,"link":"https://www.nehnutelnosti.sk/detail/Ju5T_LiOlFH/2-izb-byt-s-velkorysou-predzahradkou-a-terasou-v-pezinku","imagesUrls":["https://img.nehnutelnosti.sk/foto/NjAweDMzOC9maWx0ZXJzOnF1YWxpdHkoMTAwKS9uZWg=/gSMEZ5QxxH_fss?st=KLz2m9Oys4axO8yIfCsVw6N6WlGCeAKkYYZI5koFNtA&ts=1718298354&e=0"]},{"title":"1 izb. byt s terasou a predzáhradkou Pezinok","address":"Pezinok, okres Pezinok","rooms":1,"meters":32,"totalPrice":145000,"meterSquarePrice":5,"link":"https://www.nehnutelnosti.sk/detail/JuRKNUrGedy/1-izb-byt-s-terasou-a-predzahradkou-pezinok","imagesUrls":["https://img.nehnutelnosti.sk/foto/NjAweDMzOC9maWx0ZXJzOnF1YWxpdHkoMTAwKS9uZWg=/_qk0B7Qqd_fss?st=t35iO1bWqHndWqn2YakjTCyBeBSoVIVun-13MVYZO2g&ts=1718804815&e=0"]},{"title":"3 izb. byt s terasou a balkónom v Pezinku","address":"Pezinok, okres Pezinok","rooms":3,"meters":87,"totalPrice":272000,"meterSquarePrice":1,"link":"https://www.nehnutelnosti.sk/detail/Ju-K3NkfRJJw/3-izb-byt-s-terasou-a-balkonom-v-pezinku","imagesUrls":["https://img.nehnutelnosti.sk/foto/NjAweDMzOC9maWx0ZXJzOnF1YWxpdHkoMTAwKS9uZWg=/W1S6T9OK6_fss?st=uEyRzaJ1t1iARQOhNWhVamCM3YEDPvtlvDvwUfaE3VA&ts=1718298354&e=0"]},{"title":"Nový nízkoenergetický 3-izbový byt s balkónom  Pezinok","address":"Pezinok, okres Pezinok","rooms":3,"meters":68,"totalPrice":235000,"meterSquarePrice":5,"link":"https://www.nehnutelnosti.sk/detail/Juhjuir0iHo/novy-nizkoenergeticky-3-izbovy-byt-s-balkonom-pezinok","imagesUrls":["https://img.nehnutelnosti.sk/foto/NjAweDMzOC9maWx0ZXJzOnF1YWxpdHkoMTAwKS9uZWg=/k2FJKj21o0_fss?st=tQx-fjj4K5IQHvMmzUG0Iohg_G9mBSP8q83qGdBv0VM&ts=1718804804&e=0"]},{"title":"Bezbariérový 3 izb. byt s veľkou predzáhradkou","address":"Pezinok, okres Pezinok","rooms":3,"meters":112,"totalPrice":229000,"meterSquarePrice":0,"link":"https://www.nehnutelnosti.sk/detail/Ju8JDUof6u2/bezbarierovy-3-izb-byt-s-velkou-predzahradkou","imagesUrls":["https://img.nehnutelnosti.sk/foto/NjAweDMzOC9maWx0ZXJzOnF1YWxpdHkoMTAwKS9uZWg=/WL38QvbyH_fss?st=TLKaNWxn9_cw81TbCjnickGVrl4fQDjBgB2AcijZFDA&ts=1718805678&e=0"]},{"title":"Nový nízkoenergetický 2-izbový byt s loggiou Pezinok","address":"Pezinok, okres Pezinok","rooms":2,"meters":49,"totalPrice":169000,"meterSquarePrice":5,"link":"https://www.nehnutelnosti.sk/detail/Ju2N35HIFsW/novy-nizkoenergeticky-2-izbovy-byt-s-loggiou-pezinok","imagesUrls":["https://img.nehnutelnosti.sk/foto/NjAweDMzOC9maWx0ZXJzOnF1YWxpdHkoMTAwKS9uZWg=/LSZglbZog_fss?st=p0oFLD76o5YZFlovrXJ7xk6HOxvc0xzsTKi84wkUUak&ts=1718804806&e=0"]},{"title":"Nový nízkoenergetický 2-izbový byt s balkónom Pezinok","address":"Pezinok, okres Pezinok","rooms":2,"meters":48,"totalPrice":165000,"meterSquarePrice":6,"link":"https://www.nehnutelnosti.sk/detail/JuFYlKpb7uK/novy-nizkoenergeticky-2-izbovy-byt-s-balkonom-pezinok","imagesUrls":["https://img.nehnutelnosti.sk/foto/NjAweDMzOC9maWx0ZXJzOnF1YWxpdHkoMTAwKS9uZWg=/ubWyoBHz4_fss?st=en7mmS8HyNvqTlVz1T7uM9ttjeUOYQqZv2m_LQ1sNjg&ts=1718298191&e=0"]},{"title":"Nový nízkoenergetický 2-izbový byt  Pezinok","address":"Pezinok, okres Pezinok","rooms":2,"meters":43,"totalPrice":172000,"meterSquarePrice":4,"link":"https://www.nehnutelnosti.sk/detail/Juuz46QDqJp/novy-nizkoenergeticky-2-izbovy-byt-pezinok","imagesUrls":["https://img.nehnutelnosti.sk/foto/NjAweDMzOC9maWx0ZXJzOnF1YWxpdHkoMTAwKS9uZWg=/caTg8yLbn_fss?st=D3gGwiSYCQZtypIu48wTzfaGKMb99wtEU4I0xLC8dvk&ts=1718805882&e=0"]},{"title":"Nový nízkoenergetický 2-izbový byt s lóggiou Pezinok","address":"Pezinok, okres Pezinok","rooms":2,"meters":48,"totalPrice":175000,"meterSquarePrice":2,"link":"https://www.nehnutelnosti.sk/detail/JuPITf-nB2-/novy-nizkoenergeticky-2-izbovy-byt-s-loggiou-pezinok","imagesUrls":["https://img.nehnutelnosti.sk/foto/NjAweDMzOC9maWx0ZXJzOnF1YWxpdHkoMTAwKS9uZWg=/i4TY4LxwAQ_fss?st=jo2ok9lxppdQ6KSzfUxRov_lA4Lt5GRhLEra-6eSXWQ&ts=1718804796&e=0"]},{"title":"Nový nízkoenergetický 3-izbový byt s balkónom  Pezinok","address":"Pezinok, okres Pezinok","rooms":3,"meters":65,"totalPrice":225000,"meterSquarePrice":8,"link":"https://www.nehnutelnosti.sk/detail/Juu1GwFEEJZs/novy-nizkoenergeticky-3-izbovy-byt-s-balkonom-pezinok","imagesUrls":["https://img.nehnutelnosti.sk/foto/NjAweDMzOC9maWx0ZXJzOnF1YWxpdHkoMTAwKS9uZWg=/o3qzhmpQv_fss?st=Xq43Xex2xGqAusBHU_8QmYG74PxB1yAAjjy4ap6Wzdg&ts=1718805873&e=0"]},{"title":"Nový nízkoenergetický 3-izbový byt s balkónom  Pezinok","address":"Pezinok, okres Pezinok","rooms":3,"meters":68,"totalPrice":235000,"meterSquarePrice":5,"link":"https://www.nehnutelnosti.sk/detail/Juash3Z1oFW/novy-nizkoenergeticky-3-izbovy-byt-s-balkonom-pezinok","imagesUrls":["https://img.nehnutelnosti.sk/foto/NjAweDMzOC9maWx0ZXJzOnF1YWxpdHkoMTAwKS9uZWg=/vRIH3ztc-_fss?st=YCrNaK5Kat8NRXWROmLVBZyarnacqUqDwHWOvKpjeGw&ts=1718805880&e=0"]},{"title":"Nový nízkoenergetický 3-izbový byt s predzáhradkou  Pezinok","address":"Pezinok, okres Pezinok","rooms":3,"meters":85,"totalPrice":225000,"meterSquarePrice":0,"link":"https://www.nehnutelnosti.sk/detail/JuwhM3TfP9L/novy-nizkoenergeticky-3-izbovy-byt-s-predzahradkou-pezinok","imagesUrls":["https://img.nehnutelnosti.sk/foto/NjAweDMzOC9maWx0ZXJzOnF1YWxpdHkoMTAwKS9uZWg=/2r5WjHIxSG_fss?st=YI8DJBwsiXuT6AHVIPfXL-yn86xA9b6-6r3FBDHlxKo&ts=1718804790&e=0"]},{"title":"Nový nízkoenergetický 2-izbový byt s loggiou Pezinok","address":"Pezinok, okres Pezinok","rooms":2,"meters":49,"totalPrice":169000,"meterSquarePrice":5,"link":"https://www.nehnutelnosti.sk/detail/JuPXEQsOHw_/novy-nizkoenergeticky-2-izbovy-byt-s-loggiou-pezinok","imagesUrls":["https://img.nehnutelnosti.sk/foto/NjAweDMzOC9maWx0ZXJzOnF1YWxpdHkoMTAwKS9uZWg=/34wIjrOtc_fss?st=_q2oMbly7IDk8d-82vESJZ9vdh5J1htnW3b442Qt30U&ts=1718804794&e=0"]},{"title":"Na predaj veľký 1 izbový byt  Banská Bystrica, skvelá investícia, výťah aj balkón","address":"Trieda Hradca Králové, Banská Bystrica, okres Banská Bystrica","rooms":2,"meters":39,"totalPrice":115900,"meterSquarePrice":9,"link":"https://www.nehnutelnosti.sk/detail/JuZU2lnUJKg/na-predaj-velky-1-izbovy-byt-banska-bystrica-skvela-investicia-vytah-aj-balkon","imagesUrls":["https://img.nehnutelnosti.sk/foto/NjAweDMzOC9maWx0ZXJzOnF1YWxpdHkoMTAwKS9uZWg=/GgRruSVtQC_fss?st=SiC2A8xV_LV6sfuECSVxk03NZxn_Jb2OKiS6-ddkMm0&ts=1722933838&e=0"]},{"title":"4-izbový mezonet s TERASOU","address":"Zochova, Bratislava I - Staré Mesto, okres Bratislava","rooms":4,"meters":119,"totalPrice":369000,"meterSquarePrice":4,"link":"https://www.nehnutelnosti.sk/detail/JucXR1Rmp5U/4-izbovy-mezonet-s-terasou","imagesUrls":["https://img.nehnutelnosti.sk/foto/NjAweDMzOC9maWx0ZXJzOnF1YWxpdHkoMTAwKS9uZWg=/gNkUWdY6BP_fss?st=LZN-jWbskKacEv3-nXlNpa5sE3TrkKZbjPZtbFwr74E&ts=1725279514&e=0"]},{"title":"Na predaj 3 izbový byt na Blagoevovej","address":"Blagoevova, Bratislava V - Petržalka, okres Bratislava","rooms":3,"meters":71,"totalPrice":210000,"meterSquarePrice":2,"link":"https://www.nehnutelnosti.sk/detail/JujrQDzPkfm/na-predaj-3-izbovy-byt-na-blagoevovej","imagesUrls":["https://img.nehnutelnosti.sk/foto/NjAweDMzOC9maWx0ZXJzOnF1YWxpdHkoMTAwKS9uZWg=/8l3XLQt15_fss?st=x8ycbemxF0YEgo-JaYbnQThnTXR50JBBkASaRDFWNP0&ts=1720106097&e=0"]},{"title":"Slnečný 1-izbový byt po kompletnej rekonštrukcii na predaj","address":"Botanická, Trnava, okres Trnava","rooms":1,"meters":30,"totalPrice":120000,"meterSquarePrice":0,"link":"https://www.nehnutelnosti.sk/detail/JuoOAe4We0k/slnecny-1-izbovy-byt-po-kompletnej-rekonstrukcii-na-predaj","imagesUrls":["https://img.nehnutelnosti.sk/foto/NjAweDMzOC9maWx0ZXJzOnF1YWxpdHkoMTAwKS9uZWg=/_xyZAXEuE_fss?st=TeFoAUMfADTxkVxe9LCXRwZxIkcmUrAQ67JJr1fPp1A&ts=1716799980&e=0"]},{"title":"NA PREDAJ EXKLUZÍVNY VEĽKO-METRÁŽNY BYT V CENTRE STARÉHO MESTA","address":"Gorkého, Bratislava I - Staré Mesto, okres Bratislava","rooms":4,"meters":209,"totalPrice":null,"meterSquarePrice":null,"link":"https://www.nehnutelnosti.sk/detail/JuWevrc6Qlb/na-predaj-exkluzivny-velko-metrazny-byt-v-centre-stareho-mesta","imagesUrls":["https://img.nehnutelnosti.sk/foto/NjAweDMzOC9maWx0ZXJzOnF1YWxpdHkoMTAwKS9uZWg=/YN8Lw5vlX_fss?st=zNrmeLwRV5Za2uQpPsNRim1OLWT2iZOm5_DSDUUkd6s&ts=1717397194&e=0"]},{"title":"NA PREDAJ dizajnový a luxusný 1- izbový apartmán v srdci Starého Mesta","address":"Leškova, Bratislava I - Staré Mesto, okres Bratislava","rooms":1,"meters":40,"totalPrice":199000,"meterSquarePrice":5,"link":"https://www.nehnutelnosti.sk/detail/JuDyVzIUCZw/na-predaj-dizajnovy-a-luxusny-1-izbovy-apartman-v-srdci-stareho-mesta","imagesUrls":["https://img.nehnutelnosti.sk/foto/NjAweDMzOC9maWx0ZXJzOnF1YWxpdHkoMTAwKS9uZWg=/qDu321P5fJ_fss?st=jSUqOcCh5-25z__kfFz58SyzqByEizQuBuZAQ5jPbcA&ts=1716612746&e=0"]},{"title":"SUPER PONUKA!!! Veľký 1 izbový byt na predaj Banská Bystrica, kompletná rekonštrukcia, výťah aj balk","address":"Trieda Hradca Králové, Banská Bystrica, okres Banská Bystrica","rooms":1,"meters":39,"totalPrice":115990,"meterSquarePrice":0,"link":"https://www.nehnutelnosti.sk/detail/Ju2H1fp1v20/super-ponuka-velky-1-izbovy-byt-na-predaj-banska-bystrica-kompletna-rekonstrukcia-vytah-aj-balk","imagesUrls":["https://img.nehnutelnosti.sk/foto/NjAweDMzOC9maWx0ZXJzOnF1YWxpdHkoMTAwKS9uZWg=/3gAlvZeXd_fss?st=Dw1zi6OfRaQxTfwiMukK7hI84q2fObNr_urhsS83Pes&ts=1722933834&e=0"]},{"title":"Zaujímavý 3 izbový byt na predaj Banská Bystrica, Radvaň","address":"Bernolákova, Banská Bystrica, okres Banská Bystrica","rooms":3,"meters":69,"totalPrice":null,"meterSquarePrice":null,"link":"https://www.nehnutelnosti.sk/detail/JubAa68NuK5/zaujimavy-3-izbovy-byt-na-predaj-banska-bystrica-radvan","imagesUrls":["https://img.nehnutelnosti.sk/foto/NjAweDMzOC9maWx0ZXJzOnF1YWxpdHkoMTAwKS9uZWg=/jnv9XshFj_fss?st=-dpZtvbjrnGjEG4Z64gQta8uH86gxSsmxUlGhXbg4fk&ts=1722933830&e=0"]},{"title":"Priestranný 4-izbový byt na predaj, Bratislava-Petržalka - Budatínska","address":"Bratislava V - Petržalka, okres Bratislava","rooms":4,"meters":69,"totalPrice":206000,"meterSquarePrice":6,"link":"https://www.nehnutelnosti.sk/detail/JubzYktuTtP/priestranny-4-izbovy-byt-na-predaj-bratislava-petrzalka-budatinska","imagesUrls":["https://img.nehnutelnosti.sk/foto/NjAweDMzOC9maWx0ZXJzOnF1YWxpdHkoMTAwKS9uZWg=/7GWdzi9ad_fss?st=bjGlFr3VtZiCMeEik5RpZXqb4WGj1xAEH7RrrR9v3lI&ts=1716384868&e=0"]}]