[{"title":"NA PREDAJ, NOVOSTAVBA  2-IZBOVÝ APARTMÁN, Exkluzívne TARGETreal","address":"Turčianske Teplice, okres Turčianske Teplice","rooms":2,"meters":73,"totalPrice":null,"meterSquarePrice":null,"link":"https://www.nehnutelnosti.sk/detail/JuvLWYGzm_W/na-predaj-novostavba-2-izbovy-apartman-exkluzivne-targetreal","imagesUrls":["https://img.nehnutelnosti.sk/foto/NjAweDMzOC9maWx0ZXJzOnF1YWxpdHkoMTAwKS9uZWg=/uhxSnPVN5_fss?st=G7XmhAOmoC14VZEamjCVnUDGZxLrqQyL07ZuG3JxfQQ&ts=1720989498&e=0","https://img.nehnutelnosti.sk/foto/MTUweDg0L2ZpbHRlcnM6cXVhbGl0eSgxMDApL25laA==/r7XdzSZdJB_fss?st=SAmhljpgByvz0rmSCy5TRr6F796AbEY45hVdMzGNeYQ&ts=1720989500&e=0","https://img.nehnutelnosti.sk/foto/MTUweDg0L2ZpbHRlcnM6cXVhbGl0eSgxMDApL25laA==/Y1rrvWV37_fss?st=aKQaROngbS14yJZZrAAiyxO4nrYnm73cdWkhJZZ8a3o&ts=1720989499&e=0","https://img.nehnutelnosti.sk/foto/MTUweDg0L2ZpbHRlcnM6cXVhbGl0eSgxMDApL25laA==/mSYRrd0VY_fss?st=cK_IF690CgZ4oZHG1KX1_Iru40xRXlLELStVlcjqBg4&ts=1720989498&e=0"]},{"title":"NA PREDAJ, NOVOSTAVBA 1-IZBOVÝ BYT, Exkluzívne TARGETreal","address":"Turčianske Teplice, okres Turčianske Teplice","rooms":1,"meters":34,"totalPrice":null,"meterSquarePrice":null,"link":"https://www.nehnutelnosti.sk/detail/Ju8enBroAXS/na-predaj-novostavba-1-izbovy-byt-exkluzivne-targetreal","imagesUrls":["https://img.nehnutelnosti.sk/foto/NjAweDMzOC9maWx0ZXJzOnF1YWxpdHkoMTAwKS9uZWg=/NVFoE2gxZ-_fss?st=yLiwoKzqitdQyy5UL4HpHNHv2jojYddZPq84bfpMd6o&ts=1720989487&e=0","https://img.nehnutelnosti.sk/foto/MTUweDg0L2ZpbHRlcnM6cXVhbGl0eSgxMDApL25laA==/8W3fo6cXs_fss?st=3_nYBPnVmytO1mWBSNSYbolKsBIk_NqSulAk8SCvXkc&ts=1720989487&e=0","https://img.nehnutelnosti.sk/foto/MTUweDg0L2ZpbHRlcnM6cXVhbGl0eSgxMDApL25laA==/N6HetAQfC_fss?st=WPsFSPYEpOw3I1rmIUjv5QpfNK3zCCgEcrhkE7-Ri7M&ts=1720989488&e=0","https://img.nehnutelnosti.sk/foto/MTUweDg0L2ZpbHRlcnM6cXVhbGl0eSgxMDApL25laA==/snvIxM5R6g_fss?st=HX1AauSrzO8b02Mlv7sQkI1YlPlExMfo2ETcAYz6jOg&ts=1720989488&e=0"]},{"title":"PREDAJ - nový 2-izbový byt s balkónom + 2 parkovacie státia v bytovom dome MERŤUKY","address":"Suchoňova, Poprad, okres Poprad","rooms":2,"meters":72,"totalPrice":175583,"meterSquarePrice":7,"link":"https://www.nehnutelnosti.sk/detail/JuQnFh96h5X/predaj-novy-2-izbovy-byt-s-balkonom-2-parkovacie-statia-v-bytovom-dome-mertuky","imagesUrls":["https://img.nehnutelnosti.sk/foto/NjAweDMzOC9maWx0ZXJzOnF1YWxpdHkoMTAwKS9uZWg=/Oxa9cGxEh_fss?st=MscEslnU4YqclqoQtDmr6Ag7YYVToSI1-91OQY_wc4E&ts=1705135976&e=0","https://img.nehnutelnosti.sk/foto/MTUweDg0L2ZpbHRlcnM6cXVhbGl0eSgxMDApL25laA==/sAaVYl34f_fss?st=iN9lReUIbPV8TgWcldvtvYiOm7cQRmxUJ-sBNGFXpSc&ts=1705135979&e=0","https://img.nehnutelnosti.sk/foto/MTUweDg0L2ZpbHRlcnM6cXVhbGl0eSgxMDApL25laA==/khneavaRJ_fss?st=X7ktwiIC_0DvPk_gx34JH0TYxz3wrAp9zBI53l08lII&ts=1705135977&e=0","https://img.nehnutelnosti.sk/foto/MTUweDg0L2ZpbHRlcnM6cXVhbGl0eSgxMDApL25laA==/i-CI4QOpo_fss?st=S5yDoho8fZ2-pa-fCN9mGxuDn5kMy2clEDFWILHLBCc&ts=1705135977&e=0"]},{"title":"Pohodlný 3-izbový byt v krásnom prostredí!","address":"Banská Bystrica, okres Banská Bystrica","rooms":3,"meters":83,"totalPrice":159900,"meterSquarePrice":1,"link":"https://www.nehnutelnosti.sk/detail/JurOT_Nh6Av/pohodlny-3-izbovy-byt-v-krasnom-prostredi","imagesUrls":["https://img.nehnutelnosti.sk/foto/NjAweDMzOC9maWx0ZXJzOnF1YWxpdHkoMTAwKS9uZWg=/pBMQ1Z4Q-_fss?st=zba62cb47Ah0hjKPpZIhRUUx6N35peAnm9zGhe7fpwA&ts=1725455065&e=0","https://img.nehnutelnosti.sk/foto/MTUweDg0L2ZpbHRlcnM6cXVhbGl0eSgxMDApL25laA==/tEIz-6WaA_fss?st=1T9YuDxQK8_JfRV5m3U8_1mdeOwwdXBjwOgSIecTWgE&ts=1725455065&e=0","https://img.nehnutelnosti.sk/foto/MTUweDg0L2ZpbHRlcnM6cXVhbGl0eSgxMDApL25laA==/lQxlC3d39_fss?st=eyKj67uSEi4v57_eg08oCTqI0dTCZMjbe_n6ngyMAFU&ts=1725455068&e=0","https://img.nehnutelnosti.sk/foto/MTUweDg0L2ZpbHRlcnM6cXVhbGl0eSgxMDApL25laA==/toed2kLSx_fss?st=MGw7eblW0YGr1WC1yYAzBEXIEA179kLk0Ila-0NUMOM&ts=1725455070&e=0"]},{"title":"Predám 2x2 izbový nový byt Ivanka pri Nitre,Nitra","address":"Ivanka pri Nitre, okres Nitra","rooms":2,"meters":42,"totalPrice":88997,"meterSquarePrice":8,"link":"https://www.nehnutelnosti.sk/detail/JuJujVXowzC/predam-2x2-izbovy-novy-byt-ivanka-pri-nitre-nitra","imagesUrls":["https://img.nehnutelnosti.sk/foto/NjAweDMzOC9maWx0ZXJzOnF1YWxpdHkoMTAwKS9uZWg=/bNVcoMuuC_fss?st=7AAKCVRJtQvzAE9u1PAYP_ceybiBIQcE4nvHxs7jjdk&ts=1722029423&e=0","https://img.nehnutelnosti.sk/foto/MTUweDg0L2ZpbHRlcnM6cXVhbGl0eSgxMDApL25laA==/jHcUmPgqt_fss?st=XcZ0SUAGPNSRs22jAzcym5TZ1ABCpBuHNlu6QVY2twY&ts=1722029423&e=0","https://img.nehnutelnosti.sk/foto/MTUweDg0L2ZpbHRlcnM6cXVhbGl0eSgxMDApL25laA==/sxZmSm_zJO_fss?st=4cqFdaDlp3l16c7ezfgbftR1noG8k1MeytFNu8LlTvA&ts=1722111001&e=0","https://img.nehnutelnosti.sk/foto/MTUweDg0L2ZpbHRlcnM6cXVhbGl0eSgxMDApL25laA==/vQMMznCehj_fss?st=1pmvuHWUUfldf02zd7_nJEp8vNPPyg2g3gEBskA9jFs&ts=1722111005&e=0"]},{"title":"1i byt novostavba Noemis Stupava 34,5 + 3,1 m2","address":"Cementárenská, Stupava, okres Malacky","rooms":1,"meters":37,"totalPrice":118500,"meterSquarePrice":0,"link":"https://www.nehnutelnosti.sk/detail/Ju6crwf2X7I/1i-byt-novostavba-noemis-stupava-34-5-3-1-m2","imagesUrls":["https://img.nehnutelnosti.sk/foto/NjAweDMzOC9maWx0ZXJzOnF1YWxpdHkoMTAwKS9uZWg=/WuJSVvVMy0_fss?st=yAPcgpTm_9s-WaRL9AIBpHIZba5J--L3j7XaxOoVGFc&ts=1716921721&e=0","https://img.nehnutelnosti.sk/foto/MTUweDg0L2ZpbHRlcnM6cXVhbGl0eSgxMDApL25laA==/vMuqFZMDc_fss?st=ZMVv5vdeiF9-QMP1plE4izfWCVM8nUyQDIaViF-gW_k&ts=1716921721&e=0","https://img.nehnutelnosti.sk/foto/MTUweDg0L2ZpbHRlcnM6cXVhbGl0eSgxMDApL25laA==/l0qCUSEpr_fss?st=H97y1MQf3AlgSoArKO--IX5n8-TyLxWTOVR19SfryYk&ts=1716921721&e=0","https://img.nehnutelnosti.sk/foto/MTUweDg0L2ZpbHRlcnM6cXVhbGl0eSgxMDApL25laA==/Bmm1wzMiN_fss?st=bhEmjRTqhfCHYHO7JlUtnSemp8bKEl8Y3CmCh8Pgir4&ts=1716921717&e=0"]},{"title":"REALICITY / Krásny 2 izbový byt na Tomašikovej ulici","address":"Tomášikova, Bratislava II - Ružinov, okres Bratislava","rooms":2,"meters":73,"totalPrice":264987,"meterSquarePrice":6,"link":"https://www.nehnutelnosti.sk/detail/JuVIqfsJK07/realicity-krasny-2-izbovy-byt-na-tomasikovej-ulici","imagesUrls":["https://img.nehnutelnosti.sk/foto/NjAweDMzOC9maWx0ZXJzOnF1YWxpdHkoMTAwKS9uZWg=/C2jRq49QlU_fss?st=9IMLWR9OUPKlGWo2iHzi3mzAU0-sqfOOPcfrQyJZ0uQ&ts=1724775545&e=0","https://img.nehnutelnosti.sk/foto/MTUweDg0L2ZpbHRlcnM6cXVhbGl0eSgxMDApL25laA==/GYFAPzBzl_fss?st=mEPqxQFrM443Cuj50MgoKTxHd8ENUp-2EeDOOa7Kq7s&ts=1724775542&e=0","https://img.nehnutelnosti.sk/foto/MTUweDg0L2ZpbHRlcnM6cXVhbGl0eSgxMDApL25laA==/e_VOgIqvK_fss?st=UjuAwbxB453e3KNTwJkI7rz1Is_vqyXXlG1XBMqHwb4&ts=1724775541&e=0","https://img.nehnutelnosti.sk/foto/MTUweDg0L2ZpbHRlcnM6cXVhbGl0eSgxMDApL25laA==/W4LRlO8x1-_fss?st=3t_uFbgjJcRaZw4Dx8yXoCD_bFlzfnoCZfvbax1PW4c&ts=1724775543&e=0"]},{"title":"3 (4) izbový DROTÁRSKA - LOGGIA cez celý byt - VÝHĽAD - TEHLA, 86 m2, lokalita HORSKÝ PARK , VIDEO","address":"Drotárska cesta, Bratislava I - Staré Mesto, okres Bratislava","rooms":4,"meters":84,"totalPrice":298000,"meterSquarePrice":2,"link":"https://www.nehnutelnosti.sk/detail/JuY_1RUT0-a/3-4-izbovy-drotarska-loggia-cez-cely-byt-vyhlad-tehla-86-m2-lokalita-horsky-park-video","imagesUrls":["https://img.nehnutelnosti.sk/foto/NjAweDMzOC9maWx0ZXJzOnF1YWxpdHkoMTAwKS9uZWg=/8aSKc_Bm5_fss?st=y-tRwGqOr_WIFqE3BtlIUA-Isn13s4OjKZ4Pz1LQN0c&ts=1726854417&e=0","https://img.nehnutelnosti.sk/foto/MTUweDg0L2ZpbHRlcnM6cXVhbGl0eSgxMDApL25laA==/kawfzNHhu9_fss?st=ZArEiluW5Y1qPQ85upLaALenGF5etwz2Xxzu37ae-7M&ts=1726854423&e=0","https://img.nehnutelnosti.sk/foto/MTUweDg0L2ZpbHRlcnM6cXVhbGl0eSgxMDApL25laA==/FR69iqbMk3_fss?st=1qeF7DhV1kf6PmCYdSXq7_FArvs4as3Na9N-O-04bb0&ts=1726854418&e=0","https://img.nehnutelnosti.sk/foto/MTUweDg0L2ZpbHRlcnM6cXVhbGl0eSgxMDApL25laA==/P_FbTCxKx_fss?st=wW5Ivj59e7Wtq80NPWfwRvUvuikEmGt1FBQjGxrpAbQ&ts=1726854414&e=0"]},{"title":"Novostavba 3-izbového bytu vo Veľkom Šariši - BytyDoliny","address":"Doliny, Veľký Šariš, okres Prešov","rooms":3,"meters":61,"totalPrice":null,"meterSquarePrice":null,"link":"https://www.nehnutelnosti.sk/detail/JuRiTqcy5Oz/novostavba-3-izboveho-bytu-vo-velkom-sarisi-bytydoliny","imagesUrls":["https://img.nehnutelnosti.sk/foto/NjAweDMzOC9maWx0ZXJzOnF1YWxpdHkoMTAwKS9uZWg=/Oax4RF38f_fss?st=CCWTIKf9OrRcpPQQ1kVDM4SJvtQiiG6Sf-qWqh45W8w&ts=1726856504&e=0","https://img.nehnutelnosti.sk/foto/MTUweDg0L2ZpbHRlcnM6cXVhbGl0eSgxMDApL25laA==/HJcPoiltl_fss?st=GCgDtZ5zNiIW7Nm6lN0L3_ZcCOYJOCVnb_L3SA2wHcw&ts=1726856502&e=0","https://img.nehnutelnosti.sk/foto/MTUweDg0L2ZpbHRlcnM6cXVhbGl0eSgxMDApL25laA==/h7_QQLkBp_fss?st=e1rckiPpiYBtexpl-0H813TdEw-Aep1Tj_LQKNpXiek&ts=1726856502&e=0","https://img.nehnutelnosti.sk/foto/MTUweDg0L2ZpbHRlcnM6cXVhbGl0eSgxMDApL25laA==/Gg5mukICG_fss?st=GZQePynRK3wKd0Tgg8YUoYIUvUmq_No3tWsp_XODNTY&ts=1726856502&e=0"]},{"title":"3 izbový DROTÁRSKA - LOGGIA cez celý byt - VÝHĽAD - TEHLA, 86 m2, lokalita HORSKÝ PARK , VIDEO","address":"Drotárska cesta, Bratislava I - Staré Mesto, okres Bratislava","rooms":3,"meters":84,"totalPrice":298000,"meterSquarePrice":2,"link":"https://www.nehnutelnosti.sk/detail/Ju6hJ2PjRgW/3-izbovy-drotarska-loggia-cez-cely-byt-vyhlad-tehla-86-m2-lokalita-horsky-park-video","imagesUrls":["https://img.nehnutelnosti.sk/foto/NjAweDMzOC9maWx0ZXJzOnF1YWxpdHkoMTAwKS9uZWg=/OZwHdlglba_fss?st=G5m0EtUEh1QoxdchSIAE8nbV9erme7Z5D1S-k5-96oM&ts=1726854404&e=0","https://img.nehnutelnosti.sk/foto/MTUweDg0L2ZpbHRlcnM6cXVhbGl0eSgxMDApL25laA==/bdzs1f8fD_fss?st=GuaPyV8uaGx3g02I7lisScdUrMIpWzjx3juEEGCaVZc&ts=1726854412&e=0","https://img.nehnutelnosti.sk/foto/MTUweDg0L2ZpbHRlcnM6cXVhbGl0eSgxMDApL25laA==/4JjheXP_g_fss?st=eJrJ1Y342ApfkFeFJJxqbCTgiZlnnWwlMT5TDyEfSSg&ts=1726854405&e=0","https://img.nehnutelnosti.sk/foto/MTUweDg0L2ZpbHRlcnM6cXVhbGl0eSgxMDApL25laA==/Emkudfc74_fss?st=_ioLlcqIkdDuPVcr6wH4_ddXMLtLNXwGQ0eGmSH4IGQ&ts=1726854401&e=0"]},{"title":"Prémiové bývanie pri Sĺňave - 1 izb. apt","address":"Piešťany, okres Piešťany","rooms":1,"meters":46,"totalPrice":139900,"meterSquarePrice":7,"link":"https://www.nehnutelnosti.sk/detail/JuotWfsjmQj/premiove-byvanie-pri-slnave-1-izb-apt","imagesUrls":["https://img.nehnutelnosti.sk/foto/NjAweDMzOC9maWx0ZXJzOnF1YWxpdHkoMTAwKS9uZWg=/KLpZDoUK5_fss?st=Nv_wB5xd9u3YSHw3N69_4jY0H7XMCLn3wA7gGub_SaU&ts=1723454377&e=0","https://img.nehnutelnosti.sk/foto/MTUweDg0L2ZpbHRlcnM6cXVhbGl0eSgxMDApL25laA==/6kdaP1bVE_fss?st=-SLVjeVGczovUhI8hH6U0EvJgTdUIwOy1aTTZT5QO8E&ts=1723454373&e=0","https://img.nehnutelnosti.sk/foto/MTUweDg0L2ZpbHRlcnM6cXVhbGl0eSgxMDApL25laA==/C7xqSdVC38_fss?st=WoQYEgkQWHtEAET-KlcctGZA0LsVxqRnfzWpzF0FhIo&ts=1723454378&e=0","https://img.nehnutelnosti.sk/foto/MTUweDg0L2ZpbHRlcnM6cXVhbGl0eSgxMDApL25laA==/GvthlhhMi_fss?st=iRBWwxrGQ901m8OhiXV2ob1rd-VVa2Ph4HnD1pUk9Hc&ts=1723454378&e=0"]},{"title":"1 izb. byt NOVOSTAVBA   PRÍSTAVNÁ ULICA s loggiou","address":"Prístavná, Bratislava II - Ružinov, okres Bratislava","rooms":1,"meters":30,"totalPrice":179900,"meterSquarePrice":7,"link":"https://www.nehnutelnosti.sk/detail/JuEbqxH_xbJ/1-izb-byt-novostavba-pristavna-ulica-s-loggiou","imagesUrls":["https://img.nehnutelnosti.sk/foto/NjAweDMzOC9maWx0ZXJzOnF1YWxpdHkoMTAwKS9uZWg=/Gpvx-QTMWI_fss?st=9t8xE8wk0lFPmEBEYCrhp2thUOkmE0ccvAjt2ENro0A&ts=1726838357&e=0","https://img.nehnutelnosti.sk/foto/MTUweDg0L2ZpbHRlcnM6cXVhbGl0eSgxMDApL25laA==/T7f3EWtsX_fss?st=r7VGTgbrDkvnrUPuXplwxaIMZwQJoZehkqJpgpZvGgA&ts=1726838354&e=0","https://img.nehnutelnosti.sk/foto/MTUweDg0L2ZpbHRlcnM6cXVhbGl0eSgxMDApL25laA==/3PitEw-t__fss?st=dUZ-wIId1469KuNQZsO_m0UcZ_MPerqN29EEwsY79rQ&ts=1726838354&e=0","https://img.nehnutelnosti.sk/foto/MTUweDg0L2ZpbHRlcnM6cXVhbGl0eSgxMDApL25laA==/z_D6bWFxI_fss?st=jQPDVLz_SysBxsVxX4_yKOoVierQkntnv_CBlPzWhA8&ts=1726838353&e=0"]},{"title":"Zľava do konca septembra - na predaj 3 izbový byt v Dubnici nad Váhom.","address":"Centrum II., Dubnica nad Váhom, okres Ilava","rooms":3,"meters":71,"totalPrice":138000,"meterSquarePrice":6,"link":"https://www.nehnutelnosti.sk/detail/JuRBASV_3Vn/zlava-do-konca-septembra-na-predaj-3-izbovy-byt-v-dubnici-nad-vahom","imagesUrls":["https://img.nehnutelnosti.sk/foto/NjAweDMzOC9maWx0ZXJzOnF1YWxpdHkoMTAwKS9uZWg=/n-EBNEb5y_fss?st=771ShWdbAywsCW8EHBTDQ4ano00Nyp_4kH1WO8CERrQ&ts=1726138413&e=0","https://img.nehnutelnosti.sk/foto/MTUweDg0L2ZpbHRlcnM6cXVhbGl0eSgxMDApL25laA==/P6QIW-lT3_fss?st=T6IwA8ldH_6-cS4o0m9GcuO4FvUs7d53b1K10rXibEg&ts=1726138413&e=0","https://img.nehnutelnosti.sk/foto/MTUweDg0L2ZpbHRlcnM6cXVhbGl0eSgxMDApL25laA==/ZvZZ33CsZ_fss?st=MRgI6_S43RtuwQrGtlGhoSULSeXeZt7-QQ-y8CBJVbc&ts=1726138414&e=0","https://img.nehnutelnosti.sk/foto/MTUweDg0L2ZpbHRlcnM6cXVhbGl0eSgxMDApL25laA==/aNA4gsy9I_fss?st=0fxCO5bs4mfBoB5EFNeFPT4Ay_paeFbvLictNJzQL2w&ts=1726138412&e=0"]},{"title":"NOVINKA - Na predaj kompletne zrekonštruovaný 3 izbový byt.","address":"Centrum II., Dubnica nad Váhom, okres Ilava","rooms":3,"meters":67,"totalPrice":129000,"meterSquarePrice":7,"link":"https://www.nehnutelnosti.sk/detail/Ju5HHWzg7gx/novinka-na-predaj-kompletne-zrekonstruovany-3-izbovy-byt","imagesUrls":["https://img.nehnutelnosti.sk/foto/NjAweDMzOC9maWx0ZXJzOnF1YWxpdHkoMTAwKS9uZWg=/FLVGAjyzaw_fss?st=T3EcsYuZsyTHo_rz9gdY-XEBEf3UwAD_RKn9VX2cC7Q&ts=1724682945&e=0","https://img.nehnutelnosti.sk/foto/MTUweDg0L2ZpbHRlcnM6cXVhbGl0eSgxMDApL25laA==/l4HgPrka_k_fss?st=aLzDw18IREyBIuIgjYWgxQkxXvlgupd3fznfzVGILLo&ts=1724682951&e=0","https://img.nehnutelnosti.sk/foto/MTUweDg0L2ZpbHRlcnM6cXVhbGl0eSgxMDApL25laA==/pzfE1jW2a_fss?st=ZqfOtFz94Y6er8MdSxGJ6L6HymIV7dmZzzgXzktvUrY&ts=1724682946&e=0","https://img.nehnutelnosti.sk/foto/MTUweDg0L2ZpbHRlcnM6cXVhbGl0eSgxMDApL25laA==/SNHwQrtXt_fss?st=IQ9BvLn3ioZ8iOZUz4eUsfkPTKzsGWaksVcop4U2pdQ&ts=1724682946&e=0"]},{"title":"Predaj 3 izb. bytu v Senci, 86 m2, Lichnerova ul., centrum mesta","address":"Lichnerova, Senec, okres Senec","rooms":3,"meters":86,"totalPrice":230000,"meterSquarePrice":2,"link":"https://www.nehnutelnosti.sk/detail/JuU95t8iHPl/predaj-3-izb-bytu-v-senci-86-m2-lichnerova-ul-centrum-mesta","imagesUrls":["https://img.nehnutelnosti.sk/foto/NjAweDMzOC9maWx0ZXJzOnF1YWxpdHkoMTAwKS9uZWg=/vgOouHSLp_fss?st=kYGsZiXhODj1ELQqhy8aA_Nc5AddXKtNYBtvtSQAfOA&ts=1722943188&e=0","https://img.nehnutelnosti.sk/foto/MTUweDg0L2ZpbHRlcnM6cXVhbGl0eSgxMDApL25laA==/r8_to9LVr_fss?st=iKokXNpYjSMMm2mzz4lKirioNTK2QfCpwbbCrpmuSaM&ts=1722943191&e=0","https://img.nehnutelnosti.sk/foto/MTUweDg0L2ZpbHRlcnM6cXVhbGl0eSgxMDApL25laA==/0ShhFMfAvx_fss?st=4XF0JpcfBbIjGS-BADG1cZ-gOu5zfDlrJFd9OuqnOfY&ts=1722943189&e=0","https://img.nehnutelnosti.sk/foto/MTUweDg0L2ZpbHRlcnM6cXVhbGl0eSgxMDApL25laA==/l9zWG-Av2_fss?st=yc_zNgY2hVHCty2JXPEH2T2WsyJ8YUK6xqlRLyPiqTA&ts=1722943187&e=0"]},{"title":"4i Byt v trojdome s parkovanim vo dvore","address":"Viničné, okres Pezinok","rooms":4,"meters":138,"totalPrice":260000,"meterSquarePrice":6,"link":"https://www.nehnutelnosti.sk/detail/JucM2GCdjLT/4i-byt-v-trojdome-s-parkovanim-vo-dvore","imagesUrls":["https://img.nehnutelnosti.sk/foto/NjAweDMzOC9maWx0ZXJzOnF1YWxpdHkoMTAwKS9uZWg=/FoX2FROCe_fss?st=y86qeGQng3mNnxqMA32H2nPHFx8K7wdaKCY88KPPEMg&ts=1724750652&e=0","https://img.nehnutelnosti.sk/foto/MTUweDg0L2ZpbHRlcnM6cXVhbGl0eSgxMDApL25laA==/y3PcNAJBF_fss?st=Ss6eeQ6wgbPL41Yql-Ky46kPi6WKBgU5oDQbwqMyvf4&ts=1724750651&e=0","https://img.nehnutelnosti.sk/foto/MTUweDg0L2ZpbHRlcnM6cXVhbGl0eSgxMDApL25laA==/DmyqfeQCQ_fss?st=3AG9ZbjbK81JiBZymO_0cZHgSVYysCjR1mTt_TdW3SA&ts=1724750649&e=0","https://img.nehnutelnosti.sk/foto/MTUweDg0L2ZpbHRlcnM6cXVhbGl0eSgxMDApL25laA==/w8wLYRrBT_fss?st=0--fA3PK50rprmqNzmOyB0jKWQwElW5IiWLssDhr6z0&ts=1724750649&e=0"]},{"title":"Čerstvá kompletná rekonštrukcia v štandarde","address":"Drobného, Bratislava IV - Dúbravka, okres Bratislava","rooms":1,"meters":37,"totalPrice":137000,"meterSquarePrice":0,"link":"https://www.nehnutelnosti.sk/detail/Ju0d32mMHO8/cerstva-kompletna-rekonstrukcia-v-standarde","imagesUrls":["https://img.unitedclassifieds.sk/foto/NjAweDMzOC9maWx0ZXJzOnF1YWxpdHkoMTAwKS9qdWw=/ctiEr-VD-_fss?st=FDPpBaZG09QsTlPNpzSkrtZ2uFZmNSTtWzuZcCNXSzQ&ts=1725781244&e=0","https://img.unitedclassifieds.sk/foto/MTUweDg0L2ZpbHRlcnM6cXVhbGl0eSgxMDApL2p1bA==/cpLkztX4H_fss?st=kNUpKHFPezTtO134dLeJJs7tS_s6A0fUPN4ufmsCwos&ts=1725781320&e=0","https://img.unitedclassifieds.sk/foto/MTUweDg0L2ZpbHRlcnM6cXVhbGl0eSgxMDApL2p1bA==/hfHu9wJ22_fss?st=o5yU6mWZNBJvmXsraf8v8Oe-3611u8gjj9C4JsevmAg&ts=1725781322&e=0","https://img.unitedclassifieds.sk/foto/MTUweDg0L2ZpbHRlcnM6cXVhbGl0eSgxMDApL2p1bA==/6ZdeMTVxi_fss?st=VezQGg2lhUccO4RjHsP2J4r6AvI1GKbCQWzKhrNYbrs&ts=1725781245&e=0"]},{"title":"Tr. SNP- SVETLÝ PLNOHODNOTNÝ 2- IZBOVÝ BYT S INVESTIČNÝM POTENCIONÁLOM","address":"Košice II - Západ, okres Košice","rooms":2,"meters":54,"totalPrice":143500,"meterSquarePrice":3,"link":"https://www.nehnutelnosti.sk/detail/Juny5lGqVhc/tr-snp-svetly-plnohodnotny-2-izbovy-byt-s-investicnym-potencionalom","imagesUrls":["https://img.nehnutelnosti.sk/foto/NjAweDMzOC9maWx0ZXJzOnF1YWxpdHkoMTAwKS9uZWg=/39ihGrt2a_fss?st=DSWRxrA7sBvCzxd04kkC3MluPd8yo9071Oe-3CSefHw&ts=1725537078&e=0","https://img.nehnutelnosti.sk/foto/MTUweDg0L2ZpbHRlcnM6cXVhbGl0eSgxMDApL25laA==/IISzxtRHS_fss?st=U1i4zu5N3canfQEvOHlDRzvqNJqtkwBX2ykVKEp5-HE&ts=1725537078&e=0","https://img.nehnutelnosti.sk/foto/MTUweDg0L2ZpbHRlcnM6cXVhbGl0eSgxMDApL25laA==/VR-pwcuNq_fss?st=Bye3KGnVbPTntViO50ebZfThjIxIhpi8cSIxIrlqo7k&ts=1725537078&e=0","https://img.nehnutelnosti.sk/foto/MTUweDg0L2ZpbHRlcnM6cXVhbGl0eSgxMDApL25laA==/uh9jv3bGa_fss?st=27dGkt9vSasP1bVt31Uk9PeFpfoAnkfyNRZTqjD1PbM&ts=1725537077&e=0"]},{"title":"2 izb. Eurovea Tower,56,4m2 úžitková,10,2m2 Loggia","address":"Pribinova 4195/25, Bratislava I - Staré Mesto, okres Bratislava","rooms":2,"meters":56,"totalPrice":449000,"meterSquarePrice":9,"link":"https://www.nehnutelnosti.sk/detail/JuEEhOULgNs/2-izb-eurovea-tower-56-4m2-uzitkova-10-2m2-loggia","imagesUrls":["https://img.nehnutelnosti.sk/foto/NjAweDMzOC9maWx0ZXJzOnF1YWxpdHkoMTAwKS9uZWg=/5g4k7upro_fss?st=BWCVNsuaUbdNsVnXKsj62dg5QPs8OZ8jnQNlo8M4Xbw&ts=1717607767&e=0","https://img.nehnutelnosti.sk/foto/MTUweDg0L2ZpbHRlcnM6cXVhbGl0eSgxMDApL25laA==/B7AOlZ1iE_fss?st=3JcLJstmkRpkRG4uqiYt0btLYHRRut7XmHJyFZaA99c&ts=1717607768&e=0","https://img.nehnutelnosti.sk/foto/MTUweDg0L2ZpbHRlcnM6cXVhbGl0eSgxMDApL25laA==/FJ-DUQWoo_fss?st=c140ULf4Q9xcIrgyatgMSvrFsQTsTDI0D7wmlSV-x0c&ts=1717607771&e=0","https://img.nehnutelnosti.sk/foto/MTUweDg0L2ZpbHRlcnM6cXVhbGl0eSgxMDApL25laA==/sUzziNu4G_fss?st=qh9FraAU2d22i_-nftpDjIeK32y-ORb72dDFqqacNJE&ts=1717607773&e=0"]},{"title":"NGO | 3 izbový byt pri Horskom parku | 140m2","address":"Búdková, Bratislava I - Staré Mesto, okres Bratislava","rooms":3,"meters":105,"totalPrice":730000,"meterSquarePrice":8,"link":"https://www.nehnutelnosti.sk/detail/JuKAZECHQhn/ngo-3-izbovy-byt-pri-horskom-parku-140m2","imagesUrls":["https://img.nehnutelnosti.sk/foto/NjAweDMzOC9maWx0ZXJzOnF1YWxpdHkoMTAwKS9uZWg=/aVjZBfuoW_fss?st=vX3VqrrqaIDICISXzRfYHUOlt5Mzwd7oHLVNlnh6thQ&ts=1723320077&e=0","https://img.nehnutelnosti.sk/foto/MTUweDg0L2ZpbHRlcnM6cXVhbGl0eSgxMDApL25laA==/k5jwzSB3t_fss?st=7atg6rGRVC4uJmMS4oFirrmxxbkm1Fij8RGySH28JDw&ts=1723320075&e=0","https://img.nehnutelnosti.sk/foto/MTUweDg0L2ZpbHRlcnM6cXVhbGl0eSgxMDApL25laA==/Z0QLnwetY_fss?st=gW4ggkL0svPjRC-GahKQENr8uQHaTrxdxfesppFyCaQ&ts=1723320078&e=0","https://img.nehnutelnosti.sk/foto/MTUweDg0L2ZpbHRlcnM6cXVhbGl0eSgxMDApL25laA==/bL7idyZkDc_fss?st=dKLwHmp4zkC8JLF_X5w_TbOgISb3CKe-PECMZcFXxSg&ts=1723320076&e=0"]},{"title":"Na predaj 4i byt na Toryskej ulici v Bratislave vo Vrakuni","address":"Toryská, Bratislava II - Vrakuňa, okres Bratislava","rooms":4,"meters":80,"totalPrice":null,"meterSquarePrice":null,"link":"https://www.nehnutelnosti.sk/detail/Ju_QGKhdDly/na-predaj-4i-byt-na-toryskej-ulici-v-bratislave-vo-vrakuni","imagesUrls":["https://img.nehnutelnosti.sk/foto/NjAweDMzOC9maWx0ZXJzOnF1YWxpdHkoMTAwKS9uZWg=/qVEQe-_1Ro_fss?st=gXLP-MNaX8Nbg6mJHaJFtSk3tMyN4xfuE9WSPSUoBCE&ts=1723100714&e=0","https://img.nehnutelnosti.sk/foto/MTUweDg0L2ZpbHRlcnM6cXVhbGl0eSgxMDApL25laA==/bJhN9SHzJ5_fss?st=5MBiGU0Q_WVyBGluU9qIXCe0hE4eOwn-Ax6VeuDm0uI&ts=1723100716&e=0","https://img.nehnutelnosti.sk/foto/MTUweDg0L2ZpbHRlcnM6cXVhbGl0eSgxMDApL25laA==/25J7xFhbIN_fss?st=Z_8Ph-Zzkbh5KtsXH_n3fm-U0K86i_VjxIpZz0CufT0&ts=1723100715&e=0","https://img.nehnutelnosti.sk/foto/MTUweDg0L2ZpbHRlcnM6cXVhbGl0eSgxMDApL25laA==/3Ze7IXV1E_fss?st=E98uT44h4Ul_fG5Jlc5BCdAlFNXcmiMCthA3-UCsTyU&ts=1723100714&e=0"]},{"title":"Predaj - 2 izbový byt, garážové státie, ŠTANDARD V CENE, SKOLAUDOVANÝ v projekte Malý Raj Residence","address":"Dúhová, Slovenský Grob, okres Pezinok","rooms":2,"meters":43,"totalPrice":156000,"meterSquarePrice":2,"link":"https://www.nehnutelnosti.sk/detail/JuhuXxFU7QZ/predaj-2-izbovy-byt-garazove-statie-standard-v-cene-skolaudovany-v-projekte-maly-raj-residence","imagesUrls":["https://img.nehnutelnosti.sk/foto/NjAweDMzOC9maWx0ZXJzOnF1YWxpdHkoMTAwKS9uZWg=/61BmwzXWyc_fss?st=ovCFscd_VoDpJLT5M-ty4aQBuvVb7L0fPXsEyVo_S2Q&ts=1726568856&e=0","https://img.nehnutelnosti.sk/foto/MTUweDg0L2ZpbHRlcnM6cXVhbGl0eSgxMDApL25laA==/K-AVwunIA_fss?st=GiuZhKu1EwR8RIfSXL3oVAl96qjOFI0xT4uXQS8EZEA&ts=1726568858&e=0","https://img.nehnutelnosti.sk/foto/MTUweDg0L2ZpbHRlcnM6cXVhbGl0eSgxMDApL25laA==/n9eFdC10t_fss?st=OR2EIfTO2xiL7-bCPO3AJfkwksSepcFFtjSi2n7h9U8&ts=1726568861&e=0","https://img.nehnutelnosti.sk/foto/MTUweDg0L2ZpbHRlcnM6cXVhbGl0eSgxMDApL25laA==/FEwJV8jt7_fss?st=htaEoGBkhk-oaSMuX1dL4E0UojckjG49vjWrZ_IlMck&ts=1726568859&e=0"]},{"title":"Predaj - 2 izbový byt s pred záhradou 124 M2, garážové státie, ŠTANDARD V CENE, SKOLAUDOVANÝ v proje","address":"Dúhová, Slovenský Grob, okres Pezinok","rooms":2,"meters":48,"totalPrice":187000,"meterSquarePrice":3,"link":"https://www.nehnutelnosti.sk/detail/Ju8FimfCJXM/predaj-2-izbovy-byt-s-pred-zahradou-124-m2-garazove-statie-standard-v-cene-skolaudovany-v-proje","imagesUrls":["https://img.nehnutelnosti.sk/foto/NjAweDMzOC9maWx0ZXJzOnF1YWxpdHkoMTAwKS9uZWg=/XGL15YYkJ_fss?st=LKgBDKkbxiY6P6XB2tGfxytBsaFXMiDRdqID2W7aE4Y&ts=1726568842&e=0","https://img.nehnutelnosti.sk/foto/MTUweDg0L2ZpbHRlcnM6cXVhbGl0eSgxMDApL25laA==/jAA8736xT_fss?st=AK9_Y9ycqIfgCuaRKJSsI4IUC-bztOwZ65xZfCtP3us&ts=1726568841&e=0","https://img.nehnutelnosti.sk/foto/MTUweDg0L2ZpbHRlcnM6cXVhbGl0eSgxMDApL25laA==/DhrqitRi3_fss?st=7XJg2Q7Ph2Po2P0WHXep498QyjGe9CZk966dpDXCojM&ts=1726568838&e=0","https://img.nehnutelnosti.sk/foto/MTUweDg0L2ZpbHRlcnM6cXVhbGl0eSgxMDApL25laA==/-Qid3ivL9_fss?st=Y4qmoWrcN2OSBtS8QeI0slmzptKY8AIc5X_LoDDsp7o&ts=1726568839&e=0"]},{"title":"Skybox 2 izbový byt na predaj","address":"Pajštúnska 3821/5, Bratislava V - Petržalka, okres Bratislava","rooms":2,"meters":67,"totalPrice":239000,"meterSquarePrice":8,"link":"https://www.nehnutelnosti.sk/detail/JuJHGz2TjZo/skybox-2-izbovy-byt-na-predaj","imagesUrls":["https://img.nehnutelnosti.sk/foto/NjAweDMzOC9maWx0ZXJzOnF1YWxpdHkoMTAwKS9uZWg=/H5ZrXuiSR_fss?st=VmHO2wmls5EhSaB_RB7YLKHaMqnUMcGQrElVAzN-AJY&ts=1725550550&e=0","https://img.nehnutelnosti.sk/foto/MTUweDg0L2ZpbHRlcnM6cXVhbGl0eSgxMDApL25laA==/TRJmfqRQa_fss?st=Kf5jFujuRhquMvY3QXMsiAD3CEWIWgeS_SggIZxSyPk&ts=1725550550&e=0","https://img.nehnutelnosti.sk/foto/MTUweDg0L2ZpbHRlcnM6cXVhbGl0eSgxMDApL25laA==/0V4bOh80jo_fss?st=DemiSfrWPOcMzLHCs1i_bwZyn-f-hsrZlZUzcSClaMA&ts=1725550551&e=0","https://img.nehnutelnosti.sk/foto/MTUweDg0L2ZpbHRlcnM6cXVhbGl0eSgxMDApL25laA==/sHZS50hi8_fss?st=ZdfLJleL8fEzzlzP7e9dh-Z1IaTMU7pWxNLQ9rJHI_M&ts=1725550550&e=0"]},{"title":"VEĽKOMETRÁŽNE BYTY V HORSKOM PARKU BRATISLAVA","address":"Hriňovská, Bratislava I - Staré Mesto, okres Bratislava","rooms":4,"meters":180,"totalPrice":null,"meterSquarePrice":null,"link":"https://www.nehnutelnosti.sk/detail/JuS5dYJ_7BS/velkometrazne-byty-v-horskom-parku-bratislava","imagesUrls":["https://img.unitedclassifieds.sk/foto/NjAweDMzOC9maWx0ZXJzOnF1YWxpdHkoMTAwKS9yc2Y=/EYyIvJKvX_fss?st=uLLTAqMmstItLLBepgsXw1JduNDlskGG1W3D9rL7JUY&ts=1715806658&e=0","https://img.unitedclassifieds.sk/foto/MTUweDg0L2ZpbHRlcnM6cXVhbGl0eSgxMDApL3JzZg==/HInkpVMRmS_fss?st=kJAY2aRoo88gO9DC2oeLofkbzCXHe6DWtS0uPQFynlc&ts=1715806662&e=0","https://img.unitedclassifieds.sk/foto/MTUweDg0L2ZpbHRlcnM6cXVhbGl0eSgxMDApL3JzZg==/oWNPZ688T_fss?st=AE1sAlrDZavx4m6y-kO07uBujJCvB8yf_me9BnuQJio&ts=1715806662&e=0","https://img.unitedclassifieds.sk/foto/MTUweDg0L2ZpbHRlcnM6cXVhbGl0eSgxMDApL3JzZg==/Z6JvtefuFr_fss?st=-xHSJAV2_AA6-4nkukjNighAVu5WmS2Bxd_rZ4rcrro&ts=1715806664&e=0"]},{"title":"Veľkomentrážny 3 izb. byt v blízkosti Horského Parku","address":"Hriňovská 11, Bratislava I - Staré Mesto, okres Bratislava","rooms":3,"meters":115,"totalPrice":719000,"meterSquarePrice":7,"link":"https://www.nehnutelnosti.sk/detail/JuOJ0FRgiD2/velkomentrazny-3-izb-byt-v-blizkosti-horskeho-parku","imagesUrls":["https://img.unitedclassifieds.sk/foto/NjAweDMzOC9maWx0ZXJzOnF1YWxpdHkoMTAwKS9yc2Y=/4j87ay2Am_fss?st=DhQzgBrqyndgio7gepCUI1_isMORDhz2zM4wClTHMUQ&ts=1724345222&e=0","https://img.unitedclassifieds.sk/foto/MTUweDg0L2ZpbHRlcnM6cXVhbGl0eSgxMDApL3JzZg==/HXWH7VM4n_fss?st=Lqa2UYmLhl_pEMHVAsp83wzzzF3FCc1yYOVXKB45Zko&ts=1724345224&e=0","https://img.unitedclassifieds.sk/foto/MTUweDg0L2ZpbHRlcnM6cXVhbGl0eSgxMDApL3JzZg==/GmIenboWu_fss?st=s4fCbEbFUvBMSm23FP_gjDXaq9p8Nx0AxqxbqLTKrBI&ts=1724345222&e=0","https://img.unitedclassifieds.sk/foto/MTUweDg0L2ZpbHRlcnM6cXVhbGl0eSgxMDApL3JzZg==/04it0ipZY_fss?st=d8NjupLUeQ-bv7323bHkaAYtj5Fm7kBs9liV_uSVFV0&ts=1724345223&e=0"]},{"title":"SKY PARK 4, 2-i byt, 57m2 – orientovaný na ZÁPAD, ZARIADENÝ","address":"Bottova, Bratislava I - Staré Mesto, okres Bratislava","rooms":2,"meters":57,"totalPrice":415000,"meterSquarePrice":0,"link":"https://www.nehnutelnosti.sk/detail/JuHJ8uS-1kv/sky-park-4-2-i-byt-57m2-orientovany-na-zapad-zariadeny","imagesUrls":["https://img.nehnutelnosti.sk/foto/NjAweDMzOC9maWx0ZXJzOnF1YWxpdHkoMTAwKS9uZWg=/K5GigihcZ_fss?st=EVeZNVfrEsU2MZpAqnc3nwkD5s7_L8_jQaZZ6sGY0g0&ts=1726755688&e=0","https://img.nehnutelnosti.sk/foto/MTUweDg0L2ZpbHRlcnM6cXVhbGl0eSgxMDApL25laA==/WZDAXDH5M3_fss?st=8tvxFlQD22uWsQdI3WTDPBly-OO1WbG80HdBDLqpg28&ts=1726755696&e=0","https://img.nehnutelnosti.sk/foto/MTUweDg0L2ZpbHRlcnM6cXVhbGl0eSgxMDApL25laA==/ZCiW0iA7Ev_fss?st=ZhuiPQZ732kkhwdwKEWH_ct4Y1Wiqc8AFasGV1JZKw4&ts=1726755689&e=0","https://img.nehnutelnosti.sk/foto/MTUweDg0L2ZpbHRlcnM6cXVhbGl0eSgxMDApL25laA==/FGrJBDn_4_fss?st=5wSoEaMgxt_w_mcwPYl7GinPaXa_dR1FiK9CcyD2gtk&ts=1726755688&e=0"]},{"title":"Predám 4-izbový byt s lodžiou, Družba, Trnava","address":"Juraja Slottu, Trnava, okres Trnava","rooms":4,"meters":92,"totalPrice":195700,"meterSquarePrice":8,"link":"https://www.nehnutelnosti.sk/detail/JufLD9jIfD3/predam-4-izbovy-byt-s-lodziou-druzba-trnava","imagesUrls":["https://img.nehnutelnosti.sk/foto/NjAweDMzOC9maWx0ZXJzOnF1YWxpdHkoMTAwKS9uZWg=/RJB_EdAY-B_fss?st=BNlLd70ErtLLOKHefOZi8T9h_cEEiB2uEE22VMTJ2cY&ts=1717663333&e=0","https://img.nehnutelnosti.sk/foto/MTUweDg0L2ZpbHRlcnM6cXVhbGl0eSgxMDApL25laA==/wM5m87nS6_fss?st=bwj6dXL2-sPTHNTTciZL24KrRecSbMu1jvUz_rFkZ7o&ts=1717663331&e=0","https://img.nehnutelnosti.sk/foto/MTUweDg0L2ZpbHRlcnM6cXVhbGl0eSgxMDApL25laA==/-m_6QmicZ_fss?st=itTawoACFz1o2tsA-x38LykCyMfkPyDIoZX_Ofdg_es&ts=1717663332&e=0","https://img.nehnutelnosti.sk/foto/MTUweDg0L2ZpbHRlcnM6cXVhbGl0eSgxMDApL25laA==/tOAhzLmm__fss?st=9JJpHbVh5ROrdQqMYTBLc3e9bQBJ383FFdfflzz1h8Y&ts=1717663332&e=0"]},{"title":"Priestranný 2 izbový byt v Dunajskej Lužnej","address":"Lipnická, Dunajská Lužná, okres Senec","rooms":2,"meters":64,"totalPrice":140000,"meterSquarePrice":3,"link":"https://www.nehnutelnosti.sk/detail/JukwB-pz-VlK/priestranny-2-izbovy-byt-v-dunajskej-luznej","imagesUrls":["https://img.nehnutelnosti.sk/foto/NjAweDMzOC9maWx0ZXJzOnF1YWxpdHkoMTAwKS9uZWg=/IQ6k87XyV_fss?st=Ez_5Ki7rqBwPQusPIQr0uz87LB9GlY2yodpp3DnUl1U&ts=1722419150&e=0","https://img.nehnutelnosti.sk/foto/MTUweDg0L2ZpbHRlcnM6cXVhbGl0eSgxMDApL25laA==/WWXlx4FHv_fss?st=fmXDFUBdbmCIU8G16qrf_bKmK5RcnL_-R08GWlKOJhU&ts=1722419151&e=0","https://img.nehnutelnosti.sk/foto/MTUweDg0L2ZpbHRlcnM6cXVhbGl0eSgxMDApL25laA==/iPhQo1mxfY_fss?st=vrgLydCAmtglx4bV8wdXbc5Pgw0nusgOl457tb33pj4&ts=1722419152&e=0","https://img.nehnutelnosti.sk/foto/MTUweDg0L2ZpbHRlcnM6cXVhbGl0eSgxMDApL25laA==/K3lUXOksT_fss?st=nhTWoiDoGza9fDIi_U_2kNWjWUbnbJAz7DEaLLL0_AA&ts=1722419153&e=0"]},{"title":"Pekný 1 izbový byt na Kramároch","address":"Hrdličkova, Bratislava III - Nové Mesto, okres Bratislava","rooms":1,"meters":25,"totalPrice":121000,"meterSquarePrice":0,"link":"https://www.nehnutelnosti.sk/detail/JulaN8jcRR5/pekny-1-izbovy-byt-na-kramaroch","imagesUrls":["https://img.nehnutelnosti.sk/foto/NjAweDMzOC9maWx0ZXJzOnF1YWxpdHkoMTAwKS9uZWg=/OCekltoCT_fss?st=72yRsBuDyNopP7uPMg2_hAMMmQK6wrPJjNXCXs9vzMU&ts=1725528020&e=0","https://img.nehnutelnosti.sk/foto/MTUweDg0L2ZpbHRlcnM6cXVhbGl0eSgxMDApL25laA==/-XQhTMA87_fss?st=MYK-iSPQuhEPT-E8MMdTz642gPuyr-FBJ8MLhV2ZE6Q&ts=1725528020&e=0","https://img.nehnutelnosti.sk/foto/MTUweDg0L2ZpbHRlcnM6cXVhbGl0eSgxMDApL25laA==/Dx4KFmoyN_fss?st=agY-JynNDrnyLbpk5NobYcC9Zhlglacaxpo0bzrzy04&ts=1725528020&e=0","https://img.nehnutelnosti.sk/foto/MTUweDg0L2ZpbHRlcnM6cXVhbGl0eSgxMDApL25laA==/vNNSqyUh71_fss?st=9L-5uDJ9EfDW2eThe5Rvz63GFraS_gIQJQrO7WSIO0s&ts=1725528021&e=0"]}]