[{"title":"LEVEL REAL - NA PREDAJ 2 - IZBOVÝ BYT / Projekt KLÁSKY VRBOVÉ","address":"Družstevná, Trnava, okres Trnava","rooms":2,"meters":47,"totalPrice":92990,"meterSquarePrice":1,"link":"https://www.nehnutelnosti.sk/detail/JuJv-pAf_vV/level-real-na-predaj-2-izbovy-byt-projekt-klasky-vrbove","imagesUrls":["https://img.nehnutelnosti.sk/foto/NjAweDMzOC9maWx0ZXJzOnF1YWxpdHkoMTAwKS9uZWg=/rvyLyWAHcs_fss?st=NQU86iywnputmBxzl_CcZxKwMxuW18qvfrChlRHVq-M&ts=1723877911&e=0"]},{"title":"LEVEL REAL - PREDAJ 2 - IZBOVÝ BYT V PROJEKTE MIKO","address":"Mikoviniho, Trnava, okres Trnava","rooms":2,"meters":49,"totalPrice":139900,"meterSquarePrice":0,"link":"https://www.nehnutelnosti.sk/detail/Ju5ke6zrcff/level-real-predaj-2-izbovy-byt-v-projekte-miko","imagesUrls":["https://img.nehnutelnosti.sk/foto/NjAweDMzOC9maWx0ZXJzOnF1YWxpdHkoMTAwKS9uZWg=/qaZkUuwjR_fss?st=qKYIEKU12LzjAcU-YK0ZMV_6jJ4cobLHyBRWlQfi2vY&ts=1725268588&e=0"]},{"title":"LEVEL REAL NA PREDAJ 3 – IZBOVÝ BYT V BYTOVOM DOME BROSKYŇOVÁ","address":"Dubová - Alžbetin Dvor, Bratislava II - Ružinov, okres Bratislava","rooms":3,"meters":68,"totalPrice":164990,"meterSquarePrice":0,"link":"https://www.nehnutelnosti.sk/detail/JuVziCDQ1tT/level-real-na-predaj-3-izbovy-byt-v-bytovom-dome-broskynova","imagesUrls":["https://img.nehnutelnosti.sk/foto/NjAweDMzOC9maWx0ZXJzOnF1YWxpdHkoMTAwKS9uZWg=/9s4HGkQPa_fss?st=BHGFHUqmqHiBTvEUlgWAC6wDpe4SiVgjMfmRJfKoByc&ts=1715081878&e=0"]},{"title":"BYTY NA PREDAJ - 2 IZBOVÝ BYT V NOVOM PROJEKTE ISTRICA V BANSKEJ BYSTRICI","address":"Sásova, Banská Bystrica, okres Banská Bystrica","rooms":2,"meters":41,"totalPrice":148990,"meterSquarePrice":0,"link":"https://www.nehnutelnosti.sk/detail/JuIqDoGd5Zy/byty-na-predaj-2-izbovy-byt-v-novom-projekte-istrica-v-banskej-bystrici","imagesUrls":["https://img.nehnutelnosti.sk/foto/NjAweDMzOC9maWx0ZXJzOnF1YWxpdHkoMTAwKS9uZWg=/6zLttDHgk_fss?st=NFFoIuuHrxpCgDWjmVymAHj4Kw1w4Er1TM_z5bYVClc&ts=1659347733&e=0"]},{"title":"BYTY NA PREDAJ - 3 IZBOVÝ BYT V NOVOM PROJEKTE ISTRICA V BANSKEJ BYSTRICI","address":"Sásova, Banská Bystrica, okres Banská Bystrica","rooms":3,"meters":63,"totalPrice":188990,"meterSquarePrice":4,"link":"https://www.nehnutelnosti.sk/detail/JuCL6nLANHv/byty-na-predaj-3-izbovy-byt-v-novom-projekte-istrica-v-banskej-bystrici","imagesUrls":["https://img.nehnutelnosti.sk/foto/NjAweDMzOC9maWx0ZXJzOnF1YWxpdHkoMTAwKS9uZWg=/qjWj1UHjn_fss?st=pLg_4tUfWAfFqEKT4l1o8I8uHEryncLyTE_yfn9pC2E&ts=1659347733&e=0"]},{"title":"BYTY NA PREDAJ - 4 IZBOVÝ BYT V NOVOM PROJEKTE ISTRICA V BANSKEJ BYSTRICI","address":"Sásova, Banská Bystrica, okres Banská Bystrica","rooms":4,"meters":86,"totalPrice":262990,"meterSquarePrice":2,"link":"https://www.nehnutelnosti.sk/detail/JubPWq8i5nB/byty-na-predaj-4-izbovy-byt-v-novom-projekte-istrica-v-banskej-bystrici","imagesUrls":["https://img.nehnutelnosti.sk/foto/NjAweDMzOC9maWx0ZXJzOnF1YWxpdHkoMTAwKS9uZWg=/reogi8aPe_fss?st=fijxORVK2z1YTOcNdpLJFP_9c9JV_x4WOBJkDJeSQnQ&ts=1659347733&e=0"]},{"title":"RODINNÝ DOM NA PREDAJ - 4 IZBOVÝ RODINNÝ DOM V NOVOM PROJEKTE ISTRICA V BANSKEJ BYSTRICI","address":"Sásova, Banská Bystrica, okres Banská Bystrica","rooms":4,"meters":150,"totalPrice":359990,"meterSquarePrice":3,"link":"https://www.nehnutelnosti.sk/detail/JuEU2kFwbEl/rodinny-dom-na-predaj-4-izbovy-rodinny-dom-v-novom-projekte-istrica-v-banskej-bystrici","imagesUrls":["https://img.nehnutelnosti.sk/foto/NjAweDMzOC9maWx0ZXJzOnF1YWxpdHkoMTAwKS9uZWg=/loTyMSknM_fss?st=dlvUuxNUn_qCy_7G0PHK8H6vyvD_ToTHmQ_9aYnv7rI&ts=1659347734&e=0"]},{"title":"BYTY NA PREDAJ - 1 IZBOVÝ BYT V NOVOM PROJEKTE ISTRICA V BANSKEJ BYSTRICI","address":"Sásova, Banská Bystrica, okres Banská Bystrica","rooms":1,"meters":37,"totalPrice":109990,"meterSquarePrice":0,"link":"https://www.nehnutelnosti.sk/detail/JuDHjB6Nf59/byty-na-predaj-1-izbovy-byt-v-novom-projekte-istrica-v-banskej-bystrici","imagesUrls":["https://img.nehnutelnosti.sk/foto/NjAweDMzOC9maWx0ZXJzOnF1YWxpdHkoMTAwKS9uZWg=/z7FKrD7Lf_fss?st=OthrB0_xhFFMZUF6oyqfPu_H5z9oabwc-9EaYQFrDH8&ts=1659347730&e=0"]},{"title":"Predaj 3-izbového bytu v ESE v centre mesta Lučenec","address":"Rádayho, Lučenec, okres Lučenec","rooms":3,"meters":51,"totalPrice":55000,"meterSquarePrice":3,"link":"https://www.nehnutelnosti.sk/detail/JuuFjTyI-vH/predaj-3-izboveho-bytu-v-ese-v-centre-mesta-lucenec","imagesUrls":["https://img.nehnutelnosti.sk/foto/NjAweDMzOC9maWx0ZXJzOnF1YWxpdHkoMTAwKS9uZWg=/R3EpV6Rfu_fss?st=NPyxaDnr_RQOVq09JSz8ttzyuszDak99wy9_11nw3Jw&ts=1725863718&e=0"]},{"title":"Predaj 2-izbového bytu na Rádayho ulici","address":"Rádayho, Lučenec, okres Lučenec","rooms":2,"meters":null,"totalPrice":null,"meterSquarePrice":null,"link":"https://www.nehnutelnosti.sk/detail/Ju9ZIvgCvmZ/predaj-2-izboveho-bytu-na-radayho-ulici","imagesUrls":["https://img.nehnutelnosti.sk/foto/NjAweDMzOC9maWx0ZXJzOnF1YWxpdHkoMTAwKS9uZWg=/Fgyb2iTH-_fss?st=OrSsQbqTUkLhQ1HeCFOGViDBZb7mMPXPMBzQQ002Jdk&ts=1726056094&e=0"]},{"title":"Predaj 3 izbový byt v novostavbe Hamuliakovo","address":"Družstevná, Hamuliakovo, okres Senec","rooms":3,"meters":84,"totalPrice":159900,"meterSquarePrice":7,"link":"https://www.nehnutelnosti.sk/detail/Ju5sWZD5dol/predaj-3-izbovy-byt-v-novostavbe-hamuliakovo","imagesUrls":["https://img.nehnutelnosti.sk/foto/NjAweDMzOC9maWx0ZXJzOnF1YWxpdHkoMTAwKS9uZWg=/CYPW-8iqb_fss?st=sQdBOD261GBCGt0wGyWUfK0fEkjUZxj05mKtbvWhUG4&ts=1666644491&e=0"]},{"title":"Na predaj 3 izbový byt 80m2","address":"9.mája, Kysucké Nové Mesto, okres Kysucké Nové Mesto","rooms":3,"meters":80,"totalPrice":129000,"meterSquarePrice":9,"link":"https://www.nehnutelnosti.sk/detail/Ju1uhxgCLis/na-predaj-3-izbovy-byt-80m2","imagesUrls":["https://img.nehnutelnosti.sk/foto/NjAweDMzOC9maWx0ZXJzOnF1YWxpdHkoMTAwKS9uZWg=/UJ42thMpd_fss?st=Me7rCPBiDlH1m3jh_e-4Gh1HLCtQyN-muSNX8p-zASc&ts=1724239275&e=0"]},{"title":"3 - izbový byt 74m2","address":"Pod Kopaninou 864/1, Lipany, okres Sabinov","rooms":3,"meters":74,"totalPrice":140000,"meterSquarePrice":9,"link":"https://www.nehnutelnosti.sk/detail/JujS_FJTu4g/3-izbovy-byt-74m2","imagesUrls":["https://img.nehnutelnosti.sk/foto/NjAweDMzOC9maWx0ZXJzOnF1YWxpdHkoMTAwKS9uZWg=/EJq0T2M0Id_fss?st=UaGx4TOMY9TOF6wkYq_a-IiOaz7deH4uqQEmumKLZN4&ts=1724330454&e=0"]},{"title":"NA PREDAJ - kásny 4-izbový mezonet v Starom meste","address":"Zochova 18, Bratislava I - Staré Mesto, okres Bratislava","rooms":4,"meters":126,"totalPrice":450000,"meterSquarePrice":6,"link":"https://www.nehnutelnosti.sk/detail/Juzh1kVhCvN/na-predaj-kasny-4-izbovy-mezonet-v-starom-meste","imagesUrls":["https://img.nehnutelnosti.sk/foto/NjAweDMzOC9maWx0ZXJzOnF1YWxpdHkoMTAwKS9uZWg=/dmClIMC02_fss?st=wGgjjuXruE1KikS2BEG3znWbbux14uvs_xZII-5rsfo&ts=1697182460&e=0"]},{"title":"ZÁBOJ - Moderné bývanie / Rimavská Sobota","address":"P. Hostinského, Rimavská Sobota, okres Rimavská Sobota","rooms":2,"meters":null,"totalPrice":null,"meterSquarePrice":null,"link":"https://www.nehnutelnosti.sk/detail/JuIitKHiywb/zaboj-moderne-byvanie-rimavska-sobota","imagesUrls":["https://img.nehnutelnosti.sk/foto/NjAweDMzOC9maWx0ZXJzOnF1YWxpdHkoMTAwKS9uZWg=/vbof-AeZm_fss?st=lBsZ4ZY5wlhLzXwy-GjPaWkKHkuOtNwx2DCuzFDDuq8&ts=1716188215&e=0"]},{"title":"3izb byt v ZH na predaj","address":"Žiar nad Hronom, okres Žiar nad Hronom","rooms":3,"meters":73,"totalPrice":97600,"meterSquarePrice":1,"link":"https://www.nehnutelnosti.sk/detail/JuquoHVuGhD/3izb-byt-v-zh-na-predaj","imagesUrls":["https://img.nehnutelnosti.sk/foto/NjAweDMzOC9maWx0ZXJzOnF1YWxpdHkoMTAwKS9uZWg=/_e3AGa7q-_fss?st=kRR9alTmZxVU2QxiEfdS_0EQi_Jlz4zY0BK7navuIME&ts=1660832297&e=0"]},{"title":"Tichý, slnečný 4 izb. byt, 2 kúpeľne, krb,  v CENTRE mesta pri MEDICKEJ ZÁHRADE!","address":"Cukrová, Bratislava I - Staré Mesto, okres Bratislava","rooms":4,"meters":95,"totalPrice":474990,"meterSquarePrice":7,"link":"https://www.nehnutelnosti.sk/detail/Ju634UPhpzE/tichy-slnecny-4-izb-byt-2-kupelne-krb-v-centre-mesta-pri-medickej-zahrade","imagesUrls":["https://img.unitedclassifieds.sk/foto/NjAweDMzOC9maWx0ZXJzOnF1YWxpdHkoMTAwKS9qdWw=/_1vDl-3_4_fss?st=ekuxz-clcDe4gwhjDQfGNh4a1pE5kidF2qUEgefLTGw&ts=1721505819&e=0"]},{"title":"BD - RELAX; 2 IZBOVÝ BYT; 4.NP; 61,34m2;","address":"Letná, Stará Ľubovňa, okres Stará Ľubovňa","rooms":2,"meters":54,"totalPrice":null,"meterSquarePrice":null,"link":"https://www.nehnutelnosti.sk/detail/JuLQsbJnNmj/bd-relax-2-izbovy-byt-4-np-61-34m2","imagesUrls":["https://img.nehnutelnosti.sk/foto/NjAweDMzOC9maWx0ZXJzOnF1YWxpdHkoMTAwKS9uZWg=/pyDYOUpx8e_fss?st=U7vnkpw18FL08xNUdjqALXBZxeX7mWf-xKSxZp0KSEY&ts=1723747345&e=0"]},{"title":"Time4Dreams | 2 - IZBOVÝ BYT | TOPOĽČANY | KRUŠOVSKÁ","address":"Krušovská, Topoľčany, okres Topoľčany","rooms":2,"meters":58,"totalPrice":83900,"meterSquarePrice":5,"link":"https://www.nehnutelnosti.sk/detail/JuzmR-GLyNp/time4dreams-2-izbovy-byt-topolcany-krusovska","imagesUrls":["https://img.nehnutelnosti.sk/foto/NjAweDMzOC9maWx0ZXJzOnF1YWxpdHkoMTAwKS9uZWg=/ohA7z7zC5X_fss?st=oSsmUcw2lXS7T8P-7pTYg2iimTlKBXD32tJbDGfPuAQ&ts=1725842516&e=0"]},{"title":"Znížená cena_Neštandardný 3 izbový mezonetový byt Trenčín - JUH","address":"Halalovka, Trenčín, okres Trenčín","rooms":3,"meters":90,"totalPrice":154000,"meterSquarePrice":1,"link":"https://www.nehnutelnosti.sk/detail/JuZN45RaI61/znizena-cena-nestandardny-3-izbovy-mezonetovy-byt-trencin-juh","imagesUrls":["https://img.nehnutelnosti.sk/foto/NjAweDMzOC9maWx0ZXJzOnF1YWxpdHkoMTAwKS9uZWg=/883-DTD6b0_fss?st=qmH2H9-Lphv3ebFw0DI4iqd9CBixc-a-kqumTndTLzY&ts=1723633866&e=0"]},{"title":"BD – RELAX; 2 IZBOVÝ BYT; 4.NP; 46,33m2;","address":"Letná, Stará Ľubovňa, okres Stará Ľubovňa","rooms":2,"meters":40,"totalPrice":null,"meterSquarePrice":null,"link":"https://www.nehnutelnosti.sk/detail/JuhZE5WUEqf/bd-relax-2-izbovy-byt-4-np-46-33m2","imagesUrls":["https://img.nehnutelnosti.sk/foto/NjAweDMzOC9maWx0ZXJzOnF1YWxpdHkoMTAwKS9uZWg=/wnfccFVAz_fss?st=oOGy8KNwiOPi-g3WVRgU5i7NyHcd936_cewC95DHSGc&ts=1725279756&e=0"]},{"title":"BD – RELAX; 3 IZBOVÝ BYT; 3.NP; 81,42m2;","address":"Letná, Stará Ľubovňa, okres Stará Ľubovňa","rooms":3,"meters":74,"totalPrice":null,"meterSquarePrice":null,"link":"https://www.nehnutelnosti.sk/detail/JuLLRBZ8U9d/bd-relax-3-izbovy-byt-3-np-81-42m2","imagesUrls":["https://img.nehnutelnosti.sk/foto/NjAweDMzOC9maWx0ZXJzOnF1YWxpdHkoMTAwKS9uZWg=/IcWr5JiER_fss?st=wxnAr1QuXh9Ldv2sRkCLXsKHVYjVpWxjQ1COh_J3JRU&ts=1723747341&e=0"]},{"title":"BD – RELAX; 2 IZBOVÝ BYT; 3.NP; 61,34m2;","address":"Letná, Stará Ľubovňa, okres Stará Ľubovňa","rooms":2,"meters":54,"totalPrice":null,"meterSquarePrice":null,"link":"https://www.nehnutelnosti.sk/detail/JutrAmKu8Cy/bd-relax-2-izbovy-byt-3-np-61-34m2","imagesUrls":["https://img.nehnutelnosti.sk/foto/NjAweDMzOC9maWx0ZXJzOnF1YWxpdHkoMTAwKS9uZWg=/95jda-hWlO_fss?st=Y_bc7YEKM8fw8wS019GArSzdENA6izAVPf04U-V1b10&ts=1722307261&e=0"]},{"title":"Priestranný 4_izbový byt, Piešťany","address":"Piešťany, okres Piešťany","rooms":4,"meters":92,"totalPrice":168000,"meterSquarePrice":9,"link":"https://www.nehnutelnosti.sk/detail/JuNjhRyoPzt/priestranny-4-izbovy-byt-piestany","imagesUrls":["https://img.nehnutelnosti.sk/foto/NjAweDMzOC9maWx0ZXJzOnF1YWxpdHkoMTAwKS9uZWg=/zgNCTPb0D_fss?st=Lou2LaXh6nGRINyYXonxsMyTAobpMfC5zf5gNShmjTA&ts=1718454182&e=0"]},{"title":"3 izbový byt s. Západ ul. Rybárska","address":"Rybárska, Rimavská Sobota, okres Rimavská Sobota","rooms":3,"meters":76,"totalPrice":110000,"meterSquarePrice":7,"link":"https://www.nehnutelnosti.sk/detail/Jul492PzUZj/3-izbovy-byt-s-zapad-ul-rybarska","imagesUrls":["https://img.nehnutelnosti.sk/foto/NjAweDMzOC9maWx0ZXJzOnF1YWxpdHkoMTAwKS9uZWg=/79C0pPm-j_fss?st=tWvqIumk1jDBVqDEfHnU3foKmpx1VHZrbnX7zftdTSs&ts=1726863662&e=0"]},{"title":"Trojizbový byt v Handlovej, sídlisko Mostná","address":"Mostná, Handlová, okres Prievidza","rooms":3,"meters":72,"totalPrice":76900,"meterSquarePrice":6,"link":"https://www.nehnutelnosti.sk/detail/JuP_VJdAMu6/trojizbovy-byt-v-handlovej-sidlisko-mostna","imagesUrls":["https://img.nehnutelnosti.sk/foto/NjAweDMzOC9maWx0ZXJzOnF1YWxpdHkoMTAwKS9uZWg=/u-jBkJg3P_fss?st=TP_rTzKJeUAt6azrZO0cteU64Cj--u3nW6dT31FuZQw&ts=1724505999&e=0"]},{"title":"Jednoizbový byt na predaj v Prievidzi, Nábrežie sv. Cyrila","address":"Nábrežie sv. Cyrila, Prievidza, okres Prievidza","rooms":1,"meters":38,"totalPrice":51900,"meterSquarePrice":9,"link":"https://www.nehnutelnosti.sk/detail/Jux_lcAi1n-/jednoizbovy-byt-na-predaj-v-prievidzi-nabrezie-sv-cyrila","imagesUrls":["https://img.nehnutelnosti.sk/foto/NjAweDMzOC9maWx0ZXJzOnF1YWxpdHkoMTAwKS9uZWg=/91I6GoPWpT_fss?st=mFtr32KKYGANIB2oc18cJ_-fj3QIwIJUAKH5CmhNpPU&ts=1719565450&e=0"]},{"title":"REZERVOVANÝ! Trojizbový byt po kompletnej rekonštrukcii v Prievidzi - Staré sídlisko.","address":"A. Rudnaya, Prievidza, okres Prievidza","rooms":3,"meters":59,"totalPrice":89900,"meterSquarePrice":3,"link":"https://www.nehnutelnosti.sk/detail/JuWbPu7ZDkG/rezervovany-trojizbovy-byt-po-kompletnej-rekonstrukcii-v-prievidzi-stare-sidlisko","imagesUrls":["https://img.nehnutelnosti.sk/foto/NjAweDMzOC9maWx0ZXJzOnF1YWxpdHkoMTAwKS9uZWg=/mVG3b-6c5_fss?st=MPDQQEoFX-s6mWf8k25_vgjreORcAycHzxATZLR9sRs&ts=1721208928&e=0"]},{"title":"PREDANÝ! Veľkometrážny trojizbový byt v Handlovej, sídlisko Morovno.","address":"Okružná, Handlová, okres Prievidza","rooms":3,"meters":76,"totalPrice":87000,"meterSquarePrice":4,"link":"https://www.nehnutelnosti.sk/detail/JuRZsSRUUgx/predany-velkometrazny-trojizbovy-byt-v-handlovej-sidlisko-morovno","imagesUrls":["https://img.nehnutelnosti.sk/foto/NjAweDMzOC9maWx0ZXJzOnF1YWxpdHkoMTAwKS9uZWg=/d-1xp4pdG_fss?st=cZP_9Nj90rXIsJ6tdhYxpPYNOtYYQDD8G6VogpI1e6U&ts=1723068090&e=0"]},{"title":"REZERVOVANÝ! Dvojizbový byt na ul. 29.augusta v Handlovej","address":"29. augusta, Handlová, okres Prievidza","rooms":2,"meters":64,"totalPrice":77000,"meterSquarePrice":3,"link":"https://www.nehnutelnosti.sk/detail/JusN4z7D8xM/rezervovany-dvojizbovy-byt-na-ul-29-augusta-v-handlovej","imagesUrls":["https://img.nehnutelnosti.sk/foto/NjAweDMzOC9maWx0ZXJzOnF1YWxpdHkoMTAwKS9uZWg=/DxSj70_nCE_fss?st=p6USs8bHWdgEPGpmaaP4y_AM7nlPmu0PQHgOqrU1G_4&ts=1718271505&e=0"]}]