[{"title":"Nová cena/ Rybany 3 izbový byt s balkónom na predaj","address":"Rybany, okres Bánovce nad Bebravou","rooms":3,"meters":74,"totalPrice":73000,"meterSquarePrice":9,"link":"https://www.nehnutelnosti.sk/detail/JulxvaEK5Li/nova-cena-rybany-3-izbovy-byt-s-balkonom-na-predaj","imagesUrls":["https://img.nehnutelnosti.sk/foto/NjAweDMzOC9maWx0ZXJzOnF1YWxpdHkoMTAwKS9uZWg=/8Jo9RmVyy_fss?st=V3esfFf9KZNhkszikcavF84B-jOnMqtGpf06rNKNUXQ&ts=1718109524&e=0"]},{"title":"NOVÁ CENA/ Zariadený, pekný 3 izbový byt s loggiou, klimatizáciou na sídlisku Dubnička/ BnB","address":"Bánovce nad Bebravou, okres Bánovce nad Bebravou","rooms":3,"meters":69,"totalPrice":115000,"meterSquarePrice":7,"link":"https://www.nehnutelnosti.sk/detail/Ju6o94YpoQ4/nova-cena-zariadeny-pekny-3-izbovy-byt-s-loggiou-klimatizaciou-na-sidlisku-dubnicka-bnb","imagesUrls":["https://img.nehnutelnosti.sk/foto/NjAweDMzOC9maWx0ZXJzOnF1YWxpdHkoMTAwKS9uZWg=/6Mi_yhq5Y_fss?st=pWhUTXEy6opFtV8rGQJWP_4-H0sBTRQM2h-3pZXeyJ4&ts=1712579546&e=0"]},{"title":"Exkluzívne na predaj pekný 2,5 izbový byt v Bánovciach n/B- Stred","address":"Bánovce n/B, Bánovce nad Bebravou, okres Bánovce nad Bebravou","rooms":2,"meters":58,"totalPrice":89000,"meterSquarePrice":8,"link":"https://www.nehnutelnosti.sk/detail/JuW35yQsOSJ/exkluzivne-na-predaj-pekny-2-5-izbovy-byt-v-banovciach-n-b-stred","imagesUrls":["https://img.nehnutelnosti.sk/foto/NjAweDMzOC9maWx0ZXJzOnF1YWxpdHkoMTAwKS9uZWg=/5sUZT6ywO_fss?st=l2MNeQhEgiAxvgF5iMp8AxMO0yac9TPFLtDeYY8oi6g&ts=1691488905&e=0"]},{"title":"REZERVOVANÉ !!!  3i byt SABINOV s LOGGIOU - NOVÁ ZNÍŽENÁ CENA !!!","address":"Komenského, Sabinov, okres Sabinov","rooms":3,"meters":69,"totalPrice":null,"meterSquarePrice":null,"link":"https://www.nehnutelnosti.sk/detail/JuYoJBw8cEG/rezervovane-3i-byt-sabinov-s-loggiou-nova-znizena-cena","imagesUrls":["https://img.nehnutelnosti.sk/foto/NjAweDMzOC9maWx0ZXJzOnF1YWxpdHkoMTAwKS9uZWg=/j0X-bt0YO_fss?st=aTfUtUYe76wod3m1TUYHDO1VetZut580F4ia-LhGFg8&ts=1723642533&e=0"]},{"title":"PREDAJ 2i bytu v centre mesta Humenné.","address":"Dobrianskeho, Humenné, okres Humenné","rooms":2,"meters":56,"totalPrice":null,"meterSquarePrice":null,"link":"https://www.nehnutelnosti.sk/detail/Jupq57L-aZp/predaj-2i-bytu-v-centre-mesta-humenne","imagesUrls":["https://img.nehnutelnosti.sk/foto/NjAweDMzOC9maWx0ZXJzOnF1YWxpdHkoMTAwKS9uZWg=/wp0E15trxZ_fss?st=j15PMhD8BH8iUurbv-yplqpfDW7h6mLMeRUmZU-ULew&ts=1718783201&e=0"]},{"title":"Predaj 3-izbového bytu v centre mesta Humenné.","address":"Sokolovská, Humenné, okres Humenné","rooms":3,"meters":74,"totalPrice":null,"meterSquarePrice":null,"link":"https://www.nehnutelnosti.sk/detail/Ju1fkWiQOag/predaj-3-izboveho-bytu-v-centre-mesta-humenne","imagesUrls":["https://img.nehnutelnosti.sk/foto/NjAweDMzOC9maWx0ZXJzOnF1YWxpdHkoMTAwKS9uZWg=/Avydbgwc3_fss?st=z5aaCBlbZrtuqctOty3a7BJwj2F2eIAAYljMPqYyHEw&ts=1723748602&e=0"]},{"title":"Na predaj útulný, dispozične zmenený 2i byt -Nad jazerom","address":"Čingovská, Košice IV - Nad jazerom, okres Košice","rooms":2,"meters":40,"totalPrice":null,"meterSquarePrice":null,"link":"https://www.nehnutelnosti.sk/detail/JuHZVguTR1H/na-predaj-utulny-dispozicne-zmeneny-2i-byt-nad-jazerom","imagesUrls":["https://img.nehnutelnosti.sk/foto/NjAweDMzOC9maWx0ZXJzOnF1YWxpdHkoMTAwKS9uZWg=/-b_4vhwe3G_fss?st=45XE35GhZEKAGm7k9akVLuaxwuBDXa7jGsmU2cTWi6k&ts=1706879302&e=0"]},{"title":"Ponúknite 3 izbový byt v Prešove","address":"Prešov, okres Prešov","rooms":3,"meters":null,"totalPrice":null,"meterSquarePrice":null,"link":"https://www.nehnutelnosti.sk/detail/Jub8WGSJ7rG/ponuknite-3-izbovy-byt-v-presove","imagesUrls":["https://img.nehnutelnosti.sk/foto/NjAweDMzOC9maWx0ZXJzOnF1YWxpdHkoMTAwKS9uZWg=/VEYWLbExU_fss?st=tfoslG8E71H8n-Sw2406OITSH1V9QizCELKeDcLly8s&ts=1655888318&e=0"]},{"title":"REZERVOVANÉ   -  Predaj veľkého 3 izb. bytu v pôvodnom stave, Senec Nám. 1 mája","address":"Nám. 1. mája, Senec, okres Senec","rooms":3,"meters":85,"totalPrice":145000,"meterSquarePrice":8,"link":"https://www.nehnutelnosti.sk/detail/JuuqSwPSxYc/rezervovane-predaj-velkeho-3-izb-bytu-v-povodnom-stave-senec-nam-1-maja","imagesUrls":["https://img.nehnutelnosti.sk/foto/NjAweDMzOC9maWx0ZXJzOnF1YWxpdHkoMTAwKS9uZWg=/eOpoLvijw_fss?st=G1OQuJA9lOcdnj6fQlrI4zSGlodFi18xw4n64VVzCaw&ts=1718787890&e=0"]},{"title":"Ponúkame na  predaj 1. izbový  byt s terasou a vlastným parkovaním  v areáli Slnečných jazier - seve","address":"Slnečné jazerá- sever, Senec, okres Senec","rooms":1,"meters":31,"totalPrice":92000,"meterSquarePrice":4,"link":"https://www.nehnutelnosti.sk/detail/JucEcJnJ8Jn/ponukame-na-predaj-1-izbovy-byt-s-terasou-a-vlastnym-parkovanim-v-areali-slnecnych-jazier-seve","imagesUrls":["https://img.nehnutelnosti.sk/foto/NjAweDMzOC9maWx0ZXJzOnF1YWxpdHkoMTAwKS9uZWg=/gquIPVJZdK_fss?st=EtlNEdYDOxu8un7h6UpzaHG7S1HaKBubvDTyc3bYbqc&ts=1720034679&e=0"]},{"title":"Sekčov -1.izb. byt, Priestranný 41 m2, 2x nový výťah, 6/8p","address":"Bernolákova, Prešov, okres Prešov","rooms":1,"meters":41,"totalPrice":85000,"meterSquarePrice":7,"link":"https://www.nehnutelnosti.sk/detail/JuLnBJ-oekX/sekcov-1-izb-byt-priestranny-41-m2-2x-novy-vytah-6-8p","imagesUrls":["https://img.unitedclassifieds.sk/foto/NjAweDMzOC9maWx0ZXJzOnF1YWxpdHkoMTAwKS9qdWw=/FrcgXv86N_fss?st=5ePLWfKzcgDTuodABSQWIKNUtqk2n64aZtEE2nPFnLQ&ts=1726325205&e=0"]},{"title":"Kompletná rekonštrukcia, 3-izbový byt s  loggiou, Košice – JUH","address":"Užhorodská, Košice IV - Juh, okres Košice","rooms":3,"meters":69,"totalPrice":178900,"meterSquarePrice":5,"link":"https://www.nehnutelnosti.sk/detail/JuflcRAUbL0/kompletna-rekonstrukcia-3-izbovy-byt-s-loggiou-kosice-juh","imagesUrls":["https://img.unitedclassifieds.sk/foto/NjAweDMzOC9maWx0ZXJzOnF1YWxpdHkoMTAwKS9qdWw=/DUtvTkBsy_fss?st=fQaU9L5y2f4cYNY_yCOsQ0TZT5y-PvEQb22ruUAkfyE&ts=1725613131&e=0"]},{"title":"UC5 - DP 1 jednotka","address":"Novoť, okres Námestovo","rooms":5,"meters":333,"totalPrice":3333333,"meterSquarePrice":1,"link":"https://www.nehnutelnosti.sk/detail/JuWmDffpJMJ/uc5-dp-1-jednotka","imagesUrls":[]},{"title":"VALEN | Šikovný 1i byt v projekte Slnečnice POP s parkingom","address":"Labutia, Bratislava V - Petržalka, okres Bratislava","rooms":1,"meters":28,"totalPrice":149900,"meterSquarePrice":3,"link":"https://www.nehnutelnosti.sk/detail/JufVJBZau0P/valen-sikovny-1i-byt-v-projekte-slnecnice-pop-s-parkingom","imagesUrls":["https://img.nehnutelnosti.sk/foto/NjAweDMzOC9maWx0ZXJzOnF1YWxpdHkoMTAwKS9uZWg=/44RAO8WBF_fss?st=nLq9eR-xR6RGqXYZCZ2KDprIU_Q434_kEqmvS8aX32s&ts=1726324049&e=0"]},{"title":"Apartmány na Predaj pri Jazere Klinger v Banskej Štiavnici","address":"Klinger, Banská Štiavnica, okres Banská Štiavnica","rooms":null,"meters":45,"totalPrice":179200,"meterSquarePrice":2,"link":"https://www.nehnutelnosti.sk/detail/JuPRW7a_enk/apartmany-na-predaj-pri-jazere-klinger-v-banskej-stiavnici","imagesUrls":["https://img.nehnutelnosti.sk/foto/NjAweDMzOC9maWx0ZXJzOnF1YWxpdHkoMTAwKS9uZWg=/wyFKU6PzC_fss?st=VCn26RKPAJLgh461VP6BaEgUTa7R5W2acBN-Gl4-tDo&ts=1724761846&e=0"]},{"title":"BV REAL predaj 2 izbový byt 70 m2 Handlová Nádaždyho BV4008","address":"Nádaždyho, Handlová, okres Prievidza","rooms":2,"meters":69,"totalPrice":66500,"meterSquarePrice":9,"link":"https://www.nehnutelnosti.sk/detail/JumgNkeH0oi/bv-real-predaj-2-izbovy-byt-70-m2-handlova-nadazdyho-bv4008","imagesUrls":["https://img.nehnutelnosti.sk/foto/NjAweDMzOC9maWx0ZXJzOnF1YWxpdHkoMTAwKS9uZWg=/F-KO09JEGa_fss?st=5T0_iaX43tp_ki8pI52Y9rJyPMlaV4RkD3liFpQAVvQ&ts=1726130716&e=0"]},{"title":"BV REAL Na predaj 2 izbový byt Handlová FM2100","address":"Československej armády, Handlová, okres Prievidza","rooms":2,"meters":38,"totalPrice":59990,"meterSquarePrice":8,"link":"https://www.nehnutelnosti.sk/detail/JumQUnQd7kz/bv-real-na-predaj-2-izbovy-byt-handlova-fm2100","imagesUrls":["https://img.nehnutelnosti.sk/foto/NjAweDMzOC9maWx0ZXJzOnF1YWxpdHkoMTAwKS9uZWg=/DYGXdMlN5m_fss?st=8Ri7gdrldaSr1tKVrtu5y4qR7INWfrNHGdY3nSD2Rvw&ts=1725972606&e=0"]},{"title":"BV REAL Na predaj 2 izbový byt Prievidza FM2106","address":"Bjornsona, Prievidza, okres Prievidza","rooms":2,"meters":51,"totalPrice":72000,"meterSquarePrice":6,"link":"https://www.nehnutelnosti.sk/detail/JuVpLsAlIT5/bv-real-na-predaj-2-izbovy-byt-prievidza-fm2106","imagesUrls":["https://img.nehnutelnosti.sk/foto/NjAweDMzOC9maWx0ZXJzOnF1YWxpdHkoMTAwKS9uZWg=/7uxamf63H_fss?st=1TypGQ_hyXpsVMdRuAlypzaiqaOiqvYIoAr17Wzfp-8&ts=1726834634&e=0"]},{"title":"BV REAL Na predaj prerobený 3 izbový byt Handlová FM2094","address":"Partizánska, Handlová, okres Prievidza","rooms":3,"meters":66,"totalPrice":89990,"meterSquarePrice":8,"link":"https://www.nehnutelnosti.sk/detail/JuKh-gSNYSI/bv-real-na-predaj-prerobeny-3-izbovy-byt-handlova-fm2094","imagesUrls":["https://img.nehnutelnosti.sk/foto/NjAweDMzOC9maWx0ZXJzOnF1YWxpdHkoMTAwKS9uZWg=/WvkeWTr_j_fss?st=TBqDjFOPNO_-1RjMXcolwI5Ib5MCXbpD2VKrpzs2bJY&ts=1725294732&e=0"]},{"title":"BV REAL na predaj 3 izbový byt 70 m2 Handlová FM2075","address":"Mostná, Handlová, okres Prievidza","rooms":3,"meters":70,"totalPrice":91990,"meterSquarePrice":4,"link":"https://www.nehnutelnosti.sk/detail/JuvK4F000uX/bv-real-na-predaj-3-izbovy-byt-70-m2-handlova-fm2075","imagesUrls":["https://img.nehnutelnosti.sk/foto/NjAweDMzOC9maWx0ZXJzOnF1YWxpdHkoMTAwKS9uZWg=/f3OcTlwqb_fss?st=HBzpHCUycClswjPaBQF0SFfIxxBXMEwfZvpXkb63DxQ&ts=1726834613&e=0"]},{"title":"BV REAL Na predaj garsónka po rekonštrukcii Prievidza FM2076","address":"Energetikov, Prievidza, okres Prievidza","rooms":null,"meters":20,"totalPrice":49990,"meterSquarePrice":0,"link":"https://www.nehnutelnosti.sk/detail/JuKWL9zvuxf/bv-real-na-predaj-garsonka-po-rekonstrukcii-prievidza-fm2076","imagesUrls":["https://img.nehnutelnosti.sk/foto/NjAweDMzOC9maWx0ZXJzOnF1YWxpdHkoMTAwKS9uZWg=/3Yv6QcrAd_fss?st=rpEVGUqgyQXK_-kGCCi6RIEx9sO4h4oROCEBo7DME4A&ts=1724758506&e=0"]},{"title":"BV REAL Na predaj prerobený 3 izbový byt Handlová FM2072","address":"Partizánska, Handlová, okres Prievidza","rooms":3,"meters":65,"totalPrice":91990,"meterSquarePrice":3,"link":"https://www.nehnutelnosti.sk/detail/JuKgBsjSXnx/bv-real-na-predaj-prerobeny-3-izbovy-byt-handlova-fm2072","imagesUrls":["https://img.nehnutelnosti.sk/foto/NjAweDMzOC9maWx0ZXJzOnF1YWxpdHkoMTAwKS9uZWg=/2nwew2Cbm_fss?st=4LW-H9LRiaam14iqBo4U_Ag9cwdZKoO1Gt05vW6Uh7E&ts=1724758461&e=0"]},{"title":"BV REAL Na predaj 2 izbový byt Handlová FM2079","address":"Prievidzská, Handlová, okres Prievidza","rooms":2,"meters":49,"totalPrice":71990,"meterSquarePrice":8,"link":"https://www.nehnutelnosti.sk/detail/JutR6kyk1HN/bv-real-na-predaj-2-izbovy-byt-handlova-fm2079","imagesUrls":["https://img.nehnutelnosti.sk/foto/NjAweDMzOC9maWx0ZXJzOnF1YWxpdHkoMTAwKS9uZWg=/jhDwZStWA_fss?st=MEI6MN0pjvoEcF-Xft4MLtBY-LJDHIPuSq8FfmhclRQ&ts=1727025695&e=0"]},{"title":"BV REAL Na predaj 2 izbový byt Handlová FM2080","address":"29. augusta, Handlová, okres Prievidza","rooms":2,"meters":63,"totalPrice":71990,"meterSquarePrice":0,"link":"https://www.nehnutelnosti.sk/detail/JurYVI-5jZq/bv-real-na-predaj-2-izbovy-byt-handlova-fm2080","imagesUrls":["https://img.nehnutelnosti.sk/foto/NjAweDMzOC9maWx0ZXJzOnF1YWxpdHkoMTAwKS9uZWg=/7FwnJP_Na_fss?st=0HqjipbTihlNBvtUfYMY6efEZ7noN-09uoTdF6mVY6k&ts=1724758524&e=0"]},{"title":"BV REAL Na predaj 2 izbový byt Handlová FM2059","address":"Ćeskoslovenská Armáda, Handlová, okres Prievidza","rooms":2,"meters":64,"totalPrice":57999,"meterSquarePrice":3,"link":"https://www.nehnutelnosti.sk/detail/JumRebdhYwo/bv-real-na-predaj-2-izbovy-byt-handlova-fm2059","imagesUrls":["https://img.nehnutelnosti.sk/foto/NjAweDMzOC9maWx0ZXJzOnF1YWxpdHkoMTAwKS9uZWg=/rFUWlr707_fss?st=iYwmbEQDL0MoHj6iDDKsbzmnu7koAVtn-TmSX7Xdiwk&ts=1726883275&e=0"]},{"title":"BV REAL Na predaj 3 izbový byt Dlhá ulica Prievidza FM2061","address":"Dlhá, Prievidza, okres Prievidza","rooms":3,"meters":83,"totalPrice":108000,"meterSquarePrice":0,"link":"https://www.nehnutelnosti.sk/detail/JuQ-T4TtsFA/bv-real-na-predaj-3-izbovy-byt-dlha-ulica-prievidza-fm2061","imagesUrls":["https://img.nehnutelnosti.sk/foto/NjAweDMzOC9maWx0ZXJzOnF1YWxpdHkoMTAwKS9uZWg=/ldwd_z9cG_fss?st=NWomJd-JQ8npDKZJ9kplVOWz9FqbrOQ9yFm9TwEqVJk&ts=1724758432&e=0"]},{"title":"BV REAL na predaj 2 izbový byt Handlová FM2044","address":"29. augusta, Handlová, okres Prievidza","rooms":2,"meters":28,"totalPrice":49990,"meterSquarePrice":6,"link":"https://www.nehnutelnosti.sk/detail/JuVwcgy1ILr/bv-real-na-predaj-2-izbovy-byt-handlova-fm2044","imagesUrls":["https://img.nehnutelnosti.sk/foto/NjAweDMzOC9maWx0ZXJzOnF1YWxpdHkoMTAwKS9uZWg=/9C0cJTJk3_fss?st=6pKnG0CE6h_3htJuP8KmljTGCNXcYBzPW4d_ARFqqio&ts=1724758406&e=0"]},{"title":"BV REAL Na predaj apartmány okres Banská Štiavnica FM2043","address":"-, Počúvadlo, okres Banská Štiavnica","rooms":null,"meters":null,"totalPrice":null,"meterSquarePrice":null,"link":"https://www.nehnutelnosti.sk/detail/JuIpKiK8TpA/bv-real-na-predaj-apartmany-okres-banska-stiavnica-fm2043","imagesUrls":["https://img.nehnutelnosti.sk/foto/NjAweDMzOC9maWx0ZXJzOnF1YWxpdHkoMTAwKS9uZWg=/qKpIWfR_X_fss?st=J0Y8EjCStApRxLHvJq33c4BlogxrUOYgA0XnqVGVkXU&ts=1725900143&e=0"]},{"title":"BV REAL na predaj 1 izbový byt s balkónom Prievidza FM1990","address":"Falešníka, Prievidza, okres Prievidza","rooms":1,"meters":35,"totalPrice":50980,"meterSquarePrice":7,"link":"https://www.nehnutelnosti.sk/detail/JuD6AfHOICd/bv-real-na-predaj-1-izbovy-byt-s-balkonom-prievidza-fm1990","imagesUrls":["https://t1.aimg.sk/inzercie/ne_orig_103152189_byty-1-izbovy-byt-banska-bystrica-bv-real-na-predaj-1-izbovy-byt-s-balkonom-prievid.jpg?t=LzYwMHgzMzgvZmlsdGVyczpxdWFsaXR5KDgwKQ%3D%3D&h=RJ31823A_9vkWpFZlK7QRw&e=2145916800"]},{"title":"BV REAL na predaj 2 izbový byt Prievidza FM1939","address":"Štefana Králika, Prievidza, okres Prievidza","rooms":2,"meters":51,"totalPrice":77000,"meterSquarePrice":0,"link":"https://www.nehnutelnosti.sk/detail/Ju-nVsadUzG/bv-real-na-predaj-2-izbovy-byt-prievidza-fm1939","imagesUrls":["https://t1.aimg.sk/inzercie/ne_orig_103151754_byty-2-izbovy-byt-banska-bystrica-bv-real-na-predaj-2-izbovy-byt-prievidza-fm1939.jpg?t=LzYwMHgzMzgvZmlsdGVyczpxdWFsaXR5KDgwKQ%3D%3D&h=6mpw3qNk0UPPp9dL8QkV7Q&e=2145916800"]}]