[{"title":"2 izbový byt Trenčianske Teplice, kompletná rekonštrukcia","address":"Štvrť SNP, Trenčianske Teplice, okres Trenčín","rooms":2,"meters":56,"totalPrice":107500,"meterSquarePrice":4,"link":"https://www.nehnutelnosti.sk/detail/JuIkIBvtXZC/2-izbovy-byt-trencianske-teplice-kompletna-rekonstrukcia","imagesUrls":["https://img.nehnutelnosti.sk/foto/NjAweDMzOC9maWx0ZXJzOnF1YWxpdHkoMTAwKS9uZWg=/Q86Xwdue0U_fss?st=oQv7vvvhljQ34RjsvBAL5c2SQfaPvhC8EmatqNEO670&ts=1722161011&e=0"]},{"title":"Nový 2 izbový byt Motešice + balkón","address":"Motešice, okres Trenčín","rooms":2,"meters":49,"totalPrice":90000,"meterSquarePrice":3,"link":"https://www.nehnutelnosti.sk/detail/Jupg2nlaUBz/novy-2-izbovy-byt-motesice-balkon","imagesUrls":["https://img.nehnutelnosti.sk/foto/NjAweDMzOC9maWx0ZXJzOnF1YWxpdHkoMTAwKS9uZWg=/EeGwP8FG4_fss?st=m7Efm_kpFQNohkHqE0rp6w6qPwy3il0meBqdnLrxxUM&ts=1670661975&e=0"]},{"title":"Nový 2 izbový byt Motešice + parkovacie miesto","address":"Motešice, Motešice, okres Trenčín","rooms":2,"meters":61,"totalPrice":109000,"meterSquarePrice":9,"link":"https://www.nehnutelnosti.sk/detail/Ju-u66gAHFW/novy-2-izbovy-byt-motesice-parkovacie-miesto","imagesUrls":["https://img.nehnutelnosti.sk/foto/NjAweDMzOC9maWx0ZXJzOnF1YWxpdHkoMTAwKS9uZWg=/fkWnTX80a_fss?st=8_Z5xKFY3S689eBKcN82ijfJOlynJAeWvfuZaOoJ8zs&ts=1688199487&e=0"]},{"title":"Veľký 3 izbový byt + balkón Motešice","address":"Motešice, okres Trenčín","rooms":3,"meters":81,"totalPrice":129000,"meterSquarePrice":9,"link":"https://www.nehnutelnosti.sk/detail/JuviWzcdDnc/velky-3-izbovy-byt-balkon-motesice","imagesUrls":["https://img.nehnutelnosti.sk/foto/NjAweDMzOC9maWx0ZXJzOnF1YWxpdHkoMTAwKS9uZWg=/KEfrdPyhH_fss?st=78p-dZX7Jqm9_TOh5_97x10Zr0rEyGOQrriIozg1jCk&ts=1721556129&e=0"]},{"title":"3 izbový byt + balkón Motešice","address":"Motešice, okres Trenčín","rooms":3,"meters":57,"totalPrice":102000,"meterSquarePrice":7,"link":"https://www.nehnutelnosti.sk/detail/JuCn8TSGFlj/3-izbovy-byt-balkon-motesice","imagesUrls":["https://img.nehnutelnosti.sk/foto/NjAweDMzOC9maWx0ZXJzOnF1YWxpdHkoMTAwKS9uZWg=/eovpJ_3WJ_fss?st=z3ObAC7hFx6WOY2qvlFjr9_AziwfRayzRLP1f4nda8w&ts=1710794870&e=0"]},{"title":"PREDAJ Garsónka Trenčianske Teplice","address":"Štvrť SNP, Trenčianske Teplice, okres Trenčín","rooms":null,"meters":25,"totalPrice":69000,"meterSquarePrice":0,"link":"https://www.nehnutelnosti.sk/detail/JunOny18SNJ/predaj-garsonka-trencianske-teplice","imagesUrls":["https://img.nehnutelnosti.sk/foto/NjAweDMzOC9maWx0ZXJzOnF1YWxpdHkoMTAwKS9uZWg=/VOhyUnXAI0_fss?st=0zyupF9rSF-90_Q5rE-VZSTgoZYMofoF5o7oLjWUQF0&ts=1718563991&e=0"]},{"title":"TOP Krásna garsónka Trenčianske Teplice, kompletná rekonštrukcia","address":"Partizánska, Trenčianske Teplice, okres Trenčín","rooms":null,"meters":22,"totalPrice":57500,"meterSquarePrice":4,"link":"https://www.nehnutelnosti.sk/detail/JuVQSLVtJ7x/top-krasna-garsonka-trencianske-teplice-kompletna-rekonstrukcia","imagesUrls":["https://img.nehnutelnosti.sk/foto/NjAweDMzOC9maWx0ZXJzOnF1YWxpdHkoMTAwKS9uZWg=/OE2UYqlZ7_fss?st=X5yk0M0Lj14l3Ph3BhDjI2-nnSFqsUMbG80qkAXE1G4&ts=1720198346&e=0"]},{"title":"1 izbový byt Trenčianske Teplice - Hurbanova ul.","address":"Hurbanova, Trenčianske Teplice, okres Trenčín","rooms":1,"meters":42,"totalPrice":85000,"meterSquarePrice":1,"link":"https://www.nehnutelnosti.sk/detail/JutJSJxzgLe/1-izbovy-byt-trencianske-teplice-hurbanova-ul","imagesUrls":["https://img.nehnutelnosti.sk/foto/NjAweDMzOC9maWx0ZXJzOnF1YWxpdHkoMTAwKS9uZWg=/365K3hc8E_fss?st=JUD9-4jMaFvroOA5qZsgGKSHZOKD2EK9kZprMMt1uik&ts=1722860589&e=0"]},{"title":"Garsónka Nová Dubnica - Námestie, kompletná rekonštrukcia","address":"Sady Cyrila a Metoda, Nová Dubnica, okres Ilava","rooms":null,"meters":22,"totalPrice":59000,"meterSquarePrice":2,"link":"https://www.nehnutelnosti.sk/detail/Ju4Mk_aNqmH/garsonka-nova-dubnica-namestie-kompletna-rekonstrukcia","imagesUrls":["https://img.nehnutelnosti.sk/foto/NjAweDMzOC9maWx0ZXJzOnF1YWxpdHkoMTAwKS9uZWg=/iI3Rel3Rj_fss?st=qXdwWTPh5s1cnRNv2uBRv7lMhqVko3P8VWRcDu9xXKM&ts=1703592066&e=0"]},{"title":"2 izbový byt Trenčianske Teplice 70 m2 + 2 balkóny","address":"Trenčianske Teplice, Trenčianske Teplice, okres Trenčín","rooms":2,"meters":70,"totalPrice":140000,"meterSquarePrice":0,"link":"https://www.nehnutelnosti.sk/detail/JuzG6tVOFhg/2-izbovy-byt-trencianske-teplice-70-m2-2-balkony","imagesUrls":["https://img.nehnutelnosti.sk/foto/NjAweDMzOC9maWx0ZXJzOnF1YWxpdHkoMTAwKS9uZWg=/CnZEUpH5S_fss?st=POoaQYEU9-iABA7Wu70GJOSWM23c89sJYcPNGL8onYE&ts=1720956789&e=0"]},{"title":"Nadštandardný 1-izbový byt s GARÁŽOVÝM STÁTÍM, Skladná ulica, ŠAFRÁNOVÁ ZÁHRADA","address":"Skladná, Košice IV - Juh, okres Košice","rooms":1,"meters":35,"totalPrice":239000,"meterSquarePrice":7,"link":"https://www.nehnutelnosti.sk/detail/JuSw_ogBc5u/nadstandardny-1-izbovy-byt-s-garazovym-statim-skladna-ulica-safranova-zahrada","imagesUrls":["https://img.nehnutelnosti.sk/foto/NjAweDMzOC9maWx0ZXJzOnF1YWxpdHkoMTAwKS9uZWg=/hZHweAAYP_fss?st=L8zw76sI4dnvPWhHgA9kes9Vnxw3531M9K5ESFTiYQU&ts=1723494960&e=0"]},{"title":"ALL INCLUSIVE | EXKLUZÍVNE NA PREDAJ PRIESTRANNÝ 3 IZBOVÝ BYT S BALKÓNOM, DUNAJSKÁ STREDA","address":"Generála Svobodu, Dunajská Streda, okres Dunajská Streda","rooms":3,"meters":70,"totalPrice":109000,"meterSquarePrice":4,"link":"https://www.nehnutelnosti.sk/detail/Ju7iHzSYDXS/all-inclusive-exkluzivne-na-predaj-priestranny-3-izbovy-byt-s-balkonom-dunajska-streda","imagesUrls":["https://img.nehnutelnosti.sk/foto/NjAweDMzOC9maWx0ZXJzOnF1YWxpdHkoMTAwKS9uZWg=/-QUAN8CX7G_fss?st=Xunx9aGOuudnd5L3Hqfq3YF0pu8-2vdmgCbwpmtXwhc&ts=1726487355&e=0"]},{"title":"FURČA - BIELOCERKEVSKÁ, PEKNÝ 3 IZBOVÝ BYT, LODŽIA.","address":"Bielocerkevská, Košice III - Dargovských Hrdinov, okres Košice","rooms":3,"meters":67,"totalPrice":161000,"meterSquarePrice":9,"link":"https://www.nehnutelnosti.sk/detail/JuW6MzxVpvx/furca-bielocerkevska-pekny-3-izbovy-byt-lodzia","imagesUrls":["https://img.nehnutelnosti.sk/foto/NjAweDMzOC9maWx0ZXJzOnF1YWxpdHkoMTAwKS9uZWg=/fdDrCBcZA_fss?st=ISGZ5uPmSAL2Sq5cQsHIVpv6Ji9l74wDC-cMnPXglN4&ts=1726488148&e=0"]},{"title":"STARÉ MESTO - KOMENSKÉHO SUPER 3 IZBOVÝ TEHLOVÝ BYT 120 M2.","address":"Komenského, Košice I - Staré Mesto, okres Košice","rooms":3,"meters":120,"totalPrice":369000,"meterSquarePrice":5,"link":"https://www.nehnutelnosti.sk/detail/Ju_je8Dlkcr/stare-mesto-komenskeho-super-3-izbovy-tehlovy-byt-120-m2","imagesUrls":["https://img.nehnutelnosti.sk/foto/NjAweDMzOC9maWx0ZXJzOnF1YWxpdHkoMTAwKS9uZWg=/8_QmCvP1K_fss?st=5smyvDicxil9mMelVUvxq0t4SRzFBxIWp_bTEF5PllA&ts=1726487348&e=0"]},{"title":"Exkluzívne na predaj svetlý 4-izbový byt s loggiou a garážou","address":"Bebravská, Bratislava II - Vrakuňa, okres Bratislava","rooms":4,"meters":78,"totalPrice":180000,"meterSquarePrice":3,"link":"https://www.nehnutelnosti.sk/detail/JuNHbuNejfn/exkluzivne-na-predaj-svetly-4-izbovy-byt-s-loggiou-a-garazou","imagesUrls":["https://img.nehnutelnosti.sk/foto/NjAweDMzOC9maWx0ZXJzOnF1YWxpdHkoMTAwKS9uZWg=/xt1-HMW27_fss?st=QtuA6Ga4Dd6A4y2EH5Vym67OcZ5bpP4AjcTYG5ypsbE&ts=1726487341&e=0"]},{"title":"BYT - 3 izbový - 68 M2 - BRATISLAVA III. - NOVÉ MESTO, Tupého ulica","address":"Tupého, Bratislava III - Nové Mesto, okres Bratislava","rooms":3,"meters":68,"totalPrice":289900,"meterSquarePrice":4,"link":"https://www.nehnutelnosti.sk/detail/JuKXkGM5HkS/byt-3-izbovy-68-m2-bratislava-iii-nove-mesto-tupeho-ulica","imagesUrls":["https://img.nehnutelnosti.sk/foto/NjAweDMzOC9maWx0ZXJzOnF1YWxpdHkoMTAwKS9uZWg=/vm1fwfTL9_fss?st=zcLInuxY8LVvM1zQPsO_iuake5lHcLn62nvYLfZPo3o&ts=1680850885&e=0"]},{"title":"2 izb. byt s balkónom v atraktívnej lokalite plnej zelene, Vranovská ul.","address":"Vranovská, Bratislava V - Petržalka, okres Bratislava","rooms":2,"meters":62,"totalPrice":200000,"meterSquarePrice":1,"link":"https://www.nehnutelnosti.sk/detail/JuUxtphhIqi/2-izb-byt-s-balkonom-v-atraktivnej-lokalite-plnej-zelene-vranovska-ul","imagesUrls":["https://img.nehnutelnosti.sk/foto/NjAweDMzOC9maWx0ZXJzOnF1YWxpdHkoMTAwKS9uZWg=/EFk_pUUs2_fss?st=CMAFJKE69g3hOo6xFuP2SimXDBZkcSRqHLAplf-e--o&ts=1726486396&e=0"]},{"title":"Predaj 1 izb. bytu/Garsónky s loggiou, Jána Jonáša","address":"Jána Jonáša, Bratislava IV - Devínska Nová Ves, okres Bratislava","rooms":1,"meters":33,"totalPrice":115000,"meterSquarePrice":5,"link":"https://www.nehnutelnosti.sk/detail/Jux5tLz2Wtm/predaj-1-izb-bytu-garsonky-s-loggiou-jana-jonasa","imagesUrls":["https://img.nehnutelnosti.sk/foto/NjAweDMzOC9maWx0ZXJzOnF1YWxpdHkoMTAwKS9uZWg=/WOpHvKJbHm_fss?st=LiBrQpSne646T1YarBeOGOesrjlZDlLMUKfHHm0j9tw&ts=1726486394&e=0"]},{"title":"Lukratívny slnečný 4-izbový byt s veľkou terasou a krásnym výhľadom","address":"Plynárenská, Bratislava II - Ružinov, okres Bratislava","rooms":4,"meters":134,"totalPrice":595000,"meterSquarePrice":0,"link":"https://www.nehnutelnosti.sk/detail/Juw-niL9oy2/lukrativny-slnecny-4-izbovy-byt-s-velkou-terasou-a-krasnym-vyhladom","imagesUrls":["https://img.unitedclassifieds.sk/foto/NjAweDMzOC9maWx0ZXJzOnF1YWxpdHkoMTAwKS9qdWw=/ucgZmUe1T_fss?st=ilFxl31aJtWb1H9HuA-4Hi2YttDpA1-RQ1qF3shnGt0&ts=1716304436&e=0"]},{"title":"4 izb byt na predaj v KNM","address":"Kysucké Nové Mesto, okres Kysucké Nové Mesto","rooms":4,"meters":113,"totalPrice":null,"meterSquarePrice":null,"link":"https://www.nehnutelnosti.sk/detail/JuBpk6Q9GlM/4-izb-byt-na-predaj-v-knm","imagesUrls":["https://img.unitedclassifieds.sk/foto/NjAweDMzOC9maWx0ZXJzOnF1YWxpdHkoMTAwKS9yc2Y=/A5VYGoXoV2_fss?st=TU56eozoFC1hiRwdGVZxkwGjxYOrCPFzUn_RCgLQTZM&ts=1717046265&e=0"]},{"title":"Exkluzívne na predaj 3i byt s loggiou, ul. Novomeského - Bánovce n/B - Dubnička","address":"Novomeského, Bánovce nad Bebravou, okres Bánovce nad Bebravou","rooms":3,"meters":69,"totalPrice":105000,"meterSquarePrice":4,"link":"https://www.nehnutelnosti.sk/detail/JuE3OCo2OVG/exkluzivne-na-predaj-3i-byt-s-loggiou-ul-novomeskeho-banovce-n-b-dubnicka","imagesUrls":["https://img.nehnutelnosti.sk/foto/NjAweDMzOC9maWx0ZXJzOnF1YWxpdHkoMTAwKS9uZWg=/-vQobOwP8_fss?st=Ct5zkJ2oP8g4di_aU4gmreiiUfGF2mWtHPx3wnToumk&ts=1726486475&e=0"]},{"title":"REZERVOVANÉ.  PRIESTRANNÝ ZREKONŠTRUOVANÝ 4 IZBOVÝ BYT V TICHEJ LOKALITE BLÍZKO LESA","address":"Karola Adlera, Bratislava IV - Dúbravka, okres Bratislava","rooms":4,"meters":82,"totalPrice":209000,"meterSquarePrice":8,"link":"https://www.nehnutelnosti.sk/detail/JufvEFpw9_T6/rezervovane-priestranny-zrekonstruovany-4-izbovy-byt-v-tichej-lokalite-blizko-lesa","imagesUrls":["https://img.nehnutelnosti.sk/foto/NjAweDMzOC9maWx0ZXJzOnF1YWxpdHkoMTAwKS9uZWg=/bbfDDsEcY__fss?st=1wS8mUF8gbMmEm2Iv6P_XSG733eG2J_TvJbaHfrrFzA&ts=1726485666&e=0"]},{"title":"PRÍJEMNÝ 4 IZBOVÝ BYT S VÝBORNOU DISPOZÍCIOU V NÍZKOPODLAŽNOM ZATEPLENOM DOME","address":"Jasovská, Bratislava V - Petržalka, okres Bratislava","rooms":4,"meters":83,"totalPrice":220000,"meterSquarePrice":0,"link":"https://www.nehnutelnosti.sk/detail/JuD6T6dgxa5/prijemny-4-izbovy-byt-s-vybornou-dispoziciou-v-nizkopodlaznom-zateplenom-dome","imagesUrls":["https://img.nehnutelnosti.sk/foto/NjAweDMzOC9maWx0ZXJzOnF1YWxpdHkoMTAwKS9uZWg=/OKSWvMHlqO_fss?st=rC3UoOHaStlsETS26K2I1t78DDkzdlRVV1TBO_TwyRs&ts=1726485647&e=0"]},{"title":"V PRÍJEMNEJ LOKALITE SLNEČNÝ 3 IZBOVÝ BYT NA SLATINSKEJ ULICI","address":"Slatinská, Bratislava II - Vrakuňa, okres Bratislava","rooms":3,"meters":70,"totalPrice":175000,"meterSquarePrice":0,"link":"https://www.nehnutelnosti.sk/detail/JupfZ9UDDDe/v-prijemnej-lokalite-slnecny-3-izbovy-byt-na-slatinskej-ulici","imagesUrls":["https://img.nehnutelnosti.sk/foto/NjAweDMzOC9maWx0ZXJzOnF1YWxpdHkoMTAwKS9uZWg=/1ifaeSu48_fss?st=tMq-bPNNVBilBWJiKYMrGC00hegbyoYEoio8p5c7hcE&ts=1724147500&e=0"]},{"title":"NA PREDAJ ZREKONŠTRUOVANÝ 2-IZBOVÝ BYT","address":"Vlčie hrdlo, Bratislava II - Ružinov, okres Bratislava","rooms":2,"meters":40,"totalPrice":125000,"meterSquarePrice":5,"link":"https://www.nehnutelnosti.sk/detail/JuBlYSdzSmO/na-predaj-zrekonstruovany-2-izbovy-byt","imagesUrls":["https://img.nehnutelnosti.sk/foto/NjAweDMzOC9maWx0ZXJzOnF1YWxpdHkoMTAwKS9uZWg=/k-2TWM8sO_fss?st=TwpdRAuOgz1mJTcPG-3BDtYE9IBVtXA1yTpgK8pp54M&ts=1725367062&e=0"]},{"title":"PREDAJ 2 izb. bytov - Gunduličova, BA I, Staré mesto","address":"Gunduličova, Bratislava I - Staré Mesto, okres Bratislava","rooms":2,"meters":null,"totalPrice":null,"meterSquarePrice":null,"link":"https://www.nehnutelnosti.sk/detail/Ju4UWb9cQTU/predaj-2-izb-bytov-gundulicova-ba-i-stare-mesto","imagesUrls":["https://img.nehnutelnosti.sk/foto/NjAweDMzOC9maWx0ZXJzOnF1YWxpdHkoMTAwKS9uZWg=/uVIoWZpOJI_fss?st=69_tcHxO-S59WuuF6smYTM_DX58j-z1MgWO8zrnSQVQ&ts=1726138473&e=0"]},{"title":"PREDAJ 2 izb. bytu - Kvačalova, BA II - Nivy, 59 m2","address":"Kvačalova, Bratislava II - Ružinov, okres Bratislava","rooms":2,"meters":null,"totalPrice":null,"meterSquarePrice":null,"link":"https://www.nehnutelnosti.sk/detail/Jur7Pmbchht/predaj-2-izb-bytu-kvacalova-ba-ii-nivy-59-m2","imagesUrls":["https://img.nehnutelnosti.sk/foto/NjAweDMzOC9maWx0ZXJzOnF1YWxpdHkoMTAwKS9uZWg=/XlNei70Ge_fss?st=W-wxROOIPipSRuHgpliFuMU2foE9aPjMUzs3FdRTXrw&ts=1726387298&e=0"]},{"title":"PREDAJ 4 izb. bytu - Gunduličova, BA I, 103m2","address":"Gunduličova, Bratislava I - Staré Mesto, okres Bratislava","rooms":4,"meters":null,"totalPrice":null,"meterSquarePrice":null,"link":"https://www.nehnutelnosti.sk/detail/JueOC3ux3VE9/predaj-4-izb-bytu-gundulicova-ba-i-103m2","imagesUrls":["https://img.nehnutelnosti.sk/foto/NjAweDMzOC9maWx0ZXJzOnF1YWxpdHkoMTAwKS9uZWg=/KVrvY96W7_fss?st=k3RKmT0Kz7KWqOyS5PDBchL45KTP5jaHZaJA2eyj8F4&ts=1726049051&e=0"]},{"title":"Predaj exkluzívneho 2 izb.bytu - Jakubovo námestie, 71 m2","address":"Jakubovo námestie, Bratislava I - Staré Mesto, okres Bratislava","rooms":2,"meters":71,"totalPrice":null,"meterSquarePrice":null,"link":"https://www.nehnutelnosti.sk/detail/JuXTlZA0CS5/predaj-exkluzivneho-2-izb-bytu-jakubovo-namestie-71-m2","imagesUrls":["https://img.nehnutelnosti.sk/foto/NjAweDMzOC9maWx0ZXJzOnF1YWxpdHkoMTAwKS9uZWg=/sScSKw4aU_fss?st=LimRI27DhTM4UsX8If0QvPMca1z-7IkZZhEWZINGwVA&ts=1689157657&e=0"]},{"title":"PREDAJ 4 izb. bytu - Žehrianska, BA V, 91 m2","address":"Žehrianska, Bratislava V - Petržalka, okres Bratislava","rooms":4,"meters":91,"totalPrice":235000,"meterSquarePrice":2,"link":"https://www.nehnutelnosti.sk/detail/JuO-I-C3fdV/predaj-4-izb-bytu-zehrianska-ba-v-91-m2","imagesUrls":["https://img.nehnutelnosti.sk/foto/NjAweDMzOC9maWx0ZXJzOnF1YWxpdHkoMTAwKS9uZWg=/ZllhvYcL_7_fss?st=a8plSp9pumNYtcaMc6E6dsPSyeAZHqf8xGGHHXSnbUo&ts=1721052039&e=0"]}]