[{"title":"ÚTULNÝ 2-IZBOVÝ BYT PRI PEŠEJ ZÓNE VO VRAKUNI","address":"Poľnohospodárska, Bratislava II - Vrakuňa, okres Bratislava","rooms":2,"meters":32,"totalPrice":119900,"meterSquarePrice":8,"link":"https://www.nehnutelnosti.sk/detail/JuNjA222e-l/utulny-2-izbovy-byt-pri-pesej-zone-vo-vrakuni","imagesUrls":["https://img.nehnutelnosti.sk/foto/NjAweDMzOC9maWx0ZXJzOnF1YWxpdHkoMTAwKS9uZWg=/TOjvQtLPb_fss?st=6Z_NLR3xeA9N-klSf4MVtfEOm4bmspdyfeJZFunnqqI&ts=1726922266&e=0"]},{"title":"ŠTÝLOVÉ 3-IZBOVÉ APARTMÁNY(60M2) V ŠTANDARDE V MALEBNOM PROSTREDÍ NÍZKYCH TATIER PRI LYŽIARSKOM VLEK","address":"Mýto pod Ďumbierom, Mýto pod Ďumbierom, okres Brezno","rooms":null,"meters":60,"totalPrice":139900,"meterSquarePrice":7,"link":"https://www.nehnutelnosti.sk/detail/JuGioXLxckg/stylove-3-izbove-apartmany60m2-v-standarde-v-malebnom-prostredi-nizkych-tatier-pri-lyziarskom-vlek","imagesUrls":["https://img.nehnutelnosti.sk/foto/NjAweDMzOC9maWx0ZXJzOnF1YWxpdHkoMTAwKS9uZWg=/yJM8nF0ut_fss?st=-HWTGo5nN3_92XFj_kAKbsY6ErkciAbGRK6lnX6o54A&ts=1726130650&e=0"]},{"title":"Kompletne zrekonštruovaný 3 izb byt s loggiou na Rustaveliho ulici v Bratislave.","address":"Rustaveliho, Bratislava III - Rača, okres Bratislava","rooms":3,"meters":71,"totalPrice":245000,"meterSquarePrice":0,"link":"https://www.nehnutelnosti.sk/detail/Juj3DX0YmTI/kompletne-zrekonstruovany-3-izb-byt-s-loggiou-na-rustaveliho-ulici-v-bratislave","imagesUrls":["https://img.unitedclassifieds.sk/foto/NjAweDMzOC9maWx0ZXJzOnF1YWxpdHkoMTAwKS9qdWw=/gdC3g0qrG_fss?st=SrMtxOkgEUb0HYhWIXBxf_OrTLzz6YSx80SQrD_MDbQ&ts=1726402753&e=0"]},{"title":"Priestranný slnečný 3-izbový byt v Soblahove","address":"Soblahov, okres Trenčín","rooms":3,"meters":80,"totalPrice":205000,"meterSquarePrice":0,"link":"https://www.nehnutelnosti.sk/detail/Ju6S5pJy9R6/priestranny-slnecny-3-izbovy-byt-v-soblahove","imagesUrls":["https://img.nehnutelnosti.sk/foto/NjAweDMzOC9maWx0ZXJzOnF1YWxpdHkoMTAwKS9uZWg=/F0kx1kVSOH_fss?st=PJxogR-HdVWtRHCjSUX94mrSDZJafFVdvPEd62T1rz0&ts=1726401799&e=0"]},{"title":"Ponuka 2-izbového bytu v Dolnom Kubíne","address":"Hviezdoslavovo námestie, Dolný Kubín, okres Dolný Kubín","rooms":2,"meters":52,"totalPrice":132900,"meterSquarePrice":7,"link":"https://www.nehnutelnosti.sk/detail/JuB5UyKoCt5/ponuka-2-izboveho-bytu-v-dolnom-kubine","imagesUrls":["https://img.nehnutelnosti.sk/foto/NjAweDMzOC9maWx0ZXJzOnF1YWxpdHkoMTAwKS9uZWg=/EV1XFwitc_fss?st=PhpoFNotOKp8bdVImYAC-pEmFlcGJyACBVuyXYVuiE0&ts=1726223069&e=0"]},{"title":"LUXUSNÝ 4i mezonetový byt s dvojgarážou, Prešov, Nižná Šebastová","address":"Slanská, Prešov, okres Prešov","rooms":4,"meters":175,"totalPrice":258000,"meterSquarePrice":9,"link":"https://www.nehnutelnosti.sk/detail/Ju8uv4R3qoZ/luxusny-4i-mezonetovy-byt-s-dvojgarazou-presov-nizna-sebastova","imagesUrls":["https://img.nehnutelnosti.sk/foto/NjAweDMzOC9maWx0ZXJzOnF1YWxpdHkoMTAwKS9uZWg=/9CN8P-rqn_fss?st=Qk0f5y_rp2QmLPxp6woZ_Vp0ogU1Lczz-z1M3UE51Ao&ts=1723655503&e=0"]},{"title":"Už len 2 TÝŽDNE  v ponuke!!!3 izbový byt na predaj Sihoť II, Trenčín","address":"M. Turkovej, Trenčín, okres Trenčín","rooms":3,"meters":70,"totalPrice":143000,"meterSquarePrice":6,"link":"https://www.nehnutelnosti.sk/detail/Ju7YZrX7MXC/uz-len-2-tyzdne-v-ponuke3-izbovy-byt-na-predaj-sihot-ii-trencin","imagesUrls":["https://img.nehnutelnosti.sk/foto/NjAweDMzOC9maWx0ZXJzOnF1YWxpdHkoMTAwKS9uZWg=/rFAkxZtaW_fss?st=4OytHrd8Xgoz4qkxY5iSVJkRBQPu5GefWHpBLW4KYJE&ts=1721089050&e=0"]},{"title":"Nové 2 izb. byty KONGRES Strážske","address":"Obchodná, Strážske, okres Michalovce","rooms":2,"meters":54,"totalPrice":68989,"meterSquarePrice":7,"link":"https://www.nehnutelnosti.sk/detail/Ju_5Egb-WB9/nove-2-izb-byty-kongres-strazske","imagesUrls":["https://img.unitedclassifieds.sk/foto/NjAweDMzOC9maWx0ZXJzOnF1YWxpdHkoMTAwKS9qdWw=/qiikoAQNx_fss?st=-Zopf3-w5Bo7M-dkino_5MR3Wt2ObXEC72pqspIIVcg&ts=1726401331&e=0"]},{"title":"Nové 3 izb. byty KONGRES Strážske","address":"Obchodná, Strážske, okres Michalovce","rooms":3,"meters":81,"totalPrice":88990,"meterSquarePrice":4,"link":"https://www.nehnutelnosti.sk/detail/JuG-D5dolYn/nove-3-izb-byty-kongres-strazske","imagesUrls":["https://img.unitedclassifieds.sk/foto/NjAweDMzOC9maWx0ZXJzOnF1YWxpdHkoMTAwKS9qdWw=/MN1K7yz6W0_fss?st=zSv37Xk_V4mjO7HGXwCHEGwkA-5ulrN3_AmhMTTKuE4&ts=1726400056&e=0"]},{"title":"Veľký dvojizbový byt pri Železnej studienke","address":"Mokrohájska cesta 3665/10, Bratislava IV - Karlova Ves, okres Bratislava","rooms":2,"meters":60,"totalPrice":260000,"meterSquarePrice":3,"link":"https://www.nehnutelnosti.sk/detail/Juf5laRumn4/velky-dvojizbovy-byt-pri-zeleznej-studienke","imagesUrls":["https://img.nehnutelnosti.sk/foto/NjAweDMzOC9maWx0ZXJzOnF1YWxpdHkoMTAwKS9uZWg=/FMreOLHWi_fss?st=kIzywUM_kBKHHDVjyuc0j8az1cUCOWOTq02NSRfNoLk&ts=1726399261&e=0"]},{"title":"Predaj 2i bytu Donovaly s parkovacím státím","address":"Donovaly, Donovaly, okres Banská Bystrica","rooms":2,"meters":45,"totalPrice":165000,"meterSquarePrice":7,"link":"https://www.nehnutelnosti.sk/detail/JuZrFxehzDV/predaj-2i-bytu-donovaly-s-parkovacim-statim","imagesUrls":["https://img.nehnutelnosti.sk/foto/NjAweDMzOC9maWx0ZXJzOnF1YWxpdHkoMTAwKS9uZWg=/4AVPFOET8b_fss?st=h8IZZbFnDlKpC7sio3a0ze0NnC9Y09H9TP_IqFsUiH4&ts=1718639616&e=0"]},{"title":"2-izb.byt v nadhernom projekte Tri vody Malinovo","address":"Tri vody , Malinovo, okres Senec","rooms":2,"meters":64,"totalPrice":190000,"meterSquarePrice":6,"link":"https://www.nehnutelnosti.sk/detail/JuxjNzFZNKY/2-izb-byt-v-nadhernom-projekte-tri-vody-malinovo","imagesUrls":["https://img.nehnutelnosti.sk/foto/NjAweDMzOC9maWx0ZXJzOnF1YWxpdHkoMTAwKS9uZWg=/1bpWFmtcs_fss?st=jJVu3m_hdmdIjapyIK6ijciYf59GJhzUERcJzOhCOvI&ts=1726397413&e=0"]},{"title":"2 izbový byt, moderná novostavba, začiatok Petržalky, pri Vienna gate","address":"Údernícka, Bratislava V - Petržalka, okres Bratislava","rooms":2,"meters":61,"totalPrice":229900,"meterSquarePrice":1,"link":"https://www.nehnutelnosti.sk/detail/JuIW_Bcr1KB/2-izbovy-byt-moderna-novostavba-zaciatok-petrzalky-pri-vienna-gate","imagesUrls":["https://img.nehnutelnosti.sk/foto/NjAweDMzOC9maWx0ZXJzOnF1YWxpdHkoMTAwKS9uZWg=/oDqtKIEkLC_fss?st=tQS4oavp3IJG1U7VG_H7OmBtcchxrK3zEbOYSKfkevE&ts=1718615135&e=0"]},{"title":"Na predaj 2 izbový byt, tehlový, vlastný kotol...","address":"Mieru, Lučenec, okres Lučenec","rooms":2,"meters":60,"totalPrice":73000,"meterSquarePrice":7,"link":"https://www.nehnutelnosti.sk/detail/JutCG8we08s/na-predaj-2-izbovy-byt-tehlovy-vlastny-kotol","imagesUrls":["https://img.nehnutelnosti.sk/foto/NjAweDMzOC9maWx0ZXJzOnF1YWxpdHkoMTAwKS9uZWg=/5Xtw5a2GCK_fss?st=xV3j3G6OZcA3Na8B3oLettEXf7q4ehBz4MyLtIbBVu0&ts=1706879270&e=0"]},{"title":"NOVÁ CENA: 3i byt s terasou a park. miestom,  83,98 m2; Poprad, 153.000€!!!","address":"Lidická, Poprad, okres Poprad","rooms":3,"meters":83,"totalPrice":153000,"meterSquarePrice":6,"link":"https://www.nehnutelnosti.sk/detail/JuL6G85kSUL/nova-cena-3i-byt-s-terasou-a-park-miestom-83-98-m2-poprad-153-000","imagesUrls":["https://img.unitedclassifieds.sk/foto/NjAweDMzOC9maWx0ZXJzOnF1YWxpdHkoMTAwKS9yc2Y=/X-QXnZVab_fss?st=oar34vg0ofZX3uGGGuz035bpa5vJTc3qM584r_3CeMg&ts=1720620014&e=0"]},{"title":"Rezervované - 3i byt, parkovacie státie, veľký, balkón, pivnica, sklad, uzavretý dvor - ORGOVÁNOVÁ 8","address":"Orgovánová, Most pri Bratislave, okres Senec","rooms":3,"meters":80,"totalPrice":null,"meterSquarePrice":null,"link":"https://www.nehnutelnosti.sk/detail/Jux9NHMDKmy/rezervovane-3i-byt-parkovacie-statie-velky-balkon-pivnica-sklad-uzavrety-dvor-orgovanova-8","imagesUrls":["https://img.unitedclassifieds.sk/foto/NjAweDMzOC9maWx0ZXJzOnF1YWxpdHkoMTAwKS9qdWw=/Mjs6ApTVU_fss?st=hSLPd3ViYSjSKh9tXo47bmcjmrR02T3QTDkHilo9_qc&ts=1712521396&e=0"]},{"title":"EXKLUZÍVNE na predaj 3 - izbový byt vo vyhľadávanej lokalite Piešťan","address":"Bratislavská, Piešťany, okres Piešťany","rooms":3,"meters":68,"totalPrice":139000,"meterSquarePrice":2,"link":"https://www.nehnutelnosti.sk/detail/Ju9ENxSEMoe/exkluzivne-na-predaj-3-izbovy-byt-vo-vyhladavanej-lokalite-piestan","imagesUrls":["https://img.nehnutelnosti.sk/foto/NjAweDMzOC9maWx0ZXJzOnF1YWxpdHkoMTAwKS9uZWg=/g8A--PcPW_fss?st=c-W45gf61PvC-CpQumkXuaS_ek0wcxtDTKkJMF6ReS8&ts=1710833848&e=0"]},{"title":"3-izbový byt v pôvodnom stave v Želiezovciach","address":"Želiezovce, Želiezovce, okres Levice","rooms":3,"meters":61,"totalPrice":70000,"meterSquarePrice":4,"link":"https://www.nehnutelnosti.sk/detail/Junb0U6TL9q/3-izbovy-byt-v-povodnom-stave-v-zeliezovciach","imagesUrls":["https://img.nehnutelnosti.sk/foto/NjAweDMzOC9maWx0ZXJzOnF1YWxpdHkoMTAwKS9uZWg=/5gl1r2vqS_fss?st=-cs7bPgWV3I8SW9K_bqzonIuLahELoptmtwQYgVn2T8&ts=1706516124&e=0"]},{"title":"Štýlový 2 izbový byt v Lučenci na predaj","address":"Lučenec, okres Lučenec","rooms":2,"meters":80,"totalPrice":74990,"meterSquarePrice":8,"link":"https://www.nehnutelnosti.sk/detail/JusQ_A0S8Ga/stylovy-2-izbovy-byt-v-lucenci-na-predaj","imagesUrls":["https://img.nehnutelnosti.sk/foto/NjAweDMzOC9maWx0ZXJzOnF1YWxpdHkoMTAwKS9uZWg=/C9U_-A6SH_fss?st=ZZe5cz4GrIfbSX8Fn2BTAqud25U0BCSzamzeUhenkkQ&ts=1717630152&e=0"]},{"title":"NA PREDAJ priestranný 3-izbový byt (84m2)_Nitra-Čermáň","address":"Nitra, okres Nitra","rooms":3,"meters":84,"totalPrice":157900,"meterSquarePrice":6,"link":"https://www.nehnutelnosti.sk/detail/JuvtiVseLyk/na-predaj-priestranny-3-izbovy-byt-84m2-nitra-cerman","imagesUrls":["https://img.nehnutelnosti.sk/foto/NjAweDMzOC9maWx0ZXJzOnF1YWxpdHkoMTAwKS9uZWg=/2HbWNSsV-M_fss?st=Bzd7mijDgy1WhHJqXFYUPIU40dMaQdXJ3VvnuiMa9OM&ts=1724760507&e=0"]},{"title":"PREDAJ - Veľkometrážného 3 izbového bytu 86,39 m2","address":"Martina Rázusa, Žilina - Staré mesto, okres Žilina","rooms":3,"meters":86,"totalPrice":null,"meterSquarePrice":null,"link":"https://www.nehnutelnosti.sk/detail/Ju8pg0HpkOE/predaj-velkometrazneho-3-izboveho-bytu-86-39-m2","imagesUrls":["https://img.unitedclassifieds.sk/foto/NjAweDMzOC9maWx0ZXJzOnF1YWxpdHkoMTAwKS9qdWw=/t_zWe8fM1_fss?st=FwbDMGqiWEkPrlAs6GjDEirIBKZt9p0TS7taitnGpIQ&ts=1726388307&e=0"]},{"title":"Byt 3+1 s loggiou v meste Spišské Podhradie","address":"Spišské Podhradie, Spišské Podhradie, okres Levoča","rooms":3,"meters":80,"totalPrice":97000,"meterSquarePrice":0,"link":"https://www.nehnutelnosti.sk/detail/Juk2SHheWd8/byt-3-1-s-loggiou-v-meste-spisske-podhradie","imagesUrls":["https://img.nehnutelnosti.sk/foto/NjAweDMzOC9maWx0ZXJzOnF1YWxpdHkoMTAwKS9uZWg=/SHymMNEySw_fss?st=LJ7t_tMf_Ywtuzd1EcXx0YOrFQuyTLvFRkdmv4lywKk&ts=1726079328&e=0"]},{"title":"Byt 3+1 s balkónom a garážou v obci Jablonov okr. Levoča","address":"Jablonov, okres Levoča","rooms":3,"meters":null,"totalPrice":null,"meterSquarePrice":null,"link":"https://www.nehnutelnosti.sk/detail/JuWt8286BEI/byt-3-1-s-balkonom-a-garazou-v-obci-jablonov-okr-levoca","imagesUrls":["https://img.nehnutelnosti.sk/foto/NjAweDMzOC9maWx0ZXJzOnF1YWxpdHkoMTAwKS9uZWg=/JLi5ycUNAR_fss?st=hBRqOKMzxqedNTyoY0FTqog7ObMoFkCVkug5aCPco5M&ts=1723451920&e=0"]},{"title":"Byt 3+1 s loggiou, sídl. Mier, Sp.Nová Ves","address":"J.Wolkera, Spišská Nová Ves, okres Spišská Nová Ves","rooms":3,"meters":72,"totalPrice":145000,"meterSquarePrice":9,"link":"https://www.nehnutelnosti.sk/detail/JuPe0Tl0B3X/byt-3-1-s-loggiou-sidl-mier-sp-nova-ves","imagesUrls":["https://img.nehnutelnosti.sk/foto/NjAweDMzOC9maWx0ZXJzOnF1YWxpdHkoMTAwKS9uZWg=/x7rpwYT7e4_fss?st=13Be8blMBPAiBLrGJtS1JG-jkBM0ELSxMJyDWAeOPTc&ts=1726421509&e=0"]},{"title":"Byt 3+1 s loggiou, sídl. Západ II., Levoča","address":"V. Greschika, Levoča, okres Levoča","rooms":3,"meters":70,"totalPrice":122000,"meterSquarePrice":6,"link":"https://www.nehnutelnosti.sk/detail/JuffTCo7XG6/byt-3-1-s-loggiou-sidl-zapad-ii-levoca","imagesUrls":["https://img.nehnutelnosti.sk/foto/NjAweDMzOC9maWx0ZXJzOnF1YWxpdHkoMTAwKS9uZWg=/PRGXrNOrPc_fss?st=MlOpMe5kJrT5k5f7KdWLhHy9H0KWnn-Cnfw8OIruve0&ts=1725435548&e=0"]},{"title":"4 – izbový mezonetový byt s balkónom v centre mesta Spišská Nová Ves","address":"Stará cesta, Spišská Nová Ves, okres Spišská Nová Ves","rooms":null,"meters":128,"totalPrice":230000,"meterSquarePrice":8,"link":"https://www.nehnutelnosti.sk/detail/Juld9Ae5bAp/4-izbovy-mezonetovy-byt-s-balkonom-v-centre-mesta-spisska-nova-ves","imagesUrls":["https://img.nehnutelnosti.sk/foto/NjAweDMzOC9maWx0ZXJzOnF1YWxpdHkoMTAwKS9uZWg=/HNE17Jsf5_fss?st=G_BV5g_SHh8xD8Pq7YdHvBaOkoagDE4YwooJHc4c9a0&ts=1721051031&e=0"]},{"title":"Byt 3+1 s loggiou sídl. Západ 1, Spišská Nová Ves","address":"Tkáčska, Spišská Nová Ves, okres Spišská Nová Ves","rooms":3,"meters":74,"totalPrice":99000,"meterSquarePrice":4,"link":"https://www.nehnutelnosti.sk/detail/Jugaa0Df4L2/byt-3-1-s-loggiou-sidl-zapad-1-spisska-nova-ves","imagesUrls":["https://img.nehnutelnosti.sk/foto/NjAweDMzOC9maWx0ZXJzOnF1YWxpdHkoMTAwKS9uZWg=/S0Lam-0YRz_fss?st=SGcS8lIQOS2l9ov7MkcxPTOVemtyBGPM1nhaDlw0Kuc&ts=1723200407&e=0"]},{"title":"2- izbový byt na predaj, 44 m2, Strážske","address":"Obchodná, Strážske, okres Michalovce","rooms":2,"meters":44,"totalPrice":null,"meterSquarePrice":null,"link":"https://www.nehnutelnosti.sk/detail/Junji2GP7w7/2-izbovy-byt-na-predaj-44-m2-strazske","imagesUrls":["https://img.nehnutelnosti.sk/foto/NjAweDMzOC9maWx0ZXJzOnF1YWxpdHkoMTAwKS9uZWg=/AMF0DfEWI_fss?st=v0sZaWSEkxStRAxlx6vrdMSxKhYaQtvyA-a5nN8iYFM&ts=1726737416&e=0"]},{"title":"Byt 2+1 s garážou v Rudňanoch, okres Spišská Nová Ves","address":"Rudňany, okres Spišská Nová Ves","rooms":2,"meters":58,"totalPrice":42000,"meterSquarePrice":4,"link":"https://www.nehnutelnosti.sk/detail/JufuAJgWaBu/byt-2-1-s-garazou-v-rudnanoch-okres-spisska-nova-ves","imagesUrls":["https://img.nehnutelnosti.sk/foto/NjAweDMzOC9maWx0ZXJzOnF1YWxpdHkoMTAwKS9uZWg=/frzVXu5JAe_fss?st=a8DvtpvRiwxDjAvnx0fwEYLK6hwchmoT4izLF-PIO_E&ts=1725188163&e=0"]},{"title":"Byt 2+1 s balkónom v centre mesta Spišská Nová Ves","address":"Zimná, Spišská Nová Ves, okres Spišská Nová Ves","rooms":2,"meters":59,"totalPrice":110000,"meterSquarePrice":1,"link":"https://www.nehnutelnosti.sk/detail/JufwzMMA3WBj/byt-2-1-s-balkonom-v-centre-mesta-spisska-nova-ves","imagesUrls":["https://img.nehnutelnosti.sk/foto/NjAweDMzOC9maWx0ZXJzOnF1YWxpdHkoMTAwKS9uZWg=/zfJuQkqMR_fss?st=2MY1hOqRZMiOSBUr-G8ZDhb_Fg_R4QQpaMe_eigcjHk&ts=1724680695&e=0"]}]