[{"title":"Predaj 3i-bytu na Botanickej ulici","address":"Botanická, Trnava, okres Trnava","rooms":3,"meters":64,"totalPrice":149000,"meterSquarePrice":3,"link":"https://www.nehnutelnosti.sk/detail/JuV1bhHQR1U/predaj-3i-bytu-na-botanickej-ulici","imagesUrls":["https://img.nehnutelnosti.sk/foto/NjAweDMzOC9maWx0ZXJzOnF1YWxpdHkoMTAwKS9uZWg=/g1_UAUG7fB_fss?st=FA-32FYlDPjyD7XjGEXbgycJIUOrkqgIFvFf75Bo2oA&ts=1726094200&e=0"]},{"title":"4 izbový byt, 98m²+lodžia, garáž, Turnianska Nová Ves","address":"Turnianska Nová Ves, Košice okolie, okres Košice - okolie","rooms":4,"meters":98,"totalPrice":79999,"meterSquarePrice":2,"link":"https://www.nehnutelnosti.sk/detail/Ju6xtI87q19/4-izbovy-byt-98m-lodzia-garaz-turnianska-nova-ves","imagesUrls":["https://img.unitedclassifieds.sk/foto/NjAweDMzOC9maWx0ZXJzOnF1YWxpdHkoMTAwKS9qdWw=/4brGguAge_fss?st=dyMNfZFtWMcqcyJuvu1Wewx_aXi8oNSCXBWM8fWhhmg&ts=1726091136&e=0"]},{"title":"PREDAJ - 2 izbový byt","address":"Cyprichova, Bratislava III - Rača, okres Bratislava","rooms":2,"meters":null,"totalPrice":null,"meterSquarePrice":null,"link":"https://www.nehnutelnosti.sk/detail/Ju8dAMp4HU2/predaj-2-izbovy-byt","imagesUrls":["https://img.nehnutelnosti.sk/foto/NjAweDMzOC9maWx0ZXJzOnF1YWxpdHkoMTAwKS9uZWg=/M_5ILkbzU_fss?st=K2SPoF-T0qTicWZ-o8LyIIQONtScjaij6ALVoCCCp6s&ts=1726089076&e=0"]},{"title":"3-izb. byt v centre obce Dunajská Lužná","address":"Úzka, Dunajská Lužná, okres Senec","rooms":3,"meters":83,"totalPrice":210000,"meterSquarePrice":2,"link":"https://www.nehnutelnosti.sk/detail/Ju3yiZFtpsO/3-izb-byt-v-centre-obce-dunajska-luzna","imagesUrls":["https://img.nehnutelnosti.sk/foto/NjAweDMzOC9maWx0ZXJzOnF1YWxpdHkoMTAwKS9uZWg=/rRhFCXF99_fss?st=15WJjyqol8gz5PVDWkwMup5fSTtzUeq_dzkz-BbStVM&ts=1726088517&e=0"]},{"title":"Predaj veľký 3 izbový byt, zariadený, 87m2, Klokočina","address":"Čajkovského, Nitra, okres Nitra","rooms":3,"meters":87,"totalPrice":134990,"meterSquarePrice":1,"link":"https://www.nehnutelnosti.sk/detail/JutpwKOQHLX/predaj-velky-3-izbovy-byt-zariadeny-87m2-klokocina","imagesUrls":["https://img.nehnutelnosti.sk/foto/NjAweDMzOC9maWx0ZXJzOnF1YWxpdHkoMTAwKS9uZWg=/HVy3TtITr_fss?st=v98Nz3lx2ZKcrnhxZ0GGx2c4NDg59v3SP4vw0-ERa2Q&ts=1726088513&e=0"]},{"title":"NA PREDAJ - 3 izbový byt s balkónom","address":"Detva, okres Detva","rooms":3,"meters":null,"totalPrice":83000,"meterSquarePrice":1,"link":"https://www.nehnutelnosti.sk/detail/JuSOUIiaZlG/na-predaj-3-izbovy-byt-s-balkonom","imagesUrls":["https://img.nehnutelnosti.sk/foto/NjAweDMzOC9maWx0ZXJzOnF1YWxpdHkoMTAwKS9uZWg=/wS8A7o_Dw_fss?st=cMTZa52cqahQiNEJ5y40UXt8XvZSe1V1iTBDcmVOzA4&ts=1726088442&e=0"]},{"title":"NA PREDAJ 3-izb.byt, v Nitre - Kločina","address":"Nitra, okres Nitra","rooms":3,"meters":64,"totalPrice":133000,"meterSquarePrice":3,"link":"https://www.nehnutelnosti.sk/detail/Juu3lH5u4za/na-predaj-3-izb-byt-v-nitre-klocina","imagesUrls":["https://img.nehnutelnosti.sk/foto/NjAweDMzOC9maWx0ZXJzOnF1YWxpdHkoMTAwKS9uZWg=/1lNQWeeAW9_fss?st=hzuP7Fi2i7zBNBq4o2RaqqOD4-rh5iX62nIeyA4Ble4&ts=1726088419&e=0"]},{"title":"Investičný 2+KK k výstavisku Trenčín","address":"K Výstavisku, Trenčín, okres Trenčín","rooms":2,"meters":37,"totalPrice":92000,"meterSquarePrice":9,"link":"https://www.nehnutelnosti.sk/detail/Ju_NhZlCIr5/investicny-2-kk-k-vystavisku-trencin","imagesUrls":["https://img.nehnutelnosti.sk/foto/NjAweDMzOC9maWx0ZXJzOnF1YWxpdHkoMTAwKS9uZWg=/YO0H3OvR3_fss?st=R__qmERhtpONzEdnQbxm5CtvjIJeEcCUSfEFc0Ehx4E&ts=1723806040&e=0"]},{"title":"VEĽKÝ BIEL, 4-i byt s loggiou 83 m2 + garáž, len 30 minút od BRATISLAVY","address":"Kostolná, Veľký Biel, okres Senec","rooms":4,"meters":83,"totalPrice":183000,"meterSquarePrice":2,"link":"https://www.nehnutelnosti.sk/detail/Jup7uPMozxk/velky-biel-4-i-byt-s-loggiou-83-m2-garaz-len-30-minut-od-bratislavy","imagesUrls":["https://img.nehnutelnosti.sk/foto/NjAweDMzOC9maWx0ZXJzOnF1YWxpdHkoMTAwKS9uZWg=/lXX8F8iKG_fss?st=SY7R9XK6drQofBHst36OPgw63gZcunylt9aIj-dFasg&ts=1726174879&e=0"]},{"title":"KRÁSNY 3 IZB. BYT V TOP LOKALITE","address":"Chlumeckého, Bratislava II - Ružinov, okres Bratislava","rooms":2,"meters":62,"totalPrice":231000,"meterSquarePrice":1,"link":"https://www.nehnutelnosti.sk/detail/JuYpnFEmhFz/krasny-3-izb-byt-v-top-lokalite","imagesUrls":["https://img.nehnutelnosti.sk/foto/NjAweDMzOC9maWx0ZXJzOnF1YWxpdHkoMTAwKS9uZWg=/ceDjTqtF-_fss?st=lSGvheoOEKknhvIzo9RzRNsXSOZZsXcT-g8aQGTgSeQ&ts=1725049977&e=0"]},{"title":"Predám 1 izb. byt 38m Závadská BA-RAČA čiast. rek.","address":"Závadská 7619/18, Bratislava III - Rača, okres Bratislava","rooms":1,"meters":38,"totalPrice":118900,"meterSquarePrice":5,"link":"https://www.nehnutelnosti.sk/detail/Jug3a89tKOB/predam-1-izb-byt-38m-zavadska-ba-raca-ciast-rek","imagesUrls":["https://img.nehnutelnosti.sk/foto/NjAweDMzOC9maWx0ZXJzOnF1YWxpdHkoMTAwKS9uZWg=/321IwY7pr_fss?st=jIq4UZdidni3Zl2AoXYsu4s1wOoOHJ3U_Mn32QUEdG8&ts=1713981643&e=0"]},{"title":"Veľký 3,5-izbový byt na predaj SEREĎ","address":"Námestie Slobody, Sereď, okres Galanta","rooms":3,"meters":73,"totalPrice":114900,"meterSquarePrice":7,"link":"https://www.nehnutelnosti.sk/detail/Jucm7R8BOei/velky-3-5-izbovy-byt-na-predaj-sered","imagesUrls":["https://img.unitedclassifieds.sk/foto/NjAweDMzOC9maWx0ZXJzOnF1YWxpdHkoMTAwKS9qdWw=/uTzHgh0Wb_fss?st=V6LjuLY1YGBwVRCMttc7RWb4X45vJn6js4qkUEUC6vU&ts=1726079555&e=0"]},{"title":"3-izbový byt v Zemianskej Olči","address":"Železničná 554/3, Zemianska Olča, okres Komárno","rooms":3,"meters":65,"totalPrice":73000,"meterSquarePrice":8,"link":"https://www.nehnutelnosti.sk/detail/JuslnqMO5GT/3-izbovy-byt-v-zemianskej-olci","imagesUrls":["https://img.nehnutelnosti.sk/foto/NjAweDMzOC9maWx0ZXJzOnF1YWxpdHkoMTAwKS9uZWg=/6dyC3IsUw6_fss?st=wlEb9NEb1RClFJCKPF5VbpLK43ZAOt3GC4u1KhblPXQ&ts=1718299194&e=0"]},{"title":"Predané:  Predaj, dvojizbový byt Skalica, Mallého","address":"Mallého, Skalica, okres Skalica","rooms":2,"meters":48,"totalPrice":89000,"meterSquarePrice":7,"link":"https://www.nehnutelnosti.sk/detail/JuUeihgJe13a/predane-predaj-dvojizbovy-byt-skalica-malleho","imagesUrls":["https://img.nehnutelnosti.sk/foto/NjAweDMzOC9maWx0ZXJzOnF1YWxpdHkoMTAwKS9uZWg=/P1AlkRS6v_fss?st=PEUGQ1wwt3myzl0w_VlgkqVltzNGFZo_YT82ofQ4OR8&ts=1721449722&e=0"]},{"title":"Útulný 2izb.byt s pekným výhľadom v Dubnici nad Váhom","address":"Centrum II., Dubnica nad Váhom, okres Ilava","rooms":2,"meters":52,"totalPrice":99000,"meterSquarePrice":5,"link":"https://www.nehnutelnosti.sk/detail/JuRFSHfl1eF/utulny-2izb-byt-s-peknym-vyhladom-v-dubnici-nad-vahom","imagesUrls":["https://img.nehnutelnosti.sk/foto/NjAweDMzOC9maWx0ZXJzOnF1YWxpdHkoMTAwKS9uZWg=/bP5K7ozCDR_fss?st=m06dt8LDTGS-DdBJ6S8TOB_Zm1IYRSgOm2K-nDP9X8o&ts=1726077697&e=0"]},{"title":"ZĽAVA pri rýchlom jednaní- 3izbový byt, Brezovec","address":"Dukelských hrdinov, Dolný Kubín, okres Dolný Kubín","rooms":3,"meters":61,"totalPrice":129000,"meterSquarePrice":8,"link":"https://www.nehnutelnosti.sk/detail/JuEOAHiTBch/zlava-pri-rychlom-jednani-3izbovy-byt-brezovec","imagesUrls":["https://img.unitedclassifieds.sk/foto/NjAweDMzOC9maWx0ZXJzOnF1YWxpdHkoMTAwKS9qdWw=/B6Mk2naCW_fss?st=x5WfzuF6faO6s3WXkmFUsCwC74LUdq3zA18VUy6As60&ts=1726077529&e=0"]},{"title":"1-izbový byt v obci Zavar, Poronda","address":"Poronda, Zavar, okres Trnava","rooms":1,"meters":32,"totalPrice":69900,"meterSquarePrice":8,"link":"https://www.nehnutelnosti.sk/detail/Juhp4gyyRFb/1-izbovy-byt-v-obci-zavar-poronda","imagesUrls":["https://img.unitedclassifieds.sk/foto/NjAweDMzOC9maWx0ZXJzOnF1YWxpdHkoMTAwKS9qdWw=/MKz--9saN_fss?st=dHZP-V6uzzXVMkdd1LzGnN13y68xFNjI5aNc8boa3dA&ts=1715164790&e=0"]},{"title":"Nový jednoizbový zariadený byt s balkónom a výťahom - Žilina KUNERAD","address":"Dolná ulica, Kunerad, okres Žilina","rooms":1,"meters":27,"totalPrice":84990,"meterSquarePrice":8,"link":"https://www.nehnutelnosti.sk/detail/JuO3FlLkXIu/novy-jednoizbovy-zariadeny-byt-s-balkonom-a-vytahom-zilina-kunerad","imagesUrls":["https://img.unitedclassifieds.sk/foto/NjAweDMzOC9maWx0ZXJzOnF1YWxpdHkoMTAwKS9qdWw=/8pQvk5HpG_fss?st=lVmSTd5XBf3NSyuSsoHIb59M7GMNTmq_-Gydie9K7Lo&ts=1720629877&e=0"]},{"title":"2izbový byt po rekonštrukcii Rajec - prízemie bez balkóna","address":"Rajec, okres Žilina","rooms":2,"meters":60,"totalPrice":117000,"meterSquarePrice":0,"link":"https://www.nehnutelnosti.sk/detail/JuaRfVhwSiD/2izbovy-byt-po-rekonstrukcii-rajec-prizemie-bez-balkona","imagesUrls":["https://img.unitedclassifieds.sk/foto/NjAweDMzOC9maWx0ZXJzOnF1YWxpdHkoMTAwKS9qdWw=/Aa5PwywOE_fss?st=AT2VfalbnkI4SFl-JdG6FiZlcSNvsQrUD9GL5j-BErs&ts=1711393142&e=0"]},{"title":"Dvojizbový nadštandardný byt v novostavbe viladomčekov v Žiline – BUDATÍN","address":"Budatínska, Žilina - Budatín, okres Žilina","rooms":2,"meters":55,"totalPrice":179990,"meterSquarePrice":3,"link":"https://www.nehnutelnosti.sk/detail/JuKIW5DxBtY/dvojizbovy-nadstandardny-byt-v-novostavbe-viladomcekov-v-ziline-budatin","imagesUrls":["https://img.unitedclassifieds.sk/foto/NjAweDMzOC9maWx0ZXJzOnF1YWxpdHkoMTAwKS9qdWw=/nRBDAu1BG_fss?st=iI7osPUp-FGNpotbqguIILWZxvbnZBuC4aIXg3-nBK0&ts=1714412687&e=0"]},{"title":"Na predaj 3izbový byt v Nových Zámkoch","address":"Nové Zámky, okres Nové Zámky","rooms":3,"meters":65,"totalPrice":92000,"meterSquarePrice":5,"link":"https://www.nehnutelnosti.sk/detail/JuW3BFX1Ikv/na-predaj-3izbovy-byt-v-novych-zamkoch","imagesUrls":["https://img.nehnutelnosti.sk/foto/NjAweDMzOC9maWx0ZXJzOnF1YWxpdHkoMTAwKS9uZWg=/xBSsofP1n_fss?st=E4vkhZ_wGcUqtZBtZPu4697YkZfXR53D7AAX2pwcCiI&ts=1719982419&e=0"]},{"title":"REZERVOVANÉ Znížená cena! Na predaj zaujímavý 2 izbový byt v Trenčíne, Juh, Halalovka.","address":"Halalovka, Trenčín, okres Trenčín","rooms":2,"meters":53,"totalPrice":95000,"meterSquarePrice":5,"link":"https://www.nehnutelnosti.sk/detail/Jusv5uKSpGQ/rezervovane-znizena-cena-na-predaj-zaujimavy-2-izbovy-byt-v-trencine-juh-halalovka","imagesUrls":["https://img.nehnutelnosti.sk/foto/NjAweDMzOC9maWx0ZXJzOnF1YWxpdHkoMTAwKS9uZWg=/cVq2G8-6p_fss?st=PphAP58brvhgP5XzVIw4V0BmXJBG6PdE9p6ELRxzoas&ts=1690958890&e=0"]},{"title":"Predám 2-izbový byt v centre mesta","address":"Cisárska bašta, Nové Zámky, okres Nové Zámky","rooms":2,"meters":48,"totalPrice":81800,"meterSquarePrice":7,"link":"https://www.nehnutelnosti.sk/detail/JudVzlBhWW9/predam-2-izbovy-byt-v-centre-mesta","imagesUrls":["https://img.nehnutelnosti.sk/foto/NjAweDMzOC9maWx0ZXJzOnF1YWxpdHkoMTAwKS9uZWg=/hKjrXlafj_fss?st=Y2VaAZcah6lwdUQqUp0fsFujime-g5RjXhLLYjilXjg&ts=1720788929&e=0"]},{"title":"Predaj unikátny 1 izbový byt, 50 m2, pešia zóna, vysoké stropy","address":"Štefaniková, Nitra, okres Nitra","rooms":1,"meters":50,"totalPrice":99900,"meterSquarePrice":8,"link":"https://www.nehnutelnosti.sk/detail/JuHgDaZZXX4/predaj-unikatny-1-izbovy-byt-50-m2-pesia-zona-vysoke-stropy","imagesUrls":["https://img.nehnutelnosti.sk/foto/NjAweDMzOC9maWx0ZXJzOnF1YWxpdHkoMTAwKS9uZWg=/hoiKtvRei_fss?st=wIQ2mDnxL4mAmZHaII77a_-1vP1KXBpu3knOswiOA6U&ts=1726072360&e=0"]},{"title":"NA PREDAJ: veľkometrážny 3-izbový byt s veľkým balkónom","address":"Vodárenská, Poprad, okres Poprad","rooms":3,"meters":93,"totalPrice":null,"meterSquarePrice":null,"link":"https://www.nehnutelnosti.sk/detail/Ju3ZCTSdni0/na-predaj-velkometrazny-3-izbovy-byt-s-velkym-balkonom","imagesUrls":["https://img.nehnutelnosti.sk/foto/NjAweDMzOC9maWx0ZXJzOnF1YWxpdHkoMTAwKS9uZWg=/JAgcfR8yy_fss?st=xdMOc2UXKLiYCfEDVw5lEy6ZXbKgKMwje2k5f0L0qpo&ts=1725457613&e=0"]},{"title":"Priestranný 2i-byt na ulici J.Dalloša","address":"J. Dalloša, Sládkovičovo, okres Galanta","rooms":2,"meters":66,"totalPrice":107500,"meterSquarePrice":4,"link":"https://www.nehnutelnosti.sk/detail/JuFynr346Cv/priestranny-2i-byt-na-ulici-j-dallosa","imagesUrls":["https://img.nehnutelnosti.sk/foto/NjAweDMzOC9maWx0ZXJzOnF1YWxpdHkoMTAwKS9uZWg=/VKZHfvDl3_fss?st=-IRXHiha8gMzgEPfmnkijCoYk_PxV90LlmHI_TzFzBc&ts=1718284309&e=0"]},{"title":"Kompletne zariadený 3-izbový byt blízko Avionu","address":"Vietnamská 16731/49, Bratislava II - Ružinov, okres Bratislava","rooms":3,"meters":62,"totalPrice":229900,"meterSquarePrice":6,"link":"https://www.nehnutelnosti.sk/detail/JuQwT8gRA3n/kompletne-zariadeny-3-izbovy-byt-blizko-avionu","imagesUrls":["https://img.nehnutelnosti.sk/foto/NjAweDMzOC9maWx0ZXJzOnF1YWxpdHkoMTAwKS9uZWg=/rXOBY0OMo_fss?st=PhsHhVJzial79r7O-H2sgE-e_ELMjpwQhLadbO9di4U&ts=1722328845&e=0"]},{"title":"PREDAJ, kompletne rekonštruovaný 3 izb. byt - Dargovských hrdinov","address":"Dargovských hrdinov, Humenné, okres Humenné","rooms":3,"meters":63,"totalPrice":119900,"meterSquarePrice":7,"link":"https://www.nehnutelnosti.sk/detail/Ju6XxaHV_rg/predaj-kompletne-rekonstruovany-3-izb-byt-dargovskych-hrdinov","imagesUrls":["https://img.nehnutelnosti.sk/foto/NjAweDMzOC9maWx0ZXJzOnF1YWxpdHkoMTAwKS9uZWg=/5B5qXktS1j_fss?st=b5e8APyXjAgnFzz8E87VAiqZjRo4c2PEO3g-a43pZfQ&ts=1725654675&e=0"]},{"title":"Luxusný apartmán v rezorte Damian Hotel Resorts & Residences - Demänovská dolina","address":"Otupné, Demänovská Dolina, okres Liptovský Mikuláš","rooms":3,"meters":72,"totalPrice":470000,"meterSquarePrice":2,"link":"https://www.nehnutelnosti.sk/detail/JuJxfM2dYF9/luxusny-apartman-v-rezorte-damian-hotel-resorts-residences-demanovska-dolina","imagesUrls":["https://img.nehnutelnosti.sk/foto/NjAweDMzOC9maWx0ZXJzOnF1YWxpdHkoMTAwKS9uZWg=/crDc2rcwch_fss?st=--34BqqONTfovKKpA03CK3v1Z9LXmW2O7wpTTDgUjUE&ts=1710508637&e=0"]},{"title":"2-izbový byt č.8 Na Pažiti 860/5 na predaj, murovaná pivnica, parkovacie miesto, ihneď k nasťahovani","address":"Na Pažiti, Trenčín, okres Trenčín","rooms":2,"meters":58,"totalPrice":141300,"meterSquarePrice":0,"link":"https://www.nehnutelnosti.sk/detail/JuheoXkt6I7/2-izbovy-byt-c-8-na-paziti-860-5-na-predaj-murovana-pivnica-parkovacie-miesto-ihned-k-nastahovani","imagesUrls":["https://img.nehnutelnosti.sk/foto/NjAweDMzOC9maWx0ZXJzOnF1YWxpdHkoMTAwKS9uZWg=/tQScKwzvS_fss?st=Fz8tadIEPzXOhL2gbTBORRUbCn_PzlUPCygT1EuA5-M&ts=1706021211&e=0"]}]