[{"title":"Slnečný 2-izbový byt s výhľadom, ul. K výstavisku v Trenčíne","address":"K výstavisku, Trenčín, okres Trenčín","rooms":2,"meters":36,"totalPrice":87000,"meterSquarePrice":7,"link":"https://www.nehnutelnosti.sk/detail/JujbE6p73Fg/slnecny-2-izbovy-byt-s-vyhladom-ul-k-vystavisku-v-trencine","imagesUrls":["https://img.nehnutelnosti.sk/foto/NjAweDMzOC9maWx0ZXJzOnF1YWxpdHkoMTAwKS9uZWg=/UVNmZHACu_fss?st=_3iUZ3XdFi2Vkajo3FbQwaolw7C6XRmn-hav1SSQzUo&ts=1726452889&e=0"]},{"title":"ZNÍŽENÁ CENA !!! 1 - izbový byt vo vyhľadávanej lokalite","address":"Opatovská, Trenčín, okres Trenčín","rooms":1,"meters":36,"totalPrice":82900,"meterSquarePrice":7,"link":"https://www.nehnutelnosti.sk/detail/JurXJWh7-ew/znizena-cena-1-izbovy-byt-vo-vyhladavanej-lokalite","imagesUrls":["https://img.nehnutelnosti.sk/foto/NjAweDMzOC9maWx0ZXJzOnF1YWxpdHkoMTAwKS9uZWg=/ZVraVlY4AR_fss?st=c1fpshi3RuYIC40fMPtVd5sdWloJtmxoRWh2aX0x5HQ&ts=1718027415&e=0"]},{"title":"*RESERVÉ* VEĽMI PEKNÝ 2-izbový byt (56 m2) s výhľadom do dvora / Národná trieda (Mier) / KE – Sever","address":"Národná trieda, Košice I - Sever, okres Košice","rooms":2,"meters":56,"totalPrice":149900,"meterSquarePrice":9,"link":"https://www.nehnutelnosti.sk/detail/JuTRPEvXcS0/reserve-velmi-pekny-2-izbovy-byt-56-m2-s-vyhladom-do-dvora-narodna-trieda-mier-ke-sever","imagesUrls":["https://img.nehnutelnosti.sk/foto/NjAweDMzOC9maWx0ZXJzOnF1YWxpdHkoMTAwKS9uZWg=/Rd6sVjNbE9_fss?st=hHzXnepsVL_Tx9KiZO3O04v_by3IFk4Iuleb0G-aOIo&ts=1725803422&e=0"]},{"title":"Krásny 3 izbový byt s parkovacím miestom v cene Martin","address":"Martin, okres Martin","rooms":3,"meters":57,"totalPrice":140000,"meterSquarePrice":6,"link":"https://www.nehnutelnosti.sk/detail/Juq6TE3nbDO/krasny-3-izbovy-byt-s-parkovacim-miestom-v-cene-martin","imagesUrls":["https://img.nehnutelnosti.sk/foto/NjAweDMzOC9maWx0ZXJzOnF1YWxpdHkoMTAwKS9uZWg=/SUBYcKLobB_fss?st=V707DMp5P6WJKNyXFNF3WpBhfySZ5nv8X27rv5Gj1WY&ts=1725803414&e=0"]},{"title":"KH-877, 4 izbový byt, Košice – Dargovských hrdinov, Furča","address":"Kapitána Jaroša, Košice III - Dargovských Hrdinov, okres Košice","rooms":4,"meters":80,"totalPrice":null,"meterSquarePrice":null,"link":"https://www.nehnutelnosti.sk/detail/JutPsZRRbpb/kh-877-4-izbovy-byt-kosice-dargovskych-hrdinov-furca","imagesUrls":["https://img.nehnutelnosti.sk/foto/NjAweDMzOC9maWx0ZXJzOnF1YWxpdHkoMTAwKS9uZWg=/XTmUx9CS8_fss?st=85JNlmG7Tn9oinmFGPSCRRyJ9FOnpNLSUlh4kbrObq0&ts=1725803224&e=0"]},{"title":"REZERVOVANÉ I Moderný, na mieru zariadený jednoizbový byt prerobený na dvojizbový","address":"Agátová, Bratislava IV - Dúbravka, okres Bratislava","rooms":1,"meters":42,"totalPrice":148000,"meterSquarePrice":1,"link":"https://www.nehnutelnosti.sk/detail/JuzNVaovm44/rezervovane-i-moderny-na-mieru-zariadeny-jednoizbovy-byt-prerobeny-na-dvojizbovy","imagesUrls":["https://img.unitedclassifieds.sk/foto/NjAweDMzOC9maWx0ZXJzOnF1YWxpdHkoMTAwKS9qdWw=/OereBfC1q_fss?st=4O-9d5xKokmyp-yJT2F69xZjoPExsdbG1jh18VouZ8E&ts=1724935023&e=0"]},{"title":"Topoľčianska - bývanie pri Draždiaku","address":"Topoľčianska, Bratislava V - Petržalka, okres Bratislava","rooms":2,"meters":48,"totalPrice":223344,"meterSquarePrice":7,"link":"https://www.nehnutelnosti.sk/detail/Juljc6SOeuO/topolcianska-byvanie-pri-drazdiaku","imagesUrls":["https://img.nehnutelnosti.sk/foto/NjAweDMzOC9maWx0ZXJzOnF1YWxpdHkoMTAwKS9uZWg=/4C1PUtTE2_fss?st=BWdNZVrogwV-KX4rNOzCaTGLs8cgsjWCkXQ2lyiLy3c&ts=1717758845&e=0"]},{"title":"Rezervovali sme 1i byt, Štefánikova","address":"Štefánikova, Michalovce, okres Michalovce","rooms":1,"meters":35,"totalPrice":69890,"meterSquarePrice":1,"link":"https://www.nehnutelnosti.sk/detail/JuK9B0-FXm7s/rezervovali-sme-1i-byt-stefanikova","imagesUrls":["https://img.nehnutelnosti.sk/foto/NjAweDMzOC9maWx0ZXJzOnF1YWxpdHkoMTAwKS9uZWg=/UB9o6hnMGp_fss?st=IieeGMmSTn-qUNlOEFE64QS9etvlsgRUutJbkUSXGAA&ts=1723028493&e=0"]},{"title":"3. izbový byt pri kúpalisku v Štúrove","address":"Nánanská cesta 1456/64, Štúrovo, okres Nové Zámky","rooms":3,"meters":76,"totalPrice":89000,"meterSquarePrice":8,"link":"https://www.nehnutelnosti.sk/detail/JuEVbFGiqS-/3-izbovy-byt-pri-kupalisku-v-sturove","imagesUrls":["https://img.nehnutelnosti.sk/foto/NjAweDMzOC9maWx0ZXJzOnF1YWxpdHkoMTAwKS9uZWg=/KbdKjBk2QP_fss?st=Duw98KbNG70mWvR9DnysehrKMB7JE42XdHDE_f05wHI&ts=1723201073&e=0"]},{"title":"Rekonštruovaný veľkorysý byt v Ivanke pri Dunaji","address":"Dobšinského, Ivanka pri Dunaji, okres Senec","rooms":2,"meters":53,"totalPrice":166000,"meterSquarePrice":8,"link":"https://www.nehnutelnosti.sk/detail/JuQ2U-cM7hd/rekonstruovany-velkorysy-byt-v-ivanke-pri-dunaji","imagesUrls":["https://img.unitedclassifieds.sk/foto/NjAweDMzOC9maWx0ZXJzOnF1YWxpdHkoMTAwKS9qdWw=/BuCobSvhB_fss?st=7rPSt6dJhr7bzuJ-UlKCOiThuVw2jK8oXyah-25uwsU&ts=1715626372&e=0"]},{"title":"Na predaj zrekonštruovaný 2-izbový byt so zaskleneným balkónom na Nábrežnej ulici v Nových Zámkoch","address":"Nábrežná, Nové Zámky, okres Nové Zámky","rooms":2,"meters":63,"totalPrice":97000,"meterSquarePrice":8,"link":"https://www.nehnutelnosti.sk/detail/JuzSHLz9RCj/na-predaj-zrekonstruovany-2-izbovy-byt-so-zasklenenym-balkonom-na-nabreznej-ulici-v-novych-zamkoch","imagesUrls":["https://img.unitedclassifieds.sk/foto/NjAweDMzOC9maWx0ZXJzOnF1YWxpdHkoMTAwKS9qdWw=/Ml6COKkX__fss?st=c8pVPcsMOUufiH4-n37qKqmveg_tuYGoGrrsXTP0xdE&ts=1725790854&e=0"]},{"title":"4- izbový nadčasový byt v centre mesta v projekte PARKHOUSE 5.05","address":"Hlavná, Galanta, okres Galanta","rooms":4,"meters":100,"totalPrice":230000,"meterSquarePrice":8,"link":"https://www.nehnutelnosti.sk/detail/JuoPbblSdIg/4-izbovy-nadcasovy-byt-v-centre-mesta-v-projekte-parkhouse-5-05","imagesUrls":["https://img.nehnutelnosti.sk/foto/NjAweDMzOC9maWx0ZXJzOnF1YWxpdHkoMTAwKS9uZWg=/nKdBA0v5y_fss?st=_2zXb2QFRFsfA4pCYDWXQooyYaY6UVdumYSIJ3ejHgU&ts=1723654958&e=0"]},{"title":"Na predaj prerobený 3 izbový byt, veľmi nízke náklady, Štúrovo!","address":"J. Kráľa, Štúrovo, okres Nové Zámky","rooms":3,"meters":68,"totalPrice":64000,"meterSquarePrice":8,"link":"https://www.nehnutelnosti.sk/detail/Juh6vGCF4TM/na-predaj-prerobeny-3-izbovy-byt-velmi-nizke-naklady-sturovo","imagesUrls":["https://img.unitedclassifieds.sk/foto/NjAweDMzOC9maWx0ZXJzOnF1YWxpdHkoMTAwKS9yc2Y=/qElZxREqs_fss?st=SlNetvxuUZqxnZ1gZ68CyhBttxt58ntw7cEfXmlZn5M&ts=1715787002&e=0"]},{"title":"EXKLUZÍVNE - 3-izbový byt s balkónom, 101 m2, v NOVOSTAVBE - NESTHOME, Popradská, KE","address":"Popradská, Košice II - Západ, okres Košice","rooms":3,"meters":98,"totalPrice":258420,"meterSquarePrice":4,"link":"https://www.nehnutelnosti.sk/detail/JuxkliBoKrf/exkluzivne-3-izbovy-byt-s-balkonom-101-m2-v-novostavbe-nesthome-popradska-ke","imagesUrls":["https://img.unitedclassifieds.sk/foto/NjAweDMzOC9maWx0ZXJzOnF1YWxpdHkoMTAwKS9qdWw=/fDKtVUe98_fss?st=Rl9fuOsttdGLxlv0u2QiNhSagbhvvId3J1-pGlHaBuw&ts=1717420384&e=0"]},{"title":"Predám 1i byt na Etape v Žiari nad Hronom","address":"Novomeského 522/9, Žiar nad Hronom, okres Žiar nad Hronom","rooms":1,"meters":34,"totalPrice":60000,"meterSquarePrice":7,"link":"https://www.nehnutelnosti.sk/detail/JuFui5JjjNT/predam-1i-byt-na-etape-v-ziari-nad-hronom","imagesUrls":["https://img.nehnutelnosti.sk/foto/NjAweDMzOC9maWx0ZXJzOnF1YWxpdHkoMTAwKS9uZWg=/4UlpQsDd6_fss?st=XaNcee914dZ_jujz2d_Du4S31zXTzM0VsfEi5jR6D1U&ts=1725785276&e=0"]},{"title":"Znížená cena!-Trenčianske Teplice – veľkometrážny 2 izb.   - 70 m2 + loggia -na predaj","address":"Trenčianske Teplice, okres Trenčín","rooms":2,"meters":64,"totalPrice":113900,"meterSquarePrice":7,"link":"https://www.nehnutelnosti.sk/detail/Juzq2569Vfn/znizena-cena-trencianske-teplice-velkometrazny-2-izb-70-m2-loggia-na-predaj","imagesUrls":["https://img.nehnutelnosti.sk/foto/NjAweDMzOC9maWx0ZXJzOnF1YWxpdHkoMTAwKS9uZWg=/rP2FNGYm2z_fss?st=Ycrugnwyz3nOexL1Go5luIW7wKS6sWdszf-1gMIgR8A&ts=1726840435&e=0"]},{"title":"Svetlý byt s výhľadom na zelené prostredie Ružinova","address":"Šándorova, Bratislava II - Ružinov, okres Bratislava","rooms":1,"meters":35,"totalPrice":137000,"meterSquarePrice":9,"link":"https://www.nehnutelnosti.sk/detail/JuxZlc0kcDf/svetly-byt-s-vyhladom-na-zelene-prostredie-ruzinova","imagesUrls":["https://img.unitedclassifieds.sk/foto/NjAweDMzOC9maWx0ZXJzOnF1YWxpdHkoMTAwKS9qdWw=/yRcv9NGBT_fss?st=rne7L_L2DNPazVx1mGZWc4bM6zKT2sE036ttNVc5x4g&ts=1705446964&e=0"]},{"title":"Na predaj: 3 izb.byt + LOGGIA + PIVNICA","address":"Levice, okres Levice","rooms":3,"meters":null,"totalPrice":null,"meterSquarePrice":null,"link":"https://www.nehnutelnosti.sk/detail/JumeRt1-62U/na-predaj-3-izb-byt-loggia-pivnica","imagesUrls":["https://img.nehnutelnosti.sk/foto/NjAweDMzOC9maWx0ZXJzOnF1YWxpdHkoMTAwKS9uZWg=/FGksryhI9_fss?st=hG-bq0g4jExmwJVlmDTXf8KBduOHa3TA7cxKPwQXjB0&ts=1725784186&e=0"]},{"title":"Na predaj: 2 izb.byt + PIVNICA + ŠPAJZA","address":"Levice, okres Levice","rooms":2,"meters":null,"totalPrice":null,"meterSquarePrice":null,"link":"https://www.nehnutelnosti.sk/detail/Jumm_Y0YB2A/na-predaj-2-izb-byt-pivnica-spajza","imagesUrls":["https://img.nehnutelnosti.sk/foto/NjAweDMzOC9maWx0ZXJzOnF1YWxpdHkoMTAwKS9uZWg=/jrTdfvu3z_fss?st=yQRXjaOCJ2ITR45cre3nqAef7oRn474gCOSnzJzCncA&ts=1725784186&e=0"]},{"title":"NA PREDAJ: 2 izbový byt v Leviciach + PIVNICA","address":"Levice, okres Levice","rooms":2,"meters":61,"totalPrice":70000,"meterSquarePrice":8,"link":"https://www.nehnutelnosti.sk/detail/Ju_1I4qvDZD/na-predaj-2-izbovy-byt-v-leviciach-pivnica","imagesUrls":["https://img.nehnutelnosti.sk/foto/NjAweDMzOC9maWx0ZXJzOnF1YWxpdHkoMTAwKS9uZWg=/Nv33nCMS9_fss?st=u2nqJEL8COpoM5HnsIWRJ-izPa1aoW5czEI8Qozl_us&ts=1725784184&e=0"]},{"title":"NA PREDAJ: veľký 2 izbový byt + KLIMA + LOGGIA + PIVNICA","address":"Levice, okres Levice","rooms":2,"meters":null,"totalPrice":null,"meterSquarePrice":null,"link":"https://www.nehnutelnosti.sk/detail/Ju54gRqBm7z/na-predaj-velky-2-izbovy-byt-klima-loggia-pivnica","imagesUrls":["https://img.nehnutelnosti.sk/foto/NjAweDMzOC9maWx0ZXJzOnF1YWxpdHkoMTAwKS9uZWg=/jkkdi7Rux_fss?st=emJ83yGxKeWR9HtG43JVZ2M2r7yTRXon4H-hRi3kWDo&ts=1725784182&e=0"]},{"title":"NA PREDAJ: Veľkometrážny 2 izb.byt v Leviciach + špajza, pivnica","address":"Ku Bratke, Levice, okres Levice","rooms":2,"meters":null,"totalPrice":85000,"meterSquarePrice":4,"link":"https://www.nehnutelnosti.sk/detail/JutcpfCzx8t/na-predaj-velkometrazny-2-izb-byt-v-leviciach-spajza-pivnica","imagesUrls":["https://img.nehnutelnosti.sk/foto/NjAweDMzOC9maWx0ZXJzOnF1YWxpdHkoMTAwKS9uZWg=/z18IXjtQh_fss?st=mn6i8lRtsy8qggdP-fyOT0nT5s6Kpy4uzwXcJBkK7-0&ts=1725784183&e=0"]},{"title":"Na predaj: 3,5 izb.byt + LOGGIA + KUMBAL + PIVNICA","address":"Levice, okres Levice","rooms":3,"meters":null,"totalPrice":null,"meterSquarePrice":null,"link":"https://www.nehnutelnosti.sk/detail/JuVRQogyHD7/na-predaj-3-5-izb-byt-loggia-kumbal-pivnica","imagesUrls":["https://img.nehnutelnosti.sk/foto/NjAweDMzOC9maWx0ZXJzOnF1YWxpdHkoMTAwKS9uZWg=/jMdJtWweg_fss?st=24kXUAR4bk4QjL_Pl7Ba_FSVaRazKjlYzOlh8Q5iiX4&ts=1725784180&e=0"]},{"title":"Na predaj: veľký 3 izb.byt + ŠPAJZA, LOGGIA, PIVNICA","address":"Perecká, Levice, okres Levice","rooms":3,"meters":null,"totalPrice":113000,"meterSquarePrice":6,"link":"https://www.nehnutelnosti.sk/detail/Juv25UHayiz/na-predaj-velky-3-izb-byt-spajza-loggia-pivnica","imagesUrls":["https://img.nehnutelnosti.sk/foto/NjAweDMzOC9maWx0ZXJzOnF1YWxpdHkoMTAwKS9uZWg=/_pzR68ibr_fss?st=_0EyUG87NvxLrYRMCI0x2KBvGlkcCUTnqvE3q4rDuh8&ts=1725784180&e=0"]},{"title":"NA PREDAJ: Investičný 3 izb.byt s podnájomníkmi + 2x BALKON + ŠPAJZA","address":"Levice, okres Levice","rooms":3,"meters":null,"totalPrice":null,"meterSquarePrice":null,"link":"https://www.nehnutelnosti.sk/detail/Ju3jtQ6Ni4h/na-predaj-investicny-3-izb-byt-s-podnajomnikmi-2x-balkon-spajza","imagesUrls":["https://img.nehnutelnosti.sk/foto/NjAweDMzOC9maWx0ZXJzOnF1YWxpdHkoMTAwKS9uZWg=/oY1UdVxyTF_fss?st=Ty-jh-TIU2Gc9juIbMrAp8IO6-cZhEJ7FrRHD0LaUTM&ts=1725784177&e=0"]},{"title":"NA PREDAJ: 3 izb.byt v širšom CENTRE + BALKON + 2x murovaná pivnica","address":"Levice, okres Levice","rooms":3,"meters":null,"totalPrice":null,"meterSquarePrice":null,"link":"https://www.nehnutelnosti.sk/detail/Juyu92gmbbN/na-predaj-3-izb-byt-v-sirsom-centre-balkon-2x-murovana-pivnica","imagesUrls":["https://img.nehnutelnosti.sk/foto/NjAweDMzOC9maWx0ZXJzOnF1YWxpdHkoMTAwKS9uZWg=/2Mw6M6riF_fss?st=HBJdcB34j6Vw48N92tXradVN-0c2FxFA7xo-WSWttWY&ts=1725784177&e=0"]},{"title":"NA PREDAJ: 3 izb.byt + BALKON + 2x murovaná PIVNICA","address":"Ľ.Štúra, Levice, okres Levice","rooms":3,"meters":null,"totalPrice":null,"meterSquarePrice":null,"link":"https://www.nehnutelnosti.sk/detail/Jugph75ULDW/na-predaj-3-izb-byt-balkon-2x-murovana-pivnica","imagesUrls":["https://img.nehnutelnosti.sk/foto/NjAweDMzOC9maWx0ZXJzOnF1YWxpdHkoMTAwKS9uZWg=/Buk-PkBAGy_fss?st=Pl5I7TTiflgXr5MUo7WoaOXYot4Ica2sax5qwYXPxlg&ts=1725784174&e=0"]},{"title":"NA PREDAJ: 3 izbový byt + BALKON + ŠPAJZA + PIVNICA","address":"Perecká, Levice, okres Levice","rooms":3,"meters":null,"totalPrice":null,"meterSquarePrice":null,"link":"https://www.nehnutelnosti.sk/detail/JuHj7WcBnNf/na-predaj-3-izbovy-byt-balkon-spajza-pivnica","imagesUrls":["https://img.nehnutelnosti.sk/foto/NjAweDMzOC9maWx0ZXJzOnF1YWxpdHkoMTAwKS9uZWg=/0Pp_aLHgj_fss?st=-R7Xz-2cFMMyZXKDpAQhor3MywvadEv93BXox1nJBxs&ts=1725784172&e=0"]},{"title":"NA PREDAJ: 3,5 izb.byt v Leviciach: LOGGIA, PIVNICA, KUMBAL, ŠPAJZA","address":"Levice, okres Levice","rooms":3,"meters":null,"totalPrice":null,"meterSquarePrice":null,"link":"https://www.nehnutelnosti.sk/detail/JuYAM-WYxs1/na-predaj-3-5-izb-byt-v-leviciach-loggia-pivnica-kumbal-spajza","imagesUrls":["https://img.nehnutelnosti.sk/foto/NjAweDMzOC9maWx0ZXJzOnF1YWxpdHkoMTAwKS9uZWg=/PrAWTGJCU_fss?st=hM7rgOtBCRos9lkFGqBDavl8LJY9V7cOKXdJLVSuefA&ts=1725784171&e=0"]},{"title":"Na predaj: 3 izb.byt + LOGGIA + PIVNICA","address":"Levice, okres Levice","rooms":3,"meters":null,"totalPrice":null,"meterSquarePrice":null,"link":"https://www.nehnutelnosti.sk/detail/Ju2EVRqhbOS/na-predaj-3-izb-byt-loggia-pivnica","imagesUrls":["https://img.nehnutelnosti.sk/foto/NjAweDMzOC9maWx0ZXJzOnF1YWxpdHkoMTAwKS9uZWg=/_DpJH4Xyf_fss?st=9lG2CK1_37h5Jcv2JY2NMf99J0aIB7GZkcLHmeNRK7s&ts=1725784170&e=0"]}]