[{"title":"Predam 1i byt v novostavbe na Fončorde","address":"Kyjevské námestie, Banská Bystrica, okres Banská Bystrica","rooms":1,"meters":33,"totalPrice":149000,"meterSquarePrice":5,"link":"https://www.nehnutelnosti.sk/detail/JuXTf4dQVhf/predam-1i-byt-v-novostavbe-na-foncorde","imagesUrls":["https://img.nehnutelnosti.sk/foto/NjAweDMzOC9maWx0ZXJzOnF1YWxpdHkoMTAwKS9uZWg=/ze5dK2vmC_fss?st=Jfvlv20twKDmu0icKE4wyaCPJrnAKxid0cZjKQefoAw&ts=1694765449&e=0"]},{"title":"3 izbák, terasa, garáž, nízke náklady","address":"B. Bartóka, Rimavská Sobota, okres Rimavská Sobota","rooms":3,"meters":70,"totalPrice":119200,"meterSquarePrice":6,"link":"https://www.nehnutelnosti.sk/detail/JuYWJXbNSqy/3-izbak-terasa-garaz-nizke-naklady","imagesUrls":["https://t1.aimg.sk/inzercie/ne_orig_106560305_byty-3-izbovy-byt-rimavska-sobota-3-izbak-terasa-garaz-nizke-naklady.jpg?t=LzYwMHgzMzgvZmlsdGVyczpxdWFsaXR5KDgwKQ%3D%3D&h=40EkdC9SutQtLNoFu7UPCw&e=2145916800"]},{"title":"Petržalka City I - 4 izbový mezonetový byt","address":"Rusovská cesta 3903/50, Bratislava V - Petržalka, okres Bratislava","rooms":4,"meters":104,"totalPrice":799999,"meterSquarePrice":4,"link":"https://www.nehnutelnosti.sk/detail/JuksT7e3mbM/petrzalka-city-i-4-izbovy-mezonetovy-byt","imagesUrls":["https://img.nehnutelnosti.sk/foto/NjAweDMzOC9maWx0ZXJzOnF1YWxpdHkoMTAwKS9uZWg=/N6zCGrQJb_fss?st=fF-ug95kxU4lRHf_SmbxGadG1pG4x08ad3DPjJH0nl8&ts=1678564281&e=0"]},{"title":"Predaj 3-izbový byt na Björnsonovej","address":"Björnsonova 3039/1, Bratislava I - Staré Mesto, okres Bratislava","rooms":3,"meters":85,"totalPrice":375000,"meterSquarePrice":3,"link":"https://www.nehnutelnosti.sk/detail/JuDXOisFB-j/predaj-3-izbovy-byt-na-bjornsonovej","imagesUrls":["https://img.nehnutelnosti.sk/foto/NjAweDMzOC9maWx0ZXJzOnF1YWxpdHkoMTAwKS9uZWg=/n4-btHz7E_fss?st=RR2bau-1fFPW_eKhdlyYcY7NV-83SZ_Z4kgf6SFr_SI&ts=1717848887&e=0"]},{"title":"Byty priamo od developera v Penati Golf Resort","address":"Šajdíkove Humence, okres Senica","rooms":1,"meters":null,"totalPrice":null,"meterSquarePrice":null,"link":"https://www.nehnutelnosti.sk/detail/JubKpXySzbk/byty-priamo-od-developera-v-penati-golf-resort","imagesUrls":["https://img.nehnutelnosti.sk/foto/NjAweDMzOC9maWx0ZXJzOnF1YWxpdHkoMTAwKS9uZWg=/OGeY1ESU__fss?st=xUO0R-Iu6T7uU-XGrqiKs6JGx4h4UPFLgLuRDn_WM58&ts=1684147849&e=0"]},{"title":"Nová cena/4-izbový byt - Radvaň (BB)","address":"Poľná, Banská Bystrica, okres Banská Bystrica","rooms":4,"meters":81,"totalPrice":179900,"meterSquarePrice":9,"link":"https://www.nehnutelnosti.sk/detail/JuZSdthDb5k/nova-cena-4-izbovy-byt-radvan-bb","imagesUrls":["https://img.nehnutelnosti.sk/foto/NjAweDMzOC9maWx0ZXJzOnF1YWxpdHkoMTAwKS9uZWg=/ojlCg5uUF_fss?st=BAc8zazibt_SscB2Dh4_xS8VJmCk1ZqWAHdnrwxQvEw&ts=1711441302&e=0"]},{"title":"2,5 - IZBOVÝ BYT - RAČIANSKE MÝTO","address":"Račianska, Bratislava III - Nové Mesto, okres Bratislava","rooms":3,"meters":60,"totalPrice":249000,"meterSquarePrice":0,"link":"https://www.nehnutelnosti.sk/detail/JuDIRp1XNOv/2-5-izbovy-byt-racianske-myto","imagesUrls":["https://img.nehnutelnosti.sk/foto/NjAweDMzOC9maWx0ZXJzOnF1YWxpdHkoMTAwKS9uZWg=/QdNKqRaeJ_fss?st=pckiGtksezFUy2AKhvnUuFTwve3NJYxgQ69MU4EDkNM&ts=1725816097&e=0"]},{"title":"Apartmán Hrebienok II. Starý Smokovec","address":"Starý Smokovec  22/22, Nový Smokovec, okres Poprad","rooms":null,"meters":null,"totalPrice":null,"meterSquarePrice":null,"link":"https://www.nehnutelnosti.sk/detail/JuWsbm0jm3a/apartman-hrebienok-ii-stary-smokovec","imagesUrls":["https://img.nehnutelnosti.sk/foto/NjAweDMzOC9maWx0ZXJzOnF1YWxpdHkoMTAwKS9uZWg=/sh4t-AOH7_fss?st=ix8cH-OHzI3cvdPgNOI65ySolkrYDXV7zhG8h6NJnfI&ts=1720627660&e=0"]},{"title":"2 izbový byt v novostavbe na predaj","address":"Hodvábna, Trebišov, okres Trebišov","rooms":2,"meters":66,"totalPrice":99900,"meterSquarePrice":2,"link":"https://www.nehnutelnosti.sk/detail/JuGNWwKXMg7/2-izbovy-byt-v-novostavbe-na-predaj","imagesUrls":["https://img.nehnutelnosti.sk/foto/NjAweDMzOC9maWx0ZXJzOnF1YWxpdHkoMTAwKS9uZWg=/PToDhEvgl_fss?st=LKC5F3SuBnwzGDWNGuhpSlkQqBUBkNYCZz9FyzQb5Ys&ts=1721591895&e=0"]},{"title":"Kompletne rekonštruovaný 1i byt , ul. Internátna","address":"Internátna 26, Banská Bystrica, okres Banská Bystrica","rooms":1,"meters":27,"totalPrice":95000,"meterSquarePrice":8,"link":"https://www.nehnutelnosti.sk/detail/JunRian5D31/kompletne-rekonstruovany-1i-byt-ul-internatna","imagesUrls":["https://img.nehnutelnosti.sk/foto/NjAweDMzOC9maWx0ZXJzOnF1YWxpdHkoMTAwKS9uZWg=/29kRuSqyo5_fss?st=Rqh9BOJmpnHfZ1611zkV4t3DZFl--dnaqbCcvbHO_Rk&ts=1723223321&e=0"]},{"title":"Ponúkam na predaj garsónku","address":"Čsl. parašutistov 214/19, Bratislava III - Nové Mesto, okres Bratislava","rooms":null,"meters":16,"totalPrice":95000,"meterSquarePrice":0,"link":"https://www.nehnutelnosti.sk/detail/JuAoOfra87s/ponukam-na-predaj-garsonku","imagesUrls":["https://img.nehnutelnosti.sk/foto/NjAweDMzOC9maWx0ZXJzOnF1YWxpdHkoMTAwKS9uZWg=/B6OdAT3qP_fss?st=UfFuxSOKYCt-6q_wXzA1So0bVLMx-x-yZ7x7hEaFd8g&ts=1725779899&e=0"]},{"title":"Garsónka na PREDAJ v Tatranskej Štrbe","address":"Bellova, Tatranská Štrba, okres Poprad","rooms":null,"meters":22,"totalPrice":130000,"meterSquarePrice":9,"link":"https://www.nehnutelnosti.sk/detail/JuXQDyPOEGR/garsonka-na-predaj-v-tatranskej-strbe","imagesUrls":["https://img.nehnutelnosti.sk/foto/NjAweDMzOC9maWx0ZXJzOnF1YWxpdHkoMTAwKS9uZWg=/fXuFMLLAZ_fss?st=qyWoV8u0D90FZ-4JGfOfAtttY1gYF2qIvgqntAiN1Xs&ts=1723149065&e=0"]},{"title":"PREDAJ 3-IZB. BYT NA RAČIANSKOM MÝTE, 61 m2","address":"Račianska, Bratislava III - Nové Mesto, okres Bratislava","rooms":3,"meters":60,"totalPrice":274000,"meterSquarePrice":3,"link":"https://www.nehnutelnosti.sk/detail/JuUZAHP4C20/predaj-3-izb-byt-na-racianskom-myte-61-m2","imagesUrls":["https://img.nehnutelnosti.sk/foto/NjAweDMzOC9maWx0ZXJzOnF1YWxpdHkoMTAwKS9uZWg=/P741YCbGO_fss?st=8dPh2-26Zm_O-9Q86zDrr-XC164JspAqz5PtX_mQ-J4&ts=1725733636&e=0"]},{"title":"REZERVOVANÝ, 1 izbový byt - Košice-KVP Titogradská","address":"Titogradská 1395/18, Košice II - Sídlisko KVP, okres Košice","rooms":1,"meters":35,"totalPrice":105000,"meterSquarePrice":0,"link":"https://www.nehnutelnosti.sk/detail/JuQ4O80uY64/rezervovany-1-izbovy-byt-kosice-kvp-titogradska","imagesUrls":["https://img.nehnutelnosti.sk/foto/NjAweDMzOC9maWx0ZXJzOnF1YWxpdHkoMTAwKS9uZWg=/0VqEngStn_fss?st=DrA6mgeZIgJ1A6WAu4JElfjbZp9tFanxKCt1o07qmhs&ts=1725632295&e=0"]},{"title":"1izbový  byt na predaj, Timravy","address":"Martin, okres Martin","rooms":1,"meters":30,"totalPrice":null,"meterSquarePrice":null,"link":"https://www.nehnutelnosti.sk/detail/JupbF0PEVr_/1izbovy-byt-na-predaj-timravy","imagesUrls":["https://img.nehnutelnosti.sk/foto/NjAweDMzOC9maWx0ZXJzOnF1YWxpdHkoMTAwKS9uZWg=/YqC_l7uRo_fss?st=OUdp6ya3DdkAnc9nAKQY_n5hHLKV1kNVTHY_-pqlzI0&ts=1725625629&e=0"]},{"title":"Predám 2i byt","address":"17. novembra 140, Prešov, okres Prešov","rooms":2,"meters":59,"totalPrice":135500,"meterSquarePrice":1,"link":"https://www.nehnutelnosti.sk/detail/Ju_FcDgI-KL/predam-2i-byt","imagesUrls":["https://img.nehnutelnosti.sk/foto/NjAweDMzOC9maWx0ZXJzOnF1YWxpdHkoMTAwKS9uZWg=/GZZo1LPdVF_fss?st=xsObztfWG3BjjiQohhS_pg4EiTbqRAKAkFkwBrpd6zs&ts=1725617945&e=0"]},{"title":"Predám 3-izbový byt v centre mesta","address":"Slovenská, Spišská Nová Ves, okres Spišská Nová Ves","rooms":3,"meters":null,"totalPrice":null,"meterSquarePrice":null,"link":"https://www.nehnutelnosti.sk/detail/JuW9ar8C2LC/predam-3-izbovy-byt-v-centre-mesta","imagesUrls":["https://img.nehnutelnosti.sk/foto/NjAweDMzOC9maWx0ZXJzOnF1YWxpdHkoMTAwKS9uZWg=/SIx_mqXrY_fss?st=lcnmg0zaO3mrDT1t20uxI6artxYc62BX9iCcu_ADjT8&ts=1725609964&e=0"]},{"title":"PREDAJ - 2. izbový byt - Ružinov, Jašíkova ulica","address":"Jašíkova, Bratislava II - Ružinov, okres Bratislava","rooms":2,"meters":57,"totalPrice":175000,"meterSquarePrice":8,"link":"https://www.nehnutelnosti.sk/detail/JuRAmHQB1kR/predaj-2-izbovy-byt-ruzinov-jasikova-ulica","imagesUrls":["https://img.nehnutelnosti.sk/foto/NjAweDMzOC9maWx0ZXJzOnF1YWxpdHkoMTAwKS9uZWg=/2w43DO4Sn_fss?st=E6k3OeEoNyedXi69KqbXQu4uk5npn2Qaqfck0tozafU&ts=1725609621&e=0"]},{"title":"veľká dvojgarzónka na predaj","address":"Krásnohorská 3029/1, Bratislava V - Petržalka, okres Bratislava","rooms":null,"meters":35,"totalPrice":140000,"meterSquarePrice":3,"link":"https://www.nehnutelnosti.sk/detail/Ju_5EwVrzS2/velka-dvojgarzonka-na-predaj","imagesUrls":["https://img.nehnutelnosti.sk/foto/NjAweDMzOC9maWx0ZXJzOnF1YWxpdHkoMTAwKS9uZWg=/Iuf1dE0oP_fss?st=i9D_FpectddwYy_ss_bvjiV6NTZl-JUAheYp-D_HFRQ&ts=1725607577&e=0"]},{"title":"Predam 2izbovy byt po rekonštrukcií","address":"Zvolen, okres Zvolen","rooms":2,"meters":57,"totalPrice":119000,"meterSquarePrice":2,"link":"https://www.nehnutelnosti.sk/detail/Jue-XTlX-_x/predam-2izbovy-byt-po-rekonstrukcii","imagesUrls":["https://img.nehnutelnosti.sk/foto/NjAweDMzOC9maWx0ZXJzOnF1YWxpdHkoMTAwKS9uZWg=/WU-F4WVSpP_fss?st=8-5dsVhFQWlGTaYQ9Q9u6v-7Il9FP7LTTgjDQG12ZjU&ts=1722981674&e=0"]},{"title":"Byt na predaj - 72m2 - 65 000 eur - 0903 187 236","address":"Komenského 2660/10, Snina, okres Snina","rooms":2,"meters":72,"totalPrice":65000,"meterSquarePrice":8,"link":"https://www.nehnutelnosti.sk/detail/JugG5Pvr1IC/byt-na-predaj-72m2-65-000-eur-0903-187-236","imagesUrls":["https://img.nehnutelnosti.sk/foto/NjAweDMzOC9maWx0ZXJzOnF1YWxpdHkoMTAwKS9uZWg=/occ83bmzD_fss?st=Mya7s6wO3d8ea6ZRKBjpKZJxnyCglrf7GnVy0dO6Pms&ts=1725572103&e=0"]},{"title":"3i byt komplet rekonštrukcia - širšie centrum","address":"Zvolen, okres Zvolen","rooms":3,"meters":63,"totalPrice":153000,"meterSquarePrice":7,"link":"https://www.nehnutelnosti.sk/detail/Jug9_1NqgmL/3i-byt-komplet-rekonstrukcia-sirsie-centrum","imagesUrls":["https://img.nehnutelnosti.sk/foto/NjAweDMzOC9maWx0ZXJzOnF1YWxpdHkoMTAwKS9uZWg=/7sBSUuvMB_fss?st=SzLMJJuk9ZE5OgObv1EcgkGGdCcE7iOPwYU89rurfVw&ts=1718116456&e=0"]},{"title":"Krásny zrekonštruovaný 3,5-izbový byt","address":"Potravinárska 1074/21, Nitra, okres Nitra","rooms":3,"meters":84,"totalPrice":139000,"meterSquarePrice":6,"link":"https://www.nehnutelnosti.sk/detail/JuhiI_OMA6-/krasny-zrekonstruovany-3-5-izbovy-byt","imagesUrls":["https://img.nehnutelnosti.sk/foto/NjAweDMzOC9maWx0ZXJzOnF1YWxpdHkoMTAwKS9uZWg=/Ov2bFEinS2_fss?st=NYhXn_SPQqGWQ6OfavPQ8wyeUkUuplM79yT1mQRfHM0&ts=1709881166&e=0"]},{"title":"Byt na predaj v TOP lokalite.","address":"28. októbra, Trenčín, okres Trenčín","rooms":2,"meters":53,"totalPrice":null,"meterSquarePrice":null,"link":"https://www.nehnutelnosti.sk/detail/Ju4-KfT3PZI/byt-na-predaj-v-top-lokalite","imagesUrls":["https://img.nehnutelnosti.sk/foto/NjAweDMzOC9maWx0ZXJzOnF1YWxpdHkoMTAwKS9uZWg=/UNoXKtMZG_fss?st=RAmOP85tA2eZjhF8BMmdjGP7VeCwQlWGgn43yXXmdlE&ts=1713890952&e=0"]},{"title":"3-Izbový byt Predmostie Nitra","address":"Nitra, okres Nitra","rooms":3,"meters":65,"totalPrice":148000,"meterSquarePrice":2,"link":"https://www.nehnutelnosti.sk/detail/JuASm75RSFL/3-izbovy-byt-predmostie-nitra","imagesUrls":["https://img.nehnutelnosti.sk/foto/NjAweDMzOC9maWx0ZXJzOnF1YWxpdHkoMTAwKS9uZWg=/l3nKwSBVg_fss?st=21PPlVHzoCBBaajqqhqrlKOp1oS7_nzTHh8VMRUjBMs&ts=1717750902&e=0"]},{"title":"Predám 2 izbový byt","address":"Považská Bystrica, okres Považská Bystrica","rooms":2,"meters":60,"totalPrice":143000,"meterSquarePrice":3,"link":"https://www.nehnutelnosti.sk/detail/JufWcH_vfNJ/predam-2-izbovy-byt","imagesUrls":["https://img.nehnutelnosti.sk/foto/NjAweDMzOC9maWx0ZXJzOnF1YWxpdHkoMTAwKS9uZWg=/zAJ2Ja7UM9_fss?st=c1_vAWsXABVeDDoEJxG8jAKQdL3TPkttxdpQr9SnSMc&ts=1722932778&e=0"]},{"title":"STARÉ MESTO - METROPOL: 3i byt 85,5 m² -BEZ RK","address":"Mickiewiczova 2256/18, Bratislava I - Staré Mesto, okres Bratislava","rooms":3,"meters":81,"totalPrice":301216,"meterSquarePrice":5,"link":"https://www.nehnutelnosti.sk/detail/JuwKvoxz7A5/stare-mesto-metropol-3i-byt-85-5-m-bez-rk","imagesUrls":["https://img.nehnutelnosti.sk/foto/NjAweDMzOC9maWx0ZXJzOnF1YWxpdHkoMTAwKS9uZWg=/lM_wU0U7e_fss?st=ynywfJu7rmHm2uyWEzm6NNncLykQ21B16vOEXXq47aQ&ts=1725520171&e=0"]},{"title":"STARÉ MESTO - METROPOL: 4i byt 99 m² -BEZ RK","address":"Mickiewiczova 2256/18, Bratislava I - Staré Mesto, okres Bratislava","rooms":4,"meters":94,"totalPrice":348777,"meterSquarePrice":2,"link":"https://www.nehnutelnosti.sk/detail/Ju4K_dVTywY/stare-mesto-metropol-4i-byt-99-m-bez-rk","imagesUrls":["https://img.nehnutelnosti.sk/foto/NjAweDMzOC9maWx0ZXJzOnF1YWxpdHkoMTAwKS9uZWg=/I6Pu1kJnP_fss?st=aShcsNol2fDyaWLml5uXl2ILiMo5OVcL2DhlwHooLlE&ts=1725518945&e=0"]},{"title":"Slnečný 2 - izbový byt pri Malom Dunaji s loggiou","address":"Podunajská 12484/31, Bratislava II - Podunajské Biskupice, okres Bratislava","rooms":2,"meters":67,"totalPrice":215000,"meterSquarePrice":5,"link":"https://www.nehnutelnosti.sk/detail/JuFSXx6ZPpU/slnecny-2-izbovy-byt-pri-malom-dunaji-s-loggiou","imagesUrls":["https://img.nehnutelnosti.sk/foto/NjAweDMzOC9maWx0ZXJzOnF1YWxpdHkoMTAwKS9uZWg=/3p52imUro_fss?st=vwlBdmrRCxRYe0lK73qCH39tZ10Js0EhhPlPBSl1fLI&ts=1720296503&e=0"]},{"title":"Ponúkam na predaj 3 izbový byt s loggiou v Rožňave","address":"Edelényska 2027/3, Rožňava, okres Rožňava","rooms":3,"meters":70,"totalPrice":78000,"meterSquarePrice":9,"link":"https://www.nehnutelnosti.sk/detail/JuVjXG_mwpR/ponukam-na-predaj-3-izbovy-byt-s-loggiou-v-roznave","imagesUrls":["https://img.nehnutelnosti.sk/foto/NjAweDMzOC9maWx0ZXJzOnF1YWxpdHkoMTAwKS9uZWg=/6xrRX4xFl_fss?st=s7mYXhTGK-Fp8MCKcDR0LYgjvr3era6mIqGtY6qdN80&ts=1717700253&e=0"]}]