[{"title":"Exkluzívne na predaj 3 izbový byt - Banská Bystrica/Sásová 3B057ZL","address":"Magurská, Banská Bystrica, okres Banská Bystrica","rooms":3,"meters":72,"totalPrice":null,"meterSquarePrice":null,"link":"https://www.nehnutelnosti.sk/detail/JuMJHo3a-fs/exkluzivne-na-predaj-3-izbovy-byt-banska-bystrica-sasova-3b057zl","imagesUrls":["https://img.nehnutelnosti.sk/foto/NjAweDMzOC9maWx0ZXJzOnF1YWxpdHkoMTAwKS9uZWg=/Ax231d9MIx_fss?st=OGNbcPpcBdluQleKchf3ljcqkNxUB6Fls8tF6FLY9M0&ts=1726293726&e=0"]},{"title":"Predaj moderný, útulný 2 izbový byt s balkónom, Záhradnícka, BA Ružinov","address":"Záhradnícka, Bratislava II - Ružinov, okres Bratislava","rooms":2,"meters":59,"totalPrice":209000,"meterSquarePrice":7,"link":"https://www.nehnutelnosti.sk/detail/JuX0C3_uQ-4/predaj-moderny-utulny-2-izbovy-byt-s-balkonom-zahradnicka-ba-ruzinov","imagesUrls":["https://img.nehnutelnosti.sk/foto/NjAweDMzOC9maWx0ZXJzOnF1YWxpdHkoMTAwKS9uZWg=/gGqHG9Rul_fss?st=5Wb6sjmOE08dn7p7LnwZQLOMeRW7JGzvLRD4saFEnik&ts=1722193607&e=0"]},{"title":"title testovaci inzerat 22062020","address":"Nové Mesto nad Váhom, okres Nové Mesto nad Váhom","rooms":3,"meters":66,"totalPrice":56000,"meterSquarePrice":8,"link":"https://www.nehnutelnosti.sk/4625333/title-testovaci-inzerat-22062020/","imagesUrls":["https://img.nehnutelnosti.sk/foto/NjAweDMzOC9maWx0ZXJzOnF1YWxpdHkoMTAwKS9uZWg=/ilZVZwPwI_fss?st=LjLOASxVZNuS2ZhkikBNetiu53v-3rvc3WE7kbBoRww&ts=1660129989&e=0"]},{"title":"NOVINKA:PREDAJ 3izbový byt Stará Turá 65m2.","address":"Gen.M.R.Štefánika, Stará Turá, okres Nové Mesto nad Váhom","rooms":3,"meters":65,"totalPrice":null,"meterSquarePrice":null,"link":"https://www.nehnutelnosti.sk/detail/JuVVfIw3iaX/novinkapredaj-3izbovy-byt-stara-tura-65m2","imagesUrls":["https://img.nehnutelnosti.sk/foto/NjAweDMzOC9maWx0ZXJzOnF1YWxpdHkoMTAwKS9uZWg=/5g13Kxkpt_fss?st=NiE7j0Y3hyQSkYyurxkI4fY4kCuJSlfaQwdrVfAVwGM&ts=1724793485&e=0"]},{"title":"Laurindvor.com 2-izbový byt v novostavbe pri hrádzi Malého Dunaja","address":"Špaldová, Bratislava II - Podunajské Biskupice, okres Bratislava","rooms":2,"meters":45,"totalPrice":171900,"meterSquarePrice":0,"link":"https://www.nehnutelnosti.sk/detail/Ju3bWljePsA/laurindvor-com-2-izbovy-byt-v-novostavbe-pri-hradzi-maleho-dunaja","imagesUrls":["https://img.nehnutelnosti.sk/foto/NjAweDMzOC9maWx0ZXJzOnF1YWxpdHkoMTAwKS9uZWg=/TKlU8uaai_fss?st=PsSMio7xp4L3Ui8HbcRtjTWOoalEJv33oWk55dpGw-w&ts=1716539204&e=0"]},{"title":"PREDAJ 1 IZBOVÝ BYT","address":"Bystrická Cesta, Ružomberok, okres Ružomberok","rooms":1,"meters":38,"totalPrice":83000,"meterSquarePrice":5,"link":"https://www.nehnutelnosti.sk/detail/Ju6pcCo_KXY/predaj-1-izbovy-byt","imagesUrls":["https://img.nehnutelnosti.sk/foto/NjAweDMzOC9maWx0ZXJzOnF1YWxpdHkoMTAwKS9uZWg=/_TrQQblMf1_fss?st=7XEDYlBrJEA3zjz1Ou6tNp5XQ-MJLkn1NUViSu0knTc&ts=1722181732&e=0"]},{"title":"Moderný 2-izbový byt so samostatnou špajzou v novostavbe","address":"Smetanov Háj, Dunajská Streda, okres Dunajská Streda","rooms":2,"meters":56,"totalPrice":116000,"meterSquarePrice":3,"link":"https://www.nehnutelnosti.sk/detail/Ju5Jhw-f6xX/moderny-2-izbovy-byt-so-samostatnou-spajzou-v-novostavbe","imagesUrls":["https://img.nehnutelnosti.sk/foto/NjAweDMzOC9maWx0ZXJzOnF1YWxpdHkoMTAwKS9uZWg=/6DQ-okyiM_fss?st=lTI8yeWPse26GruK_65UvdYoD-5loUXTcKYoQWoqLc4&ts=1718794490&e=0"]},{"title":"NADŠTANDARDNÝ 1-IZBOVÝ APARTMÁN V PRÉMIOVOM PROJEKTE V BLÍZKOSTI DOWNTOWNU, 53,2 M2","address":"Prístavná, Bratislava I - Staré Mesto, okres Bratislava","rooms":1,"meters":53,"totalPrice":196850,"meterSquarePrice":9,"link":"https://www.nehnutelnosti.sk/detail/JurhoZNWsOE/nadstandardny-1-izbovy-apartman-v-premiovom-projekte-v-blizkosti-downtownu-53-2-m2","imagesUrls":["https://img.nehnutelnosti.sk/foto/NjAweDMzOC9maWx0ZXJzOnF1YWxpdHkoMTAwKS9uZWg=/FDIHQhEtn_fss?st=_IlML4JO9m0CYlJdZnVHOCXUnjwESrFYon_3pV2PZpI&ts=1715327289&e=0"]},{"title":"Ponúkame Vám na predaj 1 izbový byt Bratislava-Ružinov","address":"Trnavská cesta, Bratislava II - Ružinov, okres Bratislava","rooms":1,"meters":26,"totalPrice":129990,"meterSquarePrice":2,"link":"https://www.nehnutelnosti.sk/detail/JujYScaRq24/ponukame-vam-na-predaj-1-izbovy-byt-bratislava-ruzinov","imagesUrls":["https://img.nehnutelnosti.sk/foto/NjAweDMzOC9maWx0ZXJzOnF1YWxpdHkoMTAwKS9uZWg=/fYBpWSqJ-_fss?st=wFS5ORN4mx5rFoO0fK_CaHgEzt45MoT6hR0msdivTxA&ts=1711108018&e=0"]},{"title":"Rezervované 3 izbový byt, ul. Štefánikova / Okružná","address":"Štefánikova, Michalovce, okres Michalovce","rooms":3,"meters":75,"totalPrice":102990,"meterSquarePrice":0,"link":"https://www.nehnutelnosti.sk/detail/Jus2BkfiSAm/rezervovane-3-izbovy-byt-ul-stefanikova-okruzna","imagesUrls":["https://img.unitedclassifieds.sk/foto/NjAweDMzOC9maWx0ZXJzOnF1YWxpdHkoMTAwKS9qdWw=/ROCP2vj8M_fss?st=d72ILQx4dG5jYiDc1l7cLhymyPOcTaJuzYz_VWUgru4&ts=1722171200&e=0"]},{"title":"3 izb. byt v centre na hradnom kopci s výhľadom na Rakúsko s parkovaním","address":"Fialkové údolie, Bratislava I - Staré Mesto, okres Bratislava","rooms":3,"meters":74,"totalPrice":319900,"meterSquarePrice":7,"link":"https://www.nehnutelnosti.sk/detail/JuztqGib5Yd/3-izb-byt-v-centre-na-hradnom-kopci-s-vyhladom-na-rakusko-s-parkovanim","imagesUrls":["https://img.nehnutelnosti.sk/foto/NjAweDMzOC9maWx0ZXJzOnF1YWxpdHkoMTAwKS9uZWg=/_S33-C-Ht_fss?st=TLCxZYrnwlhXbj79vucL5S8mQZnfcIlXXRXmBN5-iog&ts=1717607527&e=0"]},{"title":"Veľký 3 izbový byt v Centre  Levíc - znížená cena","address":"M. R. Štefánika, Levice, okres Levice","rooms":3,"meters":82,"totalPrice":117000,"meterSquarePrice":3,"link":"https://www.nehnutelnosti.sk/detail/JuSid7sOV9r/velky-3-izbovy-byt-v-centre-levic-znizena-cena","imagesUrls":["https://img.nehnutelnosti.sk/foto/NjAweDMzOC9maWx0ZXJzOnF1YWxpdHkoMTAwKS9uZWg=/KfORLCMVp_fss?st=aVoRcXXjRdnu7R5Af3IaPrc93qqiF6rpFU1Sm57LoUI&ts=1648280888&e=0"]},{"title":"2i byt v tichom prostredí obce","address":"Palín, Michalovce, okres Michalovce","rooms":2,"meters":56,"totalPrice":69000,"meterSquarePrice":1,"link":"https://www.nehnutelnosti.sk/detail/Ju6Anix4Dsk/2i-byt-v-tichom-prostredi-obce","imagesUrls":["https://img.nehnutelnosti.sk/foto/NjAweDMzOC9maWx0ZXJzOnF1YWxpdHkoMTAwKS9uZWg=/EB4rHJFZ6_fss?st=4j12I3VZDFyLZS7xL4svn46OM9tIueFsuOs_gTO9RR8&ts=1716198306&e=0"]},{"title":"2. izbový byt s pivnicou - Galanta - ŠPECIÁLNA CENA","address":"Z. Kodálya, Galanta, okres Galanta","rooms":2,"meters":41,"totalPrice":90000,"meterSquarePrice":2,"link":"https://www.nehnutelnosti.sk/detail/JuLptphD-ul/2-izbovy-byt-s-pivnicou-galanta-specialna-cena","imagesUrls":["https://img.nehnutelnosti.sk/foto/NjAweDMzOC9maWx0ZXJzOnF1YWxpdHkoMTAwKS9uZWg=/DiL_gqd7F_fss?st=iiftixT4-BA26u4OQQeMmBoy8ujyaYIA-bdKnvuczUg&ts=1726065518&e=0"]},{"title":"REZERVOVANÉ!!! 2-izbový byt na Pavlovičáku","address":"Pavlovičovo námestie, Prešov, okres Prešov","rooms":2,"meters":59,"totalPrice":120000,"meterSquarePrice":0,"link":"https://www.nehnutelnosti.sk/detail/Ju4bMIy_XsR/rezervovane-2-izbovy-byt-na-pavlovicaku","imagesUrls":["https://img.nehnutelnosti.sk/foto/NjAweDMzOC9maWx0ZXJzOnF1YWxpdHkoMTAwKS9uZWg=/ozPGL8144_fss?st=tRci5IpokeBaWTe6UESReA9rtjybez9ukl2AYWKHSDI&ts=1722257271&e=0"]},{"title":"Zariadený 3i byt na tichej adrese","address":"Severná, Michalovce, okres Michalovce","rooms":3,"meters":74,"totalPrice":122000,"meterSquarePrice":5,"link":"https://www.nehnutelnosti.sk/detail/JuST_e_O-FV/zariadeny-3i-byt-na-tichej-adrese","imagesUrls":["https://img.nehnutelnosti.sk/foto/NjAweDMzOC9maWx0ZXJzOnF1YWxpdHkoMTAwKS9uZWg=/N3-AWVoQT_fss?st=4wQ6cSXSgwNWHAu8LM-4Z4iq2i4FZA8VG9vwJyJlbzw&ts=1694792756&e=0"]},{"title":"Ponúkame Vám na predaj 2i byt na Starom Sídlisku v meste Prievidza","address":"Prievidza, okres Prievidza","rooms":2,"meters":52,"totalPrice":78000,"meterSquarePrice":0,"link":"https://www.nehnutelnosti.sk/detail/JuJW-GZ-0lf/ponukame-vam-na-predaj-2i-byt-na-starom-sidlisku-v-meste-prievidza","imagesUrls":["https://img.nehnutelnosti.sk/foto/NjAweDMzOC9maWx0ZXJzOnF1YWxpdHkoMTAwKS9uZWg=/LVB7elIGI_fss?st=yd6HlSp0WNbIgg5BxfMVjRHBKKbZePmSyrOFYRxpFjc&ts=1706527672&e=0"]},{"title":"Predaj slnečného 2 izb. bytu 59m2. ul. L.Svobodu","address":"L. Svobodu, Rimavská Sobota, okres Rimavská Sobota","rooms":2,"meters":59,"totalPrice":73000,"meterSquarePrice":9,"link":"https://www.nehnutelnosti.sk/detail/Ju1hLQA1Xo5/predaj-slnecneho-2-izb-bytu-59m2-ul-l-svobodu","imagesUrls":["https://img.nehnutelnosti.sk/foto/NjAweDMzOC9maWx0ZXJzOnF1YWxpdHkoMTAwKS9uZWg=/iy7ZPSHev_fss?st=vLVXW08NCbAggbTI05wF6JyZxYTw0suKzJ0Kc8lJIVI&ts=1726774491&e=0"]},{"title":"Novostavba trojizbového bytu blízko centra..","address":"Hronského, Vranov nad Topľou, okres Vranov nad Topľou","rooms":3,"meters":95,"totalPrice":145000,"meterSquarePrice":2,"link":"https://www.nehnutelnosti.sk/detail/JuQ0OEgYtoo/novostavba-trojizboveho-bytu-blizko-centra","imagesUrls":["https://img.nehnutelnosti.sk/foto/NjAweDMzOC9maWx0ZXJzOnF1YWxpdHkoMTAwKS9uZWg=/IKvLEZMQLr_fss?st=tSYzXiC8NxiGBNR8jFvoSzJ4QY7BZtidsBn80e78Tag&ts=1717580032&e=0"]},{"title":"NA PREDAJ: 4-izbový byt s krásnym výhľadom a dvoma parkovacími miestami, Lozorno","address":"Karpatská, Lozorno, okres Malacky","rooms":4,"meters":71,"totalPrice":212098,"meterSquarePrice":1,"link":"https://www.nehnutelnosti.sk/detail/Ju-GVZiTBxE/na-predaj-4-izbovy-byt-s-krasnym-vyhladom-a-dvoma-parkovacimi-miestami-lozorno","imagesUrls":["https://img.nehnutelnosti.sk/foto/NjAweDMzOC9maWx0ZXJzOnF1YWxpdHkoMTAwKS9uZWg=/yMkvYXja6_fss?st=l76VlbCdyALOR4FbWpq9Ewg8EDZ0KaZoPQoADKrwGmU&ts=1711538322&e=0"]},{"title":"3 izbový  byt v Strážskom.","address":"Strážske, okres Michalovce","rooms":3,"meters":null,"totalPrice":null,"meterSquarePrice":null,"link":"https://www.nehnutelnosti.sk/detail/JuUGau765Fl/3-izbovy-byt-v-strazskom","imagesUrls":["https://img.nehnutelnosti.sk/foto/NjAweDMzOC9maWx0ZXJzOnF1YWxpdHkoMTAwKS9uZWg=/xa7ff9N9n_fss?st=N1VdoL2pI-Bpg1xgVoLwZ4SfiRcTtNNq7vPHH4cHpew&ts=1724749233&e=0"]},{"title":"Ponúkame Vám na predaj 3 izbový byt na ulici Slatinská.","address":"Slatinská, Bánovce nad Bebravou, okres Bánovce nad Bebravou","rooms":3,"meters":null,"totalPrice":null,"meterSquarePrice":null,"link":"https://www.nehnutelnosti.sk/detail/JuP9-gUziYB/ponukame-vam-na-predaj-3-izbovy-byt-na-ulici-slatinska","imagesUrls":["https://img.nehnutelnosti.sk/foto/NjAweDMzOC9maWx0ZXJzOnF1YWxpdHkoMTAwKS9uZWg=/OHQTTPBc4_fss?st=To-_-tE62WyCGd_mmy_CgaHPESxuZGjNeJIAppW1jhs&ts=1723026018&e=0"]},{"title":"Na predaj krásny 2-izbový byt s balkónom v meste Nové Zámky","address":"Nové Zámky, Nové Zámky, okres Nové Zámky","rooms":2,"meters":62,"totalPrice":115350,"meterSquarePrice":2,"link":"https://www.nehnutelnosti.sk/detail/Ju6zXFItebZ/na-predaj-krasny-2-izbovy-byt-s-balkonom-v-meste-nove-zamky","imagesUrls":["https://img.nehnutelnosti.sk/foto/NjAweDMzOC9maWx0ZXJzOnF1YWxpdHkoMTAwKS9uZWg=/bGO3jhxHd_fss?st=770a_YYsV2x2njZd1cKmGT6u4YuLAz4XV6QoV8ZuQHk&ts=1722250166&e=0"]},{"title":"NA PREDAJ: 2-izbový byt s parkovaním a priestrannou terasou, Lozorno","address":"Lozorno, okres Malacky","rooms":2,"meters":39,"totalPrice":141500,"meterSquarePrice":1,"link":"https://www.nehnutelnosti.sk/detail/JuhMwQOTPeN/na-predaj-2-izbovy-byt-s-parkovanim-a-priestrannou-terasou-lozorno","imagesUrls":["https://img.nehnutelnosti.sk/foto/NjAweDMzOC9maWx0ZXJzOnF1YWxpdHkoMTAwKS9uZWg=/t1CngDCl9_fss?st=VkAOnLgUiWwd8cp6pBTkvW368Vjg0iWBG6rX2qxNULY&ts=1711539971&e=0"]},{"title":"Exkluzívna investičná príležitosť: 3-i byt s dlhodobými nájomníkmi","address":"Bernolákova, Prešov, okres Prešov","rooms":3,"meters":61,"totalPrice":120000,"meterSquarePrice":1,"link":"https://www.nehnutelnosti.sk/detail/Jus6FgNRCDK/exkluzivna-investicna-prilezitost-3-i-byt-s-dlhodobymi-najomnikmi","imagesUrls":["https://img.unitedclassifieds.sk/foto/NjAweDMzOC9maWx0ZXJzOnF1YWxpdHkoMTAwKS9qdWw=/9tDVCNovO_fss?st=UxE6WH6wHcSM9wdfE1PGTyQtdBJLGUvtrxbG-X5Ix5s&ts=1722246368&e=0"]},{"title":"PREDAJ - 3 izbový byt vo výbornej lokalite na začiatku Petržalky","address":"Ševčenkova, Bratislava V - Petržalka, okres Bratislava","rooms":3,"meters":73,"totalPrice":205000,"meterSquarePrice":2,"link":"https://www.nehnutelnosti.sk/detail/JupDX3fiUR1/predaj-3-izbovy-byt-vo-vybornej-lokalite-na-zaciatku-petrzalky","imagesUrls":["https://img.nehnutelnosti.sk/foto/NjAweDMzOC9maWx0ZXJzOnF1YWxpdHkoMTAwKS9uZWg=/lM6954g9aF_fss?st=58-1g_mKFYZLL00hVHNDT8aVqzwTo4eGdmmLyeDufco&ts=1724324317&e=0"]},{"title":"PREDAJ - mezonetový 1izb. byt  Rybničná ul., Bratislava","address":"Rybničná, Bratislava III - Vajnory, okres Bratislava","rooms":1,"meters":30,"totalPrice":77000,"meterSquarePrice":9,"link":"https://www.nehnutelnosti.sk/detail/JuxQN3pfEVI/predaj-mezonetovy-1izb-byt-rybnicna-ul-bratislava","imagesUrls":["https://img.nehnutelnosti.sk/foto/NjAweDMzOC9maWx0ZXJzOnF1YWxpdHkoMTAwKS9uZWg=/NsNA6_nE3_fss?st=DxfetFY6MutlP9bkX-MR8UqxvaymX1taIrNij-cJciw&ts=1717622082&e=0"]},{"title":"NA PREDAJ: 3-izbový byt s dvoma parkovacími miestami v BD Breziny za výbornú cenu, Lozorno","address":"Karpatská, Lozorno, okres Malacky","rooms":3,"meters":58,"totalPrice":172348,"meterSquarePrice":0,"link":"https://www.nehnutelnosti.sk/detail/JuzuA0cC3Yx/na-predaj-3-izbovy-byt-s-dvoma-parkovacimi-miestami-v-bd-breziny-za-vybornu-cenu-lozorno","imagesUrls":["https://img.nehnutelnosti.sk/foto/NjAweDMzOC9maWx0ZXJzOnF1YWxpdHkoMTAwKS9uZWg=/dM4l3BkTqI_fss?st=0S_mliY0O8aOxp5IKgafTh9RMFdhXm_bJhspdCOrpqA&ts=1711536239&e=0"]},{"title":"Na predaj 2,5 izbový byt po kompletnej rekonštrukcii","address":"Rúbanisko I., Lučenec, okres Lučenec","rooms":2,"meters":61,"totalPrice":59900,"meterSquarePrice":6,"link":"https://www.nehnutelnosti.sk/detail/JuKkY_csclw/na-predaj-2-5-izbovy-byt-po-kompletnej-rekonstrukcii","imagesUrls":["https://img.nehnutelnosti.sk/foto/NjAweDMzOC9maWx0ZXJzOnF1YWxpdHkoMTAwKS9uZWg=/zkd3JqJBHQ_fss?st=3tqjEloK-M2saLajumw0XkQMYv_oxhlO1nI1UbYQZhM&ts=1726921128&e=0"]},{"title":"MEZONET S VÝŤAHOM, UL. HLAVNÁ, KOŠICE - STARÉ MESTO","address":"Hlavná, Košice I - Staré Mesto, okres Košice","rooms":null,"meters":68,"totalPrice":209900,"meterSquarePrice":6,"link":"https://www.nehnutelnosti.sk/detail/Juu_JvkVYbb/mezonet-s-vytahom-ul-hlavna-kosice-stare-mesto","imagesUrls":["https://img.unitedclassifieds.sk/foto/NjAweDMzOC9maWx0ZXJzOnF1YWxpdHkoMTAwKS9qdWw=/04P8SSelU_fss?st=y-9qOL-fOuJ96vZWE_7J9Ek7Kbr6Uhh1U5lhlAZxtTQ&ts=1706282355&e=0"]}]