[{"title":"DIRECTREAL|REZERVOVANÉ|Ponúkam na predaj čiastočne prerobený 4 izbový byt, Veľké Chyndice, 7km Vrábl","address":"Veľké Chyndice, Veľké Chyndice, okres Nitra","rooms":4,"meters":81,"totalPrice":93900,"meterSquarePrice":6,"link":"https://www.nehnutelnosti.sk/detail/JupvvUiG3fh/directreal-rezervovane-ponukam-na-predaj-ciastocne-prerobeny-4-izbovy-byt-velke-chyndice-7km-vrabl","imagesUrls":["https://img.nehnutelnosti.sk/foto/NjAweDMzOC9maWx0ZXJzOnF1YWxpdHkoMTAwKS9uZWg=/uccwzvOp8V_fss?st=nyDVdUMPi41S7Gak3a22nMCylhM_IZYMy1DqEXjPqK0&ts=1723725847&e=0"]},{"title":"2 izbový byt na predaj v Starej Ľubovni","address":"Tatranská, Stará Ľubovňa, okres Stará Ľubovňa","rooms":2,"meters":null,"totalPrice":null,"meterSquarePrice":null,"link":"https://www.nehnutelnosti.sk/detail/JuASBL8v-dx/2-izbovy-byt-na-predaj-v-starej-lubovni","imagesUrls":["https://img.nehnutelnosti.sk/foto/NjAweDMzOC9maWx0ZXJzOnF1YWxpdHkoMTAwKS9uZWg=/s9V2FkKuS6_fss?st=8ET4s73WNok_TtyXlxjlK2giqMnPt6uuCH_5eRGmc8I&ts=1723725278&e=0"]},{"title":"Exkluzívne na predaj 3 izbový byt s loggiou - Banská Bystrica - Sásová 3B059ZL","address":"Magurská, Banská Bystrica, okres Banská Bystrica","rooms":3,"meters":62,"totalPrice":null,"meterSquarePrice":null,"link":"https://www.nehnutelnosti.sk/detail/JuzV_Kxb1Ei/exkluzivne-na-predaj-3-izbovy-byt-s-loggiou-banska-bystrica-sasova-3b059zl","imagesUrls":["https://img.nehnutelnosti.sk/foto/NjAweDMzOC9maWx0ZXJzOnF1YWxpdHkoMTAwKS9uZWg=/MStUBuiW2_fss?st=NvO76SFVukNkWMsQBgjNpQ82SwbkE4Imdm2g_KGi8BA&ts=1723719364&e=0"]},{"title":"Exluzívne 3 izbový mezonet Ch.Grob - Čierna Voda","address":"Chorvátsky Grob, okres Senec","rooms":3,"meters":49,"totalPrice":152900,"meterSquarePrice":9,"link":"https://www.nehnutelnosti.sk/detail/Ju87UY9Cq5x/exluzivne-3-izbovy-mezonet-ch-grob-cierna-voda","imagesUrls":["https://img.nehnutelnosti.sk/foto/NjAweDMzOC9maWx0ZXJzOnF1YWxpdHkoMTAwKS9uZWg=/vOJftbP1j_fss?st=NOzuZGid2ESR8J4JPwSbnGVYosRtT8H_JpZZ_V7wF34&ts=1723718170&e=0"]},{"title":"Moderný 3-izbový byt -Skolaudovaná bytovka!","address":"Čenkovce, okres Dunajská Streda","rooms":3,"meters":62,"totalPrice":116500,"meterSquarePrice":3,"link":"https://www.nehnutelnosti.sk/detail/Ju75fPJtGjm/moderny-3-izbovy-byt-skolaudovana-bytovka","imagesUrls":["https://img.nehnutelnosti.sk/foto/NjAweDMzOC9maWx0ZXJzOnF1YWxpdHkoMTAwKS9uZWg=/ilXufCteYX_fss?st=87MvbBksle00cwkuohut65WXs5GUSwjmiqbV-aIHLw8&ts=1723718122&e=0"]},{"title":"Moderný 2-izbový byt- Skolaudovaná bytovka !","address":"Zlaté Klasy, okres Dunajská Streda","rooms":2,"meters":39,"totalPrice":85500,"meterSquarePrice":8,"link":"https://www.nehnutelnosti.sk/detail/Ju0nwOAbl7h/moderny-2-izbovy-byt-skolaudovana-bytovka","imagesUrls":["https://img.nehnutelnosti.sk/foto/NjAweDMzOC9maWx0ZXJzOnF1YWxpdHkoMTAwKS9uZWg=/mC6pPW9h2r_fss?st=FZ2a6MwPop6sP_KdhL6UpqR5Ai34f95PjRTRFpuacdA&ts=1723718114&e=0"]},{"title":"Moderný 2-izbový byt- Skolaudovaná bytovka !","address":"Čenkovce, okres Dunajská Streda","rooms":2,"meters":39,"totalPrice":85500,"meterSquarePrice":8,"link":"https://www.nehnutelnosti.sk/detail/JuqroTeNDxa/moderny-2-izbovy-byt-skolaudovana-bytovka","imagesUrls":["https://img.nehnutelnosti.sk/foto/NjAweDMzOC9maWx0ZXJzOnF1YWxpdHkoMTAwKS9uZWg=/T_Ub-F4Bc_fss?st=wKhIsSMG2I-3g8Rvablik8SFh4CUbryxkY4lGlGJZbA&ts=1723718112&e=0"]},{"title":"Moderný 3-izbový byt -Skolaudovaná bytovka!","address":"Zlaté Klasy, okres Dunajská Streda","rooms":3,"meters":62,"totalPrice":116500,"meterSquarePrice":3,"link":"https://www.nehnutelnosti.sk/detail/JuIMdSGfpkq/moderny-3-izbovy-byt-skolaudovana-bytovka","imagesUrls":["https://img.nehnutelnosti.sk/foto/NjAweDMzOC9maWx0ZXJzOnF1YWxpdHkoMTAwKS9uZWg=/Kb_kzRxEnC_fss?st=r_W17o9bL_8njH53hXOvmhUp_pGmEOhHy36b8nLXm6k&ts=1723718106&e=0"]},{"title":"GODDESS & ASSENZIO - PREDAJ - 1,5 IZBOVÝ BYT 41,34M2 s loggiou - ulica MATEJA ENCINGERA - DEVÍNSKA N","address":"Mateja Encingera, Bratislava IV - Devínska Nová Ves, okres Bratislava","rooms":2,"meters":41,"totalPrice":163900,"meterSquarePrice":8,"link":"https://www.nehnutelnosti.sk/detail/JuG988hfyFn/goddess-assenzio-predaj-1-5-izbovy-byt-41-34m2-s-loggiou-ulica-mateja-encingera-devinska-n","imagesUrls":["https://img.nehnutelnosti.sk/foto/NjAweDMzOC9maWx0ZXJzOnF1YWxpdHkoMTAwKS9uZWg=/lzviJwfb0_fss?st=jOgZsnT6yEJA12U6vwAZw5ywu8asXVG9p992rQ1DcMU&ts=1726130809&e=0"]},{"title":"3D prehliadka ✅ pekný 4-izbový s výbornou dispozíciou v Ružinove - Trávniky","address":"Bratislava II - Ružinov, okres Bratislava","rooms":4,"meters":81,"totalPrice":288000,"meterSquarePrice":4,"link":"https://www.nehnutelnosti.sk/detail/Ju2vbTtUNz8/3d-prehliadka-pekny-4-izbovy-s-vybornou-dispoziciou-v-ruzinove-travniky","imagesUrls":["https://img.nehnutelnosti.sk/foto/NjAweDMzOC9maWx0ZXJzOnF1YWxpdHkoMTAwKS9uZWg=/whbShX4ps_fss?st=v3Dx6wOgSVEj9Ve6B4t58A0NAcbTWvFcv0zaOMbPW7E&ts=1722611685&e=0"]},{"title":"Predaj novostavby bytu 3 + 1 s pozemkom v Čadci","address":"Horelica, Čadca, okres Čadca","rooms":3,"meters":71,"totalPrice":137900,"meterSquarePrice":5,"link":"https://www.nehnutelnosti.sk/detail/JuOF_Ndhbfa/predaj-novostavby-bytu-3-1-s-pozemkom-v-cadci","imagesUrls":["https://img.unitedclassifieds.sk/foto/NjAweDMzOC9maWx0ZXJzOnF1YWxpdHkoMTAwKS9qdWw=/HLB3KAS3t_fss?st=mp03W285c9v8PTcms-LcOvvzwJ9AWd4IMwlO1PPFzSY&ts=1708683060&e=0"]},{"title":"Predaj nového nebytového priestoru/ garsónky v Čadci","address":"Hviezdoslavova, Čadca, okres Čadca","rooms":null,"meters":32,"totalPrice":72800,"meterSquarePrice":5,"link":"https://www.nehnutelnosti.sk/detail/JuueIcqJ6kS/predaj-noveho-nebytoveho-priestoru-garsonky-v-cadci","imagesUrls":["https://img.unitedclassifieds.sk/foto/NjAweDMzOC9maWx0ZXJzOnF1YWxpdHkoMTAwKS9qdWw=/HRuwaoPLs_fss?st=lMKdnn1hxHnR3wKrUwpxbRb43hx1_VjDYrfpPNh4Xe4&ts=1723209828&e=0"]},{"title":"NA PREDAJ, 2-izbový byt s pozemkom, Bytča - centrum","address":"Bytča, okres Bytča","rooms":2,"meters":63,"totalPrice":177500,"meterSquarePrice":4,"link":"https://www.nehnutelnosti.sk/detail/Ju73DU67uia/na-predaj-2-izbovy-byt-s-pozemkom-bytca-centrum","imagesUrls":["https://img.nehnutelnosti.sk/foto/NjAweDMzOC9maWx0ZXJzOnF1YWxpdHkoMTAwKS9uZWg=/ivmpkrydw_fss?st=XBTSPnuYOfD_OooNl1ZvGTUrxQeL2y_3t_clVpmotIg&ts=1722403550&e=0"]},{"title":"REZERVOVANÉ - Na predaj 4 izbový byt vo vyhľadávanej štvrti Rače","address":"Kubačova, Bratislava III - Rača, okres Bratislava","rooms":4,"meters":92,"totalPrice":null,"meterSquarePrice":null,"link":"https://www.nehnutelnosti.sk/detail/Juq1hCO8sbu/rezervovane-na-predaj-4-izbovy-byt-vo-vyhladavanej-stvrti-race","imagesUrls":["https://img.nehnutelnosti.sk/foto/NjAweDMzOC9maWx0ZXJzOnF1YWxpdHkoMTAwKS9uZWg=/YguguLUoF_fss?st=pKYlbs5ESOKWSyJescfh1coXCB4CWGjS5v5yJyEF6oA&ts=1718916775&e=0"]},{"title":"Na Predaj moderný 3i byt v novostavbe Nové Zámky","address":"Viničná, Nové Zámky, okres Nové Zámky","rooms":3,"meters":53,"totalPrice":130900,"meterSquarePrice":1,"link":"https://www.nehnutelnosti.sk/detail/JuNrsq-eWtf/na-predaj-moderny-3i-byt-v-novostavbe-nove-zamky","imagesUrls":["https://img.unitedclassifieds.sk/foto/NjAweDMzOC9maWx0ZXJzOnF1YWxpdHkoMTAwKS9qdWw=/F6vXJaX5v_fss?st=PaefeBQkGiTaCBqfq7vLXiCjUYlTH76uviMDeJl6uQg&ts=1723154663&e=0"]},{"title":"Exkluzívne predaj 3-izb. bytu v Nových zámkoch","address":"Bešeňovská cesta, Nové Zámky, okres Nové Zámky","rooms":3,"meters":78,"totalPrice":200000,"meterSquarePrice":0,"link":"https://www.nehnutelnosti.sk/detail/JuMfKYK1J4v/exkluzivne-predaj-3-izb-bytu-v-novych-zamkoch","imagesUrls":["https://img.unitedclassifieds.sk/foto/NjAweDMzOC9maWx0ZXJzOnF1YWxpdHkoMTAwKS9qdWw=/ki7RNG9_p_fss?st=nL3KCsjKHLJOtOVTWOXjyLVpIPIGpSlfh2ckgR1_E0M&ts=1723153568&e=0"]},{"title":"REZERVOVANE Predaj 2-izb. bytu na Gallayovej ul., 50m2, slušný pôvodný stav/plastové okná/ 7/8","address":"Gallayova, Bratislava IV - Dúbravka, okres Bratislava","rooms":2,"meters":50,"totalPrice":139990,"meterSquarePrice":0,"link":"https://www.nehnutelnosti.sk/detail/JuDy9wIf3XF/rezervovane-predaj-2-izb-bytu-na-gallayovej-ul-50m2-slusny-povodny-stav-plastove-okna-7-8","imagesUrls":["https://img.unitedclassifieds.sk/foto/NjAweDMzOC9maWx0ZXJzOnF1YWxpdHkoMTAwKS9qdWw=/7ZiXi8Pro_fss?st=Pn7ScNyAqIGz9-w7qCE1eEMwAz2D-iEpsqPMhs3WdOA&ts=1713520977&e=0"]},{"title":"Hľadáme 2izbový byt v historickom centre","address":"Košice I - Staré Mesto, okres Košice","rooms":2,"meters":55,"totalPrice":250000,"meterSquarePrice":5,"link":"https://www.nehnutelnosti.sk/detail/JujqB9MKL3z/hladame-2izbovy-byt-v-historickom-centre","imagesUrls":["https://img.nehnutelnosti.sk/foto/NjAweDMzOC9maWx0ZXJzOnF1YWxpdHkoMTAwKS9uZWg=/_s9pz31pj_fss?st=lCsx6cbuTesJXgKa1IonsU2T6AV22bYkiEo5QNKlzro&ts=1684779768&e=0"]},{"title":"Ponúkam 3 izbový byt s lodžiou 78m²","address":"Vansovej, Nové Zámky, okres Nové Zámky","rooms":3,"meters":null,"totalPrice":null,"meterSquarePrice":null,"link":"https://www.nehnutelnosti.sk/detail/JucPokl8BVz/ponukam-3-izbovy-byt-s-lodziou-78m","imagesUrls":["https://img.nehnutelnosti.sk/foto/NjAweDMzOC9maWx0ZXJzOnF1YWxpdHkoMTAwKS9uZWg=/LD1fCE1cqS_fss?st=Ief6ouh3ufJkhuZenf2TxBY9ltiyskPRAGguVRFwbAs&ts=1723676460&e=0"]},{"title":"REZERVOVANÉ - 3i, OV, Juh, Lomonosovova, 4.p., 69m2 + 6m loggia","address":"Lomonosova, Košice IV - Juh, okres Košice","rooms":3,"meters":69,"totalPrice":217000,"meterSquarePrice":3,"link":"https://www.nehnutelnosti.sk/detail/Juh1ZmbN2Qd/rezervovane-3i-ov-juh-lomonosovova-4-p-69m2-6m-loggia","imagesUrls":["https://img.nehnutelnosti.sk/foto/NjAweDMzOC9maWx0ZXJzOnF1YWxpdHkoMTAwKS9uZWg=/MvXiiqb2z_fss?st=xYBNFhNBo5N3_rI1qXnmvSFKSl4mMAPKyznrJ9IAhtg&ts=1717625902&e=0"]},{"title":"REZERVOVANÉ   len za 79.500€!! 74m2, sídlisko JUH. výborná dispozícia!","address":"Nemocničná, Trebišov, okres Trebišov","rooms":3,"meters":74,"totalPrice":79500,"meterSquarePrice":4,"link":"https://www.nehnutelnosti.sk/detail/JuR-cO3HxGF/rezervovane-len-za-79-500-74m2-sidlisko-juh-vyborna-dispozicia","imagesUrls":["https://img.nehnutelnosti.sk/foto/NjAweDMzOC9maWx0ZXJzOnF1YWxpdHkoMTAwKS9uZWg=/dT7l5Sd1B_fss?st=gRpetfwiqg16vX8DOCo6AYCH1KzcyBaJuIU8XsrKupk&ts=1725611768&e=0"]},{"title":"Na predaj 3 izbový byt s loggiou, Kollárova ulica, Dubnica nad Váhom","address":"Kollárova, Dubnica nad Váhom, okres Ilava","rooms":3,"meters":64,"totalPrice":123000,"meterSquarePrice":8,"link":"https://www.nehnutelnosti.sk/detail/JuyO38JYD5f/na-predaj-3-izbovy-byt-s-loggiou-kollarova-ulica-dubnica-nad-vahom","imagesUrls":["https://img.unitedclassifieds.sk/foto/NjAweDMzOC9maWx0ZXJzOnF1YWxpdHkoMTAwKS9yc2Y=/GN8IZzQia_fss?st=NmNa-YqB4Q-P-2mW0bKD3oF25bwBPX0zqLRFoy0-OJw&ts=1674142209&e=0"]},{"title":"IBA U NÁS - Na predaj nádherný 2-izbový byt v Ivanke pri Nitre","address":"Ivanka pri Nitre, Ivanka pri Nitre, okres Nitra","rooms":2,"meters":55,"totalPrice":149990,"meterSquarePrice":5,"link":"https://www.nehnutelnosti.sk/detail/JutKX-aNqVf/iba-u-nas-na-predaj-nadherny-2-izbovy-byt-v-ivanke-pri-nitre","imagesUrls":["https://img.nehnutelnosti.sk/foto/NjAweDMzOC9maWx0ZXJzOnF1YWxpdHkoMTAwKS9uZWg=/MMc735AoW_fss?st=FIhZzrhPTDAsngdMubR34L1OYqKtLvnAE0arEYRcJMs&ts=1723436433&e=0"]},{"title":"Trenčianské Teplice - 2 izbový byt na predaj.","address":"Štvrť SNP, Trenčianske Teplice, okres Trenčín","rooms":2,"meters":66,"totalPrice":null,"meterSquarePrice":null,"link":"https://www.nehnutelnosti.sk/detail/JuQRkGKtQFS/trencianske-teplice-2-izbovy-byt-na-predaj","imagesUrls":["https://img.nehnutelnosti.sk/foto/NjAweDMzOC9maWx0ZXJzOnF1YWxpdHkoMTAwKS9uZWg=/6faLAgiG4_fss?st=_W20d7V1VoZLyRndeZZSY3JzOXYFHeAcAYkWKG4mkuY&ts=1698692393&e=0"]},{"title":"Malacky - 3 izb. byt na predaj v centre.","address":"Veľkomoravská, Malacky, okres Malacky","rooms":3,"meters":86,"totalPrice":171500,"meterSquarePrice":4,"link":"https://www.nehnutelnosti.sk/detail/JuEM52xmlyu/malacky-3-izb-byt-na-predaj-v-centre","imagesUrls":["https://img.nehnutelnosti.sk/foto/NjAweDMzOC9maWx0ZXJzOnF1YWxpdHkoMTAwKS9uZWg=/G9bRs-6RL_fss?st=LiTiy4eGRnXANNlVevlAv9xCuDBdiT1nq2cHhVK6wZE&ts=1716350476&e=0"]},{"title":"Ponúkame Vám na predaj 3 izbový byt Prievidza.","address":"Prievidza, okres Prievidza","rooms":3,"meters":65,"totalPrice":88000,"meterSquarePrice":5,"link":"https://www.nehnutelnosti.sk/detail/JualXbPj7-Y/ponukame-vam-na-predaj-3-izbovy-byt-prievidza","imagesUrls":["https://img.nehnutelnosti.sk/foto/NjAweDMzOC9maWx0ZXJzOnF1YWxpdHkoMTAwKS9uZWg=/lpl1K20pn_fss?st=E2FvyarBXdzposTHx7LrAJsvIrAKg_J0BipFPgpf9jI&ts=1706877624&e=0"]},{"title":"Rúbanisko I-2-i byt 55 m2 balkón, tichá lokalita","address":"Rúbanisko I, Lučenec, okres Lučenec","rooms":2,"meters":55,"totalPrice":1,"meterSquarePrice":2,"link":"https://www.nehnutelnosti.sk/detail/JuV02RBIN1T/rubanisko-i-2-i-byt-55-m2-balkon-ticha-lokalita","imagesUrls":["https://img.nehnutelnosti.sk/foto/NjAweDMzOC9maWx0ZXJzOnF1YWxpdHkoMTAwKS9uZWg=/xjwC3WEiW_fss?st=_8F6pyYE4tZb0XLuyKGahJ-IX4tMuqAPVykLGMHuf4k&ts=1720444464&e=0"]},{"title":"Predaj nadrozmerného 3i bytu s 2 strešnými terasami a nízkym nájomným","address":"Kazanská, Bratislava II - Podunajské Biskupice, okres Bratislava","rooms":3,"meters":162,"totalPrice":438000,"meterSquarePrice":5,"link":"https://www.nehnutelnosti.sk/detail/JuqFEm_6GIt/predaj-nadrozmerneho-3i-bytu-s-2-stresnymi-terasami-a-nizkym-najomnym","imagesUrls":["https://img.nehnutelnosti.sk/foto/NjAweDMzOC9maWx0ZXJzOnF1YWxpdHkoMTAwKS9uZWg=/vSsmfvoJK_fss?st=KVz6qAGmpgANi7if7OdORvzAtTNnSqGuLWr3Y3Vn6qY&ts=1723642576&e=0"]},{"title":"Na predaj elegantný 3 izbový byt v Rovinke s parkovacím státím","address":"Kvetná, Rovinka, okres Senec","rooms":3,"meters":70,"totalPrice":199880,"meterSquarePrice":6,"link":"https://www.nehnutelnosti.sk/detail/Ju6xeTaI7mZK/na-predaj-elegantny-3-izbovy-byt-v-rovinke-s-parkovacim-statim","imagesUrls":["https://img.nehnutelnosti.sk/foto/NjAweDMzOC9maWx0ZXJzOnF1YWxpdHkoMTAwKS9uZWg=/E2aHz8JTM_fss?st=GIR_mQ7pgyLC-6BS6384bhD_2reYuQphE7e22PXA6aE&ts=1723641517&e=0"]}]