[{"title":"Na predaj: CENTRUM 2 izb.byt + 2x balkon + ŠATNIK + ŠPAJZA","address":"Levice, okres Levice","rooms":2,"meters":null,"totalPrice":null,"meterSquarePrice":null,"link":"https://www.nehnutelnosti.sk/detail/JuJor_FU6KC/na-predaj-centrum-2-izb-byt-2x-balkon-satnik-spajza","imagesUrls":["https://img.nehnutelnosti.sk/foto/NjAweDMzOC9maWx0ZXJzOnF1YWxpdHkoMTAwKS9uZWg=/-xeApMouc_fss?st=wGuivnP4aoFrzLD9ZL7-fMV0ia9ksIbd0DOQHp1G-4E&ts=1725784169&e=0"]},{"title":"Na predaj: CENTRUM: 3 izb.byt + PIVNICA","address":"Levice, okres Levice","rooms":3,"meters":null,"totalPrice":null,"meterSquarePrice":null,"link":"https://www.nehnutelnosti.sk/detail/JumSaAn4914/na-predaj-centrum-3-izb-byt-pivnica","imagesUrls":["https://img.nehnutelnosti.sk/foto/NjAweDMzOC9maWx0ZXJzOnF1YWxpdHkoMTAwKS9uZWg=/0_x4b-gIUv_fss?st=HI-t0abHARctme8m9v7DL3IERFGXbPdPifei8bqD85Q&ts=1725784168&e=0"]},{"title":"Na predaj: 3 izbový byt + LOGGIA + PIVNICA","address":"Levice, okres Levice","rooms":3,"meters":null,"totalPrice":null,"meterSquarePrice":null,"link":"https://www.nehnutelnosti.sk/detail/JuoiP6n5qgF/na-predaj-3-izbovy-byt-loggia-pivnica","imagesUrls":["https://img.nehnutelnosti.sk/foto/NjAweDMzOC9maWx0ZXJzOnF1YWxpdHkoMTAwKS9uZWg=/L5sYAcvBk_fss?st=Dr-EOMMkpl85j1vOScDSzO6_ZpzdwQK4zpybBOGscIA&ts=1725784166&e=0"]},{"title":"Na predaj: CENTRUM: 3 izb.byt + ŠATNIK + PIVNICA","address":"Levice, okres Levice","rooms":3,"meters":null,"totalPrice":88000,"meterSquarePrice":3,"link":"https://www.nehnutelnosti.sk/detail/JuMSRBl8UgN/na-predaj-centrum-3-izb-byt-satnik-pivnica","imagesUrls":["https://img.nehnutelnosti.sk/foto/NjAweDMzOC9maWx0ZXJzOnF1YWxpdHkoMTAwKS9uZWg=/wvlRZnipd0_fss?st=W-09IU0tmProI-GhKubCi9wd20wji8q_WPCWkB1E0hA&ts=1725784164&e=0"]},{"title":"NA PREDAJ: 3 izbový byt + LOGGIA + PIVNICA","address":"Levice, okres Levice","rooms":3,"meters":null,"totalPrice":null,"meterSquarePrice":null,"link":"https://www.nehnutelnosti.sk/detail/JuEwAMsnW9W/na-predaj-3-izbovy-byt-loggia-pivnica","imagesUrls":["https://img.nehnutelnosti.sk/foto/NjAweDMzOC9maWx0ZXJzOnF1YWxpdHkoMTAwKS9uZWg=/Rlckhg7C5_fss?st=N0UDu4WTBlyl99nqk_YmGxXafkJqzfAdlyEllYm9GAM&ts=1725784162&e=0"]},{"title":"NA PREDAJ: 3 izbový byt + PIVNICA","address":"Levice, okres Levice","rooms":3,"meters":null,"totalPrice":null,"meterSquarePrice":null,"link":"https://www.nehnutelnosti.sk/detail/Jucs1fNi8yy1/na-predaj-3-izbovy-byt-pivnica","imagesUrls":["https://img.nehnutelnosti.sk/foto/NjAweDMzOC9maWx0ZXJzOnF1YWxpdHkoMTAwKS9uZWg=/NzLCWvT32_fss?st=n41W54nnVceeOvXWYD4BI35nT2z16wZ8QXu8n8li4sc&ts=1726824640&e=0"]},{"title":"Na predaj: 3 izb.byt + LOGGIA + PIVNICA","address":"Levice, okres Levice","rooms":3,"meters":null,"totalPrice":null,"meterSquarePrice":null,"link":"https://www.nehnutelnosti.sk/detail/JujHvsswc3D/na-predaj-3-izb-byt-loggia-pivnica","imagesUrls":["https://img.nehnutelnosti.sk/foto/NjAweDMzOC9maWx0ZXJzOnF1YWxpdHkoMTAwKS9uZWg=/LhlurnVsI1_fss?st=BZheNcst4AGLTqmQPusSjug8-pN20saU6zdjCylY5b8&ts=1725784158&e=0"]},{"title":"NA PREDAJ: 3 izb.byt prerobený na 4 izbový  + ŠPAJZA, PIVNICA","address":"Perecká, Levice, okres Levice","rooms":3,"meters":null,"totalPrice":null,"meterSquarePrice":null,"link":"https://www.nehnutelnosti.sk/detail/JujunvLC8y4/na-predaj-3-izb-byt-prerobeny-na-4-izbovy-spajza-pivnica","imagesUrls":["https://img.nehnutelnosti.sk/foto/NjAweDMzOC9maWx0ZXJzOnF1YWxpdHkoMTAwKS9uZWg=/8YoYrH_H33_fss?st=NsSfpCBSrg2arCMGZqJgNfr32JN3LbXS9WcrY4A68i4&ts=1725784156&e=0"]},{"title":"NA PREDAJ: Investičná garsonka, stačí prísť a bývať","address":"Ku Bratke, Levice, okres Levice","rooms":null,"meters":null,"totalPrice":null,"meterSquarePrice":null,"link":"https://www.nehnutelnosti.sk/detail/JuJ7WxE7KUX/na-predaj-investicna-garsonka-staci-prist-a-byvat","imagesUrls":["https://img.nehnutelnosti.sk/foto/NjAweDMzOC9maWx0ZXJzOnF1YWxpdHkoMTAwKS9uZWg=/ZZBexEt4M_fss?st=O8sEXJuTsk_3NiCa-f77pCANLjAcGlCHwuRNTJzt69U&ts=1727025092&e=0"]},{"title":"Tehlový 2 izbový byt v centre mesta","address":"Nové Zámky, Nové Zámky, okres Nové Zámky","rooms":2,"meters":53,"totalPrice":75000,"meterSquarePrice":9,"link":"https://www.nehnutelnosti.sk/detail/Ju4_zwVx-Yj/tehlovy-2-izbovy-byt-v-centre-mesta","imagesUrls":["https://img.nehnutelnosti.sk/foto/NjAweDMzOC9maWx0ZXJzOnF1YWxpdHkoMTAwKS9uZWg=/zBFu1Tg2J_fss?st=d2E5PiHzB8YGWU8NZfs7yhkCqgBiANZQNMug3jDiq3E&ts=1725781809&e=0"]},{"title":"Na predaj skolaudované 4 izbové byty s vlastnou záhradou vo Vrakuni","address":"Jazmínová, Bratislava II - Vrakuňa, okres Bratislava","rooms":4,"meters":92,"totalPrice":264000,"meterSquarePrice":1,"link":"https://www.nehnutelnosti.sk/detail/JufVbtl_r5n/na-predaj-skolaudovane-4-izbove-byty-s-vlastnou-zahradou-vo-vrakuni","imagesUrls":["https://img.nehnutelnosti.sk/foto/NjAweDMzOC9maWx0ZXJzOnF1YWxpdHkoMTAwKS9uZWg=/2i8uA2Lg4_fss?st=ayM4hXsge9gYoVbxPsIl1ZuzfUZCSWVfjtJPVBfFLxI&ts=1724435634&e=0"]},{"title":"Predaj 3-izbový byt na Šancovej ul. celý orientovaný do tichého vnútrobloku","address":"Šancová, Bratislava I - Staré Mesto, okres Bratislava","rooms":3,"meters":104,"totalPrice":329000,"meterSquarePrice":4,"link":"https://www.nehnutelnosti.sk/detail/Jurh_zPX5OC/predaj-3-izbovy-byt-na-sancovej-ul-cely-orientovany-do-ticheho-vnutrobloku","imagesUrls":["https://img.nehnutelnosti.sk/foto/NjAweDMzOC9maWx0ZXJzOnF1YWxpdHkoMTAwKS9uZWg=/pXMbq6Hbzi_fss?st=SITy219JQ19cdTekCf0dBke4bRRG0gDvPnrR14LMKIE&ts=1725781213&e=0"]},{"title":"2 – IZBOVÝ BYT S  LOGGIOU, LEVOČA.","address":"Jána Francisciho, Levoča, okres Levoča","rooms":2,"meters":56,"totalPrice":73900,"meterSquarePrice":4,"link":"https://www.nehnutelnosti.sk/detail/Ju2qQXudCTz/2-izbovy-byt-s-loggiou-levoca","imagesUrls":["https://img.nehnutelnosti.sk/foto/NjAweDMzOC9maWx0ZXJzOnF1YWxpdHkoMTAwKS9uZWg=/tzTGC-nLzH_fss?st=B6L8PWQCswZ1cbGeITdiJIJt6XcuRFD5mn2vB2eB4g0&ts=1714488229&e=0"]},{"title":"Moderný 2.5 izbový byt s balkónom po novej kompletnej rekonštrukcii.","address":"Obežná, Bratislava II - Ružinov, okres Bratislava","rooms":3,"meters":55,"totalPrice":194900,"meterSquarePrice":4,"link":"https://www.nehnutelnosti.sk/detail/JuAmyvy_R_P/moderny-2-5-izbovy-byt-s-balkonom-po-novej-kompletnej-rekonstrukcii","imagesUrls":["https://img.nehnutelnosti.sk/foto/NjAweDMzOC9maWx0ZXJzOnF1YWxpdHkoMTAwKS9uZWg=/H2FPY-3XN_fss?st=ANGlhwe8ba2i2s3ZOCb6G8pT2WSlkAgLtek2D9BxTLE&ts=1726124913&e=0"]},{"title":"3-izbový byt na predaj v okrese Veľký Krtíš","address":"Lučenská 81, Veľký Krtíš, okres Veľký Krtíš","rooms":3,"meters":70,"totalPrice":72000,"meterSquarePrice":3,"link":"https://www.nehnutelnosti.sk/detail/JuVKaKfsQHM/3-izbovy-byt-na-predaj-v-okrese-velky-krtis","imagesUrls":["https://img.unitedclassifieds.sk/foto/NjAweDMzOC9maWx0ZXJzOnF1YWxpdHkoMTAwKS9qdWw=/KYEUANgkT_fss?st=QvuQa30VeyDXuZ0igSslbt9bl2CiCQMSntI17O7cCi0&ts=1705071113&e=0"]},{"title":"Nadštandardný byt v centre Novák, 102 m2","address":"Nám. SNP, Nováky, okres Prievidza","rooms":3,"meters":102,"totalPrice":149000,"meterSquarePrice":8,"link":"https://www.nehnutelnosti.sk/detail/Ju107Sh8EWj/nadstandardny-byt-v-centre-novak-102-m2","imagesUrls":["https://img.nehnutelnosti.sk/foto/NjAweDMzOC9maWx0ZXJzOnF1YWxpdHkoMTAwKS9uZWg=/jBzzMZN7Z_fss?st=aYW6XMzW3TM9u7H_6JYDYderFZ4F2rCx3XV9H4_iKN8&ts=1726047012&e=0"]},{"title":"Na predaj: CENTRUM: 2 izb.byt + BALKON + PIVNICA + ŠATNIK","address":"Levice, okres Levice","rooms":2,"meters":null,"totalPrice":null,"meterSquarePrice":null,"link":"https://www.nehnutelnosti.sk/detail/JukKSvwrQmS/na-predaj-centrum-2-izb-byt-balkon-pivnica-satnik","imagesUrls":["https://img.nehnutelnosti.sk/foto/NjAweDMzOC9maWx0ZXJzOnF1YWxpdHkoMTAwKS9uZWg=/qyrNy4Ytz_fss?st=QlFxEnSAjg2boWqcD6_SM3bAJwzaqHSELCgwGNAwtfU&ts=1725750639&e=0"]},{"title":"Na predaj: 3 izb.byt + KLIMA + LOGGIA + PIVNICA","address":"Levice, okres Levice","rooms":3,"meters":null,"totalPrice":null,"meterSquarePrice":null,"link":"https://www.nehnutelnosti.sk/detail/Jul97atlS01/na-predaj-3-izb-byt-klima-loggia-pivnica","imagesUrls":["https://img.nehnutelnosti.sk/foto/NjAweDMzOC9maWx0ZXJzOnF1YWxpdHkoMTAwKS9uZWg=/03_8E792x_fss?st=9BwFlf2WAOSUjtT3FFn6M0Mv7EctCugZF9QP8dpkjts&ts=1725750639&e=0"]},{"title":"Na predaj: 3 izbový byt v CENTRE + BALKON + 2x ŠATNIK","address":"Okružná, Levice, okres Levice","rooms":3,"meters":null,"totalPrice":null,"meterSquarePrice":null,"link":"https://www.nehnutelnosti.sk/detail/JugMMX4d8HV/na-predaj-3-izbovy-byt-v-centre-balkon-2x-satnik","imagesUrls":["https://img.nehnutelnosti.sk/foto/NjAweDMzOC9maWx0ZXJzOnF1YWxpdHkoMTAwKS9uZWg=/aVCccjE0yc_fss?st=9HSADtQoI7W_t_HauGkJAwXdN7iFcXrqYkLICwaPfos&ts=1725750637&e=0"]},{"title":"Na predaj: CENTRUM: 3 izb.byt + ŠATNIK + PIVNICA","address":"Levice, okres Levice","rooms":3,"meters":null,"totalPrice":null,"meterSquarePrice":null,"link":"https://www.nehnutelnosti.sk/detail/JusyJxia56Z/na-predaj-centrum-3-izb-byt-satnik-pivnica","imagesUrls":["https://img.nehnutelnosti.sk/foto/NjAweDMzOC9maWx0ZXJzOnF1YWxpdHkoMTAwKS9uZWg=/AvM75UtTd_fss?st=W0c8Y4lT3Bt4wev0mx8RNk6mD_M-xlgA58FRFWqHdQk&ts=1725750636&e=0"]},{"title":"Na predaj: 3 izbový byt + LOGGIA + PIVNICA","address":"Levice, okres Levice","rooms":3,"meters":null,"totalPrice":null,"meterSquarePrice":null,"link":"https://www.nehnutelnosti.sk/detail/JuQVZELHYYj/na-predaj-3-izbovy-byt-loggia-pivnica","imagesUrls":["https://img.nehnutelnosti.sk/foto/NjAweDMzOC9maWx0ZXJzOnF1YWxpdHkoMTAwKS9uZWg=/4IeaoROCG_fss?st=8CJgotLSB0beUQ72ZhBn2nk_3ZWI42P6iHnDeTdOzjM&ts=1725750634&e=0"]},{"title":"Na predaj: VEĽKY 3 izb.byt + LOGGIA + PIVNICA","address":"Levice, okres Levice","rooms":3,"meters":null,"totalPrice":null,"meterSquarePrice":null,"link":"https://www.nehnutelnosti.sk/detail/Jum0yRHwTdR/na-predaj-velky-3-izb-byt-loggia-pivnica","imagesUrls":["https://img.nehnutelnosti.sk/foto/NjAweDMzOC9maWx0ZXJzOnF1YWxpdHkoMTAwKS9uZWg=/i5iEQ6MMc_fss?st=mum21_2O6PkKwBaFCxAvOM6f3TNlgJLkQzFa8ptUXMo&ts=1725750632&e=0"]},{"title":"Na predaj: 4 izb.byt + LOGGIA, ŠPAJZA, PIVNICA","address":"Levice, okres Levice","rooms":4,"meters":null,"totalPrice":null,"meterSquarePrice":null,"link":"https://www.nehnutelnosti.sk/detail/JuCEFCxotr5/na-predaj-4-izb-byt-loggia-spajza-pivnica","imagesUrls":["https://img.nehnutelnosti.sk/foto/NjAweDMzOC9maWx0ZXJzOnF1YWxpdHkoMTAwKS9uZWg=/mrZBvW-tY_fss?st=dW-8p4poc52thE6YANYn-d2qMCaQUtN0iQLQO6dmhXs&ts=1725750629&e=0"]},{"title":"Krásny, priestranný 3 izbový byt na predaj na Varšavskej ulici - Sídlisko Ťahanovce","address":"Varšavská, Košice I - Sídlisko Ťahanovce, okres Košice","rooms":3,"meters":80,"totalPrice":150000,"meterSquarePrice":5,"link":"https://www.nehnutelnosti.sk/detail/JuMhIT671w9/krasny-priestranny-3-izbovy-byt-na-predaj-na-varsavskej-ulici-sidlisko-tahanovce","imagesUrls":["https://img.nehnutelnosti.sk/foto/NjAweDMzOC9maWx0ZXJzOnF1YWxpdHkoMTAwKS9uZWg=/DLRBGsm1S_fss?st=Y7bLA1PqdkrZKajxOhJYrvgiYg2Nf6eqLSK0SuQG1qs&ts=1725746486&e=0"]},{"title":"1i byt v projekte Pod Zábrehom II /B-4.10","address":"Dlhé lúky, Púchov, okres Púchov","rooms":1,"meters":40,"totalPrice":null,"meterSquarePrice":null,"link":"https://www.nehnutelnosti.sk/detail/Juzs1VuRC9_/1i-byt-v-projekte-pod-zabrehom-ii-b-4-10","imagesUrls":["https://img.nehnutelnosti.sk/foto/NjAweDMzOC9maWx0ZXJzOnF1YWxpdHkoMTAwKS9uZWg=/4LqktAuyd_fss?st=tHfs9AVXzhHnb4OWyEmTwlsNaEN-l1F1eP_xlgne32o&ts=1679050902&e=0"]},{"title":"1-izbový byt v centre MT s balkónom vo výstavbe","address":"Martin, okres Martin","rooms":1,"meters":35,"totalPrice":154000,"meterSquarePrice":6,"link":"https://www.nehnutelnosti.sk/detail/JuZEvLnOrr8/1-izbovy-byt-v-centre-mt-s-balkonom-vo-vystavbe","imagesUrls":["https://img.nehnutelnosti.sk/foto/NjAweDMzOC9maWx0ZXJzOnF1YWxpdHkoMTAwKS9uZWg=/f13XvoVWdR_fss?st=GAG8_3ozEaDRu9jQXvHFD8y3FHjBLqHVoSXChV7-vRw&ts=1706868220&e=0"]},{"title":"3-izbový byt v Predmieri","address":"Predmier, okres Bytča","rooms":3,"meters":null,"totalPrice":null,"meterSquarePrice":null,"link":"https://www.nehnutelnosti.sk/detail/JusL63qZpIU/3-izbovy-byt-v-predmieri","imagesUrls":[]},{"title":"3-izbový byt v Predmieri","address":"Predmier, okres Bytča","rooms":3,"meters":null,"totalPrice":null,"meterSquarePrice":null,"link":"https://www.nehnutelnosti.sk/detail/JuSbW_3O2pv/3-izbovy-byt-v-predmieri","imagesUrls":[]},{"title":"3-IZBOVÝ BYT NA PREDAJ, 77 m2, PEČOVSKÁ NOVÁ VES","address":"Školská, Pečovská Nová Ves, okres Sabinov","rooms":3,"meters":77,"totalPrice":119900,"meterSquarePrice":4,"link":"https://www.nehnutelnosti.sk/detail/JumR1eLYmr_/3-izbovy-byt-na-predaj-77-m2-pecovska-nova-ves","imagesUrls":["https://img.nehnutelnosti.sk/foto/NjAweDMzOC9maWx0ZXJzOnF1YWxpdHkoMTAwKS9uZWg=/SC5qlvSvT_fss?st=dHyZmcwuoMzvgHg-Nn980U49C7CaYGAJTDkko-mMnJw&ts=1725848696&e=0"]},{"title":"1 izbové byty v novostavbe v Košiciach","address":"Košice III - Košická Nová Ves, okres Košice","rooms":1,"meters":33,"totalPrice":134600,"meterSquarePrice":9,"link":"https://www.nehnutelnosti.sk/detail/JuN1s_9Wpk0/1-izbove-byty-v-novostavbe-v-kosiciach","imagesUrls":["https://img.nehnutelnosti.sk/foto/NjAweDMzOC9maWx0ZXJzOnF1YWxpdHkoMTAwKS9uZWg=/qOa976xaU_fss?st=QFbiQr6bMxQe7iU0LrlhwsXBn2UGb5RsAnWoPccfPIs&ts=1710416579&e=0"]}]