[{"title":"VIENNA GATE - veľký 3-izbový apartmán na predaj - A.295/17","address":"Kopčianska 8, Bratislava V - Petržalka, okres Bratislava","rooms":3,"meters":89,"totalPrice":360000,"meterSquarePrice":4,"link":"https://www.nehnutelnosti.sk/detail/JuY1aNAhBgQ/vienna-gate-velky-3-izbovy-apartman-na-predaj-a-295-17","imagesUrls":["https://img.unitedclassifieds.sk/foto/NjAweDMzOC9maWx0ZXJzOnF1YWxpdHkoMTAwKS9yc2Y=/Z1Dp8nHI4_fss?st=N8qYRX3dk2X8kpZaCz8JhlZw2qNBGnof9FNmUrqreKU&ts=1722516071&e=0"]},{"title":"VIENNA GATE - veľký 3-izbový apartmán na predaj - A.242/12","address":"Kopčianska 8, Bratislava V - Petržalka, okres Bratislava","rooms":null,"meters":88,"totalPrice":360000,"meterSquarePrice":0,"link":"https://www.nehnutelnosti.sk/detail/JussnunK2Dk/vienna-gate-velky-3-izbovy-apartman-na-predaj-a-242-12","imagesUrls":["https://img.unitedclassifieds.sk/foto/NjAweDMzOC9maWx0ZXJzOnF1YWxpdHkoMTAwKS9yc2Y=/yn7DaUQjI_fss?st=3GdWKgxztw2_fzNY1lW6Jg6zr046Z52GdVY2LcBd2Fg&ts=1722515490&e=0"]},{"title":"NOVINKA! 4-izbový byt v obci LELES","address":"Hlavná, Leles, okres Trebišov","rooms":4,"meters":1,"totalPrice":36000,"meterSquarePrice":0,"link":"https://www.nehnutelnosti.sk/detail/Ju1rziFRUrO/novinka-4-izbovy-byt-v-obci-leles","imagesUrls":["https://img.unitedclassifieds.sk/foto/NjAweDMzOC9maWx0ZXJzOnF1YWxpdHkoMTAwKS9qdWw=/FPBp2e6DW_fss?st=LctMeMnPRup_u8GgTZeJiScT-d97A6cfKyFKik7_43g&ts=1721038794&e=0"]},{"title":"VIENNA GATE - veľký 3-izbový apartmán na predaj - A.257/14","address":"Kopčianska 8, Bratislava V - Petržalka, okres Bratislava","rooms":3,"meters":69,"totalPrice":310000,"meterSquarePrice":5,"link":"https://www.nehnutelnosti.sk/detail/JuvQIg_8KK_/vienna-gate-velky-3-izbovy-apartman-na-predaj-a-257-14","imagesUrls":["https://img.unitedclassifieds.sk/foto/NjAweDMzOC9maWx0ZXJzOnF1YWxpdHkoMTAwKS9yc2Y=/ojkoXwmWW_fss?st=8SxbCu_Bv9qwKyiFJGnGiOmxo-WEFpS8VCU83VDlVnw&ts=1722518581&e=0"]},{"title":"Veľký 3-izbový byt – Užhorodská ul. Michalovce","address":"Užhorodská, Michalovce, okres Michalovce","rooms":3,"meters":72,"totalPrice":87500,"meterSquarePrice":8,"link":"https://www.nehnutelnosti.sk/detail/JuzzKetlmHu/velky-3-izbovy-byt-uzhorodska-ul-michalovce","imagesUrls":["https://img.unitedclassifieds.sk/foto/NjAweDMzOC9maWx0ZXJzOnF1YWxpdHkoMTAwKS9qdWw=/CysR6xA4o_fss?st=PvuBjRAqybMn-nrfgWyP4HNKM9Jwsrqd8YdictblnpI&ts=1721996713&e=0"]},{"title":"Lukratívny 2-izbový byt v centre Michaloviec","address":"Sama Chalupku, Michalovce, okres Michalovce","rooms":2,"meters":1,"totalPrice":117000,"meterSquarePrice":0,"link":"https://www.nehnutelnosti.sk/detail/JuG7l60WjYP/lukrativny-2-izbovy-byt-v-centre-michaloviec","imagesUrls":["https://img.unitedclassifieds.sk/foto/NjAweDMzOC9maWx0ZXJzOnF1YWxpdHkoMTAwKS9qdWw=/CVcjmBJqr_fss?st=cY5xCKzeCTXthxCovh1JnnnCgQBd0bie1UPhvBrZ4eM&ts=1722345191&e=0"]},{"title":"NA PREDAJ 2-izbový byt v severnej časti Trebišova","address":"Kpt. Nálepku, Trebišov, okres Trebišov","rooms":2,"meters":1,"totalPrice":78000,"meterSquarePrice":0,"link":"https://www.nehnutelnosti.sk/detail/JuYsuz9W-sJ/na-predaj-2-izbovy-byt-v-severnej-casti-trebisova","imagesUrls":["https://img.unitedclassifieds.sk/foto/NjAweDMzOC9maWx0ZXJzOnF1YWxpdHkoMTAwKS9qdWw=/6p0BmgST0_fss?st=XQ4IzhaNrMoojBFQpdVQZtnshqzS-rALah3W2CWxLdg&ts=1722259371&e=0"]},{"title":"2-izbový byt v polyfunkčnom bytovom dome – HRÁDOK, Michalovce","address":"Hrádok, Michalovce, okres Michalovce","rooms":2,"meters":71,"totalPrice":133900,"meterSquarePrice":2,"link":"https://www.nehnutelnosti.sk/detail/Ju0C8XX5u-z/2-izbovy-byt-v-polyfunkcnom-bytovom-dome-hradok-michalovce","imagesUrls":["https://img.unitedclassifieds.sk/foto/NjAweDMzOC9maWx0ZXJzOnF1YWxpdHkoMTAwKS9qdWw=/EMianZg0S_fss?st=vxHsqDm9gE4msYxj6cyTgVVK3W-BibRZH1teL6Y3Qa4&ts=1721210352&e=0"]},{"title":"NA PREDAJ – 3-IZBOVÝ BYT - Veľké Kapušany","address":"P. O. Hviezdoslava, Veľké Kapušany, okres Michalovce","rooms":3,"meters":1,"totalPrice":39000,"meterSquarePrice":0,"link":"https://www.nehnutelnosti.sk/detail/JuxVxUCZ5Ir/na-predaj-3-izbovy-byt-velke-kapusany","imagesUrls":["https://img.unitedclassifieds.sk/foto/NjAweDMzOC9maWx0ZXJzOnF1YWxpdHkoMTAwKS9qdWw=/zhgi13kh0_fss?st=l-7NzjliOY211oI19jDtumoECW5X8cJGe_ZDU0G89n0&ts=1722258404&e=0"]},{"title":"GARSÓNKA po kompletnej rekonštrukcii priamo v centre Humenného","address":"Dobrianskeho, Humenné, okres Humenné","rooms":null,"meters":1,"totalPrice":59900,"meterSquarePrice":0,"link":"https://www.nehnutelnosti.sk/detail/JubO5LrlGHR/garsonka-po-kompletnej-rekonstrukcii-priamo-v-centre-humenneho","imagesUrls":["https://img.unitedclassifieds.sk/foto/NjAweDMzOC9maWx0ZXJzOnF1YWxpdHkoMTAwKS9qdWw=/Mo4U82wu1_fss?st=nrsNO9gPny--muqCV2F3QdyHwCf52JFtwDKbkJS0kVg&ts=1721121449&e=0"]},{"title":"SUPER NOVINKA – 3-izbový byt v obci KALOŠA","address":"Kaloša, okres Rimavská Sobota","rooms":3,"meters":1,"totalPrice":36900,"meterSquarePrice":0,"link":"https://www.nehnutelnosti.sk/detail/JubXOujo2br/super-novinka-3-izbovy-byt-v-obci-kalosa","imagesUrls":["https://img.unitedclassifieds.sk/foto/NjAweDMzOC9maWx0ZXJzOnF1YWxpdHkoMTAwKS9qdWw=/QSIq_RaIM_fss?st=MCMjs9xPCiKyqFh0OH21pZyWPislzs_FM9Qaw-7DpQ4&ts=1722521959&e=0"]},{"title":"NOVINKA 3-izbový byt v Kráľovskom Chlmci","address":"M. Helmecziho, Kráľovský Chlmec, okres Trebišov","rooms":3,"meters":1,"totalPrice":27900,"meterSquarePrice":0,"link":"https://www.nehnutelnosti.sk/detail/JuQZXVbCfTI/novinka-3-izbovy-byt-v-kralovskom-chlmci","imagesUrls":["https://img.unitedclassifieds.sk/foto/NjAweDMzOC9maWx0ZXJzOnF1YWxpdHkoMTAwKS9qdWw=/Ca_MtO06O_fss?st=QIJCYQaDs1ekfPYjUXKd5ZvxXhPVx0qp1gEgeJk6jwg&ts=1722509379&e=0"]},{"title":"NA PREDAJ 3-izbový byt – ul. Dargovských hrdinov, Humenné","address":"Darg.hrdinov, Humenné, okres Humenné","rooms":3,"meters":1,"totalPrice":89900,"meterSquarePrice":0,"link":"https://www.nehnutelnosti.sk/detail/Ju_6-UJkh7k/na-predaj-3-izbovy-byt-ul-dargovskych-hrdinov-humenne","imagesUrls":["https://img.unitedclassifieds.sk/foto/NjAweDMzOC9maWx0ZXJzOnF1YWxpdHkoMTAwKS9qdWw=/zioPbiJRF_fss?st=SpsxD91C5Qfn4ye26bGJvUxcq8lNfit1VgCZ8H62BGk&ts=1722512088&e=0"]},{"title":"ZREKONŠTRUOVANÝ 3 IZBOVÝ BYT UL. ŠKARVANA PRIEVIDZA 90 M2 4 x LODŽIA","address":"A. Škarvana, Prievidza, okres Prievidza","rooms":3,"meters":90,"totalPrice":149000,"meterSquarePrice":6,"link":"https://www.nehnutelnosti.sk/detail/JuuuyNGHg1b/zrekonstruovany-3-izbovy-byt-ul-skarvana-prievidza-90-m2-4-x-lodzia","imagesUrls":["https://img.nehnutelnosti.sk/foto/NjAweDMzOC9maWx0ZXJzOnF1YWxpdHkoMTAwKS9uZWg=/Qd4y5_Zebx_fss?st=Efp5LVk3LV1DwCZEavM9MoVojwix8vgwNiPw1EiA2c8&ts=1725958135&e=0"]},{"title":"2-izbový byt na Starom sídlisku, Prievidza","address":"A. Rudnaya, Prievidza, okres Prievidza","rooms":2,"meters":55,"totalPrice":75000,"meterSquarePrice":4,"link":"https://www.nehnutelnosti.sk/detail/Jug_p3xyh_O/2-izbovy-byt-na-starom-sidlisku-prievidza","imagesUrls":["https://img.nehnutelnosti.sk/foto/NjAweDMzOC9maWx0ZXJzOnF1YWxpdHkoMTAwKS9uZWg=/ayqiKaA7UP_fss?st=eBq9u2TWsvXClmV5KTkbrIEHvQSqm1sd_0Yrk984uN8&ts=1704639469&e=0"]},{"title":"REZEVOVANÉ - 2 izbový byt Kanianka Ul. Bojnická cesta 52 m2 3/7 p. lodžia","address":"Bojnická cesta, Kanianka, okres Prievidza","rooms":2,"meters":52,"totalPrice":72000,"meterSquarePrice":2,"link":"https://www.nehnutelnosti.sk/detail/JuyISBAC8kr/rezevovane-2-izbovy-byt-kanianka-ul-bojnicka-cesta-52-m2-3-7-p-lodzia","imagesUrls":["https://img.nehnutelnosti.sk/foto/NjAweDMzOC9maWx0ZXJzOnF1YWxpdHkoMTAwKS9uZWg=/xHJ5Q-VZ4_fss?st=0_Fuy99DX7F2xC1OFRC_epXb4VtJ2ealdDGL6wdnMdU&ts=1723127510&e=0"]},{"title":"REZERVOVANÉ - ELEGANTNÝ KOMPLETNE ZREKONŠTRUOVANÝ 3 IZBOVÝ BYT UL. STAVBÁROV, 82 M2","address":"Stavbárov, Prievidza, okres Prievidza","rooms":3,"meters":82,"totalPrice":1,"meterSquarePrice":1,"link":"https://www.nehnutelnosti.sk/detail/JuAllNoSCB4/rezervovane-elegantny-kompletne-zrekonstruovany-3-izbovy-byt-ul-stavbarov-82-m2","imagesUrls":["https://img.nehnutelnosti.sk/foto/NjAweDMzOC9maWx0ZXJzOnF1YWxpdHkoMTAwKS9uZWg=/6JLpRGW_L_fss?st=p5w2V_bAkaOqBM7hbW4_8E780svM4TFl1BL_uHLDLrM&ts=1720707014&e=0"]},{"title":"Priestranný 3-izbový byt s lodžiou, terasou a garážou","address":"Prievidza, okres Prievidza","rooms":3,"meters":100,"totalPrice":185000,"meterSquarePrice":0,"link":"https://www.nehnutelnosti.sk/detail/JujIaptKXVP/priestranny-3-izbovy-byt-s-lodziou-terasou-a-garazou","imagesUrls":["https://img.nehnutelnosti.sk/foto/NjAweDMzOC9maWx0ZXJzOnF1YWxpdHkoMTAwKS9uZWg=/jl3cjBKTIE_fss?st=0OEwTPiF3LT09h-65OLJttLnJLc126Dtq9Ux0rKW12o&ts=1724072673&e=0"]},{"title":"PRENÁJOM VEĽKOMETRÁŽNEHO 4 IZBOVÉHO BYTU + SKLADOVÉHO PRIESTORU V PRIEVIDZI","address":"Kukučínova, Prievidza, okres Prievidza","rooms":4,"meters":335,"totalPrice":1400,"meterSquarePrice":8,"link":"https://www.nehnutelnosti.sk/detail/Ju42gMfSfA4/prenajom-velkometrazneho-4-izboveho-bytu-skladoveho-priestoru-v-prievidzi","imagesUrls":["https://img.nehnutelnosti.sk/foto/NjAweDMzOC9maWx0ZXJzOnF1YWxpdHkoMTAwKS9uZWg=/wfCakAkymY_fss?st=WS5zXH9aYw-yVpI3QaYcvWWnyBFzjKhNc3E9PRM3Kq0&ts=1713954876&e=0"]},{"title":"REZERVOVANÉ - Jedinečný 3 izbový byt  Prievidza Staré sídlisko 106 m2 balkón","address":"Trhová, Prievidza, okres Prievidza","rooms":3,"meters":106,"totalPrice":179000,"meterSquarePrice":8,"link":"https://www.nehnutelnosti.sk/detail/Ju-wMv9vDQI/rezervovane-jedinecny-3-izbovy-byt-prievidza-stare-sidlisko-106-m2-balkon","imagesUrls":["https://img.nehnutelnosti.sk/foto/NjAweDMzOC9maWx0ZXJzOnF1YWxpdHkoMTAwKS9uZWg=/dD5yHbBMR_fss?st=HzWY_iN3PJ2DUiOg48ynrDxW7_3Ad9A-L11NkybysSM&ts=1709889160&e=0"]},{"title":"NOVOSTAVBA 4 IZBOVÝ BYT LÚČKY C","address":"Lúčna, Prievidza, okres Prievidza","rooms":4,"meters":121,"totalPrice":229900,"meterSquarePrice":0,"link":"https://www.nehnutelnosti.sk/detail/Ju2VnWulJA3/novostavba-4-izbovy-byt-lucky-c","imagesUrls":["https://img.nehnutelnosti.sk/foto/NjAweDMzOC9maWx0ZXJzOnF1YWxpdHkoMTAwKS9uZWg=/kGVkDdZX4C_fss?st=1KugvHtYKaqat79qVmsNMxJ1_PvXYdZM6tFC9x5Ujn0&ts=1701113080&e=0"]},{"title":"NOVOSTAVBA 3 IZBOVÝ BYT RIVERSIDE PRIEVIDZA","address":"NEUVEDENá, Prievidza, okres Prievidza","rooms":3,"meters":80,"totalPrice":null,"meterSquarePrice":null,"link":"https://www.nehnutelnosti.sk/detail/JudRCEwmtbQ/novostavba-3-izbovy-byt-riverside-prievidza","imagesUrls":["https://img.nehnutelnosti.sk/foto/NjAweDMzOC9maWx0ZXJzOnF1YWxpdHkoMTAwKS9uZWg=/_cIHiPcVP_fss?st=R-BFpAQR99B5pOKSAfWqRyReu1ope8MDKyFuGLy4zx0&ts=1684922032&e=0"]},{"title":"NOVOSTAVBA 3 IZBOVÝ BYT LÚČKY","address":"NEUVEDENá, Prievidza, okres Prievidza","rooms":3,"meters":85,"totalPrice":156900,"meterSquarePrice":8,"link":"https://www.nehnutelnosti.sk/detail/JuAed2slue6/novostavba-3-izbovy-byt-lucky","imagesUrls":["https://img.nehnutelnosti.sk/foto/NjAweDMzOC9maWx0ZXJzOnF1YWxpdHkoMTAwKS9uZWg=/zopkgeh8g_fss?st=NYE7syhz30EDF0TLedxcymgTlpxo-0nhpL44D_wWi_Q&ts=1684922053&e=0"]},{"title":"SUPER PONUKA - 2-izbový byt v Strážskom","address":"Obchodná, Strážske, okres Michalovce","rooms":2,"meters":1,"totalPrice":29900,"meterSquarePrice":0,"link":"https://www.nehnutelnosti.sk/detail/Ju7kI8mTQS4/super-ponuka-2-izbovy-byt-v-strazskom","imagesUrls":["https://img.unitedclassifieds.sk/foto/NjAweDMzOC9maWx0ZXJzOnF1YWxpdHkoMTAwKS9qdWw=/c-GVOZ8L2_fss?st=ExEBS4TOimqKe_kQ9kCGGellf1b35WSjmgajCybaBLw&ts=1723450669&e=0"]},{"title":"NA PREDAJ! 1-izbový byt v meste Sobrance","address":"Tyršova, Sobrance, okres Sobrance","rooms":1,"meters":1,"totalPrice":49900,"meterSquarePrice":0,"link":"https://www.nehnutelnosti.sk/detail/JuLYfwJTnVo/na-predaj-1-izbovy-byt-v-meste-sobrance","imagesUrls":["https://img.unitedclassifieds.sk/foto/NjAweDMzOC9maWx0ZXJzOnF1YWxpdHkoMTAwKS9qdWw=/yAbzpeK-E_fss?st=6WZ5EBhlbFN5slAIW3zlTJv-xTrraU3YQT-e3AWjYBU&ts=1723211151&e=0"]},{"title":"Zrekonštruovaný 3-izbový byt - Okulka, Vranov n/T","address":"Vranov nad Topľou, okres Vranov nad Topľou","rooms":3,"meters":1,"totalPrice":128900,"meterSquarePrice":0,"link":"https://www.nehnutelnosti.sk/detail/JuMMV1Wys3B/zrekonstruovany-3-izbovy-byt-okulka-vranov-n-t","imagesUrls":["https://img.unitedclassifieds.sk/foto/NjAweDMzOC9maWx0ZXJzOnF1YWxpdHkoMTAwKS9qdWw=/NAw3NcDu3_fss?st=qL8sd6SQMsHZ_7CpG-IPkx7Mbc1kOEb1fIiHe3QErD0&ts=1723624238&e=0"]},{"title":"SUPER PONUKA! Pekný 3-izbový byt vo Vranove n/T","address":"Sídlisko 1. Mája, Vranov nad Topľou, okres Vranov nad Topľou","rooms":3,"meters":1,"totalPrice":86900,"meterSquarePrice":0,"link":"https://www.nehnutelnosti.sk/detail/JuNXJAjqMf0/super-ponuka-pekny-3-izbovy-byt-vo-vranove-n-t","imagesUrls":["https://img.unitedclassifieds.sk/foto/NjAweDMzOC9maWx0ZXJzOnF1YWxpdHkoMTAwKS9qdWw=/3EbHO2_TZ_fss?st=A9WK1_fKgMBE7Kw6UDcWYn5vVOJRJ7wNWwxO2xgJo80&ts=1723454313&e=0"]},{"title":"Garsónka na sídl. POH, Veľké Kapušany","address":"P. O. Hviezdoslava, Veľké Kapušany, okres Michalovce","rooms":null,"meters":1,"totalPrice":23900,"meterSquarePrice":0,"link":"https://www.nehnutelnosti.sk/detail/Juqqg9Au0q4/garsonka-na-sidl-poh-velke-kapusany","imagesUrls":["https://img.unitedclassifieds.sk/foto/NjAweDMzOC9maWx0ZXJzOnF1YWxpdHkoMTAwKS9qdWw=/u_7XRfwyE_fss?st=3RX9NskVAZjS2KEcINPuRHIyGnlpPh9TE9AeT1Gh3dk&ts=1723451848&e=0"]},{"title":"NA PREDAJ garsónka – sídl. POH, Veľké Kapušany","address":"P. O. Hviezdoslava, Veľké Kapušany, okres Michalovce","rooms":null,"meters":1,"totalPrice":23900,"meterSquarePrice":0,"link":"https://www.nehnutelnosti.sk/detail/Juwsqjhm3m3/na-predaj-garsonka-sidl-poh-velke-kapusany","imagesUrls":["https://img.unitedclassifieds.sk/foto/NjAweDMzOC9maWx0ZXJzOnF1YWxpdHkoMTAwKS9qdWw=/8qudlFVsS_fss?st=tAfWAbViKg6AsguCmRFkesteoUzQeKwsjCXS9SoR4eU&ts=1723451375&e=0"]},{"title":"NA PREDAJ Krásny 3-izbový byt na Murgaša v Michalovciach","address":"J. Murgaša, Michalovce, okres Michalovce","rooms":3,"meters":1,"totalPrice":135000,"meterSquarePrice":0,"link":"https://www.nehnutelnosti.sk/detail/Ju0SL0Tm19X/na-predaj-krasny-3-izbovy-byt-na-murgasa-v-michalovciach","imagesUrls":["https://img.unitedclassifieds.sk/foto/NjAweDMzOC9maWx0ZXJzOnF1YWxpdHkoMTAwKS9qdWw=/tfXr8Atuz_fss?st=JTbgLNDV8DuoskDevMbch3kesO5VHNuv_0aQ59aclxI&ts=1724227668&e=0"]}]