[{"title":"Na predaj | 3 izbový byt 94,82 m² s 3 x balkónom - Centrum - Mladoboleslavská ul.","address":"Mladoboleslavská, Pezinok, okres Pezinok","rooms":3,"meters":94,"totalPrice":299000,"meterSquarePrice":4,"link":"https://www.nehnutelnosti.sk/detail/JucnKcvZCSt/na-predaj-3-izbovy-byt-94-82-m-s-3-x-balkonom-centrum-mladoboleslavska-ul","imagesUrls":["https://img.unitedclassifieds.sk/foto/NjAweDMzOC9maWx0ZXJzOnF1YWxpdHkoMTAwKS9qdWw=/cXHgv4oO-_fss?st=XHC8IJmjnaJUKYrRvxCUWdiw-PaKVc44likNUd-zmhw&ts=1719823473&e=0"]},{"title":"NOVINKA!  3 izbový byt 63 m2, 6/7,  loggia, Sereď, Garbiarska 110.000 €","address":"Garbiarska, Sereď, okres Galanta","rooms":3,"meters":63,"totalPrice":110000,"meterSquarePrice":3,"link":"https://www.nehnutelnosti.sk/detail/JubxCLK_R41/novinka-3-izbovy-byt-63-m2-6-7-loggia-sered-garbiarska-110-000","imagesUrls":["https://img.nehnutelnosti.sk/foto/NjAweDMzOC9maWx0ZXJzOnF1YWxpdHkoMTAwKS9uZWg=/yc3HK7ol3_fss?st=9RQWus97RG9FyP9Cuvp3KfmEac7vByo5_FwFSgud9S4&ts=1726228554&e=0"]},{"title":"REZERVOVANÉ - 2 izbový byt Sládkovičovo Školská, 1.p/1, 48 m2, vlastné kúrenie, gamatky, dvor, záhra","address":"Sládkovičovo, Sládkovičovo, okres Galanta","rooms":2,"meters":48,"totalPrice":85500,"meterSquarePrice":5,"link":"https://www.nehnutelnosti.sk/detail/JuPtD3z70LF/rezervovane-2-izbovy-byt-sladkovicovo-skolska-1-p-1-48-m2-vlastne-kurenie-gamatky-dvor-zahra","imagesUrls":["https://img.nehnutelnosti.sk/foto/NjAweDMzOC9maWx0ZXJzOnF1YWxpdHkoMTAwKS9uZWg=/j60k28d3q_fss?st=pOiVH7XHaOIgfpL3uahHmLD3BfDfu-GEQC2-vpYjxb4&ts=1725975995&e=0"]},{"title":"KVALITNÁ NOVOSTAVBA POSCHODIE - 3 izbový byt 72,72 m2 s terasou, 2 parkovacími miestami. Galanta, Ml","address":"Galanta, Galanta, okres Galanta","rooms":3,"meters":72,"totalPrice":159900,"meterSquarePrice":4,"link":"https://www.nehnutelnosti.sk/detail/JuWFuVnvWsp/kvalitna-novostavba-poschodie-3-izbovy-byt-72-72-m2-s-terasou-2-parkovacimi-miestami-galanta-ml","imagesUrls":["https://img.nehnutelnosti.sk/foto/NjAweDMzOC9maWx0ZXJzOnF1YWxpdHkoMTAwKS9uZWg=/Y7dQNsU5hN_fss?st=b1d0C6NGY9xVbazyFryHCUaBzySqX8_-Cibq6IvWe4M&ts=1725976137&e=0"]},{"title":"Zrekonštruovaný 3 izbový byt 62 m2 s loggiou obklopený zeleňou, 0/3. Galanta, Z.Kodálya 107.000 €","address":"Galanta, Galanta, okres Galanta","rooms":3,"meters":62,"totalPrice":107000,"meterSquarePrice":1,"link":"https://www.nehnutelnosti.sk/detail/JucP6T3QAAG/zrekonstruovany-3-izbovy-byt-62-m2-s-loggiou-obklopeny-zelenou-0-3-galanta-z-kodalya-107-000","imagesUrls":["https://img.nehnutelnosti.sk/foto/NjAweDMzOC9maWx0ZXJzOnF1YWxpdHkoMTAwKS9uZWg=/axhHsDOvI_fss?st=yANQAHJ0htvJMAojwqh15nXx04R9i5mWkSgMx-xGWtg&ts=1715952781&e=0"]},{"title":"Slnečný 3 izbový byt 53 m2, 3/3, Galanta, ul. Parková 109.900 €","address":"Galanta, Galanta, okres Galanta","rooms":3,"meters":53,"totalPrice":109900,"meterSquarePrice":6,"link":"https://www.nehnutelnosti.sk/detail/JuPlS09AjjH/slnecny-3-izbovy-byt-53-m2-3-3-galanta-ul-parkova-109-900","imagesUrls":["https://img.nehnutelnosti.sk/foto/NjAweDMzOC9maWx0ZXJzOnF1YWxpdHkoMTAwKS9uZWg=/_vuYyRnNeB_fss?st=EefJm6xmtGGfuQkGAJOMa-gruf7sciw1JTvHl8s5r-Y&ts=1725966091&e=0"]},{"title":"Pekný veľký slnečný 2 izbový byt 4/7, 64 m2, Šaľa (ul.Okružná) 109.990,- €","address":"Šaľa, Šaľa, okres Šaľa","rooms":2,"meters":64,"totalPrice":109990,"meterSquarePrice":9,"link":"https://www.nehnutelnosti.sk/detail/Ju_wKI9IIyy/pekny-velky-slnecny-2-izbovy-byt-4-7-64-m2-sala-ul-okruzna-109-990","imagesUrls":["https://img.nehnutelnosti.sk/foto/NjAweDMzOC9maWx0ZXJzOnF1YWxpdHkoMTAwKS9uZWg=/nyxUOlnYa_fss?st=16E_t_az40WBT4-kd8Qbfs4bPkdHrLmO_P2oUd4mtdk&ts=1712081169&e=0"]},{"title":"3 izbový byt 69 m2 a garáž v obci Jahodná 74.900 € + dohoda pri vážnom záujme","address":"Jahodná, Jahodná, okres Dunajská Streda","rooms":3,"meters":69,"totalPrice":74900,"meterSquarePrice":1,"link":"https://www.nehnutelnosti.sk/detail/Ju19pNteBhc/3-izbovy-byt-69-m2-a-garaz-v-obci-jahodna-74-900-dohoda-pri-vaznom-zaujme","imagesUrls":["https://img.nehnutelnosti.sk/foto/NjAweDMzOC9maWx0ZXJzOnF1YWxpdHkoMTAwKS9uZWg=/jwnNR5mwNs_fss?st=iyOoVBOPsNgJVPPry_-1aWybbHRHSDJsfrGruCcLHCc&ts=1718028136&e=0"]},{"title":"PREDAJ: Svetlý 2-izbový byt, Inovecká ul., Senec","address":"Inovecká, Senec, okres Senec","rooms":2,"meters":54,"totalPrice":136900,"meterSquarePrice":9,"link":"https://www.nehnutelnosti.sk/detail/Ju8Bd-hOYZ0/predaj-svetly-2-izbovy-byt-inovecka-ul-senec","imagesUrls":["https://img.nehnutelnosti.sk/foto/NjAweDMzOC9maWx0ZXJzOnF1YWxpdHkoMTAwKS9uZWg=/bwboHEIOM_fss?st=SXUfdpAkhvTYDlYp1DVKOZCIhkfIr05EKHOUoorSA0U&ts=1726662045&e=0"]},{"title":"DIRECTREAL|Krásny, priestranný byt 84 m2 priamo v centre","address":"Novomestská, Sereď, okres Galanta","rooms":3,"meters":84,"totalPrice":122500,"meterSquarePrice":3,"link":"https://www.nehnutelnosti.sk/detail/Juxi5xmH8Xz/directreal-krasny-priestranny-byt-84-m2-priamo-v-centre","imagesUrls":["https://img.nehnutelnosti.sk/foto/NjAweDMzOC9maWx0ZXJzOnF1YWxpdHkoMTAwKS9uZWg=/otHYe_mXX_fss?st=mjPsayBC0GsSN5m2uKlx2GKk0HW8vv7dzvPS4e3YF3o&ts=1725020953&e=0"]},{"title":"3i byt Vrútky EXKLUZÍVNE","address":"Vrútky, okres Martin","rooms":3,"meters":86,"totalPrice":140000,"meterSquarePrice":1,"link":"https://www.nehnutelnosti.sk/detail/JuUmRy8aiK2/3i-byt-vrutky-exkluzivne","imagesUrls":["https://img.unitedclassifieds.sk/foto/NjAweDMzOC9maWx0ZXJzOnF1YWxpdHkoMTAwKS9qdWw=/HvX8uHzZc_fss?st=WOLGgzsB1H_xL5gqzILcmK2EfqoScjZwpFztppMmwVA&ts=1721896565&e=0"]},{"title":"Jedinečný svetlý 3-izbový byt vo vyhľadávanej lokalite s výhľadom na jazero","address":"Tomášikova, Bratislava III - Nové Mesto, okres Bratislava","rooms":3,"meters":73,"totalPrice":314000,"meterSquarePrice":7,"link":"https://www.nehnutelnosti.sk/detail/JuukudoaRwr/jedinecny-svetly-3-izbovy-byt-vo-vyhladavanej-lokalite-s-vyhladom-na-jazero","imagesUrls":["https://img.unitedclassifieds.sk/foto/NjAweDMzOC9maWx0ZXJzOnF1YWxpdHkoMTAwKS9qdWw=/7Y4HjTm4C_fss?st=V7JmsIDpHzKn8q9f-0820K6NvjU36SB5sVDIUOpqbMI&ts=1723502072&e=0"]},{"title":"Krásny 2-izbový byt s terasou na predaj","address":"Čerešňová, Nové Mesto nad Váhom, okres Nové Mesto nad Váhom","rooms":2,"meters":79,"totalPrice":null,"meterSquarePrice":null,"link":"https://www.nehnutelnosti.sk/detail/JujhMpr4lxy/krasny-2-izbovy-byt-s-terasou-na-predaj","imagesUrls":["https://img.nehnutelnosti.sk/foto/NjAweDMzOC9maWx0ZXJzOnF1YWxpdHkoMTAwKS9uZWg=/bAz1uPXhrw_fss?st=vMeT3X6_43g0a-2E0ItODQa8jsKG7pt65BtfTzkguJw&ts=1725372140&e=0"]},{"title":"Investičný 2-izbový byt na predaj, Nové Mesto nad Váhom","address":"Lieskovská, Nové Mesto nad Váhom, okres Nové Mesto nad Váhom","rooms":2,"meters":52,"totalPrice":129900,"meterSquarePrice":8,"link":"https://www.nehnutelnosti.sk/detail/JuiXz7hvAq0/investicny-2-izbovy-byt-na-predaj-nove-mesto-nad-vahom","imagesUrls":["https://img.nehnutelnosti.sk/foto/NjAweDMzOC9maWx0ZXJzOnF1YWxpdHkoMTAwKS9uZWg=/reAsDvBab_fss?st=X8fnx14EK_7GyTF2vt1MZxHX9ztZGyMZFQHNgTyOUGw&ts=1724534233&e=0"]},{"title":"1-izb. tehlový byt s balkónom Piešťany - Pod Párovcami","address":"Pod Párovcami, Piešťany, okres Piešťany","rooms":1,"meters":48,"totalPrice":119900,"meterSquarePrice":2,"link":"https://www.nehnutelnosti.sk/detail/JudoBkc-yz6/1-izb-tehlovy-byt-s-balkonom-piestany-pod-parovcami","imagesUrls":["https://img.nehnutelnosti.sk/foto/NjAweDMzOC9maWx0ZXJzOnF1YWxpdHkoMTAwKS9uZWg=/qfNm7hsoa_fss?st=QZeMjnaEZ40xA31tTrrnhIJx7YfcCcYITFLDIOTCpag&ts=1726130824&e=0"]},{"title":"2-izb. tehlový byt  v centre mesta Nové Mesto n/V","address":"J. Weisseho, Nové Mesto nad Váhom, okres Nové Mesto nad Váhom","rooms":2,"meters":62,"totalPrice":123500,"meterSquarePrice":4,"link":"https://www.nehnutelnosti.sk/detail/Ju8UOU8wpnt/2-izb-tehlovy-byt-v-centre-mesta-nove-mesto-n-v","imagesUrls":["https://img.nehnutelnosti.sk/foto/NjAweDMzOC9maWx0ZXJzOnF1YWxpdHkoMTAwKS9uZWg=/z9BLPHcmAq_fss?st=evDdXhwCFTzybbcAoQvDddTCEldG5cbo0ARlCq0KY54&ts=1724844820&e=0"]},{"title":"BYTY ILAVA - Nadštandardné bývanie s výhodným financovaním","address":"Ilava, Ilava, okres Ilava","rooms":1,"meters":42,"totalPrice":null,"meterSquarePrice":null,"link":"https://www.nehnutelnosti.sk/detail/JuKvF4gSmyN/byty-ilava-nadstandardne-byvanie-s-vyhodnym-financovanim","imagesUrls":["https://img.nehnutelnosti.sk/foto/NjAweDMzOC9maWx0ZXJzOnF1YWxpdHkoMTAwKS9uZWg=/m2EXfiea5_fss?st=n1mjBBvtYZfIMWAJJHeRj7jJo2jK4cRpZ1BgQAdLDZw&ts=1725633853&e=0"]},{"title":"Na predaj 2-izbový byt - Rezervované","address":"Banská, Nové Mesto nad Váhom, okres Nové Mesto nad Váhom","rooms":2,"meters":72,"totalPrice":null,"meterSquarePrice":null,"link":"https://www.nehnutelnosti.sk/detail/JusWIsRYyUJ/na-predaj-2-izbovy-byt-rezervovane","imagesUrls":["https://img.nehnutelnosti.sk/foto/NjAweDMzOC9maWx0ZXJzOnF1YWxpdHkoMTAwKS9uZWg=/M96DrSwu5_fss?st=fpitnZ--A1ZrKwxSwfggFIAT4kanfXKu9N_OOJg6ZkI&ts=1722852248&e=0"]},{"title":"BYTY ILAVA - Nadštandardné bývanie s výhodným financovaním","address":"ilava, Ilava, okres Ilava","rooms":3,"meters":70,"totalPrice":null,"meterSquarePrice":null,"link":"https://www.nehnutelnosti.sk/detail/Ju2STKChUTg/byty-ilava-nadstandardne-byvanie-s-vyhodnym-financovanim","imagesUrls":["https://img.nehnutelnosti.sk/foto/NjAweDMzOC9maWx0ZXJzOnF1YWxpdHkoMTAwKS9uZWg=/lrFCw42aPO_fss?st=A23sf9TYHl1xw5IfjtmmatYq016t3ogIdelRIPYnlao&ts=1725633860&e=0"]},{"title":"Na predaj 3-izbový byt - Rezervované","address":"Banská, Nové Mesto nad Váhom, okres Nové Mesto nad Váhom","rooms":3,"meters":56,"totalPrice":null,"meterSquarePrice":null,"link":"https://www.nehnutelnosti.sk/detail/JuycpZH_85r/na-predaj-3-izbovy-byt-rezervovane","imagesUrls":["https://img.nehnutelnosti.sk/foto/NjAweDMzOC9maWx0ZXJzOnF1YWxpdHkoMTAwKS9uZWg=/2eE_H3DCJ_fss?st=lHXJ2eRHOyGBhHgrj6t1uuL_e3g7hbq6xOn73efh09w&ts=1722854730&e=0"]},{"title":"3-izbový byt s terasou a park. miestom v cene, Ilava","address":"Mládežnícka, Ilava, okres Ilava","rooms":3,"meters":79,"totalPrice":159000,"meterSquarePrice":6,"link":"https://www.nehnutelnosti.sk/detail/JuQaoE9LQTN/3-izbovy-byt-s-terasou-a-park-miestom-v-cene-ilava","imagesUrls":["https://img.nehnutelnosti.sk/foto/NjAweDMzOC9maWx0ZXJzOnF1YWxpdHkoMTAwKS9uZWg=/dSwpQDYe3_fss?st=JlVdznm7lhEqoJ3ajkOYBVY-_uKUvMvMNbu9DL77D1E&ts=1718292306&e=0"]},{"title":"Nový 2-izbový byt na predaj - Rezervované","address":"Čerešňová, Nové Mesto nad Váhom, okres Nové Mesto nad Váhom","rooms":2,"meters":56,"totalPrice":null,"meterSquarePrice":null,"link":"https://www.nehnutelnosti.sk/detail/Jump1AUpuDg/novy-2-izbovy-byt-na-predaj-rezervovane","imagesUrls":["https://img.nehnutelnosti.sk/foto/NjAweDMzOC9maWx0ZXJzOnF1YWxpdHkoMTAwKS9uZWg=/g_FzdDKUX9_fss?st=T3aT1gjeucWUTBsdVhZ-_yU9vKvbHmZMvipBAleKlgk&ts=1718021145&e=0"]},{"title":"3-izb. byt, Trenčín - REZERVOVANÉ","address":"T. Vansovej, Trenčín, okres Trenčín","rooms":3,"meters":68,"totalPrice":115000,"meterSquarePrice":8,"link":"https://www.nehnutelnosti.sk/detail/JufyCGh0Dt7/3-izb-byt-trencin-rezervovane","imagesUrls":["https://img.nehnutelnosti.sk/foto/NjAweDMzOC9maWx0ZXJzOnF1YWxpdHkoMTAwKS9uZWg=/bvxEsPZmD0_fss?st=8WoyRCy-S4JWgaICmtF7AqrP0vTEyULSr52dRlUpSwk&ts=1717519775&e=0"]},{"title":"4-izb. byty - lesopark Kamenná","address":"Nové Mesto nad Váhom, Nové Mesto nad Váhom, okres Nové Mesto nad Váhom","rooms":4,"meters":null,"totalPrice":null,"meterSquarePrice":null,"link":"https://www.nehnutelnosti.sk/detail/JuGZs91xmxN/4-izb-byty-lesopark-kamenna","imagesUrls":["https://img.nehnutelnosti.sk/foto/NjAweDMzOC9maWx0ZXJzOnF1YWxpdHkoMTAwKS9uZWg=/wFPfpn0Yk_fss?st=NJE79TuBbxVxKHhJFtFnC6x9T5z6djzvWSc5Qywue2s&ts=1718038187&e=0"]},{"title":"Posledné byty na predaj  !!!!   2-izbové byty - novostavba, Chtelnica","address":"Kúria, Chtelnica, okres Piešťany","rooms":2,"meters":46,"totalPrice":90320,"meterSquarePrice":8,"link":"https://www.nehnutelnosti.sk/detail/Ju2Ng6VnQh-/posledne-byty-na-predaj-2-izbove-byty-novostavba-chtelnica","imagesUrls":["https://img.nehnutelnosti.sk/foto/NjAweDMzOC9maWx0ZXJzOnF1YWxpdHkoMTAwKS9uZWg=/BGxTqV0fR_fss?st=cIwNcC1NCh6JHQXYK95SUoDUC0O36KV60eoEKCFI_QE&ts=1708426862&e=0"]},{"title":"2-izb. byt s terasou, Nové Mesto n/V - Záhumenice","address":"Lieskovská, Nové Mesto nad Váhom, okres Nové Mesto nad Váhom","rooms":2,"meters":50,"totalPrice":129900,"meterSquarePrice":8,"link":"https://www.nehnutelnosti.sk/detail/JuxglSev61i/2-izb-byt-s-terasou-nove-mesto-n-v-zahumenice","imagesUrls":["https://img.nehnutelnosti.sk/foto/NjAweDMzOC9maWx0ZXJzOnF1YWxpdHkoMTAwKS9uZWg=/H8Ig4YGfh_fss?st=ZYUYswIwmxvHz2BlbVt8uVCXrXmwSwMe2siu5F4rwGk&ts=1673360581&e=0"]},{"title":"Predaj 3 izbového mezonetu, Riazanská, Bratislava","address":"Riazanská, Bratislava III - Nové Mesto, okres Bratislava","rooms":3,"meters":88,"totalPrice":285000,"meterSquarePrice":4,"link":"https://www.nehnutelnosti.sk/detail/Ju4gYQkj7ef/predaj-3-izboveho-mezonetu-riazanska-bratislava","imagesUrls":["https://img.nehnutelnosti.sk/foto/NjAweDMzOC9maWx0ZXJzOnF1YWxpdHkoMTAwKS9uZWg=/z-uKznnstP_fss?st=z2tnMF9RqU9pv9JUtmOos63nxTjT-5YI2WJqX5OmwNc&ts=1717593479&e=0"]},{"title":"2 - IZBOVÝ BYT KOŠICE - TERASA / POPRADSKÁ","address":"Popradská, Košice II - Západ, okres Košice","rooms":2,"meters":51,"totalPrice":128000,"meterSquarePrice":3,"link":"https://www.nehnutelnosti.sk/detail/JutOVRHqQhp/2-izbovy-byt-kosice-terasa-popradska","imagesUrls":["https://img.nehnutelnosti.sk/foto/NjAweDMzOC9maWx0ZXJzOnF1YWxpdHkoMTAwKS9uZWg=/WLj_zH9Uj_fss?st=1XC9cWGaCkofBbqvg6gBlpU2ASfeW82arLBHHYHT_zs&ts=1725303293&e=0"]},{"title":"3 - IZBOVÝ BYT KOŠICE - ŤAHANOVCE / SOFIJSKÁ","address":"Sofijská, Košice I - Sídlisko Ťahanovce, okres Košice","rooms":3,"meters":80,"totalPrice":152900,"meterSquarePrice":5,"link":"https://www.nehnutelnosti.sk/detail/Jumsl-pqA7C/3-izbovy-byt-kosice-tahanovce-sofijska","imagesUrls":["https://img.nehnutelnosti.sk/foto/NjAweDMzOC9maWx0ZXJzOnF1YWxpdHkoMTAwKS9uZWg=/Mpfh03vX9_fss?st=B27A1NoswxDDPvloekQAMFM3a1FlAHmAnIv47pWj3hk&ts=1725703644&e=0"]},{"title":"2 - IZBOVÝ BYT REVÚCA - JILEMNICKÉHO","address":"Jilemnického, Revúca, okres Revúca","rooms":2,"meters":52,"totalPrice":33000,"meterSquarePrice":5,"link":"https://www.nehnutelnosti.sk/detail/Ju9vkGnmwlh/2-izbovy-byt-revuca-jilemnickeho","imagesUrls":["https://img.nehnutelnosti.sk/foto/NjAweDMzOC9maWx0ZXJzOnF1YWxpdHkoMTAwKS9uZWg=/Nd9OZoB0G_fss?st=WEdTjnwLOTss1y444vDndte4XJtqs7GJc9ZELVW14xo&ts=1726598266&e=0"]}]