[{"title":"Predaj 3 izbový byt Horné Obdokovce","address":"Nevyplnená, Horné Obdokovce, okres Topoľčany","rooms":3,"meters":73,"totalPrice":80000,"meterSquarePrice":9,"link":"https://www.nehnutelnosti.sk/detail/JuFmsI4bdXb/predaj-3-izbovy-byt-horne-obdokovce","imagesUrls":["https://img.nehnutelnosti.sk/foto/NjAweDMzOC9maWx0ZXJzOnF1YWxpdHkoMTAwKS9uZWg=/yZWn0isgx_fss?st=PRSe0cdbkpNFNq5J-n1lThyDu5V10jlbOtm8JNBwToY&ts=1724671051&e=0"]},{"title":"Exkluzívne 3 izbový byt v pôvodnom stave v Martine - Záturčí","address":"Nevyplnená, Martin, okres Martin","rooms":3,"meters":71,"totalPrice":1,"meterSquarePrice":1,"link":"https://www.nehnutelnosti.sk/detail/Ju1gK-latjT/exkluzivne-3-izbovy-byt-v-povodnom-stave-v-martine-zaturci","imagesUrls":["https://img.nehnutelnosti.sk/foto/NjAweDMzOC9maWx0ZXJzOnF1YWxpdHkoMTAwKS9uZWg=/roFRapNMj_fss?st=xj5_4HwrYx7BuZR34qw4M6MFc-KlkiX4mPAL7mrzqr8&ts=1724419244&e=0"]},{"title":"3. izbový byt vo Vrútkach","address":"Švermova, Vrútky, okres Martin","rooms":3,"meters":83,"totalPrice":110000,"meterSquarePrice":0,"link":"https://www.nehnutelnosti.sk/detail/Jup7uGZG3v0H/3-izbovy-byt-vo-vrutkach","imagesUrls":["https://img.nehnutelnosti.sk/foto/NjAweDMzOC9maWx0ZXJzOnF1YWxpdHkoMTAwKS9uZWg=/5xLQ8c68b_fss?st=WoyjtlQl7uDTiVUIOePwVoH01ie2V2ml2aLFlNTiy68&ts=1724591982&e=0"]},{"title":"3. izbový byt v Centre Vrútok na predaj","address":"Sv. Cyrila a Metoda, Vrútky, okres Martin","rooms":3,"meters":68,"totalPrice":113000,"meterSquarePrice":6,"link":"https://www.nehnutelnosti.sk/detail/Ju1-J8XPGCH/3-izbovy-byt-v-centre-vrutok-na-predaj","imagesUrls":["https://img.nehnutelnosti.sk/foto/NjAweDMzOC9maWx0ZXJzOnF1YWxpdHkoMTAwKS9uZWg=/LHza1a31S_fss?st=NMQYDd1Dy_o14kEIDMoJpynHOkER4R3bbRA69oqJXMk&ts=1724424152&e=0"]},{"title":"Predaj kompletne zrekonštruovaného 1izbového bytu v Lučenci","address":"Nevyplnená, Lučenec, okres Lučenec","rooms":1,"meters":37,"totalPrice":null,"meterSquarePrice":null,"link":"https://www.nehnutelnosti.sk/detail/Ju0ZPLXBmwS/predaj-kompletne-zrekonstruovaneho-1izboveho-bytu-v-lucenci","imagesUrls":["https://img.nehnutelnosti.sk/foto/NjAweDMzOC9maWx0ZXJzOnF1YWxpdHkoMTAwKS9uZWg=/qOeC0aceT_fss?st=DIiALDpFEROjO44FwDGTmQ4H7rtKoTyWBaBvImVUq-8&ts=1724321509&e=0"]},{"title":"Luxusný, zariadený 2 izbový byt, ul. Šoltésovej, Košice","address":"Šoltésovej, Košice IV - Juh, okres Košice","rooms":2,"meters":60,"totalPrice":null,"meterSquarePrice":null,"link":"https://www.nehnutelnosti.sk/detail/JuyQrvGaXTG/luxusny-zariadeny-2-izbovy-byt-ul-soltesovej-kosice","imagesUrls":["https://img.nehnutelnosti.sk/foto/NjAweDMzOC9maWx0ZXJzOnF1YWxpdHkoMTAwKS9uZWg=/cKzrr9lvvw_fss?st=Ck7u0tMPZ1XGplPM1G5Cf3uKFJ9cOaCcyvHlw8rtdps&ts=1724264950&e=0"]},{"title":"Luxusný, zariadený 2 izbový byt, ul. Šoltésovej, Košice","address":"Šoltésovej, Košice IV - Juh, okres Košice","rooms":2,"meters":60,"totalPrice":null,"meterSquarePrice":null,"link":"https://www.nehnutelnosti.sk/detail/JusT-5zfn-G/luxusny-zariadeny-2-izbovy-byt-ul-soltesovej-kosice","imagesUrls":["https://img.nehnutelnosti.sk/foto/NjAweDMzOC9maWx0ZXJzOnF1YWxpdHkoMTAwKS9uZWg=/UelMlrhl9_fss?st=EfmUC9_SWAjSVSenhg5d4SSgRmp6en9xA8DbPIeKzOI&ts=1724264953&e=0"]},{"title":"PREDAJ: 1,5 izbový byt s priestrannou lodžiou, Račianska ulica, BA- Nové Mesto","address":"Račianska, Bratislava III - Nové Mesto, okres Bratislava","rooms":2,"meters":33,"totalPrice":139000,"meterSquarePrice":2,"link":"https://www.nehnutelnosti.sk/detail/JuB10lyza-8/predaj-1-5-izbovy-byt-s-priestrannou-lodziou-racianska-ulica-ba-nove-mesto","imagesUrls":["https://img.nehnutelnosti.sk/foto/NjAweDMzOC9maWx0ZXJzOnF1YWxpdHkoMTAwKS9uZWg=/xJKGviVyk_fss?st=lWi8ymzNBUMRZqQZTTea7rChVUw8EV5m7O4jfMXi4H0&ts=1724323747&e=0"]},{"title":"Na predaj 2-izbový byt Rohožník","address":"Školské Námestie, Rohožník, Malacky, okres Malacky","rooms":2,"meters":70,"totalPrice":null,"meterSquarePrice":null,"link":"https://www.nehnutelnosti.sk/detail/JuUiLKZacOD/na-predaj-2-izbovy-byt-rohoznik","imagesUrls":["https://img.nehnutelnosti.sk/foto/NjAweDMzOC9maWx0ZXJzOnF1YWxpdHkoMTAwKS9uZWg=/ejmkOjW65_fss?st=Tpt2KVPs6AVhNF7MpsdH5-TcWxRYcr42MYtXXTNb2yY&ts=1724321805&e=0"]},{"title":"Predaj - Troj izbový, priestranný byt 71 m2  byt na Sídlisku Dargovských hrdinov","address":"Lidické námestie, Košice III - Dargovských Hrdinov, okres Košice","rooms":3,"meters":71,"totalPrice":149500,"meterSquarePrice":3,"link":"https://www.nehnutelnosti.sk/detail/JuWjgelwLbV/predaj-troj-izbovy-priestranny-byt-71-m2-byt-na-sidlisku-dargovskych-hrdinov","imagesUrls":["https://img.nehnutelnosti.sk/foto/NjAweDMzOC9maWx0ZXJzOnF1YWxpdHkoMTAwKS9uZWg=/NjNXO-PiH_fss?st=887UBTjKbi3vTWMcUjoWaHkb3tDor9SU9UEExg0dLIA&ts=1724526769&e=0"]},{"title":"NA PREDAJ: 3IZBOVÝ BYT, KOMPLETNÁ REKONŠTRUKCIA, ZLATÉ KLASY","address":"Nevyplnená, Zlaté Klasy, okres Dunajská Streda","rooms":3,"meters":66,"totalPrice":114000,"meterSquarePrice":7,"link":"https://www.nehnutelnosti.sk/detail/JuQUSKHXKBL/na-predaj-3izbovy-byt-kompletna-rekonstrukcia-zlate-klasy","imagesUrls":["https://img.nehnutelnosti.sk/foto/NjAweDMzOC9maWx0ZXJzOnF1YWxpdHkoMTAwKS9uZWg=/1cIvgZzC3S_fss?st=65KBiolXs38zbTd1ZIsypqyxLACx33EEIIuQOfHBQpE&ts=1724048887&e=0"]},{"title":"Na predaj byt 2-izbový  dobrej lokalite v Liptovskom Mikuláši","address":"Kollárova, Liptovský Mikuláš, okres Liptovský Mikuláš","rooms":2,"meters":61,"totalPrice":124000,"meterSquarePrice":9,"link":"https://www.nehnutelnosti.sk/detail/JuFs4pCiMiX/na-predaj-byt-2-izbovy-dobrej-lokalite-v-liptovskom-mikulasi","imagesUrls":["https://img.nehnutelnosti.sk/foto/NjAweDMzOC9maWx0ZXJzOnF1YWxpdHkoMTAwKS9uZWg=/GummSbL7S_fss?st=ykuueWyGYp5OpAGFirP49tR8KiHYbDJLpADYzZlBn5g&ts=1724149298&e=0"]},{"title":"PREDAJ moderný zrekonštruovaný 3 izbový byt Vranov nad Topľou","address":"Nevyplnená, Vranov nad Topľou, okres Vranov nad Topľou","rooms":3,"meters":64,"totalPrice":99990,"meterSquarePrice":4,"link":"https://www.nehnutelnosti.sk/detail/JuXWXvunthG/predaj-moderny-zrekonstruovany-3-izbovy-byt-vranov-nad-toplou","imagesUrls":["https://img.nehnutelnosti.sk/foto/NjAweDMzOC9maWx0ZXJzOnF1YWxpdHkoMTAwKS9uZWg=/vAV1BvMC0_fss?st=vTpGzOacJGXlGdax04EpCnyNYCFvgtUEehJcvTofn9A&ts=1724144058&e=0"]},{"title":"1 - izbový byt  v obci Bobrovník - 1 km  od Liptovskej Mary","address":"Nevyplnená, Bobrovník, okres Liptovský Mikuláš","rooms":1,"meters":35,"totalPrice":75000,"meterSquarePrice":6,"link":"https://www.nehnutelnosti.sk/detail/JuYxNvuFp4O/1-izbovy-byt-v-obci-bobrovnik-1-km-od-liptovskej-mary","imagesUrls":["https://img.nehnutelnosti.sk/foto/NjAweDMzOC9maWx0ZXJzOnF1YWxpdHkoMTAwKS9uZWg=/ooiwi3L56P_fss?st=toSudwMxDDVuB6wIVz4a3JRZer6MwrIHwLQ_hfBZVt0&ts=1724156504&e=0"]},{"title":"Na predaj: 3 izbový byt, 63m2, Boriny, Dunajská Streda","address":"Nevyplnená, Dunajská Streda, okres Dunajská Streda","rooms":3,"meters":63,"totalPrice":90000,"meterSquarePrice":7,"link":"https://www.nehnutelnosti.sk/detail/Ju5Hzx_7fIl/na-predaj-3-izbovy-byt-63m2-boriny-dunajska-streda","imagesUrls":["https://img.nehnutelnosti.sk/foto/NjAweDMzOC9maWx0ZXJzOnF1YWxpdHkoMTAwKS9uZWg=/oDM2QpIaA_fss?st=vrfhAXQgMznWOIOnHX3jSqIvzqiGM1gld_IrfsRMTPA&ts=1724149305&e=0"]},{"title":"REZERVOVANÉ- Na predaj 2-izbový byt v obci Vysoká pri Morave","address":"Športová, Vysoká pri Morave, okres Malacky","rooms":2,"meters":78,"totalPrice":null,"meterSquarePrice":null,"link":"https://www.nehnutelnosti.sk/detail/Ju7oDngWd1P/rezervovane-na-predaj-2-izbovy-byt-v-obci-vysoka-pri-morave","imagesUrls":["https://img.nehnutelnosti.sk/foto/NjAweDMzOC9maWx0ZXJzOnF1YWxpdHkoMTAwKS9uZWg=/i3oQtyHyiw_fss?st=jEgGUsAC9KKIkgBVzt23NLcweGymc2qIhUqsbqqwatw&ts=1723930531&e=0"]},{"title":"REZERVOVANÉ !!! 4 izbový byt po čiastočnej rekonštrukcií s lodžiou na predaj | Tornaľa","address":"Mierová, Tornaľa, okres Revúca","rooms":4,"meters":85,"totalPrice":66000,"meterSquarePrice":7,"link":"https://www.nehnutelnosti.sk/detail/JuUctvgOFPx/rezervovane-4-izbovy-byt-po-ciastocnej-rekonstrukcii-s-lodziou-na-predaj-tornala","imagesUrls":["https://img.nehnutelnosti.sk/foto/NjAweDMzOC9maWx0ZXJzOnF1YWxpdHkoMTAwKS9uZWg=/OGYHzuB0g_fss?st=v6qOLgHNYvzZ1CHq0lOzGAhTsoyhkvANBX8GkaJqNRU&ts=1724005246&e=0"]},{"title":"Na predaj zrekonštruovaný 2 izbový byt - Sídlisko Západ","address":"Nevyplnená, Rimavská Sobota, okres Rimavská Sobota","rooms":2,"meters":58,"totalPrice":74000,"meterSquarePrice":6,"link":"https://www.nehnutelnosti.sk/detail/JuftbP5bSTo/na-predaj-zrekonstruovany-2-izbovy-byt-sidlisko-zapad","imagesUrls":["https://img.nehnutelnosti.sk/foto/NjAweDMzOC9maWx0ZXJzOnF1YWxpdHkoMTAwKS9uZWg=/pdWIecv4yr_fss?st=lnUdn6HYK6z-HP7L-8MlRWIKeUdd96Bqory1HheoYMQ&ts=1724008870&e=0"]},{"title":"Predaj 2-izbového bytu v novostavbe Malá Hora","address":"Ladislava Novomeského, Martin, okres Martin","rooms":2,"meters":43,"totalPrice":139990,"meterSquarePrice":8,"link":"https://www.nehnutelnosti.sk/detail/JugUGg9m2WP/predaj-2-izboveho-bytu-v-novostavbe-mala-hora","imagesUrls":["https://img.nehnutelnosti.sk/foto/NjAweDMzOC9maWx0ZXJzOnF1YWxpdHkoMTAwKS9uZWg=/jdnxu4C7Ks_fss?st=CIHxcoql7Hy3ZRvDqDqof_gpdqOeIENKfz7CqAvPssI&ts=1725498299&e=0"]},{"title":"PREDAJ, 3-izbový byt, Vysoké Tatry, Dolný Smokovec, vila MUDROŇ","address":"Nevyplnená, Vysoké Tatry, okres Poprad","rooms":3,"meters":75,"totalPrice":199000,"meterSquarePrice":3,"link":"https://www.nehnutelnosti.sk/detail/JuC8YXSCiS3/predaj-3-izbovy-byt-vysoke-tatry-dolny-smokovec-vila-mudron","imagesUrls":["https://img.nehnutelnosti.sk/foto/NjAweDMzOC9maWx0ZXJzOnF1YWxpdHkoMTAwKS9uZWg=/AFCGdlDnW_fss?st=1CNdndt5PoX1eR3OJnurcPx6zS_m1dzLgXGWgYt9Bqo&ts=1724638717&e=0"]},{"title":"Na predaj 2-izbový byt - kľudné bývanie s výbornou občianskou vybavenosťou","address":"Toplianska, Bratislava II - Vrakuňa, okres Bratislava","rooms":2,"meters":54,"totalPrice":null,"meterSquarePrice":null,"link":"https://www.nehnutelnosti.sk/detail/JulCFKbzamx/na-predaj-2-izbovy-byt-kludne-byvanie-s-vybornou-obcianskou-vybavenostou","imagesUrls":["https://img.nehnutelnosti.sk/foto/NjAweDMzOC9maWx0ZXJzOnF1YWxpdHkoMTAwKS9uZWg=/WT_FeaY44_fss?st=gKwlbwn1VK3iPyctxjFURgn2rr4XkBkT5wtjOxuXY80&ts=1723618788&e=0"]},{"title":"NA PREDAJ 3 IZBOVÝ BYT V OBCI BÁB, OKRES NITRA, BEZBARIÉROVÝ, TICHÁ LOKALITA","address":"Nevyplnená, Báb, okres Nitra","rooms":3,"meters":70,"totalPrice":124990,"meterSquarePrice":7,"link":"https://www.nehnutelnosti.sk/detail/JucNogUu6j4/na-predaj-3-izbovy-byt-v-obci-bab-okres-nitra-bezbarierovy-ticha-lokalita","imagesUrls":["https://img.nehnutelnosti.sk/foto/NjAweDMzOC9maWx0ZXJzOnF1YWxpdHkoMTAwKS9uZWg=/FIXmJfWWY_fss?st=iwMqgN_YyxbHkHGzqHyxRA2xuEREpmx2FGqC4DRHCRg&ts=1723567198&e=0"]},{"title":"PREDAJ - 3 izbový byt (97m2), 2x garáž, 2x park.miesto, záhrada, terasa","address":"Trenčianska, Nové Mesto nad Váhom, okres Nové Mesto nad Váhom","rooms":3,"meters":120,"totalPrice":182000,"meterSquarePrice":7,"link":"https://www.nehnutelnosti.sk/detail/JukzoB35PE1/predaj-3-izbovy-byt-97m2-2x-garaz-2x-park-miesto-zahrada-terasa","imagesUrls":["https://img.nehnutelnosti.sk/foto/NjAweDMzOC9maWx0ZXJzOnF1YWxpdHkoMTAwKS9uZWg=/LJjBukuhKB_fss?st=_DsAfEX8yCHMTJCV3QCiKNjtYV_g0iR4i6KK1nq6exQ&ts=1723310428&e=0"]},{"title":"1. izbový byt na Podháji na predaj","address":"Hrdinov SNP, Martin, okres Martin","rooms":1,"meters":340,"totalPrice":72000,"meterSquarePrice":6,"link":"https://www.nehnutelnosti.sk/detail/JuhKHI_f_mI/1-izbovy-byt-na-podhaji-na-predaj","imagesUrls":["https://img.nehnutelnosti.sk/foto/NjAweDMzOC9maWx0ZXJzOnF1YWxpdHkoMTAwKS9uZWg=/zJAKecCdV_fss?st=A7QLrghPKvWDU5P0gR26J4GToE3dhe2yjuE86dD723c&ts=1723347361&e=0"]},{"title":"2 izbový byt na Obchodnej ulici v Strážskom, na predaj.","address":"Obchodná, Strážske, okres Michalovce","rooms":2,"meters":53,"totalPrice":57999,"meterSquarePrice":2,"link":"https://www.nehnutelnosti.sk/detail/Juz6eA4t8C3/2-izbovy-byt-na-obchodnej-ulici-v-strazskom-na-predaj","imagesUrls":["https://img.nehnutelnosti.sk/foto/NjAweDMzOC9maWx0ZXJzOnF1YWxpdHkoMTAwKS9uZWg=/y4ZFLfxmz_fss?st=PjokZ2CuA0CXjtxN0b_60HMyVRjupDhEyoiH4oMmVPc&ts=1726000840&e=0"]},{"title":"Predaj 3 izbového bytu na ul. J. Zemana, Noviny","address":"Jána Zemana, Trenčín, okres Trenčín","rooms":3,"meters":91,"totalPrice":285000,"meterSquarePrice":7,"link":"https://www.nehnutelnosti.sk/detail/Judz567-k0P/predaj-3-izboveho-bytu-na-ul-j-zemana-noviny","imagesUrls":["https://img.nehnutelnosti.sk/foto/NjAweDMzOC9maWx0ZXJzOnF1YWxpdHkoMTAwKS9uZWg=/hzV12t01I_fss?st=JO_HuBOG6pOap288Tb8rgsjJvsYzQp9yhOm8zpy-r6I&ts=1723408446&e=0"]},{"title":"Na predaj byt Dolný Kubín, Banisko (3-izbový + pivnica)","address":"Chočská, Dolný Kubín, okres Dolný Kubín","rooms":3,"meters":69,"totalPrice":null,"meterSquarePrice":null,"link":"https://www.nehnutelnosti.sk/detail/JutYi0BWeg8/na-predaj-byt-dolny-kubin-banisko-3-izbovy-pivnica","imagesUrls":["https://img.nehnutelnosti.sk/foto/NjAweDMzOC9maWx0ZXJzOnF1YWxpdHkoMTAwKS9uZWg=/3vMyh5QM4s_fss?st=P5ADYCT_7JTbxcj3EYFz5r4Uf-TYeofV4rExAnYY8l0&ts=1726874704&e=0"]},{"title":"Slnečný kompletne zrekonštruovaný 2-izbový byt vo Valaskej","address":"Nevyplnená, Valaská, okres Brezno","rooms":2,"meters":60,"totalPrice":65000,"meterSquarePrice":3,"link":"https://www.nehnutelnosti.sk/detail/JuRDD9LFt2B/slnecny-kompletne-zrekonstruovany-2-izbovy-byt-vo-valaskej","imagesUrls":["https://img.nehnutelnosti.sk/foto/NjAweDMzOC9maWx0ZXJzOnF1YWxpdHkoMTAwKS9uZWg=/2Y47fu67qi_fss?st=11kMwwP9CVmejwxVyfj0Fu70VvvEv_9w9BqIe9dwE1w&ts=1723153932&e=0"]},{"title":"REZERVOVANÉ ! 3 - izbový byt po kompletnej rekonštrukcii v centre mesta Prievidza","address":"M. Mišíka, Prievidza, okres Prievidza","rooms":3,"meters":66,"totalPrice":null,"meterSquarePrice":null,"link":"https://www.nehnutelnosti.sk/detail/JuZyrkCznoc/rezervovane-3-izbovy-byt-po-kompletnej-rekonstrukcii-v-centre-mesta-prievidza","imagesUrls":["https://img.nehnutelnosti.sk/foto/NjAweDMzOC9maWx0ZXJzOnF1YWxpdHkoMTAwKS9uZWg=/6Z7eFlEe8_fss?st=d1Kmudto4Y1K5Q1AOBg6Setu2RJSZKyVsLVro_Q57x4&ts=1725302261&e=0"]},{"title":"Predaj 1-izbového bytu Martin - Košúty 1 - kompletná rekonštrukcia","address":"Hurbanova, Martin, okres Martin","rooms":1,"meters":27,"totalPrice":78900,"meterSquarePrice":2,"link":"https://www.nehnutelnosti.sk/detail/JusvnlCdEON/predaj-1-izboveho-bytu-martin-kosuty-1-kompletna-rekonstrukcia","imagesUrls":["https://img.nehnutelnosti.sk/foto/NjAweDMzOC9maWx0ZXJzOnF1YWxpdHkoMTAwKS9uZWg=/b801QA69W_fss?st=k-s2rNUEZ6NvR2rP8NbIEZ2c05APmx3cWHj8Jt7b8N4&ts=1723019839&e=0"]}]