[{"title":"Na predaj pekný, zrekonštruovaný 3 izbový byt v Nových Zámkoch","address":"Nové Zámky, okres Nové Zámky","rooms":3,"meters":75,"totalPrice":103000,"meterSquarePrice":0,"link":"https://www.nehnutelnosti.sk/detail/JugTAln6CGK/na-predaj-pekny-zrekonstruovany-3-izbovy-byt-v-novych-zamkoch","imagesUrls":["https://img.nehnutelnosti.sk/foto/NjAweDMzOC9maWx0ZXJzOnF1YWxpdHkoMTAwKS9uZWg=/FfnwDb0TT_fss?st=3uveUpCA1kGBHaizqbdhXY1qvxYgqkK7Ic4-TdYmCRU&ts=1726525325&e=0"]},{"title":"Exkluzívne iba u nás v APEX reality 1i. byt s balkónom za ulici Závalie v Hlohovci, 44 m2","address":"Závalie, Hlohovec, okres Hlohovec","rooms":1,"meters":44,"totalPrice":140000,"meterSquarePrice":2,"link":"https://www.nehnutelnosti.sk/detail/Juq89q7ppCPh/exkluzivne-iba-u-nas-v-apex-reality-1i-byt-s-balkonom-za-ulici-zavalie-v-hlohovci-44-m2","imagesUrls":["https://img.nehnutelnosti.sk/foto/NjAweDMzOC9maWx0ZXJzOnF1YWxpdHkoMTAwKS9uZWg=/xcFEmxWrA_fss?st=0d_phuBWLNi90hWRNWMn_FDkSP51StND0TNUOv80VrA&ts=1710969517&e=0"]},{"title":"Zrekonštruovaný 2 izbový byt spolu so záhradou za skvelú cenu Ožďany","address":"Babin Most, Ožďany, okres Rimavská Sobota","rooms":2,"meters":50,"totalPrice":47500,"meterSquarePrice":0,"link":"https://www.nehnutelnosti.sk/detail/JurPkc51FAN/zrekonstruovany-2-izbovy-byt-spolu-so-zahradou-za-skvelu-cenu-ozdany","imagesUrls":["https://img.nehnutelnosti.sk/foto/NjAweDMzOC9maWx0ZXJzOnF1YWxpdHkoMTAwKS9uZWg=/EE0osryatW_fss?st=r-pCXNom8aKaQJCvMxlvZ0YbQMSECwh-nQHnP6rf2kU&ts=1718289350&e=0"]},{"title":"Predaj veľkometrážny 2 izbový byt mimo hlavnej cesty, tehlový dom, ul. Poštová Handlová","address":"Poštová, Handlová, okres Prievidza","rooms":2,"meters":66,"totalPrice":55000,"meterSquarePrice":9,"link":"https://www.nehnutelnosti.sk/detail/JuEwjp-ft65/predaj-velkometrazny-2-izbovy-byt-mimo-hlavnej-cesty-tehlovy-dom-ul-postova-handlova","imagesUrls":["https://img.unitedclassifieds.sk/foto/NjAweDMzOC9maWx0ZXJzOnF1YWxpdHkoMTAwKS9qdWw=/q54Z87fQo_fss?st=aM7BAIvG5E54z3XGON-B3wRuscrdWYd1dqUKwvSwcuo&ts=1726555116&e=0"]},{"title":"REZERVOVANÝ...Predaj zrekonštruovaný/ zariadený 3 izbový byt s terasou, záhradou a parkovaním, blízk","address":"Mariánska, Prievidza, okres Prievidza","rooms":3,"meters":110,"totalPrice":null,"meterSquarePrice":null,"link":"https://www.nehnutelnosti.sk/detail/JuxbMuAsx47/rezervovany-predaj-zrekonstruovany-zariadeny-3-izbovy-byt-s-terasou-zahradou-a-parkovanim-blizk","imagesUrls":["https://img.unitedclassifieds.sk/foto/NjAweDMzOC9maWx0ZXJzOnF1YWxpdHkoMTAwKS9qdWw=/Y1acmQcOw_fss?st=2UJdr6Ikm_o4S1DCSFOlvVed0q6baoEWyUecbopv7SM&ts=1712832430&e=0"]},{"title":"NA PREDAJ KRÁSNY 3 IZBOVÝ BYT SO ZÁHRADOU A GARÁŽOU","address":"Senec, okres Senec","rooms":3,"meters":72,"totalPrice":238000,"meterSquarePrice":6,"link":"https://www.nehnutelnosti.sk/detail/JuFJkW7KvNJ/na-predaj-krasny-3-izbovy-byt-so-zahradou-a-garazou","imagesUrls":["https://img.unitedclassifieds.sk/foto/NjAweDMzOC9maWx0ZXJzOnF1YWxpdHkoMTAwKS9qdWw=/-22pp6EG4_fss?st=_n1H-1ys6alPC42DS93ob4zvlHwt9B6cAG3MQDu_6uI&ts=1723456469&e=0"]},{"title":"Predaj 3 izbový byt s balkónom a klimatizáciou Staré sídlisko / kompletná nová rekonštrukcia 2024","address":"A. Rudnaya, Prievidza, okres Prievidza","rooms":3,"meters":57,"totalPrice":109000,"meterSquarePrice":8,"link":"https://www.nehnutelnosti.sk/detail/JuNQwPFvDwC/predaj-3-izbovy-byt-s-balkonom-a-klimatizaciou-stare-sidlisko-kompletna-nova-rekonstrukcia-2024","imagesUrls":["https://img.unitedclassifieds.sk/foto/NjAweDMzOC9maWx0ZXJzOnF1YWxpdHkoMTAwKS9qdWw=/9WIH_xLDF_fss?st=BcE8qyT-HJ7P0s43-uIEye78AH9NAsc9x15R00j7m7s&ts=1726143520&e=0"]},{"title":"Predaj 3 izbový byt s balkónom Staré sídlisko / kompletná nová rekonštrukcia","address":"A. Rudnaya, Prievidza, okres Prievidza","rooms":3,"meters":57,"totalPrice":109000,"meterSquarePrice":8,"link":"https://www.nehnutelnosti.sk/detail/JugaTO4Vp1z/predaj-3-izbovy-byt-s-balkonom-stare-sidlisko-kompletna-nova-rekonstrukcia","imagesUrls":["https://img.unitedclassifieds.sk/foto/NjAweDMzOC9maWx0ZXJzOnF1YWxpdHkoMTAwKS9qdWw=/cUgmg1zuo_fss?st=Xe-X7Gn_pAosyMzl-3Jm9RYIxEvcLrbBBqvh9DedVKs&ts=1725395287&e=0"]},{"title":"4–IZB.BYT V DVOJDOME, NOVOSTAVBA, ZÁHRADA, 2.PAKR.STÁTIA,HVIEZDOSLAVOV","address":"Kvetoslavov, Kvetoslavov, okres Dunajská Streda","rooms":4,"meters":91,"totalPrice":184900,"meterSquarePrice":7,"link":"https://www.nehnutelnosti.sk/detail/JuF9PRX17ta/4izb-byt-v-dvojdome-novostavba-zahrada-2-pakr-statia-hviezdoslavov","imagesUrls":["https://img.unitedclassifieds.sk/foto/NjAweDMzOC9maWx0ZXJzOnF1YWxpdHkoMTAwKS9yc2Y=/Z8V73xeyE_fss?st=XDGwrdL8aU1175IBgQIfy01r6xfk4KhexDrHIYED7Co&ts=1715737303&e=0"]},{"title":"4,5 – IZB. BYT, ZÁHRADA, 3 PARK. STÁTIA, PRI JAZERE, SLOVENSKÝ GROB","address":"Pezinok, Pezinok, okres Pezinok","rooms":3,"meters":127,"totalPrice":285000,"meterSquarePrice":4,"link":"https://www.nehnutelnosti.sk/detail/Ju2R32U05qE/4-5-izb-byt-zahrada-3-park-statia-pri-jazere-slovensky-grob","imagesUrls":["https://img.unitedclassifieds.sk/foto/NjAweDMzOC9maWx0ZXJzOnF1YWxpdHkoMTAwKS9yc2Y=/540izt8UQ_fss?st=973CDUMcU5WgiAWDhUXPdvoQgPwz3gaCgkK2RVnlUTo&ts=1718665567&e=0"]},{"title":"4,5 – IZB. BYT, ZÁHRADA, 3 PARK. STÁTIA, PRI JAZERE, SLOVENSKÝ GROB","address":"Pezinok, Pezinok, okres Pezinok","rooms":4,"meters":127,"totalPrice":285000,"meterSquarePrice":4,"link":"https://www.nehnutelnosti.sk/detail/JuaZxtD--PS/4-5-izb-byt-zahrada-3-park-statia-pri-jazere-slovensky-grob","imagesUrls":["https://img.unitedclassifieds.sk/foto/NjAweDMzOC9maWx0ZXJzOnF1YWxpdHkoMTAwKS9yc2Y=/2By_4Fn4H_fss?st=keBLeBhZXHF-aw29w6vaAAV0vwvuUqpvhG3E4mEX5Ng&ts=1718666173&e=0"]},{"title":"Nadštandardný 3-izbový byt s garážou v Poprade-Veľkej","address":"Vodárenská, Poprad, okres Poprad","rooms":3,"meters":93,"totalPrice":239000,"meterSquarePrice":9,"link":"https://www.nehnutelnosti.sk/detail/JuS4HznDSax/nadstandardny-3-izbovy-byt-s-garazou-v-poprade-velkej","imagesUrls":["https://img.nehnutelnosti.sk/foto/NjAweDMzOC9maWx0ZXJzOnF1YWxpdHkoMTAwKS9uZWg=/uLhjLUVn2_fss?st=0rkqvD8uyJ1tRcgjRnmLazoEt2AkQOX_RZjPQDIX0fQ&ts=1724074383&e=0"]},{"title":"Ponúkame na predaj krásny moderný trojizbový byt v centre mesta Poprad","address":"Francisciho, Poprad, okres Poprad","rooms":3,"meters":101,"totalPrice":287000,"meterSquarePrice":4,"link":"https://www.nehnutelnosti.sk/detail/JuCZEbNR_JX/ponukame-na-predaj-krasny-moderny-trojizbovy-byt-v-centre-mesta-poprad","imagesUrls":["https://img.nehnutelnosti.sk/foto/NjAweDMzOC9maWx0ZXJzOnF1YWxpdHkoMTAwKS9uZWg=/UKLgXUGZSX_fss?st=nANqOfFnhCCz6jbK9wpIeDlh0mVI1vCYSL9ecHfZG2g&ts=1720603118&e=0"]},{"title":"Na predaj krásny moderný byt s terasou v centre mesta Poprad","address":"Francisciho, Poprad, okres Poprad","rooms":3,"meters":89,"totalPrice":275000,"meterSquarePrice":3,"link":"https://www.nehnutelnosti.sk/detail/JuhM-alPF5b/na-predaj-krasny-moderny-byt-s-terasou-v-centre-mesta-poprad","imagesUrls":["https://img.nehnutelnosti.sk/foto/NjAweDMzOC9maWx0ZXJzOnF1YWxpdHkoMTAwKS9uZWg=/E3RdlxBQa_fss?st=bchxZiDKr7BZcxG7c7_MVpIoCGiAOqFzgedq8yyRRcM&ts=1720603125&e=0"]},{"title":"Exkluzívny veľkometrážny podkrovný byt v Poprade-Veľkej","address":"Vodárenská, Poprad, okres Poprad","rooms":4,"meters":130,"totalPrice":285000,"meterSquarePrice":1,"link":"https://www.nehnutelnosti.sk/detail/JuBZZsGW2rbi/exkluzivny-velkometrazny-podkrovny-byt-v-poprade-velkej","imagesUrls":["https://img.nehnutelnosti.sk/foto/NjAweDMzOC9maWx0ZXJzOnF1YWxpdHkoMTAwKS9uZWg=/vjc67c1el_fss?st=3C5MPaTxWgCOkJ_hzaQ6baGRTS5mGlLdLH9f60_0VMw&ts=1721900378&e=0"]},{"title":"Exkluzívne ponúkame na predaj trojizbový byt v Poprade Veľkej","address":"Vodárenská, Poprad, okres Poprad","rooms":3,"meters":103,"totalPrice":285000,"meterSquarePrice":9,"link":"https://www.nehnutelnosti.sk/detail/JuoMIOtaBYN/exkluzivne-ponukame-na-predaj-trojizbovy-byt-v-poprade-velkej","imagesUrls":["https://img.nehnutelnosti.sk/foto/NjAweDMzOC9maWx0ZXJzOnF1YWxpdHkoMTAwKS9uZWg=/9vxPZgvI5_fss?st=3mir5Vp8arZ7SrszsypZWJDxwXnh24zUb-ZIERK-h0s&ts=1721900374&e=0"]},{"title":"Ponúkame na predaj priestranný trojizbový byt, ktorý sa nachádza v centre mesta Poprad","address":"Francisciho, Poprad, okres Poprad","rooms":3,"meters":99,"totalPrice":285000,"meterSquarePrice":3,"link":"https://www.nehnutelnosti.sk/detail/JuioTYK1hUz/ponukame-na-predaj-priestranny-trojizbovy-byt-ktory-sa-nachadza-v-centre-mesta-poprad","imagesUrls":["https://img.nehnutelnosti.sk/foto/NjAweDMzOC9maWx0ZXJzOnF1YWxpdHkoMTAwKS9uZWg=/5H0SZougmu_fss?st=L-sNiUdRBb-Roxc-6O0aanMpeKBRnHVZvoijGd1nXnE&ts=1720603115&e=0"]},{"title":"Na predaj krásny 3-izbový byt s terasou a výhľadom na Vysoké Tatry v centre Popradu","address":"Francisciho, Poprad, okres Poprad","rooms":3,"meters":87,"totalPrice":275000,"meterSquarePrice":4,"link":"https://www.nehnutelnosti.sk/detail/JuPbUfswtqK/na-predaj-krasny-3-izbovy-byt-s-terasou-a-vyhladom-na-vysoke-tatry-v-centre-popradu","imagesUrls":["https://img.nehnutelnosti.sk/foto/NjAweDMzOC9maWx0ZXJzOnF1YWxpdHkoMTAwKS9uZWg=/InTi31E5t_fss?st=UC4tSC_dp4fmNHGdIwptJJEmyKrJtZVmBopcivo0zbQ&ts=1709938594&e=0"]},{"title":"REZERVOVANÉ Jedinečná ponuka 3 izbového tehlového bytu pod Kúpeľmi so záhradou a dielňou SLIAČ","address":"Zvolen, okres Zvolen","rooms":3,"meters":78,"totalPrice":189000,"meterSquarePrice":8,"link":"https://www.nehnutelnosti.sk/detail/JuZpoC2D-TP/rezervovane-jedinecna-ponuka-3-izboveho-tehloveho-bytu-pod-kupelmi-so-zahradou-a-dielnou-sliac","imagesUrls":["https://img.nehnutelnosti.sk/foto/NjAweDMzOC9maWx0ZXJzOnF1YWxpdHkoMTAwKS9uZWg=/Bcf02qk3xt_fss?st=_eC_8_y6DuHsU184jUB1ZJlqjYtylQQ93MESVxEMk2g&ts=1719549885&e=0"]},{"title":"REZERVOVANÉ Úžasný 3 izbový tehlový byt 78 m2 so záhradou a dielňou KÚPEĽNÁ ulica SLIAČ","address":"Kúpeľná, Sliač, okres Zvolen","rooms":3,"meters":78,"totalPrice":null,"meterSquarePrice":null,"link":"https://www.nehnutelnosti.sk/detail/Jua9j8txr5Z/rezervovane-uzasny-3-izbovy-tehlovy-byt-78-m2-so-zahradou-a-dielnou-kupelna-ulica-sliac","imagesUrls":["https://img.nehnutelnosti.sk/foto/NjAweDMzOC9maWx0ZXJzOnF1YWxpdHkoMTAwKS9uZWg=/r1EplBx9t7_fss?st=RJSDy3nSeZLjQ4cnEq8uPJITJ4C8USqEFfQ4qSRtvAk&ts=1719549882&e=0"]},{"title":"REZERVOVANÉ Krásny 3 izbový tehlový byt po rekonštrukcii s veľkou lodžiou 85 m2 v obľúbenej lokalite","address":"Červenej armády, Martin, okres Martin","rooms":3,"meters":85,"totalPrice":159900,"meterSquarePrice":8,"link":"https://www.nehnutelnosti.sk/detail/JucZ9tYymin/rezervovane-krasny-3-izbovy-tehlovy-byt-po-rekonstrukcii-s-velkou-lodziou-85-m2-v-oblubenej-lokalite","imagesUrls":["https://img.nehnutelnosti.sk/foto/NjAweDMzOC9maWx0ZXJzOnF1YWxpdHkoMTAwKS9uZWg=/qukoliUaA_fss?st=jGBVg7JOppBlk7HrfuD0R7nT5tSdUNmZMTavaBq1Czg&ts=1715320940&e=0"]},{"title":"REZERVOVANÉ Elegantný zrekonštruovaný 3 izbový byt s balkónom + komplet zariadenie bytu v cene","address":"Gorkého, Sliač, okres Zvolen","rooms":3,"meters":57,"totalPrice":149900,"meterSquarePrice":2,"link":"https://www.nehnutelnosti.sk/detail/JuzPa1iV3fi/rezervovane-elegantny-zrekonstruovany-3-izbovy-byt-s-balkonom-komplet-zariadenie-bytu-v-cene","imagesUrls":["https://img.nehnutelnosti.sk/foto/NjAweDMzOC9maWx0ZXJzOnF1YWxpdHkoMTAwKS9uZWg=/UXB4auNKx_fss?st=eJ9Vf_th6mhWiFSteqQ8K01oLeWHDJ4hoP_F3jrBB4U&ts=1707118414&e=0"]},{"title":"REZERVOVANÉ Lukratívny mezonet v CENTRE mesta 133 m2 s 2 kúpeľňami a parkovaním vo dvore","address":"Študentská, Zvolen, okres Zvolen","rooms":4,"meters":133,"totalPrice":239900,"meterSquarePrice":6,"link":"https://www.nehnutelnosti.sk/detail/JueEQRHHuWI/rezervovane-lukrativny-mezonet-v-centre-mesta-133-m2-s-2-kupelnami-a-parkovanim-vo-dvore","imagesUrls":["https://img.nehnutelnosti.sk/foto/NjAweDMzOC9maWx0ZXJzOnF1YWxpdHkoMTAwKS9uZWg=/HhoFZbccY_fss?st=Rbb6FOmfhHv3k8i7Z4wYplaYswunK2EynlVhsL4Oxq8&ts=1724303995&e=0"]},{"title":"LUKRATÍVNA PONUKA 3 izbový tehlový byt s kompletným zariadením CENTRUM","address":"Zvolen, okres Zvolen","rooms":3,"meters":75,"totalPrice":210000,"meterSquarePrice":0,"link":"https://www.nehnutelnosti.sk/detail/Ju8Ac3LthGg/lukrativna-ponuka-3-izbovy-tehlovy-byt-s-kompletnym-zariadenim-centrum","imagesUrls":["https://img.nehnutelnosti.sk/foto/NjAweDMzOC9maWx0ZXJzOnF1YWxpdHkoMTAwKS9uZWg=/w7zO8QImPo_fss?st=PnuIe7bifgJI4r08CvXc7QyqRHP1XHffvnaS0lTKGJ8&ts=1719068353&e=0"]},{"title":"REZERVOVANÉ CENTRUM mesta 5 izbový MEZONET 133 m2 v pokojnej časti blízko parku","address":"Študentská, Zvolen, okres Zvolen","rooms":null,"meters":133,"totalPrice":239900,"meterSquarePrice":6,"link":"https://www.nehnutelnosti.sk/detail/JuiEc0_Bgxl/rezervovane-centrum-mesta-5-izbovy-mezonet-133-m2-v-pokojnej-casti-blizko-parku","imagesUrls":["https://img.nehnutelnosti.sk/foto/NjAweDMzOC9maWx0ZXJzOnF1YWxpdHkoMTAwKS9uZWg=/2jrt62IaJB_fss?st=m7keIfGHoOqJWtxZuZOtI5UnTrmUBJ5eO6OnlS7Ziww&ts=1724303992&e=0"]},{"title":"CENTRUM kompletne moderne zrekonštruovaný 3 izb.byt","address":"J. Kozačeka, Zvolen, okres Zvolen","rooms":3,"meters":62,"totalPrice":149900,"meterSquarePrice":4,"link":"https://www.nehnutelnosti.sk/detail/Ju3S2HRddLd/centrum-kompletne-moderne-zrekonstruovany-3-izb-byt","imagesUrls":["https://img.nehnutelnosti.sk/foto/NjAweDMzOC9maWx0ZXJzOnF1YWxpdHkoMTAwKS9uZWg=/BglQMunM7c_fss?st=5-aGR1vFpTDH9VYryhVZNsI493rbIOoJbIt1LK76sY4&ts=1720072142&e=0"]},{"title":"4 izbový byt po kompletnej rekonštrukcii SUPER LOKALITA","address":"M. Rázusa, Zvolen, okres Zvolen","rooms":4,"meters":79,"totalPrice":179000,"meterSquarePrice":2,"link":"https://www.nehnutelnosti.sk/detail/JuwcJmgg-F1/4-izbovy-byt-po-kompletnej-rekonstrukcii-super-lokalita","imagesUrls":["https://img.nehnutelnosti.sk/foto/NjAweDMzOC9maWx0ZXJzOnF1YWxpdHkoMTAwKS9uZWg=/4fvscrIVA_fss?st=6JMI4vvLvwgMmGj8HFIlOTCpGnYU9ROERzfPbuQBBHU&ts=1712518079&e=0"]},{"title":"REZERVOVANÉ Príjemný 3 izbový byt s lodžiou a veľkou pivnicou 77 m2 ZÁPAD","address":"Strážska cesta, Zvolen, okres Zvolen","rooms":3,"meters":77,"totalPrice":null,"meterSquarePrice":null,"link":"https://www.nehnutelnosti.sk/detail/Ju04xlknBMX/rezervovane-prijemny-3-izbovy-byt-s-lodziou-a-velkou-pivnicou-77-m2-zapad","imagesUrls":["https://img.nehnutelnosti.sk/foto/NjAweDMzOC9maWx0ZXJzOnF1YWxpdHkoMTAwKS9uZWg=/FgyYTEV_D3_fss?st=nEq6zHaOElchss5Jp4XelPJAV3Sjhoqqh9E_FojFrFo&ts=1716968406&e=0"]},{"title":"PREDAJ: 4-izbový byt Tupolevova-Petržalka","address":"Tupolevova, Bratislava V - Petržalka, okres Bratislava","rooms":4,"meters":88,"totalPrice":249000,"meterSquarePrice":5,"link":"https://www.nehnutelnosti.sk/detail/JuAEGtYjQnZ/predaj-4-izbovy-byt-tupolevova-petrzalka","imagesUrls":["https://img.nehnutelnosti.sk/foto/NjAweDMzOC9maWx0ZXJzOnF1YWxpdHkoMTAwKS9uZWg=/IkgCU1Ko6_fss?st=fdH-AElZTUWBapyUioLbAWmRD2HtXLL3GEjzzkeACBk&ts=1726518920&e=0"]},{"title":"Veľký 2-izbový byt s predzáhradkou a park. miestom","address":"Opoj 375, Opoj, okres Trnava","rooms":2,"meters":70,"totalPrice":179990,"meterSquarePrice":9,"link":"https://www.nehnutelnosti.sk/detail/JurzPqt9e0g/velky-2-izbovy-byt-s-predzahradkou-a-park-miestom","imagesUrls":["https://img.nehnutelnosti.sk/foto/NjAweDMzOC9maWx0ZXJzOnF1YWxpdHkoMTAwKS9uZWg=/zmCLJ3EA8_fss?st=0UC79t5wSEkZ1x_b8D3eLituLj6gkOuzwUCdvjWqk98&ts=1724003180&e=0"]}]