[{"title":"Dizajnový 2-izb.byt Šancová ul.","address":"Šancová 3569/55, Bratislava III - Nové Mesto, okres Bratislava","rooms":2,"meters":46,"totalPrice":null,"meterSquarePrice":null,"link":"https://www.nehnutelnosti.sk/detail/JuOf7jHjGp4/dizajnovy-2-izb-byt-sancova-ul","imagesUrls":["https://img.nehnutelnosti.sk/foto/NjAweDMzOC9maWx0ZXJzOnF1YWxpdHkoMTAwKS9uZWg=/jf5UqMHU-G_fss?st=DGLJz3UdCXo6ltTZxS8HWaD00D5BOgleuGNninyS2yQ&ts=1723205475&e=0","https://img.nehnutelnosti.sk/foto/MTUweDg0L2ZpbHRlcnM6cXVhbGl0eSgxMDApL25laA==/lT9PY0h6lK_fss?st=k3QrIk-H4EhZzbnTpXADVYWyFZPTjkkmSLsZyolDQ0c&ts=1723205476&e=0","https://img.nehnutelnosti.sk/foto/MTUweDg0L2ZpbHRlcnM6cXVhbGl0eSgxMDApL25laA==/4tBOmwp9P_fss?st=JmBMzX8McWVE0hasIneEYn5DcCfBeP98F4TY3iMt85g&ts=1723205476&e=0","https://img.nehnutelnosti.sk/foto/MTUweDg0L2ZpbHRlcnM6cXVhbGl0eSgxMDApL25laA==/iGJbFdTnG_fss?st=hSUDDkwhAjwG_7qGo91lu5cxQ-WXrXo7mMVX_wCK67c&ts=1723205475&e=0"]},{"title":"Atraktívny 2-izbový byt Šancová","address":"Šancová, Bratislava I - Staré Mesto, okres Bratislava","rooms":2,"meters":46,"totalPrice":null,"meterSquarePrice":null,"link":"https://www.nehnutelnosti.sk/detail/JuZPJyV1j4c/atraktivny-2-izbovy-byt-sancova","imagesUrls":["https://img.nehnutelnosti.sk/foto/NjAweDMzOC9maWx0ZXJzOnF1YWxpdHkoMTAwKS9uZWg=/xUzRXzQKG_fss?st=bvtZm_DFvK-8rLQmEcWNFAgV_tW7YDrjCuJ9YomFyd4&ts=1723491076&e=0","https://img.nehnutelnosti.sk/foto/MTUweDg0L2ZpbHRlcnM6cXVhbGl0eSgxMDApL25laA==/oH_LhbYWt_fss?st=coZK7bpSR5ZWI3tLo6VIDYnKASJyFgHHIjHIk_2sgkw&ts=1723491076&e=0","https://img.nehnutelnosti.sk/foto/MTUweDg0L2ZpbHRlcnM6cXVhbGl0eSgxMDApL25laA==/-ihE4UIIF_fss?st=fJmtoP3VJFRE1zMn56fVH68PeLxyZTSaKBOc-RtLG-w&ts=1723491072&e=0","https://img.nehnutelnosti.sk/foto/MTUweDg0L2ZpbHRlcnM6cXVhbGl0eSgxMDApL25laA==/R61oV9yaC_fss?st=Tsb9ZaWjH7GC8zIxVkPMpRFmoq7L0tEyEtB3m-63nqY&ts=1723491075&e=0"]},{"title":"Nová kompletná rekonštrukcia na skok do mesta","address":"Bulíkova, Bratislava V - Petržalka, okres Bratislava","rooms":3,"meters":74,"totalPrice":259000,"meterSquarePrice":0,"link":"https://www.nehnutelnosti.sk/detail/Ju5-_8-1-tB/nova-kompletna-rekonstrukcia-na-skok-do-mesta","imagesUrls":["https://img.nehnutelnosti.sk/foto/NjAweDMzOC9maWx0ZXJzOnF1YWxpdHkoMTAwKS9uZWg=/ogQQYVHFQ_fss?st=CDvL54RJcFlPFyqiXxE_sGWwBEyyCJ5uFMNySazUaNw&ts=1725883476&e=0","https://img.nehnutelnosti.sk/foto/MTUweDg0L2ZpbHRlcnM6cXVhbGl0eSgxMDApL25laA==/RYBuml-3Td_fss?st=R4W2Ow1pPjZ7EzfuM2McCb46cGnKtn52_P5ssciGWZc&ts=1725883484&e=0","https://img.nehnutelnosti.sk/foto/MTUweDg0L2ZpbHRlcnM6cXVhbGl0eSgxMDApL25laA==/452S_oEVTf_fss?st=zMneW4u2zgL--NV-95o1gm5LgSld7ZNfdyi4HqMOa6w&ts=1725883480&e=0","https://img.nehnutelnosti.sk/foto/MTUweDg0L2ZpbHRlcnM6cXVhbGl0eSgxMDApL25laA==/YU2FK92DY_fss?st=K6zDihSmQSKwQ3gj2y5yoO-fNFVkLYjJ4cZe43L_eig&ts=1725883473&e=0"]},{"title":"Veľký 3izbový byt s 2mi loggiami a šatníkom, Janotova, BA IV.","address":"Janotova, Bratislava IV - Karlova Ves, okres Bratislava","rooms":3,"meters":96,"totalPrice":234500,"meterSquarePrice":1,"link":"https://www.nehnutelnosti.sk/detail/JuyQbCaqdDN8/velky-3izbovy-byt-s-2mi-loggiami-a-satnikom-janotova-ba-iv","imagesUrls":["https://img.nehnutelnosti.sk/foto/NjAweDMzOC9maWx0ZXJzOnF1YWxpdHkoMTAwKS9uZWg=/55P3Na70tY_fss?st=LDywpB-qBsVHRvAdCxwK5uL0W1bKW58vUnlmmaihF2k&ts=1721386000&e=0","https://img.nehnutelnosti.sk/foto/MTUweDg0L2ZpbHRlcnM6cXVhbGl0eSgxMDApL25laA==/0_M2EG8qz_fss?st=uHZ8cjNoS9TzBoFEyVEb3HXs_lA3dzxMxxbxI_Mub_U&ts=1721385997&e=0","https://img.nehnutelnosti.sk/foto/MTUweDg0L2ZpbHRlcnM6cXVhbGl0eSgxMDApL25laA==/IUx0IFs-cl_fss?st=_Cj-VajwtqTfcKf-bZ7nbL_rA6jy8XxKB7oBAoXcQ6w&ts=1721385998&e=0","https://img.nehnutelnosti.sk/foto/MTUweDg0L2ZpbHRlcnM6cXVhbGl0eSgxMDApL25laA==/6_qJx2-kKn_fss?st=pVlJdQ2pSwX0dOKenQ5YM_HUbwfcEHca52n_Rquv5HE&ts=1721386000&e=0"]},{"title":"Veľký 2 izbový byt s balkónom v KOPRIVNICI, BA IV.","address":"Koprivnická, Bratislava IV - Dúbravka, okres Bratislava","rooms":2,"meters":58,"totalPrice":219000,"meterSquarePrice":6,"link":"https://www.nehnutelnosti.sk/detail/JuOEkhOZ48O/velky-2-izbovy-byt-s-balkonom-v-koprivnici-ba-iv","imagesUrls":["https://img.nehnutelnosti.sk/foto/NjAweDMzOC9maWx0ZXJzOnF1YWxpdHkoMTAwKS9uZWg=/2PgyJdD22_fss?st=WgEtekXD1JJtNLSH2CvB7Bh98RyEsXMuHFikbPVm6SY&ts=1725627078&e=0","https://img.nehnutelnosti.sk/foto/MTUweDg0L2ZpbHRlcnM6cXVhbGl0eSgxMDApL25laA==/3gT5vyLFu_fss?st=quA6qPfP3xwYzkw9CfITSrxzrpi-bwY1ef9b7jgfKUg&ts=1725627077&e=0","https://img.nehnutelnosti.sk/foto/MTUweDg0L2ZpbHRlcnM6cXVhbGl0eSgxMDApL25laA==/wMJSythkwY_fss?st=2Hrf5aW8GcJohp_pOvwoiakuDF_XB8LFZbwMi0176u4&ts=1725627076&e=0","https://img.nehnutelnosti.sk/foto/MTUweDg0L2ZpbHRlcnM6cXVhbGl0eSgxMDApL25laA==/QJz5onUBv_fss?st=Y9rEr2UGif1R7ne3ZS7k4H8sKV_yXGH_1sqDWRHbdWM&ts=1725627079&e=0"]},{"title":"SUPER CENA: Zrekonštruovaný 3 izbový byt, Bratislava - Staré mesto","address":"Tabaková, Bratislava I - Staré Mesto, okres Bratislava","rooms":3,"meters":null,"totalPrice":null,"meterSquarePrice":null,"link":"https://www.nehnutelnosti.sk/detail/JuUq9HCLKsj/super-cena-zrekonstruovany-3-izbovy-byt-bratislava-stare-mesto","imagesUrls":["https://img.nehnutelnosti.sk/foto/NjAweDMzOC9maWx0ZXJzOnF1YWxpdHkoMTAwKS9uZWg=/MSacr0mhn_fss?st=V76C7TSieXL-9u4I7-zHA4rKOr72wCeprlYL0OkDP6c&ts=1723164137&e=0","https://img.nehnutelnosti.sk/foto/MTUweDg0L2ZpbHRlcnM6cXVhbGl0eSgxMDApL25laA==/-tfDfTolq_fss?st=CUwJCOaestLE4iEFZxl8NDTacI2V-dxfAPYcqNEO6S8&ts=1723164132&e=0","https://img.nehnutelnosti.sk/foto/MTUweDg0L2ZpbHRlcnM6cXVhbGl0eSgxMDApL25laA==/O9Q5fC3w5U_fss?st=OPyS8dpncIielR_nta-Mpl1mElsTkGWkAbnaWmoKaRA&ts=1723164137&e=0","https://img.nehnutelnosti.sk/foto/MTUweDg0L2ZpbHRlcnM6cXVhbGl0eSgxMDApL25laA==/URwXURBc9T_fss?st=9adqp0fRPNQnihC-DTk8kO97yf0f3EksclqQHNNYzPk&ts=1723164137&e=0"]},{"title":"Predaj 3-izbového bytu, Čermánske námestie, Čermánske námestie, Nitra","address":"Čermánske námestie, Nitra, okres Nitra","rooms":3,"meters":98,"totalPrice":220000,"meterSquarePrice":6,"link":"https://www.nehnutelnosti.sk/detail/JuG8I0sx1Kh/predaj-3-izboveho-bytu-cermanske-namestie-cermanske-namestie-nitra","imagesUrls":["https://img.nehnutelnosti.sk/foto/NjAweDMzOC9maWx0ZXJzOnF1YWxpdHkoMTAwKS9uZWg=/TLdiODvIx_fss?st=IyBq7jyhrS7_B-95KA02kjiCNJQTjI37n1CQQEOM8EA&ts=1722819117&e=0","https://img.nehnutelnosti.sk/foto/MTUweDg0L2ZpbHRlcnM6cXVhbGl0eSgxMDApL25laA==/NlViseeqt_fss?st=yo5pVQpzNu44AYiuwGRT_XW4JTACA34ivIMh74jbTgQ&ts=1722819119&e=0","https://img.nehnutelnosti.sk/foto/MTUweDg0L2ZpbHRlcnM6cXVhbGl0eSgxMDApL25laA==/WgP8EjNso1_fss?st=na4Jj5tRmp_WZnl34yKUrmNvDU7DriCcsiIB-BhbhUE&ts=1722819120&e=0","https://img.nehnutelnosti.sk/foto/MTUweDg0L2ZpbHRlcnM6cXVhbGl0eSgxMDApL25laA==/GPAr6gK9xF_fss?st=q_qRP7EHwW8T0LK2zae99pCtmvXqQ6qCykb0TOvnfak&ts=1722819122&e=0"]},{"title":"VÝNIMOČNÝ 3,5 IZBOVÝ BYT V CENTRE MESTA SEREĎ","address":"Námestie Slobody, Sereď, okres Galanta","rooms":3,"meters":73,"totalPrice":114900,"meterSquarePrice":7,"link":"https://www.nehnutelnosti.sk/detail/JumUCHCHIgh/vynimocny-3-5-izbovy-byt-v-centre-mesta-sered","imagesUrls":["https://img.nehnutelnosti.sk/foto/NjAweDMzOC9maWx0ZXJzOnF1YWxpdHkoMTAwKS9uZWg=/dxWdgoOG3_fss?st=gdHCv_P_1i5CXaWZVZ6BV4_MCQt6ZSehbdio0havfEw&ts=1722459979&e=0","https://img.nehnutelnosti.sk/foto/MTUweDg0L2ZpbHRlcnM6cXVhbGl0eSgxMDApL25laA==/0-Sp-CMID_fss?st=roVp1aFAoeAqt5-NrOw-OfoIc9y9E0wyQjBTYqYXs0w&ts=1722459981&e=0","https://img.nehnutelnosti.sk/foto/MTUweDg0L2ZpbHRlcnM6cXVhbGl0eSgxMDApL25laA==/wVKmi4T1S_fss?st=Ox38LlPEiUw8fIjv7_RX3bWpa3b6BfT4QAM16UM-slE&ts=1722459981&e=0","https://img.nehnutelnosti.sk/foto/MTUweDg0L2ZpbHRlcnM6cXVhbGl0eSgxMDApL25laA==/UbeRmCCF6_fss?st=tIAPhZ4irhwb4LXGMTFRMZ7yBzZOWQtFts644Szqoy4&ts=1722459979&e=0"]},{"title":"North Residence - 3 izbový nadštandardný byt","address":"Na Karasiny, Prievidza, okres Prievidza","rooms":3,"meters":92,"totalPrice":285000,"meterSquarePrice":3,"link":"https://www.nehnutelnosti.sk/detail/Ju0L4oGRUTF/north-residence-3-izbovy-nadstandardny-byt","imagesUrls":["https://img.nehnutelnosti.sk/foto/NjAweDMzOC9maWx0ZXJzOnF1YWxpdHkoMTAwKS9uZWg=/nGdhxCXnnB_fss?st=uUGI3R3YA9nWnaOEucs7O_lRTpMuCzsWiixXcDIvjDk&ts=1722026712&e=0","https://img.nehnutelnosti.sk/foto/MTUweDg0L2ZpbHRlcnM6cXVhbGl0eSgxMDApL25laA==/FIGDj21IG_fss?st=SquEkoKlRQ8SgiaBh6clM3g8P4PbX72CFJ5_53RWPd8&ts=1722026702&e=0","https://img.nehnutelnosti.sk/foto/MTUweDg0L2ZpbHRlcnM6cXVhbGl0eSgxMDApL25laA==/hWfGzVyu-t_fss?st=j9CZOPwepgIXvQjGdc61hIVbxw2MtDXkXvyKQMMhLnU&ts=1722026712&e=0","https://img.nehnutelnosti.sk/foto/MTUweDg0L2ZpbHRlcnM6cXVhbGl0eSgxMDApL25laA==/q3XJWqdG-_fss?st=GLV0WCI5XReunDTYqKa3PCvuczDIsWvrD42bIFU4csU&ts=1722026706&e=0"]},{"title":"2 izb. byt Moldavská ul., Štrkovec, 3/3 posch., BALKÓN","address":"Moldavská, Bratislava II - Ružinov, okres Bratislava","rooms":2,"meters":55,"totalPrice":195000,"meterSquarePrice":5,"link":"https://www.nehnutelnosti.sk/detail/JuqC6XyhFnv/2-izb-byt-moldavska-ul-strkovec-3-3-posch-balkon","imagesUrls":["https://img.unitedclassifieds.sk/foto/NjAweDMzOC9maWx0ZXJzOnF1YWxpdHkoMTAwKS9qdWw=/50RPnBpw8_fss?st=8PhGpZYfpObO4HpLVG7lokyZjvzfK8sYnkdHWQxOwU8&ts=1726774056&e=0","https://img.unitedclassifieds.sk/foto/MTUweDg0L2ZpbHRlcnM6cXVhbGl0eSgxMDApL2p1bA==/Ug-iwnqIo_fss?st=GzQqZBQp-aMb8TOXGvzB6FIjTjncTYENsvrgXy_x74o&ts=1726774081&e=0","https://img.unitedclassifieds.sk/foto/MTUweDg0L2ZpbHRlcnM6cXVhbGl0eSgxMDApL2p1bA==/6vdXPRhU7_fss?st=oFHosNI9zlIauHo5_bjCZbwuT-I_UcYJEqCg7LTuP0w&ts=1726774099&e=0","https://img.unitedclassifieds.sk/foto/MTUweDg0L2ZpbHRlcnM6cXVhbGl0eSgxMDApL2p1bA==/9ABovuVCj_fss?st=Fb2IDHTji5T9_u6yQK7VcMhBknh7hbwLjBETAH2DfT8&ts=1726774130&e=0"]},{"title":"IMPEREAL - NA PREDAJ 4- izb.byt v Ružinove - KOMPLETNÁ NOVÁ REKONŠTRUKCIA","address":"Martinčekova, Bratislava II - Ružinov, okres Bratislava","rooms":4,"meters":82,"totalPrice":265900,"meterSquarePrice":4,"link":"https://www.nehnutelnosti.sk/detail/JuOXUH1XE7d/impereal-na-predaj-4-izb-byt-v-ruzinove-kompletna-nova-rekonstrukcia","imagesUrls":["https://img.nehnutelnosti.sk/foto/NjAweDMzOC9maWx0ZXJzOnF1YWxpdHkoMTAwKS9uZWg=/RmeBYgpIy_fss?st=PYZDrqJ1PbY5ILWJBIVJUnht1z-26KG2HadJCMcBRTs&ts=1725960784&e=0","https://img.nehnutelnosti.sk/foto/MTUweDg0L2ZpbHRlcnM6cXVhbGl0eSgxMDApL25laA==/prF0y3OYV_fss?st=47soa66R3NWkjpKaLEArhejBMDLzqJcu9gtTabdfUDU&ts=1725960786&e=0","https://img.nehnutelnosti.sk/foto/MTUweDg0L2ZpbHRlcnM6cXVhbGl0eSgxMDApL25laA==/4E-JhIh0N_fss?st=PZQQi5Aqbz7f-yzn3Mo4Ktn_-5b31jIWYaE8ZluHkBc&ts=1725960786&e=0","https://img.nehnutelnosti.sk/foto/MTUweDg0L2ZpbHRlcnM6cXVhbGl0eSgxMDApL25laA==/YPUxfmnR4_fss?st=INjLTbsGs_ksXGr77miNLDq7dJH5KcvC5tNLeXAK_0Q&ts=1725960782&e=0"]},{"title":"1,5 izbový byt RTM, unikátna dispozícia v Noemis","address":"Cementárenská, Stupava, okres Malacky","rooms":1,"meters":37,"totalPrice":137000,"meterSquarePrice":2,"link":"https://www.nehnutelnosti.sk/detail/JuFYcl6CS7A/1-5-izbovy-byt-rtm-unikatna-dispozicia-v-noemis","imagesUrls":["https://img.nehnutelnosti.sk/foto/NjAweDMzOC9maWx0ZXJzOnF1YWxpdHkoMTAwKS9uZWg=/M7Rx9oD9y_fss?st=QFFQzvExuUol6kyyupAgrb-PuuTbLbf7Xw6V9pRHoDQ&ts=1726338650&e=0","https://img.nehnutelnosti.sk/foto/MTUweDg0L2ZpbHRlcnM6cXVhbGl0eSgxMDApL25laA==/dsodnyX2EM_fss?st=mRguvjnCJhJUIqRB9EKevMCu6yHYaM-sV52F-Odvz9E&ts=1726338648&e=0","https://img.nehnutelnosti.sk/foto/MTUweDg0L2ZpbHRlcnM6cXVhbGl0eSgxMDApL25laA==/uWmS9fQTH_fss?st=xGevWqjl9Fle50sOa9sS21qYH9L1ybZZtD9oyNS-rGg&ts=1726338652&e=0","https://img.nehnutelnosti.sk/foto/MTUweDg0L2ZpbHRlcnM6cXVhbGl0eSgxMDApL25laA==/UHkbOCSTS8_fss?st=IDCc6TNaPEcl5r7XinSTWHriSpr2eFmGGM3Qgg-hl4A&ts=1726338648&e=0"]},{"title":"Krásny 3 izbový byt vo výbornej lokalite","address":"Lichardova 2804/22, Žilina - Hliny, okres Žilina","rooms":3,"meters":82,"totalPrice":209900,"meterSquarePrice":6,"link":"https://www.nehnutelnosti.sk/detail/JunxwucVzbE/krasny-3-izbovy-byt-vo-vybornej-lokalite","imagesUrls":["https://img.nehnutelnosti.sk/foto/NjAweDMzOC9maWx0ZXJzOnF1YWxpdHkoMTAwKS9uZWg=/ib5ntpHBz_fss?st=ErD6-z6MjiunQJ3ASTlHQaI68IRlo2IsPewHPd66lL4&ts=1725905850&e=0","https://img.nehnutelnosti.sk/foto/MTUweDg0L2ZpbHRlcnM6cXVhbGl0eSgxMDApL25laA==/Gv7YWZ47U_fss?st=xo_f2wdX0-YxyCYSlwrWMwmbxOjq3zKrk6osoyx1yM8&ts=1725905849&e=0","https://img.nehnutelnosti.sk/foto/MTUweDg0L2ZpbHRlcnM6cXVhbGl0eSgxMDApL25laA==/oS4mWBGbg_fss?st=sKjL30ytcpxzPCI-AGbtBUGIdCsLB3GibusfM1VEukE&ts=1725905851&e=0","https://img.nehnutelnosti.sk/foto/MTUweDg0L2ZpbHRlcnM6cXVhbGl0eSgxMDApL25laA==/mTaN-7HMp_fss?st=AuwuyPFjB878MHDBL4N7QRx-XdpG9OPJpHuKODwU23E&ts=1725905847&e=0"]},{"title":"*Nadštandardný a moderný 3 izb.byt s loggiou, 73 m2 - Solinky, Žilina","address":"Smreková, Žilina - Solinky, okres Žilina","rooms":3,"meters":70,"totalPrice":172900,"meterSquarePrice":0,"link":"https://www.nehnutelnosti.sk/detail/Ju3iktoEYyr/nadstandardny-a-moderny-3-izb-byt-s-loggiou-73-m2-solinky-zilina","imagesUrls":["https://img.nehnutelnosti.sk/foto/NjAweDMzOC9maWx0ZXJzOnF1YWxpdHkoMTAwKS9uZWg=/q5Yxu7uk_O_fss?st=HhyPtBmLzZWrwaB622vkJYBt7dL4Bb5VGVyNkOPeeEs&ts=1727019699&e=0","https://img.nehnutelnosti.sk/foto/MTUweDg0L2ZpbHRlcnM6cXVhbGl0eSgxMDApL25laA==/TNzitAox1_fss?st=6ujQqnrfeLHfqQc7v5MXxBdTGxqk47fokOqR9K-xMw0&ts=1727019696&e=0","https://img.nehnutelnosti.sk/foto/MTUweDg0L2ZpbHRlcnM6cXVhbGl0eSgxMDApL25laA==/dZCpCkPEXE_fss?st=MXOU2IFp2laZdcd1x3YxMZhF4lBmZWjnuG2mTjomrww&ts=1727019697&e=0","https://img.nehnutelnosti.sk/foto/MTUweDg0L2ZpbHRlcnM6cXVhbGl0eSgxMDApL25laA==/aCRCbCDMJ_fss?st=lLGRX3obaR580iSsMzytEe0oBsOdlpB6MNkriuLvSAc&ts=1727019700&e=0"]},{"title":"Prokekt KOZLISKO, 3-izb byt s výhľadom","address":"Ulica Jána Ondruša, Stupava, okres Malacky","rooms":3,"meters":81,"totalPrice":237622,"meterSquarePrice":0,"link":"https://www.nehnutelnosti.sk/detail/JuHe_Fp3jqm/prokekt-kozlisko-3-izb-byt-s-vyhladom","imagesUrls":["https://img.nehnutelnosti.sk/foto/NjAweDMzOC9maWx0ZXJzOnF1YWxpdHkoMTAwKS9uZWg=/MUvinRUam_fss?st=dWgUWmp8Dxp3ZAM0LtI72bB_UTc6Uiw3BvGrcsWBuI4&ts=1726750961&e=0","https://img.nehnutelnosti.sk/foto/MTUweDg0L2ZpbHRlcnM6cXVhbGl0eSgxMDApL25laA==/bCOJLNqAN_fss?st=9plU-TO70jaHNzRVONDaUIsL2OgJoc-M9APUsboJY8E&ts=1726750962&e=0","https://img.nehnutelnosti.sk/foto/MTUweDg0L2ZpbHRlcnM6cXVhbGl0eSgxMDApL25laA==/MLOuePHnN_fss?st=zRCwqzkwqqpgPDWiJiAbgD_C_gIPyLw0qsKhg8YMUOM&ts=1726750961&e=0","https://img.nehnutelnosti.sk/foto/MTUweDg0L2ZpbHRlcnM6cXVhbGl0eSgxMDApL25laA==/tJ8eTuiSX_fss?st=ExUa3vM8QvZvkFPxuA58EyYNWNpY5LOYdHcgqJBjHcs&ts=1726750959&e=0"]},{"title":"Novostavba KOZLISKO, 2i byt (štandard)","address":"Ulica Jána Ondruša, Stupava, okres Malacky","rooms":2,"meters":56,"totalPrice":169350,"meterSquarePrice":1,"link":"https://www.nehnutelnosti.sk/detail/JufNoauAsZZ/novostavba-kozlisko-2i-byt-standard","imagesUrls":["https://img.nehnutelnosti.sk/foto/NjAweDMzOC9maWx0ZXJzOnF1YWxpdHkoMTAwKS9uZWg=/gYxM9BAd5_fss?st=lxVP8f1pgX0F2VvsQdIDJ_w64wvakboZBNfZQC3xRDE&ts=1726750971&e=0","https://img.nehnutelnosti.sk/foto/MTUweDg0L2ZpbHRlcnM6cXVhbGl0eSgxMDApL25laA==/wn3xZdlfTa_fss?st=8_q4dps9VPhshy7XgGGQCsmKmwGBtPQgAQBgZYGJ3Og&ts=1726750970&e=0","https://img.nehnutelnosti.sk/foto/MTUweDg0L2ZpbHRlcnM6cXVhbGl0eSgxMDApL25laA==/LI7AkojRD_fss?st=z7d3_wfzza6UlmfNfr7ShnS2DPskHF-ijsIHvh-lpQM&ts=1726750967&e=0","https://img.nehnutelnosti.sk/foto/MTUweDg0L2ZpbHRlcnM6cXVhbGl0eSgxMDApL25laA==/weO1h5D9yQ_fss?st=-an9ppyVi9Emdo3S0XEZrGYpb8KyErztkHxOnswAr0o&ts=1726750971&e=0"]},{"title":"Novostavba KOZLISKO, 2i byt s predzáhradkou","address":"Ulica Jána Ondruša, Stupava, okres Malacky","rooms":2,"meters":57,"totalPrice":151740,"meterSquarePrice":1,"link":"https://www.nehnutelnosti.sk/detail/JuFwWQU3M6Z/novostavba-kozlisko-2i-byt-s-predzahradkou","imagesUrls":["https://img.nehnutelnosti.sk/foto/NjAweDMzOC9maWx0ZXJzOnF1YWxpdHkoMTAwKS9uZWg=/-F4N6hDZ7_fss?st=lAxybHTNTb-1MvbImGV3SqXhA49lGSL6A8rTuc5M1iE&ts=1726750964&e=0","https://img.nehnutelnosti.sk/foto/MTUweDg0L2ZpbHRlcnM6cXVhbGl0eSgxMDApL25laA==/W67kxZ9j1_fss?st=LOeL5wP_BrrZAOL2LlhGlrBDjQbKSfrH90cdymY_-Cc&ts=1726750963&e=0","https://img.nehnutelnosti.sk/foto/MTUweDg0L2ZpbHRlcnM6cXVhbGl0eSgxMDApL25laA==/SEws-UVpgk_fss?st=McGL3GGtrl1eweLkZxhlUfREbkkjdGXq69zARGTsyfQ&ts=1726750964&e=0","https://img.nehnutelnosti.sk/foto/MTUweDg0L2ZpbHRlcnM6cXVhbGl0eSgxMDApL25laA==/_DQEftbT0D_fss?st=N7kj0g9xDG92noPM_dEd9PQphPcTpsAJ4xLoQIZTX2E&ts=1726750965&e=0"]},{"title":"4 - izb. byt po rekonštrukcii s výhľadom na les","address":"Bratislava V - Petržalka, okres Bratislava","rooms":4,"meters":77,"totalPrice":249900,"meterSquarePrice":5,"link":"https://www.nehnutelnosti.sk/detail/JuZO6byOPH-/4-izb-byt-po-rekonstrukcii-s-vyhladom-na-les","imagesUrls":["https://img.nehnutelnosti.sk/foto/NjAweDMzOC9maWx0ZXJzOnF1YWxpdHkoMTAwKS9uZWg=/cq96YC0Vq_fss?st=yMTPjaAQ8yLJ3A6ijoVmjkicKiaQ9RZceLMDGik-Ebg&ts=1723742678&e=0","https://img.nehnutelnosti.sk/foto/MTUweDg0L2ZpbHRlcnM6cXVhbGl0eSgxMDApL25laA==/cV8kmy8nv_fss?st=y5ljD94V5XE7EfLRZ6NuTl8H1_YxL-4dEhKRDMgGj0g&ts=1723742677&e=0","https://img.nehnutelnosti.sk/foto/MTUweDg0L2ZpbHRlcnM6cXVhbGl0eSgxMDApL25laA==/2jEr75LHT_fss?st=Zta2eSx5tnitMVCazc91nn7_2oVLBbpIy2QySIgSHzA&ts=1723742676&e=0","https://img.nehnutelnosti.sk/foto/MTUweDg0L2ZpbHRlcnM6cXVhbGl0eSgxMDApL25laA==/e1H7OFGar_fss?st=BQT_-eNTgnWd-VtaDyxDt48iTMdBnbKzeI3wi34FHVM&ts=1723742676&e=0"]},{"title":"Moderný 3-izbový byt v novostavbe s parkovaním","address":"Hospodárska 7833/18, Piešťany, okres Piešťany","rooms":3,"meters":80,"totalPrice":219900,"meterSquarePrice":5,"link":"https://www.nehnutelnosti.sk/detail/JuojhanUs30/moderny-3-izbovy-byt-v-novostavbe-s-parkovanim","imagesUrls":["https://img.nehnutelnosti.sk/foto/NjAweDMzOC9maWx0ZXJzOnF1YWxpdHkoMTAwKS9uZWg=/Pu39AVzcP_fss?st=29Qd8dh0sRfKtDUBiQvJdVhHLgd8BQuwENNMwhimjJQ&ts=1726330299&e=0","https://img.nehnutelnosti.sk/foto/MTUweDg0L2ZpbHRlcnM6cXVhbGl0eSgxMDApL25laA==/A-qyjUWDY_fss?st=5CXKD12CetFXe-EJ1bLPWQT7NIaRu-GKkPMpUNsDZTw&ts=1726330299&e=0","https://img.nehnutelnosti.sk/foto/MTUweDg0L2ZpbHRlcnM6cXVhbGl0eSgxMDApL25laA==/GUFX1DwlV_fss?st=rEUdLUqjxRHyYktl1-uxzgCs_5fuDxwuuJzeFqSZi74&ts=1726330299&e=0","https://img.nehnutelnosti.sk/foto/MTUweDg0L2ZpbHRlcnM6cXVhbGl0eSgxMDApL25laA==/hgTdHqYXn_fss?st=elNDF0gBfIt7CcsnT1hoWazWyYuO94PP_MMdlv4rN-I&ts=1726330300&e=0"]},{"title":"3+kk INVESTIČNÝ APARTMÁN, MÝTO POD ĎUMBIEROM","address":"Mýto pod Ďumbierom, Mýto pod Ďumbierom, okres Brezno","rooms":3,"meters":71,"totalPrice":210000,"meterSquarePrice":7,"link":"https://www.nehnutelnosti.sk/detail/JuYq2XHMEYU/3-kk-investicny-apartman-myto-pod-dumbierom","imagesUrls":["https://img.nehnutelnosti.sk/foto/NjAweDMzOC9maWx0ZXJzOnF1YWxpdHkoMTAwKS9uZWg=/hwjFomq0U_fss?st=oBMHJ7xAcjTVHzxaB7PlGttqChyL6voVHnmgSuvhqnc&ts=1722020905&e=0","https://img.nehnutelnosti.sk/foto/MTUweDg0L2ZpbHRlcnM6cXVhbGl0eSgxMDApL25laA==/s8zGlVehv7_fss?st=K0YeVA1KVkG1GzD8j9RziFzrPTNGI4yNXJ3vidmKoak&ts=1722020912&e=0","https://img.nehnutelnosti.sk/foto/MTUweDg0L2ZpbHRlcnM6cXVhbGl0eSgxMDApL25laA==/f1Ht_9zAZA_fss?st=e4w-WUyUEy4OCbIYIi-rL1k3CO0-wWUbHCw4b6Dcm8c&ts=1722020906&e=0","https://img.nehnutelnosti.sk/foto/MTUweDg0L2ZpbHRlcnM6cXVhbGl0eSgxMDApL25laA==/H1a4T60hA_fss?st=IjHJF_CofiwomYlrx7casKsMLQv5sC7dGM0pZtKWc6s&ts=1722020908&e=0"]},{"title":"Krásny 3 izbový byt v rezidenčnej štvrti Záhradne sady, Prešov","address":"Hrušková, Prešov, okres Prešov","rooms":3,"meters":68,"totalPrice":169980,"meterSquarePrice":2,"link":"https://www.nehnutelnosti.sk/detail/JuANCA73_Up/krasny-3-izbovy-byt-v-rezidencnej-stvrti-zahradne-sady-presov","imagesUrls":["https://img.nehnutelnosti.sk/foto/NjAweDMzOC9maWx0ZXJzOnF1YWxpdHkoMTAwKS9uZWg=/ty0opaQodN_fss?st=KLPchxE6_cZ6Sjexlhz7k8bTaTBZBAxhHp1V0qcsHfg&ts=1726219927&e=0","https://img.nehnutelnosti.sk/foto/MTUweDg0L2ZpbHRlcnM6cXVhbGl0eSgxMDApL25laA==/Kd4PeTZ7h_fss?st=-WhgR1Ql9GZnKkPxZ7m-xJNpSYyvEGYkCTDMjd38F10&ts=1726219926&e=0","https://img.nehnutelnosti.sk/foto/MTUweDg0L2ZpbHRlcnM6cXVhbGl0eSgxMDApL25laA==/vsguAvgsQL_fss?st=YT8K9IMy6gHWQ0kLy_GLqER4-Kpqh3c_h-O3spNcuxc&ts=1726219924&e=0","https://img.nehnutelnosti.sk/foto/MTUweDg0L2ZpbHRlcnM6cXVhbGl0eSgxMDApL25laA==/BEhMdX529d_fss?st=l9BHG9A4rnLeNDiem-7hOJb7SX3XQuA2DdBVNMKxo-c&ts=1726219927&e=0"]},{"title":"Vynikajúci 2 izbový byt s predzáhradkou v rezidenčnej štvrti Záhradné sady, Prešov","address":"Hrušková, Prešov, okres Prešov","rooms":2,"meters":82,"totalPrice":149980,"meterSquarePrice":4,"link":"https://www.nehnutelnosti.sk/detail/JulwD8w7I7s/vynikajuci-2-izbovy-byt-s-predzahradkou-v-rezidencnej-stvrti-zahradne-sady-presov","imagesUrls":["https://img.nehnutelnosti.sk/foto/NjAweDMzOC9maWx0ZXJzOnF1YWxpdHkoMTAwKS9uZWg=/8MY0bSUA3_fss?st=xJmcjk14tIwW2mTFEnYdVQEqUBFYXAFr1DXsGvKOysM&ts=1726219930&e=0","https://img.nehnutelnosti.sk/foto/MTUweDg0L2ZpbHRlcnM6cXVhbGl0eSgxMDApL25laA==/p5owoDeZ-B_fss?st=wY20dvTzCDL7hU1T86PUQLkIgSUtNPOKGiUU3v9fIQ8&ts=1726219931&e=0","https://img.nehnutelnosti.sk/foto/MTUweDg0L2ZpbHRlcnM6cXVhbGl0eSgxMDApL25laA==/28fsV6LGY_fss?st=zPBLSnrdPpUywe5Nb5Nycn6QO86H1emF6aT9q3yqGCA&ts=1726219931&e=0","https://img.nehnutelnosti.sk/foto/MTUweDg0L2ZpbHRlcnM6cXVhbGl0eSgxMDApL25laA==/5hDGsuHJ5_fss?st=UtMwm-R_I5kBNHWJDtjcfr7iGeYB-YRcIiWho1wmKxA&ts=1726219929&e=0"]},{"title":"Apartmán na zjazdovke s celoročným využitím","address":"Valčianska dolina 1112, Valča, okres Martin","rooms":null,"meters":42,"totalPrice":159500,"meterSquarePrice":2,"link":"https://www.nehnutelnosti.sk/detail/JuCXcN-emCK/apartman-na-zjazdovke-s-celorocnym-vyuzitim","imagesUrls":["https://img.nehnutelnosti.sk/foto/NjAweDMzOC9maWx0ZXJzOnF1YWxpdHkoMTAwKS9uZWg=/_n7XouDnj-_fss?st=Kyvd4SnlNaMyCWaYe5Qa3_flgNdItrpuy1KhsBi_SzU&ts=1725461572&e=0","https://img.nehnutelnosti.sk/foto/MTUweDg0L2ZpbHRlcnM6cXVhbGl0eSgxMDApL25laA==/HS7aCWW_-_fss?st=nG7ksZIc_BhvskbxNkLte1E2UjrKfUNvhkgRID6DWJg&ts=1725461574&e=0","https://img.nehnutelnosti.sk/foto/MTUweDg0L2ZpbHRlcnM6cXVhbGl0eSgxMDApL25laA==/wWVFJpOSO_fss?st=6h2N2YzT82xw2EVWQA1meiba_m4Lklf4H6knAV5yDGk&ts=1725461572&e=0","https://img.nehnutelnosti.sk/foto/MTUweDg0L2ZpbHRlcnM6cXVhbGl0eSgxMDApL25laA==/qz0GLOcpw_fss?st=PHMdSkus7qRhM6C1BGleolIeCnCgGJHSI8Hcq_YN4dg&ts=1725461572&e=0"]},{"title":"Výnimočný, na mieru zariadený 3 izbový byt s veľkou terasou","address":"Slnečnicová, Rovinka, okres Senec","rooms":3,"meters":71,"totalPrice":319900,"meterSquarePrice":3,"link":"https://www.nehnutelnosti.sk/detail/JuSuPlyhj7z/vynimocny-na-mieru-zariadeny-3-izbovy-byt-s-velkou-terasou","imagesUrls":["https://img.nehnutelnosti.sk/foto/NjAweDMzOC9maWx0ZXJzOnF1YWxpdHkoMTAwKS9uZWg=/D-XRL8Cm8v_fss?st=_XVT5uQ3PGKw-ZkKQz4sWr0FnQb0e40-xngZKM2PoCs&ts=1726155692&e=0","https://img.nehnutelnosti.sk/foto/MTUweDg0L2ZpbHRlcnM6cXVhbGl0eSgxMDApL25laA==/RoXiQCtoW6_fss?st=IRYHaFto0en-9mUBBKwbe7L7n0Y96L63tvMRjfyUNTo&ts=1726155690&e=0","https://img.nehnutelnosti.sk/foto/MTUweDg0L2ZpbHRlcnM6cXVhbGl0eSgxMDApL25laA==/svVt54MoV_fss?st=pUoMg1iiFi-Lnc7UxezhXsxIcxRjJbf8lJziN93Bkkw&ts=1726155693&e=0","https://img.nehnutelnosti.sk/foto/MTUweDg0L2ZpbHRlcnM6cXVhbGl0eSgxMDApL25laA==/AlPPxJV0cy_fss?st=hTDWuJS2tE8FUuFEPH5HOLj0o55TQucxYjhoBZJzj7c&ts=1726155696&e=0"]},{"title":"Moderný 3-izbový byt s veľkou záhradou v Ekoosade vo Veľkých Úľanoch","address":"Ekoosada, Veľké Úľany, okres Galanta","rooms":3,"meters":93,"totalPrice":189900,"meterSquarePrice":4,"link":"https://www.nehnutelnosti.sk/detail/JuAAcXmVRDI/moderny-3-izbovy-byt-s-velkou-zahradou-v-ekoosade-vo-velkych-ulanoch","imagesUrls":["https://img.nehnutelnosti.sk/foto/NjAweDMzOC9maWx0ZXJzOnF1YWxpdHkoMTAwKS9uZWg=/RgrXMMsdT_fss?st=KMg3TqQp32OOAhTUQwKoXZmeQJ3onIUOCO5_ShD_HSE&ts=1724410748&e=0","https://img.nehnutelnosti.sk/foto/MTUweDg0L2ZpbHRlcnM6cXVhbGl0eSgxMDApL25laA==/EcZOzphgsn_fss?st=8W-rzJaU90Gp1O342WCTilAOJ-W3g0iu8RTZrasW_6E&ts=1724410749&e=0","https://img.nehnutelnosti.sk/foto/MTUweDg0L2ZpbHRlcnM6cXVhbGl0eSgxMDApL25laA==/AodLZiUPKx_fss?st=-H0_oGoXBwvj-o5MzM7I_R4aIUmB91LWJyadiAN3oX8&ts=1724410748&e=0","https://img.nehnutelnosti.sk/foto/MTUweDg0L2ZpbHRlcnM6cXVhbGl0eSgxMDApL25laA==/Gne8z5Oi8_fss?st=-yxacai68JL6hpFp5Cc15D74gGCj4bAiDm167UrU9PQ&ts=1724410750&e=0"]},{"title":"Moderný mezonet v centre Zálesia","address":"Zálesie, Senec, okres Senec","rooms":null,"meters":102,"totalPrice":199500,"meterSquarePrice":8,"link":"https://www.nehnutelnosti.sk/detail/Juy2xOaAdEW/moderny-mezonet-v-centre-zalesia","imagesUrls":["https://img.nehnutelnosti.sk/foto/NjAweDMzOC9maWx0ZXJzOnF1YWxpdHkoMTAwKS9uZWg=/Ef_FBUCRv_fss?st=80B-nkvA2-MT6Rb1WToDXmbQeUMzgZ-e-4HDlTrbGFI&ts=1725232764&e=0","https://img.nehnutelnosti.sk/foto/MTUweDg0L2ZpbHRlcnM6cXVhbGl0eSgxMDApL25laA==/E2CXU05aL_fss?st=vOoqMZRonKo1qtbL2VkEtH3R5Z3vHS-5QbZhY-PXlk0&ts=1725232763&e=0","https://img.nehnutelnosti.sk/foto/MTUweDg0L2ZpbHRlcnM6cXVhbGl0eSgxMDApL25laA==/uZpA_bAc_U_fss?st=6Li5bReys8NVDdVwozin-sMV67vyu_T47naouzfWa8Q&ts=1725232765&e=0","https://img.nehnutelnosti.sk/foto/MTUweDg0L2ZpbHRlcnM6cXVhbGl0eSgxMDApL25laA==/8UWlvxlOB_fss?st=apZIYMz21Pqu0DHEzErjuSixQGVDmf2QxZMfwcQUx0A&ts=1725232762&e=0"]},{"title":"Elegantný 5-izbový byt s veľkorysou terasou vo vynikajúcej bratislavskej lokalite","address":"Tomášikova, Bratislava II - Ružinov, okres Bratislava","rooms":5,"meters":114,"totalPrice":1000000,"meterSquarePrice":9,"link":"https://www.nehnutelnosti.sk/detail/Ju1oryb4wzk/elegantny-5-izbovy-byt-s-velkorysou-terasou-vo-vynikajucej-bratislavskej-lokalite","imagesUrls":["https://img.nehnutelnosti.sk/foto/NjAweDMzOC9maWx0ZXJzOnF1YWxpdHkoMTAwKS9uZWg=/SS4PYFSGI_fss?st=MJne3TnlnCBIprB8rWsfpcwLi0Jr2lmEa2H-tWxwFdk&ts=1723002585&e=0","https://img.nehnutelnosti.sk/foto/MTUweDg0L2ZpbHRlcnM6cXVhbGl0eSgxMDApL25laA==/GFQMEv3dzU_fss?st=LA_sh4No6eHZzP2F2NBVOKLJek1-nyZWan5b4mbcqeM&ts=1723002583&e=0","https://img.nehnutelnosti.sk/foto/MTUweDg0L2ZpbHRlcnM6cXVhbGl0eSgxMDApL25laA==/7c4eixVtbi_fss?st=T1aM_4hxXHPMkCI8rh4FBg7LjQ5yMRs7TaS7NIBjgQ8&ts=1723002583&e=0","https://img.nehnutelnosti.sk/foto/MTUweDg0L2ZpbHRlcnM6cXVhbGl0eSgxMDApL25laA==/zrYXtMAvO_fss?st=s0Jcu6IwcTZI5JbCXW_ODWRfOV_0V8zewFmNhrd4YPg&ts=1723002584&e=0"]},{"title":"Priestranný 2-izbový byt v tehlovom bytovom dome v Ružinove","address":"Ružová dolina 28, Bratislava II - Ružinov, okres Bratislava","rooms":2,"meters":63,"totalPrice":289000,"meterSquarePrice":0,"link":"https://www.nehnutelnosti.sk/detail/Ju86Th1rZTO/priestranny-2-izbovy-byt-v-tehlovom-bytovom-dome-v-ruzinove","imagesUrls":["https://img.nehnutelnosti.sk/foto/NjAweDMzOC9maWx0ZXJzOnF1YWxpdHkoMTAwKS9uZWg=/mOvYVnOX-_fss?st=t9b4Pyil5_FrNJvG_kUSdq_gkqfOUwBcnB7P97OpatY&ts=1726067245&e=0","https://img.nehnutelnosti.sk/foto/MTUweDg0L2ZpbHRlcnM6cXVhbGl0eSgxMDApL25laA==/peFsApBzVj_fss?st=hoCAy1J6X-m5_lxiCE0vpmoxV-XoIdLTfh4yMUQCjtU&ts=1726067244&e=0","https://img.nehnutelnosti.sk/foto/MTUweDg0L2ZpbHRlcnM6cXVhbGl0eSgxMDApL25laA==/E-Npq2Y69_fss?st=R7WF9cChdjfdpvFvwtsYJbMA9DIQ7Tp9if_lXEv-HDU&ts=1726067246&e=0","https://img.nehnutelnosti.sk/foto/MTUweDg0L2ZpbHRlcnM6cXVhbGl0eSgxMDApL25laA==/z1K17mRYd_fss?st=9w0-G6DRNNpT5lF9K30KWk7BZaMTZfKtZDTwkk2wQj0&ts=1726067243&e=0"]},{"title":"Kompletne zariadený 2 izbový byt v okrajovej časti Skalice","address":"Skalica, okres Skalica","rooms":2,"meters":66,"totalPrice":110000,"meterSquarePrice":1,"link":"https://www.nehnutelnosti.sk/detail/Juem-oG7R8W/kompletne-zariadeny-2-izbovy-byt-v-okrajovej-casti-skalice","imagesUrls":["https://img.nehnutelnosti.sk/foto/NjAweDMzOC9maWx0ZXJzOnF1YWxpdHkoMTAwKS9uZWg=/AswSgfu5EC_fss?st=asjbdPnOV2z2gbHqASjQZMO7BsyKogv4rMlzqiN9qfM&ts=1718656004&e=0","https://img.nehnutelnosti.sk/foto/MTUweDg0L2ZpbHRlcnM6cXVhbGl0eSgxMDApL25laA==/FWh3N562x_fss?st=gDyuFy9gsosXrcgf1avk3J9wpJ4MY0VglKQCyNBylmM&ts=1718656003&e=0","https://img.nehnutelnosti.sk/foto/MTUweDg0L2ZpbHRlcnM6cXVhbGl0eSgxMDApL25laA==/Sk32ucIcT_fss?st=Q82mxtgxqH3GoqhP0raede_IjOe0QXLJiFyr0LVV56A&ts=1718656003&e=0","https://img.nehnutelnosti.sk/foto/MTUweDg0L2ZpbHRlcnM6cXVhbGl0eSgxMDApL25laA==/3ztMaCloBO_fss?st=78mhJHn2Kvj_Aw5yBBxrMDZWWwXCCrJ3oWulK-BWOJQ&ts=1718656005&e=0"]},{"title":"Priestranný 2,5 izbový byt s bezproblémovým parkovaním vo vyhľadávanej lokalite len pár krokov od OC","address":"Dostojevského rad, Bratislava I - Staré Mesto, okres Bratislava","rooms":2,"meters":66,"totalPrice":317900,"meterSquarePrice":7,"link":"https://www.nehnutelnosti.sk/detail/JuVJiPVE9S6/priestranny-2-5-izbovy-byt-s-bezproblemovym-parkovanim-vo-vyhladavanej-lokalite-len-par-krokov-od-oc","imagesUrls":["https://img.nehnutelnosti.sk/foto/NjAweDMzOC9maWx0ZXJzOnF1YWxpdHkoMTAwKS9uZWg=/oTJ9hmyxx_fss?st=jYTHtMC9rGiPHyqE0dOJ8hViz73wqMtR7NECEAjdRVk&ts=1719319982&e=0","https://img.nehnutelnosti.sk/foto/MTUweDg0L2ZpbHRlcnM6cXVhbGl0eSgxMDApL25laA==/ZTtOE3Omh_fss?st=tCVGld9OavxpLzk2VgbxOWWapVBtucJhLiyJRui8g7A&ts=1719319984&e=0","https://img.nehnutelnosti.sk/foto/MTUweDg0L2ZpbHRlcnM6cXVhbGl0eSgxMDApL25laA==/1An-f2oUT9_fss?st=2y9o4Qw3wuhHAX_aQC4cLYjwrYMGvFjsE_mCSoij8hM&ts=1719319983&e=0","https://img.nehnutelnosti.sk/foto/MTUweDg0L2ZpbHRlcnM6cXVhbGl0eSgxMDApL25laA==/pLE2QBTCT_fss?st=1xTZ9cyYWO9XXcJS7-ODUWarF2C5aQmUD4a9DBnca6U&ts=1719319984&e=0"]}]