[{"title":"REZERVOVANÉ: útulná garsónka (slobodárku) v tichej štvrti","address":"Krížna, Považská Bystrica, okres Považská Bystrica","rooms":null,"meters":null,"totalPrice":null,"meterSquarePrice":null,"link":"https://www.nehnutelnosti.sk/detail/JuyTPipOezd/rezervovane-utulna-garsonka-slobodarku-v-tichej-stvrti","imagesUrls":["https://img.nehnutelnosti.sk/foto/NjAweDMzOC9maWx0ZXJzOnF1YWxpdHkoMTAwKS9uZWg=/npYAjhGqL_fss?st=Y6PwElbsNbEgbkA69UNXi1WS9fpk1XZDoanDvniTHOo&ts=1723453633&e=0"]},{"title":"3 izbový byt , 72 m2 veľká loggia, Trnávka Ružinov","address":"Banšelo, Bratislava II - Ružinov, okres Bratislava","rooms":3,"meters":72,"totalPrice":202990,"meterSquarePrice":1,"link":"https://www.nehnutelnosti.sk/detail/Ju01nuoMlPw/3-izbovy-byt-72-m2-velka-loggia-trnavka-ruzinov","imagesUrls":["https://img.nehnutelnosti.sk/foto/NjAweDMzOC9maWx0ZXJzOnF1YWxpdHkoMTAwKS9uZWg=/2oSABxfHN_fss?st=0orB5OI8j1Ll1YC1jeTidD06BnLinfUnnAlfXtCPM7s&ts=1723455232&e=0"]},{"title":"AstonReal: predaj 4,5 izbový byt 87m2 s loggiou, Stará Ľubovňa-Mierová","address":"Mierová, Stará Ľubovňa, okres Stará Ľubovňa","rooms":4,"meters":87,"totalPrice":null,"meterSquarePrice":null,"link":"https://www.nehnutelnosti.sk/detail/Ju0hsuALzFy8/astonreal-predaj-4-5-izbovy-byt-87m2-s-loggiou-stara-lubovna-mierova","imagesUrls":["https://img.nehnutelnosti.sk/foto/NjAweDMzOC9maWx0ZXJzOnF1YWxpdHkoMTAwKS9uZWg=/ajrjU5qVuC_fss?st=H85I_tcapn3af6CsgaA8JSGhlD9dbRFI66Y4k2pChMQ&ts=1725274949&e=0"]},{"title":"AstonReal ponúka na predaj 2-izbový prerobený byt","address":"Považská Bystrica, okres Považská Bystrica","rooms":2,"meters":null,"totalPrice":null,"meterSquarePrice":null,"link":"https://www.nehnutelnosti.sk/detail/JuOgMRFiiNB/astonreal-ponuka-na-predaj-2-izbovy-prerobeny-byt","imagesUrls":["https://img.nehnutelnosti.sk/foto/NjAweDMzOC9maWx0ZXJzOnF1YWxpdHkoMTAwKS9uZWg=/BBjctynKU_fss?st=t3xKLBPg-HaVJQy3RkvpCbc5Q7vEvxzK24tx_6NiMY8&ts=1723453634&e=0"]},{"title":"Predaj: 4 izb. byt, 81 m2 + lodžia, Radvaň, B. Bystrica,","address":"Poľná, Banská Bystrica, okres Banská Bystrica","rooms":4,"meters":81,"totalPrice":182900,"meterSquarePrice":2,"link":"https://www.nehnutelnosti.sk/detail/JuCoKxDRSN4/predaj-4-izb-byt-81-m2-lodzia-radvan-b-bystrica","imagesUrls":["https://img.nehnutelnosti.sk/foto/NjAweDMzOC9maWx0ZXJzOnF1YWxpdHkoMTAwKS9uZWg=/crJYFX5wj_fss?st=JlxNRjPmnTxr89bVzd1dzjquNkMC6Pp00jw6QM3RaMI&ts=1723455220&e=0"]},{"title":"AstonReal ponúka na predaj 2-izbový byt","address":"Lánska, Považská Bystrica, okres Považská Bystrica","rooms":2,"meters":null,"totalPrice":null,"meterSquarePrice":null,"link":"https://www.nehnutelnosti.sk/detail/JuXn0sjFP8S/astonreal-ponuka-na-predaj-2-izbovy-byt","imagesUrls":["https://img.nehnutelnosti.sk/foto/NjAweDMzOC9maWx0ZXJzOnF1YWxpdHkoMTAwKS9uZWg=/Lfvi53-qr_fss?st=Qu8iYCBd6LuxAevbS4n-diUNyXDpe70WLbsR8NUb7Ew&ts=1723453630&e=0"]},{"title":"Rezervované  - Poprad -veľký 2-  izbový byt s balkónom 56 m2, Juh","address":"Záborského, Poprad, okres Poprad","rooms":2,"meters":56,"totalPrice":124000,"meterSquarePrice":9,"link":"https://www.nehnutelnosti.sk/detail/Ju3C02EK8bB/rezervovane-poprad-velky-2-izbovy-byt-s-balkonom-56-m2-juh","imagesUrls":["https://img.nehnutelnosti.sk/foto/NjAweDMzOC9maWx0ZXJzOnF1YWxpdHkoMTAwKS9uZWg=/dNP8455T97_fss?st=AukMcHuX18k2PtsY6wbOYM0sRitehIHJg5ewfnFVX5Q&ts=1723455201&e=0"]},{"title":"AstonReal ponúka na predaj 3i - byt v Považskej Bystrici na Rozkvete","address":"Považská Bystrica, okres Považská Bystrica","rooms":3,"meters":null,"totalPrice":null,"meterSquarePrice":null,"link":"https://www.nehnutelnosti.sk/detail/JuZsSMviqFQ/astonreal-ponuka-na-predaj-3i-byt-v-povazskej-bystrici-na-rozkvete","imagesUrls":["https://img.nehnutelnosti.sk/foto/NjAweDMzOC9maWx0ZXJzOnF1YWxpdHkoMTAwKS9uZWg=/suOF9hCZZF_fss?st=3xLOs0wpsnGk0o0VezGMcIE6zQBbp44lwObu78RUoCc&ts=1723453635&e=0"]},{"title":"AstonReal ponúka na predaj 3i - byt v Považskej Bystrici na Lánskej","address":"Lánska, Považská Bystrica, okres Považská Bystrica","rooms":3,"meters":null,"totalPrice":null,"meterSquarePrice":null,"link":"https://www.nehnutelnosti.sk/detail/Ju7ylgPArTX/astonreal-ponuka-na-predaj-3i-byt-v-povazskej-bystrici-na-lanskej","imagesUrls":["https://img.nehnutelnosti.sk/foto/NjAweDMzOC9maWx0ZXJzOnF1YWxpdHkoMTAwKS9uZWg=/iziYzcZMMM_fss?st=SECodHTgYKBRnd-xFgg1bIhakaV-zUVEdOrIPgszb_c&ts=1723455205&e=0"]},{"title":"AstonReal ponúka na predaj 2-izbový byt prerobený","address":"stred, Považská Bystrica, okres Považská Bystrica","rooms":2,"meters":null,"totalPrice":null,"meterSquarePrice":null,"link":"https://www.nehnutelnosti.sk/detail/Ju3YaoX2NuX/astonreal-ponuka-na-predaj-2-izbovy-byt-prerobeny","imagesUrls":["https://img.nehnutelnosti.sk/foto/NjAweDMzOC9maWx0ZXJzOnF1YWxpdHkoMTAwKS9uZWg=/KfkC9N5wR_fss?st=kdBrQe-kkdnCzU0fkp__rlQ27XGMptYoaHAnjhOnJw4&ts=1723453630&e=0"]},{"title":"AstonReal: predaj útulný 2-izbový byt 52 m2 v Poprade - ul. Mládeže","address":"Mládeže, Poprad, okres Poprad","rooms":2,"meters":52,"totalPrice":99500,"meterSquarePrice":6,"link":"https://www.nehnutelnosti.sk/detail/JuwRWCEYO6Y/astonreal-predaj-utulny-2-izbovy-byt-52-m2-v-poprade-ul-mladeze","imagesUrls":["https://img.nehnutelnosti.sk/foto/NjAweDMzOC9maWx0ZXJzOnF1YWxpdHkoMTAwKS9uZWg=/p2jsYnaSxQ_fss?st=WeigWZmgWlxKAlwIm8hxmJKlk9AnEb2t9bX_MWQPv1U&ts=1723453622&e=0"]},{"title":"Rezervované: 2-izbový byt s loggiou, 57 m2, Banská Bystrica","address":"Švermova, Banská Bystrica, okres Banská Bystrica","rooms":2,"meters":null,"totalPrice":null,"meterSquarePrice":null,"link":"https://www.nehnutelnosti.sk/detail/JuvtD9KebpB/rezervovane-2-izbovy-byt-s-loggiou-57-m2-banska-bystrica","imagesUrls":["https://img.nehnutelnosti.sk/foto/NjAweDMzOC9maWx0ZXJzOnF1YWxpdHkoMTAwKS9uZWg=/Lld_5KMS0_fss?st=4RLLO2e9NfcToSG57_iFn3lzwnUAlCAZAVuYSogOQLs&ts=1723455169&e=0"]},{"title":"3 izbový byt,loggia, Petržalka - Beňadická ul.","address":"Bratislava V - Petržalka, okres Bratislava","rooms":3,"meters":69,"totalPrice":202990,"meterSquarePrice":8,"link":"https://www.nehnutelnosti.sk/detail/JuvX_kC1I-C/3-izbovy-byt-loggia-petrzalka-benadicka-ul","imagesUrls":["https://img.nehnutelnosti.sk/foto/NjAweDMzOC9maWx0ZXJzOnF1YWxpdHkoMTAwKS9uZWg=/OgyqQiOp__fss?st=euqAvIT83sCbettgNM-hytKHZjU3zETOCDH3HyHeC_A&ts=1723455038&e=0"]},{"title":"Dvojgarzónka, 39 m2, Ružinov, Vlčie Hrdlo","address":"Vlčie Hrdlo, Bratislava II - Ružinov, okres Bratislava","rooms":null,"meters":39,"totalPrice":117990,"meterSquarePrice":8,"link":"https://www.nehnutelnosti.sk/detail/JuFzNU0-Mtq/dvojgarzonka-39-m2-ruzinov-vlcie-hrdlo","imagesUrls":["https://img.nehnutelnosti.sk/foto/NjAweDMzOC9maWx0ZXJzOnF1YWxpdHkoMTAwKS9uZWg=/k3lmS-xqN_fss?st=J0G8aZdCQnSGcWhSBRWtLmpPrcBxYLb99rnjXx0IH8E&ts=1723455039&e=0"]},{"title":"2-izbový byt, 60 m2, pôvodný stav, Bratislava Kramáre","address":"Royova, Bratislava III - Nové Mesto, okres Bratislava","rooms":2,"meters":60,"totalPrice":168990,"meterSquarePrice":0,"link":"https://www.nehnutelnosti.sk/detail/Ju68sj4k_k_/2-izbovy-byt-60-m2-povodny-stav-bratislava-kramare","imagesUrls":["https://img.nehnutelnosti.sk/foto/NjAweDMzOC9maWx0ZXJzOnF1YWxpdHkoMTAwKS9uZWg=/TyWtzBlmQ_fss?st=pEyzwY2yM-cMtJVxmIZisCfEMeIv-C1Irhds9WZl5m4&ts=1723455037&e=0"]},{"title":"Na predaj útulný 5 izbový byt Solinky, Žilina","address":"Dubová, Žilina, okres Žilina","rooms":5,"meters":96,"totalPrice":223000,"meterSquarePrice":2,"link":"https://www.nehnutelnosti.sk/detail/JuWiEEwRmyy/na-predaj-utulny-5-izbovy-byt-solinky-zilina","imagesUrls":["https://img.nehnutelnosti.sk/foto/NjAweDMzOC9maWx0ZXJzOnF1YWxpdHkoMTAwKS9uZWg=/UaDtvfZsy_fss?st=j-HMBmsx2RSOqb3Ps6hZwIeFVjHk96uo3z56G9gwJWE&ts=1723455042&e=0"]},{"title":"Pekná Garsónka v Skalici na ulici L Svobodu","address":"L Svobodu, Skalica, okres Skalica","rooms":null,"meters":null,"totalPrice":null,"meterSquarePrice":null,"link":"https://www.nehnutelnosti.sk/detail/Juk14aThp8I/pekna-garsonka-v-skalici-na-ulici-l-svobodu","imagesUrls":["https://img.nehnutelnosti.sk/foto/NjAweDMzOC9maWx0ZXJzOnF1YWxpdHkoMTAwKS9uZWg=/3jkDRqi8Dn_fss?st=YDl6cgzSD6uS3g8nU-JRht4Ff2tbnBm_m45lPiaHTpM&ts=1724670177&e=0"]},{"title":"Na predaj veľký 3 izbový byt v centre mesta, Žilina - Bulvár","address":"Žilina, okres Žilina","rooms":3,"meters":78,"totalPrice":163000,"meterSquarePrice":4,"link":"https://www.nehnutelnosti.sk/detail/Ju4vMsCyWGr/na-predaj-velky-3-izbovy-byt-v-centre-mesta-zilina-bulvar","imagesUrls":["https://img.nehnutelnosti.sk/foto/NjAweDMzOC9maWx0ZXJzOnF1YWxpdHkoMTAwKS9uZWg=/SGPxce9n7_fss?st=q09_H-phKvMSTPcWuMgqxoS8crV18abMyeeiOUKWiqs&ts=1706035922&e=0"]},{"title":"Predaj: 2 izbový byt Senica","address":"Štefánikova, Senica, okres Senica","rooms":2,"meters":null,"totalPrice":85000,"meterSquarePrice":5,"link":"https://www.nehnutelnosti.sk/detail/Jui33NEhtzZ/predaj-2-izbovy-byt-senica","imagesUrls":["https://img.nehnutelnosti.sk/foto/NjAweDMzOC9maWx0ZXJzOnF1YWxpdHkoMTAwKS9uZWg=/CiNDfVYkp_fss?st=LhC0KB0NgqKgmQbdtEanHCJmM3XQIdLftyMMwO3Ggi0&ts=1723453505&e=0"]},{"title":"Predaj:1.izbový byt 30 m2, Martin Košúty 1","address":"Martin, okres Martin","rooms":1,"meters":30,"totalPrice":73990,"meterSquarePrice":3,"link":"https://www.nehnutelnosti.sk/detail/Ju5LgSrAhsU/predaj1-izbovy-byt-30-m2-martin-kosuty-1","imagesUrls":["https://img.nehnutelnosti.sk/foto/NjAweDMzOC9maWx0ZXJzOnF1YWxpdHkoMTAwKS9uZWg=/uRvpduB-Ew_fss?st=4rfQrght9u7xINjFoG8aavA-TXLE2AiOhU3gwOasGHg&ts=1723454939&e=0"]},{"title":"- PREDANÉ-:Novostavba 2i byt s balkónom 52m2, Ružomberok-Malé Tatr","address":"Malé Tatry, Ružomberok, okres Ružomberok","rooms":2,"meters":52,"totalPrice":null,"meterSquarePrice":null,"link":"https://www.nehnutelnosti.sk/detail/Juzi8tDhXA8/predane-novostavba-2i-byt-s-balkonom-52m2-ruzomberok-male-tatr","imagesUrls":["https://img.nehnutelnosti.sk/foto/NjAweDMzOC9maWx0ZXJzOnF1YWxpdHkoMTAwKS9uZWg=/Nk44G8GLC_fss?st=cmsU7PHBpCB9qCCAHofM4xf4Sq5mG7XoE6slaPhPNvA&ts=1723454919&e=0"]},{"title":"INVESTIČNÝ 1 – IZBOVÝ BYT, VÝHĽAD, ŠATNÍK, GABČÍKOVÁ, KARLOVA VES","address":"Gabčíkova, Bratislava IV - Karlova Ves, okres Bratislava","rooms":1,"meters":37,"totalPrice":142500,"meterSquarePrice":5,"link":"https://www.nehnutelnosti.sk/detail/JuB3-9QLmG1/investicny-1-izbovy-byt-vyhlad-satnik-gabcikova-karlova-ves","imagesUrls":["https://img.unitedclassifieds.sk/foto/NjAweDMzOC9maWx0ZXJzOnF1YWxpdHkoMTAwKS9yc2Y=/iOkUGIV5i_fss?st=WGSFRKaraLznpnod5mOAxgK659_8-MW22dldt6aQCr0&ts=1715818806&e=0"]},{"title":"1 IZB BYT S BALKÓNOM V NADŠTANDARDE - PROJEKT NESTO - BRATISLAVA","address":"Kopčianska, Bratislava V - Petržalka, okres Bratislava","rooms":1,"meters":33,"totalPrice":157000,"meterSquarePrice":8,"link":"https://www.nehnutelnosti.sk/detail/JuERkXnub8P/1-izb-byt-s-balkonom-v-nadstandarde-projekt-nesto-bratislava","imagesUrls":["https://img.unitedclassifieds.sk/foto/NjAweDMzOC9maWx0ZXJzOnF1YWxpdHkoMTAwKS9yc2Y=/N_XrperbF_fss?st=qHvA3w2zcI5KNhe6yrJQU-nPRIl1jUNqoIefFF4zxQM&ts=1715811095&e=0"]},{"title":"IDEÁLNY NA PRENÁJOM - 4-I. BYT, 2x LOGGIA, ČIAST.REKONŠTRUK., SMÍKOVÁ","address":"Smikova, Bratislava III - Nové Mesto, okres Bratislava","rooms":4,"meters":77,"totalPrice":235000,"meterSquarePrice":2,"link":"https://www.nehnutelnosti.sk/detail/JuVeUuFrH6r/idealny-na-prenajom-4-i-byt-2x-loggia-ciast-rekonstruk-smikova","imagesUrls":["https://img.unitedclassifieds.sk/foto/NjAweDMzOC9maWx0ZXJzOnF1YWxpdHkoMTAwKS9yc2Y=/bhf_ijp7K_fss?st=FFcnHxfI-QAt8_dZ60eiAvllU2aK4rmgCv3PVcT9O4o&ts=1715813987&e=0"]},{"title":"ZVÝHODNENÁ CENA! POSLEDNÝ 3-IZB. BYT S BALKÓNOM V CENTRE STARÉHO MESTA","address":"Gunduličova, Bratislava I - Staré Mesto, okres Bratislava","rooms":3,"meters":73,"totalPrice":324926,"meterSquarePrice":1,"link":"https://www.nehnutelnosti.sk/detail/Ju9YtzP2xun/zvyhodnena-cena-posledny-3-izb-byt-s-balkonom-v-centre-stareho-mesta","imagesUrls":["https://img.unitedclassifieds.sk/foto/NjAweDMzOC9maWx0ZXJzOnF1YWxpdHkoMTAwKS9yc2Y=/hC4kBVTYV_fss?st=ef6T2x4AeR6fBrDCpqShPbH-pbqW0DDKgrmx-sMwdjE&ts=1715816429&e=0"]},{"title":"3-izbový byt  64 m2,Karlova Ves","address":"Adámiho, Bratislava IV - Karlova Ves, okres Bratislava","rooms":3,"meters":64,"totalPrice":173000,"meterSquarePrice":3,"link":"https://www.nehnutelnosti.sk/detail/Juo3t7AjwKx/3-izbovy-byt-64-m2-karlova-ves","imagesUrls":["https://img.nehnutelnosti.sk/foto/NjAweDMzOC9maWx0ZXJzOnF1YWxpdHkoMTAwKS9uZWg=/M3AsgVi2T_fss?st=EOomLKQBy7-pmlpsn5W_v_YJDPvdaCYTvLCdxoUQwPg&ts=1724423252&e=0"]},{"title":"3izbový byt NA PREDAJ v Nižnej Myšli PARKING + PIVNICA v CENE","address":"Nižná Myšľa, Nižná Myšľa, Košice okolie, okres Košice - okolie","rooms":3,"meters":54,"totalPrice":135680,"meterSquarePrice":9,"link":"https://www.nehnutelnosti.sk/detail/JunBfxkCe0v/3izbovy-byt-na-predaj-v-niznej-mysli-parking-pivnica-v-cene","imagesUrls":["https://img.nehnutelnosti.sk/foto/NjAweDMzOC9maWx0ZXJzOnF1YWxpdHkoMTAwKS9uZWg=/uJQ_LDaxX_fss?st=N8B4FlNE_b7PaXYpZNaOPLjaJSnTiFK724pm3znInGk&ts=1718955372&e=0"]},{"title":"BÝVAJTE KÚSOK OD RAČE V NOVOM KVALITNOM PROJEKTE NA ÚPÄTÍ MALÝCH KARPÁT S REKUPERÁCIOU A PREDPRÍPRAV","address":"Bratislava III - Rača, okres Bratislava","rooms":2,"meters":51,"totalPrice":165000,"meterSquarePrice":6,"link":"https://www.nehnutelnosti.sk/detail/JuZfwYpovpt/byvajte-kusok-od-race-v-novom-kvalitnom-projekte-na-upati-malych-karpat-s-rekuperaciou-a-predpriprav","imagesUrls":["https://img.unitedclassifieds.sk/foto/NjAweDMzOC9maWx0ZXJzOnF1YWxpdHkoMTAwKS9qdWw=/Xi52F7Qdc_fss?st=ABHJFAEkmskfogqOvTHzZSCX6iecXegBAuavfZaZ0Bo&ts=1725811205&e=0"]},{"title":"POSLEDNÉ 1-IZB. BYTY AJ SO ZÁHRADOU A PIVNICOU NA ÚPÄTÍ MALÝCH KARPÁT - ZELENÉ NIVY, PEZINOK - GRINA","address":"Limbašská cesta, Pezinok, okres Pezinok","rooms":1,"meters":34,"totalPrice":139000,"meterSquarePrice":4,"link":"https://www.nehnutelnosti.sk/detail/JuKhmGStEh8/posledne-1-izb-byty-aj-so-zahradou-a-pivnicou-na-upati-malych-karpat-zelene-nivy-pezinok-grina","imagesUrls":["https://img.unitedclassifieds.sk/foto/NjAweDMzOC9maWx0ZXJzOnF1YWxpdHkoMTAwKS9qdWw=/lkCxi7-m2_fss?st=UuBbdyVBz-Sih4o37bTwB_yYik6S07iIkx5E7UrAYxA&ts=1725811010&e=0"]},{"title":"Predaj: 3 izbový apartmán DONOVALY - apart. dom ŠAFRÁN","address":"Donovaly, Donovaly, okres Banská Bystrica","rooms":null,"meters":68,"totalPrice":170000,"meterSquarePrice":0,"link":"https://www.nehnutelnosti.sk/detail/JueKJ9ai-BT/predaj-3-izbovy-apartman-donovaly-apart-dom-safran","imagesUrls":["https://img.nehnutelnosti.sk/foto/NjAweDMzOC9maWx0ZXJzOnF1YWxpdHkoMTAwKS9uZWg=/Or6ejqqVd_fss?st=DdnRUTpkyOat9EGaeAoGtlTaNwQ_rysPmp3Pbkz8HTo&ts=1723453431&e=0"]}]