[{"title":"Veľký, čiast. zariadený 4.izb.,novostavba parkovan","address":"Kondrótova 10, Bernolákovo, okres Senec","rooms":4,"meters":105,"totalPrice":215600,"meterSquarePrice":3,"link":"https://www.nehnutelnosti.sk/detail/JulGd-94b7f/velky-ciast-zariadeny-4-izb-novostavba-parkovan","imagesUrls":["https://img.nehnutelnosti.sk/foto/NjAweDMzOC9maWx0ZXJzOnF1YWxpdHkoMTAwKS9uZWg=/QQ7u5mfcJ_fss?st=hxX33jqAyd_RFRwpqFeW_20znDOWBpaWwvVCzBVqGA8&ts=1722838171&e=0"]},{"title":"predáme v centre Košíc - apartmánové byty","address":"Šoltésovej, Košice IV - Juh, okres Košice","rooms":1,"meters":30,"totalPrice":1800000,"meterSquarePrice":0,"link":"https://www.nehnutelnosti.sk/detail/JuKgCAutIm9w/predame-v-centre-kosic-apartmanove-byty","imagesUrls":["https://img.unitedclassifieds.sk/foto/NjAweDMzOC9maWx0ZXJzOnF1YWxpdHkoMTAwKS9yc2Y=/ccKGrtuoZ_fss?st=wj3j2VGgpm0hUuQXYPIdt5NPJcn_5nOPRlJiFxpcBFk&ts=1653644056&e=0"]},{"title":"REZERVOVANÝ príjemný 2izb.byt v Hamuliakove, klimatizácia, terasa","address":"Družstevná, Hamuliakovo, okres Senec","rooms":2,"meters":59,"totalPrice":135000,"meterSquarePrice":5,"link":"https://www.nehnutelnosti.sk/detail/JuDnFx05qbj/rezervovany-prijemny-2izb-byt-v-hamuliakove-klimatizacia-terasa","imagesUrls":["https://img.nehnutelnosti.sk/foto/NjAweDMzOC9maWx0ZXJzOnF1YWxpdHkoMTAwKS9uZWg=/_oPhHPFn0_fss?st=dftpE0uRrO18jdrLRq-TGlz5bX8a9o4Ub5o8TIrje2s&ts=1722961640&e=0"]},{"title":"NA PREDAJ príjemný 2 izbový byt vo vyhľadávanej lokalite BA - Nivy","address":"Prievozská, Bratislava II - Ružinov, okres Bratislava","rooms":2,"meters":62,"totalPrice":180000,"meterSquarePrice":2,"link":"https://www.nehnutelnosti.sk/detail/Juj1b666RUJ/na-predaj-prijemny-2-izbovy-byt-vo-vyhladavanej-lokalite-ba-nivy","imagesUrls":["https://img.nehnutelnosti.sk/foto/NjAweDMzOC9maWx0ZXJzOnF1YWxpdHkoMTAwKS9uZWg=/PyfP-wp4f_fss?st=Xm4CYC3xF_EpttFhqG4apl3DM-3OYPwFL7NEusNgKlI&ts=1725971051&e=0"]},{"title":"PREDAJ - apartmán v krásnom prostredí Liptova, Žiarce","address":"Pavčina Lehota, okres Liptovský Mikuláš","rooms":null,"meters":44,"totalPrice":175480,"meterSquarePrice":8,"link":"https://www.nehnutelnosti.sk/detail/JunAXyyMDBu/predaj-apartman-v-krasnom-prostredi-liptova-ziarce","imagesUrls":["https://img.nehnutelnosti.sk/foto/NjAweDMzOC9maWx0ZXJzOnF1YWxpdHkoMTAwKS9uZWg=/eos39ZeiL_fss?st=tgF0pJiOcbimqiuqzyYA3LO5lM3ag05MaJyE3icaNJc&ts=1722961628&e=0"]},{"title":"PREDAJ  3 izbový mezonet v nadstavbe, super lokalita, Riazanská ul.","address":"Riazanská, Bratislava III - Nové Mesto, okres Bratislava","rooms":3,"meters":88,"totalPrice":285000,"meterSquarePrice":4,"link":"https://www.nehnutelnosti.sk/detail/JuJRe0gEmnl/predaj-3-izbovy-mezonet-v-nadstavbe-super-lokalita-riazanska-ul","imagesUrls":["https://img.nehnutelnosti.sk/foto/NjAweDMzOC9maWx0ZXJzOnF1YWxpdHkoMTAwKS9uZWg=/-6XC4Irnt_fss?st=5dCErww_j2k630sqh-KUzXYWJSOjcPPINycL4QCDaUY&ts=1721214849&e=0"]},{"title":"Garsónka a garáž na Palisádoch","address":"Bratislava I - Staré Mesto, okres Bratislava","rooms":null,"meters":40,"totalPrice":200000,"meterSquarePrice":0,"link":"https://www.nehnutelnosti.sk/detail/JuZXrRc5Hgv/garsonka-a-garaz-na-palisadoch","imagesUrls":["https://img.nehnutelnosti.sk/foto/NjAweDMzOC9maWx0ZXJzOnF1YWxpdHkoMTAwKS9uZWg=/1SnWsA2Up_fss?st=pukAuYG5diIKvSj1tK0CLNOVBWuFV1_qEVMEjplS-h0&ts=1717625267&e=0"]},{"title":"PREDAJ 4 izb. byt s terasou, 2 x parkovanie, novostavba, Bernolákovo","address":"Trnavská, Bernolákovo, okres Senec","rooms":4,"meters":102,"totalPrice":219000,"meterSquarePrice":1,"link":"https://www.nehnutelnosti.sk/detail/JuWW-AlE62q/predaj-4-izb-byt-s-terasou-2-x-parkovanie-novostavba-bernolakovo","imagesUrls":["https://img.nehnutelnosti.sk/foto/NjAweDMzOC9maWx0ZXJzOnF1YWxpdHkoMTAwKS9uZWg=/K1aOzfI5zF_fss?st=TuOmv3oOpUiVXplGL4trK_o1yT6uzdCk7em4GTVEvfs&ts=1726322419&e=0"]},{"title":"PREDAJ  apartmánov v krásnom prostredí Liptova, Žiarce","address":"Pavčina Lehota, okres Liptovský Mikuláš","rooms":null,"meters":null,"totalPrice":null,"meterSquarePrice":null,"link":"https://www.nehnutelnosti.sk/detail/Jufd89QZCSO/predaj-apartmanov-v-krasnom-prostredi-liptova-ziarce","imagesUrls":["https://img.nehnutelnosti.sk/foto/NjAweDMzOC9maWx0ZXJzOnF1YWxpdHkoMTAwKS9uZWg=/RjaGy5DzR_fss?st=HED1bGFdH6356iQHqk8cCjMCjuxXZ0wkq73C0TlXGVQ&ts=1722961626&e=0"]},{"title":"Predaj - garsónka, 28 m2+ loggia 4 m2, Sabinovská ul.","address":"Sabinovská, Bratislava II - Ružinov, okres Bratislava","rooms":null,"meters":32,"totalPrice":135000,"meterSquarePrice":5,"link":"https://www.nehnutelnosti.sk/detail/JuvPISQwrfo/predaj-garsonka-28-m2-loggia-4-m2-sabinovska-ul","imagesUrls":["https://img.nehnutelnosti.sk/foto/NjAweDMzOC9maWx0ZXJzOnF1YWxpdHkoMTAwKS9uZWg=/pnWEZwfA5_fss?st=6zDBhTtGbt43-e2rzWyKI9v3prWaG3Ok3Lr1q395FtM&ts=1726129241&e=0"]},{"title":"3 izbový byt s vlastným kúrením","address":"Šurice, Šurice, okres Lučenec","rooms":3,"meters":70,"totalPrice":32500,"meterSquarePrice":9,"link":"https://www.nehnutelnosti.sk/detail/JueCUWhLb1R/3-izbovy-byt-s-vlastnym-kurenim","imagesUrls":["https://img.nehnutelnosti.sk/foto/NjAweDMzOC9maWx0ZXJzOnF1YWxpdHkoMTAwKS9uZWg=/0qAQccRco_fss?st=D992nInJbfmJoI6Wfwz3G4zuf3PsGW6bRj2VTI3rDko&ts=1726473531&e=0"]},{"title":"Veľký 3-izbový byt v dobrej lokalite, Michalovská ulica","address":"Michalovská, Košice II - Západ, okres Košice","rooms":3,"meters":78,"totalPrice":175000,"meterSquarePrice":9,"link":"https://www.nehnutelnosti.sk/detail/Ju1230zgVUU/velky-3-izbovy-byt-v-dobrej-lokalite-michalovska-ulica","imagesUrls":["https://img.unitedclassifieds.sk/foto/NjAweDMzOC9maWx0ZXJzOnF1YWxpdHkoMTAwKS9qdWw=/UK7ASGnfO_fss?st=LxF6PZQG5j3XCWcL-t-WcKBraNNYjEbp6uW583_Pc-M&ts=1726129141&e=0"]},{"title":"PRAŽSKA | 2- Izbový byt v novostavbe | Bytový dom A","address":"Pražská, Prešov, okres Prešov","rooms":2,"meters":52,"totalPrice":141984,"meterSquarePrice":7,"link":"https://www.nehnutelnosti.sk/detail/JuEahfYiiGD/prazska-2-izbovy-byt-v-novostavbe-bytovy-dom-a","imagesUrls":["https://img.unitedclassifieds.sk/foto/NjAweDMzOC9maWx0ZXJzOnF1YWxpdHkoMTAwKS9yc2Y=/bizNBtrpx_fss?st=elJJgRA9rEzQyPTVm-HOQ9EqMnXNXo57LCKUaCT-qvM&ts=1715793695&e=0"]},{"title":"PRAŽSKA | 3- Izbový byt v novostavbe | Bytový dom A","address":"Pražská, Prešov, okres Prešov","rooms":3,"meters":94,"totalPrice":220068,"meterSquarePrice":6,"link":"https://www.nehnutelnosti.sk/detail/JuoZgfjU5hL/prazska-3-izbovy-byt-v-novostavbe-bytovy-dom-a","imagesUrls":["https://img.unitedclassifieds.sk/foto/NjAweDMzOC9maWx0ZXJzOnF1YWxpdHkoMTAwKS9yc2Y=/nccC5s2uY_fss?st=CjXLfPZ3iRw-CjS39Orzqm_m63FDh80iVjBLFwKPP7c&ts=1715793418&e=0"]},{"title":"Rezervované         Krásny , kompletne zrekonštruovaný 1 izbový byt v atraktívnej časti Ružinova","address":"Jadrová, Bratislava II - Ružinov, okres Bratislava","rooms":1,"meters":43,"totalPrice":164900,"meterSquarePrice":7,"link":"https://www.nehnutelnosti.sk/detail/JuuyqWxwhhL/rezervovane-krasny-kompletne-zrekonstruovany-1-izbovy-byt-v-atraktivnej-casti-ruzinova","imagesUrls":["https://img.unitedclassifieds.sk/foto/NjAweDMzOC9maWx0ZXJzOnF1YWxpdHkoMTAwKS9qdWw=/yR53gA2tP_fss?st=yxbcyTFAU3rO1l5HWge2vnikHiIjwFRPbg4BJzXAfOQ&ts=1726085556&e=0"]},{"title":"Ko-real, ponúkame na predaj 1,5 izbový byt v Novom Meste nad Váhom","address":"Hviezdoslavova, Nové Mesto nad Váhom, okres Nové Mesto nad Váhom","rooms":1,"meters":38,"totalPrice":99000,"meterSquarePrice":3,"link":"https://www.nehnutelnosti.sk/detail/JuDlk32Pano/ko-real-ponukame-na-predaj-1-5-izbovy-byt-v-novom-meste-nad-vahom","imagesUrls":["https://img.unitedclassifieds.sk/foto/NjAweDMzOC9maWx0ZXJzOnF1YWxpdHkoMTAwKS9qdWw=/b19dblhO6_fss?st=ueXsN-Dk6puOtvzC0ZP_je_X_3d8jJHVR5ZbEoefX4M&ts=1726126653&e=0"]},{"title":"Na predaj 1-izbové štúdio s balkónom č.210 po kompletnej rekonštrukcii v Tatranskej Štrbe (Video).","address":"Rekreačná, Tatranská Štrba, okres Poprad","rooms":null,"meters":20,"totalPrice":85000,"meterSquarePrice":4,"link":"https://www.nehnutelnosti.sk/detail/JulUSgzg7_w/na-predaj-1-izbove-studio-s-balkonom-c-210-po-kompletnej-rekonstrukcii-v-tatranskej-strbe-video","imagesUrls":["https://img.unitedclassifieds.sk/foto/NjAweDMzOC9maWx0ZXJzOnF1YWxpdHkoMTAwKS9yc2Y=/QUbJ9ibiD_fss?st=aMeo2p8iDf_N2YZDO4tyUSBajnP_t8CwwG_Lc_9Hh9A&ts=1715819518&e=0"]},{"title":"Investičný 3 – izbový byt v centre Dolného Kubína na predaj","address":"Aleja Slobody, Dolný Kubín, okres Dolný Kubín","rooms":3,"meters":63,"totalPrice":138900,"meterSquarePrice":0,"link":"https://www.nehnutelnosti.sk/detail/JuLUnrMTQZu/investicny-3-izbovy-byt-v-centre-dolneho-kubina-na-predaj","imagesUrls":["https://img.nehnutelnosti.sk/foto/NjAweDMzOC9maWx0ZXJzOnF1YWxpdHkoMTAwKS9uZWg=/ySWzvueJWw_fss?st=EKj_-3L1Jrf_nPnk4_84_njCnlkRKbOkB4NkYqy7818&ts=1726126744&e=0"]},{"title":"NA PREDAJ prémiový 3i byt na ulici M. Rázusa","address":"M. Rázusa, Banská Bystrica, okres Banská Bystrica","rooms":3,"meters":63,"totalPrice":258000,"meterSquarePrice":4,"link":"https://www.nehnutelnosti.sk/detail/JuknbjafIxp/na-predaj-premiovy-3i-byt-na-ulici-m-razusa","imagesUrls":["https://img.unitedclassifieds.sk/foto/NjAweDMzOC9maWx0ZXJzOnF1YWxpdHkoMTAwKS9qdWw=/leub29TyS_fss?st=SxaDmYW7Jg7cB99jCMoQND-Z3VngdvE3odafTKCENfU&ts=1726123855&e=0"]},{"title":"Pod hradom – štandard  a veľká terasa 88m2 - SKOLAUDOVANÉ!","address":"Podzámska, Nitra, okres Nitra","rooms":3,"meters":84,"totalPrice":329100,"meterSquarePrice":6,"link":"https://www.nehnutelnosti.sk/detail/Ju5TXOMzGlD/pod-hradom-standard-a-velka-terasa-88m2-skolaudovane","imagesUrls":["https://img.unitedclassifieds.sk/foto/NjAweDMzOC9maWx0ZXJzOnF1YWxpdHkoMTAwKS9yc2Y=/afkkFfkmi_fss?st=ReajXCFHUrGCXQrSW8ITUoLIhhSzm5FujMn1rowywHs&ts=1720430288&e=0"]},{"title":"Moderný 2-izbový byt v Nitre s nadupanými technológiami a praktickým dispozičným riešením!","address":"Hviezdoslavova trieda, Nitra, okres Nitra","rooms":2,"meters":50,"totalPrice":139900,"meterSquarePrice":3,"link":"https://www.nehnutelnosti.sk/detail/Ju9Oqgr1qPa/moderny-2-izbovy-byt-v-nitre-s-nadupanymi-technologiami-a-praktickym-dispozicnym-riesenim","imagesUrls":["https://img.unitedclassifieds.sk/foto/NjAweDMzOC9maWx0ZXJzOnF1YWxpdHkoMTAwKS9qdWw=/vg7fD6ILI_fss?st=etz4IJkw_RSB1TF4Oh4TW1RMuBNU0t1fOi2CaUzbdEA&ts=1726213990&e=0"]},{"title":"Moderný 1-izbový byt v Nitre s nadupanými technológiami!","address":"Hviezdoslavova trieda, Nitra, okres Nitra","rooms":1,"meters":34,"totalPrice":99900,"meterSquarePrice":7,"link":"https://www.nehnutelnosti.sk/detail/Jurm-3E8AB_/moderny-1-izbovy-byt-v-nitre-s-nadupanymi-technologiami","imagesUrls":["https://img.unitedclassifieds.sk/foto/NjAweDMzOC9maWx0ZXJzOnF1YWxpdHkoMTAwKS9qdWw=/vD2AMu5GF_fss?st=5l8CLw1naJX87KtPpcpzCgtAnnJgtmpqbjzMfOFxEGE&ts=1726143401&e=0"]},{"title":"Priestranný 3-izbový byt v Nitre s modernými technológiami a komfortným dispozičným riešením!","address":"Hviezdoslavova trieda, Nitra, okres Nitra","rooms":3,"meters":69,"totalPrice":179900,"meterSquarePrice":1,"link":"https://www.nehnutelnosti.sk/detail/JuP6UOIhavG/priestranny-3-izbovy-byt-v-nitre-s-modernymi-technologiami-a-komfortnym-dispozicnym-riesenim","imagesUrls":["https://img.unitedclassifieds.sk/foto/NjAweDMzOC9maWx0ZXJzOnF1YWxpdHkoMTAwKS9qdWw=/syl9sk3Xq_fss?st=00WQi5qKMX4HwjhBIZ4p9hq4RSj_IWsIEtepufdmIzc&ts=1726213997&e=0"]},{"title":"REZIDENCIA KAPITULSKÁ – luxusný mezonet s vlastným vstupom a strešnou terasou","address":"Kapitulská 22, Trnava, okres Trnava","rooms":4,"meters":243,"totalPrice":null,"meterSquarePrice":null,"link":"https://www.nehnutelnosti.sk/detail/JuOZ7M-XVld/rezidencia-kapitulska-luxusny-mezonet-s-vlastnym-vstupom-a-stresnou-terasou","imagesUrls":["https://img.unitedclassifieds.sk/foto/NjAweDMzOC9maWx0ZXJzOnF1YWxpdHkoMTAwKS9yc2Y=/MrYklbWfC_fss?st=46xvHskR02iumvPcgg8nUFZAmGXpNLNQSIWQs_1Xg3g&ts=1715808807&e=0"]},{"title":"2 izbový byt aj na hyponájom - Košúty","address":"Košúty, okres Galanta","rooms":2,"meters":40,"totalPrice":107000,"meterSquarePrice":5,"link":"https://www.nehnutelnosti.sk/detail/Ju9bFzg89EK/2-izbovy-byt-aj-na-hyponajom-kosuty","imagesUrls":["https://img.nehnutelnosti.sk/foto/NjAweDMzOC9maWx0ZXJzOnF1YWxpdHkoMTAwKS9uZWg=/uEQQiNL_o_fss?st=fiQ9KaobVt4eVv1AAF5shmxHVm-TPSYvI7G-jZb6SrY&ts=1726490183&e=0"]},{"title":"Golf Apartments s terasou a parkovaním - Penati Golf Resort","address":"Šajdíkové Humence, Šajdíkove Humence, okres Senica","rooms":null,"meters":91,"totalPrice":279000,"meterSquarePrice":3,"link":"https://www.nehnutelnosti.sk/detail/JuyvHR3BhGa/golf-apartments-s-terasou-a-parkovanim-penati-golf-resort","imagesUrls":["https://img.nehnutelnosti.sk/foto/NjAweDMzOC9maWx0ZXJzOnF1YWxpdHkoMTAwKS9uZWg=/00mnlJWJIU_fss?st=FAmpbg9CoxA4DjAZhXDjjbnrgh2Ydyqz6mSkjhDTV3A&ts=1726101645&e=0"]},{"title":"Na predaj 3-izb. byt, Medzev, Sídlisko Mladosť 5","address":"Sídlisko Mladosť, Medzev, Košice okolie, okres Košice - okolie","rooms":3,"meters":52,"totalPrice":53000,"meterSquarePrice":3,"link":"https://www.nehnutelnosti.sk/detail/JuTIwOi7QBr/na-predaj-3-izb-byt-medzev-sidlisko-mladost-5","imagesUrls":["https://img.nehnutelnosti.sk/foto/NjAweDMzOC9maWx0ZXJzOnF1YWxpdHkoMTAwKS9uZWg=/aIfz4hrqvN_fss?st=h4J6NvRRlnV4IObUhjYG5-MmT3-YLbgwmVk8OIpxGsk&ts=1723152101&e=0"]},{"title":"Nová ponuka 3 izb.prerobeného bytu na predaj na sídlisku Zvolen- Západ","address":"Tulská, Zvolen, okres Zvolen","rooms":3,"meters":78,"totalPrice":165000,"meterSquarePrice":8,"link":"https://www.nehnutelnosti.sk/detail/JulQEBBincl/nova-ponuka-3-izb-prerobeneho-bytu-na-predaj-na-sidlisku-zvolen-zapad","imagesUrls":["https://img.nehnutelnosti.sk/foto/NjAweDMzOC9maWx0ZXJzOnF1YWxpdHkoMTAwKS9uZWg=/YvbIW1Bjj_fss?st=v1rPLXM_OpfNp5TspFxG5Y_FVScZuLUzPb_OarqK-mA&ts=1726093734&e=0"]},{"title":"Nový zariadený 2 izbový byt Slnečnice - UNIQ","address":"Fialová 7/B, Bratislava V - Petržalka, okres Bratislava","rooms":2,"meters":50,"totalPrice":228000,"meterSquarePrice":0,"link":"https://www.nehnutelnosti.sk/detail/JuBDsOGv8Cu/novy-zariadeny-2-izbovy-byt-slnecnice-uniq","imagesUrls":["https://img.nehnutelnosti.sk/foto/NjAweDMzOC9maWx0ZXJzOnF1YWxpdHkoMTAwKS9uZWg=/-5ShH93Eo_fss?st=jlviWymCoHfrX1IayKGT73_dLe7lB67Lm2vqY33PiIs&ts=1726093462&e=0"]},{"title":"1 izbový byt v projekte Guthaus - B.08.03","address":"Račianska, Bratislava III - Nové Mesto, okres Bratislava","rooms":1,"meters":27,"totalPrice":null,"meterSquarePrice":null,"link":"https://www.nehnutelnosti.sk/detail/JulwpAiVjfd/1-izbovy-byt-v-projekte-guthaus-b-08-03","imagesUrls":["https://img.nehnutelnosti.sk/foto/NjAweDMzOC9maWx0ZXJzOnF1YWxpdHkoMTAwKS9uZWg=/q883H4cI-_fss?st=uX_ZUsh6ScNtSdePSOpMB9aEDbXpgdS52NjmF4FW988&ts=1679585612&e=0"]}]