[{"title":"2 - izbový byt Bytča","address":"Bytča, okres Bytča","rooms":2,"meters":51,"totalPrice":109990,"meterSquarePrice":7,"link":"https://www.nehnutelnosti.sk/detail/JuX35_e-5D1/2-izbovy-byt-bytca","imagesUrls":["https://img.nehnutelnosti.sk/foto/NjAweDMzOC9maWx0ZXJzOnF1YWxpdHkoMTAwKS9uZWg=/bcpL-iCYd_fss?st=Gg7dCJFS7SQwYKGb-Wt3KSkWrZWV6NoWzw5QkZXriak&ts=1725264166&e=0"]},{"title":"3i byt, čiastočná rekonštrukcia - ANDRUSOVOVA, 851 01 BRATISLAVA - PETRŽALKA","address":"Andrusovova, Bratislava V - Petržalka, okres Bratislava","rooms":3,"meters":64,"totalPrice":199800,"meterSquarePrice":8,"link":"https://www.nehnutelnosti.sk/detail/JuUdGmEuvU-/3i-byt-ciastocna-rekonstrukcia-andrusovova-851-01-bratislava-petrzalka","imagesUrls":["https://img.unitedclassifieds.sk/foto/NjAweDMzOC9maWx0ZXJzOnF1YWxpdHkoMTAwKS9yc2Y=/oGY_tR3lV_fss?st=zlUmY-sR7R0tAOkMZWAK20I94cRz4dqma3Wz0PMCA6Q&ts=1659701452&e=0"]},{"title":"4 izbový penthouse na predaj o výmere viac ako 240m2","address":"Pri Hrubej lúke, Bratislava IV - Dúbravka, okres Bratislava","rooms":4,"meters":242,"totalPrice":645000,"meterSquarePrice":9,"link":"https://www.nehnutelnosti.sk/detail/JuZdTM3Iftg/4-izbovy-penthouse-na-predaj-o-vymere-viac-ako-240m2","imagesUrls":["https://img.unitedclassifieds.sk/foto/NjAweDMzOC9maWx0ZXJzOnF1YWxpdHkoMTAwKS9qdWw=/r1btMrJOr_fss?st=1C_RvM8poPlodL1pYb_949oTbHd9Yld9ifGWWk9xe3U&ts=1695805848&e=0"]},{"title":"Dvořákovo náberežie 4, 811 02 Bratislava","address":"Dvořakovo nábrežie, Bratislava I - Staré Mesto, okres Bratislava","rooms":2,"meters":98,"totalPrice":639000,"meterSquarePrice":1,"link":"https://www.nehnutelnosti.sk/detail/Ju7RPfXnNPB/dvorakovo-naberezie-4-811-02-bratislava","imagesUrls":["https://img.unitedclassifieds.sk/foto/NjAweDMzOC9maWx0ZXJzOnF1YWxpdHkoMTAwKS9qdWw=/CMewvAChn_fss?st=mRlIrsztL_jEDY-yXeO4fyH1Q2qToANkUNXYcusR88I&ts=1712513692&e=0"]},{"title":"Na predaj 2-izb. byt v rozostavanom projekte Nesto, v novovznikajúcej modernej, kompletne vybavenej","address":"Kopčianska, Bratislava V - Petržalka, okres Bratislava","rooms":2,"meters":45,"totalPrice":240000,"meterSquarePrice":9,"link":"https://www.nehnutelnosti.sk/detail/JuJU_fZ77Db/na-predaj-2-izb-byt-v-rozostavanom-projekte-nesto-v-novovznikajucej-modernej-kompletne-vybavenej","imagesUrls":["https://img.unitedclassifieds.sk/foto/NjAweDMzOC9maWx0ZXJzOnF1YWxpdHkoMTAwKS9yc2Y=/bJKaPn-Vp_fss?st=wqtDqOB-s96XdV2erow4vB3GSzyobxSm-FWw4MyEujg&ts=1666889052&e=0"]},{"title":"4i byt, čiastočná rekonštrukcia, zeleň, parkovanie, prerobený bytový dom - ANDRUSOVOVA, 851 01 BRATI","address":"Andrusovova, Bratislava V - Petržalka, okres Bratislava","rooms":4,"meters":64,"totalPrice":199800,"meterSquarePrice":8,"link":"https://www.nehnutelnosti.sk/detail/JuMFZK4IaxX/4i-byt-ciastocna-rekonstrukcia-zelen-parkovanie-prerobeny-bytovy-dom-andrusovova-851-01-brati","imagesUrls":["https://img.unitedclassifieds.sk/foto/NjAweDMzOC9maWx0ZXJzOnF1YWxpdHkoMTAwKS9yc2Y=/WWJb_E-qZ_fss?st=D7uY6RrEByuHfsDhgf36BvXcONoqtSXxE6lk545DsRA&ts=1659701464&e=0"]},{"title":"Penthouse o výmere 151m2, 900 41 Rovinka","address":"Hlavná, Rovinka, okres Senec","rooms":2,"meters":151,"totalPrice":199000,"meterSquarePrice":2,"link":"https://www.nehnutelnosti.sk/detail/JuAEmzNnJxc/penthouse-o-vymere-151m2-900-41-rovinka","imagesUrls":["https://img.unitedclassifieds.sk/foto/NjAweDMzOC9maWx0ZXJzOnF1YWxpdHkoMTAwKS9qdWw=/j6TULfIZy_fss?st=9_WeK1zfGErhL4dktohoebru_jCCaVq_MWBaLwbjGgc&ts=1693382181&e=0"]},{"title":"EUROVEA TOWER 33. POSCHODIE, 811 09 BRATISLAVA","address":"Pribinova, Bratislava I - Staré Mesto, okres Bratislava","rooms":2,"meters":69,"totalPrice":409000,"meterSquarePrice":4,"link":"https://www.nehnutelnosti.sk/detail/JuMiqLZwYf5/eurovea-tower-33-poschodie-811-09-bratislava","imagesUrls":["https://img.unitedclassifieds.sk/foto/NjAweDMzOC9maWx0ZXJzOnF1YWxpdHkoMTAwKS9qdWw=/IQCDlfP4m_fss?st=6-6U_YAMpR-h8msuKo30dx9cwHCIJUDbJH2lwp53HLY&ts=1709543426&e=0"]},{"title":"predaj NOVOSTAVBA 3-izb. byt v projekte Prúdy I.etapa, celková výmera 105,73m2, odovzdanie september","address":"Koniarekova, Trnava, okres Trnava","rooms":3,"meters":69,"totalPrice":null,"meterSquarePrice":null,"link":"https://www.nehnutelnosti.sk/detail/JuulKx85w38/predaj-novostavba-3-izb-byt-v-projekte-prudy-i-etapa-celkova-vymera-105-73m2-odovzdanie-september","imagesUrls":["https://img.nehnutelnosti.sk/foto/NjAweDMzOC9maWx0ZXJzOnF1YWxpdHkoMTAwKS9uZWg=/k7l9Pm8qdU_fss?st=38H65OiEJtRLt9DDAVjmwbmSb9PR3AvNX4P1uLfmPyE&ts=1727025493&e=0"]},{"title":"predaj pekný 3-izbový byt vo vyhľadávanej časti Trnavy","address":"Študentská, Trnava, okres Trnava","rooms":3,"meters":70,"totalPrice":169000,"meterSquarePrice":9,"link":"https://www.nehnutelnosti.sk/detail/JuackML8zoV/predaj-pekny-3-izbovy-byt-vo-vyhladavanej-casti-trnavy","imagesUrls":["https://img.nehnutelnosti.sk/foto/NjAweDMzOC9maWx0ZXJzOnF1YWxpdHkoMTAwKS9uZWg=/D2LCt7_VxR_fss?st=VkD-tXkzZOXYfpqz_Fzqv2sPY22esrTYNQewTxCyhMQ&ts=1727025491&e=0"]},{"title":"Na predaj slnečný 2-izbový byt v Martine , časť Priekopa","address":"Martin, okres Martin","rooms":2,"meters":62,"totalPrice":null,"meterSquarePrice":null,"link":"https://www.nehnutelnosti.sk/detail/JuUA9oPABMv/na-predaj-slnecny-2-izbovy-byt-v-martine-cast-priekopa","imagesUrls":["https://img.nehnutelnosti.sk/foto/NjAweDMzOC9maWx0ZXJzOnF1YWxpdHkoMTAwKS9uZWg=/1iKejAShF_fss?st=f9UmJRmACYT5aTuoOOTCG_maNYzR2dM8GKXTydG9mjs&ts=1727025469&e=0"]},{"title":"Exkluzívne Predaj 2 izbového bytu Podháj","address":"Martin, okres Martin","rooms":2,"meters":62,"totalPrice":119900,"meterSquarePrice":7,"link":"https://www.nehnutelnosti.sk/detail/JuIckhFEYxS/exkluzivne-predaj-2-izboveho-bytu-podhaj","imagesUrls":["https://img.nehnutelnosti.sk/foto/NjAweDMzOC9maWx0ZXJzOnF1YWxpdHkoMTAwKS9uZWg=/1pGWwkfYp_fss?st=eT-hTTuarjau8LNKbfynrLGTeqomv5wkJG14EFH8oxM&ts=1727025472&e=0"]},{"title":"3 izbový byt na predaj Príbovce","address":"Príbovce, Príbovce, okres Martin","rooms":3,"meters":87,"totalPrice":135000,"meterSquarePrice":2,"link":"https://www.nehnutelnosti.sk/detail/JuBHwb87COF/3-izbovy-byt-na-predaj-pribovce","imagesUrls":["https://img.nehnutelnosti.sk/foto/NjAweDMzOC9maWx0ZXJzOnF1YWxpdHkoMTAwKS9uZWg=/z1Kcnau6_h_fss?st=P0Dr561JQAj7BIdb7HaRGwBUVb2cCCPSjpPjZqGt6j8&ts=1727024780&e=0"]},{"title":"Investičný mezonetový byt 5 minút od historického centra Banskej Štiavnice","address":"Štiavnické Bane 4, Banská Štiavnica, okres Banská Štiavnica","rooms":null,"meters":60,"totalPrice":179000,"meterSquarePrice":3,"link":"https://www.nehnutelnosti.sk/detail/Juvz8eB0WSs/investicny-mezonetovy-byt-5-minut-od-historickeho-centra-banskej-stiavnice","imagesUrls":["https://img.nehnutelnosti.sk/foto/NjAweDMzOC9maWx0ZXJzOnF1YWxpdHkoMTAwKS9uZWg=/xdGixNGQw_fss?st=zBMaZA2ITBrM2DpjDT8-6gQ8LyTszKxvd6Iq1KRggsA&ts=1727024759&e=0"]},{"title":"REZERVOVANÉ - 4 izbový byt na predaj, Važecká ulica, sídlisko Šváby, Prešov","address":"Važecká 6794/10, Prešov, okres Prešov","rooms":4,"meters":76,"totalPrice":120000,"meterSquarePrice":5,"link":"https://www.nehnutelnosti.sk/detail/Juh63QPqQ9_/rezervovane-4-izbovy-byt-na-predaj-vazecka-ulica-sidlisko-svaby-presov","imagesUrls":["https://img.nehnutelnosti.sk/foto/NjAweDMzOC9maWx0ZXJzOnF1YWxpdHkoMTAwKS9uZWg=/y-gTJc8CT_fss?st=OfJesudo_B38SioV3J8dmOsNMY16nGHaZlauiBRkfZo&ts=1719240018&e=0"]},{"title":"Na predaj apartmán v obci Partizánske - Malé Bielice","address":"Partizánske, okres Partizánske","rooms":null,"meters":69,"totalPrice":146790,"meterSquarePrice":0,"link":"https://www.nehnutelnosti.sk/detail/JugnnTSEjGH/na-predaj-apartman-v-obci-partizanske-male-bielice","imagesUrls":["https://img.nehnutelnosti.sk/foto/NjAweDMzOC9maWx0ZXJzOnF1YWxpdHkoMTAwKS9uZWg=/PmnPVQskd_fss?st=wnuG-0Hrw2Pisi0Yq3HUpC1JPmkidBfu_xEXqJC8Nkw&ts=1711460415&e=0"]},{"title":"Viladomy Jurská│4-izbový mezonetový byt s veľkorysou strešnou terasou POD VINICAMI","address":"Jurská, Bratislava III - Nové Mesto, okres Bratislava","rooms":4,"meters":174,"totalPrice":585990,"meterSquarePrice":4,"link":"https://www.nehnutelnosti.sk/detail/JuKkTn3-Fkc/viladomy-jurska4-izbovy-mezonetovy-byt-s-velkorysou-stresnou-terasou-pod-vinicami","imagesUrls":["https://img.unitedclassifieds.sk/foto/NjAweDMzOC9maWx0ZXJzOnF1YWxpdHkoMTAwKS9qdWw=/Is8yYGyCS_fss?st=vLRJkJSsDljOXA5_6eHgymlVKZf-VxhvEMU-AegnhN8&ts=1713337939&e=0"]},{"title":"Viladomy Jurská│3-izbový mezonetový byt s veľkorysou strešnou terasou POD MALÝMI KARPATAMI","address":"Jurská, Bratislava III - Nové Mesto, okres Bratislava","rooms":3,"meters":174,"totalPrice":573990,"meterSquarePrice":2,"link":"https://www.nehnutelnosti.sk/detail/JuyHReRvYbD/viladomy-jurska3-izbovy-mezonetovy-byt-s-velkorysou-stresnou-terasou-pod-malymi-karpatami","imagesUrls":["https://img.unitedclassifieds.sk/foto/NjAweDMzOC9maWx0ZXJzOnF1YWxpdHkoMTAwKS9qdWw=/cHjncwUXK_fss?st=rJOKB8id2squLifUzKrhsOJJKERZEQbx8n7wPvY8-1I&ts=1701868153&e=0"]},{"title":"Viladomy Jurská│2-izbový byt s vysokým štandardom v privátnom komplexe POD MALÝMI KARPATAMI","address":"Jurská, Bratislava III - Nové Mesto, okres Bratislava","rooms":2,"meters":75,"totalPrice":309490,"meterSquarePrice":6,"link":"https://www.nehnutelnosti.sk/detail/JuHsjelntpm/viladomy-jurska2-izbovy-byt-s-vysokym-standardom-v-privatnom-komplexe-pod-malymi-karpatami","imagesUrls":["https://img.unitedclassifieds.sk/foto/NjAweDMzOC9maWx0ZXJzOnF1YWxpdHkoMTAwKS9qdWw=/pAQbXdqR7_fss?st=UmqKwojLF1bywIVVXI0zwC4m7TyB7yJq7Hg9hY_mn08&ts=1701864737&e=0"]},{"title":"Viladomy Jurská│5-izbový mezonetový byt s veľkorysou terasou POD VINOHRADMI","address":"Jurská, Bratislava III - Nové Mesto, okres Bratislava","rooms":5,"meters":249,"totalPrice":853490,"meterSquarePrice":6,"link":"https://www.nehnutelnosti.sk/detail/Jui9oy-3Rty/viladomy-jurska5-izbovy-mezonetovy-byt-s-velkorysou-terasou-pod-vinohradmi","imagesUrls":["https://img.unitedclassifieds.sk/foto/NjAweDMzOC9maWx0ZXJzOnF1YWxpdHkoMTAwKS9qdWw=/q5JKhoKgN_fss?st=_5DbPI_7uSVWWwsGlZtkjK1kvLwC4D1rffS8l7GRwg0&ts=1708874446&e=0"]},{"title":"1 izbový byt na predaj Martin Ľadoveň, po rekonštrukcii","address":"Daniela Michaeliho, Martin, okres Martin","rooms":1,"meters":28,"totalPrice":79000,"meterSquarePrice":3,"link":"https://www.nehnutelnosti.sk/detail/JulfmZvCsQv/1-izbovy-byt-na-predaj-martin-ladoven-po-rekonstrukcii","imagesUrls":["https://img.nehnutelnosti.sk/foto/NjAweDMzOC9maWx0ZXJzOnF1YWxpdHkoMTAwKS9uZWg=/Wx2CnT0xjA_fss?st=PVa-hxWr1wHKO2CYAhDQS6aszYwtsz0W5HjT2zkf2DU&ts=1725972716&e=0"]},{"title":"3 izbový byt na predaj Martin Záturčie","address":"Makovického, Martin, okres Martin","rooms":3,"meters":64,"totalPrice":109990,"meterSquarePrice":9,"link":"https://www.nehnutelnosti.sk/detail/Jurr_ki0Aru/3-izbovy-byt-na-predaj-martin-zaturcie","imagesUrls":["https://img.nehnutelnosti.sk/foto/NjAweDMzOC9maWx0ZXJzOnF1YWxpdHkoMTAwKS9uZWg=/CVZL5PDnbC_fss?st=CZ0Wg44jwtOKJNJYO0SQbcDknFkMwpu35azIEKFtac8&ts=1726571686&e=0"]},{"title":"1 izbový byt na predaj Martin Ľadoveň, kompletná rekonštrukcia","address":"Gogoľova, Martin, okres Martin","rooms":1,"meters":30,"totalPrice":70990,"meterSquarePrice":3,"link":"https://www.nehnutelnosti.sk/detail/JuKvBq9VA4J/1-izbovy-byt-na-predaj-martin-ladoven-kompletna-rekonstrukcia","imagesUrls":["https://img.nehnutelnosti.sk/foto/NjAweDMzOC9maWx0ZXJzOnF1YWxpdHkoMTAwKS9uZWg=/SoG25110e_fss?st=7wH3pm5NeSYyZ1Gfy8sa4ILx0XruL25HOpsiJ9A2LH0&ts=1720644863&e=0"]},{"title":"3 izbový byt so záhradou RD DUO PLUS","address":"Miloslavov, okres Senec","rooms":3,"meters":67,"totalPrice":179900,"meterSquarePrice":1,"link":"https://www.nehnutelnosti.sk/detail/JuFklCKJUux8/3-izbovy-byt-so-zahradou-rd-duo-plus","imagesUrls":["https://img.nehnutelnosti.sk/foto/NjAweDMzOC9maWx0ZXJzOnF1YWxpdHkoMTAwKS9uZWg=/L2eguefrI_fss?st=a0I1SNvRaP3SUmiXJtf2PilK_s-BpjIs3_gML03heqU&ts=1715801652&e=0"]},{"title":"Znížená cena: Dvojpodlažný 4 izbový byt so záhradou RD DUO PLUS","address":"Miloslavov, okres Senec","rooms":4,"meters":108,"totalPrice":244900,"meterSquarePrice":1,"link":"https://www.nehnutelnosti.sk/detail/Ju_4Eh7gdis/znizena-cena-dvojpodlazny-4-izbovy-byt-so-zahradou-rd-duo-plus","imagesUrls":["https://img.nehnutelnosti.sk/foto/NjAweDMzOC9maWx0ZXJzOnF1YWxpdHkoMTAwKS9uZWg=/Ubs3fjIkN_fss?st=0EpHqEGHa5WMp2Y99lQgAITlXy3vPGo9vBX6pIvaJps&ts=1715803983&e=0"]},{"title":"ZLACNENÉ: Moje Milko II. etapa: 4 izbový mezonet so záhradou","address":"Miloslavov, okres Senec","rooms":4,"meters":103,"totalPrice":230900,"meterSquarePrice":2,"link":"https://www.nehnutelnosti.sk/detail/JuC-eR8Gvpp/zlacnene-moje-milko-ii-etapa-4-izbovy-mezonet-so-zahradou","imagesUrls":["https://img.nehnutelnosti.sk/foto/NjAweDMzOC9maWx0ZXJzOnF1YWxpdHkoMTAwKS9uZWg=/hwv2z8cu7K_fss?st=_UMklUqT1rUvrNdbtCJfaE80nOrWzUoaPEObrTB83cc&ts=1715803977&e=0"]},{"title":"REZERVOVANÉ - NOVOSTAVBA RR - 2i BYT SO ZASKLENNOU LOGGIOU A PIVNICOU V ŠTANDARDE","address":"Františka Kubu, Bratislava III - Rača, okres Bratislava","rooms":2,"meters":41,"totalPrice":198279,"meterSquarePrice":8,"link":"https://www.nehnutelnosti.sk/detail/JuUiOpNdtgy/rezervovane-novostavba-rr-2i-byt-so-zasklennou-loggiou-a-pivnicou-v-standarde","imagesUrls":["https://img.unitedclassifieds.sk/foto/NjAweDMzOC9maWx0ZXJzOnF1YWxpdHkoMTAwKS9qdWw=/mGnzkg6_p_fss?st=jMr89bTMF-BMYPAzckFFngEJaknrZm1kxo41Bb4bwsA&ts=1712650141&e=0"]},{"title":"NOVOSTAVBA RR - 3i BYT SO ZASKLENNOU LOGGIOU V ŠTANDARDE","address":"Františka Kubu, Bratislava III - Rača, okres Bratislava","rooms":3,"meters":58,"totalPrice":257236,"meterSquarePrice":6,"link":"https://www.nehnutelnosti.sk/detail/JuOQlOp0MdX/novostavba-rr-3i-byt-so-zasklennou-loggiou-v-standarde","imagesUrls":["https://img.unitedclassifieds.sk/foto/NjAweDMzOC9maWx0ZXJzOnF1YWxpdHkoMTAwKS9qdWw=/QObICq6TV_fss?st=4J5Odzymuf0ar6QtpUur4yZt1YYQd_p_5e-CiYzNHcM&ts=1726057029&e=0"]},{"title":"2 IZB. BYT PREDZÁHRADKA, KUCHYNA, NOVOSTAVBA, PARKING - DUBOVÁ ALEJ","address":"Bernolákovo, okres Senec","rooms":2,"meters":46,"totalPrice":155000,"meterSquarePrice":7,"link":"https://www.nehnutelnosti.sk/detail/JuHfHCcCo0C/2-izb-byt-predzahradka-kuchyna-novostavba-parking-dubova-alej","imagesUrls":["https://img.unitedclassifieds.sk/foto/NjAweDMzOC9maWx0ZXJzOnF1YWxpdHkoMTAwKS9qdWw=/HvGGrYd97_fss?st=rm-Q4KHJZGHduOzWrKbo9QPCqHj4z3hCmDbT_cpFsmc&ts=1718624779&e=0"]},{"title":"Dizajnový 2 izbový byt s balkónom","address":"Obrancov mieru, Púchov, okres Púchov","rooms":2,"meters":56,"totalPrice":143000,"meterSquarePrice":7,"link":"https://www.nehnutelnosti.sk/detail/Ju6syzHYASb/dizajnovy-2-izbovy-byt-s-balkonom","imagesUrls":["https://img.unitedclassifieds.sk/foto/NjAweDMzOC9maWx0ZXJzOnF1YWxpdHkoMTAwKS9yc2Y=/ul34Eapu3_fss?st=8JV6Nr_FGoBv0YMiVevr9CBaz0NJczptemfjqIvv28U&ts=1726832078&e=0"]}]