[{"title":"Len u nás v ponuke: Predaj 3 izbového bytu na Svätoplukovej ulici v širšom centre","address":"Svätoplukova, Bratislava II - Ružinov, okres Bratislava","rooms":3,"meters":102,"totalPrice":412000,"meterSquarePrice":2,"link":"https://www.nehnutelnosti.sk/detail/Ju8LNmYa_SE/len-u-nas-v-ponuke-predaj-3-izboveho-bytu-na-svatoplukovej-ulici-v-sirsom-centre","imagesUrls":["https://img.nehnutelnosti.sk/foto/NjAweDMzOC9maWx0ZXJzOnF1YWxpdHkoMTAwKS9uZWg=/8atLJrtxH_fss?st=q_77iepTyXFvlh90w8J4XVBIVs9pILKwzdhtqA55Yes&ts=1721673166&e=0","https://img.nehnutelnosti.sk/foto/MTUweDg0L2ZpbHRlcnM6cXVhbGl0eSgxMDApL25laA==/U07A6kMGb_fss?st=b6VIv7gfvTGuLSgkzZxlC9rJ3cTmGkHa8VQSBOBw39g&ts=1721673167&e=0","https://img.nehnutelnosti.sk/foto/MTUweDg0L2ZpbHRlcnM6cXVhbGl0eSgxMDApL25laA==/LUaxEmW3z_fss?st=HHOGpJTRTwYtebL5oYiCAXiB1bbZDajjEAWOCLhxbWE&ts=1721673168&e=0","https://img.nehnutelnosti.sk/foto/MTUweDg0L2ZpbHRlcnM6cXVhbGl0eSgxMDApL25laA==/5XQcaYatwk_fss?st=xdANOO2gOpBXmO0QS9oWmj7Ss04sXpr8zgXFZ-eyVSE&ts=1721673166&e=0"]},{"title":"4-izbový byt v Starom meste","address":"Drotárska cesta 7910/50, Bratislava I - Staré Mesto, okres Bratislava","rooms":4,"meters":94,"totalPrice":750000,"meterSquarePrice":4,"link":"https://www.nehnutelnosti.sk/detail/JuCBulxzXc2/4-izbovy-byt-v-starom-meste","imagesUrls":["https://img.nehnutelnosti.sk/foto/NjAweDMzOC9maWx0ZXJzOnF1YWxpdHkoMTAwKS9uZWg=/7RHf_JA0x_fss?st=RudFfJW72AB1bzIgsfr1aBQmmuqYJ3UkqHMTl28d3lM&ts=1725025185&e=0","https://img.nehnutelnosti.sk/foto/MTUweDg0L2ZpbHRlcnM6cXVhbGl0eSgxMDApL25laA==/pHJPpAjRU_fss?st=BfYs3qu4wkm7IL0X0_DKMdoA4_Z_SZL7zAeigJzjTeA&ts=1725025186&e=0","https://img.nehnutelnosti.sk/foto/MTUweDg0L2ZpbHRlcnM6cXVhbGl0eSgxMDApL25laA==/mUUMPUY7R_fss?st=ohPfuARfCltyefOLd0WsAeJajAD23EmXkLXdk5YSzOs&ts=1725025186&e=0","https://img.nehnutelnosti.sk/foto/MTUweDg0L2ZpbHRlcnM6cXVhbGl0eSgxMDApL25laA==/bDLnI3dnk_fss?st=ko8la3Kf8yLM1lg2RswUWwlOpCBmD78CAQMpLvWz9NE&ts=1725025186&e=0"]},{"title":"2-izb. byt novostavba Urban residence","address":"Račianska 13916/26B, Bratislava III - Nové Mesto, okres Bratislava","rooms":2,"meters":57,"totalPrice":265000,"meterSquarePrice":2,"link":"https://www.nehnutelnosti.sk/detail/JulLPsPcnBQ/2-izb-byt-novostavba-urban-residence","imagesUrls":["https://img.nehnutelnosti.sk/foto/NjAweDMzOC9maWx0ZXJzOnF1YWxpdHkoMTAwKS9uZWg=/WjjqxuJ_u_fss?st=zzL1aJx3AqCsZaIhZEfkWwoQd2y1fqRVeH3n5_1UUPA&ts=1715011696&e=0","https://img.nehnutelnosti.sk/foto/MTUweDg0L2ZpbHRlcnM6cXVhbGl0eSgxMDApL25laA==/BHBe9yj5A_fss?st=U_8dX8MqA3LugDnkWhc_vgL8Ji6QM8uHdXeGQvwj0pQ&ts=1714588154&e=0","https://img.nehnutelnosti.sk/foto/MTUweDg0L2ZpbHRlcnM6cXVhbGl0eSgxMDApL25laA==/6XDK62M-H_fss?st=bMqMdCEFn9DQDjktzc7z5zsu-J4Hc5tetvB15tdXg4I&ts=1714588154&e=0","https://img.nehnutelnosti.sk/foto/MTUweDg0L2ZpbHRlcnM6cXVhbGl0eSgxMDApL25laA==/GZDO87Ume_fss?st=XQlKDTJ9twd7IIdcv4ss4FuHsPLlWWCiwS2BpHzzA9c&ts=1714588153&e=0"]},{"title":"3izbový byt, ul. Severná, 7.p., Pôvodný stav,","address":"Severná, Moldava nad Bodvou, Košice okolie, okres Košice - okolie","rooms":3,"meters":70,"totalPrice":91000,"meterSquarePrice":0,"link":"https://www.nehnutelnosti.sk/detail/JudkPfZH3IJ/3izbovy-byt-ul-severna-7-p-povodny-stav","imagesUrls":["https://img.nehnutelnosti.sk/foto/NjAweDMzOC9maWx0ZXJzOnF1YWxpdHkoMTAwKS9uZWg=/8VrJ5VMS-_fss?st=myWB8oyr_kTe7eYjsTWBrvBf1183X_1vGkTEyNJ0nEg&ts=1719837926&e=0","https://img.nehnutelnosti.sk/foto/MTUweDg0L2ZpbHRlcnM6cXVhbGl0eSgxMDApL25laA==/9-9fnRQbG_fss?st=1oTGRbvf04sjU1aK0TTFhos9587hY3udACZdsKYHM8w&ts=1719837926&e=0","https://img.nehnutelnosti.sk/foto/MTUweDg0L2ZpbHRlcnM6cXVhbGl0eSgxMDApL25laA==/JV8b9Ly39_fss?st=dBqCqhMmtyL7jGSJk44t1Nccm-I61fig-PFss1K9IFA&ts=1719837927&e=0","https://img.nehnutelnosti.sk/foto/MTUweDg0L2ZpbHRlcnM6cXVhbGl0eSgxMDApL25laA==/RrEeWu1Km_fss?st=lGr2b_EaaEEoCeOAvIJDUWXOHF7aibOGeZFahK0S2F0&ts=1719837928&e=0"]},{"title":"3 izbový byt prerobený z 2 izbového v centre","address":"Okružná ul. 3456/17, Levice, okres Levice","rooms":3,"meters":66,"totalPrice":100000,"meterSquarePrice":5,"link":"https://www.nehnutelnosti.sk/detail/Ju9gZUXXkZj/3-izbovy-byt-prerobeny-z-2-izboveho-v-centre","imagesUrls":["https://img.nehnutelnosti.sk/foto/NjAweDMzOC9maWx0ZXJzOnF1YWxpdHkoMTAwKS9uZWg=/ukAtfsKPA_fss?st=ow2j4BX_baMWeFhLN6z_pT_maBssUf6nd501tq071xw&ts=1724647726&e=0","https://img.nehnutelnosti.sk/foto/MTUweDg0L2ZpbHRlcnM6cXVhbGl0eSgxMDApL25laA==/Dyf69dE1Y_fss?st=oJbh3jqH0MitlUVKdePRDfPgUXNG82Iiv-AHL2mvZvw&ts=1724647726&e=0","https://img.nehnutelnosti.sk/foto/MTUweDg0L2ZpbHRlcnM6cXVhbGl0eSgxMDApL25laA==/nibsOb3TL_fss?st=353q9esCCLBrfTDctPbmy4yROFWMq7-2Id7hJbEQlHw&ts=1724647726&e=0","https://img.nehnutelnosti.sk/foto/MTUweDg0L2ZpbHRlcnM6cXVhbGl0eSgxMDApL25laA==/jn86aCu7V_fss?st=RY7PV38TAvLAgNIQrwF5O4EW1XP-5W6po3eZyyCs-xk&ts=1724647727&e=0"]},{"title":"TOP PREDAJ!! - 3-IZB. BYT - SKVELÁ DISPOZÍCIA - BA II Podunajské Biskupice - BALTSKÁ UL.","address":"Baltská, Bratislava II - Podunajské Biskupice, okres Bratislava","rooms":3,"meters":73,"totalPrice":182990,"meterSquarePrice":1,"link":"https://www.nehnutelnosti.sk/detail/Ju2JAGKCVUZ/top-predaj-3-izb-byt-skvela-dispozicia-ba-ii-podunajske-biskupice-baltska-ul","imagesUrls":["https://img.nehnutelnosti.sk/foto/NjAweDMzOC9maWx0ZXJzOnF1YWxpdHkoMTAwKS9uZWg=/RRNYybn7__fss?st=GNGkdYjGZXr8rIZrYvu2UPTnscZahCWoqG64Fj38q3c&ts=1726578269&e=0","https://img.nehnutelnosti.sk/foto/MTUweDg0L2ZpbHRlcnM6cXVhbGl0eSgxMDApL25laA==/f0PDeLIPW_fss?st=tNsMrnmbklOl-86Jq2cCrhulkN9fz3f1o1mcV7ynAcs&ts=1726578273&e=0","https://img.nehnutelnosti.sk/foto/MTUweDg0L2ZpbHRlcnM6cXVhbGl0eSgxMDApL25laA==/mZlYOsYgC_fss?st=crS_oeE7dk6N2nBU4G0AFJ_FIpYJeolHxqKUeUd5-bs&ts=1726578271&e=0","https://img.nehnutelnosti.sk/foto/MTUweDg0L2ZpbHRlcnM6cXVhbGl0eSgxMDApL25laA==/vxJp-L3Mp_fss?st=x7dMjXXEmxEpzgS-Rv71hO7JFCZLLXjezFgNPj3gEVw&ts=1726578271&e=0"]},{"title":"NOVOSTAVBA - TOP PREDAJ!! - 2-IZB. BYT AJ S PARKOVACÍM STÁTÍM - DÚBRAVKA - UL. PRI HRÚBEJ LÚKE","address":"Pri Hrubej lúke, Bratislava IV - Dúbravka, okres Bratislava","rooms":2,"meters":53,"totalPrice":219990,"meterSquarePrice":5,"link":"https://www.nehnutelnosti.sk/detail/JunwPkUZn6M/novostavba-top-predaj-2-izb-byt-aj-s-parkovacim-statim-dubravka-ul-pri-hrubej-luke","imagesUrls":["https://img.nehnutelnosti.sk/foto/NjAweDMzOC9maWx0ZXJzOnF1YWxpdHkoMTAwKS9uZWg=/_U9CLWta-_fss?st=sYrw1AO3LYXMfkJdEd44ZDbK0QGqxK7gjlLmBkwc5mA&ts=1725224791&e=0","https://img.nehnutelnosti.sk/foto/MTUweDg0L2ZpbHRlcnM6cXVhbGl0eSgxMDApL25laA==/VUJlOg_VOY_fss?st=eLEUdu9zYhfsjC1uHHDHgf77j8-mrCumBOcOEakeIIo&ts=1725224792&e=0","https://img.nehnutelnosti.sk/foto/MTUweDg0L2ZpbHRlcnM6cXVhbGl0eSgxMDApL25laA==/TDUGdLacDp_fss?st=DLsqR6lo_kmoXNTENbVHbazpBai5Pl96msOSS4HricE&ts=1725224792&e=0","https://img.nehnutelnosti.sk/foto/MTUweDg0L2ZpbHRlcnM6cXVhbGl0eSgxMDApL25laA==/joqKuN48S_fss?st=A3yQkxfIK5REVwmPDGk24NZC7yGxmFJOoWfvUb19kYw&ts=1725224791&e=0"]},{"title":"FINREA│1 izbový byt typu A-H4 v novostavbe Kubínske výhľady","address":"Martina Hattalu, Dolný Kubín, okres Dolný Kubín","rooms":1,"meters":25,"totalPrice":95445,"meterSquarePrice":2,"link":"https://www.nehnutelnosti.sk/detail/Juzgr7IKlJO/finrea1-izbovy-byt-typu-a-h4-v-novostavbe-kubinske-vyhlady","imagesUrls":["https://img.nehnutelnosti.sk/foto/NjAweDMzOC9maWx0ZXJzOnF1YWxpdHkoMTAwKS9uZWg=/W0FkxiISuB_fss?st=YPIIaEPvuPufp8iXC-GxmV-gg8o-nLHjhmqzCjSr-Ms&ts=1717744701&e=0"]},{"title":"NOVOSTAVBA 4 izb.byt, skolaudovaný projekt Danubius ONE, 23. poschodie-panoramatický výhľad na Brati","address":"Trnavská cesta, Bratislava II - Ružinov, okres Bratislava","rooms":4,"meters":118,"totalPrice":689085,"meterSquarePrice":7,"link":"https://www.nehnutelnosti.sk/detail/JuK3fPTKN3G/novostavba-4-izb-byt-skolaudovany-projekt-danubius-one-23-poschodie-panoramaticky-vyhlad-na-brati","imagesUrls":["https://img.nehnutelnosti.sk/foto/NjAweDMzOC9maWx0ZXJzOnF1YWxpdHkoMTAwKS9uZWg=/eU_9XItaI3_fss?st=N8xxbzMczEHG9FwvGC5x5bus1tZ5X6f8iSrwSUt1XuM&ts=1724325304&e=0","https://img.nehnutelnosti.sk/foto/MTUweDg0L2ZpbHRlcnM6cXVhbGl0eSgxMDApL25laA==/poDpJ9PqoQ_fss?st=JzKQdMkqyj6OgFensSmA8aUSQFmQXjWl6D5KteGoSo4&ts=1724325302&e=0","https://img.nehnutelnosti.sk/foto/MTUweDg0L2ZpbHRlcnM6cXVhbGl0eSgxMDApL25laA==/Fol8GU5hC_fss?st=spKaEFvW9h8K3nyD6OXU9KD8QubkyfsCrbE6Oc207p4&ts=1724325303&e=0","https://img.nehnutelnosti.sk/foto/MTUweDg0L2ZpbHRlcnM6cXVhbGl0eSgxMDApL25laA==/pLV_KdLAn8_fss?st=pmZgErhPwG1DwPPDif85JcwnhBvt6HRZA76nbYrMKhM&ts=1724325302&e=0"]},{"title":"Arvin & Benet | Tále, byt pre výnimočné dovolenky aj investíciu","address":"Bystrá, Brezno, okres Brezno","rooms":2,"meters":88,"totalPrice":265860,"meterSquarePrice":7,"link":"https://www.nehnutelnosti.sk/detail/JuG0gGLBUya/arvin-benet-tale-byt-pre-vynimocne-dovolenky-aj-investiciu","imagesUrls":["https://img.unitedclassifieds.sk/foto/NjAweDMzOC9maWx0ZXJzOnF1YWxpdHkoMTAwKS9qdWw=/hH_MiTnwUV_fss?st=RFwynVEjFB-roBYyz_2YsDmnkq-xL8ngEEolAzIfOTQ&ts=1702549270&e=0","https://img.unitedclassifieds.sk/foto/MTUweDg0L2ZpbHRlcnM6cXVhbGl0eSgxMDApL2p1bA==/uZBe_7mG3F_fss?st=2sheLuXFnanc41OqT9WIEVyAhQlWdDzXbApTmhNFFvI&ts=1702549272&e=0","https://img.unitedclassifieds.sk/foto/MTUweDg0L2ZpbHRlcnM6cXVhbGl0eSgxMDApL2p1bA==/HnJKYOlXj_fss?st=bBTNZu9NqAdh0zdxIQ_SANl-803PNqwycQyv9hGJht8&ts=1702549270&e=0","https://img.unitedclassifieds.sk/foto/MTUweDg0L2ZpbHRlcnM6cXVhbGl0eSgxMDApL2p1bA==/rM6ApoOc8_fss?st=q27o6q5OTxCvK67uuMU5Iu9ToEAoFu20MTm7uMCZqlY&ts=1702549270&e=0"]},{"title":"BOSEN | 4 izbový byt s výhľadom na Dunaj, 153m2, RIVER PARK","address":"Dvořákovo nábrežie, Bratislava I - Staré Mesto, okres Bratislava","rooms":4,"meters":138,"totalPrice":920000,"meterSquarePrice":6,"link":"https://www.nehnutelnosti.sk/detail/JumO04v1iD1/bosen-4-izbovy-byt-s-vyhladom-na-dunaj-153m2-river-park","imagesUrls":["https://img.nehnutelnosti.sk/foto/NjAweDMzOC9maWx0ZXJzOnF1YWxpdHkoMTAwKS9uZWg=/1mM3-IP3xC_fss?st=g4YVNkk2dJjVOJRAWsfwwhzsQeMgXHJFryE1oBC2pnU&ts=1725092946&e=0","https://img.nehnutelnosti.sk/foto/MTUweDg0L2ZpbHRlcnM6cXVhbGl0eSgxMDApL25laA==/v9q-fKuHe_fss?st=j95BGt26TFjGFMj6USkO9wDMopzcodXOLvGvm5XaStw&ts=1725092947&e=0","https://img.nehnutelnosti.sk/foto/MTUweDg0L2ZpbHRlcnM6cXVhbGl0eSgxMDApL25laA==/q2bdQfWiyv_fss?st=sRBSTZSNMyQlyZ6HJO0UuSgkv9xW9y_kE10gjfX_8A4&ts=1725092942&e=0","https://img.nehnutelnosti.sk/foto/MTUweDg0L2ZpbHRlcnM6cXVhbGl0eSgxMDApL25laA==/NvOmnY072_fss?st=nean38MbiP7LAc_m_C4YWj7fGhAGCDO1xCqpLfi85gM&ts=1725092943&e=0"]},{"title":"BOSEN | Mezonetový 4 izbový byt so záhradou 134 m2, Bratislava - Karlova Ves","address":"Pernecká, Bratislava IV - Karlova Ves, okres Bratislava","rooms":4,"meters":288,"totalPrice":569999,"meterSquarePrice":6,"link":"https://www.nehnutelnosti.sk/detail/JuHAjvR4U2m/bosen-mezonetovy-4-izbovy-byt-so-zahradou-134-m2-bratislava-karlova-ves","imagesUrls":["https://img.nehnutelnosti.sk/foto/NjAweDMzOC9maWx0ZXJzOnF1YWxpdHkoMTAwKS9uZWg=/lYOHrQW9hZ_fss?st=KmhGBHPhpNKdqUpedyaVjgr7KiHBqXldukdu-IrkmSk&ts=1725369354&e=0","https://img.nehnutelnosti.sk/foto/MTUweDg0L2ZpbHRlcnM6cXVhbGl0eSgxMDApL25laA==/ZeQ7a3ddpX_fss?st=0HnUdaKnj38r1X_zkO-f6ui3-DH9lW3ngMOcUQH_T7g&ts=1725369351&e=0","https://img.nehnutelnosti.sk/foto/MTUweDg0L2ZpbHRlcnM6cXVhbGl0eSgxMDApL25laA==/l3DXZtjaP_fss?st=5UDpqxXCS_g47cWLNdXxYrPxCjmwL28QWcnwnfXQ_Kc&ts=1725369350&e=0","https://img.nehnutelnosti.sk/foto/MTUweDg0L2ZpbHRlcnM6cXVhbGl0eSgxMDApL25laA==/pJiQUdbUqx_fss?st=bAAZj8gy57m2jVZZQQmeyn7W8OaDXA6d9IYza28FXk4&ts=1725369353&e=0"]},{"title":"Predaj 2 izb. byt, Rovinka s parkovaním a klimatizáciou.","address":"Kvetná, Rovinka, okres Senec","rooms":2,"meters":56,"totalPrice":164900,"meterSquarePrice":4,"link":"https://www.nehnutelnosti.sk/detail/JuUzjkqCLsQ/predaj-2-izb-byt-rovinka-s-parkovanim-a-klimatizaciou","imagesUrls":["https://img.unitedclassifieds.sk/foto/NjAweDMzOC9maWx0ZXJzOnF1YWxpdHkoMTAwKS9qdWw=/UEqTeypxT_fss?st=A8XLg6S25vuwEgB-eSSCloJX3pUstLXc4yCPL5_OHEs&ts=1724152905&e=0","https://img.unitedclassifieds.sk/foto/MTUweDg0L2ZpbHRlcnM6cXVhbGl0eSgxMDApL2p1bA==/V2z6nO0VI_fss?st=fmyWDcgVydFQbZI6400mkTwkXxqMYnQPMxMRGQhRUdA&ts=1724152843&e=0","https://img.unitedclassifieds.sk/foto/MTUweDg0L2ZpbHRlcnM6cXVhbGl0eSgxMDApL2p1bA==/e1cRPYJst_fss?st=50SCa6f0U3sgeDI9h3KQk6Mcf2WcZ35oXq0El8UWh5I&ts=1724152857&e=0","https://img.unitedclassifieds.sk/foto/MTUweDg0L2ZpbHRlcnM6cXVhbGl0eSgxMDApL2p1bA==/VXDSNnnOrP_fss?st=4NnGNKP-Q-OpFSlBQc9lg-rsUhpWUfRDbxke5Nl3k4g&ts=1724152839&e=0"]},{"title":"2 izbovy startovaci byt prerobeny z neb.priest.","address":"Námestie Martina Benku, Bratislava I - Staré Mesto, okres Bratislava","rooms":2,"meters":43,"totalPrice":149000,"meterSquarePrice":2,"link":"https://www.nehnutelnosti.sk/detail/JuyIu8-_BjA/2-izbovy-startovaci-byt-prerobeny-z-neb-priest","imagesUrls":["https://img.nehnutelnosti.sk/foto/NjAweDMzOC9maWx0ZXJzOnF1YWxpdHkoMTAwKS9uZWg=/MTPCeTRCR_fss?st=ohJ_YnTyBXw54bXzyos7hNCmXW6IY6GSNpCxqm_nEp4&ts=1727019685&e=0","https://img.nehnutelnosti.sk/foto/MTUweDg0L2ZpbHRlcnM6cXVhbGl0eSgxMDApL25laA==/Coun9afTc_fss?st=5v7kOgBlHDo0XrwEPwlz1123sKCA7G8aS8OpqYlYhto&ts=1727019686&e=0","https://img.nehnutelnosti.sk/foto/MTUweDg0L2ZpbHRlcnM6cXVhbGl0eSgxMDApL25laA==/c_HWQX0Ar_fss?st=9S4eV5BoOTBEAIDd6i0fWtkSMwjG8a3Dee7QYGHKHy4&ts=1727019679&e=0","https://img.nehnutelnosti.sk/foto/MTUweDg0L2ZpbHRlcnM6cXVhbGl0eSgxMDApL25laA==/wH7ji0mCz_fss?st=QaEYpw2tfc6x2ZLVlxhuZRKsIjrfnrv_pBjCnASEAA4&ts=1727019686&e=0"]},{"title":"EXKLUZÍVNY moderný 2 izbový byt - vynikajúci pomer CENA / KVALITA - výborná poloha na Klokočine","address":"Novomeského, Nitra, okres Nitra","rooms":2,"meters":65,"totalPrice":169000,"meterSquarePrice":0,"link":"https://www.nehnutelnosti.sk/detail/JuKXVuRthSN/exkluzivny-moderny-2-izbovy-byt-vynikajuci-pomer-cena-kvalita-vyborna-poloha-na-klokocine","imagesUrls":["https://img.unitedclassifieds.sk/foto/NjAweDMzOC9maWx0ZXJzOnF1YWxpdHkoMTAwKS9qdWw=/T7m5b7Mh1_fss?st=RlwubRaE-HoVqKaNtWFGoQGKU26pdUoZ1lDX0ohSAFw&ts=1726744809&e=0","https://img.unitedclassifieds.sk/foto/MTUweDg0L2ZpbHRlcnM6cXVhbGl0eSgxMDApL2p1bA==/RF0q7inNn_fss?st=jWsH-f6R24levQDQdEUL9ZBO7Z_rfeZNv_EeQ565KHw&ts=1726744706&e=0","https://img.unitedclassifieds.sk/foto/MTUweDg0L2ZpbHRlcnM6cXVhbGl0eSgxMDApL2p1bA==/q7O0No3zy_fss?st=dczJDV70YcWtAHucDmuh2LiVnhCDdZ7d3dbyJKG8c1c&ts=1726744710&e=0","https://img.unitedclassifieds.sk/foto/MTUweDg0L2ZpbHRlcnM6cXVhbGl0eSgxMDApL2p1bA==/5rftdvcUl_fss?st=rI7xGWXJDWW0fZszkYDb89-dUUOsLlmy8TF05QWRbRU&ts=1726744712&e=0"]},{"title":"Na predaj 1-izbový byt v projekte tatryPARK RESIDENCE v Tatranskej Štrbe","address":"Vysoké Tatry, okres Poprad","rooms":1,"meters":45,"totalPrice":199500,"meterSquarePrice":3,"link":"https://www.nehnutelnosti.sk/detail/JuzrvMZdHo0/na-predaj-1-izbovy-byt-v-projekte-tatrypark-residence-v-tatranskej-strbe","imagesUrls":["https://img.nehnutelnosti.sk/foto/NjAweDMzOC9maWx0ZXJzOnF1YWxpdHkoMTAwKS9uZWg=/vMah9ZKdIM_fss?st=zxlF_HpvUqw8hDnIohpXQotjambdimDppauSPKzyDvM&ts=1724324721&e=0","https://img.nehnutelnosti.sk/foto/MTUweDg0L2ZpbHRlcnM6cXVhbGl0eSgxMDApL25laA==/twsDYOcyA_fss?st=GR96jua5vxbjh3hN4EjpFWbPY0DJFkCLElsmScn9eeg&ts=1724324721&e=0","https://img.nehnutelnosti.sk/foto/MTUweDg0L2ZpbHRlcnM6cXVhbGl0eSgxMDApL25laA==/DgVwdKEXl_fss?st=I3cyZM22qBwyKOu-2jYoo1drf38pQl0z2ooe9pyoSGQ&ts=1724324720&e=0","https://img.nehnutelnosti.sk/foto/MTUweDg0L2ZpbHRlcnM6cXVhbGl0eSgxMDApL25laA==/H0aNfBz7V_fss?st=aY2GQ9FR3dV4hsD24f25ehL75pMPAbPJeXz2WbPkwkY&ts=1724324720&e=0"]},{"title":"Na predaj 2-izbový byt v projekte tatryPARK RESIDENCE v Tatranskej Štrbe","address":"Tatranská Štrba, Vysoké Tatry, okres Poprad","rooms":2,"meters":91,"totalPrice":232900,"meterSquarePrice":4,"link":"https://www.nehnutelnosti.sk/detail/JuftkJfOh8i/na-predaj-2-izbovy-byt-v-projekte-tatrypark-residence-v-tatranskej-strbe","imagesUrls":["https://img.nehnutelnosti.sk/foto/NjAweDMzOC9maWx0ZXJzOnF1YWxpdHkoMTAwKS9uZWg=/Qj-WEQMD4m_fss?st=YH0oHTpE3r10hFiUPvfdxeGBRuQJCnQ7dgkL7liAQHE&ts=1724226682&e=0","https://img.nehnutelnosti.sk/foto/MTUweDg0L2ZpbHRlcnM6cXVhbGl0eSgxMDApL25laA==/35_W8cru7_fss?st=2spyxbD0Nanc9SMuPENCSILZo1SKz5-IvqI9cnuXmN4&ts=1724226682&e=0","https://img.nehnutelnosti.sk/foto/MTUweDg0L2ZpbHRlcnM6cXVhbGl0eSgxMDApL25laA==/U3nP4paxI_fss?st=4Y4aBRKZCIj_j1RYmoJTWAXd86P9-CR_BBdGsLJc7P0&ts=1724226683&e=0","https://img.nehnutelnosti.sk/foto/MTUweDg0L2ZpbHRlcnM6cXVhbGl0eSgxMDApL25laA==/jkoLZaqsRz_fss?st=92hnMlFaM1h3-zDSLNfaXGwVQmcm-_MvGK5FpmMoHKo&ts=1724226682&e=0"]},{"title":"Na predaj 4-izbový byt v projekte ParkResidence v Žiline v časti Bôrik","address":"Bôrická cesta, Žilina, okres Žilina","rooms":4,"meters":244,"totalPrice":412000,"meterSquarePrice":2,"link":"https://www.nehnutelnosti.sk/detail/Ju9PM9sH8SM/na-predaj-4-izbovy-byt-v-projekte-parkresidence-v-ziline-v-casti-borik","imagesUrls":["https://img.nehnutelnosti.sk/foto/NjAweDMzOC9maWx0ZXJzOnF1YWxpdHkoMTAwKS9uZWg=/GfwP9y6POR_fss?st=1qN4gET9tp1S68WOQaZEmy7NdTwMfIZv3t00TK5arbU&ts=1725450932&e=0","https://img.nehnutelnosti.sk/foto/MTUweDg0L2ZpbHRlcnM6cXVhbGl0eSgxMDApL25laA==/t-nb_SZDL_fss?st=P3ID9aKLBy38UOoUurPDYUbjpQTDIHxMisEMp881Hgw&ts=1725450931&e=0","https://img.nehnutelnosti.sk/foto/MTUweDg0L2ZpbHRlcnM6cXVhbGl0eSgxMDApL25laA==/RTMiO-PFJL_fss?st=NbrfMAvX98qUtGS41Fm5WXamUT_foT0_0VS9PVBx76A&ts=1725450935&e=0","https://img.nehnutelnosti.sk/foto/MTUweDg0L2ZpbHRlcnM6cXVhbGl0eSgxMDApL25laA==/9QjH8md9v_fss?st=xYKOVYVWxQvle8GsrecgHtpxk-MlnTz91tyTwKikNYA&ts=1725450932&e=0"]},{"title":"Na predaj 3-izbový byt v projekte ParkResidence v Žiline v časti Bôrik","address":"Bôrická cesta, Žilina, okres Žilina","rooms":3,"meters":113,"totalPrice":388000,"meterSquarePrice":3,"link":"https://www.nehnutelnosti.sk/detail/JulQn0N46Be/na-predaj-3-izbovy-byt-v-projekte-parkresidence-v-ziline-v-casti-borik","imagesUrls":["https://img.nehnutelnosti.sk/foto/NjAweDMzOC9maWx0ZXJzOnF1YWxpdHkoMTAwKS9uZWg=/YcGGerpRS_fss?st=pZXykHR2hg2elnBzkOUKACJaLre26Z3ap0nr4X35Y4w&ts=1725454405&e=0","https://img.nehnutelnosti.sk/foto/MTUweDg0L2ZpbHRlcnM6cXVhbGl0eSgxMDApL25laA==/qMf8DOd8l_fss?st=GiT7DBkui504XUD0AKtO3Zm2mZX-QxGyHQ0kuV8dexw&ts=1725454405&e=0","https://img.nehnutelnosti.sk/foto/MTUweDg0L2ZpbHRlcnM6cXVhbGl0eSgxMDApL25laA==/ZrEB3fktK_fss?st=n5D4Ht92EyIwc7-YYffWAxjnm9SUXDDD4iAZkHm4SK0&ts=1725454405&e=0","https://img.nehnutelnosti.sk/foto/MTUweDg0L2ZpbHRlcnM6cXVhbGl0eSgxMDApL25laA==/uQLfaSVwh_fss?st=nHyYKEqbiGwo1MeF8GjXLYDPoN1PBVmru4DsLOyTWD8&ts=1725454405&e=0"]},{"title":"Exkluzívny Apartmán ORLÍČEK vo Vysokých Tatrách","address":"Lúčna, Štrba, okres Poprad","rooms":null,"meters":516,"totalPrice":899000,"meterSquarePrice":5,"link":"https://www.nehnutelnosti.sk/detail/JuN04qo_vIS/exkluzivny-apartman-orlicek-vo-vysokych-tatrach","imagesUrls":["https://img.nehnutelnosti.sk/foto/NjAweDMzOC9maWx0ZXJzOnF1YWxpdHkoMTAwKS9uZWg=/shm9R-1-mf_fss?st=hNa1YabgenHmobEpmBm9As0pDqRDBhOQmFXh6tz3u1s&ts=1726744429&e=0","https://img.nehnutelnosti.sk/foto/MTUweDg0L2ZpbHRlcnM6cXVhbGl0eSgxMDApL25laA==/NfzsIBKoKn_fss?st=pxuEck1plub772K9RbThHQ0TIdFJwHqlmpASfV_vEOY&ts=1726744433&e=0","https://img.nehnutelnosti.sk/foto/MTUweDg0L2ZpbHRlcnM6cXVhbGl0eSgxMDApL25laA==/Crm4tvTQ4_fss?st=qYluUK-E5og_Tj51KKQsbfNzvXrLMDd94slIqMdxc7M&ts=1726744431&e=0","https://img.nehnutelnosti.sk/foto/MTUweDg0L2ZpbHRlcnM6cXVhbGl0eSgxMDApL25laA==/dMrX0CKyz_fss?st=RNvUzAtX83iHsLzKPoDNNkiQkbZX2I1SDvvMCfKn3Fg&ts=1726744426&e=0"]},{"title":"AKTUÁLNE -1-izbový byt s parametrami dvojizbového - kompletná rekonštrukcia","address":"Murániho, Nitra, okres Nitra","rooms":2,"meters":47,"totalPrice":135500,"meterSquarePrice":8,"link":"https://www.nehnutelnosti.sk/detail/JuiUKodGU_B/aktualne-1-izbovy-byt-s-parametrami-dvojizboveho-kompletna-rekonstrukcia","imagesUrls":["https://img.unitedclassifieds.sk/foto/NjAweDMzOC9maWx0ZXJzOnF1YWxpdHkoMTAwKS9qdWw=/gnlmCUEVM_fss?st=GA9QpiqqRwiJnSNoDfu1ni7AHQiBbHkPIuNmJEGaQAM&ts=1726743984&e=0","https://img.unitedclassifieds.sk/foto/MTUweDg0L2ZpbHRlcnM6cXVhbGl0eSgxMDApL2p1bA==/32MgwcRCk_fss?st=PwKE21sVV8mJ26ffGG2ZJnkXH0SFny5w7Nyc-9dmd-8&ts=1726744171&e=0","https://img.unitedclassifieds.sk/foto/MTUweDg0L2ZpbHRlcnM6cXVhbGl0eSgxMDApL2p1bA==/-TvvAx7aF_fss?st=cz4be4TESwmqORerycf189Weoni1OPKutBKxEFdKT3Y&ts=1726744195&e=0","https://img.unitedclassifieds.sk/foto/MTUweDg0L2ZpbHRlcnM6cXVhbGl0eSgxMDApL2p1bA==/Jk2H1zDsMH_fss?st=uaaPFerTmcgEKus2p3GxXsyUisG5nuImV4e3_wl2oto&ts=1726743998&e=0"]},{"title":"BOSEN | Predaj slnečný 2-izbový byt, Liptovský Mikuláš-Nábrežie, 49 m2","address":"Nábrežie, Liptovský Mikuláš, okres Liptovský Mikuláš","rooms":2,"meters":49,"totalPrice":89900,"meterSquarePrice":9,"link":"https://www.nehnutelnosti.sk/detail/Ju-A_EmrvIS/bosen-predaj-slnecny-2-izbovy-byt-liptovsky-mikulas-nabrezie-49-m2","imagesUrls":["https://img.nehnutelnosti.sk/foto/NjAweDMzOC9maWx0ZXJzOnF1YWxpdHkoMTAwKS9uZWg=/3IuykKrjU_fss?st=eR2O5uZMI4dAPzByYqd7azVIh-WJLxJtk3xYf40OmJU&ts=1724578683&e=0","https://img.nehnutelnosti.sk/foto/MTUweDg0L2ZpbHRlcnM6cXVhbGl0eSgxMDApL25laA==/Iq1Z88Ia4G_fss?st=HPu8au-kOI078soqNak4DGH6iOiSILAOgNUyQMsvBqM&ts=1724578682&e=0","https://img.nehnutelnosti.sk/foto/MTUweDg0L2ZpbHRlcnM6cXVhbGl0eSgxMDApL25laA==/i3kdNf4P8U_fss?st=JoKcMhjOHtesIArX3Tj9yE4SxGFD3hE3LuwEy1uwMc4&ts=1724578682&e=0","https://img.nehnutelnosti.sk/foto/MTUweDg0L2ZpbHRlcnM6cXVhbGl0eSgxMDApL25laA==/kzL7Kt3oHA_fss?st=SL5HkRkyytvO0Z81pubaT_vhQtyPhXdwmmKz5trpGWc&ts=1724578684&e=0"]},{"title":"AKTUÁLNE -1-izbový byt s parametrami dvojizbového - kompletná rekonštrukcia --","address":"Murániho, Nitra, okres Nitra","rooms":1,"meters":47,"totalPrice":135500,"meterSquarePrice":8,"link":"https://www.nehnutelnosti.sk/detail/JuomNYP1cqA/aktualne-1-izbovy-byt-s-parametrami-dvojizboveho-kompletna-rekonstrukcia","imagesUrls":["https://img.unitedclassifieds.sk/foto/NjAweDMzOC9maWx0ZXJzOnF1YWxpdHkoMTAwKS9qdWw=/utWitSESQ_fss?st=MdXV4EKkef1Qs3mtyhWmZn05svXzyCNGExqjUeqgttU&ts=1726743172&e=0","https://img.unitedclassifieds.sk/foto/MTUweDg0L2ZpbHRlcnM6cXVhbGl0eSgxMDApL2p1bA==/w4yzRi-NJ_fss?st=ho685PAGtWSSFACdq2ulTCpkgqIQSa3c7V3hdyDSddE&ts=1726743021&e=0","https://img.unitedclassifieds.sk/foto/MTUweDg0L2ZpbHRlcnM6cXVhbGl0eSgxMDApL2p1bA==/9WovvSFwB_fss?st=Om281-dib1TSmo2kwNMlawpImfnU5vzN4EHAeHRnvpw&ts=1726743130&e=0","https://img.unitedclassifieds.sk/foto/MTUweDg0L2ZpbHRlcnM6cXVhbGl0eSgxMDApL2p1bA==/CNpFl36HD_fss?st=O8ViziPbfZft_NdvFeo-7kaB3qiH50-Hgi9gh6oORw0&ts=1726742943&e=0"]},{"title":"PREDAJ 2 izbového bytu v Prémiovej novostavbe Pezinok A0+","address":"Pezinok, okres Pezinok","rooms":3,"meters":52,"totalPrice":209000,"meterSquarePrice":9,"link":"https://www.nehnutelnosti.sk/detail/JuT3lN17Y03/predaj-2-izboveho-bytu-v-premiovej-novostavbe-pezinok-a0","imagesUrls":["https://img.nehnutelnosti.sk/foto/NjAweDMzOC9maWx0ZXJzOnF1YWxpdHkoMTAwKS9uZWg=/xhIoSgSgc_fss?st=oUsWY0rdebkcN03HNFeY-X4nWcsP4b_I2MJ5vS8b4HI&ts=1724760938&e=0","https://img.nehnutelnosti.sk/foto/MTUweDg0L2ZpbHRlcnM6cXVhbGl0eSgxMDApL25laA==/2hRx6uz6J_fss?st=EjewopHRxsYyTsI1hzTUia1CVEDn8v0jmiJqiRP7Q0A&ts=1724760939&e=0","https://img.nehnutelnosti.sk/foto/MTUweDg0L2ZpbHRlcnM6cXVhbGl0eSgxMDApL25laA==/Dr39wg0iO_fss?st=ogKK79MnCn0FAD3SxVqJ9pnk5lVYzIFCmPLUeBFJbKY&ts=1724760938&e=0","https://img.nehnutelnosti.sk/foto/MTUweDg0L2ZpbHRlcnM6cXVhbGl0eSgxMDApL25laA==/U1vaTD98NY_fss?st=lzN_H0a7jFSg2dzLWfZfckrL0Xx7gakJ-YY-_vqYD6c&ts=1724760938&e=0"]},{"title":"PREDAJ 1 izbového bytu v Prémiovej novostavbe Pezinok A0+","address":"Limbašská cesta, Pezinok, okres Pezinok","rooms":1,"meters":34,"totalPrice":139000,"meterSquarePrice":4,"link":"https://www.nehnutelnosti.sk/detail/Ju4IL--oRzv/predaj-1-izboveho-bytu-v-premiovej-novostavbe-pezinok-a0","imagesUrls":["https://img.nehnutelnosti.sk/foto/NjAweDMzOC9maWx0ZXJzOnF1YWxpdHkoMTAwKS9uZWg=/B8QcnbfKv_fss?st=hHYTH-QtkCVIGDVVN-V0ucuk2XFJPUQU4bghVnrK6vc&ts=1724753197&e=0","https://img.nehnutelnosti.sk/foto/MTUweDg0L2ZpbHRlcnM6cXVhbGl0eSgxMDApL25laA==/aLkSgvAFs_fss?st=Ch9Jj-aNQT8vkiyGgY9W5cpCaRKiT7lbgHa1aempUco&ts=1724753194&e=0","https://img.nehnutelnosti.sk/foto/MTUweDg0L2ZpbHRlcnM6cXVhbGl0eSgxMDApL25laA==/Gw1o7AdMaq_fss?st=bhGe1fRKlmivPdJ9hwRby914s1pWVvgr9DMsnRUQ2gQ&ts=1724753196&e=0","https://img.nehnutelnosti.sk/foto/MTUweDg0L2ZpbHRlcnM6cXVhbGl0eSgxMDApL25laA==/TGoWJ9nbw_fss?st=vJ0mWIfUwUsqx0DOlA7GAz2sKHSbTol8i3i-1zvo9YA&ts=1724753195&e=0"]},{"title":"Priestranný 2-izbový byt s predzáhradkou","address":"Opletalova, Bratislava IV - Devínska Nová Ves, okres Bratislava","rooms":2,"meters":56,"totalPrice":null,"meterSquarePrice":null,"link":"https://www.nehnutelnosti.sk/detail/JudCK3jAor4/priestranny-2-izbovy-byt-s-predzahradkou","imagesUrls":["https://img.nehnutelnosti.sk/foto/NjAweDMzOC9maWx0ZXJzOnF1YWxpdHkoMTAwKS9uZWg=/UlsM9_tS__fss?st=42t8kNvhE-aG6uwMjlQr6PmZnrrpr53vnqZUgEPNR24&ts=1726742477&e=0","https://img.nehnutelnosti.sk/foto/MTUweDg0L2ZpbHRlcnM6cXVhbGl0eSgxMDApL25laA==/IXQH4DiVE_fss?st=RoetyvPe5FwFzTfHY0oEy1yy0utvpbb4aAA9pGvqf6U&ts=1726151622&e=0","https://img.nehnutelnosti.sk/foto/MTUweDg0L2ZpbHRlcnM6cXVhbGl0eSgxMDApL25laA==/9EVCa8RFC_fss?st=0Trld8e7abbyCeBG3k0VLkc8CcWnLpPk0ZLgKIpb_2o&ts=1726151618&e=0","https://img.nehnutelnosti.sk/foto/MTUweDg0L2ZpbHRlcnM6cXVhbGl0eSgxMDApL25laA==/OBtOlaH3W_fss?st=ZG5kD4tg5uMf8T9nMoA_EpZt00CBUkux3M6arIcqvjk&ts=1726151619&e=0"]},{"title":"Predaj 3 izbového bytu v Tatranskej Lomnici","address":"Tatranská Lomnica, Vysoké Tatry, okres Poprad","rooms":3,"meters":69,"totalPrice":null,"meterSquarePrice":null,"link":"https://www.nehnutelnosti.sk/detail/JuRnD_zppzE/predaj-3-izboveho-bytu-v-tatranskej-lomnici","imagesUrls":["https://img.nehnutelnosti.sk/foto/NjAweDMzOC9maWx0ZXJzOnF1YWxpdHkoMTAwKS9uZWg=/H59p0ypzF_fss?st=eKcFbBAsk1hitSfPkxoHvrjBQhih9orKmeUtKiEy_A8&ts=1726656229&e=0","https://img.nehnutelnosti.sk/foto/MTUweDg0L2ZpbHRlcnM6cXVhbGl0eSgxMDApL25laA==/KOPA3JoeTK_fss?st=sXYicrvebMLAc67KN6LBYL-XEE1BDigzIjHgzg3lziU&ts=1726656229&e=0","https://img.nehnutelnosti.sk/foto/MTUweDg0L2ZpbHRlcnM6cXVhbGl0eSgxMDApL25laA==/k2v0KQ_9M_fss?st=6EBHKs3e7MGPsjDYPLVjbgYDsHdNXQRaSIxjgUJd2z0&ts=1726656229&e=0","https://img.nehnutelnosti.sk/foto/MTUweDg0L2ZpbHRlcnM6cXVhbGl0eSgxMDApL25laA==/IWOkbdmXSF_fss?st=sAqdK9DdAtAeGye2ySaemWfw0TvTaJoEkUiVaFA-3As&ts=1726656228&e=0"]},{"title":"KOMPLET REKONŠTRUKCIA*VEĽA ZELENE*KUCHYNSKÁ LINKA","address":"Mesačná, Bratislava II - Ružinov, okres Bratislava","rooms":3,"meters":62,"totalPrice":229800,"meterSquarePrice":5,"link":"https://www.nehnutelnosti.sk/detail/Jut3Pc7wLIg/komplet-rekonstrukciavela-zelenekuchynska-linka","imagesUrls":["https://img.nehnutelnosti.sk/foto/NjAweDMzOC9maWx0ZXJzOnF1YWxpdHkoMTAwKS9uZWg=/s6z71SYjC_fss?st=xjbrzD64DrCgem6rTIWUjh-rLYHJ3V98oJ9YqI2yVtM&ts=1719819510&e=0","https://img.nehnutelnosti.sk/foto/MTUweDg0L2ZpbHRlcnM6cXVhbGl0eSgxMDApL25laA==/BvDRUvHi__fss?st=_KDgfgSKTXoSX6U3tllipRknVAfXSp-5W7Jd-dAmeu8&ts=1719819510&e=0","https://img.nehnutelnosti.sk/foto/MTUweDg0L2ZpbHRlcnM6cXVhbGl0eSgxMDApL25laA==/hCr1jWSo__fss?st=06gMnDdNVuOGWr3W-WH4bhmBDv7HeRNDnRc3Uj3JSJs&ts=1719819507&e=0","https://img.nehnutelnosti.sk/foto/MTUweDg0L2ZpbHRlcnM6cXVhbGl0eSgxMDApL25laA==/eBhlmPOMl_fss?st=U7pR99zE4u4bjRK4njEZxYtCFwXQEfcwLzdh8tWRqaI&ts=1719819509&e=0"]},{"title":"FINREA│1 izbový byt typu B-D2 v novostavbe Kubínske výhľady","address":"Martina Hattalu, Dolný Kubín, okres Dolný Kubín","rooms":1,"meters":26,"totalPrice":85900,"meterSquarePrice":7,"link":"https://www.nehnutelnosti.sk/detail/Jup2Gx0ImCK/finrea1-izbovy-byt-typu-b-d2-v-novostavbe-kubinske-vyhlady","imagesUrls":["https://img.nehnutelnosti.sk/foto/NjAweDMzOC9maWx0ZXJzOnF1YWxpdHkoMTAwKS9uZWg=/oW7Fzn8Wk_fss?st=cLbw4VpaBMj_9kkNXBHqtRqZ9ZAsZTdjsta3DyVPQLw&ts=1717744696&e=0"]},{"title":"Jedinečný 4 izbový byt s panoramatickým výhľadom na predaj v komplexe Eurovea Tower","address":"Pribinova, Bratislava II - Ružinov, okres Bratislava","rooms":4,"meters":155,"totalPrice":1300000,"meterSquarePrice":0,"link":"https://www.nehnutelnosti.sk/detail/JulJDzOPOne/jedinecny-4-izbovy-byt-s-panoramatickym-vyhladom-na-predaj-v-komplexe-eurovea-tower","imagesUrls":["https://img.nehnutelnosti.sk/foto/NjAweDMzOC9maWx0ZXJzOnF1YWxpdHkoMTAwKS9uZWg=/bRvmn3Wlg_fss?st=_PxQj0nFGe2peMOfUJZB7ox0RwRSVkRVcKReuOXw9Y4&ts=1713876336&e=0","https://img.nehnutelnosti.sk/foto/MTUweDg0L2ZpbHRlcnM6cXVhbGl0eSgxMDApL25laA==/Iqa5t_5YP_fss?st=ZYz8ag3IV9kkb_8rCFBNV0QJWNg81NYOSGao1uO33h8&ts=1713876339&e=0","https://img.nehnutelnosti.sk/foto/MTUweDg0L2ZpbHRlcnM6cXVhbGl0eSgxMDApL25laA==/Nhy0y8ZxK9_fss?st=zjTWAIN9EfxgeXYOU1TGYO027fsNo3aLvTLY8u_HjuI&ts=1713876337&e=0","https://img.nehnutelnosti.sk/foto/MTUweDg0L2ZpbHRlcnM6cXVhbGl0eSgxMDApL25laA==/z9qdd5dAOq_fss?st=jw04pQYEOHlCxoqJ7-SdLuJyUYJNGgRyAicts52iTYs&ts=1713876336&e=0"]}]