[{"title":"Priestranný 4i. byt 88m2, Bzovícka ul., 2x loggia, pivnica, 2/6p., príjemný výhľad do parku, neďalek","address":"Bzovícka, Bratislava V - Petržalka, okres Bratislava","rooms":4,"meters":88,"totalPrice":239000,"meterSquarePrice":1,"link":"https://www.nehnutelnosti.sk/detail/Jutph47THQW/priestranny-4i-byt-88m2-bzovicka-ul-2x-loggia-pivnica-2-6p-prijemny-vyhlad-do-parku-nedalek","imagesUrls":["https://img.unitedclassifieds.sk/foto/NjAweDMzOC9maWx0ZXJzOnF1YWxpdHkoMTAwKS9qdWw=/svjRdhP9Q_fss?st=aSgFC_B931Ci0iC6kywI429bsuPymTV4WtUD8zrVBSg&ts=1725889417&e=0"]},{"title":"REZERVOVANÉ. Exkluzívne  na predaj moderný neštandardne zrekonštruovaný 1,5 – izbový byt, Stálicová","address":"Stálicová, Košice IV - Nad jazerom, okres Košice","rooms":2,"meters":42,"totalPrice":123900,"meterSquarePrice":0,"link":"https://www.nehnutelnosti.sk/detail/JujG8_MYkkv/rezervovane-exkluzivne-na-predaj-moderny-nestandardne-zrekonstruovany-1-5-izbovy-byt-stalicova","imagesUrls":["https://img.nehnutelnosti.sk/foto/NjAweDMzOC9maWx0ZXJzOnF1YWxpdHkoMTAwKS9uZWg=/iLygZheMi3_fss?st=rh4bZjpxBIkhvYeI-osI7Adxb4SsmxIhI_TeTM4Y1P0&ts=1724327155&e=0"]},{"title":"REZERVOVANÉ - Úsporný 2 izbový byt v tichej časti mesta v LC","address":"Rúbanisko II, Lučenec, okres Lučenec","rooms":2,"meters":52,"totalPrice":52500,"meterSquarePrice":2,"link":"https://www.nehnutelnosti.sk/detail/JuPqpCDH3Na/rezervovane-usporny-2-izbovy-byt-v-tichej-casti-mesta-v-lc","imagesUrls":["https://img.nehnutelnosti.sk/foto/NjAweDMzOC9maWx0ZXJzOnF1YWxpdHkoMTAwKS9uZWg=/2k_sO-_IF6_fss?st=qs7nA_v8tCyVUel4jVpRiO5TXbqB-qxFkHOZFXPlUYE&ts=1724241283&e=0"]},{"title":"REZERVOVANÉ - Exkluzívne  na predaj  2 izbový byt v Humennom","address":"Družstevná, Humenné, okres Humenné","rooms":2,"meters":63,"totalPrice":65000,"meterSquarePrice":5,"link":"https://www.nehnutelnosti.sk/detail/JuWttUDVW6d/rezervovane-exkluzivne-na-predaj-2-izbovy-byt-v-humennom","imagesUrls":["https://img.nehnutelnosti.sk/foto/NjAweDMzOC9maWx0ZXJzOnF1YWxpdHkoMTAwKS9uZWg=/mgJhojeJ9_fss?st=Ck5ifA5tdWjNf6cOAIDC0zajvms1BpMy3LTq3ffDAqc&ts=1724664876&e=0"]},{"title":"REZERVOVANÉ - Exkluzívne: 4-izbový Veľkorysý Byt v Banskej Štiavnici","address":"Drieňová, Banská Štiavnica, okres Banská Štiavnica","rooms":4,"meters":83,"totalPrice":99900,"meterSquarePrice":1,"link":"https://www.nehnutelnosti.sk/detail/Ju3_liYXNco/rezervovane-exkluzivne-4-izbovy-velkorysy-byt-v-banskej-stiavnici","imagesUrls":["https://img.nehnutelnosti.sk/foto/NjAweDMzOC9maWx0ZXJzOnF1YWxpdHkoMTAwKS9uZWg=/h3z48Exrz_fss?st=ezynvDQJ_IVt7MSF-ojD1QjeHDBqnJNjp_4wM44vhQ0&ts=1719480843&e=0"]},{"title":"REZERVOVANÉ - NOVOSTAVBA priestranný 2-izb. byt s terasou a predzáhradkou, garážové státie Rezidenci","address":"Nová Koliba, Bratislava III - Nové Mesto, okres Bratislava","rooms":2,"meters":73,"totalPrice":334900,"meterSquarePrice":6,"link":"https://www.nehnutelnosti.sk/detail/Jue1U0Eln-c/rezervovane-novostavba-priestranny-2-izb-byt-s-terasou-a-predzahradkou-garazove-statie-rezidenci","imagesUrls":["https://img.nehnutelnosti.sk/foto/NjAweDMzOC9maWx0ZXJzOnF1YWxpdHkoMTAwKS9uZWg=/6-PzEVhYNH_fss?st=NHl0KkmULFg5FVJqa0yNeZ5ShUtGOHevOOch11AMYKA&ts=1719820492&e=0"]},{"title":"REZERVOVANÉ - Klimatizovaný 3 izbový byt po kompletnej rekonštrukcii","address":"A. Hlinku, Sereď, okres Galanta","rooms":3,"meters":80,"totalPrice":124990,"meterSquarePrice":8,"link":"https://www.nehnutelnosti.sk/detail/Ju_9Ik4MTxN/rezervovane-klimatizovany-3-izbovy-byt-po-kompletnej-rekonstrukcii","imagesUrls":["https://img.nehnutelnosti.sk/foto/NjAweDMzOC9maWx0ZXJzOnF1YWxpdHkoMTAwKS9uZWg=/xnfuQ5H81d_fss?st=XBt2B5cwHXpIxTTMqnFcrTzf8i-8kxk9LmkGg4EA1uQ&ts=1718018612&e=0"]},{"title":"REZERVOVANÉ - Krásny a precízne zrekonštruovaný 3-izbový byt v meštianskom dome, Piešťany, 113 m2","address":"Námestie SNP, Piešťany, okres Piešťany","rooms":3,"meters":113,"totalPrice":246750,"meterSquarePrice":3,"link":"https://www.nehnutelnosti.sk/detail/Ju5i8crscX0/rezervovane-krasny-a-precizne-zrekonstruovany-3-izbovy-byt-v-mestianskom-dome-piestany-113-m2","imagesUrls":["https://img.nehnutelnosti.sk/foto/NjAweDMzOC9maWx0ZXJzOnF1YWxpdHkoMTAwKS9uZWg=/VfyzZqaCC_fss?st=qPBaesqWM4Mf2PJRJY3D2_zVnJAWn6WRi4q1hmmfEjc&ts=1716980547&e=0"]},{"title":"REZERVOVANÉ - 3-izbový tehlový byt s balkónom, predaj, 84 m2, garáž, Park obrancov mieru, Košice - S","address":"Park obrancov mieru, Košice I - Sever, okres Košice","rooms":3,"meters":84,"totalPrice":184990,"meterSquarePrice":6,"link":"https://www.nehnutelnosti.sk/detail/JuKYhgbLvsc/rezervovane-3-izbovy-tehlovy-byt-s-balkonom-predaj-84-m2-garaz-park-obrancov-mieru-kosice-s","imagesUrls":["https://img.nehnutelnosti.sk/foto/NjAweDMzOC9maWx0ZXJzOnF1YWxpdHkoMTAwKS9uZWg=/GbvTz_GDJk_fss?st=QrAWlWB4BcQ6IMy_Ody02h70KTIcDADa-C8UqIdPKho&ts=1718377298&e=0"]},{"title":"REZERVOVANÉ - Na predaj slnečný 3 izbový byt s veľkým balkónom v LC","address":"Arm. generála L. Svobodu, Lučenec, okres Lučenec","rooms":3,"meters":70,"totalPrice":68000,"meterSquarePrice":3,"link":"https://www.nehnutelnosti.sk/detail/JuzTErVvD7d/rezervovane-na-predaj-slnecny-3-izbovy-byt-s-velkym-balkonom-v-lc","imagesUrls":["https://img.nehnutelnosti.sk/foto/NjAweDMzOC9maWx0ZXJzOnF1YWxpdHkoMTAwKS9uZWg=/_4z1CsLGol_fss?st=4K1ix8_q2_FzqHZN3eNjw2eFUuIe5CTBdbQ3fDn44sI&ts=1717139555&e=0"]},{"title":"REZERVOVANÉ - EXKLUZÍVNE na predaj 3 izbový byt v Topoľčanoch na ul. Ľ. Podjavorinskej","address":"Podjavorinskej, Topoľčany, okres Topoľčany","rooms":3,"meters":76,"totalPrice":93000,"meterSquarePrice":8,"link":"https://www.nehnutelnosti.sk/detail/JuZrr21nxsX/rezervovane-exkluzivne-na-predaj-3-izbovy-byt-v-topolcanoch-na-ul-l-podjavorinskej","imagesUrls":["https://img.nehnutelnosti.sk/foto/NjAweDMzOC9maWx0ZXJzOnF1YWxpdHkoMTAwKS9uZWg=/EHmQsnC4-5_fss?st=NRLaf0PHv0TbDygDnuf_R5e7pPHE6JriLWGe1rldEZ4&ts=1712824446&e=0"]},{"title":"REZERVOVANÉ - Na predaj  priestranný 3 izbový byt, loggia, parkov. miesto, komplet. rekonštrukcia, S","address":"Sládkovičova, Žiar nad Hronom, okres Žiar nad Hronom","rooms":3,"meters":73,"totalPrice":119900,"meterSquarePrice":7,"link":"https://www.nehnutelnosti.sk/detail/JutXHMVYf7Y/rezervovane-na-predaj-priestranny-3-izbovy-byt-loggia-parkov-miesto-komplet-rekonstrukcia-s","imagesUrls":["https://img.nehnutelnosti.sk/foto/NjAweDMzOC9maWx0ZXJzOnF1YWxpdHkoMTAwKS9uZWg=/-MyzWS2Kvv_fss?st=hHxbfnwlOF3m0l0OG92iRWLCtkXvyxWAOLaoT71n_Uw&ts=1714637251&e=0"]},{"title":"REZERVOVANÉ - Ponúkam Vám zrekonštruovaný 2i byt s dvomi loggiami v širšom centre Prešova","address":"Požiarnická, Prešov, okres Prešov","rooms":2,"meters":56,"totalPrice":119990,"meterSquarePrice":8,"link":"https://www.nehnutelnosti.sk/detail/JugT66iytqo/rezervovane-ponukam-vam-zrekonstruovany-2i-byt-s-dvomi-loggiami-v-sirsom-centre-presova","imagesUrls":["https://img.nehnutelnosti.sk/foto/NjAweDMzOC9maWx0ZXJzOnF1YWxpdHkoMTAwKS9uZWg=/hUwf_g8gZ_fss?st=4R2oHFcReGTfy7LvsJAM1rA2xhF6o9MXs9NPy8KQ1Q8&ts=1713433526&e=0"]},{"title":"REZERVOVANÉ -  Exkluzívne na predaj byt o rozlohe takmer 70 m2 po rekonštrukcii, v blízkosti centra","address":"Žigmund Šachta, Banská Štiavnica, okres Banská Štiavnica","rooms":2,"meters":69,"totalPrice":95990,"meterSquarePrice":4,"link":"https://www.nehnutelnosti.sk/detail/JuXiQnf-USh/rezervovane-exkluzivne-na-predaj-byt-o-rozlohe-takmer-70-m2-po-rekonstrukcii-v-blizkosti-centra","imagesUrls":["https://img.nehnutelnosti.sk/foto/NjAweDMzOC9maWx0ZXJzOnF1YWxpdHkoMTAwKS9uZWg=/v_hXMETRlP_fss?st=uZYEyR7sVGy67ypWeXZxjSYIAvCv6_DYLoRoIi2oSpI&ts=1709901490&e=0"]},{"title":"REZERVOVANÉ. Exkluzívne ponúkame na predaj 4-izbový mezonetový byt v Pustej Doline, Prešov","address":"Pustá dolina, Prešov, okres Prešov","rooms":4,"meters":126,"totalPrice":275000,"meterSquarePrice":4,"link":"https://www.nehnutelnosti.sk/detail/JuIzumx93-2/rezervovane-exkluzivne-ponukame-na-predaj-4-izbovy-mezonetovy-byt-v-pustej-doline-presov","imagesUrls":["https://img.nehnutelnosti.sk/foto/NjAweDMzOC9maWx0ZXJzOnF1YWxpdHkoMTAwKS9uZWg=/vWBKtbZC4_fss?st=3kkeGBXBnq7qxwUJh4yl5JHNbO6w9FYdjDq1l1Hm3pY&ts=1689088730&e=0"]},{"title":"REZERVOVANÉ - Ponúkame na predaj 1 izbový mezonetový byt, ulica Budovateľská, Banská Štiavnica","address":"Budovateľská, Banská Štiavnica, okres Banská Štiavnica","rooms":1,"meters":43,"totalPrice":65900,"meterSquarePrice":6,"link":"https://www.nehnutelnosti.sk/detail/Ju44GDprOfe/rezervovane-ponukame-na-predaj-1-izbovy-mezonetovy-byt-ulica-budovatelska-banska-stiavnica","imagesUrls":["https://img.nehnutelnosti.sk/foto/NjAweDMzOC9maWx0ZXJzOnF1YWxpdHkoMTAwKS9uZWg=/7D8TU3YDh_fss?st=RwG_7Dn2qicOr0muRL4TUVTsvsgCxwZ1W_Rfu7INWJI&ts=1705230309&e=0"]},{"title":"REZERVOVANÉ -  Exkluzívne na predaj 3 izbový byt, po čiastočnej rekonštrukcií, v Banskej Štiavnici","address":"Energetikov, Banská Štiavnica, okres Banská Štiavnica","rooms":3,"meters":63,"totalPrice":89900,"meterSquarePrice":5,"link":"https://www.nehnutelnosti.sk/detail/JuerCmPfXNT/rezervovane-exkluzivne-na-predaj-3-izbovy-byt-po-ciastocnej-rekonstrukcii-v-banskej-stiavnici","imagesUrls":["https://img.nehnutelnosti.sk/foto/NjAweDMzOC9maWx0ZXJzOnF1YWxpdHkoMTAwKS9uZWg=/qxl-OodbR_fss?st=lrlQJp4Cp8qjpBlu_n1HpaioIZEY6ivrd9TwKVL4vs4&ts=1706027934&e=0"]},{"title":"REZERVOVANÉ - Exkluzívna ponuka! Ponúkam na predaj krásny trojizbový byt pod Tatrami v obci Štôla","address":"Štôla, Štôla, okres Poprad","rooms":3,"meters":70,"totalPrice":145000,"meterSquarePrice":3,"link":"https://www.nehnutelnosti.sk/detail/JugUCfSK1J-/rezervovane-exkluzivna-ponuka-ponukam-na-predaj-krasny-trojizbovy-byt-pod-tatrami-v-obci-stola","imagesUrls":["https://img.nehnutelnosti.sk/foto/NjAweDMzOC9maWx0ZXJzOnF1YWxpdHkoMTAwKS9uZWg=/kVgFWU2IN_fss?st=Y_6J4wRYrX6npR6JiAomXz3TeGgymgS-_C5vH8lLdJI&ts=1701864941&e=0"]},{"title":"SRA | slnečný tehlový 1 izb. byt, pôvodný stav,  Bratislava – Nové mesto","address":"Osadná, Bratislava III - Nové Mesto, okres Bratislava","rooms":1,"meters":36,"totalPrice":139900,"meterSquarePrice":1,"link":"https://www.nehnutelnosti.sk/detail/JuLi3UqTXJl/sra-slnecny-tehlovy-1-izb-byt-povodny-stav-bratislava-nove-mesto","imagesUrls":["https://img.nehnutelnosti.sk/foto/NjAweDMzOC9maWx0ZXJzOnF1YWxpdHkoMTAwKS9uZWg=/g6BELChUa_fss?st=CuFJ2XbXYrAvnfMpd2VN-qOu0_xmtXS9qff2c6JbWrs&ts=1726478275&e=0"]},{"title":"Exkluzívne na predaj investičný 3 izbový  byt v Strážskom","address":"Obchodná, Strážske, okres Michalovce","rooms":3,"meters":74,"totalPrice":89990,"meterSquarePrice":6,"link":"https://www.nehnutelnosti.sk/detail/JuG5H-pnAZi/exkluzivne-na-predaj-investicny-3-izbovy-byt-v-strazskom","imagesUrls":["https://img.nehnutelnosti.sk/foto/NjAweDMzOC9maWx0ZXJzOnF1YWxpdHkoMTAwKS9uZWg=/zInBRbyQ7_fss?st=zRygDUJEkWV5o0QbiR9lHfUX56BpGlCwTNBsko8SuOo&ts=1726571857&e=0"]},{"title":"Ponúkame na PREDAJ krásne zrekonštruovaný 3-izbový byt na Okulke","address":"Sídlisko Okulka, Vranov nad Topľou, okres Vranov nad Topľou","rooms":3,"meters":71,"totalPrice":128999,"meterSquarePrice":9,"link":"https://www.nehnutelnosti.sk/detail/JuAkbWkPH-2/ponukame-na-predaj-krasne-zrekonstruovany-3-izbovy-byt-na-okulke","imagesUrls":["https://img.nehnutelnosti.sk/foto/NjAweDMzOC9maWx0ZXJzOnF1YWxpdHkoMTAwKS9uZWg=/EAT5YES-X_fss?st=5FPQV8sF5g2_BGtdDQhviLVtwuPrOe215x8Hfw953Q8&ts=1725961999&e=0"]},{"title":"Exkluzívne na predaj krásny 3 izbový podkrovný byt o výmere 65m2 v Novej Bani","address":"Pod Sekvojou, Nová Baňa, okres Žarnovica","rooms":3,"meters":65,"totalPrice":109900,"meterSquarePrice":7,"link":"https://www.nehnutelnosti.sk/detail/JuZv6LomvOm9/exkluzivne-na-predaj-krasny-3-izbovy-podkrovny-byt-o-vymere-65m2-v-novej-bani","imagesUrls":["https://img.nehnutelnosti.sk/foto/NjAweDMzOC9maWx0ZXJzOnF1YWxpdHkoMTAwKS9uZWg=/h590lOkq0_fss?st=lFT6gnuOMC5yp5EwZnQPB8f2MrAhy_Uc4ezwD6jJKsc&ts=1725974305&e=0"]},{"title":"Nové rezidenčné bývanie v Trebišove - IBV SEDMIČKA!","address":"Pribinova, Trebišov, okres Trebišov","rooms":4,"meters":123,"totalPrice":195000,"meterSquarePrice":6,"link":"https://www.nehnutelnosti.sk/detail/JusuqRFk12h/nove-rezidencne-byvanie-v-trebisove-ibv-sedmicka","imagesUrls":["https://img.nehnutelnosti.sk/foto/NjAweDMzOC9maWx0ZXJzOnF1YWxpdHkoMTAwKS9uZWg=/PloeWFxGy_fss?st=G2Mwv07c9o-niYE4jr1kDzPnixTEEYFeejaj9h7JQIM&ts=1725609150&e=0"]},{"title":"Exkluzívne Vám ponúkame na predaj 4 izbový byt s loggiou   v Snine","address":"Palárikova, Snina, okres Snina","rooms":4,"meters":86,"totalPrice":null,"meterSquarePrice":null,"link":"https://www.nehnutelnosti.sk/detail/Ju6eULcUmRF/exkluzivne-vam-ponukame-na-predaj-4-izbovy-byt-s-loggiou-v-snine","imagesUrls":["https://img.nehnutelnosti.sk/foto/NjAweDMzOC9maWx0ZXJzOnF1YWxpdHkoMTAwKS9uZWg=/rUkCbwn_o_fss?st=ivvz1Dj0aA2cR3fScIlhDlhK2lxaaMokeU_w_A5aS2Y&ts=1725888892&e=0"]},{"title":"Ponúkam Vám garsónku s loggiou v centre Košíc","address":"Dargovská, Košice I - Staré Mesto, okres Košice","rooms":null,"meters":28,"totalPrice":114990,"meterSquarePrice":9,"link":"https://www.nehnutelnosti.sk/detail/JurGmFLuUjS/ponukam-vam-garsonku-s-loggiou-v-centre-kosic","imagesUrls":["https://img.nehnutelnosti.sk/foto/NjAweDMzOC9maWx0ZXJzOnF1YWxpdHkoMTAwKS9uZWg=/9IpxlDKvd_fss?st=1L0m_vEHhmFxWhabf9HU-WWiv3UEuHJ4Wsh-AJ1POUw&ts=1725550270&e=0"]},{"title":"Ponúkam Vám 3i byt po kompletnej rek. s loggiou na sídl. KVP","address":"Klimkovičova, Košice II - Sídlisko KVP, okres Košice","rooms":3,"meters":70,"totalPrice":189990,"meterSquarePrice":4,"link":"https://www.nehnutelnosti.sk/detail/Ju8QkxMNrMk/ponukam-vam-3i-byt-po-kompletnej-rek-s-loggiou-na-sidl-kvp","imagesUrls":["https://img.nehnutelnosti.sk/foto/NjAweDMzOC9maWx0ZXJzOnF1YWxpdHkoMTAwKS9uZWg=/1DgSD0Ztj_fss?st=puFDfxQgYRu5dcEnaOEolnnj-YJT0K24ENEINqnuKfs&ts=1725541333&e=0"]},{"title":"Ponúkam Vám na predaj 3-izbový pražský byt s loggiou na Jazere","address":"Sputniková, Košice IV - Nad jazerom, okres Košice","rooms":3,"meters":71,"totalPrice":174990,"meterSquarePrice":5,"link":"https://www.nehnutelnosti.sk/detail/JuQZHP0Ijlg/ponukam-vam-na-predaj-3-izbovy-prazsky-byt-s-loggiou-na-jazere","imagesUrls":["https://img.nehnutelnosti.sk/foto/NjAweDMzOC9maWx0ZXJzOnF1YWxpdHkoMTAwKS9uZWg=/IiSmwMjAWz_fss?st=ePLsnh0_dSEukIEe_cVqFD3UCJDr0Tlpyse7svl1IBc&ts=1725540426&e=0"]},{"title":"Novostavba, pekný, zariadený 2-izbový byt 50m2, s balkónom 4,5m2, parkovacie státie, Rovinka","address":"Rovinka, Rovinka, okres Senec","rooms":2,"meters":50,"totalPrice":169000,"meterSquarePrice":0,"link":"https://www.nehnutelnosti.sk/detail/JugZKre4xbR/novostavba-pekny-zariadeny-2-izbovy-byt-50m2-s-balkonom-4-5m2-parkovacie-statie-rovinka","imagesUrls":["https://img.nehnutelnosti.sk/foto/NjAweDMzOC9maWx0ZXJzOnF1YWxpdHkoMTAwKS9uZWg=/fREprSEwS_fss?st=m9m1-G7KDe-5ad9kQhuB0R3lYGUXFOlXssGhyLOL-lk&ts=1725284939&e=0"]},{"title":"REZERVOVANÉ - Exkluzívne, predaj 2-garsónka, Topoľčianska ul, Bratislava – Petržalka","address":"Topoľčianska, Bratislava V - Petržalka, okres Bratislava","rooms":null,"meters":47,"totalPrice":153000,"meterSquarePrice":0,"link":"https://www.nehnutelnosti.sk/detail/JuAR6rE8gc1/rezervovane-exkluzivne-predaj-2-garsonka-topolcianska-ul-bratislava-petrzalka","imagesUrls":["https://img.nehnutelnosti.sk/foto/NjAweDMzOC9maWx0ZXJzOnF1YWxpdHkoMTAwKS9uZWg=/NTseoQUg5Q_fss?st=XkIZ9Vj5PYX_xt4fGJHEhzjVCISCFyG8y4_bE0UVk_4&ts=1726048054&e=0"]},{"title":"Veľkometrážny, zrekonštruovaný 3 izbový byt s balkónom v LC","address":"Rúbanisko II, Lučenec, okres Lučenec","rooms":3,"meters":82,"totalPrice":79500,"meterSquarePrice":3,"link":"https://www.nehnutelnosti.sk/detail/JunbiIdDK5O/velkometrazny-zrekonstruovany-3-izbovy-byt-s-balkonom-v-lc","imagesUrls":["https://img.nehnutelnosti.sk/foto/NjAweDMzOC9maWx0ZXJzOnF1YWxpdHkoMTAwKS9uZWg=/w4EsIHjJv_fss?st=q1Iq0qGQdQT3BipDJeuNBYWKnZk08gp1ocOPTtQNLaQ&ts=1725368223&e=0"]}]