[{"title":"REALICITY / 3 izbový byt s predzáhradkou a výhľadom na les v Projekte Byty Altum","address":"Bratislava IV - Devínska Nová Ves, okres Bratislava","rooms":3,"meters":150,"totalPrice":271839,"meterSquarePrice":0,"link":"https://www.nehnutelnosti.sk/detail/Ju0cPgE_OkE/realicity-3-izbovy-byt-s-predzahradkou-a-vyhladom-na-les-v-projekte-byty-altum","imagesUrls":["https://img.nehnutelnosti.sk/foto/NjAweDMzOC9maWx0ZXJzOnF1YWxpdHkoMTAwKS9uZWg=/2J5tGMLi8_fss?st=ZkS3svsVZXXbFn6Yk69H79SV3h1FX9QZ6mQmbE9Un4s&ts=1725222984&e=0","https://img.nehnutelnosti.sk/foto/MTUweDg0L2ZpbHRlcnM6cXVhbGl0eSgxMDApL25laA==/KgxgOFS1H_fss?st=B3wcv6CtJd6JBCfXh6AP8DNqxE8avf5Y0atGmePZlsc&ts=1725222984&e=0","https://img.nehnutelnosti.sk/foto/MTUweDg0L2ZpbHRlcnM6cXVhbGl0eSgxMDApL25laA==/bjiJM5TSXR_fss?st=ov_rZEELr6KWm_NloXxpqZkWiULjKaRmCzlAdvii0eY&ts=1725222985&e=0","https://img.nehnutelnosti.sk/foto/MTUweDg0L2ZpbHRlcnM6cXVhbGl0eSgxMDApL25laA==/w3SI5C-Ok_fss?st=B8gl5IdTYOuh39v2GgmEJhOnMhi9iHO9Ii2s9bKO_oE&ts=1725222984&e=0"]},{"title":"BOSEN | Priestranný 1,5 izbový byt s loggiou a parkovacím miestom, Bulharská, Bratislava-Ružinov","address":"Bulharská, Bratislava II - Ružinov, okres Bratislava","rooms":2,"meters":53,"totalPrice":170000,"meterSquarePrice":5,"link":"https://www.nehnutelnosti.sk/detail/JuN-u6b_NaT/bosen-priestranny-1-5-izbovy-byt-s-loggiou-a-parkovacim-miestom-bulharska-bratislava-ruzinov","imagesUrls":["https://img.nehnutelnosti.sk/foto/NjAweDMzOC9maWx0ZXJzOnF1YWxpdHkoMTAwKS9uZWg=/d9ETqCIqO_fss?st=FqhWUaY1p1ibZZBXcBY3nTQHuWjs89FNElJxzcwwdiM&ts=1724775531&e=0","https://img.nehnutelnosti.sk/foto/MTUweDg0L2ZpbHRlcnM6cXVhbGl0eSgxMDApL25laA==/HrKTznM3N_fss?st=kmCWSkrUH2ashkknhEx_MZMf1zirFCtcLMQAvCUbLtc&ts=1724775529&e=0","https://img.nehnutelnosti.sk/foto/MTUweDg0L2ZpbHRlcnM6cXVhbGl0eSgxMDApL25laA==/GLtAthd8F_fss?st=DgwFDJ7d_a-NqAoNz5a9epE0jhs7q09D1XtdaB4gATE&ts=1724775530&e=0","https://img.nehnutelnosti.sk/foto/MTUweDg0L2ZpbHRlcnM6cXVhbGl0eSgxMDApL25laA==/E9VmPSaaBX_fss?st=0D5TR8R0DnB-qadmKC2KQWfFo5mNswGXgPvfHY_Rb8c&ts=1724775530&e=0"]},{"title":"BOSEN | Priestranný 1,5 izbový byt s loggiou a parkovacím miestom, Bulharská, Bratislava-Ružinov","address":"Bulharská, Bratislava II - Ružinov, okres Bratislava","rooms":1,"meters":53,"totalPrice":170000,"meterSquarePrice":5,"link":"https://www.nehnutelnosti.sk/detail/JuGBoIwH6Ee/bosen-priestranny-1-5-izbovy-byt-s-loggiou-a-parkovacim-miestom-bulharska-bratislava-ruzinov","imagesUrls":["https://img.nehnutelnosti.sk/foto/NjAweDMzOC9maWx0ZXJzOnF1YWxpdHkoMTAwKS9uZWg=/xBHbCXmqzu_fss?st=eXQf20VRZi3BsHnW1ISqH3Hh02NlmGPMwj4GTNI4vEU&ts=1724768308&e=0","https://img.nehnutelnosti.sk/foto/MTUweDg0L2ZpbHRlcnM6cXVhbGl0eSgxMDApL25laA==/yu5LrkcHQ_fss?st=Y2lQ7XNROBZVyRdvbeHUemv6cfcBz_jXJDS6t-AAn9I&ts=1724768310&e=0","https://img.nehnutelnosti.sk/foto/MTUweDg0L2ZpbHRlcnM6cXVhbGl0eSgxMDApL25laA==/WJ9vPwlqt_fss?st=RFBCg2gi2tHJmw3ayecKISNEQxF-ugU5I858tnUsFmo&ts=1724768311&e=0","https://img.nehnutelnosti.sk/foto/MTUweDg0L2ZpbHRlcnM6cXVhbGl0eSgxMDApL25laA==/5ho8AI0qp_fss?st=79jzmd6FDjU5EAj0phrKvYgxPOZqBr0FFb2h4N55iqk&ts=1724768309&e=0"]},{"title":"BOSEN | Byt s krásnym výhľadom, Černyševského, 771.64m2","address":"Černyševského, Bratislava V - Petržalka, okres Bratislava","rooms":5,"meters":381,"totalPrice":650000,"meterSquarePrice":3,"link":"https://www.nehnutelnosti.sk/detail/Ju29g6D0tnc/bosen-byt-s-krasnym-vyhladom-cernysevskeho-771-64m2","imagesUrls":["https://img.nehnutelnosti.sk/foto/NjAweDMzOC9maWx0ZXJzOnF1YWxpdHkoMTAwKS9uZWg=/FI_E0SUYf_fss?st=BdQvMiv1AaeZ3mdGXyDMQHUBboaAjJLfsV2zhf807dQ&ts=1726406763&e=0","https://img.nehnutelnosti.sk/foto/MTUweDg0L2ZpbHRlcnM6cXVhbGl0eSgxMDApL25laA==/8xCsWORbA_fss?st=pO8uAzgTDBEsqsQHXRLwZ4tfnAQn1PYfKeFiY1fOGmY&ts=1726406761&e=0","https://img.nehnutelnosti.sk/foto/MTUweDg0L2ZpbHRlcnM6cXVhbGl0eSgxMDApL25laA==/dq9IzP2HM_fss?st=uYfuUvWdu4Y_BT3pI2QSS402P9phw6cAfwCPaBIpuUw&ts=1726406762&e=0","https://img.nehnutelnosti.sk/foto/MTUweDg0L2ZpbHRlcnM6cXVhbGl0eSgxMDApL25laA==/0-2ZzWeJt_fss?st=SUYDL2j2MaC2PoZdU9_FkKxlCdmzF6ZyCqVvpVbYZww&ts=1726406761&e=0"]},{"title":"BOSEN | Penthouse s panoramatickými výhľadmi v novostavbe Malé Krasňany","address":"Malokrasňanská, Bratislava III - Rača, okres Bratislava","rooms":3,"meters":193,"totalPrice":649990,"meterSquarePrice":7,"link":"https://www.nehnutelnosti.sk/detail/JutyfPkq-Y5/bosen-penthouse-s-panoramatickymi-vyhladmi-v-novostavbe-male-krasnany","imagesUrls":["https://img.nehnutelnosti.sk/foto/NjAweDMzOC9maWx0ZXJzOnF1YWxpdHkoMTAwKS9uZWg=/1xFhvLSdW_fss?st=HhMFpqoiG0-DDtWD_79jvcPjm_uZ7SuLeQrr2AKzqOg&ts=1725331251&e=0","https://img.nehnutelnosti.sk/foto/MTUweDg0L2ZpbHRlcnM6cXVhbGl0eSgxMDApL25laA==/Y-X-ep_lE_fss?st=BPCU7poHeJEU75OYAjHCRhEqzLiZxjO0_BEJ0RTEDpE&ts=1725331254&e=0","https://img.nehnutelnosti.sk/foto/MTUweDg0L2ZpbHRlcnM6cXVhbGl0eSgxMDApL25laA==/azwMQimxkh_fss?st=AKAKwdqnYThWfGS3d0HMwziiJZPTSe8glFZ4cdiBQXg&ts=1725331253&e=0","https://img.nehnutelnosti.sk/foto/MTUweDg0L2ZpbHRlcnM6cXVhbGl0eSgxMDApL25laA==/yj6IyVNG__fss?st=1Sa0jX0X-S4yQ2Wcz3WsoLZYmwnHELWbpjXJCZS89aA&ts=1725331254&e=0"]},{"title":"Rezervované - Elegantný 3 izbový byt na Nábrežnej ulici v Nových Zámkoch","address":"Nábrežná 46, Nové Zámky, okres Nové Zámky","rooms":3,"meters":78,"totalPrice":120000,"meterSquarePrice":1,"link":"https://www.nehnutelnosti.sk/detail/JuGrjiUSmyH/rezervovane-elegantny-3-izbovy-byt-na-nabreznej-ulici-v-novych-zamkoch","imagesUrls":["https://img.nehnutelnosti.sk/foto/NjAweDMzOC9maWx0ZXJzOnF1YWxpdHkoMTAwKS9uZWg=/Gkt363zI-_fss?st=hnx_pYPLiepqQBw40qRcUWTbzdcVFy01bq7ruv7nWI4&ts=1723475632&e=0","https://img.nehnutelnosti.sk/foto/MTUweDg0L2ZpbHRlcnM6cXVhbGl0eSgxMDApL25laA==/Mn3zm74lxN_fss?st=mLzBqJukF2WWliY20xDeobxehUoFPjNM0iGQ5Ttq5Iw&ts=1723475634&e=0","https://img.nehnutelnosti.sk/foto/MTUweDg0L2ZpbHRlcnM6cXVhbGl0eSgxMDApL25laA==/ODpPYzU17_fss?st=w5tG6-7-HaFD2k6dpFyK5EJ9AndjLnZCm-UB80QwH7s&ts=1723475632&e=0","https://img.nehnutelnosti.sk/foto/MTUweDg0L2ZpbHRlcnM6cXVhbGl0eSgxMDApL25laA==/9kKqI1UQF6_fss?st=Js8i0-4UX7Kw6FtJFrLeOnbKNIRjC5MDxF2Xpfqt84Y&ts=1723475632&e=0"]},{"title":"BOSEN | Vkusný 3 izb. byt po kompletnej rekonštrukcii, ulica Pražská, Bratislava - Staré Mesto, 88 m","address":"Pražská, Bratislava I - Staré Mesto, okres Bratislava","rooms":3,"meters":88,"totalPrice":349990,"meterSquarePrice":4,"link":"https://www.nehnutelnosti.sk/detail/JurtkrEjxe0/bosen-vkusny-3-izb-byt-po-kompletnej-rekonstrukcii-ulica-prazska-bratislava-stare-mesto-88-m","imagesUrls":["https://img.nehnutelnosti.sk/foto/NjAweDMzOC9maWx0ZXJzOnF1YWxpdHkoMTAwKS9uZWg=/GgCDa8Z39_fss?st=yUANTqxOhYXgAdsANPPO8pjCpseLN3VQ0b97mKKxZmo&ts=1725853969&e=0","https://img.nehnutelnosti.sk/foto/MTUweDg0L2ZpbHRlcnM6cXVhbGl0eSgxMDApL25laA==/nUqDwF_wM_fss?st=5d9gTqMcauS62WOKJ1DyET-uXqJ-odGUlItUxmJB3G8&ts=1725853969&e=0","https://img.nehnutelnosti.sk/foto/MTUweDg0L2ZpbHRlcnM6cXVhbGl0eSgxMDApL25laA==/J9FqSohoi7_fss?st=Oz-FpJhlJFzStM8ShypEgAvitW0CRvu03EMrxwmCWiE&ts=1725853971&e=0","https://img.nehnutelnosti.sk/foto/MTUweDg0L2ZpbHRlcnM6cXVhbGl0eSgxMDApL25laA==/L9GHdaHJv_fss?st=ijyibMPKcV1cz5vzssI8FXd_-lMx8R6HYebZluH6Pj8&ts=1725853971&e=0"]},{"title":"BOSEN | 2 izbový apartmán na predaj, Jégeho ul. Bratislava","address":"Jégého, Bratislava II - Ružinov, okres Bratislava","rooms":2,"meters":50,"totalPrice":220000,"meterSquarePrice":1,"link":"https://www.nehnutelnosti.sk/detail/JucDGKenmq5/bosen-2-izbovy-apartman-na-predaj-jegeho-ul-bratislava","imagesUrls":["https://img.nehnutelnosti.sk/foto/NjAweDMzOC9maWx0ZXJzOnF1YWxpdHkoMTAwKS9uZWg=/NqxGQZrY6_fss?st=s-uv8pucegN2qnRxcqJSd8AiCA0Ft9IWMu01hCTFgrA&ts=1721919325&e=0","https://img.nehnutelnosti.sk/foto/MTUweDg0L2ZpbHRlcnM6cXVhbGl0eSgxMDApL25laA==/vyWso440i_fss?st=0Ts5xfDUiwid-iM6Bd6M0CHN_2Dgu36rcWLfcFoefz8&ts=1721919324&e=0","https://img.nehnutelnosti.sk/foto/MTUweDg0L2ZpbHRlcnM6cXVhbGl0eSgxMDApL25laA==/GJXZY_ciw_fss?st=-bi6VPPWH2lXd2tA97vPK4Gd--L4oWcr8GH40i2PhfQ&ts=1721919323&e=0","https://img.nehnutelnosti.sk/foto/MTUweDg0L2ZpbHRlcnM6cXVhbGl0eSgxMDApL25laA==/2tfUTVENX_fss?st=RWPe916qxvZslmi-Xa8vMw7uqBHZbg4ZofJcle-UC-U&ts=1721919323&e=0"]},{"title":"BOSEN | 3 izbový byt v blízkosti lesa, ZÁHRADNÉ VILY, ul. Martina Granca, Bratislava","address":"Martina Granca, Bratislava IV - Dúbravka, okres Bratislava","rooms":3,"meters":89,"totalPrice":385000,"meterSquarePrice":9,"link":"https://www.nehnutelnosti.sk/detail/JutJEyAMWu-/bosen-3-izbovy-byt-v-blizkosti-lesa-zahradne-vily-ul-martina-granca-bratislava","imagesUrls":["https://img.nehnutelnosti.sk/foto/NjAweDMzOC9maWx0ZXJzOnF1YWxpdHkoMTAwKS9uZWg=/dayjW-bUwh_fss?st=jig7D8B7HEx7u9h9Hll4L6abIL2klRi-UZEj_QPYVc4&ts=1726735054&e=0","https://t1.aimg.sk/inzercie/ne_orig_106851081_byty-3-izbovy-byt-banska-bystrica-bosen-3-izbovy-byt-v-blizkosti-lesa-zahradne-vily.jpg?t=LzE1MHg4NC9maWx0ZXJzOnF1YWxpdHkoNjAp&h=s68_GwtjklkWPEoVBxbzxw&e=2145916800","https://img.nehnutelnosti.sk/foto/MTUweDg0L2ZpbHRlcnM6cXVhbGl0eSgxMDApL25laA==/f6DE3DPzXd_fss?st=qFP80OOEePKWaffLEb-DsLZo7xJYUaPcUp_JgBVbyrk&ts=1726735057&e=0","https://img.nehnutelnosti.sk/foto/MTUweDg0L2ZpbHRlcnM6cXVhbGl0eSgxMDApL25laA==/lZrpZnXTM_fss?st=lIYkZki1jwTik_UD_svFCG9Kmtvk5PYSoI_A2r-eQis&ts=1726735056&e=0"]},{"title":"BOSEN | Zariadený 2kk byt v novostavbe Rozeta pri Štrkovci","address":"Klincová, Bratislava II - Ružinov, okres Bratislava","rooms":2,"meters":45,"totalPrice":219990,"meterSquarePrice":1,"link":"https://www.nehnutelnosti.sk/detail/JuDRVe6Me18/bosen-zariadeny-2kk-byt-v-novostavbe-rozeta-pri-strkovci","imagesUrls":["https://img.nehnutelnosti.sk/foto/NjAweDMzOC9maWx0ZXJzOnF1YWxpdHkoMTAwKS9uZWg=/Gw_wcS1WVU_fss?st=6YMjxMQGJwuH2sjKlMM9n04eKy-KeYbZh6iOKjCXV8w&ts=1726354585&e=0","https://img.nehnutelnosti.sk/foto/MTUweDg0L2ZpbHRlcnM6cXVhbGl0eSgxMDApL25laA==/3uNDpHhw2_fss?st=ZyFlb8_lvCVFYXfWUtyeH4bvgnWR1P_ybdEeKs-aOoM&ts=1726354587&e=0","https://img.nehnutelnosti.sk/foto/MTUweDg0L2ZpbHRlcnM6cXVhbGl0eSgxMDApL25laA==/iPK2GMlQ4_fss?st=h_TDHqElwM_zipGPPNIC8tIJ7hi5AgIAPkD8-ox0Vgg&ts=1726354586&e=0","https://img.nehnutelnosti.sk/foto/MTUweDg0L2ZpbHRlcnM6cXVhbGl0eSgxMDApL25laA==/J8vXs4VIA_fss?st=Mt-vDh1m1ofvr0U-hEe1KvIOphN_M7kf7iOglGsPMAk&ts=1726354586&e=0"]},{"title":"BOSEN | Zrekonštruovaný 4 izbový byt s loggiou, 85 m2, Petržalka","address":"Holíčska, Bratislava V - Petržalka, okres Bratislava","rooms":4,"meters":84,"totalPrice":224990,"meterSquarePrice":0,"link":"https://www.nehnutelnosti.sk/detail/JuOj35q-iCB/bosen-zrekonstruovany-4-izbovy-byt-s-loggiou-85-m2-petrzalka","imagesUrls":["https://img.nehnutelnosti.sk/foto/NjAweDMzOC9maWx0ZXJzOnF1YWxpdHkoMTAwKS9uZWg=/ghp-PsGAd_fss?st=YmTH2H6KNvZ63Umc0sBFy7n8kS9jQitC0h3r7xjkrQQ&ts=1724266941&e=0","https://img.nehnutelnosti.sk/foto/MTUweDg0L2ZpbHRlcnM6cXVhbGl0eSgxMDApL25laA==/mwgcdOm0Fu_fss?st=lFTtj9u38v_AnLmNvAHJCRXHGGcc4Y65PIdij2ef6WI&ts=1724266939&e=0","https://img.nehnutelnosti.sk/foto/MTUweDg0L2ZpbHRlcnM6cXVhbGl0eSgxMDApL25laA==/rPbooxr3s_fss?st=i1aPG4ZgY95w0l6hplVFECohoFDWsRUD6vL8yRZK0qM&ts=1724266942&e=0","https://img.nehnutelnosti.sk/foto/MTUweDg0L2ZpbHRlcnM6cXVhbGl0eSgxMDApL25laA==/RgdibFcqx_fss?st=FdpDmaYcBa4SztOSoftF8tFmTnmmhqIhpo4vmj6Qa3o&ts=1724266941&e=0"]},{"title":"BOSEN | Investičný apartmán v projekte LuxApartments , 44 m2, Penati Golf Rezort","address":"LuxApartments, Šajdíkove Humence, okres Senica","rooms":null,"meters":38,"totalPrice":205000,"meterSquarePrice":9,"link":"https://www.nehnutelnosti.sk/detail/JuK4pUjkQuz/bosen-investicny-apartman-v-projekte-luxapartments-44-m2-penati-golf-rezort","imagesUrls":["https://img.nehnutelnosti.sk/foto/NjAweDMzOC9maWx0ZXJzOnF1YWxpdHkoMTAwKS9uZWg=/uptYEzK1v_fss?st=zqqAsRrhbvfUjwd6-mSVnaQUIeIbhmj6K3KzBlLvj8c&ts=1726878232&e=0","https://img.nehnutelnosti.sk/foto/MTUweDg0L2ZpbHRlcnM6cXVhbGl0eSgxMDApL25laA==/RNrnFAGP-_fss?st=xSsEmQ2OXo1heOyAcRuO-uRQXGPAvKCySUPQWM5-x1U&ts=1726878236&e=0","https://img.nehnutelnosti.sk/foto/MTUweDg0L2ZpbHRlcnM6cXVhbGl0eSgxMDApL25laA==/e6xjBcJeRV_fss?st=3JIpDafNN81k1NpLSWcqj6Tta2IuS-_uEIFe1S-BBoI&ts=1726878235&e=0","https://img.nehnutelnosti.sk/foto/MTUweDg0L2ZpbHRlcnM6cXVhbGl0eSgxMDApL25laA==/kGAsmPMll_fss?st=zOOz8Ht-NTOJ0jZkoPkMChDAXMKr-ZwI7l-eS_oVJ90&ts=1726878234&e=0"]},{"title":"BOSEN | Luxusný 1 izbový byt v projekte LuxApartments, Penati Golf Rezort","address":"LuxApartments, Šajdíkove Humence, okres Senica","rooms":1,"meters":32,"totalPrice":189900,"meterSquarePrice":9,"link":"https://www.nehnutelnosti.sk/detail/JuM1DOR7Ykm/bosen-luxusny-1-izbovy-byt-v-projekte-luxapartments-penati-golf-rezort","imagesUrls":["https://img.nehnutelnosti.sk/foto/NjAweDMzOC9maWx0ZXJzOnF1YWxpdHkoMTAwKS9uZWg=/eTzc_sHau_fss?st=qaLl--_hXKUizyiVsfa0iC8gvjX4h1U30moUGqjNugc&ts=1725762819&e=0","https://img.nehnutelnosti.sk/foto/MTUweDg0L2ZpbHRlcnM6cXVhbGl0eSgxMDApL25laA==/zV8Z6PDnC_fss?st=pK-ehiUXprs1vIvEf4qj0x6lwCUdGs0gOdkvswVzq7s&ts=1725762821&e=0","https://img.nehnutelnosti.sk/foto/MTUweDg0L2ZpbHRlcnM6cXVhbGl0eSgxMDApL25laA==/-62wjuqOh_fss?st=9lwaQG8r-ggfG7f-4Usybe2rHX8313ojH7C-v9udkpc&ts=1725762819&e=0","https://img.nehnutelnosti.sk/foto/MTUweDg0L2ZpbHRlcnM6cXVhbGl0eSgxMDApL25laA==/0pjVqPHHn_fss?st=XBsoltBBrIrQCRgnl0NB6JLlskXeOy5uRLQYm2cu6mw&ts=1725762819&e=0"]},{"title":"BOSEN | Kompletne zariadený 1 izbový byt v projekte LuxApartments, Penati Golf Rezort","address":"LuxApartments, Šajdíkove Humence, okres Senica","rooms":1,"meters":38,"totalPrice":205000,"meterSquarePrice":9,"link":"https://www.nehnutelnosti.sk/detail/JurwD2HPKtS/bosen-kompletne-zariadeny-1-izbovy-byt-v-projekte-luxapartments-penati-golf-rezort","imagesUrls":["https://img.nehnutelnosti.sk/foto/NjAweDMzOC9maWx0ZXJzOnF1YWxpdHkoMTAwKS9uZWg=/FYKhYkePv_fss?st=UEXVFrhEk_aBrM5Z1jtb46_2HDNaIN_4I8Iel2EsF2c&ts=1724794749&e=0","https://img.nehnutelnosti.sk/foto/MTUweDg0L2ZpbHRlcnM6cXVhbGl0eSgxMDApL25laA==/gHTHhJnr_v_fss?st=chHIW9Daf8aCoYkOKDwYVu7RCjn2sjuXO7ux67UDICA&ts=1724794747&e=0","https://img.nehnutelnosti.sk/foto/MTUweDg0L2ZpbHRlcnM6cXVhbGl0eSgxMDApL25laA==/XrZkRCun9_fss?st=2GemZJpaOO14nUGSH7EbDuRvz2Qs4D4vzv-VPzEKMAc&ts=1724794749&e=0","https://img.nehnutelnosti.sk/foto/MTUweDg0L2ZpbHRlcnM6cXVhbGl0eSgxMDApL25laA==/qZmofFTnS6_fss?st=jXnh4BKSXqqk1OVAVGyUd8vxCoQOklr1KxM46JpUEa4&ts=1724794749&e=0"]},{"title":"BOSEN | Predaj 1,5 izbový zariadený byt v novostavbe, ulica Antolská, Bratislava - m.č. Petržalka","address":"Antolská, Bratislava V - Petržalka, okres Bratislava","rooms":1,"meters":32,"totalPrice":146000,"meterSquarePrice":0,"link":"https://www.nehnutelnosti.sk/detail/Jug_vAHuivu/bosen-predaj-1-5-izbovy-zariadeny-byt-v-novostavbe-ulica-antolska-bratislava-m-c-petrzalka","imagesUrls":["https://img.nehnutelnosti.sk/foto/NjAweDMzOC9maWx0ZXJzOnF1YWxpdHkoMTAwKS9uZWg=/cZb4vRpat_fss?st=DJ2ukfAjolxA7VLusr8VjalTpK9FmKXKtBdAKSgi0zs&ts=1724753004&e=0","https://img.nehnutelnosti.sk/foto/MTUweDg0L2ZpbHRlcnM6cXVhbGl0eSgxMDApL25laA==/3xCUm_j_q_fss?st=NXxlhJUrmgEWL3uJ6GDKZ17V56fI3YCJGQHGjybaMLU&ts=1724753004&e=0","https://img.nehnutelnosti.sk/foto/MTUweDg0L2ZpbHRlcnM6cXVhbGl0eSgxMDApL25laA==/FGPkTwPgl_fss?st=Vb_zYt1rouUyOSsHjzBeNe3AkZ-ufn7uiyMSZiun8w8&ts=1724753005&e=0","https://img.nehnutelnosti.sk/foto/MTUweDg0L2ZpbHRlcnM6cXVhbGl0eSgxMDApL25laA==/SFItFC4EQw_fss?st=JIGWsQ7HPYN6D5k1ZxzObgPaPHbGQvzYYdjp-ipiU2I&ts=1724753008&e=0"]},{"title":"BOSEN | 4 izbový rodinný dom za cenu bytu v Bratislave, Karlova Ves","address":"Devínska cesta, Bratislava IV - Karlova Ves, okres Bratislava","rooms":4,"meters":88,"totalPrice":319000,"meterSquarePrice":4,"link":"https://www.nehnutelnosti.sk/detail/JuQT3vusmNi/bosen-4-izbovy-rodinny-dom-za-cenu-bytu-v-bratislave-karlova-ves","imagesUrls":["https://img.nehnutelnosti.sk/foto/NjAweDMzOC9maWx0ZXJzOnF1YWxpdHkoMTAwKS9uZWg=/vrz_fx4lgp_fss?st=s9D7u5eiiqxS5-hJvtz7-TmOXGf8ahYmgnraGvTLBJA&ts=1722424443&e=0","https://img.nehnutelnosti.sk/foto/MTUweDg0L2ZpbHRlcnM6cXVhbGl0eSgxMDApL25laA==/2oek7Geos0_fss?st=Heud_0E_eVZl0OnKcL8-d_sOveY3CcZZ76j242Sq9oo&ts=1722424446&e=0","https://img.nehnutelnosti.sk/foto/MTUweDg0L2ZpbHRlcnM6cXVhbGl0eSgxMDApL25laA==/ddYFh1cAe_fss?st=Kr9VqLjW-s-VW_g24GA-EQ8c6GaOAZN_ebNfWs4hWzk&ts=1722424451&e=0","https://img.nehnutelnosti.sk/foto/MTUweDg0L2ZpbHRlcnM6cXVhbGl0eSgxMDApL25laA==/QR2ceBkj3_fss?st=yn85JO8X_3ujHeEu9r4CkSOo0bCdhhJ4iCJuYixgznQ&ts=1722424445&e=0"]},{"title":"BOSEN | Zariadený 2 izb. byt v novostavbe NUPPU, Ružinov, 60 m2","address":"Hraničná, Bratislava II - Ružinov, okres Bratislava","rooms":2,"meters":59,"totalPrice":234990,"meterSquarePrice":4,"link":"https://www.nehnutelnosti.sk/detail/Jupgu5ghy81/bosen-zariadeny-2-izb-byt-v-novostavbe-nuppu-ruzinov-60-m2","imagesUrls":["https://img.nehnutelnosti.sk/foto/NjAweDMzOC9maWx0ZXJzOnF1YWxpdHkoMTAwKS9uZWg=/NpcApGINLN_fss?st=Fq9AOlznpAqbTswlvQjvySTfdk0wy-xsmtI6hqibctw&ts=1726450767&e=0","https://img.nehnutelnosti.sk/foto/MTUweDg0L2ZpbHRlcnM6cXVhbGl0eSgxMDApL25laA==/OCWs0yB1p_fss?st=3D8WoW0B0xgh5gwYLxTIQ-0SHZ7W-KgRBXloXR0TAF0&ts=1726450766&e=0","https://img.nehnutelnosti.sk/foto/MTUweDg0L2ZpbHRlcnM6cXVhbGl0eSgxMDApL25laA==/dCBV4kbs5J_fss?st=z9UXuZbJMbJ72uPy3tE6j0esZ-7Hek86_rya1j1eykg&ts=1726450768&e=0","https://img.nehnutelnosti.sk/foto/MTUweDg0L2ZpbHRlcnM6cXVhbGl0eSgxMDApL25laA==/ae-yCyurF_fss?st=FDNMko0Yr2zaovzf236b0E9x_O5StQDdDXpCQ7aJWL0&ts=1726450769&e=0"]},{"title":"BOSEN | 4 izbový slnečný byt s klimatizáciou v Piešťanoch","address":"Vrbovská cesta, Piešťany, okres Piešťany","rooms":4,"meters":80,"totalPrice":null,"meterSquarePrice":null,"link":"https://www.nehnutelnosti.sk/detail/Jubrqu1W7Gt/bosen-4-izbovy-slnecny-byt-s-klimatizaciou-v-piestanoch","imagesUrls":["https://img.nehnutelnosti.sk/foto/NjAweDMzOC9maWx0ZXJzOnF1YWxpdHkoMTAwKS9uZWg=/pkROBq-gR_fss?st=G0L4NjmNdn_gpZuC3mQrx58cd9d12Te8NOtbwGuq4DQ&ts=1725331902&e=0","https://img.nehnutelnosti.sk/foto/MTUweDg0L2ZpbHRlcnM6cXVhbGl0eSgxMDApL25laA==/EMnBwuTIu_fss?st=fUbKoyVLg1yyF4UTEF931TUQd-KYbbIjcGr8xrEBzVg&ts=1725331902&e=0","https://img.nehnutelnosti.sk/foto/MTUweDg0L2ZpbHRlcnM6cXVhbGl0eSgxMDApL25laA==/rhmVBE7no_fss?st=5XH8p5_WFfAw1WAGBLgvYLF6yrD-Pyjjc_P8D7DpoK0&ts=1725331903&e=0","https://img.nehnutelnosti.sk/foto/MTUweDg0L2ZpbHRlcnM6cXVhbGl0eSgxMDApL25laA==/m3AHkzwAn5_fss?st=F_by0SxaStdWGvjvmfkuaWPhDvDmRJmX-953PdpJqAU&ts=1725331902&e=0"]},{"title":"BOSEN | Príjemný 2 izbový byt s parkovacím miestom v novostavbe TEPLICZ, Teplická, Piešťany, 64.72 m","address":"Teplická, Piešťany, okres Piešťany","rooms":2,"meters":58,"totalPrice":250990,"meterSquarePrice":1,"link":"https://www.nehnutelnosti.sk/detail/JusqPkNbgtf/bosen-prijemny-2-izbovy-byt-s-parkovacim-miestom-v-novostavbe-teplicz-teplicka-piestany-64-72-m","imagesUrls":["https://img.nehnutelnosti.sk/foto/NjAweDMzOC9maWx0ZXJzOnF1YWxpdHkoMTAwKS9uZWg=/WlfrOEpxM_fss?st=Ar6MLAvy4H8HzaAKSpEv9gSOU8xyc7Umvsj0nxH9c2k&ts=1724795586&e=0","https://img.nehnutelnosti.sk/foto/MTUweDg0L2ZpbHRlcnM6cXVhbGl0eSgxMDApL25laA==/RTsje1Brl_fss?st=AVmAdKvCmF8A0SHfPEG4cUgLc8hMUxYbEYrPMvgbAwA&ts=1724795585&e=0","https://img.nehnutelnosti.sk/foto/MTUweDg0L2ZpbHRlcnM6cXVhbGl0eSgxMDApL25laA==/OPoQjniCd_fss?st=GFawpGmQvyNRmqQ5ADwJy8K6Y7BCus8XlX_M4KQXQ5k&ts=1724795584&e=0","https://img.nehnutelnosti.sk/foto/MTUweDg0L2ZpbHRlcnM6cXVhbGl0eSgxMDApL25laA==/gb8rB6-ph_fss?st=3Md2xcfB-SDQbAB9wzMWrjJCWnRyKOyh3t-BmVLVQxk&ts=1724795586&e=0"]},{"title":"BOSEN | Príjemný 2 izbový byt s parkovacím miestom v novostavbe TEPLICZ, Teplická, Piešťany, 59.49 m","address":"Teplická, Piešťany, okres Piešťany","rooms":2,"meters":59,"totalPrice":232990,"meterSquarePrice":6,"link":"https://www.nehnutelnosti.sk/detail/Juc6D2ZGh4r/bosen-prijemny-2-izbovy-byt-s-parkovacim-miestom-v-novostavbe-teplicz-teplicka-piestany-59-49-m","imagesUrls":["https://img.nehnutelnosti.sk/foto/NjAweDMzOC9maWx0ZXJzOnF1YWxpdHkoMTAwKS9uZWg=/S61y3cyTTx_fss?st=BTqkiyOOc5yJuR4x75btPqSrqCobW-a5Ji1kN0GS88Y&ts=1725446802&e=0","https://img.nehnutelnosti.sk/foto/MTUweDg0L2ZpbHRlcnM6cXVhbGl0eSgxMDApL25laA==/-GtH6N_tTx_fss?st=uyS0ejDVaE6QU51s6Mx9G1a_Wudg46s1HGpp-pnNhnI&ts=1725446803&e=0","https://img.nehnutelnosti.sk/foto/MTUweDg0L2ZpbHRlcnM6cXVhbGl0eSgxMDApL25laA==/ptCMfxoPwG_fss?st=cn2q-N_XNuvweH_gkJ2F6wUUYe1yRDQggjXkm4tOJqs&ts=1725446803&e=0","https://img.nehnutelnosti.sk/foto/MTUweDg0L2ZpbHRlcnM6cXVhbGl0eSgxMDApL25laA==/s-T_82DpR9_fss?st=SrFimiW0HUCYrfJuzKYKsNfOB9hcUIdziZirEef-v80&ts=1725446802&e=0"]},{"title":"BOSEN | Predaj 2 izbový zariadený byt v novostavbe, ulica Antolská, Bratislava - m.č. Petržalka","address":"Antolská, Bratislava V - Petržalka, okres Bratislava","rooms":2,"meters":32,"totalPrice":146000,"meterSquarePrice":0,"link":"https://www.nehnutelnosti.sk/detail/JuGTdqz-TS3_/bosen-predaj-2-izbovy-zariadeny-byt-v-novostavbe-ulica-antolska-bratislava-m-c-petrzalka","imagesUrls":["https://img.nehnutelnosti.sk/foto/NjAweDMzOC9maWx0ZXJzOnF1YWxpdHkoMTAwKS9uZWg=/8U_NrZ-Mu_fss?st=WQiXZDfvZ6LIPubCOyW0SE6XLdM57yaHiMdXgVAr6js&ts=1725383360&e=0","https://img.nehnutelnosti.sk/foto/MTUweDg0L2ZpbHRlcnM6cXVhbGl0eSgxMDApL25laA==/ExCwwv73n_fss?st=CDEUq0aCeN0jGXbrQCkdA2p4EVIbZTq7xZVKe392zpA&ts=1725383359&e=0","https://img.nehnutelnosti.sk/foto/MTUweDg0L2ZpbHRlcnM6cXVhbGl0eSgxMDApL25laA==/Ym-jSPV7h_fss?st=bujIh--CIYAGgNrAmm_kOORPi1ErHq1_RYDPbfee7dI&ts=1725383361&e=0","https://img.nehnutelnosti.sk/foto/MTUweDg0L2ZpbHRlcnM6cXVhbGl0eSgxMDApL25laA==/xAMKsn6yl_fss?st=g5RlvQ56No8MhvZbnv2iIEJDuj1b_acq5R8zR3_cEmo&ts=1725383359&e=0"]},{"title":"BOSEN | 2kk byt v novostavbe NOEMIS s najkrajším výhľadom","address":"Cementárska, Stupava, okres Malacky","rooms":2,"meters":53,"totalPrice":144990,"meterSquarePrice":6,"link":"https://www.nehnutelnosti.sk/detail/JuZqBs6oFDC/bosen-2kk-byt-v-novostavbe-noemis-s-najkrajsim-vyhladom","imagesUrls":["https://img.nehnutelnosti.sk/foto/NjAweDMzOC9maWx0ZXJzOnF1YWxpdHkoMTAwKS9uZWg=/FFINYwaSwN_fss?st=twbEHgSXzLBEj73JDq6lAb4sZFLxuZ-GyRTcGc3ksWY&ts=1725625163&e=0","https://img.nehnutelnosti.sk/foto/MTUweDg0L2ZpbHRlcnM6cXVhbGl0eSgxMDApL25laA==/I_4hNCmDzZ_fss?st=JI9QufnkDdJpaQ-0clDDWIPm3a0izGqI7S5K-LL8G14&ts=1725625162&e=0","https://img.nehnutelnosti.sk/foto/MTUweDg0L2ZpbHRlcnM6cXVhbGl0eSgxMDApL25laA==/itYEXc1wld_fss?st=yUFe_6klLIKcBU3fouY9ewi46JETxSlfLCWaYCxVqr4&ts=1725625160&e=0","https://img.nehnutelnosti.sk/foto/MTUweDg0L2ZpbHRlcnM6cXVhbGl0eSgxMDApL25laA==/hpDIdtNJTL_fss?st=HA1ZsQj0tzZ1pVl4zzIcUDKK7ULGVy-85Qxnni_HHCk&ts=1725625160&e=0"]},{"title":"BOSEN | Zariadený 2 izbový apartmán s parkovacím miestom a pivnicou, Hrabovská Dolina, Ružomberok","address":"Hrabovská dolina, Ružomberok, okres Ružomberok","rooms":null,"meters":56,"totalPrice":195000,"meterSquarePrice":9,"link":"https://www.nehnutelnosti.sk/detail/Juqo7rpQWPM/bosen-zariadeny-2-izbovy-apartman-s-parkovacim-miestom-a-pivnicou-hrabovska-dolina-ruzomberok","imagesUrls":["https://img.nehnutelnosti.sk/foto/NjAweDMzOC9maWx0ZXJzOnF1YWxpdHkoMTAwKS9uZWg=/04NbvaKz3x_fss?st=Nm_jHpqJA-RkTwR1zuoDL2a15rtnslZOTD6vJ5pm3NU&ts=1722373553&e=0","https://img.nehnutelnosti.sk/foto/MTUweDg0L2ZpbHRlcnM6cXVhbGl0eSgxMDApL25laA==/RCBIxc_5P_fss?st=Lsp_tgzp4bMDvTcalaq1Z4Itqxfuv-8ywrX2_XphJhs&ts=1722373551&e=0","https://img.nehnutelnosti.sk/foto/MTUweDg0L2ZpbHRlcnM6cXVhbGl0eSgxMDApL25laA==/9M8VwgwjM_fss?st=KZC9xHhm5JTHTwX1_Rd7Y3Af3PjBDkJi1XlASqwhq84&ts=1722373552&e=0","https://img.nehnutelnosti.sk/foto/MTUweDg0L2ZpbHRlcnM6cXVhbGl0eSgxMDApL25laA==/S4YDAs3vR_fss?st=Pwb9GYeY6l_CnWEINNykDxOfl7HTqFu84bIjlshi5k8&ts=1722373551&e=0"]},{"title":"BOSEN | Veľkometrážny 1,5 izb.byt s balkónom, nový projekt RNDZ, Rača, Pri Šajbách, 45 m2","address":"Pri Šajbách, Bratislava III - Rača, okres Bratislava","rooms":1,"meters":44,"totalPrice":144900,"meterSquarePrice":1,"link":"https://www.nehnutelnosti.sk/detail/JuES2Uda4tg/bosen-velkometrazny-1-5-izb-byt-s-balkonom-novy-projekt-rndz-raca-pri-sajbach-45-m2","imagesUrls":["https://img.nehnutelnosti.sk/foto/NjAweDMzOC9maWx0ZXJzOnF1YWxpdHkoMTAwKS9uZWg=/xXQFLhdzvK_fss?st=Dc7GmBSG3iXWVZJMv4-SIUE-0MH1mNgM2rOh07YHDH0&ts=1721311970&e=0","https://img.nehnutelnosti.sk/foto/MTUweDg0L2ZpbHRlcnM6cXVhbGl0eSgxMDApL25laA==/vNIg_Rl9s_fss?st=qG4MDzc-D50rM6DESzZU0e4IUrQMuoup1L9zFEmL8fY&ts=1721311970&e=0","https://img.nehnutelnosti.sk/foto/MTUweDg0L2ZpbHRlcnM6cXVhbGl0eSgxMDApL25laA==/6Fb2aoEuL_fss?st=7vLIZivQhZmISYV_0Ew_6z5rykfhCQ_K9RcR0yOcB5c&ts=1721311966&e=0","https://img.nehnutelnosti.sk/foto/MTUweDg0L2ZpbHRlcnM6cXVhbGl0eSgxMDApL25laA==/Zqwdfa6cqu_fss?st=xlRLw9bRCep6nbvOOSAeyKuPJJlh81RDUSpiJFcyvNA&ts=1721311967&e=0"]},{"title":"BOSEN | 2 izb.byt s balkónom, Noemis, Stupava, 67 m2","address":"Cementárenská, Stupava, okres Malacky","rooms":2,"meters":68,"totalPrice":150000,"meterSquarePrice":8,"link":"https://www.nehnutelnosti.sk/detail/Jura_EVISJjL/bosen-2-izb-byt-s-balkonom-noemis-stupava-67-m2","imagesUrls":["https://img.nehnutelnosti.sk/foto/NjAweDMzOC9maWx0ZXJzOnF1YWxpdHkoMTAwKS9uZWg=/xMq_beYZV_fss?st=BCMeR6DlwdK5PegNhSJYiLH6qKPQhEFtLf6GPGhwp6g&ts=1724794672&e=0","https://img.nehnutelnosti.sk/foto/MTUweDg0L2ZpbHRlcnM6cXVhbGl0eSgxMDApL25laA==/yJCvux1UO6_fss?st=h6Aw_a2ixcFVpogdZbbVSW8o_uNQvduJ-6jodybzxFY&ts=1724794670&e=0","https://img.nehnutelnosti.sk/foto/MTUweDg0L2ZpbHRlcnM6cXVhbGl0eSgxMDApL25laA==/MBPx1xwgj_fss?st=kr5j-SqTl1dL3uY6NtpfTF0UQHmZECHmLuVewAZqbXQ&ts=1724794670&e=0","https://img.nehnutelnosti.sk/foto/MTUweDg0L2ZpbHRlcnM6cXVhbGl0eSgxMDApL25laA==/uCTuNAh2M_fss?st=g1sPHPRhK_skJs81jKhTDjIEDcIb1oU0mEUE9gTSZNw&ts=1724794668&e=0"]},{"title":"2,5 izbovy byt na Drienovej ulici 23","address":"Drieňová 76/23, Bratislava II - Ružinov, okres Bratislava","rooms":3,"meters":65,"totalPrice":205000,"meterSquarePrice":5,"link":"https://www.nehnutelnosti.sk/detail/Ju9GVE9pYlI/2-5-izbovy-byt-na-drienovej-ulici-23","imagesUrls":["https://img.nehnutelnosti.sk/foto/NjAweDMzOC9maWx0ZXJzOnF1YWxpdHkoMTAwKS9uZWg=/yU2Z3wXFxR_fss?st=zSuuoFEKfIZV1hmkfgjx_c1ZlfPdWPYeJL7_2W7DRRU&ts=1726053440&e=0","https://img.nehnutelnosti.sk/foto/MTUweDg0L2ZpbHRlcnM6cXVhbGl0eSgxMDApL25laA==/MigMtvvY9_fss?st=Xr3kIvkuTR7_bZRDF4udXjTo2v4aEpZYhPpefKHzYPg&ts=1726053434&e=0","https://img.nehnutelnosti.sk/foto/MTUweDg0L2ZpbHRlcnM6cXVhbGl0eSgxMDApL25laA==/1xKHksvRMC_fss?st=G1jQYjyMH3l0RLuSLAbN4FuTrbV6d1R07G_PU6D_Zpw&ts=1726053437&e=0","https://img.nehnutelnosti.sk/foto/MTUweDg0L2ZpbHRlcnM6cXVhbGl0eSgxMDApL25laA==/OZ15aFu4Bn_fss?st=gcz3gdST39RJkC5-OSWoQrYS0jj8LvP1o-oP0UB99gs&ts=1726053433&e=0"]},{"title":"Veľkometrážny 1izb. byt RNDZ, balkón, štandard","address":"Pri Šajbách, Bratislava III - Rača, okres Bratislava","rooms":1,"meters":45,"totalPrice":144900,"meterSquarePrice":0,"link":"https://www.nehnutelnosti.sk/detail/Ju-VlnSZ9oL/velkometrazny-1izb-byt-rndz-balkon-standard","imagesUrls":["https://img.nehnutelnosti.sk/foto/NjAweDMzOC9maWx0ZXJzOnF1YWxpdHkoMTAwKS9uZWg=/xPkGFd5Bx_fss?st=-NIGalrnpl6LFEfD5D_PuGRyhXaKO7dJQEk3Sx7daTA&ts=1705490305&e=0","https://img.nehnutelnosti.sk/foto/MTUweDg0L2ZpbHRlcnM6cXVhbGl0eSgxMDApL25laA==/LEAuA_nNj_fss?st=VJ_v63RRF3T-TzkK-IrKShAVgc6jhnTcJfR564VGF1w&ts=1705490304&e=0","https://img.nehnutelnosti.sk/foto/MTUweDg0L2ZpbHRlcnM6cXVhbGl0eSgxMDApL25laA==/pH-JYdqIr_fss?st=DwfJWZ_1ri5P97Dz5Hj-WYDfLqqGmohPNOFY2v9Je84&ts=1705490303&e=0","https://img.nehnutelnosti.sk/foto/MTUweDg0L2ZpbHRlcnM6cXVhbGl0eSgxMDApL25laA==/HCGYBHrVz_fss?st=y-ZkcZMXMoM6_pdnbANlFqxqoc5NJzSzgbMQQ_FST8c&ts=1705490304&e=0"]},{"title":"Na predaj 2-izb byt, exkluzívna novost, Miloslavov","address":"Holubia ulica 2150/1, Miloslavov, okres Senec","rooms":2,"meters":48,"totalPrice":null,"meterSquarePrice":null,"link":"https://www.nehnutelnosti.sk/detail/JuDc-esNASM/na-predaj-2-izb-byt-exkluzivna-novost-miloslavov","imagesUrls":["https://t1.aimg.sk/inzercie/ne_orig_106882088_byty-2-izbovy-byt-miloslavov-na-predaj-2-izb-byt-exkluzivna-novost-miloslavov.jpg?t=LzYwMHgzMzgvZmlsdGVyczpxdWFsaXR5KDgwKQ%3D%3D&h=Beh66YprRNbmTr8qf8_qug&e=2145916800","https://t1.aimg.sk/inzercie/ne_orig_106882089_byty-2-izbovy-byt-miloslavov-na-predaj-2-izb-byt-exkluzivna-novost-miloslavov.jpg?t=LzE1MHg4NC9maWx0ZXJzOnF1YWxpdHkoNjAp&h=F8iaQPw7KEuHvAgWFiFK8A&e=2145916800","https://t1.aimg.sk/inzercie/ne_orig_106882090_byty-2-izbovy-byt-miloslavov-na-predaj-2-izb-byt-exkluzivna-novost-miloslavov.jpg?t=LzE1MHg4NC9maWx0ZXJzOnF1YWxpdHkoNjAp&h=TCFojBJucuRmY7fTTnLXlw&e=2145916800","https://t1.aimg.sk/inzercie/ne_orig_106882091_byty-2-izbovy-byt-miloslavov-na-predaj-2-izb-byt-exkluzivna-novost-miloslavov.jpg?t=LzE1MHg4NC9maWx0ZXJzOnF1YWxpdHkoNjAp&h=y6YtBycnojmlVJ2vjh_Ljw&e=2145916800"]},{"title":"4-izbový byt SKY - Rezidencia Suchý Vrch Banská Bystrica (308)","address":"Zimná, Banská Bystrica, okres Banská Bystrica","rooms":4,"meters":185,"totalPrice":null,"meterSquarePrice":null,"link":"https://www.nehnutelnosti.sk/detail/JuyqgbTKAXA/4-izbovy-byt-sky-rezidencia-suchy-vrch-banska-bystrica-308","imagesUrls":["https://img.nehnutelnosti.sk/foto/NjAweDMzOC9maWx0ZXJzOnF1YWxpdHkoMTAwKS9uZWg=/BZ6PONQe_K_fss?st=BY8r8p9nXrlH1GaD84umUYbbkoUU5_voEMxOjzK0iIg&ts=1718219115&e=0","https://img.nehnutelnosti.sk/foto/MTUweDg0L2ZpbHRlcnM6cXVhbGl0eSgxMDApL25laA==/TPE8ygBEfW_fss?st=KeJ5thVFEeWNVYOr7KvP0CoYY4eeXIZ1O7OM5EeH6AM&ts=1718219116&e=0","https://img.nehnutelnosti.sk/foto/MTUweDg0L2ZpbHRlcnM6cXVhbGl0eSgxMDApL25laA==/gDPMMhvC6_fss?st=xrWiPK23Q_e0-gAWTLxunV3OXRDuIT6vzdG_0uoLf_I&ts=1718219115&e=0","https://img.nehnutelnosti.sk/foto/MTUweDg0L2ZpbHRlcnM6cXVhbGl0eSgxMDApL25laA==/r6TCp9oqD_fss?st=9VIgpk4Z6guYWsrJ0xUz-UMeiECXqwjLRtYIp5zz22M&ts=1718219115&e=0"]},{"title":"NOVÁ REKONŠTRUKCIA! 2-izbový byt vo Zvolene","address":"Gen. Asmolova, Zvolen, okres Zvolen","rooms":2,"meters":55,"totalPrice":119900,"meterSquarePrice":0,"link":"https://www.nehnutelnosti.sk/detail/Juw6-mCoo4I/nova-rekonstrukcia-2-izbovy-byt-vo-zvolene","imagesUrls":["https://img.unitedclassifieds.sk/foto/NjAweDMzOC9maWx0ZXJzOnF1YWxpdHkoMTAwKS9qdWw=/XEygaym0i_fss?st=2qRey2QCxjCfaNK38YfvlZtwJqWYVolkJEOL5CFbIb0&ts=1723128760&e=0","https://img.unitedclassifieds.sk/foto/MTUweDg0L2ZpbHRlcnM6cXVhbGl0eSgxMDApL2p1bA==/JEoFjBTFg_fss?st=edM0ncrHoktrGDLn2yHHGCGJqZGsaKE_uGgDezeZ5Go&ts=1723128782&e=0","https://img.unitedclassifieds.sk/foto/MTUweDg0L2ZpbHRlcnM6cXVhbGl0eSgxMDApL2p1bA==/Z1KrnFYWc_fss?st=muI52E8aX6c6uSJWJiKBQNUvfP_aq9P4zg2Kl6CxNwA&ts=1723128969&e=0","https://img.unitedclassifieds.sk/foto/MTUweDg0L2ZpbHRlcnM6cXVhbGl0eSgxMDApL2p1bA==/Z5z0X_po2_fss?st=8I499YZ5KQujSEJQkAVTOOTR2qIR-nqTh_ofEEZoAM0&ts=1723128855&e=0"]}]