[{"title":"4i byty v II. etape UŽ V PREDAJI I 2DUBY Považská Bystrica","address":"Považská Bystrica, okres Považská Bystrica","rooms":4,"meters":89,"totalPrice":94,"meterSquarePrice":7,"link":"https://www.nehnutelnosti.sk/detail/Ju-qd2MIlEM/4i-byty-v-ii-etape-uz-v-predaji-i-2duby-povazska-bystrica","imagesUrls":["https://img.unitedclassifieds.sk/foto/NjAweDMzOC9maWx0ZXJzOnF1YWxpdHkoMTAwKS9qdWw=/PVogBwXU__fss?st=nXUJPAxCNd55FueW5_E1lP8NuUQD_3tdObX9mzyGxBA&ts=1713872181&e=0"]},{"title":"Neprehliadnuteľný 4i mezonet v II. etape UŽ V PREDAJI I 2DUBY Považská Bystrica","address":"Považská Bystrica, okres Považská Bystrica","rooms":null,"meters":97,"totalPrice":60,"meterSquarePrice":8,"link":"https://www.nehnutelnosti.sk/detail/Ju0k6fnnGXF/neprehliadnutelny-4i-mezonet-v-ii-etape-uz-v-predaji-i-2duby-povazska-bystrica","imagesUrls":["https://img.unitedclassifieds.sk/foto/NjAweDMzOC9maWx0ZXJzOnF1YWxpdHkoMTAwKS9qdWw=/R7CvJ6H4z_fss?st=23N5a923xYopA8mPsbRVXD8zi-Gzov4x7le-yxLGapo&ts=1713872370&e=0"]},{"title":"UŽ V PREDAJI I Priestranné 3i byty v II. ETAPE 2DUBY Považská Bystrica","address":"Považská Bystrica, okres Považská Bystrica","rooms":3,"meters":67,"totalPrice":62,"meterSquarePrice":3,"link":"https://www.nehnutelnosti.sk/detail/Ju7IOp8mmbI/uz-v-predaji-i-priestranne-3i-byty-v-ii-etape-2duby-povazska-bystrica","imagesUrls":["https://img.unitedclassifieds.sk/foto/NjAweDMzOC9maWx0ZXJzOnF1YWxpdHkoMTAwKS9qdWw=/Bxl7zFAAm_fss?st=U67kkw3b27BS591eX_6c-Iinu7bemo9M43RWRfeO7xk&ts=1713871661&e=0"]},{"title":"Nitra- Chrenová - Štiavnická ul. 008-112-PEMA","address":"Štiavnická, Nitra, okres Nitra","rooms":2,"meters":48,"totalPrice":142000,"meterSquarePrice":3,"link":"https://www.nehnutelnosti.sk/detail/Ju4OkjyA0VA/nitra-chrenova-stiavnicka-ul-008-112-pema","imagesUrls":["https://img.nehnutelnosti.sk/foto/NjAweDMzOC9maWx0ZXJzOnF1YWxpdHkoMTAwKS9uZWg=/es_NLsaAI_fss?st=sZaQxUhAWm9GrPf5MaF60Zpnyum4WQYXVtYgrP3Bbl4&ts=1724099552&e=0"]},{"title":"Predaj  3 izbového bytu  - Levice (047-113-MIJK)","address":"Levice, okres Levice","rooms":3,"meters":76,"totalPrice":98000,"meterSquarePrice":5,"link":"https://www.nehnutelnosti.sk/detail/JuzAX35DNtL/predaj-3-izboveho-bytu-levice-047-113-mijk","imagesUrls":["https://img.nehnutelnosti.sk/foto/NjAweDMzOC9maWx0ZXJzOnF1YWxpdHkoMTAwKS9uZWg=/xsbx3zOVy5_fss?st=k2R0VdBZgbEPWu0A82lllQCNzrNi5q38UqR_UeX9yEQ&ts=1724183262&e=0"]},{"title":"3 izbový byt so záhradou Kolíňany, nízke mesačné náklady - 006-13-PAMAa","address":"Kolíňany, okres Nitra","rooms":3,"meters":71,"totalPrice":98000,"meterSquarePrice":2,"link":"https://www.nehnutelnosti.sk/detail/Jux_r_8mj-w/3-izbovy-byt-so-zahradou-kolinany-nizke-mesacne-naklady-006-13-pamaa","imagesUrls":["https://img.nehnutelnosti.sk/foto/NjAweDMzOC9maWx0ZXJzOnF1YWxpdHkoMTAwKS9uZWg=/koceKWOJHk_fss?st=JZ1ywR3RXguLwdR_eqneKbYSEY0W78rw2-xEY58TbEs&ts=1723578876&e=0"]},{"title":"3 izbový byt, 4 balkóny, Bakossova, Banská Bystrica","address":"Bakossova, Banská Bystrica, okres Banská Bystrica","rooms":3,"meters":74,"totalPrice":175000,"meterSquarePrice":6,"link":"https://www.nehnutelnosti.sk/detail/JuDJB99mFyY/3-izbovy-byt-4-balkony-bakossova-banska-bystrica","imagesUrls":["https://img.nehnutelnosti.sk/foto/NjAweDMzOC9maWx0ZXJzOnF1YWxpdHkoMTAwKS9uZWg=/6PZcUayLI_fss?st=o5eEimFQTk86hUS-_-XyeiW-m2G0UywSFkL7CE8SSDc&ts=1723655078&e=0"]},{"title":"Predaj 2 izbový byt v centre mesta Nitra, Párovská ul. (194-112-ERF)","address":"Párovská, Nitra, okres Nitra","rooms":2,"meters":56,"totalPrice":153000,"meterSquarePrice":4,"link":"https://www.nehnutelnosti.sk/detail/Ju8BysKUelP/predaj-2-izbovy-byt-v-centre-mesta-nitra-parovska-ul-194-112-erf","imagesUrls":["https://img.nehnutelnosti.sk/foto/NjAweDMzOC9maWx0ZXJzOnF1YWxpdHkoMTAwKS9uZWg=/j9I9PjAFJ_fss?st=BI4W9WdA0F38sU87c2qxw3GkliiS3mZxDxOY86MBbq8&ts=1723710917&e=0"]},{"title":"Predaj  3 izbového bytu  - Levice (043-113-MIJKa)","address":"Levice, okres Levice","rooms":3,"meters":62,"totalPrice":88000,"meterSquarePrice":5,"link":"https://www.nehnutelnosti.sk/detail/JuCveILcT7L/predaj-3-izboveho-bytu-levice-043-113-mijka","imagesUrls":["https://img.nehnutelnosti.sk/foto/NjAweDMzOC9maWx0ZXJzOnF1YWxpdHkoMTAwKS9uZWg=/Y9HWXgKYs_fss?st=TDUnn1evbkUPCdBGOhVyPP37d9jaMnZyUQedo0Hhm0k&ts=1723494957&e=0"]},{"title":"3-izbový byt s garážou aj záhradkou na predaj vo Vrútkach","address":"Kafendova, Vrútky, okres Martin","rooms":3,"meters":70,"totalPrice":131500,"meterSquarePrice":7,"link":"https://www.nehnutelnosti.sk/detail/JuqEnW5l2NS/3-izbovy-byt-s-garazou-aj-zahradkou-na-predaj-vo-vrutkach","imagesUrls":["https://img.nehnutelnosti.sk/foto/NjAweDMzOC9maWx0ZXJzOnF1YWxpdHkoMTAwKS9uZWg=/4VMIaW0gV_fss?st=hottG_nVC1CLIBXBeJfnEtXns7TBQ6pruValM9Q73bI&ts=1723044009&e=0"]},{"title":"Pripravujeme na predaj 4-izbový byt Sihoť","address":"Trenčín, okres Trenčín","rooms":4,"meters":77,"totalPrice":145000,"meterSquarePrice":2,"link":"https://www.nehnutelnosti.sk/detail/JuFOeE9L3CA/pripravujeme-na-predaj-4-izbovy-byt-sihot","imagesUrls":["https://img.nehnutelnosti.sk/foto/NjAweDMzOC9maWx0ZXJzOnF1YWxpdHkoMTAwKS9uZWg=/T4pQzsgcF_fss?st=Qz1j7hH7JJxlmsNq12p--PeixW7yP6jr4tAHeL1m-ds&ts=1721809467&e=0"]},{"title":"Garsónka v centre na predaj - Lučenec","address":"Lučenec, Lučenec, okres Lučenec","rooms":null,"meters":25,"totalPrice":35000,"meterSquarePrice":0,"link":"https://www.nehnutelnosti.sk/detail/JuLDxv5o9C0/garsonka-v-centre-na-predaj-lucenec","imagesUrls":["https://img.nehnutelnosti.sk/foto/NjAweDMzOC9maWx0ZXJzOnF1YWxpdHkoMTAwKS9uZWg=/jZXF4lNug_fss?st=0cW51A1hr-sVW6Pmam8MrxWtC2GEnGz1_jWVAoGDOjQ&ts=1721966470&e=0"]},{"title":"Predaj 3 izbového bytu - Dudince (032-113-PEKR)","address":"J. Kráľa, Dudince, okres Krupina","rooms":3,"meters":68,"totalPrice":null,"meterSquarePrice":null,"link":"https://www.nehnutelnosti.sk/detail/Juk2j3TxS72/predaj-3-izboveho-bytu-dudince-032-113-pekr","imagesUrls":["https://img.nehnutelnosti.sk/foto/NjAweDMzOC9maWx0ZXJzOnF1YWxpdHkoMTAwKS9uZWg=/myLT-5Pe0_fss?st=minJ3tMKBo27lps3aE17weC6gfriat3OUTGIL0RxwhY&ts=1724060976&e=0"]},{"title":"Priestranný 2-izbový byt na PREDAJ-Lučenec","address":"lučenec, Lučenec, okres Lučenec","rooms":2,"meters":64,"totalPrice":67000,"meterSquarePrice":8,"link":"https://www.nehnutelnosti.sk/detail/Ju1o6S8XUdp/priestranny-2-izbovy-byt-na-predaj-lucenec","imagesUrls":["https://img.nehnutelnosti.sk/foto/NjAweDMzOC9maWx0ZXJzOnF1YWxpdHkoMTAwKS9uZWg=/SiRPjoJFR8_fss?st=yNYfUqbwuUBItQpX74lSYepwbAJCEOjZ1rwQsJunQFM&ts=1721755186&e=0"]},{"title":"2-IZBOVÝ BYT S BALKÓNOM RIMAVSKÁ SOBOTA - EXKLUZÍVNE NA PREDAJ","address":"Družstevná, Rimavská Sobota, okres Rimavská Sobota","rooms":2,"meters":63,"totalPrice":null,"meterSquarePrice":null,"link":"https://www.nehnutelnosti.sk/detail/JuUy-TiAjkO/2-izbovy-byt-s-balkonom-rimavska-sobota-exkluzivne-na-predaj","imagesUrls":["https://img.nehnutelnosti.sk/foto/NjAweDMzOC9maWx0ZXJzOnF1YWxpdHkoMTAwKS9uZWg=/DYj41Vk5fY_fss?st=DeAgNh2KGLEN4GdpUsCJIoqwacCaAFVtQpi3m20JiLQ&ts=1722433652&e=0"]},{"title":"2 izbový byt na predaj, Lednické Rovne","address":"Lednicke Rovne, Lednické Rovne, okres Púchov","rooms":2,"meters":50,"totalPrice":84900,"meterSquarePrice":8,"link":"https://www.nehnutelnosti.sk/detail/JutAhCUoN4q/2-izbovy-byt-na-predaj-lednicke-rovne","imagesUrls":["https://img.nehnutelnosti.sk/foto/NjAweDMzOC9maWx0ZXJzOnF1YWxpdHkoMTAwKS9uZWg=/NZdZB9C3I_fss?st=qLpYvUMIOjA_Z0vj1DRQ99zKdPykfOhx2sUtMV6t6rA&ts=1721230760&e=0"]},{"title":"Predaj  3 izbového bytu  - Levice (040-113-MIJKa)","address":"Levice, okres Levice","rooms":3,"meters":63,"totalPrice":96000,"meterSquarePrice":1,"link":"https://www.nehnutelnosti.sk/detail/JuH0vhyXXlU/predaj-3-izboveho-bytu-levice-040-113-mijka","imagesUrls":["https://img.nehnutelnosti.sk/foto/NjAweDMzOC9maWx0ZXJzOnF1YWxpdHkoMTAwKS9uZWg=/VknIGoNsbC_fss?st=a5-1WIW0dMagEQTusraE9AR3WlBJohrpMDUBOLAbHSE&ts=1721156618&e=0"]},{"title":"1-izbový byt na Severnej v Námestove","address":"Námestovo, okres Námestovo","rooms":1,"meters":35,"totalPrice":null,"meterSquarePrice":null,"link":"https://www.nehnutelnosti.sk/detail/JuCaA_cIJvJ/1-izbovy-byt-na-severnej-v-namestove","imagesUrls":["https://img.nehnutelnosti.sk/foto/NjAweDMzOC9maWx0ZXJzOnF1YWxpdHkoMTAwKS9uZWg=/WFa-9bLvf_fss?st=I9WQluBrMuiCRywr-zQs_LRDaQQYrrfuRiqNsVlZKxQ&ts=1721141917&e=0"]},{"title":"2-izbový byt s balkónom za 49900,-Eur","address":"Rožňava, okres Rožňava","rooms":2,"meters":53,"totalPrice":49900,"meterSquarePrice":1,"link":"https://www.nehnutelnosti.sk/detail/Juhy9qFRDwh/2-izbovy-byt-s-balkonom-za-49900-eur","imagesUrls":["https://img.nehnutelnosti.sk/foto/NjAweDMzOC9maWx0ZXJzOnF1YWxpdHkoMTAwKS9uZWg=/HcJ4qR1Tl_fss?st=YgwQNTLcPPHoEqI9IhfWHbrTHxgKCj7w_ytDYXps2dc&ts=1725280343&e=0"]},{"title":"Predaj  3 izbového bytu  - Nová Baňa (042-113-MIJK)","address":"Nová Baňa, okres Žarnovica","rooms":3,"meters":82,"totalPrice":134000,"meterSquarePrice":5,"link":"https://www.nehnutelnosti.sk/detail/JuNXxuE4Ox0/predaj-3-izboveho-bytu-nova-bana-042-113-mijk","imagesUrls":["https://img.nehnutelnosti.sk/foto/NjAweDMzOC9maWx0ZXJzOnF1YWxpdHkoMTAwKS9uZWg=/HW_0y-zWZ_fss?st=kS1HXQQlf9gLLeEeuI0gqaJoOwICz_sLAzvPTwewac0&ts=1722071106&e=0"]},{"title":"1 izbový byt, Nitra - Klokočina, 37 m2 (pripravený na zmenu) ID 001-111-PAMAa","address":"Bizetova, Nitra, okres Nitra","rooms":1,"meters":37,"totalPrice":92000,"meterSquarePrice":9,"link":"https://www.nehnutelnosti.sk/detail/JuPnoT0QNuf/1-izbovy-byt-nitra-klokocina-37-m2-pripraveny-na-zmenu-id-001-111-pamaa","imagesUrls":["https://img.nehnutelnosti.sk/foto/NjAweDMzOC9maWx0ZXJzOnF1YWxpdHkoMTAwKS9uZWg=/Cfp9d6FW9s_fss?st=xEpgahoAqbv3ajwiW4y1Ygh_R6VR5UvSESAQp_Cpyj8&ts=1721302454&e=0"]},{"title":"2 Izbový byt na predaj, Trenčín","address":"Beckovská, Trenčín, okres Trenčín","rooms":2,"meters":52,"totalPrice":147500,"meterSquarePrice":4,"link":"https://www.nehnutelnosti.sk/detail/Ju-me7M1O1X/2-izbovy-byt-na-predaj-trencin","imagesUrls":["https://img.nehnutelnosti.sk/foto/NjAweDMzOC9maWx0ZXJzOnF1YWxpdHkoMTAwKS9uZWg=/uhfHIsGYeC_fss?st=H2VG4bucXOCogeXINf66DEqXYYY6B6aJC4T_oA6eb6Y&ts=1721058385&e=0"]},{"title":"Znížená cena! Na predaj 1,5 izbový byt, Humenné","address":"Laborecká, Humenné, okres Humenné","rooms":1,"meters":40,"totalPrice":59900,"meterSquarePrice":0,"link":"https://www.nehnutelnosti.sk/detail/Jun1rOPBmO4/znizena-cena-na-predaj-1-5-izbovy-byt-humenne","imagesUrls":["https://img.nehnutelnosti.sk/foto/NjAweDMzOC9maWx0ZXJzOnF1YWxpdHkoMTAwKS9uZWg=/emQhI6M23_fss?st=hG2_dFZxi3Blb0-_No3OIZA0G5Li3feW8QyY8Td_46U&ts=1726006956&e=0"]},{"title":"Na predaj 1-izbový byt v mesta Nové Zámky","address":"Roľnícka, Nové Zámky, okres Nové Zámky","rooms":1,"meters":36,"totalPrice":62000,"meterSquarePrice":6,"link":"https://www.nehnutelnosti.sk/detail/JuGo2ryPrA9/na-predaj-1-izbovy-byt-v-mesta-nove-zamky","imagesUrls":["https://img.nehnutelnosti.sk/foto/NjAweDMzOC9maWx0ZXJzOnF1YWxpdHkoMTAwKS9uZWg=/qqo8CXbVh_fss?st=DiPd1AhtP6jzmboFVX0OIhCv5OBrqKaETBqZPt0GHbg&ts=1726843958&e=0"]},{"title":"Byt na predaj v Námestove ulica Severná","address":"Severná, Námestovo, okres Námestovo","rooms":1,"meters":35,"totalPrice":73500,"meterSquarePrice":0,"link":"https://www.nehnutelnosti.sk/detail/JuE5xLfGW1d/byt-na-predaj-v-namestove-ulica-severna","imagesUrls":["https://t1.aimg.sk/inzercie/ne_orig_103148640_byty-1-izbovy-byt-banska-bystrica-byt-na-predaj-v-namestove-ulica-severna.jpg?t=LzYwMHgzMzgvZmlsdGVyczpxdWFsaXR5KDgwKQ%3D%3D&h=uhooGZ7ftWV4icHT7Or8xA&e=2145916800"]},{"title":"2i byt Bytča, 63,5m2   115-112-PEMOa","address":"Bytča, okres Bytča","rooms":2,"meters":63,"totalPrice":101000,"meterSquarePrice":5,"link":"https://www.nehnutelnosti.sk/detail/Ju49RTDkNC3/2i-byt-bytca-63-5m2-115-112-pemoa","imagesUrls":["https://img.nehnutelnosti.sk/foto/NjAweDMzOC9maWx0ZXJzOnF1YWxpdHkoMTAwKS9uZWg=/e1Ux2vSrZ_fss?st=fAdi5NGUJiY5eCkZ-RovhfRfZIbYNX7n-eiwp3HQHIY&ts=1724673174&e=0"]},{"title":"3D PREHLIADKA / KOLAUDUJEME / 2-izbový byt s terasou/ B","address":"Pažitná, Šamorín, okres Dunajská Streda","rooms":2,"meters":52,"totalPrice":148900,"meterSquarePrice":2,"link":"https://www.nehnutelnosti.sk/detail/JuXYIVIZGrU/3d-prehliadka-kolaudujeme-2-izbovy-byt-s-terasou-b","imagesUrls":["https://img.nehnutelnosti.sk/foto/NjAweDMzOC9maWx0ZXJzOnF1YWxpdHkoMTAwKS9uZWg=/uTNmt4_9G_fss?st=YtNwzMud0JnqTnhRSX64lBGsm1828-52u9j6Yp_Ikyo&ts=1726843951&e=0"]},{"title":"3D PREHLIADKA / KOLAUDUJEME / 2-izbový byt s terasou / D","address":"Pažitná, Šamorín, okres Dunajská Streda","rooms":2,"meters":54,"totalPrice":153900,"meterSquarePrice":3,"link":"https://www.nehnutelnosti.sk/detail/JuiXZsn72hn/3d-prehliadka-kolaudujeme-2-izbovy-byt-s-terasou-d","imagesUrls":["https://img.nehnutelnosti.sk/foto/NjAweDMzOC9maWx0ZXJzOnF1YWxpdHkoMTAwKS9uZWg=/d2mrvNX5Y_fss?st=zIzl5yKtIzzYh_8GKjC14RGr5cRC9_WmtIGMSegUAgM&ts=1726843944&e=0"]},{"title":"3D PREHLIADKA / KOLAUDUJEME / 2-izbový byt s terasou / F","address":"Pažitná, Šamorín, okres Dunajská Streda","rooms":2,"meters":52,"totalPrice":152900,"meterSquarePrice":2,"link":"https://www.nehnutelnosti.sk/detail/Juqkcc9V6VC/3d-prehliadka-kolaudujeme-2-izbovy-byt-s-terasou-f","imagesUrls":["https://img.nehnutelnosti.sk/foto/NjAweDMzOC9maWx0ZXJzOnF1YWxpdHkoMTAwKS9uZWg=/3jZUNr5SO_fss?st=ADxm-8pXjNhDzFhvD_URpDYB3H0hrEkk-EAfzapb5hI&ts=1726843941&e=0"]},{"title":"Predaj  4 izbového bytu  - Kalná nad Hronom (035-114-MIJK)","address":"Kalná nad Hronom, okres Levice","rooms":4,"meters":92,"totalPrice":144000,"meterSquarePrice":2,"link":"https://www.nehnutelnosti.sk/detail/JuWW1xxrWhF/predaj-4-izboveho-bytu-kalna-nad-hronom-035-114-mijk","imagesUrls":["https://img.nehnutelnosti.sk/foto/NjAweDMzOC9maWx0ZXJzOnF1YWxpdHkoMTAwKS9uZWg=/A0zuEz45k_fss?st=BQUFmfB_SwiGU6I-oVUSzsVJePyEkQYz8Ko45KgHx00&ts=1720040275&e=0"]}]