[{"title":"EXPERT BYVANIA - PREDAJ - 2 IZBOVÝ BYT - ZDENKA NEJEDLEHO - ZNALECKÝ POSUDOK ZDARMA","address":"Zdenka Nejedlého, Levice, okres Levice","rooms":2,"meters":69,"totalPrice":72000,"meterSquarePrice":8,"link":"https://www.nehnutelnosti.sk/detail/Ju6EhseGdGs/expert-byvania-predaj-2-izbovy-byt-zdenka-nejedleho-znalecky-posudok-zdarma","imagesUrls":["https://img.nehnutelnosti.sk/foto/NjAweDMzOC9maWx0ZXJzOnF1YWxpdHkoMTAwKS9uZWg=/sldT2tus6_fss?st=hFqdUe034VpZBKLkSHVSxbST-9-1kSWNs3_3um634fQ&ts=1725139080&e=0"]},{"title":"EXPERT BYVANIA - PREDAJ - 3 IZBOVY BYT - ŠTEFÁNIKA - ZNALECKY POSUDOK ZDARMA","address":"ŠTEFÁNIKA, Levice, okres Levice","rooms":3,"meters":82,"totalPrice":130000,"meterSquarePrice":7,"link":"https://www.nehnutelnosti.sk/detail/JunMJaSkt89/expert-byvania-predaj-3-izbovy-byt-stefanika-znalecky-posudok-zdarma","imagesUrls":["https://img.nehnutelnosti.sk/foto/NjAweDMzOC9maWx0ZXJzOnF1YWxpdHkoMTAwKS9uZWg=/h3hGbxyhg_fss?st=wReJN-1wYeGG8QSIbloA1NDhEfvSsO-3yjn3HBtvkpY&ts=1725143683&e=0"]},{"title":"EXPERT BYVANIA - PREDAJ - 2 IZBOVÝ BYT - K. MIKSZATHA - ZNALECKY POSUDOK ZDARMA","address":"K. Mikszátha, Šahy, okres Levice","rooms":2,"meters":52,"totalPrice":51900,"meterSquarePrice":8,"link":"https://www.nehnutelnosti.sk/detail/JuYsMIk3jBA/expert-byvania-predaj-2-izbovy-byt-k-mikszatha-znalecky-posudok-zdarma","imagesUrls":["https://img.nehnutelnosti.sk/foto/NjAweDMzOC9maWx0ZXJzOnF1YWxpdHkoMTAwKS9uZWg=/znepe8eu-A_fss?st=gR95pxlH19C_QtpZ6nXGK4sMNYcX695gf-katZhX8U4&ts=1725383108&e=0"]},{"title":"EXPERT BYVANIA - PREDAJ - 3 IZBOVÝ BYT  - NEJEDLEHO - ZNALECKÝ POSUDOK ZDARMA","address":"Zdenka Nejedlého, Levice, okres Levice","rooms":3,"meters":85,"totalPrice":119900,"meterSquarePrice":9,"link":"https://www.nehnutelnosti.sk/detail/Juzm5FXmH-n/expert-byvania-predaj-3-izbovy-byt-nejedleho-znalecky-posudok-zdarma","imagesUrls":["https://img.nehnutelnosti.sk/foto/NjAweDMzOC9maWx0ZXJzOnF1YWxpdHkoMTAwKS9uZWg=/RbuskE3tB3_fss?st=LwP3irF9RYe3C5EdFybukANI15uTsJ6_VoB_clJffNM&ts=1727024028&e=0"]},{"title":"EXPERT BYVANIA - PREDAJ - GARSONKA - BENKOVA - ZNALECKÝ POSUDOK V CENE","address":"Benkova, Nitra, okres Nitra","rooms":null,"meters":20,"totalPrice":70000,"meterSquarePrice":0,"link":"https://www.nehnutelnosti.sk/detail/Ju5O5hlS9V-/expert-byvania-predaj-garsonka-benkova-znalecky-posudok-v-cene","imagesUrls":["https://img.nehnutelnosti.sk/foto/NjAweDMzOC9maWx0ZXJzOnF1YWxpdHkoMTAwKS9uZWg=/sE1MTI5d-_fss?st=en4lbT_-wayftlHqEsWUSvNMpbmhCIgEu25EcZ3rpuU&ts=1726950247&e=0"]},{"title":"EXPERT BYVANIA - PREDAJ - 2 IZBOVY BYT - ul. Dr. URADNIČKA - ZNALECKÝ POSUDOK ZDARMA","address":"Dr. D. Úradníčka, Stará Turá, okres Nové Mesto nad Váhom","rooms":2,"meters":97,"totalPrice":null,"meterSquarePrice":null,"link":"https://www.nehnutelnosti.sk/detail/JuBW4ToqLYf/expert-byvania-predaj-2-izbovy-byt-ul-dr-uradnicka-znalecky-posudok-zdarma","imagesUrls":["https://img.nehnutelnosti.sk/foto/NjAweDMzOC9maWx0ZXJzOnF1YWxpdHkoMTAwKS9uZWg=/kmB7foX4q_fss?st=vZo0pisEJVyrpYN1FWGU6UBf-amJDQeYohogICXob7o&ts=1725129531&e=0"]},{"title":"EXPERT BYVANIA - PREDAJ - 3 IZBOVÝ BYT - CHRENOVA - ZNALECKY POSUDOK ZDARMA","address":"DLHÁ, Nitra, okres Nitra","rooms":3,"meters":74,"totalPrice":159900,"meterSquarePrice":1,"link":"https://www.nehnutelnosti.sk/detail/JungKNbq1wx/expert-byvania-predaj-3-izbovy-byt-chrenova-znalecky-posudok-zdarma","imagesUrls":["https://img.nehnutelnosti.sk/foto/NjAweDMzOC9maWx0ZXJzOnF1YWxpdHkoMTAwKS9uZWg=/GJpiD7Lei_fss?st=Myyy5stx3dcIFKd3GDpt-5IX2LT4mUxHFPoVS0i9BWw&ts=1725139065&e=0"]},{"title":"EXPERT BYVANIA - PREDAJ - 4.5 IZBOVÝ BYT - HORNÝ RAD - ZNALECKÝ POSUDOK ZDARMA","address":"HORNÝ RAD, Brezová pod Bradlom, okres Myjava","rooms":4,"meters":88,"totalPrice":88000,"meterSquarePrice":0,"link":"https://www.nehnutelnosti.sk/detail/JuuMZcdwk0S/expert-byvania-predaj-4-5-izbovy-byt-horny-rad-znalecky-posudok-zdarma","imagesUrls":["https://img.nehnutelnosti.sk/foto/NjAweDMzOC9maWx0ZXJzOnF1YWxpdHkoMTAwKS9uZWg=/VVvjLfDG7p_fss?st=3eCgJlzeyau8hB5hZu7lUB1q6doidoaLc0X2vGsI0yg&ts=1725129524&e=0"]},{"title":"REZERVOVANÉ - EXPERT BVANIA - PREDAJ - 1 IZBOVÝ BYT - CHRENOVÁ - ZNALECKÝ POSUDOK ZDARMA","address":"CHRENOVÁ, Nitra, okres Nitra","rooms":1,"meters":37,"totalPrice":null,"meterSquarePrice":null,"link":"https://www.nehnutelnosti.sk/detail/JucDHswGaSr/rezervovane-expert-bvania-predaj-1-izbovy-byt-chrenova-znalecky-posudok-zdarma","imagesUrls":["https://img.nehnutelnosti.sk/foto/NjAweDMzOC9maWx0ZXJzOnF1YWxpdHkoMTAwKS9uZWg=/RBpSxq0gC_fss?st=kGSF8tsnGAVRLZrla337tBrao5dwff30MvM401cOdac&ts=1725189173&e=0"]},{"title":"EXPERT BYVANIA - PREDAJ - GARSONKA - VIESTOVA - ZNALECKY POSUDOK ZDARMA","address":"VIESTOVA, Myjava, okres Myjava","rooms":null,"meters":31,"totalPrice":57900,"meterSquarePrice":4,"link":"https://www.nehnutelnosti.sk/detail/Jue6O474McX/expert-byvania-predaj-garsonka-viestova-znalecky-posudok-zdarma","imagesUrls":["https://img.nehnutelnosti.sk/foto/NjAweDMzOC9maWx0ZXJzOnF1YWxpdHkoMTAwKS9uZWg=/0zFFg1hVB_fss?st=NnAVHfw-orZ9MIdg3RlXmBBTtQ0cm5KpZOlcX1hiKdk&ts=1725129527&e=0"]},{"title":"EXPERT BYVANIA - PREDAJ - DVOJGARSONKA - NA HORKE - ZNALECKÝ POSUDOK ZDARMA","address":"Na Hôrke, Nitra, okres Nitra","rooms":null,"meters":47,"totalPrice":null,"meterSquarePrice":null,"link":"https://www.nehnutelnosti.sk/detail/JuXIZtr_ZDN/expert-byvania-predaj-dvojgarsonka-na-horke-znalecky-posudok-zdarma","imagesUrls":["https://img.nehnutelnosti.sk/foto/NjAweDMzOC9maWx0ZXJzOnF1YWxpdHkoMTAwKS9uZWg=/lI1qmFjrH_fss?st=5x3Y_scbUegUBUqYIuFyb72ufyPVFfjlfVtZa5VRrlk&ts=1725139067&e=0"]},{"title":"EXPERT BÝVANIA - PREDAJ - PUKANEC - 2 IZBOVÝ BYT -  ZNALECKÝ POSUDOK V CENE","address":"PUKANEC, Pukanec, okres Levice","rooms":2,"meters":66,"totalPrice":62900,"meterSquarePrice":3,"link":"https://www.nehnutelnosti.sk/detail/JuTC0CN4xY2/expert-byvania-predaj-pukanec-2-izbovy-byt-znalecky-posudok-v-cene","imagesUrls":["https://img.nehnutelnosti.sk/foto/NjAweDMzOC9maWx0ZXJzOnF1YWxpdHkoMTAwKS9uZWg=/eeDfRgK8k_fss?st=3Kd--chDn1j2bKJ_mxhjM-pmYn4RJVa4E3wE5iEVoy8&ts=1725139071&e=0"]},{"title":"EXPERT BYVANIA - PREDAJ - 4 IZBOVÝ BYT - STARA TURA - ZNALECKY POSUDOK ZDARMA","address":"ŠTEFÁNIKA, Stará Turá, okres Nové Mesto nad Váhom","rooms":4,"meters":80,"totalPrice":110000,"meterSquarePrice":5,"link":"https://www.nehnutelnosti.sk/detail/JuknhYl-uoL/expert-byvania-predaj-4-izbovy-byt-stara-tura-znalecky-posudok-zdarma","imagesUrls":["https://img.nehnutelnosti.sk/foto/NjAweDMzOC9maWx0ZXJzOnF1YWxpdHkoMTAwKS9uZWg=/uTKtHyLbk_fss?st=9dgByxK151gNAWKHtpuMaOu-g4UIBjXzrpT8KyWVits&ts=1725129530&e=0"]},{"title":"EXPERT BYVANIA - PREDAJ - 3 IZBOVY BYT - ZAHRADNA - ZNALECKY POSUDOK ZDARMA","address":"Záhradná, Nitra, okres Nitra","rooms":3,"meters":64,"totalPrice":160000,"meterSquarePrice":0,"link":"https://www.nehnutelnosti.sk/detail/JutXM6E7qUc/expert-byvania-predaj-3-izbovy-byt-zahradna-znalecky-posudok-zdarma","imagesUrls":["https://img.nehnutelnosti.sk/foto/NjAweDMzOC9maWx0ZXJzOnF1YWxpdHkoMTAwKS9uZWg=/3pflXoNdi_fss?st=FsVqkt610KQhTDZhOFu0_hG2t0TFPFK16y7G6GJut1w&ts=1726791563&e=0"]},{"title":"EXPERT BYVANIA - PREDAJ - CHRENOVÁ - 2 IZBOVÝ BYT - ZNALECKÝ POSUDOK ZDARMA","address":"Ďumbierska, Nitra, okres Nitra","rooms":2,"meters":62,"totalPrice":159000,"meterSquarePrice":2,"link":"https://www.nehnutelnosti.sk/detail/JuYQH8DSNuA/expert-byvania-predaj-chrenova-2-izbovy-byt-znalecky-posudok-zdarma","imagesUrls":["https://img.nehnutelnosti.sk/foto/NjAweDMzOC9maWx0ZXJzOnF1YWxpdHkoMTAwKS9uZWg=/v61m7J19Q_fss?st=RltQUkAx1rHH6YMCD7Eb77kmt8MkAi6Yl_u1oCh--iA&ts=1725139068&e=0"]},{"title":"EXPERT BYVANIA - PREDAJ 2 IZBOVÝ BYT - SIDL STRED - ZNALECKÝ POSUDOK ZDARMA","address":"STRED, Považská Bystrica, okres Považská Bystrica","rooms":2,"meters":66,"totalPrice":130000,"meterSquarePrice":0,"link":"https://www.nehnutelnosti.sk/detail/Ju07qrgeomS/expert-byvania-predaj-2-izbovy-byt-sidl-stred-znalecky-posudok-zdarma","imagesUrls":["https://img.nehnutelnosti.sk/foto/NjAweDMzOC9maWx0ZXJzOnF1YWxpdHkoMTAwKS9uZWg=/IOshVRkY-_fss?st=2FfrOolJHoIF-Mp1esxfMVB_65H-4RuvWYT-DrCe8og&ts=1725129523&e=0"]},{"title":"EXPERT BÝVANIA - PREDAJ - 2 IZBOVY BYT - GARAZ - ZNALECKY POSUDOK ZDARMA","address":"Kpt. Nálepku, Nové Mesto nad Váhom, okres Nové Mesto nad Váhom","rooms":2,"meters":53,"totalPrice":118000,"meterSquarePrice":2,"link":"https://www.nehnutelnosti.sk/detail/JuvxSNgvfYr/expert-byvania-predaj-2-izbovy-byt-garaz-znalecky-posudok-zdarma","imagesUrls":["https://img.nehnutelnosti.sk/foto/NjAweDMzOC9maWx0ZXJzOnF1YWxpdHkoMTAwKS9uZWg=/h6iwldCJ-_fss?st=fph3PyJOEtzdyIVbhOE-5zHMc0cO9PhWbskmNIPXecI&ts=1725129519&e=0"]},{"title":"EXPERT BÝVANIA - PREDAJ - GARSONKA - POVODNÝ STAV - KPT NÁLEPKU - ZNALECKÝ POSUDOK V CENE","address":"Kpt. Nálepku, Levice, okres Levice","rooms":null,"meters":20,"totalPrice":54900,"meterSquarePrice":5,"link":"https://www.nehnutelnosti.sk/detail/JuJpR5ZYiZG/expert-byvania-predaj-garsonka-povodny-stav-kpt-nalepku-znalecky-posudok-v-cene","imagesUrls":["https://img.nehnutelnosti.sk/foto/NjAweDMzOC9maWx0ZXJzOnF1YWxpdHkoMTAwKS9uZWg=/IQD-5dIyyR_fss?st=EzVu24KZBS9kcvL5DF0VxhgphYsip3Xg8ZLIoXz14Es&ts=1726771918&e=0"]},{"title":"EXPERT BÝVANIA - PREDAJ - 2 IZBOVÝ BYT - 60m2 - CHRENOVÁ - VÝSTAVNÁ - ZNALECKY POSUDOK V CENE","address":"Výstavná, Nitra, okres Nitra","rooms":2,"meters":60,"totalPrice":127900,"meterSquarePrice":7,"link":"https://www.nehnutelnosti.sk/detail/JugyDr-QQr5/expert-byvania-predaj-2-izbovy-byt-60m2-chrenova-vystavna-znalecky-posudok-v-cene","imagesUrls":["https://img.nehnutelnosti.sk/foto/NjAweDMzOC9maWx0ZXJzOnF1YWxpdHkoMTAwKS9uZWg=/1TMJ_93MS_fss?st=0UikcRkRaTwIu3MSbHX0ln9cLx8va3jf03uG3lGSF08&ts=1725013283&e=0"]},{"title":"EXPERT BÝVANIA - PREDAJ - 2 IZBOVÝ BYT - MURGAŠOVA - ZNALECKÝ POSUDOK ZDARMA","address":"MURGAŠOVA, Dubnica nad Váhom, okres Ilava","rooms":2,"meters":45,"totalPrice":93000,"meterSquarePrice":6,"link":"https://www.nehnutelnosti.sk/detail/Ju3MXF9Lt0z/expert-byvania-predaj-2-izbovy-byt-murgasova-znalecky-posudok-zdarma","imagesUrls":["https://img.nehnutelnosti.sk/foto/NjAweDMzOC9maWx0ZXJzOnF1YWxpdHkoMTAwKS9uZWg=/Sy7e3Jz4v_fss?st=qpjeraA86u4yQRcIV3zpr5_L5EbWBld_OBOu3myY0bM&ts=1725122310&e=0"]},{"title":"EXPERT BYVANIA - PREDAJ - 3 IZBOVÝ BYT - CENTRUM - ZNALECKÝ POSUDOK ZDARMA","address":"Obrancov mieru, Púchov, okres Púchov","rooms":3,"meters":64,"totalPrice":120000,"meterSquarePrice":5,"link":"https://www.nehnutelnosti.sk/detail/JuctVmewF5z/expert-byvania-predaj-3-izbovy-byt-centrum-znalecky-posudok-zdarma","imagesUrls":["https://img.nehnutelnosti.sk/foto/NjAweDMzOC9maWx0ZXJzOnF1YWxpdHkoMTAwKS9uZWg=/qc55NbALB_fss?st=awfivG_9GRMnDnX2HYqcuSR7RUS0yUbB9rp91lk9-4I&ts=1725129513&e=0"]},{"title":"EXPERT BYVANIA - PREDAJ - 3IZBOVY BYT - SNP - ZNALECKY POSUDOK ZDARMA","address":"Považská Bystrica, okres Považská Bystrica","rooms":3,"meters":69,"totalPrice":null,"meterSquarePrice":null,"link":"https://www.nehnutelnosti.sk/detail/JuiMXj2rFip/expert-byvania-predaj-3izbovy-byt-snp-znalecky-posudok-zdarma","imagesUrls":["https://img.nehnutelnosti.sk/foto/NjAweDMzOC9maWx0ZXJzOnF1YWxpdHkoMTAwKS9uZWg=/1FiDvRvmH_fss?st=81JEcICho1IL_zmmoKHuame7xx0hv1L4AWi34lHOXe8&ts=1725129517&e=0"]},{"title":"EXPERT BÝVANIA - 1 IZBOVÝ BYT - ZNALECKÝ POSUDOK V CENE","address":"SELYEHO, Komárno, okres Komárno","rooms":1,"meters":35,"totalPrice":54000,"meterSquarePrice":6,"link":"https://www.nehnutelnosti.sk/detail/JuJSpZtOdT8/expert-byvania-1-izbovy-byt-znalecky-posudok-v-cene","imagesUrls":["https://img.nehnutelnosti.sk/foto/NjAweDMzOC9maWx0ZXJzOnF1YWxpdHkoMTAwKS9uZWg=/NSQlmQjCJ_fss?st=zkhSJhKrpUIVmMzlTGcmM-qV_As1DMamefWBT6ZoKcw&ts=1723228564&e=0"]},{"title":"EXPERT BÝVANIA - 2 IZBOVÝ BYT -  MIEROVÉ NÁMESTIE - ZNALECKÝ POSUDOK V CENE","address":"Mierové námestie, Nová Dubnica, okres Ilava","rooms":2,"meters":52,"totalPrice":117900,"meterSquarePrice":1,"link":"https://www.nehnutelnosti.sk/detail/JuQuJOxJhsl/expert-byvania-2-izbovy-byt-mierove-namestie-znalecky-posudok-v-cene","imagesUrls":["https://img.nehnutelnosti.sk/foto/NjAweDMzOC9maWx0ZXJzOnF1YWxpdHkoMTAwKS9uZWg=/wwKbAIiWY_fss?st=UV7ZiUS5JtlbRohd7AlTY2hOSORxLa43hwjduSm7yr0&ts=1724679534&e=0"]},{"title":"EXPERT BÝVANIA - PREDAJ - 2IZBOVÝ BYT - LESNÁ - 2X BALKÓN - ZNALECKÝ POSUDOK","address":"Lesná, Nitra, okres Nitra","rooms":2,"meters":63,"totalPrice":152900,"meterSquarePrice":8,"link":"https://www.nehnutelnosti.sk/detail/Ju_95cWKazA/expert-byvania-predaj-2izbovy-byt-lesna-2x-balkon-znalecky-posudok","imagesUrls":["https://img.nehnutelnosti.sk/foto/NjAweDMzOC9maWx0ZXJzOnF1YWxpdHkoMTAwKS9uZWg=/UvR0fBxSbE_fss?st=1l2k_XtEXwoqxc1kkY-RhEyaaBczTBRREsDt0YyFK9I&ts=1724697101&e=0"]},{"title":"EXPERT BÝVANIA - 3 IZBOVÝ BYT -  KOMLET REKONŠTRUKCIA - 84m2 - ZNALECKÝ POSUDOK V CENE","address":"VÝSTAVNÁ, Nitra, okres Nitra","rooms":3,"meters":84,"totalPrice":null,"meterSquarePrice":null,"link":"https://www.nehnutelnosti.sk/detail/JudMLKtFVzM/expert-byvania-3-izbovy-byt-komlet-rekonstrukcia-84m2-znalecky-posudok-v-cene","imagesUrls":["https://img.nehnutelnosti.sk/foto/NjAweDMzOC9maWx0ZXJzOnF1YWxpdHkoMTAwKS9uZWg=/9e8tAYFwa_fss?st=izf6hjfyTMiM74bCtDMFiB1Wsca8sbR8oApLgLWa46w&ts=1726671690&e=0"]},{"title":"EXPERT BÝVANIA - 1 IZBOVÝ BYT - HORNOPOTOČNÁ - ZNALECKÝ POSUDOK V CENE","address":"HORNOPOTOČNÁ, Trnava, okres Trnava","rooms":1,"meters":52,"totalPrice":null,"meterSquarePrice":null,"link":"https://www.nehnutelnosti.sk/detail/JujON5TsecX/expert-byvania-1-izbovy-byt-hornopotocna-znalecky-posudok-v-cene","imagesUrls":["https://img.nehnutelnosti.sk/foto/NjAweDMzOC9maWx0ZXJzOnF1YWxpdHkoMTAwKS9uZWg=/mu8F66-C7_fss?st=D5KKq_M8M15649JiF2Ylpyhf9YpwOjqsJTKU-vLtRiY&ts=1723228567&e=0"]},{"title":"EXPERT BÝVANIA - 1 IZBOVÝ BYT - AJ INVESTIČNE - ZNALECKÝ POSUDOK V CENE","address":"Mládežnícka, Považská Bystrica, okres Považská Bystrica","rooms":1,"meters":36,"totalPrice":74900,"meterSquarePrice":6,"link":"https://www.nehnutelnosti.sk/detail/JuCef2qJP37/expert-byvania-1-izbovy-byt-aj-investicne-znalecky-posudok-v-cene","imagesUrls":["https://img.nehnutelnosti.sk/foto/NjAweDMzOC9maWx0ZXJzOnF1YWxpdHkoMTAwKS9uZWg=/_S2NBhCV2_fss?st=V1O-VwuqD0fqMhc7KhQF_rveROuAAah2ub_eWTcuPfY&ts=1723629992&e=0"]},{"title":"EXPERT BÝVANIA - PREDAJ - 2 IZBOVÝ BYT - ZNALECKÝ POSUDOK V CENE","address":"Štúrova, Považská Bystrica, okres Považská Bystrica","rooms":2,"meters":63,"totalPrice":99500,"meterSquarePrice":7,"link":"https://www.nehnutelnosti.sk/detail/JuGeKYQodIR/expert-byvania-predaj-2-izbovy-byt-znalecky-posudok-v-cene","imagesUrls":["https://img.nehnutelnosti.sk/foto/NjAweDMzOC9maWx0ZXJzOnF1YWxpdHkoMTAwKS9uZWg=/WoM3FBfcI_fss?st=G5rzGg_UZVsPD9Xhur6_HKA_J1AZ93ZL1x_McbGtyHY&ts=1723228563&e=0"]},{"title":"EXPERT BÝVANIA - 4 IZBOVÝ BYT - KOMPLETKA - VAJANSKÉHO - ZNALECKÝ POSUDOK V CENE","address":"VAJANSKÉHO, Trnava, okres Trnava","rooms":4,"meters":90,"totalPrice":null,"meterSquarePrice":null,"link":"https://www.nehnutelnosti.sk/detail/Ju68YA4Dp3Q/expert-byvania-4-izbovy-byt-kompletka-vajanskeho-znalecky-posudok-v-cene","imagesUrls":["https://img.nehnutelnosti.sk/foto/NjAweDMzOC9maWx0ZXJzOnF1YWxpdHkoMTAwKS9uZWg=/jdqnQgYuU_fss?st=qx4OpvAl40XC_nnPfzIk87hY2vbFRQNBo7hLf4GCakU&ts=1724679534&e=0"]}]