[{"title":"PREDAJ: 2 izbový byt - 49m2, Ružomberok - Polík","address":"Štefana Moyzesa, Ružomberok, okres Ružomberok","rooms":2,"meters":null,"totalPrice":null,"meterSquarePrice":null,"link":"https://www.nehnutelnosti.sk/detail/JusyJsg6Guz/predaj-2-izbovy-byt-49m2-ruzomberok-polik","imagesUrls":["https://img.nehnutelnosti.sk/foto/NjAweDMzOC9maWx0ZXJzOnF1YWxpdHkoMTAwKS9uZWg=/iYJYzeDViw_fss?st=ZiB8NfcSQmDfUHFvg6QrjpIm93uMDFUSaxtbhp9VIsM&ts=1725978587&e=0"]},{"title":"1-izb REKREAČNÝ APARTMÁN VYSOKÉ TATRY-TATRANSKÁ ŠTRBA 66,38m2","address":"Tatranská Štrba, Vysoké Tatry, okres Poprad","rooms":1,"meters":52,"totalPrice":233400,"meterSquarePrice":0,"link":"https://www.nehnutelnosti.sk/detail/JuKBll9vQLC/1-izb-rekreacny-apartman-vysoke-tatry-tatranska-strba-66-38m2","imagesUrls":["https://img.nehnutelnosti.sk/foto/NjAweDMzOC9maWx0ZXJzOnF1YWxpdHkoMTAwKS9uZWg=/BqTmtN2nRR_fss?st=7whAsqMRIwRV0nY64dnXfPNsrq5oMnQieQXs-Gt2q_k&ts=1726232074&e=0"]},{"title":"Predaj: apartmán 60 m2 + 15 m2 terasa, Liptovský Mikuláš","address":"Kpt. Nálepku, Liptovský Mikuláš, okres Liptovský Mikuláš","rooms":1,"meters":60,"totalPrice":163000,"meterSquarePrice":7,"link":"https://www.nehnutelnosti.sk/detail/JufbBHYx-coz/predaj-apartman-60-m2-15-m2-terasa-liptovsky-mikulas","imagesUrls":["https://img.nehnutelnosti.sk/foto/NjAweDMzOC9maWx0ZXJzOnF1YWxpdHkoMTAwKS9uZWg=/SiJ71N0W2_fss?st=67ptMJVeto_kWSJf3vezb7Z77AGWOv2nsv6TqHor1Ds&ts=1702147311&e=0"]},{"title":"Na predaj 3-izb. byt na Brezovci, ul. Dukelských hrdinov, 73m2","address":"Dukelských hrdinov, Dolný Kubín, okres Dolný Kubín","rooms":3,"meters":72,"totalPrice":154000,"meterSquarePrice":9,"link":"https://www.nehnutelnosti.sk/detail/JuSHBDP1Wc0/na-predaj-3-izb-byt-na-brezovci-ul-dukelskych-hrdinov-73m2","imagesUrls":["https://img.nehnutelnosti.sk/foto/NjAweDMzOC9maWx0ZXJzOnF1YWxpdHkoMTAwKS9uZWg=/WyryYS3bt_fss?st=zMuLmeeAxa_2qwMjHhoUPTpvMMemB8VbY2ZKWj34BtI&ts=1725013127&e=0"]},{"title":"PREDAJ: 3 izb. byt s lodžiou, 69m2, ul. Starohorská, časť Sásová - B.B","address":"Starohorská, Banská Bystrica, okres Banská Bystrica","rooms":3,"meters":69,"totalPrice":156000,"meterSquarePrice":7,"link":"https://www.nehnutelnosti.sk/detail/Ju87UDhQQJ-/predaj-3-izb-byt-s-lodziou-69m2-ul-starohorska-cast-sasova-b-b","imagesUrls":["https://img.nehnutelnosti.sk/foto/NjAweDMzOC9maWx0ZXJzOnF1YWxpdHkoMTAwKS9uZWg=/x0AjBkp2g_fss?st=JRDC9tJ05AIWpacZe_836axOiz8YNlvcE-h_pTsVWLk&ts=1725625762&e=0"]},{"title":"PREDAJ: TEHLOVÝ 2,5 izb. byt s balkónom, 64 m2 SÍDLISKO - B. Bystrica","address":"Sídlisko, Banská Bystrica, okres Banská Bystrica","rooms":2,"meters":64,"totalPrice":149000,"meterSquarePrice":3,"link":"https://www.nehnutelnosti.sk/detail/JuOHXiZr91i/predaj-tehlovy-2-5-izb-byt-s-balkonom-64-m2-sidlisko-b-bystrica","imagesUrls":["https://img.nehnutelnosti.sk/foto/NjAweDMzOC9maWx0ZXJzOnF1YWxpdHkoMTAwKS9uZWg=/kBrnP8oLiL_fss?st=-MT51o9dht4_YM4ik4rAv3Mcn720DhDGndZeTLQEwQI&ts=1726505251&e=0"]},{"title":"PREDAJ: 1 izb. byt 39 m2, Okružná ulica, Fončorda, B. Bystrica","address":"Okružná, Banská Bystrica, okres Banská Bystrica","rooms":1,"meters":38,"totalPrice":77000,"meterSquarePrice":8,"link":"https://www.nehnutelnosti.sk/detail/JufDnmGkl0e/predaj-1-izb-byt-39-m2-okruzna-ulica-foncorda-b-bystrica","imagesUrls":["https://img.nehnutelnosti.sk/foto/NjAweDMzOC9maWx0ZXJzOnF1YWxpdHkoMTAwKS9uZWg=/OWwwNHftjx_fss?st=k7y6uv5wpFEa5WlYtr765Bv5xC2APgypMCf0qI4pwaU&ts=1725625759&e=0"]},{"title":"4-izb. REKREAČNÝ APARTMÁN VYSOKÉ TATRY TATRANSKÁ ŠTRBA 119,84m2","address":"Tatranská Štrba, Vysoké Tatry, okres Poprad","rooms":4,"meters":103,"totalPrice":382800,"meterSquarePrice":6,"link":"https://www.nehnutelnosti.sk/detail/Ju1XCsZjKEk/4-izb-rekreacny-apartman-vysoke-tatry-tatranska-strba-119-84m2","imagesUrls":["https://img.nehnutelnosti.sk/foto/NjAweDMzOC9maWx0ZXJzOnF1YWxpdHkoMTAwKS9uZWg=/cQZlS0uQsX_fss?st=yiTRHUPRstC91PvYLw-Gt5ffrDrvDcYbK6pQPUjQJY4&ts=1726232079&e=0"]},{"title":"2-IZBOVÝ INVESTIČNÝ APARTMÁN VYSOKÉ TATRY TATRANSKÁ ŠTRBA 62,28 m2","address":"Tatranská Štrba, Vysoké Tatry, okres Poprad","rooms":2,"meters":53,"totalPrice":242000,"meterSquarePrice":4,"link":"https://www.nehnutelnosti.sk/detail/JuZskexAH-t/2-izbovy-investicny-apartman-vysoke-tatry-tatranska-strba-62-28-m2","imagesUrls":["https://img.nehnutelnosti.sk/foto/NjAweDMzOC9maWx0ZXJzOnF1YWxpdHkoMTAwKS9uZWg=/0T4_P4yoo_fss?st=7R4HRhzns5DQC6YklpC6j8KpS8dm4Rez966J0IgZMQ0&ts=1726593630&e=0"]},{"title":"Predaj 2 izbový byt Trhovište","address":"Trhovište, Trhovište, okres Michalovce","rooms":2,"meters":67,"totalPrice":46990,"meterSquarePrice":5,"link":"https://www.nehnutelnosti.sk/detail/JuntG9mIlhc/predaj-2-izbovy-byt-trhoviste","imagesUrls":["https://img.nehnutelnosti.sk/foto/NjAweDMzOC9maWx0ZXJzOnF1YWxpdHkoMTAwKS9uZWg=/UsnJojNcex_fss?st=loeVhZ3_83g0hnTjpbG9k44lT479yk7r-dm0ZjQd6xo&ts=1692186405&e=0"]},{"title":"PREDAJ, „šikovná“, garsónka, Železničná, SENICA","address":"Senica, okres Senica","rooms":null,"meters":21,"totalPrice":49000,"meterSquarePrice":3,"link":"https://www.nehnutelnosti.sk/detail/JulzFbr3rQr/predaj-sikovna-garsonka-zeleznicna-senica","imagesUrls":["https://img.nehnutelnosti.sk/foto/NjAweDMzOC9maWx0ZXJzOnF1YWxpdHkoMTAwKS9uZWg=/haIVeuEnG_fss?st=xMlUUCQ7n5jUHPinIqvioqYCjlKCCWpU3VQCMUnCsAo&ts=1683366376&e=0"]},{"title":"Novostavba 3- izbový byt s parkovacim miestom","address":"Mikušovce, Ilava, okres Ilava","rooms":3,"meters":65,"totalPrice":116700,"meterSquarePrice":8,"link":"https://www.nehnutelnosti.sk/detail/Ju0io35wQ5t/novostavba-3-izbovy-byt-s-parkovacim-miestom","imagesUrls":["https://img.nehnutelnosti.sk/foto/NjAweDMzOC9maWx0ZXJzOnF1YWxpdHkoMTAwKS9uZWg=/YQtswQhZK_fss?st=TuC6bHW7waDpxtqKqF7U01uhmUir_Y-NsQKNcoTMYQY&ts=1690197446&e=0"]},{"title":"Byty v Novostavbe na predaj v obci Mikušovce","address":"Mikušovce, Ilava, okres Ilava","rooms":2,"meters":50,"totalPrice":105000,"meterSquarePrice":0,"link":"https://www.nehnutelnosti.sk/detail/Ju2b1lLxWrK/byty-v-novostavbe-na-predaj-v-obci-mikusovce","imagesUrls":["https://img.nehnutelnosti.sk/foto/NjAweDMzOC9maWx0ZXJzOnF1YWxpdHkoMTAwKS9uZWg=/eFLIkXHaB_fss?st=nMMfTP1u0s811GFz5e8PL-40cFL48fiWI2u-ct1n4LQ&ts=1721131095&e=0"]},{"title":"Predaj 3 izbového bytu - Levice 052-113-DUJU","address":"Zdenka Nejedlého, Levice, okres Levice","rooms":3,"meters":62,"totalPrice":77900,"meterSquarePrice":5,"link":"https://www.nehnutelnosti.sk/detail/JuoWXp2zRPU/predaj-3-izboveho-bytu-levice-052-113-duju","imagesUrls":["https://img.nehnutelnosti.sk/foto/NjAweDMzOC9maWx0ZXJzOnF1YWxpdHkoMTAwKS9uZWg=/bTADPr_QD_fss?st=riD_Xgi69MJcoXQ7LGfSAHxdKgGBm-vKFO1MnrkCUnQ&ts=1687459617&e=0"]},{"title":"3 - izbový byt TOP lokalita Nitra - Chrenová - Nábrežie mládeže ID 393-13-MIG","address":"Nábrežie Mládeže, Nitra, okres Nitra","rooms":3,"meters":74,"totalPrice":180000,"meterSquarePrice":3,"link":"https://www.nehnutelnosti.sk/detail/JuyynRFWkHi/3-izbovy-byt-top-lokalita-nitra-chrenova-nabrezie-mladeze-id-393-13-mig","imagesUrls":["https://img.nehnutelnosti.sk/foto/NjAweDMzOC9maWx0ZXJzOnF1YWxpdHkoMTAwKS9uZWg=/I1xX0xNjK_fss?st=WfAaroSZK_t-hKDhh7GmW_usjmMv4OHiAk1AB8o6PEE&ts=1686304002&e=0"]},{"title":"2-izbový byt na predaj Nitra-Klokočina (050-112-JUPAE)","address":"Bellova, Nitra, okres Nitra","rooms":2,"meters":68,"totalPrice":115000,"meterSquarePrice":8,"link":"https://www.nehnutelnosti.sk/detail/Ju-NeHMSquy/2-izbovy-byt-na-predaj-nitra-klokocina-050-112-jupae","imagesUrls":["https://img.nehnutelnosti.sk/foto/NjAweDMzOC9maWx0ZXJzOnF1YWxpdHkoMTAwKS9uZWg=/iIGH9IBj2_fss?st=mjLcAs4Wf9jSpsSxNtEtkYD_C4zXMZ-dj1eD8F2Exl4&ts=1680719493&e=0"]},{"title":"ZNÍŽENÁ CENA  Slnečný 3-izbový byt so zasklenou loggiou v Revúcej - NA PREDAJ","address":"Revúca, okres Revúca","rooms":3,"meters":66,"totalPrice":49990,"meterSquarePrice":0,"link":"https://www.nehnutelnosti.sk/detail/Ju5CWsdCtQW/znizena-cena-slnecny-3-izbovy-byt-so-zasklenou-loggiou-v-revucej-na-predaj","imagesUrls":["https://img.nehnutelnosti.sk/foto/NjAweDMzOC9maWx0ZXJzOnF1YWxpdHkoMTAwKS9uZWg=/BXLVMoRqL_fss?st=YZ79AoBJi7cQxAJ3AkEBr9-7HRPjdX3ME5a6_O3bA2c&ts=1717083176&e=0"]},{"title":"2-IZB.BYT Kirejevská RIMAVSKÁ SOBOTA - PREDAJ / VÝMENA","address":"Rimavská Sobota, okres Rimavská Sobota","rooms":2,"meters":53,"totalPrice":63000,"meterSquarePrice":3,"link":"https://www.nehnutelnosti.sk/detail/Ju9XBtpnaBA/2-izb-byt-kirejevska-rimavska-sobota-predaj-vymena","imagesUrls":["https://img.nehnutelnosti.sk/foto/NjAweDMzOC9maWx0ZXJzOnF1YWxpdHkoMTAwKS9uZWg=/IguAqHR5b_fss?st=27Nt3s80Lyvvq8sEASByo7ZwvxgCBMjJOEoKrsxbrY0&ts=1688803292&e=0"]},{"title":"2-IZBOVÝ BYT S BALKÓNOM V OPATOVEJ - NA PREDAJ","address":"Lučenec, okres Lučenec","rooms":2,"meters":70,"totalPrice":74900,"meterSquarePrice":1,"link":"https://www.nehnutelnosti.sk/detail/Juv2og65FEL/2-izbovy-byt-s-balkonom-v-opatovej-na-predaj","imagesUrls":["https://img.nehnutelnosti.sk/foto/NjAweDMzOC9maWx0ZXJzOnF1YWxpdHkoMTAwKS9uZWg=/sNJO9dzZf_fss?st=WaAHNMH_IhUTcTRalETPn_VsRE94yygjq4m_xmCYQfg&ts=1692615675&e=0"]},{"title":"ZNÍŽENÁ CENA  3-IZBOVÝ BYT S BALKÓNOM, REVÚCA - EXKLUZÍVNE NA PREDAJ","address":"Revúca, okres Revúca","rooms":3,"meters":66,"totalPrice":63000,"meterSquarePrice":1,"link":"https://www.nehnutelnosti.sk/detail/Ju1slQkheYW/znizena-cena-3-izbovy-byt-s-balkonom-revuca-exkluzivne-na-predaj","imagesUrls":["https://img.nehnutelnosti.sk/foto/NjAweDMzOC9maWx0ZXJzOnF1YWxpdHkoMTAwKS9uZWg=/WwAHGQnuv_fss?st=LBa8JSG3QTwrbzwO_zHefBUy2vZtFJOhUJf_DcAvZn4&ts=1692725508&e=0"]},{"title":"Predaj 3-izbového bytu s predzáhradkou v centre Košíc","address":"Alvinczyho, Košice I - Staré Mesto, okres Košice","rooms":3,"meters":86,"totalPrice":349900,"meterSquarePrice":0,"link":"https://www.nehnutelnosti.sk/detail/JukrcKY7v7y/predaj-3-izboveho-bytu-s-predzahradkou-v-centre-kosic","imagesUrls":["https://img.unitedclassifieds.sk/foto/NjAweDMzOC9maWx0ZXJzOnF1YWxpdHkoMTAwKS9qdWw=/_4PoHGOCH_fss?st=rA51s8AUljeOEC94fNUuoCzCU1mwZiBm_OJ_KQptjVg&ts=1718201125&e=0"]},{"title":"Predaj 4-izbového bytu s balkónom v centre Košíc","address":"Alvinczyho, Košice I - Staré Mesto, okres Košice","rooms":4,"meters":100,"totalPrice":422900,"meterSquarePrice":9,"link":"https://www.nehnutelnosti.sk/detail/Juhkth-gC23/predaj-4-izboveho-bytu-s-balkonom-v-centre-kosic","imagesUrls":["https://img.unitedclassifieds.sk/foto/NjAweDMzOC9maWx0ZXJzOnF1YWxpdHkoMTAwKS9qdWw=/Tg7SI3gTW_fss?st=rPba3FhMm120VesPnmTltTHWOu1GcrpHvCd1a0S5Myw&ts=1718201919&e=0"]},{"title":"Nadštandardný 4-izbový byt s balkónom a výhľadom","address":"Alvinczyho, Košice I - Staré Mesto, okres Košice","rooms":4,"meters":95,"totalPrice":444900,"meterSquarePrice":6,"link":"https://www.nehnutelnosti.sk/detail/JuulUu8nitR/nadstandardny-4-izbovy-byt-s-balkonom-a-vyhladom","imagesUrls":["https://img.unitedclassifieds.sk/foto/NjAweDMzOC9maWx0ZXJzOnF1YWxpdHkoMTAwKS9qdWw=/Wif3VpfIJ_fss?st=LaKQhAxYMLUx6SzLxiGIiPp1mS86Wap9z_7lGx2EZWk&ts=1713540863&e=0"]},{"title":"Veľkometrážny 5-izbový byt v tichej lokalite 101-115-MACHO","address":"Trenčín, okres Trenčín","rooms":5,"meters":180,"totalPrice":246000,"meterSquarePrice":7,"link":"https://www.nehnutelnosti.sk/detail/JuMEcubM4Lo/velkometrazny-5-izbovy-byt-v-tichej-lokalite-101-115-macho","imagesUrls":["https://img.nehnutelnosti.sk/foto/NjAweDMzOC9maWx0ZXJzOnF1YWxpdHkoMTAwKS9uZWg=/oarqAFBRi1_fss?st=n8skUcTXuwN2wYyKwsAHiQQuPBhM14JXAZ_L0Es8fTU&ts=1723442501&e=0"]},{"title":"Predaj: 3izb byt, 69m2, Kysucké Nové Mesto (805-113-JAS)","address":"Kysucké Nové Mesto, Kysucké Nové Mesto, okres Kysucké Nové Mesto","rooms":3,"meters":72,"totalPrice":142800,"meterSquarePrice":3,"link":"https://www.nehnutelnosti.sk/detail/Ju5KCUJMRVK/predaj-3izb-byt-69m2-kysucke-nove-mesto-805-113-jas","imagesUrls":["https://img.nehnutelnosti.sk/foto/NjAweDMzOC9maWx0ZXJzOnF1YWxpdHkoMTAwKS9uZWg=/mRcJ2QRoO_fss?st=EW3kuQdMQYlMs-yge1daxpunqMHCP-RY4wg28wwt86E&ts=1661957532&e=0"]},{"title":"PREDAJ - 3i.byt, 84m², Dlhá ul. - Nitra (749-113-IK)","address":"Dlhá, Nitra, okres Nitra","rooms":3,"meters":84,"totalPrice":138500,"meterSquarePrice":1,"link":"https://www.nehnutelnosti.sk/detail/JulPHT98wYH/predaj-3i-byt-84m-dlha-ul-nitra-749-113-ik","imagesUrls":["https://img.nehnutelnosti.sk/foto/NjAweDMzOC9maWx0ZXJzOnF1YWxpdHkoMTAwKS9uZWg=/9UIJDqy_I_fss?st=S-DJ09PzuAe0gFB9haaJs64m7aVzwrjHF66zUq-URJg&ts=1720941274&e=0"]},{"title":"Predaj 2 izbového bytu - Šahy (014-112-PEKR)","address":"K. Mikszátha, Šahy, okres Levice","rooms":2,"meters":53,"totalPrice":43500,"meterSquarePrice":5,"link":"https://www.nehnutelnosti.sk/detail/JuVUzUYW2_i/predaj-2-izboveho-bytu-sahy-014-112-pekr","imagesUrls":["https://img.nehnutelnosti.sk/foto/NjAweDMzOC9maWx0ZXJzOnF1YWxpdHkoMTAwKS9uZWg=/j3VwC7if-e_fss?st=JGlmQAF4LJXTe5JEVTAK5eZu8GTNrK7-bVSH_uFFLuw&ts=1698879913&e=0"]},{"title":"Luxusný zariadený byt s garážovým parkovaním","address":"Trenčín, okres Trenčín","rooms":2,"meters":55,"totalPrice":151000,"meterSquarePrice":5,"link":"https://www.nehnutelnosti.sk/detail/JuDH8ULcZ44/luxusny-zariadeny-byt-s-garazovym-parkovanim","imagesUrls":["https://img.nehnutelnosti.sk/foto/NjAweDMzOC9maWx0ZXJzOnF1YWxpdHkoMTAwKS9uZWg=/pES6tN9rI_fss?st=NNQ-kUAT-CnSyBnVqpwCdKphq-ppkR0eaNox-uUoblY&ts=1723450131&e=0"]},{"title":"2-izbovy byt v Rožňave","address":"Rožňava, okres Rožňava","rooms":2,"meters":54,"totalPrice":60900,"meterSquarePrice":8,"link":"https://www.nehnutelnosti.sk/detail/Ju-LwZZvoRJ/2-izbovy-byt-v-roznave","imagesUrls":["https://img.nehnutelnosti.sk/foto/NjAweDMzOC9maWx0ZXJzOnF1YWxpdHkoMTAwKS9uZWg=/78d9KKJuX_fss?st=XdTUK3JM9OaxbH-ECPKgn9h5GpkA9QrWX7yD3N0bJQ0&ts=1724271678&e=0"]},{"title":"Posledný apartmán - 3D obhliadka!! - Predaj - 3 izbový apartmán (2+1) - Omastiná - 026-112-LUGU","address":"Omastiná, okres Bánovce nad Bebravou","rooms":3,"meters":60,"totalPrice":79800,"meterSquarePrice":0,"link":"https://www.nehnutelnosti.sk/detail/JumtTXpl_Tw/posledny-apartman-3d-obhliadka-predaj-3-izbovy-apartman-2-1-omastina-026-112-lugu","imagesUrls":["https://img.nehnutelnosti.sk/foto/NjAweDMzOC9maWx0ZXJzOnF1YWxpdHkoMTAwKS9uZWg=/sVWY2pd6V_fss?st=ecC9U7AcS3kl_UxpqQPLmAW0XdZQDOgrgyPQ1tE76jE&ts=1695802694&e=0"]}]