[{"title":"GRAFT ponúka 2-gars. ul. Vlčie hrdlo","address":"Vlčie hrdlo, Bratislava II - Ružinov, okres Bratislava","rooms":null,"meters":42,"totalPrice":140000,"meterSquarePrice":3,"link":"https://www.nehnutelnosti.sk/detail/Ju8FoOuQ6j9/graft-ponuka-2-gars-ul-vlcie-hrdlo","imagesUrls":["https://img.unitedclassifieds.sk/foto/NjAweDMzOC9maWx0ZXJzOnF1YWxpdHkoMTAwKS9qdWw=/Us0fVJI2i_fss?st=vobPHI-85L8MBnVBb1eHqKS1lQiBDjfFy25EKiVMOpk&ts=1725608264&e=0"]},{"title":"Predáme veľký 3-izb. byt na Andrusovova ul.","address":"Andrusovova, Bratislava V - Petržalka, okres Bratislava","rooms":3,"meters":70,"totalPrice":205000,"meterSquarePrice":7,"link":"https://www.nehnutelnosti.sk/detail/JuWEXo4TTNw/predame-velky-3-izb-byt-na-andrusovova-ul","imagesUrls":["https://img.unitedclassifieds.sk/foto/NjAweDMzOC9maWx0ZXJzOnF1YWxpdHkoMTAwKS9qdWw=/WlDg3KOgB_fss?st=72Y3zEnS6yuRZQGVJcV9RFqR6vhj2HE4VghMrnBKJWM&ts=1725959598&e=0"]},{"title":"GRAFT ponúka 4-izb. byt Brančská ul.","address":"Brančská, Bratislava V - Petržalka, okres Bratislava","rooms":4,"meters":83,"totalPrice":235000,"meterSquarePrice":3,"link":"https://www.nehnutelnosti.sk/detail/JueQWvnk8F6/graft-ponuka-4-izb-byt-brancska-ul","imagesUrls":["https://img.unitedclassifieds.sk/foto/NjAweDMzOC9maWx0ZXJzOnF1YWxpdHkoMTAwKS9qdWw=/kLQaf5l63_fss?st=rGA0vqvnvVzZctM0nupSiprp2WGpR1eD6J7ZZ_j43EI&ts=1725954985&e=0"]},{"title":"Ponúkame 1-gars. Škultétyho ul.","address":"Škultétyho, Bratislava III - Nové Mesto, okres Bratislava","rooms":null,"meters":14,"totalPrice":90000,"meterSquarePrice":7,"link":"https://www.nehnutelnosti.sk/detail/Jutl-29nbHM/ponukame-1-gars-skultetyho-ul","imagesUrls":["https://img.unitedclassifieds.sk/foto/NjAweDMzOC9maWx0ZXJzOnF1YWxpdHkoMTAwKS9qdWw=/TEjT3JZX9_fss?st=_FdLwZi9vORYbLou1wQ3gkmMdz3LEg357Y2v-uhDMCI&ts=1725525984&e=0"]},{"title":"RK-GRAFT ponúka 1-gars. Doležalová ul.","address":"Doležalova, Bratislava II - Ružinov, okres Bratislava","rooms":null,"meters":25,"totalPrice":123000,"meterSquarePrice":0,"link":"https://www.nehnutelnosti.sk/detail/Jukl2bnljEx/rk-graft-ponuka-1-gars-dolezalova-ul","imagesUrls":["https://img.unitedclassifieds.sk/foto/NjAweDMzOC9maWx0ZXJzOnF1YWxpdHkoMTAwKS9qdWw=/kn4n035rC_fss?st=eAuhAT0ZmOYo6J-3M5ODnqB8DwjM5L31CoJZCx0DPek&ts=1726054083&e=0"]},{"title":"GRAFT ponúkame 2-gars. Závodná ul.","address":"Závodná, Bratislava II - Podunajské Biskupice, okres Bratislava","rooms":null,"meters":36,"totalPrice":124900,"meterSquarePrice":4,"link":"https://www.nehnutelnosti.sk/detail/Ju6bULFQ5pa/graft-ponukame-2-gars-zavodna-ul","imagesUrls":["https://img.unitedclassifieds.sk/foto/NjAweDMzOC9maWx0ZXJzOnF1YWxpdHkoMTAwKS9qdWw=/Rq-BvQ9hL_fss?st=zdVxtaQNvcmf8EtiezNZL8zI0yZz2zN8w_5RdBIiSJs&ts=1725605890&e=0"]},{"title":"Time4Dreams | POSLEDNÝ VOĽNÝ 1 IZBOVÝ BYT | VEĽKÉ RIPŇANY | TOPOĽČANY","address":"Veľké Ripňany, Veľké Ripňany, okres Topoľčany","rooms":1,"meters":31,"totalPrice":69000,"meterSquarePrice":1,"link":"https://www.nehnutelnosti.sk/detail/JuODGSqX77U/time4dreams-posledny-volny-1-izbovy-byt-velke-ripnany-topolcany","imagesUrls":["https://img.nehnutelnosti.sk/foto/NjAweDMzOC9maWx0ZXJzOnF1YWxpdHkoMTAwKS9uZWg=/joQv_rGj6_fss?st=aLXf8b4yKI4oOwN6rSIdBfxse92Amxa67w_Wd6kVzxE&ts=1726432321&e=0"]},{"title":"Na predaj 2,5iz. byt v obci Boleráz časť Klčovany","address":"Klčovany, Boleráz, okres Trnava","rooms":2,"meters":58,"totalPrice":99000,"meterSquarePrice":0,"link":"https://www.nehnutelnosti.sk/detail/Ju1q4qJgLiW/na-predaj-2-5iz-byt-v-obci-boleraz-cast-klcovany","imagesUrls":["https://img.nehnutelnosti.sk/foto/NjAweDMzOC9maWx0ZXJzOnF1YWxpdHkoMTAwKS9uZWg=/bkZojmbmm_fss?st=zTfC8YBM18bhpraTmR81nedqeEOw2OJZineuhgVvFA8&ts=1726149668&e=0"]},{"title":"*PERFEKTNÁ PONUKA* 2 izbový byt SNP / Nové Mesto nad Váhom","address":"Nové Mesto nad Váhom, okres Nové Mesto nad Váhom","rooms":2,"meters":54,"totalPrice":97900,"meterSquarePrice":6,"link":"https://www.nehnutelnosti.sk/detail/Jucqow-mD-D/perfektna-ponuka-2-izbovy-byt-snp-nove-mesto-nad-vahom","imagesUrls":["https://img.nehnutelnosti.sk/foto/NjAweDMzOC9maWx0ZXJzOnF1YWxpdHkoMTAwKS9uZWg=/1OdEjb59p_fss?st=RJS1r7M0Nni8AmjBRYTZEXuPuJwiNQZnXX6tX6cJjEk&ts=1726238880&e=0"]},{"title":"*NA PREDAJ* Priestranný 3 izbový byt v pôvodnom stave Hlohovec","address":"Hlohová, Hlohovec, okres Hlohovec","rooms":3,"meters":66,"totalPrice":108000,"meterSquarePrice":5,"link":"https://www.nehnutelnosti.sk/detail/Jujat9XaXM-/na-predaj-priestranny-3-izbovy-byt-v-povodnom-stave-hlohovec","imagesUrls":["https://img.nehnutelnosti.sk/foto/NjAweDMzOC9maWx0ZXJzOnF1YWxpdHkoMTAwKS9uZWg=/2fM_D7qyS_fss?st=ZuZ_ygpBaSyckNTil3kznQprmyjLP9AzksT-w5nbsCo&ts=1726122111&e=0"]},{"title":"Na predaj 3iz. byt s loggiou v Trnave  , Mozartova ulica","address":"Mozartova, Trnava, okres Trnava","rooms":3,"meters":70,"totalPrice":170500,"meterSquarePrice":1,"link":"https://www.nehnutelnosti.sk/detail/JuRQQNxJbYp/na-predaj-3iz-byt-s-loggiou-v-trnave-mozartova-ulica","imagesUrls":["https://img.nehnutelnosti.sk/foto/NjAweDMzOC9maWx0ZXJzOnF1YWxpdHkoMTAwKS9uZWg=/_EphoSWJF_fss?st=-_9v1pF-ajsbFZDS0Wzr_1P1nkfwx-NuhxoSlLDizpM&ts=1726062462&e=0"]},{"title":"Na predaj 1iz. byt  bauring v Trnave na Družbe","address":"J. Slottu, Trnava, okres Trnava","rooms":1,"meters":29,"totalPrice":105000,"meterSquarePrice":9,"link":"https://www.nehnutelnosti.sk/detail/Ju5hx2HS_qR/na-predaj-1iz-byt-bauring-v-trnave-na-druzbe","imagesUrls":["https://img.nehnutelnosti.sk/foto/NjAweDMzOC9maWx0ZXJzOnF1YWxpdHkoMTAwKS9uZWg=/AC2LcbAP9_fss?st=mfBvufl57-wgUbW4UQvQn2Wlg8MIEXwstCGi-Ebee7Q&ts=1726062462&e=0"]},{"title":"Na predaj 3-izbový byt  v obci Boleráz časť Klčovany","address":"Klčovany, Boleráz, okres Trnava","rooms":3,"meters":73,"totalPrice":120000,"meterSquarePrice":4,"link":"https://www.nehnutelnosti.sk/detail/JugA0dCznKa/na-predaj-3-izbovy-byt-v-obci-boleraz-cast-klcovany","imagesUrls":["https://img.nehnutelnosti.sk/foto/NjAweDMzOC9maWx0ZXJzOnF1YWxpdHkoMTAwKS9uZWg=/qipZxFuY0X_fss?st=i-cFLfG0RMhAqo13_yvK2M6ivUu6rTNTeoFor46Gv8E&ts=1726133893&e=0"]},{"title":"Na predaj veľký 3iz. byt s 2 balkónmi v Senici (Sotiná)","address":"Gen . L . Svobodu, Senica, okres Senica","rooms":3,"meters":80,"totalPrice":115000,"meterSquarePrice":0,"link":"https://www.nehnutelnosti.sk/detail/JumDEFaZVjY/na-predaj-velky-3iz-byt-s-2-balkonmi-v-senici-sotina","imagesUrls":["https://img.nehnutelnosti.sk/foto/NjAweDMzOC9maWx0ZXJzOnF1YWxpdHkoMTAwKS9uZWg=/ITlw7Osms_fss?st=Av0elwoTvedvTIN8CMUDofrZUSnC-jxPuYTHyPCBgac&ts=1725892751&e=0"]},{"title":"Rezervované! EXKLUZÍVNE! Priestranný 2 izbový byt v TOP lokalite Nová Dubnica","address":"Nová Dubnica, Nová Dubnica, okres Ilava","rooms":2,"meters":69,"totalPrice":85000,"meterSquarePrice":8,"link":"https://www.nehnutelnosti.sk/detail/JuqEi2lb8Wm/rezervovane-exkluzivne-priestranny-2-izbovy-byt-v-top-lokalite-nova-dubnica","imagesUrls":["https://img.nehnutelnosti.sk/foto/NjAweDMzOC9maWx0ZXJzOnF1YWxpdHkoMTAwKS9uZWg=/mDGtOLHkU_fss?st=q-ECHLBx3uhpsfkBaJhokqflrlRiYAzrsOsQJjm-kqU&ts=1725911605&e=0"]},{"title":"PREDAJ: veľký podkrovný 2 izbový byt 66 m2 ul. L. Svobodu","address":"Ludvíka Svobodu, Poprad, okres Poprad","rooms":2,"meters":66,"totalPrice":115000,"meterSquarePrice":2,"link":"https://www.nehnutelnosti.sk/detail/JuGhfsQ8pfl/predaj-velky-podkrovny-2-izbovy-byt-66-m2-ul-l-svobodu","imagesUrls":["https://img.nehnutelnosti.sk/foto/NjAweDMzOC9maWx0ZXJzOnF1YWxpdHkoMTAwKS9uZWg=/0XO_GwBMB_fss?st=4hAcjVWkhUNGHVEkOn42m2FlSs3JhnnTEAaHy74icRg&ts=1725869038&e=0"]},{"title":"PREDAJ: 2+1 izb. apartmán 62 m2 s terasou 34 m2 Vysoké Tatry Horný Slavkov","address":"Horný Slavkov, Veľký Slavkov, okres Poprad","rooms":3,"meters":62,"totalPrice":175000,"meterSquarePrice":8,"link":"https://www.nehnutelnosti.sk/detail/Jui6ZNA8poo/predaj-2-1-izb-apartman-62-m2-s-terasou-34-m2-vysoke-tatry-horny-slavkov","imagesUrls":["https://img.nehnutelnosti.sk/foto/NjAweDMzOC9maWx0ZXJzOnF1YWxpdHkoMTAwKS9uZWg=/3S1Lc4uox_fss?st=o66yw1xc-lxZVhk1s-bjrBK4SDMVItY3hFpmErq7hBQ&ts=1725869026&e=0"]},{"title":"PREDAJ: 2 izbový byt 55 m2 v tehlovom dome ul. 9. mája","address":"9. mája, Svit, okres Poprad","rooms":2,"meters":66,"totalPrice":106000,"meterSquarePrice":6,"link":"https://www.nehnutelnosti.sk/detail/JubqMYet55E/predaj-2-izbovy-byt-55-m2-v-tehlovom-dome-ul-9-maja","imagesUrls":["https://img.nehnutelnosti.sk/foto/NjAweDMzOC9maWx0ZXJzOnF1YWxpdHkoMTAwKS9uZWg=/-Nicnzeo5M_fss?st=cuapYDKPMTKbRMJiLhh1HjkhRoREsVYXwLshbYvx_zc&ts=1725869024&e=0"]},{"title":"Na predaj 3 izbový byt na ulici Jána Hollého v Michalovciach","address":"Jána Hollého, Michalovce, okres Michalovce","rooms":3,"meters":76,"totalPrice":99000,"meterSquarePrice":3,"link":"https://www.nehnutelnosti.sk/detail/Ju_eVPdK_Nv/na-predaj-3-izbovy-byt-na-ulici-jana-holleho-v-michalovciach","imagesUrls":["https://img.nehnutelnosti.sk/foto/NjAweDMzOC9maWx0ZXJzOnF1YWxpdHkoMTAwKS9uZWg=/wmaWhq8tDB_fss?st=eKImdW9SLDV1sR-_ttvXHej9uYVuco8qVC_jvnGD_sA&ts=1725610896&e=0"]},{"title":"ZNÍŽENÁ CENA!!! Investičný 2 izbový byt Nová Dubnica","address":"Nová Dubnica, Nová Dubnica, okres Ilava","rooms":2,"meters":50,"totalPrice":1,"meterSquarePrice":2,"link":"https://www.nehnutelnosti.sk/detail/JuSD00HnG7n/znizena-cena-investicny-2-izbovy-byt-nova-dubnica","imagesUrls":["https://img.nehnutelnosti.sk/foto/NjAweDMzOC9maWx0ZXJzOnF1YWxpdHkoMTAwKS9uZWg=/vKhmYWoOX_fss?st=7Y0ytxMpDSqhMsmtM6ZjcMDIMaqE2nFuQ7HxdghYztc&ts=1725521759&e=0"]},{"title":"!TOP! Vhodný na investíciu 3 izbový byt Trenčín - Sihoť","address":"Sihoť, Trenčín, okres Trenčín","rooms":3,"meters":61,"totalPrice":123000,"meterSquarePrice":9,"link":"https://www.nehnutelnosti.sk/detail/JunAV2bx2ar/top-vhodny-na-investiciu-3-izbovy-byt-trencin-sihot","imagesUrls":["https://img.nehnutelnosti.sk/foto/NjAweDMzOC9maWx0ZXJzOnF1YWxpdHkoMTAwKS9uZWg=/n9WYUdci3_fss?st=TYG7IRweDqkyaAfQOLL__bJYsm06Xk2rF2Ry4boRGeE&ts=1724858624&e=0"]},{"title":"3 i byt Košice - Sídlisko Ťahanovce, Varšavská úľ., čiast. rek, loggia, zariadenie","address":"Varšavská, Košice I - Sídlisko Ťahanovce, okres Košice","rooms":3,"meters":80,"totalPrice":146000,"meterSquarePrice":5,"link":"https://www.nehnutelnosti.sk/detail/Juij1YwkBer/3-i-byt-kosice-sidlisko-tahanovce-varsavska-ul-ciast-rek-loggia-zariadenie","imagesUrls":["https://img.nehnutelnosti.sk/foto/NjAweDMzOC9maWx0ZXJzOnF1YWxpdHkoMTAwKS9uZWg=/xNF4ia5ci__fss?st=iVWKVo3GPb7F0DLSRR16EPZ2Jk0GLcTlk2qUAPk0yQ0&ts=1725014891&e=0"]},{"title":"Na predaj 2-izbový byt v prestížnej lokalite Hrádok, Michalovce","address":"Hrádok, Michalovce, okres Michalovce","rooms":2,"meters":71,"totalPrice":130000,"meterSquarePrice":9,"link":"https://www.nehnutelnosti.sk/detail/JuZMMxCJteS/na-predaj-2-izbovy-byt-v-prestiznej-lokalite-hradok-michalovce","imagesUrls":["https://img.nehnutelnosti.sk/foto/NjAweDMzOC9maWx0ZXJzOnF1YWxpdHkoMTAwKS9uZWg=/HTP52fPlz_fss?st=kt8g6dU87qUfRdt8TzfXOcquq7MuikN0rsLje3nwoVY&ts=1725280730&e=0"]},{"title":"Predaj 1 izbový byt Ostravská, Železníky","address":"Ostravská, Košice IV - Juh, okres Košice","rooms":1,"meters":36,"totalPrice":117000,"meterSquarePrice":0,"link":"https://www.nehnutelnosti.sk/detail/Ju3ZCdpJG0D/predaj-1-izbovy-byt-ostravska-zelezniky","imagesUrls":["https://img.nehnutelnosti.sk/foto/NjAweDMzOC9maWx0ZXJzOnF1YWxpdHkoMTAwKS9uZWg=/t3S3UoCGzf_fss?st=HNC96qvqolviBbhNgu7w8nTOA1XqiHwebsPjcI2GxHI&ts=1724762133&e=0"]},{"title":"Veľký 2iz. byt s  predzáhradkou v Hlohovci časť Šulekovo","address":"Šulekova, Hlohovec, okres Hlohovec","rooms":2,"meters":70,"totalPrice":175000,"meterSquarePrice":7,"link":"https://www.nehnutelnosti.sk/detail/Jup5XTTKmGB/velky-2iz-byt-s-predzahradkou-v-hlohovci-cast-sulekovo","imagesUrls":["https://img.nehnutelnosti.sk/foto/NjAweDMzOC9maWx0ZXJzOnF1YWxpdHkoMTAwKS9uZWg=/paTuWj1c4O_fss?st=T4w-g65LWSAwiEJygRMj2mWO1ypDt1m5BHm0XPHQyzE&ts=1724772145&e=0"]},{"title":"Na predaj 2iz. byt s balkónom  po  rekonštrukcii v Senici","address":"Palárikova, Senica, okres Senica","rooms":2,"meters":52,"totalPrice":108000,"meterSquarePrice":2,"link":"https://www.nehnutelnosti.sk/detail/Ju-2uoC9DJ5/na-predaj-2iz-byt-s-balkonom-po-rekonstrukcii-v-senici","imagesUrls":["https://img.nehnutelnosti.sk/foto/NjAweDMzOC9maWx0ZXJzOnF1YWxpdHkoMTAwKS9uZWg=/IXZEJrsCN_fss?st=GaqKIA_EaxvzJ8yLKovzVm1MqEHrFmLc6VZoG_6qSJk&ts=1724419897&e=0"]},{"title":"Na predaj 3 izbový byt so zasklenou loggiou ul. Bielocerkevská, Košice, pôvodný stav","address":"Bielocerkevská, Košice III - Dargovských Hrdinov, okres Košice","rooms":3,"meters":64,"totalPrice":143000,"meterSquarePrice":1,"link":"https://www.nehnutelnosti.sk/detail/JuVHo_hqxAl/na-predaj-3-izbovy-byt-so-zasklenou-loggiou-ul-bielocerkevska-kosice-povodny-stav","imagesUrls":["https://img.nehnutelnosti.sk/foto/NjAweDMzOC9maWx0ZXJzOnF1YWxpdHkoMTAwKS9uZWg=/APTfoDC277_fss?st=B_desKw1kazkIQLQFbphLZA58ksafaMSrzhWA1XT18Q&ts=1724687277&e=0"]},{"title":"Predaj 3-izbového bytu na sídlisku Východ","address":"Sibírska, Michalovce, okres Michalovce","rooms":3,"meters":69,"totalPrice":113000,"meterSquarePrice":8,"link":"https://www.nehnutelnosti.sk/detail/JuK9o3v_dmb/predaj-3-izboveho-bytu-na-sidlisku-vychod","imagesUrls":["https://img.nehnutelnosti.sk/foto/NjAweDMzOC9maWx0ZXJzOnF1YWxpdHkoMTAwKS9uZWg=/VhP73Ftym_fss?st=wymiCANjtwCikJCVSJ99AQqKvtv_h3CfE_va5MrT2sc&ts=1724169715&e=0"]},{"title":"Iba u nás! Veľkorysý 2i byt bez ďalšej investície","address":"Šmidkeho, Trenčín, okres Trenčín","rooms":2,"meters":61,"totalPrice":115000,"meterSquarePrice":5,"link":"https://www.nehnutelnosti.sk/detail/JuuLvOpBbbz/iba-u-nas-velkorysy-2i-byt-bez-dalsej-investicie","imagesUrls":["https://img.nehnutelnosti.sk/foto/NjAweDMzOC9maWx0ZXJzOnF1YWxpdHkoMTAwKS9uZWg=/g2AhU3d5D_fss?st=4GcPrI7iQbyN9fElWb8Ut2PxRr9CnlL4PYKLN2-dxv0&ts=1725533998&e=0"]},{"title":"“ZĽAVA” TOP 3 i byt Košice -Juh, Poľská, pôvodný. stav, loggia 2x, parkovacie miesto 1x","address":"Poľská, Košice IV - Juh, okres Košice","rooms":3,"meters":87,"totalPrice":177990,"meterSquarePrice":6,"link":"https://www.nehnutelnosti.sk/detail/JuQ_2T5k6RX/zlava-top-3-i-byt-kosice-juh-polska-povodny-stav-loggia-2x-parkovacie-miesto-1x","imagesUrls":["https://img.nehnutelnosti.sk/foto/NjAweDMzOC9maWx0ZXJzOnF1YWxpdHkoMTAwKS9uZWg=/mThK_ZXoJ2_fss?st=ihm6bu7fWw0UspX2JSXpeeh0-6CfVARB3uXyXQ2uhrg&ts=1724156281&e=0"]}]