[{"title":"Kompletne zariadený luxusný 3 izbový byt","address":"Ul. kpt. J. Nálepku, Levice, okres Levice","rooms":3,"meters":74,"totalPrice":125000,"meterSquarePrice":9,"link":"https://www.nehnutelnosti.sk/detail/JuC3D0boum8/kompletne-zariadeny-luxusny-3-izbovy-byt","imagesUrls":["https://img.unitedclassifieds.sk/foto/NjAweDMzOC9maWx0ZXJzOnF1YWxpdHkoMTAwKS9yc2Y=/RIkGQ0sma_fss?st=lxd-hrxgaZV6YMPAiZNDUxRyetIPHmxWr0DGtjT9svA&ts=1715734071&e=0"]},{"title":"Veľkometrážny 1 izbový apartmán s terasou v novostavbe","address":"nezadaná, Štúrovo, okres Nové Zámky","rooms":1,"meters":45,"totalPrice":107000,"meterSquarePrice":8,"link":"https://www.nehnutelnosti.sk/detail/Ju5xXnb5_FU/velkometrazny-1-izbovy-apartman-s-terasou-v-novostavbe","imagesUrls":["https://img.unitedclassifieds.sk/foto/NjAweDMzOC9maWx0ZXJzOnF1YWxpdHkoMTAwKS9yc2Y=/Ets1AVx_O_fss?st=fP2-iO8RzuuzGcMjlrEEW7lQ0ziSuVmMNw82cGfn7zI&ts=1715778882&e=0"]},{"title":"NOVÁ CENA! 3 izbový byt s balkónom na ul. M.R Štefánika","address":"Levice, okres Levice","rooms":3,"meters":65,"totalPrice":88000,"meterSquarePrice":1,"link":"https://www.nehnutelnosti.sk/detail/JuJWHPHCtsE/nova-cena-3-izbovy-byt-s-balkonom-na-ul-m-r-stefanika","imagesUrls":["https://img.unitedclassifieds.sk/foto/NjAweDMzOC9maWx0ZXJzOnF1YWxpdHkoMTAwKS9yc2Y=/SQdujh1tO_fss?st=0bS9lfeDLaHYxidbk9Sz02mUsB6_IuWmuJOTVejRtFQ&ts=1716469980&e=0"]},{"title":"Na predaj slnečný 4 izbový byt s balkónom na Tekovskej ulici","address":"Tekovská ul., Levice, okres Levice","rooms":4,"meters":80,"totalPrice":104000,"meterSquarePrice":2,"link":"https://www.nehnutelnosti.sk/detail/JuYDcRUZNnU/na-predaj-slnecny-4-izbovy-byt-s-balkonom-na-tekovskej-ulici","imagesUrls":["https://img.unitedclassifieds.sk/foto/NjAweDMzOC9maWx0ZXJzOnF1YWxpdHkoMTAwKS9yc2Y=/wWb5y4tEO_fss?st=Q5LyeFq0FuJlJY7xPLyg6OSt4AUQKBcTEzusOrK_mAE&ts=1717626087&e=0"]},{"title":"2 izbový byt na predaj v boho-štýle ! Levice","address":"neuvedená, Levice, okres Levice","rooms":2,"meters":65,"totalPrice":89000,"meterSquarePrice":1,"link":"https://www.nehnutelnosti.sk/detail/JuYYNjOgoTW/2-izbovy-byt-na-predaj-v-boho-style-levice","imagesUrls":["https://img.unitedclassifieds.sk/foto/NjAweDMzOC9maWx0ZXJzOnF1YWxpdHkoMTAwKS9yc2Y=/d3gP8sQHy_fss?st=FmZPGFMNDVMntsav6ddCwk3n_yiPlSn1BRDx9-EAFCk&ts=1718788218&e=0"]},{"title":"Veľký 4 izbový mezonet v novostavbe v tichej časti obce","address":"nezadaná, Kalná nad Hronom, okres Levice","rooms":4,"meters":96,"totalPrice":140000,"meterSquarePrice":3,"link":"https://www.nehnutelnosti.sk/detail/JuKhDkLSFfl/velky-4-izbovy-mezonet-v-novostavbe-v-tichej-casti-obce","imagesUrls":["https://img.unitedclassifieds.sk/foto/NjAweDMzOC9maWx0ZXJzOnF1YWxpdHkoMTAwKS9yc2Y=/dBTZVtxh8_fss?st=Axh0ILHf1xq3fiDIZHa4IoIm3uMtRZYsqFcNC6WHpPc&ts=1715746868&e=0"]},{"title":"Rezervovaný -  kompletne zrekonštruovaný 3 izbový byt v Leviciach","address":"Ľanová ul., Levice, okres Levice","rooms":3,"meters":78,"totalPrice":99000,"meterSquarePrice":2,"link":"https://www.nehnutelnosti.sk/detail/Jus2pbxEELi/rezervovany-kompletne-zrekonstruovany-3-izbovy-byt-v-leviciach","imagesUrls":["https://img.unitedclassifieds.sk/foto/NjAweDMzOC9maWx0ZXJzOnF1YWxpdHkoMTAwKS9yc2Y=/AyGWRHEME_fss?st=dPjs-Zs242h7ia7zKusa0fR7dMLL2pNCTxO2qlxWuio&ts=1717675369&e=0"]},{"title":"Byty v bytovom komplexe s názvom REZIDENCIA ONYX","address":"Ul. kpt. J. Nálepku, Levice, okres Levice","rooms":4,"meters":1,"totalPrice":null,"meterSquarePrice":null,"link":"https://www.nehnutelnosti.sk/detail/JuHukZXr21U/byty-v-bytovom-komplexe-s-nazvom-rezidencia-onyx","imagesUrls":["https://img.unitedclassifieds.sk/foto/NjAweDMzOC9maWx0ZXJzOnF1YWxpdHkoMTAwKS9yc2Y=/Z-ukw1n6R_fss?st=WAGW1qZOA2_8Fwsc9Omma87TlCGDKgc7RNii5SRmkEg&ts=1715755500&e=0"]},{"title":"Slnečný 2 izbový byt s balkónom v novostavbe na ul. Kpt. Nálepku","address":"Ul. kpt. J. Nálepku, Levice, okres Levice","rooms":2,"meters":62,"totalPrice":null,"meterSquarePrice":null,"link":"https://www.nehnutelnosti.sk/detail/JuCwAUyI8AC/slnecny-2-izbovy-byt-s-balkonom-v-novostavbe-na-ul-kpt-nalepku","imagesUrls":["https://img.unitedclassifieds.sk/foto/NjAweDMzOC9maWx0ZXJzOnF1YWxpdHkoMTAwKS9yc2Y=/udJAm_Nh5_fss?st=SMmYf0lILyx_9kaIwnOu1C-jYOlO6_CkA_LhTCUs7sg&ts=1715786538&e=0"]},{"title":"Priestranný 2 izbový byt v novostavbe na ul. Kpt. Nálepku","address":"Ul. kpt. J. Nálepku, Levice, okres Levice","rooms":2,"meters":53,"totalPrice":null,"meterSquarePrice":null,"link":"https://www.nehnutelnosti.sk/detail/JuYVfnMENrF/priestranny-2-izbovy-byt-v-novostavbe-na-ul-kpt-nalepku","imagesUrls":["https://img.unitedclassifieds.sk/foto/NjAweDMzOC9maWx0ZXJzOnF1YWxpdHkoMTAwKS9yc2Y=/jpAUnsRIW_fss?st=hY7yVYHmGl-GssT64NEQDlnK3blfgY9Kb9z4-9cQxBY&ts=1715786559&e=0"]},{"title":"Predaj 2 izbového bytu po kompletnej rekonštrukcii","address":"Školská, Tlmače, okres Levice","rooms":3,"meters":60,"totalPrice":72000,"meterSquarePrice":0,"link":"https://www.nehnutelnosti.sk/detail/JuzcHEH1DIjf/predaj-2-izboveho-bytu-po-kompletnej-rekonstrukcii","imagesUrls":["https://img.unitedclassifieds.sk/foto/NjAweDMzOC9maWx0ZXJzOnF1YWxpdHkoMTAwKS9yc2Y=/pHr4ipOG-_fss?st=G4g77EyHbrgZdwIUZLJTrV3aPZEJAqaXrWbqUKz4jQ4&ts=1715811333&e=0"]},{"title":"3 izbový byt po kompletnej rekonštrukcii na Pereckej ulici","address":"Perecká ul., Levice, okres Levice","rooms":3,"meters":83,"totalPrice":104900,"meterSquarePrice":6,"link":"https://www.nehnutelnosti.sk/detail/Juab3C00CwL/3-izbovy-byt-po-kompletnej-rekonstrukcii-na-pereckej-ulici","imagesUrls":["https://img.unitedclassifieds.sk/foto/NjAweDMzOC9maWx0ZXJzOnF1YWxpdHkoMTAwKS9yc2Y=/R_KquGe2i_fss?st=oOcbFV2Ho5E9URGJHzlSdR3MszYOlZfQnRMqvfXeYuI&ts=1715824527&e=0"]},{"title":"Byty v bytovom komplexe s názvom REZIDENCIA ONYX","address":"Ul. kpt. J. Nálepku, Levice, okres Levice","rooms":1,"meters":1,"totalPrice":null,"meterSquarePrice":null,"link":"https://www.nehnutelnosti.sk/detail/JuRlD3E7Fr_/byty-v-bytovom-komplexe-s-nazvom-rezidencia-onyx","imagesUrls":["https://img.unitedclassifieds.sk/foto/NjAweDMzOC9maWx0ZXJzOnF1YWxpdHkoMTAwKS9yc2Y=/-v26qgcxi_fss?st=WI05lHtgcljsG_6tPfhVzUHT6LaaFmYiMHJ3qo2DbOc&ts=1715755493&e=0"]},{"title":"Slnečný 4 izbový byt s balkónom v novostavbe na ul. Kpt. Nálepku","address":"Ul. kpt. J. Nálepku, Levice, okres Levice","rooms":4,"meters":93,"totalPrice":205000,"meterSquarePrice":4,"link":"https://www.nehnutelnosti.sk/detail/Juu8TcQYDFH/slnecny-4-izbovy-byt-s-balkonom-v-novostavbe-na-ul-kpt-nalepku","imagesUrls":["https://img.unitedclassifieds.sk/foto/NjAweDMzOC9maWx0ZXJzOnF1YWxpdHkoMTAwKS9yc2Y=/fWv5xgYSM_fss?st=M9SrOIFwm5UxThuNfB9FQQ-tgsoDI6qcjhAicc1dycY&ts=1715786536&e=0"]},{"title":"Na predaj 3 izbový byt v novostavbe na ul. Kpt. Nálepku","address":"Ul. kpt. J. Nálepku, Levice, okres Levice","rooms":3,"meters":74,"totalPrice":null,"meterSquarePrice":null,"link":"https://www.nehnutelnosti.sk/detail/JuTN1Jd7hbi/na-predaj-3-izbovy-byt-v-novostavbe-na-ul-kpt-nalepku","imagesUrls":["https://img.unitedclassifieds.sk/foto/NjAweDMzOC9maWx0ZXJzOnF1YWxpdHkoMTAwKS9yc2Y=/g9lU9LsvmX_fss?st=aOadwSZqmOHVsGLaZtNo64IVLdotJ09IsfbpVHMOx_4&ts=1715786538&e=0"]},{"title":"3 izbový byt s vlastným parkovacím miestom v centre mesta Želiezovce","address":"Želiezovce, okres Levice","rooms":3,"meters":77,"totalPrice":93000,"meterSquarePrice":1,"link":"https://www.nehnutelnosti.sk/detail/JuK-z-swHFj/3-izbovy-byt-s-vlastnym-parkovacim-miestom-v-centre-mesta-zeliezovce","imagesUrls":["https://img.unitedclassifieds.sk/foto/NjAweDMzOC9maWx0ZXJzOnF1YWxpdHkoMTAwKS9yc2Y=/1yNUD8FFg_fss?st=ByYfNsn7VJEFzq_4DnIhpg-rwBSYxWfuPTY411NpboM&ts=1716982722&e=0"]},{"title":"REZERVOVANÝ Luxusne prerobený 4 izbový byt s balkónom v centre mesta","address":"Tekovská ul., Levice, okres Levice","rooms":4,"meters":81,"totalPrice":146000,"meterSquarePrice":7,"link":"https://www.nehnutelnosti.sk/detail/JuQTgYq3b1o/rezervovany-luxusne-prerobeny-4-izbovy-byt-s-balkonom-v-centre-mesta","imagesUrls":["https://img.unitedclassifieds.sk/foto/NjAweDMzOC9maWx0ZXJzOnF1YWxpdHkoMTAwKS9yc2Y=/U7xmedjK9_fss?st=ZxLRUabgr7UnhXAD1UHi_PSfSSZCTO0rxSvBv_e-5sc&ts=1719834210&e=0"]},{"title":"REZERVOVANÝ -  priestranný, slnečný 3 izbový byt s lodžiou","address":"Pri tehelni, Levice, okres Levice","rooms":3,"meters":78,"totalPrice":88000,"meterSquarePrice":2,"link":"https://www.nehnutelnosti.sk/detail/JuJOyJaciOMy/rezervovany-priestranny-slnecny-3-izbovy-byt-s-lodziou","imagesUrls":["https://img.unitedclassifieds.sk/foto/NjAweDMzOC9maWx0ZXJzOnF1YWxpdHkoMTAwKS9yc2Y=/U1fzhEi4o_fss?st=MWs6ZUlAE7l4nuTVmYOneuiZwjKjCbNyDPFmo68OQTY&ts=1717754298&e=0"]},{"title":"Rezervovaný - Na predaj veľký, kompletne zrekonštruovaný 3 izbový byt","address":"Južná, Levice, okres Levice","rooms":3,"meters":79,"totalPrice":85000,"meterSquarePrice":5,"link":"https://www.nehnutelnosti.sk/detail/JuySPmSMYcv/rezervovany-na-predaj-velky-kompletne-zrekonstruovany-3-izbovy-byt","imagesUrls":["https://img.unitedclassifieds.sk/foto/NjAweDMzOC9maWx0ZXJzOnF1YWxpdHkoMTAwKS9yc2Y=/G8j3AFB5g_fss?st=1OBVBfFKizExmK_lBgBY3ROwgqAOc5PT2fhUTLMZNP0&ts=1715826113&e=0"]},{"title":"REZERVOVANÝ Luxusný 2 izbový byt s balkónom a parkovacím miestom priamo v centre mesta","address":"Levice, okres Levice","rooms":2,"meters":50,"totalPrice":null,"meterSquarePrice":null,"link":"https://www.nehnutelnosti.sk/detail/JuOSloapIC8/rezervovany-luxusny-2-izbovy-byt-s-balkonom-a-parkovacim-miestom-priamo-v-centre-mesta","imagesUrls":["https://img.unitedclassifieds.sk/foto/NjAweDMzOC9maWx0ZXJzOnF1YWxpdHkoMTAwKS9yc2Y=/FVMOVraWi_fss?st=ip617Tvv7eFx5xJ5UT6U3j8HZQxWlFthqPmNvAa-I2s&ts=1718737925&e=0"]},{"title":"Rodinný apartmán - Damian Jasna, Hotel Resort & Residences","address":"Demänovská dolina, Demänovská Dolina, okres Liptovský Mikuláš","rooms":null,"meters":49,"totalPrice":360000,"meterSquarePrice":1,"link":"https://www.nehnutelnosti.sk/detail/JuVjCwUyC0O/rodinny-apartman-damian-jasna-hotel-resort-residences","imagesUrls":["https://img.nehnutelnosti.sk/foto/NjAweDMzOC9maWx0ZXJzOnF1YWxpdHkoMTAwKS9uZWg=/4gh_PuHpa_fss?st=FR3Ana3h0_ol9t61H67MVbJyPaeFV3MRgrSjLiq9ohE&ts=1723895176&e=0"]},{"title":"Rodinný apartmán - Damian Jasna, Hotel Resort & Residences","address":"Demänovská dolina, Demänovská Dolina, okres Liptovský Mikuláš","rooms":2,"meters":49,"totalPrice":360000,"meterSquarePrice":1,"link":"https://www.nehnutelnosti.sk/detail/Ju87JLFM7fu/rodinny-apartman-damian-jasna-hotel-resort-residences","imagesUrls":["https://img.nehnutelnosti.sk/foto/NjAweDMzOC9maWx0ZXJzOnF1YWxpdHkoMTAwKS9uZWg=/rv17iKkZb7_fss?st=lXu5jFaH89t74RnZjvaSfL8NNZzzSlhAMzjlmjir4wc&ts=1724986288&e=0"]},{"title":"Laurin dvor","address":"Špaldová, Bratislava II - Podunajské Biskupice, okres Bratislava","rooms":3,"meters":76,"totalPrice":245900,"meterSquarePrice":4,"link":"https://www.nehnutelnosti.sk/detail/Ju-a4_Xsbal/laurin-dvor","imagesUrls":["https://img.nehnutelnosti.sk/foto/NjAweDMzOC9maWx0ZXJzOnF1YWxpdHkoMTAwKS9uZWg=/cTsgo_Guy_fss?st=pYvx7iMToi0ahHfDb6lJqhM2YG0MiHlLhz95AK00zbo&ts=1716539208&e=0"]},{"title":"BÝVANIE NA NAJLEPŠEJ ADRESE","address":"Žriedlová, Košice I - Staré Mesto, okres Košice","rooms":2,"meters":65,"totalPrice":215200,"meterSquarePrice":7,"link":"https://www.nehnutelnosti.sk/detail/Jud7uVCyWj7/byvanie-na-najlepsej-adrese","imagesUrls":["https://img.nehnutelnosti.sk/foto/NjAweDMzOC9maWx0ZXJzOnF1YWxpdHkoMTAwKS9uZWg=/Lqk4s5PSS_fss?st=viLwHh59DFghWeDCs8xMsWKuo6D1dfSXUYn-SBYY9u8&ts=1706709684&e=0"]},{"title":"Laurin dvor","address":"Špaldová, Bratislava II - Podunajské Biskupice, okres Bratislava","rooms":4,"meters":96,"totalPrice":315900,"meterSquarePrice":6,"link":"https://www.nehnutelnosti.sk/detail/JugmnaT4sHa/laurin-dvor","imagesUrls":["https://img.nehnutelnosti.sk/foto/NjAweDMzOC9maWx0ZXJzOnF1YWxpdHkoMTAwKS9uZWg=/QVsLyFMt7_fss?st=k0MFURe7Cm92hKdan-a9ObF8RWkOHUpSO9nI0Wj1QIY&ts=1716539211&e=0"]},{"title":"Laurindvor.com 2-izbový byt v novostavbe pri hrádzi Malého Dunaja","address":"Špaldová, Bratislava II - Podunajské Biskupice, okres Bratislava","rooms":2,"meters":44,"totalPrice":171900,"meterSquarePrice":5,"link":"https://www.nehnutelnosti.sk/detail/JupIlqXe8k3/laurindvor-com-2-izbovy-byt-v-novostavbe-pri-hradzi-maleho-dunaja","imagesUrls":["https://img.nehnutelnosti.sk/foto/NjAweDMzOC9maWx0ZXJzOnF1YWxpdHkoMTAwKS9uZWg=/enC67EHeX6_fss?st=kZPGqJfS0zmxDlpKdF-Dnm1XPyzKxytRhzC8FsQWZgE&ts=1716539215&e=0"]},{"title":"Laurindvor.com 1-izbový byt v novostavbe pri hrádzi Malého Dunaja","address":"Špaldová, Bratislava II - Podunajské Biskupice, okres Bratislava","rooms":1,"meters":31,"totalPrice":129900,"meterSquarePrice":1,"link":"https://www.nehnutelnosti.sk/detail/JubavqVefba/laurindvor-com-1-izbovy-byt-v-novostavbe-pri-hradzi-maleho-dunaja","imagesUrls":["https://img.nehnutelnosti.sk/foto/NjAweDMzOC9maWx0ZXJzOnF1YWxpdHkoMTAwKS9uZWg=/kieQajbpsq_fss?st=98rPYZK_juQ71e-1eod1hxmAvo63Pz28UpEsd8OJ0NM&ts=1714487554&e=0"]},{"title":"Laurin dvor","address":"Špaldová, Bratislava II - Podunajské Biskupice, okres Bratislava","rooms":5,"meters":107,"totalPrice":338900,"meterSquarePrice":4,"link":"https://www.nehnutelnosti.sk/detail/Juc3advCUEB/laurin-dvor","imagesUrls":["https://img.nehnutelnosti.sk/foto/NjAweDMzOC9maWx0ZXJzOnF1YWxpdHkoMTAwKS9uZWg=/WEBIbaHn5_fss?st=zyh5lm58r55S9cJqo5-WV5eM-yv0Xoe3lKeEHy83Ppw&ts=1716539614&e=0"]},{"title":"Laurindvor.com 1-izbový byt v novostavbe pri hrádzi Malého Dunaja","address":"Špaldová, Bratislava II - Podunajské Biskupice, okres Bratislava","rooms":1,"meters":31,"totalPrice":127900,"meterSquarePrice":2,"link":"https://www.nehnutelnosti.sk/detail/Ju2DXd_yYVe/laurindvor-com-1-izbovy-byt-v-novostavbe-pri-hradzi-maleho-dunaja","imagesUrls":["https://img.nehnutelnosti.sk/foto/NjAweDMzOC9maWx0ZXJzOnF1YWxpdHkoMTAwKS9uZWg=/STFxLmVeu_fss?st=HiBlPmWtyb_Ks2gQOaa-Jwiqw_qDpSvcFHzFjFS7mNA&ts=1716539205&e=0"]},{"title":"TOP - 2i byt | AlicanteGate","address":"Ul. Sv. Krištofa, Dunajská Streda, okres Dunajská Streda","rooms":2,"meters":52,"totalPrice":119760,"meterSquarePrice":1,"link":"https://www.nehnutelnosti.sk/detail/Juxzpxbq3Rl/top-2i-byt-alicantegate","imagesUrls":["https://img.nehnutelnosti.sk/foto/NjAweDMzOC9maWx0ZXJzOnF1YWxpdHkoMTAwKS9uZWg=/cbDVN-wCn_fss?st=AB8NMyxeteUYdjOrfprdzYxxoa9QatXHzTKOnLbAzkc&ts=1725051580&e=0"]}]