[{"title":"VAHOreal* KÚPA 3 izbového bytu v Hlohovci","address":"Podzámska, Hlohovec, okres Hlohovec","rooms":3,"meters":65,"totalPrice":null,"meterSquarePrice":null,"link":"https://www.nehnutelnosti.sk/detail/JuOvOX0RFxGX/vahoreal-kupa-3-izboveho-bytu-v-hlohovci","imagesUrls":[]},{"title":"VAHOreal* KÚPA 3 izbového bytu v Hlohovci","address":"Podzámska, Hlohovec, okres Hlohovec","rooms":3,"meters":65,"totalPrice":null,"meterSquarePrice":null,"link":"https://www.nehnutelnosti.sk/detail/Jubsi-fxkOn/vahoreal-kupa-3-izboveho-bytu-v-hlohovci","imagesUrls":[]},{"title":"VAHOreal*EXKLUZÍVNE IBA  u NÁS!  NOVOSTAVBA 2 izb. byt, loggia, park. státie, pivnica,  Novomestská","address":"Novomestská, Trnava, okres Trnava","rooms":2,"meters":45,"totalPrice":156500,"meterSquarePrice":7,"link":"https://www.nehnutelnosti.sk/detail/JuxA5pGfNRx/vahorealexkluzivne-iba-u-nas-novostavba-2-izb-byt-loggia-park-statie-pivnica-novomestska","imagesUrls":["https://img.nehnutelnosti.sk/foto/NjAweDMzOC9maWx0ZXJzOnF1YWxpdHkoMTAwKS9uZWg=/BE6zqnEag_fss?st=eZjAMBtqV35tQCTTm93m1AruV4YPLth1tMboOCx_vss&ts=1717663073&e=0"]},{"title":"VAHOreal* NOVOSTAVBA!! MEZONETOVÝ 3 izb. BYT, len 2km od mesta Piešťany","address":"Topoľčianska, Banka, okres Piešťany","rooms":null,"meters":70,"totalPrice":145000,"meterSquarePrice":3,"link":"https://www.nehnutelnosti.sk/detail/JuA-y_ye17j/vahoreal-novostavba-mezonetovy-3-izb-byt-len-2km-od-mesta-piestany","imagesUrls":["https://img.nehnutelnosti.sk/foto/NjAweDMzOC9maWx0ZXJzOnF1YWxpdHkoMTAwKS9uZWg=/6U9Qp_aVw_fss?st=1w2GoaghLGoaMBf-oVf2166pQWFPX42YwuEn0-QyL5c&ts=1717704091&e=0"]},{"title":"VAHOreal* REZERVOVANÉ NA PREDAJ IBA u NÁS!! 2 izb. byt, čiastočná rek,výmera cca 52m2,  2x loggia, V","address":"Vladimíra Clementisa, Trnava, okres Trnava","rooms":2,"meters":52,"totalPrice":124000,"meterSquarePrice":2,"link":"https://www.nehnutelnosti.sk/detail/JudNGERAH8J/vahoreal-rezervovane-na-predaj-iba-u-nas-2-izb-byt-ciastocna-rek-vymera-cca-52m2-2x-loggia-v","imagesUrls":["https://img.nehnutelnosti.sk/foto/NjAweDMzOC9maWx0ZXJzOnF1YWxpdHkoMTAwKS9uZWg=/zJGHmgXMy_fss?st=lVaeT7yb7UJ58C2UUpCNeIAtNWNwTzC0RIVHz8fvGsg&ts=1717663143&e=0"]},{"title":"VAHOreal* PREDANÉ NA PREDAJ IBA u NÁS!! VEĽKÝ 1 izb. byt,rekonštrukcia, výmera 42m2 + 2x loggia,  Mo","address":"Mozartova, Trnava, okres Trnava","rooms":1,"meters":42,"totalPrice":115000,"meterSquarePrice":0,"link":"https://www.nehnutelnosti.sk/detail/JuoAG4jFSDp/vahoreal-predane-na-predaj-iba-u-nas-velky-1-izb-byt-rekonstrukcia-vymera-42m2-2x-loggia-mo","imagesUrls":["https://img.nehnutelnosti.sk/foto/NjAweDMzOC9maWx0ZXJzOnF1YWxpdHkoMTAwKS9uZWg=/mZAp1lq58d_fss?st=lJG76flOfqDJ5KHdNl7WyEJHvXIhvT1zxe8Ua3E_rSE&ts=1717663076&e=0"]},{"title":"PREDANÉ VAHOreal*SVETLÝ A PRIESTRANÝ BYT S POZEMKOM, 3i, plocha 74,5 m2, 2 pivnice, samostatný pozem","address":"Dolné Zelenice, okres Hlohovec","rooms":3,"meters":74,"totalPrice":119000,"meterSquarePrice":2,"link":"https://www.nehnutelnosti.sk/detail/JuGu2Mmv8cM/predane-vahorealsvetly-a-priestrany-byt-s-pozemkom-3i-plocha-74-5-m2-2-pivnice-samostatny-pozem","imagesUrls":["https://img.nehnutelnosti.sk/foto/NjAweDMzOC9maWx0ZXJzOnF1YWxpdHkoMTAwKS9uZWg=/sSFMSDC9D_fss?st=6iz_f4epdnh6AzNRMcgaHf9jyFcEm8DcwlkjLJrH2zQ&ts=1717704084&e=0"]},{"title":"VAHOreal*EXKLUZÍVNE IBA  u NÁS!  Menší 2 izb. byt, balkón, parkovanie, obec Bučany.","address":"Bučany, okres Trnava","rooms":2,"meters":39,"totalPrice":96000,"meterSquarePrice":4,"link":"https://www.nehnutelnosti.sk/detail/JuP0nodU3SP/vahorealexkluzivne-iba-u-nas-mensi-2-izb-byt-balkon-parkovanie-obec-bucany","imagesUrls":["https://img.nehnutelnosti.sk/foto/NjAweDMzOC9maWx0ZXJzOnF1YWxpdHkoMTAwKS9uZWg=/SJ8gi8CK6B_fss?st=fi_kxjABV5EBQtE4AA6pDHFKYQBmk4q6UQl18qdhHOA&ts=1717663048&e=0"]},{"title":"VAHOreal* NOVO a KOMPLETNE PREROBENÝ 3 izb. byt, Špačinská cesta Trnava","address":"Špačinská cesta, Trnava, okres Trnava","rooms":3,"meters":55,"totalPrice":159900,"meterSquarePrice":7,"link":"https://www.nehnutelnosti.sk/detail/Ju-Fml1cIv6/vahoreal-novo-a-kompletne-prerobeny-3-izb-byt-spacinska-cesta-trnava","imagesUrls":["https://img.nehnutelnosti.sk/foto/NjAweDMzOC9maWx0ZXJzOnF1YWxpdHkoMTAwKS9uZWg=/tE_w524Z2_fss?st=uC9sc99-rQfol9m7Q2v_wjdy8TfEl4A19AfWLi1nz6I&ts=1717663053&e=0"]},{"title":"VAHOreal* REZIDENCIA HVIEZDOSLAVOVA!! EXKLUZÍVNE IBA u NÁS!! BÝVAJTE V SRDCI TRNAVY","address":"Hviezdoslavova, Trnava, okres Trnava","rooms":2,"meters":null,"totalPrice":null,"meterSquarePrice":null,"link":"https://www.nehnutelnosti.sk/detail/Ju_aqRMuRcY/vahoreal-rezidencia-hviezdoslavova-exkluzivne-iba-u-nas-byvajte-v-srdci-trnavy","imagesUrls":["https://img.nehnutelnosti.sk/foto/NjAweDMzOC9maWx0ZXJzOnF1YWxpdHkoMTAwKS9uZWg=/UIMGizlxm8_fss?st=AbYDbgcnZDPM3BvuTunHFY-zMj8tLWUTLANKHI2pUoE&ts=1717663015&e=0"]},{"title":"VAHOreal* REZIDENCIA HVIEZDOSLAVOVA!! EXKLUZÍVNE IBA u NÁS!! BÝVAJTE V SRDCI TRNAVY","address":"Hviezdoslavova, Trnava, okres Trnava","rooms":4,"meters":null,"totalPrice":null,"meterSquarePrice":null,"link":"https://www.nehnutelnosti.sk/detail/Ju-ZoZVODeZ/vahoreal-rezidencia-hviezdoslavova-exkluzivne-iba-u-nas-byvajte-v-srdci-trnavy","imagesUrls":["https://img.nehnutelnosti.sk/foto/NjAweDMzOC9maWx0ZXJzOnF1YWxpdHkoMTAwKS9uZWg=/dZyLDN2tK_fss?st=_ZJjtxC0iydXKNL3oXAmWdh8JG_t3QoGDhE7Aq09qto&ts=1717663012&e=0"]},{"title":"VAHOreal* REZIDENCIA HVIEZDOSLAVOVA!! EXKLUZÍVNE IBA u NÁS!! BÝVAJTE V SRDCI TRNAVY","address":"Hviezdoslavova, Trnava, okres Trnava","rooms":4,"meters":null,"totalPrice":null,"meterSquarePrice":null,"link":"https://www.nehnutelnosti.sk/detail/JusF3IGjdzJ/vahoreal-rezidencia-hviezdoslavova-exkluzivne-iba-u-nas-byvajte-v-srdci-trnavy","imagesUrls":["https://img.nehnutelnosti.sk/foto/NjAweDMzOC9maWx0ZXJzOnF1YWxpdHkoMTAwKS9uZWg=/LL0wy7fvQ_fss?st=4X3AiR_Wjm32Xa6525cz56LjbriYb1aqcNTllI534aw&ts=1717663014&e=0"]},{"title":"VAHOreal*PREDANÉ 2 izb. byt o rozlohe 87,22m2, 7,09m2 loggia, CENTRUM, Františkánska ul.","address":"Františkánska, Trnava, okres Trnava","rooms":2,"meters":87,"totalPrice":342000,"meterSquarePrice":2,"link":"https://www.nehnutelnosti.sk/detail/Ju5ZUXZYgKK/vahorealpredane-2-izb-byt-o-rozlohe-87-22m2-7-09m2-loggia-centrum-frantiskanska-ul","imagesUrls":["https://img.nehnutelnosti.sk/foto/NjAweDMzOC9maWx0ZXJzOnF1YWxpdHkoMTAwKS9uZWg=/9csby9FXQ_fss?st=mg5V5r5D6MFbu4pTwc4iP-svnsl5741liFy62tcjmDM&ts=1717663038&e=0"]},{"title":"VAHOreal* ZREKONŠTRUOVANÝ 2 izb. byt vo VYHĽADÁVANEJ LOKALITE, ulica  Ľudmily Podjavorinskej, Trnava","address":"Ľudmily Podjavorinskej, Trnava, okres Trnava","rooms":2,"meters":52,"totalPrice":155000,"meterSquarePrice":7,"link":"https://www.nehnutelnosti.sk/detail/Juz8dCWZz6F/vahoreal-zrekonstruovany-2-izb-byt-vo-vyhladavanej-lokalite-ulica-ludmily-podjavorinskej-trnava","imagesUrls":["https://img.nehnutelnosti.sk/foto/NjAweDMzOC9maWx0ZXJzOnF1YWxpdHkoMTAwKS9uZWg=/sbJUBcMqW_fss?st=LL988XwUuUQV_CGnS4uJkHPoMa6aCJRrixPtDn6qfWU&ts=1715948836&e=0"]},{"title":"VAHOreal* KÚPA 3 izbového bytu, Piešťany","address":"Nálepkova, Piešťany, okres Piešťany","rooms":3,"meters":65,"totalPrice":null,"meterSquarePrice":null,"link":"https://www.nehnutelnosti.sk/detail/JuuTb3y8xG2/vahoreal-kupa-3-izboveho-bytu-piestany","imagesUrls":[]},{"title":"VAHOreal* 3 izb. byt 63m2 s veľkou loggiou, Na Hlinách, Trnava","address":"Na Hlinách, Trnava, okres Trnava","rooms":3,"meters":63,"totalPrice":142490,"meterSquarePrice":5,"link":"https://www.nehnutelnosti.sk/detail/JuJMiZ9F13p/vahoreal-3-izb-byt-63m2-s-velkou-loggiou-na-hlinach-trnava","imagesUrls":["https://img.nehnutelnosti.sk/foto/NjAweDMzOC9maWx0ZXJzOnF1YWxpdHkoMTAwKS9uZWg=/VxCwSoaWh_fss?st=iv81zSY--B6jeNJv0QiYA8DGpaYjk__uvrujKvwem2U&ts=1716808213&e=0"]},{"title":"VAHOreal* 2 izb. 50m2 slnečný byt na Hospodárskej ulici v Trnave","address":"Hospodárska, Trnava, okres Trnava","rooms":2,"meters":50,"totalPrice":115000,"meterSquarePrice":0,"link":"https://www.nehnutelnosti.sk/detail/JuvnoyXqUA-/vahoreal-2-izb-50m2-slnecny-byt-na-hospodarskej-ulici-v-trnave","imagesUrls":["https://img.nehnutelnosti.sk/foto/NjAweDMzOC9maWx0ZXJzOnF1YWxpdHkoMTAwKS9uZWg=/f7v-u7CUB_fss?st=nwkYNEqPQgCcnVXNsYKnoQdNXOfnWOzpXZb3UK0M5xg&ts=1716109633&e=0"]},{"title":"VAHOreal* PEKNE a KVALITNE PREROBENÝ!! 4 izbový byt, loggia,  Trnava, Špačinska cesta.","address":"Špačinská cesta, Trnava, okres Trnava","rooms":4,"meters":76,"totalPrice":null,"meterSquarePrice":null,"link":"https://www.nehnutelnosti.sk/detail/JuRUaMhr-kh/vahoreal-pekne-a-kvalitne-prerobeny-4-izbovy-byt-loggia-trnava-spacinska-cesta","imagesUrls":["https://img.nehnutelnosti.sk/foto/NjAweDMzOC9maWx0ZXJzOnF1YWxpdHkoMTAwKS9uZWg=/fvHLlmK4T0_fss?st=-cqP68tV-L01dNdTuR1bS8D8kymTpH_yCnb30vDU4D4&ts=1711724215&e=0"]},{"title":"VAHOreal* REZERVOVANÉ 2-izbový byt, 54m2 s loggiou v obci Zavar v novo obnovenej  časti Poronda","address":"Poronda, Zavar, okres Trnava","rooms":2,"meters":54,"totalPrice":105000,"meterSquarePrice":4,"link":"https://www.nehnutelnosti.sk/detail/Jugr0v-y5PN/vahoreal-rezervovane-2-izbovy-byt-54m2-s-loggiou-v-obci-zavar-v-novo-obnovenej-casti-poronda","imagesUrls":["https://img.nehnutelnosti.sk/foto/NjAweDMzOC9maWx0ZXJzOnF1YWxpdHkoMTAwKS9uZWg=/gCt48-o5L_fss?st=Y8VplJuo3u140eSTQvRigtjhR2l00jTumTTnmMeibuc&ts=1716890210&e=0"]},{"title":"VAHOreal* NOVÁ CENA! 2 izb. byt, 2x komora, vlastné Parkovacie miestoKoniarekova ul., Trnava","address":"Koniarekova, Trnava, okres Trnava","rooms":2,"meters":54,"totalPrice":104000,"meterSquarePrice":3,"link":"https://www.nehnutelnosti.sk/detail/JuoHw4cU_T2/vahoreal-nova-cena-2-izb-byt-2x-komora-vlastne-parkovacie-miestokoniarekova-ul-trnava","imagesUrls":["https://img.nehnutelnosti.sk/foto/NjAweDMzOC9maWx0ZXJzOnF1YWxpdHkoMTAwKS9uZWg=/S-jfabazX_fss?st=JOujkUx6n_s1Bj0RIAO_DLcqfqYMOL1aq-VXnYrGlcg&ts=1688130172&e=0"]},{"title":"Znížená cena 4 izbový byt na predaj - NAD JAZEROM","address":"Irkutská, Košice IV - Nad jazerom, okres Košice","rooms":4,"meters":74,"totalPrice":180000,"meterSquarePrice":3,"link":"https://www.nehnutelnosti.sk/detail/JuqaP6uQ0yE/znizena-cena-4-izbovy-byt-na-predaj-nad-jazerom","imagesUrls":["https://img.nehnutelnosti.sk/foto/NjAweDMzOC9maWx0ZXJzOnF1YWxpdHkoMTAwKS9uZWg=/xP0RJlE2Qr_fss?st=eSaNE4S1yXl8gZ1-XXC7p0a0dSQYcZec0OqAQXBLKR4&ts=1724180606&e=0"]},{"title":"3-izbový byt s predzáhradkou v Rezidencii Albelli","address":"Alvinczyho, Košice I - Staré Mesto, okres Košice","rooms":3,"meters":59,"totalPrice":299900,"meterSquarePrice":2,"link":"https://www.nehnutelnosti.sk/detail/JuJPGYNhXUH/3-izbovy-byt-s-predzahradkou-v-rezidencii-albelli","imagesUrls":["https://img.nehnutelnosti.sk/foto/NjAweDMzOC9maWx0ZXJzOnF1YWxpdHkoMTAwKS9uZWg=/jPYt1apcC_fss?st=RLeypfDZQabgcYUHJzYbTbn9-8MN5JFHGrzBvkY8vMo&ts=1723577571&e=0"]},{"title":"2-izbový byt na Zelenej stráni s terasou a parkovacím miestom","address":"Zelená stráň, Košice III - Dargovských Hrdinov, okres Košice","rooms":2,"meters":41,"totalPrice":177000,"meterSquarePrice":7,"link":"https://www.nehnutelnosti.sk/detail/JukynxsQ7Xe/2-izbovy-byt-na-zelenej-strani-s-terasou-a-parkovacim-miestom","imagesUrls":["https://img.nehnutelnosti.sk/foto/NjAweDMzOC9maWx0ZXJzOnF1YWxpdHkoMTAwKS9uZWg=/SlbBJnNzo_fss?st=Bh9XxoEufjWk4R8kOFYe6RNTodgsGiW9DHU0-DNu44s&ts=1722561428&e=0"]},{"title":"REZERVOVANÝ Príjemný 3 izbový byt pri jazere - Cena znížená!","address":"Donská, Košice IV - Nad jazerom, okres Košice","rooms":3,"meters":65,"totalPrice":165000,"meterSquarePrice":6,"link":"https://www.nehnutelnosti.sk/detail/Juvbn5-Qfrt/rezervovany-prijemny-3-izbovy-byt-pri-jazere-cena-znizena","imagesUrls":["https://img.nehnutelnosti.sk/foto/NjAweDMzOC9maWx0ZXJzOnF1YWxpdHkoMTAwKS9uZWg=/4zuNxAp2PR_fss?st=KsIQUb4zQD2VGN2sP2tjJlh8VqPg49InPzu8bpbTgP4&ts=1725851061&e=0"]},{"title":"3 izbový byt Postupimska ul. RESERVE","address":"Košice III - Dargovských Hrdinov, okres Košice","rooms":3,"meters":66,"totalPrice":149900,"meterSquarePrice":1,"link":"https://www.nehnutelnosti.sk/detail/JusUBlkGwFp/3-izbovy-byt-postupimska-ul-reserve","imagesUrls":["https://img.nehnutelnosti.sk/foto/NjAweDMzOC9maWx0ZXJzOnF1YWxpdHkoMTAwKS9uZWg=/Afy5eo4NW_fss?st=dI3SKT3SUiAa_z5LqowTLgohvXnDWTbZespZD7nb1Gg&ts=1725054245&e=0"]},{"title":"2 izbový byt Nad Jazerom","address":"Važecká, Košice IV - Nad jazerom, okres Košice","rooms":2,"meters":40,"totalPrice":118000,"meterSquarePrice":0,"link":"https://www.nehnutelnosti.sk/detail/JujY3WDmQX3/2-izbovy-byt-nad-jazerom","imagesUrls":["https://img.nehnutelnosti.sk/foto/NjAweDMzOC9maWx0ZXJzOnF1YWxpdHkoMTAwKS9uZWg=/Yh6Zu18U__fss?st=ZA_g8_su9W-8bUnuAKWFZtTXcTpfBQ2n3DRcdwZ9h2I&ts=1726051767&e=0"]},{"title":"RESERVE 2- izbový byt s krásnym výhľadom.","address":"Bašťovanského, Košice III - Dargovských Hrdinov, okres Košice","rooms":2,"meters":56,"totalPrice":139000,"meterSquarePrice":4,"link":"https://www.nehnutelnosti.sk/detail/Ju4GFrPNdOt/reserve-2-izbovy-byt-s-krasnym-vyhladom","imagesUrls":["https://img.nehnutelnosti.sk/foto/NjAweDMzOC9maWx0ZXJzOnF1YWxpdHkoMTAwKS9uZWg=/-Es7FATuqi_fss?st=p_FucX8GcmAw2g9U8sijXwRgh8UzijiUMJer46L7AA4&ts=1724806958&e=0"]},{"title":"Tehlový 4-izbový byt pri centre mesta, 123 m2","address":"Komenského, Košice I - Staré Mesto, okres Košice","rooms":4,"meters":123,"totalPrice":1,"meterSquarePrice":1,"link":"https://www.nehnutelnosti.sk/detail/JuVkuQl0Eeq/tehlovy-4-izbovy-byt-pri-centre-mesta-123-m2","imagesUrls":["https://img.nehnutelnosti.sk/foto/NjAweDMzOC9maWx0ZXJzOnF1YWxpdHkoMTAwKS9uZWg=/Jyqs6QA8P_fss?st=1lDSNhUWMOe-MIg52neChCl2GpCIcwpvGZdJpwRzsgo&ts=1724324565&e=0"]},{"title":"Novinka v Ponuke na predaj 3-izbový byt na sídlisku v Gelnici","address":"Gelnica, okres Gelnica","rooms":3,"meters":68,"totalPrice":94500,"meterSquarePrice":1,"link":"https://www.nehnutelnosti.sk/detail/JuQN242uO4q/novinka-v-ponuke-na-predaj-3-izbovy-byt-na-sidlisku-v-gelnici","imagesUrls":["https://img.nehnutelnosti.sk/foto/NjAweDMzOC9maWx0ZXJzOnF1YWxpdHkoMTAwKS9uZWg=/6MoPFdIcqD_fss?st=oo2xXZG7QgxXO8emu_GQTJyCWbTH5d_mPVRnzjvZSZw&ts=1723034009&e=0"]},{"title":"Novostavba 5-izbového rodinného domu ''B'' na Pereši","address":"Gelnícka, Košice II - Pereš, okres Košice","rooms":5,"meters":183,"totalPrice":429000,"meterSquarePrice":6,"link":"https://www.nehnutelnosti.sk/detail/JuzRZBWon7K/novostavba-5-izboveho-rodinneho-domu-b-na-peresi","imagesUrls":["https://img.nehnutelnosti.sk/foto/NjAweDMzOC9maWx0ZXJzOnF1YWxpdHkoMTAwKS9uZWg=/U5UuINTal_fss?st=u2CBvIj_QE1CbLxmfTU2mnFuI_fSo5pQKUq4G9P5U2Y&ts=1725872230&e=0"]}]