[{"title":"NA PREDAJ 3 izb. bytu s balkónom (72m2) vo Svite, Štefánikova ul.","address":"Štefánikova, Svit, okres Poprad","rooms":3,"meters":72,"totalPrice":139900,"meterSquarePrice":6,"link":"https://www.nehnutelnosti.sk/detail/Ju8KURZvhI7/na-predaj-3-izb-bytu-s-balkonom-72m2-vo-svite-stefanikova-ul","imagesUrls":["https://img.nehnutelnosti.sk/foto/NjAweDMzOC9maWx0ZXJzOnF1YWxpdHkoMTAwKS9uZWg=/eUgJr55YWP_fss?st=TDuDvMUr1bFXIcREiHCWIrWyc3RGxjAjJ3-mu75sI_U&ts=1724704462&e=0"]},{"title":"PREDAJ 2-izb.byt s balkónom, kompletná rekonštrukcia, Podjavorinská - Poprad","address":"Podjavorínskej, Poprad, okres Poprad","rooms":2,"meters":51,"totalPrice":114900,"meterSquarePrice":4,"link":"https://www.nehnutelnosti.sk/detail/JuohhHLw-NE/predaj-2-izb-byt-s-balkonom-kompletna-rekonstrukcia-podjavorinska-poprad","imagesUrls":["https://img.nehnutelnosti.sk/foto/NjAweDMzOC9maWx0ZXJzOnF1YWxpdHkoMTAwKS9uZWg=/Ci_4MiP-b_fss?st=1_r4QNHk5paCOhA-hUdDvcvslUSh_D73Gp8w24hUfj4&ts=1722884570&e=0"]},{"title":"NA PREDAJ 3-izbový byt v novostavbe, Baťove rezidencie, Svit","address":"P. Jilemnického, Svit, okres Poprad","rooms":3,"meters":76,"totalPrice":174900,"meterSquarePrice":2,"link":"https://www.nehnutelnosti.sk/detail/JuyhzokImJl/na-predaj-3-izbovy-byt-v-novostavbe-batove-rezidencie-svit","imagesUrls":["https://img.nehnutelnosti.sk/foto/NjAweDMzOC9maWx0ZXJzOnF1YWxpdHkoMTAwKS9uZWg=/UMsGj2N6nK_fss?st=yVPf0m-vCz9o99DYdlXUKBb5QJeAsH4ySFx1lpq7p28&ts=1720552699&e=0"]},{"title":"Realitná kancelária REMAX ponúka na predaj 2 iz. byt s 2 park. miestami v Bielom Kostole okr. Trnava","address":"Nevyplnená, Biely Kostol, okres Trnava","rooms":2,"meters":71,"totalPrice":113000,"meterSquarePrice":5,"link":"https://www.nehnutelnosti.sk/detail/Ju85Rj9skJh/realitna-kancelaria-remax-ponuka-na-predaj-2-iz-byt-s-2-park-miestami-v-bielom-kostole-okr-trnava","imagesUrls":["https://img.nehnutelnosti.sk/foto/NjAweDMzOC9maWx0ZXJzOnF1YWxpdHkoMTAwKS9uZWg=/o7gNxMBYj_fss?st=pYiHOUVm4YSj7DoVKhjp-cVi5sV6clgO5FE4Xm5JPA8&ts=1725975900&e=0"]},{"title":"Apartmán v apartmánovom dome ALMET na Donovaloch","address":"Nevyplnená, Donovaly, okres Banská Bystrica","rooms":2,"meters":46,"totalPrice":135000,"meterSquarePrice":8,"link":"https://www.nehnutelnosti.sk/detail/JukI7BBGKTl/apartman-v-apartmanovom-dome-almet-na-donovaloch","imagesUrls":["https://img.nehnutelnosti.sk/foto/NjAweDMzOC9maWx0ZXJzOnF1YWxpdHkoMTAwKS9uZWg=/ZgjvivCYi_fss?st=A7sLAvisoCg0_TsBj7yiKwfr0FHpwPl-Nhw-S4eSzj0&ts=1725967975&e=0"]},{"title":"PREDAJ: 3-izb.byt, 73m2, DUNAJSKÁ ul. – Staré mesto - BA I, ZARIADENÝ, 2x šatník, pivnica","address":"Dunajská, Bratislava I - Staré Mesto, okres Bratislava","rooms":3,"meters":73,"totalPrice":339900,"meterSquarePrice":6,"link":"https://www.nehnutelnosti.sk/detail/JuLQ-PjMy0e/predaj-3-izb-byt-73m2-dunajska-ul-stare-mesto-ba-i-zariadeny-2x-satnik-pivnica","imagesUrls":["https://img.nehnutelnosti.sk/foto/NjAweDMzOC9maWx0ZXJzOnF1YWxpdHkoMTAwKS9uZWg=/HVTtPzO811_fss?st=pCl9Frd7FPKJVlneq3su96_bE3uPm8XJNRbtgVV45v4&ts=1725900949&e=0"]},{"title":"ZNÍŽENÁ CENA! Predaj 3 izbového bytu v Dunajskej Strede, centrum mesta, 66 m2+loggia, rekonštrukcia","address":"Hlavná, Dunajská Streda, okres Dunajská Streda","rooms":3,"meters":70,"totalPrice":113000,"meterSquarePrice":9,"link":"https://www.nehnutelnosti.sk/detail/Ju6HKnQ2jef/znizena-cena-predaj-3-izboveho-bytu-v-dunajskej-strede-centrum-mesta-66-m2-loggia-rekonstrukcia","imagesUrls":["https://img.nehnutelnosti.sk/foto/NjAweDMzOC9maWx0ZXJzOnF1YWxpdHkoMTAwKS9uZWg=/-v_Z1oHgz_fss?st=O6UGZ7hVOvRogeK8MiclxH9fYyfTxAkPYZHQgyZY_yM&ts=1725878107&e=0"]},{"title":"PREDAJ, 2-izbový byt s balkónom, Vysoké Tatry, Dolný Smokovec/Pod Lesom","address":"Nevyplnená, Vysoké Tatry, okres Poprad","rooms":2,"meters":54,"totalPrice":159000,"meterSquarePrice":4,"link":"https://www.nehnutelnosti.sk/detail/Juo2B2TvjBg/predaj-2-izbovy-byt-s-balkonom-vysoke-tatry-dolny-smokovec-pod-lesom","imagesUrls":["https://img.nehnutelnosti.sk/foto/NjAweDMzOC9maWx0ZXJzOnF1YWxpdHkoMTAwKS9uZWg=/qDNBdMCjLm_fss?st=P_saXmliWjXwFaf4hOwBTmuam492S4awExwiRsTBjYw&ts=1725878116&e=0"]},{"title":"Na predaj - 3-izbový byt, loggia, výťah a garáž !!! Handlová","address":"Okružná, Handlová, okres Prievidza","rooms":3,"meters":63,"totalPrice":70000,"meterSquarePrice":1,"link":"https://www.nehnutelnosti.sk/detail/JuFCUovNKMx/na-predaj-3-izbovy-byt-loggia-vytah-a-garaz-handlova","imagesUrls":["https://img.nehnutelnosti.sk/foto/NjAweDMzOC9maWx0ZXJzOnF1YWxpdHkoMTAwKS9uZWg=/gGsfHcgI1_fss?st=lz1_Ogg-HwugWuSSvuak7g6lXiTSlIFTQS5CIbg3b3c&ts=1725817091&e=0"]},{"title":"Na predaj 1-izbový byt na sídlisku Palúdzka na Palučianskej ulici, Liptovský Mikuláš","address":"Palúčanská, Liptovský Mikuláš, okres Liptovský Mikuláš","rooms":1,"meters":36,"totalPrice":63000,"meterSquarePrice":7,"link":"https://www.nehnutelnosti.sk/detail/JuzNzwLCOEW/na-predaj-1-izbovy-byt-na-sidlisku-paludzka-na-palucianskej-ulici-liptovsky-mikulas","imagesUrls":["https://img.nehnutelnosti.sk/foto/NjAweDMzOC9maWx0ZXJzOnF1YWxpdHkoMTAwKS9uZWg=/GLwUDrXjw_fss?st=T5wt-9B7qXW2rkVEn1wQ5F5XAFLTqzTFbgXjfga88QM&ts=1719731752&e=0"]},{"title":"Na predaj 3 izbový byt s loggiou sídlisko Západ 1 v Spišskej Novej Vsi","address":"Kamenárska, Spišská Nová Ves, okres Spišská Nová Ves","rooms":3,"meters":72,"totalPrice":105000,"meterSquarePrice":3,"link":"https://www.nehnutelnosti.sk/detail/JuACLgp2suL/na-predaj-3-izbovy-byt-s-loggiou-sidlisko-zapad-1-v-spisskej-novej-vsi","imagesUrls":["https://img.nehnutelnosti.sk/foto/NjAweDMzOC9maWx0ZXJzOnF1YWxpdHkoMTAwKS9uZWg=/8J6X1zDob_fss?st=8TNXCqascLA4tIo0WnUDnkn5tluBnh5VQNsVbtqlqNg&ts=1692081977&e=0"]},{"title":"Na predaj  3-izbový byt s lodžiou Levoča, sídlisko Západ, v tichej lokalite s dostatkom parkovania a","address":"Jána Francisciho, Levoča, okres Levoča","rooms":3,"meters":72,"totalPrice":115000,"meterSquarePrice":2,"link":"https://www.nehnutelnosti.sk/detail/JukG3EaB0fY/na-predaj-3-izbovy-byt-s-lodziou-levoca-sidlisko-zapad-v-tichej-lokalite-s-dostatkom-parkovania-a","imagesUrls":["https://img.nehnutelnosti.sk/foto/NjAweDMzOC9maWx0ZXJzOnF1YWxpdHkoMTAwKS9uZWg=/WSXN3fvhRR_fss?st=qWUE5hkxiQEauLjkbGmq5occGNzf7FUCKdkrSfmBG9Q&ts=1709060489&e=0"]},{"title":"Veľký 3 izb.byt, 80m2, Košice Ťahanovce, Sofijska ul","address":"Sofijská, Košice I - Sídlisko Ťahanovce, okres Košice","rooms":3,"meters":80,"totalPrice":152890,"meterSquarePrice":3,"link":"https://www.nehnutelnosti.sk/detail/JuHHvGwa4sL/velky-3-izb-byt-80m2-kosice-tahanovce-sofijska-ul","imagesUrls":["https://img.nehnutelnosti.sk/foto/NjAweDMzOC9maWx0ZXJzOnF1YWxpdHkoMTAwKS9uZWg=/nmObB2IEF-_fss?st=NHtnT6PTVF5JW_-_Q7oaBMCyy5DTLBDGwCmrQbE64KY&ts=1725741236&e=0"]},{"title":"3 izbový  PRAŽSKÝ byt, 69m2, Buzulucká, Košice Dargovských hrdinov","address":"Buzulucká, Košice III - Dargovských Hrdinov, okres Košice","rooms":3,"meters":69,"totalPrice":163000,"meterSquarePrice":2,"link":"https://www.nehnutelnosti.sk/detail/Ju7w3noG6N9/3-izbovy-prazsky-byt-69m2-buzulucka-kosice-dargovskych-hrdinov","imagesUrls":["https://img.nehnutelnosti.sk/foto/NjAweDMzOC9maWx0ZXJzOnF1YWxpdHkoMTAwKS9uZWg=/Izon__gnV3_fss?st=CdXMRBZMn_cVR2rHmHpme-_S_ACMWmp8bnhlXTME3bo&ts=1725734751&e=0"]},{"title":"Predaj 3 izbový byt Nitra Janíkovce EXKLUZÍVNE","address":"Nevyplnená, Nitra, okres Nitra","rooms":3,"meters":72,"totalPrice":189000,"meterSquarePrice":5,"link":"https://www.nehnutelnosti.sk/detail/JuKWfHdIVWs/predaj-3-izbovy-byt-nitra-janikovce-exkluzivne","imagesUrls":["https://img.nehnutelnosti.sk/foto/NjAweDMzOC9maWx0ZXJzOnF1YWxpdHkoMTAwKS9uZWg=/XT7HIMj3F_fss?st=-lJzTlI_8S4LA4OV6XJe6xO9QSE3TfdSWDKLnY9NAQI&ts=1725640121&e=0"]},{"title":"Predaj 3 izbový byt Nitra Chrenová","address":"Lomnická, Nitra, okres Nitra","rooms":3,"meters":74,"totalPrice":179900,"meterSquarePrice":8,"link":"https://www.nehnutelnosti.sk/detail/Juy4lRr1zgO/predaj-3-izbovy-byt-nitra-chrenova","imagesUrls":["https://img.nehnutelnosti.sk/foto/NjAweDMzOC9maWx0ZXJzOnF1YWxpdHkoMTAwKS9uZWg=/x-n2m8X41P_fss?st=z9-duboh6RahoQHUNeL_ohGkqW19QhLZGuQVx5FhMgI&ts=1725548607&e=0"]},{"title":"Na predaj 3-izbový byt v centre mesta Malacky","address":"Záhorácka, Malacky, okres Malacky","rooms":3,"meters":74,"totalPrice":158000,"meterSquarePrice":4,"link":"https://www.nehnutelnosti.sk/detail/JuvR0ltlU8p/na-predaj-3-izbovy-byt-v-centre-mesta-malacky","imagesUrls":["https://img.nehnutelnosti.sk/foto/NjAweDMzOC9maWx0ZXJzOnF1YWxpdHkoMTAwKS9uZWg=/TCkTXg3qg_fss?st=W6MDF4HdRUtB1zJd28y0g7NVNhPrO1WPORhA-u5XWrQ&ts=1725637962&e=0"]},{"title":"✅Zrekonštruovaný 2,5i byt pri Račianskom mýte, balkón, 3/11, orientácia mimo hl. cestu","address":"Jozefa Cígera Hronského, Bratislava III - Nové Mesto, okres Bratislava","rooms":2,"meters":60,"totalPrice":239000,"meterSquarePrice":3,"link":"https://www.nehnutelnosti.sk/detail/JudfN8lKhi1/zrekonstruovany-2-5i-byt-pri-racianskom-myte-balkon-3-11-orientacia-mimo-hl-cestu","imagesUrls":["https://img.nehnutelnosti.sk/foto/NjAweDMzOC9maWx0ZXJzOnF1YWxpdHkoMTAwKS9uZWg=/wUuzhli-h_fss?st=E_7AaSMjCOb0uTw4P5H5HBoCPgVzRElEhK7SywVMweo&ts=1726492714&e=0"]},{"title":"Predaj 3 izbového bytu Skalica","address":"Hurbanova, Skalica, okres Skalica","rooms":3,"meters":62,"totalPrice":100000,"meterSquarePrice":0,"link":"https://www.nehnutelnosti.sk/detail/JucGlpPFwVh/predaj-3-izboveho-bytu-skalica","imagesUrls":["https://img.nehnutelnosti.sk/foto/NjAweDMzOC9maWx0ZXJzOnF1YWxpdHkoMTAwKS9uZWg=/2hc8KTl7FK_fss?st=UXcH6AmS-7KJSoLIsBcvXciDmpMnbOcySWgTO1OSb00&ts=1725459252&e=0"]},{"title":"3 izbový byt  v centre mesta  Humenné, na predaj.","address":"Ševčenkova, Humenné, okres Humenné","rooms":3,"meters":75,"totalPrice":104000,"meterSquarePrice":7,"link":"https://www.nehnutelnosti.sk/detail/Juycwtd2xBl/3-izbovy-byt-v-centre-mesta-humenne-na-predaj","imagesUrls":["https://img.nehnutelnosti.sk/foto/NjAweDMzOC9maWx0ZXJzOnF1YWxpdHkoMTAwKS9uZWg=/-c6rqZDyK_fss?st=KV-J4L3nj_Z7jCEmMHYGVVHxWMRok_j6r1WlNt964h0&ts=1725454517&e=0"]},{"title":"Predaj 1 izbový byt Nitra","address":"Alexyho, Nitra, okres Nitra","rooms":1,"meters":37,"totalPrice":110000,"meterSquarePrice":7,"link":"https://www.nehnutelnosti.sk/detail/JuJw3QYpECI/predaj-1-izbovy-byt-nitra","imagesUrls":["https://img.nehnutelnosti.sk/foto/NjAweDMzOC9maWx0ZXJzOnF1YWxpdHkoMTAwKS9uZWg=/jYYq3diYO_fss?st=j6vJbtjlDgQ0KHLaVFMIljNYeX9-XyyxEyYUkl3HPh4&ts=1725313997&e=0"]},{"title":"Predaj veľký 2 izbový byt + 2x balkón Levice centrum.","address":"Okružná, Levice, okres Levice","rooms":2,"meters":65,"totalPrice":83000,"meterSquarePrice":2,"link":"https://www.nehnutelnosti.sk/detail/JupO9gRbQcI/predaj-velky-2-izbovy-byt-2x-balkon-levice-centrum","imagesUrls":["https://img.nehnutelnosti.sk/foto/NjAweDMzOC9maWx0ZXJzOnF1YWxpdHkoMTAwKS9uZWg=/ExidqGqP1C_fss?st=VtcmARYPOCo699Holm8RMrJI7N6j2qok9E2MrR0iMvI&ts=1725307721&e=0"]},{"title":"Na predaj 4-izbový byt v obci Veľké Leváre","address":"Nevyplnená, Veľké Leváre, okres Malacky","rooms":4,"meters":104,"totalPrice":199800,"meterSquarePrice":5,"link":"https://www.nehnutelnosti.sk/detail/Ju8RshnWZkl/na-predaj-4-izbovy-byt-v-obci-velke-levare","imagesUrls":["https://img.nehnutelnosti.sk/foto/NjAweDMzOC9maWx0ZXJzOnF1YWxpdHkoMTAwKS9uZWg=/9327BQ_gC_fss?st=DsA4_VuIggLEYkczTgezViIzs0ha4JOssWxTowHjbwc&ts=1726910352&e=0"]},{"title":"NA PREDAJ 1-izbový byt s lodžiou, Nová Dubnica - ul. J. Kráľa - 36 m2","address":"Janka Kráľa, Nová Dubnica, okres Ilava","rooms":1,"meters":36,"totalPrice":66900,"meterSquarePrice":3,"link":"https://www.nehnutelnosti.sk/detail/JuvHeFhuMc-/na-predaj-1-izbovy-byt-s-lodziou-nova-dubnica-ul-j-krala-36-m2","imagesUrls":["https://img.nehnutelnosti.sk/foto/NjAweDMzOC9maWx0ZXJzOnF1YWxpdHkoMTAwKS9uZWg=/QLgmArYaHd_fss?st=mPgic2nB-rqNq7RbkR0i4oMLCHMlbz3dVRjpJ5kzAHA&ts=1725705879&e=0"]},{"title":"Predaj 4 izbový byt v Šamoríne","address":"Mliečňanská, Šamorín, okres Dunajská Streda","rooms":4,"meters":81,"totalPrice":155000,"meterSquarePrice":8,"link":"https://www.nehnutelnosti.sk/detail/JuIFqWM3INQ/predaj-4-izbovy-byt-v-samorine","imagesUrls":["https://img.nehnutelnosti.sk/foto/NjAweDMzOC9maWx0ZXJzOnF1YWxpdHkoMTAwKS9uZWg=/NI_J1h6T2_fss?st=xv5J3ZtaqpuiOAcq7QfGmGVSoohpQP7576ezxf0VTwE&ts=1725028408&e=0"]},{"title":"2 izbový byt na ulici Ševčenkovej v Humennom, na predaj.","address":"Ševčenkova, Humenné, okres Humenné","rooms":2,"meters":53,"totalPrice":82500,"meterSquarePrice":0,"link":"https://www.nehnutelnosti.sk/detail/Ju1Q3TwITPa/2-izbovy-byt-na-ulici-sevcenkovej-v-humennom-na-predaj","imagesUrls":["https://img.nehnutelnosti.sk/foto/NjAweDMzOC9maWx0ZXJzOnF1YWxpdHkoMTAwKS9uZWg=/RU-p-mqIsJ_fss?st=RZjf0EB9CaZKA-IJpInOgY4p2Fsd6U2aNz2TWb8aj2U&ts=1724868979&e=0"]},{"title":"=RE/MAX= Byt pre každú generáciu","address":"Pažite, Myjava, okres Myjava","rooms":2,"meters":45,"totalPrice":104000,"meterSquarePrice":1,"link":"https://www.nehnutelnosti.sk/detail/JuvlZpXmDj7/re-max-byt-pre-kazdu-generaciu","imagesUrls":["https://img.nehnutelnosti.sk/foto/NjAweDMzOC9maWx0ZXJzOnF1YWxpdHkoMTAwKS9uZWg=/sQQPFhiGI_fss?st=0prDIjwG9ypoMLoVaMEwqB0cIFYgT-UjhhCazm-xZKU&ts=1725045563&e=0"]},{"title":"Predaj: 2 izbový byt, Dunajská Streda, Poľná cesta, 70,17 m2, 1 parkovisko, kolaudované","address":"Poľná, Dunajská Streda, okres Dunajská Streda","rooms":2,"meters":70,"totalPrice":137520,"meterSquarePrice":7,"link":"https://www.nehnutelnosti.sk/detail/Ju8M9vkVK2E/predaj-2-izbovy-byt-dunajska-streda-polna-cesta-70-17-m2-1-parkovisko-kolaudovane","imagesUrls":["https://img.nehnutelnosti.sk/foto/NjAweDMzOC9maWx0ZXJzOnF1YWxpdHkoMTAwKS9uZWg=/LER6LTrFr_fss?st=azFLJxNIwXjazc0JeyZr7dbatwYBbp-kv4YtY_hhOwE&ts=1726925619&e=0"]},{"title":"Predaj 1 i. byt  po kompletnej rekonštrukcii, Homolova ul., Bratislava IV - Dúbravka","address":"Homolova, Bratislava IV - Dúbravka, okres Bratislava","rooms":1,"meters":38,"totalPrice":129500,"meterSquarePrice":9,"link":"https://www.nehnutelnosti.sk/detail/Ju_GPJh9iW6/predaj-1-i-byt-po-kompletnej-rekonstrukcii-homolova-ul-bratislava-iv-dubravka","imagesUrls":["https://img.nehnutelnosti.sk/foto/NjAweDMzOC9maWx0ZXJzOnF1YWxpdHkoMTAwKS9uZWg=/wk7X0c4y7_fss?st=xM1_1xlRraJPUpUC-5j7E7hpO5uIlA68av_Epgi_hfQ&ts=1724683091&e=0"]},{"title":"Na predaj: 3 izbový byt, 76m2, Dunajská Streda, Nová Ves","address":"Nevyplnená, Dunajská Streda, okres Dunajská Streda","rooms":3,"meters":76,"totalPrice":93000,"meterSquarePrice":8,"link":"https://www.nehnutelnosti.sk/detail/Juh5rS5b8bx/na-predaj-3-izbovy-byt-76m2-dunajska-streda-nova-ves","imagesUrls":["https://img.nehnutelnosti.sk/foto/NjAweDMzOC9maWx0ZXJzOnF1YWxpdHkoMTAwKS9uZWg=/j1s-9pKD0D_fss?st=PnAKL-kso5L8pQtHAhThWsQAvreviDYBag9gv9AUv7E&ts=1724700768&e=0"]}]