[{"title":"Pripravujeme na predaj priestranný 3-izbový  byt v TOP lokalite Žilina o výmere 125 m2 s terasou","address":"Žilina, okres Žilina","rooms":3,"meters":125,"totalPrice":358000,"meterSquarePrice":4,"link":"https://www.nehnutelnosti.sk/detail/JuKYOsg9ds6b/pripravujeme-na-predaj-priestranny-3-izbovy-byt-v-top-lokalite-zilina-o-vymere-125-m2-s-terasou","imagesUrls":["https://img.nehnutelnosti.sk/foto/NjAweDMzOC9maWx0ZXJzOnF1YWxpdHkoMTAwKS9uZWg=/3gWuhPPoQ_fss?st=RbZZHehYmNDV9jvpmjLYws-_i1cATuuZai9-uU8r2Kk&ts=1723029601&e=0"]},{"title":"Na predaj 3-izbový veľký priestranný byt na sídlisku Ťahanovce","address":"Košice I - Ťahanovce, okres Košice","rooms":3,"meters":80,"totalPrice":152950,"meterSquarePrice":2,"link":"https://www.nehnutelnosti.sk/detail/JuhrSCHediSF/na-predaj-3-izbovy-velky-priestranny-byt-na-sidlisku-tahanovce","imagesUrls":["https://img.nehnutelnosti.sk/foto/NjAweDMzOC9maWx0ZXJzOnF1YWxpdHkoMTAwKS9uZWg=/dcO63mAcT8_fss?st=VHsl0vfV1yC4sCIp6KO5qRVaSYx3KK9VRFO111TaXno&ts=1723107878&e=0"]},{"title":"Bývanie v meste v dotyku s prírodou: 3-izbový BYT, Bratislava - RAČA, 63,31 m2","address":"Bratislava III - Rača, okres Bratislava","rooms":3,"meters":63,"totalPrice":219580,"meterSquarePrice":3,"link":"https://www.nehnutelnosti.sk/detail/JuoWVJnaXM3/byvanie-v-meste-v-dotyku-s-prirodou-3-izbovy-byt-bratislava-raca-63-31-m2","imagesUrls":["https://img.nehnutelnosti.sk/foto/NjAweDMzOC9maWx0ZXJzOnF1YWxpdHkoMTAwKS9uZWg=/74qg424Bb_fss?st=DcDU2uFN4Yg1Qr6M0gdqYKktKEy7NtQMbMVhQrVaA-A&ts=1724408272&e=0"]},{"title":"Na predaj 3-izbový veľký priestranný byt na sídlisku Ťahanovce","address":"Košice I - Ťahanovce, okres Košice","rooms":3,"meters":81,"totalPrice":142950,"meterSquarePrice":5,"link":"https://www.nehnutelnosti.sk/detail/JutDPNaHs5x/na-predaj-3-izbovy-velky-priestranny-byt-na-sidlisku-tahanovce","imagesUrls":["https://img.nehnutelnosti.sk/foto/NjAweDMzOC9maWx0ZXJzOnF1YWxpdHkoMTAwKS9uZWg=/dFLAHHvkI_fss?st=_Do8Eqmf4_baLesC0jngOkiXp-yAQkgt5HmYmG_YAvw&ts=1723129552&e=0"]},{"title":"Veľmi pekný 3izbový byt/75,4m2  Dolný Kubín Brezovec","address":"Dolný Kubín, okres Dolný Kubín","rooms":3,"meters":75,"totalPrice":135000,"meterSquarePrice":5,"link":"https://www.nehnutelnosti.sk/detail/JuRqIhcYF_M/velmi-pekny-3izbovy-byt-75-4m2-dolny-kubin-brezovec","imagesUrls":["https://img.nehnutelnosti.sk/foto/NjAweDMzOC9maWx0ZXJzOnF1YWxpdHkoMTAwKS9uZWg=/3hqqya7EY_fss?st=h516oMb2hjfyswHaMrJsgHvOTZVq20STdedQsMh_ShQ&ts=1725715180&e=0"]},{"title":"Na predaj 3 izbový byt v Liptovskej Tepličke","address":"Liptovská Teplička, okres Poprad","rooms":3,"meters":68,"totalPrice":90000,"meterSquarePrice":3,"link":"https://www.nehnutelnosti.sk/detail/JuTU_0GxTpN/na-predaj-3-izbovy-byt-v-liptovskej-teplicke","imagesUrls":["https://img.nehnutelnosti.sk/foto/NjAweDMzOC9maWx0ZXJzOnF1YWxpdHkoMTAwKS9uZWg=/RcSE9enRUU_fss?st=Mb9e_5FAK08pmOrkC90t4Bzk-zvl3rDSxOfIh7XmorM&ts=1725330185&e=0"]},{"title":"Na predaj veľký priestranný 2-izbový byt pôvodne 3-izbový na sídlisku Ťahanovce","address":"Košice I - Ťahanovce, okres Košice","rooms":2,"meters":69,"totalPrice":147990,"meterSquarePrice":8,"link":"https://www.nehnutelnosti.sk/detail/JuAIXmCdae-/na-predaj-velky-priestranny-2-izbovy-byt-povodne-3-izbovy-na-sidlisku-tahanovce","imagesUrls":["https://img.nehnutelnosti.sk/foto/NjAweDMzOC9maWx0ZXJzOnF1YWxpdHkoMTAwKS9uZWg=/JIfy8NgXw_fss?st=v_ywJWKIH-dIxCev79feLtu5yV4RFrg3Pspw9vl5ohA&ts=1723107884&e=0"]},{"title":"NA PREDAJ VEĽKOMETRÁŽNY (86 m2) 4-IZBOVÝ BYT SO ZÁHRADOU (96 m2) A BALKÓNOM! ORECHOVÉ - TRENČÍN.","address":"Trenčín, okres Trenčín","rooms":4,"meters":86,"totalPrice":155000,"meterSquarePrice":3,"link":"https://www.nehnutelnosti.sk/detail/Juo1Z_lZAL7/na-predaj-velkometrazny-86-m2-4-izbovy-byt-so-zahradou-96-m2-a-balkonom-orechove-trencin","imagesUrls":["https://img.nehnutelnosti.sk/foto/NjAweDMzOC9maWx0ZXJzOnF1YWxpdHkoMTAwKS9uZWg=/OUOTjmQs4_fss?st=Hc_SyJEg-wJNVMbFPgK1176yW97_pbEOzfZq-NdnOiE&ts=1722937252&e=0"]},{"title":"KOMPLETNE PREROBENÝ 2 IZBOVÝ BYT, SIHOŤ I, TRENČÍN","address":"Trenčín, okres Trenčín","rooms":2,"meters":49,"totalPrice":137550,"meterSquarePrice":4,"link":"https://www.nehnutelnosti.sk/detail/JunbE17i4_u/kompletne-prerobeny-2-izbovy-byt-sihot-i-trencin","imagesUrls":["https://img.nehnutelnosti.sk/foto/NjAweDMzOC9maWx0ZXJzOnF1YWxpdHkoMTAwKS9uZWg=/XYd6PXpf5_fss?st=mmuNgn245fcFiBZSfsgWjCGQ09TW26QJf7B0EkKGCZs&ts=1726377865&e=0"]},{"title":"Na predaj 3 izbový byt neďaleko centra","address":"Prešov, okres Prešov","rooms":3,"meters":54,"totalPrice":137500,"meterSquarePrice":0,"link":"https://www.nehnutelnosti.sk/detail/JuTXcWKcbjL/na-predaj-3-izbovy-byt-nedaleko-centra","imagesUrls":["https://img.nehnutelnosti.sk/foto/NjAweDMzOC9maWx0ZXJzOnF1YWxpdHkoMTAwKS9uZWg=/dsvTy3nvn_fss?st=8JIpqieV8XMGpYGjSyfE17eESSjh24kCn0-n4kH-1Nc&ts=1722934903&e=0"]},{"title":"NA PREDAJ 2 izbový byt 61,8 m2 v Handlovej","address":"Handlová, okres Prievidza","rooms":2,"meters":61,"totalPrice":55500,"meterSquarePrice":6,"link":"https://www.nehnutelnosti.sk/detail/Ju0JE7W__DT/na-predaj-2-izbovy-byt-61-8-m2-v-handlovej","imagesUrls":["https://img.nehnutelnosti.sk/foto/NjAweDMzOC9maWx0ZXJzOnF1YWxpdHkoMTAwKS9uZWg=/MtO75UZQm_fss?st=KTIKq0ITzwjEgvj1kRRSsi0olCuFg-ojK2nFRvcF8Rc&ts=1722594737&e=0"]},{"title":"Na predaj 3 izbový byt Martin časť SEVER","address":"Martin, okres Martin","rooms":3,"meters":64,"totalPrice":155000,"meterSquarePrice":8,"link":"https://www.nehnutelnosti.sk/detail/Ju-Q8eORwYo/na-predaj-3-izbovy-byt-martin-cast-sever","imagesUrls":["https://img.nehnutelnosti.sk/foto/NjAweDMzOC9maWx0ZXJzOnF1YWxpdHkoMTAwKS9uZWg=/M9SzHDoBM_fss?st=ARMd9ai_6kgw8hcVMiqdu8puDro1WcjG13V6nMU5U-8&ts=1722844906&e=0"]},{"title":"Na predaj krásny priestranný 2i byt v novostavbe Forest Park, na ulici Mokrohájska cesta, pri Železn","address":"Bratislava IV - Karlova Ves, okres Bratislava","rooms":2,"meters":59,"totalPrice":260000,"meterSquarePrice":1,"link":"https://www.nehnutelnosti.sk/detail/JuCkmrK8LZo/na-predaj-krasny-priestranny-2i-byt-v-novostavbe-forest-park-na-ulici-mokrohajska-cesta-pri-zelezn","imagesUrls":["https://img.nehnutelnosti.sk/foto/NjAweDMzOC9maWx0ZXJzOnF1YWxpdHkoMTAwKS9uZWg=/O7D_BPJHS_fss?st=npaYOV8O6ubO4q-rWn8UEy9txSUq80Bf27eFFwgLuz8&ts=1723647324&e=0"]},{"title":"EXLUZÍVNY, moderný 3 izbový byt so ZÁHRADOU, MALINOVO, 126 m2","address":"Malinovo, okres Senec","rooms":3,"meters":85,"totalPrice":249580,"meterSquarePrice":4,"link":"https://www.nehnutelnosti.sk/detail/JuRMjNVSJKL/exluzivny-moderny-3-izbovy-byt-so-zahradou-malinovo-126-m2","imagesUrls":["https://img.nehnutelnosti.sk/foto/NjAweDMzOC9maWx0ZXJzOnF1YWxpdHkoMTAwKS9uZWg=/b1GJeFl9Og_fss?st=ro676EolwGToZ8I29cHOsGdH3wrzUexpxUGtXEKrioo&ts=1722799024&e=0"]},{"title":"Pripravujeme - Štvorizbový byt po staršej kompletnej rekonštrukcii v Piešťanoch - ulica Mateja Bela","address":"Piešťany, okres Piešťany","rooms":4,"meters":81,"totalPrice":165000,"meterSquarePrice":4,"link":"https://www.nehnutelnosti.sk/detail/JuHeeXWigfM/pripravujeme-stvorizbovy-byt-po-starsej-kompletnej-rekonstrukcii-v-piestanoch-ulica-mateja-bela","imagesUrls":["https://img.nehnutelnosti.sk/foto/NjAweDMzOC9maWx0ZXJzOnF1YWxpdHkoMTAwKS9uZWg=/gImMSYiFsx_fss?st=2khBPgjmnYhbOsWW4bIHweuk9V8rsGVVl1G3DMfuxnk&ts=1722593168&e=0"]},{"title":"Pripravujeme na predaj 1,5 izbový byt v pôvodnom stave","address":"Prešov, okres Prešov","rooms":2,"meters":40,"totalPrice":79980,"meterSquarePrice":0,"link":"https://www.nehnutelnosti.sk/detail/JuvHD5qaIIG/pripravujeme-na-predaj-1-5-izbovy-byt-v-povodnom-stave","imagesUrls":["https://img.nehnutelnosti.sk/foto/NjAweDMzOC9maWx0ZXJzOnF1YWxpdHkoMTAwKS9uZWg=/Z94BuUxWM_fss?st=l0GVnqPEwRJDSJCX7ZMPEnTxlmI4JuUTfJPCMTJvv7M&ts=1722863767&e=0"]},{"title":"Kompletne zrekonštruovaný 3-izbový byt v Záhorskej Vsi","address":"Záhorská Ves, okres Malacky","rooms":3,"meters":65,"totalPrice":80000,"meterSquarePrice":7,"link":"https://www.nehnutelnosti.sk/detail/Jupw90BSoFe/kompletne-zrekonstruovany-3-izbovy-byt-v-zahorskej-vsi","imagesUrls":["https://img.nehnutelnosti.sk/foto/NjAweDMzOC9maWx0ZXJzOnF1YWxpdHkoMTAwKS9uZWg=/nXliYWDnE_fss?st=8k7k6_ih9sFS_autq1oJr8tQk1Uc3iQcNtMde3IL1DA&ts=1722579402&e=0"]},{"title":"TUreality ponúka na predaj 2-izbový byt v meste Žiar nad Hronom, 45,5m2","address":"Žiar nad Hronom, okres Žiar nad Hronom","rooms":2,"meters":46,"totalPrice":39999,"meterSquarePrice":4,"link":"https://www.nehnutelnosti.sk/detail/Ju75Hifyx8Y/tureality-ponuka-na-predaj-2-izbovy-byt-v-meste-ziar-nad-hronom-45-5m2","imagesUrls":["https://img.nehnutelnosti.sk/foto/NjAweDMzOC9maWx0ZXJzOnF1YWxpdHkoMTAwKS9uZWg=/MLIXWm-q2_fss?st=RD-x_ehFJi1jKcj2N275ye5ggUyHYej9ckb6pheS0t0&ts=1722515641&e=0"]},{"title":"Ponúkame na predaj zrekonštruovaný 1 izbový byt v tichej a dostupnej lokalite na sídlisku Železníky","address":"Košice IV - Juh, okres Košice","rooms":1,"meters":36,"totalPrice":115000,"meterSquarePrice":4,"link":"https://www.nehnutelnosti.sk/detail/JuTPH-tsAeAT/ponukame-na-predaj-zrekonstruovany-1-izbovy-byt-v-tichej-a-dostupnej-lokalite-na-sidlisku-zelezniky","imagesUrls":["https://img.nehnutelnosti.sk/foto/NjAweDMzOC9maWx0ZXJzOnF1YWxpdHkoMTAwKS9uZWg=/s99NOghh1t_fss?st=ctNe4FgVZT36-2nq4z8_YkFHUbrXWTFm0F20_HD-5GI&ts=1722523462&e=0"]},{"title":"4-izbový byt so v novostavbe so Záhradkou","address":"Nitra, okres Nitra","rooms":4,"meters":95,"totalPrice":145980,"meterSquarePrice":3,"link":"https://www.nehnutelnosti.sk/detail/Ju3vy7o_PpH/4-izbovy-byt-so-v-novostavbe-so-zahradkou","imagesUrls":["https://img.nehnutelnosti.sk/foto/NjAweDMzOC9maWx0ZXJzOnF1YWxpdHkoMTAwKS9uZWg=/tuzeQENzv_fss?st=mHyI-lt7bs5xn-Q9bmjIPPQdwXRMTaDW_4LFegqbFEk&ts=1722437623&e=0"]},{"title":"3-izbový byt Bratislava-Ružinov, pôvodný stav","address":"Bratislava II - Ružinov, okres Bratislava","rooms":3,"meters":65,"totalPrice":189980,"meterSquarePrice":7,"link":"https://www.nehnutelnosti.sk/detail/JundrS7WzPy/3-izbovy-byt-bratislava-ruzinov-povodny-stav","imagesUrls":["https://img.nehnutelnosti.sk/foto/NjAweDMzOC9maWx0ZXJzOnF1YWxpdHkoMTAwKS9uZWg=/NMGz0eDOy_fss?st=yWTOlsJycmEHR9Av9CsQe0n9MlwsXf9kpSn7LQnCpvA&ts=1722367193&e=0"]},{"title":"2-IZBOVÝ BYT,RUŽINOV-NIVY,PROJEKT-ZWIRN,BALKÓN,PARKING,60m2","address":"Bratislava II - Ružinov, okres Bratislava","rooms":2,"meters":60,"totalPrice":328000,"meterSquarePrice":7,"link":"https://www.nehnutelnosti.sk/detail/JuJU6-3iJ4M/2-izbovy-byt-ruzinov-nivy-projekt-zwirn-balkon-parking-60m2","imagesUrls":["https://img.nehnutelnosti.sk/foto/NjAweDMzOC9maWx0ZXJzOnF1YWxpdHkoMTAwKS9uZWg=/ajiCrqG9FJ_fss?st=3NFfdeEgv-o7yHDQk97_6ZVBBANEvEB2KdQ6Cq6jKD4&ts=1723646702&e=0"]},{"title":"TUreality ponúka na predaj 3 - izbový byt – 65 m² v meste Veľký Meder.","address":"Veľký Meder, okres Dunajská Streda","rooms":3,"meters":65,"totalPrice":89980,"meterSquarePrice":1,"link":"https://www.nehnutelnosti.sk/detail/JuCWPv77uIp/tureality-ponuka-na-predaj-3-izbovy-byt-65-m-v-meste-velky-meder","imagesUrls":["https://img.nehnutelnosti.sk/foto/NjAweDMzOC9maWx0ZXJzOnF1YWxpdHkoMTAwKS9uZWg=/HWDmukQu9G_fss?st=jwLmlbA6oDIznfEUJfJ54-b3mOoS_jYRxGd7R0TFO8Y&ts=1722426360&e=0"]},{"title":"Ponúkame na predaj 2 izb. byt v pôvodnom stave v Banskej Bystrici 60,3m2","address":"Banská Bystrica, okres Banská Bystrica","rooms":2,"meters":60,"totalPrice":135000,"meterSquarePrice":1,"link":"https://www.nehnutelnosti.sk/detail/JupvaBm8ilJ/ponukame-na-predaj-2-izb-byt-v-povodnom-stave-v-banskej-bystrici-60-3m2","imagesUrls":["https://img.nehnutelnosti.sk/foto/NjAweDMzOC9maWx0ZXJzOnF1YWxpdHkoMTAwKS9uZWg=/kRnb1uZZ2_fss?st=uunBtt2_zRQkRxs5ueYLSM8MIepipaAwEQx6-1egW9U&ts=1722426350&e=0"]},{"title":"TUreality pripravuje na predaj 2-izbový byt v centre Piešťan s garážou, záhradou a bazénom","address":"Piešťany, okres Piešťany","rooms":2,"meters":58,"totalPrice":219000,"meterSquarePrice":6,"link":"https://www.nehnutelnosti.sk/detail/JuvFS5dW_wu/tureality-pripravuje-na-predaj-2-izbovy-byt-v-centre-piestan-s-garazou-zahradou-a-bazenom","imagesUrls":["https://img.nehnutelnosti.sk/foto/NjAweDMzOC9maWx0ZXJzOnF1YWxpdHkoMTAwKS9uZWg=/WWfA_St9A_fss?st=jFPQ8nqfhGEoO5dFVHQqro_eT_FdTBpmwGdchPj8VZ8&ts=1722421561&e=0"]},{"title":"Byt 2 izbový s balkónom, Prešov, Pavlovičovo námestie, 3. posch., 59 m2","address":"Prešov, okres Prešov","rooms":2,"meters":59,"totalPrice":125000,"meterSquarePrice":4,"link":"https://www.nehnutelnosti.sk/detail/JugnCUulWbY/byt-2-izbovy-s-balkonom-presov-pavlovicovo-namestie-3-posch-59-m2","imagesUrls":["https://img.nehnutelnosti.sk/foto/NjAweDMzOC9maWx0ZXJzOnF1YWxpdHkoMTAwKS9uZWg=/ZyUs1-5xnW_fss?st=d3AglQVbWMSEU7GFnWhpGIrsrgKXc9sOEuECjCU7x8w&ts=1722440900&e=0"]},{"title":"veľký 1i byt - Bratislava-Ružinov-Nivy po rekonštrukcii","address":"Bratislava II - Ružinov, okres Bratislava","rooms":1,"meters":41,"totalPrice":172980,"meterSquarePrice":2,"link":"https://www.nehnutelnosti.sk/detail/Ju1IeOh93o3/velky-1i-byt-bratislava-ruzinov-nivy-po-rekonstrukcii","imagesUrls":["https://img.nehnutelnosti.sk/foto/NjAweDMzOC9maWx0ZXJzOnF1YWxpdHkoMTAwKS9uZWg=/EKPBSE66__fss?st=uzVId6XOdpQHiZajPDzxL0AIJ7R1kDPH6CxdAjrG_E0&ts=1722453488&e=0"]},{"title":"Na predaj 1 izbový byt s krásnym výhľadom na mesto Košice","address":"Košice IV - Juh, okres Košice","rooms":1,"meters":35,"totalPrice":135980,"meterSquarePrice":4,"link":"https://www.nehnutelnosti.sk/detail/Jurm3hcpl3X/na-predaj-1-izbovy-byt-s-krasnym-vyhladom-na-mesto-kosice","imagesUrls":["https://img.nehnutelnosti.sk/foto/NjAweDMzOC9maWx0ZXJzOnF1YWxpdHkoMTAwKS9uZWg=/Jc_wz-0YB_fss?st=MvPp_orWxUMMLn-NDg0OlB0g2IUDhhTSv1EtYeR2Jqc&ts=1722348984&e=0"]},{"title":"Praktický 1 izbový byt s balkónom, PEZINOK, 32,1 m2","address":"Pezinok, okres Pezinok","rooms":1,"meters":32,"totalPrice":113980,"meterSquarePrice":8,"link":"https://www.nehnutelnosti.sk/detail/JuIWEAq70CY/prakticky-1-izbovy-byt-s-balkonom-pezinok-32-1-m2","imagesUrls":["https://img.nehnutelnosti.sk/foto/NjAweDMzOC9maWx0ZXJzOnF1YWxpdHkoMTAwKS9uZWg=/kaxp7LaCA_fss?st=pFWaeuwo2A5docrRskEmmDbnWpK7bxTfOrgy8XPLRYM&ts=1722329091&e=0"]},{"title":"NA PREDAJ 2-IZBOVÝ BYT V DUBNICI NAD VÁHOM  S VÝMEROU 58 M2","address":"Dubnica nad Váhom, okres Ilava","rooms":2,"meters":58,"totalPrice":102000,"meterSquarePrice":2,"link":"https://www.nehnutelnosti.sk/detail/Juq3A4t3W6t/na-predaj-2-izbovy-byt-v-dubnici-nad-vahom-s-vymerou-58-m2","imagesUrls":["https://img.nehnutelnosti.sk/foto/NjAweDMzOC9maWx0ZXJzOnF1YWxpdHkoMTAwKS9uZWg=/U8q9bnTfB_fss?st=ifp6FFhBQMK1wmN07NJBEelrgorJOO_NcDY5K5WFJVg&ts=1725522603&e=0"]}]