[{"title":"Na predaj slnečný 4-izbový byt s balkónom a garážou v obci Nadlice, 72 m2","address":"Nadlice, okres Partizánske","rooms":4,"meters":72,"totalPrice":81990,"meterSquarePrice":5,"link":"https://www.nehnutelnosti.sk/detail/JuESyQ98IAf/na-predaj-slnecny-4-izbovy-byt-s-balkonom-a-garazou-v-obci-nadlice-72-m2","imagesUrls":["https://img.nehnutelnosti.sk/foto/NjAweDMzOC9maWx0ZXJzOnF1YWxpdHkoMTAwKS9uZWg=/nnsVkcTOI_fss?st=ctLCDgBMk6E1ZArW6Uv-zcRNgBBbNlNvCzT8Xxuij0w&ts=1726831657&e=0"]},{"title":"NA PREDAJ 2 A POL IZB. BYT V TRENČÍNE S VÝMEROU 46 M2 AJ S POZEMKOM 40 M2.","address":"Trenčín, okres Trenčín","rooms":2,"meters":46,"totalPrice":90000,"meterSquarePrice":2,"link":"https://www.nehnutelnosti.sk/detail/Ju42yDyius1/na-predaj-2-a-pol-izb-byt-v-trencine-s-vymerou-46-m2-aj-s-pozemkom-40-m2","imagesUrls":["https://img.nehnutelnosti.sk/foto/NjAweDMzOC9maWx0ZXJzOnF1YWxpdHkoMTAwKS9uZWg=/Ojb08YEw8_fss?st=MFzkpaGdGllbaFBn9jVg2cvK1eGMTIrSuoUtMTv5sSA&ts=1717599142&e=0"]},{"title":"PODKROVNÉ PRIESTORY O CELKOVEJ VÝMERE 153 m² v CENTRE KYSUCKÉHO NOVÉHO MESTA","address":"Kysucké Nové Mesto, okres Kysucké Nové Mesto","rooms":null,"meters":153,"totalPrice":null,"meterSquarePrice":null,"link":"https://www.nehnutelnosti.sk/detail/JuHyJoWeKls/podkrovne-priestory-o-celkovej-vymere-153-m-v-centre-kysuckeho-noveho-mesta","imagesUrls":["https://img.nehnutelnosti.sk/foto/NjAweDMzOC9maWx0ZXJzOnF1YWxpdHkoMTAwKS9uZWg=/HgLXH_auA_fss?st=axRcjD220_mmfekw2cvCJ86iDm7hHqEBijqJT3pwC1A&ts=1720075725&e=0"]},{"title":"!NOVÁ CENA! EXKLUZÍVNE NA PREDAJ VEĽKÝ TEHLOVÝ 3-IZBOVÝ BYT (86 m2) S TERASOU, DVOROM, GARÁŽOU A VLA","address":"Trenčín, okres Trenčín","rooms":3,"meters":86,"totalPrice":149900,"meterSquarePrice":2,"link":"https://www.nehnutelnosti.sk/detail/JucMYe3UbHA/nova-cena-exkluzivne-na-predaj-velky-tehlovy-3-izbovy-byt-86-m2-s-terasou-dvorom-garazou-a-vla","imagesUrls":["https://img.nehnutelnosti.sk/foto/NjAweDMzOC9maWx0ZXJzOnF1YWxpdHkoMTAwKS9uZWg=/RQ11moMJR_fss?st=NOxBVxVsqFe9_ac_b2A-N34grf0a_t__5od9fXWsYXw&ts=1708031860&e=0"]},{"title":"PREDAJ: 3izbový byt s loggiou v centre mesta Žilina","address":"Revolučná, Žilina, okres Žilina","rooms":3,"meters":59,"totalPrice":145000,"meterSquarePrice":1,"link":"https://www.nehnutelnosti.sk/detail/JuM1PB6HaK0/predaj-3izbovy-byt-s-loggiou-v-centre-mesta-zilina","imagesUrls":["https://img.nehnutelnosti.sk/foto/NjAweDMzOC9maWx0ZXJzOnF1YWxpdHkoMTAwKS9uZWg=/T89EeZfzdY_fss?st=p93uq76hMhXhun_HdzOKnPy-_zL10O8iuc3kM2bFZ3c&ts=1726666529&e=0"]},{"title":"KOMPLETNE ZARIADENÉ APARTMÁNY UPROSTRED LIPTOVA ZA SUPER CENY !!!","address":"Vlachy, okres Liptovský Mikuláš","rooms":null,"meters":40,"totalPrice":81160,"meterSquarePrice":5,"link":"https://www.nehnutelnosti.sk/detail/Ju9MdwHkXg7/kompletne-zariadene-apartmany-uprostred-liptova-za-super-ceny","imagesUrls":["https://img.nehnutelnosti.sk/foto/NjAweDMzOC9maWx0ZXJzOnF1YWxpdHkoMTAwKS9uZWg=/ETRnayWy9_fss?st=B4GAO8ZNH4s5zMeoO9tyS3agQSWtzeY_cjzzeX2eucc&ts=1725558442&e=0"]},{"title":"Na predaj 3-izbový byt v Topoľčanoch, Šafárikova ulica-Mexiko, 66 m2","address":"Topoľčany, okres Topoľčany","rooms":3,"meters":66,"totalPrice":122990,"meterSquarePrice":8,"link":"https://www.nehnutelnosti.sk/detail/JuPjYnVUwjt/na-predaj-3-izbovy-byt-v-topolcanoch-safarikova-ulica-mexiko-66-m2","imagesUrls":["https://img.nehnutelnosti.sk/foto/NjAweDMzOC9maWx0ZXJzOnF1YWxpdHkoMTAwKS9uZWg=/fjWcS-LTHz_fss?st=26DQIM5fJw5GC5Me1NGOTVTJ9ZGMpy9PYQGg6Cr6zK0&ts=1717588267&e=0"]},{"title":"REZERVOVANÉ**EXKLUZÍVNE**Pekný 2-izbový byt MALACKY **Skuteckého ul.** výmera 44,53 m2 ** LÓGGIA *VI","address":"Malacky, okres Malacky","rooms":2,"meters":44,"totalPrice":null,"meterSquarePrice":null,"link":"https://www.nehnutelnosti.sk/detail/JuGqDt1zBZo/rezervovaneexkluzivnepekny-2-izbovy-byt-malacky-skuteckeho-ul-vymera-44-53-m2-loggia-vi","imagesUrls":["https://img.nehnutelnosti.sk/foto/NjAweDMzOC9maWx0ZXJzOnF1YWxpdHkoMTAwKS9uZWg=/2JmPIeLaE_fss?st=7x2JhinFbuoHaGg9a_E5AXAOVg-D2F6CtCoAbSKh59A&ts=1717599135&e=0"]},{"title":"NA PREDAJ kompletne zrekonštruovaný 3-izbový byt pešou dostupnosťou do centra mesta*dve murované piv","address":"Špačinská cesta, Trnava, okres Trnava","rooms":3,"meters":55,"totalPrice":159900,"meterSquarePrice":7,"link":"https://www.nehnutelnosti.sk/detail/JuAvSPRLg5p/na-predaj-kompletne-zrekonstruovany-3-izbovy-byt-pesou-dostupnostou-do-centra-mestadve-murovane-piv","imagesUrls":["https://img.nehnutelnosti.sk/foto/NjAweDMzOC9maWx0ZXJzOnF1YWxpdHkoMTAwKS9uZWg=/IvmZsX4sPf_fss?st=HXincKRJUw1SltxiCcjetcmKkrgyeTifGYHxDnVuWS0&ts=1726473234&e=0"]},{"title":"Na predaj 1-izbový byt s loggiou v obľúbenej lokalite","address":"Hraničná, Bratislava II - Ružinov, okres Bratislava","rooms":1,"meters":38,"totalPrice":156900,"meterSquarePrice":5,"link":"https://www.nehnutelnosti.sk/detail/JuHbk4W8r_X/na-predaj-1-izbovy-byt-s-loggiou-v-oblubenej-lokalite","imagesUrls":["https://img.nehnutelnosti.sk/foto/NjAweDMzOC9maWx0ZXJzOnF1YWxpdHkoMTAwKS9uZWg=/lHgTnJuqn_fss?st=CiZX8WheTHEZdPFRRRqbPfW5JjiUBjkW7PBUkdZaBtY&ts=1726128376&e=0"]},{"title":"Veľmi pekný 2-izbový byt v novostavbe v KNM","address":"Kysucké Nové Mesto, okres Kysucké Nové Mesto","rooms":2,"meters":44,"totalPrice":144900,"meterSquarePrice":8,"link":"https://www.nehnutelnosti.sk/detail/JuBpFmpawVz/velmi-pekny-2-izbovy-byt-v-novostavbe-v-knm","imagesUrls":["https://img.nehnutelnosti.sk/foto/NjAweDMzOC9maWx0ZXJzOnF1YWxpdHkoMTAwKS9uZWg=/1W5QjrBtmo_fss?st=zctOQ8STrrV7FPPrDD3MbjJX97wdv1IKQJls37gO6yY&ts=1726158866&e=0"]},{"title":"PREDAJ: 4 – izbový byt, Prievidza, ul. Björnsona","address":"B. Björnsona, Prievidza, okres Prievidza","rooms":4,"meters":94,"totalPrice":139900,"meterSquarePrice":0,"link":"https://www.nehnutelnosti.sk/detail/JuMONTMWg5H/predaj-4-izbovy-byt-prievidza-ul-bjornsona","imagesUrls":["https://img.nehnutelnosti.sk/foto/NjAweDMzOC9maWx0ZXJzOnF1YWxpdHkoMTAwKS9uZWg=/XkYzgoxyS_fss?st=GCs2ykygMV8OGvQroJv4VmiL9bIcnzCMt8UsHFnFZxI&ts=1725866701&e=0"]},{"title":"Na predaj 1-izbový byt s balkónom v novostavbe","address":"Cementárenská, Stupava, okres Malacky","rooms":1,"meters":37,"totalPrice":118900,"meterSquarePrice":3,"link":"https://www.nehnutelnosti.sk/detail/Jueq1Qp02OK/na-predaj-1-izbovy-byt-s-balkonom-v-novostavbe","imagesUrls":["https://img.nehnutelnosti.sk/foto/NjAweDMzOC9maWx0ZXJzOnF1YWxpdHkoMTAwKS9uZWg=/TiCX3fDJq_fss?st=DThsex6_5muV9kCHx3JqHg7m8704NIEoURqdb-5yo5Y&ts=1725535107&e=0"]},{"title":"NA PREDAJ slnečný, priestranný a kompletne zariadený 3-izbový byt v novostavbe neďaleko centra","address":"Jégého, Bratislava II - Ružinov, okres Bratislava","rooms":3,"meters":100,"totalPrice":399000,"meterSquarePrice":0,"link":"https://www.nehnutelnosti.sk/detail/JuLopOjWuVe/na-predaj-slnecny-priestranny-a-kompletne-zariadeny-3-izbovy-byt-v-novostavbe-nedaleko-centra","imagesUrls":["https://img.nehnutelnosti.sk/foto/NjAweDMzOC9maWx0ZXJzOnF1YWxpdHkoMTAwKS9uZWg=/Af2QHKPo8o_fss?st=F3TWQTAaIxFOOkGPQi57yO3BJ5clCsWZnc597r06z_Q&ts=1725868645&e=0"]},{"title":"NA PREDAJ 2-IZBOVÝ BYT V NOVOSTAVBE V LIPT. HRÁDKU","address":"Liptovský Hrádok, okres Liptovský Mikuláš","rooms":null,"meters":72,"totalPrice":136300,"meterSquarePrice":3,"link":"https://www.nehnutelnosti.sk/detail/JuASJqTtvTB/na-predaj-2-izbovy-byt-v-novostavbe-v-lipt-hradku","imagesUrls":["https://img.nehnutelnosti.sk/foto/NjAweDMzOC9maWx0ZXJzOnF1YWxpdHkoMTAwKS9uZWg=/bl4NyYoUo8_fss?st=mjqoPWR0dvSflcsJwLZDsWQw-7LY5NdUUajcXKRCxmA&ts=1706534636&e=0"]},{"title":"BYT v CENTRE: 2-izbový, priestranný BYT v HISTORICKOM CENTRE mesta PEZINOK, (66 m2)","address":"Pezinok, okres Pezinok","rooms":2,"meters":66,"totalPrice":163000,"meterSquarePrice":0,"link":"https://www.nehnutelnosti.sk/detail/JuIZdshOx-f/byt-v-centre-2-izbovy-priestranny-byt-v-historickom-centre-mesta-pezinok-66-m2","imagesUrls":["https://img.nehnutelnosti.sk/foto/NjAweDMzOC9maWx0ZXJzOnF1YWxpdHkoMTAwKS9uZWg=/xeSsdiC6n_fss?st=c7P-sF5MukmQHTEqM-5OJloFKznjQQKczyJs8-JReB0&ts=1726731607&e=0"]},{"title":"Na predaj 5 izbový byt s loggiou - Solinky","address":"Javorová, Žilina - Solinky, okres Žilina","rooms":5,"meters":96,"totalPrice":199900,"meterSquarePrice":9,"link":"https://www.nehnutelnosti.sk/detail/JuUEHBcyDDr/na-predaj-5-izbovy-byt-s-loggiou-solinky","imagesUrls":["https://img.nehnutelnosti.sk/foto/NjAweDMzOC9maWx0ZXJzOnF1YWxpdHkoMTAwKS9uZWg=/DR2Gdt1w0_fss?st=ucYEPHFKLgWRfF9lIm73aUa0_Y8YycpJs76LsOzMa7c&ts=1724310067&e=0"]},{"title":"REZERVOVANÉ: PREDAJ: 4 – izbový byt, Vlčince, ul. Zvolenská","address":"Zvolenská, Žilina - Vlčince, okres Žilina","rooms":4,"meters":90,"totalPrice":170000,"meterSquarePrice":9,"link":"https://www.nehnutelnosti.sk/detail/JuwUcB18RI6/rezervovane-predaj-4-izbovy-byt-vlcince-ul-zvolenska","imagesUrls":["https://img.nehnutelnosti.sk/foto/NjAweDMzOC9maWx0ZXJzOnF1YWxpdHkoMTAwKS9uZWg=/i6leal7_A_fss?st=31idDwxLLEVZOfk5gA6YYnOdpWmhUa3mlWQkliobdYk&ts=1724248398&e=0"]},{"title":"4-IZB. BYT, KOMPLETNÁ REKONŠTRUKCIA, STARÉ MESTO, 103 m2","address":"Bratislava I - Staré Mesto, okres Bratislava","rooms":4,"meters":103,"totalPrice":455051,"meterSquarePrice":7,"link":"https://www.nehnutelnosti.sk/detail/JuQGT5cqSep/4-izb-byt-kompletna-rekonstrukcia-stare-mesto-103-m2","imagesUrls":["https://img.nehnutelnosti.sk/foto/NjAweDMzOC9maWx0ZXJzOnF1YWxpdHkoMTAwKS9uZWg=/BoFyMseZWV_fss?st=6ofkncgBNIjEW7zqSVCZ-l27c0C8rcrGFiaXP4kYW24&ts=1717588214&e=0"]},{"title":"Súrne !Pre našich klientov hľadáme 2.izb. byt v Ma aj v okolí. Prosím,Ponúknite!","address":"Malacky, okres Malacky","rooms":2,"meters":65,"totalPrice":130000,"meterSquarePrice":0,"link":"https://www.nehnutelnosti.sk/detail/Juhsj1FIjqB/surne-pre-nasich-klientov-hladame-2-izb-byt-v-ma-aj-v-okoli-prosim-ponuknite","imagesUrls":["https://img.nehnutelnosti.sk/foto/NjAweDMzOC9maWx0ZXJzOnF1YWxpdHkoMTAwKS9uZWg=/TGGcewSGS_fss?st=iuuGhPqg_exorKAQG6ymDDPYA0sgC86qbARK2BaMcBU&ts=1659647269&e=0"]},{"title":"3-IZB.BYT,KOMPLETNÁ REKONŠTRUKCIA,BALKÓN,STARÉ MESTO,73m2","address":"Bratislava I - Staré Mesto, okres Bratislava","rooms":3,"meters":73,"totalPrice":324926,"meterSquarePrice":4,"link":"https://www.nehnutelnosti.sk/detail/Jut0GbGZX39/3-izb-byt-kompletna-rekonstrukcia-balkon-stare-mesto-73m2","imagesUrls":["https://img.nehnutelnosti.sk/foto/NjAweDMzOC9maWx0ZXJzOnF1YWxpdHkoMTAwKS9uZWg=/nt2HSbKNe_fss?st=yxqFcZMaxHx5krOR962JGgTLbIcuQ-gvB2eTMPd_ukQ&ts=1717588205&e=0"]},{"title":"PONÚKAME NA PREDAJ ATRAKTÍVNE BYTY V LUKRATÍVNOM PROSTREDÍ LIPTOVA","address":"Liptovský Hrádok, okres Liptovský Mikuláš","rooms":null,"meters":72,"totalPrice":136300,"meterSquarePrice":3,"link":"https://www.nehnutelnosti.sk/detail/Jut3COo7ysv/ponukame-na-predaj-atraktivne-byty-v-lukrativnom-prostredi-liptova","imagesUrls":["https://img.nehnutelnosti.sk/foto/NjAweDMzOC9maWx0ZXJzOnF1YWxpdHkoMTAwKS9uZWg=/RDrYoINfNj_fss?st=aerQemY6PgV2Vn6NdToja9k-rtzlC2Kuf8za312Jisg&ts=1723781982&e=0"]},{"title":"3-izbový holobyt s veľkou terasou v nízkoenergetickej novostavbe v Nesvadoch, 158m2","address":"Nesvady, okres Komárno","rooms":3,"meters":158,"totalPrice":145000,"meterSquarePrice":2,"link":"https://www.nehnutelnosti.sk/detail/JutyW9WZS9f/3-izbovy-holobyt-s-velkou-terasou-v-nizkoenergetickej-novostavbe-v-nesvadoch-158m2","imagesUrls":["https://img.nehnutelnosti.sk/foto/NjAweDMzOC9maWx0ZXJzOnF1YWxpdHkoMTAwKS9uZWg=/P-yIEgaiQ_fss?st=EnTCzPa0FPSYB9_oOvrTFWIaR1sQdtdC06hdpLbDx-M&ts=1659647264&e=0"]},{"title":"2-IZB. BYT, STARÉ MESTO, KOMPLETNÁ REKONŠTRUKCIA, BALKÓN, 56 m2","address":"Bratislava I - Staré Mesto, okres Bratislava","rooms":2,"meters":56,"totalPrice":304327,"meterSquarePrice":1,"link":"https://www.nehnutelnosti.sk/detail/JufukqNT-rY/2-izb-byt-stare-mesto-kompletna-rekonstrukcia-balkon-56-m2","imagesUrls":["https://img.nehnutelnosti.sk/foto/NjAweDMzOC9maWx0ZXJzOnF1YWxpdHkoMTAwKS9uZWg=/2aopoBo-e_fss?st=0F9lnsNi6XkOEldvO_gCqDaIoyJQCZVNaG3TMwacW4M&ts=1717588212&e=0"]},{"title":"Zariadený, nadštandardný byt v nízkoenergetickej novostavbe v Nesvadoch, 216m2","address":"Nesvady, okres Komárno","rooms":5,"meters":216,"totalPrice":162000,"meterSquarePrice":0,"link":"https://www.nehnutelnosti.sk/detail/Ju-X-WvZlOb/zariadeny-nadstandardny-byt-v-nizkoenergetickej-novostavbe-v-nesvadoch-216m2","imagesUrls":["https://img.nehnutelnosti.sk/foto/NjAweDMzOC9maWx0ZXJzOnF1YWxpdHkoMTAwKS9uZWg=/oXZKKMPBm_fss?st=fmfDraIOomqIQDfpj8U7mrmmBCtysg04BR3nRQt_9eo&ts=1717620310&e=0"]},{"title":"Pre klientov - hľadám na kúpu/predaj 2.až 3.izb. byt v Ma a v okolí.Prosím.Ponúknite.","address":"Malacky, okres Malacky","rooms":3,"meters":65,"totalPrice":149000,"meterSquarePrice":1,"link":"https://www.nehnutelnosti.sk/detail/JuWSLsCVlsH/pre-klientov-hladam-na-kupu-predaj-2-az-3-izb-byt-v-ma-a-v-okoli-prosim-ponuknite","imagesUrls":["https://img.nehnutelnosti.sk/foto/NjAweDMzOC9maWx0ZXJzOnF1YWxpdHkoMTAwKS9uZWg=/GzaDcUdW2_fss?st=SrdBb8T3ZumZbfHizV-ngGfpzqD-XlqIGKHw4VRz_c0&ts=1659647267&e=0"]},{"title":"Veľký 2 izbový byt na predaj po rekonštrukcii, super lokalita","address":"Jozefa Cígera Hronského, Bratislava III - Nové Mesto, okres Bratislava","rooms":2,"meters":55,"totalPrice":259000,"meterSquarePrice":7,"link":"https://www.nehnutelnosti.sk/detail/JuI8RSVndRE/velky-2-izbovy-byt-na-predaj-po-rekonstrukcii-super-lokalita","imagesUrls":["https://img.nehnutelnosti.sk/foto/NjAweDMzOC9maWx0ZXJzOnF1YWxpdHkoMTAwKS9uZWg=/zQCR1Ujb8_fss?st=ryjrCl0nyyhFR01CrSdbMr34bWiRscgGqcVQ9v8gt1Y&ts=1722285354&e=0"]},{"title":"Na predaj veľmi pekná zrekonštruovaná garsónka Kysucké Nové Mesto","address":"ČSA, Kysucké Nové Mesto, okres Kysucké Nové Mesto","rooms":null,"meters":24,"totalPrice":74900,"meterSquarePrice":3,"link":"https://www.nehnutelnosti.sk/detail/Jumvf5BaxJG/na-predaj-velmi-pekna-zrekonstruovana-garsonka-kysucke-nove-mesto","imagesUrls":["https://img.nehnutelnosti.sk/foto/NjAweDMzOC9maWx0ZXJzOnF1YWxpdHkoMTAwKS9uZWg=/DIdVICsQm_fss?st=1pFzEJtxDQ4xv0IBazakrA89RZM4crzLShssWB9aMFQ&ts=1722343344&e=0"]},{"title":"Na Predaj 2(3) izbový byt, 95m2 v centre BA - Medená","address":"Medená, Bratislava I - Staré Mesto, okres Bratislava","rooms":2,"meters":95,"totalPrice":453000,"meterSquarePrice":2,"link":"https://www.nehnutelnosti.sk/detail/Juyu-m7-hLY/na-predaj-23-izbovy-byt-95m2-v-centre-ba-medena","imagesUrls":["https://img.nehnutelnosti.sk/foto/NjAweDMzOC9maWx0ZXJzOnF1YWxpdHkoMTAwKS9uZWg=/484c3l6VO_fss?st=eoAJdvBcril0WoYtouQ3Au56j0TyhFDdy7rb2Mc9u_U&ts=1721549807&e=0"]},{"title":"NA PREDAJ byt v tehlovom bytovom dome !","address":"Stupava, okres Malacky","rooms":3,"meters":74,"totalPrice":174900,"meterSquarePrice":1,"link":"https://www.nehnutelnosti.sk/detail/Juu5tmRT-Jk/na-predaj-byt-v-tehlovom-bytovom-dome","imagesUrls":["https://img.nehnutelnosti.sk/foto/NjAweDMzOC9maWx0ZXJzOnF1YWxpdHkoMTAwKS9uZWg=/VMEdF71Kw_fss?st=WyDLaPTnDH9oz50rPHH0aRN-fKO9cnwgKEL0hPe8tK0&ts=1725537093&e=0"]}]