[{"title":"SPEKTRUM REALITY- Na Predaj 3-izbový byt, 65 m2 s balkónom, okres Prievidza, sídlisko Mládeže","address":"M. Mišíka, Prievidza, okres Prievidza","rooms":3,"meters":65,"totalPrice":85900,"meterSquarePrice":4,"link":"https://www.nehnutelnosti.sk/detail/JuVimv7dU90/spektrum-reality-na-predaj-3-izbovy-byt-65-m2-s-balkonom-okres-prievidza-sidlisko-mladeze","imagesUrls":["https://img.nehnutelnosti.sk/foto/NjAweDMzOC9maWx0ZXJzOnF1YWxpdHkoMTAwKS9uZWg=/WzNrzcBoL_fss?st=aKaAwbilUqkyOfdXqrj4BrMeNNRUUbHGXW7L9w81B_s&ts=1700138777&e=0"]},{"title":"SPEKTRUM REALITY- Na Predaj 2-izbový byt, 58 m2 s balkónom, Handlová, ul. Prievidzská","address":"Prievidzská, Handlová, okres Prievidza","rooms":2,"meters":58,"totalPrice":58000,"meterSquarePrice":0,"link":"https://www.nehnutelnosti.sk/detail/JuwZ1VumxkH/spektrum-reality-na-predaj-2-izbovy-byt-58-m2-s-balkonom-handlova-ul-prievidzska","imagesUrls":["https://img.nehnutelnosti.sk/foto/NjAweDMzOC9maWx0ZXJzOnF1YWxpdHkoMTAwKS9uZWg=/v-huOlyGi_fss?st=04pmRE6vCKP4dbzrwIymBnydePOYlEdbYIkw4-E-qU0&ts=1678815159&e=0"]},{"title":"BORY NOVÝ DVOR - priestranný 3-izbový BYT v atraktívnom PROJEKTE","address":"Michala Bučiča, Bratislava IV - Devínska Nová Ves, okres Bratislava","rooms":3,"meters":250,"totalPrice":285000,"meterSquarePrice":0,"link":"https://www.nehnutelnosti.sk/detail/Judnm4Ac86Z/bory-novy-dvor-priestranny-3-izbovy-byt-v-atraktivnom-projekte","imagesUrls":["https://img.nehnutelnosti.sk/foto/NjAweDMzOC9maWx0ZXJzOnF1YWxpdHkoMTAwKS9uZWg=/fjYl2s8Ok_fss?st=B4S64ezzxmanWZlDtwq33k6alqVqpMknx3-lPSu1vx0&ts=1720711131&e=0"]},{"title":"Predaj pekný veľký 1-izbový byt s loggiou","address":"Strážovská, Banská Bystrica, okres Banská Bystrica","rooms":1,"meters":41,"totalPrice":104990,"meterSquarePrice":3,"link":"https://www.nehnutelnosti.sk/detail/JuF0sALe_RS/predaj-pekny-velky-1-izbovy-byt-s-loggiou","imagesUrls":["https://img.unitedclassifieds.sk/foto/NjAweDMzOC9maWx0ZXJzOnF1YWxpdHkoMTAwKS9qdWw=/UC1_jSeWS_fss?st=lwsHcLAY4jJZK_4eE2TmB1QUmC9GyC61kaQE0R-Y-dA&ts=1726135636&e=0"]},{"title":"Kvalitný, 3 izbový, byt s pocitom vzdušnosti, voľnosti v Dunajskej Strede, v lokalite Nová Ves","address":"Nová Ves, Dunajská Streda, okres Dunajská Streda","rooms":3,"meters":76,"totalPrice":124990,"meterSquarePrice":1,"link":"https://www.nehnutelnosti.sk/detail/JuDn6Zunu52/kvalitny-3-izbovy-byt-s-pocitom-vzdusnosti-volnosti-v-dunajskej-strede-v-lokalite-nova-ves","imagesUrls":["https://img.unitedclassifieds.sk/foto/NjAweDMzOC9maWx0ZXJzOnF1YWxpdHkoMTAwKS9qdWw=/nZrTfMhEj_fss?st=i2FtXx3koxYscWEcOEbl3VDf1UkkYXNIkcRTxTaV6pQ&ts=1706187262&e=0"]},{"title":"Predaj 1-izbového bytu","address":"Hollého, Vrbové, okres Piešťany","rooms":1,"meters":33,"totalPrice":51700,"meterSquarePrice":7,"link":"https://www.nehnutelnosti.sk/detail/JucpozDcjaQ/predaj-1-izboveho-bytu","imagesUrls":["https://img.nehnutelnosti.sk/foto/NjAweDMzOC9maWx0ZXJzOnF1YWxpdHkoMTAwKS9uZWg=/hDkFzJoAJ_fss?st=GVo3X6IZohgtH7GNfkvRwowHKoYjC6WvVHg3WO4sukA&ts=1726138477&e=0"]},{"title":"2 IZB. BYT 50 M2 + LOGGIA, Sofijská ul., síd. Ťahanovce, 4.posch.","address":"Sofijska, Košice I - Sídlisko Ťahanovce, okres Košice","rooms":2,"meters":50,"totalPrice":119000,"meterSquarePrice":0,"link":"https://www.nehnutelnosti.sk/detail/JuwLTl5gcZw/2-izb-byt-50-m2-loggia-sofijska-ul-sid-tahanovce-4-posch","imagesUrls":["https://img.nehnutelnosti.sk/foto/NjAweDMzOC9maWx0ZXJzOnF1YWxpdHkoMTAwKS9uZWg=/5IYAkQSsp_fss?st=8aMIl-PkSLFRK83KxUs2pSQJ2vcdcFQpgJ2SmtAUMd8&ts=1713862810&e=0"]},{"title":"Na predaj 2 izbový tehlový byt blízko centra - Prešov","address":"Tarasa Ševčenka, Prešov, okres Prešov","rooms":2,"meters":48,"totalPrice":113000,"meterSquarePrice":7,"link":"https://www.nehnutelnosti.sk/detail/Ju308Q7PGsu/na-predaj-2-izbovy-tehlovy-byt-blizko-centra-presov","imagesUrls":["https://img.nehnutelnosti.sk/foto/NjAweDMzOC9maWx0ZXJzOnF1YWxpdHkoMTAwKS9uZWg=/OOYnRKqqp_fss?st=pZkMiLxZsRTNCLZbjx1oXOy7Y9eXkeS6-0q5vhjhy3g&ts=1726133136&e=0"]},{"title":"Novostavba 2-izbového bytu","address":"Čierny Brod, Sládkovičovo, okres Galanta","rooms":2,"meters":49,"totalPrice":99990,"meterSquarePrice":4,"link":"https://www.nehnutelnosti.sk/detail/JuyDqvV1Lzw/novostavba-2-izboveho-bytu","imagesUrls":["https://img.nehnutelnosti.sk/foto/NjAweDMzOC9maWx0ZXJzOnF1YWxpdHkoMTAwKS9uZWg=/d84oCM6Jy_fss?st=Cf40Fxxko0b1249ELZyShlk3nnpD6apCFnESd_uZT3g&ts=1726132990&e=0"]},{"title":"po kompl. rekonštruk. 3 izbový byt v blízkosti Draždiaku -klimatizácia","address":"Lietavská, Bratislava V - Petržalka, okres Bratislava","rooms":3,"meters":70,"totalPrice":209000,"meterSquarePrice":1,"link":"https://www.nehnutelnosti.sk/detail/Ju0xljtOIx-/po-kompl-rekonstruk-3-izbovy-byt-v-blizkosti-drazdiaku-klimatizacia","imagesUrls":["https://img.unitedclassifieds.sk/foto/NjAweDMzOC9maWx0ZXJzOnF1YWxpdHkoMTAwKS9qdWw=/nCHpCMSwz_fss?st=3oFBM_aHZ3S2Bm5ZH48_MEoJCdBepY254JhVBTuHOEw&ts=1726149334&e=0"]},{"title":"Predaj 2 a 3 izbových bytov v obci Mikušovce","address":"Mikušovce  166, Mikušovce, Ilava, okres Ilava","rooms":null,"meters":null,"totalPrice":null,"meterSquarePrice":null,"link":"https://www.nehnutelnosti.sk/detail/JulQHQKtJuN/predaj-2-a-3-izbovych-bytov-v-obci-mikusovce","imagesUrls":["https://img.nehnutelnosti.sk/foto/NjAweDMzOC9maWx0ZXJzOnF1YWxpdHkoMTAwKS9uZWg=/hbxq65OSu_fss?st=hZzvhLjy_N7onx5slVY7z93Nvop14aIejw4xGJUc4FU&ts=1674550076&e=0"]},{"title":"ZAHRADNÉ SADY - V štandarde zariadený jedinečný 1,5 izbový byt s balkónom","address":"Hrušková, Prešov, okres Prešov","rooms":1,"meters":34,"totalPrice":104880,"meterSquarePrice":9,"link":"https://www.nehnutelnosti.sk/detail/JuRDVecRXYAV/zahradne-sady-v-standarde-zariadeny-jedinecny-1-5-izbovy-byt-s-balkonom","imagesUrls":["https://img.nehnutelnosti.sk/foto/NjAweDMzOC9maWx0ZXJzOnF1YWxpdHkoMTAwKS9uZWg=/WFeIh7_yn_fss?st=bsmypgeXt9LuJHUuMXLTct59bozuOkUriS_57DWNXjU&ts=1726219888&e=0"]},{"title":"Predaj nadrozmerného 3i bytu s 2 strešnými terasami a nízkym nájomným","address":"Kazanská, Bratislava II - Podunajské Biskupice, okres Bratislava","rooms":3,"meters":162,"totalPrice":428000,"meterSquarePrice":9,"link":"https://www.nehnutelnosti.sk/detail/JucXbioUUYi/predaj-nadrozmerneho-3i-bytu-s-2-stresnymi-terasami-a-nizkym-najomnym","imagesUrls":["https://img.nehnutelnosti.sk/foto/NjAweDMzOC9maWx0ZXJzOnF1YWxpdHkoMTAwKS9uZWg=/2BrFu0ZS8_fss?st=hKHSD4MLbo78oB6YMglgSGsi6iC7dqAISpE4TaaX8ek&ts=1726131055&e=0"]},{"title":"3 izbový byt v novostavbe s výbornou dispozíciou","address":"Trnavská, Nitra, okres Nitra","rooms":3,"meters":70,"totalPrice":199515,"meterSquarePrice":0,"link":"https://www.nehnutelnosti.sk/detail/Ju1zT_7WQ-d/3-izbovy-byt-v-novostavbe-s-vybornou-dispoziciou","imagesUrls":["https://img.nehnutelnosti.sk/foto/NjAweDMzOC9maWx0ZXJzOnF1YWxpdHkoMTAwKS9uZWg=/De2uCm4o4_fss?st=86oxosZxoHWeZdrfB-MRiM-1UDidX5C-RoVKJ0Ut-04&ts=1718438519&e=0"]},{"title":"Na predaj krásny a priestranný 4i tehlový byt v Starom Meste na Gunduličovej ul.","address":"Gunduličova, Bratislava I - Staré Mesto, okres Bratislava","rooms":4,"meters":102,"totalPrice":45,"meterSquarePrice":6,"link":"https://www.nehnutelnosti.sk/4648265/na-predaj-krasny-a-priestranny-4i-tehlovy-byt-v-starom-meste-na-gundulicovej-ul/","imagesUrls":["https://img.nehnutelnosti.sk/foto/NjAweDMzOC9maWx0ZXJzOnF1YWxpdHkoMTAwKS9uZWg=/RN1D6FOu_t_fss?st=kKwnlLeUIccA4aAaQlnXvwFdYkr0AIdSlRP4wuGwxYA&ts=1653289604&e=0"]},{"title":"Krásny 3i byt v Starom Meste na Gunduličovej ul.","address":"Gunduličova, Bratislava I - Staré Mesto, okres Bratislava","rooms":3,"meters":78,"totalPrice":null,"meterSquarePrice":null,"link":"https://www.nehnutelnosti.sk/detail/Ju2ZeKLeaof/krasny-3i-byt-v-starom-meste-na-gundulicovej-ul","imagesUrls":["https://img.nehnutelnosti.sk/foto/NjAweDMzOC9maWx0ZXJzOnF1YWxpdHkoMTAwKS9uZWg=/XkJkxt5dkO_fss?st=2_49zn6dkWueBbcxmGBVj3l2HN2bu7u043-LGky6YqE&ts=1722973571&e=0"]},{"title":"Na predaj krásny a kompletne zariadený 2 izbový tehlový byt 61,3m na Gunduličovej ul. v Starom Meste","address":"Gunduličova, Bratislava I - Staré Mesto, okres Bratislava","rooms":2,"meters":61,"totalPrice":320000,"meterSquarePrice":3,"link":"https://www.nehnutelnosti.sk/detail/Ju-viyta4SJ/na-predaj-krasny-a-kompletne-zariadeny-2-izbovy-tehlovy-byt-61-3m-na-gundulicovej-ul-v-starom-meste","imagesUrls":["https://img.nehnutelnosti.sk/foto/NjAweDMzOC9maWx0ZXJzOnF1YWxpdHkoMTAwKS9uZWg=/ZA1IPrxH7p_fss?st=MYbw7dCdxGNAc9nSR3YDeKW3zunZ7cgPL17JsdZJ-Ag&ts=1722975859&e=0"]},{"title":"Na predaj elegantný 3i byt na sídlisku Ťahanovce","address":"Košice I - Sídlisko Ťahanovce, okres Košice","rooms":3,"meters":63,"totalPrice":149990,"meterSquarePrice":9,"link":"https://www.nehnutelnosti.sk/detail/JugVagfIl89/na-predaj-elegantny-3i-byt-na-sidlisku-tahanovce","imagesUrls":["https://img.nehnutelnosti.sk/foto/NjAweDMzOC9maWx0ZXJzOnF1YWxpdHkoMTAwKS9uZWg=/odbvSGZuR_fss?st=CYSn0_LakDw9MX6uhf1IJak-ejIlekwHC-OFCKqYMwY&ts=1726130805&e=0"]},{"title":"Na predaj veľký 3 izbový byt v Bánovce nad Bebravou","address":"Bánovce, Bánovce nad Bebravou, okres Bánovce nad Bebravou","rooms":3,"meters":81,"totalPrice":110000,"meterSquarePrice":2,"link":"https://www.nehnutelnosti.sk/detail/JufINGLdCSF/na-predaj-velky-3-izbovy-byt-v-banovce-nad-bebravou","imagesUrls":["https://img.nehnutelnosti.sk/foto/NjAweDMzOC9maWx0ZXJzOnF1YWxpdHkoMTAwKS9uZWg=/qe_yF3dA3_fss?st=iyviRp-IHwUEgLA8T1Zf9vuTUJws17nmYh6lHnXQLGs&ts=1726130727&e=0"]},{"title":"DIRECTREAL|3-izbový byt na Holíčskej v Petržalke: Perfektná voľba pre rodiny aj investorov","address":"Holíčska, Bratislava V - Petržalka, okres Bratislava","rooms":3,"meters":66,"totalPrice":198000,"meterSquarePrice":0,"link":"https://www.nehnutelnosti.sk/detail/JuNQJQabhy8/directreal-3-izbovy-byt-na-holicskej-v-petrzalke-perfektna-volba-pre-rodiny-aj-investorov","imagesUrls":["https://img.nehnutelnosti.sk/foto/NjAweDMzOC9maWx0ZXJzOnF1YWxpdHkoMTAwKS9uZWg=/GnVeW2TfMC_fss?st=bx99eKH7tIMedMVa_mH09H-RDcaJi8hKZnHso1vor0o&ts=1727031118&e=0"]},{"title":"Nový 3 izbový byt č. A8, Banka pri Piešťanoch","address":"Podhorská, Banka, okres Piešťany","rooms":3,"meters":69,"totalPrice":170500,"meterSquarePrice":7,"link":"https://www.nehnutelnosti.sk/detail/JuwUnqxW6a-/novy-3-izbovy-byt-c-a8-banka-pri-piestanoch","imagesUrls":["https://img.nehnutelnosti.sk/foto/NjAweDMzOC9maWx0ZXJzOnF1YWxpdHkoMTAwKS9uZWg=/HbE7s4ncv_fss?st=EodZfw3N-3YtXThwHPpGN01Xy1Q7lCV32mHjNvhuVUM&ts=1726130338&e=0"]},{"title":"Neibrs | R E Z E R V Á C I A Na predaj sympatický zariadený 2 izbový byt, novostavba, balkón","address":"Pri Starej Prachárni, Bratislava III - Nové Mesto, okres Bratislava","rooms":2,"meters":46,"totalPrice":200000,"meterSquarePrice":3,"link":"https://www.nehnutelnosti.sk/detail/Jua5-9brtvd/neibrs-r-e-z-e-r-v-a-c-i-a-na-predaj-sympaticky-zariadeny-2-izbovy-byt-novostavba-balkon","imagesUrls":["https://img.nehnutelnosti.sk/foto/NjAweDMzOC9maWx0ZXJzOnF1YWxpdHkoMTAwKS9uZWg=/EBV3pLax1m_fss?st=8Ay8th905s1ZwujNxrzotzJr9UnQNHzYSt4wU2yJ7rs&ts=1725883611&e=0"]},{"title":"Predáme 3-izbový byt v Dubnici nad Váhom pri ABC","address":"Dubnica nad Váhom, okres Ilava","rooms":3,"meters":70,"totalPrice":139000,"meterSquarePrice":1,"link":"https://www.nehnutelnosti.sk/detail/JucYIp0Xhbe/predame-3-izbovy-byt-v-dubnici-nad-vahom-pri-abc","imagesUrls":["https://img.unitedclassifieds.sk/foto/NjAweDMzOC9maWx0ZXJzOnF1YWxpdHkoMTAwKS9qdWw=/B7gZ9of0M_fss?st=tg1FxwgADX6297MggvkomwLnl4OWXs_Cfmt7ydtfXGY&ts=1722509251&e=0"]},{"title":"Predáme komletne zrekonštruovaný 2-izbový byt v Dubnici nad Váhom","address":"Dubnica nad Váhom, okres Ilava","rooms":2,"meters":40,"totalPrice":null,"meterSquarePrice":null,"link":"https://www.nehnutelnosti.sk/detail/JuJ4TPuDzGZ/predame-komletne-zrekonstruovany-2-izbovy-byt-v-dubnici-nad-vahom","imagesUrls":["https://img.unitedclassifieds.sk/foto/NjAweDMzOC9maWx0ZXJzOnF1YWxpdHkoMTAwKS9qdWw=/JgpdD6_p3_fss?st=nnbdxv1hclfRV2QYMM1ustoM4SPQsE2XJEerBI1M7-U&ts=1717616688&e=0"]},{"title":"Predáme zrekonštruovaný 2-izbový byt v Bánovciach nad Bebravou","address":"Bánovce nad Bebravou, okres Bánovce nad Bebravou","rooms":2,"meters":50,"totalPrice":84990,"meterSquarePrice":0,"link":"https://www.nehnutelnosti.sk/detail/Ju-qvKn0hGk/predame-zrekonstruovany-2-izbovy-byt-v-banovciach-nad-bebravou","imagesUrls":["https://img.unitedclassifieds.sk/foto/NjAweDMzOC9maWx0ZXJzOnF1YWxpdHkoMTAwKS9qdWw=/B2-GsgXdA_fss?st=XYCWO-TACr36MIPFi5osSM3j-LhVqxHaLyqeCStYdeU&ts=1726129787&e=0"]},{"title":"Na predaj 2 izb. byt v Centre","address":"Nitra, okres Nitra","rooms":2,"meters":55,"totalPrice":119000,"meterSquarePrice":4,"link":"https://www.nehnutelnosti.sk/detail/Jul1YebabKr/na-predaj-2-izb-byt-v-centre","imagesUrls":["https://img.unitedclassifieds.sk/foto/NjAweDMzOC9maWx0ZXJzOnF1YWxpdHkoMTAwKS9yc2Y=/gCpvzdOu-_fss?st=7raxpakzdcbX2GIzolE-JXLILocx0gtHf4QdmcWPb2s&ts=1675778094&e=0"]},{"title":"Na predaj byty v projekte Rezidencia Kalvárka - Novostavba v srdci Starého Mesta v Nitre","address":"Rázusova, Nitra, okres Nitra","rooms":2,"meters":55,"totalPrice":100000,"meterSquarePrice":8,"link":"https://www.nehnutelnosti.sk/detail/JuzQmXGsSzf/na-predaj-byty-v-projekte-rezidencia-kalvarka-novostavba-v-srdci-stareho-mesta-v-nitre","imagesUrls":["https://img.unitedclassifieds.sk/foto/NjAweDMzOC9maWx0ZXJzOnF1YWxpdHkoMTAwKS9qdWw=/kR5Raw1rD_fss?st=DN0xoLud3lVhjKN6-kMhV-u69xGJvk3PcdkdpO0Q5DY&ts=1701944039&e=0"]},{"title":"Na predaj 2 izb byt v Ludaniciach s parkovacím miestom, kolaudujeme","address":"Nádražná, Ludanice, okres Topoľčany","rooms":2,"meters":50,"totalPrice":83000,"meterSquarePrice":0,"link":"https://www.nehnutelnosti.sk/detail/JuFIzwPQgRe/na-predaj-2-izb-byt-v-ludaniciach-s-parkovacim-miestom-kolaudujeme","imagesUrls":["https://img.unitedclassifieds.sk/foto/NjAweDMzOC9maWx0ZXJzOnF1YWxpdHkoMTAwKS9qdWw=/bnK8mICxL_fss?st=LPREnYaaYB638pk02V9MTIEvuO47uPaxpUG5jy1weqI&ts=1716905298&e=0"]},{"title":"Na predaj byty v projekte Rezidencia Kalvárka - Novostavba v srdci Starého Mesta v Nitre","address":"Rázusova, Nitra, okres Nitra","rooms":3,"meters":85,"totalPrice":null,"meterSquarePrice":null,"link":"https://www.nehnutelnosti.sk/detail/JutxGoiD1F1/na-predaj-byty-v-projekte-rezidencia-kalvarka-novostavba-v-srdci-stareho-mesta-v-nitre","imagesUrls":["https://img.unitedclassifieds.sk/foto/NjAweDMzOC9maWx0ZXJzOnF1YWxpdHkoMTAwKS9qdWw=/JT882IwLo_fss?st=cezxTCNjKiUnZyeZPehNBl90ObFdcB3T45Hqg2rf3Pk&ts=1725453329&e=0"]},{"title":"Výnimočne priestranný 3i byt s terasou, parkovaním","address":"Veľký Biel, okres Senec","rooms":3,"meters":98,"totalPrice":179900,"meterSquarePrice":1,"link":"https://www.nehnutelnosti.sk/detail/JuN5hHGpkem/vynimocne-priestranny-3i-byt-s-terasou-parkovanim","imagesUrls":["https://img.nehnutelnosti.sk/foto/NjAweDMzOC9maWx0ZXJzOnF1YWxpdHkoMTAwKS9uZWg=/nGNDm_gWl_fss?st=FywPRhnGmIvb6AQCYkUFvRlgBoVAemeywh-Y2nW9oUw&ts=1726129280&e=0"]}]