[{"title":"REZERVOVANÉ - SENEC - NA PREDAJ prerobený 3 izbový byt na Kalinčiakovej ulici s vlastným kúrením – v","address":"Kalinčiakova, Senec, okres Senec","rooms":3,"meters":66,"totalPrice":150000,"meterSquarePrice":5,"link":"https://www.nehnutelnosti.sk/detail/JuHThSgzkF8/rezervovane-senec-na-predaj-prerobeny-3-izbovy-byt-na-kalinciakovej-ulici-s-vlastnym-kurenim-v","imagesUrls":["https://img.nehnutelnosti.sk/foto/NjAweDMzOC9maWx0ZXJzOnF1YWxpdHkoMTAwKS9uZWg=/1bB0RpSM-e_fss?st=s-V6XxSJuC2uHi1TEPO8_nJvDKWPrHrCQoIQo3yil5o&ts=1726087631&e=0"]},{"title":"KRÁĽOVÁ PRI SENCI, NA PREDAJ 2 izbový byt s garážou a záhradkou okr. SENEC","address":"Sadová, Kráľová pri Senci, okres Senec","rooms":2,"meters":57,"totalPrice":130000,"meterSquarePrice":7,"link":"https://www.nehnutelnosti.sk/detail/Ju2dcXIoxED/kralova-pri-senci-na-predaj-2-izbovy-byt-s-garazou-a-zahradkou-okr-senec","imagesUrls":["https://img.nehnutelnosti.sk/foto/NjAweDMzOC9maWx0ZXJzOnF1YWxpdHkoMTAwKS9uZWg=/b6Tn3gcVqf_fss?st=_LHjYlD44Mhnp8NXnLfsVVlXfva12NZva-UEi9BvOHM&ts=1720580482&e=0"]},{"title":"Exkluzívne: Veľkometrážny 3 izbový byt na sídlisku Sever, Prievidza","address":"M. Gorkého, Prievidza, okres Prievidza","rooms":3,"meters":81,"totalPrice":126000,"meterSquarePrice":6,"link":"https://www.nehnutelnosti.sk/detail/JukwcOWMLWh/exkluzivne-velkometrazny-3-izbovy-byt-na-sidlisku-sever-prievidza","imagesUrls":["https://img.nehnutelnosti.sk/foto/NjAweDMzOC9maWx0ZXJzOnF1YWxpdHkoMTAwKS9uZWg=/jIMaO1di8_fss?st=w6i_Qw-k09OoRn2nhg2xlZnwhq9E1cbyMIoVXgldEaM&ts=1720440101&e=0"]},{"title":"2,5 izbový byt, Čínsky múr Prievidza","address":"J. Murgaša, Prievidza, okres Prievidza","rooms":2,"meters":64,"totalPrice":88000,"meterSquarePrice":5,"link":"https://www.nehnutelnosti.sk/detail/Ju4y21eU5fW/2-5-izbovy-byt-cinsky-mur-prievidza","imagesUrls":["https://img.nehnutelnosti.sk/foto/NjAweDMzOC9maWx0ZXJzOnF1YWxpdHkoMTAwKS9uZWg=/aVmvPF12D_fss?st=GYVtEaY7ufMuIGDJttzRmoR89uZTVz4uErJOSM9aZ6M&ts=1712511851&e=0"]},{"title":"Predaj slnečnej garzónky s loggiou na ulici Zupkovej, sídlisko Furča-Košice","address":"Košice III - Dargovských Hrdinov, okres Košice","rooms":null,"meters":24,"totalPrice":94990,"meterSquarePrice":2,"link":"https://www.nehnutelnosti.sk/detail/JuKGPKSGiq9v/predaj-slnecnej-garzonky-s-loggiou-na-ulici-zupkovej-sidlisko-furca-kosice","imagesUrls":["https://img.nehnutelnosti.sk/foto/NjAweDMzOC9maWx0ZXJzOnF1YWxpdHkoMTAwKS9uZWg=/104aDLEiv_fss?st=ZD2gNp-CgWMVg1BsviGUwtNJdZJaUQtmlfrlTUkcM9w&ts=1726489497&e=0"]},{"title":"LUXUSNÝ, NOVÝ 4 i BYT 563 M2 - TERASA , 2x PARKOVANIE-KRÁSNE VÝHĽADY NA BRATISLAVU!!!TREBA VIDIEŤ!!","address":"Šumavská, Bratislava II - Ružinov, okres Bratislava","rooms":4,"meters":563,"totalPrice":null,"meterSquarePrice":null,"link":"https://www.nehnutelnosti.sk/detail/JuD3HtN-CeD/luxusny-novy-4-i-byt-563-m2-terasa-2x-parkovanie-krasne-vyhlady-na-bratislavutreba-vidiet","imagesUrls":["https://img.unitedclassifieds.sk/foto/NjAweDMzOC9maWx0ZXJzOnF1YWxpdHkoMTAwKS9qdWw=/36kMANaUX_fss?st=bAiqDfDo_1xyNM2GdcQClowXefYtR3g5iUZr7p05DNs&ts=1726489435&e=0"]},{"title":"REALISS - Bývanie v novostavbe, nový 3 izbový byt s dotovanou úrokovou sadzbou 1,29% - projekt .. St","address":"Husitská, Bánovce nad Bebravou, okres Bánovce nad Bebravou","rooms":3,"meters":63,"totalPrice":129500,"meterSquarePrice":6,"link":"https://www.nehnutelnosti.sk/detail/JupEXCQ6YAk/realiss-byvanie-v-novostavbe-novy-3-izbovy-byt-s-dotovanou-urokovou-sadzbou-1-29-projekt-st","imagesUrls":["https://img.unitedclassifieds.sk/foto/NjAweDMzOC9maWx0ZXJzOnF1YWxpdHkoMTAwKS9qdWw=/3yC42RJe6_fss?st=s--W7oyqNEMw-ySXnpXEO0OrO8_kF1bdvweo7MDg7Pk&ts=1723636261&e=0"]},{"title":"NA PREDAJ - pekný, luxusný byt v Novákoch","address":"Nováky, okres Prievidza","rooms":3,"meters":92,"totalPrice":165000,"meterSquarePrice":8,"link":"https://www.nehnutelnosti.sk/detail/Ju08Jcd8YHN/na-predaj-pekny-luxusny-byt-v-novakoch","imagesUrls":["https://img.nehnutelnosti.sk/foto/NjAweDMzOC9maWx0ZXJzOnF1YWxpdHkoMTAwKS9uZWg=/LF1nq1X99_fss?st=NcnH_Lj2ZRnjVlSetmy1woibtfJiQebfbzYDsgltPAA&ts=1726489312&e=0"]},{"title":"DIRECTREAL|Staromestský 2 izbový byt s veľkorysou výmerou","address":"centrum, Žilina, okres Žilina","rooms":2,"meters":79,"totalPrice":195000,"meterSquarePrice":5,"link":"https://www.nehnutelnosti.sk/detail/JuCynqWavpFl/directreal-staromestsky-2-izbovy-byt-s-velkorysou-vymerou","imagesUrls":["https://img.nehnutelnosti.sk/foto/NjAweDMzOC9maWx0ZXJzOnF1YWxpdHkoMTAwKS9uZWg=/rV6WnWsmRK_fss?st=G_xfecwek0h0INFi4rg-Pc8J4pX_Wb_y-SrGrUN4m1M&ts=1726489304&e=0"]},{"title":"DIRECTREAL|Priestranný 2 izbový byt s balkónom na predaj","address":"Čajkovského, Nitra, okres Nitra","rooms":2,"meters":65,"totalPrice":125000,"meterSquarePrice":8,"link":"https://www.nehnutelnosti.sk/detail/JuH2_WyeoK_/directreal-priestranny-2-izbovy-byt-s-balkonom-na-predaj","imagesUrls":["https://img.nehnutelnosti.sk/foto/NjAweDMzOC9maWx0ZXJzOnF1YWxpdHkoMTAwKS9uZWg=/Zr1hANeDP_fss?st=ZAC_Z48cVCQtbckuZ0G_DbOMxsCnhmsj1m0TaKDmbNw&ts=1726489235&e=0"]},{"title":"DIRECTREAL|2- izbový byt - moderné dispozičné riešenie","address":"Nábrežie A. Hlinku, Hlohovec, okres Hlohovec","rooms":2,"meters":54,"totalPrice":89000,"meterSquarePrice":5,"link":"https://www.nehnutelnosti.sk/detail/JuW1v2311Kv/directreal-2-izbovy-byt-moderne-dispozicne-riesenie","imagesUrls":["https://img.nehnutelnosti.sk/foto/NjAweDMzOC9maWx0ZXJzOnF1YWxpdHkoMTAwKS9uZWg=/7eZQ3usP1Y_fss?st=_Ncl_COk31KnNKvq-PER-kG6fO76SNBBaTj1Nd5nm3M&ts=1726489219&e=0"]},{"title":"Na predaj 3 izbový byt, Šarišské Michaľany","address":"Družstevná, Šarišské Michaľany, okres Sabinov","rooms":3,"meters":63,"totalPrice":140000,"meterSquarePrice":2,"link":"https://www.nehnutelnosti.sk/detail/Jue0RU494uf/na-predaj-3-izbovy-byt-sarisske-michalany","imagesUrls":["https://img.nehnutelnosti.sk/foto/NjAweDMzOC9maWx0ZXJzOnF1YWxpdHkoMTAwKS9uZWg=/EuTWU2gg9D_fss?st=2Vf5aKWKvOmRvA0hUntC4SxnMth98gfupJ6qzmrimIw&ts=1726488579&e=0"]},{"title":"Výnimočná ponuka - skolaudovaná novostavba v centre mesta","address":"Baštová, Košice I - Staré Mesto, okres Košice","rooms":2,"meters":43,"totalPrice":219000,"meterSquarePrice":2,"link":"https://www.nehnutelnosti.sk/detail/JuQUnQ6vt1e/vynimocna-ponuka-skolaudovana-novostavba-v-centre-mesta","imagesUrls":["https://img.nehnutelnosti.sk/foto/NjAweDMzOC9maWx0ZXJzOnF1YWxpdHkoMTAwKS9uZWg=/t6Vr_vgZaR_fss?st=FIzWAfp1pamPlpcwhmwoC7WcbyL82un-YBMxjCRsy8k&ts=1717578561&e=0"]},{"title":"2 izbový byt Trenčianske Teplice","address":"Štvrť SNP, Trenčianske Teplice, okres Trenčín","rooms":2,"meters":62,"totalPrice":88000,"meterSquarePrice":5,"link":"https://www.nehnutelnosti.sk/detail/JuJqZouUbuG/2-izbovy-byt-trencianske-teplice","imagesUrls":["https://img.nehnutelnosti.sk/foto/NjAweDMzOC9maWx0ZXJzOnF1YWxpdHkoMTAwKS9uZWg=/AIFsWxjur_fss?st=FT7KP8oiIhkRDI7hc0eatRSAK1BuP8sM2J7tT50Iicw&ts=1726489457&e=0"]},{"title":"3 izbový byt Trenčianke Teplice + balkón","address":"Štvrť SNP, Trenčianske Teplice, okres Trenčín","rooms":3,"meters":74,"totalPrice":null,"meterSquarePrice":null,"link":"https://www.nehnutelnosti.sk/detail/JuFTj3dAJJP/3-izbovy-byt-trencianke-teplice-balkon","imagesUrls":["https://img.nehnutelnosti.sk/foto/NjAweDMzOC9maWx0ZXJzOnF1YWxpdHkoMTAwKS9uZWg=/-4bg8_7aP_fss?st=KZQ5uJ9dWt-dFWznTgHcER7_n7xpmSRi5Ekv2_DwjJo&ts=1722860594&e=0"]},{"title":"1 izbový byt Nová Dubnica","address":"P. O. Hviezdoslava, Nová Dubnica, okres Ilava","rooms":1,"meters":48,"totalPrice":87000,"meterSquarePrice":0,"link":"https://www.nehnutelnosti.sk/detail/Juold_Qdatt/1-izbovy-byt-nova-dubnica","imagesUrls":["https://img.nehnutelnosti.sk/foto/NjAweDMzOC9maWx0ZXJzOnF1YWxpdHkoMTAwKS9uZWg=/Kc7Uxmugj6_fss?st=ND0DOUlHfK04V0kayoANpUsblk5TqnQAATisFBfR4p0&ts=1723110371&e=0"]},{"title":"3 izbový byt Trenčín - Osvienčimská","address":"Osvienčimská, Trenčín, okres Trenčín","rooms":3,"meters":61,"totalPrice":125000,"meterSquarePrice":8,"link":"https://www.nehnutelnosti.sk/detail/JuI66afPr6j/3-izbovy-byt-trencin-osviencimska","imagesUrls":["https://img.nehnutelnosti.sk/foto/NjAweDMzOC9maWx0ZXJzOnF1YWxpdHkoMTAwKS9uZWg=/f0Bs97FZQ_fss?st=YU1jSbteO0L7zH6aZ-oxpmYY4Ole0PmTm69tXvxCDto&ts=1725441963&e=0"]},{"title":"2 izbový byt Nová Dubnica, kompletná rekonštrukcia","address":"Petra Jilemnického, Nová Dubnica, okres Ilava","rooms":2,"meters":58,"totalPrice":125500,"meterSquarePrice":9,"link":"https://www.nehnutelnosti.sk/detail/Jul3S0zH2Bg4/2-izbovy-byt-nova-dubnica-kompletna-rekonstrukcia","imagesUrls":["https://img.nehnutelnosti.sk/foto/NjAweDMzOC9maWx0ZXJzOnF1YWxpdHkoMTAwKS9uZWg=/JtLgw4c5kw_fss?st=qHlwdZp3x--BKYaklkZg8aHxR_5uTS43LP-dtZT_45c&ts=1721218934&e=0"]},{"title":"3 izbový tehlový byt TN - Pod Sokolice + 2 balkóny","address":"Pod Sokolice, Trenčín, okres Trenčín","rooms":3,"meters":65,"totalPrice":140000,"meterSquarePrice":5,"link":"https://www.nehnutelnosti.sk/detail/Ju0IwRT4fjd/3-izbovy-tehlovy-byt-tn-pod-sokolice-2-balkony","imagesUrls":["https://img.nehnutelnosti.sk/foto/NjAweDMzOC9maWx0ZXJzOnF1YWxpdHkoMTAwKS9uZWg=/PN98lCHF9Q_fss?st=CHzoW7Yo4uJ-w334GfN2-KETsAgn9YhEoMZPPHec-gw&ts=1720346515&e=0"]},{"title":"1 izbový byt Trenčianske Teplice + loggia","address":"Štvrť SNP, Trenčianske Teplice, okres Trenčín","rooms":1,"meters":35,"totalPrice":null,"meterSquarePrice":null,"link":"https://www.nehnutelnosti.sk/detail/Ju_t2CLnDIP/1-izbovy-byt-trencianske-teplice-loggia","imagesUrls":["https://img.nehnutelnosti.sk/foto/NjAweDMzOC9maWx0ZXJzOnF1YWxpdHkoMTAwKS9uZWg=/drzN8sHxn_fss?st=IWT6DyEV4rD_uM1avq-T7Bz6RqCkXgMIhJK0qkkfO9w&ts=1726489449&e=0"]},{"title":"3 izbový byt Trenčín - Pod Sokolice, 73 m2","address":"Pod Sokolice, Trenčín, okres Trenčín","rooms":3,"meters":73,"totalPrice":null,"meterSquarePrice":null,"link":"https://www.nehnutelnosti.sk/detail/JuB6e0lIOA1/3-izbovy-byt-trencin-pod-sokolice-73-m2","imagesUrls":["https://img.nehnutelnosti.sk/foto/NjAweDMzOC9maWx0ZXJzOnF1YWxpdHkoMTAwKS9uZWg=/7LBKeK_h9_fss?st=MhGJmUpPRHzEWcL3y2n4tUmohT9X7Evoz9jpV6azLbQ&ts=1717050245&e=0"]},{"title":"2 izbový byt Trenčín - ul. 28 októbra","address":"28. októbra, Trenčín, okres Trenčín","rooms":2,"meters":53,"totalPrice":null,"meterSquarePrice":null,"link":"https://www.nehnutelnosti.sk/detail/JuRCR_Q_lO-/2-izbovy-byt-trencin-ul-28-oktobra","imagesUrls":["https://img.nehnutelnosti.sk/foto/NjAweDMzOC9maWx0ZXJzOnF1YWxpdHkoMTAwKS9uZWg=/kDYFa4xY8_fss?st=PSkpIaRRfPFZCu-Yw0HxO79SrA4ki5fkToCcGHBI9I4&ts=1717050246&e=0"]},{"title":"TOP 2 izbový apartmán Trenčianske Teplice - Nadražná","address":"Nádražná, Trenčianske Teplice, okres Trenčín","rooms":2,"meters":62,"totalPrice":null,"meterSquarePrice":null,"link":"https://www.nehnutelnosti.sk/detail/JuzAUGYgM-X/top-2-izbovy-apartman-trencianske-teplice-nadrazna","imagesUrls":["https://img.nehnutelnosti.sk/foto/NjAweDMzOC9maWx0ZXJzOnF1YWxpdHkoMTAwKS9uZWg=/gHkLfs3NUw_fss?st=L19-7_VsixYcLo6y2SSX25gU8zvAlnK07UpK72nCAbY&ts=1725598216&e=0"]},{"title":"2 izbový byt Trenčianske Teplice 67 m2","address":"Štvrť SNP, Trenčianske Teplice, okres Trenčín","rooms":2,"meters":67,"totalPrice":null,"meterSquarePrice":null,"link":"https://www.nehnutelnosti.sk/detail/Juq1zhWFgNE/2-izbovy-byt-trencianske-teplice-67-m2","imagesUrls":["https://img.nehnutelnosti.sk/foto/NjAweDMzOC9maWx0ZXJzOnF1YWxpdHkoMTAwKS9uZWg=/IVCC8tjUl_fss?st=xrrJia0LjR2O8jPwJvC-M-RwkYOszfnqUHh8QTbpdUY&ts=1708515973&e=0"]},{"title":"3 izbový byt Nová Dubnica","address":"Petra Jilemnického, Nová Dubnica, okres Ilava","rooms":3,"meters":65,"totalPrice":106000,"meterSquarePrice":7,"link":"https://www.nehnutelnosti.sk/detail/JuWenP8pS8H/3-izbovy-byt-nova-dubnica","imagesUrls":["https://img.nehnutelnosti.sk/foto/NjAweDMzOC9maWx0ZXJzOnF1YWxpdHkoMTAwKS9uZWg=/qMgF6R6AKt_fss?st=rnQndYflPnv3JSdwcL9CKjbGmeVm-xlvn7N2nd4uARQ&ts=1719157642&e=0"]},{"title":"2 izbový byt Trenčín - Kukučínova + možnosť parkovania vo dvore","address":"Kukučínova, Trenčín, okres Trenčín","rooms":2,"meters":46,"totalPrice":null,"meterSquarePrice":null,"link":"https://www.nehnutelnosti.sk/detail/JusArBd3WF7/2-izbovy-byt-trencin-kukucinova-moznost-parkovania-vo-dvore","imagesUrls":["https://img.nehnutelnosti.sk/foto/NjAweDMzOC9maWx0ZXJzOnF1YWxpdHkoMTAwKS9uZWg=/z7aGT46y3_fss?st=ql2DOf3fudrbJe0IZThvIqdc9amv8H1Q-eSjqe82M3k&ts=1717050242&e=0"]},{"title":"4 izbový byt s loggiou na sídlisku KVP, ul. Bauerova","address":"Bauerova, Košice II - Sídlisko KVP, okres Košice","rooms":4,"meters":82,"totalPrice":187500,"meterSquarePrice":9,"link":"https://www.nehnutelnosti.sk/detail/Ju1qZhNjehR/4-izbovy-byt-s-loggiou-na-sidlisku-kvp-ul-bauerova","imagesUrls":["https://img.nehnutelnosti.sk/foto/NjAweDMzOC9maWx0ZXJzOnF1YWxpdHkoMTAwKS9uZWg=/7-bv4j21B_fss?st=YUPdycgQMa4AveOpjQ76Z1E0jaHWjoIx7400LX21nIk&ts=1726488162&e=0"]},{"title":"1 izbový byt Trenčianske Teplice  42 m2","address":"Štvrť SNP, Trenčianske Teplice, okres Trenčín","rooms":1,"meters":42,"totalPrice":80000,"meterSquarePrice":6,"link":"https://www.nehnutelnosti.sk/detail/JuatzKJLv3u/1-izbovy-byt-trencianske-teplice-42-m2","imagesUrls":["https://img.nehnutelnosti.sk/foto/NjAweDMzOC9maWx0ZXJzOnF1YWxpdHkoMTAwKS9uZWg=/XSVDS3miv_fss?st=hP5_V2Mtlq-fjW79_EWh7ZGyt3mTHlBUN2tXAK4r_c0&ts=1722427346&e=0"]},{"title":"2 izbový byt Motešice + parkovacie miesto","address":"Motešice, okres Trenčín","rooms":2,"meters":59,"totalPrice":105000,"meterSquarePrice":6,"link":"https://www.nehnutelnosti.sk/detail/JuWNRb-enLp/2-izbovy-byt-motesice-parkovacie-miesto","imagesUrls":["https://img.nehnutelnosti.sk/foto/NjAweDMzOC9maWx0ZXJzOnF1YWxpdHkoMTAwKS9uZWg=/W_J2cSbbt_fss?st=lcwZJeb-WXfASVDQt2DPFtqfMo2adJWPA8EzhTE7ZZE&ts=1688199484&e=0"]},{"title":"Nový 2 izbový byt Motešice + parkovacie miesto","address":"Motešice, okres Trenčín","rooms":2,"meters":39,"totalPrice":89000,"meterSquarePrice":5,"link":"https://www.nehnutelnosti.sk/detail/JuBuTguA1lR/novy-2-izbovy-byt-motesice-parkovacie-miesto","imagesUrls":["https://img.nehnutelnosti.sk/foto/NjAweDMzOC9maWx0ZXJzOnF1YWxpdHkoMTAwKS9uZWg=/SC3qLyA5t_fss?st=fOBTZdTomEdBrJF7f_N_WTn8tsxz7pAxGHnIEMggTNE&ts=1674153072&e=0"]}]