[{"title":"3-izbový byt na predaj, Okružná, Handlová","address":"Okružná, Handlová, okres Prievidza","rooms":3,"meters":64,"totalPrice":60000,"meterSquarePrice":0,"link":"https://www.nehnutelnosti.sk/detail/JujzXrRN0do/3-izbovy-byt-na-predaj-okruzna-handlova","imagesUrls":["https://img.nehnutelnosti.sk/foto/NjAweDMzOC9maWx0ZXJzOnF1YWxpdHkoMTAwKS9uZWg=/Gb3vV5zs1_fss?st=-P_P-HBK8FqjfpEQiI-7eF1FQ3huUzGbgyF_B9XAm-Y&ts=1707386439&e=0"]},{"title":"3-izbový byt na predaj, Banícka, Píly, Prievidza","address":"Banícka, Prievidza, okres Prievidza","rooms":3,"meters":61,"totalPrice":102000,"meterSquarePrice":3,"link":"https://www.nehnutelnosti.sk/detail/JuM8HpcVmsJ0/3-izbovy-byt-na-predaj-banicka-pily-prievidza","imagesUrls":["https://img.nehnutelnosti.sk/foto/NjAweDMzOC9maWx0ZXJzOnF1YWxpdHkoMTAwKS9uZWg=/dhSPauVy1_fss?st=s5UF7V41lHvYUx5K8cF6qD2mtpVwcdpg54N8KCuRcmM&ts=1706885139&e=0"]},{"title":"Štýlový 3-izbový byt B2 v Liptovskej Teplej s dvomi terasami a dvomi parkovacími miestami, blízko Th","address":"Liptovská Teplá, Liptovská Teplá, okres Ružomberok","rooms":3,"meters":90,"totalPrice":201346,"meterSquarePrice":2,"link":"https://www.nehnutelnosti.sk/detail/JukB0KooiG_/stylovy-3-izbovy-byt-b2-v-liptovskej-teplej-s-dvomi-terasami-a-dvomi-parkovacimi-miestami-blizko-th","imagesUrls":["https://img.nehnutelnosti.sk/foto/NjAweDMzOC9maWx0ZXJzOnF1YWxpdHkoMTAwKS9uZWg=/186UdnGG2_fss?st=xXNWrXRyKXldK6MgB8kAwn9C2CNW_An2zE2owxbcRtQ&ts=1706995853&e=0"]},{"title":"2-izbový byt na predaj, Záturčie, Martin","address":"Martin, okres Martin","rooms":2,"meters":47,"totalPrice":115000,"meterSquarePrice":1,"link":"https://www.nehnutelnosti.sk/detail/JuUu9W1qaJi/2-izbovy-byt-na-predaj-zaturcie-martin","imagesUrls":["https://img.nehnutelnosti.sk/foto/NjAweDMzOC9maWx0ZXJzOnF1YWxpdHkoMTAwKS9uZWg=/XNPpZPkR0_fss?st=7G7WmF0YZqgg4GrN-o0hzJs9Uwp2h8t1eepDNP4o8X8&ts=1705404810&e=0"]},{"title":"3-izbový byt na predaj, Rozkvet","address":"Považská Bystrica, Považská Bystrica, okres Považská Bystrica","rooms":3,"meters":68,"totalPrice":105000,"meterSquarePrice":2,"link":"https://www.nehnutelnosti.sk/detail/JudZCNIzZBp/3-izbovy-byt-na-predaj-rozkvet","imagesUrls":["https://img.nehnutelnosti.sk/foto/NjAweDMzOC9maWx0ZXJzOnF1YWxpdHkoMTAwKS9uZWg=/wtJ0o1ucg-_fss?st=2FibqBOw3HDaRUmXMVa4uZXfprFe2n8NDvS0LiOxHhk&ts=1706603470&e=0"]},{"title":"Príjemný 3-izbový byt s pekným výhľadom Rozkvet","address":"Sídlisko Rozkvet, Považská Bystrica, okres Považská Bystrica","rooms":3,"meters":64,"totalPrice":null,"meterSquarePrice":null,"link":"https://www.nehnutelnosti.sk/detail/Ju4gFp5zNnq/prijemny-3-izbovy-byt-s-peknym-vyhladom-rozkvet","imagesUrls":["https://img.nehnutelnosti.sk/foto/NjAweDMzOC9maWx0ZXJzOnF1YWxpdHkoMTAwKS9uZWg=/3F3DVrDB_l_fss?st=KaK9QHHq8BHjrLzYS1GKI_7V52WFLggQR825g-n8COk&ts=1712251383&e=0"]},{"title":"Nadštandartná garsónka v novostavbe /28 m2/ Žilina - Zelené Vlčince","address":"Žilina, okres Žilina","rooms":null,"meters":28,"totalPrice":null,"meterSquarePrice":null,"link":"https://www.nehnutelnosti.sk/detail/JuSEX4NMmWZ/nadstandartna-garsonka-v-novostavbe-28-m2-zilina-zelene-vlcince","imagesUrls":["https://img.nehnutelnosti.sk/foto/NjAweDMzOC9maWx0ZXJzOnF1YWxpdHkoMTAwKS9uZWg=/fE0I3z5od_fss?st=wPgRh6MPf_dozH87IbXU8-gyfByNuXCwvMsZjRva7sg&ts=1705413638&e=0"]},{"title":"Moderný 4-izbový byt C8 s dvoma parkovacími miestami v Liptovskej Teplej, blízko Thermal parku Bešeň","address":"Liptovská Teplá, okres Ružomberok","rooms":4,"meters":95,"totalPrice":227005,"meterSquarePrice":1,"link":"https://www.nehnutelnosti.sk/detail/JuHMJ7RgNem/moderny-4-izbovy-byt-c8-s-dvoma-parkovacimi-miestami-v-liptovskej-teplej-blizko-thermal-parku-besen","imagesUrls":["https://img.nehnutelnosti.sk/foto/NjAweDMzOC9maWx0ZXJzOnF1YWxpdHkoMTAwKS9uZWg=/-6asNg7Jp_fss?st=JFNXsUbCXzbjQUf4mykpTz6KwWYS8pNTswPCLFBpAz8&ts=1704969253&e=0"]},{"title":"2 izbový byt s balkónom v štandarde a parkovaním v novostavbe Kolárovo","address":"Kolárovo, Kolárovo, okres Komárno","rooms":2,"meters":52,"totalPrice":93600,"meterSquarePrice":0,"link":"https://www.nehnutelnosti.sk/detail/JuMzuId9knN/2-izbovy-byt-s-balkonom-v-standarde-a-parkovanim-v-novostavbe-kolarovo","imagesUrls":["https://img.nehnutelnosti.sk/foto/NjAweDMzOC9maWx0ZXJzOnF1YWxpdHkoMTAwKS9uZWg=/KMWm8Da2U_fss?st=vIN7IwqprI8Moc2LsmBrJMnkhZWDg9Aufb79s35bd30&ts=1704700385&e=0"]},{"title":"2 izbový byt s balkónom v štandarde a parkovaním v novostavbe Kolárovo","address":"Kolárovo, Kolárovo, okres Komárno","rooms":2,"meters":49,"totalPrice":88560,"meterSquarePrice":5,"link":"https://www.nehnutelnosti.sk/detail/JuVsgQIPqJP/2-izbovy-byt-s-balkonom-v-standarde-a-parkovanim-v-novostavbe-kolarovo","imagesUrls":["https://img.nehnutelnosti.sk/foto/NjAweDMzOC9maWx0ZXJzOnF1YWxpdHkoMTAwKS9uZWg=/OWG77lXAY_fss?st=kTFLpOgtfUWO0PR9_lrsFi1lViVt43UcLTtPXiYG08w&ts=1704700387&e=0"]},{"title":"2 izbový byt s balkónom v štandarde a parkovaním v novostavbe Kolárovo","address":"Kolárovo, Kolárovo, okres Komárno","rooms":2,"meters":46,"totalPrice":82800,"meterSquarePrice":0,"link":"https://www.nehnutelnosti.sk/detail/Ju5Kh_vdAHT/2-izbovy-byt-s-balkonom-v-standarde-a-parkovanim-v-novostavbe-kolarovo","imagesUrls":["https://img.nehnutelnosti.sk/foto/NjAweDMzOC9maWx0ZXJzOnF1YWxpdHkoMTAwKS9uZWg=/rMfImUF3T_fss?st=wuzVD0qYicqfWAP_qoO1nLEynJ9zTp80tvDGJPd8iBk&ts=1703267137&e=0"]},{"title":"3 izbový byt s balkónom v štandarde a parkovaním v novostavbe Kolárovo","address":"Kolárovo, Kolárovo, okres Komárno","rooms":3,"meters":71,"totalPrice":113000,"meterSquarePrice":5,"link":"https://www.nehnutelnosti.sk/detail/JuauiQ3ehpm/3-izbovy-byt-s-balkonom-v-standarde-a-parkovanim-v-novostavbe-kolarovo","imagesUrls":["https://img.nehnutelnosti.sk/foto/NjAweDMzOC9maWx0ZXJzOnF1YWxpdHkoMTAwKS9uZWg=/Ao4FSzOTx-_fss?st=CARtKk1YTUUwcLZkbX4NNvTwxpKjIncPBdAVpOmR7cY&ts=1704317590&e=0"]},{"title":"2 izbový byt s balkónom v štandarde a parkovaním v novostavbe Kolárovo","address":"Kolárovo, Kolárovo, okres Komárno","rooms":2,"meters":52,"totalPrice":93600,"meterSquarePrice":0,"link":"https://www.nehnutelnosti.sk/detail/JuT2d8Hy55_/2-izbovy-byt-s-balkonom-v-standarde-a-parkovanim-v-novostavbe-kolarovo","imagesUrls":["https://img.nehnutelnosti.sk/foto/NjAweDMzOC9maWx0ZXJzOnF1YWxpdHkoMTAwKS9uZWg=/qUvl660Fh_fss?st=5yd-71SAz0Ngu8EjxLqN_DH0JGManOp_nlWWNDyY_8c&ts=1703267145&e=0"]},{"title":"2 izbový byt s balkónom v štandarde a parkovaním v novostavbe Kolárovo","address":"Kolárovo, Kolárovo, okres Komárno","rooms":2,"meters":49,"totalPrice":88560,"meterSquarePrice":5,"link":"https://www.nehnutelnosti.sk/detail/Ju7jqeypHXx/2-izbovy-byt-s-balkonom-v-standarde-a-parkovanim-v-novostavbe-kolarovo","imagesUrls":["https://img.nehnutelnosti.sk/foto/NjAweDMzOC9maWx0ZXJzOnF1YWxpdHkoMTAwKS9uZWg=/C2o0c0Nma_fss?st=FTsL39V-_6noMnk8n2djCX9mWO3XRNeiQOjkpMpF93A&ts=1703267138&e=0"]},{"title":"3 izbový byt s balkónom v štandarde a parkovaním v novostavbe Kolárovo","address":"Kolárovo, Kolárovo, okres Komárno","rooms":3,"meters":71,"totalPrice":114000,"meterSquarePrice":3,"link":"https://www.nehnutelnosti.sk/detail/JuPzyIPqr7D/3-izbovy-byt-s-balkonom-v-standarde-a-parkovanim-v-novostavbe-kolarovo","imagesUrls":["https://img.nehnutelnosti.sk/foto/NjAweDMzOC9maWx0ZXJzOnF1YWxpdHkoMTAwKS9uZWg=/LlI6YgeLG_fss?st=-QBdDJK8XbHsKiDhbygus9IhQ9V_EAUbKCASNdzil6M&ts=1703267139&e=0"]},{"title":"3 izbový byt s balkónom v štandarde a parkovaním v novostavbe Kolárovo","address":"Kolárovo, Kolárovo, okres Komárno","rooms":3,"meters":71,"totalPrice":113000,"meterSquarePrice":5,"link":"https://www.nehnutelnosti.sk/detail/JuT81Z48L-T/3-izbovy-byt-s-balkonom-v-standarde-a-parkovanim-v-novostavbe-kolarovo","imagesUrls":["https://img.nehnutelnosti.sk/foto/NjAweDMzOC9maWx0ZXJzOnF1YWxpdHkoMTAwKS9uZWg=/rPAZ5am8T_fss?st=WKlB2kBF2lZEbBVN1tLrHTtBhh8Ma4jv85XHeZEsCco&ts=1704320510&e=0"]},{"title":"3 izbový byt s balkónom v štandarde a parkovaním v novostavbe Kolárovo","address":"Kolárovo, Kolárovo, okres Komárno","rooms":3,"meters":71,"totalPrice":114000,"meterSquarePrice":3,"link":"https://www.nehnutelnosti.sk/detail/JuTkGUqTZy2/3-izbovy-byt-s-balkonom-v-standarde-a-parkovanim-v-novostavbe-kolarovo","imagesUrls":["https://img.nehnutelnosti.sk/foto/NjAweDMzOC9maWx0ZXJzOnF1YWxpdHkoMTAwKS9uZWg=/vr-WonhiC_fss?st=YXHv-y36tDDK0p8jCsS6XR5p0XQUhJCucJdQ3MqZ2-4&ts=1703865637&e=0"]},{"title":"2 izbový byt s balkónom v štandarde a parkovaním v novostavbe Kolárovo","address":"Kolárovo, Kolárovo, okres Komárno","rooms":2,"meters":53,"totalPrice":95000,"meterSquarePrice":5,"link":"https://www.nehnutelnosti.sk/detail/JuTqHEw9Qfp/2-izbovy-byt-s-balkonom-v-standarde-a-parkovanim-v-novostavbe-kolarovo","imagesUrls":["https://img.nehnutelnosti.sk/foto/NjAweDMzOC9maWx0ZXJzOnF1YWxpdHkoMTAwKS9uZWg=/Yo8rP4gYa_fss?st=ekqtEDXPJcgy348InQDbY9VD3Oez_YujgMC9qTQgeMg&ts=1703267143&e=0"]},{"title":"Moderný 2-izbový byt s balkónom v DANUBIA Residence v Komárne","address":"Komárno, Komárno, okres Komárno","rooms":2,"meters":60,"totalPrice":121800,"meterSquarePrice":2,"link":"https://www.nehnutelnosti.sk/detail/JufI-9bTikYi/moderny-2-izbovy-byt-s-balkonom-v-danubia-residence-v-komarne","imagesUrls":["https://img.nehnutelnosti.sk/foto/NjAweDMzOC9maWx0ZXJzOnF1YWxpdHkoMTAwKS9uZWg=/CqhallVwg_fss?st=GNjKS5puhq2a5aDlPotU2SiCeKubZNv8qix4Ngwg9_A&ts=1702063058&e=0"]},{"title":"Komfortný 1-zbový byt s balkónom v DANUBIA Residence v Komárne","address":"Komárno, Komárno, okres Komárno","rooms":1,"meters":46,"totalPrice":null,"meterSquarePrice":null,"link":"https://www.nehnutelnosti.sk/detail/JuLgtiBCk6L/komfortny-1-zbovy-byt-s-balkonom-v-danubia-residence-v-komarne","imagesUrls":["https://img.nehnutelnosti.sk/foto/NjAweDMzOC9maWx0ZXJzOnF1YWxpdHkoMTAwKS9uZWg=/2fSZhQ43J_fss?st=qXFnQWisIDU3aYHmY_9jMCSxIyiv-OrIWWLqdvf6LeQ&ts=1702063042&e=0"]},{"title":"Pekný slnečný 3-izbový byt v DANUBIA Residence v Komárne","address":"Komárno, Komárno, okres Komárno","rooms":3,"meters":81,"totalPrice":160500,"meterSquarePrice":0,"link":"https://www.nehnutelnosti.sk/detail/Jumz_rU6HtG/pekny-slnecny-3-izbovy-byt-v-danubia-residence-v-komarne","imagesUrls":["https://img.nehnutelnosti.sk/foto/NjAweDMzOC9maWx0ZXJzOnF1YWxpdHkoMTAwKS9uZWg=/bEl8cPFMi_fss?st=XCM_ahLpCX3GLm-DTuxihrVtvR5lKhWFiEWXv4qZ2lA&ts=1702063053&e=0"]},{"title":"2-izbový byt na predaj, Ilava","address":"Ilava, Ilava, okres Ilava","rooms":2,"meters":49,"totalPrice":94500,"meterSquarePrice":6,"link":"https://www.nehnutelnosti.sk/detail/Juyh7B4FJmV/2-izbovy-byt-na-predaj-ilava","imagesUrls":["https://img.nehnutelnosti.sk/foto/NjAweDMzOC9maWx0ZXJzOnF1YWxpdHkoMTAwKS9uZWg=/q6irsi6c0_fss?st=qbY9B9DCcqkaDeP9jnmgmrVywPrmvcw9wtrH5L1yg3g&ts=1706522437&e=0"]},{"title":"Skolaudovaný investičný apartmán A3 v dizajnovom chalete, Rezidencia Hrabovo, Malinô Brdo ski & bike","address":"Hrabovská dolina, Ružomberok, okres Ružomberok","rooms":null,"meters":48,"totalPrice":187000,"meterSquarePrice":4,"link":"https://www.nehnutelnosti.sk/detail/JukQjHn-3hC/skolaudovany-investicny-apartman-a3-v-dizajnovom-chalete-rezidencia-hrabovo-malino-brdo-ski-bike","imagesUrls":["https://img.nehnutelnosti.sk/foto/NjAweDMzOC9maWx0ZXJzOnF1YWxpdHkoMTAwKS9uZWg=/C9TBzMcT7C_fss?st=VldETs3B45-hGA1bnkHUBuYssJynehS0U5Oa924_uKE&ts=1725027440&e=0"]},{"title":"Investičná príležitosť - moderné štúdio v  apartmánovom dome MyMara v obci Bešeňová","address":"Bešeňová, Bešeňová, okres Ružomberok","rooms":null,"meters":31,"totalPrice":135000,"meterSquarePrice":5,"link":"https://www.nehnutelnosti.sk/detail/JuwE-lchGzB/investicna-prilezitost-moderne-studio-v-apartmanovom-dome-mymara-v-obci-besenova","imagesUrls":["https://img.nehnutelnosti.sk/foto/NjAweDMzOC9maWx0ZXJzOnF1YWxpdHkoMTAwKS9uZWg=/eXoK3v3JU_fss?st=nTQsRwflcbFizH5WCUYttIFzew8XSSSrORQyhr9uGyw&ts=1698401803&e=0"]},{"title":"3-izbový byt, predaj, Lánska Považská Bystrica","address":"Považská Bystrica, Považská Bystrica, okres Považská Bystrica","rooms":3,"meters":65,"totalPrice":116900,"meterSquarePrice":6,"link":"https://www.nehnutelnosti.sk/detail/Jut21I_drEo/3-izbovy-byt-predaj-lanska-povazska-bystrica","imagesUrls":["https://img.nehnutelnosti.sk/foto/NjAweDMzOC9maWx0ZXJzOnF1YWxpdHkoMTAwKS9uZWg=/4s4sXaaNo_fss?st=oqQY82-orFOhLEJ_nh7NlIiwQpWtai6tWrMdDbHbRDk&ts=1712144025&e=0"]},{"title":"1-izbový byt SNP","address":"Sídlisko SNP, Považská Bystrica, okres Považská Bystrica","rooms":1,"meters":39,"totalPrice":84900,"meterSquarePrice":1,"link":"https://www.nehnutelnosti.sk/detail/JuLdEzJJ4-3/1-izbovy-byt-snp","imagesUrls":["https://img.nehnutelnosti.sk/foto/NjAweDMzOC9maWx0ZXJzOnF1YWxpdHkoMTAwKS9uZWg=/RkRkTBY-D_fss?st=PFeTABeHZvtYGmi5UXzJEDVm3G7wTYE0XjPA3PPsj_E&ts=1706605236&e=0"]},{"title":"3-izbový byt na predaj, Liptovská, Klačno, Ružomberok","address":"Liptovská, Ružomberok, okres Ružomberok","rooms":3,"meters":60,"totalPrice":131000,"meterSquarePrice":7,"link":"https://www.nehnutelnosti.sk/detail/Ju7pT6JWjg4/3-izbovy-byt-na-predaj-liptovska-klacno-ruzomberok","imagesUrls":["https://img.nehnutelnosti.sk/foto/NjAweDMzOC9maWx0ZXJzOnF1YWxpdHkoMTAwKS9uZWg=/92NnAb4r2_fss?st=JtFoi-HkaQ8j9aVqKa1VVvmLPRvYsCkESTWrfMdA4pI&ts=1694080838&e=0"]},{"title":"Kompletne zrekonštruovaný 3-izbový byt na predaj, Špačinská cesta, Trnava","address":"Špačinská cesta, Trnava, okres Trnava","rooms":3,"meters":55,"totalPrice":null,"meterSquarePrice":null,"link":"https://www.nehnutelnosti.sk/detail/JulkkJl5Him/kompletne-zrekonstruovany-3-izbovy-byt-na-predaj-spacinska-cesta-trnava","imagesUrls":["https://img.nehnutelnosti.sk/foto/NjAweDMzOC9maWx0ZXJzOnF1YWxpdHkoMTAwKS9uZWg=/1aNo8cYDt_fss?st=t336KaMUkchZdF1mcVKTvHqJN6x2_s4lIrWpSTShrN4&ts=1692079244&e=0"]},{"title":"3-izbový byt s balkónom /72 m2/, Žilina - Vlčince","address":"Žilina, okres Žilina","rooms":3,"meters":72,"totalPrice":139990,"meterSquarePrice":1,"link":"https://www.nehnutelnosti.sk/detail/Ju14eZOuYxo/3-izbovy-byt-s-balkonom-72-m2-zilina-vlcince","imagesUrls":["https://img.nehnutelnosti.sk/foto/NjAweDMzOC9maWx0ZXJzOnF1YWxpdHkoMTAwKS9uZWg=/c1EbgkxMJ_fss?st=rEUP6JGtmsQ2rD-EQznC8sjB80GT8XR4bwplz1sB-1Y&ts=1692261937&e=0"]},{"title":"Veľký 2 izbový byt na ul. Rákócziho v Komárne","address":"Komárno, Komárno, okres Komárno","rooms":2,"meters":66,"totalPrice":72000,"meterSquarePrice":1,"link":"https://www.nehnutelnosti.sk/detail/JutzI1AYDPZ/velky-2-izbovy-byt-na-ul-rakocziho-v-komarne","imagesUrls":["https://img.nehnutelnosti.sk/foto/NjAweDMzOC9maWx0ZXJzOnF1YWxpdHkoMTAwKS9uZWg=/2G5oUmRgpl_fss?st=CwJPGYONRtMKU7tkXrJtdqsgHpkw2oTaQHcO8r4tGjo&ts=1691414237&e=0"]}]