[{"title":"AARK: 2-izbový byt - 60,43 m², Kornela Mahra 8, Trnava","address":"Ulica Kornela Mahra, Trnava, okres Trnava","rooms":2,"meters":60,"totalPrice":158500,"meterSquarePrice":7,"link":"https://www.nehnutelnosti.sk/detail/JuWejQbdMvV/aark-2-izbovy-byt-60-43-m-kornela-mahra-8-trnava","imagesUrls":["https://img.unitedclassifieds.sk/foto/NjAweDMzOC9maWx0ZXJzOnF1YWxpdHkoMTAwKS9qdWw=/KYInMsyIv_fss?st=s8KhaEL1AF1jYDxbk5Vqlcuw4S67Jral8OM23csq2cA&ts=1724756608&e=0"]},{"title":"Ponúkame 1,5 byt Košice - Západ, Popradská ul. bez výťahu a balkóna","address":"Popradská, Košice II - Západ, okres Košice","rooms":2,"meters":34,"totalPrice":110000,"meterSquarePrice":9,"link":"https://www.nehnutelnosti.sk/detail/JuuYi2of24h/ponukame-1-5-byt-kosice-zapad-popradska-ul-bez-vytahu-a-balkona","imagesUrls":["https://img.unitedclassifieds.sk/foto/NjAweDMzOC9maWx0ZXJzOnF1YWxpdHkoMTAwKS9qdWw=/Mnnw2bZKT_fss?st=O0NNyfmwTihAwhOrcERZV9LSVNau6-wgYpHzq8CEZwg&ts=1708429476&e=0"]},{"title":"Investičná príležitosť v rezidencii Herberia, 3 izb byt s bonusom parkovania v blízkosti Steel aréna","address":"Žižkova, Košice IV - Juh, okres Košice","rooms":3,"meters":77,"totalPrice":339339,"meterSquarePrice":7,"link":"https://www.nehnutelnosti.sk/detail/JuGNAwIEZ49/investicna-prilezitost-v-rezidencii-herberia-3-izb-byt-s-bonusom-parkovania-v-blizkosti-steel-arena","imagesUrls":["https://img.unitedclassifieds.sk/foto/NjAweDMzOC9maWx0ZXJzOnF1YWxpdHkoMTAwKS9qdWw=/36nA8fMPk_fss?st=cc6SpNDYrv4MEn5Q-YpR9o_R5qd173wJ5TZJjZ3-zQE&ts=1725522675&e=0"]},{"title":"Jeden z posledných voľných  3izb byt v rezidencii Herberia, 2x loggia s plochou 11m2","address":"Žižkova, Košice IV - Juh, okres Košice","rooms":3,"meters":77,"totalPrice":339339,"meterSquarePrice":7,"link":"https://www.nehnutelnosti.sk/detail/JupkNl9XtZA/jeden-z-poslednych-volnych-3izb-byt-v-rezidencii-herberia-2x-loggia-s-plochou-11m2","imagesUrls":["https://img.unitedclassifieds.sk/foto/NjAweDMzOC9maWx0ZXJzOnF1YWxpdHkoMTAwKS9qdWw=/BPyvy33QP_fss?st=wioBDzmJLheX3vswFQZZnFEScDC_gGAUqqAeExMTc-o&ts=1725464236&e=0"]},{"title":"Na predaj trojizbový byt s balkónom v Topoľčanoch - 76m2","address":"Topoľčany, okres Topoľčany","rooms":3,"meters":76,"totalPrice":115000,"meterSquarePrice":6,"link":"https://www.nehnutelnosti.sk/detail/JuE1Is7dUln/na-predaj-trojizbovy-byt-s-balkonom-v-topolcanoch-76m2","imagesUrls":["https://img.nehnutelnosti.sk/foto/NjAweDMzOC9maWx0ZXJzOnF1YWxpdHkoMTAwKS9uZWg=/u1Ho7Tgqu_fss?st=mkI2aaDpbZy45ON_L8WXuuFzICw-lqvFU0CaXrwgT3E&ts=1726833090&e=0"]},{"title":"Na predaj 3,5 izbový byt vo vyhľadávanej lokalite mesta Partizánske,73m2","address":"Partizánske, okres Partizánske","rooms":3,"meters":73,"totalPrice":85000,"meterSquarePrice":8,"link":"https://www.nehnutelnosti.sk/detail/JuXk2dc9MMK/na-predaj-3-5-izbovy-byt-vo-vyhladavanej-lokalite-mesta-partizanske-73m2","imagesUrls":["https://img.nehnutelnosti.sk/foto/NjAweDMzOC9maWx0ZXJzOnF1YWxpdHkoMTAwKS9uZWg=/2Bu7Sj1Zk_fss?st=Q2zwiBZolF6mc2feCpQG6bRObWSBKTo4UjZf7gbDJo8&ts=1726824441&e=0"]},{"title":"LEXXUS | tichý a moderný 3i byt s loggiou a výhľadmi na Bratislavský hrad, Staré Mesto","address":"Jakubovo námestie, Bratislava I - Staré Mesto, okres Bratislava","rooms":3,"meters":85,"totalPrice":409900,"meterSquarePrice":5,"link":"https://www.nehnutelnosti.sk/detail/JuC0-uqMk-T/lexxus-tichy-a-moderny-3i-byt-s-loggiou-a-vyhladmi-na-bratislavsky-hrad-stare-mesto","imagesUrls":["https://img.nehnutelnosti.sk/foto/NjAweDMzOC9maWx0ZXJzOnF1YWxpdHkoMTAwKS9uZWg=/KyTSOrOVfq_fss?st=_GitdovmBjflAvX0GzupR1RS_2Y1kyhXCsJEJ-h4OQ4&ts=1723578867&e=0"]},{"title":"Priestranné 2-izbové byty, znalecký posudok zadarmo. www.bytyrovinka.sk","address":"Slivková, Rovinka, okres Senec","rooms":2,"meters":67,"totalPrice":195000,"meterSquarePrice":5,"link":"https://www.nehnutelnosti.sk/detail/JuRpMGtxJrQ/priestranne-2-izbove-byty-znalecky-posudok-zadarmo-www-bytyrovinka-sk","imagesUrls":["https://img.unitedclassifieds.sk/foto/NjAweDMzOC9maWx0ZXJzOnF1YWxpdHkoMTAwKS9qdWw=/FqlpVHkWP_fss?st=D1C80RsoCj0fMznlZIclThMlEsMw3XjG1I2IFoD6IgE&ts=1724762881&e=0"]},{"title":"LEXXUS | nové bývanie v byte pri jazere s loggiou a garážovým státím či pivnicou, Petržalka, (BA V).","address":"Jantárová, Bratislava V - Petržalka, okres Bratislava","rooms":2,"meters":52,"totalPrice":229900,"meterSquarePrice":7,"link":"https://www.nehnutelnosti.sk/detail/Juwdt6e1QjT/lexxus-nove-byvanie-v-byte-pri-jazere-s-loggiou-a-garazovym-statim-ci-pivnicou-petrzalka-ba-v","imagesUrls":["https://img.nehnutelnosti.sk/foto/NjAweDMzOC9maWx0ZXJzOnF1YWxpdHkoMTAwKS9uZWg=/Og_BIBjSaO_fss?st=KBN4FKmbz-oVlRET8GrxUtJjTl4yhtJC_yoo7-54ipo&ts=1725903449&e=0"]},{"title":"Priestranné 2-izbové byty, znalecký posudok zadarmo. www.bytyrovinka.sk","address":"Slivková, Rovinka, okres Senec","rooms":2,"meters":53,"totalPrice":175000,"meterSquarePrice":9,"link":"https://www.nehnutelnosti.sk/detail/JuRYF3l2XD_/priestranne-2-izbove-byty-znalecky-posudok-zadarmo-www-bytyrovinka-sk","imagesUrls":["https://img.unitedclassifieds.sk/foto/NjAweDMzOC9maWx0ZXJzOnF1YWxpdHkoMTAwKS9qdWw=/Tn8KHWKhh_fss?st=4Wy54qgAXQmLuEe5AlLH7rJIDZHnab_qPxkmvx1lEOs&ts=1724763085&e=0"]},{"title":"Na predaj 3,5 i byt Partizánske pri centre s balkónom","address":"Nádražná, Partizánske, okres Partizánske","rooms":3,"meters":73,"totalPrice":93000,"meterSquarePrice":7,"link":"https://www.nehnutelnosti.sk/detail/JuIomKr9a2R/na-predaj-3-5-i-byt-partizanske-pri-centre-s-balkonom","imagesUrls":["https://img.nehnutelnosti.sk/foto/NjAweDMzOC9maWx0ZXJzOnF1YWxpdHkoMTAwKS9uZWg=/oVCBU31Ln_fss?st=7hE1MUpaIWTv-ueGpM54RitmCOmwJIfEHYUJ93T8AJQ&ts=1714728004&e=0"]},{"title":"Ponúkame na predaj 4izb byt Košice, Nad Jazerom, Ladožská ul. s loggiou a pivnicou","address":"Ladožská, Košice IV - Nad jazerom, okres Košice","rooms":4,"meters":80,"totalPrice":189900,"meterSquarePrice":5,"link":"https://www.nehnutelnosti.sk/detail/JuiqDih8ASX/ponukame-na-predaj-4izb-byt-kosice-nad-jazerom-ladozska-ul-s-loggiou-a-pivnicou","imagesUrls":["https://img.unitedclassifieds.sk/foto/NjAweDMzOC9maWx0ZXJzOnF1YWxpdHkoMTAwKS9qdWw=/xndo_0ZIt_fss?st=4ZzmjXvIWfOCykvi1wRMZeDJl6uGAySMvODVauub7dg&ts=1725695432&e=0"]},{"title":"METROPOLITAN │Luxusná nehnuteľnosť vo Vile Slavín na predaj","address":"Na Štyridsiatku, Bratislava I - Staré Mesto, okres Bratislava","rooms":4,"meters":263,"totalPrice":1687200,"meterSquarePrice":4,"link":"https://www.nehnutelnosti.sk/detail/JuYTa396cNo/metropolitan-luxusna-nehnutelnost-vo-vile-slavin-na-predaj","imagesUrls":["https://img.nehnutelnosti.sk/foto/NjAweDMzOC9maWx0ZXJzOnF1YWxpdHkoMTAwKS9uZWg=/Tbdg9XrF4_fss?st=GGPExgwgpLykLduFMkaxsEXLIjCWRvFA1AgC_6Uk4OE&ts=1721098480&e=0"]},{"title":"METROPOLITAN │Exkluzívna nehnuteľnosť vo Vile Slavín na predaj","address":"Na Štyridsiatku, Bratislava I - Staré Mesto, okres Bratislava","rooms":4,"meters":242,"totalPrice":1890000,"meterSquarePrice":9,"link":"https://www.nehnutelnosti.sk/detail/JuW3bCSPi80/metropolitan-exkluzivna-nehnutelnost-vo-vile-slavin-na-predaj","imagesUrls":["https://img.nehnutelnosti.sk/foto/NjAweDMzOC9maWx0ZXJzOnF1YWxpdHkoMTAwKS9uZWg=/0L_nuq3pNq_fss?st=KFBrAAjZwcKtgRFFem-5fQqGvvu0pEkd-0sVeNAFE-Q&ts=1706343985&e=0"]},{"title":"METROPOLITAN │Moderná nehnuteľnosť vo Vile Slavín na predaj","address":"Na Štyridsiatku, Bratislava I - Staré Mesto, okres Bratislava","rooms":3,"meters":213,"totalPrice":1480000,"meterSquarePrice":6,"link":"https://www.nehnutelnosti.sk/detail/JupiIk7XNmO7/metropolitan-moderna-nehnutelnost-vo-vile-slavin-na-predaj","imagesUrls":["https://img.nehnutelnosti.sk/foto/NjAweDMzOC9maWx0ZXJzOnF1YWxpdHkoMTAwKS9uZWg=/FT4tno3b_9_fss?st=g5K62eiaZYoahMDdVp59FAadDmoTOHdjAPepuhqM5v4&ts=1717590971&e=0"]},{"title":"METROPOLITAN │Luxusný 5i byt v na predaj v Bratislave - Starom Meste","address":"Tolstého, Bratislava I - Staré Mesto, okres Bratislava","rooms":5,"meters":193,"totalPrice":930000,"meterSquarePrice":5,"link":"https://www.nehnutelnosti.sk/detail/Ju3VtXsar12/metropolitan-luxusny-5i-byt-v-na-predaj-v-bratislave-starom-meste","imagesUrls":["https://img.nehnutelnosti.sk/foto/NjAweDMzOC9maWx0ZXJzOnF1YWxpdHkoMTAwKS9uZWg=/HnDq3MSwx_fss?st=5ki8f3cxGxWAKuVA5vWrKCEElBlWSkufS7iDWYf-bJE&ts=1720911680&e=0"]},{"title":"METROPOLITAN│EXKLUZÍVNE Najväčší PENTHOUSE v Riverparku na PREDAJ","address":"Dvořákovo nábrežie, Bratislava I - Staré Mesto, okres Bratislava","rooms":5,"meters":244,"totalPrice":null,"meterSquarePrice":null,"link":"https://www.nehnutelnosti.sk/detail/JuMgBjFUbUG/metropolitanexkluzivne-najvacsi-penthouse-v-riverparku-na-predaj","imagesUrls":["https://img.nehnutelnosti.sk/foto/NjAweDMzOC9maWx0ZXJzOnF1YWxpdHkoMTAwKS9uZWg=/pfSZMvtF6_fss?st=sIKN0T44Sz8ievwrjhzZ0EjIjYabwuQpVtBM5d_9kok&ts=1717591223&e=0"]},{"title":"METROPOLITAN │EXKLUZÍVNE Krásny 4i byt v Starom meste na PREDAJ","address":"Puškinova, Bratislava I - Staré Mesto, okres Bratislava","rooms":4,"meters":138,"totalPrice":null,"meterSquarePrice":null,"link":"https://www.nehnutelnosti.sk/detail/Juajn__cy2B/metropolitan-exkluzivne-krasny-4i-byt-v-starom-meste-na-predaj","imagesUrls":["https://img.nehnutelnosti.sk/foto/NjAweDMzOC9maWx0ZXJzOnF1YWxpdHkoMTAwKS9uZWg=/g6jVM1HDoj_fss?st=NGJr3ob6p5PiyAmfIqfrxpv0DFHeYcbPjmD1oHwbGwc&ts=1717622873&e=0"]},{"title":"METROPOLITAN │EXKLUZÍVNE Krásny 4i mezonet s terasou na PREDAJ","address":"Kukučínova, Chorvátsky Grob, okres Senec","rooms":4,"meters":100,"totalPrice":260000,"meterSquarePrice":0,"link":"https://www.nehnutelnosti.sk/detail/Ju73-xxYp9m/metropolitan-exkluzivne-krasny-4i-mezonet-s-terasou-na-predaj","imagesUrls":["https://img.nehnutelnosti.sk/foto/NjAweDMzOC9maWx0ZXJzOnF1YWxpdHkoMTAwKS9uZWg=/GBtoTjpedG_fss?st=BMoimuy8tNT1rAiOIN0AmPx_mogVvh9bwFMGLpHU480&ts=1718879109&e=0"]},{"title":"METROPOLITAN │EXKLUZÍVNE Priestranný 3i byt v Ružinove na PREDAJ","address":"Exnárova, Bratislava II - Ružinov, okres Bratislava","rooms":3,"meters":70,"totalPrice":240000,"meterSquarePrice":7,"link":"https://www.nehnutelnosti.sk/detail/JuASF17Sy6i/metropolitan-exkluzivne-priestranny-3i-byt-v-ruzinove-na-predaj","imagesUrls":["https://img.nehnutelnosti.sk/foto/NjAweDMzOC9maWx0ZXJzOnF1YWxpdHkoMTAwKS9uZWg=/XZDPl3zVyR_fss?st=zoUrHDKRalnxBI5SJLx9vicXdmKKfsXZkQX5QkInTMY&ts=1722265161&e=0"]},{"title":"METROPOLITAN │EXKLUZÍVNE Priestranný 3i byt v Devínskej Novej Vsi","address":"Ivana Bukovčana, Bratislava IV - Devínska Nová Ves, okres Bratislava","rooms":3,"meters":70,"totalPrice":199000,"meterSquarePrice":6,"link":"https://www.nehnutelnosti.sk/detail/Juyj3AMkdMt/metropolitan-exkluzivne-priestranny-3i-byt-v-devinskej-novej-vsi","imagesUrls":["https://img.nehnutelnosti.sk/foto/NjAweDMzOC9maWx0ZXJzOnF1YWxpdHkoMTAwKS9uZWg=/K23sHiJO-_fss?st=a-6Cew7QUQ013GrHRb_oaCr7bfbFliui-UDBQaiKYUE&ts=1726584853&e=0"]},{"title":"METROPOLITAN │EXKLUZÍVNE Staromestský 2i byt v historickej budove","address":"Baštová, Bratislava I - Staré Mesto, okres Bratislava","rooms":2,"meters":55,"totalPrice":289000,"meterSquarePrice":5,"link":"https://www.nehnutelnosti.sk/detail/Jur0yc9_weK/metropolitan-exkluzivne-staromestsky-2i-byt-v-historickej-budove","imagesUrls":["https://img.nehnutelnosti.sk/foto/NjAweDMzOC9maWx0ZXJzOnF1YWxpdHkoMTAwKS9uZWg=/Vaqm01mYz_fss?st=wP0r148BBPBnIGbGUX9ZVqASeonv7vY8YE2P3xhzW_4&ts=1723457063&e=0"]},{"title":"METROPOLITAN │EXKLUZÍVNE Priestranný 3i byt pri Zlatých pieskoch","address":"Studená, Bratislava II - Ružinov, okres Bratislava","rooms":3,"meters":65,"totalPrice":209000,"meterSquarePrice":8,"link":"https://www.nehnutelnosti.sk/detail/JutRA6Hz3HcQ/metropolitan-exkluzivne-priestranny-3i-byt-pri-zlatych-pieskoch","imagesUrls":["https://img.nehnutelnosti.sk/foto/NjAweDMzOC9maWx0ZXJzOnF1YWxpdHkoMTAwKS9uZWg=/LWw3gBcrz_fss?st=7T5tzZDfDUsPQflZPCaSGS8MaUNzYXwEflUq4sbr1hs&ts=1724309932&e=0"]},{"title":"METROPOLITAN │EXKLUZÍVNE Luxusný byt Horský vrch, TERASA (58m2), garáž","address":"Fialkové údolie, Bratislava I - Staré Mesto, okres Bratislava","rooms":4,"meters":121,"totalPrice":570000,"meterSquarePrice":4,"link":"https://www.nehnutelnosti.sk/detail/Ju4rIcbaGbh/metropolitan-exkluzivne-luxusny-byt-horsky-vrch-terasa-58m2-garaz","imagesUrls":["https://img.nehnutelnosti.sk/foto/NjAweDMzOC9maWx0ZXJzOnF1YWxpdHkoMTAwKS9uZWg=/eS1jWA2Q6o_fss?st=GdpDqvRPZ4bjDz87OB0dJHSQL37HjSabkuyszirRx34&ts=1725892622&e=0"]},{"title":"METROPOLITAN │EXKLUZÍVNE Luxusný renovovaný byt s TERASOU a GARÁŹOU","address":"Fialkové údolie, Bratislava I - Staré Mesto, okres Bratislava","rooms":3,"meters":121,"totalPrice":570000,"meterSquarePrice":4,"link":"https://www.nehnutelnosti.sk/detail/JueeyHYA9G9/metropolitan-exkluzivne-luxusny-renovovany-byt-s-terasou-a-garazou","imagesUrls":["https://img.nehnutelnosti.sk/foto/NjAweDMzOC9maWx0ZXJzOnF1YWxpdHkoMTAwKS9uZWg=/bFUuxMiH2M_fss?st=So1lj3NYqg3g42_DjdOPumKIr3LM5F_WUtdqqyrkjZU&ts=1725892624&e=0"]},{"title":"METROPOLITAN│EXKLUZÍVNE Krásny zrekonštruovaný 2i byt s lodžiou PREDAJ","address":"Blumentálska, Bratislava I - Staré Mesto, okres Bratislava","rooms":2,"meters":56,"totalPrice":243000,"meterSquarePrice":9,"link":"https://www.nehnutelnosti.sk/detail/Juf_MPKf0up/metropolitanexkluzivne-krasny-zrekonstruovany-2i-byt-s-lodziou-predaj","imagesUrls":["https://img.nehnutelnosti.sk/foto/NjAweDMzOC9maWx0ZXJzOnF1YWxpdHkoMTAwKS9uZWg=/La67EkopzL_fss?st=b9KKgeYFO1CjuRL40G2DeR4jYykxTVZ7cVaSfIBGV4M&ts=1725446092&e=0"]},{"title":"Atraktívny byt 2+1 (54 m2) centrum Sp. Nová Ves","address":"Konrádova, Spišská Nová Ves, okres Spišská Nová Ves","rooms":2,"meters":54,"totalPrice":122500,"meterSquarePrice":2,"link":"https://www.nehnutelnosti.sk/detail/JuydgjF-Spm/atraktivny-byt-2-1-54-m2-centrum-sp-nova-ves","imagesUrls":["https://img.nehnutelnosti.sk/foto/NjAweDMzOC9maWx0ZXJzOnF1YWxpdHkoMTAwKS9uZWg=/7XM10DfF5_fss?st=MaoYblzwFwpFAiBkKcTN-evMcKd2YN58_Mn3B38of6M&ts=1726824365&e=0"]},{"title":"Tehlový byt 3+1 s garážou (125 m2) Sp. Nová Ves","address":"Duklianska, Spišská Nová Ves, okres Spišská Nová Ves","rooms":3,"meters":125,"totalPrice":183000,"meterSquarePrice":4,"link":"https://www.nehnutelnosti.sk/detail/Juj36SAGNRb/tehlovy-byt-3-1-s-garazou-125-m2-sp-nova-ves","imagesUrls":["https://img.nehnutelnosti.sk/foto/NjAweDMzOC9maWx0ZXJzOnF1YWxpdHkoMTAwKS9uZWg=/C_TxE7ODGy_fss?st=EUDmdjAfLDj1szbunyjAnVpFjvMpdDuKQGOf5c8IQk8&ts=1726824357&e=0"]},{"title":"LEXXUS | útulný 3i byt v modernom projekte OVOCNÉ SADY (2024) s možnosťou OBHLIADKY, Ružinov","address":"Ivanská cesta, Bratislava II - Ružinov, okres Bratislava","rooms":3,"meters":56,"totalPrice":199900,"meterSquarePrice":7,"link":"https://www.nehnutelnosti.sk/detail/Ju8VgHWIMlo/lexxus-utulny-3i-byt-v-modernom-projekte-ovocne-sady-2024-s-moznostou-obhliadky-ruzinov","imagesUrls":["https://img.nehnutelnosti.sk/foto/NjAweDMzOC9maWx0ZXJzOnF1YWxpdHkoMTAwKS9uZWg=/WykEonXM8_fss?st=hwJhQ8DQpIVJmuHwwbp0ulKrcpcGCOpqBTRdtZbnvoY&ts=1718265715&e=0"]},{"title":"REZERVOVANÉ 1 izbový byt s balkónom, Zvolen - Sekier","address":"Zvolen, okres Zvolen","rooms":1,"meters":42,"totalPrice":62000,"meterSquarePrice":9,"link":"https://www.nehnutelnosti.sk/detail/JukTwjaznVq/rezervovane-1-izbovy-byt-s-balkonom-zvolen-sekier","imagesUrls":["https://img.unitedclassifieds.sk/foto/NjAweDMzOC9maWx0ZXJzOnF1YWxpdHkoMTAwKS9qdWw=/Cxj-R67ej_fss?st=-lZnnGOh6spNDwCpYj69s0SZEs93ayP7zMktIgGk_6s&ts=1724137513&e=0"]}]