[{"title":"2-izbový byt 53 m2 ul. Halalovka Trenčín-Juh","address":"Halalovka, Trenčín, okres Trenčín","rooms":2,"meters":53,"totalPrice":110000,"meterSquarePrice":7,"link":"https://www.nehnutelnosti.sk/detail/Jus45uclLwP/2-izbovy-byt-53-m2-ul-halalovka-trencin-juh","imagesUrls":["https://img.unitedclassifieds.sk/foto/NjAweDMzOC9maWx0ZXJzOnF1YWxpdHkoMTAwKS9qdWw=/DHEY1stmR_fss?st=emkZamvd6wU26RReNd61A9P99tE9qEwk8gJRoz445kE&ts=1712135902&e=0"]},{"title":"3+1 izbový novo zrekonštruovaný byt 67 m2 Trenčín Juh II.","address":"Trenčín, okres Trenčín","rooms":3,"meters":67,"totalPrice":132500,"meterSquarePrice":1,"link":"https://www.nehnutelnosti.sk/detail/JuCX9amoem3/3-1-izbovy-novo-zrekonstruovany-byt-67-m2-trencin-juh-ii","imagesUrls":["https://img.unitedclassifieds.sk/foto/NjAweDMzOC9maWx0ZXJzOnF1YWxpdHkoMTAwKS9qdWw=/Fg8YQVowF_fss?st=IfE-s5MVFQ3phNMFvNkM4KNEIcJ6cFtcrhvHkNaOD2U&ts=1684927912&e=0"]},{"title":"Garsónka 33 m2 po rekonštrukcii Trenčín-Zámostie","address":"Zlatovská, Trenčín, okres Trenčín","rooms":null,"meters":33,"totalPrice":79500,"meterSquarePrice":9,"link":"https://www.nehnutelnosti.sk/detail/JuR4fII4Cua/garsonka-33-m2-po-rekonstrukcii-trencin-zamostie","imagesUrls":["https://img.unitedclassifieds.sk/foto/NjAweDMzOC9maWx0ZXJzOnF1YWxpdHkoMTAwKS9qdWw=/M0z6DmzUY_fss?st=LkstjR-ojiExGTC7_TBD_MoIWTMtjQuvsTdutQRrRvE&ts=1725271315&e=0"]},{"title":"REZERVOVANÉ!3-izbový byt 72 m2 s balkónom Trenčín časť Zámostie","address":"Duklianskych hrdinov, Trenčín, okres Trenčín","rooms":3,"meters":72,"totalPrice":134000,"meterSquarePrice":1,"link":"https://www.nehnutelnosti.sk/detail/JubeSMnO9Jf/rezervovane3-izbovy-byt-72-m2-s-balkonom-trencin-cast-zamostie","imagesUrls":["https://img.unitedclassifieds.sk/foto/NjAweDMzOC9maWx0ZXJzOnF1YWxpdHkoMTAwKS9qdWw=/K7t4kQqLu_fss?st=QN8ushDfsyWpRYB30qrwfDnOXDsd_8-ZnuhXFd94ZHw&ts=1719474896&e=0"]},{"title":"REZERVOVANÉ 3-izbový byt 68 m2 s loggiou Dubnica nad Váhom Centrum","address":"Centrum I., Dubnica nad Váhom, okres Ilava","rooms":3,"meters":68,"totalPrice":135000,"meterSquarePrice":9,"link":"https://www.nehnutelnosti.sk/detail/Juc3qrh7bDw/rezervovane-3-izbovy-byt-68-m2-s-loggiou-dubnica-nad-vahom-centrum","imagesUrls":["https://img.unitedclassifieds.sk/foto/NjAweDMzOC9maWx0ZXJzOnF1YWxpdHkoMTAwKS9qdWw=/xTTB8NdQU_fss?st=ws7_xNauKiLakyG2aEYP-1AhaA5xzqZQn_WOZSVe9-I&ts=1726738767&e=0"]},{"title":"REZERVOVANÉ! 3-izbový zrekonštruovaný byt 73 m2 Trenčianske Teplice","address":"Štvrť SNP, Trenčianske Teplice, okres Trenčín","rooms":3,"meters":73,"totalPrice":123000,"meterSquarePrice":3,"link":"https://www.nehnutelnosti.sk/detail/Ju3uQLCIt3P/rezervovane-3-izbovy-zrekonstruovany-byt-73-m2-trencianske-teplice","imagesUrls":["https://img.unitedclassifieds.sk/foto/NjAweDMzOC9maWx0ZXJzOnF1YWxpdHkoMTAwKS9qdWw=/86_8X2bCQ_fss?st=wofvCwImXT_gxFQz8eqYONWGYzDWSoFCnJh5JzSTeCI&ts=1716372717&e=0"]},{"title":"Predaj 2-izbového bytu Handlová","address":"29. augusta, Handlová, okres Prievidza","rooms":2,"meters":63,"totalPrice":59990,"meterSquarePrice":2,"link":"https://www.nehnutelnosti.sk/detail/Jup9St7BMke/predaj-2-izboveho-bytu-handlova","imagesUrls":["https://img.nehnutelnosti.sk/foto/NjAweDMzOC9maWx0ZXJzOnF1YWxpdHkoMTAwKS9uZWg=/DvoBH6G_Od_fss?st=UF8Ty3_FCIjMDW5UfCX_7lPRHSSw_QGpvi3DZB3pecQ&ts=1725446419&e=0"]},{"title":"Veľký 2 izbový byt s lódžkou a 2 balkónmi","address":"9 mája, Banská Bystrica, okres Banská Bystrica","rooms":2,"meters":59,"totalPrice":119000,"meterSquarePrice":5,"link":"https://www.nehnutelnosti.sk/detail/Jujb0WrMAEU/velky-2-izbovy-byt-s-lodzkou-a-2-balkonmi","imagesUrls":["https://img.nehnutelnosti.sk/foto/NjAweDMzOC9maWx0ZXJzOnF1YWxpdHkoMTAwKS9uZWg=/U5qvLChGa_fss?st=LDtArj_Bneu61rLveK8UYkTmiMHaFI8fRDsK9IPeIIk&ts=1725028752&e=0"]},{"title":"Na predaj 2-izb. byt v Nitre","address":"Nitra, okres Nitra","rooms":2,"meters":60,"totalPrice":129000,"meterSquarePrice":0,"link":"https://www.nehnutelnosti.sk/detail/JuiEtfuuT2b/na-predaj-2-izb-byt-v-nitre","imagesUrls":["https://img.nehnutelnosti.sk/foto/NjAweDMzOC9maWx0ZXJzOnF1YWxpdHkoMTAwKS9uZWg=/n1vINeQEh_fss?st=hPXcm9IN2cwEJ3_lhnVQ6ORa9gbCNzermFOXVjNoLwE&ts=1727027388&e=0"]},{"title":"Na predaj 2 izbový byt , v Banskej Bystrici - BELVEDER","address":"Klarý Jarunkovej, Banská Bystrica, okres Banská Bystrica","rooms":2,"meters":67,"totalPrice":209000,"meterSquarePrice":0,"link":"https://www.nehnutelnosti.sk/detail/JuVBKiKhKQI/na-predaj-2-izbovy-byt-v-banskej-bystrici-belveder","imagesUrls":["https://img.nehnutelnosti.sk/foto/NjAweDMzOC9maWx0ZXJzOnF1YWxpdHkoMTAwKS9uZWg=/eyfIXsOeb_fss?st=pIskp872Yk5uMsVYd3PAu5J4Ibm1rztbOqY1gO0xC5E&ts=1723942157&e=0"]},{"title":"Exkluzívne!!! Priestranný (50m2) 1 izbový byt, centrum","address":"Hronské predmestie, Banská Bystrica, okres Banská Bystrica","rooms":1,"meters":50,"totalPrice":125000,"meterSquarePrice":0,"link":"https://www.nehnutelnosti.sk/detail/Ju8mKXfbeJe/exkluzivne-priestranny-50m2-1-izbovy-byt-centrum","imagesUrls":["https://img.nehnutelnosti.sk/foto/NjAweDMzOC9maWx0ZXJzOnF1YWxpdHkoMTAwKS9uZWg=/4hKXMfW-__fss?st=weZ-x03TNfaZ4wnRNXjHOH_FK-cIRs5wbNQ9PW-Xpzc&ts=1724941981&e=0"]},{"title":"Rezervovaný!!! Exkluzívne. 3 izbový byt na Sitnianskej ulici","address":"Sitnianska, Banská Bystrica, okres Banská Bystrica","rooms":3,"meters":62,"totalPrice":119990,"meterSquarePrice":2,"link":"https://www.nehnutelnosti.sk/detail/JuJOY1viDQe/rezervovany-exkluzivne-3-izbovy-byt-na-sitnianskej-ulici","imagesUrls":["https://img.nehnutelnosti.sk/foto/NjAweDMzOC9maWx0ZXJzOnF1YWxpdHkoMTAwKS9uZWg=/xHlK1nq-W_fss?st=VzisZxIe0KLqG5boJRZ4d7xTLd4r6UCuUydhqrteis0&ts=1722802750&e=0"]},{"title":"POZOR ! Znížená cena !!!  Na predaj 3i byt v Štúrove","address":"Družstevný rad, Štúrovo, okres Nové Zámky","rooms":3,"meters":74,"totalPrice":74900,"meterSquarePrice":6,"link":"https://www.nehnutelnosti.sk/detail/JuqJME5kAUH/pozor-znizena-cena-na-predaj-3i-byt-v-sturove","imagesUrls":["https://img.nehnutelnosti.sk/foto/NjAweDMzOC9maWx0ZXJzOnF1YWxpdHkoMTAwKS9uZWg=/snxNW0xH6a_fss?st=HMUvoouD42WTXELU-A6IIajr47pPuedbhok1IOge1nU&ts=1718887986&e=0"]},{"title":"Znížená cena !!! 3i byt po kompletnej rekonštrukcií v Nových Zámkoch","address":"Nové Zámky, okres Nové Zámky","rooms":3,"meters":66,"totalPrice":107900,"meterSquarePrice":5,"link":"https://www.nehnutelnosti.sk/detail/Ju0IsyaZfjm/znizena-cena-3i-byt-po-kompletnej-rekonstrukcii-v-novych-zamkoch","imagesUrls":["https://img.nehnutelnosti.sk/foto/NjAweDMzOC9maWx0ZXJzOnF1YWxpdHkoMTAwKS9uZWg=/Z19OsNUeR_fss?st=5g5LYdKHsZ3Ahr8wFTbxzju5W_arI9mbcfJKLL2lpG8&ts=1719039210&e=0"]},{"title":"3i byt na Štefanikovej ulici v Štúrove","address":"Štefánikova, Štúrovo, okres Nové Zámky","rooms":3,"meters":88,"totalPrice":93900,"meterSquarePrice":5,"link":"https://www.nehnutelnosti.sk/detail/JutkDxskfBR/3i-byt-na-stefanikovej-ulici-v-sturove","imagesUrls":["https://img.nehnutelnosti.sk/foto/NjAweDMzOC9maWx0ZXJzOnF1YWxpdHkoMTAwKS9uZWg=/Wpw-BPmfkl_fss?st=RDrPNk-w432b75YGimMxnzxldZo8mLfoOiemXUTIswg&ts=1724137509&e=0"]},{"title":"REZERVOVANÝ!!! Exkluzívne !  Pekný 3 izbový byt s krásnym výhľadom Fončorda","address":"Moskovská, Banská Bystrica, okres Banská Bystrica","rooms":3,"meters":68,"totalPrice":165000,"meterSquarePrice":7,"link":"https://www.nehnutelnosti.sk/detail/JuCJiYWzP-S/rezervovany-exkluzivne-pekny-3-izbovy-byt-s-krasnym-vyhladom-foncorda","imagesUrls":["https://img.nehnutelnosti.sk/foto/NjAweDMzOC9maWx0ZXJzOnF1YWxpdHkoMTAwKS9uZWg=/R0XfF3Uza_fss?st=O0dD1RF-j2kQspN9A7F4Up-4UYxxfWcux_P5cGV3bOQ&ts=1722858600&e=0"]},{"title":"Na predaj 1-izbový byt v Ružinove","address":"Záhradnícka, Bratislava II - Ružinov, okres Bratislava","rooms":1,"meters":40,"totalPrice":173990,"meterSquarePrice":5,"link":"https://www.nehnutelnosti.sk/detail/Juumx_usQK6/na-predaj-1-izbovy-byt-v-ruzinove","imagesUrls":["https://img.nehnutelnosti.sk/foto/NjAweDMzOC9maWx0ZXJzOnF1YWxpdHkoMTAwKS9uZWg=/ZowulZKBW_fss?st=Ex2XBck5-LqZg2J0jGPvOl2SzUQwa1wJ9GnHrdaFSAg&ts=1724810707&e=0"]},{"title":"1- izbový byt s terasou v Karlovej Vsi","address":"Bratislava IV - Karlova Ves, okres Bratislava","rooms":1,"meters":35,"totalPrice":138990,"meterSquarePrice":4,"link":"https://www.nehnutelnosti.sk/detail/JuWPc-dYodCY/1-izbovy-byt-s-terasou-v-karlovej-vsi","imagesUrls":["https://img.nehnutelnosti.sk/foto/NjAweDMzOC9maWx0ZXJzOnF1YWxpdHkoMTAwKS9uZWg=/Esr3xVo8k_fss?st=y_x2y5USvJKVotjwKs6YDFJuzCPeYP1OcGNSlnFCbIA&ts=1725648840&e=0"]},{"title":"4 izbový byt 5 minút od centra mesta","address":"Poľná, Banská Bystrica, okres Banská Bystrica","rooms":4,"meters":81,"totalPrice":185000,"meterSquarePrice":5,"link":"https://www.nehnutelnosti.sk/detail/JubflVTCt2a/4-izbovy-byt-5-minut-od-centra-mesta","imagesUrls":["https://img.nehnutelnosti.sk/foto/NjAweDMzOC9maWx0ZXJzOnF1YWxpdHkoMTAwKS9uZWg=/F7-hKplUfd_fss?st=cXmU5QxEWAEExmArU5lDhntni2pKgUNsnMDljHd2Di4&ts=1725303094&e=0"]},{"title":"Priestranný byt s loggiou s krásnym výhľadom","address":"Hronské predmestie, Banská Bystrica, okres Banská Bystrica","rooms":2,"meters":50,"totalPrice":123000,"meterSquarePrice":0,"link":"https://www.nehnutelnosti.sk/detail/Jumpa36CTIh/priestranny-byt-s-loggiou-s-krasnym-vyhladom","imagesUrls":["https://img.nehnutelnosti.sk/foto/NjAweDMzOC9maWx0ZXJzOnF1YWxpdHkoMTAwKS9uZWg=/jMdlLytpu_fss?st=USjbQfRHgs4qEJ34U2KdaZUYqMpNXJWMjlmjt-6cGLk&ts=1722858587&e=0"]},{"title":"4 izbový byt v prebiehajúcej rekonštrukcii","address":"Harmanec, Harmanec, okres Banská Bystrica","rooms":4,"meters":82,"totalPrice":128000,"meterSquarePrice":8,"link":"https://www.nehnutelnosti.sk/detail/Jul44nVdkc3/4-izbovy-byt-v-prebiehajucej-rekonstrukcii","imagesUrls":["https://img.nehnutelnosti.sk/foto/NjAweDMzOC9maWx0ZXJzOnF1YWxpdHkoMTAwKS9uZWg=/Q0N7fciVd_fss?st=Ptv_J4LZSOlUkBUhKf0ufZRWeeumYjVS2pQ8n-J_MxI&ts=1724089051&e=0"]},{"title":"Na predaj 2 izbový byt v CENTRE mesta","address":"Hurbanova, Nové Mesto nad Váhom, okres Nové Mesto nad Váhom","rooms":2,"meters":57,"totalPrice":121000,"meterSquarePrice":0,"link":"https://www.nehnutelnosti.sk/detail/JuGhdLF9o3w/na-predaj-2-izbovy-byt-v-centre-mesta","imagesUrls":["https://img.nehnutelnosti.sk/foto/NjAweDMzOC9maWx0ZXJzOnF1YWxpdHkoMTAwKS9uZWg=/11bkH3Vtff_fss?st=JxvvICq7146kLmHo09zPxEoHxOMHnvL2gYm9YXknhEw&ts=1723110950&e=0"]},{"title":"Exkluzívne!!! 3 izbový byt s loggiou na predaj","address":"Tatranská, Banská Bystrica, okres Banská Bystrica","rooms":3,"meters":63,"totalPrice":145000,"meterSquarePrice":9,"link":"https://www.nehnutelnosti.sk/detail/Juarr-K52ud/exkluzivne-3-izbovy-byt-s-loggiou-na-predaj","imagesUrls":["https://img.nehnutelnosti.sk/foto/NjAweDMzOC9maWx0ZXJzOnF1YWxpdHkoMTAwKS9uZWg=/HKHSmKWxq_fss?st=rQkNLmzvZJsVM4ZL2k96EFRFPjR3LeVevllLr4dhaw8&ts=1717620267&e=0"]},{"title":"Exkluzívne!!! Priestranný (50m2) 1 izbový byt, centrum","address":"Hronské predmestie, Banská Bystrica, okres Banská Bystrica","rooms":2,"meters":50,"totalPrice":125000,"meterSquarePrice":0,"link":"https://www.nehnutelnosti.sk/detail/Ju5lPRTf1on/exkluzivne-priestranny-50m2-1-izbovy-byt-centrum","imagesUrls":["https://img.nehnutelnosti.sk/foto/NjAweDMzOC9maWx0ZXJzOnF1YWxpdHkoMTAwKS9uZWg=/Cj9aPg4fY7_fss?st=YPPzZdmNrCn7SocOmZ0xl8zLv9NHONnMCFp9gT3T4tI&ts=1725318086&e=0"]},{"title":"3 izbový byt v pôvodnom stave","address":"Balkán, Zvolen, okres Zvolen","rooms":3,"meters":63,"totalPrice":72000,"meterSquarePrice":6,"link":"https://www.nehnutelnosti.sk/detail/JuurZB6RDY_/3-izbovy-byt-v-povodnom-stave","imagesUrls":["https://img.nehnutelnosti.sk/foto/NjAweDMzOC9maWx0ZXJzOnF1YWxpdHkoMTAwKS9uZWg=/7UohAmp9u_fss?st=LqQOmS56o40WRDHydTvxraWaif8zV-iluli6BiKr6V0&ts=1724089020&e=0"]},{"title":"EXKLUZÍVNE NA PREDAJ! 4 izbový byt v novostavbe s veľkou terasou","address":"Pieninská, Banská Bystrica, okres Banská Bystrica","rooms":4,"meters":120,"totalPrice":null,"meterSquarePrice":null,"link":"https://www.nehnutelnosti.sk/detail/JuYNcGM9-tr/exkluzivne-na-predaj-4-izbovy-byt-v-novostavbe-s-velkou-terasou","imagesUrls":["https://img.nehnutelnosti.sk/foto/NjAweDMzOC9maWx0ZXJzOnF1YWxpdHkoMTAwKS9uZWg=/WRzn9OGrc_fss?st=2WGRYWot5BABfdtSdZYICwYru_1CvV17zcs7klUmGVQ&ts=1718691604&e=0"]},{"title":"REZERVOVANÉ!!!  3-izbový byt + skladový priestor, Sládkovičovo","address":"Budovatelská, Sládkovičovo, okres Galanta","rooms":3,"meters":63,"totalPrice":98300,"meterSquarePrice":2,"link":"https://www.nehnutelnosti.sk/detail/JunNMqZJVXs/rezervovane-3-izbovy-byt-skladovy-priestor-sladkovicovo","imagesUrls":["https://img.nehnutelnosti.sk/foto/NjAweDMzOC9maWx0ZXJzOnF1YWxpdHkoMTAwKS9uZWg=/_pWq9h6G_R_fss?st=vgzymKm8JeMdV0nLHkWhHrA-QuUIgZh1y72AxNNB2Pw&ts=1718836683&e=0"]},{"title":"Priestranný 4-izbový byt na predaj","address":"Malinovského, Krupina, okres Krupina","rooms":4,"meters":78,"totalPrice":128000,"meterSquarePrice":0,"link":"https://www.nehnutelnosti.sk/detail/Ju0RHBVd6Tff/priestranny-4-izbovy-byt-na-predaj","imagesUrls":["https://img.nehnutelnosti.sk/foto/NjAweDMzOC9maWx0ZXJzOnF1YWxpdHkoMTAwKS9uZWg=/Ofe7nuBuV0_fss?st=OW_zXIHOpY462fPQMV9DsgiDXhuzWapy0nFazLbkLI8&ts=1720916364&e=0"]},{"title":"DIRECTREAL|3,5 izbový byt po zaujímavej zmene dispozície v Nitre !","address":"Golianova ul., Nitra, okres Nitra","rooms":3,"meters":73,"totalPrice":138500,"meterSquarePrice":6,"link":"https://www.nehnutelnosti.sk/detail/Ju-gqDv2JB1/directreal-3-5-izbovy-byt-po-zaujimavej-zmene-dispozicie-v-nitre","imagesUrls":["https://img.nehnutelnosti.sk/foto/NjAweDMzOC9maWx0ZXJzOnF1YWxpdHkoMTAwKS9uZWg=/45acwe5Nf_fss?st=PAIMXUaR3DJL6MbGmEhTrFcSHtWS_MCh930NUucejBc&ts=1726474296&e=0"]},{"title":"Znížená cena! Novostavba 4 izb. rodinného domu v Pezinku za cenu bytu!","address":"Cajlanská, Pezinok, okres Pezinok","rooms":4,"meters":83,"totalPrice":280000,"meterSquarePrice":9,"link":"https://www.nehnutelnosti.sk/detail/Ju8ifkhtVLq/znizena-cena-novostavba-4-izb-rodinneho-domu-v-pezinku-za-cenu-bytu","imagesUrls":["https://img.unitedclassifieds.sk/foto/NjAweDMzOC9maWx0ZXJzOnF1YWxpdHkoMTAwKS9qdWw=/noZMEVdPe_fss?st=AFzzYzs-bS1QTQH7vWGgGqzJmFY72S9U1YX_36-vI2U&ts=1724593214&e=0"]}]