[{"title":"3 izb.byt v dvojbytovom dome s vlastnou záhradou o výmere 314 m2.","address":"Lomonosovova, Trnava, okres Trnava","rooms":3,"meters":82,"totalPrice":229000,"meterSquarePrice":8,"link":"https://www.nehnutelnosti.sk/detail/Ju5y2ZQ6pU-/3-izb-byt-v-dvojbytovom-dome-s-vlastnou-zahradou-o-vymere-314-m2","imagesUrls":["https://img.nehnutelnosti.sk/foto/NjAweDMzOC9maWx0ZXJzOnF1YWxpdHkoMTAwKS9uZWg=/AYr17wZSa_fss?st=_a06WTA75nSPjHcw8NB5qg2RzexOsxZCNEeIQwUJIg0&ts=1724648691&e=0"]},{"title":"3-izbový byt na sídlisku Východ v Michalovciach","address":"Michalovce, okres Michalovce","rooms":3,"meters":73,"totalPrice":null,"meterSquarePrice":null,"link":"https://www.nehnutelnosti.sk/detail/Jux_yCUeH6t/3-izbovy-byt-na-sidlisku-vychod-v-michalovciach","imagesUrls":["https://img.nehnutelnosti.sk/foto/NjAweDMzOC9maWx0ZXJzOnF1YWxpdHkoMTAwKS9uZWg=/-nPFnK1Y__fss?st=qwVqhqOXSwUlpNCGiol-EBkWl4DDmBL1Dtlb_C9lVcI&ts=1720133356&e=0"]},{"title":"GODDESS & ASSENZIO - PREDAJ - 1 IZBOVÝ BYT 35 M2 - LOGGIA  - ONDAVSKÁ ULICA- RUŽINOV","address":"Ondavská, Bratislava II - Ružinov, okres Bratislava","rooms":1,"meters":35,"totalPrice":159900,"meterSquarePrice":7,"link":"https://www.nehnutelnosti.sk/detail/Ju2E0gCwRZ4/goddess-assenzio-predaj-1-izbovy-byt-35-m2-loggia-ondavska-ulica-ruzinov","imagesUrls":["https://img.nehnutelnosti.sk/foto/NjAweDMzOC9maWx0ZXJzOnF1YWxpdHkoMTAwKS9uZWg=/obGDC9IHg_fss?st=m7Z-0FN11x7TV_BM9t2a9e-oPZVi8g18jQI4oHdUlpg&ts=1726223753&e=0"]},{"title":"Predaj priestranného 2 izbového bytu v centre mesta na nábr. Dunaja","address":"Vajanského nábrežie 9, Bratislava I - Staré Mesto, okres Bratislava","rooms":2,"meters":79,"totalPrice":320000,"meterSquarePrice":3,"link":"https://www.nehnutelnosti.sk/detail/JuaxchdsLAr/predaj-priestranneho-2-izboveho-bytu-v-centre-mesta-na-nabr-dunaja","imagesUrls":["https://img.unitedclassifieds.sk/foto/NjAweDMzOC9maWx0ZXJzOnF1YWxpdHkoMTAwKS9yc2Y=/WT8hBNCzt_fss?st=Vhp8IBdZ7bN8kwDUe0OqLuxboVUJfrvw5yEsEvODzrw&ts=1692701694&e=0"]},{"title":"3 izbový byt na predaj, kompletná rekonštrukcia. nepriechodné izby, loggia, Klimatizácia, pekný výhľ","address":"Námestie Hraničiarov, Bratislava V - Petržalka, okres Bratislava","rooms":3,"meters":70,"totalPrice":225000,"meterSquarePrice":9,"link":"https://www.nehnutelnosti.sk/detail/JuSxwXeYLek/3-izbovy-byt-na-predaj-kompletna-rekonstrukcia-nepriechodne-izby-loggia-klimatizacia-pekny-vyhl","imagesUrls":["https://img.nehnutelnosti.sk/foto/NjAweDMzOC9maWx0ZXJzOnF1YWxpdHkoMTAwKS9uZWg=/MjWxuYad__fss?st=MY_pqWL_RDB1yoIy9i8lhi7t0tWkH_YF2Mc-6guHbLk&ts=1723691822&e=0"]},{"title":"RK4 REALITY - PREDANÝ! - 1-izbový byt v Kys. N. Meste","address":"Matice Slovenskej, Kysucké Nové Mesto, okres Kysucké Nové Mesto","rooms":1,"meters":38,"totalPrice":null,"meterSquarePrice":null,"link":"https://www.nehnutelnosti.sk/detail/JuH_CmcR8bq/rk4-reality-predany-1-izbovy-byt-v-kys-n-meste","imagesUrls":["https://img.nehnutelnosti.sk/foto/NjAweDMzOC9maWx0ZXJzOnF1YWxpdHkoMTAwKS9uZWg=/wNSPrxcQ__fss?st=yaRzb4tDTPHX7ruuvkzjeTlw9xlliAXRVDbgzWbPz40&ts=1725399147&e=0"]},{"title":"REZERVOVANE: 2 izbový byt, 58m2, Veľký Šariš, Prešov","address":"Školská, Veľký Šariš, okres Prešov","rooms":2,"meters":58,"totalPrice":104900,"meterSquarePrice":2,"link":"https://www.nehnutelnosti.sk/detail/Ju06Pu9kbZS/rezervovane-2-izbovy-byt-58m2-velky-saris-presov","imagesUrls":["https://img.nehnutelnosti.sk/foto/NjAweDMzOC9maWx0ZXJzOnF1YWxpdHkoMTAwKS9uZWg=/3iMGJ5aW_o_fss?st=eYN4maXT9jvI0nv6ajHbf4AMcyFUMBVtW4EjF2KwzRw&ts=1722603179&e=0"]},{"title":"Predaj priestranného bytu 2+1 v Čadci - centrum,","address":"Čadca, Čadca, okres Čadca","rooms":2,"meters":60,"totalPrice":104900,"meterSquarePrice":7,"link":"https://www.nehnutelnosti.sk/detail/Ju2f78_hYz0/predaj-priestranneho-bytu-2-1-v-cadci-centrum","imagesUrls":["https://img.unitedclassifieds.sk/foto/NjAweDMzOC9maWx0ZXJzOnF1YWxpdHkoMTAwKS9yc2Y=/WpNyNA5n-_fss?st=luvBWSGpBv2c2r39uzc-mlKLokf6wvTI6ZOzh1H-7FY&ts=1700648778&e=0"]},{"title":"Predám moderný 3 izbový byt v novostavbe v Nových Zámkoch","address":"Nové Zámky, okres Nové Zámky","rooms":3,"meters":91,"totalPrice":190000,"meterSquarePrice":1,"link":"https://www.nehnutelnosti.sk/detail/JuiiDDwcGhK/predam-moderny-3-izbovy-byt-v-novostavbe-v-novych-zamkoch","imagesUrls":["https://img.nehnutelnosti.sk/foto/NjAweDMzOC9maWx0ZXJzOnF1YWxpdHkoMTAwKS9uZWg=/109QWpbhIj_fss?st=kqrN6nr0MHQaTM6oSG4P8YfM0eUq5EafTORWFU1Pwws&ts=1720090713&e=0"]},{"title":"Na predaj 2izb byt s balkónom pripravený na dokončenie","address":"Rúbanisko I., Lučenec, okres Lučenec","rooms":2,"meters":55,"totalPrice":61800,"meterSquarePrice":4,"link":"https://www.nehnutelnosti.sk/detail/Ju11nqe6vBH/na-predaj-2izb-byt-s-balkonom-pripraveny-na-dokoncenie","imagesUrls":["https://img.nehnutelnosti.sk/foto/NjAweDMzOC9maWx0ZXJzOnF1YWxpdHkoMTAwKS9uZWg=/Pam7btt4H_fss?st=lEyZXkj1MDdBW64Ce4IuGkwGJd84-8svK939h4JZSHo&ts=1724026960&e=0"]},{"title":"Predané: Predaj 1,5 izbového bytu vo vyhľadávanej lokalite Miletičová, Terasa 13 m2, vstavaná klimat","address":"Miletičova, Bratislava II - Ružinov, okres Bratislava","rooms":1,"meters":44,"totalPrice":199900,"meterSquarePrice":2,"link":"https://www.nehnutelnosti.sk/detail/JuBWTwYRzR4/predane-predaj-1-5-izboveho-bytu-vo-vyhladavanej-lokalite-mileticova-terasa-13-m2-vstavana-klimat","imagesUrls":["https://img.unitedclassifieds.sk/foto/NjAweDMzOC9maWx0ZXJzOnF1YWxpdHkoMTAwKS9qdWw=/4-X3c3tTY_fss?st=gRBOJSk7mCSgznGTTG8-2YqZrURt_f998CX5CjOERbg&ts=1714739919&e=0"]},{"title":"Príjemný 3-izbový byt s preskleným balkónom na Lánskej","address":"Považská Bystrica, okres Považská Bystrica","rooms":3,"meters":82,"totalPrice":null,"meterSquarePrice":null,"link":"https://www.nehnutelnosti.sk/detail/JuatjB1V5An/prijemny-3-izbovy-byt-s-presklenym-balkonom-na-lanskej","imagesUrls":["https://img.unitedclassifieds.sk/foto/NjAweDMzOC9maWx0ZXJzOnF1YWxpdHkoMTAwKS9qdWw=/rL80YNEga_fss?st=5qSp5izZ7fW0AsRUBDVpIL37WF3M58CWh_1UbLAylX4&ts=1720086320&e=0"]},{"title":"Skvelý 4 a 1/2 izbový veľkometrážny byt v centre mesta","address":"Parková, Fiľakovo, okres Lučenec","rooms":4,"meters":100,"totalPrice":88000,"meterSquarePrice":9,"link":"https://www.nehnutelnosti.sk/detail/JujGNhm5Kgr/skvely-4-a-1-2-izbovy-velkometrazny-byt-v-centre-mesta","imagesUrls":["https://img.nehnutelnosti.sk/foto/NjAweDMzOC9maWx0ZXJzOnF1YWxpdHkoMTAwKS9uZWg=/ig6r0fo5n_fss?st=DM89lWtqwN2aQdbz9ObZYhZFZcxZiIyOpnV3Dc4p9Ak&ts=1720080333&e=0"]},{"title":"Exkluzívny 4 - izbový byt s dvomi terasami v novostavbe","address":"Bysterecká, Dolný Kubín, okres Dolný Kubín","rooms":4,"meters":201,"totalPrice":null,"meterSquarePrice":null,"link":"https://www.nehnutelnosti.sk/detail/JuP9lhX9Uar/exkluzivny-4-izbovy-byt-s-dvomi-terasami-v-novostavbe","imagesUrls":["https://img.nehnutelnosti.sk/foto/NjAweDMzOC9maWx0ZXJzOnF1YWxpdHkoMTAwKS9uZWg=/LZT18pdnaF_fss?st=fzPG9WJqsB0uRdDBbFzmqzxSPmvPqZP5RC-HxYymKjQ&ts=1720077455&e=0"]},{"title":"Dražba bytu v Bratislave,  ul. Vysoká.","address":"Bratislava I - Staré Mesto, okres Bratislava","rooms":3,"meters":null,"totalPrice":null,"meterSquarePrice":null,"link":"https://www.nehnutelnosti.sk/detail/JuYx6q1zS1b/drazba-bytu-v-bratislave-ul-vysoka","imagesUrls":["https://img.nehnutelnosti.sk/foto/NjAweDMzOC9maWx0ZXJzOnF1YWxpdHkoMTAwKS9uZWg=/TaRNRkFYIV_fss?st=qCnkcpugn4XYvWOTsupOb9LbB0w8AVRJNpgVrWlERCs&ts=1720070610&e=0"]},{"title":"Na predaj garsónka v Nových Zámkoch","address":"Nové Zámky, okres Nové Zámky","rooms":null,"meters":24,"totalPrice":48500,"meterSquarePrice":3,"link":"https://www.nehnutelnosti.sk/detail/JuPz_QhiFfP/na-predaj-garsonka-v-novych-zamkoch","imagesUrls":["https://img.nehnutelnosti.sk/foto/NjAweDMzOC9maWx0ZXJzOnF1YWxpdHkoMTAwKS9uZWg=/gnfoMjjzS_fss?st=ApqUmWrcNaVzKkJYLXRBNMf-iNaNxoiK7E1pFmjQFKU&ts=1720040049&e=0"]},{"title":"Predaj štýlový 3 izbový byt, novostavba, 40m2 terasa, garážové státie","address":"Coboriho, Nitra, okres Nitra","rooms":3,"meters":68,"totalPrice":249000,"meterSquarePrice":6,"link":"https://www.nehnutelnosti.sk/detail/Ju-Hlustqdmx/predaj-stylovy-3-izbovy-byt-novostavba-40m2-terasa-garazove-statie","imagesUrls":["https://img.nehnutelnosti.sk/foto/NjAweDMzOC9maWx0ZXJzOnF1YWxpdHkoMTAwKS9uZWg=/CCjZP_YrM_fss?st=EhAnRZ5yYvNvmFIsxCUh2XF90Ucl5W8xzV3ee1kKn6M&ts=1721867542&e=0"]},{"title":"Predám moderný penthouse s terasou v Komárne","address":"Komárno, Komárno, okres Komárno","rooms":4,"meters":138,"totalPrice":499900,"meterSquarePrice":6,"link":"https://www.nehnutelnosti.sk/detail/JuTA-1qQ8IV/predam-moderny-penthouse-s-terasou-v-komarne","imagesUrls":["https://img.nehnutelnosti.sk/foto/NjAweDMzOC9maWx0ZXJzOnF1YWxpdHkoMTAwKS9uZWg=/cDQDYlZ-rI_fss?st=UxZrtg3P4qyJuF7JJwn8FvAJux_hVqS-9snAmQmrk3E&ts=1726372955&e=0"]},{"title":"3-ka, stred mesta, kúpou voľný, Berehovská 72m2, 8poschodie, 81.900€","address":"Berehovská, Trebišov, okres Trebišov","rooms":3,"meters":72,"totalPrice":81900,"meterSquarePrice":0,"link":"https://www.nehnutelnosti.sk/detail/Jusue2rNdWY/3-ka-stred-mesta-kupou-volny-berehovska-72m2-8poschodie-81-900","imagesUrls":["https://img.nehnutelnosti.sk/foto/NjAweDMzOC9maWx0ZXJzOnF1YWxpdHkoMTAwKS9uZWg=/ae74TIF7vi_fss?st=LFyuex8XO7gMG8zKrm0vUr9b1tbnhXUhMVLqLN2pZmQ&ts=1725606389&e=0"]},{"title":"SIREAL MYJAVA - Ponúkame Vám na predaj byty Stará Turá ,  Hurbanova.","address":"Hurbanova, Stará Turá, okres Nové Mesto nad Váhom","rooms":4,"meters":88,"totalPrice":null,"meterSquarePrice":null,"link":"https://www.nehnutelnosti.sk/detail/JuJ8rWj2aK6/sireal-myjava-ponukame-vam-na-predaj-byty-stara-tura-hurbanova","imagesUrls":["https://img.nehnutelnosti.sk/foto/NjAweDMzOC9maWx0ZXJzOnF1YWxpdHkoMTAwKS9uZWg=/NoD6HPiDF_fss?st=WykK6biI6YGUd7fDsHVa_dUvNpNtry9WDfklTH1Z5Sk&ts=1720032913&e=0"]},{"title":"2-IZB. BYT - CENTRAL, TO","address":"Československej armády, Topoľčany, okres Topoľčany","rooms":2,"meters":65,"totalPrice":165200,"meterSquarePrice":4,"link":"https://www.nehnutelnosti.sk/detail/Juv8d_yrsRV/2-izb-byt-central-to","imagesUrls":["https://img.nehnutelnosti.sk/foto/NjAweDMzOC9maWx0ZXJzOnF1YWxpdHkoMTAwKS9uZWg=/LfWV5oZjRE_fss?st=e2hgQIH96OTLf86n2_zvCndUIj8CwVWfX7Ff76n4E0o&ts=1709462777&e=0"]},{"title":"2-IZB. BYT - CENTRÁL, Topoľčany","address":"Československej armády, Topoľčany, okres Topoľčany","rooms":2,"meters":58,"totalPrice":151500,"meterSquarePrice":7,"link":"https://www.nehnutelnosti.sk/detail/Jui7udBuZyt/2-izb-byt-central-topolcany","imagesUrls":["https://img.nehnutelnosti.sk/foto/NjAweDMzOC9maWx0ZXJzOnF1YWxpdHkoMTAwKS9uZWg=/Z7bc3guB0_fss?st=A4C12RyzBIhPU1NjyA-CQd4RuR586Lk-3t6zyFRWrWg&ts=1709414782&e=0"]},{"title":"3-IZB. BYT - REZIDENCIA LIPOVA, Lipova ul.","address":"Lipová, Topoľčany, okres Topoľčany","rooms":3,"meters":103,"totalPrice":212700,"meterSquarePrice":5,"link":"https://www.nehnutelnosti.sk/detail/JuWSoYcAtDY/3-izb-byt-rezidencia-lipova-lipova-ul","imagesUrls":["https://img.nehnutelnosti.sk/foto/NjAweDMzOC9maWx0ZXJzOnF1YWxpdHkoMTAwKS9uZWg=/QtclzIO7Rq_fss?st=Vpl51WmaKPQ_r4O0UHxyPObZRBWZqMOGEJ7-0XgKhiE&ts=1707835888&e=0"]},{"title":"3-IZB. BYT - CENTRAL, TO","address":"Československej armády, Topoľčany, okres Topoľčany","rooms":3,"meters":80,"totalPrice":205600,"meterSquarePrice":0,"link":"https://www.nehnutelnosti.sk/detail/JueV-eKXhGq/3-izb-byt-central-to","imagesUrls":["https://img.nehnutelnosti.sk/foto/NjAweDMzOC9maWx0ZXJzOnF1YWxpdHkoMTAwKS9uZWg=/aOw8KT3gx-_fss?st=RHIMBYL5Zpl0d-OJh8dHDm1c32rEzBLeTeVfs3CU6eo&ts=1709462779&e=0"]},{"title":"2-IZB. BYT - NOVOSTAVBA ŽOCH, TO","address":"J. Matušku, Topoľčany, okres Topoľčany","rooms":2,"meters":57,"totalPrice":134500,"meterSquarePrice":5,"link":"https://www.nehnutelnosti.sk/detail/JugmjTRcJu7/2-izb-byt-novostavba-zoch-to","imagesUrls":["https://img.nehnutelnosti.sk/foto/NjAweDMzOC9maWx0ZXJzOnF1YWxpdHkoMTAwKS9uZWg=/Oiuk_7agO_fss?st=18_6bvmVVnQxgaEmDjEpofaru1wdFskRMubWMrbGiQg&ts=1705170934&e=0"]},{"title":"STREŠNÝ 4-IZB. BYT - CENTRAL, TO","address":"Československej armády, Topoľčany, okres Topoľčany","rooms":4,"meters":96,"totalPrice":287000,"meterSquarePrice":8,"link":"https://www.nehnutelnosti.sk/detail/JuOETTn_PNSg/stresny-4-izb-byt-central-to","imagesUrls":["https://img.nehnutelnosti.sk/foto/NjAweDMzOC9maWx0ZXJzOnF1YWxpdHkoMTAwKS9uZWg=/K6H6gNSEL_fss?st=MBlg6OsVEEooS2mTijnxrmG9lEiU4LY9RDtQK-lV2Eo&ts=1710326613&e=0"]},{"title":"Bytový komplex Kúty II. etapa - 1-izbový byt","address":"Textilná, Kúty, okres Senica","rooms":1,"meters":36,"totalPrice":82500,"meterSquarePrice":7,"link":"https://www.nehnutelnosti.sk/detail/JuzZ3SfK6VM/bytovy-komplex-kuty-ii-etapa-1-izbovy-byt","imagesUrls":["https://img.nehnutelnosti.sk/foto/NjAweDMzOC9maWx0ZXJzOnF1YWxpdHkoMTAwKS9uZWg=/VmzxeWQ94_fss?st=0lk9sSt76BWRO5r1qrgjmTM-AKrskC0zJMVnhZOBMJg&ts=1665573499&e=0"]},{"title":"Exkluzívne v APEX reality pekný 3i. byt po rekonštrukcii na Hlohovej ulici, 2x pivnica, 69 m2","address":"Hlohová, Hlohovec, okres Hlohovec","rooms":3,"meters":69,"totalPrice":129900,"meterSquarePrice":1,"link":"https://www.nehnutelnosti.sk/detail/Juwk7BXlGdP/exkluzivne-v-apex-reality-pekny-3i-byt-po-rekonstrukcii-na-hlohovej-ulici-2x-pivnica-69-m2","imagesUrls":["https://img.nehnutelnosti.sk/foto/NjAweDMzOC9maWx0ZXJzOnF1YWxpdHkoMTAwKS9uZWg=/FVFAfHIqm_fss?st=xarORNukfSgCdU8tpPD_ezmFAZtd6LDa7F30oNHgaWA&ts=1712272429&e=0"]},{"title":"Na predaj príjemný 3izb.byt v novostavbe s parkovacím miestom Novom Meste v Bratislave","address":"Tomášikova, Bratislava III - Nové Mesto, okres Bratislava","rooms":3,"meters":86,"totalPrice":279200,"meterSquarePrice":1,"link":"https://www.nehnutelnosti.sk/detail/JuU04Z1BpVg/na-predaj-prijemny-3izb-byt-v-novostavbe-s-parkovacim-miestom-novom-meste-v-bratislave","imagesUrls":["https://img.unitedclassifieds.sk/foto/NjAweDMzOC9maWx0ZXJzOnF1YWxpdHkoMTAwKS9qdWw=/eafraDYYF_fss?st=7mqKaJit1o-A5MN95341YHR-BOXwcKdDP5MQg1LQYgw&ts=1720020310&e=0"]},{"title":"STREŠNÝ 3-IZB. BYT - CENTRAL, TO","address":"Československej armády, Topoľčany, okres Topoľčany","rooms":3,"meters":65,"totalPrice":215000,"meterSquarePrice":9,"link":"https://www.nehnutelnosti.sk/detail/JunyrjYBrKn/stresny-3-izb-byt-central-to","imagesUrls":["https://img.nehnutelnosti.sk/foto/NjAweDMzOC9maWx0ZXJzOnF1YWxpdHkoMTAwKS9uZWg=/lpfQSfp8v_fss?st=RXRCuOKqOBWnUVi1JsD7Jb8VXj961RscZz4TcoxEyRk&ts=1710327755&e=0"]}]