[{"title":"Prémiový 2 izbový byt s terasou I DVE SÝPKY","address":"Námestie pri Sýpke, Bratislava V - Jarovce, okres Bratislava","rooms":2,"meters":66,"totalPrice":249800,"meterSquarePrice":5,"link":"https://www.nehnutelnosti.sk/detail/Jui_tHpf0aZ/premiovy-2-izbovy-byt-s-terasou-i-dve-sypky","imagesUrls":["https://img.nehnutelnosti.sk/foto/NjAweDMzOC9maWx0ZXJzOnF1YWxpdHkoMTAwKS9uZWg=/udewnoUXc_fss?st=q1r3exTgtprnruRE8dr3j5u115t73wy4HNghabK24uk&ts=1726823612&e=0"]},{"title":"POSLEDNÉ chalet apartmány Hrabovo Ružomberok","address":"Hrabovská dolina, Ružomberok, okres Ružomberok","rooms":null,"meters":42,"totalPrice":127000,"meterSquarePrice":1,"link":"https://www.nehnutelnosti.sk/detail/JukBksFoVDN/posledne-chalet-apartmany-hrabovo-ruzomberok","imagesUrls":["https://img.unitedclassifieds.sk/foto/NjAweDMzOC9maWx0ZXJzOnF1YWxpdHkoMTAwKS9qdWw=/NlQmMPX47_fss?st=31SYLG0DHWZ8zhyQwWK6onNhoVnm5tS_0w-oI681VGQ&ts=1722878764&e=0"]},{"title":"Veľkometrážny 2i s balkónom - 68m2","address":"Hlboká 123, Nitra, okres Nitra","rooms":2,"meters":68,"totalPrice":161990,"meterSquarePrice":1,"link":"https://www.nehnutelnosti.sk/detail/JuwCIWPUQXD/velkometrazny-2i-s-balkonom-68m2","imagesUrls":["https://img.nehnutelnosti.sk/foto/NjAweDMzOC9maWx0ZXJzOnF1YWxpdHkoMTAwKS9uZWg=/kanO3381__fss?st=GyZJOq3RqO-wLWPuby2c0g2sG3ZU3-Fop97A4nmR9vI&ts=1720087483&e=0"]},{"title":"REZERVOVANÉ Predaj 2 izbový byt s balkónom, Nálepkova, Brezno","address":"Nálepkova, Brezno, okres Brezno","rooms":2,"meters":55,"totalPrice":72100,"meterSquarePrice":1,"link":"https://www.nehnutelnosti.sk/detail/Ju5dAo00pvW/rezervovane-predaj-2-izbovy-byt-s-balkonom-nalepkova-brezno","imagesUrls":["https://img.nehnutelnosti.sk/foto/NjAweDMzOC9maWx0ZXJzOnF1YWxpdHkoMTAwKS9uZWg=/mTs2-AV0S_fss?st=U5Mlo1I_x2P0o8Pp7i8xlyAg6a34-Z6pc-RLCCdnWN4&ts=1722848770&e=0"]},{"title":"Kúpa 1 izbového bytu Podbrezová","address":"Podbrezová, okres Brezno","rooms":1,"meters":null,"totalPrice":null,"meterSquarePrice":null,"link":"https://www.nehnutelnosti.sk/detail/JupjrAl4D0h/kupa-1-izboveho-bytu-podbrezova","imagesUrls":["https://img.nehnutelnosti.sk/foto/NjAweDMzOC9maWx0ZXJzOnF1YWxpdHkoMTAwKS9uZWg=/uGmYZoGXQ_fss?st=sl0fDggQ3lz4lVyFZeFrlQw59sm8j_T7lGjbk2DGiKM&ts=1720522674&e=0"]},{"title":"Priestranný 3 izbový byt na predaj, 76 m2, balkón, Valaská","address":"Chalupkova, Valaská, okres Brezno","rooms":3,"meters":76,"totalPrice":78000,"meterSquarePrice":2,"link":"https://www.nehnutelnosti.sk/detail/Ju0BrG7aJwW/priestranny-3-izbovy-byt-na-predaj-76-m2-balkon-valaska","imagesUrls":["https://img.nehnutelnosti.sk/foto/NjAweDMzOC9maWx0ZXJzOnF1YWxpdHkoMTAwKS9uZWg=/336CfOkGY_fss?st=a0I4W2inxnwjzoAkvZjOmyZIk09g_jp0LdDfzTKvEvA&ts=1726582114&e=0"]},{"title":"2 izbový byt na predaj - CENTRUM","address":"Gorazdova, Spišská Nová Ves, okres Spišská Nová Ves","rooms":2,"meters":54,"totalPrice":91900,"meterSquarePrice":5,"link":"https://www.nehnutelnosti.sk/detail/JuGwTPmZ0c8/2-izbovy-byt-na-predaj-centrum","imagesUrls":["https://img.unitedclassifieds.sk/foto/NjAweDMzOC9maWx0ZXJzOnF1YWxpdHkoMTAwKS9qdWw=/f9yPwIk7j_fss?st=rOv7JbLRT2AyN0T9VPvITwE5C62nkrqyZm3Ig8s2mOY&ts=1726562770&e=0"]},{"title":"SVIDNÍCKA 13 - NADČASOVÝ 3-izbový BYT pri ŠTRKOVECKOM jazere","address":"Svidnícka, Bratislava II - Ružinov, okres Bratislava","rooms":3,"meters":68,"totalPrice":330000,"meterSquarePrice":4,"link":"https://www.nehnutelnosti.sk/detail/JupkWEPiiDq/svidnicka-13-nadcasovy-3-izbovy-byt-pri-strkoveckom-jazere","imagesUrls":["https://img.nehnutelnosti.sk/foto/NjAweDMzOC9maWx0ZXJzOnF1YWxpdHkoMTAwKS9uZWg=/4oheWOyaO1_fss?st=4coQaDXubzJbjPlka_DQw4Eo1WVSff4ANKohwvmMmuA&ts=1724231746&e=0"]},{"title":"Kvalitný, praktický, zariadený, 3 izbový byt, v TEHLOVEJ BYTOVKE, s VLASTNÝM KÚRENÍM v Dunajskej Str","address":"Nová Ves, Dunajská Streda, okres Dunajská Streda","rooms":3,"meters":75,"totalPrice":114990,"meterSquarePrice":0,"link":"https://www.nehnutelnosti.sk/detail/JuBO6WWUaUT/kvalitny-prakticky-zariadeny-3-izbovy-byt-v-tehlovej-bytovke-s-vlastnym-kurenim-v-dunajskej-str","imagesUrls":["https://img.unitedclassifieds.sk/foto/NjAweDMzOC9maWx0ZXJzOnF1YWxpdHkoMTAwKS9qdWw=/OIn0C3uKr_fss?st=c21v2EZY9JjJhwfzAgkP2GKWmYWELV_yyvxMWBCCSgE&ts=1711357931&e=0"]},{"title":"Tehlový veľký 1 izb. byt 41 m2, Park Angelinum, Sever čiast. rek.","address":"Park Angelinum, Košice I - Staré Mesto, okres Košice","rooms":1,"meters":41,"totalPrice":165000,"meterSquarePrice":9,"link":"https://www.nehnutelnosti.sk/detail/JuNU2N12ypL/tehlovy-velky-1-izb-byt-41-m2-park-angelinum-sever-ciast-rek","imagesUrls":["https://img.nehnutelnosti.sk/foto/NjAweDMzOC9maWx0ZXJzOnF1YWxpdHkoMTAwKS9uZWg=/mikh-2kyt_fss?st=BunFOz9HN6AN9AleQ7GlOnoQFh-OdgtZTCs8ADQNPN8&ts=1718347909&e=0"]},{"title":"Na predaj 4 izb. byt o výmere 103m2, Vysoké Tatry - Vyšné Hágy","address":"Vyšné Hágy, Vysoké Tatry, okres Poprad","rooms":4,"meters":103,"totalPrice":400000,"meterSquarePrice":0,"link":"https://www.nehnutelnosti.sk/detail/JuAg1bFW21F/na-predaj-4-izb-byt-o-vymere-103m2-vysoke-tatry-vysne-hagy","imagesUrls":["https://img.nehnutelnosti.sk/foto/NjAweDMzOC9maWx0ZXJzOnF1YWxpdHkoMTAwKS9uZWg=/rB5JbJLRZJ_fss?st=yJhCQYiCnNwjlAxgFFepKhMUhRJ7Ad0aLNEmfHZguuU&ts=1717601657&e=0"]},{"title":"Exkluzívne na predaj 3 izbový tehlový byt s veľkým pozemkom a altánkom, Malá Ida","address":"Letná, Malá Ida, Košice okolie, okres Košice - okolie","rooms":3,"meters":84,"totalPrice":186000,"meterSquarePrice":9,"link":"https://www.nehnutelnosti.sk/detail/JuaBnAgunOw/exkluzivne-na-predaj-3-izbovy-tehlovy-byt-s-velkym-pozemkom-a-altankom-mala-ida","imagesUrls":["https://img.nehnutelnosti.sk/foto/NjAweDMzOC9maWx0ZXJzOnF1YWxpdHkoMTAwKS9uZWg=/VUIZfGRzJX_fss?st=rgahDmzizW-X_fsndjsXZUGULgESNqKQ-BAt4ISGFkE&ts=1726640639&e=0"]},{"title":"4 izb. byt, Kurská, Dargovských hrdinov, 85m2, lodžia, kompletná rekonštrukcia","address":"Kurská, Košice III - Dargovských Hrdinov, okres Košice","rooms":4,"meters":85,"totalPrice":185000,"meterSquarePrice":7,"link":"https://www.nehnutelnosti.sk/detail/JukxAinNymP/4-izb-byt-kurska-dargovskych-hrdinov-85m2-lodzia-kompletna-rekonstrukcia","imagesUrls":["https://img.nehnutelnosti.sk/foto/NjAweDMzOC9maWx0ZXJzOnF1YWxpdHkoMTAwKS9uZWg=/GfhuD0fFdy_fss?st=snIJYf_s4SncgDeRhsxRXIEaelMZ2__KsnOey8zHul0&ts=1700813850&e=0"]},{"title":"Rezervované 2i byt so šatníkom a balkónom Hliny VII","address":"Severná, Žilina - Hliny, okres Žilina","rooms":2,"meters":57,"totalPrice":152000,"meterSquarePrice":7,"link":"https://www.nehnutelnosti.sk/detail/JuOkmOpKkRI/rezervovane-2i-byt-so-satnikom-a-balkonom-hliny-vii","imagesUrls":["https://img.nehnutelnosti.sk/foto/NjAweDMzOC9maWx0ZXJzOnF1YWxpdHkoMTAwKS9uZWg=/jV4fXwYGPV_fss?st=VchQumMwfJwDyWcxDsX1oHp7wpiBajtvWa9mWm8DQOc&ts=1725854512&e=0"]},{"title":"Veľký 1 izbový byt s veľkým balkónom Vlčince-REZERVOVANÉ","address":"Vlčince, Žilina - Vlčince, okres Žilina","rooms":1,"meters":41,"totalPrice":105000,"meterSquarePrice":8,"link":"https://www.nehnutelnosti.sk/detail/Ju5IqTK3Spy3/velky-1-izbovy-byt-s-velkym-balkonom-vlcince-rezervovane","imagesUrls":["https://img.nehnutelnosti.sk/foto/NjAweDMzOC9maWx0ZXJzOnF1YWxpdHkoMTAwKS9uZWg=/xwOxWauMyI_fss?st=p79lEXLyUsijaeTnXcyMfUFpqhWv3oXn31lctKw27hc&ts=1723120124&e=0"]},{"title":"Slnečný 2 izbový byt s pekným výhľadom, Hájik","address":"Žilina, okres Žilina","rooms":2,"meters":53,"totalPrice":143000,"meterSquarePrice":1,"link":"https://www.nehnutelnosti.sk/detail/JuF6Fm0rAjX/slnecny-2-izbovy-byt-s-peknym-vyhladom-hajik","imagesUrls":["https://img.nehnutelnosti.sk/foto/NjAweDMzOC9maWx0ZXJzOnF1YWxpdHkoMTAwKS9uZWg=/Qp5lkyz6S_fss?st=GSqMFmPqbiq-enIdinfHoDrKva4WyHxfR2DEhg7BlF8&ts=1714128584&e=0"]},{"title":"2 izbový byt s balkónom a lóggiou Hliny V-REZERVOVANÉ","address":"Žilina - Hliny, okres Žilina","rooms":2,"meters":74,"totalPrice":138900,"meterSquarePrice":3,"link":"https://www.nehnutelnosti.sk/detail/Ju3Pj-9Hdt7/2-izbovy-byt-s-balkonom-a-loggiou-hliny-v-rezervovane","imagesUrls":["https://img.nehnutelnosti.sk/foto/NjAweDMzOC9maWx0ZXJzOnF1YWxpdHkoMTAwKS9uZWg=/wr9PkMTMM_fss?st=z1N51gY3TTBungavHvZInJ4ldFds1Mmi79uXB_lSh1Q&ts=1720617681&e=0"]},{"title":"Slnečný 2 izbový byt s lodžiou - Solinky-REZERVOVANÉ","address":"Solinky, Žilina - Solinky, okres Žilina","rooms":2,"meters":null,"totalPrice":null,"meterSquarePrice":null,"link":"https://www.nehnutelnosti.sk/detail/Juf3Cql5J0-/slnecny-2-izbovy-byt-s-lodziou-solinky-rezervovane","imagesUrls":["https://img.nehnutelnosti.sk/foto/NjAweDMzOC9maWx0ZXJzOnF1YWxpdHkoMTAwKS9uZWg=/Z-5Tq-ogZ_fss?st=u_a2KAhd7D6jTn_09wknXr7X6OB8M7ZBR9KnJTYTLxI&ts=1720694218&e=0"]},{"title":"Slnečný 2 izbový byt s balkónom - Hliny 7-REZERVOVANÉ","address":"Hliny 7, Žilina - Hliny, okres Žilina","rooms":2,"meters":57,"totalPrice":153000,"meterSquarePrice":1,"link":"https://www.nehnutelnosti.sk/detail/JumcGmyeY2a/slnecny-2izbovy-byt-s-balkonom-hliny7-rezervovane","imagesUrls":["https://img.nehnutelnosti.sk/foto/NjAweDMzOC9maWx0ZXJzOnF1YWxpdHkoMTAwKS9uZWg=/kT0u9z940_fss?st=dI0N8yTlvcJVUpxQ6SbzjP7lWFzN4J2X5hGjhLavzZQ&ts=1720608497&e=0"]},{"title":"2,5 izbový byt širšie centrum","address":"Bratislavská, Žilina, okres Žilina","rooms":2,"meters":57,"totalPrice":105000,"meterSquarePrice":1,"link":"https://www.nehnutelnosti.sk/detail/JuKT92KIZw0/2-5-izbovy-byt-sirsie-centrum","imagesUrls":["https://img.nehnutelnosti.sk/foto/NjAweDMzOC9maWx0ZXJzOnF1YWxpdHkoMTAwKS9uZWg=/o9B7S7gyOa_fss?st=lMO3NP4xWRDoG1I4WAJ8Yrd6J43YpknWzak7dKTxQD0&ts=1724761189&e=0"]},{"title":"2-garsónka v novej bytovke Rosina","address":"Rosina, okres Žilina","rooms":null,"meters":39,"totalPrice":109900,"meterSquarePrice":1,"link":"https://www.nehnutelnosti.sk/detail/JuQ-XoOVxDV/2-garsonka-v-novej-bytovke-rosina","imagesUrls":["https://img.nehnutelnosti.sk/foto/NjAweDMzOC9maWx0ZXJzOnF1YWxpdHkoMTAwKS9uZWg=/C4iR28f9v_fss?st=WTgYD_HNRu_0rw08PtE5MlA7d0U7AJ5sugPl3f1k83c&ts=1726571076&e=0"]},{"title":"Rekreačný apartmán KĽAK","address":"Kľak, Fačkov, okres Žilina","rooms":null,"meters":52,"totalPrice":168500,"meterSquarePrice":8,"link":"https://www.nehnutelnosti.sk/detail/JuDoaqrGiOO/rekreacny-apartman-klak","imagesUrls":["https://img.nehnutelnosti.sk/foto/NjAweDMzOC9maWx0ZXJzOnF1YWxpdHkoMTAwKS9uZWg=/mdpBI0gMs_fss?st=sTolbbf3HhDfx6yA1sFEa5u1RAj9imY3dYRLOnQCbf8&ts=1720621884&e=0"]},{"title":"3-izbový mezonet novostavba Rosina","address":"Rosina, okres Žilina","rooms":3,"meters":88,"totalPrice":200000,"meterSquarePrice":1,"link":"https://www.nehnutelnosti.sk/detail/Ju46N5g_5V7/3-izbovy-mezonet-novostavba-rosina","imagesUrls":["https://img.nehnutelnosti.sk/foto/NjAweDMzOC9maWx0ZXJzOnF1YWxpdHkoMTAwKS9uZWg=/whIzcoM5eP_fss?st=LlDRRnhcOWeTLT1nLYl0Z8EOzG2NKslz-COQLaQy3W4&ts=1723820585&e=0"]},{"title":"Pekný 2-izbový zrekonštruovaný byt - širšie centrum mesta","address":"Žilina - Staré mesto, okres Žilina","rooms":2,"meters":59,"totalPrice":150000,"meterSquarePrice":7,"link":"https://www.nehnutelnosti.sk/detail/Jud4IeHOG8o/pekny-2-izbovy-zrekonstruovany-byt-sirsie-centrum-mesta","imagesUrls":["https://img.nehnutelnosti.sk/foto/NjAweDMzOC9maWx0ZXJzOnF1YWxpdHkoMTAwKS9uZWg=/Kb3lnpZFd_fss?st=zCheeEOHHkYnl4mSKwjlOlytLcpZpqCRO0jbxvzNvRA&ts=1725955044&e=0"]},{"title":"3-izb.byt v novostavbe Rosina","address":"Uhríňová, Rosina, okres Žilina","rooms":3,"meters":76,"totalPrice":180000,"meterSquarePrice":2,"link":"https://www.nehnutelnosti.sk/detail/JuZ7iO7Zz0o/3-izb-byt-v-novostavbe-rosina","imagesUrls":["https://img.nehnutelnosti.sk/foto/NjAweDMzOC9maWx0ZXJzOnF1YWxpdHkoMTAwKS9uZWg=/23g0XrZaW_fss?st=fz5WCCdqYlE-NL-lGCb-Ba73I8sonaRTD8UFeAFP0DM&ts=1726571832&e=0"]},{"title":"Veľký 1 izbový byt s lodžiou Hliny 6","address":"Hliny, Žilina - Hliny, okres Žilina","rooms":1,"meters":45,"totalPrice":125000,"meterSquarePrice":8,"link":"https://www.nehnutelnosti.sk/detail/JuXm_m16Uo4/velky-1-izbovy-byt-s-lodziou-hliny-6","imagesUrls":["https://img.nehnutelnosti.sk/foto/NjAweDMzOC9maWx0ZXJzOnF1YWxpdHkoMTAwKS9uZWg=/_c8hk6Ea9_fss?st=PjYzxJHuNiYT5lcoccGKtIdpEYWSYeICxyPLBpHs2j0&ts=1725827300&e=0"]},{"title":"Slnečný 2 izbový byt s lodžiou - Solinky","address":"Solinky, Žilina - Solinky, okres Žilina","rooms":2,"meters":49,"totalPrice":153000,"meterSquarePrice":5,"link":"https://www.nehnutelnosti.sk/detail/Juco6Ztu3tW/slnecny-2-izbovy-byt-s-lodziou-solinky","imagesUrls":["https://img.nehnutelnosti.sk/foto/NjAweDMzOC9maWx0ZXJzOnF1YWxpdHkoMTAwKS9uZWg=/zdQrdam4l_fss?st=d1tQ8Vl96wkyp8HXWG59jK2JfdXGBpaCLKzsKuU7F5E&ts=1725489751&e=0"]},{"title":"Veľký zrekonštruovaný 3 izbový byt s 3 balkónmi, Hliny 5.","address":"Hliny 5, Žilina - Hliny, okres Žilina","rooms":3,"meters":82,"totalPrice":200000,"meterSquarePrice":2,"link":"https://www.nehnutelnosti.sk/detail/Jusl9NQwWAK/velky-zrekonstruovany-3-izbovy-byt-s-3-balkonmi-hliny-5","imagesUrls":["https://img.nehnutelnosti.sk/foto/NjAweDMzOC9maWx0ZXJzOnF1YWxpdHkoMTAwKS9uZWg=/04DuNpsBz_fss?st=nYRRT4LnZTBGANyffImDlQs_06504ezGP43Er_XTBwk&ts=1725559674&e=0"]},{"title":"Pekný 2 izbový byt s balkónom o výmere 9 m2 Vlčince Arboreum","address":"Vlčince, Žilina - Vlčince, okres Žilina","rooms":2,"meters":53,"totalPrice":170000,"meterSquarePrice":5,"link":"https://www.nehnutelnosti.sk/detail/Ju7EVb5iVB_/pekny-2-izbovy-byt-s-balkonom-o-vymere-9-m2-vlcince-arboreum","imagesUrls":["https://img.nehnutelnosti.sk/foto/NjAweDMzOC9maWx0ZXJzOnF1YWxpdHkoMTAwKS9uZWg=/YNgMOWaeN_fss?st=OuU1cKGSLSj1LHM4pksn1q9lQkfvnNQpcW4daKVyIp8&ts=1725301167&e=0"]},{"title":"VEĽKÝ 2 IZBOVÝ BYT S 2 BALKÓNMI, HLINY 6 - IBA U NÁS","address":"Žilina, okres Žilina","rooms":2,"meters":67,"totalPrice":139500,"meterSquarePrice":9,"link":"https://www.nehnutelnosti.sk/detail/Juhi1Iqh_7P/velky-2-izbovy-byt-s-2-balkonmi-hliny-6-iba-u-nas","imagesUrls":["https://img.nehnutelnosti.sk/foto/NjAweDMzOC9maWx0ZXJzOnF1YWxpdHkoMTAwKS9uZWg=/7siZJv5Yo_fss?st=gIjx237u82wABKab0_OKiPlEOVWeNS17NCzX3J7sxKU&ts=1724117365&e=0"]}]