[{"title":"REZERVOVANÉ: 3 izbový byt - Solinky na Jaseňovej ul. o výmere 69m2 s balkónom + 2 pivnice","address":"Žilina, okres Žilina","rooms":3,"meters":69,"totalPrice":171500,"meterSquarePrice":1,"link":"https://www.nehnutelnosti.sk/detail/JuQ2aO22kyR/rezervovane-3-izbovy-byt-solinky-na-jasenovej-ul-o-vymere-69m2-s-balkonom-2-pivnice","imagesUrls":["https://img.nehnutelnosti.sk/foto/NjAweDMzOC9maWx0ZXJzOnF1YWxpdHkoMTAwKS9uZWg=/tO43wxsW1w_fss?st=qvTNi3VQm2MD2e8lHqj_i8u7yQATYSlh5tKX8YrZx8s&ts=1717587475&e=0"]},{"title":"Na predaj veľkometrážny 3 - izbový byt v Petržalke - 82 m²","address":"Bratislava V - Petržalka, okres Bratislava","rooms":3,"meters":91,"totalPrice":368000,"meterSquarePrice":2,"link":"https://www.nehnutelnosti.sk/detail/JukvHWwl-oV/na-predaj-velkometrazny-3-izbovy-byt-v-petrzalke-82-m","imagesUrls":["https://img.nehnutelnosti.sk/foto/NjAweDMzOC9maWx0ZXJzOnF1YWxpdHkoMTAwKS9uZWg=/ZWCd4Wo7Df_fss?st=TEhU-K4bgiX-j2J5SYEJtr3iM6udX6FAUZ4J4pAjpSU&ts=1717620644&e=0"]},{"title":"TUreality ponúka na predaj 3 izbový byt so zariadením po kompletnej rekonštrukcii s klimatizáciou,s","address":"Bánovce nad Bebravou, okres Bánovce nad Bebravou","rooms":3,"meters":63,"totalPrice":117000,"meterSquarePrice":4,"link":"https://www.nehnutelnosti.sk/detail/JuLsTnOQwpP/tureality-ponuka-na-predaj-3-izbovy-byt-so-zariadenim-po-kompletnej-rekonstrukcii-s-klimatizaciou-s","imagesUrls":["https://img.nehnutelnosti.sk/foto/NjAweDMzOC9maWx0ZXJzOnF1YWxpdHkoMTAwKS9uZWg=/swmrj157e_fss?st=CGEY2VB9AdSD4FKibm_x7_fnriwpem9kT3Os04NVB9k&ts=1717642069&e=0"]},{"title":"3i byt s loggiou po čiastočnej rekonštrukcii, 67m2, Nové Mesto nad Váhom - REZERVOVANÉ","address":"Nové Mesto nad Váhom, okres Nové Mesto nad Váhom","rooms":3,"meters":67,"totalPrice":null,"meterSquarePrice":null,"link":"https://www.nehnutelnosti.sk/detail/Ju8utiVjD1A/3i-byt-s-loggiou-po-ciastocnej-rekonstrukcii-67m2-nove-mesto-nad-vahom-rezervovane","imagesUrls":["https://img.nehnutelnosti.sk/foto/NjAweDMzOC9maWx0ZXJzOnF1YWxpdHkoMTAwKS9uZWg=/jWRW3rJo3_fss?st=NHVWQqHqk0NBdHZKx77SvrkpsI6luSUfGXx9S_JWIw8&ts=1722803572&e=0"]},{"title":"Na predaj NOVOSTAVBU 4izbový rodinný dom v obci Bellová Ves","address":"Bellova Ves, okres Dunajská Streda","rooms":4,"meters":100,"totalPrice":159900,"meterSquarePrice":9,"link":"https://www.nehnutelnosti.sk/detail/Ju5cSyKTp-W/na-predaj-novostavbu-4izbovy-rodinny-dom-v-obci-bellova-ves","imagesUrls":["https://img.nehnutelnosti.sk/foto/NjAweDMzOC9maWx0ZXJzOnF1YWxpdHkoMTAwKS9uZWg=/MS2jmM0qa_fss?st=PQiojMtn3MkpNvx8yaz6Et4CARxeHNFf2FK6OMgppc8&ts=1717589806&e=0"]},{"title":"Na predaj 2izbový byt 52m2 Prievidza, okres Prievidza","address":"Prievidza, okres Prievidza","rooms":2,"meters":52,"totalPrice":75900,"meterSquarePrice":2,"link":"https://www.nehnutelnosti.sk/detail/Juiy61qqfh6/na-predaj-2izbovy-byt-52m2-prievidza-okres-prievidza","imagesUrls":["https://img.nehnutelnosti.sk/foto/NjAweDMzOC9maWx0ZXJzOnF1YWxpdHkoMTAwKS9uZWg=/s1OzMokoC_fss?st=CcW0e5CHAzx1Ozgi9Nzk5p4kMc4ee8CKJdJN5PCl9NM&ts=1725558633&e=0"]},{"title":"EXKLUZÍVNE Na predaj exkluzívny, priestranný a vkusne zariadený 3+1 + jedáleň byt s vlastnou garážou","address":"Kľačno, okres Prievidza","rooms":3,"meters":95,"totalPrice":75000,"meterSquarePrice":7,"link":"https://www.nehnutelnosti.sk/detail/Ju0OiSGbqWZ/exkluzivne-na-predaj-exkluzivny-priestranny-a-vkusne-zariadeny-3-1-jedalen-byt-s-vlastnou-garazou","imagesUrls":["https://img.nehnutelnosti.sk/foto/NjAweDMzOC9maWx0ZXJzOnF1YWxpdHkoMTAwKS9uZWg=/27DLtlxTL_fss?st=ia8ejjl2iLjMgTCjh3zKfiGkkDMR9tLnpPckGDDRJwI&ts=1721381019&e=0"]},{"title":"Na predaj 2izbový byt 52m2 s balkónom Nováky, okres Prievidza","address":"Prievidza, okres Prievidza","rooms":2,"meters":54,"totalPrice":54950,"meterSquarePrice":9,"link":"https://www.nehnutelnosti.sk/detail/Ju87FuCEgl2/na-predaj-2izbovy-byt-52m2-s-balkonom-novaky-okres-prievidza","imagesUrls":["https://img.nehnutelnosti.sk/foto/NjAweDMzOC9maWx0ZXJzOnF1YWxpdHkoMTAwKS9uZWg=/ya46crm-Kj_fss?st=7TefmINXlPe_POfRF2jxmqtSjZREboXbJjbvnn9tZSA&ts=1717625290&e=0"]},{"title":"ZNÍŽENÁ CENA !!! Na predaj 2izbový byt 52m2 Prievidza, okres Prievidza","address":"Prievidza, okres Prievidza","rooms":2,"meters":52,"totalPrice":65950,"meterSquarePrice":7,"link":"https://www.nehnutelnosti.sk/detail/JuLgXUVpiMN/znizena-cena-na-predaj-2izbovy-byt-52m2-prievidza-okres-prievidza","imagesUrls":["https://img.nehnutelnosti.sk/foto/NjAweDMzOC9maWx0ZXJzOnF1YWxpdHkoMTAwKS9uZWg=/Zbbogba_k3_fss?st=r8WtQgNarFW-XFLO6ki4cZvdcQHOGchRG6RHs5Y2sqQ&ts=1717589776&e=0"]},{"title":"REZERVOVANÉ 3i BYT, KYSUCKÉ NOVÉ MESTO","address":"Kysucké Nové Mesto, okres Kysucké Nové Mesto","rooms":3,"meters":60,"totalPrice":120000,"meterSquarePrice":0,"link":"https://www.nehnutelnosti.sk/detail/JuSGMclrBqD/rezervovane-3i-byt-kysucke-nove-mesto","imagesUrls":["https://img.nehnutelnosti.sk/foto/NjAweDMzOC9maWx0ZXJzOnF1YWxpdHkoMTAwKS9uZWg=/d-SiUIzXU3_fss?st=P0FXi0t63jqaRDrArdH5mqjU0vOqZLNaj8pZcNx9GuY&ts=1717589689&e=0"]},{"title":"TUreality ponúka výhradne na predaj veľký 3-izbový zrekonštruovaný byt pri Váhu o rozlohe 76 m2 - re","address":"Piešťany, okres Piešťany","rooms":3,"meters":76,"totalPrice":144990,"meterSquarePrice":6,"link":"https://www.nehnutelnosti.sk/detail/JurE8MVtxta/tureality-ponuka-vyhradne-na-predaj-velky-3-izbovy-zrekonstruovany-byt-pri-vahu-o-rozlohe-76-m2-re","imagesUrls":["https://img.nehnutelnosti.sk/foto/NjAweDMzOC9maWx0ZXJzOnF1YWxpdHkoMTAwKS9uZWg=/X73tKcsepI_fss?st=8u-UVYUTWHBR7Zfiv3w7ne1zYiIhrMqwtAAzRP_PLMw&ts=1717625290&e=0"]},{"title":"Na predaj 2izbový byt 54m2 s balkónom Nováky, okres Prievidza","address":"Nováky, okres Prievidza","rooms":2,"meters":54,"totalPrice":59990,"meterSquarePrice":3,"link":"https://www.nehnutelnosti.sk/detail/JuCFDso9yVl/na-predaj-2izbovy-byt-54m2-s-balkonom-novaky-okres-prievidza","imagesUrls":["https://img.nehnutelnosti.sk/foto/NjAweDMzOC9maWx0ZXJzOnF1YWxpdHkoMTAwKS9uZWg=/zFWddtfIQ_fss?st=EAuaRSe7QRgPMehyLUVdScswg07io9_ZV3GBkan5-SY&ts=1717589651&e=0"]},{"title":"Na predaj útulný 3iz.byt, Šaľa, 73 m2","address":"Šaľa, okres Šaľa","rooms":3,"meters":73,"totalPrice":135000,"meterSquarePrice":2,"link":"https://www.nehnutelnosti.sk/detail/JuNfrN1UOPK/na-predaj-utulny-3iz-byt-sala-73-m2","imagesUrls":["https://img.nehnutelnosti.sk/foto/NjAweDMzOC9maWx0ZXJzOnF1YWxpdHkoMTAwKS9uZWg=/4zKqGkxgi_fss?st=iOGDCvBh_cxbjWIRcXlnu3mhAhhkdaIfZ1RY8f7-YIs&ts=1717589662&e=0"]},{"title":"PREDANÉ! Garsonka 22m2 na Rovni pri Kauflande","address":"Ružomberok, okres Ružomberok","rooms":null,"meters":22,"totalPrice":50000,"meterSquarePrice":3,"link":"https://www.nehnutelnosti.sk/detail/JudBClQPuus/predane-garsonka-22m2-na-rovni-pri-kauflande","imagesUrls":["https://img.nehnutelnosti.sk/foto/NjAweDMzOC9maWx0ZXJzOnF1YWxpdHkoMTAwKS9uZWg=/-vQmFbXCD_fss?st=WgpPmDFn-0NeG6SEJjTlXK3vPgwCFmT4Okto-ScF2vY&ts=1717589590&e=0"]},{"title":"Slnečný 1-izbový byt v 3och vežiach na Bajkalskej ulici v Bratislave, 38 m2","address":"Bratislava III - Nové Mesto, okres Bratislava","rooms":1,"meters":38,"totalPrice":179980,"meterSquarePrice":2,"link":"https://www.nehnutelnosti.sk/detail/JuUBp5UEzGR/slnecny-1-izbovy-byt-v-3och-veziach-na-bajkalskej-ulici-v-bratislave-38-m2","imagesUrls":["https://img.nehnutelnosti.sk/foto/NjAweDMzOC9maWx0ZXJzOnF1YWxpdHkoMTAwKS9uZWg=/3zy_NTkYm_fss?st=2cA7QkskiRCWXvM5PiAKIhwM02FVgpcPmJ_sgeQ4_Hs&ts=1720790183&e=0"]},{"title":"NOVOSTAVBA 3+KK BYTU V ŠTANDARDE, POVAŽSKÁ BYSTRICA-ZAKVÁŠOV, VÝMERA 70,60m²","address":"Považská Bystrica, okres Považská Bystrica","rooms":3,"meters":70,"totalPrice":119000,"meterSquarePrice":5,"link":"https://www.nehnutelnosti.sk/detail/JuHD74NHKA7/novostavba-3-kk-bytu-v-standarde-povazska-bystrica-zakvasov-vymera-70-60m","imagesUrls":["https://img.nehnutelnosti.sk/foto/NjAweDMzOC9maWx0ZXJzOnF1YWxpdHkoMTAwKS9uZWg=/qVgB4_9s0_fss?st=IT6csfX8d2vpJ_uXWfeggbOqWTIbPrCpMTFVtCnFnwA&ts=1725729619&e=0"]},{"title":"NOVOSTAVBA 4+KK BYTU V ŠTANDARDE, POVAŽSKÁ BYSTRICA-ZAKVÁŠOV, BALKÓN, TERASA, VÝMERA 96,30m²","address":"Považská Bystrica, okres Považská Bystrica","rooms":4,"meters":94,"totalPrice":149000,"meterSquarePrice":7,"link":"https://www.nehnutelnosti.sk/detail/JuomU5cfiE6/novostavba-4-kk-bytu-v-standarde-povazska-bystrica-zakvasov-balkon-terasa-vymera-96-30m","imagesUrls":["https://img.nehnutelnosti.sk/foto/NjAweDMzOC9maWx0ZXJzOnF1YWxpdHkoMTAwKS9uZWg=/G8Sb-12Kc_fss?st=s6SJNIAH51lIPcS17FlIyCZ11Yg3Xwb3RppEvoqF9Kw&ts=1725457856&e=0"]},{"title":"Najkrajší 1+1 byt s priestrannou logiou v Dolnom Kubíne","address":"Dolný Kubín, okres Dolný Kubín","rooms":1,"meters":32,"totalPrice":96000,"meterSquarePrice":0,"link":"https://www.nehnutelnosti.sk/detail/JuNN2zTkLoo/najkrajsi-1-1-byt-s-priestrannou-logiou-v-dolnom-kubine","imagesUrls":["https://img.nehnutelnosti.sk/foto/NjAweDMzOC9maWx0ZXJzOnF1YWxpdHkoMTAwKS9uZWg=/jb2Zlb5_m4_fss?st=Dg-smsqikwI5wwWnEqk4FkY5f8Tz_KPvH8MXrKlsy0w&ts=1719372203&e=0"]},{"title":"2 izbový byt s terasou v novostavbe v komplexe Zelené Dvory o výmere 41 m2","address":"Nitra, okres Nitra","rooms":2,"meters":40,"totalPrice":156000,"meterSquarePrice":1,"link":"https://www.nehnutelnosti.sk/detail/JuEUee5UXQY/2-izbovy-byt-s-terasou-v-novostavbe-v-komplexe-zelene-dvory-o-vymere-41-m2","imagesUrls":["https://img.nehnutelnosti.sk/foto/NjAweDMzOC9maWx0ZXJzOnF1YWxpdHkoMTAwKS9uZWg=/M7pwqnCcGf_fss?st=6YHTyiUHJvzl4I3DBLw5e9kmzUwIbtlpln-XlUyyyWA&ts=1721985811&e=0"]},{"title":"PREDANÉ! 3- IZBOVÝ BYT S 2 BALKÓNMI, ROVEŇ","address":"Ružomberok, okres Ružomberok","rooms":3,"meters":70,"totalPrice":119900,"meterSquarePrice":6,"link":"https://www.nehnutelnosti.sk/detail/Jug_ANpWY1w/predane-3-izbovy-byt-s-2-balkonmi-roven","imagesUrls":["https://img.nehnutelnosti.sk/foto/NjAweDMzOC9maWx0ZXJzOnF1YWxpdHkoMTAwKS9uZWg=/Qc-xytSLj_fss?st=bJIq9VEbPQjZme3EznHXAoU2ICeJUnOQa0zd1rRnnsU&ts=1718788705&e=0"]},{"title":"Rezervované - Slnečný 2-izbový byt s balkónom v novostavbe Ovocné sady v Ružinove, 65,3 m2","address":"Bratislava II - Ružinov, okres Bratislava","rooms":2,"meters":65,"totalPrice":190000,"meterSquarePrice":5,"link":"https://www.nehnutelnosti.sk/detail/JurqyHhUx_D/rezervovane-slnecny-2-izbovy-byt-s-balkonom-v-novostavbe-ovocne-sady-v-ruzinove-65-3-m2","imagesUrls":["https://img.nehnutelnosti.sk/foto/NjAweDMzOC9maWx0ZXJzOnF1YWxpdHkoMTAwKS9uZWg=/4d5EpizpxG_fss?st=5q-z4h1Ll1kmJduZNiWNuo4onLIAzqJmAqMblGMwU7I&ts=1721934224&e=0"]},{"title":"Rezervované. TUreality ponúka na predaj 1 izbový byt s balkónom vo vyhľadávanej lokalite s bezplatný","address":"Piešťany, okres Piešťany","rooms":1,"meters":41,"totalPrice":null,"meterSquarePrice":null,"link":"https://www.nehnutelnosti.sk/detail/JuDyDc_n4e8/rezervovane-tureality-ponuka-na-predaj-1-izbovy-byt-s-balkonom-vo-vyhladavanej-lokalite-s-bezplatny","imagesUrls":["https://img.nehnutelnosti.sk/foto/NjAweDMzOC9maWx0ZXJzOnF1YWxpdHkoMTAwKS9uZWg=/2XpcFYtMe_fss?st=dl4dnl2OYmj9pIIaCPMEv_-lIekBEv8zABu1S37Ix2s&ts=1717821780&e=0"]},{"title":"TUreality ponúka na predaj 4 izbový byt, 75m² v Dunajskej Strede","address":"Dunajská Streda, okres Dunajská Streda","rooms":4,"meters":75,"totalPrice":116000,"meterSquarePrice":7,"link":"https://www.nehnutelnosti.sk/detail/Ju2YaYgYtNm/tureality-ponuka-na-predaj-4-izbovy-byt-75m-v-dunajskej-strede","imagesUrls":["https://img.nehnutelnosti.sk/foto/NjAweDMzOC9maWx0ZXJzOnF1YWxpdHkoMTAwKS9uZWg=/GL5wzm778_fss?st=gu6vEUxAJYWEzk0nw8ZQc9c47B4Vm7UGcsxGmpzmTW8&ts=1724970730&e=0"]},{"title":"Znížená cena!!!\nTUreality ponúka na predaj zrekonštruovaný 3 izbový byt v tichej lokalite v Šamorín","address":"Šamorín, okres Dunajská Streda","rooms":3,"meters":72,"totalPrice":195000,"meterSquarePrice":0,"link":"https://www.nehnutelnosti.sk/detail/JuaQ1sWILXQ/znizena-cena-tureality-ponuka-na-predaj-zrekonstruovany-3-izbovy-byt-v-tichej-lokalite-v-samorin","imagesUrls":["https://img.nehnutelnosti.sk/foto/NjAweDMzOC9maWx0ZXJzOnF1YWxpdHkoMTAwKS9uZWg=/gloV-223U_fss?st=RL9Rf3-RnBw1Bv5eMBDOP6PQrvnZPHCKn9mlk-pxPq8&ts=1717599237&e=0"]},{"title":"REZERVOVANÉ!!!\nNa predaj pekný zrekonštruovaný 2 izbový byt s balkónom 65 m2","address":"Bošany, okres Partizánske","rooms":2,"meters":65,"totalPrice":null,"meterSquarePrice":null,"link":"https://www.nehnutelnosti.sk/detail/JuOActueNdT/rezervovane-na-predaj-pekny-zrekonstruovany-2-izbovy-byt-s-balkonom-65-m2","imagesUrls":["https://img.nehnutelnosti.sk/foto/NjAweDMzOC9maWx0ZXJzOnF1YWxpdHkoMTAwKS9uZWg=/sXjDoKgd4t_fss?st=4_eszPGBWK3_UkUQy9eBhzgtmKVUeEnKUYFJ7RR6XvU&ts=1724787268&e=0"]},{"title":"Znížená cena!!!\nTUreality ponúka na predaj pekný, 2 izbový byt, 62m², Šamorín - Mliečno","address":"Šamorín, okres Dunajská Streda","rooms":2,"meters":69,"totalPrice":160000,"meterSquarePrice":4,"link":"https://www.nehnutelnosti.sk/detail/JuJLvhjHofP/znizena-cena-tureality-ponuka-na-predaj-pekny-2-izbovy-byt-62m-samorin-mliecno","imagesUrls":["https://img.nehnutelnosti.sk/foto/NjAweDMzOC9maWx0ZXJzOnF1YWxpdHkoMTAwKS9uZWg=/AAs6DdwJ0_fss?st=Q9hs9HALnVnAog64DoD8O1KkAHMpAEHq5v9kk6hnpgo&ts=1726346496&e=0"]},{"title":"Krásny slnečný 3-izbový byt v Rohožníku, 84 m2","address":"Rohožník, Malacky, okres Malacky","rooms":3,"meters":84,"totalPrice":114980,"meterSquarePrice":1,"link":"https://www.nehnutelnosti.sk/detail/JupZZBP498u/krasny-slnecny-3-izbovy-byt-v-rohozniku-84-m2","imagesUrls":["https://img.nehnutelnosti.sk/foto/NjAweDMzOC9maWx0ZXJzOnF1YWxpdHkoMTAwKS9uZWg=/IXykzXiEl_fss?st=vVrMOUAZwU0gIhhehyF3CSDczweK9jJm4q5CY0NB8Vk&ts=1707924094&e=0"]},{"title":"3i byt s loggiou v tichej lokalite, 64m2, Nové Mesto nad Váhom","address":"Nové Mesto nad Váhom, okres Nové Mesto nad Váhom","rooms":3,"meters":64,"totalPrice":119000,"meterSquarePrice":8,"link":"https://www.nehnutelnosti.sk/detail/JuAMVbfBa5Dq/3i-byt-s-loggiou-v-tichej-lokalite-64m2-nove-mesto-nad-vahom","imagesUrls":["https://img.nehnutelnosti.sk/foto/NjAweDMzOC9maWx0ZXJzOnF1YWxpdHkoMTAwKS9uZWg=/yOC81a0Th_fss?st=qnyXrnrRJ9_Zrrp3Odzkz44XuMdXWRwP0-5aKQ-ArCo&ts=1721903589&e=0"]},{"title":"TUreality ponúka na predaj veľký kompletne vynovený 3-izbový byt v centre Piešťan s výhľadom","address":"Piešťany, okres Piešťany","rooms":3,"meters":84,"totalPrice":185000,"meterSquarePrice":8,"link":"https://www.nehnutelnosti.sk/detail/Ju_Tomv2cWg/tureality-ponuka-na-predaj-velky-kompletne-vynoveny-3-izbovy-byt-v-centre-piestan-s-vyhladom","imagesUrls":["https://img.nehnutelnosti.sk/foto/NjAweDMzOC9maWx0ZXJzOnF1YWxpdHkoMTAwKS9uZWg=/iRQvbHpPl_fss?st=fs7hGAT7MF9eU8jGfGT1rEto1C6eQlyOKp7io1hbUVQ&ts=1722349688&e=0"]},{"title":"2 byty v jednom, garsónka 28,5 m2 a 2 izbový byt, 65 m2, Hlavná ul., Prešov","address":"Prešov, okres Prešov","rooms":3,"meters":94,"totalPrice":210000,"meterSquarePrice":4,"link":"https://www.nehnutelnosti.sk/detail/Jut3PPzAczS/2-byty-v-jednom-garsonka-28-5-m2-a-2-izbovy-byt-65-m2-hlavna-ul-presov","imagesUrls":["https://img.nehnutelnosti.sk/foto/NjAweDMzOC9maWx0ZXJzOnF1YWxpdHkoMTAwKS9uZWg=/gO_kjFX-v_fss?st=UUn-yqChm5mTf33Vz7Bu4PyiL4mdFT8YVF4YsqwxGuI&ts=1707921403&e=0"]}]