[{"title":"SLNEČNÝ 2 izb byt s balkónom v novostavbe LIVANA","address":"Ota Holúska, Bratislava IV - Záhorská Bystrica, okres Bratislava","rooms":2,"meters":63,"totalPrice":231100,"meterSquarePrice":2,"link":"https://www.nehnutelnosti.sk/detail/JuoZIF_1JML/slnecny-2-izb-byt-s-balkonom-v-novostavbe-livana","imagesUrls":["https://img.nehnutelnosti.sk/foto/NjAweDMzOC9maWx0ZXJzOnF1YWxpdHkoMTAwKS9uZWg=/7vaK-oFo-_fss?st=Hp408otUscGe8U7aNx9Q3AEr_Dq4-iOgSijxKBZtxVs&ts=1723455911&e=0"]},{"title":"* REZERVÁCIA* Moderný 3 izbový byt 99,44 m2+ terasa a záhradka","address":"Ota Holúska, Bratislava IV - Záhorská Bystrica, okres Bratislava","rooms":3,"meters":182,"totalPrice":388000,"meterSquarePrice":8,"link":"https://www.nehnutelnosti.sk/4715753/rezervacia-moderny-3-izbovy-byt-99-44-m2-terasa-a-zahradka/","imagesUrls":["https://img.nehnutelnosti.sk/foto/NjAweDMzOC9maWx0ZXJzOnF1YWxpdHkoMTAwKS9uZWg=/CKZyj-J7x_fss?st=aNDNR9E8MRFhUUZ67pB0wjlT1uodLycF0ZO1Cgak3pY&ts=1723548452&e=0"]},{"title":"2 izb APARTMÁN vo vnútrobloku za výhodnú cenu","address":"Ota Holúska, Bratislava IV - Záhorská Bystrica, okres Bratislava","rooms":2,"meters":82,"totalPrice":201000,"meterSquarePrice":9,"link":"https://www.nehnutelnosti.sk/detail/JuDxdldxjys/2-izb-apartman-vo-vnutrobloku-za-vyhodnu-cenu","imagesUrls":["https://img.nehnutelnosti.sk/foto/NjAweDMzOC9maWx0ZXJzOnF1YWxpdHkoMTAwKS9uZWg=/6UHyxuv-j_fss?st=7ty5Ea3-IJTuPZ0R-HYSWRsCYvjFBYMmWCCfGJc85ug&ts=1723549587&e=0"]},{"title":"3 izbový apartmán so záhradou a orientáciou do súkromného, uzavretého parku","address":"Ota Holúska, Bratislava IV - Záhorská Bystrica, okres Bratislava","rooms":3,"meters":161,"totalPrice":324200,"meterSquarePrice":6,"link":"https://www.nehnutelnosti.sk/detail/JuCFVlLrXij/3-izbovy-apartman-so-zahradou-a-orientaciou-do-sukromneho-uzavreteho-parku","imagesUrls":["https://img.nehnutelnosti.sk/foto/NjAweDMzOC9maWx0ZXJzOnF1YWxpdHkoMTAwKS9uZWg=/dCj6pDdnO_fss?st=uYJVG-6i66v-UeWNCO-0bOHGrlFDO_RLoZyMdsBGH1c&ts=1723457816&e=0"]},{"title":"3 izbový byt s vlastnou predzáhradkou v TOP lokalite","address":"Ota Holúska, Bratislava IV - Záhorská Bystrica, okres Bratislava","rooms":3,"meters":148,"totalPrice":379200,"meterSquarePrice":2,"link":"https://www.nehnutelnosti.sk/detail/JulTqgfJ_V7/3-izbovy-byt-s-vlastnou-predzahradkou-v-top-lokalite","imagesUrls":["https://img.nehnutelnosti.sk/foto/NjAweDMzOC9maWx0ZXJzOnF1YWxpdHkoMTAwKS9uZWg=/lzUISMtGt_fss?st=7svOPt6r9rLF5TOMbEvU-_txSJL8K3FyyGPKXbFzT1I&ts=1723548455&e=0"]},{"title":"2 izbový byt v kvalitnom štandarde s veľkou loggiou","address":"Ota Holúska, Bratislava IV - Záhorská Bystrica, okres Bratislava","rooms":2,"meters":63,"totalPrice":225300,"meterSquarePrice":7,"link":"https://www.nehnutelnosti.sk/detail/Ju1HIbRBHws/2-izbovy-byt-v-kvalitnom-standarde-s-velkou-loggiou","imagesUrls":["https://img.nehnutelnosti.sk/foto/NjAweDMzOC9maWx0ZXJzOnF1YWxpdHkoMTAwKS9uZWg=/NEIeixn1t_fss?st=BInFxMWH0v5ipSwO9POBFpFi4FhdFFlM0V7AK0CyQO4&ts=1723456877&e=0"]},{"title":"2 izbový byt s veľkým balkónom v NOVOSTAVBE","address":"Ota Holúska, Bratislava IV - Záhorská Bystrica, okres Bratislava","rooms":2,"meters":60,"totalPrice":207800,"meterSquarePrice":2,"link":"https://www.nehnutelnosti.sk/detail/JuZgFIcw5X_/2-izbovy-byt-s-velkym-balkonom-v-novostavbe","imagesUrls":["https://img.nehnutelnosti.sk/foto/NjAweDMzOC9maWx0ZXJzOnF1YWxpdHkoMTAwKS9uZWg=/l482m2L-wK_fss?st=vHMn3Pys0WKV93c-u2pKnY5yBp51QhkJhBkqRaPBo98&ts=1723547819&e=0"]},{"title":"Veľký, slnečný 3 izbový byt s dostatkom priestoru a balkónom","address":"Ota Holúska, Bratislava IV - Záhorská Bystrica, okres Bratislava","rooms":3,"meters":93,"totalPrice":307400,"meterSquarePrice":4,"link":"https://www.nehnutelnosti.sk/detail/Juj1Aku4Tgc/velky-slnecny-3-izbovy-byt-s-dostatkom-priestoru-a-balkonom","imagesUrls":["https://img.nehnutelnosti.sk/foto/NjAweDMzOC9maWx0ZXJzOnF1YWxpdHkoMTAwKS9uZWg=/GYgTn4Pbyk_fss?st=Sg2EV1d2F4qlH2JiH42E4Elw-idNH7GI6vYrXmm820o&ts=1723456239&e=0"]},{"title":"3 izb byt s veľkou terasou, orientovaný do vnútrobloku so záhradou","address":"Ota Holúska, Bratislava IV - Záhorská Bystrica, okres Bratislava","rooms":3,"meters":156,"totalPrice":336650,"meterSquarePrice":9,"link":"https://www.nehnutelnosti.sk/detail/JuIzlX4_jnL/3-izb-byt-s-velkou-terasou-orientovany-do-vnutrobloku-so-zahradou","imagesUrls":["https://img.nehnutelnosti.sk/foto/NjAweDMzOC9maWx0ZXJzOnF1YWxpdHkoMTAwKS9uZWg=/AGiMGU4-AC_fss?st=AZde6U9WESXcjLBN0_BgddrAqq5439l1t4hDic4zcuU&ts=1723548457&e=0"]},{"title":"SKOLAUDOVANÝ 3 izbový slnečný byt s balkónom","address":"Ota Holúska, Bratislava IV - Záhorská Bystrica, okres Bratislava","rooms":3,"meters":85,"totalPrice":292260,"meterSquarePrice":6,"link":"https://www.nehnutelnosti.sk/detail/Ju1vtsz-egx/skolaudovany-3-izbovy-slnecny-byt-s-balkonom","imagesUrls":["https://img.nehnutelnosti.sk/foto/NjAweDMzOC9maWx0ZXJzOnF1YWxpdHkoMTAwKS9uZWg=/tbrKA21cxe_fss?st=bBuEThrMigXwIJhx4ZnpvLvKSvdeKMdZdD5eYI7Xl8o&ts=1723457783&e=0"]},{"title":"NA PREDAJ 1 IZ. APARTMÁN BRATISLAVA RUŽINOV NOVOSTAVBA PRÍSTAVNÁ 1 LODŽIA 32m2","address":"Prístavná, Bratislava II - Ružinov, okres Bratislava","rooms":null,"meters":32,"totalPrice":159990,"meterSquarePrice":9,"link":"https://www.nehnutelnosti.sk/detail/JujTF_--m3w/na-predaj-1-iz-apartman-bratislava-ruzinov-novostavba-pristavna-1-lodzia-32m2","imagesUrls":["https://img.nehnutelnosti.sk/foto/NjAweDMzOC9maWx0ZXJzOnF1YWxpdHkoMTAwKS9uZWg=/ZkB_QA5riv_fss?st=ZZh8eVDbovR3-mX5CEJebwDyRrGzYv5kIrSSYAVnMbE&ts=1718368310&e=0"]},{"title":"Na predaj prázdninový apartmán - Hotel Ovruč, Štrbské Pleso","address":"Štrbské pleso, Štrba, okres Poprad","rooms":null,"meters":60,"totalPrice":449000,"meterSquarePrice":3,"link":"https://www.nehnutelnosti.sk/detail/Ju7z3foeYJV/na-predaj-prazdninovy-apartman-hotel-ovruc-strbske-pleso","imagesUrls":["https://img.nehnutelnosti.sk/foto/NjAweDMzOC9maWx0ZXJzOnF1YWxpdHkoMTAwKS9uZWg=/3Vyb-2V6sr_fss?st=g7cKgQ4bCEDxIr6DvXvG9mEMo31XS2MLFhGUUx6ss8g&ts=1725611264&e=0"]},{"title":"Na predaj prázdninový apartmán - Hotel Ovruč, Štrbské Pleso","address":"Štrbské pleso, Štrba, okres Poprad","rooms":2,"meters":60,"totalPrice":449000,"meterSquarePrice":3,"link":"https://www.nehnutelnosti.sk/detail/JuOdyHVyeKC/na-predaj-prazdninovy-apartman-hotel-ovruc-strbske-pleso","imagesUrls":["https://img.nehnutelnosti.sk/foto/NjAweDMzOC9maWx0ZXJzOnF1YWxpdHkoMTAwKS9uZWg=/rqXCLkjL6e_fss?st=56o-qdfCPzYHE3d07eDYOlGWOQsQpuFyCQ4h0dE42lw&ts=1725611255&e=0"]},{"title":"PREDAJ : zariadený, klimatizovaný 2 izbový byt, sídl. WEST","address":"Hodská, Galanta, okres Galanta","rooms":2,"meters":58,"totalPrice":138000,"meterSquarePrice":1,"link":"https://www.nehnutelnosti.sk/detail/JuuaxClJk0f/predaj-zariadeny-klimatizovany-2-izbovy-byt-sidl-west","imagesUrls":["https://img.nehnutelnosti.sk/foto/NjAweDMzOC9maWx0ZXJzOnF1YWxpdHkoMTAwKS9uZWg=/TFY14a4Sh_fss?st=BQLdm9WZQl7kvhOTD0NkdJ1N90N7fLSGqHhe9DGiASE&ts=1725608998&e=0"]},{"title":"REZERVOVANÉ: Garzónka vo vyhľadávanej lokalite BA - Krasňany na predaj.","address":"Kadnárova, Bratislava III - Rača, okres Bratislava","rooms":null,"meters":23,"totalPrice":95000,"meterSquarePrice":3,"link":"https://www.nehnutelnosti.sk/detail/JuJdzXNZiJ8/rezervovane-garzonka-vo-vyhladavanej-lokalite-ba-krasnany-na-predaj","imagesUrls":["https://img.nehnutelnosti.sk/foto/NjAweDMzOC9maWx0ZXJzOnF1YWxpdHkoMTAwKS9uZWg=/q9XlkWuj5_fss?st=nl5yBLFK-xxpe4iYDTSpPemBMnB2ZZ6qu1XVo2hsGJM&ts=1717607452&e=0"]},{"title":"Na Predaj: 4 Izbový Byt s Garážou a Balkónom na 1. Poschodí v Dudinciach","address":"Ľ. Štúra, Dudince, okres Krupina","rooms":4,"meters":104,"totalPrice":119000,"meterSquarePrice":3,"link":"https://www.nehnutelnosti.sk/detail/JuIaM1q8tV7/na-predaj-4-izbovy-byt-s-garazou-a-balkonom-na-1-poschodi-v-dudinciach","imagesUrls":["https://img.unitedclassifieds.sk/foto/NjAweDMzOC9maWx0ZXJzOnF1YWxpdHkoMTAwKS9qdWw=/-nXVPMvgK_fss?st=jX5pjNC0aLEKrnTu6eHoLJc1QLFUcqGUD2vPH1jII9I&ts=1725608680&e=0"]},{"title":"NA PREDAJ 3-IZBOVÝ BYT S LOGGIOU V LOKALITE TERASA,","address":"Petzvalova, Košice II - Západ, okres Košice","rooms":3,"meters":65,"totalPrice":154900,"meterSquarePrice":8,"link":"https://www.nehnutelnosti.sk/detail/JuAz9MiXeJX/na-predaj-3-izbovy-byt-s-loggiou-v-lokalite-terasa","imagesUrls":["https://img.unitedclassifieds.sk/foto/NjAweDMzOC9maWx0ZXJzOnF1YWxpdHkoMTAwKS9qdWw=/zZevQTtZK_fss?st=3i4sYLsiqzRBUiYszltKeXlg58A5C4kWkgbPdGAu810&ts=1725608714&e=0"]},{"title":"Predám 3 izb.byt Nitra - Chrenová, A.Hlinku super poloha.","address":"Trieda Andreja Hlinku, Nitra, okres Nitra","rooms":3,"meters":85,"totalPrice":null,"meterSquarePrice":null,"link":"https://www.nehnutelnosti.sk/detail/JuO1725tCFn/predam-3-izb-byt-nitra-chrenova-a-hlinku-super-poloha","imagesUrls":["https://img.nehnutelnosti.sk/foto/NjAweDMzOC9maWx0ZXJzOnF1YWxpdHkoMTAwKS9uZWg=/-W2W5tN7__fss?st=z5C-kCvhSMXRvaw1E4BNDVKWuY6AnVWS6n6PL-zVLRM&ts=1725608572&e=0"]},{"title":"Bezbariérový 3.-izb. byt s balkónom, 2x pivnica, 65m2, 2x výťah, Mozartova ul. sídl. Prednádražie","address":"Mozartova, Trnava, okres Trnava","rooms":3,"meters":65,"totalPrice":168000,"meterSquarePrice":2,"link":"https://www.nehnutelnosti.sk/detail/JufogOxeTh4/bezbarierovy-3-izb-byt-s-balkonom-2x-pivnica-65m2-2x-vytah-mozartova-ul-sidl-prednadrazie","imagesUrls":["https://img.nehnutelnosti.sk/foto/NjAweDMzOC9maWx0ZXJzOnF1YWxpdHkoMTAwKS9uZWg=/UhX7Y8gFO_fss?st=lrv5TinkxKOHzdLv6b2XQ3YxjJOnxaKox5bcjKIM_ew&ts=1725606344&e=0"]},{"title":"Jedinečný 3 izbový byt na najvyššom poschodí SLNEČNICE VILADOMY","address":"Žltá, Bratislava V - Petržalka, okres Bratislava","rooms":3,"meters":81,"totalPrice":369900,"meterSquarePrice":7,"link":"https://www.nehnutelnosti.sk/detail/JuP_2HdBgqU/jedinecny-3-izbovy-byt-na-najvyssom-poschodi-slnecnice-viladomy","imagesUrls":["https://img.unitedclassifieds.sk/foto/NjAweDMzOC9maWx0ZXJzOnF1YWxpdHkoMTAwKS9qdWw=/7r_p1ISgN_fss?st=M9XUueid97-JI9XFp6uPIFCwAICkdMQiXQlSRCr8ezw&ts=1703612640&e=0"]},{"title":"Priestranný 2- izb. byt, Komenského ul., Žilina","address":"Komenského, Žilina - Hliny, okres Žilina","rooms":2,"meters":55,"totalPrice":112000,"meterSquarePrice":6,"link":"https://www.nehnutelnosti.sk/detail/JuTnGAGsnpm/priestranny-2-izb-byt-komenskeho-ul-zilina","imagesUrls":["https://img.unitedclassifieds.sk/foto/NjAweDMzOC9maWx0ZXJzOnF1YWxpdHkoMTAwKS9qdWw=/FhFDElD-Y_fss?st=JFzTwmdL4oOLWZfKkRfBw8aSjGWh9gAT-MSYAxovjMI&ts=1725608534&e=0"]},{"title":"v","address":"U Škrabáka, Čadca, okres Čadca","rooms":3,"meters":null,"totalPrice":null,"meterSquarePrice":null,"link":"https://www.nehnutelnosti.sk/detail/JuV8WwMC2zy/v","imagesUrls":["https://img.nehnutelnosti.sk/foto/NjAweDMzOC9maWx0ZXJzOnF1YWxpdHkoMTAwKS9uZWg=/atP3zSErs_fss?st=X8Cmc1Q1PGLv9cAxclED70t_TuJ_8piZtq85FZugw-4&ts=1726145301&e=0"]},{"title":"Predané.. Ponúkame na predaj útulný 1-izbový byt 35 m² + 2 lodžie!","address":"Púchov, okres Púchov","rooms":1,"meters":35,"totalPrice":null,"meterSquarePrice":null,"link":"https://www.nehnutelnosti.sk/detail/JuSrTjLEg6m/predane-ponukame-na-predaj-utulny-1-izbovy-byt-35-m-2-lodzie","imagesUrls":["https://img.nehnutelnosti.sk/foto/NjAweDMzOC9maWx0ZXJzOnF1YWxpdHkoMTAwKS9uZWg=/-qOJrLL9r_fss?st=Ye3jJdZI9l6q096T6S7QIBR3pMcD-lLjKnij6gRjH-o&ts=1719479780&e=0"]},{"title":"Na predaj 1–izb. byt, 40m2 novostavba ŠEJBA B3 Lipany","address":"Komenského, Lipany, okres Sabinov","rooms":1,"meters":40,"totalPrice":94000,"meterSquarePrice":0,"link":"https://www.nehnutelnosti.sk/detail/JuVOIThgLAx/na-predaj-1izb-byt-40m2-novostavba-sejba-b3-lipany","imagesUrls":["https://img.unitedclassifieds.sk/foto/NjAweDMzOC9maWx0ZXJzOnF1YWxpdHkoMTAwKS9qdWw=/8BAV34XA5_fss?st=lQ8MkSil7xtXoQja0CGetaZRQRfvMt2lV4REuH-U-_U&ts=1725602578&e=0"]},{"title":"Predaj bytov v novostavbe v Trnovci nad Váhom.","address":"Mlynárska, Trnovec nad Váhom, okres Šaľa","rooms":3,"meters":72,"totalPrice":137000,"meterSquarePrice":8,"link":"https://www.nehnutelnosti.sk/detail/Juoypl857jZ/predaj-bytov-v-novostavbe-v-trnovci-nad-vahom","imagesUrls":["https://img.nehnutelnosti.sk/foto/NjAweDMzOC9maWx0ZXJzOnF1YWxpdHkoMTAwKS9uZWg=/vpItH0jd7_fss?st=XJHnUv33Z9_ROQCoYnwQPeaix6Tmwj-eYE1m0cA6M8k&ts=1713865709&e=0"]},{"title":"4. izb. byt (90 m² ) s veľkým potenciálom na Hviezdoslavovej ulici","address":"Hviezdoslavova, Trenčín, okres Trenčín","rooms":4,"meters":90,"totalPrice":195000,"meterSquarePrice":7,"link":"https://www.nehnutelnosti.sk/detail/JumumNViOtp/4-izb-byt-90-m-s-velkym-potencialom-na-hviezdoslavovej-ulici","imagesUrls":["https://img.unitedclassifieds.sk/foto/NjAweDMzOC9maWx0ZXJzOnF1YWxpdHkoMTAwKS9qdWw=/XE3IA0Gby_fss?st=V6EwXd15nJKFtwIDRYbm_lX0jVgRm_eM3PMx85S0t4Y&ts=1725552423&e=0"]},{"title":"Na predaj 4 izb. byt v novostavbe trojdomu s vlastnou záhradkou","address":"Pastierska, Stupava, okres Malacky","rooms":4,"meters":100,"totalPrice":299000,"meterSquarePrice":0,"link":"https://www.nehnutelnosti.sk/detail/JuNCETOa5og/na-predaj-4-izb-byt-v-novostavbe-trojdomu-s-vlastnou-zahradkou","imagesUrls":["https://img.nehnutelnosti.sk/foto/NjAweDMzOC9maWx0ZXJzOnF1YWxpdHkoMTAwKS9uZWg=/YkkJ-qIfT_fss?st=uVAXj_1Qltvwb-cv296AYJFE_H117ye69KNpNLaKV1c&ts=1725437474&e=0"]},{"title":"Predám luxusný 3-izb. byt s garážou v Martine.","address":"Jozefa Krónera 3949/12, Martin, okres Martin","rooms":3,"meters":92,"totalPrice":360000,"meterSquarePrice":4,"link":"https://www.nehnutelnosti.sk/detail/JuzwLDJnKib/predam-luxusny-3-izb-byt-s-garazou-v-martine","imagesUrls":["https://img.nehnutelnosti.sk/foto/NjAweDMzOC9maWx0ZXJzOnF1YWxpdHkoMTAwKS9uZWg=/WQygBZvL6n_fss?st=YK9llSVjOjMlP-t_az1Ba2_g8g97rsvN7hRX9DTxKHU&ts=1725597197&e=0"]},{"title":"Na predaj 1-izbový byt v Humennom.","address":"Námestie slobody, Humenné, okres Humenné","rooms":1,"meters":33,"totalPrice":58000,"meterSquarePrice":8,"link":"https://www.nehnutelnosti.sk/5345433/na-predaj-1-izbovy-byt-v-humennom/","imagesUrls":["https://img.nehnutelnosti.sk/foto/NjAweDMzOC9maWx0ZXJzOnF1YWxpdHkoMTAwKS9uZWg=/8U7cxesB-_fss?st=IPs2Lxeoniaa0L84qJfYMnHGeRlhVLLfu8m89Lc67hY&ts=1702240595&e=0"]},{"title":"Rezervované","address":"Rúbanisko II, Lučenec, okres Lučenec","rooms":2,"meters":61,"totalPrice":64990,"meterSquarePrice":1,"link":"https://www.nehnutelnosti.sk/detail/Ju2QAgqLk8i/rezervovane","imagesUrls":["https://img.nehnutelnosti.sk/foto/NjAweDMzOC9maWx0ZXJzOnF1YWxpdHkoMTAwKS9uZWg=/M7yWM7cb-_fss?st=uHsQjOyF-cFJqcLp9WxNBII_tj8SFd7jDjJ7A3wZBho&ts=1723977179&e=0"]}]