[{"title":"ˇVIVAREAL* REZERVOVANÉ! NOVÁ A EXKLUZÍVNA REKONŠTRUKCIA! 3 izb. byt, výmera 69 m2, balkón, Hospodárs","address":"Hospodárska, Trnava, okres Trnava","rooms":3,"meters":69,"totalPrice":169900,"meterSquarePrice":2,"link":"https://www.nehnutelnosti.sk/detail/JuFoptcVJjc/vivareal-rezervovane-nova-a-exkluzivna-rekonstrukcia-3-izb-byt-vymera-69-m2-balkon-hospodars","imagesUrls":["https://img.nehnutelnosti.sk/foto/NjAweDMzOC9maWx0ZXJzOnF1YWxpdHkoMTAwKS9uZWg=/Ws1JnfeenH_fss?st=Kun_c7eJpIwNjo6_4dLWJdd18vJ-SmPLqlMo4ohbCK4&ts=1710255203&e=0"]},{"title":"VIVAREAL*  REZERVOVANÉ! EXKLUZÍVNE! 3-izbový byt, výmera 69 m2, rekonštrukcia, balkón, so zariadením","address":"Generála Goliana, Trnava, okres Trnava","rooms":3,"meters":69,"totalPrice":null,"meterSquarePrice":null,"link":"https://www.nehnutelnosti.sk/detail/Juu9DF9i1fr/vivareal-rezervovane-exkluzivne-3-izbovy-byt-vymera-69-m2-rekonstrukcia-balkon-so-zariadenim","imagesUrls":["https://img.nehnutelnosti.sk/foto/NjAweDMzOC9maWx0ZXJzOnF1YWxpdHkoMTAwKS9uZWg=/MQAhraLqP_fss?st=tmwWBnYb_miCbrJPdzTGkOgdERWLL-blXCjl0WwwSu0&ts=1711450837&e=0"]},{"title":"VIVAREAL*  VEĽKÝ 3-izb. byt, výmera až 77 m2, zasklený balkón, rekonštrukcia, Tamaškovičova, Trnava","address":"Tamaškovičova, Trnava, okres Trnava","rooms":3,"meters":77,"totalPrice":162000,"meterSquarePrice":0,"link":"https://www.nehnutelnosti.sk/detail/Judv1Qj_RRk/vivareal-velky-3-izb-byt-vymera-az-77-m2-zaskleny-balkon-rekonstrukcia-tamaskovicova-trnava","imagesUrls":["https://img.nehnutelnosti.sk/foto/NjAweDMzOC9maWx0ZXJzOnF1YWxpdHkoMTAwKS9uZWg=/Pt1QWhUSw_fss?st=TKQeJo7ztBYKI_ErEuldmXsw75nIaiKCpJRvaQTQThg&ts=1711560198&e=0"]},{"title":"VIVAREAL* REZERVOVANÉ! 3-izb. byt, zateplený BD, balkón - loggia, výmera 73 m2, vyhľadávaná lokalita","address":"Čajkovského, Trnava, okres Trnava","rooms":3,"meters":73,"totalPrice":139000,"meterSquarePrice":1,"link":"https://www.nehnutelnosti.sk/detail/JuEbdqvrjaE/vivareal-rezervovane-3-izb-byt-zatepleny-bd-balkon-loggia-vymera-73-m2-vyhladavana-lokalita","imagesUrls":["https://img.nehnutelnosti.sk/foto/NjAweDMzOC9maWx0ZXJzOnF1YWxpdHkoMTAwKS9uZWg=/Y7LELPLEul_fss?st=y5Ue8O-Or9U7ZJQe_gAMehURpU2xfqeHqutTjVwxV_E&ts=1711102471&e=0"]},{"title":"VIVAREAL* VYHĽADÁVANÁ LOKALITA! 3 izb. byt, výmera 72 m2, lógia, lokalita Družba, Vladimíra Clementi","address":"Vladimíra Clementisa, Trnava, okres Trnava","rooms":3,"meters":72,"totalPrice":159500,"meterSquarePrice":8,"link":"https://www.nehnutelnosti.sk/detail/JuM1Vo8g2v5/vivareal-vyhladavana-lokalita-3-izb-byt-vymera-72-m2-logia-lokalita-druzba-vladimira-clementi","imagesUrls":["https://img.nehnutelnosti.sk/foto/NjAweDMzOC9maWx0ZXJzOnF1YWxpdHkoMTAwKS9uZWg=/dg_-7Ozbi_fss?st=7CxBC-YKKwKzw9br1CTqRjtz4I0tqnQSmNqQN7AQj6A&ts=1713774698&e=0"]},{"title":"VIVAREAL*REZERVOVANÉ! BEZBARIÉROVÝ BYT! 2 izb. byt, tehlový, výmera 56 m2 , balkón, zateplený BD, Tr","address":"Špačinská cesta, Trnava, okres Trnava","rooms":2,"meters":56,"totalPrice":128000,"meterSquarePrice":1,"link":"https://www.nehnutelnosti.sk/detail/JuFmVrvNkgQ/vivarealrezervovane-bezbarierovy-byt-2-izb-byt-tehlovy-vymera-56-m2-balkon-zatepleny-bd-tr","imagesUrls":["https://img.nehnutelnosti.sk/foto/NjAweDMzOC9maWx0ZXJzOnF1YWxpdHkoMTAwKS9uZWg=/HjN-Am1IH_fss?st=CG1mAAxlp-KkEB8h6s2nDFRYKmBQzyk5wK7L_giujTk&ts=1708716465&e=0"]},{"title":"VIVAREAL* HISTORICKÉ CENTRUM! ATRAKTÍVNY 1 izb. byt, NOVOSTAVBA, výmera 50 m2, terasa, zariadený, Tr","address":"Hornopotočná, Trnava, okres Trnava","rooms":1,"meters":50,"totalPrice":152000,"meterSquarePrice":0,"link":"https://www.nehnutelnosti.sk/detail/JuV1Z2_CRDK/vivareal-historicke-centrum-atraktivny-1-izb-byt-novostavba-vymera-50-m2-terasa-zariadeny-tr","imagesUrls":["https://img.nehnutelnosti.sk/foto/NjAweDMzOC9maWx0ZXJzOnF1YWxpdHkoMTAwKS9uZWg=/7rSZvyWu0_fss?st=8XWRw3LKLoCNVa3WO8HNecwWTOzihHtw74CnVLeqHrQ&ts=1715067514&e=0"]},{"title":"Slnečný 3-izbový byt v tichej časti Dúbravky","address":"Cabanova, Bratislava IV - Dúbravka, okres Bratislava","rooms":3,"meters":63,"totalPrice":195000,"meterSquarePrice":4,"link":"https://www.nehnutelnosti.sk/detail/Jub4N_LzxIl/slnecny-3-izbovy-byt-v-tichej-casti-dubravky","imagesUrls":["https://img.nehnutelnosti.sk/foto/NjAweDMzOC9maWx0ZXJzOnF1YWxpdHkoMTAwKS9uZWg=/JRutTKDsM_fss?st=T_JEBNKVhNZEflONiXPaaN1u3sgwMdzhCTN47zCqnxw&ts=1724410775&e=0"]},{"title":"Dvojizbový byt v Rovinke","address":"Hlavná, Rovinka, okres Senec","rooms":2,"meters":41,"totalPrice":120000,"meterSquarePrice":3,"link":"https://www.nehnutelnosti.sk/detail/JuI2u3MfmDI/dvojizbovy-byt-v-rovinke","imagesUrls":["https://img.nehnutelnosti.sk/foto/NjAweDMzOC9maWx0ZXJzOnF1YWxpdHkoMTAwKS9uZWg=/nE_y9rI41_fss?st=PwgdFpbhOGPdCiNZiBYxGxnVLp0dCjRMVinVOSB_oxE&ts=1725013726&e=0"]},{"title":"BabonyTRE I PREDAJ 4-izbový byt s loggiou, P. Biskupice, Hronská ul.","address":"Hronská, Bratislava II - Podunajské Biskupice, okres Bratislava","rooms":4,"meters":74,"totalPrice":166000,"meterSquarePrice":2,"link":"https://www.nehnutelnosti.sk/detail/JufbkjRkzJX/babonytre-i-predaj-4-izbovy-byt-s-loggiou-p-biskupice-hronska-ul","imagesUrls":["https://img.nehnutelnosti.sk/foto/NjAweDMzOC9maWx0ZXJzOnF1YWxpdHkoMTAwKS9uZWg=/Q9Iy_t1jF_fss?st=nklX8ZL-LsathciTTsJ8EocVr70D18md9WJ3nPWf1jY&ts=1726497286&e=0"]},{"title":"Kompaktný dvojizbový byt v Rovinke","address":"Hlavná, Rovinka, okres Senec","rooms":2,"meters":33,"totalPrice":110000,"meterSquarePrice":3,"link":"https://www.nehnutelnosti.sk/detail/Ju0ncd1vWj6/kompaktny-dvojizbovy-byt-v-rovinke","imagesUrls":["https://img.nehnutelnosti.sk/foto/NjAweDMzOC9maWx0ZXJzOnF1YWxpdHkoMTAwKS9uZWg=/tjHWChwwhH_fss?st=5U3wNlZLygCgItQjp4TT_aRmyx1_ShVsvIkvtnmuMfM&ts=1725007971&e=0"]},{"title":"Babony TRE | Slnečný 3 izbový byt s krásnym výhľadom v Starom Meste BA","address":"Dunajská, Bratislava I - Staré Mesto, okres Bratislava","rooms":3,"meters":null,"totalPrice":null,"meterSquarePrice":null,"link":"https://www.nehnutelnosti.sk/detail/Juv0OzdVEdr/babony-tre-slnecny-3-izbovy-byt-s-krasnym-vyhladom-v-starom-meste-ba","imagesUrls":["https://img.nehnutelnosti.sk/foto/NjAweDMzOC9maWx0ZXJzOnF1YWxpdHkoMTAwKS9uZWg=/Eh_tDweqx_fss?st=WUVXJeDSRDJxX9OxKZMiplsdtcG46KmoQwwU46sDPdw&ts=1726931268&e=0"]},{"title":"Babony TRE | 4i penthouse s krásnym výhľadom na Staré Mesto Bratislava","address":"Štúrova, Bratislava I - Staré Mesto, okres Bratislava","rooms":4,"meters":181,"totalPrice":1295000,"meterSquarePrice":0,"link":"https://www.nehnutelnosti.sk/detail/JuBjUqNlPyJ/babony-tre-4i-penthouse-s-krasnym-vyhladom-na-stare-mesto-bratislava","imagesUrls":["https://img.nehnutelnosti.sk/foto/NjAweDMzOC9maWx0ZXJzOnF1YWxpdHkoMTAwKS9uZWg=/5HIr9bE6hh_fss?st=bl1UML8c-5bJTh0Rox_8mv-bV8AqsWyHLV2MShZGbjI&ts=1726931274&e=0"]},{"title":"Výnimočný a luxusný, nový 4-izb. byt, Nám. Svätého Pia X","address":"Československých tankistov, Bratislava IV - Záhorská Bystrica, okres Bratislava","rooms":4,"meters":104,"totalPrice":350000,"meterSquarePrice":8,"link":"https://www.nehnutelnosti.sk/detail/JuMgjg7KdzW/vynimocny-a-luxusny-novy-4-izb-byt-nam-svateho-pia-x","imagesUrls":["https://img.nehnutelnosti.sk/foto/NjAweDMzOC9maWx0ZXJzOnF1YWxpdHkoMTAwKS9uZWg=/fObbHy0h6_fss?st=x5D600IgRFuJL1tML8hH7U2CLrH2epV0ILdczeGBJI4&ts=1720724028&e=0"]},{"title":"Babony TRE | Predaj 4- izbového bytu v centre Bratislava","address":"Bratislava I - Staré Mesto, okres Bratislava","rooms":4,"meters":null,"totalPrice":null,"meterSquarePrice":null,"link":"https://www.nehnutelnosti.sk/detail/JuMlrhIqjzi/babony-tre-predaj-4-izboveho-bytu-v-centre-bratislava","imagesUrls":["https://img.nehnutelnosti.sk/foto/NjAweDMzOC9maWx0ZXJzOnF1YWxpdHkoMTAwKS9uZWg=/pzPQtOyML_fss?st=0OkfwyWJvcW6wbwo8bJ8YPOUNCQCEHsBuIBuTmDqNNs&ts=1726845631&e=0"]},{"title":"Babony TRE | 2 iz. byt v RUŽINOVE - Vlčie hrdlo s parkovacím státím","address":"Vlčie Hrdlo, Bratislava II - Ružinov, okres Bratislava","rooms":2,"meters":null,"totalPrice":null,"meterSquarePrice":null,"link":"https://www.nehnutelnosti.sk/detail/JujhjsJ5kJr/babony-tre-2-iz-byt-v-ruzinove-vlcie-hrdlo-s-parkovacim-statim","imagesUrls":["https://img.nehnutelnosti.sk/foto/NjAweDMzOC9maWx0ZXJzOnF1YWxpdHkoMTAwKS9uZWg=/07C-0BaFM_fss?st=NYlpCNanYa0SuGvJSpYWBI4PLNIj_pR1j4FJUHtN398&ts=1724342727&e=0"]},{"title":"Babony TRE | Predaj 3- izbového bytu 96,32m2 s veľkou terasou","address":"Bajkalská, Bratislava III - Nové Mesto, okres Bratislava","rooms":3,"meters":59,"totalPrice":420000,"meterSquarePrice":0,"link":"https://www.nehnutelnosti.sk/detail/JuN7AzHQZB0/babony-tre-predaj-3-izboveho-bytu-96-32m2-s-velkou-terasou","imagesUrls":["https://img.nehnutelnosti.sk/foto/NjAweDMzOC9maWx0ZXJzOnF1YWxpdHkoMTAwKS9uZWg=/p9Yv8rqrc_fss?st=wyrB9lkYy7_RIlj3KuqhS7DEtzrMjrKxRKA27sQ-fw4&ts=1726822820&e=0"]},{"title":"Nadštandardný dvojizbový byt v centre","address":"Bratislava I - Staré Mesto, okres Bratislava","rooms":2,"meters":52,"totalPrice":430000,"meterSquarePrice":3,"link":"https://www.nehnutelnosti.sk/detail/JuLY5xsv0Xp/nadstandardny-dvojizbovy-byt-v-centre","imagesUrls":["https://img.nehnutelnosti.sk/foto/NjAweDMzOC9maWx0ZXJzOnF1YWxpdHkoMTAwKS9uZWg=/QXEPe_d9K_fss?st=HLk1_eWZokGilNZNTsBCUhvOakRXIi952LGpq7C9O0g&ts=1718030334&e=0"]},{"title":"Babony TRE I PREDAJ  2-izbový štartovací / investičný byt v Nitre","address":"Stavbárska, Nitra, okres Nitra","rooms":2,"meters":53,"totalPrice":124900,"meterSquarePrice":0,"link":"https://www.nehnutelnosti.sk/detail/JuBFCk3H1lx/babony-tre-i-predaj-2-izbovy-startovaci-investicny-byt-v-nitre","imagesUrls":["https://img.nehnutelnosti.sk/foto/NjAweDMzOC9maWx0ZXJzOnF1YWxpdHkoMTAwKS9uZWg=/x0QJtW2Hr_fss?st=3fcX7U7ZbRasOOJNBBocD6slWeZxeV_3tHC6jmNeBdk&ts=1724588862&e=0"]},{"title":"Rezervovaný - Babony TRE | Na predaj 4 izbový byt - Petržalka","address":"Lietavská, Bratislava V - Petržalka, okres Bratislava","rooms":4,"meters":null,"totalPrice":null,"meterSquarePrice":null,"link":"https://www.nehnutelnosti.sk/detail/Jun1pwT4u9s/rezervovany-babony-tre-na-predaj-4-izbovy-byt-petrzalka","imagesUrls":["https://img.nehnutelnosti.sk/foto/NjAweDMzOC9maWx0ZXJzOnF1YWxpdHkoMTAwKS9uZWg=/hUqCmx_61_fss?st=2cSTvPo-bUReBNpbq4anUmcaPL1dnD0Be2W6wULR07c&ts=1717621297&e=0"]},{"title":"BABONY TRE - 3 izbový byt s balkónom, Ružinov, Exnárová ulica","address":"Exnárova, Bratislava II - Ružinov, okres Bratislava","rooms":3,"meters":null,"totalPrice":null,"meterSquarePrice":null,"link":"https://www.nehnutelnosti.sk/detail/Jul9nQVIQ4W/babony-tre-3-izbovy-byt-s-balkonom-ruzinov-exnarova-ulica","imagesUrls":["https://img.nehnutelnosti.sk/foto/NjAweDMzOC9maWx0ZXJzOnF1YWxpdHkoMTAwKS9uZWg=/SI3KEy_A__fss?st=39Cyu-tsFeyi4ZkVtvWUBe6KCMwzdM2r9UuSbtOaJXI&ts=1726849419&e=0"]},{"title":"Slnečný a priestranný dvojizbový byt na Kolibe s terasou","address":"Bellova, Bratislava III - Nové Mesto, okres Bratislava","rooms":2,"meters":112,"totalPrice":599000,"meterSquarePrice":1,"link":"https://www.nehnutelnosti.sk/detail/JuNPwfapIul/slnecny-a-priestranny-dvojizbovy-byt-na-kolibe-s-terasou","imagesUrls":["https://img.nehnutelnosti.sk/foto/NjAweDMzOC9maWx0ZXJzOnF1YWxpdHkoMTAwKS9uZWg=/AGhApySabG_fss?st=x-6hJASm9UaugKt5pwINiihNGv9E5pr6Hy4seR7wIyA&ts=1717621262&e=0"]},{"title":"Babony TRE Vám ponúka priestranný  4 izb. byt na Krajinskej ul.","address":"Krajinská, Bratislava II - Podunajské Biskupice, okres Bratislava","rooms":4,"meters":null,"totalPrice":null,"meterSquarePrice":null,"link":"https://www.nehnutelnosti.sk/detail/JuHloFbzq6zk/babony-tre-vam-ponuka-priestranny-4-izb-byt-na-krajinskej-ul","imagesUrls":["https://img.nehnutelnosti.sk/foto/NjAweDMzOC9maWx0ZXJzOnF1YWxpdHkoMTAwKS9uZWg=/FMBbOJtFB_fss?st=gjbqok6mE3TJRpEVbWV9t2NmpHHUt_GRX6oLOFNucwY&ts=1723547848&e=0"]},{"title":"Babony TRE I 2-izbový byt , s vyvýšeným stropom I Hviezdoslavov","address":"Mesačná, Hviezdoslavov, okres Dunajská Streda","rooms":2,"meters":44,"totalPrice":127900,"meterSquarePrice":2,"link":"https://www.nehnutelnosti.sk/detail/JuJCa8RIgAc/babony-tre-i-2-izbovy-byt-s-vyvysenym-stropom-i-hviezdoslavov","imagesUrls":["https://img.nehnutelnosti.sk/foto/NjAweDMzOC9maWx0ZXJzOnF1YWxpdHkoMTAwKS9uZWg=/LyOhRtH9yF_fss?st=4udX_kLBqNB5VlaVcv4tRa06S7T1Vi5yVNL-PrdaI5A&ts=1724759869&e=0"]},{"title":"Babony TRE I 4izbový veľkometrážny byt v centre I Dunajská Streda","address":"Trhovisko, Dunajská Streda, okres Dunajská Streda","rooms":4,"meters":135,"totalPrice":177900,"meterSquarePrice":8,"link":"https://www.nehnutelnosti.sk/detail/JuGNo17bTD0/babony-tre-i-4izbovy-velkometrazny-byt-v-centre-i-dunajska-streda","imagesUrls":["https://img.nehnutelnosti.sk/foto/NjAweDMzOC9maWx0ZXJzOnF1YWxpdHkoMTAwKS9uZWg=/1na2Zs58EN_fss?st=k8_tcKFZBUe4IdE5UjSzytMCHM85z1rJPVS9h1E2mDg&ts=1724668071&e=0"]},{"title":"Babony TRE | Predaj 3- izbového bytu 72m2 + terasa so záhradkou 65m2","address":"Turbínová, Bratislava III - Nové Mesto, okres Bratislava","rooms":3,"meters":72,"totalPrice":264690,"meterSquarePrice":5,"link":"https://www.nehnutelnosti.sk/detail/JutloFtEfvB/babony-tre-predaj-3-izboveho-bytu-72m2-terasa-so-zahradkou-65m2","imagesUrls":["https://img.nehnutelnosti.sk/foto/NjAweDMzOC9maWx0ZXJzOnF1YWxpdHkoMTAwKS9uZWg=/oYOfxKcIxT_fss?st=Ukc7EUrKo_BBjcjDnF3WLtVOoWJa--yVS7XsSzrqmjU&ts=1726837806&e=0"]},{"title":"Babony TRE | Predaj 3- izbového bytu 72m2 + terasa so záhradkou 100m2","address":"Turbínová, Bratislava III - Nové Mesto, okres Bratislava","rooms":3,"meters":72,"totalPrice":275400,"meterSquarePrice":5,"link":"https://www.nehnutelnosti.sk/detail/JubHVGuZlod/babony-tre-predaj-3-izboveho-bytu-72m2-terasa-so-zahradkou-100m2","imagesUrls":["https://img.nehnutelnosti.sk/foto/NjAweDMzOC9maWx0ZXJzOnF1YWxpdHkoMTAwKS9uZWg=/-W7F8Zw4A_fss?st=_0MqhBbBzhRHJnCBigFozGG9JA9ThfXNvinfPSBFdJY&ts=1726837816&e=0"]},{"title":"BabonyTRE Ipredaj MEZONETs vlastnou povalou,Mierová kolónia,Nové Mesto","address":"Bratislava III - Nové Mesto, okres Bratislava","rooms":4,"meters":103,"totalPrice":439000,"meterSquarePrice":4,"link":"https://www.nehnutelnosti.sk/detail/JuVyOe47Pv0/babonytre-ipredaj-mezonets-vlastnou-povalou-mierova-kolonia-nove-mesto","imagesUrls":["https://img.nehnutelnosti.sk/foto/NjAweDMzOC9maWx0ZXJzOnF1YWxpdHkoMTAwKS9uZWg=/V8fsOzPD6_fss?st=LzW2J5D7BUODh26JdV8eUdkJ6BIJyWfq7d7FzM9hlcU&ts=1726837826&e=0"]},{"title":"Babony TRE | Predaj 3- izbového bytu 72m2 s terasou a záhradkou","address":"Turbínová, Bratislava III - Nové Mesto, okres Bratislava","rooms":3,"meters":72,"totalPrice":283356,"meterSquarePrice":0,"link":"https://www.nehnutelnosti.sk/detail/JupeewWXff0/babony-tre-predaj-3-izboveho-bytu-72m2-s-terasou-a-zahradkou","imagesUrls":["https://img.nehnutelnosti.sk/foto/NjAweDMzOC9maWx0ZXJzOnF1YWxpdHkoMTAwKS9uZWg=/rYB9aPmx5_fss?st=BozkqpIT1uU_sKZ9QMNVBiHXEMdtVB-3Zfa5XUYV_cA&ts=1726822785&e=0"]},{"title":"Babony TRE | Predaj 3- izbového bytu 72m2 + slnečná terasa 75m2","address":"Turbínová, Bratislava III - Nové Mesto, okres Bratislava","rooms":3,"meters":72,"totalPrice":290700,"meterSquarePrice":0,"link":"https://www.nehnutelnosti.sk/detail/JuKPHG-9K19/babony-tre-predaj-3-izboveho-bytu-72m2-slnecna-terasa-75m2","imagesUrls":["https://img.nehnutelnosti.sk/foto/NjAweDMzOC9maWx0ZXJzOnF1YWxpdHkoMTAwKS9uZWg=/8Q_8infCm_fss?st=kazQQhttnAXezi11EXTHYfpusAuXvE4SJ86ii-a7Fv0&ts=1726822799&e=0"]}]