[{"title":"NIVY, 3-i byt, 65 m2 – tehlový dom, čiastočná rekonštrukcia, výhľady na jazero","address":"Bratislava II - Ružinov, okres Bratislava","rooms":3,"meters":65,"totalPrice":209000,"meterSquarePrice":8,"link":"https://www.nehnutelnosti.sk/detail/JuM3FVHxYVQ/nivy-3-i-byt-65-m2-tehlovy-dom-ciastocna-rekonstrukcia-vyhlady-na-jazero","imagesUrls":["https://img.nehnutelnosti.sk/foto/NjAweDMzOC9maWx0ZXJzOnF1YWxpdHkoMTAwKS9uZWg=/2mA-4kSNq6_fss?st=AsOk7nK5HI_hph4qZJ4FPwG8pzU0vPu1gp59cEkq6_g&ts=1725921101&e=0"]},{"title":"KVETOSLAVOV, 3-i byt, 66 m2 + 159 m2 predzáhradka – skolaudovaná novostavba, klimatizácia + štandard","address":"Dunajská Lužná, okres Senec","rooms":3,"meters":66,"totalPrice":194900,"meterSquarePrice":3,"link":"https://www.nehnutelnosti.sk/detail/JupvnljMfDg/kvetoslavov-3-i-byt-66-m2-159-m2-predzahradka-skolaudovana-novostavba-klimatizacia-standard","imagesUrls":["https://img.nehnutelnosti.sk/foto/NjAweDMzOC9maWx0ZXJzOnF1YWxpdHkoMTAwKS9uZWg=/XxOGWRS1O_fss?st=GhFjgoRrTaF3BA2rbnqQab3qhsp8LXhfvzzF5b1iEGw&ts=1725361388&e=0"]},{"title":"NIVY, 2-i byt, 65 m2 – tehlový dom, čiastočná rekonštrukcia, výhľady na jazero","address":"Bratislava II - Ružinov, okres Bratislava","rooms":2,"meters":65,"totalPrice":209000,"meterSquarePrice":8,"link":"https://www.nehnutelnosti.sk/detail/Ju9YtE_uqTw/nivy-2-i-byt-65-m2-tehlovy-dom-ciastocna-rekonstrukcia-vyhlady-na-jazero","imagesUrls":["https://img.nehnutelnosti.sk/foto/NjAweDMzOC9maWx0ZXJzOnF1YWxpdHkoMTAwKS9uZWg=/aYhl9c7Nuh_fss?st=3STg5ph6DNye5byWSUOzZ8-bJorqgwr0-AqzkeafCpA&ts=1725921105&e=0"]},{"title":"KVETOSLAVOV, 4-i penthouse, 104 m2 + 73 m2 terasa – skolaudovaná novostavba, vysoký štandard v cene","address":"Dunajská Lužná, okres Senec","rooms":4,"meters":104,"totalPrice":279500,"meterSquarePrice":0,"link":"https://www.nehnutelnosti.sk/detail/Ju4OlJ3wfZ9/kvetoslavov-4-i-penthouse-104-m2-73-m2-terasa-skolaudovana-novostavba-vysoky-standard-v-cene","imagesUrls":["https://img.nehnutelnosti.sk/foto/NjAweDMzOC9maWx0ZXJzOnF1YWxpdHkoMTAwKS9uZWg=/fruJMQYNoi_fss?st=af3QjAAvh8EAm-qlIzM4IFqMQS1TSJPw4wQrZsgyV0Q&ts=1725361408&e=0"]},{"title":"KVETOSLAVOV, 4-i mezonetový byt, 100 m2 + 48 m2 predzáhradka – skolaudovaná novostavba, vysoký štand","address":"Hamuliakovo, okres Senec","rooms":4,"meters":100,"totalPrice":259900,"meterSquarePrice":9,"link":"https://www.nehnutelnosti.sk/detail/JutovI10WLe/kvetoslavov-4-i-mezonetovy-byt-100-m2-48-m2-predzahradka-skolaudovana-novostavba-vysoky-stand","imagesUrls":["https://img.nehnutelnosti.sk/foto/NjAweDMzOC9maWx0ZXJzOnF1YWxpdHkoMTAwKS9uZWg=/DYZwOSQ0v_fss?st=8pvlgL1XsCDjVF7-jA8-511P81eOpc7o8VvcED41dR4&ts=1725361454&e=0"]},{"title":"KVETOSLAVOV, 4-i mezonetový byt, 100 m2 + 48 m2 predzáhradka – skolaudovaná novostavba, vysoký štand","address":"Kvetoslavov, okres Dunajská Streda","rooms":4,"meters":100,"totalPrice":259900,"meterSquarePrice":9,"link":"https://www.nehnutelnosti.sk/detail/JuO1JssBkwx/kvetoslavov-4-i-mezonetovy-byt-100-m2-48-m2-predzahradka-skolaudovana-novostavba-vysoky-stand","imagesUrls":["https://img.nehnutelnosti.sk/foto/NjAweDMzOC9maWx0ZXJzOnF1YWxpdHkoMTAwKS9uZWg=/lkYdBy1EeP_fss?st=WHqou-it1rK9Lgnmnunvgogrv6UWhWxnU-XMwXHrOx4&ts=1725361483&e=0"]},{"title":"BYTY Rínok Rača | predaj","address":"Barónka 3, Bratislava III - Rača, okres Bratislava","rooms":2,"meters":41,"totalPrice":198280,"meterSquarePrice":0,"link":"https://www.nehnutelnosti.sk/detail/Ju3RR_jYGQB/byty-rinok-raca-predaj","imagesUrls":["https://img.unitedclassifieds.sk/foto/NjAweDMzOC9maWx0ZXJzOnF1YWxpdHkoMTAwKS9yc2Y=/nwL_bNgJ7_fss?st=KrN5kLP6r3J6G8G1KGjk7_VgBBmpur6Ok2oQekITswQ&ts=1673892589&e=0"]},{"title":"2i novostavba, Prúdy","address":"Včelárska, Trnava, okres Trnava","rooms":2,"meters":55,"totalPrice":175000,"meterSquarePrice":2,"link":"https://www.nehnutelnosti.sk/detail/JuwLvVSDyls/2i-novostavba-prudy","imagesUrls":["https://img.unitedclassifieds.sk/foto/NjAweDMzOC9maWx0ZXJzOnF1YWxpdHkoMTAwKS9yc2Y=/ZkY3506Pl_fss?st=mXcMtf8U8cFFlxLKV8z-oP7b7VbQgvdrj5Hs8QlQMLg&ts=1724930409&e=0"]},{"title":"3 izb. byt s loggiou - nová kompletná rekonštrukcia - Bratislava II, Ipelská ul.","address":"Ipeľská, Bratislava II - Podunajské Biskupice, okres Bratislava","rooms":3,"meters":72,"totalPrice":193800,"meterSquarePrice":7,"link":"https://www.nehnutelnosti.sk/detail/JujJu19vQ9Y/3-izb-byt-s-loggiou-nova-kompletna-rekonstrukcia-bratislava-ii-ipelska-ul","imagesUrls":["https://img.nehnutelnosti.sk/foto/NjAweDMzOC9maWx0ZXJzOnF1YWxpdHkoMTAwKS9uZWg=/oR5KSMc-BL_fss?st=zzQ8CCtbFBC912Be-JVFnkS1G_TCkq7SWPZLZawwVB8&ts=1726666621&e=0"]},{"title":"PREDAJ - 1izb. byt s balkónom v srdci strediska Park Snow Donovaly","address":"Donovaly, Donovaly, okres Banská Bystrica","rooms":1,"meters":24,"totalPrice":85000,"meterSquarePrice":7,"link":"https://www.nehnutelnosti.sk/detail/Ju2fYb0cXw8/predaj-1izb-byt-s-balkonom-v-srdci-strediska-park-snow-donovaly","imagesUrls":["https://img.nehnutelnosti.sk/foto/NjAweDMzOC9maWx0ZXJzOnF1YWxpdHkoMTAwKS9uZWg=/7Txg2YxtrI_fss?st=fehElXk8j96bVe96RPHP2vBe470tQxBOWZ_9A2RCvsw&ts=1726666609&e=0"]},{"title":"4 izb. byt s balkónom vo výbornej lokalite - Ružinov, Kostlivého ul.","address":"Kostlivého, Bratislava II - Ružinov, okres Bratislava","rooms":4,"meters":77,"totalPrice":230000,"meterSquarePrice":1,"link":"https://www.nehnutelnosti.sk/detail/JuoDiBrtmKS/4-izb-byt-s-balkonom-vo-vybornej-lokalite-ruzinov-kostliveho-ul","imagesUrls":["https://img.nehnutelnosti.sk/foto/NjAweDMzOC9maWx0ZXJzOnF1YWxpdHkoMTAwKS9uZWg=/z28o8dnar_fss?st=ScgZW_y0Cm4E1VOfuHBM3m7g7Upb0x7D5bMlW6R_2vw&ts=1726666583&e=0"]},{"title":"Príjemný slnečný 3,5-izbový byt, Jesenná, Ružinov - Ostredky, BA II.","address":"Jesenná, Bratislava II - Ružinov, okres Bratislava","rooms":3,"meters":79,"totalPrice":279000,"meterSquarePrice":5,"link":"https://www.nehnutelnosti.sk/detail/JuqOgnS0TUt/prijemny-slnecny-3-5-izbovy-byt-jesenna-ruzinov-ostredky-ba-ii","imagesUrls":["https://img.nehnutelnosti.sk/foto/NjAweDMzOC9maWx0ZXJzOnF1YWxpdHkoMTAwKS9uZWg=/C-7ELziM8_fss?st=Zxq7vFPM0g7OKkI0T8yk3uKYI408MCVjQ2PsRI6MO0g&ts=1726666573&e=0"]},{"title":"Príjemný slnečný 3,5-izbový byt, Jesenná, Ružinov - Ostredky, BA II.","address":"Jesenná, Bratislava II - Ružinov, okres Bratislava","rooms":4,"meters":79,"totalPrice":279000,"meterSquarePrice":5,"link":"https://www.nehnutelnosti.sk/detail/JuC6aqpulKc/prijemny-slnecny-3-5-izbovy-byt-jesenna-ruzinov-ostredky-ba-ii","imagesUrls":["https://img.nehnutelnosti.sk/foto/NjAweDMzOC9maWx0ZXJzOnF1YWxpdHkoMTAwKS9uZWg=/l-0AHSuea_fss?st=llDzeqvR8UCJIaT-N-44tlT73inYaESb4OGVePkZSMk&ts=1726666569&e=0"]},{"title":"Príjemný kompletne zrekonštruovaný 3-izbový byt, Segnerova, Karlova Ves - BA IV.","address":"Segnerova, Bratislava IV - Karlova Ves, okres Bratislava","rooms":3,"meters":67,"totalPrice":209900,"meterSquarePrice":4,"link":"https://www.nehnutelnosti.sk/detail/JudQMJmHUGs/prijemny-kompletne-zrekonstruovany-3-izbovy-byt-segnerova-karlova-ves-ba-iv","imagesUrls":["https://img.nehnutelnosti.sk/foto/NjAweDMzOC9maWx0ZXJzOnF1YWxpdHkoMTAwKS9uZWg=/JdvAy-r3J_fss?st=J9k1hwkANN3BJETeo77YLRl1QVldDbcQ0GNY9Ex_FZE&ts=1726666563&e=0"]},{"title":"Kompletne zrekonštruovaný 3-izbový byt s loggiou, Súmračná, Ružinov - BA II.","address":"Súmračná, Bratislava II - Ružinov, okres Bratislava","rooms":3,"meters":72,"totalPrice":225000,"meterSquarePrice":0,"link":"https://www.nehnutelnosti.sk/detail/JuuH2DQhpI8/kompletne-zrekonstruovany-3-izbovy-byt-s-loggiou-sumracna-ruzinov-ba-ii","imagesUrls":["https://img.nehnutelnosti.sk/foto/NjAweDMzOC9maWx0ZXJzOnF1YWxpdHkoMTAwKS9uZWg=/VJsIYiw1U_fss?st=2OBfO_ugq0BmE4VUEgZPCsQ6VgEa4J_Ehd8R-3yVzoI&ts=1726666555&e=0"]},{"title":"PREDAJ – veľký 3 izbový byt s balkónom, LEOPOLDOV","address":"Gojdičova, Leopoldov, okres Hlohovec","rooms":3,"meters":79,"totalPrice":125000,"meterSquarePrice":8,"link":"https://www.nehnutelnosti.sk/detail/Jut1FG3ESVL/predaj-velky-3-izbovy-byt-s-balkonom-leopoldov","imagesUrls":["https://img.nehnutelnosti.sk/foto/NjAweDMzOC9maWx0ZXJzOnF1YWxpdHkoMTAwKS9uZWg=/5B2_Gc3i5_fss?st=vGFWjDZP6xWIRYQ64xUnDW8F1lTZ383xCg-lXE7-m6o&ts=1724267837&e=0"]},{"title":"Dvojizbový byt na Skuteckého ulici v Malackakách","address":"D. Skuteckého, Malacky, okres Malacky","rooms":2,"meters":null,"totalPrice":null,"meterSquarePrice":null,"link":"https://www.nehnutelnosti.sk/detail/Ju1R4Yqt_tD/dvojizbovy-byt-na-skuteckeho-ulici-v-malackakach","imagesUrls":["https://img.nehnutelnosti.sk/foto/NjAweDMzOC9maWx0ZXJzOnF1YWxpdHkoMTAwKS9uZWg=/GMm7st2MV_fss?st=btpltmtDez8TQscRIri4jHC0UI4lSlkmoAGXKhVQUl4&ts=1716298223&e=0"]},{"title":"Hľadáte byt na rekonštrukciu podľa vlastných predstáv ? Slnečný 3-izbový byt + dva balkóny v Seredi,","address":"Cukrovarská, Sereď, okres Galanta","rooms":3,"meters":73,"totalPrice":103000,"meterSquarePrice":6,"link":"https://www.nehnutelnosti.sk/detail/JuBxPg8286dq/hladate-byt-na-rekonstrukciu-podla-vlastnych-predstav-slnecny-3-izbovy-byt-dva-balkony-v-seredi","imagesUrls":["https://img.unitedclassifieds.sk/foto/NjAweDMzOC9maWx0ZXJzOnF1YWxpdHkoMTAwKS9qdWw=/Y4P8KDzaC_fss?st=p1jQKhf58R4z7ZOoH0CsFkqo0mhI0ldBvle78lsDahY&ts=1702377425&e=0"]},{"title":"Moderný veľkometrážny 1-izb.byt,  komplet moderne zariadený, ihneď voľný, centrum","address":"Vinárska, Sereď, okres Galanta","rooms":1,"meters":44,"totalPrice":125000,"meterSquarePrice":1,"link":"https://www.nehnutelnosti.sk/detail/JuIeoXMPpLj/moderny-velkometrazny-1-izb-byt-komplet-moderne-zariadeny-ihned-volny-centrum","imagesUrls":["https://img.unitedclassifieds.sk/foto/NjAweDMzOC9maWx0ZXJzOnF1YWxpdHkoMTAwKS9qdWw=/WfPElaZAh_fss?st=4B4sqDcZm_aUwIwYtUK1qAi4I2F6vekoK7HOrpbQV90&ts=1710161618&e=0"]},{"title":"Veľký 3-izbový byt 83 m2 s krásnym výhľadom na mesto SEREĎ","address":"Novomestská, Sereď, okres Galanta","rooms":3,"meters":83,"totalPrice":149000,"meterSquarePrice":8,"link":"https://www.nehnutelnosti.sk/detail/JuV7Wlj3mop/velky-3-izbovy-byt-83-m2-s-krasnym-vyhladom-na-mesto-sered","imagesUrls":["https://img.unitedclassifieds.sk/foto/NjAweDMzOC9maWx0ZXJzOnF1YWxpdHkoMTAwKS9yc2Y=/SlxMiumOk_fss?st=_tpb9jEFwuFIBLscNQQXu4K8veCCT4axApH-yLUlSHE&ts=1699357930&e=0"]},{"title":"Bezkonkurenčná cena garsónky  priamo v centre mesta Sereď, ul. M.R.Štefánika","address":"M. R. Štefánika, Sereď, okres Galanta","rooms":null,"meters":22,"totalPrice":62000,"meterSquarePrice":8,"link":"https://www.nehnutelnosti.sk/detail/Jup8funbw1-/bezkonkurencna-cena-garsonky-priamo-v-centre-mesta-sered-ul-m-r-stefanika","imagesUrls":["https://img.unitedclassifieds.sk/foto/NjAweDMzOC9maWx0ZXJzOnF1YWxpdHkoMTAwKS9qdWw=/62lKEOCW-_fss?st=_hhogRKqpGCYmqQd01smiPzj5v9eKYxvg264feePLwo&ts=1705926525&e=0"]},{"title":"Moderný veľkorysý 2-izbový byt 68 m2 prerobený na 3-izbový, prerobený, zariadený, IHNEĎ VOĽNÝ !!!","address":"Novomestská, Sereď, okres Galanta","rooms":2,"meters":68,"totalPrice":null,"meterSquarePrice":null,"link":"https://www.nehnutelnosti.sk/detail/Juc6xte17ZK/moderny-velkorysy-2-izbovy-byt-68-m2-prerobeny-na-3-izbovy-prerobeny-zariadeny-ihned-volny","imagesUrls":["https://img.unitedclassifieds.sk/foto/NjAweDMzOC9maWx0ZXJzOnF1YWxpdHkoMTAwKS9yc2Y=/N9xHk8a5D_fss?st=G8QEobb9MLu-uxoJyQiIxfbGRG9GS7mFP8h2HauTlaA&ts=1699358001&e=0"]},{"title":"REZERVOVANÉ ! 2-izb. byt prerobený na 3 izb., komplet prerobený-zariadený , ihneď voľný !","address":"Novomestská, Sereď, okres Galanta","rooms":2,"meters":66,"totalPrice":110000,"meterSquarePrice":7,"link":"https://www.nehnutelnosti.sk/detail/Ju5MkJgebw2/rezervovane-2-izb-byt-prerobeny-na-3-izb-komplet-prerobeny-zariadeny-ihned-volny","imagesUrls":["https://img.unitedclassifieds.sk/foto/NjAweDMzOC9maWx0ZXJzOnF1YWxpdHkoMTAwKS9yc2Y=/VgOE5ApCs_fss?st=WTgGb-jdeKqpRvKeyTskDmfLfwhzOmE7UXO6HNTQ6y0&ts=1699357977&e=0"]},{"title":"3-izb. byt s lódžiou na Prednádraží v Trnave- ihneď voľný !","address":"Ulica Jána Bottu, Trnava, okres Trnava","rooms":3,"meters":64,"totalPrice":142500,"meterSquarePrice":9,"link":"https://www.nehnutelnosti.sk/detail/JuCMJMo5KuD/3-izb-byt-s-lodziou-na-prednadrazi-v-trnave-ihned-volny","imagesUrls":["https://img.unitedclassifieds.sk/foto/NjAweDMzOC9maWx0ZXJzOnF1YWxpdHkoMTAwKS9qdWw=/Lc9WW52VF_fss?st=d730RHueiSLf1YWxXqVEq-RGWAySUmNdPIpZxlL5AYw&ts=1720521661&e=0"]},{"title":"SUPER CENA ZA  3,5-izbový byt v centre mesta Sereď. Ihneď voľný !","address":"Námestie Slobody, Sereď, okres Galanta","rooms":3,"meters":72,"totalPrice":115000,"meterSquarePrice":2,"link":"https://www.nehnutelnosti.sk/detail/Ju8zoQZZUb1/super-cena-za-3-5-izbovy-byt-v-centre-mesta-sered-ihned-volny","imagesUrls":["https://img.unitedclassifieds.sk/foto/NjAweDMzOC9maWx0ZXJzOnF1YWxpdHkoMTAwKS9qdWw=/8PQZ6Fq21_fss?st=48MTX_tFGPfZP47Qmx7JaP1eItwQCgz85X-n-d5YgSg&ts=1717619576&e=0"]},{"title":"4 izb. veľkometrážne byty na Uhlisku v BB","address":"Banská Bystrica, Banská Bystrica, okres Banská Bystrica","rooms":4,"meters":148,"totalPrice":null,"meterSquarePrice":null,"link":"https://www.nehnutelnosti.sk/detail/JuJbCCPLSzP/4-izb-velkometrazne-byty-na-uhlisku-v-bb","imagesUrls":["https://img.nehnutelnosti.sk/foto/NjAweDMzOC9maWx0ZXJzOnF1YWxpdHkoMTAwKS9uZWg=/eoErGby-N_fss?st=YQBegK4lDcdsNOIpvXVjkc_-uFQlcGdcqdATEHDRJGY&ts=1717068707&e=0"]},{"title":"Moderný bytový dom s krásnym 3-izb.bytom + terasou 12 m2, klimatizácia, 2 parkovacie miesta","address":"Stromová, Sereď, okres Galanta","rooms":3,"meters":75,"totalPrice":146900,"meterSquarePrice":7,"link":"https://www.nehnutelnosti.sk/detail/JuJZYJ6c1dS/moderny-bytovy-dom-s-krasnym-3-izb-bytom-terasou-12-m2-klimatizacia-2-parkovacie-miesta","imagesUrls":["https://img.unitedclassifieds.sk/foto/NjAweDMzOC9maWx0ZXJzOnF1YWxpdHkoMTAwKS9qdWw=/5fe036vwH_fss?st=Sbn0lWqHhyQSFT5tk9pDMT7faDyTg0VL0B0cE3c169g&ts=1725868511&e=0"]},{"title":"REZERVOVANÉ ! Zrekonštruovaný 3-izbový byt na Komenského ulici, Sereď - Balkón, Pivnica","address":"Komenského, Sereď, okres Galanta","rooms":3,"meters":73,"totalPrice":128000,"meterSquarePrice":2,"link":"https://www.nehnutelnosti.sk/detail/JuRRnaiu_pB/rezervovane-zrekonstruovany-3-izbovy-byt-na-komenskeho-ulici-sered-balkon-pivnica","imagesUrls":["https://img.unitedclassifieds.sk/foto/NjAweDMzOC9maWx0ZXJzOnF1YWxpdHkoMTAwKS9qdWw=/17ix2QwdY_fss?st=9VeDEXBTz6U120avp2W7-Nw3bAUrywvJij1yQ12-ehs&ts=1723721388&e=0"]},{"title":"Predám 3 izbový byt na Sídlisku Ťahanovce","address":"Belehradská 2520/18, Košice I - Sídlisko Ťahanovce, okres Košice","rooms":3,"meters":63,"totalPrice":147000,"meterSquarePrice":3,"link":"https://www.nehnutelnosti.sk/detail/Jus7QnjwLYY/predam-3-izbovy-byt-na-sidlisku-tahanovce","imagesUrls":["https://img.nehnutelnosti.sk/foto/NjAweDMzOC9maWx0ZXJzOnF1YWxpdHkoMTAwKS9uZWg=/3AFjm1pR6_fss?st=Lo77j37vOgMSepJV0H4nNITGc67_mTTI8R10R4PmeIw&ts=1726665066&e=0"]},{"title":"XPERIA ponúka: kompletne zrekonštruovaný 4i byt v blízkosti centra","address":"Stavbárska, Galanta, okres Galanta","rooms":4,"meters":84,"totalPrice":121900,"meterSquarePrice":1,"link":"https://www.nehnutelnosti.sk/detail/Ju0RojgfGoL/xperia-ponuka-kompletne-zrekonstruovany-4i-byt-v-blizkosti-centra","imagesUrls":["https://img.nehnutelnosti.sk/foto/NjAweDMzOC9maWx0ZXJzOnF1YWxpdHkoMTAwKS9uZWg=/_fexgl4XU_fss?st=DypcT_8ABO9zOe38N0p85vHCfqwfjwJTMqmGNghM_Og&ts=1723648200&e=0"]}]