[{"title":"PREDAJ: 1 izbový, novozrekonštruovaný, tehlový byt - KOMÁRNO","address":"Priateľstva, Komárno, okres Komárno","rooms":1,"meters":null,"totalPrice":null,"meterSquarePrice":null,"link":"https://www.nehnutelnosti.sk/detail/JujochTrgSr/predaj-1-izbovy-novozrekonstruovany-tehlovy-byt-komarno","imagesUrls":["https://img.nehnutelnosti.sk/foto/NjAweDMzOC9maWx0ZXJzOnF1YWxpdHkoMTAwKS9uZWg=/gYjnxlY1ko_fss?st=nTjxlG-Wps2BUU0c-8XbN2xRBE1PTlb0VCbfpeoeJ5I&ts=1717595843&e=0"]},{"title":"PREDAJ : útulný 2 izbový byt s priestranným balkónom, Komárno","address":"Komárno, okres Komárno","rooms":2,"meters":49,"totalPrice":85000,"meterSquarePrice":9,"link":"https://www.nehnutelnosti.sk/detail/Ju5S2EY1IDv/predaj-utulny-2-izbovy-byt-s-priestrannym-balkonom-komarno","imagesUrls":["https://img.nehnutelnosti.sk/foto/NjAweDMzOC9maWx0ZXJzOnF1YWxpdHkoMTAwKS9uZWg=/qB267MCzQ_fss?st=W3qXj3N_wcdbSvwpV7nl_JpDnjJiWoK3cCH2u327wxE&ts=1717595868&e=0"]},{"title":"PREDAJ: 1 izbový, zrekonštruovaný a zariadený byt - KOMÁRNO","address":"Priateľstva, Komárno, okres Komárno","rooms":1,"meters":28,"totalPrice":69900,"meterSquarePrice":3,"link":"https://www.nehnutelnosti.sk/detail/Juxkb0_j_qx/predaj-1-izbovy-zrekonstruovany-a-zariadeny-byt-komarno","imagesUrls":["https://img.nehnutelnosti.sk/foto/NjAweDMzOC9maWx0ZXJzOnF1YWxpdHkoMTAwKS9uZWg=/DSBM2tmJZ_fss?st=v1mtryuFENsK-F1LDlYugvJNILu97tBCrmsE5L2xeBQ&ts=1720614649&e=0"]},{"title":"REZERVOVANÝ !!","address":"Vnútorná okružná, Komárno, okres Komárno","rooms":2,"meters":58,"totalPrice":77000,"meterSquarePrice":9,"link":"https://www.nehnutelnosti.sk/detail/JuiGuvWWzxR/rezervovany","imagesUrls":["https://img.nehnutelnosti.sk/foto/NjAweDMzOC9maWx0ZXJzOnF1YWxpdHkoMTAwKS9uZWg=/4OID-DV41_fss?st=gppT3eNN6VmfsGI8-3-1tlPIKIl8c8z3kiRabWu-54g&ts=1719298333&e=0"]},{"title":"PREDAJ: 2 izbový, zrekonštruovaný a zariadený byt - KOMÁRNO","address":"Priateľstva, Komárno, okres Komárno","rooms":2,"meters":50,"totalPrice":null,"meterSquarePrice":null,"link":"https://www.nehnutelnosti.sk/detail/Ju-HXxAZPrh/predaj-2-izbovy-zrekonstruovany-a-zariadeny-byt-komarno","imagesUrls":["https://img.nehnutelnosti.sk/foto/NjAweDMzOC9maWx0ZXJzOnF1YWxpdHkoMTAwKS9uZWg=/4Phv4zfH-_fss?st=W2gRrXS0vKqQ2QC-eZF2k-l7EhfQmtLpzs6-hMTUa_4&ts=1717595854&e=0"]},{"title":"PREDAJ: 2 izbový, zrekonštruovaný byt s vlastným kúrením - KOMÁRNO","address":"Budovateľská, Komárno, okres Komárno","rooms":2,"meters":59,"totalPrice":null,"meterSquarePrice":null,"link":"https://www.nehnutelnosti.sk/detail/Ju-GVL1N_j2/predaj-2-izbovy-zrekonstruovany-byt-s-vlastnym-kurenim-komarno","imagesUrls":["https://img.nehnutelnosti.sk/foto/NjAweDMzOC9maWx0ZXJzOnF1YWxpdHkoMTAwKS9uZWg=/sNDj4pGULK_fss?st=RFbU74VrReuSgAtfHIL95JbcqECtqhEsw_nIV1QnIWs&ts=1717595849&e=0"]},{"title":"NOVÁ CENA!!! NA PREDAJ ŠTÝLOVO ZREKONŠTRUOVANÝ, 3 IZBOVÝ BYT V CENTRE","address":"Vnútorná okružná, Komárno, okres Komárno","rooms":3,"meters":67,"totalPrice":115000,"meterSquarePrice":2,"link":"https://www.nehnutelnosti.sk/detail/Juok57D2DuT/nova-cena-na-predaj-stylovo-zrekonstruovany-3-izbovy-byt-v-centre","imagesUrls":["https://img.nehnutelnosti.sk/foto/NjAweDMzOC9maWx0ZXJzOnF1YWxpdHkoMTAwKS9uZWg=/kMi_GYtC7_fss?st=LPu48ESTPRUK0T2FG1Zv-C-neKBuAcNRl_ycL1FjHvo&ts=1717595828&e=0"]},{"title":"AKCIA!!! PREDAJ 3 IZBOVÝ BYT S 3 BALKÓNMI NA UL. MEDERČSKÁ, KOMÁRNO","address":"Mederčská, Komárno, okres Komárno","rooms":3,"meters":71,"totalPrice":79000,"meterSquarePrice":8,"link":"https://www.nehnutelnosti.sk/detail/JuVIFi2uOX0/akcia-predaj-3-izbovy-byt-s-3-balkonmi-na-ul-medercska-komarno","imagesUrls":["https://img.nehnutelnosti.sk/foto/NjAweDMzOC9maWx0ZXJzOnF1YWxpdHkoMTAwKS9uZWg=/HPNKK5iym_fss?st=EeG-clMpbG6nw0nAWigusxR90RhkO6FIKDplNhAPdTU&ts=1724179633&e=0"]},{"title":"REZERVOVANÝ !!","address":"gen. Klapku, Komárno, okres Komárno","rooms":2,"meters":52,"totalPrice":69000,"meterSquarePrice":2,"link":"https://www.nehnutelnosti.sk/detail/JulVfqkiL1_/rezervovany","imagesUrls":["https://img.nehnutelnosti.sk/foto/NjAweDMzOC9maWx0ZXJzOnF1YWxpdHkoMTAwKS9uZWg=/K7QHW_bkhT_fss?st=M6xYs_m-jUgcOI9-l2LrDK8TBIF54VOEJhGDSb6pUdc&ts=1717595817&e=0"]},{"title":"PREDAJ: 2 izbový, zrekonštruovaný, zariadený, tehový byt - KOMÁRNO","address":"Priateľstva, Komárno, okres Komárno","rooms":2,"meters":null,"totalPrice":null,"meterSquarePrice":null,"link":"https://www.nehnutelnosti.sk/detail/Jubp8LxsQmw/predaj-2-izbovy-zrekonstruovany-zariadeny-tehovy-byt-komarno","imagesUrls":["https://img.nehnutelnosti.sk/foto/NjAweDMzOC9maWx0ZXJzOnF1YWxpdHkoMTAwKS9uZWg=/mFardsPgP_fss?st=uzC9MFQPLnhMFstkTsdKlAx5zPRvL8iE9UbBf7CxhPw&ts=1717595824&e=0"]},{"title":"NA PREDAJ : 1 izbový, zrekonštruovaný byt v Bauringoch, Komárno","address":"Družstevná, Komárno, okres Komárno","rooms":1,"meters":28,"totalPrice":52000,"meterSquarePrice":4,"link":"https://www.nehnutelnosti.sk/detail/JuvjPbraZ-O/na-predaj-1-izbovy-zrekonstruovany-byt-v-bauringoch-komarno","imagesUrls":["https://img.nehnutelnosti.sk/foto/NjAweDMzOC9maWx0ZXJzOnF1YWxpdHkoMTAwKS9uZWg=/Az8-KiTUc_fss?st=zjqjf4cK_QUI7rnPF8V9zQ1BzN1l3YEuUw_p007brkw&ts=1708151130&e=0"]},{"title":"Na predaj : 4 izbový byt, Želiezovce, Centrum, 81m2 ,dohoda","address":"Jilemnického, Želiezovce, okres Levice","rooms":4,"meters":81,"totalPrice":75000,"meterSquarePrice":3,"link":"https://www.nehnutelnosti.sk/detail/JuQuONIRr3J/na-predaj-4-izbovy-byt-zeliezovce-centrum-81m2-dohoda","imagesUrls":["https://img.nehnutelnosti.sk/foto/NjAweDMzOC9maWx0ZXJzOnF1YWxpdHkoMTAwKS9uZWg=/KLczBn5d___fss?st=fkknoCZt5F0eZfwQD-_OFS56dbYrgDLKSeh1sNFICgU&ts=1717595776&e=0"]},{"title":"PREDAJ : Veľkometrážny 3 izbový byt po kompletnej rekonštrukcii","address":"Vodná, Komárno, okres Komárno","rooms":3,"meters":80,"totalPrice":129000,"meterSquarePrice":0,"link":"https://www.nehnutelnosti.sk/detail/Jub3TsMtiZd/predaj-velkometrazny-3-izbovy-byt-po-kompletnej-rekonstrukcii","imagesUrls":["https://img.nehnutelnosti.sk/foto/NjAweDMzOC9maWx0ZXJzOnF1YWxpdHkoMTAwKS9uZWg=/FhSg-Ar5_d_fss?st=ZCgqfIL0rsxhlkK1Aa9LH2JZaivcGcecb8b3wIwRSU8&ts=1725489303&e=0"]},{"title":"PREDAJ : kompletne rekonštruovaný 2 izbový tehlový byt, Komárno","address":"Zváračská, Komárno, okres Komárno","rooms":2,"meters":57,"totalPrice":78000,"meterSquarePrice":2,"link":"https://www.nehnutelnosti.sk/detail/JuSl05fMe2d/predaj-kompletne-rekonstruovany-2-izbovy-tehlovy-byt-komarno","imagesUrls":["https://img.nehnutelnosti.sk/foto/NjAweDMzOC9maWx0ZXJzOnF1YWxpdHkoMTAwKS9uZWg=/s9zdvKtm5_fss?st=4YsFB24QVUyIWGhYwA7W0g4dlY4rfy7tANe4_i8osNk&ts=1722119158&e=0"]},{"title":"PREDAJ : 3 izbový byt v Green Park Residence Komárno - Nová Stráž","address":"Podzáhradná, Komárno, okres Komárno","rooms":3,"meters":86,"totalPrice":135000,"meterSquarePrice":5,"link":"https://www.nehnutelnosti.sk/detail/JuCcRFPKCO4/predaj-3-izbovy-byt-v-green-park-residence-komarno-nova-straz","imagesUrls":["https://img.nehnutelnosti.sk/foto/NjAweDMzOC9maWx0ZXJzOnF1YWxpdHkoMTAwKS9uZWg=/lDKXTbmVK_fss?st=WnLLCnly6CR0vhbVszSnsIfYWVRbb4dkr8sFuw5HMDg&ts=1724048470&e=0"]},{"title":"PREDAJ : 2 izbový byt - Skvelá investičná príležitosť !!","address":"Komárno, okres Komárno","rooms":2,"meters":null,"totalPrice":null,"meterSquarePrice":null,"link":"https://www.nehnutelnosti.sk/detail/JuV-rC6X4nH/predaj-2-izbovy-byt-skvela-investicna-prilezitost","imagesUrls":["https://img.nehnutelnosti.sk/foto/NjAweDMzOC9maWx0ZXJzOnF1YWxpdHkoMTAwKS9uZWg=/j05NQaTc85_fss?st=9KoFj4iZkd0WIWTr-0BFgbLb3WN_58K8yrz_H285YYk&ts=1705717622&e=0"]},{"title":"REZERVOVANÝ","address":"Mládeže, Komárno, okres Komárno","rooms":null,"meters":null,"totalPrice":null,"meterSquarePrice":null,"link":"https://www.nehnutelnosti.sk/detail/JuBhm01llew/rezervovany","imagesUrls":["https://img.nehnutelnosti.sk/foto/NjAweDMzOC9maWx0ZXJzOnF1YWxpdHkoMTAwKS9uZWg=/iu5ep7WSt_fss?st=T1wn0X17xYjbJzWNlrnUA2_9VoHek6HbOilSSMH4CFk&ts=1718058419&e=0"]},{"title":"PREDAJ 3 izbový, priestranný byt s dvomi balkónmi, blízko centra","address":"Komenského, Komárno, okres Komárno","rooms":3,"meters":73,"totalPrice":103000,"meterSquarePrice":6,"link":"https://www.nehnutelnosti.sk/detail/JumH7KVwTdf/predaj-3-izbovy-priestranny-byt-s-dvomi-balkonmi-blizko-centra","imagesUrls":["https://img.nehnutelnosti.sk/foto/NjAweDMzOC9maWx0ZXJzOnF1YWxpdHkoMTAwKS9uZWg=/lMTs_-pe2_fss?st=MbwoJPWIbDWCYbOiCf3vCST5qHwYTnpQSLrnZiu71q8&ts=1720429519&e=0"]},{"title":"VÝMENA ZA DOM / PREDAJ: 3 IZBOVÝ TEHLOVÝ BYT SO ZÁHRADKOU, HURBANOVO","address":"Hurbanovo, okres Komárno","rooms":3,"meters":null,"totalPrice":null,"meterSquarePrice":null,"link":"https://www.nehnutelnosti.sk/detail/Ju8f4i7ujJg/vymena-za-dom-predaj-3-izbovy-tehlovy-byt-so-zahradkou-hurbanovo","imagesUrls":["https://img.nehnutelnosti.sk/foto/NjAweDMzOC9maWx0ZXJzOnF1YWxpdHkoMTAwKS9uZWg=/R85_TkWCb_fss?st=DEM3K8wcQckPzRgEZStL0qH-Nj2reuqeNlalmjRmmfs&ts=1722882375&e=0"]},{"title":"PREDANÝ !!","address":"Komárno, okres Komárno","rooms":2,"meters":80,"totalPrice":105000,"meterSquarePrice":0,"link":"https://www.nehnutelnosti.sk/detail/Ju7giMuh3Zj/predany","imagesUrls":["https://img.nehnutelnosti.sk/foto/NjAweDMzOC9maWx0ZXJzOnF1YWxpdHkoMTAwKS9uZWg=/E_MNupNYv_fss?st=nPPrX1yb8wq0A2KyBnqhqlj-WxAwx86wJ1B6My-cp40&ts=1720291367&e=0"]},{"title":"RealityZopos ponúka na predaj luxusný 3-izbový byt v novostavbe pri Púchove v obci Dohňany","address":"Miškovci, Dohňany, okres Púchov","rooms":3,"meters":77,"totalPrice":230000,"meterSquarePrice":1,"link":"https://www.nehnutelnosti.sk/detail/JuB4gwRwpc1/realityzopos-ponuka-na-predaj-luxusny-3-izbovy-byt-v-novostavbe-pri-puchove-v-obci-dohnany","imagesUrls":["https://img.nehnutelnosti.sk/foto/NjAweDMzOC9maWx0ZXJzOnF1YWxpdHkoMTAwKS9uZWg=/1wyU2AC6G_fss?st=jD2W5uF1S59JcsEhSPuG-M4_yZWzErT5drRG4v7UHdc&ts=1718809090&e=0"]},{"title":"2 izbový byt v projekte Guthaus, C.14.01","address":"Račianska, Bratislava III - Nové Mesto, okres Bratislava","rooms":2,"meters":57,"totalPrice":null,"meterSquarePrice":null,"link":"https://www.nehnutelnosti.sk/detail/Jumv8u4QfWQ/2-izbovy-byt-v-projekte-guthaus-c-14-01","imagesUrls":["https://img.nehnutelnosti.sk/foto/NjAweDMzOC9maWx0ZXJzOnF1YWxpdHkoMTAwKS9uZWg=/Us2892zky_fss?st=JojWdItx_Y5GgOWTW_NvCtcyaJgCeAbCcjxgAO_Hkwg&ts=1679913196&e=0"]},{"title":"3i Byt pri Centre Detvy","address":"A. Hlinku, Detva, okres Detva","rooms":3,"meters":null,"totalPrice":null,"meterSquarePrice":null,"link":"https://www.nehnutelnosti.sk/detail/JuRR9qVnaPL/3i-byt-pri-centre-detvy","imagesUrls":["https://img.nehnutelnosti.sk/foto/NjAweDMzOC9maWx0ZXJzOnF1YWxpdHkoMTAwKS9uZWg=/cWdA6Xunl_fss?st=ESozdVWAZJdXVi-Ja1aW7D4jE4jQa9R9DVqMSKXN0B4&ts=1711029623&e=0"]},{"title":"Na predaj 2 izbový byt 59 m2 + balkón 11 m2 - Rezidencia Kožušnícka, bytový dom A","address":"Kožušnicka, Trenčín, okres Trenčín","rooms":2,"meters":59,"totalPrice":121400,"meterSquarePrice":3,"link":"https://www.nehnutelnosti.sk/detail/JuRaEl8PvvE/na-predaj-2-izbovy-byt-59-m2-balkon-11-m2-rezidencia-kozusnicka-bytovy-dom-a","imagesUrls":["https://img.nehnutelnosti.sk/foto/NjAweDMzOC9maWx0ZXJzOnF1YWxpdHkoMTAwKS9uZWg=/HKfRO_Ybx_fss?st=b2YNJS3F04ohdFcoLpLy1J5y7O3OFVT6mpE8m0yam4A&ts=1726655458&e=0"]},{"title":"3 IZBOVÝ BYT PREŠOV, ULICA GREŠOVA","address":"Grešova 18, Prešov, okres Prešov","rooms":3,"meters":81,"totalPrice":219990,"meterSquarePrice":3,"link":"https://www.nehnutelnosti.sk/detail/Ju4XSQRNBg9/3-izbovy-byt-presov-ulica-gresova","imagesUrls":["https://img.unitedclassifieds.sk/foto/NjAweDMzOC9maWx0ZXJzOnF1YWxpdHkoMTAwKS9qdWw=/mW0ngR1-P_fss?st=3HQYtAx2GjTn2R7cfrTx8oyiAhZ0w-_JV2_roPHvp2c&ts=1726502016&e=0"]},{"title":"2 izbový byt s balkónom, CENTRUM mesta","address":"Moravská, Púchov, okres Púchov","rooms":2,"meters":57,"totalPrice":128000,"meterSquarePrice":1,"link":"https://www.nehnutelnosti.sk/detail/JuL5gnBPvx1/2-izbovy-byt-s-balkonom-centrum-mesta","imagesUrls":["https://img.unitedclassifieds.sk/foto/NjAweDMzOC9maWx0ZXJzOnF1YWxpdHkoMTAwKS9yc2Y=/kvhQfsOMa_fss?st=huD_Z9DlbZYJjM_E7q_RwbW77kW7wPAF7cLiVYmhQxY&ts=1726583075&e=0"]},{"title":"Čiastočne prerobený 3 izb. byt na Kamencoch","address":"Sládkovičova, Kysucké Nové Mesto, okres Kysucké Nové Mesto","rooms":3,"meters":69,"totalPrice":134900,"meterSquarePrice":7,"link":"https://www.nehnutelnosti.sk/detail/JuVHh-Rdj_3/ciastocne-prerobeny-3-izb-byt-na-kamencoch","imagesUrls":["https://img.nehnutelnosti.sk/foto/NjAweDMzOC9maWx0ZXJzOnF1YWxpdHkoMTAwKS9uZWg=/IIKTCeGCxm_fss?st=BhcgcIHvgfgd-cGFMvCKrCfHvDUADRint_Dn9Fh_bsg&ts=1718789612&e=0"]},{"title":"Kompletne prerobený 1 izb. byt v dolnej časti mesta KNM","address":"Matice Slovenskej, Kysucké Nové Mesto, okres Kysucké Nové Mesto","rooms":1,"meters":35,"totalPrice":93000,"meterSquarePrice":4,"link":"https://www.nehnutelnosti.sk/detail/JuXsQNMcV6d/kompletne-prerobeny-1-izb-byt-v-dolnej-casti-mesta-knm","imagesUrls":["https://img.nehnutelnosti.sk/foto/NjAweDMzOC9maWx0ZXJzOnF1YWxpdHkoMTAwKS9uZWg=/ocvjVg4s2o_fss?st=fkJ8VVjX9kY_m0jaNFFKWPI-p1avdf-y5ZH9GJ8ISQw&ts=1719264476&e=0"]},{"title":"Na predaj ponúkame 3 - izbový byt po rekonštrukcii","address":"Za poštou, Hlohovec, okres Hlohovec","rooms":3,"meters":63,"totalPrice":134900,"meterSquarePrice":7,"link":"https://www.nehnutelnosti.sk/detail/JuhGiPG-YgK/na-predaj-ponukame-3-izbovy-byt-po-rekonstrukcii","imagesUrls":["https://img.unitedclassifieds.sk/foto/NjAweDMzOC9maWx0ZXJzOnF1YWxpdHkoMTAwKS9yc2Y=/IvAeCyEI6_fss?st=r6qsIU766I9jXhR8-BbquIikb410ESwyhY7hIewIahA&ts=1635858428&e=0"]},{"title":"Na predaj ponúkame byt na Štrbskom Plese","address":"Štrbské Pleso, okres Poprad","rooms":3,"meters":50,"totalPrice":null,"meterSquarePrice":null,"link":"https://www.nehnutelnosti.sk/detail/JuUeOOUj-5f/na-predaj-ponukame-byt-na-strbskom-plese","imagesUrls":["https://img.unitedclassifieds.sk/foto/NjAweDMzOC9maWx0ZXJzOnF1YWxpdHkoMTAwKS9qdWw=/ijOSKVdn1_fss?st=eXYeZ7zDeHxCUcSb8WXUFVjZY3KbUhgQw5MlB1pjomk&ts=1715327001&e=0"]}]