[{"title":"JUH - ul. Lomonosovova, 3-izbový byt, 67 m2 + loggia. Pražský typ.","address":"Lomonosova, Košice IV - Juh, okres Košice","rooms":3,"meters":67,"totalPrice":172000,"meterSquarePrice":6,"link":"https://www.nehnutelnosti.sk/detail/JuG46Z53cjy/juh-ul-lomonosovova-3-izbovy-byt-67-m2-loggia-prazsky-typ","imagesUrls":["https://img.nehnutelnosti.sk/foto/NjAweDMzOC9maWx0ZXJzOnF1YWxpdHkoMTAwKS9uZWg=/7C4vDaq52_fss?st=AVYNxSdnbFob9TM1WgbaR0g7xs_qEsqcNSpdc9ii4wA&ts=1724859724&e=0"]},{"title":"Exkluzívny 4 izb  apartmán ostrov Ugljan Chorvátsko","address":"Ugljan, Bratislava II - Ružinov, okres Bratislava","rooms":null,"meters":110,"totalPrice":407500,"meterSquarePrice":5,"link":"https://www.nehnutelnosti.sk/detail/Juw5ndBKdkB/exkluzivny-4-izb-apartman-ostrov-ugljan-chorvatsko","imagesUrls":["https://img.nehnutelnosti.sk/foto/NjAweDMzOC9maWx0ZXJzOnF1YWxpdHkoMTAwKS9uZWg=/TjinnfJ9d_fss?st=INY3T-HocA3NYaThkeMeWXciTGWCJDCjCPc2wECSpBk&ts=1710268105&e=0"]},{"title":"4 izbový byt s garážou, nová kompletná rekonštrukcia z roku 2023","address":"Jozefa Lettricha, Turčianske Teplice, okres Turčianske Teplice","rooms":4,"meters":77,"totalPrice":139000,"meterSquarePrice":9,"link":"https://www.nehnutelnosti.sk/detail/Ju4HL2mjkN9/4-izbovy-byt-s-garazou-nova-kompletna-rekonstrukcia-z-roku-2023","imagesUrls":["https://img.unitedclassifieds.sk/foto/NjAweDMzOC9maWx0ZXJzOnF1YWxpdHkoMTAwKS9qdWw=/89NVVCRt9_fss?st=c8ouv8BF_sRfNlPjFUxUenbl5Pwiuy_GD0dCKDmNPC8&ts=1724855638&e=0"]},{"title":"ASTER Predaj: 4i mezonetový byt 112.5m2, Riazanská, Nové Mesto -  BAIII","address":"Riazanská, Bratislava III - Nové Mesto, okres Bratislava","rooms":4,"meters":112,"totalPrice":349990,"meterSquarePrice":2,"link":"https://www.nehnutelnosti.sk/detail/JuAAUK6Y8uqe/aster-predaj-4i-mezonetovy-byt-112-5m2-riazanska-nove-mesto-baiii","imagesUrls":["https://img.nehnutelnosti.sk/foto/NjAweDMzOC9maWx0ZXJzOnF1YWxpdHkoMTAwKS9uZWg=/S5_CYRIua_fss?st=dTXDDvv1s78D_A0ePkS99wcFHIt96u8m4aMQ_ZVRZpY&ts=1726230689&e=0"]},{"title":"Rezidencia Alžbetina - 2 izbové byty","address":"Alžbetina, Košice I - Staré Mesto, okres Košice","rooms":2,"meters":47,"totalPrice":246700,"meterSquarePrice":4,"link":"https://www.nehnutelnosti.sk/detail/Ju2lnJORUQd/rezidencia-alzbetina-2-izbove-byty","imagesUrls":["https://img.nehnutelnosti.sk/foto/NjAweDMzOC9maWx0ZXJzOnF1YWxpdHkoMTAwKS9uZWg=/9OokEy0f__fss?st=WRQ7n68-WrMvp9xfSUUREZBNSJ2FF-tskrVbaoLR_YI&ts=1700654571&e=0"]},{"title":"Priestranný 3 - izbový byt v blízkosti centra v Prievidzi","address":"B. Björnsona, Prievidza, okres Prievidza","rooms":3,"meters":65,"totalPrice":79000,"meterSquarePrice":8,"link":"https://www.nehnutelnosti.sk/detail/JugvvCgZUKm/priestranny-3-izbovy-byt-v-blizkosti-centra-v-prievidzi","imagesUrls":["https://img.nehnutelnosti.sk/foto/NjAweDMzOC9maWx0ZXJzOnF1YWxpdHkoMTAwKS9uZWg=/Kdr_14257w_fss?st=ky-j_TvJ1xHl7YO87ioW2d5MVNPW7UpTfP8DVq5tzM4&ts=1724758172&e=0"]},{"title":"Na predaj 3 izbový byt neďaleko centra / Levice","address":"Zdenka Nejedlého, Levice, okres Levice","rooms":3,"meters":63,"totalPrice":78500,"meterSquarePrice":0,"link":"https://www.nehnutelnosti.sk/detail/JudlXdP46WX/na-predaj-3-izbovy-byt-nedaleko-centra-levice","imagesUrls":["https://img.nehnutelnosti.sk/foto/NjAweDMzOC9maWx0ZXJzOnF1YWxpdHkoMTAwKS9uZWg=/BnZJR2vdN_fss?st=FZfuFAJTrfSNckm8SGqoMxmdld6h7LlHr_8lONWxe2g&ts=1690893521&e=0"]},{"title":"Predaj 3,5-izbový byt v Bratislave II - Ružinov, Ostredky","address":"Ostredková, Bratislava II - Ružinov, okres Bratislava","rooms":4,"meters":78,"totalPrice":230000,"meterSquarePrice":2,"link":"https://www.nehnutelnosti.sk/detail/JuRDwsT3LVg/predaj-3-5-izbovy-byt-v-bratislave-ii-ruzinov-ostredky","imagesUrls":["https://img.nehnutelnosti.sk/foto/NjAweDMzOC9maWx0ZXJzOnF1YWxpdHkoMTAwKS9uZWg=/SWKqX_CyX_fss?st=CrowLWbkiFlLNfDw9BxkqQuwyVnG-JqJSR1ftU1ENSo&ts=1724853200&e=0"]},{"title":"TESTOVACI INZERAT PORTALU - NEKONTAKTOVAT creditka 1","address":"Fatranská, Ružomberok, okres Ružomberok","rooms":null,"meters":99,"totalPrice":2,"meterSquarePrice":2,"link":"https://www.nehnutelnosti.sk/detail/Ju3h3Dreyqp/testovaci-inzerat-portalu-nekontaktovat-creditka-1","imagesUrls":["https://img.nehnutelnosti.sk/foto/NjAweDMzOC9maWx0ZXJzOnF1YWxpdHkoMTAwKS9uZWg=/aoYtCTXSh_fss?st=jJLwVa-n1_E2ljeHW8_jyItisp6hsDCQOEzTKDsaXaQ&ts=1725272025&e=0"]},{"title":"TESTOVACI INZERAT PORTALU - NEKONTAKTOVAT creditka 2","address":"Fatranská, Ružomberok, okres Ružomberok","rooms":4,"meters":99,"totalPrice":1,"meterSquarePrice":1,"link":"https://www.nehnutelnosti.sk/detail/JufEcJ7Ayni/testovaci-inzerat-portalu-nekontaktovat-creditka-2","imagesUrls":["https://img.nehnutelnosti.sk/foto/NjAweDMzOC9maWx0ZXJzOnF1YWxpdHkoMTAwKS9uZWg=/Dl9rSsbb-_fss?st=aIH63Iv1WTrKDEO4hqb5De5CmlEdhKjzeABLYONu4Mg&ts=1725272025&e=0"]},{"title":"Exkluzívne na predaj veľkometrážny, zrekonštruovaný 3.izb byt v Nitre na Chrenovej","address":"Ždiarska, Nitra, okres Nitra","rooms":3,"meters":83,"totalPrice":165000,"meterSquarePrice":5,"link":"https://www.nehnutelnosti.sk/detail/JufGbv8O9vj/exkluzivne-na-predaj-velkometrazny-zrekonstruovany-3-izb-byt-v-nitre-na-chrenovej","imagesUrls":["https://img.nehnutelnosti.sk/foto/NjAweDMzOC9maWx0ZXJzOnF1YWxpdHkoMTAwKS9uZWg=/KRd41CxeD5_fss?st=K-LVLVAj0G79coKBFfZCT2cy_92B4si7DUPlw86_pxg&ts=1706172463&e=0"]},{"title":"Exluzívne na predaj čiastočne zreonštruovaný 3.izb byt Nitra Chrenová","address":"Ľudovíta Okánika, Nitra, okres Nitra","rooms":3,"meters":68,"totalPrice":149000,"meterSquarePrice":8,"link":"https://www.nehnutelnosti.sk/detail/JuC4DF-bUch/exluzivne-na-predaj-ciastocne-zreonstruovany-3-izb-byt-nitra-chrenova","imagesUrls":["https://img.nehnutelnosti.sk/foto/NjAweDMzOC9maWx0ZXJzOnF1YWxpdHkoMTAwKS9uZWg=/mB0ybxM_2_fss?st=sK4eKiSA40SsW7DBpOR3BFeOL3Ng6rsWAr0l-q34E8k&ts=1719993649&e=0"]},{"title":"Exkluzívne na predaj pekný 3.izb byt v Nitre na Chrenovej Nová cena","address":"Ľudovíta Okánika, Nitra, okres Nitra","rooms":3,"meters":68,"totalPrice":148000,"meterSquarePrice":7,"link":"https://www.nehnutelnosti.sk/detail/JumOuNzzrSL/exkluzivne-na-predaj-pekny-3-izb-byt-v-nitre-na-chrenovej-nova-cena","imagesUrls":["https://img.nehnutelnosti.sk/foto/NjAweDMzOC9maWx0ZXJzOnF1YWxpdHkoMTAwKS9uZWg=/52EL3CtQY_fss?st=1mPn9p2s_4pfgW8AM-5j5qw0d4a4PEI6Iyiqq1hzbTY&ts=1700892054&e=0"]},{"title":"Rezervovaný - 3 izb.byt pod Kaštielom, Dubnica nad Váhom","address":"Pod kašteľom, Dubnica nad Váhom, okres Ilava","rooms":3,"meters":83,"totalPrice":155000,"meterSquarePrice":2,"link":"https://www.nehnutelnosti.sk/detail/JuPd30BjiMO/rezervovany-3-izb-byt-pod-kastielom-dubnica-nad-vahom","imagesUrls":["https://img.nehnutelnosti.sk/foto/NjAweDMzOC9maWx0ZXJzOnF1YWxpdHkoMTAwKS9uZWg=/iQgLu9vXH_fss?st=k4TmowWZn3kcmLyLe_MIdNt3qpxTbkfjq8CIk8U9VYU&ts=1724849788&e=0"]},{"title":"Kompletne prerobená garzónka na ul. J.Jonáša","address":"Jána Jonáša, Bratislava IV - Devínska Nová Ves, okres Bratislava","rooms":null,"meters":28,"totalPrice":113000,"meterSquarePrice":1,"link":"https://www.nehnutelnosti.sk/detail/JuEWv7xw4QQ/kompletne-prerobena-garzonka-na-ul-j-jonasa","imagesUrls":["https://img.unitedclassifieds.sk/foto/NjAweDMzOC9maWx0ZXJzOnF1YWxpdHkoMTAwKS9qdWw=/RAeiAgVug_fss?st=MC_kMAxoXgeEQ3Mi-HRumIsJOmxldA7lgmXi9zlU7lQ&ts=1724848678&e=0"]},{"title":"Na predaj 2-izbový zrekonštruovaný byt s balkónom na Novom Juhu v Poprade","address":"Letná, Poprad, okres Poprad","rooms":2,"meters":50,"totalPrice":125000,"meterSquarePrice":0,"link":"https://www.nehnutelnosti.sk/detail/Judo9iaWSbq/na-predaj-2-izbovy-zrekonstruovany-byt-s-balkonom-na-novom-juhu-v-poprade","imagesUrls":["https://img.nehnutelnosti.sk/foto/NjAweDMzOC9maWx0ZXJzOnF1YWxpdHkoMTAwKS9uZWg=/wEB-iLpStY_fss?st=I5eZuEEUlDaW_Z70nJbDzdlIVFswT3t2xhHXgGYFh6Q&ts=1726423928&e=0"]},{"title":"Na Predaj 4i byt v dvojdome Miloslavov","address":"Brezová ulica, Miloslavov, okres Senec","rooms":4,"meters":87,"totalPrice":210000,"meterSquarePrice":9,"link":"https://www.nehnutelnosti.sk/detail/JuVT6fjDBx1/na-predaj-4i-byt-v-dvojdome-miloslavov","imagesUrls":["https://img.unitedclassifieds.sk/foto/NjAweDMzOC9maWx0ZXJzOnF1YWxpdHkoMTAwKS9qdWw=/rPkETGgPZ_fss?st=3PwJOJchJFnZTSWBcEd36YMegaw6OAuV7SmOjqiwZyM&ts=1724837505&e=0"]},{"title":"4-izbový byť v pôvodnom stave","address":"Sládkovičova, Revúca, okres Revúca","rooms":4,"meters":74,"totalPrice":60000,"meterSquarePrice":1,"link":"https://www.nehnutelnosti.sk/detail/JuKDNLSMEbZ/4-izbovy-byt-v-povodnom-stave","imagesUrls":["https://img.nehnutelnosti.sk/foto/NjAweDMzOC9maWx0ZXJzOnF1YWxpdHkoMTAwKS9uZWg=/gO40ZmeNH_fss?st=RlOJQ6kWp9RQjSrwJowMbPJiSv1-pm4AV0gtrDcbSQg&ts=1711901836&e=0"]},{"title":"Jan Pinka | Moderné bytové jednotky v rodinných dvojdomoch v obci Vyhne","address":"Vyhne, okres Žiar nad Hronom","rooms":4,"meters":103,"totalPrice":199900,"meterSquarePrice":5,"link":"https://www.nehnutelnosti.sk/detail/Ju8UPU3SH3j/jan-pinka-moderne-bytove-jednotky-v-rodinnych-dvojdomoch-v-obci-vyhne","imagesUrls":["https://img.nehnutelnosti.sk/foto/NjAweDMzOC9maWx0ZXJzOnF1YWxpdHkoMTAwKS9uZWg=/LsGkEyMzP_fss?st=EmbUjzv2347AKLyUmhbtiZlt0HaOJMSIgUvCh5l0W5Q&ts=1724844732&e=0"]},{"title":"Na predaj byty 2-izbové a 3-izbové pri Kežmarku","address":"Ľubica, okres Kežmarok","rooms":2,"meters":null,"totalPrice":null,"meterSquarePrice":null,"link":"https://www.nehnutelnosti.sk/detail/JuZhcOsQXjC/na-predaj-byty-2-izbove-a-3-izbove-pri-kezmarku","imagesUrls":["https://img.nehnutelnosti.sk/foto/NjAweDMzOC9maWx0ZXJzOnF1YWxpdHkoMTAwKS9uZWg=/kclCdWyK__fss?st=3IdDL848NoYK1Pkx-58kVLZgpnE1mD3U3H0t7s1kRUI&ts=1724840198&e=0"]},{"title":"Predaj 2. izbového bytu v Dolnom Kubíne","address":"Dolný Kubín, okres Dolný Kubín","rooms":2,"meters":52,"totalPrice":138600,"meterSquarePrice":8,"link":"https://www.nehnutelnosti.sk/detail/Ju9dVZYhocP/predaj-2-izboveho-bytu-v-dolnom-kubine","imagesUrls":["https://img.nehnutelnosti.sk/foto/NjAweDMzOC9maWx0ZXJzOnF1YWxpdHkoMTAwKS9uZWg=/zNCjUkyy8_fss?st=RZ7bpVVj324pPbsY0a7fvlQgKUGhtQ2t905hArHDtXU&ts=1724779556&e=0"]},{"title":"Byt na predaj- Smetanov háj","address":"Smetanov Háj, Dunajská Streda, okres Dunajská Streda","rooms":3,"meters":64,"totalPrice":115000,"meterSquarePrice":8,"link":"https://www.nehnutelnosti.sk/detail/Ju4whbrEddP/byt-na-predaj-smetanov-haj","imagesUrls":["https://img.unitedclassifieds.sk/foto/NjAweDMzOC9maWx0ZXJzOnF1YWxpdHkoMTAwKS9qdWw=/-auLOhFpe_fss?st=IuOFjcNVqMH3TElYoITb-fXnpWajGJ6PBS0vbXRESHA&ts=1723805759&e=0"]},{"title":"Moldava  - 3 izbový byt, 2xpivnica, spolu až 80m2","address":"Bartalosova, Moldava nad Bodvou, Košice okolie, okres Košice - okolie","rooms":3,"meters":80,"totalPrice":93000,"meterSquarePrice":0,"link":"https://www.nehnutelnosti.sk/detail/JuB4WJYl5fK/moldava-3-izbovy-byt-2xpivnica-spolu-az-80m2","imagesUrls":["https://img.unitedclassifieds.sk/foto/NjAweDMzOC9maWx0ZXJzOnF1YWxpdHkoMTAwKS9qdWw=/DNCUxZrQr_fss?st=YHctcFRFjiBR0ONLcVffasXYGAccZaUZwvHXevKjXs4&ts=1679388618&e=0"]},{"title":"Predám trojizbový byt v centre Šale","address":"Kukučínova, Šaľa, okres Šaľa","rooms":3,"meters":61,"totalPrice":87500,"meterSquarePrice":3,"link":"https://www.nehnutelnosti.sk/detail/JuyYOXRyX1z/predam-trojizbovy-byt-v-centre-sale","imagesUrls":["https://img.unitedclassifieds.sk/foto/NjAweDMzOC9maWx0ZXJzOnF1YWxpdHkoMTAwKS9qdWw=/8dqcAdbPR_fss?st=pSjOUw9r-AZxKvKjry6ywgdYOVLXpYLE2kWPflvsjHY&ts=1724838933&e=0"]},{"title":"4 izb. byt, Poprad - Allendeho, s výhľadom na Tatry, 104 m2, 7/8.p.,lodžia, 2x kúpeľňa, zariadenie","address":"Allendeho, Poprad, okres Poprad","rooms":4,"meters":100,"totalPrice":195000,"meterSquarePrice":0,"link":"https://www.nehnutelnosti.sk/detail/JulF4LLmOng/4-izb-byt-poprad-allendeho-s-vyhladom-na-tatry-104-m2-7-8-p-lodzia-2x-kupelna-zariadenie","imagesUrls":["https://img.unitedclassifieds.sk/foto/NjAweDMzOC9maWx0ZXJzOnF1YWxpdHkoMTAwKS9qdWw=/qZiuIBq9U_fss?st=GdpBiLmHIrSGJRfv9LqiOCgk9D6EsqFSLkkNGfaeebI&ts=1721994903&e=0"]},{"title":"Predaj 2 izbový byt v novostavbe","address":"Karpatská, Poprad, okres Poprad","rooms":2,"meters":49,"totalPrice":null,"meterSquarePrice":null,"link":"https://www.nehnutelnosti.sk/detail/JudTfBe1VqP1/predaj-2-izbovy-byt-v-novostavbe","imagesUrls":["https://img.nehnutelnosti.sk/foto/NjAweDMzOC9maWx0ZXJzOnF1YWxpdHkoMTAwKS9uZWg=/47vMoCVYM_fss?st=zOlrT4OmKr-dwUvqrEZZdQ5r3nK7AJOc7_bmANcREEY&ts=1725455314&e=0"]},{"title":"Na predaj 3-izbový zrekonštruovaný byt s balkónom v širšom centre v Poprade","address":"L.Svobodu, Poprad, okres Poprad","rooms":3,"meters":65,"totalPrice":139000,"meterSquarePrice":6,"link":"https://www.nehnutelnosti.sk/detail/Jub6if-HJtD/na-predaj-3-izbovy-zrekonstruovany-byt-s-balkonom-v-sirsom-centre-v-poprade","imagesUrls":["https://img.nehnutelnosti.sk/foto/NjAweDMzOC9maWx0ZXJzOnF1YWxpdHkoMTAwKS9uZWg=/_JkJjn2aH_fss?st=DdQcLc3YITYnDG-vXGnviZKzuzs913h_HLa1xXg78ns&ts=1726479941&e=0"]},{"title":"REZERVOVANÉ - 3 izbový byt - Martin / Ľadoveň","address":"Martin, okres Martin","rooms":3,"meters":69,"totalPrice":118000,"meterSquarePrice":4,"link":"https://www.nehnutelnosti.sk/5600919/rezervovane-3-izbovy-byt-martin-ladoven/","imagesUrls":["https://img.nehnutelnosti.sk/foto/NjAweDMzOC9maWx0ZXJzOnF1YWxpdHkoMTAwKS9uZWg=/KFgOpue-j_fss?st=SQsYINGcES61VTxSGNCaY-LYweYvwVaWIV21tl-WBz4&ts=1724837265&e=0"]},{"title":"PREDAJ: EUROVEA TOWER, 2i ATELIÉR","address":"Pribinova, Bratislava I - Staré Mesto, okres Bratislava","rooms":2,"meters":69,"totalPrice":409000,"meterSquarePrice":0,"link":"https://www.nehnutelnosti.sk/detail/JudTzUptsqD/predaj-eurovea-tower-2i-atelier","imagesUrls":["https://img.nehnutelnosti.sk/foto/NjAweDMzOC9maWx0ZXJzOnF1YWxpdHkoMTAwKS9uZWg=/xdEIuRhHIC_fss?st=hKWHNqO4nlzAzAzkIi4X4I-poduudTcvmD4_SyppaCU&ts=1724836811&e=0"]},{"title":"NA PREDAJ V KOMÁRNE TROJIZBOVÝ BYT BLÍZKO CENTRA MESTA","address":"Damjanichova ul., Komárno, okres Komárno","rooms":3,"meters":70,"totalPrice":103500,"meterSquarePrice":7,"link":"https://www.nehnutelnosti.sk/detail/Ju7yFi19K5M/na-predaj-v-komarne-trojizbovy-byt-blizko-centra-mesta","imagesUrls":["https://img.unitedclassifieds.sk/foto/NjAweDMzOC9maWx0ZXJzOnF1YWxpdHkoMTAwKS9qdWw=/XhalxAkSU_fss?st=S73DAfyDYYLjpIZ8PdC-rklHNViq_88QFGAMyK-17k4&ts=1724836674&e=0"]}]