[{"title":"3 izb. byt, Sedmokráskova ul., po novej rekonštrukcii","address":"Sedmokraskova, Bratislava II - Ružinov, okres Bratislava","rooms":3,"meters":66,"totalPrice":249900,"meterSquarePrice":2,"link":"https://www.nehnutelnosti.sk/detail/JuObzOwtXKZ/3-izb-byt-sedmokraskova-ul-po-novej-rekonstrukcii","imagesUrls":["https://img.nehnutelnosti.sk/foto/NjAweDMzOC9maWx0ZXJzOnF1YWxpdHkoMTAwKS9uZWg=/Og5Jzx0ebw_fss?st=uwPGLyWkOqBrTnj9CsfuTJCPe29sWZS2cuIStylqc6U&ts=1726611675&e=0"]},{"title":"2 izb. byt v tichej lokalite, MATÚŠKOVA ul.","address":"Matúškova, Bratislava III - Nové Mesto, okres Bratislava","rooms":2,"meters":60,"totalPrice":179900,"meterSquarePrice":3,"link":"https://www.nehnutelnosti.sk/detail/Jus8Cw57uWG/2-izb-byt-v-tichej-lokalite-matuskova-ul","imagesUrls":["https://img.nehnutelnosti.sk/foto/NjAweDMzOC9maWx0ZXJzOnF1YWxpdHkoMTAwKS9uZWg=/XgRdkvC6A_fss?st=fMnnBOJLKauUNwjrBGMP1EPxnIHf_Pie-MROmsrDm8w&ts=1726611667&e=0"]},{"title":"2 izb. byt, Smolenice, s výhľadom na zámok","address":"Trnavská, Smolenice, okres Trnava","rooms":2,"meters":56,"totalPrice":119900,"meterSquarePrice":8,"link":"https://www.nehnutelnosti.sk/detail/Juczup9IRLv/2-izb-byt-smolenice-s-vyhladom-na-zamok","imagesUrls":["https://img.nehnutelnosti.sk/foto/NjAweDMzOC9maWx0ZXJzOnF1YWxpdHkoMTAwKS9uZWg=/uGfd5h8pI0_fss?st=dmCv2yC8TSrdVA2Y2ivamcapvPnu-5GttDEtZQtGLFg&ts=1726611658&e=0"]},{"title":"1 izb. byt v novostavbe, SLIAČSKA ul","address":"Sliačska, Bratislava III - Nové Mesto, okres Bratislava","rooms":1,"meters":null,"totalPrice":null,"meterSquarePrice":null,"link":"https://www.nehnutelnosti.sk/detail/JuluruMoGtb/1-izb-byt-v-novostavbe-sliacska-ul","imagesUrls":["https://img.nehnutelnosti.sk/foto/NjAweDMzOC9maWx0ZXJzOnF1YWxpdHkoMTAwKS9uZWg=/Lcpn-jt0w_fss?st=3G3-9cMDwtGq3f0SFrN1FVfbYp1_HOY3sYp1_OBN_ZY&ts=1726611653&e=0"]},{"title":"3 izb. byt po komplet. rekonštrukcii, DRIEŇOVÁ ul.","address":"Drieňová, Bratislava II - Ružinov, okres Bratislava","rooms":3,"meters":66,"totalPrice":255900,"meterSquarePrice":6,"link":"https://www.nehnutelnosti.sk/detail/JucIduilS1D/3-izb-byt-po-komplet-rekonstrukcii-drienova-ul","imagesUrls":["https://img.nehnutelnosti.sk/foto/NjAweDMzOC9maWx0ZXJzOnF1YWxpdHkoMTAwKS9uZWg=/_aXe0EGwu_fss?st=vaijSYT3x4GNeX8Dc81J2arqImmg3qOrlAzek4COkZ8&ts=1726611680&e=0"]},{"title":"3,5 izb. byt s krásnym výhľadom, DRIEŇOVÁ ul.","address":"Drieňová, Bratislava II - Ružinov, okres Bratislava","rooms":4,"meters":66,"totalPrice":255900,"meterSquarePrice":6,"link":"https://www.nehnutelnosti.sk/detail/JuQWqrXT-BY/3-5-izb-byt-s-krasnym-vyhladom-drienova-ul","imagesUrls":["https://img.nehnutelnosti.sk/foto/NjAweDMzOC9maWx0ZXJzOnF1YWxpdHkoMTAwKS9uZWg=/JUN3VnDid_fss?st=fAlcL8dpIgJLWsdFnHwgwTXLTzE4su0w9NhVmTCZCKU&ts=1726611683&e=0"]},{"title":"3 izb. byt po novej rekonštrukcii, MUDROCHOVA ul","address":"Mudrochova, Bratislava III - Rača, okres Bratislava","rooms":3,"meters":64,"totalPrice":228900,"meterSquarePrice":3,"link":"https://www.nehnutelnosti.sk/detail/JuOI-BfpIi4/3-izb-byt-po-novej-rekonstrukcii-mudrochova-ul","imagesUrls":["https://img.nehnutelnosti.sk/foto/NjAweDMzOC9maWx0ZXJzOnF1YWxpdHkoMTAwKS9uZWg=/tsURBRExa7_fss?st=YGQ5Hd0XcymLHoZxuSnUQDF2vHFXNWz9BkXFzVLxDF4&ts=1726611687&e=0"]},{"title":"Novo zrekonštruovaná 2 garz., BEŇADICKÁ ul.","address":"Beňadická, Bratislava V - Petržalka, okres Bratislava","rooms":2,"meters":35,"totalPrice":169900,"meterSquarePrice":5,"link":"https://www.nehnutelnosti.sk/detail/Ju0Ew_dEuJ8/novo-zrekonstruovana-2-garz-benadicka-ul","imagesUrls":["https://img.nehnutelnosti.sk/foto/NjAweDMzOC9maWx0ZXJzOnF1YWxpdHkoMTAwKS9uZWg=/_CacqcsiE_fss?st=LgmAhHEyCFjTgSXsH0Jj0PzG5lX2RMFbgwcN-Vaz7YQ&ts=1726611671&e=0"]},{"title":"kompletne zrekonštr. 3 izb. byt, PRIBIŠOVA ul.","address":"Pribišova, Bratislava IV - Karlova Ves, okres Bratislava","rooms":3,"meters":70,"totalPrice":255000,"meterSquarePrice":6,"link":"https://www.nehnutelnosti.sk/detail/Ju0yt7kr84k/kompletne-zrekonstr-3-izb-byt-pribisova-ul","imagesUrls":["https://img.nehnutelnosti.sk/foto/NjAweDMzOC9maWx0ZXJzOnF1YWxpdHkoMTAwKS9uZWg=/LEsLM-Ceq_fss?st=lWny1iEPH1A6eIkRwpL2A9aJ679GOo6yUXO3xNnHt3U&ts=1726611662&e=0"]},{"title":"3 izb. byt po rekonštrukcii, J.SMREKA","address":"Jána Smreka, Bratislava IV - Devínska Nová Ves, okres Bratislava","rooms":3,"meters":65,"totalPrice":199900,"meterSquarePrice":8,"link":"https://www.nehnutelnosti.sk/detail/JuOD-NwjlxqC/3-izb-byt-po-rekonstrukcii-j-smreka","imagesUrls":["https://img.nehnutelnosti.sk/foto/NjAweDMzOC9maWx0ZXJzOnF1YWxpdHkoMTAwKS9uZWg=/nMDpgnzlY_fss?st=8UgUP8ArRqPf0OaTwkm8mb7WQUB2920IwcFe-iXT6Ck&ts=1726611635&e=0"]},{"title":"4 izbový byt s ideálnou polohou, MOSKOVSKÁ ul.","address":"Moskovská, Bratislava I - Staré Mesto, okres Bratislava","rooms":4,"meters":83,"totalPrice":369900,"meterSquarePrice":1,"link":"https://www.nehnutelnosti.sk/detail/JupR7qafnhxv/4-izbovy-byt-s-idealnou-polohou-moskovska-ul","imagesUrls":["https://img.nehnutelnosti.sk/foto/NjAweDMzOC9maWx0ZXJzOnF1YWxpdHkoMTAwKS9uZWg=/CIRrtg3aVF_fss?st=WCRqSMxyGzSdD6IYFWhe7PKamIjrqKPElTKOG5k9SEE&ts=1726611639&e=0"]},{"title":"3 izbový byt, Jurigovo námestie","address":"Jurigovo námestie, Bratislava IV - Karlova Ves, okres Bratislava","rooms":3,"meters":73,"totalPrice":194900,"meterSquarePrice":6,"link":"https://www.nehnutelnosti.sk/detail/Juq_vn-_-uY/3-izbovy-byt-jurigovo-namestie","imagesUrls":["https://img.nehnutelnosti.sk/foto/NjAweDMzOC9maWx0ZXJzOnF1YWxpdHkoMTAwKS9uZWg=/QaDqJCO-2_fss?st=kAPvWSTKhYnHVxuaM2-5Ls-MSU1thdEbNybOj3lQi9k&ts=1726611646&e=0"]},{"title":"3 izb. byt Bakošova ul. po kompletnej rekonštrukcii","address":"Bakošova, Bratislava IV - Lamač, okres Bratislava","rooms":3,"meters":70,"totalPrice":249000,"meterSquarePrice":4,"link":"https://www.nehnutelnosti.sk/detail/Ju0nFKcDuwi/3-izb-byt-bakosova-ul-po-kompletnej-rekonstrukcii","imagesUrls":["https://img.nehnutelnosti.sk/foto/NjAweDMzOC9maWx0ZXJzOnF1YWxpdHkoMTAwKS9uZWg=/zW-u_42TTF_fss?st=6PnxqSmdAdvgbh35ooKjdGSbKOOQ1rH06YsZasjif0c&ts=1726611649&e=0"]},{"title":"2 izb. byt v NOVOSTAVBE Retro","address":"Nevädzová, Bratislava II - Ružinov, okres Bratislava","rooms":2,"meters":53,"totalPrice":249900,"meterSquarePrice":7,"link":"https://www.nehnutelnosti.sk/detail/JujnMrG5Ggr/2-izb-byt-v-novostavbe-retro","imagesUrls":["https://img.nehnutelnosti.sk/foto/NjAweDMzOC9maWx0ZXJzOnF1YWxpdHkoMTAwKS9uZWg=/Put_jtbsB_fss?st=S2uEZfFnMeo7yNpWsDN5J7pWIbq-isZY8cQfHghbYbg&ts=1726611616&e=0"]},{"title":"1 izb. byt po novej rekonštrukcii, Závadská ul.","address":"Závadská, Bratislava III - Rača, okres Bratislava","rooms":1,"meters":38,"totalPrice":137900,"meterSquarePrice":5,"link":"https://www.nehnutelnosti.sk/detail/JuIASK22izO/1-izb-byt-po-novej-rekonstrukcii-zavadska-ul","imagesUrls":["https://img.nehnutelnosti.sk/foto/NjAweDMzOC9maWx0ZXJzOnF1YWxpdHkoMTAwKS9uZWg=/jceeZn88H_fss?st=VTU_g8UdrmJSIBoeUO6sPrvY-ac0s_jl-wZHndtrsFg&ts=1726611595&e=0"]},{"title":"Jedinečný 3 izb. byt v novostavbe na ul. M. Granca","address":"Ulica Martina Granca, Bratislava IV - Dúbravka, okres Bratislava","rooms":3,"meters":88,"totalPrice":377000,"meterSquarePrice":9,"link":"https://www.nehnutelnosti.sk/detail/Junj4HAtx1S/jedinecny-3-izb-byt-v-novostavbe-na-ul-m-granca","imagesUrls":["https://img.nehnutelnosti.sk/foto/NjAweDMzOC9maWx0ZXJzOnF1YWxpdHkoMTAwKS9uZWg=/mQ1ojtsPuD_fss?st=Y4Vbz8WP8zynS11PdDhowC0zUWFOkRnbqq8Vrb1ePCU&ts=1726611626&e=0"]},{"title":"2 izb. byt v novostavbe OMNIA, Tomášikova ul.","address":"Tomášikova, Bratislava II - Ružinov, okres Bratislava","rooms":2,"meters":52,"totalPrice":257900,"meterSquarePrice":2,"link":"https://www.nehnutelnosti.sk/detail/Ju5ClJSKZPV/2-izb-byt-v-novostavbe-omnia-tomasikova-ul","imagesUrls":["https://img.nehnutelnosti.sk/foto/NjAweDMzOC9maWx0ZXJzOnF1YWxpdHkoMTAwKS9uZWg=/SQkvn3SHpz_fss?st=4PKgvAcN_r-NTlv4bESzi9PHCpTGe10gwyoV7-3oSqA&ts=1726611601&e=0"]},{"title":"2 izb. byt v novostavbe, TESLOVA ul.","address":"Teslova, Bratislava II - Ružinov, okres Bratislava","rooms":2,"meters":64,"totalPrice":279900,"meterSquarePrice":1,"link":"https://www.nehnutelnosti.sk/detail/JulV8bjQft1/2-izb-byt-v-novostavbe-teslova-ul","imagesUrls":["https://img.nehnutelnosti.sk/foto/NjAweDMzOC9maWx0ZXJzOnF1YWxpdHkoMTAwKS9uZWg=/nZECbSJ3e_fss?st=dmD9aolEK0JAmuXS1hb1H55zKuTbK_YQ_2kxjDIChVA&ts=1726611606&e=0"]},{"title":"4 izb. byt v novostavbe OMNIA, Tomášikova ul.","address":"Tomášikova, Bratislava II - Ružinov, okres Bratislava","rooms":4,"meters":95,"totalPrice":447500,"meterSquarePrice":9,"link":"https://www.nehnutelnosti.sk/detail/JuIDor1LL_C/4-izb-byt-v-novostavbe-omnia-tomasikova-ul","imagesUrls":["https://img.nehnutelnosti.sk/foto/NjAweDMzOC9maWx0ZXJzOnF1YWxpdHkoMTAwKS9uZWg=/DYKWLMyRz_fss?st=Z7MVf1OMGQJaW63cLDl1ZKZ6icAA4zfkwH6Os5OwqVI&ts=1726611598&e=0"]},{"title":"2 izb. byt TRNAVSKÁ CESTA, kompletne zrekonšruovaný","address":"Trnavská cesta, Bratislava II - Ružinov, okres Bratislava","rooms":2,"meters":56,"totalPrice":229900,"meterSquarePrice":2,"link":"https://www.nehnutelnosti.sk/detail/JuTD687bugq/2-izb-byt-trnavska-cesta-kompletne-zrekonsruovany","imagesUrls":["https://img.nehnutelnosti.sk/foto/NjAweDMzOC9maWx0ZXJzOnF1YWxpdHkoMTAwKS9uZWg=/nc2MLSqtk_fss?st=j6k0PeeU935YC1kjBLBXIS_tYKraJSs9rXCF-PBNuVk&ts=1726611577&e=0"]},{"title":"moderne zrekonštr. byt, NÁM. BIELY KRÍŽ","address":"Námestie Biely Kríž, Bratislava III - Nové Mesto, okres Bratislava","rooms":null,"meters":17,"totalPrice":114900,"meterSquarePrice":2,"link":"https://www.nehnutelnosti.sk/detail/JuE8_pNd8sM/moderne-zrekonstr-byt-nam-biely-kriz","imagesUrls":["https://img.nehnutelnosti.sk/foto/NjAweDMzOC9maWx0ZXJzOnF1YWxpdHkoMTAwKS9uZWg=/00gwp6eKT_fss?st=DXY333AjoA1zxI8ymOzujnYEMiB6DbTS7SWTG5pISXo&ts=1726611593&e=0"]},{"title":"2 izb. byt, TRANOVSKÉHO ul., po novej rekonštrukcii","address":"Tranovského, Bratislava IV - Dúbravka, okres Bratislava","rooms":2,"meters":47,"totalPrice":174900,"meterSquarePrice":9,"link":"https://www.nehnutelnosti.sk/detail/JuSkr3RddlT/2-izb-byt-tranovskeho-ul-po-novej-rekonstrukcii","imagesUrls":["https://img.nehnutelnosti.sk/foto/NjAweDMzOC9maWx0ZXJzOnF1YWxpdHkoMTAwKS9uZWg=/OSJ4UWTlK_fss?st=AHTk3khJiz0_xR2IEjNUNB2dhCtFE5vxxCpsofR1GTU&ts=1726611564&e=0"]},{"title":"Kompletne zrekonštruovaný 1 izb. byt, ONDAVSKÁ ul.","address":"Ondavská, Bratislava II - Ružinov, okres Bratislava","rooms":1,"meters":34,"totalPrice":169900,"meterSquarePrice":5,"link":"https://www.nehnutelnosti.sk/detail/JuCoX9d7634/kompletne-zrekonstruovany-1-izb-byt-ondavska-ul","imagesUrls":["https://img.nehnutelnosti.sk/foto/NjAweDMzOC9maWx0ZXJzOnF1YWxpdHkoMTAwKS9uZWg=/n10EFgTnlQ_fss?st=Jcp5UIFJwr2y-HFqCqGhBXW_BfxiMYWc-CDoL6xpZ_k&ts=1726611565&e=0"]},{"title":"3 izb. byt po rekonštrukcii, Lietavská ulica","address":"Lietavská, Bratislava V - Petržalka, okres Bratislava","rooms":3,"meters":64,"totalPrice":229900,"meterSquarePrice":3,"link":"https://www.nehnutelnosti.sk/detail/JuzJ9HGBA_j/3-izb-byt-po-rekonstrukcii-lietavska-ulica","imagesUrls":["https://img.nehnutelnosti.sk/foto/NjAweDMzOC9maWx0ZXJzOnF1YWxpdHkoMTAwKS9uZWg=/xCoRQRlihe_fss?st=TPOLhii3SSssgJU8CrvhtFP8eDSwAB7Z-zb0-drvu4I&ts=1726611589&e=0"]},{"title":"1 izb. byt, KAZANSKÁ ul., po kompletnej  novej rekonštrukcii","address":"Kazanská, Bratislava II - Podunajské Biskupice, okres Bratislava","rooms":1,"meters":34,"totalPrice":138900,"meterSquarePrice":0,"link":"https://www.nehnutelnosti.sk/detail/Jus4fIudUV-/1-izb-byt-kazanska-ul-po-kompletnej-novej-rekonstrukcii","imagesUrls":["https://img.nehnutelnosti.sk/foto/NjAweDMzOC9maWx0ZXJzOnF1YWxpdHkoMTAwKS9uZWg=/vjUkPDQiR6_fss?st=CQEUJ-PMvsn0zu7NtvQ4TMVZvlHpBSkSTu3Jpipx2N0&ts=1726611573&e=0"]},{"title":"1 izb. byt po komplet. rekonštrukcii, ŠÁNDOROVA ul.","address":"Šándorova, Bratislava II - Ružinov, okres Bratislava","rooms":1,"meters":36,"totalPrice":169900,"meterSquarePrice":9,"link":"https://www.nehnutelnosti.sk/detail/JuCmif8uEeH/1-izb-byt-po-komplet-rekonstrukcii-sandorova-ul","imagesUrls":["https://img.nehnutelnosti.sk/foto/NjAweDMzOC9maWx0ZXJzOnF1YWxpdHkoMTAwKS9uZWg=/_Ku7fLSTAm_fss?st=htcgMfI8lzLMhggmASVZZ8pyNzf3bLOo7bFKH0ZzlDU&ts=1726611580&e=0"]},{"title":"3 izb. byt, KAPUŠIANSKA ul., po NOVEJ rekonštrukcii","address":"Kapušianska, Bratislava II - Ružinov, okres Bratislava","rooms":3,"meters":57,"totalPrice":214900,"meterSquarePrice":1,"link":"https://www.nehnutelnosti.sk/detail/Ju2Kf6lyery/3-izb-byt-kapusianska-ul-po-novej-rekonstrukcii","imagesUrls":["https://img.nehnutelnosti.sk/foto/NjAweDMzOC9maWx0ZXJzOnF1YWxpdHkoMTAwKS9uZWg=/TAY_DcreFq_fss?st=K3rtYRgg_x9IhHZsj3U_Glk8SpcijDTA3-UE2WVfyqQ&ts=1726611563&e=0"]},{"title":"3 izb. byt, STROMOVÁ ul. po novej rekonštrukcii","address":"Stromová, Bratislava III - Nové Mesto, okres Bratislava","rooms":3,"meters":57,"totalPrice":224900,"meterSquarePrice":1,"link":"https://www.nehnutelnosti.sk/detail/JuSdRQjxWqXN/3-izb-byt-stromova-ul-po-novej-rekonstrukcii","imagesUrls":["https://img.nehnutelnosti.sk/foto/NjAweDMzOC9maWx0ZXJzOnF1YWxpdHkoMTAwKS9uZWg=/6adI6fHvLE_fss?st=cTAGU6FZkNvI6CUC0sq6u9V9kegXP92bT4S05tJ_MDI&ts=1726611591&e=0"]},{"title":"Priestranný 3,5 izbový byt ŠTETINOVA ul.","address":"Štetinová, Bratislava I - Staré Mesto, okres Bratislava","rooms":4,"meters":100,"totalPrice":459900,"meterSquarePrice":9,"link":"https://www.nehnutelnosti.sk/detail/JuCaMA7f0ak/priestranny-3-5-izbovy-byt-stetinova-ul","imagesUrls":["https://img.nehnutelnosti.sk/foto/NjAweDMzOC9maWx0ZXJzOnF1YWxpdHkoMTAwKS9uZWg=/V6nHuQO51-_fss?st=vDt4bO5QST5hZFekgz-6uU6j_Kc5-IqCxb7_ha4mrXg&ts=1726611555&e=0"]},{"title":"3 izb. byt, KADNÁROVA ul., ktorý môže byť zrekonštr. podľa Vašich predstáv","address":"Kadnárova, Bratislava III - Rača, okres Bratislava","rooms":3,"meters":60,"totalPrice":219900,"meterSquarePrice":5,"link":"https://www.nehnutelnosti.sk/detail/Ju16Jj4_Cj0/3-izb-byt-kadnarova-ul-ktory-moze-byt-zrekonstr-podla-vasich-predstav","imagesUrls":["https://img.nehnutelnosti.sk/foto/NjAweDMzOC9maWx0ZXJzOnF1YWxpdHkoMTAwKS9uZWg=/8TM58mp2o_fss?st=gIBuhHhWJYRa9xI_hfKGd0XJN76sNVgJO3GfsLGBFu0&ts=1726611552&e=0"]}]