[{"title":"REZERVOVANÉ - 2-izbový byt po kompletnej rekonštrukcii, Exnárova, KE - Furča","address":"Exnárová, Košice III - Dargovských Hrdinov, okres Košice","rooms":2,"meters":58,"totalPrice":156000,"meterSquarePrice":6,"link":"https://www.nehnutelnosti.sk/detail/Ju1eV8jleZU/rezervovane-2-izbovy-byt-po-kompletnej-rekonstrukcii-exnarova-ke-furca","imagesUrls":["https://img.unitedclassifieds.sk/foto/NjAweDMzOC9maWx0ZXJzOnF1YWxpdHkoMTAwKS9qdWw=/r4CduYyqS_fss?st=wOB0ivtolE0Xx8E54kNHVIbR8vzzA9NGn9koTv6GyQ8&ts=1724926036&e=0"]},{"title":"Predaj 2 izbový byt Turá / Levice 15km/","address":"Turá, okres Levice","rooms":2,"meters":50,"totalPrice":29000,"meterSquarePrice":0,"link":"https://www.nehnutelnosti.sk/detail/JuY9ozG37sk/predaj-2-izbovy-byt-tura-levice-15km","imagesUrls":["https://img.unitedclassifieds.sk/foto/NjAweDMzOC9maWx0ZXJzOnF1YWxpdHkoMTAwKS9qdWw=/Htjm7IRiU_fss?st=XmncIjS8A23gb3gSpuWxrLl7ptW_eAzqR5TL2FellBM&ts=1710705651&e=0"]},{"title":"Ponúkame na predaj 5izb. byt v centra mesta Snina","address":"Snina, Snina, okres Snina","rooms":5,"meters":120,"totalPrice":118000,"meterSquarePrice":3,"link":"https://www.nehnutelnosti.sk/detail/Ju7TQ_hnTfZ/ponukame-na-predaj-5izb-byt-v-centra-mesta-snina","imagesUrls":["https://img.nehnutelnosti.sk/foto/NjAweDMzOC9maWx0ZXJzOnF1YWxpdHkoMTAwKS9uZWg=/4eDccaykR_fss?st=kA2IYDsvoOpbplnWkgdjq9V93OOxGomHKikEWjboTjA&ts=1723623658&e=0"]},{"title":"Na predaj zrekonštruovaný zariadený 1-izbový byt s vynikajúcou dispozíciou na Ulici Ľ. Štúra v Novýc","address":"Ľ. Štúra, Nové Zámky, okres Nové Zámky","rooms":1,"meters":35,"totalPrice":75000,"meterSquarePrice":6,"link":"https://www.nehnutelnosti.sk/detail/JuqAI1p7uBU/na-predaj-zrekonstruovany-zariadeny-1-izbovy-byt-s-vynikajucou-dispoziciou-na-ulici-l-stura-v-novyc","imagesUrls":["https://img.unitedclassifieds.sk/foto/NjAweDMzOC9maWx0ZXJzOnF1YWxpdHkoMTAwKS9qdWw=/ySHb0k72a_fss?st=1Ga_6EBG-eQncMnrDoe6cMWPLUN7bs2I6eX2shOZyWI&ts=1723614458&e=0"]},{"title":"Byt Brezno","address":"Májového povstania českého ľudu , Brezno, okres Brezno","rooms":3,"meters":null,"totalPrice":null,"meterSquarePrice":null,"link":"https://www.nehnutelnosti.sk/detail/Juh9o9ef3Nt/byt-brezno","imagesUrls":[]},{"title":"PREDAJ 3-izb. mezonet, projekt Byty pod Rotundou, Skalica","address":"Skalica, okres Skalica","rooms":3,"meters":100,"totalPrice":null,"meterSquarePrice":null,"link":"https://www.nehnutelnosti.sk/detail/JugCnq6k8ba/predaj-3-izb-mezonet-projekt-byty-pod-rotundou-skalica","imagesUrls":["https://img.nehnutelnosti.sk/foto/NjAweDMzOC9maWx0ZXJzOnF1YWxpdHkoMTAwKS9uZWg=/U6abLICOL_fss?st=iAn60es1qigT6mNCggT-a2kiCtCeucyyNOxSUBAhfns&ts=1715789518&e=0"]},{"title":"Posledný penthouse v projekte Damian Jasná Hotel Resort & Residences","address":"Demänovská dolina, Demänovská Dolina, okres Liptovský Mikuláš","rooms":null,"meters":77,"totalPrice":450000,"meterSquarePrice":6,"link":"https://www.nehnutelnosti.sk/detail/JuzfU5kKdc-/posledny-penthouse-v-projekte-damian-jasna-hotel-resort-residences","imagesUrls":["https://img.nehnutelnosti.sk/foto/NjAweDMzOC9maWx0ZXJzOnF1YWxpdHkoMTAwKS9uZWg=/zbP5CKMMP_fss?st=SBrZsuIRwccPGCc-qAuYLWciU5FoGWrqq1C6S36iDHg&ts=1726670725&e=0"]},{"title":"PREDAJ - veľký 2i byt, 64m2, tehlová bytovka, Nitra-Staré Mesto","address":"Nitra, okres Nitra","rooms":2,"meters":66,"totalPrice":154000,"meterSquarePrice":3,"link":"https://www.nehnutelnosti.sk/detail/Juh0B8PzMdr/predaj-velky-2i-byt-64m2-tehlova-bytovka-nitra-stare-mesto","imagesUrls":["https://img.nehnutelnosti.sk/foto/NjAweDMzOC9maWx0ZXJzOnF1YWxpdHkoMTAwKS9uZWg=/Uz8kY8xuQ_fss?st=66A8c7aDB4pQK_KCnxLCiVUvkdHO3SM_r8hGADu5gIM&ts=1719216184&e=0"]},{"title":"2, 3 a 4 izbové byty – Záhorská Bystrica, vo výstavbe","address":"Bratislava IV - Záhorská Bystrica, okres Bratislava","rooms":3,"meters":80,"totalPrice":283900,"meterSquarePrice":8,"link":"https://www.nehnutelnosti.sk/detail/JurMpWqZHiV/2-3-a-4-izbove-byty-zahorska-bystrica-vo-vystavbe","imagesUrls":["https://img.nehnutelnosti.sk/foto/NjAweDMzOC9maWx0ZXJzOnF1YWxpdHkoMTAwKS9uZWg=/rE-9dhZNY_fss?st=hZqtgBXsbAfEJN3UbrHmNZNqyxxcVmsu4TK-4dZ55EA&ts=1676896375&e=0"]},{"title":"Na predaj veľký 72m2 byt 3-izb., balkón, 2 veľké pivnice, záhrada.","address":"Kolíňany, okres Nitra","rooms":3,"meters":null,"totalPrice":null,"meterSquarePrice":null,"link":"https://www.nehnutelnosti.sk/detail/Ju699X7vrsN/na-predaj-velky-72m2-byt-3-izb-balkon-2-velke-pivnice-zahrada","imagesUrls":["https://img.nehnutelnosti.sk/foto/NjAweDMzOC9maWx0ZXJzOnF1YWxpdHkoMTAwKS9uZWg=/cTFSoJ9lo_fss?st=OEBGXp1VohiU1Mf6Uma0GqtcOc0S8Y5vmaiENWz3_OA&ts=1723576591&e=0"]},{"title":"2-izbový byt s parkingom na Tupého ulici","address":"Tupého, Bratislava III - Nové Mesto, okres Bratislava","rooms":2,"meters":63,"totalPrice":249000,"meterSquarePrice":8,"link":"https://www.nehnutelnosti.sk/detail/Ju03KXefFBp/2-izbovy-byt-s-parkingom-na-tupeho-ulici","imagesUrls":["https://img.nehnutelnosti.sk/foto/NjAweDMzOC9maWx0ZXJzOnF1YWxpdHkoMTAwKS9uZWg=/_Lz8iG1Py_fss?st=hr07Jo-FUy7gr3GXkaRf6y0CzIOUE-7Vds3lf6-kJHk&ts=1725438687&e=0"]},{"title":"Slnečný 3-izbový byt v komplexe Parkville na Kolibe","address":"Strážna , Bratislava III - Nové Mesto, okres Bratislava","rooms":3,"meters":90,"totalPrice":460000,"meterSquarePrice":1,"link":"https://www.nehnutelnosti.sk/detail/JuIMteHPzZV/slnecny-3-izbovy-byt-v-komplexe-parkville-na-kolibe","imagesUrls":["https://img.nehnutelnosti.sk/foto/NjAweDMzOC9maWx0ZXJzOnF1YWxpdHkoMTAwKS9uZWg=/2hME_D6Sd7_fss?st=GxSGlzPeGW2uRg8aRceeyba3c07ySvJDBo0a_78ZHTQ&ts=1726058924&e=0"]},{"title":"2, 3 a 4 izbové byty – Záhorská Bystrica, vo výstavbe","address":"Bratislava IV - Záhorská Bystrica, okres Bratislava","rooms":4,"meters":121,"totalPrice":666700,"meterSquarePrice":8,"link":"https://www.nehnutelnosti.sk/detail/JuP6hOTFoVc/2-3-a-4-izbove-byty-zahorska-bystrica-vo-vystavbe","imagesUrls":["https://img.nehnutelnosti.sk/foto/NjAweDMzOC9maWx0ZXJzOnF1YWxpdHkoMTAwKS9uZWg=/f1Cd3PAp9_fss?st=FtPGS-XKQZ5gRGctOaj6XSIl5D7YLPUPVLzhN4QjsyQ&ts=1676896375&e=0"]},{"title":"Obchodná verejná súťaž na predaj prebytočného majetku - Byt na ul. S. Chalupku - Verejná súťaž ukonč","address":"Sama Chalupku, Prievidza, okres Prievidza","rooms":2,"meters":77,"totalPrice":55000,"meterSquarePrice":9,"link":"https://www.nehnutelnosti.sk/detail/JuGf7Qa6J2R/obchodna-verejna-sutaz-na-predaj-prebytocneho-majetku-byt-na-ul-s-chalupku-verejna-sutaz-ukonc","imagesUrls":["https://img.nehnutelnosti.sk/foto/NjAweDMzOC9maWx0ZXJzOnF1YWxpdHkoMTAwKS9uZWg=/ZD71amoNxt_fss?st=OG2__3-AUtFdk3oUzhoGNhHuwaoYmULSuDDnJHNkVOQ&ts=1715806754&e=0"]},{"title":"Predaj 1,5 izbového bytu v meste Snina","address":"Snina, Snina, okres Snina","rooms":2,"meters":44,"totalPrice":36000,"meterSquarePrice":8,"link":"https://www.nehnutelnosti.sk/detail/JuphZNwupRm/predaj-1-5-izboveho-bytu-v-meste-snina","imagesUrls":["https://img.nehnutelnosti.sk/foto/NjAweDMzOC9maWx0ZXJzOnF1YWxpdHkoMTAwKS9uZWg=/ILQtVbSp7_fss?st=KMEm3ubOPLLid3BSwSBzP39apJJovwIoLy1mFqsw5Fc&ts=1723567385&e=0"]},{"title":"Skolaudovaný! 4 izbový byt v blízkosti centra mesta. V cene chladené stropy, podlahové kúrenie a piv","address":"Prístavná 1, Bratislava II - Ružinov, okres Bratislava","rooms":4,"meters":142,"totalPrice":626900,"meterSquarePrice":6,"link":"https://www.nehnutelnosti.sk/detail/Ju8t_rcVyWu/skolaudovany-4-izbovy-byt-v-blizkosti-centra-mesta-v-cene-chladene-stropy-podlahove-kurenie-a-piv","imagesUrls":["https://img.unitedclassifieds.sk/foto/NjAweDMzOC9maWx0ZXJzOnF1YWxpdHkoMTAwKS9qdWw=/AJzjsGBOr_fss?st=urJbOUaQtKqO8kNq9L6miBznePqcUqd6tdpS3RVG0r0&ts=1713882152&e=0"]},{"title":"Predaj 3-izb. bytu v blízkosti centra mesta Zvolen","address":"E. M. Šoltésovej, Zvolen, okres Zvolen","rooms":3,"meters":66,"totalPrice":129900,"meterSquarePrice":8,"link":"https://www.nehnutelnosti.sk/detail/JuVORzMyilC/predaj-3-izb-bytu-v-blizkosti-centra-mesta-zvolen","imagesUrls":["https://img.nehnutelnosti.sk/foto/NjAweDMzOC9maWx0ZXJzOnF1YWxpdHkoMTAwKS9uZWg=/Kc2Se4nGb_fss?st=i5lf3-MYu7pUYSyZNAgPML0MApA7QRAhGtKoolX34BA&ts=1715932902&e=0"]},{"title":"Na predaj 3izbový byt - Dobrianskeho - mesto Humenné","address":"Dobrianského, Humenné, okres Humenné","rooms":3,"meters":70,"totalPrice":95000,"meterSquarePrice":4,"link":"https://www.nehnutelnosti.sk/detail/Ju_z9NGodWQ/na-predaj-3izbovy-byt-dobrianskeho-mesto-humenne","imagesUrls":["https://img.nehnutelnosti.sk/foto/NjAweDMzOC9maWx0ZXJzOnF1YWxpdHkoMTAwKS9uZWg=/ARuDfhj4XI_fss?st=OzD0S1EJj2BikH5u2mev6L2LJA0p4Y4Q_RHNQBEjCng&ts=1724746962&e=0"]},{"title":"Priestranný 2 izbový byt v pokojnej lokalite Starého mesta","address":"Ferienčíkova, Bratislava I - Staré Mesto, okres Bratislava","rooms":2,"meters":113,"totalPrice":226000,"meterSquarePrice":0,"link":"https://www.nehnutelnosti.sk/detail/JunXgK5Msrh/priestranny-2-izbovy-byt-v-pokojnej-lokalite-stareho-mesta","imagesUrls":["https://img.nehnutelnosti.sk/foto/NjAweDMzOC9maWx0ZXJzOnF1YWxpdHkoMTAwKS9uZWg=/wyP3mRcLj6_fss?st=WA-epD0iUt0cvsAZnfx8dpDuNN8mMuUO-wKT2E6pRwE&ts=1726141820&e=0"]},{"title":"Útulná dvojgarsónka s plánovaným balkónom na obľúbenom sídlisku Vinohrady","address":"Levice, okres Levice","rooms":null,"meters":45,"totalPrice":65000,"meterSquarePrice":4,"link":"https://www.nehnutelnosti.sk/detail/JuCuYSqrmSE/utulna-dvojgarsonka-s-planovanym-balkonom-na-oblubenom-sidlisku-vinohrady","imagesUrls":["https://img.unitedclassifieds.sk/foto/NjAweDMzOC9maWx0ZXJzOnF1YWxpdHkoMTAwKS9qdWw=/WTMCh-v0t_fss?st=MuuN38wsxakKlid0Zn0ylWNu-rl79AV40rfyV5D5Yt8&ts=1723559766&e=0"]},{"title":"2 izbový byt, loggia - Lučenec ID 2228","address":"Rúbanisko III, Lučenec, okres Lučenec","rooms":2,"meters":48,"totalPrice":55850,"meterSquarePrice":4,"link":"https://www.nehnutelnosti.sk/detail/JuKB4BfYVkq/2-izbovy-byt-loggia-lucenec-id-2228","imagesUrls":["https://img.nehnutelnosti.sk/foto/NjAweDMzOC9maWx0ZXJzOnF1YWxpdHkoMTAwKS9uZWg=/_gwO-wYxV_fss?st=aj4ErV7QDCWpto4S8iPw8TLIN2gCXIRbBuwhTJ4KyL0&ts=1723559760&e=0"]},{"title":"Piešťany -  3 izbový byt Mateja Bela -  čiastočná rekonštrukcia -  ID 23034","address":"Mateja Bela, Piešťany, okres Piešťany","rooms":3,"meters":67,"totalPrice":137000,"meterSquarePrice":3,"link":"https://www.nehnutelnosti.sk/detail/JuE1kVnsbx5/piestany-3-izbovy-byt-mateja-bela-ciastocna-rekonstrukcia-id-23034","imagesUrls":["https://img.nehnutelnosti.sk/foto/NjAweDMzOC9maWx0ZXJzOnF1YWxpdHkoMTAwKS9uZWg=/uyguos6rA_fss?st=Qc1KcJJqMXXrUCOB22j4gXnZvV-J1sOyCYvElo5T4fk&ts=1695801747&e=0"]},{"title":"REZERVOVANÉ - 1,5i, OV, 40m2 + 6 metrová loggia, Západ, Kežmarská","address":"Kežmarská, Košice II - Západ, okres Košice","rooms":2,"meters":40,"totalPrice":149990,"meterSquarePrice":5,"link":"https://www.nehnutelnosti.sk/detail/JuDNjCExmbh/rezervovane-1-5i-ov-40m2-6-metrova-loggia-zapad-kezmarska","imagesUrls":["https://img.nehnutelnosti.sk/foto/NjAweDMzOC9maWx0ZXJzOnF1YWxpdHkoMTAwKS9uZWg=/aAXVPSzSCG_fss?st=Lw5DGMvhNvVQj_k2yJdnO3DxmnypkYVpFFpGQvewr6M&ts=1726418323&e=0"]},{"title":"2, 3 a 4 izbové byty – Záhorská Bystrica, vo výstavbe","address":"Bratislava IV - Záhorská Bystrica, okres Bratislava","rooms":2,"meters":51,"totalPrice":180700,"meterSquarePrice":8,"link":"https://www.nehnutelnosti.sk/detail/Juq5AJZ-1xn/2-3-a-4-izbove-byty-zahorska-bystrica-vo-vystavbe","imagesUrls":["https://img.nehnutelnosti.sk/foto/NjAweDMzOC9maWx0ZXJzOnF1YWxpdHkoMTAwKS9uZWg=/Esf1lzT5i_fss?st=ZxwARK_r4pGknNLjk8e7a23BBLxCzT7ec5Uhga8uq1E&ts=1676896377&e=0"]},{"title":"Exk. krásne prerobený moderný 2 iz byt v úplnom centre Piešťan","address":"Pribinova, Piešťany, okres Piešťany","rooms":2,"meters":68,"totalPrice":199900,"meterSquarePrice":1,"link":"https://www.nehnutelnosti.sk/detail/Juk-fg_CMrD/exk-krasne-prerobeny-moderny-2-iz-byt-v-uplnom-centre-piestan","imagesUrls":["https://img.unitedclassifieds.sk/foto/NjAweDMzOC9maWx0ZXJzOnF1YWxpdHkoMTAwKS9qdWw=/F8n2DsYYX9_fss?st=0B33XQd1_FuBNGUUNARcLlGrwXtyO5ix0rcqIyKrvXY&ts=1726757556&e=0"]},{"title":"2-izbový, kompletná rekonštrukcia, klíma, Podunajské Biskupice, Hronská","address":"Hronská, Bratislava II - Podunajské Biskupice, okres Bratislava","rooms":2,"meters":35,"totalPrice":139900,"meterSquarePrice":0,"link":"https://www.nehnutelnosti.sk/detail/JuKZ7DvyLaM/2-izbovy-kompletna-rekonstrukcia-klima-podunajske-biskupice-hronska","imagesUrls":["https://img.nehnutelnosti.sk/foto/NjAweDMzOC9maWx0ZXJzOnF1YWxpdHkoMTAwKS9uZWg=/vlIibdtig_fss?st=LdkB_6GSc0ckN5boDUbnKM43teRZoq6Vg8dcI-6i1pI&ts=1723555176&e=0"]},{"title":"Skolaudovaný 4 - izbový penthouse s vysokými stropmi, kde sa budete cítiť doma","address":"Prístavná 1, Bratislava II - Ružinov, okres Bratislava","rooms":4,"meters":194,"totalPrice":849900,"meterSquarePrice":2,"link":"https://www.nehnutelnosti.sk/detail/JubmhEhSj5j/skolaudovany-4-izbovy-penthouse-s-vysokymi-stropmi-kde-sa-budete-citit-doma","imagesUrls":["https://img.unitedclassifieds.sk/foto/NjAweDMzOC9maWx0ZXJzOnF1YWxpdHkoMTAwKS9yc2Y=/4pfVDvM4o_fss?st=J9cy8tyHy_m7YvLzXwZE2BMaWFc5KaqduAQZSLtBs6s&ts=1647617731&e=0"]},{"title":"Dvojizbový byt s balkónom v centre Fiľakova","address":"Parková, Fiľakovo, okres Lučenec","rooms":2,"meters":62,"totalPrice":59000,"meterSquarePrice":3,"link":"https://www.nehnutelnosti.sk/detail/JuHxMJIk56r/dvojizbovy-byt-s-balkonom-v-centre-filakova","imagesUrls":["https://img.unitedclassifieds.sk/foto/NjAweDMzOC9maWx0ZXJzOnF1YWxpdHkoMTAwKS9qdWw=/tCuAnMOtv_fss?st=VKuybiUTXT_82mLyqtQxBSoazX23Kja_vFPll8IH6wI&ts=1719340748&e=0"]},{"title":"GODDESS & ASSENZIO - PREDAJ - 2 IZBOVÝ BYT 60M2 s balkónom - ulica MEDZILABORECKÁ - RUŽINOV","address":"Medzilaborecká, Bratislava II - Ružinov, okres Bratislava","rooms":2,"meters":60,"totalPrice":220000,"meterSquarePrice":7,"link":"https://www.nehnutelnosti.sk/detail/JuO81yDuaZH/goddess-assenzio-predaj-2-izbovy-byt-60m2-s-balkonom-ulica-medzilaborecka-ruzinov","imagesUrls":["https://img.nehnutelnosti.sk/foto/NjAweDMzOC9maWx0ZXJzOnF1YWxpdHkoMTAwKS9uZWg=/o76Pg1tNN_fss?st=D76AEWwF6UB1FoDDcfFTe8GhnlDGIPlslQ5tFio1dy4&ts=1726130807&e=0"]},{"title":"Exkluzívne slnečný 3 iz byt s lódžiou na ul. 8.mája v Piešťanoch REZERVOVANÝ","address":"8. mája, Piešťany, okres Piešťany","rooms":3,"meters":68,"totalPrice":130000,"meterSquarePrice":6,"link":"https://www.nehnutelnosti.sk/detail/Junsmg0o9Ca/exkluzivne-slnecny-3-iz-byt-s-lodziou-na-ul-8-maja-v-piestanoch-rezervovany","imagesUrls":["https://img.unitedclassifieds.sk/foto/NjAweDMzOC9maWx0ZXJzOnF1YWxpdHkoMTAwKS9qdWw=/yFiWVXGkw_fss?st=LozU6FEdr1gCOK6laZhMxIDIg2AEdCOo9LuvDlyhbEM&ts=1723547141&e=0"]}]