[{"title":"EXPERT BYVANIA - PREDAJ - 3 IZBOVÝ BYT - 78m2 - NA HORKE - ZNALECKY POSUDOK ZDARMA","address":"NA HORKE, Nitra, okres Nitra","rooms":3,"meters":78,"totalPrice":119900,"meterSquarePrice":8,"link":"https://www.nehnutelnosti.sk/detail/JurPiHNeIWw/expert-byvania-predaj-3-izbovy-byt-78m2-na-horke-znalecky-posudok-zdarma","imagesUrls":["https://img.nehnutelnosti.sk/foto/NjAweDMzOC9maWx0ZXJzOnF1YWxpdHkoMTAwKS9uZWg=/-9b5RHUkH_fss?st=3cwomN--WJrnte3lfH0cz9-etHm0-gm85AFtCxcKBCU&ts=1726058209&e=0"]},{"title":"EXPERT BYVANIA - PREDAJ - 3 IZBOVÝ BYT - JANA HUSA - ZNALECKY POSUDOK ZDARMA","address":"JANA HUSA, Trebišov, okres Trebišov","rooms":2,"meters":54,"totalPrice":73000,"meterSquarePrice":6,"link":"https://www.nehnutelnosti.sk/detail/JuNQPidLG2S/expert-byvania-predaj-3-izbovy-byt-jana-husa-znalecky-posudok-zdarma","imagesUrls":["https://img.nehnutelnosti.sk/foto/NjAweDMzOC9maWx0ZXJzOnF1YWxpdHkoMTAwKS9uZWg=/Aa0s1g7nl_fss?st=DciLdIOyejQ0cqcasxdzpt7WYzJOmVaybWyQEgS_YPc&ts=1726058202&e=0"]},{"title":"EXPERT BÝVANIA - PREDAJ - 2 IZBOVÝ BYT - DRÁŽOVCE - ZNALECKÝ POSUDOK ZDARMA","address":"DRÁŽOVCE, Nitra, okres Nitra","rooms":2,"meters":42,"totalPrice":119900,"meterSquarePrice":6,"link":"https://www.nehnutelnosti.sk/detail/JuZV-ZCh6YT/expert-byvania-predaj-2-izbovy-byt-drazovce-znalecky-posudok-zdarma","imagesUrls":["https://img.nehnutelnosti.sk/foto/NjAweDMzOC9maWx0ZXJzOnF1YWxpdHkoMTAwKS9uZWg=/Z4X_r-XoC_fss?st=3F3XYbalIp0gMNbprqkUpRCmT-N8noqAFov1-FOzv2U&ts=1726677426&e=0"]},{"title":"EXPERT BYVANIA - PREDAJ - 48m2 - ŠTIAVNICKÁ - 1 IZBOVÝ - ZNALECKÝ POSUDOK ZDARMA","address":"ŠTIAVNICKÁ, Nitra, okres Nitra","rooms":1,"meters":48,"totalPrice":140000,"meterSquarePrice":7,"link":"https://www.nehnutelnosti.sk/detail/JuRu-asPbsS/expert-byvania-predaj-48m2-stiavnicka-1-izbovy-znalecky-posudok-zdarma","imagesUrls":["https://img.nehnutelnosti.sk/foto/NjAweDMzOC9maWx0ZXJzOnF1YWxpdHkoMTAwKS9uZWg=/ci-XBpv1iG_fss?st=FXpotwR515OxpJpPpvFwCtp57O1lpVaTge8pShUu1Zw&ts=1726052275&e=0"]},{"title":"EXPERT BYVANIA - 3 IZBOVÝ BYT - STRÁŽSKE - ZNALECKÝ POSUDOK ZDARMA","address":"STRÁŽSKE, Strážske, okres Michalovce","rooms":3,"meters":64,"totalPrice":83000,"meterSquarePrice":8,"link":"https://www.nehnutelnosti.sk/detail/JuezsSgmIIJ/expert-byvania-3-izbovy-byt-strazske-znalecky-posudok-zdarma","imagesUrls":["https://img.nehnutelnosti.sk/foto/NjAweDMzOC9maWx0ZXJzOnF1YWxpdHkoMTAwKS9uZWg=/hJv0KZc8C_fss?st=pfHA-Celi9UMgftnLI5JoHQnXbcrTEFtEl9V-n8lZWY&ts=1726058195&e=0"]},{"title":"EXPERT BYVANIA - PREDAJ - GARSONKA - KYJEVSKA - ZNALECKY POSUDOK ZDARMA","address":"KYJEVSKÁ, Michalovce, okres Michalovce","rooms":null,"meters":28,"totalPrice":50000,"meterSquarePrice":1,"link":"https://www.nehnutelnosti.sk/detail/Ju-9qeiVUCw/expert-byvania-predaj-garsonka-kyjevska-znalecky-posudok-zdarma","imagesUrls":["https://img.nehnutelnosti.sk/foto/NjAweDMzOC9maWx0ZXJzOnF1YWxpdHkoMTAwKS9uZWg=/1zLAeKyVSP_fss?st=KeHH59luKDLaLt0HwKmEU-2aBNPIXWIVX95uMhPLbFE&ts=1726052262&e=0"]},{"title":"EXPERT BYVANIA - PREDAJ - HLOHOVA - 3 IZBOVÝ BYT -  POV STAV - ZNALECKY POSUDOK ZDARMA","address":"HLOHOVÁ, Hlohovec, okres Hlohovec","rooms":3,"meters":null,"totalPrice":null,"meterSquarePrice":null,"link":"https://www.nehnutelnosti.sk/detail/JuvQxk5hztK/expert-byvania-predaj-hlohova-3-izbovy-byt-pov-stav-znalecky-posudok-zdarma","imagesUrls":["https://img.nehnutelnosti.sk/foto/NjAweDMzOC9maWx0ZXJzOnF1YWxpdHkoMTAwKS9uZWg=/h6aVFO6J8_fss?st=pun52xXsZMiVsFpZp5U-9TtHurur2P415kOWfE4_OrU&ts=1726052279&e=0"]},{"title":"EXPERT BYVANIA - PREDAJ - 3 IZBOVÝ BYT - BOLERÁZ - ZNALECKY POSUDOK ZDARMA","address":"BOLERAZ, Boleráz, okres Trnava","rooms":3,"meters":72,"totalPrice":138000,"meterSquarePrice":7,"link":"https://www.nehnutelnosti.sk/detail/Ju-tMzjhGLR/expert-byvania-predaj-3-izbovy-byt-boleraz-znalecky-posudok-zdarma","imagesUrls":["https://img.nehnutelnosti.sk/foto/NjAweDMzOC9maWx0ZXJzOnF1YWxpdHkoMTAwKS9uZWg=/oHF7BXT_Xo_fss?st=CUb_suDM15rK-pMlDtOnZvL0cnecdVyWOYA4qiNO6Fs&ts=1726058191&e=0"]},{"title":"EXPERT BYVANIA - PREDAJ - 2 IZBOVÝ BYT - MASARYKOVEJ - ZNALECKÝ POSUDOK ZDARMA","address":"MASARYKOVEJ, Michalovce, okres Michalovce","rooms":2,"meters":54,"totalPrice":76900,"meterSquarePrice":7,"link":"https://www.nehnutelnosti.sk/detail/Jurfaa68pCi/expert-byvania-predaj-2-izbovy-byt-masarykovej-znalecky-posudok-zdarma","imagesUrls":["https://img.nehnutelnosti.sk/foto/NjAweDMzOC9maWx0ZXJzOnF1YWxpdHkoMTAwKS9uZWg=/ekvAkorKZ_fss?st=ElxGzv6ebR2PN3T8kIkLmEB65czwyNfmFbpFERiLaZo&ts=1726058195&e=0"]},{"title":"EXPERT BÝVANIA - PREDAJ - 2 IZBOVÝ BYT - ZNALECKÝ POSUDOK ZDARMA","address":"THURÓCZYHO, Šahy, okres Levice","rooms":2,"meters":62,"totalPrice":57000,"meterSquarePrice":5,"link":"https://www.nehnutelnosti.sk/detail/JuKooWxvQ7h/expert-byvania-predaj-2-izbovy-byt-znalecky-posudok-zdarma","imagesUrls":["https://img.nehnutelnosti.sk/foto/NjAweDMzOC9maWx0ZXJzOnF1YWxpdHkoMTAwKS9uZWg=/KGbVR_jFo_fss?st=lh5Qkhf_GmtUH0SgJUrcepbiroOUudMRMlWFDrKIF7I&ts=1726823914&e=0"]},{"title":"EXPERT BYVANIA - PREDAJ - LORINCA - 3 IZBOVÝ BYT - ZNALECKÝ POSUDOK ZDARMA","address":"Júliusa Lőrincza, Dunajská Streda, okres Dunajská Streda","rooms":3,"meters":68,"totalPrice":110000,"meterSquarePrice":5,"link":"https://www.nehnutelnosti.sk/detail/JudKE4lMOa5/expert-byvania-predaj-lorinca-3-izbovy-byt-znalecky-posudok-zdarma","imagesUrls":["https://img.nehnutelnosti.sk/foto/NjAweDMzOC9maWx0ZXJzOnF1YWxpdHkoMTAwKS9uZWg=/xOBT3OMPJm_fss?st=jZq524v1bqYhRLFtrhQ_RjL-jy4Qzje50SrgrJQ9Tsw&ts=1726052266&e=0"]},{"title":"EXPERT BYVANIA - PREDAJ - GARSONKA - VOLGOGRADSKA - ZNALECKY POSUDOK ZDARMA","address":"VOLGOGRADSKÁ, Michalovce, okres Michalovce","rooms":null,"meters":23,"totalPrice":61000,"meterSquarePrice":7,"link":"https://www.nehnutelnosti.sk/detail/JuFTBXMM5mG/expert-byvania-predaj-garsonka-volgogradska-znalecky-posudok-zdarma","imagesUrls":["https://img.nehnutelnosti.sk/foto/NjAweDMzOC9maWx0ZXJzOnF1YWxpdHkoMTAwKS9uZWg=/wJ5pXCx7V_fss?st=AOouCu0w86kfKoNFURDisD3OHfU5ExjbYciA3410b7I&ts=1726058193&e=0"]},{"title":"EXPERT BÝVANIA - PREDAJ - 3 IZBOVÝ BYT - KOLINANY - ZNALECKÝ POSUDOK ZDARMA","address":"Kolíňany, Kolíňany, okres Nitra","rooms":3,"meters":71,"totalPrice":99900,"meterSquarePrice":1,"link":"https://www.nehnutelnosti.sk/detail/Juu8K-z4Ztv/expert-byvania-predaj-3-izbovy-byt-kolinany-znalecky-posudok-zdarma","imagesUrls":["https://img.nehnutelnosti.sk/foto/NjAweDMzOC9maWx0ZXJzOnF1YWxpdHkoMTAwKS9uZWg=/JtflGNyUkb_fss?st=202tkGDz_dnRx_u1RQ2WrsLDY3VT4Pd_3F9ucL43xb4&ts=1726052237&e=0"]},{"title":"EXPERT BYVANIA - PREDAJ - 1 IZBOVÝ BYT - DUBRAVKA - NOVOSTAVBA - ZNALECKY POSUDOK ZDARMA","address":"PRI HRUBEJ LUKE, Bratislava IV - Dúbravka, okres Bratislava","rooms":1,"meters":32,"totalPrice":163000,"meterSquarePrice":5,"link":"https://www.nehnutelnosti.sk/detail/Ju7sYC_qieG/expert-byvania-predaj-1-izbovy-byt-dubravka-novostavba-znalecky-posudok-zdarma","imagesUrls":["https://img.nehnutelnosti.sk/foto/NjAweDMzOC9maWx0ZXJzOnF1YWxpdHkoMTAwKS9uZWg=/1YonTMyuFh_fss?st=GkUBLl5AtvcpAW8sSUTU2nn9raGumnC_6PyiCceJ1eg&ts=1726052276&e=0"]},{"title":"EXPERT BYVANIA - PREDAJ - 3 IZBOVÝ BYT - KUKORELLIHO - ZNALECKY POSUDOK ZDARMA","address":"KUKORELLIHO, Michalovce, okres Michalovce","rooms":3,"meters":76,"totalPrice":109000,"meterSquarePrice":1,"link":"https://www.nehnutelnosti.sk/detail/JumBPGzc3nZ/expert-byvania-predaj-3-izbovy-byt-kukorelliho-znalecky-posudok-zdarma","imagesUrls":["https://img.nehnutelnosti.sk/foto/NjAweDMzOC9maWx0ZXJzOnF1YWxpdHkoMTAwKS9uZWg=/mvpw8m9XS_fss?st=4fBiCfo3esBTvvkrhNsCD6AYqfoe8gUDEkgJMcj2-Hk&ts=1726058194&e=0"]},{"title":"EXPERT BÝVANIA - PREDAJ - 1 IZBOVÝ BYT - NOVOMESKÉHO - ZNALECKÝ POSUDOK ZDARMA","address":"NOVOMESKÉHO, Bánovce nad Bebravou, okres Bánovce nad Bebravou","rooms":1,"meters":43,"totalPrice":66900,"meterSquarePrice":1,"link":"https://www.nehnutelnosti.sk/detail/JuUeorgensd/expert-byvania-predaj-1-izbovy-byt-novomeskeho-znalecky-posudok-zdarma","imagesUrls":["https://img.nehnutelnosti.sk/foto/NjAweDMzOC9maWx0ZXJzOnF1YWxpdHkoMTAwKS9uZWg=/zMC-B7afV_fss?st=NX_WYF4kjdpKR1uU8jLTkD5IOgOIdwepurge_aOkxfk&ts=1726052230&e=0"]},{"title":"EXPERT BYVANIA - PREDAJ - VANSOVEJ - 3 IZBOVY BYT - ZNALECKY POSUDOK ZDARMA","address":"T. Vansovej, Nové Zámky, okres Nové Zámky","rooms":3,"meters":78,"totalPrice":112900,"meterSquarePrice":4,"link":"https://www.nehnutelnosti.sk/detail/JunLGxPqwaV/expert-byvania-predaj-vansovej-3-izbovy-byt-znalecky-posudok-zdarma","imagesUrls":["https://img.nehnutelnosti.sk/foto/NjAweDMzOC9maWx0ZXJzOnF1YWxpdHkoMTAwKS9uZWg=/czS2RYtZp_fss?st=Uaiv1qenraxLpjqSgGdk3DJtroF8pb_pZOdjbnO6Odc&ts=1725149955&e=0"]},{"title":"EXPERT BÝVANIA - PREDAJ - 1 IZBOVÝ BYT - STRED - REKONŠTRUKCIA - ZNALECKÝ POSUDOK ZDARMA","address":"STRED, Bánovce nad Bebravou, okres Bánovce nad Bebravou","rooms":1,"meters":36,"totalPrice":66900,"meterSquarePrice":3,"link":"https://www.nehnutelnosti.sk/detail/JuyOCQcIrDw/expert-byvania-predaj-1-izbovy-byt-stred-rekonstrukcia-znalecky-posudok-zdarma","imagesUrls":["https://img.nehnutelnosti.sk/foto/NjAweDMzOC9maWx0ZXJzOnF1YWxpdHkoMTAwKS9uZWg=/Crtt4lvd9b_fss?st=9YAXPQcbMnUt6NtpVleaZzFZhFhaJibXiU8OTuzYz4s&ts=1726052225&e=0"]},{"title":"EXPERT BÝVANIA - PREDAJ - 3 IZBOVÝ BYT - HVIEZDOSLAVOVA - ZNALECKÝ POSUDOK ZDARMA","address":"HVIEZDOSLAVOVA, Topoľčany, okres Topoľčany","rooms":3,"meters":74,"totalPrice":138000,"meterSquarePrice":6,"link":"https://www.nehnutelnosti.sk/detail/JuhYF95SDkM/expert-byvania-predaj-3-izbovy-byt-hviezdoslavova-znalecky-posudok-zdarma","imagesUrls":["https://img.nehnutelnosti.sk/foto/NjAweDMzOC9maWx0ZXJzOnF1YWxpdHkoMTAwKS9uZWg=/LOtu-c90u_fss?st=vWr-MnYL6a1OseaIWM6iJuZqy58NlU2Q0DSwyulCYKs&ts=1726105158&e=0"]},{"title":"EXPERT BÝVANIA - PREDAJ - 2 IZBOVÝ BYT - MOCHOVSKÁ - ZNALECKÝ POSUDOK ZDARMA","address":"MOCHOVSKA, Levice, okres Levice","rooms":2,"meters":68,"totalPrice":90000,"meterSquarePrice":3,"link":"https://www.nehnutelnosti.sk/detail/Ju9IPja37UA/expert-byvania-predaj-2-izbovy-byt-mochovska-znalecky-posudok-zdarma","imagesUrls":["https://img.nehnutelnosti.sk/foto/NjAweDMzOC9maWx0ZXJzOnF1YWxpdHkoMTAwKS9uZWg=/mzIu4RnHZ_fss?st=RdH-tbNayMinG8YCJEb8dHaXzwximB41BvIZXXMkY_Q&ts=1726052231&e=0"]},{"title":"EXPERT BYVANIA - PREDAJ - GARSONKA - VAJANSKÉHO - ZNALECKÝ POSDOK ZDARMA","address":"S. H. Vajanského, Nové Zámky, okres Nové Zámky","rooms":null,"meters":25,"totalPrice":49900,"meterSquarePrice":6,"link":"https://www.nehnutelnosti.sk/detail/JuvIoWocBHI/expert-byvania-predaj-garsonka-vajanskeho-znalecky-posdok-zdarma","imagesUrls":["https://img.nehnutelnosti.sk/foto/NjAweDMzOC9maWx0ZXJzOnF1YWxpdHkoMTAwKS9uZWg=/YaP3HvFYqk_fss?st=U0H9lW5Khs2KC8jl-PbHDOg1iH1YablBQRnUc6wHNcE&ts=1725149955&e=0"]},{"title":"EXPERT BÝVANIA - PREDAJ - 3 IZBOVÝ BYT - 76m2 - SEVER - ZNALECKÝ POSUDOK ZDARMA","address":"SEVER, Bánovce nad Bebravou, okres Bánovce nad Bebravou","rooms":3,"meters":76,"totalPrice":92900,"meterSquarePrice":7,"link":"https://www.nehnutelnosti.sk/detail/JuB1NlX7TDu/expert-byvania-predaj-3-izbovy-byt-76m2-sever-znalecky-posudok-zdarma","imagesUrls":["https://img.nehnutelnosti.sk/foto/NjAweDMzOC9maWx0ZXJzOnF1YWxpdHkoMTAwKS9uZWg=/GEMzBoW6q_fss?st=ep4BalxCoAxMaaFCNsdEl1mpSXk5C9YhH7T2zJ8SAGI&ts=1726045670&e=0"]},{"title":"EXPERT BYVANIA - PREDAJ - 3 IZBOVÝ BYT - PÁVIA - ZNALECKY POSUDOK ZDARMA","address":"Pávia, Komárno, okres Komárno","rooms":3,"meters":74,"totalPrice":102900,"meterSquarePrice":4,"link":"https://www.nehnutelnosti.sk/detail/Ju2d1m7-q9k/expert-byvania-predaj-3-izbovy-byt-pavia-znalecky-posudok-zdarma","imagesUrls":["https://img.nehnutelnosti.sk/foto/NjAweDMzOC9maWx0ZXJzOnF1YWxpdHkoMTAwKS9uZWg=/3_I0Ya3SU_fss?st=51cRJfaaOVmSISryMhewQzzJH4R0lb31goiuQT0ZaLE&ts=1725149958&e=0"]},{"title":"EXPERT BÝVANIA - PREDAJ - 1 IZBOVÝ BYT - ŠTÚROVA - ZNALECKÝ POSUDOK ZDARMA","address":"ŠTÚROVA, Želiezovce, okres Levice","rooms":1,"meters":37,"totalPrice":62900,"meterSquarePrice":0,"link":"https://www.nehnutelnosti.sk/detail/JuTUMSuJFX5/expert-byvania-predaj-1-izbovy-byt-sturova-znalecky-posudok-zdarma","imagesUrls":["https://img.nehnutelnosti.sk/foto/NjAweDMzOC9maWx0ZXJzOnF1YWxpdHkoMTAwKS9uZWg=/nQj3f9kDf_fss?st=SzwcqenYLVKqKIIAX5vHlHWhikDSwE_e2bl4KZuZAs0&ts=1726045673&e=0"]},{"title":"EXPERT BÝVANIA - PREDAJ - 2 IZBOVÝ BYT - KOMPLETKA - NA HORKE - ZNALECKÝ POSUDOK ZDARMA","address":"KLOKOČINA, Nitra, okres Nitra","rooms":2,"meters":54,"totalPrice":130000,"meterSquarePrice":1,"link":"https://www.nehnutelnosti.sk/detail/JuJwWguAZs_/expert-byvania-predaj-2-izbovy-byt-kompletka-na-horke-znalecky-posudok-zdarma","imagesUrls":["https://img.nehnutelnosti.sk/foto/NjAweDMzOC9maWx0ZXJzOnF1YWxpdHkoMTAwKS9uZWg=/U_1AdTLn4_fss?st=_qkyOijPyERAZ6eQQxU4YMrkjmNhD7aG5Hf6YZhiROw&ts=1726105159&e=0"]},{"title":"EXPERT BYVANIA - PREDAJ - 2 IZBOVÝ BYT - LIPNÍK - ZNALECKÝ POSUDOK ZDARMA","address":"DLHÁ, Tlmače, okres Levice","rooms":2,"meters":61,"totalPrice":null,"meterSquarePrice":null,"link":"https://www.nehnutelnosti.sk/detail/JuBnx2TpvOs/expert-byvania-predaj-2-izbovy-byt-lipnik-znalecky-posudok-zdarma","imagesUrls":["https://img.nehnutelnosti.sk/foto/NjAweDMzOC9maWx0ZXJzOnF1YWxpdHkoMTAwKS9uZWg=/Ac2JO5RN8_fss?st=ZYWzJgR0ZHrNhag2GZcUtKJ-_ns5Y77u7lckqxLOXa0&ts=1725727155&e=0"]},{"title":"EXPERT BYVANIA - PREDAJ - 3 IZBOVÝ BYT - DOPRAVNÁ - ZNALECKÝ POSUDOK ZDARMA","address":"Dopravná, Levice, okres Levice","rooms":3,"meters":69,"totalPrice":91900,"meterSquarePrice":8,"link":"https://www.nehnutelnosti.sk/detail/JuhQHFp0-ZzG/expert-byvania-predaj-3-izbovy-byt-dopravna-znalecky-posudok-zdarma","imagesUrls":["https://img.nehnutelnosti.sk/foto/NjAweDMzOC9maWx0ZXJzOnF1YWxpdHkoMTAwKS9uZWg=/NliSN7EC8_fss?st=56Iw8po_VNgVGpczNJJmxTXqG3CgFmkF-jlE4DKPkxU&ts=1725143686&e=0"]},{"title":"EXPERT BYVANIA - PREDAJ - 4 IZBOVÝ BYT - LÚČNA - ZNALECKY POSUDOK ZDARMA","address":"Lúčna, Šaľa, okres Šaľa","rooms":3,"meters":82,"totalPrice":null,"meterSquarePrice":null,"link":"https://www.nehnutelnosti.sk/detail/Ju6MTHyUOfM/expert-byvania-predaj-4-izbovy-byt-lucna-znalecky-posudok-zdarma","imagesUrls":["https://img.nehnutelnosti.sk/foto/NjAweDMzOC9maWx0ZXJzOnF1YWxpdHkoMTAwKS9uZWg=/vxQA0qwjQ_fss?st=0UM9K7LElOWy5oPmHF1xxzyrGFOm05CK4zJkqC5-R0A&ts=1726266951&e=0"]},{"title":"EXPERT BYVANIA - PREDAJ - 3 IZBOVÝ BYT - ŠKOLSKÁ - ZNALECKÝ POSUDOK ZDARMA","address":"ŠKOLSKÁ, Levice, okres Levice","rooms":3,"meters":64,"totalPrice":75900,"meterSquarePrice":4,"link":"https://www.nehnutelnosti.sk/detail/Ju64z5XoCnE/expert-byvania-predaj-3-izbovy-byt-skolska-znalecky-posudok-zdarma","imagesUrls":["https://img.nehnutelnosti.sk/foto/NjAweDMzOC9maWx0ZXJzOnF1YWxpdHkoMTAwKS9uZWg=/JKegiDJB6_fss?st=DOtb8wQGWCaDDUqHBlygDM8lPsCV-nishwggLpmR6xw&ts=1725139079&e=0"]},{"title":"EXPERT BYVANIA - PREDAJ - 3 IZBOVY BYT - JANKA KRALA - ZNALECKY POSUDOK ZDARMA","address":"Janka Kráľa, Nové Zámky, okres Nové Zámky","rooms":3,"meters":80,"totalPrice":130000,"meterSquarePrice":5,"link":"https://www.nehnutelnosti.sk/detail/JuAWQcALhzU/expert-byvania-predaj-3-izbovy-byt-janka-krala-znalecky-posudok-zdarma","imagesUrls":["https://img.nehnutelnosti.sk/foto/NjAweDMzOC9maWx0ZXJzOnF1YWxpdHkoMTAwKS9uZWg=/vmWILS7Ex_fss?st=O2FDkwsaH7uSeO3b-HvzokHKyoTVwCQ1bY14akJaZwM&ts=1725149952&e=0"]}]