[{"title":"2 izbový byt Bánovce nad Bebravou / SEVER / CENTRUM / BALKÓN / 65 m2 / ZARIADENÝ","address":"Bánovce nad Bebravou, okres Bánovce nad Bebravou","rooms":2,"meters":65,"totalPrice":94900,"meterSquarePrice":0,"link":"https://www.nehnutelnosti.sk/detail/JuT8Qii_dc8/2-izbovy-byt-banovce-nad-bebravou-sever-centrum-balkon-65-m2-zariadeny","imagesUrls":["https://img.nehnutelnosti.sk/foto/NjAweDMzOC9maWx0ZXJzOnF1YWxpdHkoMTAwKS9uZWg=/oSxDVpSTj8_fss?st=_337In-dMrTHYipvB0XcT9zLG5396D31gMgRRynxvBQ&ts=1713972532&e=0"]},{"title":"3 izbový byt BOBOT / VEĽKOMETRÁŽNY 84 m2 / LOGGIA / KOMPLETNÁ REKONŠTRUKCIA / PIVNICA","address":"Bobot, okres Trenčín","rooms":3,"meters":84,"totalPrice":69900,"meterSquarePrice":4,"link":"https://www.nehnutelnosti.sk/detail/JuWk-qu16WL/3-izbovy-byt-bobot-velkometrazny-84-m2-loggia-kompletna-rekonstrukcia-pivnica","imagesUrls":["https://img.nehnutelnosti.sk/foto/NjAweDMzOC9maWx0ZXJzOnF1YWxpdHkoMTAwKS9uZWg=/mLd5zSlXYK_fss?st=kLmW5Kwf8w0sYiNkbXNAmNKdKOn6O1YXmutffQu4Gvs&ts=1713307455&e=0"]},{"title":"3 izbový byt Bánovce nad Bebravou / CENTRUM - STRED  / KOMPLETNE NOVÁ REKONŠTRUKCIA / BALKÓN","address":"Bánovce nad Bebravou, okres Bánovce nad Bebravou","rooms":3,"meters":72,"totalPrice":124900,"meterSquarePrice":2,"link":"https://www.nehnutelnosti.sk/detail/JuLOAqXJepU/3-izbovy-byt-banovce-nad-bebravou-centrum-stred-kompletne-nova-rekonstrukcia-balkon","imagesUrls":["https://img.nehnutelnosti.sk/foto/NjAweDMzOC9maWx0ZXJzOnF1YWxpdHkoMTAwKS9uZWg=/L6qi423loh_fss?st=W3bdOBjwX0Js0gxurNPdkQE_2hzupiG0R_0fAmmVEQw&ts=1713304911&e=0"]},{"title":"1 izbový byt Bánovce nad Bebravou / CENTRUM  / LOGGIA / EXKLUZÍVNE IBA U NÁS","address":"Bánovce nad Bebravou, okres Bánovce nad Bebravou","rooms":1,"meters":31,"totalPrice":59500,"meterSquarePrice":5,"link":"https://www.nehnutelnosti.sk/detail/JuuayqvrfdK/1-izbovy-byt-banovce-nad-bebravou-centrum-loggia-exkluzivne-iba-u-nas","imagesUrls":["https://img.nehnutelnosti.sk/foto/NjAweDMzOC9maWx0ZXJzOnF1YWxpdHkoMTAwKS9uZWg=/98ytvhmTzP_fss?st=OPzuClzoiAQ9oKzpbdyEpzi-Ys9je44oE_SqGnKsvDg&ts=1713307455&e=0"]},{"title":"Výnimočný 4izbový byt, rekonštrukcia architektom, Chrenová - Nitra","address":"Nitra, okres Nitra","rooms":4,"meters":90,"totalPrice":214000,"meterSquarePrice":8,"link":"https://www.nehnutelnosti.sk/detail/JuwAq1G8iYD/vynimocny-4izbovy-byt-rekonstrukcia-architektom-chrenova-nitra","imagesUrls":["https://img.nehnutelnosti.sk/foto/NjAweDMzOC9maWx0ZXJzOnF1YWxpdHkoMTAwKS9uZWg=/11nGaJzvY_fss?st=j-y4eNtrUUc5k42W3mx6d5JMLO_kUFd9v3DcnJ3CDac&ts=1713361151&e=0"]},{"title":"3 izbový byt Bánovce nad Bebravou / DUBNIČKA / LOGGIA / ČIASTOČNE ZARIADENÝ /","address":"Bánovce nad Bebravou, okres Bánovce nad Bebravou","rooms":3,"meters":72,"totalPrice":107500,"meterSquarePrice":6,"link":"https://www.nehnutelnosti.sk/detail/JujKHs5aOBO/3-izbovy-byt-banovce-nad-bebravou-dubnicka-loggia-ciastocne-zariadeny","imagesUrls":["https://img.nehnutelnosti.sk/foto/NjAweDMzOC9maWx0ZXJzOnF1YWxpdHkoMTAwKS9uZWg=/Daae3We-k_fss?st=KmmJ4T6l8wSlRQ_T7LvRqWNkXTlKxuwMGEzJUnjwDKo&ts=1713304903&e=0"]},{"title":"4 izbový byt Bánovce nad Bebravou / 70m2 / SEVER / PIVNICA/ KOMPLETNÁ REKONŠTRUKCIA","address":"Bánovce nad Bebravou, okres Bánovce nad Bebravou","rooms":3,"meters":70,"totalPrice":101900,"meterSquarePrice":1,"link":"https://www.nehnutelnosti.sk/detail/JumS9pnawYh/4-izbovy-byt-banovce-nad-bebravou-70m2-sever-pivnica-kompletna-rekonstrukcia","imagesUrls":["https://img.nehnutelnosti.sk/foto/NjAweDMzOC9maWx0ZXJzOnF1YWxpdHkoMTAwKS9uZWg=/x4OKgIA3e_fss?st=sgXJCe7RaUzPKa5DrKAQzmL0Yt2WlriPbjYzq9aJLEQ&ts=1711061001&e=0"]},{"title":"2 izbový byt Bánovce nad Bebravou / CENTRUM / LOGGIA   / PIVNICA","address":"Bánovce nad Bebravou, okres Bánovce nad Bebravou","rooms":2,"meters":48,"totalPrice":57000,"meterSquarePrice":0,"link":"https://www.nehnutelnosti.sk/detail/Juikkjc69a0/2-izbovy-byt-banovce-nad-bebravou-centrum-loggia-pivnica","imagesUrls":["https://img.nehnutelnosti.sk/foto/NjAweDMzOC9maWx0ZXJzOnF1YWxpdHkoMTAwKS9uZWg=/rVqPnac6ZX_fss?st=w8teRfwoQroPPeF8UZc5kkPCTGki5xU6qWaQW7iBNkA&ts=1710113476&e=0"]},{"title":"Na predaj 4 izbový byt Pod Hájom (82m)Dubnica nad Váhom","address":"Pod Háj, Dubnica nad Váhom, okres Ilava","rooms":4,"meters":82,"totalPrice":126000,"meterSquarePrice":9,"link":"https://www.nehnutelnosti.sk/detail/JuGNh1G3OqfC/na-predaj-4-izbovy-byt-pod-hajom-82mdubnica-nad-vahom","imagesUrls":["https://img.nehnutelnosti.sk/foto/NjAweDMzOC9maWx0ZXJzOnF1YWxpdHkoMTAwKS9uZWg=/kwq5TIchs_fss?st=2uwm25LlWk8xpEulhw9T20npFuj-ggiADPSpM3bK7EI&ts=1710932255&e=0"]},{"title":"2 izbový bezbariérový byt KK (47m2 ) plus garáž, Dubnica nad Váhom","address":"Štúrova, Dubnica nad Váhom, okres Ilava","rooms":2,"meters":47,"totalPrice":112000,"meterSquarePrice":8,"link":"https://www.nehnutelnosti.sk/detail/Jucd-_Edvpc/2-izbovy-bezbarierovy-byt-kk-47m2-plus-garaz-dubnica-nad-vahom","imagesUrls":["https://img.nehnutelnosti.sk/foto/NjAweDMzOC9maWx0ZXJzOnF1YWxpdHkoMTAwKS9uZWg=/sGTCXlwuX_fss?st=hmgVg_t08mybUxiqKklwqUhurrj5OT0yeOXLuu4AvDY&ts=1709410675&e=0"]},{"title":"Na predaj nadrozmerný 4 izbový byt Stará Turá - 109 m2 Znížená cena!!!","address":"Jiráskova, Stará Turá, okres Nové Mesto nad Váhom","rooms":4,"meters":109,"totalPrice":59900,"meterSquarePrice":4,"link":"https://www.nehnutelnosti.sk/detail/JuYrk7DrebN/na-predaj-nadrozmerny-4-izbovy-byt-stara-tura-109-m2-znizena-cena","imagesUrls":["https://img.nehnutelnosti.sk/foto/NjAweDMzOC9maWx0ZXJzOnF1YWxpdHkoMTAwKS9uZWg=/ucy5779Vg_fss?st=szWPmuqJmkI23WBaoZFBm8Gvwxg0qHQ8JvHswWgXgjw&ts=1699508735&e=0"]},{"title":"Trojizbový mezonetový byt Banka pri Piešťanoch","address":"Topoľčianska, Banka, okres Piešťany","rooms":3,"meters":70,"totalPrice":145000,"meterSquarePrice":3,"link":"https://www.nehnutelnosti.sk/detail/JuWgiQi39EH/trojizbovy-mezonetovy-byt-banka-pri-piestanoch","imagesUrls":["https://img.nehnutelnosti.sk/foto/NjAweDMzOC9maWx0ZXJzOnF1YWxpdHkoMTAwKS9uZWg=/lH7SNPHdY_fss?st=Ujh97KA5b2tbVgqN0ejCduaJQ6xf7AMP76Vr2um5324&ts=1684427500&e=0"]},{"title":"Luxusný 3 izbový byt (105 m2) v Dubnici nad Váhom + garáž pre 2 autá","address":"Centrum II., Dubnica nad Váhom, okres Ilava","rooms":3,"meters":105,"totalPrice":255000,"meterSquarePrice":7,"link":"https://www.nehnutelnosti.sk/detail/JuKba1xrC_r/luxusny-3-izbovy-byt-105-m2-v-dubnici-nad-vahom-garaz-pre-2-auta","imagesUrls":["https://img.nehnutelnosti.sk/foto/NjAweDMzOC9maWx0ZXJzOnF1YWxpdHkoMTAwKS9uZWg=/L4QCgZ0wq_fss?st=atbrbfFjdTzh9CCPd0_RLLDnVXSwJwUXtkI3cKoOCvk&ts=1691485274&e=0"]},{"title":"Garsónka, Nová Dubnica,  Pribinove sady, 26 m2","address":"Nová Dubnica, okres Ilava","rooms":null,"meters":26,"totalPrice":59000,"meterSquarePrice":3,"link":"https://www.nehnutelnosti.sk/detail/JulYE9S6cy7/garsonka-nova-dubnica-pribinove-sady-26-m2","imagesUrls":["https://img.nehnutelnosti.sk/foto/NjAweDMzOC9maWx0ZXJzOnF1YWxpdHkoMTAwKS9uZWg=/H-Azed6NQ_fss?st=xiB3YmKuotxrpPxSZRCWnOf9bJt91dx0bgME1kkssXc&ts=1722510453&e=0"]},{"title":"1 izbový byt na komerčné využitie v obci Streženice (Púchov)","address":"nad slatinou, Streženice, okres Púchov","rooms":1,"meters":40,"totalPrice":118500,"meterSquarePrice":0,"link":"https://www.nehnutelnosti.sk/detail/JugUbMd6JPQ/1-izbovy-byt-na-komercne-vyuzitie-v-obci-strezenice-puchov","imagesUrls":["https://img.nehnutelnosti.sk/foto/NjAweDMzOC9maWx0ZXJzOnF1YWxpdHkoMTAwKS9uZWg=/paOWGagZk_fss?st=RZ-mWEEFlu4y3VmmUMh5r-ykNp7EW5OSvkptAZBMhRo&ts=1677842310&e=0"]},{"title":"Garsónka  Obrancov mieru  26 m2 Púchov","address":"Obrancov mieru 1086, Púchov, okres Púchov","rooms":null,"meters":26,"totalPrice":73000,"meterSquarePrice":9,"link":"https://www.nehnutelnosti.sk/detail/Ju6TUXvFrYh/garsonka-obrancov-mieru-26-m2-puchov","imagesUrls":["https://img.nehnutelnosti.sk/foto/NjAweDMzOC9maWx0ZXJzOnF1YWxpdHkoMTAwKS9uZWg=/_PdHkJTjz_fss?st=vNAU-fAeRiIpcZOkWeF6XrZN8_ofPKvUGmxulEeM8Dg&ts=1677261687&e=0"]},{"title":"Na predaj trojizbový byt Javorová, Piešťany","address":"Javorová, Piešťany, okres Piešťany","rooms":3,"meters":67,"totalPrice":128500,"meterSquarePrice":1,"link":"https://www.nehnutelnosti.sk/detail/JuXUiWyoX8H/na-predaj-trojizbovy-byt-javorova-piestany","imagesUrls":["https://img.nehnutelnosti.sk/foto/NjAweDMzOC9maWx0ZXJzOnF1YWxpdHkoMTAwKS9uZWg=/iOIt8f50x_fss?st=fXPWHqqqFaJxcLaJOR-LpIqtOdb0KOJVdVGkktAve_0&ts=1681391937&e=0"]},{"title":"*ZĽAVA* ŠTVORIZBOVÝ BYT 82 M2, PIEŠŤANY, TEPLICKÁ","address":"Teplická, Piešťany, okres Piešťany","rooms":4,"meters":82,"totalPrice":149000,"meterSquarePrice":7,"link":"https://www.nehnutelnosti.sk/detail/JuNfcevG7P4/zlava-stvorizbovy-byt-82-m2-piestany-teplicka","imagesUrls":["https://img.nehnutelnosti.sk/foto/NjAweDMzOC9maWx0ZXJzOnF1YWxpdHkoMTAwKS9uZWg=/1sCVFjKei_fss?st=u8a18CZi2S9OUl9U6bOyp_DOO-CmxLu3wGCdUk5i9ek&ts=1695637267&e=0"]},{"title":"*VIDEO* NOVOSTAVBA 4-IZB BYT ''E'' 106,45 m² + TERASA 23,26 m², *SPA RESORT*  BANKA - PIEŠŤANY","address":"Piešťany, okres Piešťany","rooms":4,"meters":106,"totalPrice":250480,"meterSquarePrice":3,"link":"https://www.nehnutelnosti.sk/detail/Ju3j21gqXhQ/video-novostavba-4-izb-byt-e-106-45-m-terasa-23-26-m-spa-resort-banka-piestany","imagesUrls":["https://img.nehnutelnosti.sk/foto/NjAweDMzOC9maWx0ZXJzOnF1YWxpdHkoMTAwKS9uZWg=/gd-h6Gmg-_fss?st=jOFg87ZAORzv2YL--ToshUXravcsh3lJA9Rt3KfyyV8&ts=1715546307&e=0"]},{"title":"POD VINICAMI I 3i byt s balkónom (6)","address":"Matúškova, Bratislava III - Nové Mesto, okres Bratislava","rooms":3,"meters":76,"totalPrice":443340,"meterSquarePrice":8,"link":"https://www.nehnutelnosti.sk/detail/JuYj_sH17AQ/pod-vinicami-i-3i-byt-s-balkonom-6","imagesUrls":["https://img.nehnutelnosti.sk/foto/NjAweDMzOC9maWx0ZXJzOnF1YWxpdHkoMTAwKS9uZWg=/Nq3R3MfMEi_fss?st=TbU8i9OKBjJeP-ouhSaIg20tSDx2d4Dzha8ODZu08Uc&ts=1725878967&e=0"]},{"title":"POD VINICAMI I 3i byt s balkónom (4)","address":"Matúškova, Bratislava III - Nové Mesto, okres Bratislava","rooms":3,"meters":71,"totalPrice":499833,"meterSquarePrice":1,"link":"https://www.nehnutelnosti.sk/detail/JuCN6uPAywo/pod-vinicami-i-3i-byt-s-balkonom-4","imagesUrls":["https://img.nehnutelnosti.sk/foto/NjAweDMzOC9maWx0ZXJzOnF1YWxpdHkoMTAwKS9uZWg=/g6ecNKYy3_fss?st=-f7gwPKd1sb8sQjWCY0vBG6teSz4caPKBEjd0VsK9SU&ts=1725879001&e=0"]},{"title":"POD VINICAMI I 2i byt s balkónom (11)","address":"Matúškova, Bratislava III - Nové Mesto, okres Bratislava","rooms":2,"meters":54,"totalPrice":323892,"meterSquarePrice":8,"link":"https://www.nehnutelnosti.sk/detail/JucoqqUJbvF/pod-vinicami-i-2i-byt-s-balkonom-11","imagesUrls":["https://img.nehnutelnosti.sk/foto/NjAweDMzOC9maWx0ZXJzOnF1YWxpdHkoMTAwKS9uZWg=/iI7SVpq6T_fss?st=k-18TEjUo7i0nKayxUZQvniGBJIpUwx-jMznvBR96jI&ts=1725878728&e=0"]},{"title":"POD VINICAMI I 3i zariadený byt s balkónom (5)","address":"Matúškova, Bratislava III - Nové Mesto, okres Bratislava","rooms":3,"meters":76,"totalPrice":528480,"meterSquarePrice":4,"link":"https://www.nehnutelnosti.sk/detail/JuU_RpbCLdf/pod-vinicami-i-3i-zariadeny-byt-s-balkonom-5","imagesUrls":["https://img.nehnutelnosti.sk/foto/NjAweDMzOC9maWx0ZXJzOnF1YWxpdHkoMTAwKS9uZWg=/ILIOP3ClSx_fss?st=mTbvcWjiR6UYxaeHjgEdpsooIEFISmqgbof_Afvm2Ns&ts=1725879035&e=0"]},{"title":"POD VINICAMI I 3i byt s balkónom (12)","address":"Matúškova, Bratislava III - Nové Mesto, okres Bratislava","rooms":3,"meters":71,"totalPrice":415548,"meterSquarePrice":1,"link":"https://www.nehnutelnosti.sk/detail/JuxrmAyPvcd/pod-vinicami-i-3i-byt-s-balkonom-12","imagesUrls":["https://img.nehnutelnosti.sk/foto/NjAweDMzOC9maWx0ZXJzOnF1YWxpdHkoMTAwKS9uZWg=/PIYDJLVAU_fss?st=BnRcKJAVkVdVh3nE3tMRbKLDyTyXaXP2hucoszKnVtI&ts=1725878750&e=0"]},{"title":"POD VINICAMI I 2i byt s balkónom ( 07)","address":"Matúškova, Bratislava III - Nové Mesto, okres Bratislava","rooms":2,"meters":54,"totalPrice":310392,"meterSquarePrice":8,"link":"https://www.nehnutelnosti.sk/detail/Jufp63p3ho2/pod-vinicami-i-2i-byt-s-balkonom-07","imagesUrls":["https://img.nehnutelnosti.sk/foto/NjAweDMzOC9maWx0ZXJzOnF1YWxpdHkoMTAwKS9uZWg=/JtHH094ZO_fss?st=A19_SQhMHQJyWC4qMF33kfg9D7KUZ11-ge39qeuuxqE&ts=1725873733&e=0"]},{"title":"POD VINICAMI I PENTHOUSE s veľkou terasou a výhľadom na mesto","address":"Matúškova, Bratislava III - Nové Mesto, okres Bratislava","rooms":3,"meters":81,"totalPrice":718830,"meterSquarePrice":4,"link":"https://www.nehnutelnosti.sk/detail/Ju-9Q01MrZg/pod-vinicami-i-penthouse-s-velkou-terasou-a-vyhladom-na-mesto","imagesUrls":["https://img.nehnutelnosti.sk/foto/NjAweDMzOC9maWx0ZXJzOnF1YWxpdHkoMTAwKS9uZWg=/-LezbnC-8m_fss?st=iZKNS6rSswi8LiC2ag2jXw4uRzZLp9jEw_qT3S7UvBs&ts=1725879056&e=0"]},{"title":"Golf resort - Lužianky - 3i byt Comfort dokončený do štandardu.","address":"Lužianky, okres Nitra","rooms":3,"meters":80,"totalPrice":169000,"meterSquarePrice":0,"link":"https://www.nehnutelnosti.sk/detail/JuA9IOlabNS/golf-resort-luzianky-3i-byt-comfort-dokonceny-do-standardu","imagesUrls":["https://img.unitedclassifieds.sk/foto/NjAweDMzOC9maWx0ZXJzOnF1YWxpdHkoMTAwKS9yc2Y=/5tZcaIdLx_fss?st=Z_v11GQxl4joZM-YZStl2Nbuk5yb2xyp1HHqQZK30Ko&ts=1684757692&e=0"]},{"title":"Luxusný 1 izbový byt vo výbornej lokalite len 5 minút od centra Trnavy","address":"Biely Kostol, okres Trnava","rooms":1,"meters":29,"totalPrice":110000,"meterSquarePrice":0,"link":"https://www.nehnutelnosti.sk/detail/Jujhqu3Ld-O/luxusny-1-izbovy-byt-vo-vybornej-lokalite-len-5-minut-od-centra-trnavy","imagesUrls":["https://img.unitedclassifieds.sk/foto/NjAweDMzOC9maWx0ZXJzOnF1YWxpdHkoMTAwKS9yc2Y=/XRk6HZEu4_fss?st=dekUf5YusoP9yFt6qmCdFl-zXxIblJ-h_-bRy9ZQCrc&ts=1675792701&e=0"]},{"title":"TIMA Real - na predaj veľký 4 izbový byt, Cífer","address":"Cífer, okres Trnava","rooms":4,"meters":87,"totalPrice":174000,"meterSquarePrice":0,"link":"https://www.nehnutelnosti.sk/detail/JuzuEjwzBFc/tima-real-na-predaj-velky-4-izbovy-byt-cifer","imagesUrls":["https://img.unitedclassifieds.sk/foto/NjAweDMzOC9maWx0ZXJzOnF1YWxpdHkoMTAwKS9yc2Y=/TgQfaj-gd_fss?st=BfXilTk1as7g9VTyJyvZRH-iDSuhuakIZkTuyMhnCrs&ts=1678883546&e=0"]},{"title":"REZERVOVANÉ - Golf resort - Lužianky - 3i byt Comfort dokončený do nadštandardu.","address":"Lužianky, okres Nitra","rooms":3,"meters":80,"totalPrice":159000,"meterSquarePrice":0,"link":"https://www.nehnutelnosti.sk/detail/Ju8L8LlSJfE/rezervovane-golf-resort-luzianky-3i-byt-comfort-dokonceny-do-nadstandardu","imagesUrls":["https://img.unitedclassifieds.sk/foto/NjAweDMzOC9maWx0ZXJzOnF1YWxpdHkoMTAwKS9yc2Y=/0CyEm0_vy_fss?st=CiLXZA4XY1-x1GcyEdeT2nVS2TLEATSq8-Zm5h4BDpM&ts=1684757703&e=0"]}]