[{"title":"ALL INCLUSIVE | EXKLUZÍVNE NA PREDAJ 2 IZBOVÝ BYT S PIVNICOU, DUNAJSKÁ STREDA","address":"Nová Ves, Dunajská Streda, okres Dunajská Streda","rooms":2,"meters":40,"totalPrice":89000,"meterSquarePrice":5,"link":"https://www.nehnutelnosti.sk/detail/Ju0yn8rCOvM/all-inclusive-exkluzivne-na-predaj-2-izbovy-byt-s-pivnicou-dunajska-streda","imagesUrls":["https://img.nehnutelnosti.sk/foto/NjAweDMzOC9maWx0ZXJzOnF1YWxpdHkoMTAwKS9uZWg=/rte7AB2vR_fss?st=-CA632IQ1nuDqNGQMncn2fgnfZP0Hq8BOA2KjZUySiE&ts=1719317172&e=0"]},{"title":"ALL INCLUSIVE | PREDAJ  3 IZBOVÝ BYTOV S BALKÓNOM , GABČÍKOVO","address":"Budovateľská, Gabčíkovo, okres Dunajská Streda","rooms":3,"meters":64,"totalPrice":91000,"meterSquarePrice":8,"link":"https://www.nehnutelnosti.sk/detail/Ju1Yb9gDT0y/all-inclusive-predaj-3-izbovy-bytov-s-balkonom-gabcikovo","imagesUrls":["https://img.nehnutelnosti.sk/foto/NjAweDMzOC9maWx0ZXJzOnF1YWxpdHkoMTAwKS9uZWg=/L3SR3yeyf_fss?st=moCNHHlQNxuPfgQBaIu7WFnUSACUnlqA-iZQK-byEDM&ts=1724601888&e=0"]},{"title":"REZERVOVANÉ | ALL INCLUSIVE | NA PREDAJ VEĽKOMETRÁŽNY 4 IZBOVÝ BYT S BALKÓNOM , DUNAJSKÁ STREDA","address":"Nám. SNP, Dunajská Streda, okres Dunajská Streda","rooms":4,"meters":87,"totalPrice":113900,"meterSquarePrice":0,"link":"https://www.nehnutelnosti.sk/detail/JuTkoGTNX2t/rezervovane-all-inclusive-na-predaj-velkometrazny-4-izbovy-byt-s-balkonom-dunajska-streda","imagesUrls":["https://img.nehnutelnosti.sk/foto/NjAweDMzOC9maWx0ZXJzOnF1YWxpdHkoMTAwKS9uZWg=/qW1JBKKaf_fss?st=RqRmvI9Ej4D22mfpi0XAb1v6FNOLJh73cSiS08Us9Lg&ts=1718352202&e=0"]},{"title":"NA PREDAJ NÁDHERNÝ 3 IZBOVÝ BYT SO ZÁHRADKOU V ŠTVORBYTOVKE V MESTE DUNAJSKÁ STREDA","address":"Rekreačný rad, Dunajská Streda, okres Dunajská Streda","rooms":3,"meters":70,"totalPrice":185000,"meterSquarePrice":6,"link":"https://www.nehnutelnosti.sk/detail/JuV8LmhzXBh/na-predaj-nadherny-3-izbovy-byt-so-zahradkou-v-stvorbytovke-v-meste-dunajska-streda","imagesUrls":["https://img.nehnutelnosti.sk/foto/NjAweDMzOC9maWx0ZXJzOnF1YWxpdHkoMTAwKS9uZWg=/5HN7TrH4_l_fss?st=WNdMgpPe8kkTlnmocsQ3D5KUvBznkuJxuEtGlmxM_Uo&ts=1718811215&e=0"]},{"title":"ALL INCLUSIVE | NA PREDAJ 3 IZBOVÝ BYT S BALKÓNOM A PIVNICOU V CENTRE MESTA DUNAJSKÁ STREDA","address":"Námestie Ármina Vámbéryho, Dunajská Streda, okres Dunajská Streda","rooms":3,"meters":71,"totalPrice":120000,"meterSquarePrice":4,"link":"https://www.nehnutelnosti.sk/detail/JuWNUBXXPRS/all-inclusive-na-predaj-3-izbovy-byt-s-balkonom-a-pivnicou-v-centre-mesta-dunajska-streda","imagesUrls":["https://img.nehnutelnosti.sk/foto/NjAweDMzOC9maWx0ZXJzOnF1YWxpdHkoMTAwKS9uZWg=/5VDHmoAVJ_fss?st=VpfJTNurHiyR5h5EEB9Yes08fMPw-Msn5bu3MObifLY&ts=1717766000&e=0"]},{"title":"PREDANÉ | ALL INCLUSIVE | EXKLUZÍVNE NA PREDAJ 3 IZBOVÝ BYT S BALKÓNOM, VRAKÚŇ","address":"Vrakúň, Dunajská Streda, okres Dunajská Streda","rooms":3,"meters":80,"totalPrice":115000,"meterSquarePrice":0,"link":"https://www.nehnutelnosti.sk/detail/Jue9U9mNJSj/predane-all-inclusive-exkluzivne-na-predaj-3-izbovy-byt-s-balkonom-vrakun","imagesUrls":["https://img.nehnutelnosti.sk/foto/NjAweDMzOC9maWx0ZXJzOnF1YWxpdHkoMTAwKS9uZWg=/-6X202M04_fss?st=ktl8PAbyVldVDYFneZpe6gUjN5dtmgDmV93xB41PobI&ts=1718014044&e=0"]},{"title":"ALL INCLUSIVE | NA PREDAJ KRÁSNY VEĽKOMETRÁŽNY 3 IZBOVÝ BYT S BALKÓNOM V DUNAJSKEJ STREDE","address":"Mlynská, Dunajská Streda, okres Dunajská Streda","rooms":3,"meters":77,"totalPrice":119990,"meterSquarePrice":6,"link":"https://www.nehnutelnosti.sk/detail/Ju_7pMCHf1B/all-inclusive-na-predaj-krasny-velkometrazny-3-izbovy-byt-s-balkonom-v-dunajskej-strede","imagesUrls":["https://img.nehnutelnosti.sk/foto/NjAweDMzOC9maWx0ZXJzOnF1YWxpdHkoMTAwKS9uZWg=/hWoy3IBJg_fss?st=hGFTGujH17lAflGi12fkiJ3ohcjyVmdcFB5C9oduRGc&ts=1718021155&e=0"]},{"title":"PREDANÉ | ALL INCLUSIVE | NA PREDAJ KOMPLETNE ZREKONŠTRUOVANÝ 3 IZBOVÝ BYT S BALKÓNOM A PIVNICOU, GA","address":"Budovateľská, Gabčíkovo, okres Dunajská Streda","rooms":3,"meters":64,"totalPrice":null,"meterSquarePrice":null,"link":"https://www.nehnutelnosti.sk/detail/Juoz2-uDEEE/predane-all-inclusive-na-predaj-kompletne-zrekonstruovany-3-izbovy-byt-s-balkonom-a-pivnicou-ga","imagesUrls":["https://img.nehnutelnosti.sk/foto/NjAweDMzOC9maWx0ZXJzOnF1YWxpdHkoMTAwKS9uZWg=/_1m_nO7iD_fss?st=00opa-A5-0VHrH41d5i9kUohCQ1qdMcCMNwiMtfTt28&ts=1717160567&e=0"]},{"title":"ALL INCLUSIVE | NA PREDAJ NADŠTANDARDNÝ 3 IZBOVÝ BYT SO ZÁHRADOU – NOVOSTAVBA, DUNAJSKÁ STREDA","address":"Mlynská, Dunajská Streda, okres Dunajská Streda","rooms":3,"meters":79,"totalPrice":222000,"meterSquarePrice":3,"link":"https://www.nehnutelnosti.sk/detail/JuI8EeWQkL8/all-inclusive-na-predaj-nadstandardny-3-izbovy-byt-so-zahradou-novostavba-dunajska-streda","imagesUrls":["https://img.nehnutelnosti.sk/foto/NjAweDMzOC9maWx0ZXJzOnF1YWxpdHkoMTAwKS9uZWg=/aENHm0FuD_fss?st=75qODyQXR1J2cStTQBrN4lYg-dw7c4tNqBnM1iapSfw&ts=1716881711&e=0"]},{"title":"ALL INCLUSIVE | ZNÍŽENÁ CENA | NA PREDAJ ČIASTOČNE ZREKONŠTRUOVANÝ VEĽKOMETRÁŽNY 3 IZBOVÝ BYT S BALK","address":"Nám. SNP, Dunajská Streda, okres Dunajská Streda","rooms":3,"meters":72,"totalPrice":111000,"meterSquarePrice":7,"link":"https://www.nehnutelnosti.sk/detail/JuhUxBjYaHG/all-inclusive-znizena-cena-na-predaj-ciastocne-zrekonstruovany-velkometrazny-3-izbovy-byt-s-balk","imagesUrls":["https://img.nehnutelnosti.sk/foto/NjAweDMzOC9maWx0ZXJzOnF1YWxpdHkoMTAwKS9uZWg=/c3Youx3yA_fss?st=TRTeukFbkC2VkofgudeFO74nX4ADPznMwb4BnDCyYao&ts=1716368315&e=0"]},{"title":"ALL INCLUSIVE | NA PREDAJ KOMPLETNE ZREKONŠTRUOVANÝ 3 IZBOVÝ BYT S BALKÓNOM A PIVNICOU, DUNAJSKÁ STR","address":"Ružový Háj, Dunajská Streda, okres Dunajská Streda","rooms":3,"meters":68,"totalPrice":106000,"meterSquarePrice":0,"link":"https://www.nehnutelnosti.sk/detail/JuXjzlQ148d/all-inclusive-na-predaj-kompletne-zrekonstruovany-3-izbovy-byt-s-balkonom-a-pivnicou-dunajska-str","imagesUrls":["https://img.nehnutelnosti.sk/foto/NjAweDMzOC9maWx0ZXJzOnF1YWxpdHkoMTAwKS9uZWg=/jCrZO-GBPk_fss?st=QXL_DUJpkZXqhUJo1Rp5oyruO0L4CoymG0i8GE-yB-g&ts=1716204415&e=0"]},{"title":"ALL INCLUSIVE | NA PREDAJ VEĽKOMETRÁŽNY 3 IZBOVÝ BYT S BALKÓNOM, VEĽKÝ MEDER","address":"Veľký Meder, okres Dunajská Streda","rooms":3,"meters":80,"totalPrice":90000,"meterSquarePrice":5,"link":"https://www.nehnutelnosti.sk/detail/JuZSDLYPl-J/all-inclusive-na-predaj-velkometrazny-3-izbovy-byt-s-balkonom-velky-meder","imagesUrls":["https://img.nehnutelnosti.sk/foto/NjAweDMzOC9maWx0ZXJzOnF1YWxpdHkoMTAwKS9uZWg=/jtDIsSfnF_fss?st=OoetsS8apNQOXIexOZ-Ae3phLJ6weZwqLRU6xVOHQwA&ts=1716377115&e=0"]},{"title":"ALL INCLUSIVE | NA PREDAJ 2 IZBOVÝ BYT S PIVNICOU, DUNAJSKÁ STREDA","address":"Kukucínova, Dunajská Streda, okres Dunajská Streda","rooms":2,"meters":53,"totalPrice":118000,"meterSquarePrice":2,"link":"https://www.nehnutelnosti.sk/detail/JuQlF2kGGGw/all-inclusive-na-predaj-2-izbovy-byt-s-pivnicou-dunajska-streda","imagesUrls":["https://img.nehnutelnosti.sk/foto/NjAweDMzOC9maWx0ZXJzOnF1YWxpdHkoMTAwKS9uZWg=/3S3cyirx1_fss?st=oDoIdvr0cFIwfH4lh_xhIO0NXlzUVlzOMKOSq6vVjkU&ts=1715262987&e=0"]},{"title":"ALL INCLUSIVE | NA PREDAJ VEĽKOMETRÁŽNY 1,5 IZBOVÝ BYT S BALKÓNOM V CENTRE MESTA DUNAJSKÁ STREDA","address":"Neratovické námestie, Dunajská Streda, okres Dunajská Streda","rooms":1,"meters":44,"totalPrice":80500,"meterSquarePrice":5,"link":"https://www.nehnutelnosti.sk/detail/JuvmsDn0kHDo/all-inclusive-na-predaj-velkometrazny-1-5-izbovy-byt-s-balkonom-v-centre-mesta-dunajska-streda","imagesUrls":["https://img.nehnutelnosti.sk/foto/NjAweDMzOC9maWx0ZXJzOnF1YWxpdHkoMTAwKS9uZWg=/eQL7qpZNj_fss?st=usJPpSj6TQ4UvVI_GlVZq6xyZ52Dci-qhRzzmrow-28&ts=1715801481&e=0"]},{"title":"ALL INCLUSIVE | NA PREDAJ KOMPLETNE ZREKONŠTRUOVANÝ 3 IZBOVÝ BYT S BALKÓNOM A PIVNICOU, DUNAJSKÁ STR","address":"Námestie SNP, Dunajská Streda, okres Dunajská Streda","rooms":3,"meters":69,"totalPrice":127000,"meterSquarePrice":8,"link":"https://www.nehnutelnosti.sk/detail/JuqIUu9s_hm/all-inclusive-na-predaj-kompletne-zrekonstruovany-3-izbovy-byt-s-balkonom-a-pivnicou-dunajska-str","imagesUrls":["https://img.nehnutelnosti.sk/foto/NjAweDMzOC9maWx0ZXJzOnF1YWxpdHkoMTAwKS9uZWg=/6H-Geus5h_fss?st=Eq09uaV1VMAkpe3gVLJmPQay1MLgn_jYF2ia-hKlShA&ts=1715849606&e=0"]},{"title":"ALL INCLUSIVE | NA PREDAJ VEĽKOMETRÁŽNY 1 IZBOVÝ BYT S BALKÓNOM, DUNAJSKÁ STREDA","address":"Nová Ves, Dunajská Streda, okres Dunajská Streda","rooms":1,"meters":44,"totalPrice":83000,"meterSquarePrice":6,"link":"https://www.nehnutelnosti.sk/detail/JuQkvnB3ZB1/all-inclusive-na-predaj-velkometrazny-1-izbovy-byt-s-balkonom-dunajska-streda","imagesUrls":["https://img.nehnutelnosti.sk/foto/NjAweDMzOC9maWx0ZXJzOnF1YWxpdHkoMTAwKS9uZWg=/5Gg5MGYjqF_fss?st=X-8Kv5fF38mheh20v0OnFIpLAH5R4uHH-jCe_0vnU3A&ts=1715259854&e=0"]},{"title":"ALL INCLUSIVE | IBA 109.000 EUR | EXKLUZÍVNE NA PREDAJ VEĽKOMETRÁŽNY 3,5 IZBOVÝ BYT S BALKÓNOM, DUNA","address":"Dunajská, Dunajská Streda, okres Dunajská Streda","rooms":4,"meters":76,"totalPrice":109000,"meterSquarePrice":1,"link":"https://www.nehnutelnosti.sk/detail/JuZlmv5klEQY/all-inclusive-iba-109-000-eur-exkluzivne-na-predaj-velkometrazny-3-5-izbovy-byt-s-balkonom-duna","imagesUrls":["https://img.nehnutelnosti.sk/foto/NjAweDMzOC9maWx0ZXJzOnF1YWxpdHkoMTAwKS9uZWg=/sGoNlV93K_fss?st=CtbjoqiX3xR_DrfhomdX_pZWuBvOyfZH5ITcqLdYMn8&ts=1725889728&e=0"]},{"title":"ALL INCLUSIVE I PREDANÉ I EXLUZÍVNE NA PREDAJ 2 IZBOVÝ BYT (52M2), UL. TRANOVSKÉHO I BRATISLAVA","address":"Tranovského, Bratislava IV - Dúbravka, okres Bratislava","rooms":2,"meters":52,"totalPrice":135000,"meterSquarePrice":5,"link":"https://www.nehnutelnosti.sk/detail/JuV0cz3ufhI/all-inclusive-i-predane-i-exluzivne-na-predaj-2-izbovy-byt-52m2-ul-tranovskeho-i-bratislava","imagesUrls":["https://img.nehnutelnosti.sk/foto/NjAweDMzOC9maWx0ZXJzOnF1YWxpdHkoMTAwKS9uZWg=/SPHZPuOVY_fss?st=zqEduMbScf4til4YY0dqQjf6UzDBqhg8LGO28-GOQBw&ts=1715069325&e=0"]},{"title":"ALL INCLUSIVE | PREDANÉ  | EXKLUZÍVNE NA PREDAJ VEĽKOMETRÁŽNY 3 IZBOVÝ BYT S BALKÓNOM (78 M2), VEĽKÝ","address":"Komárňanská, Veľký Meder, okres Dunajská Streda","rooms":3,"meters":78,"totalPrice":108000,"meterSquarePrice":2,"link":"https://www.nehnutelnosti.sk/detail/JuUJ7lU94QC/all-inclusive-predane-exkluzivne-na-predaj-velkometrazny-3-izbovy-byt-s-balkonom-78-m2-velky","imagesUrls":["https://img.nehnutelnosti.sk/foto/NjAweDMzOC9maWx0ZXJzOnF1YWxpdHkoMTAwKS9uZWg=/X_GnAXXDZ_fss?st=Vh2TVJvA4Uc3j_zCLWYOlW49nCVkg4ofb2mOyqKqiPs&ts=1716377103&e=0"]},{"title":"ALL INCLUSIVE | NA PREDAJ ÚPLNE ZREKONŠTRUOVANÝ 3 IZBOVÝ BYT V DUNAJSKEJ STREDE","address":"Boriny, Dunajská Streda, okres Dunajská Streda","rooms":3,"meters":60,"totalPrice":110000,"meterSquarePrice":3,"link":"https://www.nehnutelnosti.sk/detail/Ju531NxnrE2/all-inclusive-na-predaj-uplne-zrekonstruovany-3-izbovy-byt-v-dunajskej-strede","imagesUrls":["https://img.nehnutelnosti.sk/foto/NjAweDMzOC9maWx0ZXJzOnF1YWxpdHkoMTAwKS9uZWg=/NdbWYujDB_fss?st=GXAIORq5F3vFElZowt0sorEnk0eYjXJ0guMSST1Eqrs&ts=1713259374&e=0"]},{"title":"ALL INCLUSIVE | NA PREDAJ VEĽKOMETRÁŽNY 3 IZBOVÝ BYT S LOGGIOU V DUNAJSKEJ STREDE","address":"Ružový Háj, Dunajská Streda, okres Dunajská Streda","rooms":3,"meters":76,"totalPrice":118900,"meterSquarePrice":7,"link":"https://www.nehnutelnosti.sk/detail/JuxDDdbszrI/all-inclusive-na-predaj-velkometrazny-3-izbovy-byt-s-loggiou-v-dunajskej-strede","imagesUrls":["https://img.nehnutelnosti.sk/foto/NjAweDMzOC9maWx0ZXJzOnF1YWxpdHkoMTAwKS9uZWg=/pu9AYbKfz_fss?st=0bK6Sv4lk2NzSKt3C-VmVH9ernBqIjEqoH0mgUoUf0E&ts=1714115353&e=0"]},{"title":"ALL INCLUSIVE | NA PREDAJ 3 IZBOVÝ BYT SO ZÁHRADKOU V ŠTVORBYTOVKE, GARDEN TOWN DUNAJSKÁ STREDA","address":"Garden Town, Dunajská Streda, okres Dunajská Streda","rooms":3,"meters":68,"totalPrice":179000,"meterSquarePrice":5,"link":"https://www.nehnutelnosti.sk/detail/JuQz7CXT7g_/all-inclusive-na-predaj-3-izbovy-byt-so-zahradkou-v-stvorbytovke-garden-town-dunajska-streda","imagesUrls":["https://img.nehnutelnosti.sk/foto/NjAweDMzOC9maWx0ZXJzOnF1YWxpdHkoMTAwKS9uZWg=/cgXjJngX4_fss?st=iUFLlk-k9PNSer1II4EPveAoyNaJ0R7Kq9cSRydNaC4&ts=1713433541&e=0"]},{"title":"PREDANÉ | ALL INCLUSIVE | EXKLUZÍVNE NA PREDAJ 4 IZBOVÝ BYT S BALKÓNOM A PIVNICOU V DUNAJSKEJ STREDE","address":"Nám. SNP, Dunajská Streda, okres Dunajská Streda","rooms":4,"meters":87,"totalPrice":125000,"meterSquarePrice":8,"link":"https://www.nehnutelnosti.sk/detail/JuLKpoZkLBN/predane-all-inclusive-exkluzivne-na-predaj-4-izbovy-byt-s-balkonom-a-pivnicou-v-dunajskej-strede","imagesUrls":["https://img.nehnutelnosti.sk/foto/NjAweDMzOC9maWx0ZXJzOnF1YWxpdHkoMTAwKS9uZWg=/-K6VfvZvC_fss?st=DgXseMottP_LTMda5z3dprsOV7y8_emPlGVygbcsbtc&ts=1718869594&e=0"]},{"title":"ALL INCLUSIVE | NA PREDAJ 3 IZBOVÝ BYT S MENŠÍM POZEMKOM","address":"Tomašíkovo, Tomášikovo, okres Galanta","rooms":3,"meters":72,"totalPrice":129900,"meterSquarePrice":7,"link":"https://www.nehnutelnosti.sk/detail/JuL5O31fTdB/all-inclusive-na-predaj-3-izbovy-byt-s-mensim-pozemkom","imagesUrls":["https://img.nehnutelnosti.sk/foto/NjAweDMzOC9maWx0ZXJzOnF1YWxpdHkoMTAwKS9uZWg=/NlWbviDgQ_fss?st=9iYSVRQg393t2gmxkvviqmDq6q3yxz0rIIHXaNzSHeI&ts=1718875996&e=0"]},{"title":"ALL INCLUSIVE | PREDAJ 2 BYTOV S POZEMKAMI V NOVOSTAVBE V LEHNICIACH","address":"Lehnice, okres Dunajská Streda","rooms":3,"meters":70,"totalPrice":185000,"meterSquarePrice":6,"link":"https://www.nehnutelnosti.sk/detail/JuzUbGu2NRc/all-inclusive-predaj-2-bytov-s-pozemkami-v-novostavbe-v-lehniciach","imagesUrls":["https://img.nehnutelnosti.sk/foto/NjAweDMzOC9maWx0ZXJzOnF1YWxpdHkoMTAwKS9uZWg=/2gHXNummL_fss?st=Si4vltFdxevSoqo9-KO0DVb6Na0ztFphfK2uE6CRS94&ts=1710335324&e=0"]},{"title":"ALL INCLUSIVE | PREDAJ 2 BYTOV S BALKÓNMI V NOVOSTAVBE V LEHNICIACH","address":"Lehnice, okres Dunajská Streda","rooms":3,"meters":70,"totalPrice":177000,"meterSquarePrice":7,"link":"https://www.nehnutelnosti.sk/detail/Ju4y4pRNbZ6/all-inclusive-predaj-2-bytov-s-balkonmi-v-novostavbe-v-lehniciach","imagesUrls":["https://img.nehnutelnosti.sk/foto/NjAweDMzOC9maWx0ZXJzOnF1YWxpdHkoMTAwKS9uZWg=/e2zOKcGSQ_fss?st=nfABUzqQpRB6SrYJPmR0z3Qsji8_DKXaAms0U-t1AQY&ts=1710335326&e=0"]},{"title":"ALL INCLUSIVE | PREDAJ  3 IZBOVÝ BYTOV S BALKÓNOM , GABČÍKOVO","address":"Budovateľská, Gabčíkovo, okres Dunajská Streda","rooms":3,"meters":64,"totalPrice":93000,"meterSquarePrice":3,"link":"https://www.nehnutelnosti.sk/detail/JueNkI_H5iH/all-inclusive-predaj-3-izbovy-bytov-s-balkonom-gabcikovo","imagesUrls":["https://img.nehnutelnosti.sk/foto/NjAweDMzOC9maWx0ZXJzOnF1YWxpdHkoMTAwKS9uZWg=/t9KgmiXoi_fss?st=VpffHVvuzB5JvSk2xGwMCdEvdIknIVKrV5p7azVBjOQ&ts=1724834178&e=0"]},{"title":"ALL INCLUSIVE | NA PREDAJ VEĽKOMETRÁŽNY 3 IZBOVÝ BYT S BALKÓNOM, DUNAJSKÁ STREDA","address":"Nová Ves, Dunajská Streda, okres Dunajská Streda","rooms":3,"meters":80,"totalPrice":99990,"meterSquarePrice":8,"link":"https://www.nehnutelnosti.sk/detail/JuVDXzBDi96/all-inclusive-na-predaj-velkometrazny-3-izbovy-byt-s-balkonom-dunajska-streda","imagesUrls":["https://img.nehnutelnosti.sk/foto/NjAweDMzOC9maWx0ZXJzOnF1YWxpdHkoMTAwKS9uZWg=/U08-g2W0b_fss?st=ODaMc16WttuXOH9h5sK6dxPYknNZm2xA6iA-yiU-yNk&ts=1724963873&e=0"]},{"title":"ALL INCLUSIVE | NA PREDAJ VEĽKOMETRÁŽNY 3,5 IZBOVÝ BYT S BALKÓNOM, DUNAJSKÁ STREDA","address":"Dunajská, Dunajská Streda, okres Dunajská Streda","rooms":3,"meters":76,"totalPrice":112000,"meterSquarePrice":8,"link":"https://www.nehnutelnosti.sk/detail/JuE-tEY3hzw/all-inclusive-na-predaj-velkometrazny-3-5-izbovy-byt-s-balkonom-dunajska-streda","imagesUrls":["https://img.nehnutelnosti.sk/foto/NjAweDMzOC9maWx0ZXJzOnF1YWxpdHkoMTAwKS9uZWg=/sjS5ihEA0_fss?st=v8IsuzSh-1_YJcCdIj6M4QlfKQyAzBBYl8oHOjbQS1Y&ts=1714987382&e=0"]},{"title":"ALL INCLUSIVE | *ZNÍŽENÁ CENA* | NA PREDAJ 3 IZBOVÝ BYT S LOGGIOU A PARKOVACÍM STÁTÍM V DUNAJSKEJ ST","address":"Záhradnícka, Dunajská Streda, okres Dunajská Streda","rooms":3,"meters":61,"totalPrice":128500,"meterSquarePrice":8,"link":"https://www.nehnutelnosti.sk/detail/JuRSyKScovL/all-inclusive-znizena-cena-na-predaj-3-izbovy-byt-s-loggiou-a-parkovacim-statim-v-dunajskej-st","imagesUrls":["https://img.nehnutelnosti.sk/foto/NjAweDMzOC9maWx0ZXJzOnF1YWxpdHkoMTAwKS9uZWg=/1BW-YUkzR_fss?st=GT_pS4H4HwpD3YXYu0PjjfeoHZnzCVgw07pK9aN-66k&ts=1715246052&e=0"]}]