[{"title":"Na Predaj krásny 3-izbový byt Dunajská Lužná","address":"Čerešňová, Dunajská Lužná, okres Senec","rooms":3,"meters":62,"totalPrice":173000,"meterSquarePrice":2,"link":"https://www.nehnutelnosti.sk/detail/Jumcvox0BTm/na-predaj-krasny-3-izbovy-byt-dunajska-luzna","imagesUrls":["https://img.unitedclassifieds.sk/foto/NjAweDMzOC9maWx0ZXJzOnF1YWxpdHkoMTAwKS9qdWw=/7m0KjnsXU_fss?st=CwRtLQjthXxEZryaDFXaXx5Ns6hc9KfXRFWKZ0zWWeA&ts=1726513387&e=0"]},{"title":"Ponúkame zariadený 1- izbový byt s balkónom na  Pezinskej ulici s vonkajším parkovacím miestom","address":"Pezinská, Malacky, okres Malacky","rooms":1,"meters":25,"totalPrice":106000,"meterSquarePrice":0,"link":"https://www.nehnutelnosti.sk/detail/JuUYz4BtP7l/ponukame-zariadeny-1-izbovy-byt-s-balkonom-na-pezinskej-ulici-s-vonkajsim-parkovacim-miestom","imagesUrls":["https://img.nehnutelnosti.sk/foto/NjAweDMzOC9maWx0ZXJzOnF1YWxpdHkoMTAwKS9uZWg=/gX5p1Kh4t_fss?st=ywuEgV-vrXnS6LQVXMCj4PHh2tht-2FvqJsEE37jnck&ts=1726564176&e=0"]},{"title":"FINREA│3 izbový byt na predaj - časť Jahodníky","address":"Martin, okres Martin","rooms":3,"meters":69,"totalPrice":148000,"meterSquarePrice":3,"link":"https://www.nehnutelnosti.sk/detail/Jun_1ZrS2NR/finrea3-izbovy-byt-na-predaj-cast-jahodniky","imagesUrls":["https://img.nehnutelnosti.sk/foto/NjAweDMzOC9maWx0ZXJzOnF1YWxpdHkoMTAwKS9uZWg=/wMIw1cdzax_fss?st=Ft72GbSsMgoi39uD-HUexZ3tGe31C3vBgl0g75KNb70&ts=1726564117&e=0"]},{"title":"2izb. byt s loggiou, prerobený komplet zariadený + parking","address":"Vlčie Hrdlo, Bratislava II - Ružinov, okres Bratislava","rooms":2,"meters":40,"totalPrice":128000,"meterSquarePrice":0,"link":"https://www.nehnutelnosti.sk/detail/JuCTYiJ_ICr9/2izb-byt-s-loggiou-prerobeny-komplet-zariadeny-parking","imagesUrls":["https://img.nehnutelnosti.sk/foto/NjAweDMzOC9maWx0ZXJzOnF1YWxpdHkoMTAwKS9uZWg=/GVnnzm_ch_fss?st=C8JOm9dlmXnZXhRAUigHfwKtoo1Ln9yn4l_o8LSeVnk&ts=1726564108&e=0"]},{"title":"Investičný 2izb. byt, prerobený komplet zariadený + parking","address":"Vlčie Hrdlo, Bratislava II - Podunajské Biskupice, okres Bratislava","rooms":2,"meters":40,"totalPrice":128000,"meterSquarePrice":0,"link":"https://www.nehnutelnosti.sk/detail/JuOiJCgCkso/investicny-2izb-byt-prerobeny-komplet-zariadeny-parking","imagesUrls":["https://img.nehnutelnosti.sk/foto/NjAweDMzOC9maWx0ZXJzOnF1YWxpdHkoMTAwKS9uZWg=/EUccFSwbk_fss?st=I-52hPNYTikdes5uTmhtITjDguiHsA4BtU3dw1zMJow&ts=1726564104&e=0"]},{"title":"XXL REALITY – PONÚKAME NA PREDAJ PRIESTRANNÝ 2-IZBOVÝ BYT v IVANKE PRI DUNAJI_SNP ulica","address":"Ivanka pri Dunaji, okres Senec","rooms":2,"meters":62,"totalPrice":163990,"meterSquarePrice":0,"link":"https://www.nehnutelnosti.sk/detail/JuaTAKI5MFk/xxl-reality-ponukame-na-predaj-priestranny-2-izbovy-byt-v-ivanke-pri-dunaji-snp-ulica","imagesUrls":["https://img.nehnutelnosti.sk/foto/NjAweDMzOC9maWx0ZXJzOnF1YWxpdHkoMTAwKS9uZWg=/aXA9xdSVK_fss?st=fX1RHGK7orCapaG6uWxQDUBiDyGPUABBozFAk-xI9hg&ts=1726747539&e=0"]},{"title":"XXL REALITY – PONÚKAME NA PREDAJ PRIESTRANNÝ 2-IZBOVÝ BYT v IVANKE PRI DUNAJI","address":"Komenského, Ivanka pri Dunaji, okres Senec","rooms":2,"meters":67,"totalPrice":167990,"meterSquarePrice":5,"link":"https://www.nehnutelnosti.sk/detail/JuaKjH7PkOE/xxl-reality-ponukame-na-predaj-priestranny-2-izbovy-byt-v-ivanke-pri-dunaji","imagesUrls":["https://img.nehnutelnosti.sk/foto/NjAweDMzOC9maWx0ZXJzOnF1YWxpdHkoMTAwKS9uZWg=/ju84JksPHM_fss?st=NimD21QGrWLt968ce7u_l6I3yfvxBXjvtPmseMGBWks&ts=1726747532&e=0"]},{"title":"SKOLAUDOVANÝ 4-izbový mezonet. apartmán s terasou – Demänová rezort","address":"Demänovská cesta, Liptovský Mikuláš, okres Liptovský Mikuláš","rooms":null,"meters":79,"totalPrice":null,"meterSquarePrice":null,"link":"https://www.nehnutelnosti.sk/detail/JucEibGbMaV/skolaudovany-4-izbovy-mezonet-apartman-s-terasou-demanova-rezort","imagesUrls":["https://img.nehnutelnosti.sk/foto/NjAweDMzOC9maWx0ZXJzOnF1YWxpdHkoMTAwKS9uZWg=/9N95A1YXo_fss?st=G_Jm5lh9gm8w0fmVsjY1cNH0DPPknaG48Bm6TpHvI7o&ts=1721826715&e=0"]},{"title":"1-izb. apartmán s výnosom v Demänová Rezort na predaj, výhľad na Vysoké Tatry","address":"Demänová Rezort, Liptovský Mikuláš, okres Liptovský Mikuláš","rooms":null,"meters":21,"totalPrice":null,"meterSquarePrice":null,"link":"https://www.nehnutelnosti.sk/detail/JuzvCXZDjy0/1-izb-apartman-s-vynosom-v-demanova-rezort-na-predaj-vyhlad-na-vysoke-tatry","imagesUrls":["https://img.nehnutelnosti.sk/foto/NjAweDMzOC9maWx0ZXJzOnF1YWxpdHkoMTAwKS9uZWg=/nFPjRxR60_fss?st=xkgaoZtmEqVjLxlrO0NP8IKEXGeeX1Y3czMSgui9ntU&ts=1725348236&e=0"]},{"title":"Na predaj 2iz. byt v Trnave na Špačinskej ceste (2 pivnice)","address":"Špačisnká cesta, Trnava, okres Trnava","rooms":2,"meters":54,"totalPrice":135000,"meterSquarePrice":0,"link":"https://www.nehnutelnosti.sk/detail/JuwiDnYOVM1/na-predaj-2iz-byt-v-trnave-na-spacinskej-ceste-2-pivnice","imagesUrls":["https://img.nehnutelnosti.sk/foto/NjAweDMzOC9maWx0ZXJzOnF1YWxpdHkoMTAwKS9uZWg=/TAmRaNJ-S_fss?st=VtMKrSbzeZczveFmLgXBG9lPgThqKOkD1qOLtHGkPmQ&ts=1726564032&e=0"]},{"title":"3 - IZBOVÝ BYT NA PREDAJ - RUŽINOV","address":"Chlumeckého, Bratislava II - Ružinov, okres Bratislava","rooms":3,"meters":70,"totalPrice":214990,"meterSquarePrice":9,"link":"https://www.nehnutelnosti.sk/detail/JuDbXSNko1R/3-izbovy-byt-na-predaj-ruzinov","imagesUrls":["https://img.nehnutelnosti.sk/foto/NjAweDMzOC9maWx0ZXJzOnF1YWxpdHkoMTAwKS9uZWg=/oojeiKZ9__fss?st=hLDROVe9P09VSETC8x5diL0AatLTyYa-NcjQCylDCN4&ts=1726561699&e=0"]},{"title":"na predaj 3-izbový byt v lokalite Bratislava Ružinov","address":"Andreja Mráza, Bratislava II - Ružinov, okres Bratislava","rooms":3,"meters":70,"totalPrice":200000,"meterSquarePrice":1,"link":"https://www.nehnutelnosti.sk/detail/Ju5nnqU6TFV/na-predaj-3-izbovy-byt-v-lokalite-bratislava-ruzinov","imagesUrls":["https://img.nehnutelnosti.sk/foto/NjAweDMzOC9maWx0ZXJzOnF1YWxpdHkoMTAwKS9uZWg=/qU4FTv68H_fss?st=fpl_l1MzbVa-urNQKmNWJ5wOGZt9_KeLszXcNGDhOEc&ts=1718695201&e=0"]},{"title":"REZERVOVANÉ 3 izbový byt s balkónom na sídlidku Starý Juh v Poprade","address":"Ludvíka Svobodu, Poprad, okres Poprad","rooms":3,"meters":75,"totalPrice":145000,"meterSquarePrice":3,"link":"https://www.nehnutelnosti.sk/detail/JuRvZtCSU2l/rezervovane-3-izbovy-byt-s-balkonom-na-sidlidku-stary-juh-v-poprade","imagesUrls":["https://img.nehnutelnosti.sk/foto/NjAweDMzOC9maWx0ZXJzOnF1YWxpdHkoMTAwKS9uZWg=/Hw2q-O3ej_fss?st=Xi3lh9CgbzJmC74KvqJde3ImULl-ngeXtFyOHmlXraY&ts=1724794978&e=0"]},{"title":"REZERVOVANÝ - Exkluzívne ponúkame na predaj 3 izbový s balkónom po kompletnej rekonštrukcii v Poprad","address":"Rázusova, Poprad, okres Poprad","rooms":3,"meters":62,"totalPrice":145000,"meterSquarePrice":1,"link":"https://www.nehnutelnosti.sk/detail/JukylUgiszY/rezervovany-exkluzivne-ponukame-na-predaj-3-izbovy-s-balkonom-po-kompletnej-rekonstrukcii-v-poprad","imagesUrls":["https://img.nehnutelnosti.sk/foto/NjAweDMzOC9maWx0ZXJzOnF1YWxpdHkoMTAwKS9uZWg=/BR6uQ4exs_fss?st=DNYEme55Nd94W4fD-eTMp4OO8wnsy4zNL2YBBLfdSng&ts=1723140091&e=0"]},{"title":"Exkluzívne Vám ponúkame na predaj apartmány vo Veľkej Lomnici","address":"Golfová, Veľká Lomnica, okres Kežmarok","rooms":2,"meters":65,"totalPrice":null,"meterSquarePrice":null,"link":"https://www.nehnutelnosti.sk/detail/JuOAGYf-pyg/exkluzivne-vam-ponukame-na-predaj-apartmany-vo-velkej-lomnici","imagesUrls":["https://img.nehnutelnosti.sk/foto/NjAweDMzOC9maWx0ZXJzOnF1YWxpdHkoMTAwKS9uZWg=/R8LEmMeYn_fss?st=vPSF-P-bR5zN6beJm1v-BdyMwNCDoumYGm2yG2nwoM0&ts=1718092305&e=0"]},{"title":"Ponúkame na predaj 3i byt s bakonom v Poprade .","address":"Ústecko - Orlická, Poprad, okres Poprad","rooms":3,"meters":69,"totalPrice":145000,"meterSquarePrice":5,"link":"https://www.nehnutelnosti.sk/detail/Ju6aeSYT-wM/ponukame-na-predaj-3i-byt-s-bakonom-v-poprade","imagesUrls":["https://img.nehnutelnosti.sk/foto/NjAweDMzOC9maWx0ZXJzOnF1YWxpdHkoMTAwKS9uZWg=/nA9Vnq3uj_fss?st=K_x-QZ7Sdo5RcIaCVnE0W710xAZAbxqhCjNEC1EQDYk&ts=1715694535&e=0"]},{"title":"NOVOSTAVBA KERLING-2 izb. byt s parkovaním Banskej Štiavnici","address":"Dolná, Banská Štiavnica, okres Banská Štiavnica","rooms":2,"meters":47,"totalPrice":147600,"meterSquarePrice":7,"link":"https://www.nehnutelnosti.sk/detail/Jut5AYt4av5/novostavba-kerling-2-izb-byt-s-parkovanim-banskej-stiavnici","imagesUrls":["https://img.nehnutelnosti.sk/foto/NjAweDMzOC9maWx0ZXJzOnF1YWxpdHkoMTAwKS9uZWg=/lj42PLGKA_fss?st=mdkSwVearseTGF3ZW8t91WnKBWIsI6-lZ3ylV0Euu-Q&ts=1720289857&e=0"]},{"title":"NOVOSTAVBA KERLING-1 izb. byt s parkovaním v Banskej Štiavnici","address":"Dolná, Banská Štiavnica, okres Banská Štiavnica","rooms":1,"meters":36,"totalPrice":122800,"meterSquarePrice":3,"link":"https://www.nehnutelnosti.sk/detail/JuDy5CILpsU/novostavba-kerling-1-izb-byt-s-parkovanim-v-banskej-stiavnici","imagesUrls":["https://img.nehnutelnosti.sk/foto/NjAweDMzOC9maWx0ZXJzOnF1YWxpdHkoMTAwKS9uZWg=/tqX2QkqIk_fss?st=YJPdHG7xdf8B4VZA4Z4KW1etDTeOGGaKGMljswFIVCU&ts=1720289859&e=0"]},{"title":"Predaj 2 izbového apartmánu novostavba Banská Štiavnica - časť Počúvadlianské jazero.","address":"Počúvadlianske jazero, Banská Štiavnica, okres Banská Štiavnica","rooms":2,"meters":57,"totalPrice":166000,"meterSquarePrice":8,"link":"https://www.nehnutelnosti.sk/detail/Ju9laovpAEm/predaj-2-izboveho-apartmanu-novostavba-banska-stiavnica-cast-pocuvadlianske-jazero","imagesUrls":["https://img.unitedclassifieds.sk/foto/NjAweDMzOC9maWx0ZXJzOnF1YWxpdHkoMTAwKS9yc2Y=/tcby8RMSQ_fss?st=PfP0u_1e73Ofrg7cQ1R21oUp_tunNePeFGcJptaqc_Y&ts=1715796344&e=0"]},{"title":"NA PREDAJ 3 IZBOVÝ BYT BRATISLAVA NOVÉ MESTO TUPÉHO ULICA BALKÓN PARKING 134 m2","address":"Tupého, Bratislava III - Nové Mesto, okres Bratislava","rooms":3,"meters":124,"totalPrice":465770,"meterSquarePrice":1,"link":"https://www.nehnutelnosti.sk/detail/JuXGpQe24Y7/na-predaj-3-izbovy-byt-bratislava-nove-mesto-tupeho-ulica-balkon-parking-134-m2","imagesUrls":["https://img.nehnutelnosti.sk/foto/NjAweDMzOC9maWx0ZXJzOnF1YWxpdHkoMTAwKS9uZWg=/lVtk6lV1e_fss?st=SUFs4hbmVcuejC8N_GBIP-eoHqzz_h3O1DR-X9KL0P8&ts=1718368347&e=0"]},{"title":"KRÁSNY 2 IZBOVÝ BYT SVÄTÝ JUR DUKELSKÁ UL. BALKÓN GARÁŽ 68 m2","address":"Dukelská, Svätý Jur, okres Pezinok","rooms":2,"meters":68,"totalPrice":207000,"meterSquarePrice":2,"link":"https://www.nehnutelnosti.sk/detail/JuISIP6jsME/krasny-2-izbovy-byt-svaty-jur-dukelska-ul-balkon-garaz-68-m2","imagesUrls":["https://img.nehnutelnosti.sk/foto/NjAweDMzOC9maWx0ZXJzOnF1YWxpdHkoMTAwKS9uZWg=/CiuUaSWCD_fss?st=wyn6hI9J3x_x0jPv7DT1-it6VIl3ttCXq-57zyEDWN8&ts=1725008039&e=0"]},{"title":"PEKNÝ 4 IZ.BYT BRATISLAVA RUŽINOV HABURSKÁ ULICA 68 m2","address":"Haburská, Bratislava II - Ružinov, okres Bratislava","rooms":4,"meters":68,"totalPrice":249990,"meterSquarePrice":2,"link":"https://www.nehnutelnosti.sk/detail/JuzuYNohLYA/pekny-4-iz-byt-bratislava-ruzinov-haburska-ulica-68-m2","imagesUrls":["https://img.nehnutelnosti.sk/foto/NjAweDMzOC9maWx0ZXJzOnF1YWxpdHkoMTAwKS9uZWg=/kKM3xgF0i_fss?st=bcS2q3SqvdeDgQuauKrQ3BbG0PUXoAnRp4cBDxQkE0M&ts=1718368300&e=0"]},{"title":"Ponúkame 1-izbový byt v dobrej lokalite na ulici Bilíková Dúbravka","address":"Bílikova, Bratislava IV - Dúbravka, okres Bratislava","rooms":1,"meters":36,"totalPrice":119500,"meterSquarePrice":4,"link":"https://www.nehnutelnosti.sk/detail/JuFzQS_QJVT/ponukame-1-izbovy-byt-v-dobrej-lokalite-na-ulici-bilikova-dubravka","imagesUrls":["https://img.nehnutelnosti.sk/foto/NjAweDMzOC9maWx0ZXJzOnF1YWxpdHkoMTAwKS9uZWg=/DZUgAP3t8_fss?st=_46kFCyQ7nRmmdZyvVKqfh_6E95vEDoLIWPFnT4HZuI&ts=1726563830&e=0"]},{"title":"Ponúkame 25m2 garsónku v mestskej časti Ružinov na ulici Doležalova s balkónom","address":"Doležalova, Bratislava II - Ružinov, okres Bratislava","rooms":null,"meters":25,"totalPrice":123000,"meterSquarePrice":0,"link":"https://www.nehnutelnosti.sk/detail/JuKb4t5XUwf/ponukame-25m2-garsonku-v-mestskej-casti-ruzinov-na-ulici-dolezalova-s-balkonom","imagesUrls":["https://img.nehnutelnosti.sk/foto/NjAweDMzOC9maWx0ZXJzOnF1YWxpdHkoMTAwKS9uZWg=/nWSKHXHOb2_fss?st=ogJKRUemHCrGhGEu87EmUEWApQZ2V4KunY2zzCJKsi0&ts=1726563827&e=0"]},{"title":"3-izbový byt na ulici J. Bottu","address":"Jána Bottu, Trnava, okres Trnava","rooms":3,"meters":65,"totalPrice":143000,"meterSquarePrice":0,"link":"https://www.nehnutelnosti.sk/detail/JuDW9GnOQqP/3-izbovy-byt-na-ulici-j-bottu","imagesUrls":["https://img.nehnutelnosti.sk/foto/NjAweDMzOC9maWx0ZXJzOnF1YWxpdHkoMTAwKS9uZWg=/Fpfz7SMiq_fss?st=Tbn26xuoWqHN93FzS-42CXtJmvHKTjB2z3e9HjKaYj0&ts=1726563826&e=0"]},{"title":"Nezmeškajte predpredajové ceny trojizbového, luxusného a priestranného bytu v nadčasovom projekte Gr","address":"Športová, Nové Zámky, okres Nové Zámky","rooms":3,"meters":80,"totalPrice":191425,"meterSquarePrice":1,"link":"https://www.nehnutelnosti.sk/detail/Jua2notATa0/nezmeskajte-predpredajove-ceny-trojizboveho-luxusneho-a-priestranneho-bytu-v-nadcasovom-projekte-gr","imagesUrls":["https://img.unitedclassifieds.sk/foto/NjAweDMzOC9maWx0ZXJzOnF1YWxpdHkoMTAwKS9qdWw=/2s83OTK-e_fss?st=B4E-F0jW6gn98Yi2G_MXJMW1yyKnszLbO27pbwLO3nU&ts=1721036086&e=0"]},{"title":"Nezmeškajte predpredajové ceny dvojizbového bytu so 100m2 predzáhradkou v luxusnom projekte Green Re","address":"Športová, Nové Zámky, okres Nové Zámky","rooms":2,"meters":54,"totalPrice":125761,"meterSquarePrice":2,"link":"https://www.nehnutelnosti.sk/detail/Ju1oUli73Bc/nezmeskajte-predpredajove-ceny-dvojizboveho-bytu-so-100m2-predzahradkou-v-luxusnom-projekte-green-re","imagesUrls":["https://img.unitedclassifieds.sk/foto/NjAweDMzOC9maWx0ZXJzOnF1YWxpdHkoMTAwKS9qdWw=/owv_Z1RYo_fss?st=rzs4bDsJ3TJbJTBFpFX5M1hphhM_1gVoR9TPgQgnOwE&ts=1721035676&e=0"]},{"title":"Neibrs | Terasový 2 izb. byt s nerušeným výhľadom, výťah, parking, kobka, BYTOVÝ DOM ,,A''","address":"Galanta, okres Galanta","rooms":2,"meters":72,"totalPrice":149000,"meterSquarePrice":5,"link":"https://www.nehnutelnosti.sk/detail/JuuAHrBqS1y/neibrs-terasovy-2-izb-byt-s-nerusenym-vyhladom-vytah-parking-kobka-bytovy-dom-a","imagesUrls":["https://img.nehnutelnosti.sk/foto/NjAweDMzOC9maWx0ZXJzOnF1YWxpdHkoMTAwKS9uZWg=/W6mE8ueOk_fss?st=b_4ThavHFtNupbwjBWAG3u3PZF3iJlYeQ6Rfjbwtj4U&ts=1725514338&e=0"]},{"title":"Novostavba 3i. byt 117,50m2, Lopúchová ul., projekt ''PEKNÁ VYHLIADKA'', 2x TERERASA, extra PARKING (g","address":"Lopúchová, Bratislava III - Nové Mesto, okres Bratislava","rooms":3,"meters":117,"totalPrice":470000,"meterSquarePrice":0,"link":"https://www.nehnutelnosti.sk/detail/Ju0nyZngSlc/novostavba-3i-byt-117-50m2-lopuchova-ul-projekt-pekna-vyhliadka-2x-tererasa-extra-parking-g","imagesUrls":["https://img.unitedclassifieds.sk/foto/NjAweDMzOC9maWx0ZXJzOnF1YWxpdHkoMTAwKS9qdWw=/xGmGHQeLk_fss?st=9pfGpKeqpTTtvVaIX_RnoiTNFHHEuoSHTYBGldmkV14&ts=1726563202&e=0"]},{"title":"2-izbový byt na ulici Špačinská cesta","address":"Špačinská cesta, Trnava, okres Trnava","rooms":2,"meters":54,"totalPrice":135000,"meterSquarePrice":0,"link":"https://www.nehnutelnosti.sk/detail/JuZp-rg-6YP/2-izbovy-byt-na-ulici-spacinska-cesta","imagesUrls":["https://img.nehnutelnosti.sk/foto/NjAweDMzOC9maWx0ZXJzOnF1YWxpdHkoMTAwKS9uZWg=/gVz5TD20l_fss?st=sxfdx9HilBCg_3BrpBeZqfYG4vMV8cT8o3ioNMuLdMk&ts=1726563338&e=0"]}]