[{"title":"SENEC: NOVOSTAVBA - 3-izbový byt s veľkým balkónom.","address":"Vtáčia, Senec, okres Senec","rooms":3,"meters":76,"totalPrice":218900,"meterSquarePrice":2,"link":"https://www.nehnutelnosti.sk/detail/JuYQlVGS205/senec-novostavba-3-izbovy-byt-s-velkym-balkonom","imagesUrls":["https://img.unitedclassifieds.sk/foto/NjAweDMzOC9maWx0ZXJzOnF1YWxpdHkoMTAwKS9qdWw=/BwlUH5T4b_fss?st=Ot1bX1TPH-enbiQfoBhrjir2Vpzrb0Ug0cPBNVluVRs&ts=1689770511&e=0"]},{"title":"SENEC: 2-izb. NOVOSTAVBA v KOLAUDÁCII !","address":"Vtáčia, Senec, okres Senec","rooms":2,"meters":60,"totalPrice":169500,"meterSquarePrice":5,"link":"https://www.nehnutelnosti.sk/detail/JuDQ-H4JtE-/senec-2-izb-novostavba-v-kolaudacii","imagesUrls":["https://img.unitedclassifieds.sk/foto/NjAweDMzOC9maWx0ZXJzOnF1YWxpdHkoMTAwKS9qdWw=/RECXeJFgY_fss?st=dBi_oI0EviUOzVY4HWURxs1gwdJNE_2RYNSOD9ecEDs&ts=1712998343&e=0"]},{"title":"SENEC: *NOVOSTAVBA VilaDomu pri jazierku* 2-3-4 byty so záhradkami, balkónmi a terasami.","address":"Vtáčia, Senec, okres Senec","rooms":3,"meters":75,"totalPrice":216900,"meterSquarePrice":8,"link":"https://www.nehnutelnosti.sk/detail/JuXYt9ZfRkd/senec-novostavba-viladomu-pri-jazierku-2-3-4-byty-so-zahradkami-balkonmi-a-terasami","imagesUrls":["https://img.unitedclassifieds.sk/foto/NjAweDMzOC9maWx0ZXJzOnF1YWxpdHkoMTAwKS9qdWw=/4q_2u2pSg_fss?st=sqwjX9Y9ggIZihBKAcAALXei3Xli8CtKt1v0t5YnH3g&ts=1689184779&e=0"]},{"title":"NOVOSTAVBA - perfektný bezbariérový byt s krásnou zimnou záhradou...","address":"Marhuľová, Senec, okres Senec","rooms":2,"meters":56,"totalPrice":177000,"meterSquarePrice":1,"link":"https://www.nehnutelnosti.sk/detail/JuwwspBC_9D/novostavba-perfektny-bezbarierovy-byt-s-krasnou-zimnou-zahradou","imagesUrls":["https://img.unitedclassifieds.sk/foto/NjAweDMzOC9maWx0ZXJzOnF1YWxpdHkoMTAwKS9qdWw=/PzqIjqV4i_fss?st=SZ9RMVUdm_JAkaGU97Cij8f96-OOyP5dnCdYZUZiumI&ts=1725923638&e=0"]},{"title":"BA-Petržalka-predaj praktického 3 izb. bytu ( využitie ako 4 izbový )","address":"Kopčianska, Bratislava V - Petržalka, okres Bratislava","rooms":3,"meters":69,"totalPrice":173000,"meterSquarePrice":8,"link":"https://www.nehnutelnosti.sk/detail/JuC20aWdQ61/ba-petrzalka-predaj-praktickeho-3-izb-bytu-vyuzitie-ako-4-izbovy","imagesUrls":["https://img.unitedclassifieds.sk/foto/NjAweDMzOC9maWx0ZXJzOnF1YWxpdHkoMTAwKS9qdWw=/uX4zzDX5h_fss?st=vMHn1yD1m8hQWywf-n1RG1rpNDo6hyvMGPAP0gdQGiA&ts=1723715663&e=0"]},{"title":"SENEC-4 izb. byt so záhradkou v rodinnom dome-SKVELÁ LOKALITA-parkovanie, pivnica","address":"Senec, okres Senec","rooms":4,"meters":129,"totalPrice":286000,"meterSquarePrice":9,"link":"https://www.nehnutelnosti.sk/detail/JuX6vRUPC0X/senec-4-izb-byt-so-zahradkou-v-rodinnom-dome-skvela-lokalita-parkovanie-pivnica","imagesUrls":["https://img.unitedclassifieds.sk/foto/NjAweDMzOC9maWx0ZXJzOnF1YWxpdHkoMTAwKS9qdWw=/ICSi041s0_fss?st=6s_laO6ba7paEH5Hs6cuARUCrU2QrjZNNbkd5cx2pcA&ts=1723807428&e=0"]},{"title":"*** ZAČÍNAME S VÝSTAVBOU NOVÝCH BYTOV V SENCI ***","address":"Vtáčia, Senec, okres Senec","rooms":2,"meters":62,"totalPrice":172900,"meterSquarePrice":2,"link":"https://www.nehnutelnosti.sk/detail/JuIbLju2KHm/zaciname-s-vystavbou-novych-bytov-v-senci","imagesUrls":["https://img.unitedclassifieds.sk/foto/NjAweDMzOC9maWx0ZXJzOnF1YWxpdHkoMTAwKS9qdWw=/OMOsAkxd__fss?st=NDEv2EI96pNPPDXy1jNE6wIBzGIVi7Ii46mJLlRZju8&ts=1718286416&e=0"]},{"title":"Projekt ''NOVÁ TEHELŇA'' v Senci- Vila domy A1-A2-PREDPREDAJ-Výrazná zľava","address":"Vtáčia, Senec, okres Senec","rooms":2,"meters":56,"totalPrice":175900,"meterSquarePrice":7,"link":"https://www.nehnutelnosti.sk/detail/Ju_52dFY1sO/projekt-nova-tehelna-v-senci-vila-domy-a1-a2-predpredaj-vyrazna-zlava","imagesUrls":["https://img.unitedclassifieds.sk/foto/NjAweDMzOC9maWx0ZXJzOnF1YWxpdHkoMTAwKS9qdWw=/mba9aCcje_fss?st=wHQC8fLvTavIHYml3AOKq_12sVp4PcIAXpJZhRNLskg&ts=1717621989&e=0"]},{"title":"3 izb. byt so záhradkou v rod. dome-NAJLEPŠIA LOKALITA SENCA-pivnica, parkovanie","address":"Senec, okres Senec","rooms":3,"meters":127,"totalPrice":279000,"meterSquarePrice":5,"link":"https://www.nehnutelnosti.sk/detail/Jue9MfqnVcx/3-izb-byt-so-zahradkou-v-rod-dome-najlepsia-lokalita-senca-pivnica-parkovanie","imagesUrls":["https://img.unitedclassifieds.sk/foto/NjAweDMzOC9maWx0ZXJzOnF1YWxpdHkoMTAwKS9qdWw=/OBIv4fhys_fss?st=q1SJpgA4pfFhfng0KjJ7xT2GfL_QdtAj8Q9Jeo732-k&ts=1724056709&e=0"]},{"title":"NOVÁ DEDINKA-predaj moderného 2 izb. bytu v novostavbe","address":"Hlavná, Nová Dedinka, okres Senec","rooms":2,"meters":46,"totalPrice":139500,"meterSquarePrice":9,"link":"https://www.nehnutelnosti.sk/detail/Jujjl2w3vWr/nova-dedinka-predaj-moderneho-2-izb-bytu-v-novostavbe","imagesUrls":["https://img.unitedclassifieds.sk/foto/NjAweDMzOC9maWx0ZXJzOnF1YWxpdHkoMTAwKS9qdWw=/_njT9qHym_fss?st=tmRYsvAbUNkdX2DnHwXzO0-MQ_jerc5vlL-0YqZQQo0&ts=1724342990&e=0"]},{"title":"Exkluzívny 2 izbový byt s terasou","address":"Sväteho Krištofa, Dunajská Streda, okres Dunajská Streda","rooms":2,"meters":55,"totalPrice":177300,"meterSquarePrice":9,"link":"https://www.nehnutelnosti.sk/detail/Juy8Z_UF89g/exkluzivny-2-izbovy-byt-s-terasou","imagesUrls":["https://img.nehnutelnosti.sk/foto/NjAweDMzOC9maWx0ZXJzOnF1YWxpdHkoMTAwKS9uZWg=/IJWWQNE3F_fss?st=D-ibsnsr_S_d9APCa5mzlf_wFVQdSmIkCyZhjIpkFkY&ts=1726822135&e=0"]},{"title":"Arvin & Benet | Veľkometrážny byt s terasami orientovanými do dvora v historickej budove","address":"Leškova, Bratislava I - Staré Mesto, okres Bratislava","rooms":3,"meters":165,"totalPrice":569000,"meterSquarePrice":0,"link":"https://www.nehnutelnosti.sk/detail/JuvCD-d2gXL/arvin-benet-velkometrazny-byt-s-terasami-orientovanymi-do-dvora-v-historickej-budove","imagesUrls":["https://img.unitedclassifieds.sk/foto/NjAweDMzOC9maWx0ZXJzOnF1YWxpdHkoMTAwKS9qdWw=/GUHiiH6cn_fss?st=oUBci4vZlD-qUHj1IXChkPfPDN2WlFSrGLTH9SPHfRg&ts=1705652914&e=0"]},{"title":"3 izbový byt v Komárne už s klimatizáciou","address":"Vnútorná Okružná, Komárno, okres Komárno","rooms":3,"meters":74,"totalPrice":95000,"meterSquarePrice":8,"link":"https://www.nehnutelnosti.sk/detail/JuFSxqIOrhg/3-izbovy-byt-v-komarne-uz-s-klimatizaciou","imagesUrls":["https://img.nehnutelnosti.sk/foto/NjAweDMzOC9maWx0ZXJzOnF1YWxpdHkoMTAwKS9uZWg=/-px6d2RR4b_fss?st=PLAGqdjVIb0GztsTYnQgQKww-qOGmR2biPVdw8MwnQY&ts=1724838469&e=0"]},{"title":"3.izb.byt v Šamoríne","address":"Kasárenská, Šamorín, okres Dunajská Streda","rooms":3,"meters":65,"totalPrice":153000,"meterSquarePrice":5,"link":"https://www.nehnutelnosti.sk/detail/Ju8_FhclwH2D/3-izb-byt-v-samorine","imagesUrls":["https://img.nehnutelnosti.sk/foto/NjAweDMzOC9maWx0ZXJzOnF1YWxpdHkoMTAwKS9uZWg=/XD73dgk3bj_fss?st=8O1bWPSr7myJ-pN7BigvFD8u0h73p9I14MhFrvCMkhc&ts=1724245361&e=0"]},{"title":"3.izb. byt v kompletne zrekonštruovanom dvojdome v obci Orechová Potôň","address":"Orechová Potôň, okres Dunajská Streda","rooms":3,"meters":57,"totalPrice":120000,"meterSquarePrice":6,"link":"https://www.nehnutelnosti.sk/detail/JuMo3RjlDb0/3-izb-byt-v-kompletne-zrekonstruovanom-dvojdome-v-obci-orechova-poton","imagesUrls":["https://img.nehnutelnosti.sk/foto/NjAweDMzOC9maWx0ZXJzOnF1YWxpdHkoMTAwKS9uZWg=/b1GS478Q0f_fss?st=6zOPz0-v33MLU3nS9xhOhoDMp7OaFWSE3vJ7diXUeCE&ts=1722848841&e=0"]},{"title":"Investičný 2 izb. byt v centre mesta","address":"Hlavná, Šamorín, okres Dunajská Streda","rooms":2,"meters":44,"totalPrice":125000,"meterSquarePrice":1,"link":"https://www.nehnutelnosti.sk/detail/Ju8drbvpfhv/investicny-2-izb-byt-v-centre-mesta","imagesUrls":["https://img.nehnutelnosti.sk/foto/NjAweDMzOC9maWx0ZXJzOnF1YWxpdHkoMTAwKS9uZWg=/c9_RFyr6o_fss?st=jhUoIOAdsP38CScbZdNug7F_fOPVB6pHBKWYpagSUHs&ts=1726652116&e=0"]},{"title":"3.izbový byt v centre mesta Šamorín","address":"Školská, Šamorín, okres Dunajská Streda","rooms":3,"meters":65,"totalPrice":129000,"meterSquarePrice":2,"link":"https://www.nehnutelnosti.sk/detail/JuKFhbH21Vc/3-izbovy-byt-v-centre-mesta-samorin","imagesUrls":["https://img.nehnutelnosti.sk/foto/NjAweDMzOC9maWx0ZXJzOnF1YWxpdHkoMTAwKS9uZWg=/7tV2POepu_fss?st=E_KeLALARiDSQNBFDARCIQR5Th39listnfjGqIlOMY0&ts=1718575412&e=0"]},{"title":"Novostavba - Nový Ružinov 1+kk","address":"Bajkalská, Bratislava II - Ružinov, okres Bratislava","rooms":1,"meters":35,"totalPrice":129000,"meterSquarePrice":2,"link":"https://www.nehnutelnosti.sk/detail/Ju17x9TrsbL/novostavba-novy-ruzinov-1-kk","imagesUrls":["https://img.nehnutelnosti.sk/foto/NjAweDMzOC9maWx0ZXJzOnF1YWxpdHkoMTAwKS9uZWg=/L756O-ebo_fss?st=__C6enlsWWplf2ditAMyZezNm_2ikzDiMnO12ad-gAY&ts=1720791163&e=0"]},{"title":"Slnečný 2izb. byt v tichej lokalite v Šamoríne- časť Mliečno","address":"Šamorín, okres Dunajská Streda","rooms":2,"meters":63,"totalPrice":168000,"meterSquarePrice":7,"link":"https://www.nehnutelnosti.sk/detail/JueeuCAKnlR/slnecny-2izb-byt-v-tichej-lokalite-v-samorine-cast-mliecno","imagesUrls":["https://img.nehnutelnosti.sk/foto/NjAweDMzOC9maWx0ZXJzOnF1YWxpdHkoMTAwKS9uZWg=/caiN6jPxHx_fss?st=lkNU50NV6NnN7PSkVNr0cn86SZqMPef6Vg8zAnXSEps&ts=1718575386&e=0"]},{"title":"1izb. byt kompletne zrekonštruovaný na Gazdovskom rade, v meste Šamorín","address":"Gazdovský rad, Šamorín, okres Dunajská Streda","rooms":1,"meters":28,"totalPrice":90500,"meterSquarePrice":4,"link":"https://www.nehnutelnosti.sk/detail/Ju4R10Tsu-T/1izb-byt-kompletne-zrekonstruovany-na-gazdovskom-rade-v-meste-samorin","imagesUrls":["https://img.nehnutelnosti.sk/foto/NjAweDMzOC9maWx0ZXJzOnF1YWxpdHkoMTAwKS9uZWg=/rrDjOE-DVh_fss?st=hM5YtTTy-xLcZxheOhEmcb3RwaNOWgbxwyN3juRsynE&ts=1707060842&e=0"]},{"title":"Mezonetový !!!","address":"Bratislavská, Šamorín, okres Dunajská Streda","rooms":3,"meters":104,"totalPrice":204000,"meterSquarePrice":4,"link":"https://www.nehnutelnosti.sk/detail/JumajsTMf3Y/mezonetovy","imagesUrls":["https://img.nehnutelnosti.sk/foto/NjAweDMzOC9maWx0ZXJzOnF1YWxpdHkoMTAwKS9uZWg=/Cj6GVcALUt_fss?st=kF1l1Q_ydiofEVg7iP1TTJH2lfjdgYfKFdEEEjL2QA8&ts=1718575354&e=0"]},{"title":"PRIESTRANNÝ 3 IZBOVÝ BYT V NOVOSTAVBE, 103 m2 - RIVERSIDE","address":"A. Stodolu, Prievidza, okres Prievidza","rooms":3,"meters":103,"totalPrice":175000,"meterSquarePrice":3,"link":"https://www.nehnutelnosti.sk/detail/Jun6QK6n2Ni/priestranny-3-izbovy-byt-v-novostavbe-103-m2-riverside","imagesUrls":["https://img.nehnutelnosti.sk/foto/NjAweDMzOC9maWx0ZXJzOnF1YWxpdHkoMTAwKS9uZWg=/HMEt5o7DvP_fss?st=ZXBzk7kXKhYYyOOpCM39XmgKfBEupt9JP9gi0JX2das&ts=1724321778&e=0"]},{"title":"Kompletne zariadený, dizajnový  3 izbový byt v novostavbe Lúčky","address":"Lúčna, Prievidza, okres Prievidza","rooms":3,"meters":106,"totalPrice":232000,"meterSquarePrice":8,"link":"https://www.nehnutelnosti.sk/detail/JuCn8EqojFX/kompletne-zariadeny-dizajnovy-3-izbovy-byt-v-novostavbe-lucky","imagesUrls":["https://img.nehnutelnosti.sk/foto/NjAweDMzOC9maWx0ZXJzOnF1YWxpdHkoMTAwKS9uZWg=/TY-EgYAqlw_fss?st=4MLMYhUdmoYQXO4PPiR2prTHNJLfXcHQn00c0WWLgXA&ts=1724321395&e=0"]},{"title":"Útulný 1 izbový byt sídl. Necpaly Prievidza","address":"Veľkonecpalská, Prievidza, okres Prievidza","rooms":1,"meters":38,"totalPrice":50000,"meterSquarePrice":9,"link":"https://www.nehnutelnosti.sk/detail/JuOE9VW7gDj/utulny-1-izbovy-byt-sidl-necpaly-prievidza","imagesUrls":["https://img.nehnutelnosti.sk/foto/NjAweDMzOC9maWx0ZXJzOnF1YWxpdHkoMTAwKS9uZWg=/0KZ1Su2Uu_fss?st=u55KSBjyEDgm85uGeb1dV08zFSMaVwRgB6-c_pIN76g&ts=1723726555&e=0"]},{"title":"Veľkometrážny 2 izbový byt 74 m2 Morovnianska cesta Handlová 2x lodžia","address":"Morovnianská cesta, Handlová, okres Prievidza","rooms":3,"meters":74,"totalPrice":67000,"meterSquarePrice":1,"link":"https://www.nehnutelnosti.sk/detail/Jues9LiMq3y/velkometrazny-2-izbovy-byt-74-m2-morovnianska-cesta-handlova-2x-lodzia","imagesUrls":["https://img.nehnutelnosti.sk/foto/NjAweDMzOC9maWx0ZXJzOnF1YWxpdHkoMTAwKS9uZWg=/Gh8SG254i_fss?st=FY39wFs6sDbzBxFa31-8eFXfH9QOcm6OtDcpQo07d5M&ts=1720692193&e=0"]},{"title":"Veľkometrážny 2 izbový byt 74 m2 Morovnianska cesta Handlová 2x lodžia","address":"Morovnianská cesta, Handlová, okres Prievidza","rooms":2,"meters":74,"totalPrice":67000,"meterSquarePrice":1,"link":"https://www.nehnutelnosti.sk/detail/JuIig4yc1Dy/velkometrazny-2-izbovy-byt-74-m2-morovnianska-cesta-handlova-2x-lodzia","imagesUrls":["https://img.nehnutelnosti.sk/foto/NjAweDMzOC9maWx0ZXJzOnF1YWxpdHkoMTAwKS9uZWg=/ljgH0ch73p_fss?st=haYiSryNrCz9D6I_Zc5xZZv94kTU1fmgaD65BAcwKjA&ts=1720690618&e=0"]},{"title":"Rezervované - Výnimočný 3 izbový byt s garážou, 110 m2 – Staré Sídlisko","address":"Sama Chalupku, Prievidza, okres Prievidza","rooms":3,"meters":110,"totalPrice":185000,"meterSquarePrice":2,"link":"https://www.nehnutelnosti.sk/detail/JuBJe-2x7_v/rezervovane-vynimocny-3-izbovy-byt-s-garazou-110-m2-stare-sidlisko","imagesUrls":["https://img.nehnutelnosti.sk/foto/NjAweDMzOC9maWx0ZXJzOnF1YWxpdHkoMTAwKS9uZWg=/lU038wJnYs_fss?st=PkCFlE2iaMiJXTn22qNEVx1QqiNZzi69swTUbxoCQ9w&ts=1717256867&e=0"]},{"title":"Nadčasový 3 izbový byt Staré sídlisko ul.A. Rudnaya Prievidza","address":"A. Rudnaya, Prievidza, okres Prievidza","rooms":3,"meters":72,"totalPrice":129000,"meterSquarePrice":7,"link":"https://www.nehnutelnosti.sk/detail/Ju2OPukM6CM/nadcasovy-3-izbovy-byt-stare-sidlisko-ul-a-rudnaya-prievidza","imagesUrls":["https://img.nehnutelnosti.sk/foto/NjAweDMzOC9maWx0ZXJzOnF1YWxpdHkoMTAwKS9uZWg=/vgLoVe_b2F_fss?st=RxC3uAwpwtGDRQnAXVbkgiNW1ujrLLcUJyXTHUC5uJQ&ts=1721897270&e=0"]},{"title":"Byt s garážou a vlastnou záhradkou – Nováky","address":"Nováky, okres Prievidza","rooms":2,"meters":72,"totalPrice":79900,"meterSquarePrice":2,"link":"https://www.nehnutelnosti.sk/detail/Ju7HxTH7FdO/byt-s-garazou-a-vlastnou-zahradkou-novaky","imagesUrls":["https://img.nehnutelnosti.sk/foto/NjAweDMzOC9maWx0ZXJzOnF1YWxpdHkoMTAwKS9uZWg=/V16u-I4oM_fss?st=1_CMwNhz7TRjhhAscVh55kibrjh_OYmNDH8d-DHyuGI&ts=1724664399&e=0"]},{"title":"Arvin & Benet | PRIPRAVUJEME | 2i byt v novom projekte","address":"Bratislava I - Staré Mesto, okres Bratislava","rooms":2,"meters":54,"totalPrice":null,"meterSquarePrice":null,"link":"https://www.nehnutelnosti.sk/detail/JuM3MCZ0Fqg/arvin-benet-pripravujeme-2i-byt-v-novom-projekte","imagesUrls":["https://img.unitedclassifieds.sk/foto/NjAweDMzOC9maWx0ZXJzOnF1YWxpdHkoMTAwKS9qdWw=/3pM5Kiwp4_fss?st=8ZY_z54Gg1cQ-_PFzeS4_NoMxcCpKaIH2DSh22-UV4Y&ts=1711038447&e=0"]}]