[{"title":"2 izbový tehlový byt s vlastným kúrením, Komárno","address":"Železničná, Komárno, okres Komárno","rooms":2,"meters":65,"totalPrice":68000,"meterSquarePrice":5,"link":"https://www.nehnutelnosti.sk/detail/JuNG1FEpui8/2-izbovy-tehlovy-byt-s-vlastnym-kurenim-komarno","imagesUrls":["https://img.nehnutelnosti.sk/foto/NjAweDMzOC9maWx0ZXJzOnF1YWxpdHkoMTAwKS9uZWg=/A1YMVkkvl_fss?st=nxuzF_4CVXzqaomb5D94x7jP1HzNSseCBiVb8sX145c&ts=1718054073&e=0"]},{"title":"3 izbový tehlový byt vo VÝBORNEJ LOKALITE","address":"Velkoblahovedská, Dunajská Streda, okres Dunajská Streda","rooms":3,"meters":80,"totalPrice":134000,"meterSquarePrice":5,"link":"https://www.nehnutelnosti.sk/detail/Ju43w42fXZ9/3-izbovy-tehlovy-byt-vo-vybornej-lokalite","imagesUrls":["https://img.nehnutelnosti.sk/foto/NjAweDMzOC9maWx0ZXJzOnF1YWxpdHkoMTAwKS9uZWg=/G0ruz4UYV_fss?st=j2AsT_cemE6Yl8KFJPrYPFsbI46qkMonVtPezy3w6Ng&ts=1726353221&e=0"]},{"title":"Rezervovaný VEĽKÝ, 2 izbový byt Vodná, Komárno","address":"Vodná, Komárno, okres Komárno","rooms":2,"meters":63,"totalPrice":66000,"meterSquarePrice":2,"link":"https://www.nehnutelnosti.sk/detail/JuHQLMj_46B/rezervovany-velky-2-izbovy-byt-vodna-komarno","imagesUrls":["https://img.nehnutelnosti.sk/foto/NjAweDMzOC9maWx0ZXJzOnF1YWxpdHkoMTAwKS9uZWg=/1BSfh8E2D_fss?st=ip1YbmNqDSbA7N02Y9zEcgdTG-wRaUaxKGKwELEzP-o&ts=1721658716&e=0"]},{"title":"Tehlový 2 izbový čiastočne zrekonštruovaný byt, Komárno","address":"Budovateľská, Komárno, okres Komárno","rooms":2,"meters":59,"totalPrice":62000,"meterSquarePrice":5,"link":"https://www.nehnutelnosti.sk/detail/Ju8gaLUa8Ki/tehlovy-2-izbovy-ciastocne-zrekonstruovany-byt-komarno","imagesUrls":["https://img.nehnutelnosti.sk/foto/NjAweDMzOC9maWx0ZXJzOnF1YWxpdHkoMTAwKS9uZWg=/hc-1uSDoA_fss?st=rqD5Gxsl3U7RIZ3wLUDIqGuuBnIjOaCtamKObdYEOUM&ts=1725193419&e=0"]},{"title":"Neobyčajný  3 izbový byt, Komárno","address":"IV. sídlisko, Komárno, okres Komárno","rooms":3,"meters":67,"totalPrice":105000,"meterSquarePrice":6,"link":"https://www.nehnutelnosti.sk/detail/Ju4soxMyKxk/neobycajny-3-izbovy-byt-komarno","imagesUrls":["https://img.nehnutelnosti.sk/foto/NjAweDMzOC9maWx0ZXJzOnF1YWxpdHkoMTAwKS9uZWg=/SYrBQnf5a6_fss?st=UAowxbPcZor1VbDu9UCaZfNFAnRxg0OcQUB1B89qBEw&ts=1726202494&e=0"]},{"title":"Veľký 82 m2 trojizbový byt na Vnútornej okružnej v Komárne","address":"Vnútorná okružná, Komárno, okres Komárno","rooms":3,"meters":82,"totalPrice":84900,"meterSquarePrice":7,"link":"https://www.nehnutelnosti.sk/detail/Juv1YS7Ne3m/velky-82-m2-trojizbovy-byt-na-vnutornej-okruznej-v-komarne","imagesUrls":["https://img.nehnutelnosti.sk/foto/NjAweDMzOC9maWx0ZXJzOnF1YWxpdHkoMTAwKS9uZWg=/6smsJ5gyI_fss?st=1jok_YhDHe8JzyAiiXSckbS0vugxtwQ_pQWt6AdrmAY&ts=1724510662&e=0"]},{"title":"Rezervovaný 2 izbový tehlový,  Komárno","address":"E. B. Lukáča, Komárno, okres Komárno","rooms":2,"meters":52,"totalPrice":69900,"meterSquarePrice":3,"link":"https://www.nehnutelnosti.sk/detail/JuT02Q0eIE5/rezervovany-2-izbovy-tehlovy-komarno","imagesUrls":["https://img.nehnutelnosti.sk/foto/NjAweDMzOC9maWx0ZXJzOnF1YWxpdHkoMTAwKS9uZWg=/c4RJuCIhM_fss?st=HvPTJ8oxerg_H4c63tKwqXvk43gJfejSCG9r7LLDJtc&ts=1719300649&e=0"]},{"title":"Svojpomocný trojizbový tehlový byt s balkónom, garážou, pivnicou a záhradou blízko Mrtváku, Komárno","address":"Komárno, okres Komárno","rooms":3,"meters":78,"totalPrice":113500,"meterSquarePrice":3,"link":"https://www.nehnutelnosti.sk/detail/JuEm3ZbW-8q/svojpomocny-trojizbovy-tehlovy-byt-s-balkonom-garazou-pivnicou-a-zahradou-blizko-mrtvaku-komarno","imagesUrls":["https://img.nehnutelnosti.sk/foto/NjAweDMzOC9maWx0ZXJzOnF1YWxpdHkoMTAwKS9uZWg=/M7OxBseJZ_fss?st=TU5k3WwVQucx9ehJhZtGWxoF4O2IzCBTNARMgRew_r4&ts=1726976824&e=0"]},{"title":"3 izbový byt s dvorom a garážou vo Veľkom Mederi na predaj","address":"Veľký Meder, Veľký Meder, okres Dunajská Streda","rooms":3,"meters":65,"totalPrice":111000,"meterSquarePrice":9,"link":"https://www.nehnutelnosti.sk/detail/Ju8BHm4HDuo/3-izbovy-byt-s-dvorom-a-garazou-vo-velkom-mederi-na-predaj","imagesUrls":["https://img.nehnutelnosti.sk/foto/NjAweDMzOC9maWx0ZXJzOnF1YWxpdHkoMTAwKS9uZWg=/EGKgB_BSr_fss?st=G3Ew9sOmYO43cMBdqZYFcqMhAQx8gO9O474RZXfjU6w&ts=1726931666&e=0"]},{"title":"3 izbový byt s nádherným výhľadom na mesto, Komárno","address":"Hviezdoslavova, Komárno, okres Komárno","rooms":3,"meters":67,"totalPrice":1,"meterSquarePrice":1,"link":"https://www.nehnutelnosti.sk/detail/Ju5i5L3GjXP/3-izbovy-byt-s-nadhernym-vyhladom-na-mesto-komarno","imagesUrls":["https://img.nehnutelnosti.sk/foto/NjAweDMzOC9maWx0ZXJzOnF1YWxpdHkoMTAwKS9uZWg=/RljrwNimB_fss?st=v9RRhY7uRnjmMBi-QXQXEt7pF8heVq_8GvevxvmWIyo&ts=1685089885&e=0"]},{"title":"Luxusný štýlový 3 izbový  byt na predaj, Komárno","address":"Selyeho, Komárno, okres Komárno","rooms":3,"meters":62,"totalPrice":99900,"meterSquarePrice":9,"link":"https://www.nehnutelnosti.sk/detail/JuvLdggfPm2/luxusny-stylovy-3-izbovy-byt-na-predaj-komarno","imagesUrls":["https://img.nehnutelnosti.sk/foto/NjAweDMzOC9maWx0ZXJzOnF1YWxpdHkoMTAwKS9uZWg=/cUxK2IpPh_fss?st=iJwsEOvRxLfb0fCASdw5N5xdDFaXr0hCq92Pbyjkpx0&ts=1698642116&e=0"]},{"title":"2 izbový byt na Košickej na predaj, Komárno","address":"Košická, Komárno, okres Komárno","rooms":2,"meters":52,"totalPrice":62900,"meterSquarePrice":2,"link":"https://www.nehnutelnosti.sk/detail/Ju-C_jmX83m/2-izbovy-byt-na-kosickej-na-predaj-komarno","imagesUrls":["https://img.nehnutelnosti.sk/foto/NjAweDMzOC9maWx0ZXJzOnF1YWxpdHkoMTAwKS9uZWg=/vqrsIUVs5_fss?st=YfKOcXqYgULF3zxmxOzzl5z_gHjIKUvGDC0RUjd66dc&ts=1706624939&e=0"]},{"title":"Dvojizbový byt na predaj Bátorové Kosihy","address":"Bátorové Kosihy, Bátorove Kosihy, okres Komárno","rooms":2,"meters":39,"totalPrice":67900,"meterSquarePrice":3,"link":"https://www.nehnutelnosti.sk/detail/JuUKlr0JFyR/dvojizbovy-byt-na-predaj-batorove-kosihy","imagesUrls":["https://img.nehnutelnosti.sk/foto/NjAweDMzOC9maWx0ZXJzOnF1YWxpdHkoMTAwKS9uZWg=/CbyURY9sB_fss?st=ovtTe9Cug7KCNpnFnTo5lKWanK7pMJPLG9gCzvXzPWA&ts=1721737379&e=0"]},{"title":"3-IZB. BYT - ZAVRETÝ KÚT, BEZBARIÉROVÝ","address":"Zavretý Kút, Piešťany, okres Piešťany","rooms":3,"meters":63,"totalPrice":134900,"meterSquarePrice":7,"link":"https://www.nehnutelnosti.sk/detail/JuZVrMQYJZ8/3-izb-byt-zavrety-kut-bezbarierovy","imagesUrls":["https://img.nehnutelnosti.sk/foto/NjAweDMzOC9maWx0ZXJzOnF1YWxpdHkoMTAwKS9uZWg=/4udYJHDfA_fss?st=wBhSEOdz6MaDuRZUib-TSjHpWUyl98DQ00__UHc6GYU&ts=1720601508&e=0"]},{"title":"2-IZB. BYT - OPOJ, PARKOVANIE,VÝŤAH,BALKÓN","address":"Trnava, okres Trnava","rooms":2,"meters":55,"totalPrice":135900,"meterSquarePrice":1,"link":"https://www.nehnutelnosti.sk/detail/Ju6R4C8B7_W/2-izb-byt-opoj-parkovanie-vytah-balkon","imagesUrls":["https://img.nehnutelnosti.sk/foto/NjAweDMzOC9maWx0ZXJzOnF1YWxpdHkoMTAwKS9uZWg=/7gcMzN-pqN_fss?st=XAieT9NtfBzd9ET50QOmAfT8Xn4nho8e8NIGGBFSwdU&ts=1726760958&e=0"]},{"title":"Predaj - 3 izbový byt - Zlaté Moravce + GARÁŽ","address":"Zlaté Moravce, okres Zlaté Moravce","rooms":3,"meters":64,"totalPrice":109000,"meterSquarePrice":3,"link":"https://www.nehnutelnosti.sk/detail/JuW_LBb5xD6/predaj-3-izbovy-byt-zlate-moravce-garaz","imagesUrls":["https://img.nehnutelnosti.sk/foto/NjAweDMzOC9maWx0ZXJzOnF1YWxpdHkoMTAwKS9uZWg=/GcqgrSd5q_fss?st=eJsDMbB9_UN0IFjXVb9WH1NjdcpH9nRJ_0dOVevcc3g&ts=1687990686&e=0"]},{"title":"Prerobený 4 izbový byt s loggiou, BA Vrakuňa, Kríkova ul","address":"Kríková, Bratislava II - Vrakuňa, okres Bratislava","rooms":4,"meters":73,"totalPrice":195000,"meterSquarePrice":0,"link":"https://www.nehnutelnosti.sk/detail/JukeEBn6Ug7/prerobeny-4-izbovy-byt-s-loggiou-ba-vrakuna-krikova-ul","imagesUrls":["https://img.nehnutelnosti.sk/foto/NjAweDMzOC9maWx0ZXJzOnF1YWxpdHkoMTAwKS9uZWg=/3UWFyQNdd4_fss?st=bqsMBYNu-Zl8JqMPGGBBRE6EEc8DC2IocThv6gHpCKU&ts=1726883062&e=0"]},{"title":"3 IZBOVÝ BYT v obci Dolný Bar - NA PREDAJ","address":"Dolný Bar 121, Dolný Bar, okres Dunajská Streda","rooms":3,"meters":60,"totalPrice":116000,"meterSquarePrice":5,"link":"https://www.nehnutelnosti.sk/detail/JuTeUgnBgMa/3-izbovy-byt-v-obci-dolny-bar-na-predaj","imagesUrls":["https://img.nehnutelnosti.sk/foto/NjAweDMzOC9maWx0ZXJzOnF1YWxpdHkoMTAwKS9uZWg=/_jb-QaxlgU_fss?st=vlQVR6EPXTn62NZrU5GxofJvuMWJBKoo2hI6sgMgnj8&ts=1711313798&e=0"]},{"title":"Priestranný 3-izb.byt v historickom centre Bratislavy","address":"Bratislava I - Staré Mesto, okres Bratislava","rooms":3,"meters":90,"totalPrice":339000,"meterSquarePrice":7,"link":"https://www.nehnutelnosti.sk/detail/JuILKSl3N6F/priestranny-3-izb-byt-v-historickom-centre-bratislavy","imagesUrls":["https://img.nehnutelnosti.sk/foto/NjAweDMzOC9maWx0ZXJzOnF1YWxpdHkoMTAwKS9uZWg=/kh8X23Fqg_fss?st=Pl1LTPvHzfae_JAYNeq_sIxk9P81VXf91-8Ios3vqyc&ts=1726878061&e=0"]},{"title":"4-izb.byt v historickom centre Bratislavy","address":"Bratislava I - Staré Mesto, okres Bratislava","rooms":4,"meters":90,"totalPrice":339000,"meterSquarePrice":7,"link":"https://www.nehnutelnosti.sk/detail/JuocxcZyTVe/4-izb-byt-v-historickom-centre-bratislavy","imagesUrls":["https://img.nehnutelnosti.sk/foto/NjAweDMzOC9maWx0ZXJzOnF1YWxpdHkoMTAwKS9uZWg=/rAmwwlBirE_fss?st=H95ICn1DHZ8EOkF4VMj_z89VbJgiyIvAq0qAxd2edds&ts=1726878044&e=0"]},{"title":"2 IZBOVÝ BYT s priestrannou povalou a pivnicou v obci Dolný Bar - NA PREDAJ","address":"Dolný Bar, Dolný Bar, okres Dunajská Streda","rooms":2,"meters":46,"totalPrice":93700,"meterSquarePrice":0,"link":"https://www.nehnutelnosti.sk/detail/JuvsH46dLM2/2-izbovy-byt-s-priestrannou-povalou-a-pivnicou-v-obci-dolny-bar-na-predaj","imagesUrls":["https://img.nehnutelnosti.sk/foto/NjAweDMzOC9maWx0ZXJzOnF1YWxpdHkoMTAwKS9uZWg=/qtd5GvJUl_fss?st=k-DOr2DdLJe1SMCKx7cW9WwXG49qXOjW36dh-tUKZ5U&ts=1711313798&e=0"]},{"title":"2 IZBOVÝ BYT v obci Dolný Bar - NA PREDAJ","address":"Dolný Bar, Dolný Bar, okres Dunajská Streda","rooms":2,"meters":35,"totalPrice":72000,"meterSquarePrice":3,"link":"https://www.nehnutelnosti.sk/detail/JuiTLu1orjt/2-izbovy-byt-v-obci-dolny-bar-na-predaj","imagesUrls":["https://img.nehnutelnosti.sk/foto/NjAweDMzOC9maWx0ZXJzOnF1YWxpdHkoMTAwKS9uZWg=/zDzTMGS4I_fss?st=YSPw2sHR_6jHq-Nz3UlAB5yh7lECVO6iHcEUoH1s9dQ&ts=1711313799&e=0"]},{"title":"2-izbový byt s garážovým státím, Prešov","address":"Hrušková, Prešov, okres Prešov","rooms":2,"meters":48,"totalPrice":159000,"meterSquarePrice":0,"link":"https://www.nehnutelnosti.sk/detail/JuIVkM9Cbki/2-izbovy-byt-s-garazovym-statim-presov","imagesUrls":["https://img.nehnutelnosti.sk/foto/NjAweDMzOC9maWx0ZXJzOnF1YWxpdHkoMTAwKS9uZWg=/wDeBmwa7R_fss?st=MBaiNggt6KTzx9AWDw2oPmlQTM2xNSxT9u-s6bymQbI&ts=1726869674&e=0"]},{"title":"EXKLUZÍVNY 4 – IZB. BYT VO VIENNA GATE, 125,30 m², LOGGIA, BRATISLAVA - PETRŽALKA, ul., KOPČIANSKA","address":"Kopčianska, Bratislava V - Petržalka, okres Bratislava","rooms":4,"meters":125,"totalPrice":499900,"meterSquarePrice":2,"link":"https://www.nehnutelnosti.sk/detail/JuIhfIW4kAY/exkluzivny-4-izb-byt-vo-vienna-gate-125-30-m-loggia-bratislava-petrzalka-ul-kopcianska","imagesUrls":["https://img.unitedclassifieds.sk/foto/NjAweDMzOC9maWx0ZXJzOnF1YWxpdHkoMTAwKS9yc2Y=/30YAke-HD_fss?st=aFUY1h0aIaKICJYSRuv_1KG2MCHWrFxASictQnsgovo&ts=1718459666&e=0"]},{"title":"Exkluzívne ponúkame na predaj 1.izb. byt na Sídl. III v Prešove s loggiou.","address":"Prostějovská, Prešov, okres Prešov","rooms":1,"meters":31,"totalPrice":79990,"meterSquarePrice":2,"link":"https://www.nehnutelnosti.sk/detail/JutsJhOHt9b/exkluzivne-ponukame-na-predaj-1-izb-byt-na-sidl-iii-v-presove-s-loggiou","imagesUrls":["https://img.unitedclassifieds.sk/foto/NjAweDMzOC9maWx0ZXJzOnF1YWxpdHkoMTAwKS9qdWw=/Y1uCo8cP-_fss?st=sfv-GzjSi-MwBPmokOtsd7N6MIo-9xVIqJ5YvBGnKzk&ts=1726869616&e=0"]},{"title":"Exkluzívne na predaj veľký 1.izbový byt na Švábskej ul., po rekonštrukcii.","address":"Švábska, Prešov, okres Prešov","rooms":1,"meters":42,"totalPrice":89990,"meterSquarePrice":2,"link":"https://www.nehnutelnosti.sk/detail/Jukm4V1rWAA/exkluzivne-na-predaj-velky-1-izbovy-byt-na-svabskej-ul-po-rekonstrukcii","imagesUrls":["https://img.unitedclassifieds.sk/foto/NjAweDMzOC9maWx0ZXJzOnF1YWxpdHkoMTAwKS9qdWw=/sCgSDYnSM_fss?st=HZNhst0F7dq1I5hHViTES2XA1t8SGHL6yPmKhbJ3AcA&ts=1726869111&e=0"]},{"title":"3-izbový byt na sídlisku Juh.","address":"Gaštanová, Piešťany, okres Piešťany","rooms":3,"meters":76,"totalPrice":145000,"meterSquarePrice":9,"link":"https://www.nehnutelnosti.sk/detail/JupXzC_6Wkt/3-izbovy-byt-na-sidlisku-juh","imagesUrls":["https://img.nehnutelnosti.sk/foto/NjAweDMzOC9maWx0ZXJzOnF1YWxpdHkoMTAwKS9uZWg=/6SMg9Js2L_fss?st=AOHcPW9H9dhZLECk-jsk5Mf3FduyG5y8pm-hqHfIR5s&ts=1715167125&e=0"]},{"title":"Predám pekný 1 izbový byt v Rovinke okres Senec","address":"Rovinka, okres Senec","rooms":1,"meters":32,"totalPrice":99700,"meterSquarePrice":3,"link":"https://www.nehnutelnosti.sk/detail/JuynLhQUt5I/predam-pekny-1-izbovy-byt-v-rovinke-okres-senec","imagesUrls":["https://img.nehnutelnosti.sk/foto/NjAweDMzOC9maWx0ZXJzOnF1YWxpdHkoMTAwKS9uZWg=/fFMRRuypz_fss?st=WTybdFvnttV-OB4ysW3EF2ydQjQDDnwF61WNCQMQjQw&ts=1726865618&e=0"]},{"title":"Trojizbový byt s krásnym výhľadom v centre mesta Prievidza, ul. M. Mišíka","address":"M. Mišíka, Prievidza, okres Prievidza","rooms":3,"meters":66,"totalPrice":79900,"meterSquarePrice":1,"link":"https://www.nehnutelnosti.sk/detail/Ju_Z8ArgrKg/trojizbovy-byt-s-krasnym-vyhladom-v-centre-mesta-prievidza-ul-m-misika","imagesUrls":["https://img.nehnutelnosti.sk/foto/NjAweDMzOC9maWx0ZXJzOnF1YWxpdHkoMTAwKS9uZWg=/2E7ns2Zev_fss?st=FBh-KazuAAwnCbfyoPOgXery6CteEK8DqWZo8kUztbI&ts=1726868773&e=0"]},{"title":"Voderady- ponúkame na predaj veľký 3 izb.byt exkluzívne iba v Kaldoreal !!!!","address":"Voderady, okres Trnava","rooms":3,"meters":71,"totalPrice":139900,"meterSquarePrice":2,"link":"https://www.nehnutelnosti.sk/detail/JuI6A0DkNNl/voderady-ponukame-na-predaj-velky-3-izb-byt-exkluzivne-iba-v-kaldoreal","imagesUrls":["https://img.nehnutelnosti.sk/foto/NjAweDMzOC9maWx0ZXJzOnF1YWxpdHkoMTAwKS9uZWg=/C2XjJX37p_fss?st=1ljgN3UjUITYu1M1LZfJZkSN1N2x1fdOT2jHS4IrwzI&ts=1726864904&e=0"]}]