[{"title":"Rezervované! 3 izb. byt s balkónom na Pažitnej ul. v Seredi na predaj","address":"Pažitná, Sereď, okres Galanta","rooms":3,"meters":72,"totalPrice":110000,"meterSquarePrice":8,"link":"https://www.nehnutelnosti.sk/detail/JuVHZPJfhtm/rezervovane-3-izb-byt-s-balkonom-na-pazitnej-ul-v-seredi-na-predaj","imagesUrls":["https://img.unitedclassifieds.sk/foto/NjAweDMzOC9maWx0ZXJzOnF1YWxpdHkoMTAwKS9qdWw=/ksF8nE9sl_fss?st=2zFho2j-XzQfO8ExYDRoiEUMjRV4QpDnnosRGYUhYZk&ts=1719822775&e=0"]},{"title":"1 izb. byt na Dolnomajerskej ul. v Seredi na predaj","address":"Dolnomajerská, Sereď, okres Galanta","rooms":1,"meters":30,"totalPrice":85000,"meterSquarePrice":3,"link":"https://www.nehnutelnosti.sk/detail/JuFTUrZbusQ/1-izb-byt-na-dolnomajerskej-ul-v-seredi-na-predaj","imagesUrls":["https://img.unitedclassifieds.sk/foto/NjAweDMzOC9maWx0ZXJzOnF1YWxpdHkoMTAwKS9qdWw=/seBCBfuQ8_fss?st=PyKRdhSf1sxmrWR65p2GsAwUyLpvBZCuCau59YcOaUw&ts=1723552469&e=0"]},{"title":"4 izb. byt s loggiou + garáž na Cukrovarskej ul. v Seredi","address":"Cukrovarská, Sereď, okres Galanta","rooms":4,"meters":89,"totalPrice":169000,"meterSquarePrice":8,"link":"https://www.nehnutelnosti.sk/detail/JuP3kOqx2Rt/4-izb-byt-s-loggiou-garaz-na-cukrovarskej-ul-v-seredi","imagesUrls":["https://img.unitedclassifieds.sk/foto/NjAweDMzOC9maWx0ZXJzOnF1YWxpdHkoMTAwKS9qdWw=/5adD8Wbce_fss?st=G92gkMx9SyfY6UI6rjgn8oRh9QhW9eyGI-i5JiyZYWE&ts=1725631180&e=0"]},{"title":"3 izb. byt na ul. D. Štúra o výmere 74m2 na predaj","address":"D. Štúra, Sereď, okres Galanta","rooms":3,"meters":74,"totalPrice":135000,"meterSquarePrice":2,"link":"https://www.nehnutelnosti.sk/detail/Ju-MpA2F1ky/3-izb-byt-na-ul-d-stura-o-vymere-74m2-na-predaj","imagesUrls":["https://img.unitedclassifieds.sk/foto/NjAweDMzOC9maWx0ZXJzOnF1YWxpdHkoMTAwKS9qdWw=/ixfetStjU_fss?st=CPzntIDyQs6TVvDX_yT0TNgSFxGw6GswBtnnPerHfdY&ts=1718799300&e=0"]},{"title":"Garsónka s balkónom v centre mesta Sereď na predaj","address":"Cukrovarská, Sereď, okres Galanta","rooms":null,"meters":25,"totalPrice":72000,"meterSquarePrice":0,"link":"https://www.nehnutelnosti.sk/detail/JuevN9I-MRq/garsonka-s-balkonom-v-centre-mesta-sered-na-predaj","imagesUrls":["https://img.unitedclassifieds.sk/foto/NjAweDMzOC9maWx0ZXJzOnF1YWxpdHkoMTAwKS9qdWw=/9K-afWits_fss?st=Slp8nzkyRjTPKHJJZWNMD9VIGtwSBM_R6yLABFoMxIs&ts=1717491487&e=0"]},{"title":"2 izb. byt v Partizánskom na predaj","address":"Námestie SNP, Partizánske, okres Partizánske","rooms":2,"meters":56,"totalPrice":71000,"meterSquarePrice":6,"link":"https://www.nehnutelnosti.sk/detail/JuTk2isXxHi/2-izb-byt-v-partizanskom-na-predaj","imagesUrls":["https://img.unitedclassifieds.sk/foto/NjAweDMzOC9maWx0ZXJzOnF1YWxpdHkoMTAwKS9qdWw=/IWptrD0fb_fss?st=toZzIF56qlB04zuNK9ruT9LFy5UD82AhKt9t9d_wgME&ts=1711017698&e=0"]},{"title":"Sereď- útulný, 2 izb.byt na Čepenskej ulici na predaj","address":"Čepeňská 1211/17, Sereď, okres Galanta","rooms":2,"meters":50,"totalPrice":95000,"meterSquarePrice":0,"link":"https://www.nehnutelnosti.sk/detail/JunGrvUhAmW/sered-utulny-2-izb-byt-na-cepenskej-ulici-na-predaj","imagesUrls":["https://img.unitedclassifieds.sk/foto/NjAweDMzOC9maWx0ZXJzOnF1YWxpdHkoMTAwKS9yc2Y=/5Qyzz0dXU_fss?st=HQgPYwhKY1o1N4kH4y4Nvmv3RHaK_aq450HLDREPrlY&ts=1677857202&e=0"]},{"title":"4 izbový byt v Ružinove na  Martinčekovej ul.  UP 83m2 a veľké loggie  z  3 miestností.","address":"Martinčekova, Bratislava II - Ružinov, okres Bratislava","rooms":3,"meters":72,"totalPrice":218500,"meterSquarePrice":2,"link":"https://www.nehnutelnosti.sk/detail/Juaa6Pef1OAx/4-izbovy-byt-v-ruzinove-na-martincekovej-ul-up-83m2-a-velke-loggie-z-3-miestnosti","imagesUrls":["https://img.nehnutelnosti.sk/foto/NjAweDMzOC9maWx0ZXJzOnF1YWxpdHkoMTAwKS9uZWg=/zG-xman1Br_fss?st=nNkCGji5-yBx2A6D6NNKFPPugx3jOt-VyCzTisBFVUY&ts=1726144457&e=0"]},{"title":"4 izbový byt v Ružinove na  Martinčekovej ul.  UP 83m2 a veľké loggie  z  3 miestností.","address":"Martinčekova, Bratislava II - Ružinov, okres Bratislava","rooms":3,"meters":72,"totalPrice":218500,"meterSquarePrice":2,"link":"https://www.nehnutelnosti.sk/detail/JuFXbU5EtUz/4-izbovy-byt-v-ruzinove-na-martincekovej-ul-up-83m2-a-velke-loggie-z-3-miestnosti","imagesUrls":["https://img.nehnutelnosti.sk/foto/NjAweDMzOC9maWx0ZXJzOnF1YWxpdHkoMTAwKS9uZWg=/sUPJngA2K_fss?st=33UsytIBhGSn2hZCmvQZ8rbtnZf4mgkm5CtSPM5SwEk&ts=1726144448&e=0"]},{"title":"Na predaj 3-izbový byt v pôvodnom stave","address":"Komárno, okres Komárno","rooms":3,"meters":65,"totalPrice":65000,"meterSquarePrice":0,"link":"https://www.nehnutelnosti.sk/detail/JuocVH_n64T/na-predaj-3-izbovy-byt-v-povodnom-stave","imagesUrls":["https://img.nehnutelnosti.sk/foto/NjAweDMzOC9maWx0ZXJzOnF1YWxpdHkoMTAwKS9uZWg=/zpgolmayv_fss?st=xZCwG4S4Lb51LpxqdjysFI-ssIFVCvIdkbS00NVA9pg&ts=1726144150&e=0"]},{"title":"VYMEŇ SUSEDA! - Unikátny 1 izb. byt s predzáhradkou a loggiou, top lokalita, Bujnákova ul., BA IV.","address":"Bujnákova, Bratislava IV - Dúbravka, okres Bratislava","rooms":1,"meters":37,"totalPrice":139900,"meterSquarePrice":4,"link":"https://www.nehnutelnosti.sk/detail/RbIORoZm7-b/vymen-suseda-unikatny-1-izb-byt-s-predzahradkou-a-loggiou-top-lokalita-bujnakova-ul-ba-iv","imagesUrls":["https://img.unitedclassifieds.sk/foto/NjAweDMzOC9maWx0ZXJzOnF1YWxpdHkoMTAwKS9yc2I=/Ny6C24GO6_fss?st=5pat8ruvwuwriKCviKF_ZK7UHtX-IUXVe9z2xAV1EWU&ts=1726142849&e=0"]},{"title":"Jednospálňový apartmán Trávnica - A3","address":"Trávnica, Trávnica, okres Nové Zámky","rooms":null,"meters":49,"totalPrice":38900,"meterSquarePrice":8,"link":"https://www.nehnutelnosti.sk/detail/Ju20IjrMAwY/jednospalnovy-apartman-travnica-a3","imagesUrls":["https://img.unitedclassifieds.sk/foto/NjAweDMzOC9maWx0ZXJzOnF1YWxpdHkoMTAwKS9yc2Y=/xXxyrh-vP_fss?st=g3fIrfYdt4bsMC24gsFVQ6sBFxcB4di52ZI5-tU9taQ&ts=1718365090&e=0"]},{"title":"Rezervované","address":"Prostějovská, Prešov, okres Prešov","rooms":1,"meters":32,"totalPrice":null,"meterSquarePrice":null,"link":"https://www.nehnutelnosti.sk/detail/JubKOaweuil/rezervovane","imagesUrls":["https://img.nehnutelnosti.sk/foto/NjAweDMzOC9maWx0ZXJzOnF1YWxpdHkoMTAwKS9uZWg=/2Lzl-72EB_fss?st=MBOJMIzpo5X_ecd9pIg2YSfFRBRHmS-roOsm5RhwPNs&ts=1695024179&e=0"]},{"title":"Jednospálňový apartmán Trávnica - A4","address":"Trávnica, Trávnica, okres Nové Zámky","rooms":null,"meters":49,"totalPrice":38900,"meterSquarePrice":8,"link":"https://www.nehnutelnosti.sk/detail/JuSNPO2FvzW9/jednospalnovy-apartman-travnica-a4","imagesUrls":["https://img.unitedclassifieds.sk/foto/NjAweDMzOC9maWx0ZXJzOnF1YWxpdHkoMTAwKS9yc2Y=/gcjI1vxCd_fss?st=Y_0linRYv70OAUQ_UUUFZiZ6Hxsh5k3WaG-UJQhBBOM&ts=1718365211&e=0"]},{"title":"Jednospálňový apartmán Trávnica - A2","address":"Trávnica, Trávnica, okres Nové Zámky","rooms":null,"meters":49,"totalPrice":47900,"meterSquarePrice":5,"link":"https://www.nehnutelnosti.sk/detail/JuAa1UKbCWQ/jednospalnovy-apartman-travnica-a2","imagesUrls":["https://img.unitedclassifieds.sk/foto/NjAweDMzOC9maWx0ZXJzOnF1YWxpdHkoMTAwKS9yc2Y=/_s_Ou_p3o_fss?st=0fqZ_nnZmk4qn45FawX7zLm0fPpnfUgPxZDd8g3NOQg&ts=1718365691&e=0"]},{"title":"2- izbový byt s loggiou, Martin - Záturčie","address":"Martin, okres Martin","rooms":2,"meters":null,"totalPrice":null,"meterSquarePrice":null,"link":"https://www.nehnutelnosti.sk/detail/JucmjNXrLQv/2-izbovy-byt-s-loggiou-martin-zaturcie","imagesUrls":["https://img.nehnutelnosti.sk/foto/NjAweDMzOC9maWx0ZXJzOnF1YWxpdHkoMTAwKS9uZWg=/LNUq5XUJ0_fss?st=OVcoiqE3vT8XtgmiLoYBQl3-7tRemuXHOdkdpJNkEaU&ts=1726141848&e=0"]},{"title":"2i byt na Gorazdovej ulici - výborná lokalita","address":"Gorazdova, Spišská Nová Ves, okres Spišská Nová Ves","rooms":2,"meters":52,"totalPrice":92900,"meterSquarePrice":4,"link":"https://www.nehnutelnosti.sk/detail/JuJ1ZOUBv9e/2i-byt-na-gorazdovej-ulici-vyborna-lokalita","imagesUrls":["https://img.unitedclassifieds.sk/foto/NjAweDMzOC9maWx0ZXJzOnF1YWxpdHkoMTAwKS9qdWw=/h-uVtXDbE_fss?st=f2IDvCb76GZxl1c-sQfEcgV8t1gszNvJ-qJ5GMcyYWc&ts=1719413427&e=0"]},{"title":"4 izbový byt na PREDAJ - KOMÁRNO","address":"Komárno, okres Komárno","rooms":4,"meters":82,"totalPrice":87900,"meterSquarePrice":5,"link":"https://www.nehnutelnosti.sk/detail/Jux9c9IgIfd/4-izbovy-byt-na-predaj-komarno","imagesUrls":["https://img.nehnutelnosti.sk/foto/NjAweDMzOC9maWx0ZXJzOnF1YWxpdHkoMTAwKS9uZWg=/WI5pEjwqN_fss?st=6JxV3AkNnQMxJF2y31-ipNHdtQ0mOd44GpoE8xcif24&ts=1726141011&e=0"]},{"title":"2izbový výnimočný byt s veľkou predzáhradkou","address":"M.R.Štefánika, Most pri Bratislave, okres Senec","rooms":2,"meters":96,"totalPrice":159990,"meterSquarePrice":0,"link":"https://www.nehnutelnosti.sk/detail/JuLKuZD6FSl/2izbovy-vynimocny-byt-s-velkou-predzahradkou","imagesUrls":["https://img.nehnutelnosti.sk/foto/NjAweDMzOC9maWx0ZXJzOnF1YWxpdHkoMTAwKS9uZWg=/V1rqcYtVB_fss?st=FpzT-IVnvzk6gtswEKW5p2jdd96KkIypjdpX4UmYTDk&ts=1726301928&e=0"]},{"title":"Kľúče v RK! Veľký 3-iz. byt (75,16 m2) na ul. Clementisove sady v Galante.","address":"Clementisové sady, Galanta, okres Galanta","rooms":3,"meters":75,"totalPrice":111990,"meterSquarePrice":2,"link":"https://www.nehnutelnosti.sk/detail/Jubh6UpgGXP/kluce-v-rk-velky-3-iz-byt-75-16-m2-na-ul-clementisove-sady-v-galante","imagesUrls":["https://img.unitedclassifieds.sk/foto/NjAweDMzOC9maWx0ZXJzOnF1YWxpdHkoMTAwKS9qdWw=/a4gl4_6u7_fss?st=i9MTmV4341TSK3DKBrrtG1MRs0rDWVlgTDoM7NX0Als&ts=1712315134&e=0"]},{"title":"PREDAJ 2 izbový byt Martin – širšie centrum, Tajovského ul.","address":"J. G. Tajovského, Martin, okres Martin","rooms":2,"meters":56,"totalPrice":100000,"meterSquarePrice":1,"link":"https://www.nehnutelnosti.sk/detail/Ju1dlfjQ9ia/predaj-2-izbovy-byt-martin-sirsie-centrum-tajovskeho-ul","imagesUrls":["https://img.nehnutelnosti.sk/foto/NjAweDMzOC9maWx0ZXJzOnF1YWxpdHkoMTAwKS9uZWg=/C5oiBXqRo_fss?st=k9d9qrAU6m2bx32sRU5FdGcWb2c_h4LqijYjaJkXQLg&ts=1726139282&e=0"]},{"title":"PREDAJ - Investičný 1 izbový byt s nájomníkom - Košútska ul. MARTIN","address":"Košútska, Martin, okres Martin","rooms":1,"meters":30,"totalPrice":74000,"meterSquarePrice":7,"link":"https://www.nehnutelnosti.sk/detail/Juypd6Mtre2d/predaj-investicny-1-izbovy-byt-s-najomnikom-kosutska-ul-martin","imagesUrls":["https://img.nehnutelnosti.sk/foto/NjAweDMzOC9maWx0ZXJzOnF1YWxpdHkoMTAwKS9uZWg=/--WTIxi0D_fss?st=lcNfwxdkcZnPc8j5CWJY1ymf8V4cuAUmGo4YzFpvYIQ&ts=1726139279&e=0"]},{"title":"Bez maklérov predám slnečný byt v lokalite Nová Dubnica (ID: 105099)","address":"Nová Dubnica, okres Ilava","rooms":1,"meters":30,"totalPrice":80509,"meterSquarePrice":3,"link":"https://www.nehnutelnosti.sk/detail/JuFEUibR3w0/bez-maklerov-predam-slnecny-byt-v-lokalite-nova-dubnica-id-105099","imagesUrls":["https://img.nehnutelnosti.sk/foto/NjAweDMzOC9maWx0ZXJzOnF1YWxpdHkoMTAwKS9uZWg=/qpl51jznM_fss?st=23vAYvA6XKvy3WRlpfcjQbK7AEYTD6EfgzHgcfXTzXY&ts=1726139199&e=0"]},{"title":"Bez maklérov predám slnečný byt v lokalite Moravany nad Váhom (ID: 105096)","address":"Moravany nad Váhom, okres Piešťany","rooms":3,"meters":60,"totalPrice":155000,"meterSquarePrice":3,"link":"https://www.nehnutelnosti.sk/detail/Jup4ZKtMUNE6/bez-maklerov-predam-slnecny-byt-v-lokalite-moravany-nad-vahom-id-105096","imagesUrls":["https://img.nehnutelnosti.sk/foto/NjAweDMzOC9maWx0ZXJzOnF1YWxpdHkoMTAwKS9uZWg=/1x1ur2Rsz_fss?st=gruV0DoaoGT7Nlk2LrvF8ayX3eOQ2imrz8bFisvcMjw&ts=1726139196&e=0"]},{"title":"Bez maklérov predám vlastny byt v lokalite Nitra (ID: 105097)","address":"Nitra, okres Nitra","rooms":1,"meters":37,"totalPrice":89000,"meterSquarePrice":1,"link":"https://www.nehnutelnosti.sk/detail/Ju6NOF-6Hvw/bez-maklerov-predam-vlastny-byt-v-lokalite-nitra-id-105097","imagesUrls":["https://img.nehnutelnosti.sk/foto/NjAweDMzOC9maWx0ZXJzOnF1YWxpdHkoMTAwKS9uZWg=/X0qxkFh4UN_fss?st=DKZSmRw6u1rfrl0_QpvP43g_bVvmjGO6XIFYBwt_pDc&ts=1726139197&e=0"]},{"title":"Bez maklérov predám vpôvodnomstave byt v lokalite Ulič (ID: 105095)","address":"Ulič, okres Snina","rooms":3,"meters":57,"totalPrice":20000,"meterSquarePrice":8,"link":"https://www.nehnutelnosti.sk/detail/JuHwWa_nN_m/bez-maklerov-predam-vpovodnomstave-byt-v-lokalite-ulic-id-105095","imagesUrls":["https://img.nehnutelnosti.sk/foto/NjAweDMzOC9maWx0ZXJzOnF1YWxpdHkoMTAwKS9uZWg=/3xzNMnLOaO_fss?st=QvedSoseHvQ2VcQfOV9WIO_dnqvwVLaCNFZXGNVFZ5w&ts=1726139192&e=0"]},{"title":"PREDAJ - 3 izbový byt  vo výbornej lokalite - Martin Jahodníky so zariadením","address":"J.Šimka, Martin, okres Martin","rooms":3,"meters":69,"totalPrice":null,"meterSquarePrice":null,"link":"https://www.nehnutelnosti.sk/detail/JufQGs2OQQUV/predaj-3-izbovy-byt-vo-vybornej-lokalite-martin-jahodniky-so-zariadenim","imagesUrls":["https://img.nehnutelnosti.sk/foto/NjAweDMzOC9maWx0ZXJzOnF1YWxpdHkoMTAwKS9uZWg=/eabW2gPRfs_fss?st=3VMlYIZ563lYzawkqBL5f5Crbhf9gcfpyU7Z6LgIdhY&ts=1726139083&e=0"]},{"title":"Mezonet A2 108m2 strešná terasa 44m2, Kačín, Alžbetin Dvor","address":"Bottova, Miloslavov, okres Senec","rooms":3,"meters":108,"totalPrice":257550,"meterSquarePrice":8,"link":"https://www.nehnutelnosti.sk/detail/JurnzZrfg8Ms/mezonet-a2-108m2-stresna-terasa-44m2-kacin-alzbetin-dvor","imagesUrls":["https://img.nehnutelnosti.sk/foto/NjAweDMzOC9maWx0ZXJzOnF1YWxpdHkoMTAwKS9uZWg=/OkNCYEpy-q_fss?st=pPP7UDi91FNFIKxcL5D4VTMe_YLt9lqQb5anz52kPhQ&ts=1726232448&e=0"]},{"title":"Bez maklérov predám podkrovný byt v lokalite Liptovský Hrádok (ID: 105089)","address":"Liptovský Hrádok, okres Liptovský Mikuláš","rooms":3,"meters":73,"totalPrice":172000,"meterSquarePrice":6,"link":"https://www.nehnutelnosti.sk/detail/JuuYTb7aXin/bez-maklerov-predam-podkrovny-byt-v-lokalite-liptovsky-hradok-id-105089","imagesUrls":["https://img.nehnutelnosti.sk/foto/NjAweDMzOC9maWx0ZXJzOnF1YWxpdHkoMTAwKS9uZWg=/qvpFKEMUPy_fss?st=bC-K6UMk2GOxmdPZvFZ7odaVFBIOHJyTDkqjRHpaQDo&ts=1725447683&e=0"]},{"title":"Bez maklérov predám slnečný byt v lokalite Detva - sídlisko (ID: 105093)","address":"Detva, okres Detva","rooms":3,"meters":81,"totalPrice":115000,"meterSquarePrice":5,"link":"https://www.nehnutelnosti.sk/detail/JuJa1fbN_wu/bez-maklerov-predam-slnecny-byt-v-lokalite-detva-sidlisko-id-105093","imagesUrls":["https://img.nehnutelnosti.sk/foto/NjAweDMzOC9maWx0ZXJzOnF1YWxpdHkoMTAwKS9uZWg=/sZtsZHjbK_fss?st=KsMD8wJyLPdKwzVzCwm3y6gSzqzNsq7RbfOu4QWZy6g&ts=1725880628&e=0"]}]