[{"title":"Nadštandardný 2-izbový byt s výmerou 55m2 v meste Trnava","address":"Trnava, okres Trnava","rooms":2,"meters":55,"totalPrice":185950,"meterSquarePrice":1,"link":"https://www.nehnutelnosti.sk/detail/Jug_YM1GzZF/nadstandardny-2-izbovy-byt-s-vymerou-55m2-v-meste-trnava","imagesUrls":["https://img.nehnutelnosti.sk/foto/NjAweDMzOC9maWx0ZXJzOnF1YWxpdHkoMTAwKS9uZWg=/hWt3vYLRC3_fss?st=rk3Inw3tqn7QUARyF1mrN--Vrd94_u1NZO9aAql3gy8&ts=1724321351&e=0"]},{"title":"Na predaj veľmi príjemný 1i byt na Kramároch na ulici Hrdličková (29,71m2).","address":"Bratislava III - Nové Mesto, okres Bratislava","rooms":1,"meters":29,"totalPrice":120000,"meterSquarePrice":4,"link":"https://www.nehnutelnosti.sk/detail/Ju5-AkkbhUI/na-predaj-velmi-prijemny-1i-byt-na-kramaroch-na-ulici-hrdlickova-29-71m2","imagesUrls":["https://img.nehnutelnosti.sk/foto/NjAweDMzOC9maWx0ZXJzOnF1YWxpdHkoMTAwKS9uZWg=/hIQFctl_F_fss?st=O7I3BMEYouh5L8vNBbrvxK3mxIaCOTxxqgbx7Er1b_U&ts=1724322765&e=0"]},{"title":"Na predaj 4 izbový byt (82m2), NOVO a MODERNE zrekonštruovaný, Bukureštská, Košice","address":"Bukureštská, Košice I - Sídlisko Ťahanovce, okres Košice","rooms":4,"meters":82,"totalPrice":141500,"meterSquarePrice":1,"link":"https://www.nehnutelnosti.sk/detail/JuUnsLVSGhY/na-predaj-4-izbovy-byt-82m2-novo-a-moderne-zrekonstruovany-bukurestska-kosice","imagesUrls":["https://img.nehnutelnosti.sk/foto/NjAweDMzOC9maWx0ZXJzOnF1YWxpdHkoMTAwKS9uZWg=/YGV4JU0JPT_fss?st=PF8d0vsdVwWBokWEB-6JkjJ2ZZptIsMxvfXiKznMs6o&ts=1726845624&e=0"]},{"title":"Na predaj, 2 izbový, Veľkometrážny, PENTHOUSE, s Terasou, centrum mesta, Nám. sv. Egídia, Poprad","address":"Námestie Svätého Egídia, Poprad, okres Poprad","rooms":2,"meters":172,"totalPrice":399000,"meterSquarePrice":7,"link":"https://www.nehnutelnosti.sk/detail/JuoQ-Iipda4/na-predaj-2-izbovy-velkometrazny-penthouse-s-terasou-centrum-mesta-nam-sv-egidia-poprad","imagesUrls":["https://img.nehnutelnosti.sk/foto/NjAweDMzOC9maWx0ZXJzOnF1YWxpdHkoMTAwKS9uZWg=/bayKO8nTD_fss?st=-euHnlzloMJXzjjMgOBUC43IuV-CXNWbTOlivqZIE6g&ts=1699865329&e=0"]},{"title":"3i byt Vrakuňa, loggia, čiastočná rekonštrukcia, 70 m²","address":"Bratislava II - Vrakuňa, okres Bratislava","rooms":3,"meters":70,"totalPrice":165000,"meterSquarePrice":4,"link":"https://www.nehnutelnosti.sk/detail/Ju1czcv0yJq/3i-byt-vrakuna-loggia-ciastocna-rekonstrukcia-70-m","imagesUrls":["https://img.nehnutelnosti.sk/foto/NjAweDMzOC9maWx0ZXJzOnF1YWxpdHkoMTAwKS9uZWg=/vOFZeVQSY_fss?st=qBVP_drHQW3E7G5SF3qAz0tCdKlxH9jnT69JDrbwG8s&ts=1724250939&e=0"]},{"title":"TUreality ponúka na predaj zrekonštruovaný 1-izbový byt za SUPER cenu a nízkymi nákladmi","address":"Piešťany, okres Piešťany","rooms":1,"meters":32,"totalPrice":79990,"meterSquarePrice":9,"link":"https://www.nehnutelnosti.sk/detail/JuJqnL3c55b/tureality-ponuka-na-predaj-zrekonstruovany-1-izbovy-byt-za-super-cenu-a-nizkymi-nakladmi","imagesUrls":["https://img.nehnutelnosti.sk/foto/NjAweDMzOC9maWx0ZXJzOnF1YWxpdHkoMTAwKS9uZWg=/NYq6a0gyj_fss?st=CdGNE-qf_oD91KDav2h1WcgKm_ioh84TXtJF1VP0jD8&ts=1724230911&e=0"]},{"title":"Slnečný 1-izbový byt v Križovanoch nad Dudváhom","address":"Križovany nad Dudváhom, okres Trnava","rooms":1,"meters":33,"totalPrice":75950,"meterSquarePrice":2,"link":"https://www.nehnutelnosti.sk/detail/JukVvwIY28N/slnecny-1-izbovy-byt-v-krizovanoch-nad-dudvahom","imagesUrls":["https://img.nehnutelnosti.sk/foto/NjAweDMzOC9maWx0ZXJzOnF1YWxpdHkoMTAwKS9uZWg=/_aBWCTJC1_fss?st=fvI3uOPfeortphFSHQrfXQYGFI3wzRGP7IjwKIgbLEM&ts=1724321344&e=0"]},{"title":"Byt 2 izbový, Prešov, Sídlisko III, M. Nešpora, 2.posch., 58 m2","address":"Prešov, okres Prešov","rooms":2,"meters":58,"totalPrice":139990,"meterSquarePrice":2,"link":"https://www.nehnutelnosti.sk/detail/Ju6Xum-JgD_/byt-2-izbovy-presov-sidlisko-iii-m-nespora-2-posch-58-m2","imagesUrls":["https://img.nehnutelnosti.sk/foto/NjAweDMzOC9maWx0ZXJzOnF1YWxpdHkoMTAwKS9uZWg=/O2jkrWGdH_fss?st=PRtOGeVAQL8MIUfrtyijeBcHUFxRm2GdSktOEzZNfWU&ts=1725974089&e=0"]},{"title":"Na predaj je apartmán v lyžiarskom stredisku Snowland - Valča","address":"Valča, okres Martin","rooms":null,"meters":22,"totalPrice":77000,"meterSquarePrice":0,"link":"https://www.nehnutelnosti.sk/detail/JuNrP_qCdQn/na-predaj-je-apartman-v-lyziarskom-stredisku-snowland-valca","imagesUrls":["https://img.nehnutelnosti.sk/foto/NjAweDMzOC9maWx0ZXJzOnF1YWxpdHkoMTAwKS9uZWg=/1MBr1Kz3Q_fss?st=F3KI-udP8EN-xXgOG6ClR_iCEGO5aRYWIboEH5EI5LA&ts=1724246503&e=0"]},{"title":"Slnečný 2-izbový byt v Trnave na Linčianskej","address":"Trnava, okres Trnava","rooms":2,"meters":51,"totalPrice":139950,"meterSquarePrice":2,"link":"https://www.nehnutelnosti.sk/detail/Juy6apH-cNh/slnecny-2-izbovy-byt-v-trnave-na-lincianskej","imagesUrls":["https://img.nehnutelnosti.sk/foto/NjAweDMzOC9maWx0ZXJzOnF1YWxpdHkoMTAwKS9uZWg=/hW6QnfiX1G_fss?st=c6NBXrUX5ky0ZeGdeiW3a1K72BZnDzLB0YfozeIICJU&ts=1724321350&e=0"]},{"title":"TUreality ponúka 2-izbový byt o rozlohe 54 m2 blízko centra mesta Humenné","address":"Humenné, okres Humenné","rooms":2,"meters":54,"totalPrice":72550,"meterSquarePrice":2,"link":"https://www.nehnutelnosti.sk/detail/JuKjPGoiROH/tureality-ponuka-2-izbovy-byt-o-rozlohe-54-m2-blizko-centra-mesta-humenne","imagesUrls":["https://img.nehnutelnosti.sk/foto/NjAweDMzOC9maWx0ZXJzOnF1YWxpdHkoMTAwKS9uZWg=/QTbdUJkYR_fss?st=j2oD0rAKSB52cSh3FMydUZLncCJLavACkYYUVVPdv2Y&ts=1724241044&e=0"]},{"title":"Slnečný 3 izbový byt","address":"Trnava, okres Trnava","rooms":3,"meters":75,"totalPrice":175550,"meterSquarePrice":7,"link":"https://www.nehnutelnosti.sk/detail/JukQD5Ia4pX/slnecny-3-izbovy-byt","imagesUrls":["https://img.nehnutelnosti.sk/foto/NjAweDMzOC9maWx0ZXJzOnF1YWxpdHkoMTAwKS9uZWg=/w-42B1KL05_fss?st=ABZfvLgUV2jkVeVkLtQtGJ5KMXoM4v3YyxyRABccrsg&ts=1724321347&e=0"]},{"title":"Veľký slnečný 1-izbový byt v centre Trnavy","address":"Trnava, okres Trnava","rooms":1,"meters":30,"totalPrice":135550,"meterSquarePrice":3,"link":"https://www.nehnutelnosti.sk/detail/JuGsXV13snE/velky-slnecny-1-izbovy-byt-v-centre-trnavy","imagesUrls":["https://img.nehnutelnosti.sk/foto/NjAweDMzOC9maWx0ZXJzOnF1YWxpdHkoMTAwKS9uZWg=/sPUnPs9Xq_fss?st=j11lwwA5r4OAWJ3kfRVoFSPpu7782E0qX_z15mMHWqM&ts=1724321346&e=0"]},{"title":"Na predaj 4-izbový byt v mestskej časti Západ v Košiciach","address":"Košice II - Západ, okres Košice","rooms":4,"meters":80,"totalPrice":199950,"meterSquarePrice":8,"link":"https://www.nehnutelnosti.sk/detail/JujslZKBIGI/na-predaj-4-izbovy-byt-v-mestskej-casti-zapad-v-kosiciach","imagesUrls":["https://img.nehnutelnosti.sk/foto/NjAweDMzOC9maWx0ZXJzOnF1YWxpdHkoMTAwKS9uZWg=/DcifSRxfQ_fss?st=PD6kvd6IGMlKCQmsFlevlilL8kJ378MKyTIBc0k014k&ts=1724233524&e=0"]},{"title":"Na predaj 3.izbový byt 40 km od Košíc.","address":"Štós, Košice okolie, okres Košice - okolie","rooms":3,"meters":78,"totalPrice":43900,"meterSquarePrice":2,"link":"https://www.nehnutelnosti.sk/detail/JuucoIo3HWK/na-predaj-3-izbovy-byt-40-km-od-kosic","imagesUrls":["https://img.nehnutelnosti.sk/foto/NjAweDMzOC9maWx0ZXJzOnF1YWxpdHkoMTAwKS9uZWg=/1fVRpVwM7_fss?st=4jWs3K12MrmuDn0X8pdnV2zYmnl9lyGf-qRKTfLSeWY&ts=1724258075&e=0"]},{"title":"TUreality ponúka na predaj 3 - izbový byt – 65 m²  v meste Veľký Meder.","address":"Veľký Meder, okres Dunajská Streda","rooms":3,"meters":65,"totalPrice":95000,"meterSquarePrice":4,"link":"https://www.nehnutelnosti.sk/detail/JuGoA_CX2xb/tureality-ponuka-na-predaj-3-izbovy-byt-65-m-v-meste-velky-meder","imagesUrls":["https://img.nehnutelnosti.sk/foto/NjAweDMzOC9maWx0ZXJzOnF1YWxpdHkoMTAwKS9uZWg=/tTvrZDgoI_fss?st=O6UAt8_kLM_B1jX70Q6LcIKPjXxiiF3IM75ph8WxjSI&ts=1724153093&e=0"]},{"title":"3 izbový byt po čiastočnej rekonštrukcii","address":"Martin, okres Martin","rooms":3,"meters":61,"totalPrice":106999,"meterSquarePrice":8,"link":"https://www.nehnutelnosti.sk/detail/JuKsJDk9GEH/3-izbovy-byt-po-ciastocnej-rekonstrukcii","imagesUrls":["https://img.nehnutelnosti.sk/foto/NjAweDMzOC9maWx0ZXJzOnF1YWxpdHkoMTAwKS9uZWg=/wNmRLQqpWs_fss?st=mQkW4pUCZEUsS16d8nbAmvugsXBUdqS1AUE0rAmU_H4&ts=1725824337&e=0"]},{"title":"4 izbový byt s garážou a záhradou, Hlboká ul. Nitra - Čermáň","address":"Nitra, okres Nitra","rooms":4,"meters":216,"totalPrice":198000,"meterSquarePrice":7,"link":"https://www.nehnutelnosti.sk/detail/JuJlauN5xuX/4-izbovy-byt-s-garazou-a-zahradou-hlboka-ul-nitra-cerman","imagesUrls":["https://img.nehnutelnosti.sk/foto/NjAweDMzOC9maWx0ZXJzOnF1YWxpdHkoMTAwKS9uZWg=/vxZL7R6kse_fss?st=Ew3Du12MFTyxmzUZX9pYIR7XfEAUs5kQhylasjQi1ow&ts=1724185955&e=0"]},{"title":"TUreality ponúka na predaj 2izb. byt v Tlmačoch s výmerou 59,13m2","address":"Tlmače, okres Levice","rooms":2,"meters":59,"totalPrice":80000,"meterSquarePrice":5,"link":"https://www.nehnutelnosti.sk/detail/JuzTErSZiYJ/tureality-ponuka-na-predaj-2izb-byt-v-tlmacoch-s-vymerou-59-13m2","imagesUrls":["https://img.nehnutelnosti.sk/foto/NjAweDMzOC9maWx0ZXJzOnF1YWxpdHkoMTAwKS9uZWg=/OgVxux1co_fss?st=4IQOF5Jp_c5mXUZcSfJORdWak9t1haI59lvdxLRPuYg&ts=1724149468&e=0"]},{"title":"TUreality ponúka 3i byt v Dúbravke, Húščavova ul., 74,5m2.","address":"Bratislava IV - Dúbravka, okres Bratislava","rooms":3,"meters":74,"totalPrice":199000,"meterSquarePrice":4,"link":"https://www.nehnutelnosti.sk/detail/JuMK3_WvnRC/tureality-ponuka-3i-byt-v-dubravke-huscavova-ul-74-5m2","imagesUrls":["https://img.nehnutelnosti.sk/foto/NjAweDMzOC9maWx0ZXJzOnF1YWxpdHkoMTAwKS9uZWg=/rl7qewwybU_fss?st=mU5-c6F07kEhrWmNInvibC6E03DSF8-WqOqmWYSUU8w&ts=1724168868&e=0"]},{"title":"Na predaj 2-izbový byť Martin Centrum","address":"Martin, okres Martin","rooms":2,"meters":53,"totalPrice":111980,"meterSquarePrice":3,"link":"https://www.nehnutelnosti.sk/detail/JujTBgOrUJm/na-predaj-2-izbovy-byt-martin-centrum","imagesUrls":["https://img.nehnutelnosti.sk/foto/NjAweDMzOC9maWx0ZXJzOnF1YWxpdHkoMTAwKS9uZWg=/xqHVDG6Xo_fss?st=cJhvK5NNTkuSFEf6sWLUUcgVfZuJ5xD9OTcvG9L7a48&ts=1724067384&e=0"]},{"title":"3izbovy byt Hospodárska Trnava","address":"Trnava, okres Trnava","rooms":3,"meters":65,"totalPrice":146000,"meterSquarePrice":5,"link":"https://www.nehnutelnosti.sk/detail/Jukrl2mvJUm/3izbovy-byt-hospodarska-trnava","imagesUrls":["https://img.nehnutelnosti.sk/foto/NjAweDMzOC9maWx0ZXJzOnF1YWxpdHkoMTAwKS9uZWg=/Yf3-6Bjii_fss?st=yMIbnkrMl7AmxGrKfoA9skrJC6ioN_nvH4mQuqEGNOw&ts=1726691074&e=0"]},{"title":"Šanca na nový DOMOV: 2-izbový BYT v tehlovom dome v srdci Rače, 56  m2","address":"Bratislava III - Rača, okres Bratislava","rooms":2,"meters":56,"totalPrice":180000,"meterSquarePrice":9,"link":"https://www.nehnutelnosti.sk/detail/Ju6jp-gXikf/sanca-na-novy-domov-2-izbovy-byt-v-tehlovom-dome-v-srdci-race-56-m2","imagesUrls":["https://img.nehnutelnosti.sk/foto/NjAweDMzOC9maWx0ZXJzOnF1YWxpdHkoMTAwKS9uZWg=/vyxSO42AI_fss?st=fHT0K22cIP-pjS1759M_vi_2AgJjH_mfZwDlko7EEvo&ts=1724098966&e=0"]},{"title":"Na predaj 2 izbový byt Martin - Sever","address":"Martin, okres Martin","rooms":2,"meters":54,"totalPrice":null,"meterSquarePrice":null,"link":"https://www.nehnutelnosti.sk/detail/Jub1-Zh7Wyi/na-predaj-2-izbovy-byt-martin-sever","imagesUrls":["https://img.nehnutelnosti.sk/foto/NjAweDMzOC9maWx0ZXJzOnF1YWxpdHkoMTAwKS9uZWg=/oxg3bilmZ_fss?st=FOpLizFaSKfVCChgViHN0ek1W_mkWc2O6p63GGTL_cw&ts=1724067385&e=0"]},{"title":"1izbový byt Trnava Olympijská","address":"Trnava, okres Trnava","rooms":1,"meters":30,"totalPrice":118000,"meterSquarePrice":3,"link":"https://www.nehnutelnosti.sk/detail/Ju--9Oy6lIU/1izbovy-byt-trnava-olympijska","imagesUrls":["https://img.nehnutelnosti.sk/foto/NjAweDMzOC9maWx0ZXJzOnF1YWxpdHkoMTAwKS9uZWg=/zu6qQllLzS_fss?st=UrOujmcFYUKSdn3FvJJSyLCPsgnrvsgm7ZXzXYlPTfA&ts=1726147167&e=0"]},{"title":"Výnimočný 3-izbový byt s nádherným výhľadom na Dunaj v Eurovea v Bratislave, 92 m2","address":"Bratislava II - Ružinov, okres Bratislava","rooms":3,"meters":92,"totalPrice":990000,"meterSquarePrice":7,"link":"https://www.nehnutelnosti.sk/detail/JuLyckhINEF/vynimocny-3-izbovy-byt-s-nadhernym-vyhladom-na-dunaj-v-eurovea-v-bratislave-92-m2","imagesUrls":["https://img.nehnutelnosti.sk/foto/NjAweDMzOC9maWx0ZXJzOnF1YWxpdHkoMTAwKS9uZWg=/760a8A8nHz_fss?st=jlu0aRXwtW3Bw19EYj-QZXHF_6HWp6TxS3Be-pBhjBQ&ts=1724085374&e=0"]},{"title":"Praktický 3 izbový BYT s loggiou, BA, Podunajské Biskupice, 70  m2","address":"Bratislava II - Podunajské Biskupice, okres Bratislava","rooms":3,"meters":70,"totalPrice":195000,"meterSquarePrice":1,"link":"https://www.nehnutelnosti.sk/detail/JuN1eqWSWeU/prakticky-3-izbovy-byt-s-loggiou-ba-podunajske-biskupice-70-m2","imagesUrls":["https://img.nehnutelnosti.sk/foto/NjAweDMzOC9maWx0ZXJzOnF1YWxpdHkoMTAwKS9uZWg=/56yxvapUA_fss?st=0zaBTwJlooAng9g18TX8YPTaYop4tC6RKlj_zv34VZw&ts=1727018149&e=0"]},{"title":"Predané! TUreality ponúka na predaj 1 izbový byt v centre Košíc","address":"Košice I - Staré Mesto, okres Košice","rooms":1,"meters":48,"totalPrice":135950,"meterSquarePrice":9,"link":"https://www.nehnutelnosti.sk/detail/Ju5Q9XSI3Lb/predane-tureality-ponuka-na-predaj-1-izbovy-byt-v-centre-kosic","imagesUrls":["https://img.nehnutelnosti.sk/foto/NjAweDMzOC9maWx0ZXJzOnF1YWxpdHkoMTAwKS9uZWg=/7KjDx1wZb_fss?st=zFPo7Zr1Hii66BXARXeFXL2QK4RQdrUuUKwx2q1Pb0g&ts=1723814982&e=0"]},{"title":"Svetlý 3-izbový byt s loggiou v obľúbenej mestskej časti Petržalka, 69 m2","address":"Bratislava V - Petržalka, okres Bratislava","rooms":3,"meters":69,"totalPrice":207980,"meterSquarePrice":0,"link":"https://www.nehnutelnosti.sk/detail/Jupg2-zxojP/svetly-3-izbovy-byt-s-loggiou-v-oblubenej-mestskej-casti-petrzalka-69-m2","imagesUrls":["https://img.nehnutelnosti.sk/foto/NjAweDMzOC9maWx0ZXJzOnF1YWxpdHkoMTAwKS9uZWg=/r3BKxwbrU_fss?st=vUCgIiFr073fg2_YK4XD4KhEoSRtA3WTGPq_VYnuU6w&ts=1723821920&e=0"]},{"title":"3 izb.byt. 69 m2, v Šali","address":"Šaľa, okres Šaľa","rooms":3,"meters":69,"totalPrice":117980,"meterSquarePrice":6,"link":"https://www.nehnutelnosti.sk/detail/JuzvQu4utI7/3-izb-byt-69-m2-v-sali","imagesUrls":["https://img.nehnutelnosti.sk/foto/NjAweDMzOC9maWx0ZXJzOnF1YWxpdHkoMTAwKS9uZWg=/Bf9IdWavF_fss?st=GZmBXBelypsaT3OykPJbUVPO9ZMLT83vaY696ZHxuzM&ts=1723818190&e=0"]}]