[{"title":"Predaj 1 izbového bytu vo Zvolene, časť Zlatý Potok","address":"Zvolen, okres Zvolen","rooms":1,"meters":37,"totalPrice":75000,"meterSquarePrice":3,"link":"https://www.nehnutelnosti.sk/detail/JuPsemr7EFS/predaj-1-izboveho-bytu-vo-zvolene-cast-zlaty-potok","imagesUrls":["https://img.nehnutelnosti.sk/foto/NjAweDMzOC9maWx0ZXJzOnF1YWxpdHkoMTAwKS9uZWg=/DoLvlZSizY_fss?st=1ll15W8f96hZRrL2lLzmKjaVMKfNlJypn5wleK_mviE&ts=1722246685&e=0"]},{"title":"Na predaj MEZONET Nový Martin s parkovacím miestom","address":"Š. Furdeka, Záturčie, okres Martin","rooms":3,"meters":58,"totalPrice":128900,"meterSquarePrice":6,"link":"https://www.nehnutelnosti.sk/detail/JuVVUx79SXA/na-predaj-mezonet-novy-martin-s-parkovacim-miestom","imagesUrls":["https://img.unitedclassifieds.sk/foto/NjAweDMzOC9maWx0ZXJzOnF1YWxpdHkoMTAwKS9qdWw=/kOSEGU3Mw_fss?st=LzsHMWXr4UNsQrriylXT9lNxqrdmt4OdKKRdznuXmFg&ts=1715810737&e=0"]},{"title":"4 izbové byty Bývanie v Uličke Dolný Kubín","address":"Dolný Kubín, okres Dolný Kubín","rooms":4,"meters":118,"totalPrice":null,"meterSquarePrice":null,"link":"https://www.nehnutelnosti.sk/detail/JuemuJpbGPC/4-izbove-byty-byvanie-v-ulicke-dolny-kubin","imagesUrls":["https://img.unitedclassifieds.sk/foto/NjAweDMzOC9maWx0ZXJzOnF1YWxpdHkoMTAwKS9qdWw=/LqxuktaU2_fss?st=qQ0lR45cxRXmdzwJrCiolJoiAD2mjGPjbb8NXUvQEqE&ts=1726145239&e=0"]},{"title":"3 - izbové byty Bývanie v Uličke","address":"Dolný Kubín, okres Dolný Kubín","rooms":3,"meters":92,"totalPrice":229990,"meterSquarePrice":9,"link":"https://www.nehnutelnosti.sk/detail/Jus2sl4Kv_u/3-izbove-byty-byvanie-v-ulicke","imagesUrls":["https://img.unitedclassifieds.sk/foto/NjAweDMzOC9maWx0ZXJzOnF1YWxpdHkoMTAwKS9qdWw=/08hBhFr0Z_fss?st=WU-ozLR0FNIa1esohyeKJQ0iMhJv_M3GenukZcT-7dc&ts=1726143789&e=0"]},{"title":"PREDAJ 4 izbový byt centrum Martin","address":"Thurzova, Martin, okres Martin","rooms":4,"meters":111,"totalPrice":235000,"meterSquarePrice":2,"link":"https://www.nehnutelnosti.sk/detail/JurXfTNkQxm/predaj-4-izbovy-byt-centrum-martin","imagesUrls":["https://img.unitedclassifieds.sk/foto/NjAweDMzOC9maWx0ZXJzOnF1YWxpdHkoMTAwKS9qdWw=/cFof-cxYP_fss?st=_biecR_vavZjEkjKS0qeeAmIVVvMcLti2_nRSqiPtG0&ts=1716895788&e=0"]},{"title":"PREDAJ 3 izbový byt v rezidencii Bellevue Bešenová","address":"Bešeňová, okres Ružomberok","rooms":3,"meters":92,"totalPrice":270000,"meterSquarePrice":8,"link":"https://www.nehnutelnosti.sk/detail/JuUWnK1iA8J/predaj-3-izbovy-byt-v-rezidencii-bellevue-besenova","imagesUrls":["https://img.unitedclassifieds.sk/foto/NjAweDMzOC9maWx0ZXJzOnF1YWxpdHkoMTAwKS9qdWw=/L2jj1jD0J_fss?st=pV59UnKALSZWI-NP2QkKp1zyrHf22Bc0OP71v7rUmz4&ts=1720185581&e=0"]},{"title":"PREDAJ 1-izbový byt Harmanec, okres Banská Bystrica","address":"Harmanec, okres Banská Bystrica","rooms":1,"meters":30,"totalPrice":59800,"meterSquarePrice":3,"link":"https://www.nehnutelnosti.sk/detail/JuGdZXLr1dt/predaj-1-izbovy-byt-harmanec-okres-banska-bystrica","imagesUrls":["https://img.nehnutelnosti.sk/foto/NjAweDMzOC9maWx0ZXJzOnF1YWxpdHkoMTAwKS9uZWg=/_2J0g6U_a_fss?st=X9wXc33F_dkE2baMq2CmGupHpMok2M4qyUXKG5oPJd8&ts=1722351690&e=0"]},{"title":"PREDAJ 1-izbový byt Slovenská Ľupča-Príboj","address":"Slovenská Ľupča, okres Banská Bystrica","rooms":1,"meters":33,"totalPrice":84900,"meterSquarePrice":3,"link":"https://www.nehnutelnosti.sk/detail/Ju5S3A0lj9Q/predaj-1-izbovy-byt-slovenska-lupca-priboj","imagesUrls":["https://img.nehnutelnosti.sk/foto/NjAweDMzOC9maWx0ZXJzOnF1YWxpdHkoMTAwKS9uZWg=/9L0dYeCY8_fss?st=5q2XbPrX-I2yuJpTHMJizfWmZD0kvoWFvxY400mZlQk&ts=1716273071&e=0"]},{"title":"Na výmenu 3-izbový byt za rodinný dom- Exkluzívne","address":"Detva, okres Detva","rooms":3,"meters":74,"totalPrice":128000,"meterSquarePrice":3,"link":"https://www.nehnutelnosti.sk/detail/JuxEPZAmbQq/na-vymenu-3-izbovy-byt-za-rodinny-dom-exkluzivne","imagesUrls":["https://img.nehnutelnosti.sk/foto/NjAweDMzOC9maWx0ZXJzOnF1YWxpdHkoMTAwKS9uZWg=/MkILPq1b5_fss?st=V6JDa7tjGTst5xK3q7KQKej9tqXOfPERWYve7gpll7A&ts=1726744889&e=0"]},{"title":"Na predaj 2-izbový byt v centre Detvy s lodžiou- Exkluzívne","address":"Detva, okres Detva","rooms":2,"meters":57,"totalPrice":79999,"meterSquarePrice":9,"link":"https://www.nehnutelnosti.sk/detail/JuXTx3v3gGl/na-predaj-2-izbovy-byt-v-centre-detvy-s-lodziou-exkluzivne","imagesUrls":["https://img.nehnutelnosti.sk/foto/NjAweDMzOC9maWx0ZXJzOnF1YWxpdHkoMTAwKS9uZWg=/B_A6GgPy7h_fss?st=D5_6ZF-dqXcyujkoTaRpzhpHL4FVIYHUS3SYPGRuavQ&ts=1726744880&e=0"]},{"title":"Predaj 1i bytu v meste Lučenec","address":"Lučenec, okres Lučenec","rooms":1,"meters":37,"totalPrice":41880,"meterSquarePrice":9,"link":"https://www.nehnutelnosti.sk/detail/JuOrfg0cBui/predaj-1i-bytu-v-meste-lucenec","imagesUrls":["https://img.nehnutelnosti.sk/foto/NjAweDMzOC9maWx0ZXJzOnF1YWxpdHkoMTAwKS9uZWg=/VMoVRziOl_fss?st=uwO6Ac4ps58nQUE14KgSkSkvHkjLdMXR3lFTfZ2c-cI&ts=1715819738&e=0"]},{"title":"Na predaj 3-izbový byt s balkónom na Lúčnej ulici v Hriňovej- Exkluzívne","address":"Hriňová, okres Detva","rooms":3,"meters":71,"totalPrice":94900,"meterSquarePrice":2,"link":"https://www.nehnutelnosti.sk/detail/JukeTSxyvcS/na-predaj-3-izbovy-byt-s-balkonom-na-lucnej-ulici-v-hrinovej-exkluzivne","imagesUrls":["https://img.nehnutelnosti.sk/foto/NjAweDMzOC9maWx0ZXJzOnF1YWxpdHkoMTAwKS9uZWg=/ISyC1ihGt_fss?st=wNYde7qN96ha98W-RMLj1uc5XsF00nOnSIraGZErv0o&ts=1726581296&e=0"]},{"title":"Predaj 2i bytu v meste Lučenec","address":"Lučenec, okres Lučenec","rooms":2,"meters":53,"totalPrice":64800,"meterSquarePrice":4,"link":"https://www.nehnutelnosti.sk/detail/JulNNlW5XuA/predaj-2i-bytu-v-meste-lucenec","imagesUrls":["https://img.nehnutelnosti.sk/foto/NjAweDMzOC9maWx0ZXJzOnF1YWxpdHkoMTAwKS9uZWg=/x7tE_ow6I_fss?st=0n200RBRHY7oZGft5GlNTfeyEckrAkaFXJRBGmD8Svk&ts=1724677249&e=0"]},{"title":"Predaj - 2 izbový holobyt - Detva","address":"Detva, okres Detva","rooms":2,"meters":61,"totalPrice":69000,"meterSquarePrice":4,"link":"https://www.nehnutelnosti.sk/detail/JuIpWRY9ORf/predaj-2-izbovy-holobyt-detva","imagesUrls":["https://img.nehnutelnosti.sk/foto/NjAweDMzOC9maWx0ZXJzOnF1YWxpdHkoMTAwKS9uZWg=/eNk3BMbOVz_fss?st=-aRl8Z2fxj14lkAfGU8hhHfVJAkx_VFaWv7FsUfZxXo&ts=1716999612&e=0"]},{"title":"Na predaj 3 izbový byt Zlatý Potok s balkónom","address":"Zvolen, okres Zvolen","rooms":3,"meters":82,"totalPrice":157800,"meterSquarePrice":6,"link":"https://www.nehnutelnosti.sk/detail/JuYoBmiaGVa/na-predaj-3-izbovy-byt-zlaty-potok-s-balkonom","imagesUrls":["https://img.nehnutelnosti.sk/foto/NjAweDMzOC9maWx0ZXJzOnF1YWxpdHkoMTAwKS9uZWg=/fzNEXSRdw_fss?st=nOVOYod7Oz-WsiKiRFQPMt0J8FFWsyCm5GLnjRLv4hY&ts=1715264258&e=0"]},{"title":"3i byt vo Zvolene/ širšie centrum","address":"Zvolen, okres Zvolen","rooms":3,"meters":73,"totalPrice":142000,"meterSquarePrice":1,"link":"https://www.nehnutelnosti.sk/detail/JuW2YOO9pzz/3i-byt-vo-zvolene-sirsie-centrum","imagesUrls":["https://img.nehnutelnosti.sk/foto/NjAweDMzOC9maWx0ZXJzOnF1YWxpdHkoMTAwKS9uZWg=/tFDhu1YNk_fss?st=Fy0csr3FZj5QZN59aXfTs6SA98A0vCNZ1n0J3637Taw&ts=1720706098&e=0"]},{"title":"Na predaj 3 izbový byt v Banskej Bystrici","address":"Banská Bystrica, okres Banská Bystrica","rooms":3,"meters":65,"totalPrice":145000,"meterSquarePrice":2,"link":"https://www.nehnutelnosti.sk/detail/JuecP3w_jPE/na-predaj-3-izbovy-byt-v-banskej-bystrici","imagesUrls":["https://img.nehnutelnosti.sk/foto/NjAweDMzOC9maWx0ZXJzOnF1YWxpdHkoMTAwKS9uZWg=/ZSzdCi-0S_fss?st=rzL0YdCYwzjh_RkrB7_j5FjDT_HfvLwKn219g-Fu3Wk&ts=1725527972&e=0"]},{"title":"Na predaj 2-izbový byt v Lome nad Rimavicou- Exkluzívne","address":"Lom nad Rimavicou, okres Brezno","rooms":2,"meters":63,"totalPrice":49900,"meterSquarePrice":6,"link":"https://www.nehnutelnosti.sk/detail/JuBtE5Cbsyk/na-predaj-2-izbovy-byt-v-lome-nad-rimavicou-exkluzivne","imagesUrls":["https://img.nehnutelnosti.sk/foto/NjAweDMzOC9maWx0ZXJzOnF1YWxpdHkoMTAwKS9uZWg=/WpJx6EM98M_fss?st=BM0k3PBJfED6l9wHhw3b_J7OHtMteAR-wQuKkeXEuVw&ts=1726744862&e=0"]},{"title":"Na predaj 3 izbový byt s balkónom Zvolen – Západ, ul. Novozámocká","address":"Zvolen, okres Zvolen","rooms":3,"meters":69,"totalPrice":149999,"meterSquarePrice":4,"link":"https://www.nehnutelnosti.sk/detail/Ju1Jg_bog9D/na-predaj-3-izbovy-byt-s-balkonom-zvolen-zapad-ul-novozamocka","imagesUrls":["https://img.nehnutelnosti.sk/foto/NjAweDMzOC9maWx0ZXJzOnF1YWxpdHkoMTAwKS9uZWg=/ObiEn2DdP_fss?st=o-5x4U4MftKa7qkn_buTp7mb3sk1kzVznuClAl6g_R8&ts=1725441086&e=0"]},{"title":"Na predaj 4 izbový byt + loggia v Banskej Bystrici, ul. Poľná","address":"Banská Bystrica, okres Banská Bystrica","rooms":4,"meters":81,"totalPrice":181890,"meterSquarePrice":6,"link":"https://www.nehnutelnosti.sk/detail/JunsFuCynfH/na-predaj-4-izbovy-byt-loggia-v-banskej-bystrici-ul-polna","imagesUrls":["https://img.nehnutelnosti.sk/foto/NjAweDMzOC9maWx0ZXJzOnF1YWxpdHkoMTAwKS9uZWg=/wCYnuxOzE_fss?st=tjrsjV7J3YsvjTJsaoBvoqdRuUSVdYSHP4alZPrO8s8&ts=1725441089&e=0"]},{"title":"Predaj- 5izb. mezonetový byt PRIAMO na námestí v B. Bystrici","address":"Banská Bystrica, okres Banská Bystrica","rooms":null,"meters":167,"totalPrice":555000,"meterSquarePrice":5,"link":"https://www.nehnutelnosti.sk/detail/JuGZcZpAfzT/predaj-5izb-mezonetovy-byt-priamo-na-namesti-v-b-bystrici","imagesUrls":["https://img.nehnutelnosti.sk/foto/NjAweDMzOC9maWx0ZXJzOnF1YWxpdHkoMTAwKS9uZWg=/MoE8M7iR1_fss?st=qndyLhtMXTOEB7J_xolAodQvlybnal9tR75dJNVxjmY&ts=1712829723&e=0"]},{"title":"Na predaj mezonetový byt s terasou PRIAMO na námestí v B. Bystrici","address":"Banská Bystrica, okres Banská Bystrica","rooms":null,"meters":181,"totalPrice":599000,"meterSquarePrice":9,"link":"https://www.nehnutelnosti.sk/detail/JuTedMzJQLn/na-predaj-mezonetovy-byt-s-terasou-priamo-na-namesti-v-b-bystrici","imagesUrls":["https://img.nehnutelnosti.sk/foto/NjAweDMzOC9maWx0ZXJzOnF1YWxpdHkoMTAwKS9uZWg=/dkY2_U8gk8_fss?st=vWud7TioMg5XuFqo1yo_qUb8CIpFwfFBErN4axl-rQc&ts=1712829717&e=0"]},{"title":"Na predaj 3 izbový byt v Banskej Bystrici","address":"Banská Bystrica, okres Banská Bystrica","rooms":3,"meters":65,"totalPrice":168000,"meterSquarePrice":0,"link":"https://www.nehnutelnosti.sk/detail/JuMUJy4cYPa/na-predaj-3-izbovy-byt-v-banskej-bystrici","imagesUrls":["https://img.nehnutelnosti.sk/foto/NjAweDMzOC9maWx0ZXJzOnF1YWxpdHkoMTAwKS9uZWg=/ahRaD8dSq_fss?st=F9-a45BgPLFOwS8NG8lgPjwBWwvD_otGSEAL4iAwLho&ts=1717485398&e=0"]},{"title":"Exkluzívny 3-izbový byt v Detve, plne zariadený, pripravený na nasťahovanie!”","address":"Detva, okres Detva","rooms":3,"meters":65,"totalPrice":107800,"meterSquarePrice":6,"link":"https://www.nehnutelnosti.sk/detail/JullYI_5cEe/exkluzivny-3-izbovy-byt-v-detve-plne-zariadeny-pripraveny-na-nastahovanie","imagesUrls":["https://img.nehnutelnosti.sk/foto/NjAweDMzOC9maWx0ZXJzOnF1YWxpdHkoMTAwKS9uZWg=/C7nCGXgS-_fss?st=LjOhk4gOsFOgcSsqhHkJ6RJNUvFE8qDApWrgrs6NFHo&ts=1724677251&e=0"]},{"title":"Sprostredkujem predaj Vášho 4-izb. bytu v Banskej Bystrici a okolí","address":"Banská Bystrica, okres Banská Bystrica","rooms":4,"meters":80,"totalPrice":null,"meterSquarePrice":null,"link":"https://www.nehnutelnosti.sk/detail/Ju9jW2WAgsD/sprostredkujem-predaj-vasho-4-izb-bytu-v-banskej-bystrici-a-okoli","imagesUrls":["https://img.nehnutelnosti.sk/foto/NjAweDMzOC9maWx0ZXJzOnF1YWxpdHkoMTAwKS9uZWg=/vDhbewWss_fss?st=eumywlKEro4R3H7rnYx9KiBRnbmH56oEapJat6n1CLo&ts=1721810426&e=0"]},{"title":"Sprostredkujem predaj Vášho 3-izb. bytu v Banskej Bystrici a okolí","address":"Banská Bystrica, okres Banská Bystrica","rooms":3,"meters":70,"totalPrice":null,"meterSquarePrice":null,"link":"https://www.nehnutelnosti.sk/detail/Ju2i-rufXc_/sprostredkujem-predaj-vasho-3-izb-bytu-v-banskej-bystrici-a-okoli","imagesUrls":["https://img.nehnutelnosti.sk/foto/NjAweDMzOC9maWx0ZXJzOnF1YWxpdHkoMTAwKS9uZWg=/ROO9DxNQp_fss?st=9IPjBBiyvdFlr3hVP6_IXggc27l0bLOtSVjpzwNGcLM&ts=1721810425&e=0"]},{"title":"Na predaj 2 izbový byt v Žiari nad Hronom ZĽAVA!!!","address":"Žiar nad Hronom, okres Žiar nad Hronom","rooms":2,"meters":62,"totalPrice":69999,"meterSquarePrice":2,"link":"https://www.nehnutelnosti.sk/detail/JuAVDqsy1oF/na-predaj-2-izbovy-byt-v-ziari-nad-hronom-zlava","imagesUrls":["https://img.nehnutelnosti.sk/foto/NjAweDMzOC9maWx0ZXJzOnF1YWxpdHkoMTAwKS9uZWg=/6spEspCBd_fss?st=QXs8b5ew94T2QRo7QOojgMJAd8xLRZv7VzStR6CF298&ts=1725527056&e=0"]},{"title":"Na predaj trojizbový byt na ul. Lučenskej vo Veľkom Krtíši, alebo výmena za byt v Lučenci","address":"Veľký Krtíš, okres Veľký Krtíš","rooms":3,"meters":80,"totalPrice":82000,"meterSquarePrice":5,"link":"https://www.nehnutelnosti.sk/detail/JuIX1HTXNe-/na-predaj-trojizbovy-byt-na-ul-lucenskej-vo-velkom-krtisi-alebo-vymena-za-byt-v-lucenci","imagesUrls":["https://img.nehnutelnosti.sk/foto/NjAweDMzOC9maWx0ZXJzOnF1YWxpdHkoMTAwKS9uZWg=/VNKG_KtQB_fss?st=FOmMRHcok8hi0Xr6QlxyO59EEel-BFZ6j3gqUMRGhfQ&ts=1716878956&e=0"]},{"title":"2i byt, Bratislava III, Nové mesto s garážou.","address":"Bratislava III - Nové Mesto, okres Bratislava","rooms":2,"meters":79,"totalPrice":280000,"meterSquarePrice":0,"link":"https://www.nehnutelnosti.sk/detail/Juy-mThWi0Q/2i-byt-bratislava-iii-nove-mesto-s-garazou","imagesUrls":["https://img.nehnutelnosti.sk/foto/NjAweDMzOC9maWx0ZXJzOnF1YWxpdHkoMTAwKS9uZWg=/UhZndXy1I_fss?st=Zk4OcKWD1-tbBiF_jVIHlr_nC_2zw4ShQkRv2fq0CMU&ts=1720706097&e=0"]},{"title":"Na predaj 2-izbový byt s balkónom v centre Hriňovej- Exkluzívne","address":"Hriňová, okres Detva","rooms":2,"meters":64,"totalPrice":89900,"meterSquarePrice":9,"link":"https://www.nehnutelnosti.sk/detail/JuAkxWzMtSa/na-predaj-2-izbovy-byt-s-balkonom-v-centre-hrinovej-exkluzivne","imagesUrls":["https://img.nehnutelnosti.sk/foto/NjAweDMzOC9maWx0ZXJzOnF1YWxpdHkoMTAwKS9uZWg=/zJhDhQys8_fss?st=LiKZoVG9G0L1e53bPSw1oFRXPxhv4aFCPr8O-VJPaE8&ts=1726744832&e=0"]}]