[{"title":"BOSEN | Na predaj 2 izbový byt – 52 m2 , na ulici Beckovská, Trenčín","address":"Beckovská, Trenčín, okres Trenčín","rooms":2,"meters":52,"totalPrice":139000,"meterSquarePrice":8,"link":"https://www.nehnutelnosti.sk/detail/JuCEpFjusY4/bosen-na-predaj-2-izbovy-byt-52-m2-na-ulici-beckovska-trencin","imagesUrls":["https://img.nehnutelnosti.sk/foto/NjAweDMzOC9maWx0ZXJzOnF1YWxpdHkoMTAwKS9uZWg=/naPRJH2Vh_fss?st=0F3Hm7ERmiQpElbiiJ5YLXh-X2AR0UeixFgasiuygGg&ts=1721746027&e=0"]},{"title":"BOSEN | Slnečný 3i byt v centre mesta D. Streda","address":"Hlavná ulica, Dunajská Streda, okres Dunajská Streda","rooms":3,"meters":66,"totalPrice":113000,"meterSquarePrice":2,"link":"https://www.nehnutelnosti.sk/detail/JuKuO0XK1RR/bosen-slnecny-3i-byt-v-centre-mesta-d-streda","imagesUrls":["https://img.nehnutelnosti.sk/foto/NjAweDMzOC9maWx0ZXJzOnF1YWxpdHkoMTAwKS9uZWg=/oU_fhcwgp_fss?st=fGNlru6aBQ7MthC_hJSCYq4ya_G1zRMl1dJYknM6tIk&ts=1725975800&e=0"]},{"title":"BOSEN | Na predaj čiastočne zrekonštruovaný 3 izbový byt v obci Trenčianske Bohuslavice","address":"Trenčianske Bohuslavice, okres Nové Mesto nad Váhom","rooms":3,"meters":80,"totalPrice":113000,"meterSquarePrice":0,"link":"https://www.nehnutelnosti.sk/detail/Ju3zUgssrmf/bosen-na-predaj-ciastocne-zrekonstruovany-3-izbovy-byt-v-obci-trencianske-bohuslavice","imagesUrls":["https://img.nehnutelnosti.sk/foto/NjAweDMzOC9maWx0ZXJzOnF1YWxpdHkoMTAwKS9uZWg=/tSKmFUIqs_fss?st=7D5TWwgLR6nfyWwZrIbE5VmQ0QHQ4DygciSbwhUEJgQ&ts=1721739080&e=0"]},{"title":"Rezervované | Kompletne zrekonštruovaný 4 izbový byt s balkónom v atraktívnej lokalite blízko Štrkov","address":"Haburská, Bratislava II - Ružinov, okres Bratislava","rooms":4,"meters":71,"totalPrice":259900,"meterSquarePrice":1,"link":"https://www.nehnutelnosti.sk/detail/Juxaxz0eV5W/rezervovane-kompletne-zrekonstruovany-4-izbovy-byt-s-balkonom-v-atraktivnej-lokalite-blizko-strkov","imagesUrls":["https://img.nehnutelnosti.sk/foto/NjAweDMzOC9maWx0ZXJzOnF1YWxpdHkoMTAwKS9uZWg=/HA17NdrMR_fss?st=BO-xRiOyBY5g5lIhuSy4rGK8KOwtYo7o6b8sY0jtRVM&ts=1725155632&e=0"]},{"title":"BOSEN | Na predaj zariadený 3 izbový byt s garážou - Trenčín","address":"Halalovka, Trenčín, okres Trenčín","rooms":3,"meters":85,"totalPrice":null,"meterSquarePrice":null,"link":"https://www.nehnutelnosti.sk/detail/JuBjZSL0hOr/bosen-na-predaj-zariadeny-3-izbovy-byt-s-garazou-trencin","imagesUrls":["https://img.nehnutelnosti.sk/foto/NjAweDMzOC9maWx0ZXJzOnF1YWxpdHkoMTAwKS9uZWg=/DSlDEW0nWr_fss?st=RLgP-jBI41SrvQ99IgPTw0lpPv6yy_J_wLQvo7GQuLE&ts=1723453249&e=0"]},{"title":"BOSEN | Na predaj luxusný 4-izbový byt, 165 m2, v centre DS","address":"Galantská cesta, Dunajská Streda, okres Dunajská Streda","rooms":4,"meters":160,"totalPrice":285000,"meterSquarePrice":2,"link":"https://www.nehnutelnosti.sk/detail/JuudR10-QED/bosen-na-predaj-luxusny-4-izbovy-byt-165-m2-v-centre-ds","imagesUrls":["https://img.nehnutelnosti.sk/foto/NjAweDMzOC9maWx0ZXJzOnF1YWxpdHkoMTAwKS9uZWg=/SSVWq-me2_fss?st=W-Hw1KmSw4-YH-CZ43gQBqo3dJqFi-eNDMAmTZ6kN5I&ts=1720715999&e=0"]},{"title":"REZERVOVANÉ - BOSEN | 4-izbový byt so záhradou a parkovacím státím, Marianka, 82 m²","address":"Na Vinohradoch, Marianka, okres Malacky","rooms":4,"meters":82,"totalPrice":239900,"meterSquarePrice":1,"link":"https://www.nehnutelnosti.sk/detail/JutFgt5u5rX/rezervovane-bosen-4-izbovy-byt-so-zahradou-a-parkovacim-statim-marianka-82-m","imagesUrls":["https://img.nehnutelnosti.sk/foto/NjAweDMzOC9maWx0ZXJzOnF1YWxpdHkoMTAwKS9uZWg=/m-GMYBrW6_fss?st=AJMOkKbO88N4mAyO4yMCI03wIFTrRIF_Vtde_1oAn1k&ts=1725669363&e=0"]},{"title":"BOSEN | 3 izbový byt, 82 m2, prerobený s klimatizáciou, Nové Zámky","address":"Ľudovíta Štúra, Nové Zámky, okres Nové Zámky","rooms":3,"meters":82,"totalPrice":132000,"meterSquarePrice":6,"link":"https://www.nehnutelnosti.sk/detail/JuQDnhki2Zp/bosen-3-izbovy-byt-82-m2-prerobeny-s-klimatizaciou-nove-zamky","imagesUrls":["https://img.nehnutelnosti.sk/foto/NjAweDMzOC9maWx0ZXJzOnF1YWxpdHkoMTAwKS9uZWg=/lyxsPB5ec_fss?st=tLVfiSmG9uRXtuW25o6L5Srt8BKkHVIo8Z4uXZbFGN8&ts=1726475373&e=0"]},{"title":"BOSEN | REZERVOVANÝ_Zariadený 3 izb. byt s parkovacím miestom a balkónom v novostavbe SEPTIMO 2, Gog","address":"Gogoľova, Bratislava V - Petržalka, okres Bratislava","rooms":3,"meters":67,"totalPrice":255000,"meterSquarePrice":7,"link":"https://www.nehnutelnosti.sk/detail/JuqkotULBqt/bosen-rezervovany-zariadeny-3-izb-byt-s-parkovacim-miestom-a-balkonom-v-novostavbe-septimo-2-gog","imagesUrls":["https://img.nehnutelnosti.sk/foto/NjAweDMzOC9maWx0ZXJzOnF1YWxpdHkoMTAwKS9uZWg=/ABkH60Ol3_fss?st=ORBjtO1B6oPIQH-WEG-lpDeaudhcUUNJ5MsrstcJuGg&ts=1723052624&e=0"]},{"title":"BOSEN | Priestranný 3 izbový byt v projekte Cubicon, 101 m2, Mlynská dolina","address":"Stare Grunty, Bratislava IV - Karlova Ves, okres Bratislava","rooms":3,"meters":82,"totalPrice":355000,"meterSquarePrice":1,"link":"https://www.nehnutelnosti.sk/detail/JumSPwSfyi_/bosen-priestranny-3-izbovy-byt-v-projekte-cubicon-101-m2-mlynska-dolina","imagesUrls":["https://img.nehnutelnosti.sk/foto/NjAweDMzOC9maWx0ZXJzOnF1YWxpdHkoMTAwKS9uZWg=/Cv5fTb9vO_fss?st=hrKk_en5SF3D7SVNeKhzzOtugdussLKrfwz0RiTmMBQ&ts=1726355305&e=0"]},{"title":"REZERVOVANÉ -  BOSEN | 2 izbový byt pri OC Eurovea v Starom Meste, Klemensova, 59,02m2","address":"Klemensova, Bratislava I - Staré Mesto, okres Bratislava","rooms":2,"meters":59,"totalPrice":299299,"meterSquarePrice":5,"link":"https://www.nehnutelnosti.sk/detail/JuKHYrVrOtV/rezervovane-bosen-2-izbovy-byt-pri-oc-eurovea-v-starom-meste-klemensova-59-02m2","imagesUrls":["https://img.nehnutelnosti.sk/foto/NjAweDMzOC9maWx0ZXJzOnF1YWxpdHkoMTAwKS9uZWg=/kj-5GM-M1_fss?st=5yeKlaiHfCLX2pg9lB-NKnS4rMoxBgLpHJCJ2--kQQc&ts=1725102226&e=0"]},{"title":"BOSEN | Na predaj, 3 izbový byt v centre mesta Lučenec, Ľ. Štúra, 68m2","address":"Ľudovita Štúra, Lučenec, okres Lučenec","rooms":3,"meters":68,"totalPrice":null,"meterSquarePrice":null,"link":"https://www.nehnutelnosti.sk/detail/JukX2R1So8I/bosen-na-predaj-3-izbovy-byt-v-centre-mesta-lucenec-l-stura-68m2","imagesUrls":["https://img.nehnutelnosti.sk/foto/NjAweDMzOC9maWx0ZXJzOnF1YWxpdHkoMTAwKS9uZWg=/XTJnuEc_d_fss?st=uK-WDUu7mrI_RYRutrzcXk6VguwHtNi1FUOT0qXH7ic&ts=1725656175&e=0"]},{"title":"BOSEN | 1,5 izb.byt v projekte Slnečnice POP, Labutia, 37 m2","address":"Labutia, Bratislava V - Petržalka, okres Bratislava","rooms":2,"meters":32,"totalPrice":159900,"meterSquarePrice":0,"link":"https://www.nehnutelnosti.sk/detail/JuBy3p8AcdO/bosen-1-5-izb-byt-v-projekte-slnecnice-pop-labutia-37-m2","imagesUrls":["https://img.nehnutelnosti.sk/foto/NjAweDMzOC9maWx0ZXJzOnF1YWxpdHkoMTAwKS9uZWg=/VkP1vJBpY_fss?st=CDjH5CxLhS7WyIo_49edSUYDbe5CIvC5ggdL5qmzazU&ts=1722569900&e=0"]},{"title":"BOSEN | REZERVOVANÝ_Priestranný 2 izbový byt s parkovacím miestom v novostavbe TEPLICZ, Teplická, Pi","address":"Teplická, Piešťany, okres Piešťany","rooms":2,"meters":64,"totalPrice":265990,"meterSquarePrice":2,"link":"https://www.nehnutelnosti.sk/detail/JuY_zcaggsa/bosen-rezervovany-priestranny-2-izbovy-byt-s-parkovacim-miestom-v-novostavbe-teplicz-teplicka-pi","imagesUrls":["https://img.nehnutelnosti.sk/foto/NjAweDMzOC9maWx0ZXJzOnF1YWxpdHkoMTAwKS9uZWg=/hjIfYlhqq_fss?st=4ukioRtwkrFmn1yU7JL0UqJwqSpNF68YUqLWkj_VOMc&ts=1727016021&e=0"]},{"title":"BOSEN | Príjemný 3 izbový byt s parkovacím miestom v novostavbe TEPLICZ, Teplická, Piešťany, 67.71 m","address":"Teplická, Piešťany, okres Piešťany","rooms":3,"meters":64,"totalPrice":265990,"meterSquarePrice":6,"link":"https://www.nehnutelnosti.sk/detail/Jucyd99LUJM/bosen-prijemny-3-izbovy-byt-s-parkovacim-miestom-v-novostavbe-teplicz-teplicka-piestany-67-71-m","imagesUrls":["https://img.nehnutelnosti.sk/foto/NjAweDMzOC9maWx0ZXJzOnF1YWxpdHkoMTAwKS9uZWg=/r-_-32cuNL_fss?st=IFcOyu92_tYP5u1hp9TwTbSvVDxhv_wJaLvRGo6uCH0&ts=1724795584&e=0"]},{"title":"BOSEN | Na predaj, 3izbový byt s balkónom, Lučenec, 72m2","address":"Lučenec, okres Lučenec","rooms":3,"meters":72,"totalPrice":74900,"meterSquarePrice":8,"link":"https://www.nehnutelnosti.sk/detail/Ju0Zs3k93Z_/bosen-na-predaj-3izbovy-byt-s-balkonom-lucenec-72m2","imagesUrls":["https://img.nehnutelnosti.sk/foto/NjAweDMzOC9maWx0ZXJzOnF1YWxpdHkoMTAwKS9uZWg=/rCTlPAQSG_fss?st=M6EbHSYofYwRJLi5DSrsAlBUG8MccBeUUIzqchoPUr4&ts=1725653299&e=0"]},{"title":"BOSEN | Nadštandardný zariadený 4.izb.byt s terasou, vlastnou garážou a parkingom, Malinovo, 103 m2","address":"Bratislavská, Malinovo, okres Senec","rooms":4,"meters":102,"totalPrice":309900,"meterSquarePrice":9,"link":"https://www.nehnutelnosti.sk/detail/JuBR1WBQ3Mr/bosen-nadstandardny-zariadeny-4-izb-byt-s-terasou-vlastnou-garazou-a-parkingom-malinovo-103-m2","imagesUrls":["https://img.nehnutelnosti.sk/foto/NjAweDMzOC9maWx0ZXJzOnF1YWxpdHkoMTAwKS9uZWg=/X7jZRyqU9_fss?st=NvsvVfqHt-Nn1nxL9W7xqHlcAV4PDu_GoAQkrrfw8Ao&ts=1725800864&e=0"]},{"title":"BOSEN | Na predaj, 2 izbový byt s garážou, Fiľakovo, 51m2","address":"Fiľakovo, okres Lučenec","rooms":2,"meters":52,"totalPrice":49900,"meterSquarePrice":2,"link":"https://www.nehnutelnosti.sk/detail/JuCY38eG6Ww/bosen-na-predaj-2-izbovy-byt-s-garazou-filakovo-51m2","imagesUrls":["https://img.nehnutelnosti.sk/foto/NjAweDMzOC9maWx0ZXJzOnF1YWxpdHkoMTAwKS9uZWg=/q1uBMMexr_fss?st=qmro0kibt_uYJbkwRNEmI2lcXG6t75NTp13Tn8rrtGE&ts=1726204243&e=0"]},{"title":"REZERVOVANÉ - BOSEN | 3 izbový byt s dvoma loggiami na predaj, Petržalka","address":"Holíčska, Bratislava V - Petržalka, okres Bratislava","rooms":3,"meters":75,"totalPrice":224700,"meterSquarePrice":4,"link":"https://www.nehnutelnosti.sk/detail/JuMDHIWVp72/rezervovane-bosen-3-izbovy-byt-s-dvoma-loggiami-na-predaj-petrzalka","imagesUrls":["https://img.nehnutelnosti.sk/foto/NjAweDMzOC9maWx0ZXJzOnF1YWxpdHkoMTAwKS9uZWg=/zNYE612nK_fss?st=dBHU60NblZpRzrzgKC92RBQZX1xBn2yT2MPPRaNpxiU&ts=1721904614&e=0"]},{"title":"BOSEN | 2 izb.byt s balkónom, parking, Noemis, Stupava","address":"Cementárenská, Stupava, okres Malacky","rooms":2,"meters":53,"totalPrice":129990,"meterSquarePrice":4,"link":"https://www.nehnutelnosti.sk/detail/JuPXt6Lg9om/bosen-2-izb-byt-s-balkonom-parking-noemis-stupava","imagesUrls":["https://img.nehnutelnosti.sk/foto/NjAweDMzOC9maWx0ZXJzOnF1YWxpdHkoMTAwKS9uZWg=/Ns2ITHTAh9_fss?st=2EYnxqRjQvK0vqWYAk-86XwgJ-EBhjZ3MteSpgSeocY&ts=1726734983&e=0"]},{"title":"BOSEN | Na predaj 3 izbový byt, ulica Parková, Fiľakovo, 76m2","address":"Fiľakovo, okres Lučenec","rooms":3,"meters":75,"totalPrice":57900,"meterSquarePrice":2,"link":"https://www.nehnutelnosti.sk/detail/Ju4LWBURN0B/bosen-na-predaj-3-izbovy-byt-ulica-parkova-filakovo-76m2","imagesUrls":["https://img.nehnutelnosti.sk/foto/NjAweDMzOC9maWx0ZXJzOnF1YWxpdHkoMTAwKS9uZWg=/tPJImz9B9_fss?st=fv01Z7LpmVndnM9IaAHcTcrPksGne5O9WLWgUv4jDfw&ts=1724200201&e=0"]},{"title":"REZERVOVANÝ | Predaj 2 izbový byt na ulici Staničná -Trenčín","address":"Trenčín, okres Trenčín","rooms":2,"meters":48,"totalPrice":null,"meterSquarePrice":null,"link":"https://www.nehnutelnosti.sk/detail/JuoFvaFDPdD/rezervovany-predaj-2-izbovy-byt-na-ulici-stanicna-trencin","imagesUrls":["https://img.nehnutelnosti.sk/foto/NjAweDMzOC9maWx0ZXJzOnF1YWxpdHkoMTAwKS9uZWg=/vKq-TA4zf_fss?st=GQl___gb2oyU64YFwDzTP2CdF8pTPU-_NV8zg_yagRI&ts=1724919940&e=0"]},{"title":"REZERVOVANÉ: BOSEN | Zariadený 2kk byt v novostavbe Bory Bývanie 3","address":"Jána Langoša, Bratislava IV - Lamač, okres Bratislava","rooms":2,"meters":64,"totalPrice":224990,"meterSquarePrice":7,"link":"https://www.nehnutelnosti.sk/detail/JujzpnVOuQ6/rezervovane-bosen-zariadeny-2kk-byt-v-novostavbe-bory-byvanie-3","imagesUrls":["https://img.nehnutelnosti.sk/foto/NjAweDMzOC9maWx0ZXJzOnF1YWxpdHkoMTAwKS9uZWg=/L7wcXbz5h_fss?st=qAmjR-CNWEToG2VA0H5OiYq0cuWGr5XoYeht254BX9U&ts=1717577387&e=0"]},{"title":"BOSEN | Zariadený 2 izbový byt využívaný ako apartmán s parkovacím miestom a pivnicou, Hrabovská Dol","address":"Hrabovská dolina, Ružomberok, okres Ružomberok","rooms":2,"meters":56,"totalPrice":195000,"meterSquarePrice":9,"link":"https://www.nehnutelnosti.sk/detail/JuQ1lfbUFU5/bosen-zariadeny-2-izbovy-byt-vyuzivany-ako-apartman-s-parkovacim-miestom-a-pivnicou-hrabovska-dol","imagesUrls":["https://img.nehnutelnosti.sk/foto/NjAweDMzOC9maWx0ZXJzOnF1YWxpdHkoMTAwKS9uZWg=/kc6zsJMMI_fss?st=e5Vrqh_2czmL7TZEjm3cvd9dckL09pgqkP9iWCrIx4A&ts=1722373555&e=0"]},{"title":"BOSEN | 4 izb. mezanín s terasou, 137m2 , Rezidencia Tabáň","address":"Piaristická, vchod F, Nitra, okres Nitra","rooms":4,"meters":137,"totalPrice":280000,"meterSquarePrice":0,"link":"https://www.nehnutelnosti.sk/detail/JuUyc5Hh1r0/bosen-4-izb-mezanin-s-terasou-137m2-rezidencia-taban","imagesUrls":["https://img.nehnutelnosti.sk/foto/NjAweDMzOC9maWx0ZXJzOnF1YWxpdHkoMTAwKS9uZWg=/ytZwRLRGg_fss?st=Y77j-LPyucNwzMls7QiiuvR4IjwrS5WChmBTkJeoPMI&ts=1725187841&e=0"]},{"title":"BOSEN | Zrekonštruovaný 2 izbový byt s balkónom v pokojnej lokalite na okraji Bratislavy, 45m2","address":"Rajecká, Bratislava II - Vrakuňa, okres Bratislava","rooms":2,"meters":40,"totalPrice":136999,"meterSquarePrice":2,"link":"https://www.nehnutelnosti.sk/detail/JuLG3-QlcmP/bosen-zrekonstruovany-2-izbovy-byt-s-balkonom-v-pokojnej-lokalite-na-okraji-bratislavy-45m2","imagesUrls":["https://img.nehnutelnosti.sk/foto/NjAweDMzOC9maWx0ZXJzOnF1YWxpdHkoMTAwKS9uZWg=/TN4MlAYJq_fss?st=onQr40X0TX7ABuYgs_fidXb_AGi92eiDdMAFZ9vb1_Y&ts=1726450747&e=0"]},{"title":"BOSEN | Predaj 2 izbových bytov v jedinečnom projekte Floret, Rovinka","address":"Slnečnicová, Rovinka, okres Senec","rooms":2,"meters":58,"totalPrice":null,"meterSquarePrice":null,"link":"https://www.nehnutelnosti.sk/detail/JupklUg7yI0/bosen-predaj-2-izbovych-bytov-v-jedinecnom-projekte-floret-rovinka","imagesUrls":["https://img.nehnutelnosti.sk/foto/NjAweDMzOC9maWx0ZXJzOnF1YWxpdHkoMTAwKS9uZWg=/Jd4p6GtTG_fss?st=qyMybb2u4gSpx9R9LsBzR38W2Aac-5Nba0sezVaBkQw&ts=1722278857&e=0"]},{"title":"BOSEN | 3 izbový byt v bratislavskom Downtowne","address":"Chalupkova, Bratislava I - Staré Mesto, okres Bratislava","rooms":3,"meters":86,"totalPrice":490000,"meterSquarePrice":7,"link":"https://www.nehnutelnosti.sk/detail/Ju4TRUQ4AWp/bosen-3-izbovy-byt-v-bratislavskom-downtowne","imagesUrls":["https://img.nehnutelnosti.sk/foto/NjAweDMzOC9maWx0ZXJzOnF1YWxpdHkoMTAwKS9uZWg=/82cYPPOVM_fss?st=eAE3mMC8ldkvOnauHLvFlchG-_7WzTBPzS0YUfNihUM&ts=1707669525&e=0"]},{"title":"BOSEN | Predaj luxusných apartmánov vo Vysokých Tatrách","address":"Lúčna, Štrba, okres Poprad","rooms":5,"meters":270,"totalPrice":499000,"meterSquarePrice":4,"link":"https://www.nehnutelnosti.sk/detail/JuhJ1HJ_raD/bosen-predaj-luxusnych-apartmanov-vo-vysokych-tatrach","imagesUrls":["https://img.nehnutelnosti.sk/foto/NjAweDMzOC9maWx0ZXJzOnF1YWxpdHkoMTAwKS9uZWg=/biuJed3yRv_fss?st=EmKzGODZvIxYm8GVvSJfQyIVvrFImckgOAEPSEJo1Ho&ts=1725762726&e=0"]},{"title":"BOSEN | 2izb.byt s veľkou loggiou a kobkou v novom projekte BORY BÝVANIE, Lamač, 62 m2","address":"Vladimíra Jukla, Bratislava IV - Lamač, okres Bratislava","rooms":2,"meters":61,"totalPrice":249900,"meterSquarePrice":4,"link":"https://www.nehnutelnosti.sk/detail/JuqZDA-sXm6K/bosen-2izb-byt-s-velkou-loggiou-a-kobkou-v-novom-projekte-bory-byvanie-lamac-62-m2","imagesUrls":["https://img.nehnutelnosti.sk/foto/NjAweDMzOC9maWx0ZXJzOnF1YWxpdHkoMTAwKS9uZWg=/HzniEsYti_fss?st=-VIVJFHYW3wxiTh0ypI4IfHdGhc8MSm1ywkI8Yuwt_Q&ts=1720678986&e=0"]}]