[{"title":"1,5-izbový byt, 33 m2, pivnica, Karlova Ves","address":"Karloveská, Bratislava IV - Karlova Ves, okres Bratislava","rooms":1,"meters":33,"totalPrice":128000,"meterSquarePrice":9,"link":"https://www.nehnutelnosti.sk/detail/JuZHUJ7AKeB/1-5-izbovy-byt-33-m2-pivnica-karlova-ves","imagesUrls":["https://img.nehnutelnosti.sk/foto/NjAweDMzOC9maWx0ZXJzOnF1YWxpdHkoMTAwKS9uZWg=/aUgiN2yYI_fss?st=fJdkKUkuPSC1HklUGVg8faBD01YyGNv_ZDiDpnI3w68&ts=1723455546&e=0"]},{"title":"1,5-izbový byt,  loggia, Dúbravka - Landauova","address":"Landauova, Bratislava IV - Dúbravka, okres Bratislava","rooms":1,"meters":33,"totalPrice":128000,"meterSquarePrice":9,"link":"https://www.nehnutelnosti.sk/detail/Ju3zbJKeSjX/1-5-izbovy-byt-loggia-dubravka-landauova","imagesUrls":["https://img.nehnutelnosti.sk/foto/NjAweDMzOC9maWx0ZXJzOnF1YWxpdHkoMTAwKS9uZWg=/xa-m6K4kv_fss?st=HzoYeTe9Z6nzAVNpbTOg0ba3GWl5IZ9D7tIgSgf56uw&ts=1723455556&e=0"]},{"title":"Ponúkame na predaj garsónku","address":"Považská Bystrica, okres Považská Bystrica","rooms":null,"meters":null,"totalPrice":null,"meterSquarePrice":null,"link":"https://www.nehnutelnosti.sk/detail/Ju52j1Jh5S4/ponukame-na-predaj-garsonku","imagesUrls":["https://img.nehnutelnosti.sk/foto/NjAweDMzOC9maWx0ZXJzOnF1YWxpdHkoMTAwKS9uZWg=/Ap1umtkaDz_fss?st=X2Y36ZyfJkfiMGuKfbxkux8kX4uvfx0NLyiyvkIXjvs&ts=1723455553&e=0"]},{"title":"2-izbový neprerobený byt na predaj v Považskej Bystrici - Lánska","address":"Lánska, Považská Bystrica, okres Považská Bystrica","rooms":2,"meters":null,"totalPrice":null,"meterSquarePrice":null,"link":"https://www.nehnutelnosti.sk/detail/Juvbkulkj63/2-izbovy-neprerobeny-byt-na-predaj-v-povazskej-bystrici-lanska","imagesUrls":["https://img.nehnutelnosti.sk/foto/NjAweDMzOC9maWx0ZXJzOnF1YWxpdHkoMTAwKS9uZWg=/7WFNA_r2d_fss?st=swnLJZPAySvroElII8wzrHNjI4E7B6FrKO04EU2dJSk&ts=1723453747&e=0"]},{"title":"Nadštandardne priestranný 1-izbový byt Nová Dubnica- 48m2","address":"P. O. Hviezdoslava, Nová Dubnica, okres Ilava","rooms":1,"meters":48,"totalPrice":87000,"meterSquarePrice":0,"link":"https://www.nehnutelnosti.sk/detail/JunikZ42nfo/nadstandardne-priestranny-1-izbovy-byt-nova-dubnica-48m2","imagesUrls":["https://img.nehnutelnosti.sk/foto/NjAweDMzOC9maWx0ZXJzOnF1YWxpdHkoMTAwKS9uZWg=/sX_lMrKQ__fss?st=do4a4l494mKRaQ_daIBKh42roXxV-HfNG9ghpQtTCAQ&ts=1723455514&e=0"]},{"title":"PREDAJ: 1 izb. byt 39 m2, Okružná ulica, Fončorda, BB","address":"Okružná, Banská Bystrica, okres Banská Bystrica","rooms":1,"meters":38,"totalPrice":77000,"meterSquarePrice":8,"link":"https://www.nehnutelnosti.sk/detail/JuydfwNAdfK/predaj-1-izb-byt-39-m2-okruzna-ulica-foncorda-bb","imagesUrls":["https://img.nehnutelnosti.sk/foto/NjAweDMzOC9maWx0ZXJzOnF1YWxpdHkoMTAwKS9uZWg=/bQiaKTEuZx_fss?st=wXYCNH9IvQvbrfwea_SiRciGFMfWsMY4CN0IpG7_bq0&ts=1723455496&e=0"]},{"title":"AstonReal: predaj 2-izbový byt 49m2 s loggiou - Kežmarok, Lanškrounská","address":"Lanškrounská, Kežmarok, okres Kežmarok","rooms":2,"meters":null,"totalPrice":null,"meterSquarePrice":null,"link":"https://www.nehnutelnosti.sk/detail/JuykFmnndXR/astonreal-predaj-2-izbovy-byt-49m2-s-loggiou-kezmarok-lanskrounska","imagesUrls":["https://img.nehnutelnosti.sk/foto/NjAweDMzOC9maWx0ZXJzOnF1YWxpdHkoMTAwKS9uZWg=/5X49Eap56X_fss?st=W3NVMnBt-cMNin9pTm7tV4stUo1j93qqeSZeCyq3I4g&ts=1723453734&e=0"]},{"title":"REZERVOVANÉ!2 izbový byt 61m2 s balkónom, Podbreziny - Lipt. Mikulá","address":"Priebežná, Liptovský Mikuláš, okres Liptovský Mikuláš","rooms":2,"meters":61,"totalPrice":94000,"meterSquarePrice":8,"link":"https://www.nehnutelnosti.sk/detail/JuPZpFPKSnq/rezervovane2-izbovy-byt-61m2-s-balkonom-podbreziny-lipt-mikula","imagesUrls":["https://img.nehnutelnosti.sk/foto/NjAweDMzOC9maWx0ZXJzOnF1YWxpdHkoMTAwKS9uZWg=/n32Sg_XDh_fss?st=t8sfxPhhsCAaIWB63tzixHjgkTjq4iuFYFufdyxSEKo&ts=1723455451&e=0"]},{"title":"NA PREDAJ: slnečný 3-izbový byt s loggiou, 61 m2, Tatranská Štrba","address":"Pullmanova, Štrba, okres Poprad","rooms":3,"meters":61,"totalPrice":158500,"meterSquarePrice":6,"link":"https://www.nehnutelnosti.sk/detail/JuzXlC8yfWD/na-predaj-slnecny-3-izbovy-byt-s-loggiou-61-m2-tatranska-strba","imagesUrls":["https://img.nehnutelnosti.sk/foto/NjAweDMzOC9maWx0ZXJzOnF1YWxpdHkoMTAwKS9uZWg=/5i5luYKeTb_fss?st=a-2g-CwakUPsMLVePEIStHf40UumlLtZWp-8EB4tLwc&ts=1726369966&e=0"]},{"title":"AstonReal: predaj slnečný 3 - izbový byt s loggiou - Tatranská Štrba","address":"Pullmanova, Poprad, okres Poprad","rooms":3,"meters":61,"totalPrice":158500,"meterSquarePrice":6,"link":"https://www.nehnutelnosti.sk/detail/JuJQ6jZ6T6Z/astonreal-predaj-slnecny-3-izbovy-byt-s-loggiou-tatranska-strba","imagesUrls":["https://img.nehnutelnosti.sk/foto/NjAweDMzOC9maWx0ZXJzOnF1YWxpdHkoMTAwKS9uZWg=/ApYbMmvnoH_fss?st=IWjVu5XbuBl5rkb0bchaJIVLjCmPzwV4qF2T8jJ6-g0&ts=1724260492&e=0"]},{"title":"1-izbový útulný byt na predaj v Považskej Bystrici lokalita Lánska","address":"Považská Bystrica, okres Považská Bystrica","rooms":1,"meters":null,"totalPrice":73900,"meterSquarePrice":3,"link":"https://www.nehnutelnosti.sk/detail/JuIphsMBkla/1-izbovy-utulny-byt-na-predaj-v-povazskej-bystrici-lokalita-lanska","imagesUrls":["https://img.nehnutelnosti.sk/foto/NjAweDMzOC9maWx0ZXJzOnF1YWxpdHkoMTAwKS9uZWg=/G4GDDAC9w_fss?st=y_1iFZjaS7PwpiaIy_kqpm58nGO3J1kZS8-8kiiS1C0&ts=1723453725&e=0"]},{"title":"NA PREDAJ: 3,5 izb. byt, 84 m2 + 15 m2 parkovacie miesto v centre BB","address":"Horná, Banská Bystrica, okres Banská Bystrica","rooms":3,"meters":84,"totalPrice":198000,"meterSquarePrice":4,"link":"https://www.nehnutelnosti.sk/detail/Jubcfc5iz4S/na-predaj-3-5-izb-byt-84-m2-15-m2-parkovacie-miesto-v-centre-bb","imagesUrls":["https://img.nehnutelnosti.sk/foto/NjAweDMzOC9maWx0ZXJzOnF1YWxpdHkoMTAwKS9uZWg=/oxe1qWGpmF_fss?st=QVY1xZD4c7Et8dcII9EAg6efs8HPLME29TS9o64BsGk&ts=1723455434&e=0"]},{"title":"Predaj: 3,5 izb. byt, 84 m2 + 15 m2 parkovacie miesto v centre BB","address":"Horná, Banská Bystrica, okres Banská Bystrica","rooms":4,"meters":84,"totalPrice":198000,"meterSquarePrice":4,"link":"https://www.nehnutelnosti.sk/detail/Ju0q8Je5s8A/predaj-3-5-izb-byt-84-m2-15-m2-parkovacie-miesto-v-centre-bb","imagesUrls":["https://img.nehnutelnosti.sk/foto/NjAweDMzOC9maWx0ZXJzOnF1YWxpdHkoMTAwKS9uZWg=/4dAIKvJf2_fss?st=lxy-2fqj07o9uVKyQA9dSkkP9zJqmX0M-CmITZua5nI&ts=1723455440&e=0"]},{"title":"2-izbový neprerobený byt na predaj v Považskej Bystrici lokalita Stred","address":"stred, Považská Bystrica, okres Považská Bystrica","rooms":2,"meters":null,"totalPrice":null,"meterSquarePrice":null,"link":"https://www.nehnutelnosti.sk/detail/JuECEvRxcfc/2-izbovy-neprerobeny-byt-na-predaj-v-povazskej-bystrici-lokalita-stred","imagesUrls":["https://img.nehnutelnosti.sk/foto/NjAweDMzOC9maWx0ZXJzOnF1YWxpdHkoMTAwKS9uZWg=/PJurqWokr_fss?st=oB32hcxsDgI8Fy2UY1NuNNQHudrj2JMT5mfz3nDXZ00&ts=1723453727&e=0"]},{"title":"AstonReal: predaj 3-izbový byt 69m2 s loggiou, Poprad, Ústecko-Orlická","address":"Ustecko-Orlická, Poprad, okres Poprad","rooms":3,"meters":null,"totalPrice":null,"meterSquarePrice":null,"link":"https://www.nehnutelnosti.sk/detail/JuQAzJL5G2L/astonreal-predaj-3-izbovy-byt-69m2-s-loggiou-poprad-ustecko-orlicka","imagesUrls":["https://img.nehnutelnosti.sk/foto/NjAweDMzOC9maWx0ZXJzOnF1YWxpdHkoMTAwKS9uZWg=/a4ANSdogW_fss?st=h-zpNTfVxtNxYTefyzq6gqxKMXpxuGm4BvIFjx0sts0&ts=1723453731&e=0"]},{"title":"IBA U NÁS! Priestranný 3+1, balkón, rekonštrukcia, Západná, Trenčín","address":"Západná, Trenčín, okres Trenčín","rooms":3,"meters":74,"totalPrice":134000,"meterSquarePrice":1,"link":"https://www.nehnutelnosti.sk/detail/JuJv-LUPEDxX/iba-u-nas-priestranny-3-1-balkon-rekonstrukcia-zapadna-trencin","imagesUrls":["https://img.nehnutelnosti.sk/foto/NjAweDMzOC9maWx0ZXJzOnF1YWxpdHkoMTAwKS9uZWg=/-N8slhGlz_fss?st=dAM7Y63uf3Cg0rkQDeHuJ9qFw2skuiBidwP5wOkXRM0&ts=1723455393&e=0"]},{"title":"3-izbový byt , Dúbravka - Repašského ulica","address":"Repašského, Bratislava IV - Dúbravka, okres Bratislava","rooms":3,"meters":60,"totalPrice":155000,"meterSquarePrice":3,"link":"https://www.nehnutelnosti.sk/detail/JuJpBRtK2jO/3-izbovy-byt-dubravka-repasskeho-ulica","imagesUrls":["https://img.nehnutelnosti.sk/foto/NjAweDMzOC9maWx0ZXJzOnF1YWxpdHkoMTAwKS9uZWg=/I8A-uQuaH_fss?st=ZRucQHA0-4HewqehbD4DzL5QoSd3MedK0r0y0vTVTxw&ts=1723455406&e=0"]},{"title":"IBA U NÁS! Vkusný 3+1 byt, 67m2, balkón, rekonštr., Halalovka, Trenčín","address":"Halalovka, Trenčín, okres Trenčín","rooms":3,"meters":67,"totalPrice":116900,"meterSquarePrice":8,"link":"https://www.nehnutelnosti.sk/detail/JuRhYCipEiQ/iba-u-nas-vkusny-3-1-byt-67m2-balkon-rekonstr-halalovka-trencin","imagesUrls":["https://img.nehnutelnosti.sk/foto/NjAweDMzOC9maWx0ZXJzOnF1YWxpdHkoMTAwKS9uZWg=/Wz2P0zJTu_fss?st=B5nMgFTVxdedGlrCDCJxWgv7TaydD4makd30ke7TGtM&ts=1723455356&e=0"]},{"title":"AstonReal ponúka na predaj 2izbový byt prerobený na 3izbový","address":"Stred, Považská Bystrica, okres Považská Bystrica","rooms":2,"meters":null,"totalPrice":null,"meterSquarePrice":null,"link":"https://www.nehnutelnosti.sk/detail/JuEXsHsHskh/astonreal-ponuka-na-predaj-2izbovy-byt-prerobeny-na-3izbovy","imagesUrls":["https://img.nehnutelnosti.sk/foto/NjAweDMzOC9maWx0ZXJzOnF1YWxpdHkoMTAwKS9uZWg=/8VW-IiHS3U_fss?st=G1io9e6G69sSyOAl2j-DnZYDtJ-u-L2NdKUCwwc2Czo&ts=1723455350&e=0"]},{"title":"PREDAJ PRIESTRANNÉHO 2 IZB.BYTU, 2 PIVNICE, NA SKOK DO LESA, HARMÓNIA","address":"Harmónia, Modra, okres Pezinok","rooms":2,"meters":73,"totalPrice":159000,"meterSquarePrice":3,"link":"https://www.nehnutelnosti.sk/detail/JuwQOp5cozb/predaj-priestranneho-2-izb-bytu-2-pivnice-na-skok-do-lesa-harmonia","imagesUrls":["https://img.unitedclassifieds.sk/foto/NjAweDMzOC9maWx0ZXJzOnF1YWxpdHkoMTAwKS9yc2Y=/Joz2BbeLO_fss?st=hAta19qDT13NKdq40sbFtmJrB-vff26WeTXoKY7RClw&ts=1715737712&e=0"]},{"title":"3 izbový byt , 69m2, loggia, pivnica, Petržalka","address":"Budatinská, Bratislava V - Petržalka, okres Bratislava","rooms":3,"meters":69,"totalPrice":169990,"meterSquarePrice":2,"link":"https://www.nehnutelnosti.sk/detail/JuvLlQ7Hkz2/3-izbovy-byt-69m2-loggia-pivnica-petrzalka","imagesUrls":["https://img.nehnutelnosti.sk/foto/NjAweDMzOC9maWx0ZXJzOnF1YWxpdHkoMTAwKS9uZWg=/z0fwUh-TO_fss?st=er3xqyjJbHSwnCTCepjV0eR4o5H-5WK8l5ElSgMbKDg&ts=1726419175&e=0"]},{"title":"AstonReal: predaj 3 izbový byt 71m2 Spišská Nová Ves - Centrum","address":"Rázusova, Spišská Nová Ves, okres Spišská Nová Ves","rooms":3,"meters":71,"totalPrice":110000,"meterSquarePrice":0,"link":"https://www.nehnutelnosti.sk/detail/JusCQlpvjf6/astonreal-predaj-3-izbovy-byt-71m2-spisska-nova-ves-centrum","imagesUrls":["https://img.nehnutelnosti.sk/foto/NjAweDMzOC9maWx0ZXJzOnF1YWxpdHkoMTAwKS9uZWg=/DRSlvcKmE_fss?st=dZYSgodSyJVImEDhw__8xZ4bdxi83T_qJKBXwZ6qLlk&ts=1727016457&e=0"]},{"title":"Predaj: APARTMÁN 68 m2 + Balkón 4 m2 na DONOVALOCH, AD KAMZÍK","address":"Donovaly, Donovaly, okres Banská Bystrica","rooms":null,"meters":67,"totalPrice":209000,"meterSquarePrice":2,"link":"https://www.nehnutelnosti.sk/detail/JukDuqQv5Wx/predaj-apartman-68-m2-balkon-4-m2-na-donovaloch-ad-kamzik","imagesUrls":["https://img.nehnutelnosti.sk/foto/NjAweDMzOC9maWx0ZXJzOnF1YWxpdHkoMTAwKS9uZWg=/jSLqui5HF_fss?st=E6TdYE9ZEsLVvJxNfi25Ol6_wnQc3vCUG5sOHclEXoI&ts=1724536491&e=0"]},{"title":"INVESTIČNÝ APARTMÁN, 68 m2 + 4 m2 balkón, DONOVALY, AD KAMZÍK","address":"Donovaly, Donovaly, okres Banská Bystrica","rooms":null,"meters":67,"totalPrice":209000,"meterSquarePrice":2,"link":"https://www.nehnutelnosti.sk/detail/Jurtd8V_q6i/investicny-apartman-68-m2-4-m2-balkon-donovaly-ad-kamzik","imagesUrls":["https://img.nehnutelnosti.sk/foto/NjAweDMzOC9maWx0ZXJzOnF1YWxpdHkoMTAwKS9uZWg=/AUYzfw5mO_fss?st=RTqNKb295l6M7sqG8iP_3TYa65x2JH0xVV79_HQit_8&ts=1725482530&e=0"]},{"title":"IBA U NÁS! Útulný 2-izbový byt, 48m2, 2 lodžie, Zámostie, Trenčín","address":"Staničná, Trenčín, okres Trenčín","rooms":2,"meters":48,"totalPrice":87500,"meterSquarePrice":2,"link":"https://www.nehnutelnosti.sk/detail/JuvlQ2ANdNL/iba-u-nas-utulny-2-izbovy-byt-48m2-2-lodzie-zamostie-trencin","imagesUrls":["https://img.nehnutelnosti.sk/foto/NjAweDMzOC9maWx0ZXJzOnF1YWxpdHkoMTAwKS9uZWg=/pNBS8eFQG_fss?st=t-9_a5stRjItEE_KYo5I4pSMQ0r1aBUkD1C1UErGqRo&ts=1723455286&e=0"]},{"title":"REZERVOVANÉ : 3 izbový byt s loggiou - 72m2, Ružomberok - I. Houdeka","address":"I. Houdeka, Ružomberok, okres Ružomberok","rooms":3,"meters":72,"totalPrice":null,"meterSquarePrice":null,"link":"https://www.nehnutelnosti.sk/detail/JukiPSOOtsq/rezervovane-3-izbovy-byt-s-loggiou-72m2-ruzomberok-i-houdeka","imagesUrls":["https://img.nehnutelnosti.sk/foto/NjAweDMzOC9maWx0ZXJzOnF1YWxpdHkoMTAwKS9uZWg=/mz_Hiumys_fss?st=_ldN6GLSd6Du3pkKnx6NMBMkhNS95iMLFVl0YbEDOE8&ts=1723455281&e=0"]},{"title":"REZERVOVANÉ - 3-izbový byt Poprad-starý juh, 68 m2","address":"Moyzesova, Poprad, okres Poprad","rooms":3,"meters":68,"totalPrice":127990,"meterSquarePrice":1,"link":"https://www.nehnutelnosti.sk/detail/JuLGmDvXwKl/rezervovane-3-izbovy-byt-poprad-stary-juh-68-m2","imagesUrls":["https://img.nehnutelnosti.sk/foto/NjAweDMzOC9maWx0ZXJzOnF1YWxpdHkoMTAwKS9uZWg=/omuy8132W4_fss?st=UEhhbVtkMtsMJOvgAlid3SWWST78YMQKg5LgwGJ6Fy0&ts=1724071331&e=0"]},{"title":"REZERVOVANÝ 3izbový byt s GARÁŽOU, balkón, BANSKÁ BYSTRICA,","address":"Trieda SNP, Banská Bystrica, okres Banská Bystrica","rooms":3,"meters":63,"totalPrice":155000,"meterSquarePrice":2,"link":"https://www.nehnutelnosti.sk/detail/JukJJNS1j12/rezervovany-3izbovy-byt-s-garazou-balkon-banska-bystrica","imagesUrls":["https://img.nehnutelnosti.sk/foto/NjAweDMzOC9maWx0ZXJzOnF1YWxpdHkoMTAwKS9uZWg=/Tet5Y_bpJ_fss?st=OfMsCy6vEdevLFqEBJziY8wpt5INFqGV1kFvMociXN4&ts=1724179456&e=0"]},{"title":"3 izbový byt, 69 m2, Rača","address":"Sadmelijská, Bratislava III - Rača, okres Bratislava","rooms":3,"meters":69,"totalPrice":176990,"meterSquarePrice":7,"link":"https://www.nehnutelnosti.sk/detail/Jux1l4iCO7m/3-izbovy-byt-69-m2-raca","imagesUrls":["https://img.nehnutelnosti.sk/foto/NjAweDMzOC9maWx0ZXJzOnF1YWxpdHkoMTAwKS9uZWg=/mwPnYMBck_fss?st=BZlbXEf3fguCcEWMsIoYuf5StZY_pRGHZ6-JQqjxA2Q&ts=1723455215&e=0"]},{"title":"PREDAJ: 4 izb. byt, Radvaň, 81 m2 + lodžia v B. Bystrici","address":"Poľná, Banská Bystrica, okres Banská Bystrica","rooms":4,"meters":85,"totalPrice":182900,"meterSquarePrice":6,"link":"https://www.nehnutelnosti.sk/detail/JuDL5TvC7Vg/predaj-4-izb-byt-radvan-81-m2-lodzia-v-b-bystrici","imagesUrls":["https://img.nehnutelnosti.sk/foto/NjAweDMzOC9maWx0ZXJzOnF1YWxpdHkoMTAwKS9uZWg=/NlkUWxXZy_fss?st=JAiPxKypF6Wloe2mJUwr9rTQfe-nv6NQccuLXF1qXj0&ts=1723455221&e=0"]}]