[{"title":"3 izbový byt na predaj v Nových Zámkoch.","address":"Centrum, Nové Zámky, okres Nové Zámky","rooms":3,"meters":75,"totalPrice":135000,"meterSquarePrice":1,"link":"https://www.nehnutelnosti.sk/detail/Juv9kdBBJ__/3-izbovy-byt-na-predaj-v-novych-zamkoch","imagesUrls":["https://img.nehnutelnosti.sk/foto/NjAweDMzOC9maWx0ZXJzOnF1YWxpdHkoMTAwKS9uZWg=/NTLk2-ZrtB_fss?st=rrh9TVRkiaOqdtds7adTAGq_oi5Kn74_hkfAIfdnwj0&ts=1702476220&e=0"]},{"title":"PREDAJ - Čiastočne prerobený 2 izbový byt so zariadením v Komárne","address":"Košická, Komárno, okres Komárno","rooms":2,"meters":53,"totalPrice":62900,"meterSquarePrice":9,"link":"https://www.nehnutelnosti.sk/detail/JuA0USlhXMQ/predaj-ciastocne-prerobeny-2-izbovy-byt-so-zariadenim-v-komarne","imagesUrls":["https://img.nehnutelnosti.sk/foto/NjAweDMzOC9maWx0ZXJzOnF1YWxpdHkoMTAwKS9uZWg=/5P0NpT_eW_fss?st=nLBXiI6E5vJPPZ2iz5hrR95zjRufRwDusQTQkPZqcGg&ts=1704701370&e=0"]},{"title":"3 izbový byt na predaj v Nových Zámkoch","address":"Nové Zámky, okres Nové Zámky","rooms":3,"meters":73,"totalPrice":102500,"meterSquarePrice":8,"link":"https://www.nehnutelnosti.sk/detail/JufTb2wxT_h/3-izbovy-byt-na-predaj-v-novych-zamkoch","imagesUrls":["https://img.nehnutelnosti.sk/foto/NjAweDMzOC9maWx0ZXJzOnF1YWxpdHkoMTAwKS9uZWg=/F9kfBY_nl_fss?st=PAZ7S53UPXmCEz-wxNkchT9zqfDxF9O7h3CGpNa12gQ&ts=1701796186&e=0"]},{"title":"Znížená cena! Predaj 2-izb.byt v meste Kolárovo.","address":"kolárovo, Kolárovo, okres Komárno","rooms":2,"meters":60,"totalPrice":59500,"meterSquarePrice":7,"link":"https://www.nehnutelnosti.sk/detail/JuWCMb1cjGH/znizena-cena-predaj-2-izb-byt-v-meste-kolarovo","imagesUrls":["https://img.nehnutelnosti.sk/foto/NjAweDMzOC9maWx0ZXJzOnF1YWxpdHkoMTAwKS9uZWg=/s-f_agldgn_fss?st=LV3AZlxQaq7hlQfiARuP2jUrWdfC6roTBc07aN5ojJg&ts=1698145037&e=0"]},{"title":"3-izbový byt v Štúrove","address":"Petőfiho, Štúrovo, okres Nové Zámky","rooms":3,"meters":68,"totalPrice":75000,"meterSquarePrice":4,"link":"https://www.nehnutelnosti.sk/detail/JuG18UXeQfr/3-izbovy-byt-v-sturove","imagesUrls":["https://img.nehnutelnosti.sk/foto/NjAweDMzOC9maWx0ZXJzOnF1YWxpdHkoMTAwKS9uZWg=/lijl8NIeb_fss?st=AXy9SK4BP3bqFgfcAEN-aP2JfYFfL2QUYlrcV6_7RJ0&ts=1697482245&e=0"]},{"title":"3 izbový byt na predaj v Nových Zámkoch  Novostavba","address":"Nové Zámky, Nové Zámky, okres Nové Zámky","rooms":3,"meters":74,"totalPrice":170600,"meterSquarePrice":7,"link":"https://www.nehnutelnosti.sk/detail/Juh1b2Y_UBc/3-izbovy-byt-na-predaj-v-novych-zamkoch-novostavba","imagesUrls":["https://img.nehnutelnosti.sk/foto/NjAweDMzOC9maWx0ZXJzOnF1YWxpdHkoMTAwKS9uZWg=/OW6sGfVO9_fss?st=DBaqAlkWlZbh9V1v8dav8JSOJ5Y1eRWd8-l7qIXn-Lw&ts=1696508462&e=0"]},{"title":"Velký by t v Štúrove","address":"Šturovo, Štúrovo, okres Nové Zámky","rooms":4,"meters":81,"totalPrice":96000,"meterSquarePrice":9,"link":"https://www.nehnutelnosti.sk/detail/Jut5g_YckQh/velky-by-t-v-sturove","imagesUrls":["https://img.nehnutelnosti.sk/foto/NjAweDMzOC9maWx0ZXJzOnF1YWxpdHkoMTAwKS9uZWg=/9Ml-ry3MK_fss?st=CaaK5pgvmtbA91PfCrsivpVZIJTivhZiptAvrg6_Mm0&ts=1693916828&e=0"]},{"title":"2 izbový byt Novostavba na predaj v Nových Zámkoch.","address":"Nové Zámky, Nové Zámky, okres Nové Zámky","rooms":2,"meters":54,"totalPrice":126500,"meterSquarePrice":3,"link":"https://www.nehnutelnosti.sk/detail/JuHEOzWT-sz/2-izbovy-byt-novostavba-na-predaj-v-novych-zamkoch","imagesUrls":["https://img.nehnutelnosti.sk/foto/NjAweDMzOC9maWx0ZXJzOnF1YWxpdHkoMTAwKS9uZWg=/R3Le7K0L9_fss?st=JFaG8jDLDZZhOxaTdTXpfnMw7NVaDySckgtTRiuk10o&ts=1696501332&e=0"]},{"title":"PREDAJ - Kompletne prerobený 2 izbový tehlový byt v Komárne","address":"Komárno, Komárno, okres Komárno","rooms":2,"meters":57,"totalPrice":78000,"meterSquarePrice":2,"link":"https://www.nehnutelnosti.sk/detail/Ju4xaPNOWsb/predaj-kompletne-prerobeny-2-izbovy-tehlovy-byt-v-komarne","imagesUrls":["https://img.nehnutelnosti.sk/foto/NjAweDMzOC9maWx0ZXJzOnF1YWxpdHkoMTAwKS9uZWg=/DQWf_4CgZ_fss?st=W6SqrftQaKkSHJRiY8DcjZWLpqtetkrtSTB3Mxd8nng&ts=1696449715&e=0"]},{"title":"IBA U NÁSPredaj- 3-izb.byt s balkónom a pekným výhľadom v meste KOLÁROVO.","address":"kolárovo, Kolárovo, okres Komárno","rooms":3,"meters":72,"totalPrice":85000,"meterSquarePrice":6,"link":"https://www.nehnutelnosti.sk/detail/Juig0Ea8bZ1/iba-u-naspredaj-3-izb-byt-s-balkonom-a-peknym-vyhladom-v-meste-kolarovo","imagesUrls":["https://img.nehnutelnosti.sk/foto/NjAweDMzOC9maWx0ZXJzOnF1YWxpdHkoMTAwKS9uZWg=/Vy3_OMac-_fss?st=k4mhYwULxM3yyvv2W1m3-RACtFXpedjzxppWatFa5pE&ts=1685525474&e=0"]},{"title":"Ponúkame na predaj zariadený 3- izbový byt s komorou v Štúrove.","address":"Štúrovo, okres Nové Zámky","rooms":3,"meters":73,"totalPrice":98000,"meterSquarePrice":7,"link":"https://www.nehnutelnosti.sk/detail/JuSTbNrK6Go/ponukame-na-predaj-zariadeny-3-izbovy-byt-s-komorou-v-sturove","imagesUrls":["https://img.nehnutelnosti.sk/foto/NjAweDMzOC9maWx0ZXJzOnF1YWxpdHkoMTAwKS9uZWg=/pJjqMWygw_fss?st=UNwmCT2APmvP64bPkNmkaH-NogtYhbSAUTTxKJ2mBXs&ts=1680269548&e=0"]},{"title":"REZERVOVANYPredaj - 2 izb.byt s balkónom kompletná rekonštrukcia Šurany. ODPORÚČAM!","address":"Surany, Šurany, okres Nové Zámky","rooms":2,"meters":56,"totalPrice":86990,"meterSquarePrice":9,"link":"https://www.nehnutelnosti.sk/detail/JuQutewi80n/rezervovanypredaj-2-izb-byt-s-balkonom-kompletna-rekonstrukcia-surany-odporucam","imagesUrls":["https://img.nehnutelnosti.sk/foto/NjAweDMzOC9maWx0ZXJzOnF1YWxpdHkoMTAwKS9uZWg=/vLpCJue5j_fss?st=Ogx7UZSRjUIQ--dEzVKvIos0ZedJmK4NsNuuq2_TqoA&ts=1690642850&e=0"]},{"title":"Predaj- 1-izbový byt blízko centra mesta v Nových Zámkoch.ODPORÚČAM!","address":"nové zámky, Nové Zámky, okres Nové Zámky","rooms":1,"meters":36,"totalPrice":72000,"meterSquarePrice":0,"link":"https://www.nehnutelnosti.sk/detail/JueR_OuIPzZ/predaj-1-izbovy-byt-blizko-centra-mesta-v-novych-zamkoch-odporucam","imagesUrls":["https://img.nehnutelnosti.sk/foto/NjAweDMzOC9maWx0ZXJzOnF1YWxpdHkoMTAwKS9uZWg=/eP9mdEFHq_fss?st=R5jtn3byeThoukC6fbV2MhRYeZtU0JipmzA6l0JXcFY&ts=1675110662&e=0"]},{"title":"Na predaj exkluzívny 3 izbový byt v priamom centre v Nových Zámkoch.","address":"Centrum, Nové Zámky, okres Nové Zámky","rooms":3,"meters":128,"totalPrice":225000,"meterSquarePrice":1,"link":"https://www.nehnutelnosti.sk/detail/JuTpT5PpLFi/na-predaj-exkluzivny-3-izbovy-byt-v-priamom-centre-v-novych-zamkoch","imagesUrls":["https://img.nehnutelnosti.sk/foto/NjAweDMzOC9maWx0ZXJzOnF1YWxpdHkoMTAwKS9uZWg=/zUYOFzXuF_fss?st=pXRwv_G5DbpWnVn0p06d3xAVmqzc9aEvQbejWAjT8s4&ts=1662121260&e=0"]},{"title":"Exkluzívny 3 izbový byt - novostavba 128 m2 - na predaj v Nových Zámkoch.","address":"Centrum, Nové Zámky, okres Nové Zámky","rooms":3,"meters":128,"totalPrice":225000,"meterSquarePrice":1,"link":"https://www.nehnutelnosti.sk/detail/JuRbxKUJbrO/exkluzivny-3-izbovy-byt-novostavba-128-m2-na-predaj-v-novych-zamkoch","imagesUrls":["https://img.nehnutelnosti.sk/foto/NjAweDMzOC9maWx0ZXJzOnF1YWxpdHkoMTAwKS9uZWg=/MUKxho0R5_fss?st=MTrIxg4E4MzTjtAjJmnofFnljcmzQDlsKn3hvtRFOpU&ts=1660644147&e=0"]},{"title":"PREDAJ/VÝMENA - 4 izbový byt s balkónom v pôvodnom stave pri centre v Komárne","address":"Rákócziho, Komárno, okres Komárno","rooms":4,"meters":82,"totalPrice":87900,"meterSquarePrice":5,"link":"https://www.nehnutelnosti.sk/detail/JuE8idhwvT4/predaj-vymena-4-izbovy-byt-s-balkonom-v-povodnom-stave-pri-centre-v-komarne","imagesUrls":["https://img.nehnutelnosti.sk/foto/NjAweDMzOC9maWx0ZXJzOnF1YWxpdHkoMTAwKS9uZWg=/BL4-VgIiU_fss?st=EsAm4H2zabnNkpaUQOMFKojRFs9Xmy8VYWqV_bcWx6I&ts=1646923335&e=0"]},{"title":"Na Predaj 3-izbový byt Senec","address":"Senec, okres Senec","rooms":3,"meters":84,"totalPrice":250900,"meterSquarePrice":0,"link":"https://www.nehnutelnosti.sk/detail/JuoJWsMLp5L/na-predaj-3-izbovy-byt-senec","imagesUrls":["https://img.unitedclassifieds.sk/foto/NjAweDMzOC9maWx0ZXJzOnF1YWxpdHkoMTAwKS9qdWw=/LEr5zk5Bx_fss?st=cabRkWDM61alYjKl8NDHF82RXSIQAwRGL1Iu40kbl6Y&ts=1726085999&e=0"]},{"title":"Na Predaj nezariadeny 2-izbový byt Bratislava","address":"Bratislava, okres Bratislava","rooms":2,"meters":72,"totalPrice":240000,"meterSquarePrice":3,"link":"https://www.nehnutelnosti.sk/detail/Jui2Wg9ehX4/na-predaj-nezariadeny-2-izbovy-byt-bratislava","imagesUrls":["https://img.unitedclassifieds.sk/foto/NjAweDMzOC9maWx0ZXJzOnF1YWxpdHkoMTAwKS9qdWw=/GfC9FKxHK_fss?st=Ildeq37g5XMkF-39Yofw9Z40-Dl3sDr-g-TWyLugr8Y&ts=1726161843&e=0"]},{"title":"Predaj bytu (2 izbový) 68 m2, Podbrezová","address":"Štiavnička 208/41, Podbrezová, okres Brezno","rooms":2,"meters":68,"totalPrice":75900,"meterSquarePrice":8,"link":"https://www.nehnutelnosti.sk/detail/JuWxpzhR8uM/predaj-bytu-2-izbovy-68-m2-podbrezova","imagesUrls":["https://img.nehnutelnosti.sk/foto/NjAweDMzOC9maWx0ZXJzOnF1YWxpdHkoMTAwKS9uZWg=/KbAHUBhca_fss?st=SOyCipBZ0cPuFleHpz0-X9RcGIPeipCXzSSSV2xq3ag&ts=1726483907&e=0"]},{"title":"GESTTO | 3-IZBOVÝ BYT PO KOMPLETNEJ REKONŠTRUKCII | ŠPAČINSKÁ CESTA","address":"Trnava, okres Trnava","rooms":3,"meters":61,"totalPrice":164900,"meterSquarePrice":9,"link":"https://www.nehnutelnosti.sk/detail/JuRrYFJvdpE/gestto-3-izbovy-byt-po-kompletnej-rekonstrukcii-spacinska-cesta","imagesUrls":["https://img.nehnutelnosti.sk/foto/NjAweDMzOC9maWx0ZXJzOnF1YWxpdHkoMTAwKS9uZWg=/D7mnMRfyo_fss?st=e_nESDchmNVAkzJlOS-UqruWPHAZ33vOqP4NL6W_aQM&ts=1720604019&e=0"]},{"title":"GESTTO | VEĽKÝ 3-IZBOVÝ BYT S KOMOROU NA PREDAJ | KOMPLETNÁ REKONŠTRUKCIA","address":"Trnava, okres Trnava","rooms":3,"meters":75,"totalPrice":184900,"meterSquarePrice":8,"link":"https://www.nehnutelnosti.sk/detail/Ju-hpE52ykf/gestto-velky-3-izbovy-byt-s-komorou-na-predaj-kompletna-rekonstrukcia","imagesUrls":["https://img.nehnutelnosti.sk/foto/NjAweDMzOC9maWx0ZXJzOnF1YWxpdHkoMTAwKS9uZWg=/YDHaf9PD0_fss?st=LLRtT9r6zj-IGlJYsttCERx4DzLlqHHygS2MrHcNQIs&ts=1725359202&e=0"]},{"title":"GESTTO | 4-IZBOVÝ BYT PO KOMPLETNEJ REKONŠTRUKCII | 2x BALKÓN | ČAJKOVSKÉHO UL.","address":"Trnava, okres Trnava","rooms":4,"meters":73,"totalPrice":184900,"meterSquarePrice":8,"link":"https://www.nehnutelnosti.sk/detail/Ju6BuQ7P-x7/gestto-4-izbovy-byt-po-kompletnej-rekonstrukcii-2x-balkon-cajkovskeho-ul","imagesUrls":["https://img.nehnutelnosti.sk/foto/NjAweDMzOC9maWx0ZXJzOnF1YWxpdHkoMTAwKS9uZWg=/JHl2YZ09A_fss?st=20GGOoz7lCcSXYP_3RTJyfF6WyF4iib5cro8dR7M-zg&ts=1725364979&e=0"]},{"title":"GESTTO | REZERVOVANÉ | 4-IZBOVÝ BYT PO KOMPLETNEJ REKONŠTRUKCII | J. G. TAJOVSKÉHO","address":"Trnava, okres Trnava","rooms":4,"meters":76,"totalPrice":184899,"meterSquarePrice":2,"link":"https://www.nehnutelnosti.sk/detail/JuLAsp5bgr2/gestto-rezervovane-4-izbovy-byt-po-kompletnej-rekonstrukcii-j-g-tajovskeho","imagesUrls":["https://img.nehnutelnosti.sk/foto/NjAweDMzOC9maWx0ZXJzOnF1YWxpdHkoMTAwKS9uZWg=/utIXZmY8rJ_fss?st=rjctyx8w16IXcOLcX0IvTRyGFOp3WfcK5dSSzrVC5A4&ts=1718270248&e=0"]},{"title":"GESTTO | 4-IZBOVÝ BYT NA PREDAJ | KOMPLETNÁ REKONŠTRUKCIA | DRUŽBA","address":"Trnava, okres Trnava","rooms":4,"meters":78,"totalPrice":188900,"meterSquarePrice":3,"link":"https://www.nehnutelnosti.sk/detail/Ju9AWOnnHRG/gestto-4-izbovy-byt-na-predaj-kompletna-rekonstrukcia-druzba","imagesUrls":["https://img.nehnutelnosti.sk/foto/NjAweDMzOC9maWx0ZXJzOnF1YWxpdHkoMTAwKS9uZWg=/UDDJ70RXC_fss?st=vSOW6rhrtTVFM99LfZpeKNI4fi0DxMhxqHiUByN8VGI&ts=1715884792&e=0"]},{"title":"GESTTO | REZERVOVANÝ | 3-IZBOVÝ BYT | KOMORA | V. CLEMENTISA | TRNAVA","address":"Trnava, okres Trnava","rooms":3,"meters":73,"totalPrice":163700,"meterSquarePrice":0,"link":"https://www.nehnutelnosti.sk/detail/JuKA3VWt6Nr/gestto-rezervovany-3-izbovy-byt-komora-v-clementisa-trnava","imagesUrls":["https://img.nehnutelnosti.sk/foto/NjAweDMzOC9maWx0ZXJzOnF1YWxpdHkoMTAwKS9uZWg=/FVLO0UDiet_fss?st=Zifnx2KY36jxorq3pnMysyJ5htM1xiGG0adXIWJvdCs&ts=1715278166&e=0"]},{"title":"GESTTO | 4-IZBOVÝ BYT | REZERVOVANÉ | NADŠTANDARDNÁ REKONŠTRUKCIA | T. TEKELA | TRNAVA","address":"Trnava, okres Trnava","rooms":4,"meters":90,"totalPrice":194900,"meterSquarePrice":6,"link":"https://www.nehnutelnosti.sk/detail/Ju0yfAJRyeA/gestto-4-izbovy-byt-rezervovane-nadstandardna-rekonstrukcia-t-tekela-trnava","imagesUrls":["https://img.nehnutelnosti.sk/foto/NjAweDMzOC9maWx0ZXJzOnF1YWxpdHkoMTAwKS9uZWg=/1SYJa_G0Pu_fss?st=_594bIUgtQqAQ-UXr2CIXLRR8HGLXyM1Nnzb46zY64Y&ts=1710948565&e=0"]},{"title":"GESTTO | PRE KLIENTA ZHÁŇAME BYT DO CCA 145.000","address":"Trnava, okres Trnava","rooms":3,"meters":76,"totalPrice":145000,"meterSquarePrice":9,"link":"https://www.nehnutelnosti.sk/detail/JuVwyZKl2wOJ/gestto-pre-klienta-zhaname-byt-do-cca-145-000","imagesUrls":["https://img.nehnutelnosti.sk/foto/NjAweDMzOC9maWx0ZXJzOnF1YWxpdHkoMTAwKS9uZWg=/7MIOqcsV2_fss?st=5vtyGKWuhr8N6t5PBAHSe8ftGLV7LFS4UYkgs4RP39Y&ts=1685528592&e=0"]},{"title":"GESTTO | REZERVOVANÉ | PREDAJ | 3 IZBOVÝ BYT | NOVOSTAVBA | VETERNÁ | ARBORIA | TRNAVA","address":"Trnava, okres Trnava","rooms":3,"meters":88,"totalPrice":209900,"meterSquarePrice":3,"link":"https://www.nehnutelnosti.sk/detail/JuEouvMkUSP/gestto-rezervovane-predaj-3-izbovy-byt-novostavba-veterna-arboria-trnava","imagesUrls":["https://img.nehnutelnosti.sk/foto/NjAweDMzOC9maWx0ZXJzOnF1YWxpdHkoMTAwKS9uZWg=/OvhdnqpZJ_fss?st=nUMW5iFp-r4ZnkJwp4VMYE5lKx5fIAHQaEMb64fziII&ts=1698081523&e=0"]},{"title":"PREDAJ ! VÝHODNÝ 3 IZB. BYT  S LODŽIOU A BALKÓNOM V RAČI","address":"Cyprichova, Bratislava III - Rača, okres Bratislava","rooms":3,"meters":57,"totalPrice":199000,"meterSquarePrice":7,"link":"https://www.nehnutelnosti.sk/detail/Ju8220l44mi/predaj-vyhodny-3-izb-byt-s-lodziou-a-balkonom-v-raci","imagesUrls":["https://img.nehnutelnosti.sk/foto/NjAweDMzOC9maWx0ZXJzOnF1YWxpdHkoMTAwKS9uZWg=/5Wt2wIRvN_fss?st=VeIoB-Inay0RMm4X4tC_u3CHMraXUSdVxFokCNJXcLI&ts=1726483819&e=0"]},{"title":"2-izbový byt v Malackách, ktorý sa nachádza na 3/4 poschodí bez výťahu","address":"Partizánska, Malacky, okres Malacky","rooms":2,"meters":52,"totalPrice":105000,"meterSquarePrice":3,"link":"https://www.nehnutelnosti.sk/detail/JuCUN8BF2At/2-izbovy-byt-v-malackach-ktory-sa-nachadza-na-3-4-poschodi-bez-vytahu","imagesUrls":["https://img.nehnutelnosti.sk/foto/NjAweDMzOC9maWx0ZXJzOnF1YWxpdHkoMTAwKS9uZWg=/HdeX34H8oQ_fss?st=cy7kThc0_-L2eOYT4enjixHg3zIgGXe_FVfrZHw1byo&ts=1726483776&e=0"]}]