[{"title":"predaj 3 izbový byt vo vyhľadávanej časti mesta Myjava","address":"Pažického, Myjava, okres Myjava","rooms":3,"meters":75,"totalPrice":121900,"meterSquarePrice":3,"link":"https://www.nehnutelnosti.sk/detail/JuSlLX2pbzJ/predaj-3-izbovy-byt-vo-vyhladavanej-casti-mesta-myjava","imagesUrls":["https://img.unitedclassifieds.sk/foto/NjAweDMzOC9maWx0ZXJzOnF1YWxpdHkoMTAwKS9qdWw=/AuDL-pSt0_fss?st=turqfrQqNJspo80UebW11istmlPeP0Pixqt8rIo7YNA&ts=1715176881&e=0"]},{"title":"1 Izbový Byt v Centre Detvy","address":"Detva, Detva, okres Detva","rooms":1,"meters":null,"totalPrice":null,"meterSquarePrice":null,"link":"https://www.nehnutelnosti.sk/detail/JuSPpLLlcOp/1-izbovy-byt-v-centre-detvy","imagesUrls":["https://img.nehnutelnosti.sk/foto/NjAweDMzOC9maWx0ZXJzOnF1YWxpdHkoMTAwKS9uZWg=/8pm8EwT06_fss?st=sHcCkuG-pnUfDpEBX2daIyKtc5Yzkeaffxs73aBUepU&ts=1679350932&e=0"]},{"title":"Veľký 2,5 izb.byt so špajzou v blízk.vlakovej stanice a centra mesta Dunajská Streda","address":"Dunajská Streda, okres Dunajská Streda","rooms":2,"meters":53,"totalPrice":85000,"meterSquarePrice":7,"link":"https://www.nehnutelnosti.sk/detail/JuEYnTtwRyR/velky-2-5-izb-byt-so-spajzou-v-blizk-vlakovej-stanice-a-centra-mesta-dunajska-streda","imagesUrls":["https://img.unitedclassifieds.sk/foto/NjAweDMzOC9maWx0ZXJzOnF1YWxpdHkoMTAwKS9qdWw=/B6TMASNrh_fss?st=sIayY-a89GMx1QXf76WnLaB4KiWVc97wAoAbad4GuEE&ts=1721660924&e=0"]},{"title":"NOVOSTAVBA ! Rôzne varianty - typy trojizbových bytov vo východnej časti mesta Dunajská Streda","address":"Dunajská, Dunajská Streda, okres Dunajská Streda","rooms":3,"meters":86,"totalPrice":158800,"meterSquarePrice":9,"link":"https://www.nehnutelnosti.sk/detail/Ju5yx8tLJYu/novostavba-rozne-varianty-typy-trojizbovych-bytov-vo-vychodnej-casti-mesta-dunajska-streda","imagesUrls":["https://img.unitedclassifieds.sk/foto/NjAweDMzOC9maWx0ZXJzOnF1YWxpdHkoMTAwKS9qdWw=/vKGLAodY9_fss?st=WB1dMB-3_xVCdtXwN2ASl3gxwhjHtLCw780Eof1MQTY&ts=1714285209&e=0"]},{"title":"REZERVOVANÉ-3 izbový  BYT  S VEĽKÝM DVOROM V ŠTVORBYTOVKE-V NADŠTANDARDNEJ LOKALITE","address":"Dunajská Streda, okres Dunajská Streda","rooms":3,"meters":77,"totalPrice":159990,"meterSquarePrice":9,"link":"https://www.nehnutelnosti.sk/detail/JuLLq6Avk4w/rezervovane-3-izbovy-byt-s-velkym-dvorom-v-stvorbytovke-v-nadstandardnej-lokalite","imagesUrls":["https://img.unitedclassifieds.sk/foto/NjAweDMzOC9maWx0ZXJzOnF1YWxpdHkoMTAwKS9qdWw=/e3k-TtQhd_fss?st=Ir2jKLNYF4Prn3xyaSnUtd7-zj-75t4oUzg6cOfrz34&ts=1720533819&e=0"]},{"title":"3 izbový byt so zasklenenou loggiou a dobrým dispozičným riešením v Dunajskej Strede","address":"Dunajská Streda, okres Dunajská Streda","rooms":3,"meters":67,"totalPrice":99000,"meterSquarePrice":1,"link":"https://www.nehnutelnosti.sk/detail/Ju_cNGKZbtZ/3-izbovy-byt-so-zasklenenou-loggiou-a-dobrym-dispozicnym-riesenim-v-dunajskej-strede","imagesUrls":["https://img.unitedclassifieds.sk/foto/NjAweDMzOC9maWx0ZXJzOnF1YWxpdHkoMTAwKS9qdWw=/WDSBylN_H_fss?st=e7U_uuSX6o2jUgnt9sXSqPnZ28dll3C8e5EwQAjcYK4&ts=1722861258&e=0"]},{"title":"NOVOSTAVBA ! Priestranné dvojizbové byty v rôznych variantoch - východná časť Dunajskej Stredy","address":"Dunajská, Dunajská Streda, okres Dunajská Streda","rooms":2,"meters":56,"totalPrice":123500,"meterSquarePrice":3,"link":"https://www.nehnutelnosti.sk/detail/Ju1Jspu94fz/novostavba-priestranne-dvojizbove-byty-v-roznych-variantoch-vychodna-cast-dunajskej-stredy","imagesUrls":["https://img.unitedclassifieds.sk/foto/NjAweDMzOC9maWx0ZXJzOnF1YWxpdHkoMTAwKS9qdWw=/iX-8ar4Sp_fss?st=V2xCiSkHzOy84jLmNjciWUWOp1FtQB08IskzC63rS-4&ts=1714284384&e=0"]},{"title":"predaj 2 izbového mezonetového bytu , Myjava","address":"Bradáčova, Myjava, okres Myjava","rooms":2,"meters":59,"totalPrice":80000,"meterSquarePrice":3,"link":"https://www.nehnutelnosti.sk/detail/JuDCex8HKO8/predaj-2-izboveho-mezonetoveho-bytu-myjava","imagesUrls":["https://img.unitedclassifieds.sk/foto/NjAweDMzOC9maWx0ZXJzOnF1YWxpdHkoMTAwKS9qdWw=/SFBvMuXC0_fss?st=JzeRoIGJiotNqxvEr1qOdafR69mdZjO0dqiV-UiVO-c&ts=1683646326&e=0"]},{"title":"predaj 2-izb. bytu, Myjava","address":"Dolná štvrť, Myjava, okres Myjava","rooms":2,"meters":44,"totalPrice":72000,"meterSquarePrice":6,"link":"https://www.nehnutelnosti.sk/detail/JuB3Bvl3J5q/predaj-2-izb-bytu-myjava","imagesUrls":["https://img.unitedclassifieds.sk/foto/NjAweDMzOC9maWx0ZXJzOnF1YWxpdHkoMTAwKS9qdWw=/9Bxdr8XjG_fss?st=EV1zGFoLL-3P-eWQobDpoqzLFhUd9Pf2gGMujzitmog&ts=1700779788&e=0"]},{"title":"3izb. byt v centre s klimatizáciou","address":"Námestie 1. Mája, Senec, okres Senec","rooms":3,"meters":71,"totalPrice":169000,"meterSquarePrice":8,"link":"https://www.nehnutelnosti.sk/detail/JubDVINVv4K/3izb-byt-v-centre-s-klimatizaciou","imagesUrls":["https://img.nehnutelnosti.sk/foto/NjAweDMzOC9maWx0ZXJzOnF1YWxpdHkoMTAwKS9uZWg=/RLvWvF6GH1_fss?st=AeP5EEzziRz0dSR2QOPgtgp2pG7syHpgSgtZoM8xj9Q&ts=1725802677&e=0"]},{"title":"Predaj - 1 izbový byt - Zlaté Moravce - NOVINKA","address":"Kalinčiakova, Zlaté Moravce, okres Zlaté Moravce","rooms":1,"meters":38,"totalPrice":68000,"meterSquarePrice":7,"link":"https://www.nehnutelnosti.sk/detail/JuVVTJtRZK6/predaj-1-izbovy-byt-zlate-moravce-novinka","imagesUrls":["https://img.nehnutelnosti.sk/foto/NjAweDMzOC9maWx0ZXJzOnF1YWxpdHkoMTAwKS9uZWg=/mMIEeRPqA_fss?st=ES-hhKMXeOIRbb5rBOD4RpWwTYdSLDzIavLR2S8q6mQ&ts=1722329811&e=0"]},{"title":"KOyoREAL| Zariadený 3 izbový byt s terasou a parkovacím miestom","address":"Ulica pri včelárikoch, Senec, okres Senec","rooms":3,"meters":68,"totalPrice":199900,"meterSquarePrice":6,"link":"https://www.nehnutelnosti.sk/detail/Ju4o3MqSbFl/koyoreal-zariadeny-3-izbovy-byt-s-terasou-a-parkovacim-miestom","imagesUrls":["https://img.unitedclassifieds.sk/foto/NjAweDMzOC9maWx0ZXJzOnF1YWxpdHkoMTAwKS9yc2Y=/vXdBwXBPj_fss?st=SCnNKTna7t3QgG1XJiDvzR4VytCHiygqk-cU7tFUctk&ts=1723539508&e=0"]},{"title":"REZERVOVANÉ! Pozor, pozor❗️Nepremeškajte jedinečnú ponuku❗️NA PREDAJ GARSÓNKA V BLÍZKOSTI CENTRA MES","address":"Hlohovec, okres Hlohovec","rooms":null,"meters":null,"totalPrice":null,"meterSquarePrice":null,"link":"https://www.nehnutelnosti.sk/detail/JuSJc36MMpG/rezervovane-pozor-pozornepremeskajte-jedinecnu-ponukuna-predaj-garsonka-v-blizkosti-centra-mes","imagesUrls":["https://img.nehnutelnosti.sk/foto/NjAweDMzOC9maWx0ZXJzOnF1YWxpdHkoMTAwKS9uZWg=/oY5N7VHBn_fss?st=gf9RpwmJFBBQlZf2pjHHdEuN7Hvs0T4ASLKRGM40e9Y&ts=1726606316&e=0"]},{"title":"3 izbový byt  blízko stanici","address":"Nove Zámky, Nové Zámky, okres Nové Zámky","rooms":3,"meters":78,"totalPrice":123000,"meterSquarePrice":2,"link":"https://www.nehnutelnosti.sk/detail/Ju-KUrUZsIy/3-izbovy-byt-blizko-stanici","imagesUrls":["https://img.nehnutelnosti.sk/foto/NjAweDMzOC9maWx0ZXJzOnF1YWxpdHkoMTAwKS9uZWg=/jk8EuGHit_fss?st=qtnGqjy4YRrKNR3EXY81c5OCH5_rVKUOMIz2HJTrOrI&ts=1718614070&e=0"]},{"title":"3 izb. byt_tiché prostredie_bezproblémové parkovanie, TOP lokalita.","address":"Beckovská, Trenčín, okres Trenčín","rooms":3,"meters":69,"totalPrice":146000,"meterSquarePrice":4,"link":"https://www.nehnutelnosti.sk/detail/Juzlqh_OntR/3-izb-byt-tiche-prostredie-bezproblemove-parkovanie-top-lokalita","imagesUrls":["https://img.nehnutelnosti.sk/foto/NjAweDMzOC9maWx0ZXJzOnF1YWxpdHkoMTAwKS9uZWg=/mEg8wMQfLm_fss?st=0uTvgKIiCyP3DK4RhvuD7nkXV4u4Vhs94K_Ow5pse7s&ts=1725801430&e=0"]},{"title":"3-izbový byt s relaxačnou záhradou v atraktívnej lokalite pri Slnečných jazerách v Senci","address":"Slnečné jazerá Juh, Senec, okres Senec","rooms":3,"meters":70,"totalPrice":285000,"meterSquarePrice":3,"link":"https://www.nehnutelnosti.sk/detail/JuCWLNw8xsO/3-izbovy-byt-s-relaxacnou-zahradou-v-atraktivnej-lokalite-pri-slnecnych-jazerach-v-senci","imagesUrls":["https://img.nehnutelnosti.sk/foto/NjAweDMzOC9maWx0ZXJzOnF1YWxpdHkoMTAwKS9uZWg=/zx6qoNYBx_fss?st=MH5QR5UDz-5CygyUyf2BZVluXYZliMs4WKQn1gkjk1s&ts=1679405520&e=0"]},{"title":"Predam 3- izbový prerobený  byt so zariadením","address":"Halič, okres Lučenec","rooms":3,"meters":65,"totalPrice":79000,"meterSquarePrice":8,"link":"https://www.nehnutelnosti.sk/detail/JuThhTpifSZ/predam-3-izbovy-prerobeny-byt-so-zariadenim","imagesUrls":["https://img.nehnutelnosti.sk/foto/NjAweDMzOC9maWx0ZXJzOnF1YWxpdHkoMTAwKS9uZWg=/UJaAIUcDL_fss?st=Sy1uyEqw7vmFzdOQldMzVh9RT68aeAc7t8Ix_BpMeE8&ts=1723212920&e=0"]},{"title":"Bulharsko - Slnečné Pobrežie, Luxusný byt v Harmony Monte Carlo","address":"Slnečné Pobrežie, Bulhary, okres Lučenec","rooms":2,"meters":62,"totalPrice":92900,"meterSquarePrice":9,"link":"https://www.nehnutelnosti.sk/detail/Jubz7fZ085g/bulharsko-slnecne-pobrezie-luxusny-byt-v-harmony-monte-carlo","imagesUrls":["https://img.nehnutelnosti.sk/foto/NjAweDMzOC9maWx0ZXJzOnF1YWxpdHkoMTAwKS9uZWg=/SnwUgQrb4_fss?st=mWMtVuNxHc9WsvpYd6x7T3jzam0uAJxKbpV-WhfO75Y&ts=1695821558&e=0"]},{"title":"3-izbový exkluzívny byt - novostavba","address":"Námestie Kossutha, Komárno, okres Komárno","rooms":3,"meters":78,"totalPrice":169700,"meterSquarePrice":9,"link":"https://www.nehnutelnosti.sk/detail/JuQuYzcpymL/3-izbovy-exkluzivny-byt-novostavba","imagesUrls":["https://img.nehnutelnosti.sk/foto/NjAweDMzOC9maWx0ZXJzOnF1YWxpdHkoMTAwKS9uZWg=/juXAGpGnb_fss?st=8-OA_-Hsv7JxZ5af-6viOAjqqcPyzb7RbUGVMlTCgpU&ts=1707177000&e=0"]},{"title":"Slnečný 3 izbový byt v Kráľovskom Chlmci","address":"Z. Fábryho, Kráľovský Chlmec, okres Trebišov","rooms":3,"meters":67,"totalPrice":55000,"meterSquarePrice":0,"link":"https://www.nehnutelnosti.sk/detail/JuaVhxQZBEm/slnecny-3-izbovy-byt-v-kralovskom-chlmci","imagesUrls":["https://img.unitedclassifieds.sk/foto/NjAweDMzOC9maWx0ZXJzOnF1YWxpdHkoMTAwKS9qdWw=/0pU1jQvhQ_fss?st=aoZwotf4YS9DfajRt-_6E7JAbni-Y3oT7OYKrle816U&ts=1725996530&e=0"]},{"title":"Predaj 2izb.apartmán Donovaly, Panoráma, 64m2, garáž, EXKLUZÍVNE!","address":"Donovaly, okres Banská Bystrica","rooms":2,"meters":85,"totalPrice":225000,"meterSquarePrice":6,"link":"https://www.nehnutelnosti.sk/detail/JuISgU47P-y/predaj-2izb-apartman-donovaly-panorama-64m2-garaz-exkluzivne","imagesUrls":["https://img.nehnutelnosti.sk/foto/NjAweDMzOC9maWx0ZXJzOnF1YWxpdHkoMTAwKS9uZWg=/vy7Mryy_DY_fss?st=PnQTROzduO5db1M8hRdVURAxO1yUf7u2S69kBXWVjUM&ts=1725992998&e=0"]},{"title":"Košice- Západ, 3 izbový byt ul. Kežmarská, 69 m2 + loggia Kúpou voľný.","address":"Kežmarská, Košice II - Západ, okres Košice","rooms":3,"meters":69,"totalPrice":178000,"meterSquarePrice":1,"link":"https://www.nehnutelnosti.sk/detail/JuGmj3c-C0c/kosice-zapad-3-izbovy-byt-ul-kezmarska-69-m2-loggia-kupou-volny","imagesUrls":["https://img.nehnutelnosti.sk/foto/NjAweDMzOC9maWx0ZXJzOnF1YWxpdHkoMTAwKS9uZWg=/ao9gDjYmt_fss?st=s8qzYnJwxDLMZMTb9-iMwl354iiVvujiqGD8b-bYQsA&ts=1725992818&e=0"]},{"title":"Na Predaj 4i byt v RD Senec","address":"Pivničná, Senec, okres Senec","rooms":4,"meters":92,"totalPrice":220990,"meterSquarePrice":7,"link":"https://www.nehnutelnosti.sk/detail/Ju1VEZcdosC/na-predaj-4i-byt-v-rd-senec","imagesUrls":["https://img.unitedclassifieds.sk/foto/NjAweDMzOC9maWx0ZXJzOnF1YWxpdHkoMTAwKS9qdWw=/naRe5E5vf_fss?st=jI3JtijHxnh3MAALha9ykOoWX5hhIjV_Ll18PGXArgw&ts=1725623642&e=0"]},{"title":"Veľkometrážný 2-izbový byt na Nábrežnej","address":"Nábrežná, Nová Baňa, okres Žarnovica","rooms":2,"meters":74,"totalPrice":88500,"meterSquarePrice":2,"link":"https://www.nehnutelnosti.sk/detail/JuHGI9sD7f5/velkometrazny-2-izbovy-byt-na-nabreznej","imagesUrls":["https://img.nehnutelnosti.sk/foto/NjAweDMzOC9maWx0ZXJzOnF1YWxpdHkoMTAwKS9uZWg=/F_OtfkoTO_fss?st=Ep6QMRyNLO46uKNFbwnLKGyvuFg5jC-NOnk4Qh42bfM&ts=1725879192&e=0"]},{"title":"Na predaj 3-izbový byt v novostavbe vo Zvolene","address":"Zvolen, okres Zvolen","rooms":3,"meters":86,"totalPrice":245000,"meterSquarePrice":4,"link":"https://www.nehnutelnosti.sk/detail/JuAwSXK28Mt/na-predaj-3-izbovy-byt-v-novostavbe-vo-zvolene","imagesUrls":["https://img.unitedclassifieds.sk/foto/NjAweDMzOC9maWx0ZXJzOnF1YWxpdHkoMTAwKS9yc2Y=/eLgOq6pkG_fss?st=3yfkLoj1uf3OBGhtN8LE1adhpB3NAO4KDU4KkSOiBGE&ts=1693220769&e=0"]},{"title":"2 izbový byt s loggiou a s parkovacím miestom v novostavbe","address":"Sv. Rodiny 5, Košice III - Dargovských Hrdinov, okres Košice","rooms":2,"meters":72,"totalPrice":186000,"meterSquarePrice":3,"link":"https://www.nehnutelnosti.sk/detail/Jun-_DTnlyG/2-izbovy-byt-s-loggiou-a-s-parkovacim-miestom-v-novostavbe","imagesUrls":["https://img.nehnutelnosti.sk/foto/NjAweDMzOC9maWx0ZXJzOnF1YWxpdHkoMTAwKS9uZWg=/GOY9dN6_M_fss?st=nldQFOlAJoCFDvF-Mi0fj6KdKlSY1ikp-6a4IvqyGBA&ts=1724018181&e=0"]},{"title":"Moderný 2i byt na Okružnej, 63m²","address":"Okružná, Michalovce, okres Michalovce","rooms":2,"meters":63,"totalPrice":114770,"meterSquarePrice":6,"link":"https://www.nehnutelnosti.sk/detail/Ju9Su4ItDxH/moderny-2i-byt-na-okruznej-63m","imagesUrls":["https://img.nehnutelnosti.sk/foto/NjAweDMzOC9maWx0ZXJzOnF1YWxpdHkoMTAwKS9uZWg=/PqJd9a4ct_fss?st=hISp3OHEGK_PsC4KRbBq_BeQ3OEvtDlzuZCj3-SuaOg&ts=1726739076&e=0"]},{"title":"Zariadený 4 izbový byt, Brezno; 2x podzemná garáž","address":"Švermova 2378/40, Brezno, okres Brezno","rooms":4,"meters":138,"totalPrice":null,"meterSquarePrice":null,"link":"https://www.nehnutelnosti.sk/detail/Juhy7M0iWHE/zariadeny-4-izbovy-byt-brezno-2x-podzemna-garaz","imagesUrls":["https://img.nehnutelnosti.sk/foto/NjAweDMzOC9maWx0ZXJzOnF1YWxpdHkoMTAwKS9uZWg=/tTMFerZyG_fss?st=PRA0ssrrnQ3uac5M3AaSik5fp7rJWAFMVA7MERs8t2s&ts=1709485689&e=0"]},{"title":"Dvojizbový byt v centre mesta","address":"Fraňa Mojtu 43, Nitra, okres Nitra","rooms":2,"meters":54,"totalPrice":145000,"meterSquarePrice":9,"link":"https://www.nehnutelnosti.sk/detail/JuQRgv996yS/dvojizbovy-byt-v-centre-mesta","imagesUrls":["https://img.nehnutelnosti.sk/foto/NjAweDMzOC9maWx0ZXJzOnF1YWxpdHkoMTAwKS9uZWg=/GoPqIqjS6_fss?st=Sk7eN40o6ZNFklUau56jIdbFDNBo2Imfxam2VujKibA&ts=1718212541&e=0"]},{"title":"Predaj 3,5 izb. bytu 74m2 na Baničovej v Nitre","address":"Baničova, Nitra, okres Nitra","rooms":3,"meters":74,"totalPrice":135000,"meterSquarePrice":2,"link":"https://www.nehnutelnosti.sk/detail/JusiySwYMT0/predaj-3-5-izb-bytu-74m2-na-banicovej-v-nitre","imagesUrls":["https://img.nehnutelnosti.sk/foto/NjAweDMzOC9maWx0ZXJzOnF1YWxpdHkoMTAwKS9uZWg=/9BlnncG2j_fss?st=ipHaZjjxCJcE2jUHsQPFGdTy46C8x7mTmPjzWzockoQ&ts=1713616669&e=0"]}]