[{"title":"3-izbový byt v novostavbe s parkovaním/Vinohrady","address":"Trenčín, okres Trenčín","rooms":3,"meters":84,"totalPrice":255000,"meterSquarePrice":1,"link":"https://www.nehnutelnosti.sk/detail/JuXG7kvPAUJ/3-izbovy-byt-v-novostavbe-s-parkovanim-vinohrady","imagesUrls":["https://img.nehnutelnosti.sk/foto/NjAweDMzOC9maWx0ZXJzOnF1YWxpdHkoMTAwKS9uZWg=/YOrczUasd_fss?st=RpnLnsI-A1nwLMUHJEM2RkRSFIglKrAkG6nuRGAf96s&ts=1724401384&e=0"]},{"title":"NA PREDAJ/ 3 - IZBOVÝ BYT/ RAJEC","address":"Rajec, okres Žilina","rooms":3,"meters":84,"totalPrice":150000,"meterSquarePrice":1,"link":"https://www.nehnutelnosti.sk/detail/Judc0NOvv2d/na-predaj-3-izbovy-byt-rajec","imagesUrls":["https://img.nehnutelnosti.sk/foto/NjAweDMzOC9maWx0ZXJzOnF1YWxpdHkoMTAwKS9uZWg=/FUSzMXZFO_fss?st=V8sYAPsEEXb6JmD4zaIKVFkLEvlBDv9XUiF7OCClphU&ts=1724837098&e=0"]},{"title":"Na Predaj / 2 - izbový byt / Martin - Sever / 64m2","address":"Martin, okres Martin","rooms":2,"meters":64,"totalPrice":124500,"meterSquarePrice":1,"link":"https://www.nehnutelnosti.sk/detail/JuzRk8aQHjG/na-predaj-2-izbovy-byt-martin-sever-64m2","imagesUrls":["https://img.nehnutelnosti.sk/foto/NjAweDMzOC9maWx0ZXJzOnF1YWxpdHkoMTAwKS9uZWg=/_zaVHHNtk_fss?st=ZgZZ5x68UW61ZHW7r0PruZKUxPUVaUgznkCF-xSU7Fw&ts=1725964356&e=0"]},{"title":"DAHLEH - Na predaj 4 - izbový byt v tichom prostredí Vrakune","address":"Rajčianska, Bratislava II - Vrakuňa, okres Bratislava","rooms":4,"meters":78,"totalPrice":179000,"meterSquarePrice":7,"link":"https://www.nehnutelnosti.sk/detail/Juf1IVMfWBM/dahleh-na-predaj-4-izbovy-byt-v-tichom-prostredi-vrakune","imagesUrls":["https://img.nehnutelnosti.sk/foto/NjAweDMzOC9maWx0ZXJzOnF1YWxpdHkoMTAwKS9uZWg=/zaCsANuD5b_fss?st=2omuL972l3zLc9Udvf9vj8Ar1OZiGO7RfDK0m-gmDN0&ts=1721637844&e=0"]},{"title":"DAHLEH-Na predaj 1,5 izbový byt v skvelej lokalite, Karlova Ves","address":"Jurigovo námestie, Bratislava IV - Karlova Ves, okres Bratislava","rooms":1,"meters":34,"totalPrice":149000,"meterSquarePrice":4,"link":"https://www.nehnutelnosti.sk/detail/JuHZvchApJM/dahleh-na-predaj-1-5-izbovy-byt-v-skvelej-lokalite-karlova-ves","imagesUrls":["https://img.nehnutelnosti.sk/foto/NjAweDMzOC9maWx0ZXJzOnF1YWxpdHkoMTAwKS9uZWg=/1q8gQ-TvE_fss?st=ERxRHudvVvLdvrPMp0fgemb-4ix3PenbR9FaozhVgu8&ts=1725868790&e=0"]},{"title":"3 IZBOVÝ, KOMPLETNE ZREKONŠTRUOVANÝ, ZARIADENÝ BYT, ulica Juraja Kréna!","address":"Juraja Kréna, Nové Mesto nad Váhom, okres Nové Mesto nad Váhom","rooms":3,"meters":65,"totalPrice":117990,"meterSquarePrice":3,"link":"https://www.nehnutelnosti.sk/detail/JuchZfgOYv7/3-izbovy-kompletne-zrekonstruovany-zariadeny-byt-ulica-juraja-krena","imagesUrls":["https://img.nehnutelnosti.sk/foto/NjAweDMzOC9maWx0ZXJzOnF1YWxpdHkoMTAwKS9uZWg=/owWMmCp-k_fss?st=13FgIkOxx2yAJc7vUv_ljTWXMGSn_EhTD_DwZYNUg-s&ts=1711453760&e=0"]},{"title":"Krásny dizajnovo zrekonštr. dvojizbák v centre","address":"Hlohova, Hlohovec, okres Hlohovec","rooms":2,"meters":41,"totalPrice":98490,"meterSquarePrice":0,"link":"https://www.nehnutelnosti.sk/detail/Ju-gb4BV3IO/krasny-dizajnovo-zrekonstr-dvojizbak-v-centre","imagesUrls":["https://img.nehnutelnosti.sk/foto/NjAweDMzOC9maWx0ZXJzOnF1YWxpdHkoMTAwKS9uZWg=/gorqh-mHiD_fss?st=4MLkIGvZDHyw7dXLf8W6I67b91oTRYZGgwRidwqvWzQ&ts=1724073342&e=0"]},{"title":"NA PREDAJ ZAUJÍMAVÝ MEZONET S PARKOVANÍM","address":"Vajnorská, Bratislava III - Nové Mesto, okres Bratislava","rooms":2,"meters":52,"totalPrice":99000,"meterSquarePrice":5,"link":"https://www.nehnutelnosti.sk/detail/JuTy-Z0hSWD/na-predaj-zaujimavy-mezonet-s-parkovanim","imagesUrls":["https://img.nehnutelnosti.sk/foto/NjAweDMzOC9maWx0ZXJzOnF1YWxpdHkoMTAwKS9uZWg=/6H5wFzvS-w_fss?st=ybsod42kRmixOPDa17kCrZOnrvtLMu-yMNrPs__Z-9Q&ts=1717626749&e=0"]},{"title":"ÚPLNE NOVÝ 2-IZB. BYT V PROJEKTE SKY PARK, 4. VEŽA, PARKING, PIVNICA, NOVOSTAVBA","address":"Bottova, Bratislava I - Staré Mesto, okres Bratislava","rooms":2,"meters":51,"totalPrice":345000,"meterSquarePrice":8,"link":"https://www.nehnutelnosti.sk/detail/JupSp3zHTfl/uplne-novy-2-izb-byt-v-projekte-sky-park-4-veza-parking-pivnica-novostavba","imagesUrls":["https://img.unitedclassifieds.sk/foto/NjAweDMzOC9maWx0ZXJzOnF1YWxpdHkoMTAwKS9yc2Y=/HuUBZscWC_fss?st=kjSLxATjV7Rqiwf5zcHHIsORuRXHKPTy3YWsG2hUjSA&ts=1724668131&e=0"]},{"title":"EXKLUZIVNE NA PREDAJ 3 IZBOVÝ BYT v skolaudovanej novostavbe priamo v Trnave","address":"Trnava, okres Trnava","rooms":3,"meters":72,"totalPrice":173990,"meterSquarePrice":3,"link":"https://www.nehnutelnosti.sk/detail/JuhDKGRaHBO/exkluzivne-na-predaj-3-izbovy-byt-v-skolaudovanej-novostavbe-priamo-v-trnave","imagesUrls":["https://img.nehnutelnosti.sk/foto/NjAweDMzOC9maWx0ZXJzOnF1YWxpdHkoMTAwKS9uZWg=/X9gxSz6GF_fss?st=dvwtxHWnvdBHgiguJSlWb9kqzu9xaTB2PXkN3gL-2sI&ts=1725656319&e=0"]},{"title":"EXKLUZIVNE NA PREDAJ 1 izbový byt za bezkonkurenčnú cenu v novostavbe v Stupave","address":"Cementárenská, Stupava, okres Malacky","rooms":1,"meters":35,"totalPrice":119990,"meterSquarePrice":9,"link":"https://www.nehnutelnosti.sk/detail/JuKwg8gN5mvE/exkluzivne-na-predaj-1-izbovy-byt-za-bezkonkurencnu-cenu-v-novostavbe-v-stupave","imagesUrls":["https://img.nehnutelnosti.sk/foto/NjAweDMzOC9maWx0ZXJzOnF1YWxpdHkoMTAwKS9uZWg=/8ysdcFkll_fss?st=Wr1BLp4aORfDhp6pMTHmccGYMlj7AYlZGZeAXx3qcyM&ts=1725893388&e=0"]},{"title":"EXKLUZIVNE NA PREDAJ 1 izbový byt za bezkonkurenčnú cenu v STUPAVE novostavba","address":"Cementárenská, Bratislava V - Petržalka, okres Bratislava","rooms":1,"meters":35,"totalPrice":119990,"meterSquarePrice":9,"link":"https://www.nehnutelnosti.sk/detail/JuqInEYfs24/exkluzivne-na-predaj-1-izbovy-byt-za-bezkonkurencnu-cenu-v-stupave-novostavba","imagesUrls":["https://img.nehnutelnosti.sk/foto/NjAweDMzOC9maWx0ZXJzOnF1YWxpdHkoMTAwKS9uZWg=/Ioe4xtNK6_fss?st=jrMJyURrApJyILVKf8r7JK1Hbx3qdwOaYUw2DK0A4O8&ts=1725894123&e=0"]},{"title":"PENTHOUSE v Bytovom komplexe ZVOLEN STRÁŽE","address":"Stráž, Zvolen, okres Zvolen","rooms":4,"meters":270,"totalPrice":490000,"meterSquarePrice":4,"link":"https://www.nehnutelnosti.sk/detail/JubAeyEvIox/penthouse-v-bytovom-komplexe-zvolen-straze","imagesUrls":["https://img.nehnutelnosti.sk/foto/NjAweDMzOC9maWx0ZXJzOnF1YWxpdHkoMTAwKS9uZWg=/orrtcdkL0_fss?st=i1tVKFtPK3bKjBOKCFfy8Dm8gybxzD6SC_Veiol9rFo&ts=1726148887&e=0"]},{"title":"Skvelá príležitosť - 3i byt na Nábreží","address":"Nábrežie arm. gen. Ludvíka Svobodu 1938/20, Bratislava I - Staré Mesto, okres Bratislava","rooms":3,"meters":67,"totalPrice":279000,"meterSquarePrice":9,"link":"https://www.nehnutelnosti.sk/detail/JuErJiIvy97/skvela-prilezitost-3i-byt-na-nabrezi","imagesUrls":["https://img.nehnutelnosti.sk/foto/NjAweDMzOC9maWx0ZXJzOnF1YWxpdHkoMTAwKS9uZWg=/S5MkZ_78M_fss?st=RJwLgw-5YqmZVz5HCzjY3FgQ9X73cJZ96tJyXoraQwE&ts=1726167738&e=0"]},{"title":"Predaj 2-izbového bytu v Karlovej Vsi","address":"Adámiho 445/9, Bratislava IV - Karlova Ves, okres Bratislava","rooms":2,"meters":50,"totalPrice":205,"meterSquarePrice":8,"link":"https://www.nehnutelnosti.sk/detail/JuJJ9WCJlvn/predaj-2-izboveho-bytu-v-karlovej-vsi","imagesUrls":["https://img.nehnutelnosti.sk/foto/NjAweDMzOC9maWx0ZXJzOnF1YWxpdHkoMTAwKS9uZWg=/0uFoeceBD6_fss?st=jLt0oyPGSkxWW9jAcubEHC71K74v8NxhJ74FvlGGpuY&ts=1726936140&e=0"]},{"title":"Predaj 1 izb bytu na Janka Kráľa v NZ","address":"J. Kráľa, Nové Zámky, okres Nové Zámky","rooms":1,"meters":36,"totalPrice":73500,"meterSquarePrice":9,"link":"https://www.nehnutelnosti.sk/detail/Ju9GGjeiVo0/predaj-1-izb-bytu-na-janka-krala-v-nz","imagesUrls":["https://img.nehnutelnosti.sk/foto/NjAweDMzOC9maWx0ZXJzOnF1YWxpdHkoMTAwKS9uZWg=/xKKhrOAoWH_fss?st=gkwC1oEsw5mHw_BumX3ZhelHB6TJvmCqUeOuFUNATPY&ts=1723478625&e=0"]},{"title":"Predam nadstandardny 3-izbovy byt v novostavbe","address":"Padaň, Dunajská Streda, okres Dunajská Streda","rooms":3,"meters":73,"totalPrice":102000,"meterSquarePrice":6,"link":"https://www.nehnutelnosti.sk/detail/JuSI--_qsCl/predam-nadstandardny-3-izbovy-byt-v-novostavbe","imagesUrls":["https://img.nehnutelnosti.sk/foto/NjAweDMzOC9maWx0ZXJzOnF1YWxpdHkoMTAwKS9uZWg=/uvRCY1ESt_fss?st=NLzojIJyrXxlvW5TUdjm8vs2QKr1hLObWuaDk79Kzt4&ts=1716340057&e=0"]},{"title":"3 izbový byt s krásnou loggiou na Bajkalskej ulici v Bratislave","address":"Bajkalská, Bratislava II - Ružinov, okres Bratislava","rooms":3,"meters":74,"totalPrice":219900,"meterSquarePrice":2,"link":"https://www.nehnutelnosti.sk/detail/JuaYg77_Smm/3-izbovy-byt-s-krasnou-loggiou-na-bajkalskej-ulici-v-bratislave","imagesUrls":["https://img.nehnutelnosti.sk/foto/NjAweDMzOC9maWx0ZXJzOnF1YWxpdHkoMTAwKS9uZWg=/JcuOZN15bk_fss?st=wBIk1e5Qf5MzqIGAw6mU0uY1q1x9KP_HH9BKMwHxGhg&ts=1726918397&e=0"]},{"title":"EXKLUZIVNE NA PREDAJ 2 IZBOVÝ BYT za bezkonkurenčnú cenu Projekt NOEMIS Stupava","address":"Cementárenská, Stupava, okres Malacky","rooms":2,"meters":44,"totalPrice":126990,"meterSquarePrice":4,"link":"https://www.nehnutelnosti.sk/detail/Juoc4mxGAYZ/exkluzivne-na-predaj-2-izbovy-byt-za-bezkonkurencnu-cenu-projekt-noemis-stupava","imagesUrls":["https://img.nehnutelnosti.sk/foto/NjAweDMzOC9maWx0ZXJzOnF1YWxpdHkoMTAwKS9uZWg=/9FLFLh3pz_fss?st=Ys_QVjGfiocukrzQQeqYH3pyQmXAncPndB2-sBZLBGU&ts=1725624083&e=0"]},{"title":"EXKLUZIVNE NA PREDAJ 3 IZBOVÝ STREŠNÝ BYT S VEĽKOU TERASOU za bezkonkurenčnú cenu Projekt NOEMIS Stu","address":"Cementárenská, Stupava, okres Malacky","rooms":3,"meters":63,"totalPrice":199990,"meterSquarePrice":4,"link":"https://www.nehnutelnosti.sk/detail/Ju6hDfiquqo/exkluzivne-na-predaj-3-izbovy-stresny-byt-s-velkou-terasou-za-bezkonkurencnu-cenu-projekt-noemis-stu","imagesUrls":["https://img.nehnutelnosti.sk/foto/NjAweDMzOC9maWx0ZXJzOnF1YWxpdHkoMTAwKS9uZWg=/3GHstoJWOy_fss?st=lHRaEmBnXfVRPx4kajh_axLA2C3xIcz3SLajVl0orLM&ts=1725369018&e=0"]},{"title":"EXKLUZIVNE NA PREDAJ 3 IZBOVÝ BYT za bezkonkurenčnú cenu Projekt NOEMIS Stupava","address":"Cementárenská, Stupava, okres Malacky","rooms":3,"meters":62,"totalPrice":159990,"meterSquarePrice":8,"link":"https://www.nehnutelnosti.sk/detail/JugHs2Yt944/exkluzivne-na-predaj-3-izbovy-byt-za-bezkonkurencnu-cenu-projekt-noemis-stupava","imagesUrls":["https://img.nehnutelnosti.sk/foto/NjAweDMzOC9maWx0ZXJzOnF1YWxpdHkoMTAwKS9uZWg=/HBabeY1We_fss?st=IeIsfhTrlj83kO9k-pq7tUZB2R8PvEz6k2IzWRyF_0o&ts=1725623367&e=0"]},{"title":"NA PREDAJ- 1-izbový byt s presklenným balkónom","address":"Adama Trajana 4830/17, Piešťany, okres Piešťany","rooms":1,"meters":37,"totalPrice":89990,"meterSquarePrice":6,"link":"https://www.nehnutelnosti.sk/detail/Ju1PT10bqds/na-predaj-1-izbovy-byt-s-presklennym-balkonom","imagesUrls":["https://img.nehnutelnosti.sk/foto/NjAweDMzOC9maWx0ZXJzOnF1YWxpdHkoMTAwKS9uZWg=/oQqJeUspS_fss?st=V-3E5rC56Q7PtRHw11h5Olu4xVG4cdMaRttm3-7gxss&ts=1716228782&e=0"]},{"title":"2. izbový byt na predaj v GALANTE","address":"Z. Kodálya 793/18, Galanta, okres Galanta","rooms":2,"meters":41,"totalPrice":89000,"meterSquarePrice":2,"link":"https://www.nehnutelnosti.sk/detail/Ju4aSZ9FdW8/2-izbovy-byt-na-predaj-v-galante","imagesUrls":["https://img.nehnutelnosti.sk/foto/NjAweDMzOC9maWx0ZXJzOnF1YWxpdHkoMTAwKS9uZWg=/YspTTqH4ZK_fss?st=Y64dvfaqSxsHUZICzUrVpmhEFVT415Grdh5yeuYiSNM&ts=1721207776&e=0"]},{"title":"Prodej apartmánu 1+kk, Fatrapark I, Ružomberok","address":"Hrabovská cesta 3280/18, Ružomberok, okres Ružomberok","rooms":1,"meters":30,"totalPrice":89990,"meterSquarePrice":7,"link":"https://www.nehnutelnosti.sk/detail/JumD-s6p7Qu/prodej-apartmanu-1-kk-fatrapark-i-ruzomberok","imagesUrls":["https://img.nehnutelnosti.sk/foto/NjAweDMzOC9maWx0ZXJzOnF1YWxpdHkoMTAwKS9uZWg=/0WZ2rBaL9i_fss?st=hmANl51OsXs4rw8hJ81bNCNE-vjd8HdZmZeWgDPUSy0&ts=1724319571&e=0"]},{"title":"Predam 2-izb byt v BA Stare mesto + 3x parking","address":"Mickiewiczova 7104/14, Bratislava I - Staré Mesto, okres Bratislava","rooms":2,"meters":62,"totalPrice":259000,"meterSquarePrice":2,"link":"https://www.nehnutelnosti.sk/detail/JuIsnIBqmdQ/predam-2-izb-byt-v-ba-stare-mesto-3x-parking","imagesUrls":["https://img.nehnutelnosti.sk/foto/NjAweDMzOC9maWx0ZXJzOnF1YWxpdHkoMTAwKS9uZWg=/cRm_C0YeV_fss?st=n5ZV3jwQzBVCVxqe1djzpw4NamOPuAYRf6SgJUpsPjs&ts=1725370098&e=0"]},{"title":"1.- izbový byt o výmere 37 m2, BALKÓN a pivnica v centre obce Suchá nad Parnou","address":"Suchá nad Parnou, okres Trnava","rooms":1,"meters":37,"totalPrice":99000,"meterSquarePrice":8,"link":"https://www.nehnutelnosti.sk/detail/JuDy7HLeOBj/1-izbovy-byt-o-vymere-37-m2-balkon-a-pivnica-v-centre-obce-sucha-nad-parnou","imagesUrls":["https://img.unitedclassifieds.sk/foto/NjAweDMzOC9maWx0ZXJzOnF1YWxpdHkoMTAwKS9yc2Y=/YPOvLT7Ma_fss?st=4SCEvxWx9BIDMhJU_Un4VzCCjSu9gRoCr4Tc6kA2DxI&ts=1725522296&e=0"]},{"title":"NOVINKA: 3 izb. byt, MICHALOVSKÁ, KE - Západ, komplet. rekonštrukcia 2021","address":"Michalovská, Košice II - Západ, okres Košice","rooms":3,"meters":66,"totalPrice":198000,"meterSquarePrice":0,"link":"https://www.nehnutelnosti.sk/detail/Jupb1Cm3Rha/novinka-3-izb-byt-michalovska-ke-zapad-komplet-rekonstrukcia-2021","imagesUrls":["https://img.nehnutelnosti.sk/foto/NjAweDMzOC9maWx0ZXJzOnF1YWxpdHkoMTAwKS9uZWg=/XXwMj0nxv_fss?st=-Mx17u31pWNA5Pb6g8N5LRFFT82Bcbu3ZqTl9WEc4l4&ts=1724059176&e=0"]},{"title":"DAHLEH - Na predaj kompletne zrekonštruovaný 3 - izbový byt v Petržalke","address":"Osuského, Bratislava V - Petržalka, okres Bratislava","rooms":3,"meters":87,"totalPrice":297200,"meterSquarePrice":9,"link":"https://www.nehnutelnosti.sk/detail/Ju-TU0BC1Gy/dahleh-na-predaj-kompletne-zrekonstruovany-3-izbovy-byt-v-petrzalke","imagesUrls":["https://img.nehnutelnosti.sk/foto/NjAweDMzOC9maWx0ZXJzOnF1YWxpdHkoMTAwKS9uZWg=/6Vh_rG7DE_fss?st=77_w2917HHKzUA9s9JpAXGjIyUG9LNpz8ikGDM4Nceg&ts=1725437705&e=0"]},{"title":"ZNÍŽENÁ CENA ! ALL INCLUSIVE  REAL/MODERNÝ, MESTSKÝ 3  IZBOVÝ  BYT PO  KOMPLETNEJ  REKONŠTRUKCII-  G","address":"Zornička, Galanta, okres Galanta","rooms":3,"meters":56,"totalPrice":132000,"meterSquarePrice":4,"link":"https://www.nehnutelnosti.sk/detail/JuAn0YT9lzY/znizena-cena-all-inclusive-real-moderny-mestsky-3-izbovy-byt-po-kompletnej-rekonstrukcii-g","imagesUrls":["https://img.nehnutelnosti.sk/foto/NjAweDMzOC9maWx0ZXJzOnF1YWxpdHkoMTAwKS9uZWg=/TbaKTgmQu_fss?st=tanLjr-cB0u2BNx5HysybdDlOZm32akRG6_Xb-WhbKU&ts=1723815065&e=0"]},{"title":"REZERVOVANÉ 4 izbový dvojgeneračný byt s balkónom na sídlisku Nový Juh v Poprade","address":"šoltesová, Poprad, okres Poprad","rooms":4,"meters":92,"totalPrice":145000,"meterSquarePrice":9,"link":"https://www.nehnutelnosti.sk/detail/Juf7PuVb0L1/rezervovane-4-izbovy-dvojgeneracny-byt-s-balkonom-na-sidlisku-novy-juh-v-poprade","imagesUrls":["https://img.nehnutelnosti.sk/foto/NjAweDMzOC9maWx0ZXJzOnF1YWxpdHkoMTAwKS9uZWg=/K4Xpns9R8t_fss?st=KnoSsTodXwb8JHGOIP5UO98vH0pd2yiug9Hv03zLrbk&ts=1720608791&e=0"]}]