[{"title":"KOMFORTNÝ 2 IZBOVÝ BYT S LOGGIOU NA PREDAJ, PRIEVIDZA","address":"A. Bednára, Prievidza, okres Prievidza","rooms":2,"meters":null,"totalPrice":null,"meterSquarePrice":null,"link":"https://www.nehnutelnosti.sk/detail/JuKMSrZX5_w/komfortny-2-izbovy-byt-s-loggiou-na-predaj-prievidza","imagesUrls":["https://img.nehnutelnosti.sk/foto/NjAweDMzOC9maWx0ZXJzOnF1YWxpdHkoMTAwKS9uZWg=/1azjXdTpoF_fss?st=WYs8UoOJw6MtbEluCrgmD9qGNVGIARump-t7ztlU-_I&ts=1726309629&e=0"]},{"title":"Pekný 2 izb. byt s exkluzívnymi výhľadmi B31 BlueWave Piešťany","address":"Banka, Piešťany, okres Piešťany","rooms":2,"meters":69,"totalPrice":259400,"meterSquarePrice":4,"link":"https://www.nehnutelnosti.sk/detail/Juh4RVKsE-K/pekny-2-izb-byt-s-exkluzivnymi-vyhladmi-b31-bluewave-piestany","imagesUrls":["https://img.nehnutelnosti.sk/foto/NjAweDMzOC9maWx0ZXJzOnF1YWxpdHkoMTAwKS9uZWg=/-V6Hk4oVk_fss?st=SQzYXlQSm3mLIuwUEOnpl5bz-NUdOIRAYa1eNIRuAhI&ts=1726309464&e=0"]},{"title":"Predaj - 2 izbový byt v novostavbe s balkónom a parkovacím miestom, Slovenský Grob","address":"Slavomírova, Slovenský Grob, okres Pezinok","rooms":2,"meters":57,"totalPrice":174000,"meterSquarePrice":8,"link":"https://www.nehnutelnosti.sk/detail/JuXYcZ9S1kJ/predaj-2-izbovy-byt-v-novostavbe-s-balkonom-a-parkovacim-miestom-slovensky-grob","imagesUrls":["https://img.nehnutelnosti.sk/foto/NjAweDMzOC9maWx0ZXJzOnF1YWxpdHkoMTAwKS9uZWg=/A5myTq48aC_fss?st=TzK6-CBt1i726FWeA-auTYp8yT4lYKqtgVkC_9PJNok&ts=1726647951&e=0"]},{"title":"Ponúkame na predaj 3. izbový tehlový byt v rodinnom dome so záhradou a 3 parkovacími miestami v obci","address":"Malý Raj, Slovenský Grob, okres Pezinok","rooms":3,"meters":103,"totalPrice":281000,"meterSquarePrice":6,"link":"https://www.nehnutelnosti.sk/detail/JugZIq6i-XlM/ponukame-na-predaj-3-izbovy-tehlovy-byt-v-rodinnom-dome-so-zahradou-a-3-parkovacimi-miestami-v-obci","imagesUrls":["https://img.nehnutelnosti.sk/foto/NjAweDMzOC9maWx0ZXJzOnF1YWxpdHkoMTAwKS9uZWg=/HpCS0YeBI_fss?st=lMJMNRhhgnyZY2Sf1FZcs5PuLKbBihFbV890PUx1ocE&ts=1659425602&e=0"]},{"title":"PREDAJ - 3 izbový byt po kompletnej rekonštrukcii Vlčince, Žilina","address":"Černovská 8, Žilina - Vlčince, okres Žilina","rooms":3,"meters":91,"totalPrice":null,"meterSquarePrice":null,"link":"https://www.nehnutelnosti.sk/detail/JuQ4ezS0M8U/predaj-3-izbovy-byt-po-kompletnej-rekonstrukcii-vlcince-zilina","imagesUrls":["https://img.unitedclassifieds.sk/foto/NjAweDMzOC9maWx0ZXJzOnF1YWxpdHkoMTAwKS9qdWw=/tXPQmRxZ__fss?st=0kQLUZjMsZQ-f8F5LP7HQTQJwp2Ury4ZgXBvvrq3CPg&ts=1725390181&e=0"]},{"title":"Predaj 4-izb.s 2. park.miestami Vlčince2. 106m2.","address":"Trenčianska, Žilina - Vlčince, okres Žilina","rooms":4,"meters":106,"totalPrice":305000,"meterSquarePrice":6,"link":"https://www.nehnutelnosti.sk/detail/Juy6Dr8MOeS/predaj-4-izb-s-2-park-miestami-vlcince2-106m2","imagesUrls":["https://img.nehnutelnosti.sk/foto/NjAweDMzOC9maWx0ZXJzOnF1YWxpdHkoMTAwKS9uZWg=/vcuxwYgQd_fss?st=4Oym-F64o5XGfIdLdgNHMY_yb7UjLQtZ4oCa8j6TsYE&ts=1718529809&e=0"]},{"title":"Neibrs | Na predaj 3 - izbový byt, 73,33 m2 s krásnymi vysokými stropmi, balkónom a klimatizáciou","address":"Palisády, Bratislava I - Staré Mesto, okres Bratislava","rooms":3,"meters":73,"totalPrice":324900,"meterSquarePrice":6,"link":"https://www.nehnutelnosti.sk/detail/Jufn2GahEPo/neibrs-na-predaj-3-izbovy-byt-73-33-m2-s-krasnymi-vysokymi-stropmi-balkonom-a-klimatizaciou","imagesUrls":["https://img.nehnutelnosti.sk/foto/NjAweDMzOC9maWx0ZXJzOnF1YWxpdHkoMTAwKS9uZWg=/pMQqJxqyRM_fss?st=-u5AdBdqBFdyWdIfvhEWNvOXfJ-jyjnUV2Rv4V_5Djg&ts=1726304815&e=0"]},{"title":"Neibrs | 2- izb. byt s loggiou vo vyhotovení ŠTANDARD, výťah, parking, kobka, BYTOVÝ DOM ,,A''","address":"Sereď, Galanta, okres Galanta","rooms":2,"meters":56,"totalPrice":139000,"meterSquarePrice":9,"link":"https://www.nehnutelnosti.sk/detail/Juq5unsWlV3/neibrs-2-izb-byt-s-loggiou-vo-vyhotoveni-standard-vytah-parking-kobka-bytovy-dom-a","imagesUrls":["https://img.nehnutelnosti.sk/foto/NjAweDMzOC9maWx0ZXJzOnF1YWxpdHkoMTAwKS9uZWg=/DW43JfbNq_fss?st=AZPTxEAW0EfZWl0YL_FTo5vpylOLnBQ_jX99zRAguqk&ts=1726304811&e=0"]},{"title":"1,5 izbový byt Ružinov/Ostredky","address":"Jesenná 3229/4, Bratislava II - Ružinov, okres Bratislava","rooms":2,"meters":43,"totalPrice":156900,"meterSquarePrice":4,"link":"https://www.nehnutelnosti.sk/detail/JuN7M9rgEAj/1-5-izbovy-byt-ruzinov-ostredky","imagesUrls":["https://img.nehnutelnosti.sk/foto/NjAweDMzOC9maWx0ZXJzOnF1YWxpdHkoMTAwKS9uZWg=/_UlTC_qaXB_fss?st=RR5ovxJ1bvzzunEnGrA3MjKi0prfRY74mWb2Q5a2CRk&ts=1720981330&e=0"]},{"title":"Kľúče v RK! 3-iz.byt (64,72m2) s rozprávkovým výhľadom na Kaštieľ Esterházy na ul. Parková.","address":"Parková, Galanta, okres Galanta","rooms":3,"meters":64,"totalPrice":114990,"meterSquarePrice":3,"link":"https://www.nehnutelnosti.sk/detail/JuSivXTtOtv/kluce-v-rk-3-iz-byt-64-72m2-s-rozpravkovym-vyhladom-na-kastiel-esterhazy-na-ul-parkova","imagesUrls":["https://img.unitedclassifieds.sk/foto/NjAweDMzOC9maWx0ZXJzOnF1YWxpdHkoMTAwKS9qdWw=/gBgfSw-DF_fss?st=MLelhOiEBmS3hFvuSaj7nOH2Csy-4g43zqaQLX0wZOE&ts=1721994970&e=0"]},{"title":"PREDAJ! 3 izbový byt s terasou, v rodinnom dome v centre","address":"I. Olbrachta, Trenčín, okres Trenčín","rooms":3,"meters":92,"totalPrice":216300,"meterSquarePrice":3,"link":"https://www.nehnutelnosti.sk/detail/Ju9jlBmFdi1/predaj-3-izbovy-byt-s-terasou-v-rodinnom-dome-v-centre","imagesUrls":["https://img.nehnutelnosti.sk/foto/NjAweDMzOC9maWx0ZXJzOnF1YWxpdHkoMTAwKS9uZWg=/pSMDyg_SW_fss?st=BOi-3RFUUGIA4zDlOi_YG1_zvCuFhLzvEw40ap9x9k8&ts=1723710877&e=0"]},{"title":"Štýlový 3-izbový byt v atraktívnej novostavbe Nové Zlatovce","address":"Odevná, Trenčín, okres Trenčín","rooms":3,"meters":70,"totalPrice":203900,"meterSquarePrice":8,"link":"https://www.nehnutelnosti.sk/detail/JucnMVXz065/stylovy-3-izbovy-byt-v-atraktivnej-novostavbe-nove-zlatovce","imagesUrls":["https://img.nehnutelnosti.sk/foto/NjAweDMzOC9maWx0ZXJzOnF1YWxpdHkoMTAwKS9uZWg=/nVqgN1A2ko_fss?st=quUSun-ImRxNGREC0aaV9WsNLuRQWk2o4vLMWUfVmBg&ts=1723114026&e=0"]},{"title":"Na Predaj moderný 4i byt Vrakuňa","address":"Toryská, Bratislava II - Vrakuňa, okres Bratislava","rooms":4,"meters":76,"totalPrice":205000,"meterSquarePrice":7,"link":"https://www.nehnutelnosti.sk/detail/JupmVvEgnMI/na-predaj-moderny-4i-byt-vrakuna","imagesUrls":["https://img.unitedclassifieds.sk/foto/NjAweDMzOC9maWx0ZXJzOnF1YWxpdHkoMTAwKS9qdWw=/zckNTTJPH_fss?st=WhRMBAnK2h5s59VSa2_eB-P7bOCi2km99xligMh2NAs&ts=1724699523&e=0"]},{"title":"''REZERVOVANÉ'' 3-izbový byt s lodžiou a garážovým parkovacím miestom v podhorí Vysokých  Tatier, 2,7k","address":"Horný Slavkov, Vysoké Tatry, okres Poprad","rooms":4,"meters":110,"totalPrice":null,"meterSquarePrice":null,"link":"https://www.nehnutelnosti.sk/detail/Juz-J0qdtgF/rezervovane-3-izbovy-byt-s-lodziou-a-garazovym-parkovacim-miestom-v-podhori-vysokych-tatier-2-7k","imagesUrls":["https://img.unitedclassifieds.sk/foto/NjAweDMzOC9maWx0ZXJzOnF1YWxpdHkoMTAwKS9yc2Y=/w2052soil_fss?st=hFQ5nkYpFvoyneeFaMwZNVkvJcTcyTX9UXnrdipsn6w&ts=1722361623&e=0"]},{"title":"''REZERVOVANÉ'' jednoizbový apartmán č.211 s balkónom, po kompletnej rekonštrukcii, Tatranská Štrba.","address":"Rekreačná, Tatranská Štrba, okres Poprad","rooms":null,"meters":20,"totalPrice":89000,"meterSquarePrice":8,"link":"https://www.nehnutelnosti.sk/detail/JuFe6OLOiWg/rezervovane-jednoizbovy-apartman-c-211-s-balkonom-po-kompletnej-rekonstrukcii-tatranska-strba","imagesUrls":["https://img.unitedclassifieds.sk/foto/NjAweDMzOC9maWx0ZXJzOnF1YWxpdHkoMTAwKS9yc2Y=/Bu1kfCd4UO_fss?st=MDXX9ZaLFTLD0M5Ufq2dvRnlrl6IYqMNDlIKklnxrg8&ts=1715820339&e=0"]},{"title":"Na predaj jednoizbový apartmán č.203 s balkónom, po kompletnej rekonštrukcii, Tatranská Štrba.","address":"Tatranská Štrba, Vysoké Tatry, okres Poprad","rooms":null,"meters":18,"totalPrice":75900,"meterSquarePrice":7,"link":"https://www.nehnutelnosti.sk/detail/JulNtZ1OIIs/na-predaj-jednoizbovy-apartman-c-203-s-balkonom-po-kompletnej-rekonstrukcii-tatranska-strba","imagesUrls":["https://img.unitedclassifieds.sk/foto/NjAweDMzOC9maWx0ZXJzOnF1YWxpdHkoMTAwKS9yc2Y=/ox_DlGsXw_fss?st=1rfmKo1kzF6JziwB8KjBP23A76xFI4of2qlP5ZKCmSA&ts=1715820762&e=0"]},{"title":"Na predaj jednoizbový apartmán č.207 s balkónom, po kompletnej rekonštrukcii, Tatranská Štrba.","address":"Tatranská Štrba, Vysoké Tatry, okres Poprad","rooms":null,"meters":20,"totalPrice":85000,"meterSquarePrice":7,"link":"https://www.nehnutelnosti.sk/detail/JulnGS7ak01/na-predaj-jednoizbovy-apartman-c-207-s-balkonom-po-kompletnej-rekonstrukcii-tatranska-strba","imagesUrls":["https://img.unitedclassifieds.sk/foto/NjAweDMzOC9maWx0ZXJzOnF1YWxpdHkoMTAwKS9yc2Y=/ncyDNZgg--_fss?st=RQeoakJ0kf0mD9WW0w9BtmTqLq2Y3NyktV1YVG7qhIM&ts=1715773444&e=0"]},{"title":"Na predaj výnimočný 3-izbový apartmán s terasou, jazierkom (pozemok: 400m2) + 1x parkovacím miestom,","address":"Tatranská Štrba, Vysoké Tatry, okres Poprad","rooms":null,"meters":82,"totalPrice":269500,"meterSquarePrice":1,"link":"https://www.nehnutelnosti.sk/detail/JuDMH3U2NCj/na-predaj-vynimocny-3-izbovy-apartman-s-terasou-jazierkom-pozemok-400m2-1x-parkovacim-miestom","imagesUrls":["https://img.unitedclassifieds.sk/foto/NjAweDMzOC9maWx0ZXJzOnF1YWxpdHkoMTAwKS9yc2Y=/OJ4_0moIU_fss?st=MA_KagUAqER0klUAGewU7cw1N5-NzTT_x0l5IJ1T3bM&ts=1715819587&e=0"]},{"title":"Na predaj moderný 3-izbový Apartmán č.1, plocha: 80,36m² - TOP lokalita: Golfové ihrisko Veľká Lomni","address":"Veľká Lomnica, Vysoké Tatry, okres Poprad","rooms":null,"meters":60,"totalPrice":169500,"meterSquarePrice":5,"link":"https://www.nehnutelnosti.sk/detail/JuvHgdoO3q-/na-predaj-moderny-3-izbovy-apartman-c-1-plocha-80-36m-top-lokalita-golfove-ihrisko-velka-lomni","imagesUrls":["https://img.unitedclassifieds.sk/foto/NjAweDMzOC9maWx0ZXJzOnF1YWxpdHkoMTAwKS9yc2Y=/rcvJvZfh4_fss?st=FJBT0fGAbIl613t7EY3fgeGOuDZSNCCRx9KXjao-kKc&ts=1717547481&e=0"]},{"title":"Ponúkam na predaj 2-izbový apartmán s garážou (64 m2) v meste Vysoké Tatry. (Video a 3D prehliadka)","address":"Apartmánový dom Família, Vysoké Tatry, okres Poprad","rooms":null,"meters":64,"totalPrice":288500,"meterSquarePrice":1,"link":"https://www.nehnutelnosti.sk/detail/Ju46BXh2UYJ/ponukam-na-predaj-2-izbovy-apartman-s-garazou-64-m2-v-meste-vysoke-tatry-video-a-3d-prehliadka","imagesUrls":["https://img.unitedclassifieds.sk/foto/NjAweDMzOC9maWx0ZXJzOnF1YWxpdHkoMTAwKS9yc2Y=/BkNDLPmSS_fss?st=c47UD-Yh4B06SOOaoxMVq_8TO7toEhcTpan3F6TyLSQ&ts=1718398813&e=0"]},{"title":"Na predaj 1-izbové štúdio s balkónom č.209 po kompletnej rekonštrukcii v Tatranskej Štrbe (Video).","address":"Tatranská Štrba, Vysoké Tatry, okres Poprad","rooms":null,"meters":20,"totalPrice":85000,"meterSquarePrice":7,"link":"https://www.nehnutelnosti.sk/detail/JufI-0aES8i/na-predaj-1-izbove-studio-s-balkonom-c-209-po-kompletnej-rekonstrukcii-v-tatranskej-strbe-video","imagesUrls":["https://img.unitedclassifieds.sk/foto/NjAweDMzOC9maWx0ZXJzOnF1YWxpdHkoMTAwKS9yc2Y=/zPQZooHyB_fss?st=8E5jxl035eYU9fJLgGnwABdTIcAAB9oDL_H3VmjyGUk&ts=1715773428&e=0"]},{"title":"Na predaj apartmán - štúdio č.202 s balkónom, po kompletnej rekonštrukcii, Tatranská Štrba.","address":"Tatranská Štrba, Vysoké Tatry, okres Poprad","rooms":null,"meters":18,"totalPrice":75900,"meterSquarePrice":7,"link":"https://www.nehnutelnosti.sk/detail/JukVP1up21G/na-predaj-apartman-studio-c-202-s-balkonom-po-kompletnej-rekonstrukcii-tatranska-strba","imagesUrls":["https://img.unitedclassifieds.sk/foto/NjAweDMzOC9maWx0ZXJzOnF1YWxpdHkoMTAwKS9yc2Y=/pnaPIArp3y_fss?st=xMWfaTElpOugaqOdKX_s-7V03VQyc-EZAzSbN-WL0uw&ts=1715820761&e=0"]},{"title":"Ponúkam na predaj 2-izbový byt s lodžiou, Košice-staré Mesto - TOP rekonštrukcia.","address":"Branisková 1239/11, Košice I - Staré Mesto, okres Košice","rooms":2,"meters":51,"totalPrice":179800,"meterSquarePrice":9,"link":"https://www.nehnutelnosti.sk/detail/JuzxwjobgeO/ponukam-na-predaj-2-izbovy-byt-s-lodziou-kosice-stare-mesto-top-rekonstrukcia","imagesUrls":["https://img.unitedclassifieds.sk/foto/NjAweDMzOC9maWx0ZXJzOnF1YWxpdHkoMTAwKS9yc2Y=/lVmd7fh-b_fss?st=gfhtDgqio1gW5I6o75YPEfnqko-l_bCjHCfhwD3JXzg&ts=1715773539&e=0"]},{"title":"''REZERVOVANÉ'' 2-izbový apartmán (č.105) s balkónom a zastrešeným parkovacím miestom v Tatranskej Štr","address":"Tatranská Štrba, Vysoké Tatry, okres Poprad","rooms":null,"meters":42,"totalPrice":149500,"meterSquarePrice":2,"link":"https://www.nehnutelnosti.sk/detail/JuABMDV9l7y/rezervovane-2-izbovy-apartman-c-105-s-balkonom-a-zastresenym-parkovacim-miestom-v-tatranskej-str","imagesUrls":["https://img.unitedclassifieds.sk/foto/NjAweDMzOC9maWx0ZXJzOnF1YWxpdHkoMTAwKS9yc2Y=/1GPPqA9Mk_fss?st=s2zru42D1gfZgyjFJamX-ojy45pBH46nKaPYBIUtC8M&ts=1715773464&e=0"]},{"title":"Na predaj 3-izbový byt s terasou v uzavretom areály RD - Veľká Lomnica, TOP rekonštrukcia.","address":"Tatranská, Veľká Lomnica, okres Kežmarok","rooms":3,"meters":65,"totalPrice":148500,"meterSquarePrice":2,"link":"https://www.nehnutelnosti.sk/detail/JuIfWDDYzAK/na-predaj-3-izbovy-byt-s-terasou-v-uzavretom-arealy-rd-velka-lomnica-top-rekonstrukcia","imagesUrls":["https://img.unitedclassifieds.sk/foto/NjAweDMzOC9maWx0ZXJzOnF1YWxpdHkoMTAwKS9yc2Y=/2gXBk-FkZX_fss?st=l7ERx7lyAwKJvyvtsHa82nREI2Ms3EBqY3x1reFhWEA&ts=1720730543&e=0"]},{"title":"Na predaj moderný 3-izbový Apartmán č.3, (plocha: 72,03m²) pri golfovom ihrisku, tehla, tepelné čerp","address":"Veľká Lomnica, Vysoké Tatry, okres Poprad","rooms":null,"meters":72,"totalPrice":159500,"meterSquarePrice":8,"link":"https://www.nehnutelnosti.sk/detail/JuyIduUkiAB/na-predaj-moderny-3-izbovy-apartman-c-3-plocha-72-03m-pri-golfovom-ihrisku-tehla-tepelne-cerp","imagesUrls":["https://img.unitedclassifieds.sk/foto/NjAweDMzOC9maWx0ZXJzOnF1YWxpdHkoMTAwKS9yc2Y=/AptAQb7oa_fss?st=gR-THPrvm_GJmEsbXTftB-PzWM7D371oUVRrrw5XAqc&ts=1720902865&e=0"]},{"title":"Pripravujeme do ponuky 2 izbový byt v centre Šturovo námestie Martin","address":"Štúrovo Námestie, Martin, okres Martin","rooms":2,"meters":65,"totalPrice":143000,"meterSquarePrice":0,"link":"https://www.nehnutelnosti.sk/detail/JuC5-RSYelz/pripravujeme-do-ponuky-2-izbovy-byt-v-centre-sturovo-namestie-martin","imagesUrls":["https://img.nehnutelnosti.sk/foto/NjAweDMzOC9maWx0ZXJzOnF1YWxpdHkoMTAwKS9uZWg=/gfVAsUqPRR_fss?st=x-f2PJavqlonDtoyUuSLv9zL78qkLr5eMQ0RitlHCa0&ts=1726298476&e=0"]},{"title":"Exluzívne - Ponúkam na predaj veľkometrážny 1 izbový byt v Martine časť Záturčie","address":"Martin, okres Martin","rooms":1,"meters":48,"totalPrice":83000,"meterSquarePrice":7,"link":"https://www.nehnutelnosti.sk/detail/Juyrh_PGYQg/exluzivne-ponukam-na-predaj-velkometrazny-1-izbovy-byt-v-martine-cast-zaturcie","imagesUrls":["https://img.nehnutelnosti.sk/foto/NjAweDMzOC9maWx0ZXJzOnF1YWxpdHkoMTAwKS9uZWg=/5WGslR3dc_fss?st=ZxrM5cA9lzpJe57sHugo2CAOD27yhTFzidG77KkNS4k&ts=1726298475&e=0"]},{"title":"SOKOLKA: Na predaj unikátny 3-izbový byt v novom rezidenčnom projekte vo Zvolene","address":"Sokolská, Zvolen, okres Zvolen","rooms":3,"meters":72,"totalPrice":187345,"meterSquarePrice":3,"link":"https://www.nehnutelnosti.sk/detail/JuFfGMO8pfh/sokolka-na-predaj-unikatny-3-izbovy-byt-v-novom-rezidencnom-projekte-vo-zvolene","imagesUrls":["https://img.unitedclassifieds.sk/foto/NjAweDMzOC9maWx0ZXJzOnF1YWxpdHkoMTAwKS9qdWw=/cfDo-P6glX_fss?st=jO9NgqHit1K0K3GFGfPtjlcgBdBo3g6rNAxlS16WBaY&ts=1725961729&e=0"]},{"title":"SOKOLKA: Na predaj unikátny 3-izbový byt s terasou v novom rezidenčnom projekte vo Zvolene","address":"Sokolská, Zvolen, okres Zvolen","rooms":3,"meters":78,"totalPrice":245765,"meterSquarePrice":7,"link":"https://www.nehnutelnosti.sk/detail/JumwvKWg_GG/sokolka-na-predaj-unikatny-3-izbovy-byt-s-terasou-v-novom-rezidencnom-projekte-vo-zvolene","imagesUrls":["https://img.unitedclassifieds.sk/foto/NjAweDMzOC9maWx0ZXJzOnF1YWxpdHkoMTAwKS9qdWw=/HKbcIRNwP_fss?st=gd9fWs8waBQgNXJi532wwJ00JIpp1szMYtHc-kziNRA&ts=1725961432&e=0"]}]