[{"title":"Nadštandartný trojizbový byt Europalace, Žilina","address":"Žilina, okres Žilina","rooms":3,"meters":null,"totalPrice":null,"meterSquarePrice":null,"link":"https://www.nehnutelnosti.sk/detail/JuQK7thl_tC/nadstandartny-trojizbovy-byt-europalace-zilina","imagesUrls":["https://img.nehnutelnosti.sk/foto/NjAweDMzOC9maWx0ZXJzOnF1YWxpdHkoMTAwKS9uZWg=/4g4tuGo3__fss?st=cAPGU1YAPfp_cUux49SZsO51GQE_cba5L6Wz2KCwMaM&ts=1720682596&e=0"]},{"title":"Trojizbový byt, Čadca - Žarec","address":"Janka Kráľa, Čadca, okres Čadca","rooms":3,"meters":null,"totalPrice":null,"meterSquarePrice":null,"link":"https://www.nehnutelnosti.sk/detail/JujkrbG8I1L/trojizbovy-byt-cadca-zarec","imagesUrls":["https://img.nehnutelnosti.sk/foto/NjAweDMzOC9maWx0ZXJzOnF1YWxpdHkoMTAwKS9uZWg=/icbAfMJj0_fss?st=SzQ01LzxV3yysuFkmk0yfOPX2zayNh3gf_9d9vPF8FA&ts=1721068571&e=0"]},{"title":"PREDAJ - 4-izb. byt, 87 m2, Romanova ul., kompl. rek., loggia, vyhľadávaná lokalita","address":"Romanova, Bratislava V - Petržalka, okres Bratislava","rooms":4,"meters":87,"totalPrice":245000,"meterSquarePrice":9,"link":"https://www.nehnutelnosti.sk/detail/Ju2SVcXiQ6g/predaj-4-izb-byt-87-m2-romanova-ul-kompl-rek-loggia-vyhladavana-lokalita","imagesUrls":["https://img.unitedclassifieds.sk/foto/NjAweDMzOC9maWx0ZXJzOnF1YWxpdHkoMTAwKS9qdWw=/4w0ty7ikk_fss?st=t7H8LFUHsCZny5jIAUnEmGCcixDjsaRcMGge6aXlKas&ts=1720806623&e=0"]},{"title":"PREDAJ: 3 IZBOVÝ BYT 77 m2 Z TOHO BALKÓN 10 m2, TATRANSKÁ ŠTRBA","address":"Vysoké Tatry, Tatranská Štrba, okres Poprad","rooms":3,"meters":77,"totalPrice":265500,"meterSquarePrice":5,"link":"https://www.nehnutelnosti.sk/detail/Ju58N25a2hx/predaj-3-izbovy-byt-77-m2-z-toho-balkon-10-m2-tatranska-strba","imagesUrls":["https://img.nehnutelnosti.sk/foto/NjAweDMzOC9maWx0ZXJzOnF1YWxpdHkoMTAwKS9uZWg=/vO-C7uXx2g_fss?st=3AwzQa7teJE9c2DZ6W0dQ3ZkyaUhJ0WI0O4ib5Ew9dc&ts=1710930032&e=0"]},{"title":"2. izb. byt - Ružinov -  POZOR ZNÍŽENÁ CENA","address":"Jesenná, Bratislava II - Ružinov, okres Bratislava","rooms":2,"meters":43,"totalPrice":165999,"meterSquarePrice":5,"link":"https://www.nehnutelnosti.sk/detail/JuGgMieJ45D/2-izb-byt-ruzinov-pozor-znizena-cena","imagesUrls":["https://img.nehnutelnosti.sk/foto/NjAweDMzOC9maWx0ZXJzOnF1YWxpdHkoMTAwKS9uZWg=/Q_SJ5YgYS_fss?st=pWbWCiyqGWLjtWX9MbyBWCxJMpn91v8zDdb7WcH1prw&ts=1720637288&e=0"]},{"title":"Veľkometrážny 3 izbový byt v centre mesta na predaj, Dunajská Streda","address":"Námestie Ármina Vámbéryho, Dunajská Streda, okres Dunajská Streda","rooms":3,"meters":80,"totalPrice":120500,"meterSquarePrice":5,"link":"https://www.nehnutelnosti.sk/detail/JuCZjxaeP2l/velkometrazny-3-izbovy-byt-v-centre-mesta-na-predaj-dunajska-streda","imagesUrls":["https://img.nehnutelnosti.sk/foto/NjAweDMzOC9maWx0ZXJzOnF1YWxpdHkoMTAwKS9uZWg=/B-dVaYneH_fss?st=d6lLSAWwLa60bnffGo2PdGrFCXc-NvvKx0EnG4sAjD8&ts=1658407755&e=0"]},{"title":"Lukratívny horský apartmán s terasou a wellnessom na Kubínskej holi","address":"Kubínska hoľa, Dolný Kubín, okres Dolný Kubín","rooms":2,"meters":47,"totalPrice":225650,"meterSquarePrice":6,"link":"https://www.nehnutelnosti.sk/detail/Ju9yeRQLBJd/lukrativny-horsky-apartman-s-terasou-a-wellnessom-na-kubinskej-holi","imagesUrls":["https://img.nehnutelnosti.sk/foto/NjAweDMzOC9maWx0ZXJzOnF1YWxpdHkoMTAwKS9uZWg=/rPuDZzDxH_fss?st=QprObr7PikPBnQJMFZrK-yvnEqgiWAIm0ASkT0U4Szs&ts=1684939598&e=0"]},{"title":"Podkrovný 1-izbový byt priamo na Hviezdoslavovom námestí","address":"Hviezdoslavovo námestie, Dolný Kubín, okres Dolný Kubín","rooms":1,"meters":29,"totalPrice":87500,"meterSquarePrice":4,"link":"https://www.nehnutelnosti.sk/detail/Judk6U2bDDZ/podkrovny-1-izbovy-byt-priamo-na-hviezdoslavovom-namesti","imagesUrls":["https://img.nehnutelnosti.sk/foto/NjAweDMzOC9maWx0ZXJzOnF1YWxpdHkoMTAwKS9uZWg=/7N3x_5kr6E_fss?st=4qh6aJqHKgNIOjE4XnlQVedD-ZunVBg-sJay3TJpMZQ&ts=1726223066&e=0"]},{"title":"EXTRA CENA 2-izbového bytu v projekte BYTY NA NÁMESTÍ","address":"Hviezdoslavovo námestie, Dolný Kubín, okres Dolný Kubín","rooms":2,"meters":49,"totalPrice":null,"meterSquarePrice":null,"link":"https://www.nehnutelnosti.sk/detail/Ju55mrsuwiT/extra-cena-2-izboveho-bytu-v-projekte-byty-na-namesti","imagesUrls":["https://img.nehnutelnosti.sk/foto/NjAweDMzOC9maWx0ZXJzOnF1YWxpdHkoMTAwKS9uZWg=/XAfqE8KUo_fss?st=5drpooPkKWI-FzrzVzYKK0ndvx4QaXM2qrcOIy2WHrw&ts=1682598735&e=0"]},{"title":"Investičný 1-izbový apartmán B314 v projekte Brezovina","address":"Oravské Veselé, okres Námestovo","rooms":1,"meters":43,"totalPrice":94900,"meterSquarePrice":8,"link":"https://www.nehnutelnosti.sk/detail/Jun3574KwSt/investicny-1-izbovy-apartman-b314-v-projekte-brezovina","imagesUrls":["https://img.nehnutelnosti.sk/foto/NjAweDMzOC9maWx0ZXJzOnF1YWxpdHkoMTAwKS9uZWg=/1JlC27avb_fss?st=BLFHoiIDHciZ2GGnYjxZdaWGUizW1ZCVSr-BMZ-K0Ko&ts=1726224488&e=0"]},{"title":"Veľkorysý podkrovný 3- izbový byt v projekte Byty na námestí","address":"Hviezdoslavovo námestie, Dolný Kubín, okres Dolný Kubín","rooms":3,"meters":112,"totalPrice":null,"meterSquarePrice":null,"link":"https://www.nehnutelnosti.sk/detail/JuxEPDqhcc5/velkorysy-podkrovny-3-izbovy-byt-v-projekte-byty-na-namesti","imagesUrls":["https://img.nehnutelnosti.sk/foto/NjAweDMzOC9maWx0ZXJzOnF1YWxpdHkoMTAwKS9uZWg=/Z2jnA0QZu_fss?st=xVpE9-iK8_9i2uzOkTPLSrQWjX5MSdlat_6lGewMX2A&ts=1709417716&e=0"]},{"title":"Predaj 1-izbového bytu priamo na Hviezdoslavovom námestí","address":"Hviezdoslavovo námestie, Dolný Kubín, okres Dolný Kubín","rooms":1,"meters":25,"totalPrice":82500,"meterSquarePrice":0,"link":"https://www.nehnutelnosti.sk/detail/Juk_8BIk-rr/predaj-1-izboveho-bytu-priamo-na-hviezdoslavovom-namesti","imagesUrls":["https://img.nehnutelnosti.sk/foto/NjAweDMzOC9maWx0ZXJzOnF1YWxpdHkoMTAwKS9uZWg=/xUne_S_E7_fss?st=2FPV3Vhreuzg3lOrqGiFV9x7t0PMZwpqxjxtCG2UE9g&ts=1726223065&e=0"]},{"title":"Penthouse na Nedbalovej ulici, 3 izby, terasa na streche","address":"Nedbalova, Nitra, okres Nitra","rooms":3,"meters":118,"totalPrice":262000,"meterSquarePrice":4,"link":"https://www.nehnutelnosti.sk/detail/JuW2BbochkP/penthouse-na-nedbalovej-ulici-3-izby-terasa-na-streche","imagesUrls":["https://img.nehnutelnosti.sk/foto/NjAweDMzOC9maWx0ZXJzOnF1YWxpdHkoMTAwKS9uZWg=/dl7zbmA6nM_fss?st=Z-i_pRHUwhs31d4hDWXbNv4LNa3SZlogGsx51xWXrrw&ts=1726158277&e=0"]},{"title":"Priestranný Novozrekonštruovaný 4 izb. byt pri Lidli - 80 m2","address":"Ukrajinská, Michalovce, okres Michalovce","rooms":4,"meters":null,"totalPrice":null,"meterSquarePrice":null,"link":"https://www.nehnutelnosti.sk/detail/Ju9Q_WGcE7C/priestranny-novozrekonstruovany-4-izb-byt-pri-lidli-80-m2","imagesUrls":["https://img.nehnutelnosti.sk/foto/NjAweDMzOC9maWx0ZXJzOnF1YWxpdHkoMTAwKS9uZWg=/3t7Hbrg1xb_fss?st=av2z7_2rwvwcihaalc-W-RBqJfZozceqq1cqk9EmLNE&ts=1724749293&e=0"]},{"title":"3 izbový byt s loggiou v tichej lokalite, BAKOŠOVA ul.","address":"Bakošova, Bratislava IV - Lamač, okres Bratislava","rooms":3,"meters":69,"totalPrice":185000,"meterSquarePrice":6,"link":"https://www.nehnutelnosti.sk/detail/JuEIlncri3w/3-izbovy-byt-s-loggiou-v-tichej-lokalite-bakosova-ul","imagesUrls":["https://img.nehnutelnosti.sk/foto/NjAweDMzOC9maWx0ZXJzOnF1YWxpdHkoMTAwKS9uZWg=/PTt1Icl-0g_fss?st=FlUNHzYjsGdTldnAoJ8MV42GZUsQzsm-jyP-e22Har8&ts=1720610703&e=0"]},{"title":"Predáme veľký 2-izb. byt s parkovacím miestom v Seredi","address":"Kukučínova, Sereď, okres Galanta","rooms":2,"meters":67,"totalPrice":130000,"meterSquarePrice":0,"link":"https://www.nehnutelnosti.sk/detail/Ju-AEIFe48Q/predame-velky-2-izb-byt-s-parkovacim-miestom-v-seredi","imagesUrls":["https://img.nehnutelnosti.sk/foto/NjAweDMzOC9maWx0ZXJzOnF1YWxpdHkoMTAwKS9uZWg=/-wJz6wXBtO_fss?st=z_hjz4iknEW1jCbqPv7mMogr28I_K63zLNYWnQ8ZZ0c&ts=1705053828&e=0"]},{"title":"Exkluzívne iba u nás v APEX reality 2i prerobený na 3i. na Hollého ul., 62 m2, kompletná rekonštrukc","address":"Hollého, Hlohovec, okres Hlohovec","rooms":2,"meters":62,"totalPrice":115000,"meterSquarePrice":4,"link":"https://www.nehnutelnosti.sk/detail/JukNzAWiGA8/exkluzivne-iba-u-nas-v-apex-reality-2i-prerobeny-na-3i-na-holleho-ul-62-m2-kompletna-rekonstrukc","imagesUrls":["https://img.nehnutelnosti.sk/foto/NjAweDMzOC9maWx0ZXJzOnF1YWxpdHkoMTAwKS9uZWg=/H8QVT0iaW_fss?st=zBJqMB9EWSG3YP4R_FDZfbI5-cvvE3TuW9gRAGPm9sM&ts=1720609319&e=0"]},{"title":"Ponúkame Vám na predaj 3 izbový byt Žilina BULVÁR.","address":"Antona Bernoláka, Žilina - Hliny, okres Žilina","rooms":3,"meters":78,"totalPrice":null,"meterSquarePrice":null,"link":"https://www.nehnutelnosti.sk/detail/JuR_MT6CBiu/ponukame-vam-na-predaj-3-izbovy-byt-zilina-bulvar","imagesUrls":["https://img.nehnutelnosti.sk/foto/NjAweDMzOC9maWx0ZXJzOnF1YWxpdHkoMTAwKS9uZWg=/OZI_rZp2S_fss?st=b1oGfOhHUJniGe1P3wsp1yRiuWNuWrhnp_q0WDbduI0&ts=1720608030&e=0"]},{"title":"AZ. 2 izbový nadčasový byt so záhradou v novom projekte Villabyty Pác","address":"Cífer, okres Trnava","rooms":2,"meters":56,"totalPrice":125900,"meterSquarePrice":1,"link":"https://www.nehnutelnosti.sk/detail/RbmPmHTJwHU/az-2-izbovy-nadcasovy-byt-so-zahradou-v-novom-projekte-villabyty-pac","imagesUrls":["https://img.unitedclassifieds.sk/foto/NjAweDMzOC9maWx0ZXJzOnF1YWxpdHkoMTAwKS9yc2I=/4H3zZa3Cw_fss?st=aW6UJM3ZF6sZ_URaBK6mQWRRlX49wXRLfl-cJGc4_e0&ts=1720606064&e=0"]},{"title":"Predaj 2IB s loggiou v Lednických Rovniach. Cenovka: 78900€.","address":"Súhradka, Lednické Rovne, okres Púchov","rooms":2,"meters":50,"totalPrice":null,"meterSquarePrice":null,"link":"https://www.nehnutelnosti.sk/detail/JuqmlOq3Mu5/predaj-2ib-s-loggiou-v-lednickych-rovniach-cenovka-78900","imagesUrls":["https://img.nehnutelnosti.sk/foto/NjAweDMzOC9maWx0ZXJzOnF1YWxpdHkoMTAwKS9uZWg=/DFS3DjO8R_fss?st=CVTIrzFAhRMKqxSVIf2bySKdJwE2enyPZJ9p2rOJ--U&ts=1716375686&e=0"]},{"title":"Rezervované Berg & Bauman – PREDAJ - 4-izbový byt, TOP REKONŠTRUKCIA, Riazanská, Nové mesto","address":"Riazanská 66, Bratislava III - Nové Mesto, okres Bratislava","rooms":4,"meters":1,"totalPrice":null,"meterSquarePrice":null,"link":"https://www.nehnutelnosti.sk/detail/JumsTcpC-1-/rezervovane-berg-bauman-predaj-4-izbovy-byt-top-rekonstrukcia-riazanska-nove-mesto","imagesUrls":["https://img.unitedclassifieds.sk/foto/NjAweDMzOC9maWx0ZXJzOnF1YWxpdHkoMTAwKS9qdWw=/WyK0Ob-3S_fss?st=bq0Hh_uYjr6cdTdiqjhUW-Tms9Yl1gh5A8MtBL0ydxo&ts=1719933009&e=0"]},{"title":"Na predaj 1 izbový byt s loggiou v novostavbe SQUARE, Poprad 3A","address":"Dlhé hony, Poprad, okres Poprad","rooms":1,"meters":35,"totalPrice":94986,"meterSquarePrice":0,"link":"https://www.nehnutelnosti.sk/detail/Judqnu_dmqb/na-predaj-1-izbovy-byt-s-loggiou-v-novostavbe-square-poprad-3a","imagesUrls":["https://img.unitedclassifieds.sk/foto/NjAweDMzOC9maWx0ZXJzOnF1YWxpdHkoMTAwKS9qdWw=/aSQ2wb8gWf_fss?st=bL77DrF78s0qcvBqJxlc_k8e7wnFXYZAy0giQhN-at4&ts=1720602076&e=0"]},{"title":"Zaujímavý 3,5 izb. byt na PREDAJ na Chorvátskej ul., Staré mesto","address":"Chorvátska, Bratislava I - Staré Mesto, okres Bratislava","rooms":4,"meters":110,"totalPrice":365000,"meterSquarePrice":8,"link":"https://www.nehnutelnosti.sk/detail/Ju8wv_8Ju_O/zaujimavy-3-5-izb-byt-na-predaj-na-chorvatskej-ul-stare-mesto","imagesUrls":["https://img.nehnutelnosti.sk/foto/NjAweDMzOC9maWx0ZXJzOnF1YWxpdHkoMTAwKS9uZWg=/8LrVHw0Ks_fss?st=9ZXnEczj1kkiWmCE2Ob5yKPl-x6V-OdAL5knN3Z8X_A&ts=1718376460&e=0"]},{"title":"Rezervované Berg & Bauman – PREDAJ - 4-izbový byt, TOP REKONŠTRUKCIA, Riazanská, Nové mesto","address":"Riazanská 66, Bratislava III - Nové Mesto, okres Bratislava","rooms":3,"meters":1,"totalPrice":null,"meterSquarePrice":null,"link":"https://www.nehnutelnosti.sk/detail/JuBKtmwOl9y/rezervovane-berg-bauman-predaj-4-izbovy-byt-top-rekonstrukcia-riazanska-nove-mesto","imagesUrls":["https://img.unitedclassifieds.sk/foto/NjAweDMzOC9maWx0ZXJzOnF1YWxpdHkoMTAwKS9qdWw=/fVwF259ja_fss?st=pHnb6NFtqxpg4z9ngAkKpB38rsqVBezqaHUqh9H2GSw&ts=1719932796&e=0"]},{"title":"Na predaj 2 izbový apartmán v Canggu na ostrove Bali","address":"Októbrová, Prešov, okres Prešov","rooms":2,"meters":50,"totalPrice":93000,"meterSquarePrice":0,"link":"https://www.nehnutelnosti.sk/detail/JuMolzNbAqk/na-predaj-2-izbovy-apartman-v-canggu-na-ostrove-bali","imagesUrls":["https://img.nehnutelnosti.sk/foto/NjAweDMzOC9maWx0ZXJzOnF1YWxpdHkoMTAwKS9uZWg=/Txq-4Qn-LX_fss?st=dC55-g0-nN9CfMXRSVUHY-t_lg43i1cy3BnhaVIiUPc&ts=1699362549&e=0"]},{"title":"Na predaj 2 izbové apartmány Cemagi na ostrove Bali","address":"Októbrová, Prešov, okres Prešov","rooms":2,"meters":48,"totalPrice":90000,"meterSquarePrice":5,"link":"https://www.nehnutelnosti.sk/detail/JuX4e_ee0RZ/na-predaj-2-izbove-apartmany-cemagi-na-ostrove-bali","imagesUrls":["https://img.nehnutelnosti.sk/foto/NjAweDMzOC9maWx0ZXJzOnF1YWxpdHkoMTAwKS9uZWg=/Ux_KQR97K_fss?st=mW6HzXCzx9fpEUGOTyqbZmJy3_7fiQmgNdfVVOQZp6g&ts=1699376631&e=0"]},{"title":"PREDPREDAJ 3.ETAPY - DUBOVÁ ALEJ - 3-izbový byt (K.I.2) s balkónom","address":"Bernolákovská, Ivanka pri Dunaji, okres Senec","rooms":3,"meters":58,"totalPrice":173865,"meterSquarePrice":8,"link":"https://www.nehnutelnosti.sk/detail/JuJQuoF21wI/predpredaj-3-etapy-dubova-alej-3-izbovy-byt-k-i-2-s-balkonom","imagesUrls":["https://img.unitedclassifieds.sk/foto/NjAweDMzOC9maWx0ZXJzOnF1YWxpdHkoMTAwKS9qdWw=/Jo45uLRGh_fss?st=oEK40YlPPL7qJ4XMbD-6JlSilCKKB7bz58t2ksRBnL4&ts=1720597179&e=0"]},{"title":"PREDPREDAJ 3.ETAPY - DUBOVÁ ALEJ - 1-izbový byt (B.I.2) s balkónom","address":"Bernolákovská, Ivanka pri Dunaji, okres Senec","rooms":1,"meters":33,"totalPrice":101280,"meterSquarePrice":0,"link":"https://www.nehnutelnosti.sk/detail/JuWlHHCWQsV/predpredaj-3-etapy-dubova-alej-1-izbovy-byt-b-i-2-s-balkonom","imagesUrls":["https://img.unitedclassifieds.sk/foto/NjAweDMzOC9maWx0ZXJzOnF1YWxpdHkoMTAwKS9qdWw=/WL0--_spy_fss?st=7gPrN5egg3AuVsn-VzqT8DDNVLgetVl9OVAfPAJROBY&ts=1720597134&e=0"]},{"title":"PREDPREDAJ 3. ETAPY - DUBOVÁ ALEJ - 1-izbový byt (J.I.3) s balkónom","address":"Bernolákovská, Ivanka pri Dunaji, okres Senec","rooms":1,"meters":34,"totalPrice":98841,"meterSquarePrice":8,"link":"https://www.nehnutelnosti.sk/detail/JuQ1h19ddYn/predpredaj-3-etapy-dubova-alej-1-izbovy-byt-j-i-3-s-balkonom","imagesUrls":["https://img.unitedclassifieds.sk/foto/NjAweDMzOC9maWx0ZXJzOnF1YWxpdHkoMTAwKS9qdWw=/kb-8Fjhec_fss?st=hm5UjxohogG80ZZLxVGQQ_-bJ_mD8B8avqQ3W3BKXg8&ts=1720597012&e=0"]},{"title":"*EXKLUZÍVNE* Na predaj svetlý 2-izbový byt vo Zvolene","address":"Zvolen, okres Zvolen","rooms":2,"meters":52,"totalPrice":108500,"meterSquarePrice":4,"link":"https://www.nehnutelnosti.sk/detail/JuNLB-iTKfg/exkluzivne-na-predaj-svetly-2-izbovy-byt-vo-zvolene","imagesUrls":["https://img.unitedclassifieds.sk/foto/NjAweDMzOC9maWx0ZXJzOnF1YWxpdHkoMTAwKS9qdWw=/VFO0NAqEf_fss?st=1Eu_nQbOnoBn5yTSx2ZNGhN8_qZVNQnAHzQQE4H2uzo&ts=1720592439&e=0"]}]