[{"title":"2- izbový byt v obci Kostolište","address":"Kostolište, Kostolište, okres Malacky","rooms":2,"meters":50,"totalPrice":120000,"meterSquarePrice":0,"link":"https://www.nehnutelnosti.sk/detail/JuiPwGAf3Gu/2-izbovy-byt-v-obci-kostoliste","imagesUrls":["https://img.nehnutelnosti.sk/foto/NjAweDMzOC9maWx0ZXJzOnF1YWxpdHkoMTAwKS9uZWg=/zF4SyafFi_fss?st=tfUSkrA3L5PCDWS_FH-_yfi9xyQz8-HL31x6OuHtn0U&ts=1726483774&e=0"]},{"title":"Kompletne zrekonštruovaný 3-izb. byt na Mlynskej ul. v Stupave","address":"Mlynská, Stupava, okres Malacky","rooms":3,"meters":68,"totalPrice":185000,"meterSquarePrice":9,"link":"https://www.nehnutelnosti.sk/detail/Jua-y_1jC2S/kompletne-zrekonstruovany-3-izb-byt-na-mlynskej-ul-v-stupave","imagesUrls":["https://img.nehnutelnosti.sk/foto/NjAweDMzOC9maWx0ZXJzOnF1YWxpdHkoMTAwKS9uZWg=/gqbQ9Aj23q_fss?st=hNw3Op6Za98FfaOV91aivBORF-IZWj5S0T81UrUTfYM&ts=1725890675&e=0"]},{"title":"Zariadený 2-izb. byt v Novej Dobe na Vajnorskej ul. v Novom Meste","address":"Vajnorská, Bratislava III - Nové Mesto, okres Bratislava","rooms":2,"meters":42,"totalPrice":203000,"meterSquarePrice":3,"link":"https://www.nehnutelnosti.sk/detail/JuCWxn1ve_a/zariadeny-2-izb-byt-v-novej-dobe-na-vajnorskej-ul-v-novom-meste","imagesUrls":["https://img.nehnutelnosti.sk/foto/NjAweDMzOC9maWx0ZXJzOnF1YWxpdHkoMTAwKS9uZWg=/hloINwfVG_fss?st=IxOunsXOjOmfIl_Ig563zz2sCY0FNoJt5qpJyxDxa68&ts=1726148014&e=0"]},{"title":"2-izb. byt na Palkovičovej ul. v Ružinove","address":"Palkovičova, Bratislava II - Ružinov, okres Bratislava","rooms":2,"meters":62,"totalPrice":200000,"meterSquarePrice":6,"link":"https://www.nehnutelnosti.sk/detail/JuD0WJrUfdc/2-izb-byt-na-palkovicovej-ul-v-ruzinove","imagesUrls":["https://img.nehnutelnosti.sk/foto/NjAweDMzOC9maWx0ZXJzOnF1YWxpdHkoMTAwKS9uZWg=/U6gdQPlRC_fss?st=E83j1CZ9rITdXlyd39dP47a6v5n4bLblXcQ6Hul1KTI&ts=1725006190&e=0"]},{"title":"Zrekonštruovaný 2-izb. byt na Mikovíniho ul. pri Račianskom Mýte","address":"Mikovíniho, Bratislava III - Nové Mesto, okres Bratislava","rooms":2,"meters":47,"totalPrice":198990,"meterSquarePrice":8,"link":"https://www.nehnutelnosti.sk/detail/JuntoKIdrIn/zrekonstruovany-2-izb-byt-na-mikoviniho-ul-pri-racianskom-myte","imagesUrls":["https://img.nehnutelnosti.sk/foto/NjAweDMzOC9maWx0ZXJzOnF1YWxpdHkoMTAwKS9uZWg=/aFBM75OaL-_fss?st=y0njePM8d3jexgvHXTT_gfkUKek4aWTPvTOYcKQasTo&ts=1724320774&e=0"]},{"title":"Moderne zrekonštruovaný 4-izb. byt na Riazanskej ul. v Novom Meste","address":"Riazanská, Bratislava III - Nové Mesto, okres Bratislava","rooms":4,"meters":70,"totalPrice":299900,"meterSquarePrice":9,"link":"https://www.nehnutelnosti.sk/detail/JuG7NWkLS7V/moderne-zrekonstruovany-4-izb-byt-na-riazanskej-ul-v-novom-meste","imagesUrls":["https://img.nehnutelnosti.sk/foto/NjAweDMzOC9maWx0ZXJzOnF1YWxpdHkoMTAwKS9uZWg=/xCpGO6w_ZJ_fss?st=qXJ13lszPt0_BqXIYDulo6PXA4fHpQVz9AY5lfm5R4U&ts=1724419296&e=0"]},{"title":"2-izb. byt s balkónom na Medzilaboreckej ul. v Ružinove","address":"Medzilaborecká, Bratislava II - Ružinov, okres Bratislava","rooms":2,"meters":60,"totalPrice":220000,"meterSquarePrice":7,"link":"https://www.nehnutelnosti.sk/detail/Ju7slaLMEbR/2-izb-byt-s-balkonom-na-medzilaboreckej-ul-v-ruzinove","imagesUrls":["https://img.nehnutelnosti.sk/foto/NjAweDMzOC9maWx0ZXJzOnF1YWxpdHkoMTAwKS9uZWg=/Og7kYNPx_5_fss?st=Mz4YuzY6Q1jjkaxoLMJHpDRroA1Lp-2mqaDFGSJk0hY&ts=1724407446&e=0"]},{"title":"DOBRÁ LOKALITA! 1 izb.byt na Moravskej ul. v BA-Nové Mesto","address":"Moravská, Bratislava III - Nové Mesto, okres Bratislava","rooms":1,"meters":37,"totalPrice":149900,"meterSquarePrice":9,"link":"https://www.nehnutelnosti.sk/detail/JuNkoSo_Jsh/dobra-lokalita-1-izb-byt-na-moravskej-ul-v-ba-nove-mesto","imagesUrls":["https://img.nehnutelnosti.sk/foto/NjAweDMzOC9maWx0ZXJzOnF1YWxpdHkoMTAwKS9uZWg=/uDHR0RZdrv_fss?st=2FUc15xfKIV0jTIg9Bj35H78s_RWBXSddUuE-qqrUXI&ts=1724440463&e=0"]},{"title":"3-izb. tehlový byt s pivnicou na Drieňovej ul. v Ružinove","address":"Drieňová, Bratislava II - Ružinov, okres Bratislava","rooms":3,"meters":69,"totalPrice":199000,"meterSquarePrice":6,"link":"https://www.nehnutelnosti.sk/detail/JuKO5AEKpAM/3-izb-tehlovy-byt-s-pivnicou-na-drienovej-ul-v-ruzinove","imagesUrls":["https://img.nehnutelnosti.sk/foto/NjAweDMzOC9maWx0ZXJzOnF1YWxpdHkoMTAwKS9uZWg=/oXNmu-eu3_fss?st=5dWXD4RwI5im1P-ZnXKWvUf33Cmq_OUEvP01Ak5urow&ts=1724403924&e=0"]},{"title":"Zariadený 3-izb. byt pri Trnavskom mýte v Novom Meste","address":"Trnavská cesta, Bratislava III - Nové Mesto, okres Bratislava","rooms":3,"meters":82,"totalPrice":269900,"meterSquarePrice":6,"link":"https://www.nehnutelnosti.sk/detail/JuYaukvFQ-c/zariadeny-3-izb-byt-pri-trnavskom-myte-v-novom-meste","imagesUrls":["https://img.nehnutelnosti.sk/foto/NjAweDMzOC9maWx0ZXJzOnF1YWxpdHkoMTAwKS9uZWg=/LL1EU5C_f_fss?st=fWB8NRV2CFHC6o45MWrYYBYJqIUhqRdCQtaW-joNCjM&ts=1722359831&e=0"]},{"title":"2-izb. byt s garážovým státím v novostavbe v Stupave","address":"Cementárenská, Stupava, okres Malacky","rooms":2,"meters":43,"totalPrice":164000,"meterSquarePrice":5,"link":"https://www.nehnutelnosti.sk/detail/JuYnam6ZCqi/2-izb-byt-s-garazovym-statim-v-novostavbe-v-stupave","imagesUrls":["https://img.nehnutelnosti.sk/foto/NjAweDMzOC9maWx0ZXJzOnF1YWxpdHkoMTAwKS9uZWg=/btgwCgfjE_fss?st=cIiMaAgQPhB7hxFaG3qQS3s5-hsBwLgrwJ7nFynzZ6U&ts=1724267267&e=0"]},{"title":"Zrekonštruovaný a klimatizovaný 2-izb. byt na Záhradníckej ul. v Ružinov","address":"Záhradnícka, Bratislava II - Ružinov, okres Bratislava","rooms":2,"meters":55,"totalPrice":246000,"meterSquarePrice":3,"link":"https://www.nehnutelnosti.sk/detail/JudRjVeb28Z/zrekonstruovany-a-klimatizovany-2-izb-byt-na-zahradnickej-ul-v-ruzinov","imagesUrls":["https://img.nehnutelnosti.sk/foto/NjAweDMzOC9maWx0ZXJzOnF1YWxpdHkoMTAwKS9uZWg=/OIUao1ihVB_fss?st=J0pNCJtCCLK5D3SG13LMexwQarvxb3b2RJ6T7Odd0us&ts=1722617841&e=0"]},{"title":"3-izb. byt s balkónom na Húščavovej ul. v Dúbravke","address":"Húščavova, Bratislava IV - Dúbravka, okres Bratislava","rooms":3,"meters":75,"totalPrice":199000,"meterSquarePrice":3,"link":"https://www.nehnutelnosti.sk/detail/Jul-DHZKaFI/3-izb-byt-s-balkonom-na-huscavovej-ul-v-dubravke","imagesUrls":["https://img.nehnutelnosti.sk/foto/NjAweDMzOC9maWx0ZXJzOnF1YWxpdHkoMTAwKS9uZWg=/VUIm8oB3Vd_fss?st=xpR3tg8UNKR6WDCjxzOEtdMD8Q2py11sZ2E7eyNztuE&ts=1724169541&e=0"]},{"title":"2-izb. byt na Podnikovej ul. v Novom Meste","address":"Podniková, Bratislava III - Nové Mesto, okres Bratislava","rooms":2,"meters":56,"totalPrice":165000,"meterSquarePrice":3,"link":"https://www.nehnutelnosti.sk/detail/JuPkinnfB2f/2-izb-byt-na-podnikovej-ul-v-novom-meste","imagesUrls":["https://img.nehnutelnosti.sk/foto/NjAweDMzOC9maWx0ZXJzOnF1YWxpdHkoMTAwKS9uZWg=/zVxPccBRjn_fss?st=IXwUre29GzhPnKXANnEARfLzXzeVf90IIfyqehYDzZA&ts=1722419158&e=0"]},{"title":"PRI LESE! Krásny, zariadený 3i.byt s PARK.MIESTOM-Pod Krásnou hôrkou na Kramároch","address":"Pod Krásnou hôrkou, Bratislava I - Staré Mesto, okres Bratislava","rooms":3,"meters":92,"totalPrice":419000,"meterSquarePrice":5,"link":"https://www.nehnutelnosti.sk/detail/JuGxJJU0H1G/pri-lese-krasny-zariadeny-3i-byt-s-park-miestom-pod-krasnou-horkou-na-kramaroch","imagesUrls":["https://img.nehnutelnosti.sk/foto/NjAweDMzOC9maWx0ZXJzOnF1YWxpdHkoMTAwKS9uZWg=/aXpDuuuAWW_fss?st=KPmpj3F2Dtv3RoeOGTY4ZG3dkCWHh84P2CJP3W61Xw4&ts=1723404178&e=0"]},{"title":"Zrekonštruovaný 3-izb. byt s loggiou na Vígľašskej ul. v Petržalke","address":"Vígľašská, Bratislava V - Petržalka, okres Bratislava","rooms":3,"meters":64,"totalPrice":217900,"meterSquarePrice":9,"link":"https://www.nehnutelnosti.sk/detail/Jufz8GLbKfe/zrekonstruovany-3-izb-byt-s-loggiou-na-viglasskej-ul-v-petrzalke","imagesUrls":["https://img.nehnutelnosti.sk/foto/NjAweDMzOC9maWx0ZXJzOnF1YWxpdHkoMTAwKS9uZWg=/81avz3jsT1_fss?st=z0pL87cKIIId8JXRHjBX40qRky095oTn7QfBPvw6DF0&ts=1724168731&e=0"]},{"title":"2-izb. byt s parkovaním v novostavbe na Nobelovej ul.","address":"Nobelova, Bratislava III - Nové Mesto, okres Bratislava","rooms":2,"meters":64,"totalPrice":270000,"meterSquarePrice":5,"link":"https://www.nehnutelnosti.sk/detail/Ju0YgeH4B0j/2-izb-byt-s-parkovanim-v-novostavbe-na-nobelovej-ul","imagesUrls":["https://img.nehnutelnosti.sk/foto/NjAweDMzOC9maWx0ZXJzOnF1YWxpdHkoMTAwKS9uZWg=/41m5971Tf_fss?st=gvq9wUK8WxEk0oGFq26VpPHOXLfnkYakhk35KggaQhY&ts=1722257900&e=0"]},{"title":"ZÁHRADA + 2 PARK.MIESTA! 3-izb. byt so záhradou a parkovaním v novostavbe v Moste pri Bratislave","address":"Záhradná, Most pri Bratislave, okres Senec","rooms":3,"meters":68,"totalPrice":223000,"meterSquarePrice":1,"link":"https://www.nehnutelnosti.sk/detail/JutNbvprW_g/zahrada-2-park-miesta-3-izb-byt-so-zahradou-a-parkovanim-v-novostavbe-v-moste-pri-bratislave","imagesUrls":["https://img.nehnutelnosti.sk/foto/NjAweDMzOC9maWx0ZXJzOnF1YWxpdHkoMTAwKS9uZWg=/B9kS0KEStP_fss?st=LPXROT-x37WFrkqA2nTHEiiuRK6Hq3FlejplxCZEXRQ&ts=1720467094&e=0"]},{"title":"3-izb. byt s loggiou na Gercenovej ul. v Petržalke","address":"Gercenova, Bratislava V - Petržalka, okres Bratislava","rooms":3,"meters":86,"totalPrice":299000,"meterSquarePrice":4,"link":"https://www.nehnutelnosti.sk/detail/Ju_1eZrtvh8/3-izb-byt-s-loggiou-na-gercenovej-ul-v-petrzalke","imagesUrls":["https://img.nehnutelnosti.sk/foto/NjAweDMzOC9maWx0ZXJzOnF1YWxpdHkoMTAwKS9uZWg=/Ly3j6xZIQb_fss?st=tVQM8me8OfI3u7Cu_vmKIeM35T4x4I1XLOdIB6px0FU&ts=1720601516&e=0"]},{"title":"Zariadený 2-izb. byt s predzáhradkou na Cementárenskej ul. v Stupave","address":"Cementárenská, Stupava, okres Malacky","rooms":2,"meters":59,"totalPrice":189000,"meterSquarePrice":2,"link":"https://www.nehnutelnosti.sk/detail/JuCNOfGDZgfq/zariadeny-2-izb-byt-s-predzahradkou-na-cementarenskej-ul-v-stupave","imagesUrls":["https://img.nehnutelnosti.sk/foto/NjAweDMzOC9maWx0ZXJzOnF1YWxpdHkoMTAwKS9uZWg=/NQvWf3u4h_fss?st=si3B3DzOCETewS0hCVMdnJIfc05dsptsICxUpOW_Krk&ts=1720097475&e=0"]},{"title":"Mezonetový byt na Novej dobe v Novom meste","address":"Vajnorská, Bratislava III - Nové Mesto, okres Bratislava","rooms":3,"meters":88,"totalPrice":285000,"meterSquarePrice":4,"link":"https://www.nehnutelnosti.sk/detail/JuQJWDxJN8_/mezonetovy-byt-na-novej-dobe-v-novom-meste","imagesUrls":["https://img.nehnutelnosti.sk/foto/NjAweDMzOC9maWx0ZXJzOnF1YWxpdHkoMTAwKS9uZWg=/J8_iEmvRY_fss?st=pG7vKVw-j1Q_4HjKWRC6QxrM4EtQJxuQv_-NkM_ml6s&ts=1718901987&e=0"]},{"title":"Moderný 4-izb. byt na Námestí 1. mája v Senci","address":"Námestie 1. mája, Senec, okres Senec","rooms":4,"meters":100,"totalPrice":255900,"meterSquarePrice":9,"link":"https://www.nehnutelnosti.sk/detail/JutospP-44n/moderny-4-izb-byt-na-namesti-1-maja-v-senci","imagesUrls":["https://img.nehnutelnosti.sk/foto/NjAweDMzOC9maWx0ZXJzOnF1YWxpdHkoMTAwKS9uZWg=/XWgONZXYrd_fss?st=KfyJJDgMdvCggs1CPf8ej1enBDKiealHDn0r7qOXRSk&ts=1718875415&e=0"]},{"title":"Garsónka s balkónom na Doležalovej ul. v Ružinove","address":"Doležalova, Bratislava II - Ružinov, okres Bratislava","rooms":null,"meters":25,"totalPrice":123000,"meterSquarePrice":0,"link":"https://www.nehnutelnosti.sk/detail/Ju5fJs9em1g/garsonka-s-balkonom-na-dolezalovej-ul-v-ruzinove","imagesUrls":["https://img.nehnutelnosti.sk/foto/NjAweDMzOC9maWx0ZXJzOnF1YWxpdHkoMTAwKS9uZWg=/1e39T7fFP_fss?st=015ZBGpn8bIsFbDFo1X-MmRKnRBFkytdPqQLesUV0Ds&ts=1718291043&e=0"]},{"title":"Kompletne zrekonštruovaný 4-izb. byt na Budyšínskej ul. v Novom Meste","address":"Budyšínska, Bratislava III - Nové Mesto, okres Bratislava","rooms":4,"meters":84,"totalPrice":339000,"meterSquarePrice":1,"link":"https://www.nehnutelnosti.sk/detail/Ju6M0bwmNKa/kompletne-zrekonstruovany-4-izb-byt-na-budysinskej-ul-v-novom-meste","imagesUrls":["https://img.nehnutelnosti.sk/foto/NjAweDMzOC9maWx0ZXJzOnF1YWxpdHkoMTAwKS9uZWg=/pTchlcVUd_fss?st=HwXPTpcOuGDqeDluZBsnit1vwy5XwDTCSqHDi805w-M&ts=1715938506&e=0"]},{"title":"3-izb. byt v novostavbe na Hradskej ul. vo Vrakuni","address":"Hradská, Bratislava II - Vrakuňa, okres Bratislava","rooms":3,"meters":61,"totalPrice":289000,"meterSquarePrice":0,"link":"https://www.nehnutelnosti.sk/detail/JuRZ2OmwAyb/3-izb-byt-v-novostavbe-na-hradskej-ul-vo-vrakuni","imagesUrls":["https://img.nehnutelnosti.sk/foto/NjAweDMzOC9maWx0ZXJzOnF1YWxpdHkoMTAwKS9uZWg=/GrNMJgzte_fss?st=XupHJiy5oCEViz8O6vMuzqjv40fpXW-jlvf58TC1KYM&ts=1716982840&e=0"]},{"title":"PRI LESE! Kvalitne kompletne zrekonštruovaný, ZARIADENÝ 2i.byt na ul. A.Gwerkovej","address":"Alžbety Gwerkovej, Bratislava V - Petržalka, okres Bratislava","rooms":2,"meters":50,"totalPrice":189900,"meterSquarePrice":8,"link":"https://www.nehnutelnosti.sk/detail/JuVfNzRgYFE/pri-lese-kvalitne-kompletne-zrekonstruovany-zariadeny-2i-byt-na-ul-a-gwerkovej","imagesUrls":["https://img.nehnutelnosti.sk/foto/NjAweDMzOC9maWx0ZXJzOnF1YWxpdHkoMTAwKS9uZWg=/mR7StQYas_fss?st=JccKv3IVX-awh3dJfEn7icp_69qeI9Sx_jsjJqM1_18&ts=1717496470&e=0"]},{"title":"VÝBORNÁ LOKALITA! Zariadený 3-izb. byt na Pečnianskej ul. na začiatku Petržalky","address":"Pečnianska, Bratislava V - Petržalka, okres Bratislava","rooms":3,"meters":66,"totalPrice":192000,"meterSquarePrice":1,"link":"https://www.nehnutelnosti.sk/detail/JueTrD7mowe/vyborna-lokalita-zariadeny-3-izb-byt-na-pecnianskej-ul-na-zaciatku-petrzalky","imagesUrls":["https://img.nehnutelnosti.sk/foto/NjAweDMzOC9maWx0ZXJzOnF1YWxpdHkoMTAwKS9uZWg=/LFZWd2Ioo_fss?st=WkJ2S5lL6U9Nb6fS5U-fenMTEJmGJPnJ6AwaENiSbsQ&ts=1716315825&e=0"]},{"title":"2-izb. byt s garážovým státím v projekte Diamant Vajnory","address":"Rybničná, Bratislava III - Vajnory, okres Bratislava","rooms":2,"meters":50,"totalPrice":229000,"meterSquarePrice":0,"link":"https://www.nehnutelnosti.sk/detail/Ju1GdH7kF9V/2-izb-byt-s-garazovym-statim-v-projekte-diamant-vajnory","imagesUrls":["https://img.nehnutelnosti.sk/foto/NjAweDMzOC9maWx0ZXJzOnF1YWxpdHkoMTAwKS9uZWg=/pKJQ2Vpq-M_fss?st=ihybr_qDC5F6_AmeoramV0palOY9ARUBYdCV-La-ffI&ts=1716322506&e=0"]},{"title":"Zrekonštruovaný 4-izb. byt na Závadskej ul. v Rači","address":"Závadská, Bratislava III - Rača, okres Bratislava","rooms":4,"meters":78,"totalPrice":230000,"meterSquarePrice":2,"link":"https://www.nehnutelnosti.sk/detail/JubvrWLBgMs/zrekonstruovany-4-izb-byt-na-zavadskej-ul-v-raci","imagesUrls":["https://img.nehnutelnosti.sk/foto/NjAweDMzOC9maWx0ZXJzOnF1YWxpdHkoMTAwKS9uZWg=/fb-nrTrbK-_fss?st=aAiuhGm5y6b2Jw5Y2OK0SAtiOgJp_rMzUwv20zcuHDQ&ts=1726043587&e=0"]},{"title":"2-izb. byt v projekte Urban residence v Novom Meste","address":"Račianska, Bratislava III - Nové Mesto, okres Bratislava","rooms":2,"meters":48,"totalPrice":265000,"meterSquarePrice":1,"link":"https://www.nehnutelnosti.sk/detail/JuaP9CO_nZn/2-izb-byt-v-projekte-urban-residence-v-novom-meste","imagesUrls":["https://img.nehnutelnosti.sk/foto/NjAweDMzOC9maWx0ZXJzOnF1YWxpdHkoMTAwKS9uZWg=/XfO7f4awyx_fss?st=ltiMohyKpP1Xcj0ph6CQqQrC-KX1zp69Tf6IsD4Pi8Y&ts=1714763875&e=0"]}]