[{"title":"NEWCASTLE⏐PREDAJ- najvyššie podlažie, 2i izbový byt (59,99m2) + terasa 10,88m2","address":"Lúčna, Prievidza, okres Prievidza","rooms":2,"meters":59,"totalPrice":null,"meterSquarePrice":null,"link":"https://www.nehnutelnosti.sk/detail/JuCr_o6cr7F/newcastlepredaj-najvyssie-podlazie-2i-izbovy-byt-59-99m2-terasa-10-88m2","imagesUrls":["https://img.nehnutelnosti.sk/foto/NjAweDMzOC9maWx0ZXJzOnF1YWxpdHkoMTAwKS9uZWg=/7WZvtk9_y_fss?st=esWMdaL9XvBicjKZuoyuRDF67SYiyTJAbYZenQAjADw&ts=1693513355&e=0"]},{"title":"NEWCASTLE⏐PREDAJ - Najvyššie podlažie, 4i izbový byt (90,36m2) + terasa  (ID - C25)","address":"Lúčna, Prievidza, okres Prievidza","rooms":4,"meters":90,"totalPrice":null,"meterSquarePrice":null,"link":"https://www.nehnutelnosti.sk/detail/JuSz5edlVRHs/newcastlepredaj-najvyssie-podlazie-4i-izbovy-byt-90-36m2-terasa-id-c25","imagesUrls":["https://img.nehnutelnosti.sk/foto/NjAweDMzOC9maWx0ZXJzOnF1YWxpdHkoMTAwKS9uZWg=/OEj4b0h45_fss?st=hDJF4ykektUk-Z6aGXJ3Rf1Qxegn_Ks9hXjHhhiCvkU&ts=1693909883&e=0"]},{"title":"NEWCASTLE⏐PREDAJ - novostavba 1i izbového bytu ( 36,3m2) + terasa 11,28m2","address":"Lúčna, Prievidza, okres Prievidza","rooms":1,"meters":36,"totalPrice":null,"meterSquarePrice":null,"link":"https://www.nehnutelnosti.sk/detail/JuOSU83ENZr/newcastlepredaj-novostavba-1i-izboveho-bytu-36-3m2-terasa-11-28m2","imagesUrls":["https://img.nehnutelnosti.sk/foto/NjAweDMzOC9maWx0ZXJzOnF1YWxpdHkoMTAwKS9uZWg=/5qba3cmIS_fss?st=Cmy-pvpY_q8VmZOHY8EexfUP5O1FA-eJCcDhyEIWRAc&ts=1693513348&e=0"]},{"title":"NEWCASTLE⏐REZERVOVANÉ - 2 izbového bytu (56,55m2) + veľká loggia","address":"Hutníkov, Žiar nad Hronom, okres Žiar nad Hronom","rooms":2,"meters":56,"totalPrice":79500,"meterSquarePrice":4,"link":"https://www.nehnutelnosti.sk/detail/JuKUCPkfFBx/newcastlerezervovane-2-izboveho-bytu-56-55m2-velka-loggia","imagesUrls":["https://img.nehnutelnosti.sk/foto/NjAweDMzOC9maWx0ZXJzOnF1YWxpdHkoMTAwKS9uZWg=/MqywHq5UV_fss?st=rN0TZ_IoZ9xvGd-yPvAIf_n5tVMopaZBtqEZCrrRhR8&ts=1721123979&e=0"]},{"title":"NEWCASTLE⏐PREDAJ - novostavba 2i izbového bytu (61,31m2) + terasoa 9,48m2","address":"Lúčna, Prievidza, okres Prievidza","rooms":2,"meters":61,"totalPrice":null,"meterSquarePrice":null,"link":"https://www.nehnutelnosti.sk/detail/Ju9gmmWw06s/newcastlepredaj-novostavba-2i-izboveho-bytu-61-31m2-terasoa-9-48m2","imagesUrls":["https://img.nehnutelnosti.sk/foto/NjAweDMzOC9maWx0ZXJzOnF1YWxpdHkoMTAwKS9uZWg=/eP3Wrlr2V_fss?st=lvFdzAH-dc1FtrvOZg-BjhYK0o8QLrm9E00fxurT8Hk&ts=1693513343&e=0"]},{"title":"NEWCASTLE⏐PREDAJ - novostavba 3i izbového bytu (75,4m2) + terasa","address":"Lúčna, Prievidza, okres Prievidza","rooms":3,"meters":75,"totalPrice":null,"meterSquarePrice":null,"link":"https://www.nehnutelnosti.sk/detail/JuWgpFO2Z4G/newcastlepredaj-novostavba-3i-izboveho-bytu-75-4m2-terasa","imagesUrls":["https://img.nehnutelnosti.sk/foto/NjAweDMzOC9maWx0ZXJzOnF1YWxpdHkoMTAwKS9uZWg=/9qaKwUnqo_fss?st=kon7ujbYWlJlRNh1Z3wEXNX2_AAcgTWxJzZDPO9NrRY&ts=1693513343&e=0"]},{"title":"NEWCASTLE⏐PREDAJ - novostavba 2i izbového bytu (59,78m2) + terasa 10,88m2","address":"Lúčna, Prievidza, okres Prievidza","rooms":2,"meters":59,"totalPrice":null,"meterSquarePrice":null,"link":"https://www.nehnutelnosti.sk/detail/JulhtaKNuLP/newcastlepredaj-novostavba-2i-izboveho-bytu-59-78m2-terasa-10-88m2","imagesUrls":["https://img.nehnutelnosti.sk/foto/NjAweDMzOC9maWx0ZXJzOnF1YWxpdHkoMTAwKS9uZWg=/ktbnaUrz5_fss?st=ggl1OrFut3YEC23EqN-b2ztoLiqV3heyn5YVfLhpNHc&ts=1693513340&e=0"]},{"title":"NEWCASTLE⏐PREDAJ - novostavba 3i izbového bytu (75,4m2) + terasa","address":"Lúčna, Prievidza, okres Prievidza","rooms":3,"meters":75,"totalPrice":null,"meterSquarePrice":null,"link":"https://www.nehnutelnosti.sk/detail/JuaGOUkrdk2/newcastlepredaj-novostavba-3i-izboveho-bytu-75-4m2-terasa","imagesUrls":["https://img.nehnutelnosti.sk/foto/NjAweDMzOC9maWx0ZXJzOnF1YWxpdHkoMTAwKS9uZWg=/mIwq68j8p_fss?st=wNRgmrpFRfd0dbQ_J6zzYLE-f3no-Abj8VJxgsB0_iU&ts=1693513346&e=0"]},{"title":"NEWCASTLE⏐PREDAJ - novostavba 3i izbového bytu (75,4m2) + terasa","address":"Lúčna, Prievidza, okres Prievidza","rooms":3,"meters":75,"totalPrice":null,"meterSquarePrice":null,"link":"https://www.nehnutelnosti.sk/detail/JuwiJodsO6l/newcastlepredaj-novostavba-3i-izboveho-bytu-75-4m2-terasa","imagesUrls":["https://img.nehnutelnosti.sk/foto/NjAweDMzOC9maWx0ZXJzOnF1YWxpdHkoMTAwKS9uZWg=/8UhveiyjP_fss?st=_5AFZHshTT4wk6DeeL1nNOoBbaoOtnJpwU-eGISEEyA&ts=1693513347&e=0"]},{"title":"NEWCASTLE⏐PREDAJ - novostavba 1i izbového bytu ( 36,3m2) + terasa 11,28m2","address":"Lúčna, Prievidza, okres Prievidza","rooms":1,"meters":36,"totalPrice":null,"meterSquarePrice":null,"link":"https://www.nehnutelnosti.sk/detail/Jue3haiwmgK/newcastlepredaj-novostavba-1i-izboveho-bytu-36-3m2-terasa-11-28m2","imagesUrls":["https://img.nehnutelnosti.sk/foto/NjAweDMzOC9maWx0ZXJzOnF1YWxpdHkoMTAwKS9uZWg=/MH6G0Iwcd_fss?st=r35OSUiKPngQU6UVoog1bCI45qOqHj2stH-cQY5z6F0&ts=1693513345&e=0"]},{"title":"NEWCASTLE⏐PREDAJ - novostavba 3i izbového bytu (75,4m2) + terasa","address":"Lúčna, Prievidza, okres Prievidza","rooms":3,"meters":75,"totalPrice":null,"meterSquarePrice":null,"link":"https://www.nehnutelnosti.sk/detail/JuBk33DhIXg/newcastlepredaj-novostavba-3i-izboveho-bytu-75-4m2-terasa","imagesUrls":["https://img.nehnutelnosti.sk/foto/NjAweDMzOC9maWx0ZXJzOnF1YWxpdHkoMTAwKS9uZWg=/zjolnp8Yj_fss?st=LNOPFKBO_qhQ9j7T5DQcnF0amDxWgiC8lMFZf9azZAY&ts=1693513340&e=0"]},{"title":"NEWCASTLE⏐PREDAJ - novostavba 1i izbového bytu ( 36,3m2) + terasa 11,28m2","address":"Lúčna, Prievidza, okres Prievidza","rooms":1,"meters":36,"totalPrice":null,"meterSquarePrice":null,"link":"https://www.nehnutelnosti.sk/detail/Jujj4g7XVmh/newcastlepredaj-novostavba-1i-izboveho-bytu-36-3m2-terasa-11-28m2","imagesUrls":["https://img.nehnutelnosti.sk/foto/NjAweDMzOC9maWx0ZXJzOnF1YWxpdHkoMTAwKS9uZWg=/LVCrupORj_fss?st=lIwtVjYAR9nW1LwQOWY39oPK6U_nlSmNGDQ326JG51E&ts=1693513338&e=0"]},{"title":"NEWCASTLE⏐PREDAJ - novostavba 2i izbového bytu (59,99m2) + terasa 10,88m2","address":"Lúčna, Prievidza, okres Prievidza","rooms":2,"meters":59,"totalPrice":null,"meterSquarePrice":null,"link":"https://www.nehnutelnosti.sk/detail/JuwZ0WzuD5_/newcastlepredaj-novostavba-2i-izboveho-bytu-59-99m2-terasa-10-88m2","imagesUrls":["https://img.nehnutelnosti.sk/foto/NjAweDMzOC9maWx0ZXJzOnF1YWxpdHkoMTAwKS9uZWg=/nStenFUty_fss?st=rXsdd8pheyyoi73lwQocDZUK1K3LaYpWbZSt-7vHxA4&ts=1693513340&e=0"]},{"title":"NEWCASTLE⏐PREDAJ - novostavba 3i izbového bytu (76, 07m2) + terasa","address":"Aurela Stodolu, Prievidza, okres Prievidza","rooms":3,"meters":76,"totalPrice":null,"meterSquarePrice":null,"link":"https://www.nehnutelnosti.sk/detail/JuSxda7qeIL/newcastlepredaj-novostavba-3i-izboveho-bytu-76-07m2-terasa","imagesUrls":["https://img.nehnutelnosti.sk/foto/NjAweDMzOC9maWx0ZXJzOnF1YWxpdHkoMTAwKS9uZWg=/SCYurpr8d_fss?st=BjI2L-kyYVWU_UKwqt3-YJWPykNG6FuaTR31w1olyok&ts=1692171127&e=0"]},{"title":"NEWCASTLE⏐PREDAJ - novostavba 3i izbového bytu (76, 07m2) + terasa","address":"Aurela Stodolu, Prievidza, okres Prievidza","rooms":3,"meters":76,"totalPrice":null,"meterSquarePrice":null,"link":"https://www.nehnutelnosti.sk/detail/Juy8jUvyrAr/newcastlepredaj-novostavba-3i-izboveho-bytu-76-07m2-terasa","imagesUrls":["https://img.nehnutelnosti.sk/foto/NjAweDMzOC9maWx0ZXJzOnF1YWxpdHkoMTAwKS9uZWg=/ztt2ggqZR_fss?st=g43IwcTru8hmGoh3fD1_swND0CKCS8JPqDrabLyUryY&ts=1692189989&e=0"]},{"title":"NEWCASTLE⏐PREDAJ - novostavba 3i izbového bytu s terasou 11,27m2","address":"Aurela Stodolu, Prievidza, okres Prievidza","rooms":3,"meters":75,"totalPrice":null,"meterSquarePrice":null,"link":"https://www.nehnutelnosti.sk/detail/Ju7iyST8J4XY/newcastlepredaj-novostavba-3i-izboveho-bytu-s-terasou-11-27m2","imagesUrls":["https://img.nehnutelnosti.sk/foto/NjAweDMzOC9maWx0ZXJzOnF1YWxpdHkoMTAwKS9uZWg=/kWuKqNEj8_fss?st=kFXxPsF6FCcW2X3iLFiOs4t8A3MWz1ZQeEdbCpFWeAU&ts=1692112613&e=0"]},{"title":"NEWCASTLE⏐PREDAJ - novostavba 3i izbového bytu (76, 07m2) + terasa","address":"Aurela Stodolu, Prievidza, okres Prievidza","rooms":3,"meters":76,"totalPrice":null,"meterSquarePrice":null,"link":"https://www.nehnutelnosti.sk/detail/JuRJ2KB0H-r/newcastlepredaj-novostavba-3i-izboveho-bytu-76-07m2-terasa","imagesUrls":["https://img.nehnutelnosti.sk/foto/NjAweDMzOC9maWx0ZXJzOnF1YWxpdHkoMTAwKS9uZWg=/4X3qa1wg1_fss?st=eiIklOVg7mLvfTyAddB-x4j9BoXOni919BvaFatP-uE&ts=1692171129&e=0"]},{"title":"NEWCASTLE⏐PREDAJ - novostavba 2i izbového bytu s veľkorysou terasou 10,88m2","address":"Lúčna, Prievidza, okres Prievidza","rooms":2,"meters":59,"totalPrice":null,"meterSquarePrice":null,"link":"https://www.nehnutelnosti.sk/detail/Ju6XH60Kdbw/newcastlepredaj-novostavba-2i-izboveho-bytu-s-velkorysou-terasou-10-88m2","imagesUrls":["https://img.nehnutelnosti.sk/foto/NjAweDMzOC9maWx0ZXJzOnF1YWxpdHkoMTAwKS9uZWg=/ARQyPD1Pq_fss?st=7iezjyk92lnq8V1pyhyms98kZVaBQ-4ZKqJ1LlZXgy0&ts=1693513332&e=0"]},{"title":"NEWCASTLE⏐PREDAJ - novostavba 3i izbového bytu (76, 07m2) + terasa","address":"Aurela Stodolu, Prievidza, okres Prievidza","rooms":3,"meters":76,"totalPrice":null,"meterSquarePrice":null,"link":"https://www.nehnutelnosti.sk/detail/JukO6cjuj-T/newcastlepredaj-novostavba-3i-izboveho-bytu-76-07m2-terasa","imagesUrls":["https://img.nehnutelnosti.sk/foto/NjAweDMzOC9maWx0ZXJzOnF1YWxpdHkoMTAwKS9uZWg=/oYNvusC0i_fss?st=jTb0Rwfx_T9ONN5iUKjQaAbPOKGKxCExNxRIqZ4Sja8&ts=1692171132&e=0"]},{"title":"NEWCASTLE⏐PREDAJ - novostavba 2i izbového bytu s veľkorysou terasou 9,48m2","address":"Lúčna, Prievidza, okres Prievidza","rooms":2,"meters":61,"totalPrice":null,"meterSquarePrice":null,"link":"https://www.nehnutelnosti.sk/detail/Ju8g9iUsD3U/newcastlepredaj-novostavba-2i-izboveho-bytu-s-velkorysou-terasou-9-48m2","imagesUrls":["https://img.nehnutelnosti.sk/foto/NjAweDMzOC9maWx0ZXJzOnF1YWxpdHkoMTAwKS9uZWg=/MfVj0GpWG_fss?st=IiXiIPddi5FEhiWpyh5WpB4E0tn32_kBCUse_WiEGUk&ts=1693513332&e=0"]},{"title":"NEWCASTLE⏐PREDAJ - novostavba 3i izbového bytu (75,4m2) + terasa","address":"Lúčna, Prievidza, okres Prievidza","rooms":3,"meters":75,"totalPrice":null,"meterSquarePrice":null,"link":"https://www.nehnutelnosti.sk/detail/JukBLSP0rF3/newcastlepredaj-novostavba-3i-izboveho-bytu-75-4m2-terasa","imagesUrls":["https://img.nehnutelnosti.sk/foto/NjAweDMzOC9maWx0ZXJzOnF1YWxpdHkoMTAwKS9uZWg=/w9o4lRxQu_fss?st=ooo-MjoQLw73YrObL4UOt6CweNB6L9aFsfuvfRs6Kc4&ts=1693513332&e=0"]},{"title":"NEWCASTLE⏐PREDAJ - novostavba 3i izbového bytu (76, 07m2) + terasa","address":"Aurela Stodolu, Prievidza, okres Prievidza","rooms":3,"meters":76,"totalPrice":null,"meterSquarePrice":null,"link":"https://www.nehnutelnosti.sk/detail/Ju4wD5DVQNG/newcastlepredaj-novostavba-3i-izboveho-bytu-76-07m2-terasa","imagesUrls":["https://img.nehnutelnosti.sk/foto/NjAweDMzOC9maWx0ZXJzOnF1YWxpdHkoMTAwKS9uZWg=/TF7URXOL4_fss?st=wGG757_DvILFJ_fCu6QrA5sQ9z3YkhIu9puP42Jcvjo&ts=1692171124&e=0"]},{"title":"NEWCASTLE⏐PREDAJ - novostavba 3i izbového bytu s terasou 11,27m2","address":"Aurela Stodolu, Prievidza, okres Prievidza","rooms":3,"meters":76,"totalPrice":null,"meterSquarePrice":null,"link":"https://www.nehnutelnosti.sk/detail/Jumw1lgXkab/newcastlepredaj-novostavba-3i-izboveho-bytu-s-terasou-11-27m2","imagesUrls":["https://img.nehnutelnosti.sk/foto/NjAweDMzOC9maWx0ZXJzOnF1YWxpdHkoMTAwKS9uZWg=/Q4DoXy5X9_fss?st=vGT5x-OAyqOshffUn0f1HKcMBYG5p0t9Whz7exY7sCk&ts=1692112617&e=0"]},{"title":"NEWCASTLE⏐PREDAJ - novostavba 3i izbového bytu (75, 66m2) s terasou","address":"Aurela Stodolu, Prievidza, okres Prievidza","rooms":3,"meters":75,"totalPrice":null,"meterSquarePrice":null,"link":"https://www.nehnutelnosti.sk/detail/JumNd2qBWOe/newcastlepredaj-novostavba-3i-izboveho-bytu-75-66m2-s-terasou","imagesUrls":["https://img.nehnutelnosti.sk/foto/NjAweDMzOC9maWx0ZXJzOnF1YWxpdHkoMTAwKS9uZWg=/Bm4-hFItu_fss?st=nIV1IkX4MX2NM1tdAznlgDyamGRtvRomftgWVDc8RfI&ts=1692170242&e=0"]},{"title":"NEWCASTLE⏐PREDAJ - novostavba 3i izbového bytu s terasou 11,27m2","address":"Aurela Stodolu, Prievidza, okres Prievidza","rooms":3,"meters":76,"totalPrice":null,"meterSquarePrice":null,"link":"https://www.nehnutelnosti.sk/detail/Ju4KGZDSs80/newcastlepredaj-novostavba-3i-izboveho-bytu-s-terasou-11-27m2","imagesUrls":["https://img.nehnutelnosti.sk/foto/NjAweDMzOC9maWx0ZXJzOnF1YWxpdHkoMTAwKS9uZWg=/9uTyaB-A7_fss?st=CO3xcn5V7A4x2b3d6BtxnXyeeqA556lTW5XgAzJne50&ts=1692112604&e=0"]},{"title":"NEWCASTLE⏐PREDAJ - novostavba 3i izbového bytu s terasou 11,27m2","address":"Aurela Stodolu, Prievidza, okres Prievidza","rooms":3,"meters":75,"totalPrice":null,"meterSquarePrice":null,"link":"https://www.nehnutelnosti.sk/detail/Ju6YVjsx7KH/newcastlepredaj-novostavba-3i-izboveho-bytu-s-terasou-11-27m2","imagesUrls":["https://img.nehnutelnosti.sk/foto/NjAweDMzOC9maWx0ZXJzOnF1YWxpdHkoMTAwKS9uZWg=/j-0HUUOHC8_fss?st=BFo1UBGhI0ezgP_yBI3EkvX6N6YBC_UVVAH8S1hpfoU&ts=1692112609&e=0"]},{"title":"NEWCASTLE⏐PREDAJ - novostavba 3i izbového bytu s terasou 11,27m2","address":"Aurela Stodolu, Prievidza, okres Prievidza","rooms":3,"meters":76,"totalPrice":null,"meterSquarePrice":null,"link":"https://www.nehnutelnosti.sk/detail/JuMm9pG5Vs1/newcastlepredaj-novostavba-3i-izboveho-bytu-s-terasou-11-27m2","imagesUrls":["https://img.nehnutelnosti.sk/foto/NjAweDMzOC9maWx0ZXJzOnF1YWxpdHkoMTAwKS9uZWg=/5KSTN3Z2I_fss?st=jleibHXI0nRQHJftubUlmtw-wjsH2r9j-pi-T09FCG8&ts=1692112612&e=0"]},{"title":"NEWCASTLE⏐PREDAJ - novostavba 3i izbového bytu s terasou 11,27m2","address":"Aurela Stodolu, Prievidza, okres Prievidza","rooms":3,"meters":76,"totalPrice":null,"meterSquarePrice":null,"link":"https://www.nehnutelnosti.sk/detail/Ju2DKt49nkP/newcastlepredaj-novostavba-3i-izboveho-bytu-s-terasou-11-27m2","imagesUrls":["https://img.nehnutelnosti.sk/foto/NjAweDMzOC9maWx0ZXJzOnF1YWxpdHkoMTAwKS9uZWg=/hMXok9O0Z_fss?st=uYMifixqqdp5-t3u2DLp2Glt4KVb3k1zfrxFf5hLdxM&ts=1692112610&e=0"]},{"title":"NEWCASTLE⏐Predaj 2 izbového bytu s loggiou (51,34m2) voľný ihneď","address":"Na Hôrke, Nitra, okres Nitra","rooms":2,"meters":51,"totalPrice":102000,"meterSquarePrice":0,"link":"https://www.nehnutelnosti.sk/detail/JuzWC5p7dJ5/newcastlepredaj-2-izboveho-bytu-s-loggiou-51-34m2-volny-ihned","imagesUrls":["https://img.nehnutelnosti.sk/foto/NjAweDMzOC9maWx0ZXJzOnF1YWxpdHkoMTAwKS9uZWg=/y8xZrl8YK_fss?st=1a8R0jbGSRnOEjysI9pSjFzi_drKnNUzjgxOIXU-YZ4&ts=1690468525&e=0"]},{"title":"Slnečný, zariadený 3 - izbový byt Ružinov. IHNEĎ K NASŤAHOVANIU!","address":"Prístavná 1, Bratislava II - Ružinov, okres Bratislava","rooms":3,"meters":100,"totalPrice":400020,"meterSquarePrice":6,"link":"https://www.nehnutelnosti.sk/detail/JugKDIXeFdm/slnecny-zariadeny-3-izbovy-byt-ruzinov-ihned-k-nastahovaniu","imagesUrls":["https://img.unitedclassifieds.sk/foto/NjAweDMzOC9maWx0ZXJzOnF1YWxpdHkoMTAwKS9qdWw=/-kqJh5jIV_fss?st=nOcosKm2-DmnNEUPdoTJCtL48oWsSK0HubGxPftBwyU&ts=1723549369&e=0"]}]