[{"title":"Prerobený 1 izbový byt s balkónom (zariadený) - Nitra, Klokočina","address":"Nitra, okres Nitra","rooms":1,"meters":36,"totalPrice":110000,"meterSquarePrice":0,"link":"https://www.nehnutelnosti.sk/detail/JuBrzbKizSv/prerobeny-1-izbovy-byt-s-balkonom-zariadeny-nitra-klokocina","imagesUrls":["https://img.nehnutelnosti.sk/foto/NjAweDMzOC9maWx0ZXJzOnF1YWxpdHkoMTAwKS9uZWg=/qQ2bPXn2nl_fss?st=y60MAvHUEAfKHc8WZH2GTdWypqHAVGCpLmmAGv5LnBs&ts=1726758132&e=0"]},{"title":"VEĽKÝ 2 IZB. BYT S LODŽIOU, RUŽINOV – NIVY.","address":"Palkovičova, Bratislava II - Ružinov, okres Bratislava","rooms":2,"meters":67,"totalPrice":199900,"meterSquarePrice":8,"link":"https://www.nehnutelnosti.sk/detail/Ju2WVSSB3jU/velky-2-izb-byt-s-lodziou-ruzinov-nivy","imagesUrls":["https://img.nehnutelnosti.sk/foto/NjAweDMzOC9maWx0ZXJzOnF1YWxpdHkoMTAwKS9uZWg=/11V0-6GQo_fss?st=-C5AHrxgJ0VzjupdCuQGYmo9ZQC7g5bh07MaHM3eXpo&ts=1726648684&e=0"]},{"title":"2-izbový byt v Petržalke na Lužnej ulici, TOP LOKALITA, BOSAKOVA","address":"Lužná, Bratislava V - Petržalka, okres Bratislava","rooms":2,"meters":55,"totalPrice":259000,"meterSquarePrice":6,"link":"https://www.nehnutelnosti.sk/detail/JuNK-9NZ1zW/2-izbovy-byt-v-petrzalke-na-luznej-ulici-top-lokalita-bosakova","imagesUrls":["https://img.nehnutelnosti.sk/foto/NjAweDMzOC9maWx0ZXJzOnF1YWxpdHkoMTAwKS9uZWg=/WGCuGKDko_fss?st=3FaqTsgJH8YOAAHbU8dK8X47hvIRZQShpTlCD7vMmRE&ts=1726757307&e=0"]},{"title":"** NOVOSTAVBA BORIA ** 3 izb. byt so samostatným šatníkom, 80m2 + 2x terasa – DRIEŇOVÁ, ŠTRKOVEC","address":"Drieňová, Bratislava II - Ružinov, okres Bratislava","rooms":3,"meters":80,"totalPrice":380000,"meterSquarePrice":0,"link":"https://www.nehnutelnosti.sk/detail/Ju2NnFo_3XL/novostavba-boria-3-izb-byt-so-samostatnym-satnikom-80m2-2x-terasa-drienova-strkovec","imagesUrls":["https://img.unitedclassifieds.sk/foto/NjAweDMzOC9maWx0ZXJzOnF1YWxpdHkoMTAwKS9qdWw=/wgiSFFBOZ_fss?st=N2qz2U-BknGJeQATCne8FovVn74fC64JWwE7m0lGgok&ts=1724686814&e=0"]},{"title":"Priestranný, 3-izbový byt","address":"Dr. D. Úradníčka, Stará Turá, okres Nové Mesto nad Váhom","rooms":3,"meters":97,"totalPrice":null,"meterSquarePrice":null,"link":"https://www.nehnutelnosti.sk/detail/JuM5FWm5ALJ/priestranny-3-izbovy-byt","imagesUrls":["https://img.nehnutelnosti.sk/foto/NjAweDMzOC9maWx0ZXJzOnF1YWxpdHkoMTAwKS9uZWg=/0Nx7EKSYK_fss?st=EoXk3Mds9JkAZSfbWXHedgd8ZenqoVWd8_c2oR2Vmv8&ts=1726007025&e=0"]},{"title":"Priestranný, 3-izbový byt, so záhradou a garážou","address":"Horná Streda, Horná Streda, okres Nové Mesto nad Váhom","rooms":3,"meters":100,"totalPrice":null,"meterSquarePrice":null,"link":"https://www.nehnutelnosti.sk/detail/JuNzsAuHqTp/priestranny-3-izbovy-byt-so-zahradou-a-garazou","imagesUrls":["https://img.nehnutelnosti.sk/foto/NjAweDMzOC9maWx0ZXJzOnF1YWxpdHkoMTAwKS9uZWg=/WXEM1XVtWU_fss?st=8vGl1O_qhSieBhiuIfLHHrulvn90TkiHdTb2qm_heHY&ts=1726270401&e=0"]},{"title":"JKV REAL - 2i byt v Prievoze","address":"Sladová, Bratislava II - Ružinov, okres Bratislava","rooms":2,"meters":67,"totalPrice":224000,"meterSquarePrice":8,"link":"https://www.nehnutelnosti.sk/detail/JupeG3IOLd-/jkv-real-2i-byt-v-prievoze","imagesUrls":["https://img.nehnutelnosti.sk/foto/NjAweDMzOC9maWx0ZXJzOnF1YWxpdHkoMTAwKS9uZWg=/zZi-KTOps_fss?st=0DqY_RsHJ6Cs6p5cZDG1MqBp2fwgpZL1k42SAfEGUnQ&ts=1726218621&e=0"]},{"title":"Na predaj 2 izbový byt v peknej lokalite, ulica Tekeľová.","address":"Tekeľová, Prešov, okres Prešov","rooms":2,"meters":52,"totalPrice":145000,"meterSquarePrice":6,"link":"https://www.nehnutelnosti.sk/detail/Ju3IOh0KauZ/na-predaj-2-izbovy-byt-v-peknej-lokalite-ulica-tekelova","imagesUrls":["https://img.nehnutelnosti.sk/foto/NjAweDMzOC9maWx0ZXJzOnF1YWxpdHkoMTAwKS9uZWg=/tv0VIIDM4F_fss?st=5qjo6-o7fnCfrir-0FhT_6aozMFII-sZP4JXNi4LNAg&ts=1726236125&e=0"]},{"title":"3.IZBOVÝ BYT S LOGIÓU 61m2 HLOHOVEC","address":"Nábrežie A. Hlinku, Hlohovec, okres Hlohovec","rooms":3,"meters":61,"totalPrice":133990,"meterSquarePrice":6,"link":"https://www.nehnutelnosti.sk/detail/JuLNpeQ-LGC/3-izbovy-byt-s-logiou-61m2-hlohovec","imagesUrls":["https://img.nehnutelnosti.sk/foto/NjAweDMzOC9maWx0ZXJzOnF1YWxpdHkoMTAwKS9uZWg=/00eZ_uwnEg_fss?st=5YpA_EnMVDX25R8uDu5XG949Vb6rI0uTIEXAvNx4oBI&ts=1709753624&e=0"]},{"title":"NOVÉ FOTOGRAFIE! PREDAJ 2-IZB. BYTOV NA ÚPÄTÍ MALÝCH KARPÁT V PROJEKTE ZELENÉ NIVY - PEZINOK, GRINAV","address":"Limbašská cesta, Pezinok, okres Pezinok","rooms":2,"meters":52,"totalPrice":165000,"meterSquarePrice":5,"link":"https://www.nehnutelnosti.sk/detail/Jui_VsGK6v7/nove-fotografie-predaj-2-izb-bytov-na-upati-malych-karpat-v-projekte-zelene-nivy-pezinok-grinav","imagesUrls":["https://img.unitedclassifieds.sk/foto/NjAweDMzOC9maWx0ZXJzOnF1YWxpdHkoMTAwKS9qdWw=/1Srcp0zgK_fss?st=qEMvgUvpbxYC1TpI9_H85i0s06MwaeGCF5Aq8fRtXf4&ts=1725810866&e=0"]},{"title":"2i byt v pôvodnom stave v Novom Meste pri Kuchajde","address":"Vajnorská, Bratislava III - Nové Mesto, okres Bratislava","rooms":2,"meters":54,"totalPrice":174990,"meterSquarePrice":6,"link":"https://www.nehnutelnosti.sk/detail/Juwilg856eJ/2i-byt-v-povodnom-stave-v-novom-meste-pri-kuchajde","imagesUrls":["https://img.nehnutelnosti.sk/foto/NjAweDMzOC9maWx0ZXJzOnF1YWxpdHkoMTAwKS9uZWg=/p-1aWI362_fss?st=KxLcF9CfJC_CtO-1sXnnaVkWOwWOc7fzPFF46XGWbxk&ts=1725614494&e=0"]},{"title":"3D obhliadka - 2 izb. mezonet vo Vajnoroch (byt + záhrada za 1 cenu)","address":"Baničova, Bratislava III - Vajnory, okres Bratislava","rooms":null,"meters":130,"totalPrice":215000,"meterSquarePrice":5,"link":"https://www.nehnutelnosti.sk/detail/Ju4L2u0yEju/3d-obhliadka-2-izb-mezonet-vo-vajnoroch-byt-zahrada-za-1-cenu","imagesUrls":["https://img.nehnutelnosti.sk/foto/NjAweDMzOC9maWx0ZXJzOnF1YWxpdHkoMTAwKS9uZWg=/Jnm67qt26_fss?st=CuWtMmx9P6EL02zFy9v0nQUb8IPY49rh95bG6Z5Ugws&ts=1726491706&e=0"]},{"title":"ZĽAVA !!! - Na predaj 4 izbový nadštandardne veľký byt + 3D OBHLIADKA / JKV REAL","address":"Levice, Levice, okres Levice","rooms":4,"meters":94,"totalPrice":95000,"meterSquarePrice":2,"link":"https://www.nehnutelnosti.sk/detail/Ju-I2F9vdy8/zlava-na-predaj-4-izbovy-nadstandardne-velky-byt-3d-obhliadka-jkv-real","imagesUrls":["https://img.nehnutelnosti.sk/foto/NjAweDMzOC9maWx0ZXJzOnF1YWxpdHkoMTAwKS9uZWg=/Al3qjpGJ4-_fss?st=8JaG7g9yjQ6whk1bEEdxgxP-hBTxL7iMbvXH79eFlnk&ts=1726169128&e=0"]},{"title":"3 izbový byt na predaj, v tichej časti obce Pukanec / Záhradná - JKV REAL","address":"Záhradná, Pukanec, okres Levice","rooms":3,"meters":66,"totalPrice":59000,"meterSquarePrice":4,"link":"https://www.nehnutelnosti.sk/detail/JuWCy63KJyr/3-izbovy-byt-na-predaj-v-tichej-casti-obce-pukanec-zahradna-jkv-real","imagesUrls":["https://img.nehnutelnosti.sk/foto/NjAweDMzOC9maWx0ZXJzOnF1YWxpdHkoMTAwKS9uZWg=/iz47BvPDj9_fss?st=Dwufagu3DSRLFZfUyt4KokJBshpFllk38Ss3mTqeRZs&ts=1725211957&e=0"]},{"title":"JKV REAL ponúka na predaj 2 IZBOVÝ BYT na ulici J. Matúšku v Prievidzi","address":"J. Matušku, Prievidza, okres Prievidza","rooms":2,"meters":52,"totalPrice":76990,"meterSquarePrice":8,"link":"https://www.nehnutelnosti.sk/detail/JuGAwRhpJeM/jkv-real-ponuka-na-predaj-2-izbovy-byt-na-ulici-j-matusku-v-prievidzi","imagesUrls":["https://img.nehnutelnosti.sk/foto/NjAweDMzOC9maWx0ZXJzOnF1YWxpdHkoMTAwKS9uZWg=/VJveN7HN3_fss?st=8kCjZ7lZvltTqqv-9u-uRzf3K7ev7bbFEjLZLeM2eX8&ts=1721756808&e=0"]},{"title":"Ponúkame na predaj 2 izbový byt v luxusnom bytovom dome.","address":"Černyševského, Bratislava V - Petržalka, okres Bratislava","rooms":2,"meters":49,"totalPrice":198990,"meterSquarePrice":2,"link":"https://www.nehnutelnosti.sk/detail/JuSFCTKk-vXx/ponukame-na-predaj-2-izbovy-byt-v-luxusnom-bytovom-dome","imagesUrls":["https://img.nehnutelnosti.sk/foto/NjAweDMzOC9maWx0ZXJzOnF1YWxpdHkoMTAwKS9uZWg=/NFbB6bHqv__fss?st=ZIBl-HDXNGJzhaKNVA6w0Mnx2UaXQLFWj3JlmN8_NDk&ts=1724770111&e=0"]},{"title":"Priestranný 2i byt v pôvodnom stave v centre Senca","address":"Kollárova, Senec, okres Senec","rooms":2,"meters":54,"totalPrice":129990,"meterSquarePrice":2,"link":"https://www.nehnutelnosti.sk/detail/Ju0EnIlAQDZ/priestranny-2i-byt-v-povodnom-stave-v-centre-senca","imagesUrls":["https://img.nehnutelnosti.sk/foto/NjAweDMzOC9maWx0ZXJzOnF1YWxpdHkoMTAwKS9uZWg=/qXAMmaMrB_fss?st=B0kWMWSpyIEwc6MROFqwlTARvgzRmlYsS4MSIm8ngy8&ts=1723101029&e=0"]},{"title":"3D obhliadka - veľký 2 izb. byt (66m2) v pôvodnom stave vo Vlčom Hrdle","address":"Vlčie hrdlo, Bratislava II - Ružinov, okres Bratislava","rooms":2,"meters":66,"totalPrice":119000,"meterSquarePrice":3,"link":"https://www.nehnutelnosti.sk/detail/JuLyyUxPIpB/3d-obhliadka-velky-2-izb-byt-66m2-v-povodnom-stave-vo-vlcom-hrdle","imagesUrls":["https://img.nehnutelnosti.sk/foto/NjAweDMzOC9maWx0ZXJzOnF1YWxpdHkoMTAwKS9uZWg=/eMq3NFmOa_fss?st=cxGxqNv66V2ZzmHHHKpNXGQ9JdZBJnZvWBCuXR8Qz3s&ts=1726491718&e=0"]},{"title":"REZERVOVANÝ_Šikovný Rekreačný Apartmán A1 v obci Smolník","address":"Smolník, Smolník, okres Gelnica","rooms":null,"meters":33,"totalPrice":null,"meterSquarePrice":null,"link":"https://www.nehnutelnosti.sk/detail/JuqXSYDvdHq/rezervovany-sikovny-rekreacny-apartman-a1-v-obci-smolnik","imagesUrls":["https://img.nehnutelnosti.sk/foto/NjAweDMzOC9maWx0ZXJzOnF1YWxpdHkoMTAwKS9uZWg=/u0rawxJfA_fss?st=cLJ70nZDpqaLTPRgXiEMuFNqP9RWcXozMU0Y0q1VywI&ts=1675626394&e=0"]},{"title":"REZERVOVANÝ Apartmán A4 v obci Smolník","address":"Smolník, Smolník, okres Gelnica","rooms":null,"meters":36,"totalPrice":null,"meterSquarePrice":null,"link":"https://www.nehnutelnosti.sk/detail/JuHlgKxqu2P/rezervovany-apartman-a4-v-obci-smolnik","imagesUrls":["https://img.nehnutelnosti.sk/foto/NjAweDMzOC9maWx0ZXJzOnF1YWxpdHkoMTAwKS9uZWg=/GOxIQfusU_fss?st=n4TMA78FXgIFojmmPzXTjp_onDme9mkXOQ6dQYuAaRM&ts=1675626401&e=0"]},{"title":"Na predaj zariadený 2 izbový byt v novostavbe s parkovaním","address":"Studenec, Studenec, okres Levoča","rooms":2,"meters":57,"totalPrice":99999,"meterSquarePrice":0,"link":"https://www.nehnutelnosti.sk/detail/JuMOqUVIFbb/na-predaj-zariadeny-2-izbovy-byt-v-novostavbe-s-parkovanim","imagesUrls":["https://img.nehnutelnosti.sk/foto/NjAweDMzOC9maWx0ZXJzOnF1YWxpdHkoMTAwKS9uZWg=/pLsplCX15F_fss?st=aydXGFeq5n00A1nXswuyVLOhCfbZzThfScnMP6IpJ-M&ts=1724607918&e=0"]},{"title":"Podkrovný Apartmán s balkónom na Domaši","address":"Domaša - Dobrá, Kvakovce, okres Vranov nad Topľou","rooms":null,"meters":61,"totalPrice":170000,"meterSquarePrice":9,"link":"https://www.nehnutelnosti.sk/detail/Ju_yb4JAypd/podkrovny-apartman-s-balkonom-na-domasi","imagesUrls":["https://img.nehnutelnosti.sk/foto/NjAweDMzOC9maWx0ZXJzOnF1YWxpdHkoMTAwKS9uZWg=/nHucwYm6T_fss?st=yjbAb5-wNhSQZ9unZyMqsoBaqEu8wrKvmzCMiYV1OTE&ts=1716223423&e=0"]},{"title":"Štýlový Apartmán A2 v obci Smolník","address":"Smolník, Smolník, okres Gelnica","rooms":null,"meters":43,"totalPrice":69875,"meterSquarePrice":5,"link":"https://www.nehnutelnosti.sk/detail/Jug-GzvwJFt/stylovy-apartman-a2-v-obci-smolnik","imagesUrls":["https://img.nehnutelnosti.sk/foto/NjAweDMzOC9maWx0ZXJzOnF1YWxpdHkoMTAwKS9uZWg=/6bLocbZgJ_fss?st=ull9oKJHnrjBTZc5duGpRiAKCXLdLDGdB0eyzODur7Y&ts=1690447585&e=0"]},{"title":"3 izbový podkrovný Apartmán s dvoma balkónmi na Domaši","address":"Kvakovce, okres Vranov nad Topľou","rooms":null,"meters":110,"totalPrice":null,"meterSquarePrice":null,"link":"https://www.nehnutelnosti.sk/detail/JuKYRuCYiAS/3-izbovy-podkrovny-apartman-s-dvoma-balkonmi-na-domasi","imagesUrls":["https://img.nehnutelnosti.sk/foto/NjAweDMzOC9maWx0ZXJzOnF1YWxpdHkoMTAwKS9uZWg=/Soi1ksb6o_fss?st=khTVFrLHBvwo-YBOSb0yWIsl4x41ZiyvaY_GGB4icrk&ts=1651507990&e=0"]},{"title":"Veľký jednoizbový Apartmán A5 v obci Smolník","address":"Smolník, Smolník, okres Gelnica","rooms":null,"meters":48,"totalPrice":78000,"meterSquarePrice":5,"link":"https://www.nehnutelnosti.sk/detail/Jubng9syxBY/velky-jednoizbovy-apartman-a5-v-obci-smolnik","imagesUrls":["https://img.nehnutelnosti.sk/foto/NjAweDMzOC9maWx0ZXJzOnF1YWxpdHkoMTAwKS9uZWg=/1Yap1i9Qj_fss?st=R2yooE2u4rGMcpqQhCbTwTfdKd6RFa6ZWTZxI4VWoOU&ts=1690447590&e=0"]},{"title":"Apartmán s veľkorysou terasou a výhľadom na Domašu","address":"Domaša - Dobrá, Kvakovce, okres Vranov nad Topľou","rooms":null,"meters":133,"totalPrice":null,"meterSquarePrice":null,"link":"https://www.nehnutelnosti.sk/detail/JuZcWGH2zn3/apartman-s-velkorysou-terasou-a-vyhladom-na-domasu","imagesUrls":["https://img.nehnutelnosti.sk/foto/NjAweDMzOC9maWx0ZXJzOnF1YWxpdHkoMTAwKS9uZWg=/CeXaVl5My_fss?st=UMHQq26rWkFhAv-809DjgPmmLHspV_MHMVQmTfKZNRw&ts=1716223426&e=0"]},{"title":"Dvojizbový Apartmán A3 v obci Smolník","address":"Smolník, Smolník, okres Gelnica","rooms":null,"meters":51,"totalPrice":82875,"meterSquarePrice":5,"link":"https://www.nehnutelnosti.sk/detail/JuFmBo4QBkO/dvojizbovy-apartman-a3-v-obci-smolnik","imagesUrls":["https://img.nehnutelnosti.sk/foto/NjAweDMzOC9maWx0ZXJzOnF1YWxpdHkoMTAwKS9uZWg=/P6ih8jlQH_fss?st=wQJE2nZ-2lOhjPQjaQk5oD7iPQiVXGea-rBhgvPHIDs&ts=1690447584&e=0"]},{"title":"Bohatý dvojizbový Apartmán A6 v obci Smolník","address":"Smolník, Smolník, okres Gelnica","rooms":null,"meters":70,"totalPrice":113750,"meterSquarePrice":5,"link":"https://www.nehnutelnosti.sk/detail/JucTvdZs54A/bohaty-dvojizbovy-apartman-a6-v-obci-smolnik","imagesUrls":["https://img.nehnutelnosti.sk/foto/NjAweDMzOC9maWx0ZXJzOnF1YWxpdHkoMTAwKS9uZWg=/0hM4QZgpF_fss?st=7vc1AYba2Ki--o8YBKSIRDNXsRvBdbOTwr5ZhX2caqQ&ts=1690447591&e=0"]},{"title":"Veľký 2 izbový byt na Sídlisku SNP","address":"Trieda SNP, Banská Bystrica, okres Banská Bystrica","rooms":3,"meters":63,"totalPrice":179000,"meterSquarePrice":7,"link":"https://www.nehnutelnosti.sk/detail/Jux98bKmTH1/velky-2-izbovy-byt-na-sidlisku-snp","imagesUrls":["https://img.nehnutelnosti.sk/foto/NjAweDMzOC9maWx0ZXJzOnF1YWxpdHkoMTAwKS9uZWg=/ksjbPxmZh_fss?st=pH6wvWLIrKA64UT0K7ISBgtqnznJ65kqTlGHPsP5nL0&ts=1726755704&e=0"]},{"title":"RADO | 2 izb. byt 51m2 predzáhradka 45 m2 | Petržalka","address":"Zuzany Chalupovej, Bratislava V - Petržalka, okres Bratislava","rooms":2,"meters":51,"totalPrice":249000,"meterSquarePrice":5,"link":"https://www.nehnutelnosti.sk/detail/JuxEOOyx0LT/rado-2-izb-byt-51m2-predzahradka-45-m2-petrzalka","imagesUrls":["https://img.nehnutelnosti.sk/foto/NjAweDMzOC9maWx0ZXJzOnF1YWxpdHkoMTAwKS9uZWg=/LgjLvl3UN_fss?st=kHENPpPnkHOGpB3ajw0qc4GFSaqa8HAQIwtP-5fHZT4&ts=1726755620&e=0"]}]