[{"title":"EXKLUZÍVNE - Novostavba 3i bytu s garážovým státim, DVORNÍKY","address":"Dvorníky, okres Hlohovec","rooms":3,"meters":54,"totalPrice":104900,"meterSquarePrice":3,"link":"https://www.nehnutelnosti.sk/detail/JuQPktYLgLB/exkluzivne-novostavba-3i-bytu-s-garazovym-statim-dvorniky","imagesUrls":["https://img.unitedclassifieds.sk/foto/NjAweDMzOC9maWx0ZXJzOnF1YWxpdHkoMTAwKS9yc2Y=/2I9CmCk3K_fss?st=G8nRqes0HQAXOqg-WGG0aLk1tIQq1I-_11HOxBCDmfw&ts=1699277046&e=0"]},{"title":"SUPER PONUKA - 3i byt s loggiou, Na Hlinách","address":"Trnava, okres Trnava","rooms":3,"meters":63,"totalPrice":142500,"meterSquarePrice":0,"link":"https://www.nehnutelnosti.sk/detail/Ju2P6pNd78r/super-ponuka-3i-byt-s-loggiou-na-hlinach","imagesUrls":["https://img.unitedclassifieds.sk/foto/NjAweDMzOC9maWx0ZXJzOnF1YWxpdHkoMTAwKS9qdWw=/SIttesycW_fss?st=AGqn5WTUVV37uVMkwKyHAf0YrH8ovB6hW5B_kUrgag8&ts=1716387199&e=0"]},{"title":"Moderne zariadený 3i byt v Senci s parkovaním","address":"Ulica pri včelárikoch, Senec, okres Senec","rooms":3,"meters":82,"totalPrice":199990,"meterSquarePrice":0,"link":"https://www.nehnutelnosti.sk/detail/JuCcdt6yA33/moderne-zariadeny-3i-byt-v-senci-s-parkovanim","imagesUrls":["https://img.unitedclassifieds.sk/foto/NjAweDMzOC9maWx0ZXJzOnF1YWxpdHkoMTAwKS9qdWw=/-17I0GSXw_fss?st=lVvDtg3kbn3uQXmgZbaFbbiVFq4nRYiPtnGP4hmK6os&ts=1718519201&e=0"]},{"title":"POD RÁBLOM – Dvorníky, II. etapa - 3i byt s balkónom a pivnicou, 64,3m2","address":"Dvorníky, okres Hlohovec","rooms":3,"meters":64,"totalPrice":122407,"meterSquarePrice":9,"link":"https://www.nehnutelnosti.sk/detail/JuseAChJd3s/pod-rablom-dvorniky-ii-etapa-3i-byt-s-balkonom-a-pivnicou-64-3m2","imagesUrls":["https://img.unitedclassifieds.sk/foto/NjAweDMzOC9maWx0ZXJzOnF1YWxpdHkoMTAwKS9qdWw=/UH2Tr1nLp_fss?st=4dJNVpDlVrsYHxNxZ6PlhdJQlGmrhxTWYqrW35VJCsE&ts=1724666198&e=0"]},{"title":"POD RÁBLOM – Dvorníky, II. etapa - 2i byt s balkónom a pivnicou, 54,3m2","address":"Dvorníky, okres Hlohovec","rooms":2,"meters":54,"totalPrice":107154,"meterSquarePrice":7,"link":"https://www.nehnutelnosti.sk/detail/JuGcQ2HRx3F/pod-rablom-dvorniky-ii-etapa-2i-byt-s-balkonom-a-pivnicou-54-3m2","imagesUrls":["https://img.unitedclassifieds.sk/foto/NjAweDMzOC9maWx0ZXJzOnF1YWxpdHkoMTAwKS9qdWw=/5FrBP4itl_fss?st=aYAiKuShwRjV0v5ZiILIv9ymoviQzUL4JQusMP8hQJY&ts=1723009651&e=0"]},{"title":"POD RÁBLOM - Dvorníky, II. etapa - 2i byt s balkónom a pivnicou, 57m2","address":"Dvorníky, okres Hlohovec","rooms":2,"meters":57,"totalPrice":102312,"meterSquarePrice":5,"link":"https://www.nehnutelnosti.sk/detail/JuRHmEAQh1p/pod-rablom-dvorniky-ii-etapa-2i-byt-s-balkonom-a-pivnicou-57m2","imagesUrls":["https://img.unitedclassifieds.sk/foto/NjAweDMzOC9maWx0ZXJzOnF1YWxpdHkoMTAwKS9qdWw=/nP9054duV_fss?st=h1p494uZkD70_5fRQb6RYepA5nmOyU8r4uyyd-dw98E&ts=1713190362&e=0"]},{"title":"TIMA Real - Moderne zariadený 2i byt, 52m2, ul. Ľ. Podjavorinskej","address":"Ulica Ľudmily Podjavorinskej, Trnava, okres Trnava","rooms":2,"meters":52,"totalPrice":157500,"meterSquarePrice":5,"link":"https://www.nehnutelnosti.sk/detail/JufndIKNYP0/tima-real-moderne-zariadeny-2i-byt-52m2-ul-l-podjavorinskej","imagesUrls":["https://img.unitedclassifieds.sk/foto/NjAweDMzOC9maWx0ZXJzOnF1YWxpdHkoMTAwKS9qdWw=/dmNnS3303_fss?st=9i61Pi-Otlfi1XipvqJ0RGVLDX34b5gQ3EfozADDts0&ts=1714137876&e=0"]},{"title":"EXKLUZÍVNY 4i byt v historickom centre mesta , ul.Vajanského","address":"Vajanského, Trnava, okres Trnava","rooms":4,"meters":83,"totalPrice":265000,"meterSquarePrice":2,"link":"https://www.nehnutelnosti.sk/detail/JuUa9F1SaG7/exkluzivny-4i-byt-v-historickom-centre-mesta-ul-vajanskeho","imagesUrls":["https://img.unitedclassifieds.sk/foto/NjAweDMzOC9maWx0ZXJzOnF1YWxpdHkoMTAwKS9qdWw=/kuqFIBrRx_fss?st=xbRA9Givfp07jYJ_BdRWP5MVJkC4OyW1afSmVuBu5jQ&ts=1717628117&e=0"]},{"title":"REZERVOVANÉ - Exkluzívne TIMA Real ponúka na predaj 1 i byt v Myjave","address":"Hurbanova, Myjava, okres Myjava","rooms":1,"meters":37,"totalPrice":null,"meterSquarePrice":null,"link":"https://www.nehnutelnosti.sk/detail/Ju2ThQ7a1p2/rezervovane-exkluzivne-tima-real-ponuka-na-predaj-1-i-byt-v-myjave","imagesUrls":["https://img.unitedclassifieds.sk/foto/NjAweDMzOC9maWx0ZXJzOnF1YWxpdHkoMTAwKS9qdWw=/sc3JC_sEw_fss?st=rC3aMju0G4WTkCFzWmuIu9-CfEvaDjmG0AEu72UeMV8&ts=1716817074&e=0"]},{"title":"REZERVOVANÉ - väčší 1i byt po rekonštrukcii v TOP lokalite, Trnava","address":"Trnava, okres Trnava","rooms":1,"meters":36,"totalPrice":null,"meterSquarePrice":null,"link":"https://www.nehnutelnosti.sk/detail/Jux_YYgKJ06/rezervovane-vacsi-1i-byt-po-rekonstrukcii-v-top-lokalite-trnava","imagesUrls":["https://img.unitedclassifieds.sk/foto/NjAweDMzOC9maWx0ZXJzOnF1YWxpdHkoMTAwKS9qdWw=/D504Z3pWN_fss?st=mL8vE9aPSrMK1-XsHftBIDfGPGuN-t8RX8VbvS0F-Zc&ts=1719060335&e=0"]},{"title":"REZERVOVANÉ - EXKLUZÍVNE - Veľký 2i byt po vkusnej rekonštrukcii, R.Dilonga, Hlohovec","address":"R. Dilonga, Hlohovec, okres Hlohovec","rooms":2,"meters":61,"totalPrice":null,"meterSquarePrice":null,"link":"https://www.nehnutelnosti.sk/detail/JuVAgKkM1nn/rezervovane-exkluzivne-velky-2i-byt-po-vkusnej-rekonstrukcii-r-dilonga-hlohovec","imagesUrls":["https://img.unitedclassifieds.sk/foto/NjAweDMzOC9maWx0ZXJzOnF1YWxpdHkoMTAwKS9qdWw=/VZ5Z41oTy_fss?st=QBeZwkALNK3uqQw0nVCjGjgRY0RHt8WezmZfHAOWQLs&ts=1717012893&e=0"]},{"title":"TIMA Real - luxusný 3 izbový byt v City Residence Trnava","address":"Trnava, okres Trnava","rooms":3,"meters":91,"totalPrice":299400,"meterSquarePrice":1,"link":"https://www.nehnutelnosti.sk/detail/Juh_Fdi1deq/tima-real-luxusny-3-izbovy-byt-v-city-residence-trnava","imagesUrls":["https://img.unitedclassifieds.sk/foto/NjAweDMzOC9maWx0ZXJzOnF1YWxpdHkoMTAwKS9qdWw=/zSqr02ySL_fss?st=ndoQAUxeqvMt2HwWUe73SPwkZiLvzy5rXK2Cp2N4C_M&ts=1711550474&e=0"]},{"title":"Štvorizbový byt s garážou, Červenica, okres Prešov","address":"Červenica, Prešov, okres Prešov","rooms":4,"meters":96,"totalPrice":38000,"meterSquarePrice":3,"link":"https://www.nehnutelnosti.sk/detail/JuXbTJe-F9i/stvorizbovy-byt-s-garazou-cervenica-okres-presov","imagesUrls":["https://img.nehnutelnosti.sk/foto/NjAweDMzOC9maWx0ZXJzOnF1YWxpdHkoMTAwKS9uZWg=/BOLIexrGm_fss?st=KRcQXdsKsrlZVJy2Ub0DHuAANvoq6hnn4x1yk5HbxgE&ts=1718340612&e=0"]},{"title":"Trojizbový byt, sídlisko II., Vranov nad Topľou","address":"sídlisko II., Vranov nad Topľou, okres Vranov nad Topľou","rooms":3,"meters":68,"totalPrice":110990,"meterSquarePrice":1,"link":"https://www.nehnutelnosti.sk/detail/JunRW0vNk-1/trojizbovy-byt-sidlisko-ii-vranov-nad-toplou","imagesUrls":["https://img.nehnutelnosti.sk/foto/NjAweDMzOC9maWx0ZXJzOnF1YWxpdHkoMTAwKS9uZWg=/7XksQTakvm_fss?st=RWGYqHK7a7BnTKSAGSuNA1tuZceBqQliu3aTgjbcbj8&ts=1723354246&e=0"]},{"title":"Trojizbový byt, Hrnčiarska, Stropkov","address":"Hrnčiarska, Stropkov, okres Stropkov","rooms":3,"meters":81,"totalPrice":95000,"meterSquarePrice":4,"link":"https://www.nehnutelnosti.sk/detail/JuBEoeh-J6g/trojizbovy-byt-hrnciarska-stropkov","imagesUrls":["https://img.nehnutelnosti.sk/foto/NjAweDMzOC9maWx0ZXJzOnF1YWxpdHkoMTAwKS9uZWg=/XYXFTSXo-3_fss?st=c80cYTQj5lOOYgNI6OEyQBz7KdPJhtTJUPYKvPNadUc&ts=1725179768&e=0"]},{"title":"Hľadám na kúpu jednoizbový byt alebo garsónku vo Vranove nad Topľou","address":"Vranov nad Topľou, okres Vranov nad Topľou","rooms":1,"meters":40,"totalPrice":60000,"meterSquarePrice":0,"link":"https://www.nehnutelnosti.sk/detail/JuGtoAYZrJz/hladam-na-kupu-jednoizbovy-byt-alebo-garsonku-vo-vranove-nad-toplou","imagesUrls":["https://img.nehnutelnosti.sk/foto/NjAweDMzOC9maWx0ZXJzOnF1YWxpdHkoMTAwKS9uZWg=/al2dD1ODP_fss?st=yz78t4BoBK32FptW7uDcFSVTCYQOHoVeAHzG6MtjzMU&ts=1696112364&e=0"]},{"title":"Hľadám, dvojizbový byt, Vranov nad Topľou","address":"Mlynská, Vranov nad Topľou, okres Vranov nad Topľou","rooms":2,"meters":56,"totalPrice":79990,"meterSquarePrice":9,"link":"https://www.nehnutelnosti.sk/detail/Jui4u0knxyK/hladam-dvojizbovy-byt-vranov-nad-toplou","imagesUrls":["https://img.nehnutelnosti.sk/foto/NjAweDMzOC9maWx0ZXJzOnF1YWxpdHkoMTAwKS9uZWg=/6c2wo3Eny_fss?st=LVXFr4lVGQnlby7aKBe8ankVUfAR5LPqAbqxyUl-ORI&ts=1699201621&e=0"]},{"title":"HVIEZDNE bývanie PARADAJS - Hlohovec, novostavba 3i bytu 65,36m2, CASSIOPEA","address":"Hlohovec, okres Hlohovec","rooms":3,"meters":65,"totalPrice":141590,"meterSquarePrice":1,"link":"https://www.nehnutelnosti.sk/detail/JueV1nd_r0x/hviezdne-byvanie-paradajs-hlohovec-novostavba-3i-bytu-65-36m2-cassiopea","imagesUrls":["https://img.unitedclassifieds.sk/foto/NjAweDMzOC9maWx0ZXJzOnF1YWxpdHkoMTAwKS9qdWw=/LqyYIk3xD_fss?st=9KU22s38QtMy2rHCGKrT-VkSXct-bfz9_dgqRlKYWfQ&ts=1721120951&e=0"]},{"title":"HVIEZDNE bývanie PARADAJS - Hlohovec, novostavba 2i bytu 51,71m2, CASSIOPEA","address":"Hlohovec, okres Hlohovec","rooms":2,"meters":51,"totalPrice":111890,"meterSquarePrice":0,"link":"https://www.nehnutelnosti.sk/detail/JuO3I4VZvFD/hviezdne-byvanie-paradajs-hlohovec-novostavba-2i-bytu-51-71m2-cassiopea","imagesUrls":["https://img.unitedclassifieds.sk/foto/NjAweDMzOC9maWx0ZXJzOnF1YWxpdHkoMTAwKS9qdWw=/FixBHdih3_fss?st=xXp8VezWGNiRu8qpAe_zmIDNv3xrpn6DtbF1HbE4Xj8&ts=1721113375&e=0"]},{"title":"UŽ SKOLAUDOVANÉ - POD RÁBLOM nízkoenergetická novostavba 1 izbového bytu","address":"Dvorníky, okres Hlohovec","rooms":1,"meters":87,"totalPrice":94812,"meterSquarePrice":6,"link":"https://www.nehnutelnosti.sk/detail/JupyL1D3ruB/uz-skolaudovane-pod-rablom-nizkoenergeticka-novostavba-1-izboveho-bytu","imagesUrls":["https://img.unitedclassifieds.sk/foto/NjAweDMzOC9maWx0ZXJzOnF1YWxpdHkoMTAwKS9qdWw=/BY_dIbPxH_fss?st=6ksTdX8cYyJGBKdUOh8pWa88e84DyKcZtzxYeYfKXB8&ts=1724353873&e=0"]},{"title":"Útulný 3i byt s balkónom a terasou, Kaplna","address":"Kaplna, okres Senec","rooms":3,"meters":73,"totalPrice":175000,"meterSquarePrice":6,"link":"https://www.nehnutelnosti.sk/detail/JuKWjU2KbEG/utulny-3i-byt-s-balkonom-a-terasou-kaplna","imagesUrls":["https://img.unitedclassifieds.sk/foto/NjAweDMzOC9maWx0ZXJzOnF1YWxpdHkoMTAwKS9qdWw=/4cbLE9RR2_fss?st=6jXpukeQMr3G1xZKCdLtT1N126dK--MrCBkSuAS3HeQ&ts=1724918011&e=0"]},{"title":"Exkluzívne TIMA Real ponúka na predaj 3i byt s garážou v Myjave","address":"Dolná štvrť, Myjava, okres Myjava","rooms":3,"meters":74,"totalPrice":118450,"meterSquarePrice":8,"link":"https://www.nehnutelnosti.sk/detail/JunotL157QA/exkluzivne-tima-real-ponuka-na-predaj-3i-byt-s-garazou-v-myjave","imagesUrls":["https://img.unitedclassifieds.sk/foto/NjAweDMzOC9maWx0ZXJzOnF1YWxpdHkoMTAwKS9qdWw=/MsAHw8dp8_fss?st=ggLT-UVLX_O_9N2mjo7S2CcMlCp5pf9vsJivaQXBG28&ts=1724183936&e=0"]},{"title":"1i byt po kompletnej rekonštrukcii ul. Olympijská","address":"Trnava, okres Trnava","rooms":1,"meters":30,"totalPrice":118000,"meterSquarePrice":3,"link":"https://www.nehnutelnosti.sk/detail/JuQuG15gmjY/1i-byt-po-kompletnej-rekonstrukcii-ul-olympijska","imagesUrls":["https://img.unitedclassifieds.sk/foto/NjAweDMzOC9maWx0ZXJzOnF1YWxpdHkoMTAwKS9qdWw=/pR6dXj_25_fss?st=lPh_9_mHeqTENCHCyQUFjLlUfK95oxCZbozWuEFHh_s&ts=1723806111&e=0"]},{"title":"Exkluzívne TIMA Real ponúka na predaj 4i byt v Myjave","address":"SNP, Myjava, okres Myjava","rooms":4,"meters":77,"totalPrice":124000,"meterSquarePrice":0,"link":"https://www.nehnutelnosti.sk/detail/JuWtBHFUkc3/exkluzivne-tima-real-ponuka-na-predaj-4i-byt-v-myjave","imagesUrls":["https://img.unitedclassifieds.sk/foto/NjAweDMzOC9maWx0ZXJzOnF1YWxpdHkoMTAwKS9qdWw=/OQ2qt147C_fss?st=nxZ93eyRLvg7RyCqDnAgSFKx7rTFVpiDtDBvoLFennk&ts=1721337670&e=0"]},{"title":"HVIEZDNE bývanie PARADAJS - Hlohovec, novostavba 3i bytu 60,4m2 CASSIOPEA","address":"Hlohovec, okres Hlohovec","rooms":3,"meters":60,"totalPrice":124990,"meterSquarePrice":7,"link":"https://www.nehnutelnosti.sk/detail/Juudb7o0dfc/hviezdne-byvanie-paradajs-hlohovec-novostavba-3i-bytu-60-4m2-cassiopea","imagesUrls":["https://img.unitedclassifieds.sk/foto/NjAweDMzOC9maWx0ZXJzOnF1YWxpdHkoMTAwKS9qdWw=/NjGR-lhpy_fss?st=WW1r6sy2m06fgqj8sMaII6GYrMvP1cphZlPSYITMB0k&ts=1721120046&e=0"]},{"title":"3i byt s vlast. parkovaním v pôvodnom stave - Ideálny na prerábku podľa vašich predstáv!","address":"Trnava, okres Trnava","rooms":3,"meters":65,"totalPrice":144000,"meterSquarePrice":8,"link":"https://www.nehnutelnosti.sk/detail/JuD_2i6MWpl/3i-byt-s-vlast-parkovanim-v-povodnom-stave-idealny-na-prerabku-podla-vasich-predstav","imagesUrls":["https://img.unitedclassifieds.sk/foto/NjAweDMzOC9maWx0ZXJzOnF1YWxpdHkoMTAwKS9qdWw=/YAGDM2UYy_fss?st=mnFh14E_-YM1aZ6jc7akf8BGEaiqp__TOr4HoZVxuMs&ts=1720993358&e=0"]},{"title":"Zrekonštruovaný 1i byt v novostavbe v Šelpiciach","address":"Šelpice, okres Trnava","rooms":1,"meters":30,"totalPrice":null,"meterSquarePrice":null,"link":"https://www.nehnutelnosti.sk/detail/JuLV2Wri30c/zrekonstruovany-1i-byt-v-novostavbe-v-selpiciach","imagesUrls":["https://img.unitedclassifieds.sk/foto/NjAweDMzOC9maWx0ZXJzOnF1YWxpdHkoMTAwKS9qdWw=/vHPziQk-j_fss?st=UKF7IV2Shl9Qv5oW9OWncAxQ4dpASIzCe0KgNVtdXsQ&ts=1725697242&e=0"]},{"title":"Zrekonštruovaný 1i byt vo vyhľadávanej lokalite v Senci","address":"Senec, okres Senec","rooms":1,"meters":39,"totalPrice":null,"meterSquarePrice":null,"link":"https://www.nehnutelnosti.sk/detail/Juv1h8SmJ8k/zrekonstruovany-1i-byt-vo-vyhladavanej-lokalite-v-senci","imagesUrls":["https://img.unitedclassifieds.sk/foto/NjAweDMzOC9maWx0ZXJzOnF1YWxpdHkoMTAwKS9qdWw=/hJBaiKQgr_fss?st=pRJkE2yFzW07o-XBL_MKIelKbpAj73j86Tez3db26sA&ts=1725535700&e=0"]},{"title":"Priestranný 2i byt v novostavbe v Dunajskej Lužnej","address":"Dunajská Lužná, okres Senec","rooms":2,"meters":64,"totalPrice":140000,"meterSquarePrice":0,"link":"https://www.nehnutelnosti.sk/detail/JuZmdzE3rm7/priestranny-2i-byt-v-novostavbe-v-dunajskej-luznej","imagesUrls":["https://img.unitedclassifieds.sk/foto/NjAweDMzOC9maWx0ZXJzOnF1YWxpdHkoMTAwKS9qdWw=/D93KyXDac_fss?st=0DoN4V3Ru5YlcynnBjlPmTVufrsn_2X7rf1ovQnV71k&ts=1722680944&e=0"]},{"title":"HVIEZDNE bývanie PARADAJS - Hlohovec, 3i byt 64,26m2, CASSIOPEA","address":"Hlohovec, okres Hlohovec","rooms":3,"meters":64,"totalPrice":136690,"meterSquarePrice":4,"link":"https://www.nehnutelnosti.sk/detail/Ju6zbHBLZ5l/hviezdne-byvanie-paradajs-hlohovec-3i-byt-64-26m2-cassiopea","imagesUrls":["https://img.unitedclassifieds.sk/foto/NjAweDMzOC9maWx0ZXJzOnF1YWxpdHkoMTAwKS9qdWw=/R0_c2rkMp_fss?st=yuN0YJlVUt_DAgb_1QRtQ3cgmfjmzqdDMUljSppfHPk&ts=1721120451&e=0"]}]