[{"title":"Kamence Etapa 2: 1-izbový byt s PREDZÁHRADKOU","address":"Sládkovičova, Kysucké Nové Mesto, okres Kysucké Nové Mesto","rooms":1,"meters":31,"totalPrice":null,"meterSquarePrice":null,"link":"https://www.nehnutelnosti.sk/detail/Ju1X8bRFTT8/kamence-etapa-2-1-izbovy-byt-s-predzahradkou","imagesUrls":["https://img.nehnutelnosti.sk/foto/NjAweDMzOC9maWx0ZXJzOnF1YWxpdHkoMTAwKS9uZWg=/T-7MyjSOvx_fss?st=hq8ZSRU24IKT4RToxJ6Fqc5lCodkxm7azSVVtcYA_qM&ts=1653642129&e=0"]},{"title":"Byt 2+kk v novostavbe KASÁRNE - ihneď k dispozícii! E2.8","address":"Banisko, Brezno, okres Brezno","rooms":2,"meters":53,"totalPrice":104900,"meterSquarePrice":9,"link":"https://www.nehnutelnosti.sk/detail/JuVXzyYCJN_/byt-2-kk-v-novostavbe-kasarne-ihned-k-dispozicii-e2-8","imagesUrls":["https://img.nehnutelnosti.sk/foto/NjAweDMzOC9maWx0ZXJzOnF1YWxpdHkoMTAwKS9uZWg=/PLKbCXX1av_fss?st=pirlo5Srh6M-DD_sActdp_F9yGOiHd_mQrKpSslOyME&ts=1710166917&e=0"]},{"title":"Rezidencia GEMINI I - Kasárne Brezno: 2+KK byt s balkónom/ označenie A3","address":"Československej armády, Brezno, okres Brezno","rooms":2,"meters":54,"totalPrice":124500,"meterSquarePrice":6,"link":"https://www.nehnutelnosti.sk/detail/JuzH3CQhG8P/rezidencia-gemini-i-kasarne-brezno-2-kk-byt-s-balkonom-oznacenie-a3","imagesUrls":["https://img.nehnutelnosti.sk/foto/NjAweDMzOC9maWx0ZXJzOnF1YWxpdHkoMTAwKS9uZWg=/ZRqNOdB7P_fss?st=C8b9Vr4zaOvPu09Pu2yjrAwqLKP1Euctc8bA9ZY3bJ0&ts=1711021693&e=0"]},{"title":"NOVOSTAVBA - KASÁRNE BREZNO - 3-izbový byt D18","address":"Banisko, Brezno, okres Brezno","rooms":3,"meters":70,"totalPrice":133900,"meterSquarePrice":6,"link":"https://www.nehnutelnosti.sk/detail/JudElnY66Px/novostavba-kasarne-brezno-3-izbovy-byt-d18","imagesUrls":["https://img.nehnutelnosti.sk/foto/NjAweDMzOC9maWx0ZXJzOnF1YWxpdHkoMTAwKS9uZWg=/PU5vZ4KpQ_fss?st=_Ntxsqhi-STZx6IVye8nTGBuZ-4yBcD4YBPY5Ibt8nY&ts=1691051793&e=0"]},{"title":"Atraktívny byt 2+kk s PREDZÁHRADKOU - novostavba KAMENCE (D16.3)","address":"Sládkovičova, Kysucké Nové Mesto, okres Kysucké Nové Mesto","rooms":2,"meters":57,"totalPrice":null,"meterSquarePrice":null,"link":"https://www.nehnutelnosti.sk/detail/Ju5wmR_WXaz/atraktivny-byt-2-kk-s-predzahradkou-novostavba-kamence-d16-3","imagesUrls":["https://img.nehnutelnosti.sk/foto/NjAweDMzOC9maWx0ZXJzOnF1YWxpdHkoMTAwKS9uZWg=/GsjGo-UaZ_fss?st=LEFxMlUMW0HG-ZnlfHiB-f_qWOUqR31Dy_tc-9ab_pk&ts=1653642151&e=0"]},{"title":"Byt 3+kk s balkónom - NOVOSTAVBA KAMENCE (D18.1.12)","address":"Sládkovičova, Kysucké Nové Mesto, okres Kysucké Nové Mesto","rooms":3,"meters":68,"totalPrice":164500,"meterSquarePrice":1,"link":"https://www.nehnutelnosti.sk/detail/Jupgb7IP7OF/byt-3-kk-s-balkonom-novostavba-kamence-d18-1-12","imagesUrls":["https://img.nehnutelnosti.sk/foto/NjAweDMzOC9maWx0ZXJzOnF1YWxpdHkoMTAwKS9uZWg=/A4w6no_Te_fss?st=88pYsgI-qtDW7ihTU-BK1qd-NdxPFMhYCJyrPYNQOn0&ts=1706792055&e=0"]},{"title":"Byt 2+kk v novostavbe KASÁRNE - ihneď k dispozícii! E1.2","address":"Banisko, Brezno, okres Brezno","rooms":2,"meters":53,"totalPrice":102900,"meterSquarePrice":5,"link":"https://www.nehnutelnosti.sk/detail/Juh1pmSBUiU/byt-2-kk-v-novostavbe-kasarne-ihned-k-dispozicii-e1-2","imagesUrls":["https://img.nehnutelnosti.sk/foto/NjAweDMzOC9maWx0ZXJzOnF1YWxpdHkoMTAwKS9uZWg=/yL9EQLVTx_fss?st=vw0iuQB9SL7bKw-7f6Rl51AirnxSNKXNh-W2G6_aQQo&ts=1710166910&e=0"]},{"title":"IHNEĎ K DISPOZÍCII - KASÁRNE BREZNO - 3-izbový byt F4.24","address":"Banisko, Brezno, okres Brezno","rooms":3,"meters":70,"totalPrice":130900,"meterSquarePrice":7,"link":"https://www.nehnutelnosti.sk/detail/Ju7DHMiu5wP/ihned-k-dispozicii-kasarne-brezno-3-izbovy-byt-f4-24","imagesUrls":["https://img.nehnutelnosti.sk/foto/NjAweDMzOC9maWx0ZXJzOnF1YWxpdHkoMTAwKS9uZWg=/7yTXNgZ1F_fss?st=w_9ie6y3ZCPoMFwrtIP0YNgAEAELhXgKs7yXXwMJRf0&ts=1694488634&e=0"]},{"title":"Rezidencia GEMINI I - Kasárne Brezno:1+KK byt s PREDZÁHRADKOU / označenie B0","address":"Československej armády, Brezno, okres Brezno","rooms":1,"meters":33,"totalPrice":95000,"meterSquarePrice":1,"link":"https://www.nehnutelnosti.sk/detail/JuIsi1Bq6vE/rezidencia-gemini-i-kasarne-brezno1-kk-byt-s-predzahradkou-oznacenie-b0","imagesUrls":["https://img.nehnutelnosti.sk/foto/NjAweDMzOC9maWx0ZXJzOnF1YWxpdHkoMTAwKS9uZWg=/Gijf0WquN_fss?st=0NW7hsQM5L4Fh4ftAe5XEyYjVG4fn3UaOeovJW_eR0o&ts=1657799395&e=0"]},{"title":"Rezidencia GEMINI I - Kasárne Brezno: 2+KK byt s balkónom/ označenie A4","address":"Československej armády, Brezno, okres Brezno","rooms":2,"meters":54,"totalPrice":126500,"meterSquarePrice":9,"link":"https://www.nehnutelnosti.sk/detail/JuI4KVtf_I6/rezidencia-gemini-i-kasarne-brezno-2-kk-byt-s-balkonom-oznacenie-a4","imagesUrls":["https://img.nehnutelnosti.sk/foto/NjAweDMzOC9maWx0ZXJzOnF1YWxpdHkoMTAwKS9uZWg=/JycKzOmoE_fss?st=7QwfY4oUOydOeUFZfzrHh4LRJtnb9BatxfWg6oCA634&ts=1657799395&e=0"]},{"title":"Rezidencia GEMINI I - Kasárne Brezno: 3+KK byt s balkónom / označenie F1","address":"Československej armády, Brezno, okres Brezno","rooms":3,"meters":75,"totalPrice":149000,"meterSquarePrice":8,"link":"https://www.nehnutelnosti.sk/detail/JuQsptPdz1x/rezidencia-gemini-i-kasarne-brezno-3-kk-byt-s-balkonom-oznacenie-f1","imagesUrls":["https://img.nehnutelnosti.sk/foto/NjAweDMzOC9maWx0ZXJzOnF1YWxpdHkoMTAwKS9uZWg=/c6JhCfXBJ_fss?st=t46dHBcWC77ZdJx8XkGeGEfLHTOGfLy7fF7PFIKW92U&ts=1711021696&e=0"]},{"title":"NOVOSTAVBA - KASÁRNE BREZNO - 2-izbový byt C26","address":"Banisko, Brezno, okres Brezno","rooms":2,"meters":54,"totalPrice":109000,"meterSquarePrice":1,"link":"https://www.nehnutelnosti.sk/detail/Ju3CDWPeekIm/novostavba-kasarne-brezno-2-izbovy-byt-c26","imagesUrls":["https://img.nehnutelnosti.sk/foto/NjAweDMzOC9maWx0ZXJzOnF1YWxpdHkoMTAwKS9uZWg=/pxpULdlwN_fss?st=DqO2oXbAqoAKhuWF6Rw03rGykT9tD3wXE4u93jMGDi8&ts=1671093068&e=0"]},{"title":"Rezidencia GEMINI I - Kasárne Brezno:1+KK byt s PREDZÁHRADKOU / označenie D0","address":"Československej armády, Brezno, okres Brezno","rooms":1,"meters":33,"totalPrice":95000,"meterSquarePrice":3,"link":"https://www.nehnutelnosti.sk/detail/JuJtGEkWhQL2/rezidencia-gemini-i-kasarne-brezno1-kk-byt-s-predzahradkou-oznacenie-d0","imagesUrls":["https://img.nehnutelnosti.sk/foto/NjAweDMzOC9maWx0ZXJzOnF1YWxpdHkoMTAwKS9uZWg=/CYVZJijM4_fss?st=WBzum6NJ026LIBkiqcxc68wmyb11cYfeNJw74KAmWTY&ts=1711021679&e=0"]},{"title":"Byt 2+kk s balkónom - NOVOSTAVBA KAMENCE (D18.6)","address":"Sládkovičova, Kysucké Nové Mesto, okres Kysucké Nové Mesto","rooms":2,"meters":50,"totalPrice":125000,"meterSquarePrice":8,"link":"https://www.nehnutelnosti.sk/detail/JuTZe2mpYph/byt-2-kk-s-balkonom-novostavba-kamence-d18-6","imagesUrls":["https://img.nehnutelnosti.sk/foto/NjAweDMzOC9maWx0ZXJzOnF1YWxpdHkoMTAwKS9uZWg=/28w_1d103P_fss?st=iL_LirRPP5i9m51KWAW3ESzu0OvQDdwIhbY2xTGW6VE&ts=1706792077&e=0"]},{"title":"NOVOSTAVBA - KASÁRNE BREZNO - 2-izbový byt D8","address":"Banisko, Brezno, okres Brezno","rooms":2,"meters":54,"totalPrice":104900,"meterSquarePrice":5,"link":"https://www.nehnutelnosti.sk/detail/JuP8N8Pohfl/novostavba-kasarne-brezno-2-izbovy-byt-d8","imagesUrls":["https://img.nehnutelnosti.sk/foto/NjAweDMzOC9maWx0ZXJzOnF1YWxpdHkoMTAwKS9uZWg=/Ha_5-SEVw_fss?st=tLTFYQTdF3YLwzS4pE-Ed_4qd8zhX-tQ0vH9UmuGJoE&ts=1691050964&e=0"]},{"title":"Byt 1+kk v novostavbe KASÁRNE - ihneď k dispozícii!","address":"Banisko, Brezno, okres Brezno","rooms":1,"meters":36,"totalPrice":76900,"meterSquarePrice":7,"link":"https://www.nehnutelnosti.sk/detail/JuW2s_gCPRe/byt-1-kk-v-novostavbe-kasarne-ihned-k-dispozicii","imagesUrls":["https://img.nehnutelnosti.sk/foto/NjAweDMzOC9maWx0ZXJzOnF1YWxpdHkoMTAwKS9uZWg=/2JERkolNx_fss?st=7gTJU35WuqwiIkLY4X1th90_3-sntXQhsglQyss_a1g&ts=1710166906&e=0"]},{"title":"Rezidencia GEMINI I - Kasárne Brezno: 3+KK byt s balkónom / označenie F2","address":"Československej armády, Brezno, okres Brezno","rooms":3,"meters":75,"totalPrice":155000,"meterSquarePrice":7,"link":"https://www.nehnutelnosti.sk/detail/JuyOZkNMaj2/rezidencia-gemini-i-kasarne-brezno-3-kk-byt-s-balkonom-oznacenie-f2","imagesUrls":["https://img.nehnutelnosti.sk/foto/NjAweDMzOC9maWx0ZXJzOnF1YWxpdHkoMTAwKS9uZWg=/WrNs5Buly_fss?st=FqXNHHV5oWTM5R4QEFIS4YGTJo4qNzPQpgBMp4oAsV0&ts=1711021697&e=0"]},{"title":"Posledný byt 3+kk s PREDZÁHRADKOU - NOVOSTAVBA KAMENCE (D21.1)","address":"Sládkovičova, Kysucké Nové Mesto, okres Kysucké Nové Mesto","rooms":3,"meters":79,"totalPrice":197000,"meterSquarePrice":8,"link":"https://www.nehnutelnosti.sk/detail/JuDnqBO1dIq/posledny-byt-3-kk-s-predzahradkou-novostavba-kamence-d21-1","imagesUrls":["https://img.nehnutelnosti.sk/foto/NjAweDMzOC9maWx0ZXJzOnF1YWxpdHkoMTAwKS9uZWg=/yjWZvPYhDj_fss?st=_Vd52eYxTEoKMGmLIlN-auCpUzIyBtX4I5qeXRWrVlQ&ts=1707237327&e=0"]},{"title":"NOVOSTAVBA - KASÁRNE BREZNO - 1-izbový byt D27","address":"Banisko, Brezno, okres Brezno","rooms":1,"meters":37,"totalPrice":76900,"meterSquarePrice":2,"link":"https://www.nehnutelnosti.sk/detail/JuarlVQXEIX/novostavba-kasarne-brezno-1-izbovy-byt-d27","imagesUrls":["https://img.nehnutelnosti.sk/foto/NjAweDMzOC9maWx0ZXJzOnF1YWxpdHkoMTAwKS9uZWg=/pNSUmyR-e_fss?st=7BoMAQ1tueEB_IQNRLUSxqT9SM5MuTmWgGKbpVrZw0o&ts=1691050967&e=0"]},{"title":"Byt 1+kk s balkónom - NOVOSTAVBA KAMENCE (D18.1.34)","address":"Sládkovičova, Kysucké Nové Mesto, okres Kysucké Nové Mesto","rooms":1,"meters":31,"totalPrice":86000,"meterSquarePrice":5,"link":"https://www.nehnutelnosti.sk/detail/JuZf59iljhm/byt-1-kk-s-balkonom-novostavba-kamence-d18-1-34","imagesUrls":["https://img.nehnutelnosti.sk/foto/NjAweDMzOC9maWx0ZXJzOnF1YWxpdHkoMTAwKS9uZWg=/I9Sw5aTIL_fss?st=-6-rCWyv6Tl-JGbTA-h1zCg_XuFFni9qKa9S6N_oZc8&ts=1706792067&e=0"]},{"title":"Byt 3+kk s balkónom - NOVOSTAVBA (D14.13)","address":"Sládkovičova, Kysucké Nové Mesto, okres Kysucké Nové Mesto","rooms":3,"meters":67,"totalPrice":null,"meterSquarePrice":null,"link":"https://www.nehnutelnosti.sk/detail/Ju2SS5a9qVs/byt-3-kk-s-balkonom-novostavba-d14-13","imagesUrls":["https://img.nehnutelnosti.sk/foto/NjAweDMzOC9maWx0ZXJzOnF1YWxpdHkoMTAwKS9uZWg=/X2YSLhEAv_fss?st=sZPONtIP2UZ064GaUMct0uuNCe7SqHSeS2yGOFSamqc&ts=1706792045&e=0"]},{"title":"Byt 1+kk s balkónom - NOVOSTAVBA KAMENCE (D18.1.10)","address":"Sládkovičova, Kysucké Nové Mesto, okres Kysucké Nové Mesto","rooms":1,"meters":31,"totalPrice":85500,"meterSquarePrice":1,"link":"https://www.nehnutelnosti.sk/detail/JuiRBYpvmMTt/byt-1-kk-s-balkonom-novostavba-kamence-d18-1-10","imagesUrls":["https://img.nehnutelnosti.sk/foto/NjAweDMzOC9maWx0ZXJzOnF1YWxpdHkoMTAwKS9uZWg=/3F-IKL2iaq_fss?st=cJmaGT_-Ko_Hacvm_UEzr-h3NfLxXSnYgPclSzoCIqY&ts=1706792055&e=0"]},{"title":"Rezidencia GEMINI I - Kasárne Brezno: 3+KK byt s balkónom / označenie E2","address":"Československej armády, Brezno, okres Brezno","rooms":3,"meters":75,"totalPrice":155000,"meterSquarePrice":7,"link":"https://www.nehnutelnosti.sk/detail/JuE5-kySZZd/rezidencia-gemini-i-kasarne-brezno-3-kk-byt-s-balkonom-oznacenie-e2","imagesUrls":["https://img.nehnutelnosti.sk/foto/NjAweDMzOC9maWx0ZXJzOnF1YWxpdHkoMTAwKS9uZWg=/C8lZwA1yZ_fss?st=tZjnu00Syh29LAJvhBqXeUc_-KbHxwK6kn0BVLVoZ9s&ts=1711021700&e=0"]},{"title":"Byt 2+kk s balkónom - NOVOSTAVBA KAMENCE (D21.1.2)","address":"Sládkovičova, Kysucké Nové Mesto, okres Kysucké Nové Mesto","rooms":2,"meters":50,"totalPrice":118500,"meterSquarePrice":0,"link":"https://www.nehnutelnosti.sk/detail/JukoFk7TzFu/byt-2-kk-s-balkonom-novostavba-kamence-d21-1-2","imagesUrls":["https://img.nehnutelnosti.sk/foto/NjAweDMzOC9maWx0ZXJzOnF1YWxpdHkoMTAwKS9uZWg=/05hntCs5r_fss?st=RxphJnWaLHNWmxPzPGO-Y_CvmXXNGxFKFGqTXfC6X6g&ts=1718263228&e=0"]},{"title":"Byt 3+kk s balkónom - NOVOSTAVBA KAMENCE (D14.25)","address":"Sládkovičova, Kysucké Nové Mesto, okres Kysucké Nové Mesto","rooms":3,"meters":67,"totalPrice":165000,"meterSquarePrice":2,"link":"https://www.nehnutelnosti.sk/detail/JuBiE1CqNsg/byt-3-kk-s-balkonom-novostavba-kamence-d14-25","imagesUrls":["https://img.nehnutelnosti.sk/foto/NjAweDMzOC9maWx0ZXJzOnF1YWxpdHkoMTAwKS9uZWg=/BemgzWNjMU_fss?st=JxIKHTVKg22HIE2f23ID1-9u3UL3cRFTqLvGMvmDzZ4&ts=1706792059&e=0"]},{"title":"Ponúkame na predaj veľmi príjemný 3. izbový byt s veľkou terasou v projekte nový ružinov","address":"Bajkalská, Bratislava II - Ružinov, okres Bratislava","rooms":3,"meters":77,"totalPrice":303000,"meterSquarePrice":6,"link":"https://www.nehnutelnosti.sk/detail/Juq6GAySb94/ponukame-na-predaj-velmi-prijemny-3-izbovy-byt-s-velkou-terasou-v-projekte-novy-ruzinov","imagesUrls":["https://img.nehnutelnosti.sk/foto/NjAweDMzOC9maWx0ZXJzOnF1YWxpdHkoMTAwKS9uZWg=/SmmSY-N8W_fss?st=xS3AujwXxMtSIw7QtbqeDjH9o_zAM1WYxpOhl1-tv0w&ts=1714808802&e=0"]},{"title":"NOVOSTAVBA - KASÁRNE BREZNO - 3-izbový byt C6","address":"Banisko, Brezno, okres Brezno","rooms":3,"meters":71,"totalPrice":128900,"meterSquarePrice":3,"link":"https://www.nehnutelnosti.sk/detail/JuM8BBG_Ul5/novostavba-kasarne-brezno-3-izbovy-byt-c6","imagesUrls":["https://img.nehnutelnosti.sk/foto/NjAweDMzOC9maWx0ZXJzOnF1YWxpdHkoMTAwKS9uZWg=/O3b8mGXSR_fss?st=s8qG_xsA_aCwHAtBh3B04vsQxkzjBYCUW-lfzjSY8RU&ts=1710166902&e=0"]},{"title":"NOVOSTAVBA - KASÁRNE BREZNO - 1-izbový byt C16","address":"Banisko, Brezno, okres Brezno","rooms":1,"meters":37,"totalPrice":76900,"meterSquarePrice":2,"link":"https://www.nehnutelnosti.sk/detail/JuFOYZ9-zjs/novostavba-kasarne-brezno-1-izbovy-byt-c16","imagesUrls":["https://img.nehnutelnosti.sk/foto/NjAweDMzOC9maWx0ZXJzOnF1YWxpdHkoMTAwKS9uZWg=/1q8n5GQ0e_fss?st=f1DzcjeigaR2kq-j_wOmNi82QGNSwLD-fadE_076VNo&ts=1671093081&e=0"]},{"title":"Byt 2+kk s PREDZÁHRADKOU - NOVOSTAVBA KAMENCE (D16.1.3)","address":"Sládkovičova, Kysucké Nové Mesto, okres Kysucké Nové Mesto","rooms":2,"meters":57,"totalPrice":149000,"meterSquarePrice":1,"link":"https://www.nehnutelnosti.sk/detail/JuWd9lAUvkQ/byt-2-kk-s-predzahradkou-novostavba-kamence-d16-1-3","imagesUrls":["https://img.nehnutelnosti.sk/foto/NjAweDMzOC9maWx0ZXJzOnF1YWxpdHkoMTAwKS9uZWg=/I70a7VL_B_fss?st=DKesnvUEfvP3-yjTA4OMDWFGFlKT821_Tvt1o0pPORw&ts=1706792074&e=0"]},{"title":"Rezidencia GEMINI I - Kompletne zariadený vzorový byt!","address":"Československej armády, Brezno, okres Brezno","rooms":3,"meters":130,"totalPrice":276000,"meterSquarePrice":1,"link":"https://www.nehnutelnosti.sk/detail/JuaJlmaMvMV/rezidencia-gemini-i-kompletne-zariadeny-vzorovy-byt","imagesUrls":["https://img.nehnutelnosti.sk/foto/NjAweDMzOC9maWx0ZXJzOnF1YWxpdHkoMTAwKS9uZWg=/SerELERudZ_fss?st=hE_rf6gT7dP2VYIJ50_0oGGKENwUjp46WWzXjomcTtM&ts=1710166917&e=0"]}]