[{"title":"GARSÓNKA KOŠICE - FURČA / BUZULUCKÁ","address":"Buzulucká, Košice III - Dargovských Hrdinov, okres Košice","rooms":null,"meters":23,"totalPrice":110000,"meterSquarePrice":1,"link":"https://www.nehnutelnosti.sk/detail/Ju8JHr_jJyg/garsonka-kosice-furca-buzulucka","imagesUrls":["https://img.nehnutelnosti.sk/foto/NjAweDMzOC9maWx0ZXJzOnF1YWxpdHkoMTAwKS9uZWg=/dDqCJ8EbX_fss?st=Otr8tamfZvp4Cpdvk2OWasdlTMhzNGsIltu2BL4GtQE&ts=1721147817&e=0"]},{"title":"2,5 - IZBOVÝ BYT BARDEJOV - SLOVENSKÁ","address":"Slovenská, Bardejov, okres Bardejov","rooms":2,"meters":62,"totalPrice":105000,"meterSquarePrice":5,"link":"https://www.nehnutelnosti.sk/detail/JuF7xc8gdGE/2-5-izbovy-byt-bardejov-slovenska","imagesUrls":["https://img.nehnutelnosti.sk/foto/NjAweDMzOC9maWx0ZXJzOnF1YWxpdHkoMTAwKS9uZWg=/ZfbunbXLdx_fss?st=jNbHn6Z7BHVm0fZrEzXR4eYkRN3h5XCMEjL72ZOYfqM&ts=1726042230&e=0"]},{"title":"2 - IZBOVÝ BYT BARDEJOV - FUČÍKOVA","address":"Fučíkova, Bardejov, okres Bardejov","rooms":2,"meters":63,"totalPrice":119000,"meterSquarePrice":9,"link":"https://www.nehnutelnosti.sk/detail/Ju9a9fV0w08/2-izbovy-byt-bardejov-fucikova","imagesUrls":["https://img.nehnutelnosti.sk/foto/NjAweDMzOC9maWx0ZXJzOnF1YWxpdHkoMTAwKS9uZWg=/XLs-rXkz4Q_fss?st=2Fk3rQD-Pq3GpRBKFokjpQ3vgduNrueR1ydW0bdjT40&ts=1721140693&e=0"]},{"title":"2 - IZBOVÝ BYT TREBIŠOV - JÁNA HUSA","address":"Trebišov, Trebišov, okres Trebišov","rooms":2,"meters":54,"totalPrice":75000,"meterSquarePrice":9,"link":"https://www.nehnutelnosti.sk/detail/Ju9qnhG4Tk5/2-izbovy-byt-trebisov-jana-husa","imagesUrls":["https://img.nehnutelnosti.sk/foto/NjAweDMzOC9maWx0ZXJzOnF1YWxpdHkoMTAwKS9uZWg=/MYX6AGUBS__fss?st=AWWqFDI2oPnc48VUh4sraXFq8EqyfasCdovPNHs6SYM&ts=1726834842&e=0"]},{"title":"Na predaj veľkometrážny kompletne prerobený 3 izbový byt Vrútky, 90 m2, ul. Nábrežná","address":"Nábrežná, Vrútky, okres Martin","rooms":3,"meters":86,"totalPrice":143000,"meterSquarePrice":9,"link":"https://www.nehnutelnosti.sk/detail/JuCE4wzBvgx/na-predaj-velkometrazny-kompletne-prerobeny-3-izbovy-byt-vrutky-90-m2-ul-nabrezna","imagesUrls":["https://img.nehnutelnosti.sk/foto/NjAweDMzOC9maWx0ZXJzOnF1YWxpdHkoMTAwKS9uZWg=/I0nzTvhKK_fss?st=HCPzHzZ1lf8edwPWjPbuISCW91p9gSpoAXcEwEQFHVs&ts=1725870940&e=0"]},{"title":"Pripravujeme na predaj 2 izb byt Martin Centrum","address":"Holubyho, Martin, okres Martin","rooms":2,"meters":53,"totalPrice":108000,"meterSquarePrice":4,"link":"https://www.nehnutelnosti.sk/detail/JuUitKtKFoO/pripravujeme-na-predaj-2-izb-byt-martin-centrum","imagesUrls":["https://img.nehnutelnosti.sk/foto/NjAweDMzOC9maWx0ZXJzOnF1YWxpdHkoMTAwKS9uZWg=/bLKL6fnmk_fss?st=VWptkdNfCEyYL5axyBxPPSdXo-lSStpdzhxUmLNoo1g&ts=1724673716&e=0"]},{"title":"3 izbový byt na predaj Martin - Centrum, ul. Bjornsonova","address":"Bjornsonova, Martin, okres Martin","rooms":3,"meters":65,"totalPrice":116000,"meterSquarePrice":2,"link":"https://www.nehnutelnosti.sk/detail/JuBt758p1xD/3-izbovy-byt-na-predaj-martin-centrum-ul-bjornsonova","imagesUrls":["https://img.nehnutelnosti.sk/foto/NjAweDMzOC9maWx0ZXJzOnF1YWxpdHkoMTAwKS9uZWg=/0wtMyGWK44_fss?st=MIA1OkgAqFLHKOx6CyBmf-MWbw1Lt9nyH_FnYzki5MQ&ts=1720609837&e=0"]},{"title":"Rezervované - Znížená cena - Na predaj 3 izbový byt Martin-Záturčie 78 m2","address":"A. Stodolu, Martin, okres Martin","rooms":3,"meters":78,"totalPrice":94900,"meterSquarePrice":7,"link":"https://www.nehnutelnosti.sk/detail/JuCqL0GQS-L/rezervovane-znizena-cena-na-predaj-3-izbovy-byt-martin-zaturcie-78-m2","imagesUrls":["https://img.nehnutelnosti.sk/foto/NjAweDMzOC9maWx0ZXJzOnF1YWxpdHkoMTAwKS9uZWg=/YLwF9Fmlv6_fss?st=ihFuc1BSAirnjJTnDSjQE_V_lM94ZbFmOwJNx38OUoY&ts=1726144169&e=0"]},{"title":"Na predaj 2 izbový kompletne prerobený byt Martin-Centrum","address":"Martin, okres Martin","rooms":2,"meters":54,"totalPrice":115000,"meterSquarePrice":3,"link":"https://www.nehnutelnosti.sk/detail/JuJpS4yyXn4/na-predaj-2-izbovy-kompletne-prerobeny-byt-martin-centrum","imagesUrls":["https://img.nehnutelnosti.sk/foto/NjAweDMzOC9maWx0ZXJzOnF1YWxpdHkoMTAwKS9uZWg=/XjTbKEuBS_fss?st=VIGTGE0RKjK6gscfiCqkuJccsLecG6aZ2dMVQDfaj3U&ts=1723801688&e=0"]},{"title":"PREDANÉ-Na predaj 2 izbový byt Martin-Centrum, byt.dom Átrium","address":"A. Pietra, Martin, okres Martin","rooms":2,"meters":64,"totalPrice":110000,"meterSquarePrice":5,"link":"https://www.nehnutelnosti.sk/detail/JukEbg3uabT/predane-na-predaj-2-izbovy-byt-martin-centrum-byt-dom-atrium","imagesUrls":["https://img.nehnutelnosti.sk/foto/NjAweDMzOC9maWx0ZXJzOnF1YWxpdHkoMTAwKS9uZWg=/5jj2Jb2Gg_fss?st=PqoiRh6ynAjOx5YZ1E3sSslgX_l83TP1ToDadneCr-Q&ts=1722938663&e=0"]},{"title":"3 izbový veľkometrážny byt v novostavbe pri Žiline","address":"Horný Hričov, okres Žilina","rooms":3,"meters":94,"totalPrice":null,"meterSquarePrice":null,"link":"https://www.nehnutelnosti.sk/detail/JunAX1zb5tv/3-izbovy-velkometrazny-byt-v-novostavbe-pri-ziline","imagesUrls":["https://img.nehnutelnosti.sk/foto/NjAweDMzOC9maWx0ZXJzOnF1YWxpdHkoMTAwKS9uZWg=/bgA5p0azGH_fss?st=i-LNWo2PpYDvYoCLmyG_A---FAPz4fXHuX3p33fIsCI&ts=1700476454&e=0"]},{"title":"Na predaj 3 izbový byt Košúty 1, k dispozícii 78 m2","address":"Martin, okres Martin","rooms":3,"meters":70,"totalPrice":null,"meterSquarePrice":null,"link":"https://www.nehnutelnosti.sk/detail/JuNQVKBQg2f/na-predaj-3-izbovy-byt-kosuty-1-k-dispozicii-78-m2","imagesUrls":["https://img.nehnutelnosti.sk/foto/NjAweDMzOC9maWx0ZXJzOnF1YWxpdHkoMTAwKS9uZWg=/QEamYNEBVq_fss?st=lMNjpP9TuQvi5CBG2QRLx801Vb9cWO_vSK6jqTpbx9c&ts=1718362266&e=0"]},{"title":"Na predaj 3 izbový byt Martin - Ľadoveň po rekonštrukcii","address":"Izabely Textorisovej, Martin, okres Martin","rooms":3,"meters":68,"totalPrice":127300,"meterSquarePrice":6,"link":"https://www.nehnutelnosti.sk/detail/Ju8LPwdM6aw/na-predaj-3-izbovy-byt-martin-ladoven-po-rekonstrukcii","imagesUrls":["https://img.nehnutelnosti.sk/foto/NjAweDMzOC9maWx0ZXJzOnF1YWxpdHkoMTAwKS9uZWg=/vIz667fyD_fss?st=QaHayNOWG6gBZvwgSxV0NW9nQXcY7CRIeANNKxALNEE&ts=1717149155&e=0"]},{"title":"Na predaj útulný 2 izbový bytík Martin-Priekopa - s parkovacím miestom","address":"Martin, okres Martin","rooms":2,"meters":54,"totalPrice":95000,"meterSquarePrice":6,"link":"https://www.nehnutelnosti.sk/detail/JujgFNSGPee/na-predaj-utulny-2-izbovy-bytik-martin-priekopa-s-parkovacim-miestom","imagesUrls":["https://img.nehnutelnosti.sk/foto/NjAweDMzOC9maWx0ZXJzOnF1YWxpdHkoMTAwKS9uZWg=/b90KoZWTp_fss?st=AdIstJbZM5qgbM5Ffqd6sZag5AHY_XZ02tpHfXU4p6w&ts=1693478152&e=0"]},{"title":"Novostavba 3 izbového bytu v centre Martina v blízkosti pešej zóny","address":"Martin, okres Martin","rooms":3,"meters":85,"totalPrice":null,"meterSquarePrice":null,"link":"https://www.nehnutelnosti.sk/detail/JuulGRfbKQQ/novostavba-3-izboveho-bytu-v-centre-martina-v-blizkosti-pesej-zony","imagesUrls":["https://img.nehnutelnosti.sk/foto/NjAweDMzOC9maWx0ZXJzOnF1YWxpdHkoMTAwKS9uZWg=/gm9mJjBvx_fss?st=skpUPxEzfpuqukgZe1ZSRV4D4v-OraE-fjM8dFQULEg&ts=1721035040&e=0"]},{"title":"Novostavba 1 izbového bytu v centre Martina v blízkosti pešej zóny","address":"Martin, okres Martin","rooms":1,"meters":42,"totalPrice":154999,"meterSquarePrice":5,"link":"https://www.nehnutelnosti.sk/detail/Ju5i_oRyl44/novostavba-1-izboveho-bytu-v-centre-martina-v-blizkosti-pesej-zony","imagesUrls":["https://img.nehnutelnosti.sk/foto/NjAweDMzOC9maWx0ZXJzOnF1YWxpdHkoMTAwKS9uZWg=/fqYPDEyno_fss?st=KYUuR1Y3ztRh2WO78xkXjsQqOS2Oj1Rp9LgmLLtGto4&ts=1714647537&e=0"]},{"title":"4 izbový byt v novostavbe, Martin - Centrum","address":"Martin, okres Martin","rooms":4,"meters":111,"totalPrice":229000,"meterSquarePrice":6,"link":"https://www.nehnutelnosti.sk/detail/JuVf03tQk-6B/4-izbovy-byt-v-novostavbe-martin-centrum","imagesUrls":["https://img.nehnutelnosti.sk/foto/NjAweDMzOC9maWx0ZXJzOnF1YWxpdHkoMTAwKS9uZWg=/c0Abcr83s_fss?st=9kVPE_Hrjiv_JZLZ1plv3-Kz2RY_jH36A44VQHb_yPE&ts=1698921973&e=0"]},{"title":"Sládkovičovo, J. Dalloša: Predaj 2izb bytu v pôvodnom stave OV 68m2","address":"J. Dalloša 1350/28, Sládkovičovo, okres Galanta","rooms":2,"meters":62,"totalPrice":89000,"meterSquarePrice":8,"link":"https://www.nehnutelnosti.sk/detail/JupvQkfDpU9/sladkovicovo-j-dallosa-predaj-2izb-bytu-v-povodnom-stave-ov-68m2","imagesUrls":["https://img.nehnutelnosti.sk/foto/NjAweDMzOC9maWx0ZXJzOnF1YWxpdHkoMTAwKS9uZWg=/uwHM71WnM_fss?st=1qB9hjp8HUMKXM-qD3uAthA2rsO1HSPImbFTUzMlb0U&ts=1722510881&e=0"]},{"title":"NOVINKA - Predaj výnimočného 1izb bytu 51,6m2 v štvorbytovke v obci Boleráz - časť Klčovany","address":"Hlavná, Boleráz, okres Trnava","rooms":1,"meters":51,"totalPrice":115000,"meterSquarePrice":8,"link":"https://www.nehnutelnosti.sk/detail/JuZ06FBco0e/novinka-predaj-vynimocneho-1izb-bytu-51-6m2-v-stvorbytovke-v-obci-boleraz-cast-klcovany","imagesUrls":["https://img.nehnutelnosti.sk/foto/NjAweDMzOC9maWx0ZXJzOnF1YWxpdHkoMTAwKS9uZWg=/ystMsZZK9_fss?st=RTG0ZibtHVg1dORZDZxDu0CimW6eqqMvKm-QlMs7FJk&ts=1726981363&e=0"]},{"title":"Predaj rekonštr. 3izb bytu OV 70m2 na 2posch.","address":"Sídlisko J,. Dalloša, Sládkovičovo, okres Galanta","rooms":2,"meters":70,"totalPrice":116000,"meterSquarePrice":4,"link":"https://www.nehnutelnosti.sk/detail/JuUpNN5_Kqi/predaj-rekonstr-3izb-bytu-ov-70m2-na-2posch","imagesUrls":["https://img.nehnutelnosti.sk/foto/NjAweDMzOC9maWx0ZXJzOnF1YWxpdHkoMTAwKS9uZWg=/e-VXz_AReb_fss?st=8t_5opeCloUG0_Emrzu9TO3Hu0qzBZ_Z_mlgd8nrOXs&ts=1726780686&e=0"]},{"title":"REZERVOVANÉ - Predaj rekonštr. 4izb bytu OV 84m2 zvýš. prízemie","address":"J. Dalloša, Sládkovičovo, okres Galanta","rooms":4,"meters":84,"totalPrice":125000,"meterSquarePrice":0,"link":"https://www.nehnutelnosti.sk/detail/Ju23GsI0YGC/rezervovane-predaj-rekonstr-4izb-bytu-ov-84m2-zvys-prizemie","imagesUrls":["https://img.nehnutelnosti.sk/foto/NjAweDMzOC9maWx0ZXJzOnF1YWxpdHkoMTAwKS9uZWg=/KKoD-Hzef_fss?st=q9X4iYBwuY5YfRKYF6kyCkSii826dqBn9FwinJMSmUM&ts=1721679590&e=0"]},{"title":"Predaj 3izb bytov v novostavbe (štvorbytovka)","address":"nová, Galanta, okres Galanta","rooms":3,"meters":92,"totalPrice":125000,"meterSquarePrice":0,"link":"https://www.nehnutelnosti.sk/detail/JuiuX5LFOoz/predaj-3izb-bytov-v-novostavbe-stvorbytovka","imagesUrls":["https://img.nehnutelnosti.sk/foto/NjAweDMzOC9maWx0ZXJzOnF1YWxpdHkoMTAwKS9uZWg=/capaSz89-_fss?st=SWST19gzFpvF4w4-GLT7-xMrsZQDq65MBofozfmWbOQ&ts=1724679135&e=0"]},{"title":"Predaj 3izb bytu 75m2+2x balkón na 9/12p. Sereď centrum","address":"Cukrovarská, Sereď, okres Galanta","rooms":3,"meters":75,"totalPrice":109900,"meterSquarePrice":3,"link":"https://www.nehnutelnosti.sk/detail/Juq0TjVYlmf/predaj-3izb-bytu-75m2-2x-balkon-na-9-12p-sered-centrum","imagesUrls":["https://img.nehnutelnosti.sk/foto/NjAweDMzOC9maWx0ZXJzOnF1YWxpdHkoMTAwKS9uZWg=/cKdPBxA9KN_fss?st=p3JVDvzp7UmA9kOIsrxZrTFYhzDaCWI_YL6sHM5pQic&ts=1725650581&e=0"]},{"title":"A3 - Predaj 3izb bytu 87m2 - Moderná NOVOSTAVBA","address":"Hlavná, Galanta, okres Galanta","rooms":3,"meters":87,"totalPrice":119440,"meterSquarePrice":7,"link":"https://www.nehnutelnosti.sk/detail/JuXZlRwoc6m/a3-predaj-3izb-bytu-87m2-moderna-novostavba","imagesUrls":["https://img.nehnutelnosti.sk/foto/NjAweDMzOC9maWx0ZXJzOnF1YWxpdHkoMTAwKS9uZWg=/jH8nZbsJg_fss?st=rf5cf8pj4mbG2WONK94g2z58_dVThbnfrHCrCCPGEFs&ts=1725152603&e=0"]},{"title":"NOVINKA - Predaj 3izb bytov v novostavbe (štvorbytovka) v Sládkovičove","address":"Záhradnícka, Sládkovičovo, okres Galanta","rooms":3,"meters":69,"totalPrice":133500,"meterSquarePrice":6,"link":"https://www.nehnutelnosti.sk/detail/JusiOpFY7P6/novinka-predaj-3izb-bytov-v-novostavbe-stvorbytovka-v-sladkovicove","imagesUrls":["https://img.nehnutelnosti.sk/foto/NjAweDMzOC9maWx0ZXJzOnF1YWxpdHkoMTAwKS9uZWg=/Gm6w40TFG5_fss?st=hnXlZIMuvKcXsTkl1ejIla4tolfroHANehgOvjwr170&ts=1726203779&e=0"]},{"title":"REZERVOVANÝ_D3D3_Predaj novostavby 3izb bytu 91m2 na 1posch. v štandarde s parkoviskom","address":"Fučíkova, Sládkovičovo, okres Galanta","rooms":3,"meters":91,"totalPrice":205000,"meterSquarePrice":5,"link":"https://www.nehnutelnosti.sk/detail/Juz6hHFsYhV/rezervovany-d3d3-predaj-novostavby-3izb-bytu-91m2-na-1posch-v-standarde-s-parkoviskom","imagesUrls":["https://img.nehnutelnosti.sk/foto/NjAweDMzOC9maWx0ZXJzOnF1YWxpdHkoMTAwKS9uZWg=/4t-CxMs03_fss?st=uioTZIrBKv49cgKkKI9XDMHqiq_JmVa_-hYsOEp5nlA&ts=1723058262&e=0"]},{"title":"Sládkovičovo, Janka Kráľa: Predáme 2izb byt 57,6m2 na 1/2p + garáž 17m2 + pivnica 2m2","address":"Janka Kráľa, Sládkovičovo, okres Galanta","rooms":2,"meters":57,"totalPrice":105000,"meterSquarePrice":2,"link":"https://www.nehnutelnosti.sk/detail/Ju-pyXNQahy/sladkovicovo-janka-krala-predame-2izb-byt-57-6m2-na-1-2p-garaz-17m2-pivnica-2m2","imagesUrls":["https://img.nehnutelnosti.sk/foto/NjAweDMzOC9maWx0ZXJzOnF1YWxpdHkoMTAwKS9uZWg=/Z7kvFOwH1X_fss?st=PL7M6aH3vwM5cw097Y93466erluwsmywznNt0ndUDUc&ts=1724381215&e=0"]},{"title":"REZERVOVANÉ - B3 - Predaj 3izb bytu 83 m2 v obci Košúty - Moderná NOVOSTAVBA","address":"Hlavná, Košúty, okres Galanta","rooms":3,"meters":83,"totalPrice":119500,"meterSquarePrice":6,"link":"https://www.nehnutelnosti.sk/detail/JulS58Dh3TT/rezervovane-b3-predaj-3izb-bytu-83-m2-v-obci-kosuty-moderna-novostavba","imagesUrls":["https://img.nehnutelnosti.sk/foto/NjAweDMzOC9maWx0ZXJzOnF1YWxpdHkoMTAwKS9uZWg=/1TqPYm3P-_fss?st=rW8htuQ4gnDFhof5w-7nwa5vMxnC52YBhbaQHFkSyW0&ts=1706006106&e=0"]},{"title":"Dom D1 - Byt D3_Predaj novostavby 3izb holobytu 91m2 2NP_1xP_Pozemok","address":"Fučíkova, Sládkovičovo, okres Galanta","rooms":3,"meters":91,"totalPrice":178934,"meterSquarePrice":1,"link":"https://www.nehnutelnosti.sk/detail/Ju8yKa7gomJ/dom-d1-byt-d3-predaj-novostavby-3izb-holobytu-91m2-2np-1xp-pozemok","imagesUrls":["https://img.nehnutelnosti.sk/foto/NjAweDMzOC9maWx0ZXJzOnF1YWxpdHkoMTAwKS9uZWg=/2C7-uknJzq_fss?st=OKdiL3IXicU2-uRwdk9_SzvcjmMn6Z_ic4QFLiKvuOc&ts=1725606648&e=0"]},{"title":"B6B1_Predaj novostavby 3izb bytu 70m2 1NP Terasa 1xP Pozemok","address":"Fučíkova, Sládkovičovo, okres Galanta","rooms":3,"meters":70,"totalPrice":150000,"meterSquarePrice":6,"link":"https://www.nehnutelnosti.sk/detail/Ju_PAziUXFg/b6b1-predaj-novostavby-3izb-bytu-70m2-1np-terasa-1xp-pozemok","imagesUrls":["https://img.nehnutelnosti.sk/foto/NjAweDMzOC9maWx0ZXJzOnF1YWxpdHkoMTAwKS9uZWg=/vjZpLoLzo_fss?st=e6tYGw3evwlilQHj8fuppfQ7NR9c7Y3z5aPB44tBlSE&ts=1717623819&e=0"]}]