[{"title":"REZERVOVANÉ! 3,5 izb. byt, TEHLA, obľúbená lokalita 500 bytov, NIVY","address":"Svätoplukova, Bratislava II - Ružinov, okres Bratislava","rooms":4,"meters":86,"totalPrice":289000,"meterSquarePrice":7,"link":"https://www.nehnutelnosti.sk/detail/Ju3m3wszKgz/rezervovane-3-5-izb-byt-tehla-oblubena-lokalita-500-bytov-nivy","imagesUrls":["https://img.nehnutelnosti.sk/foto/NjAweDMzOC9maWx0ZXJzOnF1YWxpdHkoMTAwKS9uZWg=/3WKrXIyQp_fss?st=dTjPD0LT1txryTF08dkoG0JNCUjMSWf4M5Qx3HmDs7Q&ts=1720433274&e=0"]},{"title":"REZERVOVANÉ! 3,5 izb. byt, TEHLA, obľúbená lokalita 500 bytov, NIVY","address":"Svätoplukova, Bratislava II - Ružinov, okres Bratislava","rooms":3,"meters":86,"totalPrice":289000,"meterSquarePrice":7,"link":"https://www.nehnutelnosti.sk/detail/Jul-8gFRhfs/rezervovane-3-5-izb-byt-tehla-oblubena-lokalita-500-bytov-nivy","imagesUrls":["https://img.nehnutelnosti.sk/foto/NjAweDMzOC9maWx0ZXJzOnF1YWxpdHkoMTAwKS9uZWg=/RkbIWYS8C_fss?st=aYSewHkjkMS-hpj1EnJ_z_IAiHnWRhCf2rRQ8PVXHJQ&ts=1720433276&e=0"]},{"title":"2izbový byt v novostavbe, TEHLA, výborná dispozícia","address":"Trnavská, Nitra, okres Nitra","rooms":2,"meters":45,"totalPrice":133358,"meterSquarePrice":9,"link":"https://www.nehnutelnosti.sk/detail/JulzXLHYlWg/2izbovy-byt-v-novostavbe-tehla-vyborna-dispozicia","imagesUrls":["https://img.nehnutelnosti.sk/foto/NjAweDMzOC9maWx0ZXJzOnF1YWxpdHkoMTAwKS9uZWg=/GvsXaJ14n_fss?st=N2V1bz_ATiR-phaU2ZHl9PooxGGeBxlM6I078lJ99x0&ts=1718438509&e=0"]},{"title":"Odporúčané - Predám 2+1 byt v meste Čadca, Martinkov Potok, iba u nás","address":"Jána Kollára, Čadca, okres Čadca","rooms":2,"meters":50,"totalPrice":91500,"meterSquarePrice":0,"link":"https://www.nehnutelnosti.sk/detail/JuCk-VC08dw/odporucane-predam-2-1-byt-v-meste-cadca-martinkov-potok-iba-u-nas","imagesUrls":["https://img.nehnutelnosti.sk/foto/NjAweDMzOC9maWx0ZXJzOnF1YWxpdHkoMTAwKS9uZWg=/ZFs6e8KKO_fss?st=U0J0L4NFfrvCeERfT4uXPSIMh4yyy3qiUzqtvfphw-4&ts=1725020786&e=0"]},{"title":"Predaj nadrozmerného 3i bytu s 2 strešnými terasami a nízkym nájomným","address":"Kazanská, Bratislava II - Podunajské Biskupice, okres Bratislava","rooms":3,"meters":162,"totalPrice":438000,"meterSquarePrice":5,"link":"https://www.nehnutelnosti.sk/detail/Ju5UT-0rYg4/predaj-nadrozmerneho-3i-bytu-s-2-stresnymi-terasami-a-nizkym-najomnym","imagesUrls":["https://img.nehnutelnosti.sk/foto/NjAweDMzOC9maWx0ZXJzOnF1YWxpdHkoMTAwKS9uZWg=/2POYofF26_fss?st=z5oXWJdPh0k_EJO-HHfjbUsMZxMDb6QRlA3rWa_xfVc&ts=1725695304&e=0"]},{"title":"Ponúkame na predaj 3 izbový byt na Železníkoch","address":"Ostravská, Košice IV - Juh, okres Košice","rooms":3,"meters":70,"totalPrice":135000,"meterSquarePrice":7,"link":"https://www.nehnutelnosti.sk/detail/JuaRRew7bfo/ponukame-na-predaj-3-izbovy-byt-na-zeleznikoch","imagesUrls":["https://img.nehnutelnosti.sk/foto/NjAweDMzOC9maWx0ZXJzOnF1YWxpdHkoMTAwKS9uZWg=/jEKA5gy5e_fss?st=4PbWdl-8ZXucmQcs_H-f0DLaU-Zt3KIUlAkV-QWIlCs&ts=1723590178&e=0"]},{"title":"3-izbový byt s lódžiou pri OC Galéria","address":"Košice II - Západ, okres Košice","rooms":3,"meters":70,"totalPrice":198600,"meterSquarePrice":4,"link":"https://www.nehnutelnosti.sk/detail/JuaedZl7BIC/3-izbovy-byt-s-lodziou-pri-oc-galeria","imagesUrls":["https://img.nehnutelnosti.sk/foto/NjAweDMzOC9maWx0ZXJzOnF1YWxpdHkoMTAwKS9uZWg=/5GEBijD8MJ_fss?st=N20rMnyKW60i9Ch0Jak5Iun_qreNfGM36SZpiKKwf_8&ts=1725053310&e=0"]},{"title":"Exkluzívne na predaj veľký 3 izbový byt - Žiar nad Hronom/centrum 3B048ZL","address":"A. Kmeťa, Žiar nad Hronom, okres Žiar nad Hronom","rooms":3,"meters":86,"totalPrice":124500,"meterSquarePrice":4,"link":"https://www.nehnutelnosti.sk/detail/JuSyEcm8q5U/exkluzivne-na-predaj-velky-3-izbovy-byt-ziar-nad-hronom-centrum-3b048zl","imagesUrls":["https://img.nehnutelnosti.sk/foto/NjAweDMzOC9maWx0ZXJzOnF1YWxpdHkoMTAwKS9uZWg=/UlgCNnB9O_fss?st=_wF0g9K1OnEaeMBaEVWQX17yXl4w7XG8zz9XuxgeZi4&ts=1717260931&e=0"]},{"title":"Na Predaj 3-izb. byt v Bernolákove","address":"Smreková, Bernolákovo, okres Senec","rooms":3,"meters":64,"totalPrice":210000,"meterSquarePrice":5,"link":"https://www.nehnutelnosti.sk/detail/JuhghLCBg8_/na-predaj-3-izb-byt-v-bernolakove","imagesUrls":["https://img.unitedclassifieds.sk/foto/NjAweDMzOC9maWx0ZXJzOnF1YWxpdHkoMTAwKS9qdWw=/k9yKHMNgH_fss?st=PCFF40j6r8GL2RfY7vQLU1rnvW6oYSnOEDZ-iNp9TxQ&ts=1723759113&e=0"]},{"title":"VYMEŇ SUSEDA! – 3 IZB. DISPOZIČNE VÝBORNE RIEŠENÝ BYT /83,10 m2/ - NITRA-CHRENOVÁ  /Karpatská ulica/","address":"Karpatská, Nitra, okres Nitra","rooms":3,"meters":83,"totalPrice":149000,"meterSquarePrice":2,"link":"https://www.nehnutelnosti.sk/detail/RblcBSWJSMt/vymen-suseda-3-izb-dispozicne-vyborne-rieseny-byt-83-10-m2-nitra-chrenova-karpatska-ulica","imagesUrls":["https://img.unitedclassifieds.sk/foto/NjAweDMzOC9maWx0ZXJzOnF1YWxpdHkoMTAwKS9yc2I=/hk_rJzXLY_fss?st=URwBLvjkkHfA8qcBxi3Tt5rfvdfaTfZkcUFkzTnnFIw&ts=1725041149&e=0"]},{"title":"EXKLUZÍVNE - Jedinečný tehlový byt s úžasným potenciálom v pôvodnom stave","address":"Výpalisko, Nové Zámky, okres Nové Zámky","rooms":3,"meters":87,"totalPrice":99900,"meterSquarePrice":0,"link":"https://www.nehnutelnosti.sk/detail/Ju0VcEdlR3S/exkluzivne-jedinecny-tehlovy-byt-s-uzasnym-potencialom-v-povodnom-stave","imagesUrls":["https://img.nehnutelnosti.sk/foto/NjAweDMzOC9maWx0ZXJzOnF1YWxpdHkoMTAwKS9uZWg=/Xv3claJaM_fss?st=Qx7_T14JqMnqYqrgmz6ha0NISo5butASDyc7mAz3gRE&ts=1683139583&e=0"]},{"title":"Novostavba 3 izbový byt Sekule","address":"Sekule, okres Senica","rooms":3,"meters":59,"totalPrice":123900,"meterSquarePrice":0,"link":"https://www.nehnutelnosti.sk/detail/Juwvd5tF2Xe/novostavba-3-izbovy-byt-sekule","imagesUrls":["https://img.nehnutelnosti.sk/foto/NjAweDMzOC9maWx0ZXJzOnF1YWxpdHkoMTAwKS9uZWg=/NPiOZf1wt_fss?st=CeGLz62qsSxlFCwOSTFAPzFprRcE88QCwc7Y-lnDHgo&ts=1719586669&e=0"]},{"title":"Novostavba 2 izbový byt Sekule","address":"Sekule, okres Senica","rooms":2,"meters":45,"totalPrice":95000,"meterSquarePrice":3,"link":"https://www.nehnutelnosti.sk/detail/JuFCC5tUeFv/novostavba-2-izbovy-byt-sekule","imagesUrls":["https://img.nehnutelnosti.sk/foto/NjAweDMzOC9maWx0ZXJzOnF1YWxpdHkoMTAwKS9uZWg=/0VZhXV7thX_fss?st=NoDiTRvAza8NWQuSQu1o21hgJ3oVMrjBn5sExtI8Ygg&ts=1719582193&e=0"]},{"title":"PB 29-03-23 Predaj bytu v Pov. Bystrici, časť Rozkvet","address":"Považská Bystrica, okres Považská Bystrica","rooms":null,"meters":62,"totalPrice":125000,"meterSquarePrice":3,"link":"https://www.nehnutelnosti.sk/detail/Ju-_3lMutkfI/pb-29-03-23-predaj-bytu-v-pov-bystrici-cast-rozkvet","imagesUrls":["https://img.nehnutelnosti.sk/foto/NjAweDMzOC9maWx0ZXJzOnF1YWxpdHkoMTAwKS9uZWg=/Y7uS-O3RT_fss?st=MaZS3DkE-wA6kMMsrWV3IwsJJfoSf8LdQPfDdmTLnhw&ts=1674818393&e=0"]},{"title":"Lužianky 3izbové byty na predaj so štandardným vybavením","address":"Lužianky, okres Nitra","rooms":3,"meters":79,"totalPrice":179000,"meterSquarePrice":2,"link":"https://www.nehnutelnosti.sk/detail/JuFEEtZJaAC/luzianky-3izbove-byty-na-predaj-so-standardnym-vybavenim","imagesUrls":["https://img.unitedclassifieds.sk/foto/NjAweDMzOC9maWx0ZXJzOnF1YWxpdHkoMTAwKS9yc2Y=/jtvpc6acj_fss?st=9Tt5LvGUhMBX1TxsyNulDlA0MwvL2rRZ8msfRKZC91k&ts=1715731630&e=0"]},{"title":"Predaj, zariadený 2-izbový byt s balkónom v novostavbe, BA IV, Dúbravka","address":"Agátová, Bratislava IV - Dúbravka, okres Bratislava","rooms":2,"meters":55,"totalPrice":175000,"meterSquarePrice":5,"link":"https://www.nehnutelnosti.sk/detail/JuSAI4p_FtZ/predaj-zariadeny-2-izbovy-byt-s-balkonom-v-novostavbe-ba-iv-dubravka","imagesUrls":["https://img.unitedclassifieds.sk/foto/NjAweDMzOC9maWx0ZXJzOnF1YWxpdHkoMTAwKS9qdWw=/R_1MomThY_fss?st=thSpNhsEK7qlo_7zflC8VPmGeYsGqshbguq3QXUaNts&ts=1716568329&e=0"]},{"title":"Predaj 1 izbového investičného apartmánu v rekreačnom rezorte Natur Resort","address":"Ľadová, Veľká Lomnica, okres Kežmarok","rooms":null,"meters":43,"totalPrice":177470,"meterSquarePrice":8,"link":"https://www.nehnutelnosti.sk/detail/JulinSUXC5-/predaj-1-izboveho-investicneho-apartmanu-v-rekreacnom-rezorte-natur-resort","imagesUrls":["https://img.unitedclassifieds.sk/foto/NjAweDMzOC9maWx0ZXJzOnF1YWxpdHkoMTAwKS9yc2Y=/Uq63qaccp_fss?st=xbeIigLxyxRW6quDY4vfrscSejCmL4BSeV5kgTyLQXg&ts=1715786089&e=0"]},{"title":"NADŠTANDARDNÝ 3-IZBOVÝ APARTMÁN V PRÉMIOVOM PROJEKTE V BLÍZKOSTI DOWNTOWNU, 112 M2","address":"Prístavná, Bratislava II - Ružinov, okres Bratislava","rooms":3,"meters":112,"totalPrice":365000,"meterSquarePrice":3,"link":"https://www.nehnutelnosti.sk/detail/JuV2zsqeoHv/nadstandardny-3-izbovy-apartman-v-premiovom-projekte-v-blizkosti-downtownu-112-m2","imagesUrls":["https://img.nehnutelnosti.sk/foto/NjAweDMzOC9maWx0ZXJzOnF1YWxpdHkoMTAwKS9uZWg=/vXIxN6Y1D_fss?st=FS2ifRV-jjIP7SUpF1F-4jNHpTy9PmZUe8AOXKLUx7Y&ts=1715326746&e=0"]},{"title":"PREDANÉ - Veľký 2-izbový byt na Tulskej ulici","address":"Tulská, Banská Bystrica, okres Banská Bystrica","rooms":2,"meters":64,"totalPrice":129900,"meterSquarePrice":9,"link":"https://www.nehnutelnosti.sk/detail/JuokA30WFOs/predane-velky-2-izbovy-byt-na-tulskej-ulici","imagesUrls":["https://img.unitedclassifieds.sk/foto/NjAweDMzOC9maWx0ZXJzOnF1YWxpdHkoMTAwKS9yc2Y=/SmD7CoW7j_fss?st=-Y4Sd7CnFOutaPwoYRihp-Aj6BbOjyqjOMdNqX-WuiU&ts=1717253287&e=0"]},{"title":"NADŠTANDARDNÝ 2-IZBOVÝ APARTMÁN S VYSOKÝMI STROPMI V BLÍZKOSTI DOWNTOWNU, 66,2 M2","address":"Prístavná, Bratislava II - Ružinov, okres Bratislava","rooms":2,"meters":67,"totalPrice":285000,"meterSquarePrice":3,"link":"https://www.nehnutelnosti.sk/detail/Ju_BwJ6UVVC/nadstandardny-2-izbovy-apartman-s-vysokymi-stropmi-v-blizkosti-downtownu-66-2-m2","imagesUrls":["https://img.nehnutelnosti.sk/foto/NjAweDMzOC9maWx0ZXJzOnF1YWxpdHkoMTAwKS9uZWg=/9Wge1m-SI_fss?st=4mCth-gIgPqxVhW4ugo7VdujoaMNyQ4r0ymQaznkL8w&ts=1719906453&e=0"]},{"title":"2i byt TEHELNE POLE","address":"Bajkalská 14083/2C, Bratislava III - Nové Mesto, okres Bratislava","rooms":2,"meters":66,"totalPrice":289000,"meterSquarePrice":0,"link":"https://www.nehnutelnosti.sk/detail/JuTY4FdeNy1/2i-byt-tehelne-pole","imagesUrls":["https://img.nehnutelnosti.sk/foto/NjAweDMzOC9maWx0ZXJzOnF1YWxpdHkoMTAwKS9uZWg=/hOAM7DQfO_fss?st=2oSr-dNt2q_fj_KTsjBGhGRSONeLn3Lv_y5k4DBhe_c&ts=1719849290&e=0"]},{"title":"Bratislava Vrakuna Ciliska u 6-8-10","address":"Čiližská, Bratislava II - Vrakuňa, okres Bratislava","rooms":1,"meters":43,"totalPrice":159000,"meterSquarePrice":7,"link":"https://www.nehnutelnosti.sk/detail/JuXj4Dts4Z9/bratislava-vrakuna-ciliska-u-6-8-10","imagesUrls":["https://img.nehnutelnosti.sk/foto/NjAweDMzOC9maWx0ZXJzOnF1YWxpdHkoMTAwKS9uZWg=/Aa_NAayQ1_fss?st=lu7BHEEZKAOODwE41Rkg2vQWT5ytDy0gJ8dLYl7htuA&ts=1725030246&e=0"]},{"title":"PB 511-01-20 Predaj 2 izb.bytu v Pov.Bystrici časť Stred,64m2.","address":"Považská Bystrica, okres Považská Bystrica","rooms":null,"meters":64,"totalPrice":94000,"meterSquarePrice":5,"link":"https://www.nehnutelnosti.sk/detail/JuZ_0FOqSr0/pb-511-01-20-predaj-2-izb-bytu-v-pov-bystrici-cast-stred-64m2","imagesUrls":["https://img.nehnutelnosti.sk/foto/NjAweDMzOC9maWx0ZXJzOnF1YWxpdHkoMTAwKS9uZWg=/kCqsZ_Ewh_fss?st=x13Zxvq3yoDA7onxkradj4YIWArUN3E1o2cq1_uGFlM&ts=1697028430&e=0"]},{"title":"Na predaj čiastočne zrekonštruovaný  4 izbový byt v Nitre, mestská časť Čermáň, ulica Hlboká","address":"Hlboká, Nitra, okres Nitra","rooms":4,"meters":84,"totalPrice":157000,"meterSquarePrice":5,"link":"https://www.nehnutelnosti.sk/detail/JuujZjNiFKN/na-predaj-ciastocne-zrekonstruovany-4-izbovy-byt-v-nitre-mestska-cast-cerman-ulica-hlboka","imagesUrls":["https://img.unitedclassifieds.sk/foto/NjAweDMzOC9maWx0ZXJzOnF1YWxpdHkoMTAwKS9qdWw=/UhRKYKehl_fss?st=uc_Sn0ehaJmKSIYfXf2bP7T6r5wgzhyKL6vumPPYw3k&ts=1725029612&e=0"]},{"title":"2i byt s parkovacím státím v podzemnej garáži v Miloslavove","address":"Agátová, Miloslavov, okres Senec","rooms":2,"meters":42,"totalPrice":124000,"meterSquarePrice":8,"link":"https://www.nehnutelnosti.sk/detail/JutTk0cwTKg/2i-byt-s-parkovacim-statim-v-podzemnej-garazi-v-miloslavove","imagesUrls":["https://img.nehnutelnosti.sk/foto/NjAweDMzOC9maWx0ZXJzOnF1YWxpdHkoMTAwKS9uZWg=/5XN9I7mEX8_fss?st=vrqW_jmNb4pv-f6aT7GFuduj2NcL2eLJ2QZ10eZszmA&ts=1725028783&e=0"]},{"title":"Kvalitný 3 izb. tehlový byt s balkónom v Strážskom","address":"Strážske, okres Michalovce","rooms":3,"meters":65,"totalPrice":77900,"meterSquarePrice":6,"link":"https://www.nehnutelnosti.sk/detail/Ju33vKPu989/kvalitny-3-izb-tehlovy-byt-s-balkonom-v-strazskom","imagesUrls":["https://img.unitedclassifieds.sk/foto/NjAweDMzOC9maWx0ZXJzOnF1YWxpdHkoMTAwKS9yc2Y=/mvEeOH8f7_fss?st=qqbgn6Py8FY-8PwWeaN531aSrtX4iv3EWV9CY6qugXI&ts=1715810738&e=0"]},{"title":"Exkluzívne APEX reality 2i. byt na Šoltésovej ul v Hlohovci, 48 m2","address":"Šoltésova, Hlohovec, okres Hlohovec","rooms":2,"meters":48,"totalPrice":85000,"meterSquarePrice":3,"link":"https://www.nehnutelnosti.sk/detail/JuYJCTCk7Wr/exkluzivne-apex-reality-2i-byt-na-soltesovej-ul-v-hlohovci-48-m2","imagesUrls":["https://img.nehnutelnosti.sk/foto/NjAweDMzOC9maWx0ZXJzOnF1YWxpdHkoMTAwKS9uZWg=/BMubMJ_IF_fss?st=-GPtodTk1V2hNjpLin7hzBcQrzmIUH3qujs4o8ibKIY&ts=1686135677&e=0"]},{"title":"REZERVOVANÉ: Veľký 3 izb.byt, 83 m2, Čsl.armády, HE","address":"československej armády, Humenné, okres Humenné","rooms":3,"meters":83,"totalPrice":104900,"meterSquarePrice":6,"link":"https://www.nehnutelnosti.sk/detail/JujkZX0bhJ8/rezervovane-velky-3-izb-byt-83-m2-csl-armady-he","imagesUrls":["https://img.unitedclassifieds.sk/foto/NjAweDMzOC9maWx0ZXJzOnF1YWxpdHkoMTAwKS9yc2Y=/91VRLYyit_fss?st=AgFvMg8cXUQX0rd-xb3nVLE8y0zk1IcjlXEfgaoxZU0&ts=1715800689&e=0"]},{"title":"3-izbový mezonet s terasou na Kulíškovej ulici","address":"Kulíškova, Bratislava II - Ružinov, okres Bratislava","rooms":3,"meters":102,"totalPrice":null,"meterSquarePrice":null,"link":"https://www.nehnutelnosti.sk/detail/JuZzjITyf8B/3-izbovy-mezonet-s-terasou-na-kuliskovej-ulici","imagesUrls":["https://img.nehnutelnosti.sk/foto/NjAweDMzOC9maWx0ZXJzOnF1YWxpdHkoMTAwKS9uZWg=/58lheaSAN_fss?st=jhw5NS8I5d5nRJH_vmWsSMk5Xg20TDWbw2jpBFqv-eA&ts=1655989625&e=0"]},{"title":"Predaj 2-izbový tehlový byt s balkónom, Banská Bystrica, Mičinská cesta, Uhlisko, 55 m2, www.BBreali","address":"Mičinská cesta 2, Banská Bystrica, okres Banská Bystrica","rooms":2,"meters":55,"totalPrice":125000,"meterSquarePrice":3,"link":"https://www.nehnutelnosti.sk/detail/JujtyIFyvtO/predaj-2-izbovy-tehlovy-byt-s-balkonom-banska-bystrica-micinska-cesta-uhlisko-55-m2-www-bbreali","imagesUrls":["https://img.unitedclassifieds.sk/foto/NjAweDMzOC9maWx0ZXJzOnF1YWxpdHkoMTAwKS9yc2Y=/pTtCrdBnH_fss?st=QfyjLHEIGGDPrznnvghtl57ggdPQmjyHBl1P-jJo6jo&ts=1722313959&e=0"]}]