[{"title":"Na predaj 2 izbová staršia Novostavba SC Zemplínska","address":"Zemplínska, Senec, okres Senec","rooms":2,"meters":51,"totalPrice":145000,"meterSquarePrice":4,"link":"https://www.nehnutelnosti.sk/detail/JuS9QtaCCaj/na-predaj-2-izbova-starsia-novostavba-sc-zemplinska","imagesUrls":["https://img.nehnutelnosti.sk/foto/NjAweDMzOC9maWx0ZXJzOnF1YWxpdHkoMTAwKS9uZWg=/az05QZeVx_fss?st=nJVljIKT5-hsDKQtVZRbADnVZKn7J2Ss5ZKK8NZAztE&ts=1708935597&e=0"]},{"title":"Predaj kompletne zrekonštruovaného 3 - izbového bytu vo Vrábľoch","address":"Sídlisko Žitava, Vráble, okres Nitra","rooms":3,"meters":null,"totalPrice":null,"meterSquarePrice":null,"link":"https://www.nehnutelnosti.sk/detail/JuLkvBRGJJZ/predaj-kompletne-zrekonstruovaneho-3-izboveho-bytu-vo-vrabloch","imagesUrls":["https://img.nehnutelnosti.sk/foto/NjAweDMzOC9maWx0ZXJzOnF1YWxpdHkoMTAwKS9uZWg=/pidrMXRI-_fss?st=EkBeWLDmny7e1PjWufjv2BOQEI6h_4INEGSrienLjfc&ts=1721576129&e=0"]},{"title":"Kompletne zrekonštruovaný 2-izbový byt v centre Zlatých Moraviec na predaj","address":"Zlaté Moravce, okres Zlaté Moravce","rooms":2,"meters":null,"totalPrice":null,"meterSquarePrice":null,"link":"https://www.nehnutelnosti.sk/detail/JuKbEAbNKBZ/kompletne-zrekonstruovany-2-izbovy-byt-v-centre-zlatych-moraviec-na-predaj","imagesUrls":["https://img.nehnutelnosti.sk/foto/NjAweDMzOC9maWx0ZXJzOnF1YWxpdHkoMTAwKS9uZWg=/FyRGgn92t_fss?st=K5jdOw3U45TMm5V3Lh73jmw4PTSycPyKk7VLwDG2D9M&ts=1717854464&e=0"]},{"title":"Predaj priestranného 3- izbového bytu v obci Lok","address":"Lok, okres Levice","rooms":3,"meters":null,"totalPrice":null,"meterSquarePrice":null,"link":"https://www.nehnutelnosti.sk/detail/Juh5JybpDd6/predaj-priestranneho-3-izboveho-bytu-v-obci-lok","imagesUrls":["https://img.nehnutelnosti.sk/foto/NjAweDMzOC9maWx0ZXJzOnF1YWxpdHkoMTAwKS9uZWg=/izQ3__h5M_fss?st=4IX8wwWgP6tjYsT1iQTLbh_BEVnKJVfAJw2QgLzoH3Q&ts=1700299433&e=0"]},{"title":"Príjemný 2- izbový byt v Nitre na PREDAJ","address":"Nitra, okres Nitra","rooms":2,"meters":null,"totalPrice":null,"meterSquarePrice":null,"link":"https://www.nehnutelnosti.sk/detail/JuypIRWmexc/prijemny-2-izbovy-byt-v-nitre-na-predaj","imagesUrls":["https://img.nehnutelnosti.sk/foto/NjAweDMzOC9maWx0ZXJzOnF1YWxpdHkoMTAwKS9uZWg=/kp_lQiATI_fss?st=Cwisg1sgKgVnnx-tCFv1esxItPxhGGBMNedv82g73hY&ts=1695044802&e=0"]},{"title":"Príjemný 2 izbový byt vo výbornej lokalite mesta Nitra-  časť Chrenová na PREDAJ","address":"Nitra, okres Nitra","rooms":2,"meters":null,"totalPrice":null,"meterSquarePrice":null,"link":"https://www.nehnutelnosti.sk/detail/JugXQtb2JRA/prijemny-2-izbovy-byt-vo-vybornej-lokalite-mesta-nitra-cast-chrenova-na-predaj","imagesUrls":["https://img.nehnutelnosti.sk/foto/NjAweDMzOC9maWx0ZXJzOnF1YWxpdHkoMTAwKS9uZWg=/JWAv6Pk7Z_fss?st=GvZlkBXP-2AcCm1JgagF-RFGeGQHNVO9gSegedefIDM&ts=1682951191&e=0"]},{"title":"Exkluzívne..Na predaj. Priestranný 2-izbový byt s rozlohou 60 m2 na Štefánikovej ulici v Púchove hľa","address":"Štefánikova, Púchov, okres Púchov","rooms":2,"meters":61,"totalPrice":null,"meterSquarePrice":null,"link":"https://www.nehnutelnosti.sk/detail/Juvlr5RYAXK/exkluzivne-na-predaj-priestranny-2-izbovy-byt-s-rozlohou-60-m2-na-stefanikovej-ulici-v-puchove-hla","imagesUrls":["https://img.nehnutelnosti.sk/foto/NjAweDMzOC9maWx0ZXJzOnF1YWxpdHkoMTAwKS9uZWg=/MfEHRTKJ3_fss?st=lxeoNaOV4PL0DnqzwRGeeZ_Lh3qc6XjUkAPWjrstiIA&ts=1726486362&e=0"]},{"title":"PENTHOUSE Koliba, rozloha 160 m2 + 160 m2 terasy, garáž + 2 x státie","address":"Tupého, Bratislava III - Nové Mesto, okres Bratislava","rooms":4,"meters":160,"totalPrice":null,"meterSquarePrice":null,"link":"https://www.nehnutelnosti.sk/detail/Juu9kRx8Q-o/penthouse-koliba-rozloha-160-m2-160-m2-terasy-garaz-2-x-statie","imagesUrls":["https://img.nehnutelnosti.sk/foto/NjAweDMzOC9maWx0ZXJzOnF1YWxpdHkoMTAwKS9uZWg=/APZxD3DBH_fss?st=ANxwmPal7lMrvvPYeZ6uXXI7FMavwfWVSW9dBE0IFmE&ts=1722400937&e=0"]},{"title":"Exkluzívne na predaj krásny 4i byt v Považskej Bystrici - Zakvášov","address":"Považská Bystrica, okres Považská Bystrica","rooms":4,"meters":90,"totalPrice":null,"meterSquarePrice":null,"link":"https://www.nehnutelnosti.sk/detail/Ju_LfXD51bo/exkluzivne-na-predaj-krasny-4i-byt-v-povazskej-bystrici-zakvasov","imagesUrls":["https://img.nehnutelnosti.sk/foto/NjAweDMzOC9maWx0ZXJzOnF1YWxpdHkoMTAwKS9uZWg=/z01YoeDFd_fss?st=hL2bko2j4obNhIMw1l0Bw6OKWh71cx_bkf580Syk1eg&ts=1726678932&e=0"]},{"title":"2 izbový byt na predaj Uhlisko","address":"Viestova, Banská Bystrica, okres Banská Bystrica","rooms":2,"meters":57,"totalPrice":128000,"meterSquarePrice":3,"link":"https://www.nehnutelnosti.sk/detail/JuK48puNKBC/2-izbovy-byt-na-predaj-uhlisko","imagesUrls":["https://img.nehnutelnosti.sk/foto/NjAweDMzOC9maWx0ZXJzOnF1YWxpdHkoMTAwKS9uZWg=/DsIYjQZNO_fss?st=lON2VIopZHNYVlr0I5ChwKDn1eHtD592VwVq9ueg2lI&ts=1726822673&e=0"]},{"title":"3-izbový dom s pozemkom v cene BYTU, NA PREDAJ","address":"Žilina, okres Žilina","rooms":3,"meters":67,"totalPrice":209900,"meterSquarePrice":4,"link":"https://www.nehnutelnosti.sk/detail/Ju0DhHSmmyQ/3-izbovy-dom-s-pozemkom-v-cene-bytu-na-predaj","imagesUrls":["https://img.nehnutelnosti.sk/foto/NjAweDMzOC9maWx0ZXJzOnF1YWxpdHkoMTAwKS9uZWg=/2t_4hyNBz-_fss?st=Ri1pnplx5vd3dChnJbx_lVfvkjJyYXXMk-060pkkeJc&ts=1724057464&e=0"]},{"title":"2-IZB.BYT - TURČIANSKE TEPLICE | developer IDEÁLNE BÝVANIE","address":"Turčianske Teplice, okres Turčianske Teplice","rooms":2,"meters":60,"totalPrice":129400,"meterSquarePrice":0,"link":"https://www.nehnutelnosti.sk/detail/JuXmPLgrbMb/2-izb-byt-turcianske-teplice-developer-idealne-byvanie","imagesUrls":["https://img.unitedclassifieds.sk/foto/NjAweDMzOC9maWx0ZXJzOnF1YWxpdHkoMTAwKS9qdWw=/nn82n49mn_fss?st=Le9ESo8IcGDa-GH7jYr9Z5GHNkwC6_-oGagxg4NAZcs&ts=1685964486&e=0"]},{"title":"NA PREDAJ 3-IZBOVÝ BYT V DUBNICI NAD VÁHOM S VÝMEROU 76 M2","address":"Dubnica nad Váhom, okres Ilava","rooms":3,"meters":76,"totalPrice":118000,"meterSquarePrice":3,"link":"https://www.nehnutelnosti.sk/detail/JuqsAKiGpc-/na-predaj-3-izbovy-byt-v-dubnici-nad-vahom-s-vymerou-76-m2","imagesUrls":["https://img.nehnutelnosti.sk/foto/NjAweDMzOC9maWx0ZXJzOnF1YWxpdHkoMTAwKS9uZWg=/WDJ-CdQ3YA_fss?st=9vrlcRyFgs8RbbMvqnH0g-bNU4obo3z88879fy1UlvU&ts=1726651161&e=0"]},{"title":"NA PREDAJ slnečný 3 izbový byt na sídlisku Sever v Prievidza","address":"Prievidza, okres Prievidza","rooms":3,"meters":67,"totalPrice":104999,"meterSquarePrice":5,"link":"https://www.nehnutelnosti.sk/detail/JuG2ItfDi1S/na-predaj-slnecny-3-izbovy-byt-na-sidlisku-sever-v-prievidza","imagesUrls":["https://img.nehnutelnosti.sk/foto/NjAweDMzOC9maWx0ZXJzOnF1YWxpdHkoMTAwKS9uZWg=/DdO_sdClQ_fss?st=POKahK7xOYsq_craBr7mCopoDkd3Q2WClACeMopU4ek&ts=1726749615&e=0"]},{"title":"Pripravujeme na predaj exkluzívny 3 izbový byt v Prievidzi","address":"Prievidza, okres Prievidza","rooms":3,"meters":65,"totalPrice":135999,"meterSquarePrice":9,"link":"https://www.nehnutelnosti.sk/detail/JufXwgZPN2q/pripravujeme-na-predaj-exkluzivny-3-izbovy-byt-v-prievidzi","imagesUrls":["https://img.nehnutelnosti.sk/foto/NjAweDMzOC9maWx0ZXJzOnF1YWxpdHkoMTAwKS9uZWg=/HTn8vDBzs_fss?st=ABCkqnu-R-ji0oi1fm02W6blL1wBLTmrfWSMe2LQf5o&ts=1726751834&e=0"]},{"title":"4 izbový byt 82 m2 pri krásnom prírodnom lesoparku Bratislava – Petržalka, Ovsište","address":"Bratislava V - Petržalka, okres Bratislava","rooms":4,"meters":82,"totalPrice":239980,"meterSquarePrice":9,"link":"https://www.nehnutelnosti.sk/detail/JuI7eyOkHJf/4-izbovy-byt-82-m2-pri-krasnom-prirodnom-lesoparku-bratislava-petrzalka-ovsiste","imagesUrls":["https://img.nehnutelnosti.sk/foto/NjAweDMzOC9maWx0ZXJzOnF1YWxpdHkoMTAwKS9uZWg=/A_RG3lJoLC_fss?st=nlwnIS_qq5HCFWbYPCtawvZ2I2UHPF58TZ8x1KtTQ4k&ts=1726779327&e=0"]},{"title":"NA PREDAJ veľký exkluzívny 3 izbový byt 95m2 v Nováky","address":"Nováky, okres Prievidza","rooms":3,"meters":95,"totalPrice":154999,"meterSquarePrice":7,"link":"https://www.nehnutelnosti.sk/detail/Juu7_b-ymnT/na-predaj-velky-exkluzivny-3-izbovy-byt-95m2-v-novaky","imagesUrls":["https://img.nehnutelnosti.sk/foto/NjAweDMzOC9maWx0ZXJzOnF1YWxpdHkoMTAwKS9uZWg=/69KlTRwpj_fss?st=9XqCA3Kc-hGlzA6i6hUdLuYphNA2L3IO9M2fnUf0uSU&ts=1726749616&e=0"]},{"title":"3-IZBOVÝ BYT,KOMPLETNÁ REKONŠTRUKCIA,BALKÓN,RUŽINOV,70m2","address":"Bratislava II - Ružinov, okres Bratislava","rooms":3,"meters":70,"totalPrice":257900,"meterSquarePrice":9,"link":"https://www.nehnutelnosti.sk/detail/JuS2PSeNQuyG/3-izbovy-byt-kompletna-rekonstrukcia-balkon-ruzinov-70m2","imagesUrls":["https://img.nehnutelnosti.sk/foto/NjAweDMzOC9maWx0ZXJzOnF1YWxpdHkoMTAwKS9uZWg=/r92gjzggfW_fss?st=zoNFf2ZrA8Z3Iv3tme80PQ88sd_kRdQQA7EMJrS7CCI&ts=1726843473&e=0"]},{"title":"NOVOSTAVBA 4-IZBOVÉHO BYTU, TERASA, LOGGIA, PARKOVACIE MIESTO V CENE,  99m2, LIPTOVSKÁ 1M, TRENČÍN","address":"Trenčín, okres Trenčín","rooms":4,"meters":99,"totalPrice":238000,"meterSquarePrice":4,"link":"https://www.nehnutelnosti.sk/detail/Jupw4EeHjHO/novostavba-4-izboveho-bytu-terasa-loggia-parkovacie-miesto-v-cene-99m2-liptovska-1m-trencin","imagesUrls":["https://img.nehnutelnosti.sk/foto/NjAweDMzOC9maWx0ZXJzOnF1YWxpdHkoMTAwKS9uZWg=/c-tTE627ni_fss?st=uvVqjZrpUhKkn-J1nNTo6CzyAcKbMENZ18OfbvURTcw&ts=1726755563&e=0"]},{"title":"Na predaj: Elegancia, priestor a pohodlie v novostavbe– Moderný 3-izbový byt s terasou na Zelenej st","address":"Košice III - Dargovských Hrdinov, okres Košice","rooms":3,"meters":70,"totalPrice":259980,"meterSquarePrice":4,"link":"https://www.nehnutelnosti.sk/detail/JupO0dX1XDj/na-predaj-elegancia-priestor-a-pohodlie-v-novostavbe-moderny-3-izbovy-byt-s-terasou-na-zelenej-st","imagesUrls":["https://img.nehnutelnosti.sk/foto/NjAweDMzOC9maWx0ZXJzOnF1YWxpdHkoMTAwKS9uZWg=/FxBRU9u9w_fss?st=dWkIp_J_IhJ00tMXyidbFwBBceFnO5ekqIKPK0ysCm8&ts=1726749618&e=0"]},{"title":"EXKLUZÍVNA PONUKA! DVOJPODLAŽNÝ BYT S KRBOM A PARKOVACÍM MIESTOM V SUTERÉNE V CENTRE- POPRAD-TATRY","address":"Poprad, okres Poprad","rooms":3,"meters":105,"totalPrice":312000,"meterSquarePrice":6,"link":"https://www.nehnutelnosti.sk/detail/JuyHal8numS/exkluzivna-ponuka-dvojpodlazny-byt-s-krbom-a-parkovacim-miestom-v-suterene-v-centre-poprad-tatry","imagesUrls":["https://img.nehnutelnosti.sk/foto/NjAweDMzOC9maWx0ZXJzOnF1YWxpdHkoMTAwKS9uZWg=/xruZDzr_J4_fss?st=mUem8xvtXDt7RE0FEnH_TKHiqjaJ4F3CgdUCaN6PhX0&ts=1726879965&e=0"]},{"title":"NA PREDAJ NOVOSTAVBA VEĽKOMETRÁŽNEHO 3-IZBOVÉHO BYTU (82 m2) S VLASTNOU TERASOU, TOP LOKALITA - PART","address":"Trenčín, okres Trenčín","rooms":3,"meters":82,"totalPrice":185000,"meterSquarePrice":0,"link":"https://www.nehnutelnosti.sk/detail/JufurjqfWcv/na-predaj-novostavba-velkometrazneho-3-izboveho-bytu-82-m2-s-vlastnou-terasou-top-lokalita-part","imagesUrls":["https://img.nehnutelnosti.sk/foto/NjAweDMzOC9maWx0ZXJzOnF1YWxpdHkoMTAwKS9uZWg=/KUrXf5z_D_fss?st=t02TUpYIOTJ3q5tlv6LXo6Q8z_EFoIECe_TrhHOEpKc&ts=1726655598&e=0"]},{"title":"Predaj zrekonštruovaného 3-izbového bytu vo vyhľadávanej lokalite Železníky- Košice Západ","address":"Košice II - Západ, okres Košice","rooms":3,"meters":67,"totalPrice":184980,"meterSquarePrice":0,"link":"https://www.nehnutelnosti.sk/detail/JuanvJZvkDV/predaj-zrekonstruovaneho-3-izboveho-bytu-vo-vyhladavanej-lokalite-zelezniky-kosice-zapad","imagesUrls":["https://img.nehnutelnosti.sk/foto/NjAweDMzOC9maWx0ZXJzOnF1YWxpdHkoMTAwKS9uZWg=/8l0AS6a9_1_fss?st=3_Q2EAG4PXgthHWtgy2BubdgTSsfNEtYzmFxZWr_S1s&ts=1726749619&e=0"]},{"title":"Tehlový 2-izbový byt v centre, Nové Zámky – 53,45m2","address":"Nové Zámky, okres Nové Zámky","rooms":2,"meters":53,"totalPrice":83000,"meterSquarePrice":5,"link":"https://www.nehnutelnosti.sk/detail/Ju1oKt6Zamm/tehlovy-2-izbovy-byt-v-centre-nove-zamky-53-45m2","imagesUrls":["https://img.nehnutelnosti.sk/foto/NjAweDMzOC9maWx0ZXJzOnF1YWxpdHkoMTAwKS9uZWg=/3jXMvFaQv_fss?st=gXA2FhlvoUe-_5pQG5SJA9017ZzkVa99YjSBx5-ATIs&ts=1726588519&e=0"]},{"title":"Garsónka, 25 m2, v Šali","address":"Šaľa, okres Šaľa","rooms":null,"meters":25,"totalPrice":79999,"meterSquarePrice":6,"link":"https://www.nehnutelnosti.sk/detail/JuIyIv6c2Ij/garsonka-25-m2-v-sali","imagesUrls":["https://img.nehnutelnosti.sk/foto/NjAweDMzOC9maWx0ZXJzOnF1YWxpdHkoMTAwKS9uZWg=/2qM7FXNXd_fss?st=jAmjMGarPicDvQ3WpckShGgqB_dDBHfmIBJRT1m6jU0&ts=1726638834&e=0"]},{"title":"3 izb.byt, 67 m2, v Šali","address":"Šaľa, okres Šaľa","rooms":3,"meters":67,"totalPrice":83000,"meterSquarePrice":1,"link":"https://www.nehnutelnosti.sk/detail/JuFGaE9kiA_/3-izb-byt-67-m2-v-sali","imagesUrls":["https://img.nehnutelnosti.sk/foto/NjAweDMzOC9maWx0ZXJzOnF1YWxpdHkoMTAwKS9uZWg=/J9N5GAkp7_fss?st=8e6yCq1N-hbS7Qz4MSGasq4HmOoollrIFTMWTR8P9Zs&ts=1726638839&e=0"]},{"title":"Na predaj pekný, zrekonštruovaný byt s loggiou, na ulici Tupolevova v  Petržalke/ Dvory II, 66,08m2.","address":"Bratislava V - Petržalka, okres Bratislava","rooms":3,"meters":66,"totalPrice":199999,"meterSquarePrice":2,"link":"https://www.nehnutelnosti.sk/detail/JuqeG7GTnx_/na-predaj-pekny-zrekonstruovany-byt-s-loggiou-na-ulici-tupolevova-v-petrzalke-dvory-ii-66-08m2","imagesUrls":["https://img.nehnutelnosti.sk/foto/NjAweDMzOC9maWx0ZXJzOnF1YWxpdHkoMTAwKS9uZWg=/lwptuUasj_fss?st=NCDnJanyruWjjoArBRgV97azM2kILXO_26GhWy6NHe4&ts=1726307786&e=0"]},{"title":"NA PREDAJ SLNEČNÝ 3-IZBOVÝ BYT S LOGGIOU (61 m2), PEKNÝ STAV, TOP LOKALITA - OSVIENČIMSKÁ UL., SIHOŤ","address":"Trenčín, okres Trenčín","rooms":3,"meters":61,"totalPrice":125000,"meterSquarePrice":8,"link":"https://www.nehnutelnosti.sk/detail/Ju02K8uDh5U/na-predaj-slnecny-3-izbovy-byt-s-loggiou-61-m2-pekny-stav-top-lokalita-osviencimska-ul-sihot","imagesUrls":["https://img.nehnutelnosti.sk/foto/NjAweDMzOC9maWx0ZXJzOnF1YWxpdHkoMTAwKS9uZWg=/wIt_eTG1r_fss?st=6RFNXobe6bim-EY6c4Hc7_fDZIh086FooE8e3LHWJUI&ts=1726568819&e=0"]},{"title":"3 IZBOVÝ BYT NA PREDAJ, 70M2, BALKÓN, PIVNICA, 2x KOMORA, TRENČÍN JUH BAZOVSKÉHO","address":"Trenčín, okres Trenčín","rooms":3,"meters":70,"totalPrice":125000,"meterSquarePrice":1,"link":"https://www.nehnutelnosti.sk/detail/Juh0Qa64S46/3-izbovy-byt-na-predaj-70m2-balkon-pivnica-2x-komora-trencin-juh-bazovskeho","imagesUrls":["https://img.nehnutelnosti.sk/foto/NjAweDMzOC9maWx0ZXJzOnF1YWxpdHkoMTAwKS9uZWg=/2-AT8EPbX_fss?st=SpXL3P-WLPtQD2G3EDWOtLgpkUl2_cnBdxgPdo8kOyk&ts=1726568816&e=0"]},{"title":"Veľmi pekný 4 izbový byt s balkónom, Bratislava - Ružinov, 67,61 m2","address":"Bratislava II - Ružinov, okres Bratislava","rooms":4,"meters":67,"totalPrice":279999,"meterSquarePrice":7,"link":"https://www.nehnutelnosti.sk/detail/JuBI10CUt7U/velmi-pekny-4-izbovy-byt-s-balkonom-bratislava-ruzinov-67-61-m2","imagesUrls":["https://img.nehnutelnosti.sk/foto/NjAweDMzOC9maWx0ZXJzOnF1YWxpdHkoMTAwKS9uZWg=/aWCihr0dH_fss?st=RRq699D2447zFZUsPpzTjmxAIwz6k9T8uHEQB4Lh7S4&ts=1726433243&e=0"]}]