[{"title":"RADO |REZERVOVANÉ zrekonštruovaný 2 izb. byt, Trenčín ul. Nábrežná","address":"Nábrežná, Trenčín, okres Trenčín","rooms":2,"meters":59,"totalPrice":138000,"meterSquarePrice":8,"link":"https://www.nehnutelnosti.sk/detail/JuQQupw4h5r/rado-rezervovane-zrekonstruovany-2-izb-byt-trencin-ul-nabrezna","imagesUrls":["https://img.nehnutelnosti.sk/foto/NjAweDMzOC9maWx0ZXJzOnF1YWxpdHkoMTAwKS9uZWg=/j4uAM_Cz3p_fss?st=dyWawG2mPix0pmjD8t9PgKuH_aOCNZPWFlej3LQs1Y8&ts=1724139530&e=0"]},{"title":"RADO | !!znížená cena!! 2-izbový byt 58m2 v novostavbe Urban Park","address":"Halalovka, Trenčín, okres Trenčín","rooms":2,"meters":58,"totalPrice":146900,"meterSquarePrice":6,"link":"https://www.nehnutelnosti.sk/detail/JuxitRiAfCU/rado-znizena-cena-2-izbovy-byt-58m2-v-novostavbe-urban-park","imagesUrls":["https://img.nehnutelnosti.sk/foto/NjAweDMzOC9maWx0ZXJzOnF1YWxpdHkoMTAwKS9uZWg=/YDLX6Arpc_fss?st=UwnAhSF-_D-fud-X9XPmVmdFt02oU9Pcu5JNou6JAgA&ts=1724755587&e=0"]},{"title":"RADO | 3-izbový plne zariadený byt s krásnym výhladom na Sihoti","address":"Žilinská, Trenčín, okres Trenčín","rooms":3,"meters":null,"totalPrice":null,"meterSquarePrice":null,"link":"https://www.nehnutelnosti.sk/detail/JugugUDvyXL/rado-3-izbovy-plne-zariadeny-byt-s-krasnym-vyhladom-na-sihoti","imagesUrls":["https://img.nehnutelnosti.sk/foto/NjAweDMzOC9maWx0ZXJzOnF1YWxpdHkoMTAwKS9uZWg=/cs8AR0v711_fss?st=i0_3cMOwJj6Mm0H2AlnCNpopSVgXmsIi1jMpbnxY-KA&ts=1725655042&e=0"]},{"title":"RADO | Priestranný 1 a pol izbový byt 40m2, Halalovka, Juh, Trenčín","address":"Halalovka, Trenčín, okres Trenčín","rooms":1,"meters":null,"totalPrice":null,"meterSquarePrice":null,"link":"https://www.nehnutelnosti.sk/detail/Juog82PzFin/rado-priestranny-1-a-pol-izbovy-byt-40m2-halalovka-juh-trencin","imagesUrls":["https://img.nehnutelnosti.sk/foto/NjAweDMzOC9maWx0ZXJzOnF1YWxpdHkoMTAwKS9uZWg=/KAlms2EKjl_fss?st=6_1RXzGL2uXNBI8iD-pS3W_DLIEqpIXEf2DsJ-DwTCA&ts=1720997980&e=0"]},{"title":"RADO | Priestranný 1 a pol izbový byt 40m2, Halalovka, Juh, Trenčín","address":"Halalovka, Trenčín, okres Trenčín","rooms":2,"meters":null,"totalPrice":null,"meterSquarePrice":null,"link":"https://www.nehnutelnosti.sk/detail/JuG2l59N5Ss/rado-priestranny-1-a-pol-izbovy-byt-40m2-halalovka-juh-trencin","imagesUrls":["https://img.nehnutelnosti.sk/foto/NjAweDMzOC9maWx0ZXJzOnF1YWxpdHkoMTAwKS9uZWg=/QR3ru6gkka_fss?st=NKUCLaOmRWJKK3CvLH7wv8HrLfK5P_XaUnFDyu-8o_Q&ts=1720997986&e=0"]},{"title":"RADO | 3-izbový byt 73m2 blízko lesa so záhradou | Uhrovec-Látkovce","address":"Uhrovec, okres Bánovce nad Bebravou","rooms":3,"meters":null,"totalPrice":null,"meterSquarePrice":null,"link":"https://www.nehnutelnosti.sk/detail/Jung8odk2dt/rado-3-izbovy-byt-73m2-blizko-lesa-so-zahradou-uhrovec-latkovce","imagesUrls":["https://img.nehnutelnosti.sk/foto/NjAweDMzOC9maWx0ZXJzOnF1YWxpdHkoMTAwKS9uZWg=/SRS2rbxgu_fss?st=QHeBd7OYvAqPoQusKMi4JhNmpmg0O7_Bp0qgJdtBi_U&ts=1721861120&e=0"]},{"title":"Garsónka na sídlisku Sekčov, Prešov","address":"Arm. generála Svobodu, Prešov, okres Prešov","rooms":null,"meters":24,"totalPrice":68900,"meterSquarePrice":3,"link":"https://www.nehnutelnosti.sk/detail/Ju7fcm6k4ZA/garsonka-na-sidlisku-sekcov-presov","imagesUrls":["https://img.nehnutelnosti.sk/foto/NjAweDMzOC9maWx0ZXJzOnF1YWxpdHkoMTAwKS9uZWg=/xqZnidANQ_fss?st=Yzig6_VvaZNAl__ivDm1a6_ea1ZDIO_3jiKm-qzEuJE&ts=1726639708&e=0"]},{"title":"RADO | Veľkometrážny 2-izbový byt 70m2 | Jungmannova - Petržalka","address":"Jungmanova, Bratislava V - Petržalka, okres Bratislava","rooms":3,"meters":70,"totalPrice":194900,"meterSquarePrice":9,"link":"https://www.nehnutelnosti.sk/detail/Ju_s4xUDaun/rado-velkometrazny-2-izbovy-byt-70m2-jungmannova-petrzalka","imagesUrls":["https://img.nehnutelnosti.sk/foto/NjAweDMzOC9maWx0ZXJzOnF1YWxpdHkoMTAwKS9uZWg=/RJSfe-VX24_fss?st=Zc2sBmwNu-H4JsmDnmkDwXE2FvQGsItwAjvnaIP1SiE&ts=1722898511&e=0"]},{"title":"RADO | Veľkometrážny 2-izbový byt 70m2 | Jungmannova - Petržalka","address":"Jungmanova, Bratislava V - Petržalka, okres Bratislava","rooms":2,"meters":70,"totalPrice":194900,"meterSquarePrice":9,"link":"https://www.nehnutelnosti.sk/detail/JuraQNtYiYH/rado-velkometrazny-2-izbovy-byt-70m2-jungmannova-petrzalka","imagesUrls":["https://img.nehnutelnosti.sk/foto/NjAweDMzOC9maWx0ZXJzOnF1YWxpdHkoMTAwKS9uZWg=/lSW0MB_gd7_fss?st=9no8ZqwyNI79RmZJpmRVKBYIAPaL1RK9Jx1O7C1fABE&ts=1722898504&e=0"]},{"title":"Na predaj 3 izbový byt, Sídlisko 3,  Prostejovská, Prešov","address":"Prostějovská, Prešov, okres Prešov","rooms":3,"meters":77,"totalPrice":144000,"meterSquarePrice":3,"link":"https://www.nehnutelnosti.sk/detail/Ju0rYxdnKSw/na-predaj-3-izbovy-byt-sidlisko-3-prostejovska-presov","imagesUrls":["https://img.nehnutelnosti.sk/foto/NjAweDMzOC9maWx0ZXJzOnF1YWxpdHkoMTAwKS9uZWg=/kfEV1Pg0h_fss?st=P7KRI0vdt_h_-zAaWzzLePcYau00TaA2XxuRbwpW1Uc&ts=1726639705&e=0"]},{"title":"RADO | 2,5-izbový mezonetový byt 83,6m2 + 11m2 krytá terasa, Trenčín","address":"Hodžova, Trenčín, okres Trenčín","rooms":3,"meters":83,"totalPrice":169900,"meterSquarePrice":0,"link":"https://www.nehnutelnosti.sk/detail/JuXjoq1zzNY/rado-2-5-izbovy-mezonetovy-byt-83-6m2-11m2-kryta-terasa-trencin","imagesUrls":["https://img.nehnutelnosti.sk/foto/NjAweDMzOC9maWx0ZXJzOnF1YWxpdHkoMTAwKS9uZWg=/BMGyw01I2I_fss?st=0a0bgNsjnvXz3QOTRTkWN6GYp_5PZPB6jBpW4bW9E4w&ts=1726305200&e=0"]},{"title":"RADO | Na predaj 1-izbový byt v Trenčíne- Sihoť","address":"Hodžova, Trenčín, okres Trenčín","rooms":1,"meters":null,"totalPrice":null,"meterSquarePrice":null,"link":"https://www.nehnutelnosti.sk/detail/JuwndoLqXXUg/rado-na-predaj-1-izbovy-byt-v-trencine-sihot","imagesUrls":["https://img.nehnutelnosti.sk/foto/NjAweDMzOC9maWx0ZXJzOnF1YWxpdHkoMTAwKS9uZWg=/QX8SKzhDnZ_fss?st=9v-cPrALYvuOA-E-_a4kHE27aXPvrRO6d4zT-_FQesg&ts=1721861100&e=0"]},{"title":"RADO I Veľký romantický 4-izbový byt v novostavbe v Novej Dubnici!","address":"Dubová, Nová Dubnica, okres Ilava","rooms":4,"meters":93,"totalPrice":229000,"meterSquarePrice":7,"link":"https://www.nehnutelnosti.sk/detail/JuPn8yL4koN/rado-i-velky-romanticky-4-izbovy-byt-v-novostavbe-v-novej-dubnici","imagesUrls":["https://img.nehnutelnosti.sk/foto/NjAweDMzOC9maWx0ZXJzOnF1YWxpdHkoMTAwKS9uZWg=/dGbbXS2ZXs_fss?st=uYId1-hWu3A6kpiCb04cfTxoCx_NwqOVAjltc7LygMk&ts=1726547774&e=0"]},{"title":"RADO|Na predaj 3–izb.byt, 66 m², Trenčín, ul. Zlatovská","address":"Zlatovská, Trenčín, okres Trenčín","rooms":3,"meters":66,"totalPrice":138000,"meterSquarePrice":1,"link":"https://www.nehnutelnosti.sk/detail/Ju4YB5aobyq/rado-na-predaj-3izb-byt-66-m-trencin-ul-zlatovska","imagesUrls":["https://img.nehnutelnosti.sk/foto/NjAweDMzOC9maWx0ZXJzOnF1YWxpdHkoMTAwKS9uZWg=/A4Ab9C_9gi_fss?st=lHfGidgljldHVZ-hd9lNegNA6Lf3Wvidn1epEghRRa8&ts=1725416539&e=0"]},{"title":"RADO | Garsonka 21,80m2 + loggia 4,70m2 | Malacky","address":"D. Skuteckého, Malacky, okres Malacky","rooms":null,"meters":21,"totalPrice":51500,"meterSquarePrice":9,"link":"https://www.nehnutelnosti.sk/detail/JusjLA8a0Jm/rado-garsonka-21-80m2-loggia-4-70m2-malacky","imagesUrls":["https://img.nehnutelnosti.sk/foto/NjAweDMzOC9maWx0ZXJzOnF1YWxpdHkoMTAwKS9uZWg=/C2uoBda7xH_fss?st=bzElLhmRTYBgN-5C6nqEq2BmarNqGWtqe2PdBNX3J2M&ts=1717585899&e=0"]},{"title":"RADO|Na predaj 3–izb.byt, 86 m², Trenčín, ul. Zlatovská","address":"Zlatovská, Trenčín, okres Trenčín","rooms":3,"meters":86,"totalPrice":160000,"meterSquarePrice":7,"link":"https://www.nehnutelnosti.sk/detail/Ju7hAuRZVfS/rado-na-predaj-3izb-byt-86-m-trencin-ul-zlatovska","imagesUrls":["https://img.nehnutelnosti.sk/foto/NjAweDMzOC9maWx0ZXJzOnF1YWxpdHkoMTAwKS9uZWg=/cIsRWemYj-_fss?st=u0r5xeSkCfppWkhALQGV3Zsdk1aXkgb7lpG0ba35uy8&ts=1723676165&e=0"]},{"title":"RADO | Garsonka 21,80m2 + loggia 4,70m2 | Malacky","address":"D. Skuteckého, Malacky, okres Malacky","rooms":null,"meters":21,"totalPrice":52500,"meterSquarePrice":6,"link":"https://www.nehnutelnosti.sk/detail/JuWYOuFjRFo/rado-garsonka-21-80m2-loggia-4-70m2-malacky","imagesUrls":["https://img.nehnutelnosti.sk/foto/NjAweDMzOC9maWx0ZXJzOnF1YWxpdHkoMTAwKS9uZWg=/RAujGD7AM_fss?st=h49PbXOx-n87mnKy4l_Se6cfbCuFAeGZUQPSoPnIqlc&ts=1725280314&e=0"]},{"title":"RADO | 2-izbový byt 50m2 blízko centra | Nové mesto nad Váhom","address":"Nové Mesto nad Váhom, okres Nové Mesto nad Váhom","rooms":2,"meters":50,"totalPrice":93000,"meterSquarePrice":4,"link":"https://www.nehnutelnosti.sk/detail/JuT9-BZoIDI/rado-2-izbovy-byt-50m2-blizko-centra-nove-mesto-nad-vahom","imagesUrls":["https://img.nehnutelnosti.sk/foto/NjAweDMzOC9maWx0ZXJzOnF1YWxpdHkoMTAwKS9uZWg=/VM10tVkal_fss?st=NTb2b6fmhHN84f-JF5_kR0lQYHH7rCP9tmk0ypGrKrY&ts=1721833237&e=0"]},{"title":"RADO | Priestranný 3-izbový byt v murovanej bytovke | Nová Dubnica","address":"Petra Jilemnického, Nová Dubnica, okres Ilava","rooms":3,"meters":77,"totalPrice":144900,"meterSquarePrice":2,"link":"https://www.nehnutelnosti.sk/detail/Ju2udFiXXUi/rado-priestranny-3-izbovy-byt-v-murovanej-bytovke-nova-dubnica","imagesUrls":["https://img.nehnutelnosti.sk/foto/NjAweDMzOC9maWx0ZXJzOnF1YWxpdHkoMTAwKS9uZWg=/yB93DRfLTA_fss?st=baygDGbvdD3pSUVgHIib9OPC6XRV17GyOkHqydJUCZg&ts=1724697773&e=0"]},{"title":"RADO | Na predaj 3 izbový byt, 68 m², Partizánska, Dubnica nad Váhom","address":"Parizánska, Dubnica nad Váhom, okres Ilava","rooms":3,"meters":68,"totalPrice":119900,"meterSquarePrice":4,"link":"https://www.nehnutelnosti.sk/detail/Ju8DkKm6-FM/rado-na-predaj-3-izbovy-byt-68-m-partizanska-dubnica-nad-vahom","imagesUrls":["https://img.nehnutelnosti.sk/foto/NjAweDMzOC9maWx0ZXJzOnF1YWxpdHkoMTAwKS9uZWg=/KGsGL_eKDh_fss?st=tF_PDCmXw2q9cRbFvOe5Atr5qmJ9SGdlhQwPBQlYWBo&ts=1717592326&e=0"]},{"title":"RADO I EXKLUZÍVNE | Priestranný 3-izbový | 102m² | Mickiewiczova","address":"Mickiewiczova, Bratislava I - Staré Mesto, okres Bratislava","rooms":2,"meters":102,"totalPrice":372000,"meterSquarePrice":6,"link":"https://www.nehnutelnosti.sk/detail/JuuHSRO97vt/rado-i-exkluzivne-priestranny-3-izbovy-102m-mickiewiczova","imagesUrls":["https://img.nehnutelnosti.sk/foto/NjAweDMzOC9maWx0ZXJzOnF1YWxpdHkoMTAwKS9uZWg=/VWWIJFfh8_fss?st=lcLuWklAJDiYPUZSEVudqtXvx72M-eo68_B5HXyxr9I&ts=1717592288&e=0"]},{"title":"RADO | 4-izbový byt v meste Šaštín - Stráže","address":"M.R. Štefánika, Šaštín - Stráže, okres Senica","rooms":4,"meters":80,"totalPrice":90000,"meterSquarePrice":5,"link":"https://www.nehnutelnosti.sk/detail/Ju9Z0Rouw7w/rado-4-izbovy-byt-v-meste-sastin-straze","imagesUrls":["https://img.nehnutelnosti.sk/foto/NjAweDMzOC9maWx0ZXJzOnF1YWxpdHkoMTAwKS9uZWg=/OTlU9GJUE_fss?st=SAoMrypbeqERWDjuhAXYvD3E8OFcDT41jeR3s8Ffwxw&ts=1723244228&e=0"]},{"title":"RADO | 3-izbový byt v novostavbe v Trenčianskych Tepliciach!","address":"Nádražná, Trenčianske Teplice, okres Trenčín","rooms":3,"meters":85,"totalPrice":209900,"meterSquarePrice":4,"link":"https://www.nehnutelnosti.sk/detail/JulzDEqb1DF/rado-3-izbovy-byt-v-novostavbe-v-trencianskych-tepliciach","imagesUrls":["https://img.nehnutelnosti.sk/foto/NjAweDMzOC9maWx0ZXJzOnF1YWxpdHkoMTAwKS9uZWg=/gIgjwAydiC_fss?st=2vGveQvfXom1cF_hjpBCzfv11BP_uFsQHBeUUkuwcxc&ts=1724697737&e=0"]},{"title":"RADO | Obrovský mezonet v novostavbe | Trenčianske Teplice","address":"Nádražná, Trenčianske Teplice, okres Trenčín","rooms":5,"meters":222,"totalPrice":null,"meterSquarePrice":null,"link":"https://www.nehnutelnosti.sk/detail/JunPQm4m5UI/rado-obrovsky-mezonet-v-novostavbe-trencianske-teplice","imagesUrls":["https://img.nehnutelnosti.sk/foto/NjAweDMzOC9maWx0ZXJzOnF1YWxpdHkoMTAwKS9uZWg=/bDmazTryvc_fss?st=iEKC1aGoBgW-LtILB9KlDxyhjyoiKstB0IJeCiVwi9M&ts=1724936765&e=0"]},{"title":"RADO | Dvojizbový byt v Senici na Štefánikovej ulici","address":"Štefánikova, Senica, okres Senica","rooms":2,"meters":65,"totalPrice":105000,"meterSquarePrice":8,"link":"https://www.nehnutelnosti.sk/detail/JuKC-lX5VOL/rado-dvojizbovy-byt-v-senici-na-stefanikovej-ulici","imagesUrls":["https://img.nehnutelnosti.sk/foto/NjAweDMzOC9maWx0ZXJzOnF1YWxpdHkoMTAwKS9uZWg=/wSCExr_0J_fss?st=vix8D9MbBEHutbuG-pI-qHZkSF9bLvVu-SQ6xOLHpFU&ts=1725180439&e=0"]},{"title":"RADO | Na predaj 3 izbový byt na sídlisku Dubnička, Bánovce nad Bebr.","address":"Slatinská, Bánovce nad Bebravou, okres Bánovce nad Bebravou","rooms":3,"meters":63,"totalPrice":102000,"meterSquarePrice":5,"link":"https://www.nehnutelnosti.sk/detail/JutYt2a0o9F/rado-na-predaj-3-izbovy-byt-na-sidlisku-dubnicka-banovce-nad-bebr","imagesUrls":["https://img.nehnutelnosti.sk/foto/NjAweDMzOC9maWx0ZXJzOnF1YWxpdHkoMTAwKS9uZWg=/wjzMYjltD_fss?st=xxgWqviFkwm7GI99FWOxGV7ntTDP_cVZymhMsVqBk08&ts=1724697744&e=0"]},{"title":"RADO | 4-izbový byt v meste Holíč","address":"Holíč, okres Skalica","rooms":4,"meters":88,"totalPrice":145000,"meterSquarePrice":3,"link":"https://www.nehnutelnosti.sk/detail/JuJ0ASqB_1Y/rado-4-izbovy-byt-v-meste-holic","imagesUrls":["https://img.nehnutelnosti.sk/foto/NjAweDMzOC9maWx0ZXJzOnF1YWxpdHkoMTAwKS9uZWg=/mmQTezgRn_fss?st=WKhdA1O6-d7703xbN4MlIDAOnrGWWsgkA150_SKGYL4&ts=1722288601&e=0"]},{"title":"RADO | Nový dvojizbový byt s obrovskou loggiou | Trenčianske Teplice","address":"Nádražná, Trenčianske Teplice, okres Trenčín","rooms":2,"meters":80,"totalPrice":179900,"meterSquarePrice":4,"link":"https://www.nehnutelnosti.sk/detail/JurNNVHpGwt/rado-novy-dvojizbovy-byt-s-obrovskou-loggiou-trencianske-teplice","imagesUrls":["https://img.nehnutelnosti.sk/foto/NjAweDMzOC9maWx0ZXJzOnF1YWxpdHkoMTAwKS9uZWg=/KlTooyv1__fss?st=VZAzsdQYf_2YrnFpQaF5yqmkQfsJfmGIOSB2rZumJ1U&ts=1724754883&e=0"]},{"title":"RADO | Exkluzívne na predaj 3-izbový byt na Sihoti!","address":"Clementisova, Trenčín, okres Trenčín","rooms":3,"meters":63,"totalPrice":129000,"meterSquarePrice":2,"link":"https://www.nehnutelnosti.sk/detail/JuN-cRxqeJM/rado-exkluzivne-na-predaj-3-izbovy-byt-na-sihoti","imagesUrls":["https://img.nehnutelnosti.sk/foto/NjAweDMzOC9maWx0ZXJzOnF1YWxpdHkoMTAwKS9uZWg=/u3NtO3AXnW_fss?st=QZWxl4K0bJiF2tKHSPRVq4b1O77rxOwQTp4JGmOH_cQ&ts=1717591998&e=0"]},{"title":"RADO | Priestranný 2-izbový byt v novostavbe | Trenčianske Teplice","address":"Nádražná, Trenčianske Teplice, okres Trenčín","rooms":2,"meters":86,"totalPrice":199900,"meterSquarePrice":2,"link":"https://www.nehnutelnosti.sk/detail/Jua6jvnN55oe/rado-priestranny-2-izbovy-byt-v-novostavbe-trencianske-teplice","imagesUrls":["https://img.nehnutelnosti.sk/foto/NjAweDMzOC9maWx0ZXJzOnF1YWxpdHkoMTAwKS9uZWg=/gHRdrj-hs_fss?st=SLJTt8Y_ft93C_ZDnqLhSuWAEXP6G2Q4oZd5dvO3mNI&ts=1724754879&e=0"]}]