[{"title":"2 izb.byt na predaj v Pukanci s dizajnovým návrhom!","address":"Záhradná, Pukanec, okres Levice","rooms":2,"meters":66,"totalPrice":62000,"meterSquarePrice":9,"link":"https://www.nehnutelnosti.sk/detail/Juc_a1r2diF/2-izb-byt-na-predaj-v-pukanci-s-dizajnovym-navrhom","imagesUrls":["https://img.nehnutelnosti.sk/foto/NjAweDMzOC9maWx0ZXJzOnF1YWxpdHkoMTAwKS9uZWg=/ZYyEIb3gh7_fss?st=vo0IqoYrtqFn0QzIGQ33CCN25dPU72KEKnA0SR_MufE&ts=1712821009&e=0"]},{"title":"Veľký dvojizbový byt","address":"Tlmače, okres Levice","rooms":2,"meters":67,"totalPrice":75600,"meterSquarePrice":6,"link":"https://www.nehnutelnosti.sk/detail/JuwjtHyau0p/velky-dvojizbovy-byt","imagesUrls":["https://img.nehnutelnosti.sk/foto/NjAweDMzOC9maWx0ZXJzOnF1YWxpdHkoMTAwKS9uZWg=/znnRznAsj_fss?st=3tUSt3fUDGehOggqtHZj8wHmWv_Gk5A2vymeHuXs0-4&ts=1711136695&e=0"]},{"title":"REZERVOVANE!!!  Slnečný trojizbový byt","address":"Hlboká, Levice, okres Levice","rooms":3,"meters":80,"totalPrice":99900,"meterSquarePrice":5,"link":"https://www.nehnutelnosti.sk/detail/Ju9IkSiSpkt/rezervovane-slnecny-trojizbovy-byt","imagesUrls":["https://img.nehnutelnosti.sk/foto/NjAweDMzOC9maWx0ZXJzOnF1YWxpdHkoMTAwKS9uZWg=/O3VW0I8zE_fss?st=_nw-DGi1RCdWMaF3P3_G3WWwbdx3VwHIPRoMjYPi8gU&ts=1709449128&e=0"]},{"title":"EXKLUZÍVNE 1. izbový so zariadením Levice – predaj.","address":"Mochovská, Levice, okres Levice","rooms":1,"meters":36,"totalPrice":65000,"meterSquarePrice":3,"link":"https://www.nehnutelnosti.sk/detail/JuxgAH30nIc/exkluzivne-1-izbovy-so-zariadenim-levice-predaj","imagesUrls":["https://img.nehnutelnosti.sk/foto/NjAweDMzOC9maWx0ZXJzOnF1YWxpdHkoMTAwKS9uZWg=/sNiBCnGdz_fss?st=eIewj9dIaYZXpsR-UU-dr8hY7oa906Xk5xsGm77yAoA&ts=1710004639&e=0"]},{"title":"3. izbový byt s kumbálom Levice - centrum","address":"P. Jilemníckeho, Levice, okres Levice","rooms":3,"meters":69,"totalPrice":95000,"meterSquarePrice":1,"link":"https://www.nehnutelnosti.sk/detail/JucrMtt7ShV/3-izbovy-byt-s-kumbalom-levice-centrum","imagesUrls":["https://img.nehnutelnosti.sk/foto/NjAweDMzOC9maWx0ZXJzOnF1YWxpdHkoMTAwKS9uZWg=/jp0pMyZu3_fss?st=PdxUdVxfAvx7XuLCYLi-iP2V4oFteT-qoOIHw01R0c4&ts=1709164949&e=0"]},{"title":"Krásny 3 izbový byt","address":"Šarovce, okres Levice","rooms":3,"meters":72,"totalPrice":75000,"meterSquarePrice":7,"link":"https://www.nehnutelnosti.sk/detail/Ju5qGNkmB3b/krasny-3-izbovy-byt","imagesUrls":["https://img.nehnutelnosti.sk/foto/NjAweDMzOC9maWx0ZXJzOnF1YWxpdHkoMTAwKS9uZWg=/HZWHqmT6dp_fss?st=p8YR5yBYF7jBaEmqI01ZBwNIgrQRoJwseFLu2vGtRcM&ts=1713346360&e=0"]},{"title":"Jednoizbový byt na predaj v Leviciach","address":"Levice, okres Levice","rooms":1,"meters":33,"totalPrice":60000,"meterSquarePrice":8,"link":"https://www.nehnutelnosti.sk/detail/JuH1M3oCpRZ/jednoizbovy-byt-na-predaj-v-leviciach","imagesUrls":["https://img.nehnutelnosti.sk/foto/NjAweDMzOC9maWx0ZXJzOnF1YWxpdHkoMTAwKS9uZWg=/8Rk6SU5mE_fss?st=gep9MHzoX9LzHJb8XgFvvuV0a94ggi3DSwQf81oGMjc&ts=1706522679&e=0"]},{"title":"Veľký 3 izbový byt - Vinohrady - exkluzívne!","address":"Levice, okres Levice","rooms":3,"meters":79,"totalPrice":99500,"meterSquarePrice":9,"link":"https://www.nehnutelnosti.sk/detail/Jus6OM4DBKH/velky-3-izbovy-byt-vinohrady-exkluzivne","imagesUrls":["https://img.nehnutelnosti.sk/foto/NjAweDMzOC9maWx0ZXJzOnF1YWxpdHkoMTAwKS9uZWg=/-mBQBOamP_fss?st=CjvvniqDT3eMRa0k6CQFdsSnrUMcEFpLsA8gDhc0LJI&ts=1705929966&e=0"]},{"title":"Iba u nás na predaj krásny 2-izbový byt v Leviciach - znížená cena!","address":"P. O. Hviezdoslava, Levice, okres Levice","rooms":2,"meters":60,"totalPrice":89000,"meterSquarePrice":3,"link":"https://www.nehnutelnosti.sk/detail/JuHR-JT1wbh/iba-u-nas-na-predaj-krasny-2-izbovy-byt-v-leviciach-znizena-cena","imagesUrls":["https://img.nehnutelnosti.sk/foto/NjAweDMzOC9maWx0ZXJzOnF1YWxpdHkoMTAwKS9uZWg=/GZVY6XuUDG_fss?st=35sFFd090hMpCtnkR8rJeyDij8dUW-qt-mJYI0lpH2w&ts=1701350456&e=0"]},{"title":"2 izbový byt s balkónom na predaj Bátovce","address":"Bátovce, Bátovce, okres Levice","rooms":2,"meters":null,"totalPrice":null,"meterSquarePrice":null,"link":"https://www.nehnutelnosti.sk/detail/JuCtl58Xagp/2-izbovy-byt-s-balkonom-na-predaj-batovce","imagesUrls":["https://img.nehnutelnosti.sk/foto/NjAweDMzOC9maWx0ZXJzOnF1YWxpdHkoMTAwKS9uZWg=/qPM0hsb8z_fss?st=YmnMcrCMbZrr0o5bW0qW3zN-4hvuxT10zryyzyMi4l8&ts=1697715130&e=0"]},{"title":"Exkluzívne predáme 3-izbový byt v Leviciach","address":"Okružná, Levice, okres Levice","rooms":3,"meters":66,"totalPrice":92000,"meterSquarePrice":2,"link":"https://www.nehnutelnosti.sk/detail/Ju4yuwwupr_/exkluzivne-predame-3-izbovy-byt-v-leviciach","imagesUrls":["https://img.nehnutelnosti.sk/foto/NjAweDMzOC9maWx0ZXJzOnF1YWxpdHkoMTAwKS9uZWg=/ivXWkLbfn_fss?st=WsZ0QsUxcg7ygoTBf71HQEcF5ZQa0yvg9nX5nffOWMw&ts=1707298487&e=0"]},{"title":"Ponúkame na predaj 2 izbový byt na Mochovskej ulici v Leviciach","address":"Mochovská, Levice, okres Levice","rooms":2,"meters":66,"totalPrice":90000,"meterSquarePrice":9,"link":"https://www.nehnutelnosti.sk/detail/Jue0KXQTbwK/ponukame-na-predaj-2-izbovy-byt-na-mochovskej-ulici-v-leviciach","imagesUrls":["https://img.nehnutelnosti.sk/foto/NjAweDMzOC9maWx0ZXJzOnF1YWxpdHkoMTAwKS9uZWg=/WLpYKgVO__fss?st=pP3fzgyabh2xb7U5lj13ysYZLysryC8ZPXV4O40vESQ&ts=1686834188&e=0"]},{"title":"Exkluzívne na predaj 3-izbový byt v Šahách - znížená cena!","address":"Námestie M. R. Štefánika, Šahy, okres Levice","rooms":3,"meters":61,"totalPrice":73000,"meterSquarePrice":2,"link":"https://www.nehnutelnosti.sk/detail/JufmUcnjL1t/exkluzivne-na-predaj-3-izbovy-byt-v-sahach-znizena-cena","imagesUrls":["https://img.nehnutelnosti.sk/foto/NjAweDMzOC9maWx0ZXJzOnF1YWxpdHkoMTAwKS9uZWg=/yuMa5HDUQ_fss?st=HMVg-57Zyk2OC7NyMWMqQCo7z_bLIn5f3YFaw2Dd27Y&ts=1674294395&e=0"]},{"title":"Prakticky riešený dvojizbový byt","address":"Kozmonautická 3230/11, Bratislava II - Ružinov, okres Bratislava","rooms":2,"meters":43,"totalPrice":188500,"meterSquarePrice":2,"link":"https://www.nehnutelnosti.sk/detail/Ju7gp1KpUob/prakticky-rieseny-dvojizbovy-byt","imagesUrls":["https://img.nehnutelnosti.sk/foto/NjAweDMzOC9maWx0ZXJzOnF1YWxpdHkoMTAwKS9uZWg=/RDX5zjxH5_fss?st=OEr1P_UkTgxC1MkplvhqNwyuZU1FI7RuB1xN_WziCTk&ts=1726043044&e=0"]},{"title":"Na predaj moderný 3-izbový Apartmán č.3, (plocha: 72,03m²) pri golfovom ihrisku, tehla, tepelné čerp","address":"Tatranská, Vysoké Tatry, okres Poprad","rooms":null,"meters":72,"totalPrice":159500,"meterSquarePrice":6,"link":"https://www.nehnutelnosti.sk/detail/Juk7DTpQH5-/na-predaj-moderny-3-izbovy-apartman-c-3-plocha-72-03m-pri-golfovom-ihrisku-tehla-tepelne-cerp","imagesUrls":["https://img.unitedclassifieds.sk/foto/NjAweDMzOC9maWx0ZXJzOnF1YWxpdHkoMTAwKS9yc2Y=/kDOgesA6L_fss?st=OdOVXwAglV5ovtaOSwU8UOstGc6o71yDn_QOdM1uOGY&ts=1717548413&e=0"]},{"title":"Na predaj 3-izbový byt s loggiou v Martine","address":"Martin, okres Martin","rooms":3,"meters":60,"totalPrice":97000,"meterSquarePrice":3,"link":"https://www.nehnutelnosti.sk/detail/JuQZxULXiqs/na-predaj-3-izbovy-byt-s-loggiou-v-martine","imagesUrls":["https://img.unitedclassifieds.sk/foto/NjAweDMzOC9maWx0ZXJzOnF1YWxpdHkoMTAwKS9qdWw=/oPUNC-d0h_fss?st=56YbJEOdtALW_K1FGrC-bQICpqxyDXRFQziObFQfQvc&ts=1725973563&e=0"]},{"title":"Krásny 2- izbový byt v novostavbe na predaj E3","address":"Kriváň, okres Detva","rooms":2,"meters":52,"totalPrice":97981,"meterSquarePrice":4,"link":"https://www.nehnutelnosti.sk/detail/JuwFkAZ3RaS/krasny-2-izbovy-byt-v-novostavbe-na-predaj-e3","imagesUrls":["https://img.unitedclassifieds.sk/foto/NjAweDMzOC9maWx0ZXJzOnF1YWxpdHkoMTAwKS9qdWw=/g-9zj8cG6_fss?st=4H86Cq3aNw6BjC1Jn1tqNZnUxof3e7wHvhlxca76ge4&ts=1715948526&e=0"]},{"title":"NA PREDAJ moderný 2-izbový byt v novostavbe bytového domu - Kostolište - Malacky","address":"Malacky, okres Malacky","rooms":2,"meters":67,"totalPrice":134900,"meterSquarePrice":6,"link":"https://www.nehnutelnosti.sk/detail/JuPg6H1k5fnR/na-predaj-moderny-2-izbovy-byt-v-novostavbe-bytoveho-domu-kostoliste-malacky","imagesUrls":["https://img.unitedclassifieds.sk/foto/NjAweDMzOC9maWx0ZXJzOnF1YWxpdHkoMTAwKS9qdWw=/ExbC79rAS_fss?st=5X4V4TpWjdDeqJbFI6QExLpdAhQJYmg-UVDQ1a00sB8&ts=1698159299&e=0"]},{"title":"1 izbový byt v ŠTANDARDE * vlastné merače * výborná investičná príležistosť","address":"Rohožník, Malacky, okres Malacky","rooms":1,"meters":38,"totalPrice":90000,"meterSquarePrice":4,"link":"https://www.nehnutelnosti.sk/detail/Jub_5cYWvrL/1-izbovy-byt-v-standarde-vlastne-merace-vyborna-investicna-prilezistost","imagesUrls":["https://img.nehnutelnosti.sk/foto/NjAweDMzOC9maWx0ZXJzOnF1YWxpdHkoMTAwKS9uZWg=/DcqG6Ygiq_fss?st=0r3XYyr3qNr9cARvkfMhdWwXlYOiKiZKqROA4vuUCTg&ts=1718260563&e=0"]},{"title":"'' PREDANÝ ''          Pekný a tichý 2izbový byt 5minút chôdze od električky","address":"Bratislava IV - Karlova Ves, okres Bratislava","rooms":2,"meters":49,"totalPrice":158000,"meterSquarePrice":2,"link":"https://www.nehnutelnosti.sk/detail/JulbQE2Ybox/predany-pekny-a-tichy-2izbovy-byt-5minut-chodze-od-elektricky","imagesUrls":["https://img.unitedclassifieds.sk/foto/NjAweDMzOC9maWx0ZXJzOnF1YWxpdHkoMTAwKS9qdWw=/Z5Tw-3pOy_fss?st=1oPWbV9fmxk95yvYidtfC6gYQTlS6mxrXPC1NapFA5I&ts=1723024093&e=0"]},{"title":"1i byt - Slnečnice/Mesto","address":"Jána Lajčiaka, Bratislava V - Petržalka, okres Bratislava","rooms":1,"meters":32,"totalPrice":138900,"meterSquarePrice":3,"link":"https://www.nehnutelnosti.sk/detail/Juta9UESUwE/1i-byt-slnecnice-mesto","imagesUrls":["https://img.unitedclassifieds.sk/foto/NjAweDMzOC9maWx0ZXJzOnF1YWxpdHkoMTAwKS9qdWw=/ECMB-df9L_fss?st=ZlcXCfRBzy1zvLUHMgYZk-yqwM8irzZtfslqxqDbtE8&ts=1685435370&e=0"]},{"title":"3i byt, 2x balkón, novostavba - Slnečnice/POP","address":"Labutia, Bratislava V - Petržalka, okres Bratislava","rooms":3,"meters":70,"totalPrice":268900,"meterSquarePrice":3,"link":"https://www.nehnutelnosti.sk/detail/JuyDtL2w5wK/3i-byt-2x-balkon-novostavba-slnecnice-pop","imagesUrls":["https://img.unitedclassifieds.sk/foto/NjAweDMzOC9maWx0ZXJzOnF1YWxpdHkoMTAwKS9qdWw=/S8xEwsUi8_fss?st=vkVdgsHb_3Sk3cj8HW9pLZhY4w1xoYQZQsSKCjdPERU&ts=1718094589&e=0"]},{"title":"Neibrs | Na predaj 4i byt, 135m2 po kompletnej rekonštrukcii, dvojgaráž, balkón, krb, veľká pivnica,","address":"Mudroňova, Bratislava I - Staré Mesto, okres Bratislava","rooms":4,"meters":135,"totalPrice":649000,"meterSquarePrice":1,"link":"https://www.nehnutelnosti.sk/detail/JujfUPjTyIA/neibrs-na-predaj-4i-byt-135m2-po-kompletnej-rekonstrukcii-dvojgaraz-balkon-krb-velka-pivnica","imagesUrls":["https://img.nehnutelnosti.sk/foto/NjAweDMzOC9maWx0ZXJzOnF1YWxpdHkoMTAwKS9uZWg=/YcDrU423m6_fss?st=k1urK5L6sh49dAhd9Fdp_CuwDIGl7nGDHnLoU3-PcU4&ts=1726040903&e=0"]},{"title":"2-izbový byt na predaj, Bánovce n.B, Dubnička","address":"Lúčna, Bánovce nad Bebravou, okres Bánovce nad Bebravou","rooms":2,"meters":52,"totalPrice":77000,"meterSquarePrice":7,"link":"https://www.nehnutelnosti.sk/detail/Jut-g6NdnAn/2-izbovy-byt-na-predaj-banovce-n-b-dubnicka","imagesUrls":["https://img.nehnutelnosti.sk/foto/NjAweDMzOC9maWx0ZXJzOnF1YWxpdHkoMTAwKS9uZWg=/nz-k-5dGn_fss?st=OuDcliwF5muDWuTkz_WVNhKda1L8CivE1XqZQrP5niI&ts=1723446015&e=0"]},{"title":"Novostavba - Slnečný 3-izbový byt - Ovocné sady","address":"Ivanská cesta, Bratislava II - Ružinov, okres Bratislava","rooms":3,"meters":69,"totalPrice":222999,"meterSquarePrice":8,"link":"https://www.nehnutelnosti.sk/detail/Ju5T_HIwLzA/novostavba-slnecny-3-izbovy-byt-ovocne-sady","imagesUrls":["https://img.unitedclassifieds.sk/foto/NjAweDMzOC9maWx0ZXJzOnF1YWxpdHkoMTAwKS9qdWw=/zp4HZ8PAt_fss?st=q091Ehq7GHVX89UYsrcv6e8RVBdLd1EhUONBEwr8ZV4&ts=1718956522&e=0"]},{"title":"Nová Palúdzka 2 -  predaj 2 izbový byt Liptovský Mikuláš","address":"Eduarda Penkalu, Liptovský Mikuláš, okres Liptovský Mikuláš","rooms":2,"meters":44,"totalPrice":151500,"meterSquarePrice":4,"link":"https://www.nehnutelnosti.sk/detail/JuyC6GntTJqs/nova-paludzka-2-predaj-2-izbovy-byt-liptovsky-mikulas","imagesUrls":["https://img.unitedclassifieds.sk/foto/NjAweDMzOC9maWx0ZXJzOnF1YWxpdHkoMTAwKS9yc2Y=/za9FRTaNz_fss?st=Kdo8uA-QynEkoPHNI_iMx1-eJPWaRJorKUaUlJbqQSw&ts=1668000940&e=0"]},{"title":"4-izbový byt v historickom centre mesta Trnava","address":"Ulica Františkánska 7139/14, Trnava, okres Trnava","rooms":4,"meters":101,"totalPrice":335000,"meterSquarePrice":3,"link":"https://www.nehnutelnosti.sk/detail/JuI2kf3Itpb/4-izbovy-byt-v-historickom-centre-mesta-trnava","imagesUrls":["https://img.nehnutelnosti.sk/foto/NjAweDMzOC9maWx0ZXJzOnF1YWxpdHkoMTAwKS9uZWg=/RuJqD2_8pE_fss?st=MCG8SsOgqZ1ZOBTZjKufbFyEeRdTzC6_zv3kL0slYeA&ts=1707653625&e=0"]},{"title":"NA PREDAJ 3 IZ. BYT BRATISLAVA RUŽINOV KOMPLETNÁ REKONŠTRUKCIA 67 m2","address":"Babuškova, Bratislava II - Ružinov, okres Bratislava","rooms":3,"meters":67,"totalPrice":249990,"meterSquarePrice":9,"link":"https://www.nehnutelnosti.sk/detail/JumyYZciMpx/na-predaj-3-iz-byt-bratislava-ruzinov-kompletna-rekonstrukcia-67-m2","imagesUrls":["https://img.nehnutelnosti.sk/foto/NjAweDMzOC9maWx0ZXJzOnF1YWxpdHkoMTAwKS9uZWg=/kkulYPWnv_fss?st=oqmMIcpwHV63cpEubxOGpWc2RRymP4WFPABpwgNeVig&ts=1718368292&e=0"]},{"title":"Na predaj 1-izbové štúdio s balkónom č.208 po kompletnej rekonštrukcii v Tatranskej Štrbe (Video).","address":"Tatranská Štrba, Vysoké Tatry, okres Poprad","rooms":null,"meters":20,"totalPrice":85000,"meterSquarePrice":7,"link":"https://www.nehnutelnosti.sk/detail/JuylUoBdBz0/na-predaj-1-izbove-studio-s-balkonom-c-208-po-kompletnej-rekonstrukcii-v-tatranskej-strbe-video","imagesUrls":["https://img.unitedclassifieds.sk/foto/NjAweDMzOC9maWx0ZXJzOnF1YWxpdHkoMTAwKS9yc2Y=/ihjkC4q-X_fss?st=U3VABdP2wPb-t7RllfyEZh1B5zeX6CqHRzK1WHNOdDI&ts=1716565449&e=0"]},{"title":"Na predaj jednoizbový apartmán č.212 s balkónom, po kompletnej rekonštrukcii, Tatranská Štrba.","address":"Tatranská Štrba, Vysoké Tatry, okres Poprad","rooms":null,"meters":20,"totalPrice":85000,"meterSquarePrice":5,"link":"https://www.nehnutelnosti.sk/detail/JuX_EqHZSwy/na-predaj-jednoizbovy-apartman-c-212-s-balkonom-po-kompletnej-rekonstrukcii-tatranska-strba","imagesUrls":["https://img.unitedclassifieds.sk/foto/NjAweDMzOC9maWx0ZXJzOnF1YWxpdHkoMTAwKS9yc2Y=/pIhhJf4Bh5_fss?st=WKSNdTYq2qwiAxT56hb8-DJ9rzSHu8d6aC2oW7H8FtM&ts=1715780285&e=0"]}]