[{"title":"Exkluzívne na Predaj veľký 4 izbový byt ul. Kvetinová ,Banská Bystrica","address":"Kvetinová, Banská Bystrica, okres Banská Bystrica","rooms":4,"meters":115,"totalPrice":299000,"meterSquarePrice":7,"link":"https://www.nehnutelnosti.sk/detail/JubLerF4toL/exkluzivne-na-predaj-velky-4-izbovy-byt-ul-kvetinova-banska-bystrica","imagesUrls":["https://img.nehnutelnosti.sk/foto/NjAweDMzOC9maWx0ZXJzOnF1YWxpdHkoMTAwKS9uZWg=/_hiHNsN4v_fss?st=Bs1ZXmSShwgyzT5DTq9T0MT6APHIvSIF53BJ8cXyF2M&ts=1709632061&e=0"]},{"title":"Predám APARTMÁNOVÝ BYT v AD Kamzík s dobrou dostupnosťou na zjazdovky Záhradište a Nová hoľa","address":"Donovaly, Donovaly, okres Banská Bystrica","rooms":2,"meters":67,"totalPrice":209000,"meterSquarePrice":2,"link":"https://www.nehnutelnosti.sk/detail/JuI-ma4vHwK/predam-apartmanovy-byt-v-ad-kamzik-s-dobrou-dostupnostou-na-zjazdovky-zahradiste-a-nova-hola","imagesUrls":["https://img.nehnutelnosti.sk/foto/NjAweDMzOC9maWx0ZXJzOnF1YWxpdHkoMTAwKS9uZWg=/p8g6ILqv25_fss?st=rBUnbb1QjcfvOf3yz2ZHNWIlpX6KEQUbEhizeIqli-g&ts=1711034741&e=0"]},{"title":"Exkluzívne na predaj pekný 2 izbový v blízkosti centra na Jegorovovej ulici","address":"Jegorovova, Banská Bystrica, okres Banská Bystrica","rooms":2,"meters":58,"totalPrice":143000,"meterSquarePrice":6,"link":"https://www.nehnutelnosti.sk/detail/Jus6v_JJcSw/exkluzivne-na-predaj-pekny-2-izbovy-v-blizkosti-centra-na-jegorovovej-ulici","imagesUrls":["https://img.nehnutelnosti.sk/foto/NjAweDMzOC9maWx0ZXJzOnF1YWxpdHkoMTAwKS9uZWg=/ZjEw4uCP0_fss?st=26boVl1TrfB7Y7gNdq2H8d0vKb_24CPA0hMXR0fT21w&ts=1683914608&e=0"]},{"title":"Na predaj 4 izbový mezonet  na Dolnej Mičinej","address":"Dolná Mičiná, okres Banská Bystrica","rooms":null,"meters":164,"totalPrice":null,"meterSquarePrice":null,"link":"https://www.nehnutelnosti.sk/detail/JuW9Yh6pEEn/na-predaj-4-izbovy-mezonet-na-dolnej-micinej","imagesUrls":["https://img.nehnutelnosti.sk/foto/NjAweDMzOC9maWx0ZXJzOnF1YWxpdHkoMTAwKS9uZWg=/1o9GsHl8H_fss?st=WyzpVwVTY8k371c1LdtHp6x5rpF__m-CEVTWsa88S9g&ts=1637794887&e=0"]},{"title":"EXKLUZÍVNE  na predaj KRÁSNY 3-izbový byt v Obchodnom Centrum RETRO","address":"Nevädzová, Bratislava II - Ružinov, okres Bratislava","rooms":3,"meters":87,"totalPrice":null,"meterSquarePrice":null,"link":"https://www.nehnutelnosti.sk/detail/JuEufWkZM6p/exkluzivne-na-predaj-krasny-3-izbovy-byt-v-obchodnom-centrum-retro","imagesUrls":["https://img.nehnutelnosti.sk/foto/NjAweDMzOC9maWx0ZXJzOnF1YWxpdHkoMTAwKS9uZWg=/gl7j__at0_fss?st=y6RIHq_eEMeR03RU46Vn2dfFCV3PebM1wcWsNmJQADM&ts=1676802695&e=0"]},{"title":"REZERVOVANE! na predaj neštandardný  byt v centre mesta","address":"Dolná, Banská Bystrica, okres Banská Bystrica","rooms":3,"meters":182,"totalPrice":499999,"meterSquarePrice":5,"link":"https://www.nehnutelnosti.sk/detail/JuXNYD1Hdsa/rezervovane-na-predaj-nestandardny-byt-v-centre-mesta","imagesUrls":["https://img.nehnutelnosti.sk/foto/NjAweDMzOC9maWx0ZXJzOnF1YWxpdHkoMTAwKS9uZWg=/-d6vOnnHo_fss?st=jGF0mi-aloRbQrlzJcD_7vlijnwRyinNaodL2KD5yZs&ts=1644254017&e=0"]},{"title":"Na predaj 1- izbový byt v Harmanci","address":"harmanec, Harmanec, okres Banská Bystrica","rooms":1,"meters":32,"totalPrice":85000,"meterSquarePrice":5,"link":"https://www.nehnutelnosti.sk/detail/JuZ0v3krhG1/na-predaj-1-izbovy-byt-v-harmanci","imagesUrls":["https://img.nehnutelnosti.sk/foto/NjAweDMzOC9maWx0ZXJzOnF1YWxpdHkoMTAwKS9uZWg=/EAKa50dmy_fss?st=MWASl0bqzIX7UIsse23uucAD3vVHCOVqB-_S6NWfxjE&ts=1706877587&e=0"]},{"title":"TOP CENA ! Exkluzívne  na predaj 2 izbový byt ul.Kvetinová , mestská časť Fončorda","address":"Kvetinová, Banská Bystrica, okres Banská Bystrica","rooms":2,"meters":50,"totalPrice":null,"meterSquarePrice":null,"link":"https://www.nehnutelnosti.sk/detail/JuZ8cmP5Wm1/top-cena-exkluzivne-na-predaj-2-izbovy-byt-ul-kvetinova-mestska-cast-foncorda","imagesUrls":["https://img.nehnutelnosti.sk/foto/NjAweDMzOC9maWx0ZXJzOnF1YWxpdHkoMTAwKS9uZWg=/w9Cu48LHM_fss?st=bX0wXmHipKMWvITQDum9iVdntAns2cZ9Hh152Hh8Zxw&ts=1663921470&e=0"]},{"title":"NA PREDAJ 2 IZBOVÝ BYT S LOGGIOU - BANSKÁ BYSTRICA / USVIT","address":"Banská Bystrica, okres Banská Bystrica","rooms":2,"meters":57,"totalPrice":163000,"meterSquarePrice":5,"link":"https://www.nehnutelnosti.sk/detail/JuDQHwkP5pC/na-predaj-2-izbovy-byt-s-loggiou-banska-bystrica-usvit","imagesUrls":["https://img.nehnutelnosti.sk/foto/NjAweDMzOC9maWx0ZXJzOnF1YWxpdHkoMTAwKS9uZWg=/esVLlTDZ4_fss?st=ZXU-b1qBNV5Hcv2TF5FAtdCP0ptP2wvqBt6Gq7m4dPM&ts=1678962589&e=0"]},{"title":"ZNÍŽENÁ CENA - RÝCHLEJŠÍ BERIE - NA PREDAJ RODINNÝ APARTMÁN NA DONOVALOCH - MISTRÍKY","address":"Mistríky, Donovaly, okres Banská Bystrica","rooms":null,"meters":36,"totalPrice":120000,"meterSquarePrice":8,"link":"https://www.nehnutelnosti.sk/detail/Jusl7fVGqF1/znizena-cena-rychlejsi-berie-na-predaj-rodinny-apartman-na-donovaloch-mistriky","imagesUrls":["https://img.nehnutelnosti.sk/foto/NjAweDMzOC9maWx0ZXJzOnF1YWxpdHkoMTAwKS9uZWg=/rARHXsBYH_fss?st=j0009xrzExWlfibEKc4XmXJ5x47-ek-Go2PdIp3S3d8&ts=1678965488&e=0"]},{"title":"BYTY SIHOŤ | PREDPREDAJ 2i BYTOV V OBJEKTE ″B″","address":"Opoj, okres Trnava","rooms":2,"meters":44,"totalPrice":107700,"meterSquarePrice":1,"link":"https://www.nehnutelnosti.sk/detail/JuQ_Po8OUTM/byty-sihot-predpredaj-2i-bytov-v-objekte-b","imagesUrls":["https://img.unitedclassifieds.sk/foto/NjAweDMzOC9maWx0ZXJzOnF1YWxpdHkoMTAwKS9qdWw=/1cNLXjx52_fss?st=0MbbXbAgCdoc2a3TpQuKTFloOG3htkNgvTI4fIfJBic&ts=1714996984&e=0"]},{"title":"BYTY SIHOŤ | PREDPREDAJ 2i BYTOV V OBJEKTE ″B″","address":"Opoj, okres Trnava","rooms":2,"meters":43,"totalPrice":97700,"meterSquarePrice":3,"link":"https://www.nehnutelnosti.sk/detail/JuFo4Sv-Th9/byty-sihot-predpredaj-2i-bytov-v-objekte-b","imagesUrls":["https://img.unitedclassifieds.sk/foto/NjAweDMzOC9maWx0ZXJzOnF1YWxpdHkoMTAwKS9qdWw=/90_3jvuuC_fss?st=cfjJA6VIGfKmz9ADpnzIwLZHmZJrIm-ovEfXDw73RPA&ts=1714995953&e=0"]},{"title":"REZERVOVANÉ BYTY SIHOŤ | PREDPREDAJ 3i BYTOV V OBJEKTE ″B″","address":"Opoj, okres Trnava","rooms":3,"meters":56,"totalPrice":null,"meterSquarePrice":null,"link":"https://www.nehnutelnosti.sk/detail/JuO6QcyPKpr/rezervovane-byty-sihot-predpredaj-3i-bytov-v-objekte-b","imagesUrls":["https://img.unitedclassifieds.sk/foto/NjAweDMzOC9maWx0ZXJzOnF1YWxpdHkoMTAwKS9qdWw=/ZW7olqVzd_fss?st=xOffldX6vBGoZNT8-1Va2jOOsPx2bBHhG_bhJ4FuLGA&ts=1714993684&e=0"]},{"title":"REZERVOVANÉ BYTY SIHOŤ | PREDPREDAJ 2i BYTOV V OBJEKTE ″C″","address":"Opoj, okres Trnava","rooms":2,"meters":49,"totalPrice":117700,"meterSquarePrice":5,"link":"https://www.nehnutelnosti.sk/detail/JuvLZDEk_B5/rezervovane-byty-sihot-predpredaj-2i-bytov-v-objekte-c","imagesUrls":["https://img.unitedclassifieds.sk/foto/NjAweDMzOC9maWx0ZXJzOnF1YWxpdHkoMTAwKS9qdWw=/cG4pm6zBSk_fss?st=exnam8ykelCuAAWuqts0CC_qa99_nnUP8dFnkIEji_I&ts=1714987576&e=0"]},{"title":"REZERVOVANÉ BYTY SIHOŤ | PREDPREDAJ 2i BYTOV V OBJEKTE ″B″","address":"Opoj, okres Trnava","rooms":2,"meters":41,"totalPrice":null,"meterSquarePrice":null,"link":"https://www.nehnutelnosti.sk/detail/JukpAr7QCl7/rezervovane-byty-sihot-predpredaj-2i-bytov-v-objekte-b","imagesUrls":["https://img.unitedclassifieds.sk/foto/NjAweDMzOC9maWx0ZXJzOnF1YWxpdHkoMTAwKS9qdWw=/gWolsc-wi_fss?st=_j2-B2A2YV42lBGblAqeD9Fts29qQHDXcL08fzqqfU0&ts=1714996490&e=0"]},{"title":"BYTY SIHOŤ | PREDPREDAJ 2i BYTOV V OBJEKTE ″A″","address":"Opoj, okres Trnava","rooms":2,"meters":37,"totalPrice":93700,"meterSquarePrice":5,"link":"https://www.nehnutelnosti.sk/detail/JuK6wLem9sb/byty-sihot-predpredaj-2i-bytov-v-objekte-a","imagesUrls":["https://img.unitedclassifieds.sk/foto/NjAweDMzOC9maWx0ZXJzOnF1YWxpdHkoMTAwKS9qdWw=/zv-Oe04iZ_fss?st=YpR-LXhEXJZrIq_mcLez1np6fUDcEtMoUBd9IqfTOas&ts=1714746594&e=0"]},{"title":"BYTY SIHOŤ | PREDPREDAJ 2i BYTOV V OBJEKTE ″A″","address":"Opoj, okres Trnava","rooms":2,"meters":39,"totalPrice":97700,"meterSquarePrice":4,"link":"https://www.nehnutelnosti.sk/detail/JunOzM2Hzm3/byty-sihot-predpredaj-2i-bytov-v-objekte-a","imagesUrls":["https://img.unitedclassifieds.sk/foto/NjAweDMzOC9maWx0ZXJzOnF1YWxpdHkoMTAwKS9qdWw=/O91T_89hT_fss?st=y80Brdf3triXBmLHIhBxVpl8BZG8g4mnZ1ZP2t9IXGg&ts=1714749201&e=0"]},{"title":"BYTY SIHOŤ | PREDPREDAJ 3i BYTOV V OBJEKTE ″B″","address":"Opoj, okres Trnava","rooms":3,"meters":71,"totalPrice":147700,"meterSquarePrice":7,"link":"https://www.nehnutelnosti.sk/detail/Juu9I1hZbj2/byty-sihot-predpredaj-3i-bytov-v-objekte-b","imagesUrls":["https://img.unitedclassifieds.sk/foto/NjAweDMzOC9maWx0ZXJzOnF1YWxpdHkoMTAwKS9qdWw=/IANuihrp2_fss?st=VkYnv3La2EsD6bZBDssC4YnoTkuWfK0TUPYMxe6o1Hg&ts=1714989435&e=0"]},{"title":"BYTY SIHOŤ | PREDPREDAJ 2i BYTOV V OBJEKTE ″B″","address":"Opoj, okres Trnava","rooms":2,"meters":49,"totalPrice":117700,"meterSquarePrice":2,"link":"https://www.nehnutelnosti.sk/detail/JuTfOY8-Iv0/byty-sihot-predpredaj-2i-bytov-v-objekte-b","imagesUrls":["https://img.unitedclassifieds.sk/foto/NjAweDMzOC9maWx0ZXJzOnF1YWxpdHkoMTAwKS9qdWw=/zyFZQgh0g_fss?st=VlnSI_7nBNP9dhhNPw_jwqFy3CuUzHEtibUrLkXLiC0&ts=1714988611&e=0"]},{"title":"Predpredaj 2 - izbových ateliérov/nebytových priestorov v projekte BYTY SIHOŤ","address":"Opoj, okres Trnava","rooms":2,"meters":33,"totalPrice":75700,"meterSquarePrice":5,"link":"https://www.nehnutelnosti.sk/detail/JutaHafLbrH/predpredaj-2-izbovych-atelierov-nebytovych-priestorov-v-projekte-byty-sihot","imagesUrls":["https://img.unitedclassifieds.sk/foto/NjAweDMzOC9maWx0ZXJzOnF1YWxpdHkoMTAwKS9qdWw=/FA4zHzWKQ_fss?st=QVqZDuruFpMn597MQ0uUGmNyMUwBRTm4sGQF_YrGnXg&ts=1714750946&e=0"]},{"title":"Stará Lesná I 3-izbový byt s veľkou terasou","address":"Poľná, Stará Lesná, okres Kežmarok","rooms":3,"meters":76,"totalPrice":349990,"meterSquarePrice":3,"link":"https://www.nehnutelnosti.sk/detail/Ju_PEqAyOxT/stara-lesna-i-3-izbovy-byt-s-velkou-terasou","imagesUrls":["https://img.nehnutelnosti.sk/foto/NjAweDMzOC9maWx0ZXJzOnF1YWxpdHkoMTAwKS9uZWg=/OgGKGpkOc_fss?st=gU3bLR_bbXXUB4ejE27mrDFiISUatIeWqLtFvt6Kz2E&ts=1726493569&e=0"]},{"title":"Jednoizbový byt na predaj, Vráble","address":"Sídlisko Žitava, Vráble, okres Nitra","rooms":1,"meters":34,"totalPrice":89000,"meterSquarePrice":5,"link":"https://www.nehnutelnosti.sk/detail/Ju1csKv4uKq/jednoizbovy-byt-na-predaj-vrable","imagesUrls":["https://img.nehnutelnosti.sk/foto/NjAweDMzOC9maWx0ZXJzOnF1YWxpdHkoMTAwKS9uZWg=/pv9hcdWK1_fss?st=CPuKzRGAWL8WB5MipllmcLj-0I-Pgc2fsMsuCMqOeZo&ts=1724230051&e=0"]},{"title":"Ponúkame na predaj 2 izbový byt na ulici SNP v Novej Dubnici","address":"Nová Dubnica, okres Ilava","rooms":2,"meters":57,"totalPrice":null,"meterSquarePrice":null,"link":"https://www.nehnutelnosti.sk/detail/JuIBmQK6qoh/ponukame-na-predaj-2-izbovy-byt-na-ulici-snp-v-novej-dubnici","imagesUrls":["https://img.nehnutelnosti.sk/foto/NjAweDMzOC9maWx0ZXJzOnF1YWxpdHkoMTAwKS9uZWg=/WVwuJi4zH_fss?st=scWGmldXJY9gHvSCOAT-B8a4AoUmMPCm0124skfSCnw&ts=1726231053&e=0"]},{"title":"Byt v TOP lokalite za skvelú cenu !","address":"Kuzmányho, Turčianske Teplice, okres Turčianske Teplice","rooms":3,"meters":68,"totalPrice":99000,"meterSquarePrice":1,"link":"https://www.nehnutelnosti.sk/detail/JuPbHSLsGmK/byt-v-top-lokalite-za-skvelu-cenu","imagesUrls":["https://img.nehnutelnosti.sk/foto/NjAweDMzOC9maWx0ZXJzOnF1YWxpdHkoMTAwKS9uZWg=/xbcCSiBU__fss?st=d2lrH2WGRvaOdCdYS-Lm4vHeSbBchpmPLbrb5kQcexQ&ts=1726491820&e=0"]},{"title":"KUSZMANNOV BAZÁR I Tatranská Lomnica","address":"Tatranská Lomnica 53, Vysoké Tatry, okres Poprad","rooms":3,"meters":83,"totalPrice":1030985,"meterSquarePrice":1,"link":"https://www.nehnutelnosti.sk/detail/JurG2Ub3kVI/kuszmannov-bazar-i-tatranska-lomnica","imagesUrls":["https://img.nehnutelnosti.sk/foto/NjAweDMzOC9maWx0ZXJzOnF1YWxpdHkoMTAwKS9uZWg=/wFMNnzUvcR_fss?st=yyHfsLfxtMxc4J_pXf3kz24bQynUflGnVsjJSpCQ1jw&ts=1726491801&e=0"]},{"title":"KUSZMANNOV BAZÁR I Tatranská Lomnica","address":"Tatranská Lomnica 53, Vysoké Tatry, okres Poprad","rooms":3,"meters":74,"totalPrice":828458,"meterSquarePrice":3,"link":"https://www.nehnutelnosti.sk/detail/Ju4y1ZEdip7/kuszmannov-bazar-i-tatranska-lomnica","imagesUrls":["https://img.nehnutelnosti.sk/foto/NjAweDMzOC9maWx0ZXJzOnF1YWxpdHkoMTAwKS9uZWg=/-wAAXhbipj_fss?st=8o97YWnaVcdZcLa4TR63YMxGQvO7Nj7Xjo9_aVXavWI&ts=1726491776&e=0"]},{"title":"KUSZMANNOV BAZÁR I Tatranská Lomnica","address":"Tatranská Lomnica 53, Vysoké Tatry, okres Poprad","rooms":2,"meters":64,"totalPrice":749781,"meterSquarePrice":1,"link":"https://www.nehnutelnosti.sk/detail/JuEZhg69ve0/kuszmannov-bazar-i-tatranska-lomnica","imagesUrls":["https://img.nehnutelnosti.sk/foto/NjAweDMzOC9maWx0ZXJzOnF1YWxpdHkoMTAwKS9uZWg=/YbhLja8yG2_fss?st=96kNu92_NLUdN-ea_TiErMqUTtRMy9OQQq9vKOanQ1U&ts=1726491764&e=0"]},{"title":"Predaj 2 izbový byt, 1.poschodie, 49 m2, obytný dom z r. 1998, Nitra- Klokočina, rekonštrukcia ,balk","address":"Na Hôrke, Nitra, okres Nitra","rooms":2,"meters":49,"totalPrice":104999,"meterSquarePrice":4,"link":"https://www.nehnutelnosti.sk/detail/JuhQR4AruNJ/predaj-2-izbovy-byt-1-poschodie-49-m2-obytny-dom-z-r-1998-nitra-klokocina-rekonstrukcia-balk","imagesUrls":["https://img.unitedclassifieds.sk/foto/NjAweDMzOC9maWx0ZXJzOnF1YWxpdHkoMTAwKS9qdWw=/6fJmWAjYM_fss?st=mOLyzXXGgTENB_9vzkz__lL5IoGsYXw_aD1syOk_dKo&ts=1698047896&e=0"]},{"title":"Predaj 3-izbový byt,  Nitra-Lužianky 74 m2, vlastné parkovanie, pivnica, podiel na pozemku, Exkluzív","address":"Lužianky, okres Nitra","rooms":3,"meters":74,"totalPrice":129989,"meterSquarePrice":1,"link":"https://www.nehnutelnosti.sk/detail/JunE8Hiyvow/predaj-3-izbovy-byt-nitra-luzianky-74-m2-vlastne-parkovanie-pivnica-podiel-na-pozemku-exkluziv","imagesUrls":["https://img.unitedclassifieds.sk/foto/NjAweDMzOC9maWx0ZXJzOnF1YWxpdHkoMTAwKS9qdWw=/PK5Ru-CRe_fss?st=wSqwIe14yKNJqRS5djJ8AqL1x6ZQqS4dWvsE8nP6GCI&ts=1720975879&e=0"]},{"title":"Predaj 2- izbový byt 55 m2, Nitra- Klokočina, loggia, 4p., rekonštrukcia, Exkluzívne","address":"Kmeťova, Nitra, okres Nitra","rooms":2,"meters":55,"totalPrice":114989,"meterSquarePrice":1,"link":"https://www.nehnutelnosti.sk/detail/Jurk16VG-cQ/predaj-2-izbovy-byt-55-m2-nitra-klokocina-loggia-4p-rekonstrukcia-exkluzivne","imagesUrls":["https://img.unitedclassifieds.sk/foto/NjAweDMzOC9maWx0ZXJzOnF1YWxpdHkoMTAwKS9qdWw=/bmmL4sL1H_fss?st=THgNpvm_ZukO47sSZRjCwZx-FpfK95h8gEu1LDaGMr8&ts=1710516223&e=0"]}]