[{"title":"REZERVOVANÝ Tehlový dvojizbový byt 67 m2 v centre mesta Zvolen","address":"Zvolen, okres Zvolen","rooms":2,"meters":53,"totalPrice":124900,"meterSquarePrice":0,"link":"https://www.nehnutelnosti.sk/detail/Jun6GE5BFxc/rezervovany-tehlovy-dvojizbovy-byt-67-m2-v-centre-mesta-zvolen","imagesUrls":["https://img.unitedclassifieds.sk/foto/NjAweDMzOC9maWx0ZXJzOnF1YWxpdHkoMTAwKS9qdWw=/4NJkORnMJ_fss?st=C6eEpGCZu9IhWde8yxMtH7tLZjrrCoxyckmjPPJG0a4&ts=1721297376&e=0"]},{"title":"3 izbový byt 77 m2  Zvolen centrum na predaj","address":"Študentská, Zvolen, okres Zvolen","rooms":3,"meters":77,"totalPrice":null,"meterSquarePrice":null,"link":"https://www.nehnutelnosti.sk/detail/JumURd1uGp-/3-izbovy-byt-77-m2-zvolen-centrum-na-predaj","imagesUrls":["https://img.unitedclassifieds.sk/foto/NjAweDMzOC9maWx0ZXJzOnF1YWxpdHkoMTAwKS9qdWw=/vqjhBoSaP_fss?st=ppghNI-SuZNRXT_U366Qx_-YtWMS0s4alS4_3HTl594&ts=1716807641&e=0"]},{"title":"3 izbový byt Košuty 2","address":"Nezadana, Martin, okres Martin","rooms":3,"meters":67,"totalPrice":128000,"meterSquarePrice":5,"link":"https://www.nehnutelnosti.sk/detail/JuVSFBQEOCt/3-izbovy-byt-kosuty-2","imagesUrls":["https://img.nehnutelnosti.sk/foto/NjAweDMzOC9maWx0ZXJzOnF1YWxpdHkoMTAwKS9uZWg=/diWOlVA-91_fss?st=NW9JxIEbzQeg8zqPyJUc-SpUXZAdJjD4g3GVee3sI_I&ts=1725908503&e=0"]},{"title":"Veľmi pekný 4 - izbový byt v Záturčí.","address":"Nezadana, Martin, okres Martin","rooms":4,"meters":90,"totalPrice":145000,"meterSquarePrice":1,"link":"https://www.nehnutelnosti.sk/detail/JuGdUEiX64F/velmi-pekny-4-izbovy-byt-v-zaturci","imagesUrls":["https://img.nehnutelnosti.sk/foto/NjAweDMzOC9maWx0ZXJzOnF1YWxpdHkoMTAwKS9uZWg=/8W2RfbY29_fss?st=ZiLJZYZ8P3Rro2wdeexc5ZXEqG0bsfhHFeITq_GsfoY&ts=1706467554&e=0"]},{"title":"1 - izbový byt v Jahodníkoch. Exkluzívne","address":"Nezadana, Martin, okres Martin","rooms":1,"meters":31,"totalPrice":74500,"meterSquarePrice":3,"link":"https://www.nehnutelnosti.sk/detail/Ju5Mw8vRULS/1-izbovy-byt-v-jahodnikoch-exkluzivne","imagesUrls":["https://img.nehnutelnosti.sk/foto/NjAweDMzOC9maWx0ZXJzOnF1YWxpdHkoMTAwKS9uZWg=/hRBVSaLMV_fss?st=pyzqk4t51RKMATuTqes6QfLw9OUzvSAqQd8tv24p2YU&ts=1725910775&e=0"]},{"title":"Exkluzívne 2 izbový byt s balkónom 50 m2 Zvolen - ZLATÝ POTOK","address":"Zvolen, okres Zvolen","rooms":2,"meters":50,"totalPrice":109900,"meterSquarePrice":0,"link":"https://www.nehnutelnosti.sk/detail/JuJhKk2q5G6/exkluzivne-2-izbovy-byt-s-balkonom-50-m2-zvolen-zlaty-potok","imagesUrls":["https://img.unitedclassifieds.sk/foto/NjAweDMzOC9maWx0ZXJzOnF1YWxpdHkoMTAwKS9qdWw=/qeG9S1A-Z_fss?st=qRMwc8j7LclAHU7BD7vYOFesPPGeqMRlr9-VbJp7gN8&ts=1722948253&e=0"]},{"title":"3 izbový byt centrum Krupina na predaj,  116 m2","address":"M. R. Štefánika, Krupina, okres Krupina","rooms":3,"meters":116,"totalPrice":145000,"meterSquarePrice":0,"link":"https://www.nehnutelnosti.sk/detail/JugXUNc2MxQ/3-izbovy-byt-centrum-krupina-na-predaj-116-m2","imagesUrls":["https://img.unitedclassifieds.sk/foto/NjAweDMzOC9maWx0ZXJzOnF1YWxpdHkoMTAwKS9qdWw=/20lXOxqvt_fss?st=HR5Sich0KuKZqsjmAfWrso1-6zsLfOcrtGgzL3R5uKM&ts=1725272528&e=0"]},{"title":"2,5 izbový byt 65m2 lodžia výťah Zvolen Zlatý Potok","address":"A. Hlinku, Zvolen, okres Zvolen","rooms":2,"meters":63,"totalPrice":138000,"meterSquarePrice":8,"link":"https://www.nehnutelnosti.sk/detail/Jubx8EbgPOu/2-5-izbovy-byt-65m2-lodzia-vytah-zvolen-zlaty-potok","imagesUrls":["https://img.unitedclassifieds.sk/foto/NjAweDMzOC9maWx0ZXJzOnF1YWxpdHkoMTAwKS9qdWw=/mxPFHciyH_fss?st=eQvrH--YshtAzHhsns4GML9ube4I7AjJHOadOpYhNCA&ts=1722932791&e=0"]},{"title":"3 IZBOVÝ BYT S VYNIMOČNÝMI PARAMETRAMI, KOŠICE - TERASA","address":"Košice II - Západ, okres Košice","rooms":3,"meters":80,"totalPrice":385000,"meterSquarePrice":0,"link":"https://www.nehnutelnosti.sk/detail/JuEslFKFSe1/3-izbovy-byt-s-vynimocnymi-parametrami-kosice-terasa","imagesUrls":["https://img.nehnutelnosti.sk/foto/NjAweDMzOC9maWx0ZXJzOnF1YWxpdHkoMTAwKS9uZWg=/Appfj2V3F_fss?st=BXcVtaSRUg0DmJ1xOPAzYYh0GqDCCOB3_GBB1YixsoE&ts=1720701467&e=0"]},{"title":"PREDAJ 1,5 IZBOVÉHO BYTU NA TERASE","address":"Ružová, Košice II - Západ, okres Košice","rooms":2,"meters":41,"totalPrice":126990,"meterSquarePrice":2,"link":"https://www.nehnutelnosti.sk/detail/JuMoYxeWaas/predaj-1-5-izboveho-bytu-na-terase","imagesUrls":["https://img.nehnutelnosti.sk/foto/NjAweDMzOC9maWx0ZXJzOnF1YWxpdHkoMTAwKS9uZWg=/8h2DlprFB_fss?st=M-YZ6ddM7kvqDapJ18ey2gL6faOLDMOJ3jfZjdXre-w&ts=1717601247&e=0"]},{"title":"Na predaj Jedenapólizbový byt vo Zvolene, s balkónom v širšom Centre.","address":"J.Jesenského, Zvolen, okres Zvolen","rooms":1,"meters":42,"totalPrice":88000,"meterSquarePrice":4,"link":"https://www.nehnutelnosti.sk/detail/Jur3m2S_kFY/na-predaj-jedenapolizbovy-byt-vo-zvolene-s-balkonom-v-sirsom-centre","imagesUrls":["https://img.unitedclassifieds.sk/foto/NjAweDMzOC9maWx0ZXJzOnF1YWxpdHkoMTAwKS9yc2Y=/sZ6MfDfgT_fss?st=nd4oVb4Humks-qgPtu9ozQH2vtX9EBCgvebpKdVB90Y&ts=1687438448&e=0"]},{"title":"Na predaj Jednoizbový byt,  v blízkosti Centra, Zvolen","address":"J. Jesenského, Zvolen, okres Zvolen","rooms":1,"meters":30,"totalPrice":78000,"meterSquarePrice":0,"link":"https://www.nehnutelnosti.sk/detail/Ju45C82tO0Y/na-predaj-jednoizbovy-byt-v-blizkosti-centra-zvolen","imagesUrls":["https://img.unitedclassifieds.sk/foto/NjAweDMzOC9maWx0ZXJzOnF1YWxpdHkoMTAwKS9qdWw=/wgUL7BD17_fss?st=CK9H6bxYc2vsimBzwfcg6zOBNFZka6KuwTquYU0mtSg&ts=1721825326&e=0"]},{"title":"Na predaj 2  - byt, Zvolen s balkónom , krásnym výhľadom na Zvolen a Pustý hrad, 8 min. od Centra Zv","address":"Jesenského, Zvolen, okres Zvolen","rooms":2,"meters":55,"totalPrice":99000,"meterSquarePrice":0,"link":"https://www.nehnutelnosti.sk/detail/Juc-fMgUaLW/na-predaj-2-byt-zvolen-s-balkonom-krasnym-vyhladom-na-zvolen-a-pusty-hrad-8-min-od-centra-zv","imagesUrls":["https://img.unitedclassifieds.sk/foto/NjAweDMzOC9maWx0ZXJzOnF1YWxpdHkoMTAwKS9yc2Y=/hOYzKTznG_fss?st=c3TmqbFO7OsRA8czYIEvjpKn8BVaeCgsPV01_wDktKA&ts=1670677622&e=0"]},{"title":"Na predaj 2 izbový byt po kompletnej rekonštrukcii","address":"Tehelná, Trnava, okres Trnava","rooms":2,"meters":32,"totalPrice":119990,"meterSquarePrice":2,"link":"https://www.nehnutelnosti.sk/detail/Ju1HCuWW0JH/na-predaj-2-izbovy-byt-po-kompletnej-rekonstrukcii","imagesUrls":["https://img.nehnutelnosti.sk/foto/NjAweDMzOC9maWx0ZXJzOnF1YWxpdHkoMTAwKS9uZWg=/XJkkBU9MLZ_fss?st=w9kKJBkqJTB7Lb6mAL9b2hdw3P1GUShMHT_wx0yTbBo&ts=1726824102&e=0"]},{"title":"Pekný zrekonštruovaný 2+1 izb. byt – Handlová, Mierové námestie","address":"Mierové námestie, Handlová, okres Prievidza","rooms":2,"meters":60,"totalPrice":59500,"meterSquarePrice":7,"link":"https://www.nehnutelnosti.sk/detail/Ju1ntqWmQ93/pekny-zrekonstruovany-2-1-izb-byt-handlova-mierove-namestie","imagesUrls":["https://img.unitedclassifieds.sk/foto/NjAweDMzOC9maWx0ZXJzOnF1YWxpdHkoMTAwKS9qdWw=/r8Sb5Z-lV_fss?st=caqvG1jbTCmu8yzWdKAxiH0brPM7L7A1n8otdholWYw&ts=1726477064&e=0"]},{"title":"Moderný 2izb, ul.Na Zlatej nohe, 71m2, parking, klimatizácia, pekný výhľad, bezbariérový vstup","address":"Na Zlatej nohe, Bratislava III - Nové Mesto, okres Bratislava","rooms":2,"meters":71,"totalPrice":286000,"meterSquarePrice":7,"link":"https://www.nehnutelnosti.sk/detail/JuxPKkv4JcXP/moderny-2izb-ul-na-zlatej-nohe-71m2-parking-klimatizacia-pekny-vyhlad-bezbarierovy-vstup","imagesUrls":["https://img.nehnutelnosti.sk/foto/NjAweDMzOC9maWx0ZXJzOnF1YWxpdHkoMTAwKS9uZWg=/dEqUcYVnU_fss?st=fwwOBuCU3F0DAPOOE5f0Cinm1RUPbp7XFZxigsqtTzQ&ts=1726484628&e=0"]},{"title":"3izb, Súmračná, 82m2, loggia, pekný výhľad, možnosť prerobiť na 4izb","address":"Súmračná, Bratislava II - Ružinov, okres Bratislava","rooms":3,"meters":82,"totalPrice":229000,"meterSquarePrice":8,"link":"https://www.nehnutelnosti.sk/detail/JutLmzBSZvz/3izb-sumracna-82m2-loggia-pekny-vyhlad-moznost-prerobit-na-4izb","imagesUrls":["https://img.nehnutelnosti.sk/foto/NjAweDMzOC9maWx0ZXJzOnF1YWxpdHkoMTAwKS9uZWg=/4H7sJN4zR_fss?st=mgrJmct7bQg3A9uyP4aikANel0dmXSFJh4IS7eTcZlk&ts=1726484652&e=0"]},{"title":"4izb, Uránová, zvýš.príz, 83m2, tehla, park, pôvodný stav","address":"Uránová, Bratislava II - Ružinov, okres Bratislava","rooms":4,"meters":82,"totalPrice":225000,"meterSquarePrice":1,"link":"https://www.nehnutelnosti.sk/detail/JuJBXn4wXVA/4izb-uranova-zvys-priz-83m2-tehla-park-povodny-stav","imagesUrls":["https://img.nehnutelnosti.sk/foto/NjAweDMzOC9maWx0ZXJzOnF1YWxpdHkoMTAwKS9uZWg=/gjMPdM4gKq_fss?st=RBTYCcfMCTETjxsN7k9vF7Xax7OYzJPgg2JvW4oYNvo&ts=1726772857&e=0"]},{"title":"3izb, Záhrebska, 48m2, p. 4/4,klimatizácia, po rekonštrukcii, tehla,","address":"Záhrebská, Bratislava I - Staré Mesto, okres Bratislava","rooms":3,"meters":48,"totalPrice":249900,"meterSquarePrice":5,"link":"https://www.nehnutelnosti.sk/detail/Ju2lmjsH-3C/3izb-zahrebska-48m2-p-4-4-klimatizacia-po-rekonstrukcii-tehla","imagesUrls":["https://img.nehnutelnosti.sk/foto/NjAweDMzOC9maWx0ZXJzOnF1YWxpdHkoMTAwKS9uZWg=/0uFc-Jj_K_fss?st=dWvFsA98WYEU4-rMl_l95k6rwSqMnKaILz7fGyFd1AY&ts=1726484674&e=0"]},{"title":"4izb, Uránová, zvýš.príz, 83m2, tehla, park, pôvodný stav","address":"Uránová, Bratislava II - Ružinov, okres Bratislava","rooms":3,"meters":82,"totalPrice":225000,"meterSquarePrice":1,"link":"https://www.nehnutelnosti.sk/detail/JuEORzAFHSL/4izb-uranova-zvys-priz-83m2-tehla-park-povodny-stav","imagesUrls":["https://img.nehnutelnosti.sk/foto/NjAweDMzOC9maWx0ZXJzOnF1YWxpdHkoMTAwKS9uZWg=/wvMltr3z7g_fss?st=kX__YcpHw1Lq31oibtbi3lTmLKzdgYXkmUJAYNwzKkA&ts=1726772859&e=0"]},{"title":"3izb, Súmračná, 82m2, loggia, pekný výhľad, možnosť prerobiť na 4izb","address":"Súmračná, Bratislava II - Ružinov, okres Bratislava","rooms":3,"meters":82,"totalPrice":229000,"meterSquarePrice":8,"link":"https://www.nehnutelnosti.sk/detail/JuUi3OMtUHGr/3izb-sumracna-82m2-loggia-pekny-vyhlad-moznost-prerobit-na-4izb","imagesUrls":["https://img.nehnutelnosti.sk/foto/NjAweDMzOC9maWx0ZXJzOnF1YWxpdHkoMTAwKS9uZWg=/N6Ss3sPNT_fss?st=rk1-IWcBxta2pq6RxYYUXflDW-8-_zz0vAESeehXm1I&ts=1726484658&e=0"]},{"title":"3izb, Lenardova,p. 4/12, 70m2, park, korzo, 2x rolldor","address":"Lenardova, Bratislava V - Petržalka, okres Bratislava","rooms":3,"meters":70,"totalPrice":220000,"meterSquarePrice":6,"link":"https://www.nehnutelnosti.sk/detail/JuWdwZyI7DW/3izb-lenardova-p-4-12-70m2-park-korzo-2x-rolldor","imagesUrls":["https://img.nehnutelnosti.sk/foto/NjAweDMzOC9maWx0ZXJzOnF1YWxpdHkoMTAwKS9uZWg=/piDLrvGSn_fss?st=gGH92rWsxyuzKMlyEhDqEqSZklAoyB8GMho4z04L3N0&ts=1726484681&e=0"]},{"title":"Moderný 3izb. Haanova, 86m2,bezbarierový, kompletná rekonštrukcia","address":"Haanova, Bratislava V - Petržalka, okres Bratislava","rooms":3,"meters":86,"totalPrice":241000,"meterSquarePrice":3,"link":"https://www.nehnutelnosti.sk/detail/JuiNYaB3Gwm/moderny-3izb-haanova-86m2-bezbarierovy-kompletna-rekonstrukcia","imagesUrls":["https://img.nehnutelnosti.sk/foto/NjAweDMzOC9maWx0ZXJzOnF1YWxpdHkoMTAwKS9uZWg=/HIU_SMp_-_fss?st=ZSfGGJ_y7d9HYQfmYRLVL9ak3bo3bowdiNMceHExiWs&ts=1726513224&e=0"]},{"title":"Moderný 3izb. Haanova, 86m2,bezbarierový, kompletná rekonštrukcia","address":"Haanova, Bratislava V - Petržalka, okres Bratislava","rooms":3,"meters":86,"totalPrice":241000,"meterSquarePrice":3,"link":"https://www.nehnutelnosti.sk/detail/JuY8H7xQbHd/moderny-3izb-haanova-86m2-bezbarierovy-kompletna-rekonstrukcia","imagesUrls":["https://img.nehnutelnosti.sk/foto/NjAweDMzOC9maWx0ZXJzOnF1YWxpdHkoMTAwKS9uZWg=/e4yCAQtZob_fss?st=1q_IQrs5Dnp1SSp3_Z4ZpGBP44Iwji9_myGpYs8vp-Q&ts=1726484661&e=0"]},{"title":"Modrný 4izb, byt/dom, 2podlažný, novostavba, ''B'' certifikát, pozemok 2,5á, tichá slepá ulica","address":"Zohor, Stupava, okres Malacky","rooms":4,"meters":99,"totalPrice":249900,"meterSquarePrice":4,"link":"https://www.nehnutelnosti.sk/detail/Ju1AhavrwR6/modrny-4izb-byt-dom-2podlazny-novostavba-b-certifikat-pozemok-2-5a-ticha-slepa-ulica","imagesUrls":["https://img.nehnutelnosti.sk/foto/NjAweDMzOC9maWx0ZXJzOnF1YWxpdHkoMTAwKS9uZWg=/gcOcpzkeL_fss?st=cdiZ3Aejk1UiGJ2neXgXkc4Qp7kEYp-A20H7t1ipDqM&ts=1726483771&e=0"]},{"title":"4izb, Šášovská, 87m2, p. 2/8, park, slepá ulica, po rekonštrukcii, vyhľadávaná dispozícia","address":"Šášovská, Bratislava V - Petržalka, okres Bratislava","rooms":3,"meters":87,"totalPrice":234900,"meterSquarePrice":0,"link":"https://www.nehnutelnosti.sk/detail/JuibQjk10h_/4izb-sasovska-87m2-p-2-8-park-slepa-ulica-po-rekonstrukcii-vyhladavana-dispozicia","imagesUrls":["https://img.nehnutelnosti.sk/foto/NjAweDMzOC9maWx0ZXJzOnF1YWxpdHkoMTAwKS9uZWg=/t7xs1hroK_fss?st=5X8g11ARNl9cY7GPCmsP3QHAHw2gdHiY_N6DTv-2a4o&ts=1726484611&e=0"]},{"title":"4izb, Šášovská, 87m2, p. 2/8, park, slepá ulica, po rekonštrukcii, vyhľadávaná dispozícia","address":"Šášovská, Bratislava V - Petržalka, okres Bratislava","rooms":4,"meters":87,"totalPrice":234900,"meterSquarePrice":0,"link":"https://www.nehnutelnosti.sk/detail/JuhbhjrvBs8I/4izb-sasovska-87m2-p-2-8-park-slepa-ulica-po-rekonstrukcii-vyhladavana-dispozicia","imagesUrls":["https://img.nehnutelnosti.sk/foto/NjAweDMzOC9maWx0ZXJzOnF1YWxpdHkoMTAwKS9uZWg=/5Gc_GOTfN_fss?st=9sQg8T1uLNgUNfCzy-nq83JEikYIJ7-FvnD75Vhv47Y&ts=1726484618&e=0"]},{"title":"Modrný 4izb, byt/dom, 2podlažný, novostavba, ''B'' certifikát, pozemok 2,5á, tichá slepá ulica","address":"Fialkova, Zohor, okres Malacky","rooms":4,"meters":99,"totalPrice":249900,"meterSquarePrice":4,"link":"https://www.nehnutelnosti.sk/detail/JuTY3dhXXlB/modrny-4izb-byt-dom-2podlazny-novostavba-b-certifikat-pozemok-2-5a-ticha-slepa-ulica","imagesUrls":["https://img.nehnutelnosti.sk/foto/NjAweDMzOC9maWx0ZXJzOnF1YWxpdHkoMTAwKS9uZWg=/EtlD0WY2i_fss?st=rOmV5A8vdhdbDZrfyvjqIOZZLMyoSA8ML5qdQPKJw9Q&ts=1726483765&e=0"]},{"title":"PRENÁJOM/ Opatovce nad Nitrou/ byt 1+ kk/ v Rodinnom dome","address":"Opatovce nad Nitrou, okres Prievidza","rooms":null,"meters":28,"totalPrice":280,"meterSquarePrice":0,"link":"https://www.nehnutelnosti.sk/detail/Ju9U2jv-kY6/prenajom-opatovce-nad-nitrou-byt-1-kk-v-rodinnom-dome","imagesUrls":["https://img.nehnutelnosti.sk/foto/NjAweDMzOC9maWx0ZXJzOnF1YWxpdHkoMTAwKS9uZWg=/7e9BBUcWsn_fss?st=PmbyyJnIzTATZQY1-RdhtsC1qjrjw4SgPi5V9zgv1v8&ts=1698308140&e=0"]},{"title":"Výrazne znížená cena !!! Krásny 2 - izbový byt vo Svite s výhľadom na Vysoké Tatry  na predaj !!","address":"Jilemnického, Svit, okres Poprad","rooms":2,"meters":null,"totalPrice":117900,"meterSquarePrice":1,"link":"https://www.nehnutelnosti.sk/detail/JutcUOBj1IU/vyrazne-znizena-cena-krasny-2-izbovy-byt-vo-svite-s-vyhladom-na-vysoke-tatry-na-predaj","imagesUrls":["https://img.nehnutelnosti.sk/foto/NjAweDMzOC9maWx0ZXJzOnF1YWxpdHkoMTAwKS9uZWg=/93prRmQVpZ_fss?st=_LXwAMZr3ArsALMIV6SGUIUJNUlTXdmi_ZnpSIoOrdc&ts=1721977786&e=0"]}]