[{"title":"Exkluzívne 2 izbový byt, 88m2, Zimná ul., Spišská Nová Ves","address":"Zimná, Spišská Nová Ves, okres Spišská Nová Ves","rooms":2,"meters":null,"totalPrice":null,"meterSquarePrice":null,"link":"https://www.nehnutelnosti.sk/detail/JuaKGRd5IL4/exkluzivne-2-izbovy-byt-88m2-zimna-ul-spisska-nova-ves","imagesUrls":["https://img.nehnutelnosti.sk/foto/NjAweDMzOC9maWx0ZXJzOnF1YWxpdHkoMTAwKS9uZWg=/FCgus1Wi6_fss?st=AThB8zX3zI24ym6_pSrDx7vUIZxzQ6jejtlEkz5Nf7g&ts=1726933590&e=0"]},{"title":"Exkluzívne 2 izbový apartmán s balkónom, 51m2, Zimná ul., Sp. Nová Ves","address":"Zimná, Spišská Nová Ves, okres Spišská Nová Ves","rooms":2,"meters":null,"totalPrice":null,"meterSquarePrice":null,"link":"https://www.nehnutelnosti.sk/detail/JuS5nAWDqF4/exkluzivne-2-izbovy-apartman-s-balkonom-51m2-zimna-ul-sp-nova-ves","imagesUrls":["https://img.nehnutelnosti.sk/foto/NjAweDMzOC9maWx0ZXJzOnF1YWxpdHkoMTAwKS9uZWg=/AdqZEEaFZU_fss?st=hsI2zpluEERxxcbAd6xUaK2QhhgEBqvDeV70uCzvP5k&ts=1717603833&e=0"]},{"title":"Exkluzívne 3i byt s loggiou, sídl. Mier, Spišská Nová Ves","address":"Krčméryho, Spišská Nová Ves, okres Spišská Nová Ves","rooms":3,"meters":null,"totalPrice":null,"meterSquarePrice":null,"link":"https://www.nehnutelnosti.sk/detail/Ju4zAJL8gcb/exkluzivne-3i-byt-s-loggiou-sidl-mier-spisska-nova-ves","imagesUrls":["https://img.nehnutelnosti.sk/foto/NjAweDMzOC9maWx0ZXJzOnF1YWxpdHkoMTAwKS9uZWg=/f-VqMQTGje_fss?st=BJyi3D-Zuus1pGuww7U7A58UWYatOO9CMRH3_ViVmCU&ts=1724240993&e=0"]},{"title":"EXKLUZÍVNE 1 izbový byt s 2 loggiami, Trieda 1.mája, Spišská Nová Ves","address":"Trieda 1.mája, Spišská Nová Ves, okres Spišská Nová Ves","rooms":1,"meters":null,"totalPrice":null,"meterSquarePrice":null,"link":"https://www.nehnutelnosti.sk/detail/JuhyQ1xBVTq/exkluzivne-1-izbovy-byt-s-2-loggiami-trieda-1-maja-spisska-nova-ves","imagesUrls":["https://img.nehnutelnosti.sk/foto/NjAweDMzOC9maWx0ZXJzOnF1YWxpdHkoMTAwKS9uZWg=/LR_-yoNOx_fss?st=KAdZNkJKxolwztYtxdx9MMEkiU6RncKc9sOfyFKz3hE&ts=1725777163&e=0"]},{"title":"Exkluzívne 2 izbový byt , 83m2, Zimná ul., Spišská Nová Ves","address":"Zimná, Spišská Nová Ves, okres Spišská Nová Ves","rooms":2,"meters":83,"totalPrice":249000,"meterSquarePrice":0,"link":"https://www.nehnutelnosti.sk/detail/JuzxdvcVD04/exkluzivne-2-izbovy-byt-83m2-zimna-ul-spisska-nova-ves","imagesUrls":["https://img.nehnutelnosti.sk/foto/NjAweDMzOC9maWx0ZXJzOnF1YWxpdHkoMTAwKS9uZWg=/ftC2rKesq_fss?st=bQ8pO1qZz2Os0_CFltcuiChDDS90pEOZOiyNlHhfUus&ts=1717938201&e=0"]},{"title":"3 izbový byt, sídlisko Tarča, Spišská Nová Ves","address":"Dubová, Spišská Nová Ves, okres Spišská Nová Ves","rooms":3,"meters":68,"totalPrice":null,"meterSquarePrice":null,"link":"https://www.nehnutelnosti.sk/detail/JuaXkqo-S-q/3-izbovy-byt-sidlisko-tarca-spisska-nova-ves","imagesUrls":["https://img.nehnutelnosti.sk/foto/NjAweDMzOC9maWx0ZXJzOnF1YWxpdHkoMTAwKS9uZWg=/tHiIyAB8w_fss?st=f-9bxL3xaGa1dlyo8pM5Xl8zj535rmSiTXcveBBOs8g&ts=1726210386&e=0"]},{"title":"PREDAJ - Kompletne prerobený zariadený 3 izbový byt na Rákocziho ul. v Komárne 2 minúty od centra","address":"Rákócziho, Komárno, okres Komárno","rooms":3,"meters":73,"totalPrice":116900,"meterSquarePrice":7,"link":"https://www.nehnutelnosti.sk/detail/Ju-ae_gy6Yf/predaj-kompletne-prerobeny-zariadeny-3-izbovy-byt-na-rakocziho-ul-v-komarne-2-minuty-od-centra","imagesUrls":["https://img.nehnutelnosti.sk/foto/NjAweDMzOC9maWx0ZXJzOnF1YWxpdHkoMTAwKS9uZWg=/ad_1H4ggA_fss?st=8nv2pCT8Qodf_KUhvIklFUm00vzaEix2zaBW4dge9fM&ts=1725909945&e=0"]},{"title":"Predaj - 4-izb byt po kompletnej rekonštrukcii v kľudnej časti mesta Šurany.","address":"Šurany, Šurany, okres Nové Zámky","rooms":4,"meters":103,"totalPrice":135000,"meterSquarePrice":8,"link":"https://www.nehnutelnosti.sk/detail/JuEKKw92gAP/predaj-4-izb-byt-po-kompletnej-rekonstrukcii-v-kludnej-casti-mesta-surany","imagesUrls":["https://img.nehnutelnosti.sk/foto/NjAweDMzOC9maWx0ZXJzOnF1YWxpdHkoMTAwKS9uZWg=/Nn-BQfl78_fss?st=jz9NW52doKKpX6bEXmu5WpkaQvM_jSigWt7ToOOrg-k&ts=1723728156&e=0"]},{"title":"PREDAJ - Kompletne prerobený zariadený 3 izbový byt na Rákocziho ul. v Komárne 2 minúty od centra","address":"centrum, Komárno, okres Komárno","rooms":3,"meters":73,"totalPrice":116900,"meterSquarePrice":7,"link":"https://www.nehnutelnosti.sk/detail/JugiaETU4cV/predaj-kompletne-prerobeny-zariadeny-3-izbovy-byt-na-rakocziho-ul-v-komarne-2-minuty-od-centra","imagesUrls":["https://img.nehnutelnosti.sk/foto/NjAweDMzOC9maWx0ZXJzOnF1YWxpdHkoMTAwKS9uZWg=/kU8puF9e2o_fss?st=Ej8CHn8U476ialFpAT6-_Md9rTacVTKX7WbjVo8FIdI&ts=1723395753&e=0"]},{"title":"EXKLUZÍVNY PREDAJ! Kompletne prerobený veľký 3 izbový byt na VII. sídlisku v Komárne DOHODA MOZNA!","address":"VII.sídlisko, Komárno, okres Komárno","rooms":3,"meters":85,"totalPrice":95000,"meterSquarePrice":5,"link":"https://www.nehnutelnosti.sk/detail/Ju4Tv1YZA1R/exkluzivny-predaj-kompletne-prerobeny-velky-3-izbovy-byt-na-vii-sidlisku-v-komarne-dohoda-mozna","imagesUrls":["https://img.nehnutelnosti.sk/foto/NjAweDMzOC9maWx0ZXJzOnF1YWxpdHkoMTAwKS9uZWg=/t57ORxVydY_fss?st=-KqJjXvdh1Xq7hqycQ43l530bTSPyqtLB1BLj4PXHKc&ts=1723391229&e=0"]},{"title":"1 izbový byt na predaj v  Nových Zámkoch.","address":"Nové Zámky, Nové Zámky, okres Nové Zámky","rooms":1,"meters":46,"totalPrice":71000,"meterSquarePrice":8,"link":"https://www.nehnutelnosti.sk/detail/JuHmDQQwk6L/1-izbovy-byt-na-predaj-v-novych-zamkoch","imagesUrls":["https://img.nehnutelnosti.sk/foto/NjAweDMzOC9maWx0ZXJzOnF1YWxpdHkoMTAwKS9uZWg=/L3cuOL8Xgq_fss?st=i0oC1zzH9Sj85wzkbvjHgaeVUXei7HbwVCPqxEMb-Y4&ts=1721052027&e=0"]},{"title":"Štúrovo ponúkame na predaj 4 - izbový byt + GARÁŽ.","address":"Štúrovo, okres Nové Zámky","rooms":4,"meters":82,"totalPrice":130000,"meterSquarePrice":7,"link":"https://www.nehnutelnosti.sk/detail/Ju9WjqOQ9cP/sturovo-ponukame-na-predaj-4-izbovy-byt-garaz","imagesUrls":[]},{"title":"EXKLUZÍVNY PREDAJ - Kompletne prerobený a zariadený 2 izbový tehlový byt s balkónom a vlastným kúren","address":"E. B. Lukáča, Komárno, okres Komárno","rooms":2,"meters":53,"totalPrice":82500,"meterSquarePrice":0,"link":"https://www.nehnutelnosti.sk/detail/JuY0NBxn5hH/exkluzivny-predaj-kompletne-prerobeny-a-zariadeny-2-izbovy-tehlovy-byt-s-balkonom-a-vlastnym-kuren","imagesUrls":["https://img.nehnutelnosti.sk/foto/NjAweDMzOC9maWx0ZXJzOnF1YWxpdHkoMTAwKS9uZWg=/TpvoE_EZVc_fss?st=R1-ou5XAHLCs3dy5IF-xS0llqjnXK-r7f0-vcHZQi5Y&ts=1721853190&e=0"]},{"title":"PREDAJ - Čiastočne prerobený 3 izbový byt s loggiou v Komárne","address":"Komárno, Komárno, okres Komárno","rooms":3,"meters":68,"totalPrice":74990,"meterSquarePrice":9,"link":"https://www.nehnutelnosti.sk/detail/JukKqugzg6O/predaj-ciastocne-prerobeny-3-izbovy-byt-s-loggiou-v-komarne","imagesUrls":["https://img.nehnutelnosti.sk/foto/NjAweDMzOC9maWx0ZXJzOnF1YWxpdHkoMTAwKS9uZWg=/4lyUBdKH0_fss?st=cl1AcsvAyI6nJaanTZDFEjO1bbnFmPsYUvwpUiH3lAc&ts=1719763311&e=0"]},{"title":"PREDAJ - Prerobená garzónka na VII. sídlisku v Komárne","address":"VII. sídlisko, Komárno, okres Komárno","rooms":null,"meters":26,"totalPrice":48500,"meterSquarePrice":8,"link":"https://www.nehnutelnosti.sk/detail/Ju1zJxIvuji/predaj-prerobena-garzonka-na-vii-sidlisku-v-komarne","imagesUrls":["https://img.nehnutelnosti.sk/foto/NjAweDMzOC9maWx0ZXJzOnF1YWxpdHkoMTAwKS9uZWg=/S3Oky5uvh_fss?st=jt7MRV2Ex5rSqEE0kolWwQxoRYN31mXzbF6vNMKyG3Y&ts=1720414880&e=0"]},{"title":"Na predaj GARSONKA na ul. Nábrežná v Nových Zámkoch","address":"Nábrežná, Nové Zámky, okres Nové Zámky","rooms":null,"meters":20,"totalPrice":52000,"meterSquarePrice":0,"link":"https://www.nehnutelnosti.sk/detail/JuuPPIB0lTy/na-predaj-garsonka-na-ul-nabrezna-v-novych-zamkoch","imagesUrls":["https://img.nehnutelnosti.sk/foto/NjAweDMzOC9maWx0ZXJzOnF1YWxpdHkoMTAwKS9uZWg=/JSHgrzGCj_fss?st=eEY2v0G0JKWpOdpqR-Tfdy4fEkG3K8k2zLufth_4j8A&ts=1717750682&e=0"]},{"title":"1-izbový byt v Štúrove","address":"Bartókova, Štúrovo, okres Nové Zámky","rooms":1,"meters":42,"totalPrice":71000,"meterSquarePrice":8,"link":"https://www.nehnutelnosti.sk/detail/Ju824acOy4y/1-izbovy-byt-v-sturove","imagesUrls":["https://img.nehnutelnosti.sk/foto/NjAweDMzOC9maWx0ZXJzOnF1YWxpdHkoMTAwKS9uZWg=/oiRL4IX5c_fss?st=msNNUi3cy13R_mGZ78o3uHRbUrHSLqK5sh_vRegY6wg&ts=1715607665&e=0"]},{"title":"PREDAJ - Kompletne prerobený 2 izbový byt s loggiou hneď pri centre Komárna","address":"2 minúty od centra, Komárno, okres Komárno","rooms":2,"meters":52,"totalPrice":67000,"meterSquarePrice":6,"link":"https://www.nehnutelnosti.sk/detail/JuvPuFAlGDc/predaj-kompletne-prerobeny-2-izbovy-byt-s-loggiou-hned-pri-centre-komarna","imagesUrls":["https://img.nehnutelnosti.sk/foto/NjAweDMzOC9maWx0ZXJzOnF1YWxpdHkoMTAwKS9uZWg=/PPPqfWrzl_fss?st=Xn40QHbPcoQjffKPWYld0haKFO0eN9T3X-7PXCay4vg&ts=1714030534&e=0"]},{"title":"Garsónka na predaj v Nových Zámkoch Nábrežná ulica.","address":"Nové Zámky, Nové Zámky, okres Nové Zámky","rooms":null,"meters":null,"totalPrice":null,"meterSquarePrice":null,"link":"https://www.nehnutelnosti.sk/detail/JuCmtz4b8xM/garsonka-na-predaj-v-novych-zamkoch-nabrezna-ulica","imagesUrls":[]},{"title":"RPEDAJ - Prerobený 2 izbový tehlový byt na Zváračskej ulici v Komárne","address":"Zváračská, Komárno, okres Komárno","rooms":2,"meters":58,"totalPrice":62900,"meterSquarePrice":8,"link":"https://www.nehnutelnosti.sk/detail/JuxKKBRWX2g/rpedaj-prerobeny-2-izbovy-tehlovy-byt-na-zvaracskej-ulici-v-komarne","imagesUrls":["https://img.nehnutelnosti.sk/foto/NjAweDMzOC9maWx0ZXJzOnF1YWxpdHkoMTAwKS9uZWg=/tL9VPVOWy_fss?st=tSrxuPdvy0hb5Y33VqDZMcXDpFCXrz6dotnIj8rwv10&ts=1713257449&e=0"]},{"title":"Ponúkame na predaj 3 - izbový byt v obci Gbelce.","address":"Gbelce, okres Nové Zámky","rooms":3,"meters":62,"totalPrice":62000,"meterSquarePrice":0,"link":"https://www.nehnutelnosti.sk/detail/JuH7MApdMK_/ponukame-na-predaj-3-izbovy-byt-v-obci-gbelce","imagesUrls":["https://img.nehnutelnosti.sk/foto/NjAweDMzOC9maWx0ZXJzOnF1YWxpdHkoMTAwKS9uZWg=/N5lEZVYZL_fss?st=-rIt2ydp-kJb-tA35UVqZz5xo8WXHV2OkbS82reoCoA&ts=1713294331&e=0"]},{"title":"3 izbový byt na predaj v Nových Zámkoch neďaleko tanice.","address":"Neďaleko stanice, Nové Zámky, okres Nové Zámky","rooms":2,"meters":67,"totalPrice":105000,"meterSquarePrice":6,"link":"https://www.nehnutelnosti.sk/detail/JuEtquq_gHG/3-izbovy-byt-na-predaj-v-novych-zamkoch-nedaleko-tanice","imagesUrls":["https://img.nehnutelnosti.sk/foto/NjAweDMzOC9maWx0ZXJzOnF1YWxpdHkoMTAwKS9uZWg=/n7DUjlGcl_fss?st=PLeC4i-S7bqx3qUpIxoXarCdSNet9GHgEhc6AdiOXN8&ts=1726131705&e=0"]},{"title":"PREDAJ - Čiastočne prerobená garsónka na  VII. sídlisku v Komárne","address":"VII.sídlisko, Komárno, okres Komárno","rooms":null,"meters":21,"totalPrice":39900,"meterSquarePrice":0,"link":"https://www.nehnutelnosti.sk/detail/JuV5RIIrsq_/predaj-ciastocne-prerobena-garsonka-na-vii-sidlisku-v-komarne","imagesUrls":["https://img.nehnutelnosti.sk/foto/NjAweDMzOC9maWx0ZXJzOnF1YWxpdHkoMTAwKS9uZWg=/tTNOG08jP7_fss?st=CZL6WqUb9_qfhuVmm1OBAo3xbcyCHoXDT_hzhM-MZb0&ts=1710192614&e=0"]},{"title":"PREDAJ - Čiastočne prerobená garsónka v centre Komárna","address":"centrum, Komárno, okres Komárno","rooms":null,"meters":20,"totalPrice":39900,"meterSquarePrice":5,"link":"https://www.nehnutelnosti.sk/detail/Juyg8x2W5xn/predaj-ciastocne-prerobena-garsonka-v-centre-komarna","imagesUrls":["https://img.nehnutelnosti.sk/foto/NjAweDMzOC9maWx0ZXJzOnF1YWxpdHkoMTAwKS9uZWg=/69JxM5IA1_fss?st=z-JNo_yZDsgrg5HBDY19DMMj1dYUPNbsV5_gMv7MUzg&ts=1710191041&e=0"]},{"title":"PREDAJ - Čiastočne prerobená garsónka na Komenského ul. v Komárne","address":"Komenského, Komárno, okres Komárno","rooms":null,"meters":20,"totalPrice":39900,"meterSquarePrice":5,"link":"https://www.nehnutelnosti.sk/detail/JuAxlNL0cqQ/predaj-ciastocne-prerobena-garsonka-na-komenskeho-ul-v-komarne","imagesUrls":["https://img.nehnutelnosti.sk/foto/NjAweDMzOC9maWx0ZXJzOnF1YWxpdHkoMTAwKS9uZWg=/jdXJ0UVPQ_fss?st=KegaKNtlbj7I6ikBVJs14etXBlP29V5rrsa5l8447hM&ts=1710190056&e=0"]},{"title":"PREDAJ - Čiastočne prerobená garsónka v centre Komárna","address":"Komenského, Komárno, okres Komárno","rooms":null,"meters":20,"totalPrice":39900,"meterSquarePrice":5,"link":"https://www.nehnutelnosti.sk/detail/JuAuO-Twx_b/predaj-ciastocne-prerobena-garsonka-v-centre-komarna","imagesUrls":["https://img.nehnutelnosti.sk/foto/NjAweDMzOC9maWx0ZXJzOnF1YWxpdHkoMTAwKS9uZWg=/13lCG-G4L_fss?st=xiFHOQ-btibHb3fnwqWIqpDKbEFeXCtzzQFQQfoPlUg&ts=1710188826&e=0"]},{"title":"PREDAJ - Čiastočne prerobená garsónka neďaleko centra v Komárne","address":"neďaleko centra, Komárno, okres Komárno","rooms":null,"meters":20,"totalPrice":39900,"meterSquarePrice":5,"link":"https://www.nehnutelnosti.sk/detail/JusszHa7YGx/predaj-ciastocne-prerobena-garsonka-nedaleko-centra-v-komarne","imagesUrls":["https://img.nehnutelnosti.sk/foto/NjAweDMzOC9maWx0ZXJzOnF1YWxpdHkoMTAwKS9uZWg=/ycwAprBzq_fss?st=EcTHNFpYzOFcNjTwVG3RFbrj1Gx17LCBoVb2OwlYPko&ts=1710192037&e=0"]},{"title":"2 izbový byt na predaj v Nových Zámkoch.","address":"Nové Zámky, Nové Zámky, okres Nové Zámky","rooms":2,"meters":75,"totalPrice":136500,"meterSquarePrice":3,"link":"https://www.nehnutelnosti.sk/detail/Juzwy9QHuFy/2-izbovy-byt-na-predaj-v-novych-zamkoch","imagesUrls":["https://img.nehnutelnosti.sk/foto/NjAweDMzOC9maWx0ZXJzOnF1YWxpdHkoMTAwKS9uZWg=/I1BMMCriN_fss?st=4lPzWSJxEBDWEX70QZstkOYrj4ZkYmB4SQMX0bm9ll4&ts=1723108240&e=0"]},{"title":"IBA U NÁS! PREDAJ - Kompletne prerobený veľký 3 izbový byt s loggiou a balkónom na VII. sídlisku v K","address":"VII.sídlisko, Komárno, okres Komárno","rooms":3,"meters":82,"totalPrice":95000,"meterSquarePrice":4,"link":"https://www.nehnutelnosti.sk/detail/JuBdplv0n1d/iba-u-nas-predaj-kompletne-prerobeny-velky-3-izbovy-byt-s-loggiou-a-balkonom-na-vii-sidlisku-v-k","imagesUrls":["https://img.nehnutelnosti.sk/foto/NjAweDMzOC9maWx0ZXJzOnF1YWxpdHkoMTAwKS9uZWg=/GrzhngNU6_fss?st=do2yetz4mHVoXvjGjfZeTj_D6oi0VJ9yno8kG2sLLbs&ts=1706552669&e=0"]},{"title":"Predáme  3 - izbový byt v Štúrove alebo vymeníme za malý 2- izbový byt v Štúrove.","address":"Štúrovo, okres Nové Zámky","rooms":3,"meters":60,"totalPrice":83000,"meterSquarePrice":3,"link":"https://www.nehnutelnosti.sk/detail/JuVpUm6PJEo/predame-3-izbovy-byt-v-sturove-alebo-vymenime-za-maly-2-izbovy-byt-v-sturove","imagesUrls":["https://img.nehnutelnosti.sk/foto/NjAweDMzOC9maWx0ZXJzOnF1YWxpdHkoMTAwKS9uZWg=/XgCVwIJme_fss?st=D5H-o8essk6vvkUoTM6jm2bHXf5CEtS-3WFY8NbtARM&ts=1704807988&e=0"]}]