[{"title":"ViP. Video. ÚŽASNÝ 3-IZBOVÝ BYT 74 m², , klíma, mur. jadro, Západ","address":"K. Šmidkého, Zvolen, okres Zvolen","rooms":3,"meters":74,"totalPrice":124997,"meterSquarePrice":5,"link":"https://www.nehnutelnosti.sk/detail/Ju1deaL0VhV/vip-video-uzasny-3-izbovy-byt-74-m-klima-mur-jadro-zapad","imagesUrls":["https://img.nehnutelnosti.sk/foto/NjAweDMzOC9maWx0ZXJzOnF1YWxpdHkoMTAwKS9uZWg=/Nax8HUbHx_fss?st=U8BfR76K5JfNDLFyCJeQpQLk777nGuFBmqT-N-f0lEk&ts=1725868681&e=0"]},{"title":"PREDAJ - 2 izbový byt s balkónom, Rožňava","address":"Sama Czabána, Rožňava, okres Rožňava","rooms":2,"meters":55,"totalPrice":73000,"meterSquarePrice":7,"link":"https://www.nehnutelnosti.sk/detail/JuN9WUkoV12/predaj-2-izbovy-byt-s-balkonom-roznava","imagesUrls":["https://img.nehnutelnosti.sk/foto/NjAweDMzOC9maWx0ZXJzOnF1YWxpdHkoMTAwKS9uZWg=/mWMz9U6FUA_fss?st=hCdvWqYJpz01E_VtO37mewyKSrXl8nFHRtp3iRTmzzo&ts=1726559346&e=0"]},{"title":"Predaj, priestranný trojizbový byt Senica, Robotnícka","address":"Robotnícka, Senica, okres Senica","rooms":3,"meters":76,"totalPrice":110000,"meterSquarePrice":3,"link":"https://www.nehnutelnosti.sk/detail/Ju8pAeOSpvK/predaj-priestranny-trojizbovy-byt-senica-robotnicka","imagesUrls":["https://img.nehnutelnosti.sk/foto/NjAweDMzOC9maWx0ZXJzOnF1YWxpdHkoMTAwKS9uZWg=/iH9kpj0Sy_fss?st=lj0-Owa4vKdfngHCTHExJjABYz8wb1ng3BjBpZzlgdM&ts=1704319479&e=0"]},{"title":"Predaj, veľký jednoizbový byt Senica","address":"Továrenská, Senica, okres Senica","rooms":1,"meters":42,"totalPrice":73000,"meterSquarePrice":0,"link":"https://www.nehnutelnosti.sk/detail/JuOzHaCAhgR/predaj-velky-jednoizbovy-byt-senica","imagesUrls":["https://img.nehnutelnosti.sk/foto/NjAweDMzOC9maWx0ZXJzOnF1YWxpdHkoMTAwKS9uZWg=/enTZN6mZIr_fss?st=nHnGt8CSnGKJKk6GmRteuIeaFo_egvHtmnxL7_Vh_Z4&ts=1724923956&e=0"]},{"title":"Predaj, jednoizbový byt Senica centrum","address":"Továrenská, Senica, okres Senica","rooms":1,"meters":35,"totalPrice":77000,"meterSquarePrice":1,"link":"https://www.nehnutelnosti.sk/detail/Ju7H_KJuVXo/predaj-jednoizbovy-byt-senica-centrum","imagesUrls":["https://img.nehnutelnosti.sk/foto/NjAweDMzOC9maWx0ZXJzOnF1YWxpdHkoMTAwKS9uZWg=/LKpA40TVg_fss?st=ypxn6hamkUqTBDpDB91-loIWPvKIxQio1PSkt4t9YJ0&ts=1725969125&e=0"]},{"title":"VEĽKÝ 1-IZBOVÝ BYT (43m2) S MOŽNOSŤOU REKONŠTRUKCIE NA 2-IZBOVÝ","address":"Gen. L. Svobodu, Senica, okres Senica","rooms":1,"meters":43,"totalPrice":null,"meterSquarePrice":null,"link":"https://www.nehnutelnosti.sk/detail/JuR-L4mv6wG/velky-1-izbovy-byt-43m2-s-moznostou-rekonstrukcie-na-2-izbovy","imagesUrls":["https://img.unitedclassifieds.sk/foto/NjAweDMzOC9maWx0ZXJzOnF1YWxpdHkoMTAwKS9yc2Y=/BDATKfBHBM_fss?st=V67pUI9Db3tMR_wf-Dwr9p6dSTVjD-Y30BJ-r4QvpNI&ts=1720340491&e=0"]},{"title":"NA PREDAJ GARSÓNKA S BALKÓNOM, 26 M2, HOLLÉHO ULICA, SENICA","address":"Hollého, Senica, okres Senica","rooms":null,"meters":26,"totalPrice":59000,"meterSquarePrice":3,"link":"https://www.nehnutelnosti.sk/detail/Ju2qLuxVLDB/na-predaj-garsonka-s-balkonom-26-m2-holleho-ulica-senica","imagesUrls":["https://img.unitedclassifieds.sk/foto/NjAweDMzOC9maWx0ZXJzOnF1YWxpdHkoMTAwKS9yc2Y=/sZfugfPOK_fss?st=KMBdod7ZiWY0qNAKST-KG1Jl_wr39d84VhpPAz5kNMM&ts=1720722687&e=0"]},{"title":"SVETLÝ 3 IZBOVÝ BYT V POKOJNEJ LOKALITE, LOGGIA, Ružová ulica, Senica","address":"Ružová, Senica, okres Senica","rooms":3,"meters":68,"totalPrice":119000,"meterSquarePrice":0,"link":"https://www.nehnutelnosti.sk/detail/Juui51FhccR/svetly-3-izbovy-byt-v-pokojnej-lokalite-loggia-ruzova-ulica-senica","imagesUrls":["https://img.unitedclassifieds.sk/foto/NjAweDMzOC9maWx0ZXJzOnF1YWxpdHkoMTAwKS9qdWw=/eWFixgEfq_fss?st=0eB6TduIPuZeEfD-adNFDmNyPxLZ9crn5N1XybqORzw&ts=1724773912&e=0"]},{"title":"Na predaj veľkometrážny 2 izbový byt s balkónom, 70m, Bottova ulica, Senica","address":"Bottová, Senica, okres Senica","rooms":2,"meters":70,"totalPrice":115000,"meterSquarePrice":6,"link":"https://www.nehnutelnosti.sk/detail/JublbQsu776/na-predaj-velkometrazny-2-izbovy-byt-s-balkonom-70m-bottova-ulica-senica","imagesUrls":["https://img.unitedclassifieds.sk/foto/NjAweDMzOC9maWx0ZXJzOnF1YWxpdHkoMTAwKS9qdWw=/Nkzqvsfe9_fss?st=9mBk5j7Dd8qMfGjFZbEh-HCurcBFYUqsvyus7imlXlc&ts=1726068601&e=0"]},{"title":"NA PREDAJ 2 IZBOVÝ BYT (59M) S LOGGIOU, UPRAVENÝ NA 3 IZB., SNP, SKALICA","address":"SNP, Skalica, okres Skalica","rooms":2,"meters":59,"totalPrice":123000,"meterSquarePrice":5,"link":"https://www.nehnutelnosti.sk/detail/JuqnrEtQTY2/na-predaj-2-izbovy-byt-59m-s-loggiou-upraveny-na-3-izb-snp-skalica","imagesUrls":["https://img.unitedclassifieds.sk/foto/NjAweDMzOC9maWx0ZXJzOnF1YWxpdHkoMTAwKS9yc2Y=/T_WsPdTAgY_fss?st=XIKK340ByA_MVDzrGmX5aMfVX8fSwfoPl0_sz0gfqxg&ts=1722447488&e=0"]},{"title":"NA PREDAJ 2 IZBOVÝ BYT V ZELENEJ LOKALITE, 54 M2, PALÁRIKOVA, SENICA","address":"Palárikova, Senica, okres Senica","rooms":2,"meters":54,"totalPrice":70000,"meterSquarePrice":6,"link":"https://www.nehnutelnosti.sk/detail/Ju_8YwLIyYL/na-predaj-2-izbovy-byt-v-zelenej-lokalite-54-m2-palarikova-senica","imagesUrls":["https://img.unitedclassifieds.sk/foto/NjAweDMzOC9maWx0ZXJzOnF1YWxpdHkoMTAwKS9yc2Y=/fJZqB9FF4_fss?st=hUEu-TczpDZKCzHYS1r4N9LNkQ0k9wJ1XESjECPEYT0&ts=1719297483&e=0"]},{"title":"Krásny 1,5 izbový byt v Karlovej Vsi, Silvánska ulica.","address":"Silvánska, Bratislava IV - Karlova Ves, okres Bratislava","rooms":1,"meters":40,"totalPrice":null,"meterSquarePrice":null,"link":"https://www.nehnutelnosti.sk/detail/Jucq3hfeIHA/krasny-1-5-izbovy-byt-v-karlovej-vsi-silvanska-ulica","imagesUrls":["https://img.unitedclassifieds.sk/foto/NjAweDMzOC9maWx0ZXJzOnF1YWxpdHkoMTAwKS9qdWw=/vDI7lvqpE_fss?st=mOfCxg4ClZnrdOPSZiRNGo61zGP6EfzNS1UVd--EdsE&ts=1709138001&e=0"]},{"title":"5 Izbový byt na Gunduličovej na predaj","address":"Gunduličova, Bratislava I - Staré Mesto, okres Bratislava","rooms":5,"meters":142,"totalPrice":null,"meterSquarePrice":null,"link":"https://www.nehnutelnosti.sk/detail/Jupl_81_jvb/5-izbovy-byt-na-gundulicovej-na-predaj","imagesUrls":["https://img.unitedclassifieds.sk/foto/NjAweDMzOC9maWx0ZXJzOnF1YWxpdHkoMTAwKS9qdWw=/tT77Biu32_fss?st=04c2Qw1c52bY-w4pWhNRKvXUnrMNo0tpVbypzL0Y1Pc&ts=1720680449&e=0"]},{"title":"AstonReal: REZERVOVANÉ  1-izbový byt 36m2, Spišská Nová Ves - Tarča","address":"Brezová, Spišská Nová Ves, okres Spišská Nová Ves","rooms":1,"meters":null,"totalPrice":null,"meterSquarePrice":null,"link":"https://www.nehnutelnosti.sk/detail/JufYzlvF1yD/astonreal-rezervovane-1-izbovy-byt-36m2-spisska-nova-ves-tarca","imagesUrls":["https://img.nehnutelnosti.sk/foto/NjAweDMzOC9maWx0ZXJzOnF1YWxpdHkoMTAwKS9uZWg=/tePjgYdFh_fss?st=dQvAvPO8pb4C83aNSEkS9w9pZ_21PBl0hqQKp5rN_8k&ts=1725973067&e=0"]},{"title":"Rezervované: 2-izbový byt, 50 m2, Valaská, okres Brezno, VOĽNÝ PREDAJO","address":"Švermova, Valaská, okres Brezno","rooms":2,"meters":50,"totalPrice":58000,"meterSquarePrice":0,"link":"https://www.nehnutelnosti.sk/detail/JubPCFzuEpm/rezervovane-2-izbovy-byt-50-m2-valaska-okres-brezno-volny-predajo","imagesUrls":["https://img.nehnutelnosti.sk/foto/NjAweDMzOC9maWx0ZXJzOnF1YWxpdHkoMTAwKS9uZWg=/hbqdlCfmB_fss?st=uZxwcr5jyqQhl58R6V9QEKieQ_FN9BJlG0qmPUaAmOs&ts=1723455246&e=0"]},{"title":"Predaj: 1-izb. byt s balkónom, 30 m2, prerobený, Martin-širšie centrum","address":"Sklabinská, Martin, okres Martin","rooms":1,"meters":30,"totalPrice":65000,"meterSquarePrice":7,"link":"https://www.nehnutelnosti.sk/detail/Ju2RlUIAgVQ/predaj-1-izb-byt-s-balkonom-30-m2-prerobeny-martin-sirsie-centrum","imagesUrls":["https://img.nehnutelnosti.sk/foto/NjAweDMzOC9maWx0ZXJzOnF1YWxpdHkoMTAwKS9uZWg=/YE2aD4PLnH_fss?st=RfcHjn_h5jEhKd4rZwfqHnxSbxEsrKFiznN175miM8s&ts=1725979849&e=0"]},{"title":"Novinka! 3-izbový byt - novostavba, Slnečnice Pop","address":"Bratislava V - Petržalka, okres Bratislava","rooms":3,"meters":72,"totalPrice":300000,"meterSquarePrice":7,"link":"https://www.nehnutelnosti.sk/detail/JuSSk4atNgE/novinka-3-izbovy-byt-novostavba-slnecnice-pop","imagesUrls":["https://img.nehnutelnosti.sk/foto/NjAweDMzOC9maWx0ZXJzOnF1YWxpdHkoMTAwKS9uZWg=/DVdXeMUCDa_fss?st=TGFbla3nqey4kq9NC86MN_zCye1bbAedLhTl3xQWYLM&ts=1725801666&e=0"]},{"title":"Slnečný 2,5 izbový byt, balkón, výťah, Banská Bystrica, Mládežnícka ul","address":"Mládežnícka, Banská Bystrica, okres Banská Bystrica","rooms":3,"meters":56,"totalPrice":139000,"meterSquarePrice":4,"link":"https://www.nehnutelnosti.sk/detail/JuUsqtZ18mI/slnecny-2-5-izbovy-byt-balkon-vytah-banska-bystrica-mladeznicka-ul","imagesUrls":["https://img.nehnutelnosti.sk/foto/NjAweDMzOC9maWx0ZXJzOnF1YWxpdHkoMTAwKS9uZWg=/OE3-F07DmL_fss?st=or92POyzxYKQXMy6fik0KyXPZYTbuPe14Xef270sXsU&ts=1725282128&e=0"]},{"title":"2 izbový byt, 57 m2, pri jazere Kuchajda","address":"Vajnorská, Bratislava III - Nové Mesto, okres Bratislava","rooms":2,"meters":57,"totalPrice":182990,"meterSquarePrice":5,"link":"https://www.nehnutelnosti.sk/detail/Juwwmf7eGON/2-izbovy-byt-57-m2-pri-jazere-kuchajda","imagesUrls":["https://img.nehnutelnosti.sk/foto/NjAweDMzOC9maWx0ZXJzOnF1YWxpdHkoMTAwKS9uZWg=/q-nB9-YXd_fss?st=KTH_eDeLtC3oenlEWySbNOi3AbQCzPJjrBYYskCrRz8&ts=1725204231&e=0"]},{"title":"ZVÝHODNENÁ CENA O 50.000€! POSLEDNÝ 4 IZBOVÝ BYT V CENTRE STARÉHO MESTA BRATISLAVY, GUNDULIČOVÁ ULIC","address":"Gunduličova, Bratislava I - Staré Mesto, okres Bratislava","rooms":4,"meters":102,"totalPrice":455051,"meterSquarePrice":8,"link":"https://www.nehnutelnosti.sk/detail/Ju9hx2_4ip0/zvyhodnena-cena-o-50-000-posledny-4-izbovy-byt-v-centre-stareho-mesta-bratislavy-gundulicova-ulic","imagesUrls":["https://img.unitedclassifieds.sk/foto/NjAweDMzOC9maWx0ZXJzOnF1YWxpdHkoMTAwKS9yc2Y=/b__xLuK_Y_fss?st=5hU-HgfRaZWjVmplXaVKUWXG2plGomsmeiykqGdH3f4&ts=1715727419&e=0"]},{"title":"ZVÝHODNENÉ CENY! 2 IZBOVÉ BYTY V CENTRE STARÉHO MESTA BRATISLAVY, GUNDULIČOVÁ ULICA PRI PREZIDENTSKO","address":"Gunduličova, Bratislava I - Staré Mesto, okres Bratislava","rooms":2,"meters":73,"totalPrice":304327,"meterSquarePrice":0,"link":"https://www.nehnutelnosti.sk/detail/JuQMFv-Gc_d/zvyhodnene-ceny-2-izbove-byty-v-centre-stareho-mesta-bratislavy-gundulicova-ulica-pri-prezidentsko","imagesUrls":["https://img.unitedclassifieds.sk/foto/NjAweDMzOC9maWx0ZXJzOnF1YWxpdHkoMTAwKS9yc2Y=/2T-0gDW1h_fss?st=TM5AvPAWfS64_1wmGRhVN3B8Awd_8CsFLzVuiBoYcuY&ts=1715727418&e=0"]},{"title":"Predaj 4,5 izbového bytu v historickom centre Bratislavy","address":"Strakova, Bratislava I - Staré Mesto, okres Bratislava","rooms":4,"meters":164,"totalPrice":null,"meterSquarePrice":null,"link":"https://www.nehnutelnosti.sk/detail/JukfbcAyd4L/predaj-4-5-izboveho-bytu-v-historickom-centre-bratislavy","imagesUrls":["https://img.unitedclassifieds.sk/foto/NjAweDMzOC9maWx0ZXJzOnF1YWxpdHkoMTAwKS9qdWw=/5RKlNhXL0_fss?st=5hVxhfCvSentKxx3xSleb3thIgJYoaoqnOfVVA08PEk&ts=1719834714&e=0"]},{"title":"EXKLUZÍVNE: Slnečný 2 izbový byt s balkónom v novostavbe Kastor, ZA","address":"Karpatská, Žilina, okres Žilina","rooms":2,"meters":51,"totalPrice":null,"meterSquarePrice":null,"link":"https://www.nehnutelnosti.sk/detail/JunsZdBbK49/exkluzivne-slnecny-2-izbovy-byt-s-balkonom-v-novostavbe-kastor-za","imagesUrls":["https://img.nehnutelnosti.sk/foto/NjAweDMzOC9maWx0ZXJzOnF1YWxpdHkoMTAwKS9uZWg=/7gAsyrcjZ_fss?st=NeTDfEpW5z5AH8emaCNWMg-cihbg-hGAjavc-74tLTs&ts=1724963166&e=0"]},{"title":"PREDAJ 2,5 izbový byt, balkón, výťah, Banská Bystrica, Mládežnícka ul","address":"Mládežnícka, Banská Bystrica, okres Banská Bystrica","rooms":2,"meters":56,"totalPrice":139000,"meterSquarePrice":4,"link":"https://www.nehnutelnosti.sk/detail/Juwbi2jywJs/predaj-2-5-izbovy-byt-balkon-vytah-banska-bystrica-mladeznicka-ul","imagesUrls":["https://img.nehnutelnosti.sk/foto/NjAweDMzOC9maWx0ZXJzOnF1YWxpdHkoMTAwKS9uZWg=/407FN9Ayfz_fss?st=Q3uB2yUB_KORduHLIsV3ZxF6MmYrXVfRJqOUmZxGubI&ts=1724848114&e=0"]},{"title":"1 izbový byt , 38 m2 , Dúbravka","address":"Bilíkova, Bratislava IV - Dúbravka, okres Bratislava","rooms":1,"meters":38,"totalPrice":118500,"meterSquarePrice":2,"link":"https://www.nehnutelnosti.sk/detail/JuJTAeW1USA/1-izbovy-byt-38-m2-dubravka","imagesUrls":["https://img.nehnutelnosti.sk/foto/NjAweDMzOC9maWx0ZXJzOnF1YWxpdHkoMTAwKS9uZWg=/vCQFw8upT_fss?st=TbywIXzfAYxE8AgHpUTmtJDnkDtHxdTrQKdUR9gp9Lw&ts=1723821264&e=0"]},{"title":"2-izbový prerobený byt na predaj v Považskej Bystrici - ROZKVET - TOP","address":"ROZKVET, Považská Bystrica, okres Považská Bystrica","rooms":2,"meters":null,"totalPrice":null,"meterSquarePrice":null,"link":"https://www.nehnutelnosti.sk/detail/JuKOriuq2XO/2-izbovy-prerobeny-byt-na-predaj-v-povazskej-bystrici-rozkvet-top","imagesUrls":["https://img.nehnutelnosti.sk/foto/NjAweDMzOC9maWx0ZXJzOnF1YWxpdHkoMTAwKS9uZWg=/ABZX3zOecZ_fss?st=bcFHvrmPSf98_2zFoQOIBIfNTz4kphDxSzfE6tdfFZE&ts=1723639711&e=0"]},{"title":"IBA U NÁS! Čiast. rekonštruovaný 3+1 byt, 74m2, balkón, Juh, Trenčín","address":"Mateja Bela, Trenčín, okres Trenčín","rooms":3,"meters":74,"totalPrice":129500,"meterSquarePrice":0,"link":"https://www.nehnutelnosti.sk/detail/JuCVYCEaxtSL/iba-u-nas-ciast-rekonstruovany-3-1-byt-74m2-balkon-juh-trencin","imagesUrls":["https://img.nehnutelnosti.sk/foto/NjAweDMzOC9maWx0ZXJzOnF1YWxpdHkoMTAwKS9uZWg=/6rhKZg8Fu_fss?st=HKWNOKqDyMY3Ztps43U9brJ-Xg64pebqDJCx1TUF77o&ts=1723821266&e=0"]},{"title":"NA PREDAJ: 3-izbový byt na sídlisku Lánska, Považská Bystrica, 76 m2","address":"Lánska, Považská Bystrica, okres Považská Bystrica","rooms":3,"meters":null,"totalPrice":null,"meterSquarePrice":null,"link":"https://www.nehnutelnosti.sk/detail/JufhasNbolx/na-predaj-3-izbovy-byt-na-sidlisku-lanska-povazska-bystrica-76-m2","imagesUrls":["https://img.nehnutelnosti.sk/foto/NjAweDMzOC9maWx0ZXJzOnF1YWxpdHkoMTAwKS9uZWg=/we5EkPmN0_fss?st=XrihQfyjbn3rdKA9Vs4fMyRSsMoiAOyiOW5zf1agaRw&ts=1723453759&e=0"]},{"title":"Na predaj: Čiastočne zrekonštruovaný 3i byt na Rozkvete - TOP PONUKA","address":"ROZKVET, Považská Bystrica, okres Považská Bystrica","rooms":3,"meters":null,"totalPrice":null,"meterSquarePrice":null,"link":"https://www.nehnutelnosti.sk/detail/Juz6FyhfXWP/na-predaj-ciastocne-zrekonstruovany-3i-byt-na-rozkvete-top-ponuka","imagesUrls":["https://img.nehnutelnosti.sk/foto/NjAweDMzOC9maWx0ZXJzOnF1YWxpdHkoMTAwKS9uZWg=/wDLzKXUWG_fss?st=A2t7T6-4kaiR_iM4L7-tVslTcOp37Xzmafg0PAVjRg8&ts=1723453756&e=0"]},{"title":"4-izbový prerobený byt na predaj v Považskej Bystrici - SNP","address":"Považská Bystrica, okres Považská Bystrica","rooms":4,"meters":null,"totalPrice":null,"meterSquarePrice":null,"link":"https://www.nehnutelnosti.sk/detail/JuEqFec7z66/4-izbovy-prerobeny-byt-na-predaj-v-povazskej-bystrici-snp","imagesUrls":["https://img.nehnutelnosti.sk/foto/NjAweDMzOC9maWx0ZXJzOnF1YWxpdHkoMTAwKS9uZWg=/_4e1FB2o2_fss?st=QW9-DG--Ks7Z557f9ayvaOj6vnuKpDwcCuHc1AQIoBo&ts=1723455549&e=0"]}]