[{"title":"Na predaj, 3-izbový byt, Novostavba Veľká Bytča, Bytča, TARGETreal","address":"Bytča, okres Bytča","rooms":3,"meters":112,"totalPrice":249990,"meterSquarePrice":5,"link":"https://www.nehnutelnosti.sk/detail/Ju7nIu9aYSI/na-predaj-3-izbovy-byt-novostavba-velka-bytca-bytca-targetreal","imagesUrls":["https://img.nehnutelnosti.sk/foto/NjAweDMzOC9maWx0ZXJzOnF1YWxpdHkoMTAwKS9uZWg=/qJqweVsKa_fss?st=t5zyFFUh7LUinL36vqP77fdrZaBPYaRyY1WRW0ZT2So&ts=1718741305&e=0"]},{"title":"Na predaj, 3-izbový byt, Nová Baňa centrum, TARGETreal","address":"Štúrova, Nová Baňa, okres Žarnovica","rooms":3,"meters":69,"totalPrice":118000,"meterSquarePrice":4,"link":"https://www.nehnutelnosti.sk/detail/JubH0JK4Rat/na-predaj-3-izbovy-byt-nova-bana-centrum-targetreal","imagesUrls":["https://img.nehnutelnosti.sk/foto/NjAweDMzOC9maWx0ZXJzOnF1YWxpdHkoMTAwKS9uZWg=/0rrl9d_2W_fss?st=wGAv_9WN8lmnC5qgeYa8Dxfo5xbQAd5QRAaylsG9cqU&ts=1722250168&e=0"]},{"title":"Na predaj, 3-izbový byt, tehlový, Turčianske Teplice, TARGETreal","address":"Prievidzská, Turčianske Teplice, okres Turčianske Teplice","rooms":3,"meters":56,"totalPrice":null,"meterSquarePrice":null,"link":"https://www.nehnutelnosti.sk/detail/JudxLzdhbkp/na-predaj-3-izbovy-byt-tehlovy-turcianske-teplice-targetreal","imagesUrls":["https://img.nehnutelnosti.sk/foto/NjAweDMzOC9maWx0ZXJzOnF1YWxpdHkoMTAwKS9uZWg=/dGsRjF6ZDp_fss?st=wUUcJ1Imc2I9BKhDTj1JQNAYn57IcK3f8KUc8Wd7co0&ts=1725613344&e=0"]},{"title":"Na predaj, 2-garsónka, 43m2, Bratislava, Petržalka, TARGETreal","address":"Gessayova, Bratislava V - Petržalka, okres Bratislava","rooms":null,"meters":43,"totalPrice":155000,"meterSquarePrice":5,"link":"https://www.nehnutelnosti.sk/detail/Ju9v7sx2a46/na-predaj-2-garsonka-43m2-bratislava-petrzalka-targetreal","imagesUrls":["https://img.nehnutelnosti.sk/foto/NjAweDMzOC9maWx0ZXJzOnF1YWxpdHkoMTAwKS9uZWg=/dpxVvMu8mB_fss?st=p37rZuzgL-1MvbRDvwyKN9qiFtg168v-U_ImJnrBVC8&ts=1718096596&e=0"]},{"title":"Na predaj, 3-izbový byt, Žilina, Závodie, TARGETreal","address":"Kvačalova, Žilina - Závodie, okres Žilina","rooms":3,"meters":82,"totalPrice":207000,"meterSquarePrice":9,"link":"https://www.nehnutelnosti.sk/detail/JusPyeHWRV-/na-predaj-3-izbovy-byt-zilina-zavodie-targetreal","imagesUrls":["https://img.nehnutelnosti.sk/foto/NjAweDMzOC9maWx0ZXJzOnF1YWxpdHkoMTAwKS9uZWg=/gaHFJ68_Jg_fss?st=ro6dGJJJhBM-uA5CgCfAho0N3C4nVvTT0v5VBf13-tw&ts=1717137937&e=0"]},{"title":"Trojizbový byt Lučenec","address":"Rúbanisko I, Lučenec, okres Lučenec","rooms":3,"meters":60,"totalPrice":63000,"meterSquarePrice":0,"link":"https://www.nehnutelnosti.sk/detail/JuMN4wabRDY/trojizbovy-byt-lucenec","imagesUrls":["https://img.nehnutelnosti.sk/foto/NjAweDMzOC9maWx0ZXJzOnF1YWxpdHkoMTAwKS9uZWg=/SRK0yxRbr_fss?st=KsnyWUfXu2m5KsLxF-U2u66BuAEX3gSVoNKczZVbzLI&ts=1714122280&e=0"]},{"title":"Na predaj, 2,5-izbový byt, Ľadoveň, Martin, TARGETreal","address":"Ľadoveň, Martin, okres Martin","rooms":2,"meters":null,"totalPrice":null,"meterSquarePrice":null,"link":"https://www.nehnutelnosti.sk/detail/JuzqicvEUli/na-predaj-2-5-izbovy-byt-ladoven-martin-targetreal","imagesUrls":["https://img.nehnutelnosti.sk/foto/NjAweDMzOC9maWx0ZXJzOnF1YWxpdHkoMTAwKS9uZWg=/0ZzGNh98I_fss?st=ur4w_ltKB_LScKVed14qiz5KFU1871b5BEWnrmvkHDw&ts=1716378421&e=0"]},{"title":"Na predaj, 3-izbový byt s loggiou a pivnicou, Záturčie, Martin, TARGETreal","address":"A. Mamateja, Martin, okres Martin","rooms":3,"meters":null,"totalPrice":null,"meterSquarePrice":null,"link":"https://www.nehnutelnosti.sk/detail/JuTtn-A8rVr/na-predaj-3-izbovy-byt-s-loggiou-a-pivnicou-zaturcie-martin-targetreal","imagesUrls":["https://img.nehnutelnosti.sk/foto/NjAweDMzOC9maWx0ZXJzOnF1YWxpdHkoMTAwKS9uZWg=/vwgBF9Omv_fss?st=iUAfoqss29zEaTZFL7CEtdkCIs6Ll0kUPoUC2VdaQrA&ts=1711644553&e=0"]},{"title":"Na predaj novostavba jednoizbového bytu v Lučenci","address":"V.V.Majakovského, Lučenec, okres Lučenec","rooms":1,"meters":41,"totalPrice":null,"meterSquarePrice":null,"link":"https://www.nehnutelnosti.sk/detail/JuE08BurobC/na-predaj-novostavba-jednoizboveho-bytu-v-lucenci","imagesUrls":["https://img.nehnutelnosti.sk/foto/NjAweDMzOC9maWx0ZXJzOnF1YWxpdHkoMTAwKS9uZWg=/Cn4Rt9PIY_fss?st=F5kU0vBGrsu_KfTcREvL_IthQtm9Rx8w3Z79j51AiGQ&ts=1713169851&e=0"]},{"title":"Na predaj, 3-izbový byt, tehlový, vlastné kúrenie+krb, Turčianske Teplice-centrum, TARGETreal","address":"Banská, Turčianske Teplice, okres Turčianske Teplice","rooms":3,"meters":56,"totalPrice":119900,"meterSquarePrice":7,"link":"https://www.nehnutelnosti.sk/detail/Ju-lH0gTKa7/na-predaj-3-izbovy-byt-tehlovy-vlastne-kurenie-krb-turcianske-teplice-centrum-targetreal","imagesUrls":["https://img.nehnutelnosti.sk/foto/NjAweDMzOC9maWx0ZXJzOnF1YWxpdHkoMTAwKS9uZWg=/Z5yAY5RTH_fss?st=-wN8BL5RAlbCh00YfGAx3hCXe9t_VKtpKlaJRB4wT5U&ts=1725613332&e=0"]},{"title":"Na predaj, 5-izbový byt, Lipovec, Martin, TARGETreal","address":"Horná, Lipovec, Martin, okres Martin","rooms":5,"meters":130,"totalPrice":129000,"meterSquarePrice":1,"link":"https://www.nehnutelnosti.sk/detail/Ju_qzPl6YgD/na-predaj-5-izbovy-byt-lipovec-martin-targetreal","imagesUrls":["https://img.nehnutelnosti.sk/foto/NjAweDMzOC9maWx0ZXJzOnF1YWxpdHkoMTAwKS9uZWg=/6xQNQcBwsk_fss?st=LHBbA_B4SEFkZaXneo1UE1GxP3WtcRzhSGPzaul9Dxo&ts=1709769003&e=0"]},{"title":"Dvojizbový byt Rúbanisko I","address":"Rúbanisko I, Lučenec, okres Lučenec","rooms":2,"meters":55,"totalPrice":70000,"meterSquarePrice":3,"link":"https://www.nehnutelnosti.sk/detail/JuKEaC90jgn/dvojizbovy-byt-rubanisko-i","imagesUrls":["https://img.nehnutelnosti.sk/foto/NjAweDMzOC9maWx0ZXJzOnF1YWxpdHkoMTAwKS9uZWg=/3hpY4M05mw_fss?st=YigxXlGTRFKy09LAPFvCFu_TlXrlDw6UcaJM5ofJao8&ts=1711360228&e=0"]},{"title":"Na predaj, štvorizbový byt v pôvodnom stave Lučenec","address":"Ulica Osloboditeľov, Lučenec, okres Lučenec","rooms":4,"meters":88,"totalPrice":80000,"meterSquarePrice":9,"link":"https://www.nehnutelnosti.sk/detail/JuLFrqweuqq/na-predaj-stvorizbovy-byt-v-povodnom-stave-lucenec","imagesUrls":["https://img.nehnutelnosti.sk/foto/NjAweDMzOC9maWx0ZXJzOnF1YWxpdHkoMTAwKS9uZWg=/0KvOWv1t0_fss?st=9Jrky0ox0Dsq4bfDmtf-HlwZh52ilDSVWt860rGt88I&ts=1697467597&e=0"]},{"title":"Na predaj, Novostavba, 2-izbový byt, Lučenec,  MAJAKOVSKÉHO REZIDENCE, TARGETreal","address":"Majakovského, Lučenec, okres Lučenec","rooms":2,"meters":59,"totalPrice":null,"meterSquarePrice":null,"link":"https://www.nehnutelnosti.sk/detail/JuOa5iUrgS6/na-predaj-novostavba-2-izbovy-byt-lucenec-majakovskeho-rezidence-targetreal","imagesUrls":["https://img.nehnutelnosti.sk/foto/NjAweDMzOC9maWx0ZXJzOnF1YWxpdHkoMTAwKS9uZWg=/GMBd5xJfP_fss?st=vIKGprKP8L9xjS3os335-SwkfrMRlHQHC5XruJsAMsw&ts=1716460919&e=0"]},{"title":"Na predaj, Novostavba, 3-izbový byt, Lučenec, MAJAKOVSKÉHO REZIDENCE, TARGETreal","address":"Majakovského, Lučenec, okres Lučenec","rooms":3,"meters":96,"totalPrice":null,"meterSquarePrice":null,"link":"https://www.nehnutelnosti.sk/detail/JuMpGHL6oWE/na-predaj-novostavba-3-izbovy-byt-lucenec-majakovskeho-rezidence-targetreal","imagesUrls":["https://img.nehnutelnosti.sk/foto/NjAweDMzOC9maWx0ZXJzOnF1YWxpdHkoMTAwKS9uZWg=/KclKC3-8A_fss?st=h1zxdIkpXJmUVX9kPeqj5DYsl0L_z5AKEN4Pr5b5EzI&ts=1712653593&e=0"]},{"title":"Svetlý 3 izbový byt s loggiou v 8 poschodovom dome, v tichej lokalite na skok od jazera Draždiak a n","address":"Žehrianska, Bratislava V - Petržalka, okres Bratislava","rooms":3,"meters":69,"totalPrice":205000,"meterSquarePrice":1,"link":"https://www.nehnutelnosti.sk/detail/JuDK3ulT7mC/svetly-3-izbovy-byt-s-loggiou-v-8-poschodovom-dome-v-tichej-lokalite-na-skok-od-jazera-drazdiak-a-n","imagesUrls":["https://img.unitedclassifieds.sk/foto/NjAweDMzOC9maWx0ZXJzOnF1YWxpdHkoMTAwKS9qdWw=/wI16VIAJM_fss?st=ejUvP5SAie5CsZbroJiAgAgb-8i8Pz52ei4KU62azCQ&ts=1725627423&e=0"]},{"title":"Priestranný 2-izbový byt s rozlohou 60 m2 na Štefánikovej ulici v Púchove hľadá nových majiteľov!","address":"Púchov, okres Púchov","rooms":2,"meters":61,"totalPrice":null,"meterSquarePrice":null,"link":"https://www.nehnutelnosti.sk/detail/Juj9dGanEVf/priestranny-2-izbovy-byt-s-rozlohou-60-m2-na-stefanikovej-ulici-v-puchove-hlada-novych-majitelov","imagesUrls":["https://img.nehnutelnosti.sk/foto/NjAweDMzOC9maWx0ZXJzOnF1YWxpdHkoMTAwKS9uZWg=/6V74pTDNK_fss?st=0qLO6sBJ-vnjwHW_LzOV9OkaK5DH0iXcKBR3d-ukMG8&ts=1726486362&e=0"]},{"title":"Ponúkame na predaj nový 2-izbový byt s dvomi lodžami a garážovým stojiskom v novostavbe","address":"Tupého, Bratislava III - Nové Mesto, okres Bratislava","rooms":2,"meters":74,"totalPrice":260000,"meterSquarePrice":1,"link":"https://www.nehnutelnosti.sk/detail/JuxkA79KxUj/ponukame-na-predaj-novy-2-izbovy-byt-s-dvomi-lodzami-a-garazovym-stojiskom-v-novostavbe","imagesUrls":["https://img.unitedclassifieds.sk/foto/NjAweDMzOC9maWx0ZXJzOnF1YWxpdHkoMTAwKS9qdWw=/SvEuTKRgz_fss?st=sF5f1wIcxCMf6pMs1ga505-Ktbzb-i7U-LL7pR51u6g&ts=1723200958&e=0"]},{"title":"REZERVOVANÉ 3-IZB. BYT - TRNAVA, MODRANSKÁ, GARÁŽ","address":"Modranská, Trnava, okres Trnava","rooms":3,"meters":82,"totalPrice":154900,"meterSquarePrice":2,"link":"https://www.nehnutelnosti.sk/detail/JuRdAid8Y-J/rezervovane-3-izb-byt-trnava-modranska-garaz","imagesUrls":["https://img.nehnutelnosti.sk/foto/NjAweDMzOC9maWx0ZXJzOnF1YWxpdHkoMTAwKS9uZWg=/l2-EgcdtBP_fss?st=MGt8xskn9g5mnsAVqC7QEtR2WGorhd_ymaBGopnmWLE&ts=1713729678&e=0"]},{"title":"2 izbový tehlový byt na skvelom mieste","address":"Priateľstva, Komárno, okres Komárno","rooms":2,"meters":59,"totalPrice":69900,"meterSquarePrice":5,"link":"https://www.nehnutelnosti.sk/detail/Ju3U489_MS9/2-izbovy-tehlovy-byt-na-skvelom-mieste","imagesUrls":["https://img.nehnutelnosti.sk/foto/NjAweDMzOC9maWx0ZXJzOnF1YWxpdHkoMTAwKS9uZWg=/BXystZy3k_fss?st=jA63dn3-ewlYVXy9fiLYHue-NP0ZoF5HDRdSRTbn72U&ts=1726774032&e=0"]},{"title":"Veľký (67 m2) dvojizbový byt na Komenského ulici","address":"Komenského, Komárno, okres Komárno","rooms":2,"meters":67,"totalPrice":66900,"meterSquarePrice":1,"link":"https://www.nehnutelnosti.sk/detail/JuzTbAQCu7Z/velky-67-m2-dvojizbovy-byt-na-komenskeho-ulici","imagesUrls":["https://img.nehnutelnosti.sk/foto/NjAweDMzOC9maWx0ZXJzOnF1YWxpdHkoMTAwKS9uZWg=/s6gV1YftV_fss?st=jvRmnezEB6Nc7ae-io0LutCB9T5XzNYw3CNjo5nhlok&ts=1726774036&e=0"]},{"title":"2 izbový byt na Budovateľskej","address":"Budovateľská, Komárno, okres Komárno","rooms":2,"meters":58,"totalPrice":66900,"meterSquarePrice":5,"link":"https://www.nehnutelnosti.sk/detail/JuMjNXXpVyZ/2-izbovy-byt-na-budovatelskej","imagesUrls":["https://img.nehnutelnosti.sk/foto/NjAweDMzOC9maWx0ZXJzOnF1YWxpdHkoMTAwKS9uZWg=/-YsaI_ypA_fss?st=tqVr1rq2ano5Xe4FAF73ZnnxLIHORoUp8cEXdK1Is48&ts=1726774039&e=0"]},{"title":"REZERVOVANÝ !!! 3 izbový byt, 82 m2 na SEDMIČKE","address":"Pri OD Lodiar, Komárno, okres Komárno","rooms":3,"meters":82,"totalPrice":87900,"meterSquarePrice":5,"link":"https://www.nehnutelnosti.sk/detail/JuI_iBj84HY/rezervovany-3-izbovy-byt-82-m2-na-sedmicke","imagesUrls":["https://img.nehnutelnosti.sk/foto/NjAweDMzOC9maWx0ZXJzOnF1YWxpdHkoMTAwKS9uZWg=/me0v2LjON_fss?st=5YQhfkmpLWj-djqce8n8vxLPjTJzuG0q-HW-xUS2XDY&ts=1723749267&e=0"]},{"title":"SKUTOČNE VEĽKÝ 2 izbový byt","address":"Hviezdna, Komárno, okres Komárno","rooms":2,"meters":67,"totalPrice":75000,"meterSquarePrice":0,"link":"https://www.nehnutelnosti.sk/detail/Ju9x4ety2cp/skutocne-velky-2-izbovy-byt","imagesUrls":["https://img.nehnutelnosti.sk/foto/NjAweDMzOC9maWx0ZXJzOnF1YWxpdHkoMTAwKS9uZWg=/4dgc_AWVL_fss?st=T8luwjyHs8Si-g4V0iFyfRuUMyPm_mJQnvZbIA7EmFU&ts=1725783886&e=0"]},{"title":"3 izbový prízemný byt na Gazdovskej","address":"Gazdovská, Komárno, okres Komárno","rooms":3,"meters":64,"totalPrice":93000,"meterSquarePrice":0,"link":"https://www.nehnutelnosti.sk/detail/Jug0v7wKVvX/3-izbovy-prizemny-byt-na-gazdovskej","imagesUrls":["https://img.nehnutelnosti.sk/foto/NjAweDMzOC9maWx0ZXJzOnF1YWxpdHkoMTAwKS9uZWg=/M3skoOGhD_fss?st=XKN9rkPM-E-AI7mhRimCM_Pd_0TCzaEyzizky_LO5ys&ts=1726419768&e=0"]},{"title":"1 izbový byt BEZ INVESTÍCIE K NASŤAHOVANIU !!!","address":"Hradná, Komárno, okres Komárno","rooms":1,"meters":34,"totalPrice":65500,"meterSquarePrice":7,"link":"https://www.nehnutelnosti.sk/detail/JuYDshVgcw1/1-izbovy-byt-bez-investicie-k-nastahovaniu","imagesUrls":["https://img.nehnutelnosti.sk/foto/NjAweDMzOC9maWx0ZXJzOnF1YWxpdHkoMTAwKS9uZWg=/9mWUTeiu11_fss?st=N4ZhEaniM_0SHeIMU0RP1BEc-17SAWf2X4w2ELBbfio&ts=1727023501&e=0"]},{"title":"3 izbový byt tehlový byt na Mederčskej","address":"Mederčská, Komárno, okres Komárno","rooms":3,"meters":65,"totalPrice":73000,"meterSquarePrice":8,"link":"https://www.nehnutelnosti.sk/detail/Ju9A5K7sp_2/3-izbovy-byt-tehlovy-byt-na-medercskej","imagesUrls":["https://img.nehnutelnosti.sk/foto/NjAweDMzOC9maWx0ZXJzOnF1YWxpdHkoMTAwKS9uZWg=/-VC3S44lN_fss?st=-O7BtfyyD2bPQJu-wZuWQ75hBfi3aFNS8Ox3AeUt06c&ts=1725735327&e=0"]},{"title":"2 izbový tehlový byt na rekonštrukciu, Komárno","address":"Emila Boleslava Lukáča, Komárno, okres Komárno","rooms":2,"meters":59,"totalPrice":62500,"meterSquarePrice":2,"link":"https://www.nehnutelnosti.sk/detail/Jue_CbJ_dX5/2-izbovy-tehlovy-byt-na-rekonstrukciu-komarno","imagesUrls":["https://img.nehnutelnosti.sk/foto/NjAweDMzOC9maWx0ZXJzOnF1YWxpdHkoMTAwKS9uZWg=/315tCZNz1_fss?st=yTgQO1oQ0_YuVwL-HLPDfPvBf2XIO7dFn47gAYewPmA&ts=1721265290&e=0"]},{"title":"3 izbový (76m2) byt s loggiou na výbornom mieste, Komárno","address":"Biskupa Királya, Komárno, okres Komárno","rooms":3,"meters":76,"totalPrice":109900,"meterSquarePrice":5,"link":"https://www.nehnutelnosti.sk/detail/JuueaLNLhS7/3-izbovy-76m2-byt-s-loggiou-na-vybornom-mieste-komarno","imagesUrls":["https://img.nehnutelnosti.sk/foto/NjAweDMzOC9maWx0ZXJzOnF1YWxpdHkoMTAwKS9uZWg=/PIBl39OhB_fss?st=C25HxZI1Gfc2IDDi4jfNvw79iiyJF0VnVGE8Kt5FXp4&ts=1726419766&e=0"]},{"title":"4 izbový byt za super cenu na VII. sídlisku, Komárno","address":"VII. sídlisko, Komárno, okres Komárno","rooms":4,"meters":82,"totalPrice":103500,"meterSquarePrice":0,"link":"https://www.nehnutelnosti.sk/detail/JubuRxEdn-S/4-izbovy-byt-za-super-cenu-na-vii-sidlisku-komarno","imagesUrls":["https://img.nehnutelnosti.sk/foto/NjAweDMzOC9maWx0ZXJzOnF1YWxpdHkoMTAwKS9uZWg=/dpC9DCDiF_fss?st=hKDOlwNkjvsfiQFEhm4fKQIQAVglFDEyVyRzXCSpfRI&ts=1719267713&e=0"]}]