[{"title":"Predaj veľký 3 izbový, zrekonštruovaný byt - Beladice (1177-113-AFI)","address":"Beladice, okres Zlaté Moravce","rooms":3,"meters":87,"totalPrice":124900,"meterSquarePrice":3,"link":"https://www.nehnutelnosti.sk/detail/JuWKg7KggP0/predaj-velky-3-izbovy-zrekonstruovany-byt-beladice-1177-113-afi","imagesUrls":["https://img.nehnutelnosti.sk/foto/NjAweDMzOC9maWx0ZXJzOnF1YWxpdHkoMTAwKS9uZWg=/esAuF5zy8_fss?st=Oihh2g2d87pNRBanuT8fZzlFJ9pXch-9dYoGYu131rw&ts=1722504805&e=0"]},{"title":"Klimatizovaný 2 izb. byt centrum Veľké Kapušany","address":"Veľké Kapušany, okres Michalovce","rooms":2,"meters":50,"totalPrice":39990,"meterSquarePrice":0,"link":"https://www.nehnutelnosti.sk/detail/JuLIP7IVzmY/klimatizovany-2-izb-byt-centrum-velke-kapusany","imagesUrls":["https://img.nehnutelnosti.sk/foto/NjAweDMzOC9maWx0ZXJzOnF1YWxpdHkoMTAwKS9uZWg=/7RyRZq-GQ_fss?st=4GsKXm7zFkpDZWLxB4FGNzo5yFAr_7NBDagiPL79poQ&ts=1714141816&e=0"]},{"title":"ID: 1249-113 - NR - 3 izb., časť Staré Mesto - Schurmanova ul., 95 m2, 1 p, po kompletnej rekonštruk","address":"Schurmanova, Nitra, okres Nitra","rooms":3,"meters":95,"totalPrice":260000,"meterSquarePrice":4,"link":"https://www.nehnutelnosti.sk/detail/JuiqB9KqctM/id-1249-113-nr-3-izb-cast-stare-mesto-schurmanova-ul-95-m2-1-p-po-kompletnej-rekonstruk","imagesUrls":["https://img.nehnutelnosti.sk/foto/NjAweDMzOC9maWx0ZXJzOnF1YWxpdHkoMTAwKS9uZWg=/xPrsp319DI_fss?st=poyEHj3HL6I2-RSiPFRzuWYMGg0ApRyeFVWrFNipKnA&ts=1712688229&e=0"]},{"title":"EXKLUZÍVNY 2 IZB. BYT S KRÁSNYM VÝHĽADOM NA DUNAJ, EUROVEA TOWER, PRIBINOVÁ ULICA","address":"Pribinova, Bratislava I - Staré Mesto, okres Bratislava","rooms":2,"meters":59,"totalPrice":415000,"meterSquarePrice":9,"link":"https://www.nehnutelnosti.sk/detail/JuMHzrHQLm4/exkluzivny-2-izb-byt-s-krasnym-vyhladom-na-dunaj-eurovea-tower-pribinova-ulica","imagesUrls":["https://img.nehnutelnosti.sk/foto/NjAweDMzOC9maWx0ZXJzOnF1YWxpdHkoMTAwKS9uZWg=/MGuQhMp-JR_fss?st=RCda64GvINSlIonqQB7XXqdcAjfSRHU84EtqCrpLGIU&ts=1726843763&e=0"]},{"title":"PREDAJ - 2i.byt, 62m², Dlhá ul. - Nitra (756-112-IK)","address":"Dlhá, Nitra, okres Nitra","rooms":2,"meters":62,"totalPrice":137900,"meterSquarePrice":9,"link":"https://www.nehnutelnosti.sk/detail/JuUuUPLvUq-/predaj-2i-byt-62m-dlha-ul-nitra-756-112-ik","imagesUrls":["https://img.nehnutelnosti.sk/foto/NjAweDMzOC9maWx0ZXJzOnF1YWxpdHkoMTAwKS9uZWg=/Vblj0GrPW_fss?st=SamC1kIaUH4ZJO9gqTSxf6Fn1sGmKz3ffFRW5fPbC4o&ts=1720249722&e=0"]},{"title":"4-izbový byt v projekte 3-byty Mojš","address":"Žilina, okres Žilina","rooms":4,"meters":120,"totalPrice":320175,"meterSquarePrice":5,"link":"https://www.nehnutelnosti.sk/detail/JuyFgfN5eRn/4-izbovy-byt-v-projekte-3-byty-mojs","imagesUrls":["https://img.nehnutelnosti.sk/foto/NjAweDMzOC9maWx0ZXJzOnF1YWxpdHkoMTAwKS9uZWg=/z6pvexB8yE_fss?st=XL7NlzFGyoUHLeBKo2WzLisVDVhvrpmDgpgQ7lziNz8&ts=1726843722&e=0"]},{"title":"3-izbový byt v projekte 3-byty Mojš","address":"Žilina, okres Žilina","rooms":3,"meters":100,"totalPrice":261885,"meterSquarePrice":4,"link":"https://www.nehnutelnosti.sk/detail/JuSUM9dJEmj/3-izbovy-byt-v-projekte-3-byty-mojs","imagesUrls":["https://img.nehnutelnosti.sk/foto/NjAweDMzOC9maWx0ZXJzOnF1YWxpdHkoMTAwKS9uZWg=/FZJJHetbX7_fss?st=rd0-_47o9tVEQvnw1off9yxZ57rZv0vJ-K4OaQTd_Es&ts=1726843718&e=0"]},{"title":"1izbový byt znížená cena","address":"Slavošovce, okres Rožňava","rooms":1,"meters":45,"totalPrice":null,"meterSquarePrice":null,"link":"https://www.nehnutelnosti.sk/detail/JuuqSqzTUZr/1izbovy-byt-znizena-cena","imagesUrls":["https://img.nehnutelnosti.sk/foto/NjAweDMzOC9maWx0ZXJzOnF1YWxpdHkoMTAwKS9uZWg=/UVHHUMZTX_fss?st=WBUXnRTSynhjGnIRRegKLU3Dz0iU8_pu6WT-bJCHcN8&ts=1724271709&e=0"]},{"title":"3-izbový byt v projekte 3-byty Mojš","address":"Mojš, okres Žilina","rooms":3,"meters":96,"totalPrice":248690,"meterSquarePrice":3,"link":"https://www.nehnutelnosti.sk/detail/JufKSEvdBPp/3-izbovy-byt-v-projekte-3-byty-mojs","imagesUrls":["https://img.nehnutelnosti.sk/foto/NjAweDMzOC9maWx0ZXJzOnF1YWxpdHkoMTAwKS9uZWg=/M2e3EQmxDq_fss?st=t1vMgmajiCnC_k0heZv5y0SQZnJr_LyuWBho_s_cYEI&ts=1726843716&e=0"]},{"title":"4-izbový byt v projekte 3-byty Mojš","address":"Mojš, okres Žilina","rooms":4,"meters":120,"totalPrice":320175,"meterSquarePrice":5,"link":"https://www.nehnutelnosti.sk/detail/JuxcZLcIltC/4-izbovy-byt-v-projekte-3-byty-mojs","imagesUrls":["https://img.nehnutelnosti.sk/foto/NjAweDMzOC9maWx0ZXJzOnF1YWxpdHkoMTAwKS9uZWg=/0Rr6atgQi_fss?st=9UjoQ0oxYWb8AiV6SE8sDcQL6VamsPdCaEQIh1Dmj5U&ts=1726843713&e=0"]},{"title":"3-izbový byt v projekte 3-byty Mojš","address":"Mojš, okres Žilina","rooms":3,"meters":100,"totalPrice":261885,"meterSquarePrice":4,"link":"https://www.nehnutelnosti.sk/detail/Jurj7Q4by3O/3-izbovy-byt-v-projekte-3-byty-mojs","imagesUrls":["https://img.nehnutelnosti.sk/foto/NjAweDMzOC9maWx0ZXJzOnF1YWxpdHkoMTAwKS9uZWg=/lk01yuYoKe_fss?st=2OrI51-ybXfbqnuHRweR95u69t5yvnNBhVJX1U8FKMM&ts=1726843711&e=0"]},{"title":"3-izbový byt (78 m2) | M. R. Štefánika","address":"M. R. Štefánika, Žilina - Staré mesto, okres Žilina","rooms":3,"meters":78,"totalPrice":178000,"meterSquarePrice":5,"link":"https://www.nehnutelnosti.sk/detail/JuscIguZMqH/3-izbovy-byt-78-m2-m-r-stefanika","imagesUrls":["https://img.nehnutelnosti.sk/foto/NjAweDMzOC9maWx0ZXJzOnF1YWxpdHkoMTAwKS9uZWg=/5a08QtNAy_fss?st=4HMq4FgelOMUK4GuwjpGP-q17wa8zgA5O9rezy_x82w&ts=1726843702&e=0"]},{"title":"Predaj zrekonštruovaný 3 izbový byt s balkónom Nitra - Chrenová, ul.Ľ. Okánika(170-113-ERFa)","address":"L.Okánika, Nitra, okres Nitra","rooms":3,"meters":68,"totalPrice":153000,"meterSquarePrice":0,"link":"https://www.nehnutelnosti.sk/detail/JuCL7FszjHA/predaj-zrekonstruovany-3-izbovy-byt-s-balkonom-nitra-chrenova-ul-l-okanika170-113-erfa","imagesUrls":["https://img.nehnutelnosti.sk/foto/NjAweDMzOC9maWx0ZXJzOnF1YWxpdHkoMTAwKS9uZWg=/-6wxY-Ow8_fss?st=Fs2fVYmkFbZTMwwYQ6iEW4v_s_djnSzgLg-19Goo0E4&ts=1714675696&e=0"]},{"title":"Byt po rekonštrukcii Bytča - Hliník nad Váhom, 88m2  084-113-PEMO E","address":"Bytča, okres Bytča","rooms":3,"meters":88,"totalPrice":null,"meterSquarePrice":null,"link":"https://www.nehnutelnosti.sk/detail/JuqVMYflbkB/byt-po-rekonstrukcii-bytca-hlinik-nad-vahom-88m2-084-113-pemo-e","imagesUrls":["https://img.nehnutelnosti.sk/foto/NjAweDMzOC9maWx0ZXJzOnF1YWxpdHkoMTAwKS9uZWg=/9nQWD4Gr-_fss?st=wBFK46Iuu_MLvFkUZKFQm4lgVI6czqtJv6ccC5ntjxw&ts=1725106880&e=0"]},{"title":"Priestranný 2-izbový byt (78 m2) | M. R. Štefánika","address":"M. R. Štefánika, Žilina - Staré mesto, okres Žilina","rooms":2,"meters":78,"totalPrice":178000,"meterSquarePrice":5,"link":"https://www.nehnutelnosti.sk/detail/JuyIyKjpvPYn/priestranny-2-izbovy-byt-78-m2-m-r-stefanika","imagesUrls":["https://img.nehnutelnosti.sk/foto/NjAweDMzOC9maWx0ZXJzOnF1YWxpdHkoMTAwKS9uZWg=/gghkFctIN_fss?st=5CyKBk0JBrzLT49Os-R8jYLtAsm5viSI2w3A_xQHByc&ts=1726843697&e=0"]},{"title":"3 izbový byt 85 m2 Nitra Klokočina Čajkovského ID 459-113-MIG","address":"Čajkovského, Nitra, okres Nitra","rooms":3,"meters":85,"totalPrice":139900,"meterSquarePrice":8,"link":"https://www.nehnutelnosti.sk/detail/JuZ8DHdSU8m/3-izbovy-byt-85-m2-nitra-klokocina-cajkovskeho-id-459-113-mig","imagesUrls":["https://img.nehnutelnosti.sk/foto/NjAweDMzOC9maWx0ZXJzOnF1YWxpdHkoMTAwKS9uZWg=/zaT_qU_eJ_fss?st=lPM1HdIa-t8irZqRkHMCujU_17BZHmZpNqLPGj_VEto&ts=1709570300&e=0"]},{"title":"Zrekonštruovaný jednoizbový byt -Lučenec-na predaj","address":"Rúbanisko II, Lučenec, okres Lučenec","rooms":1,"meters":39,"totalPrice":null,"meterSquarePrice":null,"link":"https://www.nehnutelnosti.sk/detail/JuIJN8nLoao/zrekonstruovany-jednoizbovy-byt-lucenec-na-predaj","imagesUrls":["https://img.nehnutelnosti.sk/foto/NjAweDMzOC9maWx0ZXJzOnF1YWxpdHkoMTAwKS9uZWg=/n9Eh7uH0m_fss?st=t2aaRaFvc96qSOvPhHmB4uujrs57Iq8AVXZK3swQ_GE&ts=1719120344&e=0"]},{"title":"Zrekonštruovaný 2 izbový byt na predaj- Lučenec","address":"Rúbanisko ll, Lučenec, okres Lučenec","rooms":2,"meters":62,"totalPrice":73000,"meterSquarePrice":2,"link":"https://www.nehnutelnosti.sk/detail/Ju5-XAGzSsW/zrekonstruovany-2-izbovy-byt-na-predaj-lucenec","imagesUrls":["https://img.nehnutelnosti.sk/foto/NjAweDMzOC9maWx0ZXJzOnF1YWxpdHkoMTAwKS9uZWg=/AapCq9X0W_fss?st=CUGUkkdY3LtkOP2LwBbkafYwTOVxmOa87sx1A4UEJmI&ts=1708599419&e=0"]},{"title":"4 izbový byt Nitra Chrenová Lipová ulica ID 456-114-MIG","address":"Lipová, Nitra, okres Nitra","rooms":4,"meters":91,"totalPrice":null,"meterSquarePrice":null,"link":"https://www.nehnutelnosti.sk/detail/Jum_HxAQKMj/4-izbovy-byt-nitra-chrenova-lipova-ulica-id-456-114-mig","imagesUrls":["https://img.nehnutelnosti.sk/foto/NjAweDMzOC9maWx0ZXJzOnF1YWxpdHkoMTAwKS9uZWg=/V8GMpdLi9_fss?st=6TvxfTRjpTEzinpvlTilXu15dpuy5lMFh24cfKLhmOs&ts=1715954476&e=0"]},{"title":"Na predaj 3 izbový byt v meste Bošany  ID 165-113-LUGU","address":"Bošany, okres Partizánske","rooms":3,"meters":75,"totalPrice":83000,"meterSquarePrice":7,"link":"https://www.nehnutelnosti.sk/detail/JuTE9g-aDA1/na-predaj-3-izbovy-byt-v-meste-bosany-id-165-113-lugu","imagesUrls":["https://img.nehnutelnosti.sk/foto/NjAweDMzOC9maWx0ZXJzOnF1YWxpdHkoMTAwKS9uZWg=/JU6OUGGN9_fss?st=yM63oaOlijmGAwRiXTIb9ndH0kk4S0Q5My5w2UOrJe4&ts=1712513745&e=0"]},{"title":"Predaj, 2 izbový byt, 55m2, Turzovka, okres Čadca (229-112-MACHa)","address":"Hlavná, Turzovka, okres Čadca","rooms":2,"meters":55,"totalPrice":88950,"meterSquarePrice":7,"link":"https://www.nehnutelnosti.sk/detail/Ju0kCfcJsvf/predaj-2-izbovy-byt-55m2-turzovka-okres-cadca-229-112-macha","imagesUrls":["https://img.nehnutelnosti.sk/foto/NjAweDMzOC9maWx0ZXJzOnF1YWxpdHkoMTAwKS9uZWg=/qM2z8au6zv_fss?st=XrvzsuFuSs4DyjoMVHRYaz-9SPK7xhp1Uvp2eCgMLKo&ts=1706895163&e=0"]},{"title":"Predaj: 3 izbový byt, 69,66 m2, Čadca ( 230-113-MACHa)","address":"Okružná, Čadca, okres Čadca","rooms":3,"meters":69,"totalPrice":128000,"meterSquarePrice":0,"link":"https://www.nehnutelnosti.sk/detail/JuDqXRdJ9Jf/predaj-3-izbovy-byt-69-66-m2-cadca-230-113-macha","imagesUrls":["https://img.nehnutelnosti.sk/foto/NjAweDMzOC9maWx0ZXJzOnF1YWxpdHkoMTAwKS9uZWg=/9l2Dz_1vw_fss?st=VM6Ty6VU5iAeuGCAV_C4rtUFi_UKg_suAIyJI0dhhII&ts=1706965317&e=0"]},{"title":"Na Predaj 3- izbový byt Trenčianske Stankovce 189-113-MACHO","address":"sedlicna, Trenčianske Stankovce, okres Trenčín","rooms":3,"meters":79,"totalPrice":null,"meterSquarePrice":null,"link":"https://www.nehnutelnosti.sk/detail/JuL5uZfnbvQ/na-predaj-3-izbovy-byt-trencianske-stankovce-189-113-macho","imagesUrls":["https://img.nehnutelnosti.sk/foto/NjAweDMzOC9maWx0ZXJzOnF1YWxpdHkoMTAwKS9uZWg=/5X-1DnjSE_fss?st=Zon3gOEpIdoiK6XrBYaN7uwIRJCVB6VcNLiF_hh2M7E&ts=1705932366&e=0"]},{"title":"4-IZBOVÝ BYT J.BODONA RIMAVSKÁ SOBOTA - EXKLUZÍVNE NA PREDAJ","address":"Józsefa Bodona, Rimavská Sobota, okres Rimavská Sobota","rooms":4,"meters":72,"totalPrice":70000,"meterSquarePrice":4,"link":"https://www.nehnutelnosti.sk/detail/Jua7avlRU8o/4-izbovy-byt-j-bodona-rimavska-sobota-exkluzivne-na-predaj","imagesUrls":["https://img.nehnutelnosti.sk/foto/NjAweDMzOC9maWx0ZXJzOnF1YWxpdHkoMTAwKS9uZWg=/qxojj3Bcz_fss?st=NDen893gdPtyYf_wIdPOVgGOQ3h9Ra3_6DSGRET13Bs&ts=1705914772&e=0"]},{"title":"2 izbový byt Nitra - centrum, tehlový,bytový dom, vlastné kúrenie ID 441-112-MIGa","address":"Smetanova, Nitra, okres Nitra","rooms":2,"meters":62,"totalPrice":133000,"meterSquarePrice":6,"link":"https://www.nehnutelnosti.sk/detail/JuWLv0zLu-2/2-izbovy-byt-nitra-centrum-tehlovy-bytovy-dom-vlastne-kurenie-id-441-112-miga","imagesUrls":["https://img.nehnutelnosti.sk/foto/NjAweDMzOC9maWx0ZXJzOnF1YWxpdHkoMTAwKS9uZWg=/afamvdEbOg_fss?st=y94Kw03GxXlhWLsV8VPhgIsNLzTKbGQEK1Cc_zl-D0s&ts=1720769084&e=0"]},{"title":"HALO reality - Predaj, trojizbový byt Partizánske, Šípok","address":"Horská, Partizánske, okres Partizánske","rooms":3,"meters":60,"totalPrice":68990,"meterSquarePrice":3,"link":"https://www.nehnutelnosti.sk/detail/JuC-iz_gnRm/halo-reality-predaj-trojizbovy-byt-partizanske-sipok","imagesUrls":["https://img.nehnutelnosti.sk/foto/NjAweDMzOC9maWx0ZXJzOnF1YWxpdHkoMTAwKS9uZWg=/P-mx_VfC6x_fss?st=H88HMy14NslXHT_B-wy8rPa1VnGH-1Fsy4vr3YjezJE&ts=1726843632&e=0"]},{"title":"HALO reality - Predaj, trojizbový byt Partizánske, Šípok - EXKLUZÍVNE HALO REALITY","address":"Horská, Partizánske, okres Partizánske","rooms":3,"meters":59,"totalPrice":77500,"meterSquarePrice":6,"link":"https://www.nehnutelnosti.sk/detail/JuXgjVSO74A/halo-reality-predaj-trojizbovy-byt-partizanske-sipok-exkluzivne-halo-reality","imagesUrls":["https://img.nehnutelnosti.sk/foto/NjAweDMzOC9maWx0ZXJzOnF1YWxpdHkoMTAwKS9uZWg=/VHyk-sBtah_fss?st=g0JgK5rx4PsJBexMWSezvYSI83mMtZVSmFBea034zsM&ts=1726843626&e=0"]},{"title":"2-izb. byt - ul. Lúčky","address":"Lúčky, Holíč, okres Skalica","rooms":2,"meters":63,"totalPrice":95000,"meterSquarePrice":4,"link":"https://www.nehnutelnosti.sk/detail/JuwlVo0QLy9/2-izb-byt-ul-lucky","imagesUrls":["https://img.nehnutelnosti.sk/foto/NjAweDMzOC9maWx0ZXJzOnF1YWxpdHkoMTAwKS9uZWg=/6Cketj5JH-_fss?st=ODzIpK8xGafky_607L1X9k8ve-XyG-qxKzcANgKl4Lk&ts=1726843624&e=0"]},{"title":"HALO reality - Predaj, dvojizbový byt Nové Zámky, KOMPLETNÁ REKONŠTRUKCIA","address":"Nové Zámky, okres Nové Zámky","rooms":2,"meters":61,"totalPrice":118000,"meterSquarePrice":3,"link":"https://www.nehnutelnosti.sk/detail/JuyO0TdEab5D/halo-reality-predaj-dvojizbovy-byt-nove-zamky-kompletna-rekonstrukcia","imagesUrls":["https://img.nehnutelnosti.sk/foto/NjAweDMzOC9maWx0ZXJzOnF1YWxpdHkoMTAwKS9uZWg=/OhVCKV9ytV_fss?st=xG_u5lwi4jje9c-Ni4skbrVtBz9twbb8K5Lbu30Czj4&ts=1726843619&e=0"]},{"title":"HALO reality - Predaj, dvojizbový byt Levice","address":"Levice, okres Levice","rooms":2,"meters":64,"totalPrice":73990,"meterSquarePrice":9,"link":"https://www.nehnutelnosti.sk/detail/JuLFx9j_JtY/halo-reality-predaj-dvojizbovy-byt-levice","imagesUrls":["https://img.nehnutelnosti.sk/foto/NjAweDMzOC9maWx0ZXJzOnF1YWxpdHkoMTAwKS9uZWg=/M8mUg_ck3_fss?st=w2kV4JqrtgKCBDuH_YB92C72CMWbO7wfrluhyGWvq38&ts=1726843613&e=0"]}]