[{"title":"SIREAL MYJAVA - Ponúkame na predaj 3 izbový byt v širšom centre mesta v Novom Meste nad Váhom. PO ZĽ","address":"Klčové, Nové Mesto nad Váhom, okres Nové Mesto nad Váhom","rooms":3,"meters":71,"totalPrice":118000,"meterSquarePrice":7,"link":"https://www.nehnutelnosti.sk/detail/Judvz3wZudL/sireal-myjava-ponukame-na-predaj-3-izbovy-byt-v-sirsom-centre-mesta-v-novom-meste-nad-vahom-po-zl","imagesUrls":["https://img.nehnutelnosti.sk/foto/NjAweDMzOC9maWx0ZXJzOnF1YWxpdHkoMTAwKS9uZWg=/C1-Nzm1qLX_fss?st=vi90Jpyywl_GM-dJjlHTM_O5aK4VIJpMg7Sv6tqn5bk&ts=1726650151&e=0"]},{"title":"Ponúkame na predaj veľký 3-izbový byt v  Štúrove","address":"Štefánikova, Štúrovo, okres Nové Zámky","rooms":3,"meters":82,"totalPrice":85000,"meterSquarePrice":9,"link":"https://www.nehnutelnosti.sk/detail/Juh8K1D9AdG/ponukame-na-predaj-velky-3-izbovy-byt-v-sturove","imagesUrls":["https://img.unitedclassifieds.sk/foto/NjAweDMzOC9maWx0ZXJzOnF1YWxpdHkoMTAwKS9qdWw=/0djqvULqw_fss?st=ujNvQQ1pmFWujew0HE3dPmt-4L7wWsnRmMi-QepYQ_w&ts=1716374852&e=0"]},{"title":"Predám 3-izbový byt- Hlohovec","address":"Slov. nár. povstania, Hlohovec, okres Hlohovec","rooms":3,"meters":67,"totalPrice":145000,"meterSquarePrice":8,"link":"https://www.nehnutelnosti.sk/detail/JuW8fU7BA7U/predam-3-izbovy-byt-hlohovec","imagesUrls":["https://img.unitedclassifieds.sk/foto/NjAweDMzOC9maWx0ZXJzOnF1YWxpdHkoMTAwKS9qdWw=/7y5qQ1jZA_fss?st=IiKXBLmD_SB2V9S3iLf4nOHKJXDsP9Pj_OsA2dgyJJE&ts=1718268676&e=0"]},{"title":"REZERVOVANÉ- BE.LIVE COMPANY- PREDAJ- DVOJGARSÓNKA- KOMPLETNE ZREKONŠTRUOVANÁ-VYROVNANÁ PODLAHA- ZNI","address":"Znievska, Bratislava V - Petržalka, okres Bratislava","rooms":null,"meters":44,"totalPrice":165000,"meterSquarePrice":0,"link":"https://www.nehnutelnosti.sk/detail/JuraWA2Cu1W/rezervovane-be-live-company-predaj-dvojgarsonka-kompletne-zrekonstruovana-vyrovnana-podlaha-zni","imagesUrls":["https://img.nehnutelnosti.sk/foto/NjAweDMzOC9maWx0ZXJzOnF1YWxpdHkoMTAwKS9uZWg=/Io4pbLor1_fss?st=-czZXiZpch8lmAg1ZIO7oBBE6FQjwX4gmDwvXOnaT2g&ts=1721291379&e=0"]},{"title":"GREEN CORNER – RAČIANSKA 69 | Mestské bývanie so zelenou fasádou","address":"Račianska, Bratislava III - Nové Mesto, okres Bratislava","rooms":1,"meters":38,"totalPrice":199758,"meterSquarePrice":4,"link":"https://www.nehnutelnosti.sk/detail/Ju6xKDMqFh0/green-corner-racianska-69-mestske-byvanie-so-zelenou-fasadou","imagesUrls":["https://img.nehnutelnosti.sk/foto/NjAweDMzOC9maWx0ZXJzOnF1YWxpdHkoMTAwKS9uZWg=/SAxdOAIxu_fss?st=Yjb_X1F55bgZZn5uZDTenUfqA06tjmnUKmHKhMv-MoU&ts=1717624591&e=0"]},{"title":"Nový 2-izbový byt s parkovacím miestom v Nových Zámkoch","address":"Kasárenská, Nové Zámky, okres Nové Zámky","rooms":2,"meters":66,"totalPrice":119900,"meterSquarePrice":7,"link":"https://www.nehnutelnosti.sk/detail/JuMDezbxxFo/novy-2-izbovy-byt-s-parkovacim-miestom-v-novych-zamkoch","imagesUrls":["https://img.unitedclassifieds.sk/foto/NjAweDMzOC9maWx0ZXJzOnF1YWxpdHkoMTAwKS9qdWw=/cJoeOTE_0_fss?st=etoe0Foc6B0bvSzNIBE8hRvO3qhwW7ngzDXOOIa7GnY&ts=1714569258&e=0"]},{"title":"ATRAKTÍVNY 4-IZBOVÝ BYT S KRÁSNYM VÝHĽADOM","address":"Považská Bystrica, okres Považská Bystrica","rooms":4,"meters":80,"totalPrice":159000,"meterSquarePrice":0,"link":"https://www.nehnutelnosti.sk/detail/JuXOmSjbWci/atraktivny-4-izbovy-byt-s-krasnym-vyhladom","imagesUrls":["https://img.unitedclassifieds.sk/foto/NjAweDMzOC9maWx0ZXJzOnF1YWxpdHkoMTAwKS9qdWw=/Aci3GOE41_fss?st=uJJtYGHR363jyc-cSCDZxbN_okNSK7HrIXWX-mbEqQk&ts=1721282276&e=0"]},{"title":"Výhradne - Na predaj čiastočne zrekonštruovaný 3-izbový byt v Nových Zámkoch","address":"G. Bethlena, Nové Zámky, okres Nové Zámky","rooms":3,"meters":72,"totalPrice":93000,"meterSquarePrice":7,"link":"https://www.nehnutelnosti.sk/detail/Ju835ZlSa8x/vyhradne-na-predaj-ciastocne-zrekonstruovany-3-izbovy-byt-v-novych-zamkoch","imagesUrls":["https://img.nehnutelnosti.sk/foto/NjAweDMzOC9maWx0ZXJzOnF1YWxpdHkoMTAwKS9uZWg=/DHbPZH_SC_fss?st=wQFc_v3OE_MTY4OsR2CDxXikN8zSu9HFbIWHuoJBfsA&ts=1719087980&e=0"]},{"title":"Moderný 2 izbový byt vo vyhľadávanej lokalite","address":"Trenčín, okres Trenčín","rooms":2,"meters":54,"totalPrice":125,"meterSquarePrice":1,"link":"https://www.nehnutelnosti.sk/detail/JunsONp1-nB/moderny-2-izbovy-byt-vo-vyhladavanej-lokalite","imagesUrls":["https://img.unitedclassifieds.sk/foto/NjAweDMzOC9maWx0ZXJzOnF1YWxpdHkoMTAwKS9qdWw=/CebG5l1Yj_fss?st=hWpfI5yPPd3yQUf_D07hcYPjGTjC5CSbZUIbgl7zokw&ts=1721239276&e=0"]},{"title":"Predaj - 2i byt, 52m2, tehlová bytovka,  Nitra - Kalvária","address":"Nitra, okres Nitra","rooms":2,"meters":55,"totalPrice":129990,"meterSquarePrice":5,"link":"https://www.nehnutelnosti.sk/detail/JuNv3c1MLJl4/predaj-2i-byt-52m2-tehlova-bytovka-nitra-kalvaria","imagesUrls":["https://img.nehnutelnosti.sk/foto/NjAweDMzOC9maWx0ZXJzOnF1YWxpdHkoMTAwKS9uZWg=/Gwucfo-AfI_fss?st=5mCKG_pmEWkXhSpKOygCBQ5YgafIONE3S4lTLcrOnJc&ts=1705922313&e=0"]},{"title":"Priestranný 3 izbový byt / Rezervovaný","address":"Nové Mesto nad Váhom, okres Nové Mesto nad Váhom","rooms":3,"meters":65,"totalPrice":110000,"meterSquarePrice":1,"link":"https://www.nehnutelnosti.sk/detail/JuBObKWlHQ3/priestranny-3-izbovy-byt-rezervovany","imagesUrls":["https://img.unitedclassifieds.sk/foto/NjAweDMzOC9maWx0ZXJzOnF1YWxpdHkoMTAwKS9qdWw=/n5e0c55Na_fss?st=35Mq2zXcVMHy0gnrSzb4PS3L4uTKKpBuB1BwsoY6lbY&ts=1721237040&e=0"]},{"title":"Slnečný 3 izbový byt s balkónom vo výbornej lokalite  JUH Topoľčany","address":"Topoľčany, okres Topoľčany","rooms":3,"meters":null,"totalPrice":null,"meterSquarePrice":null,"link":"https://www.nehnutelnosti.sk/detail/JuyLFJGG8xo/slnecny-3-izbovy-byt-s-balkonom-vo-vybornej-lokalite-juh-topolcany","imagesUrls":["https://img.nehnutelnosti.sk/foto/NjAweDMzOC9maWx0ZXJzOnF1YWxpdHkoMTAwKS9uZWg=/B57sCcNIn_fss?st=fYrAL09GFiMKWCbLVlCvB8Uqx-LxNhI4iTr5YCkXM1o&ts=1725274950&e=0"]},{"title":"2 IZB. APARTMÁN NA PREDAJ, JASNÁ - DEMÄNOVÁ REZORT, LIPTOVSKÝ MIKULÁŠ.","address":"Demänovská, Liptovský Mikuláš, okres Liptovský Mikuláš","rooms":2,"meters":null,"totalPrice":null,"meterSquarePrice":null,"link":"https://www.nehnutelnosti.sk/detail/JuWbnAUA-TH/2-izb-apartman-na-predaj-jasna-demanova-rezort-liptovsky-mikulas","imagesUrls":["https://img.nehnutelnosti.sk/foto/NjAweDMzOC9maWx0ZXJzOnF1YWxpdHkoMTAwKS9uZWg=/It5BceqvGz_fss?st=NfMd2UfA59ds1DsTfmApjAZRU8E-sCEgWwxyWzUoiwQ&ts=1724344873&e=0"]},{"title":"Exkluzívne len u nás! Novozrekonštruovaný 3 izbový byt na Vodnej ul. pri centre","address":"Vodná, Komárno, okres Komárno","rooms":3,"meters":77,"totalPrice":115000,"meterSquarePrice":1,"link":"https://www.nehnutelnosti.sk/detail/Jur0C0BnCs6/exkluzivne-len-u-nas-novozrekonstruovany-3-izbovy-byt-na-vodnej-ul-pri-centre","imagesUrls":["https://img.nehnutelnosti.sk/foto/NjAweDMzOC9maWx0ZXJzOnF1YWxpdHkoMTAwKS9uZWg=/7ZJsp4WsdL_fss?st=NAVJZlkAGTJhjcRQDo9SyhsXuM2msswyQHI6pj1nJx8&ts=1705676627&e=0"]},{"title":"JUH - TURGENEVOVA PEKNÝ 3 IZBOVÝ BYT 55 M2, LODŽIA.","address":"Turgenevova, Košice IV - Juh, okres Košice","rooms":3,"meters":55,"totalPrice":149000,"meterSquarePrice":9,"link":"https://www.nehnutelnosti.sk/detail/Ju_DKcLf3it/juh-turgenevova-pekny-3-izbovy-byt-55-m2-lodzia","imagesUrls":["https://img.nehnutelnosti.sk/foto/NjAweDMzOC9maWx0ZXJzOnF1YWxpdHkoMTAwKS9uZWg=/3BtVQPHNH_fss?st=pTRpbPl6nUWfzjuUJBPwlQIDLL2sIb2aIC73yUIsZT0&ts=1721235849&e=0"]},{"title":"NOVOSTAVBA 2 izb. byt Stupava","address":"Ul. Jána Ondruša, Stupava, okres Malacky","rooms":2,"meters":44,"totalPrice":129900,"meterSquarePrice":7,"link":"https://www.nehnutelnosti.sk/detail/JuewaKmaZ7Z/novostavba-2-izb-byt-stupava","imagesUrls":["https://img.nehnutelnosti.sk/foto/NjAweDMzOC9maWx0ZXJzOnF1YWxpdHkoMTAwKS9uZWg=/V2hmI02_Y_fss?st=nRgNHhEC8mazPPBxhLpZCfCEIu1dyFFHZlKphOa0Ytg&ts=1724558850&e=0"]},{"title":"2 izb. byt Stupava NOVOSTAVBA","address":"Ul. Jána Ondruša, Stupava, okres Malacky","rooms":2,"meters":44,"totalPrice":129900,"meterSquarePrice":7,"link":"https://www.nehnutelnosti.sk/detail/JuGPzf7rKzK/2-izb-byt-stupava-novostavba","imagesUrls":["https://img.nehnutelnosti.sk/foto/NjAweDMzOC9maWx0ZXJzOnF1YWxpdHkoMTAwKS9uZWg=/nV5oZsJ-9_fss?st=6PbvmzFBGn2bYGGnJXXQDhTOXosUcfnfELrhiXKqtFQ&ts=1725252709&e=0"]},{"title":"Priestranný 3 izbový byt v Trenčíne","address":"Trenčín, okres Trenčín","rooms":3,"meters":70,"totalPrice":149000,"meterSquarePrice":7,"link":"https://www.nehnutelnosti.sk/detail/JucJ4c5an9p/priestranny-3-izbovy-byt-v-trencine","imagesUrls":["https://img.unitedclassifieds.sk/foto/NjAweDMzOC9maWx0ZXJzOnF1YWxpdHkoMTAwKS9qdWw=/Qph7OgiPR_fss?st=YGew3ws6ksQZ5OZgmisqkSWFhiyI8kyNNvSOkChkalk&ts=1718742836&e=0"]},{"title":"4izbový byt, za soc. poistovňou, ideálne 3.poschodie, 84m2, 109500€.","address":"M.R. Štefánika, Trebišov, okres Trebišov","rooms":4,"meters":84,"totalPrice":109500,"meterSquarePrice":7,"link":"https://www.nehnutelnosti.sk/detail/JuV32f70-Qs/4izbovy-byt-za-soc-poistovnou-idealne-3-poschodie-84m2-109500","imagesUrls":["https://img.nehnutelnosti.sk/foto/NjAweDMzOC9maWx0ZXJzOnF1YWxpdHkoMTAwKS9uZWg=/a7cj_u5xz_fss?st=BizTBft0EySzJeVoDSQKBsyAH86NgSX650Fqyh9cJGE&ts=1725606391&e=0"]},{"title":"PREDAJ, kompletne rekonštruovaný 3 izb. byt, Košická ulica - HE","address":"Košická, Humenné, okres Humenné","rooms":3,"meters":76,"totalPrice":114900,"meterSquarePrice":4,"link":"https://www.nehnutelnosti.sk/detail/JuM9BfO948i/predaj-kompletne-rekonstruovany-3-izb-byt-kosicka-ulica-he","imagesUrls":["https://img.nehnutelnosti.sk/foto/NjAweDMzOC9maWx0ZXJzOnF1YWxpdHkoMTAwKS9uZWg=/AqH_7FuD4_fss?st=YrcddroDQw3EpRSY9PkbI0wtMfet-ZKlbq1H2yOJejw&ts=1721227652&e=0"]},{"title":"Tehlový byt s balkónom, garážou, vlastnou záhradou a krásnym výhľadom.","address":"Družstevná ul. 1, Komárno, okres Komárno","rooms":3,"meters":74,"totalPrice":129990,"meterSquarePrice":2,"link":"https://www.nehnutelnosti.sk/detail/JugGveLOmNq/tehlovy-byt-s-balkonom-garazou-vlastnou-zahradou-a-krasnym-vyhladom","imagesUrls":["https://img.unitedclassifieds.sk/foto/NjAweDMzOC9maWx0ZXJzOnF1YWxpdHkoMTAwKS9yc2Y=/VFUEpaVLq_fss?st=BsicuUO-1ntRRh_dJUKswZJ0_5s3Dt6fk0ZJ-3yu6OY&ts=1715815764&e=0"]},{"title":"SKOLAUDOVANÉ! Kvalitný 4 izbový byt s pozemkom a 3 x parkovacím miestom v obci Miloslavov - Alžbetin","address":"Hlavná, Miloslavov, okres Senec","rooms":4,"meters":80,"totalPrice":185000,"meterSquarePrice":0,"link":"https://www.nehnutelnosti.sk/detail/JuoiuzqYXyk/skolaudovane-kvalitny-4-izbovy-byt-s-pozemkom-a-3-x-parkovacim-miestom-v-obci-miloslavov-alzbetin","imagesUrls":["https://img.unitedclassifieds.sk/foto/NjAweDMzOC9maWx0ZXJzOnF1YWxpdHkoMTAwKS9yc2Y=/MjyVfPH4b_fss?st=qP_TI5aj9anJVPWBnncTYPGhesS4SsDHDUayK5SCmRU&ts=1715734196&e=0"]},{"title":"Skolaudované! Predám 4 izbový byt so záhradou v centre Miloslavova AD! 3 x parkovanie, terasa, t.čer","address":"Hlavná, Miloslavov, okres Senec","rooms":4,"meters":80,"totalPrice":185000,"meterSquarePrice":0,"link":"https://www.nehnutelnosti.sk/detail/JuVlpXVelMq/skolaudovane-predam-4-izbovy-byt-so-zahradou-v-centre-miloslavova-ad-3-x-parkovanie-terasa-t-cer","imagesUrls":["https://img.unitedclassifieds.sk/foto/NjAweDMzOC9maWx0ZXJzOnF1YWxpdHkoMTAwKS9yc2Y=/tqE5WrvW0_fss?st=piYOdFkMSwvqs7PHaGb3E_AxgdvCCsUyAGPH8VssTtQ&ts=1715731084&e=0"]},{"title":"Mezonet 102m2 s pozemkom 320m2, 3 x parkovanie za výbornú cenu 210.000,-","address":"Štvrtocká, Miloslavov, okres Senec","rooms":4,"meters":102,"totalPrice":209990,"meterSquarePrice":3,"link":"https://www.nehnutelnosti.sk/detail/JuzM1kt8apB/mezonet-102m2-s-pozemkom-320m2-3-x-parkovanie-za-vybornu-cenu-210-000","imagesUrls":["https://img.unitedclassifieds.sk/foto/NjAweDMzOC9maWx0ZXJzOnF1YWxpdHkoMTAwKS9yc2Y=/MeCGo-K2Z_fss?st=HhVdXPAhcD63IuG-Rs97i23hI7_eYXiPAYcpa_c-iYs&ts=1715811110&e=0"]},{"title":"POSLEDNÝ! SKOLAUDOVANÉ! Pozemok 300m2, oplotenie, 3 x parkovanie v cene! Nízke náklady!","address":"Wienerova alej, Miloslavov, okres Senec","rooms":3,"meters":67,"totalPrice":190000,"meterSquarePrice":2,"link":"https://www.nehnutelnosti.sk/detail/JuWhfMDeVdDP/posledny-skolaudovane-pozemok-300m2-oplotenie-3-x-parkovanie-v-cene-nizke-naklady","imagesUrls":["https://img.unitedclassifieds.sk/foto/NjAweDMzOC9maWx0ZXJzOnF1YWxpdHkoMTAwKS9yc2Y=/Z7LoRWHxx_fss?st=hRfbNgU0Koc5QzY4rZAbLvEJDzlZAom8h7hoVZ0F2bs&ts=1715727086&e=0"]},{"title":"NOVÝ PROJEKT ! 4 izbový byt s pozemkom v dvojdome, tepelné čerpadlo, oplotenie, terasa, 2 x parking","address":"Štvrtocká, Miloslavov, okres Senec","rooms":4,"meters":80,"totalPrice":189990,"meterSquarePrice":8,"link":"https://www.nehnutelnosti.sk/detail/Juv4sikoC32/novy-projekt-4-izbovy-byt-s-pozemkom-v-dvojdome-tepelne-cerpadlo-oplotenie-terasa-2-x-parking","imagesUrls":["https://img.unitedclassifieds.sk/foto/NjAweDMzOC9maWx0ZXJzOnF1YWxpdHkoMTAwKS9yc2Y=/Ic2QMORHz_fss?st=iTkjCiCv7a5vg1PiXDZVhU-fQpol3n0kt4v3lWYwIiw&ts=1715802965&e=0"]},{"title":"LEN U NÁS - IDEÁLNE AJ NA INVESTÍCIU - KOMPLETNE ZRENOVOVANÝ A ZARIADENÝ 2 IZBOVÝ BYT","address":"Vnútorná Okružná, Komárno, okres Komárno","rooms":2,"meters":47,"totalPrice":83000,"meterSquarePrice":6,"link":"https://www.nehnutelnosti.sk/detail/Jup-3CziEKI/len-u-nas-idealne-aj-na-investiciu-kompletne-zrenovovany-a-zariadeny-2-izbovy-byt","imagesUrls":["https://img.nehnutelnosti.sk/foto/NjAweDMzOC9maWx0ZXJzOnF1YWxpdHkoMTAwKS9uZWg=/KGmxck_t-_fss?st=1GZDxYx8JKy5WQzEEoZ0zXP_WKLkVCxxPYDmp-acwpc&ts=1721226610&e=0"]},{"title":"PREDAJ 1 izbového bytu blízko centra v HUMENNOM (3D+VIDEO)","address":"Osloboditeľov, Humenné, okres Humenné","rooms":1,"meters":43,"totalPrice":76990,"meterSquarePrice":7,"link":"https://www.nehnutelnosti.sk/detail/Ju0cfz0X4F4/predaj-1-izboveho-bytu-blizko-centra-v-humennom-3d-video","imagesUrls":["https://img.nehnutelnosti.sk/foto/NjAweDMzOC9maWx0ZXJzOnF1YWxpdHkoMTAwKS9uZWg=/ltFt-fUCst_fss?st=VdZeGYtzoOB35ilR6HE7PqAcgAfRKYTSiUWIR8bhewE&ts=1724746772&e=0"]},{"title":"GREEN CORNER – RAČIANSKA 69 | Mestské bývanie so zeleňou","address":"Račianska 69, Bratislava III - Nové Mesto, okres Bratislava","rooms":2,"meters":null,"totalPrice":null,"meterSquarePrice":null,"link":"https://www.nehnutelnosti.sk/detail/JuNVFCt9v10/green-corner-racianska-69-mestske-byvanie-so-zelenou","imagesUrls":["https://img.nehnutelnosti.sk/foto/NjAweDMzOC9maWx0ZXJzOnF1YWxpdHkoMTAwKS9uZWg=/yc6nzk94P_fss?st=N2LC7TaBRQlAvoEucG6kXIE7F9D4W4qFh0IG9vbPzHA&ts=1717628954&e=0"]},{"title":"LUNA RESIDENCE | Bytový dom B –NOVÁ SKLADBA BYTOV– aj 3 izb.","address":"Allendeho, Poprad, okres Poprad","rooms":3,"meters":80,"totalPrice":170264,"meterSquarePrice":0,"link":"https://www.nehnutelnosti.sk/detail/JueULV6ZQ2Y/luna-residence-bytovy-dom-b-nova-skladba-bytov-aj-3-izb","imagesUrls":["https://img.unitedclassifieds.sk/foto/NjAweDMzOC9maWx0ZXJzOnF1YWxpdHkoMTAwKS9qdWw=/Y9qhmWy6K_fss?st=UDDKzeNZf40lWnQ9VPG9NckJMCzoNsCtLpBh7VZr4P0&ts=1726061519&e=0"]}]