[{"title":"Zrekonštruovaný 3 - izbový byt na predaj,  Lánska, Považská Bystrica","address":"Lánska, Považská Bystrica, okres Považská Bystrica","rooms":3,"meters":70,"totalPrice":145000,"meterSquarePrice":3,"link":"https://www.nehnutelnosti.sk/detail/JuNX9VHuX5P/zrekonstruovany-3-izbovy-byt-na-predaj-lanska-povazska-bystrica","imagesUrls":["https://img.nehnutelnosti.sk/foto/NjAweDMzOC9maWx0ZXJzOnF1YWxpdHkoMTAwKS9uZWg=/kE81xWgZhW_fss?st=xhofnCFovmKpWX1A_21RGVeYiWI-268RS4T9hUXH0kk&ts=1721920665&e=0"]},{"title":"Podkrovný 2,5 izbový byt v centre mesta na predaj!","address":"Dobrovského, Bratislava I - Staré Mesto, okres Bratislava","rooms":3,"meters":57,"totalPrice":279000,"meterSquarePrice":2,"link":"https://www.nehnutelnosti.sk/detail/JubpRfTtQ-e/podkrovny-2-5-izbovy-byt-v-centre-mesta-na-predaj","imagesUrls":["https://img.nehnutelnosti.sk/foto/NjAweDMzOC9maWx0ZXJzOnF1YWxpdHkoMTAwKS9uZWg=/ayr2zfW1S_fss?st=zwL2LWoqfTWajOzeBuF2WI7CEKkXxpeLg7GTbNNEUJU&ts=1718175813&e=0"]},{"title":"*** PREDAJ * 3-izbový byt * Bratislava * centrum * Staré Mesto * krásny výhľad * 98m2","address":"Bratislava I - Staré Mesto, okres Bratislava","rooms":3,"meters":97,"totalPrice":425000,"meterSquarePrice":0,"link":"https://www.nehnutelnosti.sk/detail/JueFQUtp41E/predaj-3-izbovy-byt-bratislava-centrum-stare-mesto-krasny-vyhlad-98m2","imagesUrls":["https://img.nehnutelnosti.sk/foto/NjAweDMzOC9maWx0ZXJzOnF1YWxpdHkoMTAwKS9uZWg=/_Yr5EgbZI_fss?st=8COkba13GCai7zkIcBxUeJdOvxUQRZ_Drgp75WR6BGE&ts=1721729008&e=0"]},{"title":"1-izbový byt v kludnej lokalite v Rohožníku na predaj","address":"Školské Námestie, Rohožník, Malacky, okres Malacky","rooms":1,"meters":39,"totalPrice":null,"meterSquarePrice":null,"link":"https://www.nehnutelnosti.sk/5492954/1-izbovy-byt-v-kludnej-lokalite-v-rohozniku-na-predaj/","imagesUrls":["https://img.nehnutelnosti.sk/foto/NjAweDMzOC9maWx0ZXJzOnF1YWxpdHkoMTAwKS9uZWg=/6QwDOw11-t_fss?st=El9DfkhsGXX-bJO_jpa9MeDWip-EuaIKnU8PMbUo3rc&ts=1721651909&e=0"]},{"title":"*** REZERVOVANÉ * 2-izbový byt * Bratislava * centrum * Staré Mesto * 36m2 * kompletná rekonštrukcia","address":"Gajova, Bratislava I - Staré Mesto, okres Bratislava","rooms":2,"meters":35,"totalPrice":199980,"meterSquarePrice":8,"link":"https://www.nehnutelnosti.sk/detail/Ju7gFsi3nZ1/rezervovane-2-izbovy-byt-bratislava-centrum-stare-mesto-36m2-kompletna-rekonstrukcia","imagesUrls":["https://img.nehnutelnosti.sk/foto/NjAweDMzOC9maWx0ZXJzOnF1YWxpdHkoMTAwKS9uZWg=/9Hi2z-d8E_fss?st=pWdB0zCuqJQr-HxHZc3LDP_3KGl5AUg-XDu83GDP5jY&ts=1720617665&e=0"]},{"title":"Predaj * dvojgarzónka * 35,59 m2 * skvelé dopravné spojenie * moderný interiér * Vlčie hrdlo","address":"Vlčie hrdlo, Bratislava II - Ružinov, okres Bratislava","rooms":null,"meters":35,"totalPrice":99980,"meterSquarePrice":2,"link":"https://www.nehnutelnosti.sk/detail/JuYMrG0aQ2Z/predaj-dvojgarzonka-35-59-m2-skvele-dopravne-spojenie-moderny-interier-vlcie-hrdlo","imagesUrls":["https://img.nehnutelnosti.sk/foto/NjAweDMzOC9maWx0ZXJzOnF1YWxpdHkoMTAwKS9uZWg=/xXxrp3LXK_fss?st=9kuWx4EBTJhiJgAnvpWDtss-jWdA4Cq7ny1-BfcwnPA&ts=1715262908&e=0"]},{"title":"Výnimočný 2. izbový byt pri Penati Golf Resorte - hrubá stavba ukončená.","address":"Šajdíkove Humence, okres Senica","rooms":2,"meters":54,"totalPrice":209000,"meterSquarePrice":8,"link":"https://www.nehnutelnosti.sk/detail/JubED069E-2/vynimocny-2-izbovy-byt-pri-penati-golf-resorte-hruba-stavba-ukoncena","imagesUrls":["https://img.nehnutelnosti.sk/foto/NjAweDMzOC9maWx0ZXJzOnF1YWxpdHkoMTAwKS9uZWg=/PTxzYba3Z_fss?st=P0gXIkkDqR51ckuhgF_HrfCruB3yCX6vjZWS7wfr3CI&ts=1713864114&e=0"]},{"title":"Hľadáme 1-izbový byt v Bratislave","address":"Staromestská, Bratislava I - Staré Mesto, okres Bratislava","rooms":1,"meters":null,"totalPrice":null,"meterSquarePrice":null,"link":"https://www.nehnutelnosti.sk/detail/Ju6nP7ZNyQ6/hladame-1-izbovy-byt-v-bratislave","imagesUrls":[]},{"title":"Na Predaj 2(3) izbový byt, 95m2 v centre BA - Medená","address":"Medená, Bratislava I - Staré Mesto, okres Bratislava","rooms":2,"meters":95,"totalPrice":453000,"meterSquarePrice":2,"link":"https://www.nehnutelnosti.sk/detail/JufrGvHNnzg/na-predaj-23-izbovy-byt-95m2-v-centre-ba-medena","imagesUrls":["https://img.nehnutelnosti.sk/foto/NjAweDMzOC9maWx0ZXJzOnF1YWxpdHkoMTAwKS9uZWg=/jkZf_GoZD_fss?st=PpDeExcSFBQpQ_bmQJLU0TFSDMd1IRdMxjPr6iYN17w&ts=1709491128&e=0"]},{"title":"NOVOSTAVBA_4 izb. byt ''B'' v radovej zástavbe /140 m2/ Žilina - Trnové","address":"Do Mažiarca, Žilina - Trnové, okres Žilina","rooms":4,"meters":140,"totalPrice":365000,"meterSquarePrice":4,"link":"https://www.nehnutelnosti.sk/detail/JuLepNV3Kct/novostavba-4-izb-byt-b-v-radovej-zastavbe-140-m2-zilina-trnove","imagesUrls":["https://img.nehnutelnosti.sk/foto/NjAweDMzOC9maWx0ZXJzOnF1YWxpdHkoMTAwKS9uZWg=/UGZ6RWoyh_fss?st=IGLqVaG1CknnoFnSqZfmsDvVvMJ2MRUmZmwIn1NYwQs&ts=1716808185&e=0"]},{"title":"NOVOSTAVBA_4 izb. byt ''A'' v radovej zástavbe /140 m2/ Žilina - Trnové","address":"Do Mažiarca, Žilina - Trnové, okres Žilina","rooms":4,"meters":140,"totalPrice":365000,"meterSquarePrice":4,"link":"https://www.nehnutelnosti.sk/detail/Ju2hZ7K3qdx/novostavba-4-izb-byt-a-v-radovej-zastavbe-140-m2-zilina-trnove","imagesUrls":["https://img.nehnutelnosti.sk/foto/NjAweDMzOC9maWx0ZXJzOnF1YWxpdHkoMTAwKS9uZWg=/dEegR14WxO_fss?st=sgrq0hdERb92HqcD2YH5G-3b-OwFDdnz4CXv1bNzlqc&ts=1716808151&e=0"]},{"title":"NOVOSTAVBA - 5 IZB BYT s TERASOU 127 m2, 3 x KÚPEĽŇA s WC, 2 x PARKOVACIE MIESTO, KOŠICE","address":"Lorinčík - Háje, Košice II - Lorinčík, okres Košice","rooms":5,"meters":105,"totalPrice":null,"meterSquarePrice":null,"link":"https://www.nehnutelnosti.sk/detail/JuBFyHLVxwol/novostavba-5-izb-byt-s-terasou-127-m2-3-x-kupelna-s-wc-2-x-parkovacie-miesto-kosice","imagesUrls":["https://img.unitedclassifieds.sk/foto/NjAweDMzOC9maWx0ZXJzOnF1YWxpdHkoMTAwKS9yc2Y=/MQjm_hbCT_fss?st=5XvjN5m2aJqT-DInBYvoEGdQTpP2a551rqF_nHQzgUw&ts=1686309660&e=0"]},{"title":"STARÁ LESNÁ (VYSOKÉ TATRY) - 2 IZB BYT s TERASOU s VÝHĽADOM na LOMNIČÁK, 76,4 m2","address":"Tatranská, Stará Lesná, okres Kežmarok","rooms":2,"meters":76,"totalPrice":245000,"meterSquarePrice":1,"link":"https://www.nehnutelnosti.sk/detail/JuXua-NM83x/stara-lesna-vysoke-tatry-2-izb-byt-s-terasou-s-vyhladom-na-lomnicak-76-4-m2","imagesUrls":["https://img.unitedclassifieds.sk/foto/NjAweDMzOC9maWx0ZXJzOnF1YWxpdHkoMTAwKS9qdWw=/awkJuEdFj_fss?st=fozDCreUevXR-X5SYW9iFSt_FraYShNnYYTD84mSwjg&ts=1725437652&e=0"]},{"title":"AMURSKÁ ul. - PRIESTRANNÝ 1 IZB BYT s LOGGIOU pri JAZERE, KOŠICE, 50m2","address":"Amurská, Košice IV - Nad jazerom, okres Košice","rooms":1,"meters":50,"totalPrice":null,"meterSquarePrice":null,"link":"https://www.nehnutelnosti.sk/detail/JuBARnZ-487/amurska-ul-priestranny-1-izb-byt-s-loggiou-pri-jazere-kosice-50m2","imagesUrls":["https://img.unitedclassifieds.sk/foto/NjAweDMzOC9maWx0ZXJzOnF1YWxpdHkoMTAwKS9qdWw=/upRvvP-ny_fss?st=Otv8KfFNKa8J-riJgQ2DLGFJ9ZRKfNiowYI9BwiHdyg&ts=1721128991&e=0"]},{"title":"TATRANSKÉ MATLIARE - 3 IZB BYT s LOGGIOU, VYSOKÉ TATRY","address":"Tatranské Matliare, Vysoké Tatry, okres Poprad","rooms":3,"meters":77,"totalPrice":null,"meterSquarePrice":null,"link":"https://www.nehnutelnosti.sk/detail/JunhkRhJm-q/tatranske-matliare-3-izb-byt-s-loggiou-vysoke-tatry","imagesUrls":["https://img.unitedclassifieds.sk/foto/NjAweDMzOC9maWx0ZXJzOnF1YWxpdHkoMTAwKS9qdWw=/lNekaey3S_fss?st=Nve_NUVNYEUeJ-eyBjkeuDndnlFhqqx3qxOMjjbn7FI&ts=1721055567&e=0"]},{"title":"2 IZB BYT v HISTORICKOM CENTRE, KOŠICE-HLAVNÁ ul.","address":"Hlavná, Košice I - Staré Mesto, okres Košice","rooms":2,"meters":68,"totalPrice":235000,"meterSquarePrice":8,"link":"https://www.nehnutelnosti.sk/detail/JuXXqVtG3Gq/2-izb-byt-v-historickom-centre-kosice-hlavna-ul","imagesUrls":["https://img.unitedclassifieds.sk/foto/NjAweDMzOC9maWx0ZXJzOnF1YWxpdHkoMTAwKS9qdWw=/CIfNhP_xb_fss?st=fjEQSJufpt0uy0KA3OzHerhzaU-U3dzBZGdCFS0Nv4k&ts=1725442098&e=0"]},{"title":"3 IZB BYT po KOMPLETNEJ REKONŠTRUKCII s LOGGIOU, BUKUREŠTSKÁ, KOŠICE","address":"Bukureštská, Košice I - Sídlisko Ťahanovce, okres Košice","rooms":3,"meters":70,"totalPrice":169800,"meterSquarePrice":1,"link":"https://www.nehnutelnosti.sk/detail/Ju0RQSUpwbs/3-izb-byt-po-kompletnej-rekonstrukcii-s-loggiou-bukurestska-kosice","imagesUrls":["https://img.unitedclassifieds.sk/foto/NjAweDMzOC9maWx0ZXJzOnF1YWxpdHkoMTAwKS9qdWw=/1SoQ7C1W-_fss?st=0bC6HnAbYDAV34UmjJ7LhUInEn70lfab6m1mSfbShIs&ts=1722674550&e=0"]},{"title":"JAZERO - 2 IZB BYT s LOGGIOU, NÁM. KOZMONAUTOV, 4.posch., 52 m2, KOŠICE","address":"Námestie kozmonautov, Košice IV - Nad jazerom, okres Košice","rooms":2,"meters":52,"totalPrice":135000,"meterSquarePrice":5,"link":"https://www.nehnutelnosti.sk/detail/JuFbAfQkMA0/jazero-2-izb-byt-s-loggiou-nam-kozmonautov-4-posch-52-m2-kosice","imagesUrls":["https://img.unitedclassifieds.sk/foto/NjAweDMzOC9maWx0ZXJzOnF1YWxpdHkoMTAwKS9qdWw=/ERBjok-sP_fss?st=0q1pKn0aYcmfFkTs6K-R1lop5xstaCMvN2fu1T-Uxbk&ts=1722677755&e=0"]},{"title":"AZOVSKÁ ul. - 3 IZB BYT s LOGGIOU s VÝHĽADOM na JAZERO, KOŠICE","address":"Azovská, Košice IV - Nad jazerom, okres Košice","rooms":3,"meters":70,"totalPrice":null,"meterSquarePrice":null,"link":"https://www.nehnutelnosti.sk/detail/JuZ72m9auBH/azovska-ul-3-izb-byt-s-loggiou-s-vyhladom-na-jazero-kosice","imagesUrls":["https://img.unitedclassifieds.sk/foto/NjAweDMzOC9maWx0ZXJzOnF1YWxpdHkoMTAwKS9qdWw=/f756vwNK2_fss?st=-2BRm2SZ3FzodvVyK11w4gl6TCbLcyFCkUuBYcSEt-E&ts=1721138216&e=0"]},{"title":"3 IZB TEHLOVÝ BYT 10 min. od KOŠÍC, BIDOVCE, 62 m2","address":"Bidovce, Košice okolie, okres Košice - okolie","rooms":3,"meters":62,"totalPrice":98700,"meterSquarePrice":4,"link":"https://www.nehnutelnosti.sk/detail/JuT4Xovrf6d/3-izb-tehlovy-byt-10-min-od-kosic-bidovce-62-m2","imagesUrls":["https://img.unitedclassifieds.sk/foto/NjAweDMzOC9maWx0ZXJzOnF1YWxpdHkoMTAwKS9qdWw=/0kqFd9PGXg_fss?st=Wrm_dAS8EMVjo-y1CsqNai0Bg_CG0y-Gs1CcpvUCNLY&ts=1725523191&e=0"]},{"title":"BELVEDERE - 2 IZB BYT v NOVOSTAVBE s BALKÓNOM a PARKOVACÍM MIESTOM, KOŠICE-ZÁPAD","address":"Topolčianska, Košice II - Západ, okres Košice","rooms":2,"meters":47,"totalPrice":189300,"meterSquarePrice":6,"link":"https://www.nehnutelnosti.sk/detail/JuabfycsBRj/belvedere-2-izb-byt-v-novostavbe-s-balkonom-a-parkovacim-miestom-kosice-zapad","imagesUrls":["https://img.unitedclassifieds.sk/foto/NjAweDMzOC9maWx0ZXJzOnF1YWxpdHkoMTAwKS9qdWw=/0FuNx4WYH_fss?st=cUxblBbpzlWtQPko9K7MvYMJXW8_XpHXK4M01yq4_7Q&ts=1725815357&e=0"]},{"title":"POŠTOVÁ ul. - 4 IZB BYT po REKONŠTRUKCII, KOŠICE-STARÉ MESTO","address":"Poštová, Košice I - Staré Mesto, okres Košice","rooms":4,"meters":74,"totalPrice":265000,"meterSquarePrice":8,"link":"https://www.nehnutelnosti.sk/detail/JuE8mGAZw-3/postova-ul-4-izb-byt-po-rekonstrukcii-kosice-stare-mesto","imagesUrls":["https://img.unitedclassifieds.sk/foto/NjAweDMzOC9maWx0ZXJzOnF1YWxpdHkoMTAwKS9qdWw=/81XxdPEXh_fss?st=5m4H91rtIuIUKdIoY558e6FhxBuWNXBVF-88XYfjtCo&ts=1725956839&e=0"]},{"title":"SENEC-krásny 4 izb. byt v novostavbe s veľkou terasou - PREDBEŽNE REZERVOVANÝ","address":"Vtáčia, Senec, okres Senec","rooms":4,"meters":94,"totalPrice":252900,"meterSquarePrice":3,"link":"https://www.nehnutelnosti.sk/detail/JuU-oNnVONL/senec-krasny-4-izb-byt-v-novostavbe-s-velkou-terasou-predbezne-rezervovany","imagesUrls":["https://img.unitedclassifieds.sk/foto/NjAweDMzOC9maWx0ZXJzOnF1YWxpdHkoMTAwKS9qdWw=/MTEy-8-Hn_fss?st=AtvtQwn0muIEIiDxj8qDKaVotOdYf5ACUmpqdIyiFPY&ts=1689329008&e=0"]},{"title":"Novostavba 4-izb. bytu s veľkou terasou","address":"Vtáčia, Senec, okres Senec","rooms":4,"meters":110,"totalPrice":275900,"meterSquarePrice":3,"link":"https://www.nehnutelnosti.sk/detail/Ju0bALiNlZB/novostavba-4-izb-bytu-s-velkou-terasou","imagesUrls":["https://img.unitedclassifieds.sk/foto/NjAweDMzOC9maWx0ZXJzOnF1YWxpdHkoMTAwKS9qdWw=/SqSfh6XVJ_fss?st=g95Q6RQY0W4giVVrVgerCw4jxH6OzmO9k5smJHRcL1A&ts=1689257141&e=0"]},{"title":"REZERVOVANÉ-Novostavba 2 izb. byt s parkovacím miestom v Senci","address":"Ulica pri včelárikoch, Senec, okres Senec","rooms":2,"meters":59,"totalPrice":149000,"meterSquarePrice":2,"link":"https://www.nehnutelnosti.sk/detail/Jum7-bkNKmf/rezervovane-novostavba-2-izb-byt-s-parkovacim-miestom-v-senci","imagesUrls":["https://img.unitedclassifieds.sk/foto/NjAweDMzOC9maWx0ZXJzOnF1YWxpdHkoMTAwKS9qdWw=/asXhQ_qWX_fss?st=5N8wsGhT-4uMYddVLp2Lq8nkoLXkfVP6XsYD-AXtZpY&ts=1712054988&e=0"]},{"title":"SENEC-polyfunkčná budova v centre mesta-UNIKÁTNA PODNIKATEĽSKÁ MOŽNOSŤ","address":"Vajanského, Senec, okres Senec","rooms":5,"meters":750,"totalPrice":null,"meterSquarePrice":null,"link":"https://www.nehnutelnosti.sk/detail/Ju6tzCSQLtK/senec-polyfunkcna-budova-v-centre-mesta-unikatna-podnikatelska-moznost","imagesUrls":["https://img.unitedclassifieds.sk/foto/NjAweDMzOC9maWx0ZXJzOnF1YWxpdHkoMTAwKS9qdWw=/inV3L7zlv_fss?st=RrgD9-mphpGFwmrWiJW5Fsc5qvgYCdiA4npfTFMPunA&ts=1707937538&e=0"]},{"title":"Senec-2 izbový.byt pri centre-kompletná kvalitná rekonštrukcia","address":"Kollárova, Senec, okres Senec","rooms":2,"meters":50,"totalPrice":159000,"meterSquarePrice":0,"link":"https://www.nehnutelnosti.sk/detail/JuOZDdb96Rn/senec-2-izbovy-byt-pri-centre-kompletna-kvalitna-rekonstrukcia","imagesUrls":["https://img.unitedclassifieds.sk/foto/NjAweDMzOC9maWx0ZXJzOnF1YWxpdHkoMTAwKS9qdWw=/6pP1Pvvnp_fss?st=KOrGJjSLeHqzf2H43wKtpHQWNydQU5NsPniWphTiZE8&ts=1707686326&e=0"]},{"title":"projekt ''NOVÁ TEHELŇA'' v Senci- Vila dom A1-PREDPREDAJ-Výrazná zľava","address":"Vtáčia, Senec, okres Senec","rooms":2,"meters":56,"totalPrice":175900,"meterSquarePrice":7,"link":"https://www.nehnutelnosti.sk/detail/JuVagkkXbAT/projekt-nova-tehelna-v-senci-vila-dom-a1-predpredaj-vyrazna-zlava","imagesUrls":["https://img.unitedclassifieds.sk/foto/NjAweDMzOC9maWx0ZXJzOnF1YWxpdHkoMTAwKS9qdWw=/XapoKpJsn_fss?st=PAQG1s1BlmNk2s5m10H8agYaGZ0CdkHwcM4QlmwtoJk&ts=1717492346&e=0"]},{"title":"BYT s parkovacím miestom v blízkosti Slnečných jazier.","address":"Slnečné jazerá, Senec, okres Senec","rooms":1,"meters":31,"totalPrice":78000,"meterSquarePrice":3,"link":"https://www.nehnutelnosti.sk/detail/JubO9fGt2-M/byt-s-parkovacim-miestom-v-blizkosti-slnecnych-jazier","imagesUrls":["https://img.unitedclassifieds.sk/foto/NjAweDMzOC9maWx0ZXJzOnF1YWxpdHkoMTAwKS9qdWw=/qFSgUi_W__fss?st=j7_Ajrc3fO08nv3erPsV0yLHEs6Bwyekx5O_TNTG-CY&ts=1705331454&e=0"]},{"title":"SENEC-priestranný 3 izb. byt s parkovacím miestom","address":"Pezinská, Senec, okres Senec","rooms":3,"meters":81,"totalPrice":178000,"meterSquarePrice":4,"link":"https://www.nehnutelnosti.sk/detail/Juw0ww__nCn/senec-priestranny-3-izb-byt-s-parkovacim-miestom","imagesUrls":["https://img.unitedclassifieds.sk/foto/NjAweDMzOC9maWx0ZXJzOnF1YWxpdHkoMTAwKS9qdWw=/tRjROCweW_fss?st=6ivORx7toH2_05KkkCLCL2cfCWnnS6UBZmkpCKa3qaA&ts=1716375038&e=0"]}]