[{"title":"2 izbový byt ul. JUŽNÁ TRIEDA - NOVÁ KOMPLETNÁ REKONŠTRUKCIA","address":"Južná Trieda, Košice IV - Juh, okres Košice","rooms":2,"meters":51,"totalPrice":159980,"meterSquarePrice":6,"link":"https://www.nehnutelnosti.sk/detail/JuHKC96OWNk/2-izbovy-byt-ul-juzna-trieda-nova-kompletna-rekonstrukcia","imagesUrls":["https://img.unitedclassifieds.sk/foto/NjAweDMzOC9maWx0ZXJzOnF1YWxpdHkoMTAwKS9qdWw=/LF83DRAhe_fss?st=fhv-_bYAqIc34xgKAr1lVPTvdi4uaBRZulqGQDgBadY&ts=1725896071&e=0"]},{"title":"Predaj 2-izbový tehlový byt s balkónom, 55m2, Čárskeho, KE-Sever","address":"Čárskeho, Košice I - Sever, okres Košice","rooms":2,"meters":55,"totalPrice":149980,"meterSquarePrice":1,"link":"https://www.nehnutelnosti.sk/detail/Juk2r3OzDKs/predaj-2-izbovy-tehlovy-byt-s-balkonom-55m2-carskeho-ke-sever","imagesUrls":["https://img.unitedclassifieds.sk/foto/NjAweDMzOC9maWx0ZXJzOnF1YWxpdHkoMTAwKS9qdWw=/HB_XiwC-D_fss?st=UlfYDE2t9FsSlW3t_6NKJqy5X_zXz-eagSm8MTCdk9c&ts=1719420916&e=0"]},{"title":"2 izbový byt - JÁNOŠÍKOVA ul. pri Steel Aréne - NOVÁ KOMPLETNÁ REKONŠTRUKCIA","address":"Jánošíkova, Košice IV - Juh, okres Košice","rooms":2,"meters":42,"totalPrice":152000,"meterSquarePrice":5,"link":"https://www.nehnutelnosti.sk/detail/Ju0qX8gJ-Yl/2-izbovy-byt-janosikova-ul-pri-steel-arene-nova-kompletna-rekonstrukcia","imagesUrls":["https://img.unitedclassifieds.sk/foto/NjAweDMzOC9maWx0ZXJzOnF1YWxpdHkoMTAwKS9qdWw=/79GL351XU_fss?st=AEbbXNXfjtqK1dCudbED3SBSbPZy-SkwVy1J8ECU9PI&ts=1714505670&e=0"]},{"title":"Dvojizbový byt -kompletná rekonštrukcia Turzovka","address":"Turzovka, okres Čadca","rooms":2,"meters":55,"totalPrice":90500,"meterSquarePrice":5,"link":"https://www.nehnutelnosti.sk/detail/JurWtUE1ZwM/dvojizbovy-byt-kompletna-rekonstrukcia-turzovka","imagesUrls":["https://img.nehnutelnosti.sk/foto/NjAweDMzOC9maWx0ZXJzOnF1YWxpdHkoMTAwKS9uZWg=/3gHC9qcls_fss?st=fMvDf83OQULOrCrA4AgQ_OqlvIjbpgTvjSCJFUjd1NA&ts=1706807020&e=0"]},{"title":"Trojizbový byt Čadca","address":"Čadca, okres Čadca","rooms":3,"meters":71,"totalPrice":123000,"meterSquarePrice":9,"link":"https://www.nehnutelnosti.sk/detail/JuYe2atyWXC/trojizbovy-byt-cadca","imagesUrls":["https://img.nehnutelnosti.sk/foto/NjAweDMzOC9maWx0ZXJzOnF1YWxpdHkoMTAwKS9uZWg=/_Bjzcsv0S_fss?st=DJ9LgUAJvwTGDsOPOkjn6wa5q1x11hPshpQOtaLpxo4&ts=1714498251&e=0"]},{"title":"Trojizbový byt Čadca -Žarec","address":"Čadca, okres Čadca","rooms":3,"meters":73,"totalPrice":128000,"meterSquarePrice":2,"link":"https://www.nehnutelnosti.sk/detail/JurI5tnRHlL/trojizbovy-byt-cadca-zarec","imagesUrls":["https://img.nehnutelnosti.sk/foto/NjAweDMzOC9maWx0ZXJzOnF1YWxpdHkoMTAwKS9uZWg=/yuD1HztSw_fss?st=__pSII3lkgSOyADlU6apEsMcyTiOmuL5tveVz4Ojemw&ts=1718815750&e=0"]},{"title":"Predaj | novostavba  3-izbové mezonety Nováky","address":"Bernolákova, Nováky, okres Prievidza","rooms":3,"meters":88,"totalPrice":null,"meterSquarePrice":null,"link":"https://www.nehnutelnosti.sk/detail/JuIUE8ufk7Q/predaj-novostavba-3-izbove-mezonety-novaky","imagesUrls":["https://img.nehnutelnosti.sk/foto/NjAweDMzOC9maWx0ZXJzOnF1YWxpdHkoMTAwKS9uZWg=/JwoEETEhy_fss?st=MQKynoKWOpdyB5NdS757AlOZYSofY7gjC85vXP2QaME&ts=1719921227&e=0"]},{"title":"Garsónka v Čadci - kompletná rekonštrukcia.","address":"Čadca, okres Čadca","rooms":null,"meters":25,"totalPrice":77500,"meterSquarePrice":0,"link":"https://www.nehnutelnosti.sk/detail/JuDtpBwknqm/garsonka-v-cadci-kompletna-rekonstrukcia","imagesUrls":["https://img.nehnutelnosti.sk/foto/NjAweDMzOC9maWx0ZXJzOnF1YWxpdHkoMTAwKS9uZWg=/utj6CwDpw_fss?st=g8AXIzFKJCU7V_LN1JfPtcYew_v-vW2UjkmEJ2Alq7Y&ts=1723116380&e=0"]},{"title":"Garsónka  Čadca - kompletná rekonštrukcia","address":"Čadca, okres Čadca","rooms":null,"meters":25,"totalPrice":75500,"meterSquarePrice":0,"link":"https://www.nehnutelnosti.sk/detail/JuyLVDMDR_G/garsonka-cadca-kompletna-rekonstrukcia","imagesUrls":["https://img.nehnutelnosti.sk/foto/NjAweDMzOC9maWx0ZXJzOnF1YWxpdHkoMTAwKS9uZWg=/UA7XF9B7s_fss?st=LgNocO8EYve18V68XcxUrk87pIt9vz1N7ma51h0cuPg&ts=1725459279&e=0"]},{"title":"NEO – Jedinečný 3izbový Byt s Predzáhradkou Trnava REZERVOVANÉ","address":"Nevädzová 5, Trnava, okres Trnava","rooms":3,"meters":75,"totalPrice":null,"meterSquarePrice":null,"link":"https://www.nehnutelnosti.sk/detail/Juy76NL0-FG/neo-jedinecny-3izbovy-byt-s-predzahradkou-trnava-rezervovane","imagesUrls":["https://img.unitedclassifieds.sk/foto/NjAweDMzOC9maWx0ZXJzOnF1YWxpdHkoMTAwKS9yc2Y=/GF2mXJz_U_fss?st=y89rQE4ueVMQHvqQX66ancyfsnzhJh37ElNfBHmvn-Y&ts=1719317382&e=0"]},{"title":"NEO - moderný 3-izbový byt v projekte MAMAPAPA na predaj","address":"Nejedlého, Bratislava IV - Dúbravka, okres Bratislava","rooms":3,"meters":70,"totalPrice":289900,"meterSquarePrice":8,"link":"https://www.nehnutelnosti.sk/detail/Juds69El5_o/neo-moderny-3-izbovy-byt-v-projekte-mamapapa-na-predaj","imagesUrls":["https://img.unitedclassifieds.sk/foto/NjAweDMzOC9maWx0ZXJzOnF1YWxpdHkoMTAwKS9yc2Y=/hHSiYry_m_fss?st=ueyrZbOhIEHbrdNYP3YiTI8_vDS0_P7MXphoKXWNkL8&ts=1715783545&e=0"]},{"title":"NEO - 3i byt v novostavbe s 2 garážami","address":"Ulica Mikovíniho, Trnava, okres Trnava","rooms":3,"meters":72,"totalPrice":199900,"meterSquarePrice":9,"link":"https://www.nehnutelnosti.sk/detail/JuS7PBxspyv/neo-3i-byt-v-novostavbe-s-2-garazami","imagesUrls":["https://img.unitedclassifieds.sk/foto/NjAweDMzOC9maWx0ZXJzOnF1YWxpdHkoMTAwKS9qdWw=/JR3JK2q66_fss?st=vXQXIEhc9J7KiIj1Q-whJp8XPTy3WcSz-rrmeblCx-A&ts=1725355300&e=0"]},{"title":"CUKROVAR - III. ETAPA PREDPREDAJ / 3-izbový byt v novom centre mesta","address":"Cukrová ulica, Trnava, okres Trnava","rooms":3,"meters":68,"totalPrice":204900,"meterSquarePrice":2,"link":"https://www.nehnutelnosti.sk/detail/JuUkt2-wyuW/cukrovar-iii-etapa-predpredaj-3-izbovy-byt-v-novom-centre-mesta","imagesUrls":["https://img.unitedclassifieds.sk/foto/NjAweDMzOC9maWx0ZXJzOnF1YWxpdHkoMTAwKS9yc2Y=/6-72w0TQY_fss?st=3N2BSSqn3QNai--V_T7q85IuhST5N5d9xu__aoz9LrU&ts=1715783364&e=0"]},{"title":"CUKROVAR - III. ETAPA PREDPREDAJ / 2-izbový byt v novom centre mesta","address":"Cukrová ulica, Trnava, okres Trnava","rooms":2,"meters":40,"totalPrice":146900,"meterSquarePrice":6,"link":"https://www.nehnutelnosti.sk/detail/Ju4i6Y3ueOu/cukrovar-iii-etapa-predpredaj-2-izbovy-byt-v-novom-centre-mesta","imagesUrls":["https://img.unitedclassifieds.sk/foto/NjAweDMzOC9maWx0ZXJzOnF1YWxpdHkoMTAwKS9yc2Y=/qVR3hLEKEk_fss?st=mU3YeADu2KEDjH0gvqLknkPw8_xrAfvyn7nIfVmBKGU&ts=1715783358&e=0"]},{"title":"CUKROVAR - 4i byt v rezidenčnej štvrti","address":"Cukrová ulica, Trnava, okres Trnava","rooms":4,"meters":92,"totalPrice":308900,"meterSquarePrice":1,"link":"https://www.nehnutelnosti.sk/detail/JuBvY2U7vSw/cukrovar-4i-byt-v-rezidencnej-stvrti","imagesUrls":["https://img.unitedclassifieds.sk/foto/NjAweDMzOC9maWx0ZXJzOnF1YWxpdHkoMTAwKS9yc2Y=/2QjQwR4mu_fss?st=IUZoRxFyUPy6ieQnhmtMdnCw85goufCOyq2uLolOD_E&ts=1721062509&e=0"]},{"title":"CUKROVAR - 2i byt s predzáhradkou v rezidenčnej štvrti","address":"Cukrová ulica, Trnava, okres Trnava","rooms":2,"meters":48,"totalPrice":169900,"meterSquarePrice":8,"link":"https://www.nehnutelnosti.sk/detail/JupSuQkL6GD/cukrovar-2i-byt-s-predzahradkou-v-rezidencnej-stvrti","imagesUrls":["https://img.unitedclassifieds.sk/foto/NjAweDMzOC9maWx0ZXJzOnF1YWxpdHkoMTAwKS9yc2Y=/xMHJROIwt_fss?st=-VqYA41s2H6eajz3ZUgmfJrI98mt0SZZ-3E9QWklJmQ&ts=1721062419&e=0"]},{"title":"NEO - 1i byt v novostavbe MIKO","address":"Ulica Mikovíniho, Trnava, okres Trnava","rooms":1,"meters":28,"totalPrice":113900,"meterSquarePrice":6,"link":"https://www.nehnutelnosti.sk/detail/JuI9isbmcXP/neo-1i-byt-v-novostavbe-miko","imagesUrls":["https://img.unitedclassifieds.sk/foto/NjAweDMzOC9maWx0ZXJzOnF1YWxpdHkoMTAwKS9yc2Y=/P5J3DpKwq_fss?st=yhfr61kIL3sK7YxuE-EfI0078Uvkt6W59n54kQSAems&ts=1722507639&e=0"]},{"title":"CUKROVAR - III. ETAPA PREDPREDAJ / 4-izbový byt v novom centre mesta","address":"Cukrová ulica, Trnava, okres Trnava","rooms":4,"meters":91,"totalPrice":306900,"meterSquarePrice":8,"link":"https://www.nehnutelnosti.sk/detail/JuAHjXEGWKQ/cukrovar-iii-etapa-predpredaj-4-izbovy-byt-v-novom-centre-mesta","imagesUrls":["https://img.unitedclassifieds.sk/foto/NjAweDMzOC9maWx0ZXJzOnF1YWxpdHkoMTAwKS9yc2Y=/uDV3LDCBrZ_fss?st=DyZkhiZkQ5NUish8mTXeNiPxktFU9VdmVt3_HMiEkSA&ts=1715783365&e=0"]},{"title":"NEO - Moderný 1i byt v NOVOSTAVBE blízko BA - Rovinka","address":"Hlavná, Rovinka, okres Senec","rooms":1,"meters":26,"totalPrice":81900,"meterSquarePrice":0,"link":"https://www.nehnutelnosti.sk/detail/Ju8hTyNGDWW/neo-moderny-1i-byt-v-novostavbe-blizko-ba-rovinka","imagesUrls":["https://img.unitedclassifieds.sk/foto/NjAweDMzOC9maWx0ZXJzOnF1YWxpdHkoMTAwKS9yc2Y=/MUeELL7SrR_fss?st=pY3MBjqZNJh7JwOzF4qvEH3vQFndt1jdcX99uEpmnJ8&ts=1715743152&e=0"]},{"title":"NEO - 1i byt v novostavbe MIKO","address":"Ulica Mikovíniho, Trnava, okres Trnava","rooms":1,"meters":33,"totalPrice":116900,"meterSquarePrice":8,"link":"https://www.nehnutelnosti.sk/detail/JuVrukns5ui/neo-1i-byt-v-novostavbe-miko","imagesUrls":["https://img.unitedclassifieds.sk/foto/NjAweDMzOC9maWx0ZXJzOnF1YWxpdHkoMTAwKS9yc2Y=/8VEZUhuAC4_fss?st=kJDDsYuht7IrHWtoJiPuOf7Cw_m23c0U6XBrpTbqq60&ts=1715735101&e=0"]},{"title":"CUKROVAR - 3i byt v rezidenčnej štvrti","address":"Cukrová ulica, Trnava, okres Trnava","rooms":3,"meters":70,"totalPrice":196900,"meterSquarePrice":6,"link":"https://www.nehnutelnosti.sk/detail/JuI9aNkqzao/cukrovar-3i-byt-v-rezidencnej-stvrti","imagesUrls":["https://img.unitedclassifieds.sk/foto/NjAweDMzOC9maWx0ZXJzOnF1YWxpdHkoMTAwKS9yc2Y=/dvLVGX3k6_fss?st=cORsKrb2P8dlDUQCzhD_4cGEKkFn3EDAbeMvA9era4c&ts=1721062508&e=0"]},{"title":"NEO - 3i byt s predzáhradkou v novostavbe","address":"Cukrová ulica, Trnava, okres Trnava","rooms":3,"meters":72,"totalPrice":229900,"meterSquarePrice":7,"link":"https://www.nehnutelnosti.sk/detail/Ju6H3tFusqf/neo-3i-byt-s-predzahradkou-v-novostavbe","imagesUrls":["https://img.unitedclassifieds.sk/foto/NjAweDMzOC9maWx0ZXJzOnF1YWxpdHkoMTAwKS9yc2Y=/hLNGGHRnB_fss?st=dyOlKlPkxFmxn83fLs4Awsp6A8zNfRDzai8ZYIVCHeg&ts=1721219092&e=0"]},{"title":"NEO – slnečný 2izbový byt v centre Trnavy","address":"Vajanského, Trnava, okres Trnava","rooms":2,"meters":44,"totalPrice":139900,"meterSquarePrice":5,"link":"https://www.nehnutelnosti.sk/detail/JuFRBicGUqm/neo-slnecny-2izbovy-byt-v-centre-trnavy","imagesUrls":["https://img.unitedclassifieds.sk/foto/NjAweDMzOC9maWx0ZXJzOnF1YWxpdHkoMTAwKS9yc2Y=/HoABuJzeU_fss?st=fMtyWlUNetb_yG9gJ6vz4ixrinAHs4rXGf-0_6mGDIU&ts=1722242720&e=0"]},{"title":"NEO - 3i byt s predzáhradkou v novostavbe","address":"Cukrová, Trnava, okres Trnava","rooms":3,"meters":72,"totalPrice":259000,"meterSquarePrice":0,"link":"https://www.nehnutelnosti.sk/detail/JuxfU0OP9-a/neo-3i-byt-s-predzahradkou-v-novostavbe","imagesUrls":["https://img.unitedclassifieds.sk/foto/NjAweDMzOC9maWx0ZXJzOnF1YWxpdHkoMTAwKS9yc2Y=/mJjK55Cy1_fss?st=ONfGPZX1vN63Fj8JZe2wNWmBMgLqRUWGXipD9mfa0tk&ts=1721216942&e=0"]},{"title":"CUKROVAR - 1i byt v rezidenčnej štvrti","address":"Cukrová ulica, Trnava, okres Trnava","rooms":1,"meters":31,"totalPrice":132900,"meterSquarePrice":0,"link":"https://www.nehnutelnosti.sk/detail/JuRxa-DdKfC/cukrovar-1i-byt-v-rezidencnej-stvrti","imagesUrls":["https://img.unitedclassifieds.sk/foto/NjAweDMzOC9maWx0ZXJzOnF1YWxpdHkoMTAwKS9yc2Y=/S8NHCrVzK_fss?st=Mv91nzVUU7D6Lukz_Ry3HcT7fX3vQ1OT-VKiSwWcHMo&ts=1721062340&e=0"]},{"title":"CUKROVAR - NOVOSTAVBA / Dokončený 2-izbový byt s predzáhradkou","address":"Cukrová ulica, Trnava, okres Trnava","rooms":2,"meters":57,"totalPrice":188900,"meterSquarePrice":5,"link":"https://www.nehnutelnosti.sk/detail/Ju82bAdsnpi/cukrovar-novostavba-dokonceny-2-izbovy-byt-s-predzahradkou","imagesUrls":["https://img.unitedclassifieds.sk/foto/NjAweDMzOC9maWx0ZXJzOnF1YWxpdHkoMTAwKS9yc2Y=/-GSRbLMX__fss?st=VOnaZdNTDfAcIBC-GumgzmDY7DbByy5wfRJu5tPv-Ew&ts=1716278294&e=0"]},{"title":"CUKROVAR - III. ETAPA PREDPREDAJ / 1-izbový byt v novom centre mesta ako ideálna investícia","address":"Cukrová ulica, Trnava, okres Trnava","rooms":1,"meters":30,"totalPrice":132900,"meterSquarePrice":4,"link":"https://www.nehnutelnosti.sk/detail/JuPGe3sMf--/cukrovar-iii-etapa-predpredaj-1-izbovy-byt-v-novom-centre-mesta-ako-idealna-investicia","imagesUrls":["https://img.unitedclassifieds.sk/foto/NjAweDMzOC9maWx0ZXJzOnF1YWxpdHkoMTAwKS9yc2Y=/reCTMgav3S_fss?st=yMTFZGXFze2pOZTFEOl5NqYA7bD7S5wmJlc8YJExwgs&ts=1715783358&e=0"]},{"title":"2-izbový útulný byt v centre mesta Trnava Rezervované","address":"Hornopotočná 16, Trnava, okres Trnava","rooms":2,"meters":45,"totalPrice":null,"meterSquarePrice":null,"link":"https://www.nehnutelnosti.sk/detail/JuvNtr0iFh9/2-izbovy-utulny-byt-v-centre-mesta-trnava-rezervovane","imagesUrls":["https://img.unitedclassifieds.sk/foto/NjAweDMzOC9maWx0ZXJzOnF1YWxpdHkoMTAwKS9yc2Y=/Q3llUqpRi_fss?st=fI2Q_Bk1tNnXcycTYgVFA0bxvwl5PeNONi-RqnocDy0&ts=1715769601&e=0"]},{"title":"NEO - 3i byt s predzáhradkou","address":"Puškinova, Galanta, okres Galanta","rooms":3,"meters":68,"totalPrice":164900,"meterSquarePrice":5,"link":"https://www.nehnutelnosti.sk/detail/JuOG5IqSvzD/neo-3i-byt-s-predzahradkou","imagesUrls":["https://img.unitedclassifieds.sk/foto/NjAweDMzOC9maWx0ZXJzOnF1YWxpdHkoMTAwKS9yc2Y=/WAY2Kn8rmf_fss?st=o5qsB8aMP_jsCGhIU2bY-Mc-LvMvqG5phjVIi8GNy1I&ts=1715773151&e=0"]},{"title":"1i. byt, Predaj, Záhorská Bystrica, balkón,","address":"Bratislavská, Bratislava IV - Záhorská Bystrica, okres Bratislava","rooms":1,"meters":29,"totalPrice":118000,"meterSquarePrice":7,"link":"https://www.nehnutelnosti.sk/5492659/1i-byt-predaj-zahorska-bystrica-balkon/","imagesUrls":["https://img.nehnutelnosti.sk/foto/NjAweDMzOC9maWx0ZXJzOnF1YWxpdHkoMTAwKS9uZWg=/kxV3GSBkr_fss?st=4Ok00hw_YhF0fjg9c2KgqOVxv5mIQrjtGdqo_ASmJjg&ts=1721291921&e=0"]}]