[{"title":"1 - izbový byt ihneď k nasťahovaniu","address":"Bratislava II - Ružinov, okres Bratislava","rooms":1,"meters":32,"totalPrice":170000,"meterSquarePrice":1,"link":"https://www.nehnutelnosti.sk/detail/JuDy-Ig1vj8/1-izbovy-byt-ihned-k-nastahovaniu","imagesUrls":["https://img.unitedclassifieds.sk/foto/NjAweDMzOC9maWx0ZXJzOnF1YWxpdHkoMTAwKS9qdWw=/SgtbP0wIAK_fss?st=aL1Kx48xiCBbigXqNZd5aShof1eA2F04YxdwXouJQrM&ts=1723625065&e=0"]},{"title":"Predaj 2i byt Vrakuňa","address":"Poľnohospodárska, Bratislava II - Vrakuňa, okres Bratislava","rooms":2,"meters":50,"totalPrice":145000,"meterSquarePrice":0,"link":"https://www.nehnutelnosti.sk/detail/Ju9XLanmLyS/predaj-2i-byt-vrakuna","imagesUrls":["https://img.unitedclassifieds.sk/foto/NjAweDMzOC9maWx0ZXJzOnF1YWxpdHkoMTAwKS9qdWw=/q844RVgEI_fss?st=BA8_9PLzUZC_MbY-_wWneTEcjmtKEFBw3Sj8iIBuHIA&ts=1714834201&e=0"]},{"title":"EXKLUZÍVNE!! NA PREDAJ 4 IZBOVÝ BYT S VÝHĽADOM NA CITY ARÉNU","address":"Dolné Bašty, Trnava, okres Trnava","rooms":4,"meters":80,"totalPrice":225000,"meterSquarePrice":0,"link":"https://www.nehnutelnosti.sk/detail/JuFeEYxAw4X/exkluzivne-na-predaj-4-izbovy-byt-svyhladom-na-city-arenu","imagesUrls":["https://img.nehnutelnosti.sk/foto/NjAweDMzOC9maWx0ZXJzOnF1YWxpdHkoMTAwKS9uZWg=/4I4k2e369f_fss?st=YFd1eMX7Z2Tem4LhZ7cIaRHgDwp3iFYhLtO6VPRSdq0&ts=1725748406&e=0"]},{"title":"Krásny 4-Izbový byt na predaj na Toryskej Ulici","address":"Toryská, Bratislava II - Vrakuňa, okres Bratislava","rooms":4,"meters":75,"totalPrice":190000,"meterSquarePrice":3,"link":"https://www.nehnutelnosti.sk/detail/JuEcBf1Wrg8/krasny-4-izbovy-byt-na-predaj-na-toryskej-ulici","imagesUrls":["https://img.unitedclassifieds.sk/foto/NjAweDMzOC9maWx0ZXJzOnF1YWxpdHkoMTAwKS9qdWw=/_f58F2T65_fss?st=wqf_7GQhHSdut7p73wqvq3zHqXhlbVqG5cZ-jbbMMjg&ts=1722194481&e=0"]},{"title":"Nový 3 izbový byt 2A v novostavbe Rezidencia Štúrova, Piešťany centrum","address":"Štúrova 12, Piešťany, okres Piešťany","rooms":3,"meters":80,"totalPrice":293900,"meterSquarePrice":1,"link":"https://www.nehnutelnosti.sk/detail/JuKCUmDSUA7/novy-3-izbovy-byt-2a-v-novostavbe-rezidencia-sturova-piestany-centrum","imagesUrls":["https://img.nehnutelnosti.sk/foto/NjAweDMzOC9maWx0ZXJzOnF1YWxpdHkoMTAwKS9uZWg=/DbmOSIxwXZ_fss?st=EnA6IW9T3PH-kOSfAt9gPnp6b-1yba8pgfMUQQYKF-4&ts=1724750126&e=0"]},{"title":"3izb. Byt vo Svite pri plavárni","address":"Jilemnikeho, Svit, okres Poprad","rooms":3,"meters":70,"totalPrice":null,"meterSquarePrice":null,"link":"https://www.nehnutelnosti.sk/detail/Jut2DmJlf11/3izb-byt-vo-svite-pri-plavarni","imagesUrls":["https://img.nehnutelnosti.sk/foto/NjAweDMzOC9maWx0ZXJzOnF1YWxpdHkoMTAwKS9uZWg=/rtWSO9W8h_fss?st=unYcdiSe2VXAa8G2_P3wfni0wtmeykcJmIpny18j5as&ts=1689939081&e=0"]},{"title":"NOVÉ BÝVANIE vo Svite - 2-izbový byt s balkónom","address":"SVIT, Poprad, okres Poprad","rooms":2,"meters":47,"totalPrice":133920,"meterSquarePrice":3,"link":"https://www.nehnutelnosti.sk/detail/Ju4ur1mU53f/nove-byvanie-vo-svite-2-izbovy-byt-s-balkonom","imagesUrls":["https://img.nehnutelnosti.sk/foto/NjAweDMzOC9maWx0ZXJzOnF1YWxpdHkoMTAwKS9uZWg=/5eS0hGrST_fss?st=tRYw0L6Q1VNal-lVgtV2ulds_m0i51kJ1ZMJ2vtQv_o&ts=1723965217&e=0"]},{"title":"1 izbový byt po kompletnej rekonštrukcii","address":"Dukelských hrdinov, Dolný Kubín, okres Dolný Kubín","rooms":1,"meters":36,"totalPrice":105000,"meterSquarePrice":7,"link":"https://www.nehnutelnosti.sk/detail/Ju7D0xymvx4/1-izbovy-byt-po-kompletnej-rekonstrukcii","imagesUrls":["https://img.unitedclassifieds.sk/foto/NjAweDMzOC9maWx0ZXJzOnF1YWxpdHkoMTAwKS9qdWw=/71QNvnJ9C_fss?st=az-lSLtRV3f0EALVLm_xBD1o80J3TOfObHfWB30iaGc&ts=1724658905&e=0"]},{"title":"PREDAJ : Sládkovičovo, ul. J. Dalloša - príjemný byt, voľný kúpou IHNEĎ","address":"J.Dalloša, Sládkovičovo, okres Galanta","rooms":3,"meters":70,"totalPrice":116000,"meterSquarePrice":4,"link":"https://www.nehnutelnosti.sk/detail/JuGSjeeNsSAP/predaj-sladkovicovo-ul-j-dallosa-prijemny-byt-volny-kupou-ihned","imagesUrls":["https://img.nehnutelnosti.sk/foto/NjAweDMzOC9maWx0ZXJzOnF1YWxpdHkoMTAwKS9uZWg=/_bOXy2XpU_fss?st=VphTlbGsjS4W9rKxqmp4DIDt-IQF-Rv0G36TruWXPF8&ts=1725598416&e=0"]},{"title":"3 izbový byt po kompletnej rekonštrukcii, zariadený - vhodný aj ako investícia","address":"Železničiarska, Galanta, okres Galanta","rooms":3,"meters":67,"totalPrice":136000,"meterSquarePrice":5,"link":"https://www.nehnutelnosti.sk/detail/JugzcRGVWXI/3-izbovy-byt-po-kompletnej-rekonstrukcii-zariadeny-vhodny-aj-ako-investicia","imagesUrls":["https://img.nehnutelnosti.sk/foto/NjAweDMzOC9maWx0ZXJzOnF1YWxpdHkoMTAwKS9uZWg=/dc6xA4S48_fss?st=1Urc5sGL7VjVlAnqk8LZapXa_rjDzNNyV8IH0gzNktM&ts=1726826758&e=0"]},{"title":"Na predaj 1 izbový byt v projekte BYTY DUO II.","address":"Hapákova, Prešov, okres Prešov","rooms":1,"meters":46,"totalPrice":128790,"meterSquarePrice":7,"link":"https://www.nehnutelnosti.sk/detail/JuVHGO4q1GZ/na-predaj-1-izbovy-byt-v-projekte-byty-duo-ii","imagesUrls":["https://img.nehnutelnosti.sk/foto/NjAweDMzOC9maWx0ZXJzOnF1YWxpdHkoMTAwKS9uZWg=/nTYyMopj3r_fss?st=i_CW9f0whSsth7XYcZDpYc6m9mXJ5RvkrMQ6yup17uE&ts=1709996214&e=0"]},{"title":"Na predaj 2 izbový byt s Loggiou, Lučenec","address":"Lučenec, okres Lučenec","rooms":2,"meters":53,"totalPrice":52000,"meterSquarePrice":3,"link":"https://www.nehnutelnosti.sk/detail/JuAKwTZRSS_/na-predaj-2-izbovy-byt-s-loggiou-lucenec","imagesUrls":["https://img.nehnutelnosti.sk/foto/NjAweDMzOC9maWx0ZXJzOnF1YWxpdHkoMTAwKS9uZWg=/gTIciDX1E_fss?st=c5d8Glm2DTSP6tL9rtmhFWazEoj60tt5cJ1Iekdhzw4&ts=1724657568&e=0"]},{"title":"UŽ KOLAUDUJEME! 2 - izbový byt v štandarde.","address":"Prístavná 1, Bratislava II - Ružinov, okres Bratislava","rooms":2,"meters":70,"totalPrice":245000,"meterSquarePrice":8,"link":"https://www.nehnutelnosti.sk/detail/JupdQZBP6QT/uz-kolaudujeme-2-izbovy-byt-v-standarde","imagesUrls":["https://img.unitedclassifieds.sk/foto/NjAweDMzOC9maWx0ZXJzOnF1YWxpdHkoMTAwKS9qdWw=/MeJAsXFNr9_fss?st=XoivJQWvcygiGRvC888rqmH7dLGVViyHnkMWhJmRhQw&ts=1705570695&e=0"]},{"title":"4 - izbový penthouse snov v novostavbe. Ihneď k odovzdaniu!","address":"Prístavná 1, Bratislava II - Ružinov, okres Bratislava","rooms":4,"meters":249,"totalPrice":879900,"meterSquarePrice":7,"link":"https://www.nehnutelnosti.sk/detail/JuWVe8optT4/4-izbovy-penthouse-snov-v-novostavbe-ihned-k-odovzdaniu","imagesUrls":["https://img.unitedclassifieds.sk/foto/NjAweDMzOC9maWx0ZXJzOnF1YWxpdHkoMTAwKS9yc2Y=/tmt1i7NGM_fss?st=IJUBvM-TqvcazQiw_RlLm4lySPvKUZS_Du8Ulvc_80s&ts=1700666649&e=0"]},{"title":"Výnimočný 4 izbový penthouse s veľkou terasou - Už kolaudujeme!","address":"Prístavná, Bratislava II - Ružinov, okres Bratislava","rooms":4,"meters":189,"totalPrice":770000,"meterSquarePrice":8,"link":"https://www.nehnutelnosti.sk/detail/JuRabFdTRKq/vynimocny-4-izbovy-penthouse-s-velkou-terasou-uz-kolaudujeme","imagesUrls":["https://img.unitedclassifieds.sk/foto/NjAweDMzOC9maWx0ZXJzOnF1YWxpdHkoMTAwKS9qdWw=/X4s0Qpu_r_fss?st=7zLTkXRoS2PVDzc1Hc_fAc6tOH-fGMeNZVGPIScymew&ts=1705675016&e=0"]},{"title":"Na predaj: 3 izbový byt 65 m² , Rohovce, okres. Dunajská Streda","address":"Rohovce, okres Dunajská Streda","rooms":3,"meters":65,"totalPrice":129900,"meterSquarePrice":6,"link":"https://www.nehnutelnosti.sk/detail/JuRAxVN0DRG/na-predaj-3-izbovy-byt-65-m-rohovce-okres-dunajska-streda","imagesUrls":["https://img.nehnutelnosti.sk/foto/NjAweDMzOC9maWx0ZXJzOnF1YWxpdHkoMTAwKS9uZWg=/1gGG7vMk3_fss?st=sm_VOuKwGCAAs06JI_fLIdIqV6POj7ZYlhFFcZA8d10&ts=1726045308&e=0"]},{"title":"DIRECTREAL|Na predaj 3 - izbový byt so záhradou terasou vrátane parkovacieho státia s kompletným vyb","address":"Hviezdna, Hviezdoslavov, okres Dunajská Streda","rooms":3,"meters":117,"totalPrice":194000,"meterSquarePrice":2,"link":"https://www.nehnutelnosti.sk/detail/JuWe5NBIXOe/directreal-na-predaj-3-izbovy-byt-so-zahradou-terasou-vratane-parkovacieho-statia-s-kompletnym-vyb","imagesUrls":["https://img.nehnutelnosti.sk/foto/NjAweDMzOC9maWx0ZXJzOnF1YWxpdHkoMTAwKS9uZWg=/aXL_kA1EP_fss?st=yPh98bV5_iFchtEdRnq8rdj8xFq7v7YY9J5b628q0Gg&ts=1724987254&e=0"]},{"title":"REZERVOVANÉ 1-IZB. BYT - BA III, BELEHRADSKÁ","address":"Belehradská, Bratislava III - Nové Mesto, okres Bratislava","rooms":1,"meters":32,"totalPrice":159550,"meterSquarePrice":4,"link":"https://www.nehnutelnosti.sk/detail/JuzaWtpWqSJ/rezervovane-1-izb-byt-ba-iii-belehradska","imagesUrls":["https://img.nehnutelnosti.sk/foto/NjAweDMzOC9maWx0ZXJzOnF1YWxpdHkoMTAwKS9uZWg=/qWmF7LmKO_fss?st=dfEiy06h3ist3PDwX5JBtKAuI2w5YL3K7t2JyCx45oI&ts=1723873839&e=0"]},{"title":"Na predaj 4izbový byt v Novej Dubnici","address":"Hlavná, Nová Dubnica, okres Ilava","rooms":4,"meters":87,"totalPrice":139900,"meterSquarePrice":5,"link":"https://www.nehnutelnosti.sk/detail/JuEI6faqCUM/na-predaj-4izbovy-byt-v-novej-dubnici","imagesUrls":["https://img.nehnutelnosti.sk/foto/NjAweDMzOC9maWx0ZXJzOnF1YWxpdHkoMTAwKS9uZWg=/nIPKTAqd6_fss?st=xt5_ebSAGgjGfoxrUJkdVHvY8BLuOvnCsu6vqaV528s&ts=1717618627&e=0"]},{"title":"POZOR! Znížená cena o 5000 Eur - 2- izb. byt na L. Svobodu v Rimavskej Sobote","address":"L. Svobodu, Rimavská Sobota, okres Rimavská Sobota","rooms":2,"meters":50,"totalPrice":56500,"meterSquarePrice":0,"link":"https://www.nehnutelnosti.sk/detail/JusvT8_65IL/pozor-znizena-cena-o-5000-eur-2-izb-byt-na-l-svobodu-v-rimavskej-sobote","imagesUrls":["https://img.nehnutelnosti.sk/foto/NjAweDMzOC9maWx0ZXJzOnF1YWxpdHkoMTAwKS9uZWg=/OZNjgaGRw_fss?st=WEifvvph31O9z2Uf7pGGQID-r20EQ0nh5vGOViaUV30&ts=1722854616&e=0"]},{"title":"NOVÝ PRIESTRANNÝ 2 IZB. BYT S BALKÓNOM A PARKOVANÍM, NOVOSTAVBA","address":"Majoránová, Bratislava II - Vrakuňa, okres Bratislava","rooms":2,"meters":50,"totalPrice":169900,"meterSquarePrice":8,"link":"https://www.nehnutelnosti.sk/detail/JuWQ6yO1Q66/novy-priestranny-2-izb-byt-s-balkonom-a-parkovanim-novostavba","imagesUrls":["https://img.nehnutelnosti.sk/foto/NjAweDMzOC9maWx0ZXJzOnF1YWxpdHkoMTAwKS9uZWg=/VMRNtlzxJ_fss?st=BfP4-EpRJvouUzh_3dMGRj4prZZvqZ_nVzsJnxyvYEw&ts=1716815442&e=0"]},{"title":"AKCIA !! Garsónka v Lučenci na K. Kuzmányho ulici","address":"K. Kuzmányho, Lučenec, okres Lučenec","rooms":null,"meters":25,"totalPrice":34500,"meterSquarePrice":0,"link":"https://www.nehnutelnosti.sk/detail/JuNMw23_CZM/akcia-garsonka-v-lucenci-na-k-kuzmanyho-ulici","imagesUrls":["https://img.nehnutelnosti.sk/foto/NjAweDMzOC9maWx0ZXJzOnF1YWxpdHkoMTAwKS9uZWg=/QUILGrCL8_fss?st=NQrnb-twpjF9utswA0Lr_L_w4FynAvRRrGeyuYCLKoU&ts=1722020141&e=0"]},{"title":"3 izbový byt Petržalka - v tesnej blízkosti dostihová dráha","address":"Osuského, Bratislava V - Petržalka, okres Bratislava","rooms":3,"meters":72,"totalPrice":195000,"meterSquarePrice":6,"link":"https://www.nehnutelnosti.sk/detail/JuwW7F9ePTK/3-izbovy-byt-petrzalka-v-tesnej-blizkosti-dostihova-draha","imagesUrls":["https://img.nehnutelnosti.sk/foto/NjAweDMzOC9maWx0ZXJzOnF1YWxpdHkoMTAwKS9uZWg=/PKfBRXm3o_fss?st=vC0N9crDbOpNoekKjn8DYqeunUKdhGA9dvloZer5HUs&ts=1716823121&e=0"]},{"title":"3 - izbový tehlový byt, 78 m2 širšie centrum","address":"Brezno, okres Brezno","rooms":3,"meters":null,"totalPrice":null,"meterSquarePrice":null,"link":"https://www.nehnutelnosti.sk/detail/JuRYtbhWI3S/3-izbovy-tehlovy-byt-78-m2-sirsie-centrum","imagesUrls":["https://img.nehnutelnosti.sk/foto/NjAweDMzOC9maWx0ZXJzOnF1YWxpdHkoMTAwKS9uZWg=/Q0xarUZ3I_fss?st=mCVDO5JvuNSY-39U_yscbncCFBrL2bNS5OVpmIfigxw&ts=1724612076&e=0"]},{"title":"NA PREDAJ 3-izbový byt v centre mesta","address":"Hlavná, Galanta, okres Galanta","rooms":3,"meters":67,"totalPrice":109900,"meterSquarePrice":0,"link":"https://www.nehnutelnosti.sk/detail/JuruPRpFvzy/na-predaj-3-izbovy-byt-v-centre-mesta","imagesUrls":["https://img.unitedclassifieds.sk/foto/NjAweDMzOC9maWx0ZXJzOnF1YWxpdHkoMTAwKS9yc2Y=/4UKfxLzvA_fss?st=xiSN0SwIfkWC5kcxvk44V4wd6ugjqMEWUsj9u8JSQN4&ts=1683312750&e=0"]},{"title":"3iz byt Veterná Trnava ZĽAVA!!","address":"Ulica Veterná, Trnava, okres Trnava","rooms":3,"meters":66,"totalPrice":159990,"meterSquarePrice":9,"link":"https://www.nehnutelnosti.sk/detail/Ju0Hd0YjP7_/3iz-byt-veterna-trnava-zlava","imagesUrls":["https://img.unitedclassifieds.sk/foto/NjAweDMzOC9maWx0ZXJzOnF1YWxpdHkoMTAwKS9qdWw=/oMIrQT0_3_fss?st=n3cncytQulsvdlemgTva3AYS5kj0B2pp74i1PkyWUck&ts=1724598094&e=0"]},{"title":"1 izbový veľkometrážny byt s kompetnou rekonštrukciou Martin – Záturčie","address":"P. V. Rovnianka, Martin, okres Martin","rooms":1,"meters":47,"totalPrice":null,"meterSquarePrice":null,"link":"https://www.nehnutelnosti.sk/detail/JuDvpcXHFhD/1-izbovy-velkometrazny-byt-s-kompetnou-rekonstrukciou-martin-zaturcie","imagesUrls":["https://img.nehnutelnosti.sk/foto/NjAweDMzOC9maWx0ZXJzOnF1YWxpdHkoMTAwKS9uZWg=/wEIZ4OCHg_fss?st=NAVTfTTJ0TBnGURiVjd4kilSUFtD5F3I5j34wUu89SQ&ts=1709030234&e=0"]},{"title":"NA PREDAJ KRASNY 2 IZB. BYT RUŽINOV NOVOSTAVBA S BALKÓNOM PARKING 46 m2","address":"Ivanská cesta, Bratislava II - Ružinov, okres Bratislava","rooms":2,"meters":46,"totalPrice":159000,"meterSquarePrice":2,"link":"https://www.nehnutelnosti.sk/detail/JuwJH79VGDN/na-predaj-krasny-2-izb-byt-ruzinov-novostavba-s-balkonom-parking-46-m2","imagesUrls":["https://img.nehnutelnosti.sk/foto/NjAweDMzOC9maWx0ZXJzOnF1YWxpdHkoMTAwKS9uZWg=/PiTGGcHwj_fss?st=pnlyuKj8mxoZ0zwIY3n4ZuJIyqNmEdY4LWOziOnZg8c&ts=1718368281&e=0"]},{"title":"REZERVOVANÉ: výnimočná ponuka! 2-izbový byt s balkónom v Bojniciach","address":"Bojnice, okres Prievidza","rooms":2,"meters":59,"totalPrice":100000,"meterSquarePrice":2,"link":"https://www.nehnutelnosti.sk/detail/Juaf5SemeBE/rezervovane-vynimocna-ponuka-2-izbovy-byt-s-balkonom-v-bojniciach","imagesUrls":["https://img.nehnutelnosti.sk/foto/NjAweDMzOC9maWx0ZXJzOnF1YWxpdHkoMTAwKS9uZWg=/eTZx-8zYK_fss?st=M9FYhbY74UkCB7k1Y7PPY3eh8G7zocuVFH9m6fQQV0k&ts=1717655518&e=0"]},{"title":"3 IZBOVÝ BYT v obci Diakovce - NA PREDAJ","address":"Diakovce, okres Šaľa","rooms":3,"meters":59,"totalPrice":109999,"meterSquarePrice":7,"link":"https://www.nehnutelnosti.sk/detail/JusH9wa07we/3-izbovy-byt-v-obci-diakovce-na-predaj","imagesUrls":["https://img.nehnutelnosti.sk/foto/NjAweDMzOC9maWx0ZXJzOnF1YWxpdHkoMTAwKS9uZWg=/SOvqi4akZ_fss?st=3gEEE6T8DxKQJdbFAhh14dEQm5UAwWMDRQr0XVKiW6A&ts=1711829150&e=0"]}]