[{"title":"2 izbový byt v novostavbe s lodžiou, skladom a garážou v cene","address":"Allendeho, Poprad, okres Poprad","rooms":2,"meters":101,"totalPrice":188000,"meterSquarePrice":9,"link":"https://www.nehnutelnosti.sk/detail/JuSjNPq3khf/2-izbovy-byt-v-novostavbe-s-lodziou-skladom-a-garazou-v-cene","imagesUrls":["https://img.nehnutelnosti.sk/foto/NjAweDMzOC9maWx0ZXJzOnF1YWxpdHkoMTAwKS9uZWg=/Klv_OGK44_fss?st=lSy2fJKFZeMY3QNYcqjSI3Ecv_GN4U4ANbs9t4uRV5E&ts=1724021238&e=0"]},{"title":"1 izbový byt v novostavbe s s lodžiou, skladom a garážou v cene","address":"Allendeho, Poprad, okres Poprad","rooms":1,"meters":57,"totalPrice":101000,"meterSquarePrice":3,"link":"https://www.nehnutelnosti.sk/detail/JuLQgKz1ebk/1-izbovy-byt-v-novostavbe-s-s-lodziou-skladom-a-garazou-v-cene","imagesUrls":["https://img.nehnutelnosti.sk/foto/NjAweDMzOC9maWx0ZXJzOnF1YWxpdHkoMTAwKS9uZWg=/KGa4yJtoIJ_fss?st=yveSqpVP2g-scQAmF_K-YG_EMt7swjCo4kKWHDaazps&ts=1724021234&e=0"]},{"title":"1 izbový byt v novostavbe s lodžiou, skladom a garážou v cene","address":"Allendeho, Poprad, okres Poprad","rooms":1,"meters":69,"totalPrice":127000,"meterSquarePrice":8,"link":"https://www.nehnutelnosti.sk/detail/JuAO55lekJ3/1-izbovy-byt-v-novostavbe-s-lodziou-skladom-a-garazou-v-cene","imagesUrls":["https://img.nehnutelnosti.sk/foto/NjAweDMzOC9maWx0ZXJzOnF1YWxpdHkoMTAwKS9uZWg=/GjCa6abuG_fss?st=8ONdbwYiuiZtN4nGl82Kf8JIzyHErhypqT6HjfVxkPM&ts=1724021233&e=0"]},{"title":"PREDAJ, mezanín, Banská Štiavnica, Ul. Andreja Kmeťa,","address":"Andreja Kmeťa, Banská Štiavnica, okres Banská Štiavnica","rooms":5,"meters":27,"totalPrice":109900,"meterSquarePrice":7,"link":"https://www.nehnutelnosti.sk/detail/JuzPLHJS2s2/predaj-mezanin-banska-stiavnica-ul-andreja-kmeta","imagesUrls":["https://img.nehnutelnosti.sk/foto/NjAweDMzOC9maWx0ZXJzOnF1YWxpdHkoMTAwKS9uZWg=/wBxh3glU5y_fss?st=sGV8eTNEf0cd7LC77qTu-3BsVWzAurVyUCxXcbaAOEQ&ts=1721090008&e=0"]},{"title":"SKOLAUDOVANÉ 3 i. apartmán A5 s dvomi kúpeľňami, šatníkom a balkónom, Bratislava I – Staré Mesto","address":"K Železnej studienke, Bratislava I - Staré Mesto, okres Bratislava","rooms":3,"meters":119,"totalPrice":84,"meterSquarePrice":5,"link":"https://www.nehnutelnosti.sk/detail/JuYd4M956dQ/skolaudovane-3-i-apartman-a5-s-dvomi-kupelnami-satnikom-a-balkonom-bratislava-i-stare-mesto","imagesUrls":["https://img.nehnutelnosti.sk/foto/NjAweDMzOC9maWx0ZXJzOnF1YWxpdHkoMTAwKS9uZWg=/c8oPp8WrM_fss?st=7jeZlYytU3hB1LUOV1lsyKPWpD4GoH_Lb67oFxdn_K4&ts=1717568447&e=0"]},{"title":"Predám 3 izbový byt,  JUH, Topoľčany","address":"Nevyplnená, Topoľčany, okres Topoľčany","rooms":3,"meters":60,"totalPrice":89900,"meterSquarePrice":3,"link":"https://www.nehnutelnosti.sk/detail/JuF1vlUtKdS/predam-3-izbovy-byt-juh-topolcany","imagesUrls":["https://img.nehnutelnosti.sk/foto/NjAweDMzOC9maWx0ZXJzOnF1YWxpdHkoMTAwKS9uZWg=/nzPeOTiHQ_fss?st=oHbgk3S-BaBf9WLSKUfPgUdYy1x4gOkM1JR2kvzyhzY&ts=1667210534&e=0"]},{"title":"Predaj 3izb bytu Rajecká 14,Vrakuňa","address":"Rajecká, Bratislava II - Vrakuňa, okres Bratislava","rooms":3,"meters":71,"totalPrice":195000,"meterSquarePrice":8,"link":"https://www.nehnutelnosti.sk/detail/JuWJ1iq9Ezw/predaj-3izb-bytu-rajecka-14-vrakuna","imagesUrls":["https://img.nehnutelnosti.sk/foto/NjAweDMzOC9maWx0ZXJzOnF1YWxpdHkoMTAwKS9uZWg=/F_gYrek_o2_fss?st=oaOIm0-0PKK6PF9u1jxdRRYg_FTcrkzbXOiwnjV65Fo&ts=1717859828&e=0"]},{"title":"DOM-REALÍT ponúka na predaj nadštandardný, luxusný 4i byt v Starom Meste na Námestí SNP","address":"Námestie SNP, Bratislava I - Staré Mesto, okres Bratislava","rooms":4,"meters":200,"totalPrice":900000,"meterSquarePrice":0,"link":"https://www.nehnutelnosti.sk/detail/JuispsbZyJ6/dom-realit-ponuka-na-predaj-nadstandardny-luxusny-4i-byt-v-starom-meste-na-namesti-snp","imagesUrls":["https://img.nehnutelnosti.sk/foto/NjAweDMzOC9maWx0ZXJzOnF1YWxpdHkoMTAwKS9uZWg=/gQqRvC1Ob_fss?st=HHrjYwxkoK2mDf5gzE9ou2yVwLKDjP3boLMTYjGtYug&ts=1726406565&e=0"]},{"title":"DOM-REALÍT ponúka na predaj 3i byt v príjemnej obci Záhorská Ves","address":"Tovarenská, Záhorská Ves, okres Malacky","rooms":3,"meters":62,"totalPrice":99900,"meterSquarePrice":2,"link":"https://www.nehnutelnosti.sk/detail/JuqCOvbJBYQ/dom-realit-ponuka-na-predaj-3i-byt-v-prijemnej-obci-zahorska-ves","imagesUrls":["https://img.nehnutelnosti.sk/foto/NjAweDMzOC9maWx0ZXJzOnF1YWxpdHkoMTAwKS9uZWg=/G5pvII0RS_fss?st=SBiag3kQ61vWqXT3WUnpa0KIResz8G-s-GK9qLvkJUY&ts=1715547459&e=0"]},{"title":"Krásny 3 izbový byt s krbom, zariadený a po kompletnej rekonštrukcii v Kvetoslavove","address":"Agátová, Kvetoslavov, okres Dunajská Streda","rooms":3,"meters":80,"totalPrice":179000,"meterSquarePrice":0,"link":"https://www.nehnutelnosti.sk/detail/JuVt5J0Ksws/krasny-3-izbovy-byt-s-krbom-zariadeny-a-po-kompletnej-rekonstrukcii-v-kvetoslavove","imagesUrls":["https://img.nehnutelnosti.sk/foto/NjAweDMzOC9maWx0ZXJzOnF1YWxpdHkoMTAwKS9uZWg=/BVBJfSO3G_fss?st=fzeigML0F-3_uoubfaUKVoLSOpTarfUNpiBfBa0tkWw&ts=1725526275&e=0"]},{"title":"RADOVAN VARGA ponúka  2izbový byt na Rajčianskej ulici vo Vrakuni","address":"Rajčianska, Bratislava II - Vrakuňa, okres Bratislava","rooms":2,"meters":52,"totalPrice":135000,"meterSquarePrice":4,"link":"https://www.nehnutelnosti.sk/detail/JuEr4kxkq1_/radovan-varga-ponuka-2izbovy-byt-na-rajcianskej-ulici-vo-vrakuni","imagesUrls":["https://img.nehnutelnosti.sk/foto/NjAweDMzOC9maWx0ZXJzOnF1YWxpdHkoMTAwKS9uZWg=/VHZ9neVN__fss?st=GrrnzIpzumzfauc0ipKeKhpBp6qtFGgv83TV5BeIqLE&ts=1725882146&e=0"]},{"title":"RADOVAN VARGA ponúka  nadštandardný 136m2 byt v tehlovom dome s garážovým státím v Pezinku","address":"Silvánová, Pezinok, okres Pezinok","rooms":4,"meters":136,"totalPrice":280000,"meterSquarePrice":9,"link":"https://www.nehnutelnosti.sk/detail/JuI3f4Bz2rT/radovan-varga-ponuka-nadstandardny-136m2-byt-v-tehlovom-dome-s-garazovym-statim-v-pezinku","imagesUrls":["https://img.nehnutelnosti.sk/foto/NjAweDMzOC9maWx0ZXJzOnF1YWxpdHkoMTAwKS9uZWg=/1gok14Lr3_fss?st=2ZcThzuX6bm74FUEWcD5TwNjOgSBqRTBDt3Y6JiaotQ&ts=1722541572&e=0"]},{"title":"DOM-REALÍT ponúka na predaj slnečný 2 izbový byt v novostavbe, v Chorvátskom Grobe, na ul. Jelšovej","address":"Jelšova, Chorvátsky Grob, okres Senec","rooms":2,"meters":58,"totalPrice":215000,"meterSquarePrice":0,"link":"https://www.nehnutelnosti.sk/detail/Juk810bJhBa/dom-realit-ponuka-na-predaj-slnecny-2-izbovy-byt-v-novostavbe-v-chorvatskom-grobe-na-ul-jelsovej","imagesUrls":["https://img.nehnutelnosti.sk/foto/NjAweDMzOC9maWx0ZXJzOnF1YWxpdHkoMTAwKS9uZWg=/BZDWCGaeI_fss?st=sWZXb-rFaYZXMfJbquGwzQvVUxwYW6TPXmcVv6IGIzk&ts=1723903298&e=0"]},{"title":"RADOVAN VARGA ponúka  3izbový byt na 12 poschodí, na Lietavskej ulici","address":"Lietavska, Bratislava V - Petržalka, okres Bratislava","rooms":3,"meters":66,"totalPrice":179990,"meterSquarePrice":2,"link":"https://www.nehnutelnosti.sk/detail/JuHS7uWQESo/radovan-varga-ponuka-3izbovy-byt-na-12-poschodi-na-lietavskej-ulici","imagesUrls":["https://img.nehnutelnosti.sk/foto/NjAweDMzOC9maWx0ZXJzOnF1YWxpdHkoMTAwKS9uZWg=/xhA1538Oi5_fss?st=0tAhOAul6Jyu0PFnC5oIWoEuzQFIdSTEw9tkIKB8ozU&ts=1724747571&e=0"]},{"title":"Predáme  3 izbový byt na  sídlisku Chrenová v Nitre","address":"Nitra, okres Nitra","rooms":3,"meters":72,"totalPrice":133000,"meterSquarePrice":2,"link":"https://www.nehnutelnosti.sk/detail/Ju5pwZ792mb/predame-3-izbovy-byt-na-sidlisku-chrenova-v-nitre","imagesUrls":["https://img.nehnutelnosti.sk/foto/NjAweDMzOC9maWx0ZXJzOnF1YWxpdHkoMTAwKS9uZWg=/ttG3yVINl3_fss?st=DmHw8doIL71JECamcFkX8Im6vHRBDdhVbgtPg6g7jvc&ts=1722186788&e=0"]},{"title":"RADOVAN VARGA ponúka  nadštandardný 136m2 byt v tehlovom dome s garážovým státím v Pezinku","address":"Silvánová, Pezinok, okres Pezinok","rooms":3,"meters":122,"totalPrice":280000,"meterSquarePrice":9,"link":"https://www.nehnutelnosti.sk/detail/JusMzfHpvM8/radovan-varga-ponuka-nadstandardny-136m2-byt-v-tehlovom-dome-s-garazovym-statim-v-pezinku","imagesUrls":["https://img.nehnutelnosti.sk/foto/NjAweDMzOC9maWx0ZXJzOnF1YWxpdHkoMTAwKS9uZWg=/hah6Q6men_fss?st=5oFSMvpPOuwjTg95D-47GF9_sqSTmqv5VpUx5dNS9V4&ts=1722541029&e=0"]},{"title":"Kompletne zrekonštruovaný 3 izbový byt na absolútnom začiatku Petržalky, Mamateyova ulica","address":"Mamateyova, Bratislava V - Petržalka, okres Bratislava","rooms":3,"meters":74,"totalPrice":219990,"meterSquarePrice":4,"link":"https://www.nehnutelnosti.sk/5600924/kompletne-zrekonstruovany-3-izbovy-byt-na-absolutnom-zaciatku-petrzalky-mamateyova-ulica/","imagesUrls":["https://img.nehnutelnosti.sk/foto/NjAweDMzOC9maWx0ZXJzOnF1YWxpdHkoMTAwKS9uZWg=/ygEqgPd3f_fss?st=sq3KunMVMyqnnewyNKSxKDQCJoGosfEtDs92-F7uHbM&ts=1724837303&e=0"]},{"title":"Exkluzívny 3 izbový byt na Kolibe v projekte Nová Koliba na ulici Pod Vtáčnikom","address":"Pod Vtáčnikom, Bratislava III - Nové Mesto, okres Bratislava","rooms":3,"meters":97,"totalPrice":399000,"meterSquarePrice":0,"link":"https://www.nehnutelnosti.sk/detail/JuccZv58ltA/exkluzivny-3-izbovy-byt-na-kolibe-v-projekte-nova-koliba-na-ulici-pod-vtacnikom","imagesUrls":["https://img.nehnutelnosti.sk/foto/NjAweDMzOC9maWx0ZXJzOnF1YWxpdHkoMTAwKS9uZWg=/vMZmqNIdbb_fss?st=gJeaQd9EMERTQCg7eKEyfIa7XMrJY1eSRaBD_P6Zj8Q&ts=1725264998&e=0"]},{"title":"BA Gunduličova – luxusný 4-izbový byt.","address":"Gunduličova, Bratislava I - Staré Mesto, okres Bratislava","rooms":4,"meters":102,"totalPrice":455051,"meterSquarePrice":8,"link":"https://www.nehnutelnosti.sk/detail/Ju6wfFQe-tE/ba-gundulicova-luxusny-4-izbovy-byt","imagesUrls":["https://img.nehnutelnosti.sk/foto/NjAweDMzOC9maWx0ZXJzOnF1YWxpdHkoMTAwKS9uZWg=/bEQDY647V_fss?st=JU3afYgmkmbTNN3dWI88BDS_5pk8NOi6j7lNrm6k7NI&ts=1700134291&e=0"]},{"title":"BA Na Štyridsiatku - luxusný 7-izbový byt/mezonet 387,54 m2 (4x terasa).","address":"Na Štyridsiatku, Bratislava I - Staré Mesto, okres Bratislava","rooms":null,"meters":387,"totalPrice":2537500,"meterSquarePrice":1,"link":"https://www.nehnutelnosti.sk/detail/JuYYR3p4dpO/ba-na-styridsiatku-luxusny-7-izbovy-byt-mezonet-387-54-m2-4x-terasa","imagesUrls":["https://img.nehnutelnosti.sk/foto/NjAweDMzOC9maWx0ZXJzOnF1YWxpdHkoMTAwKS9uZWg=/-9nutQFwa_fss?st=Uky7_kKafBi5T4tLxqFfscJ9RLOr1cHHnItLsaW0EGc&ts=1657554169&e=0"]},{"title":"BA Na Štyridsiatku - luxusný 6-izbový byt 316,49 m2 (2x terasa).","address":"Na Štyridsiatku, Bratislava I - Staré Mesto, okres Bratislava","rooms":5,"meters":316,"totalPrice":2019850,"meterSquarePrice":3,"link":"https://www.nehnutelnosti.sk/detail/JurKTPNVCVa/ba-na-styridsiatku-luxusny-6-izbovy-byt-316-49-m2-2x-terasa","imagesUrls":["https://img.nehnutelnosti.sk/foto/NjAweDMzOC9maWx0ZXJzOnF1YWxpdHkoMTAwKS9uZWg=/05hkIKpM9_fss?st=rjwbeSDymnMw1K4hc1lanycIipuBIpdfwRWepSt-e1Q&ts=1657554171&e=0"]},{"title":"BA Gunduličova – II. ETAPA – posledný 3-izbový byt s balkónom – 324.926 eur.","address":"Gunduličova, Bratislava I - Staré Mesto, okres Bratislava","rooms":3,"meters":78,"totalPrice":324926,"meterSquarePrice":4,"link":"https://www.nehnutelnosti.sk/detail/JuG61edLCVf/ba-gundulicova-ii-etapa-posledny-3-izbovy-byt-s-balkonom-324-926-eur","imagesUrls":["https://img.nehnutelnosti.sk/foto/NjAweDMzOC9maWx0ZXJzOnF1YWxpdHkoMTAwKS9uZWg=/3gWFrzUgG_fss?st=lago4zb6khVSc4ZNlfi0MZKslll158LaJOc-wp3B_uQ&ts=1700134287&e=0"]},{"title":"BA Gunduličova – II. ETAPA – posledné dva 2-izbové byty s balkónom.","address":"Gunduličova, Bratislava I - Staré Mesto, okres Bratislava","rooms":2,"meters":63,"totalPrice":304327,"meterSquarePrice":8,"link":"https://www.nehnutelnosti.sk/detail/Jur4yxgIkHoy/ba-gundulicova-ii-etapa-posledne-dva-2-izbove-byty-s-balkonom","imagesUrls":["https://img.nehnutelnosti.sk/foto/NjAweDMzOC9maWx0ZXJzOnF1YWxpdHkoMTAwKS9uZWg=/j-1IxHzTC_fss?st=E4ev4aB-7oWnfHTRx2QltOC4gilVyMkHwJSyXGLBB-Q&ts=1700135167&e=0"]},{"title":"BA Gunduličova – II. ETAPA – posledný 3-izbový byt – výborná dispozícia.","address":"Gunduličova, Bratislava I - Staré Mesto, okres Bratislava","rooms":3,"meters":78,"totalPrice":324926,"meterSquarePrice":4,"link":"https://www.nehnutelnosti.sk/detail/Juz0Qz6enhq/ba-gundulicova-ii-etapa-posledny-3-izbovy-byt-vyborna-dispozicia","imagesUrls":["https://img.nehnutelnosti.sk/foto/NjAweDMzOC9maWx0ZXJzOnF1YWxpdHkoMTAwKS9uZWg=/O2lKGKv_5_fss?st=UkyquwuVKD75xWmwhbuzmsBQhhpt1N305II__7tUxn4&ts=1651066944&e=0"]},{"title":"3 izbový  byt vo vyhladávanej lokalite","address":"Riadok, Ružomberok, okres Ružomberok","rooms":3,"meters":70,"totalPrice":130000,"meterSquarePrice":4,"link":"https://www.nehnutelnosti.sk/detail/JudJaahg2q2/3-izbovy-byt-vo-vyhladavanej-lokalite","imagesUrls":["https://img.unitedclassifieds.sk/foto/NjAweDMzOC9maWx0ZXJzOnF1YWxpdHkoMTAwKS9qdWw=/NhAANYvpW_fss?st=l9bPGJsJMOu0EwZ7pZ20sArGYXw3tuZhE-MkUXVWEGU&ts=1723710019&e=0"]},{"title":"Predaj dvojizbového bytu v Leviciach.","address":"Levice, okres Levice","rooms":2,"meters":66,"totalPrice":74000,"meterSquarePrice":1,"link":"https://www.nehnutelnosti.sk/detail/Ju4hRyK8TFF/predaj-dvojizboveho-bytu-v-leviciach","imagesUrls":["https://img.nehnutelnosti.sk/foto/NjAweDMzOC9maWx0ZXJzOnF1YWxpdHkoMTAwKS9uZWg=/J_HvJna0N_fss?st=qlUmIvhpnhJdaioYUxM-sYZcAJ5mpvTObqIZm5aeL-A&ts=1726237125&e=0"]},{"title":"Ponúkame na predaj trojizbový byt v Leviciach, prerobený na štvorizbový.","address":"Levice, okres Levice","rooms":3,"meters":83,"totalPrice":104900,"meterSquarePrice":6,"link":"https://www.nehnutelnosti.sk/detail/JuehR8O4CgD/ponukame-na-predaj-trojizbovy-byt-v-leviciach-prerobeny-na-stvorizbovy","imagesUrls":["https://img.nehnutelnosti.sk/foto/NjAweDMzOC9maWx0ZXJzOnF1YWxpdHkoMTAwKS9uZWg=/COeWw_q47_fss?st=LV3SLdIKf5OHvGWhvkMHukX4acZGqzqaStzdAVma7Co&ts=1698408959&e=0"]},{"title":"Predaj  4 izbový byt -mezonet Kalná nad Hronom - Kalnica  - Dohoda na cene možná","address":"Kalná nad Hronom, okres Levice","rooms":4,"meters":96,"totalPrice":140000,"meterSquarePrice":3,"link":"https://www.nehnutelnosti.sk/detail/JuyJzb_uo8_/predaj-4-izbovy-byt-mezonet-kalna-nad-hronom-kalnica-dohoda-na-cene-mozna","imagesUrls":["https://img.nehnutelnosti.sk/foto/NjAweDMzOC9maWx0ZXJzOnF1YWxpdHkoMTAwKS9uZWg=/hIf4f6ylv_fss?st=Ah0LoZKIhnw7ec6DAv8c-lx1BtNNB6gVnNK6i-le2Sk&ts=1674594942&e=0"]},{"title":"Predaj 3 izbový byt ,Levice","address":"Levice, okres Levice","rooms":3,"meters":70,"totalPrice":77900,"meterSquarePrice":6,"link":"https://www.nehnutelnosti.sk/detail/JuH-YLkyP2p/predaj-3-izbovy-byt-levice","imagesUrls":["https://img.nehnutelnosti.sk/foto/NjAweDMzOC9maWx0ZXJzOnF1YWxpdHkoMTAwKS9uZWg=/fg_7Vo-94_fss?st=G036GX302EGorve60dZai8vKLVAk87w0cdP68VSwOwQ&ts=1715940973&e=0"]},{"title":"Predaj štvorizbového bytu v centre mesta Levice.","address":"Levice, okres Levice","rooms":4,"meters":81,"totalPrice":129000,"meterSquarePrice":9,"link":"https://www.nehnutelnosti.sk/detail/JuNdlv0P-pY/predaj-stvorizboveho-bytu-v-centre-mesta-levice","imagesUrls":["https://img.nehnutelnosti.sk/foto/NjAweDMzOC9maWx0ZXJzOnF1YWxpdHkoMTAwKS9uZWg=/h1LeEhniA_fss?st=jvwhkqd-avpIzN8Tje90UPEGa0QRHlV3feiEQ9izMPA&ts=1720516575&e=0"]}]