[{"title":"PREDAJ -> EXKLUZÍVNY 4 izbový bezbariérový BYT s dvomi parkovnými miestami a predzáhradkou, Bratisla","address":"Bratislava III - Nové Mesto, okres Bratislava","rooms":4,"meters":127,"totalPrice":436980,"meterSquarePrice":9,"link":"https://www.nehnutelnosti.sk/detail/JumbuGXpRNZ/predaj-exkluzivny-4-izbovy-bezbarierovy-byt-s-dvomi-parkovnymi-miestami-a-predzahradkou-bratisla","imagesUrls":["https://img.nehnutelnosti.sk/foto/NjAweDMzOC9maWx0ZXJzOnF1YWxpdHkoMTAwKS9uZWg=/tkrZd8zds_fss?st=SXjjkAtLMEqt3lzipEwOwv7rpwf7agWZJpGYo-Dffg0&ts=1717601658&e=0"]},{"title":"Na predaj veľký 5 izbový mezonet s výhľadom na Vysoké Tatry","address":"Vysoké Tatry, okres Poprad","rooms":5,"meters":112,"totalPrice":175000,"meterSquarePrice":6,"link":"https://www.nehnutelnosti.sk/detail/Jucir8fdrDi/na-predaj-velky-5-izbovy-mezonet-s-vyhladom-na-vysoke-tatry","imagesUrls":["https://img.nehnutelnosti.sk/foto/NjAweDMzOC9maWx0ZXJzOnF1YWxpdHkoMTAwKS9uZWg=/lAB0JCyxE_fss?st=ZDqrdu63vlkkdXIP3r5zq_vdxd2hWyjTh-X5YSwZSFQ&ts=1725330061&e=0"]},{"title":"(REZERVOVANÉ)-1 IZBOVÝ BYT, ŽILINA-HÁJIK, KOMPLET REKONŠTRUKCIA, BALKÓN, 37m²","address":"Žilina, okres Žilina","rooms":1,"meters":37,"totalPrice":104990,"meterSquarePrice":7,"link":"https://www.nehnutelnosti.sk/detail/Julj9AfXxSF/rezervovane-1-izbovy-byt-zilina-hajik-komplet-rekonstrukcia-balkon-37m","imagesUrls":["https://img.nehnutelnosti.sk/foto/NjAweDMzOC9maWx0ZXJzOnF1YWxpdHkoMTAwKS9uZWg=/CsXWMGPe-Z_fss?st=SROjVfvqB8nWSaFqpL1PCWrJdXWglxSAOIFdZQNCVTY&ts=1717620834&e=0"]},{"title":"EXKLUZÍVNE iba v TUreality ponúkame na predaj priestranný 2 izb. byt /54m2/ -Humenné","address":"Humenné, okres Humenné","rooms":2,"meters":54,"totalPrice":78999,"meterSquarePrice":4,"link":"https://www.nehnutelnosti.sk/detail/JutHaW1BBPN/exkluzivne-iba-v-tureality-ponukame-na-predaj-priestranny-2-izb-byt-54m2-humenne","imagesUrls":["https://img.nehnutelnosti.sk/foto/NjAweDMzOC9maWx0ZXJzOnF1YWxpdHkoMTAwKS9uZWg=/W7RaccHCj_fss?st=-71tZ-ETFhvjGvCviI-H0Nd2f2jTbF62nY2PQFp8Obw&ts=1726512008&e=0"]},{"title":"2i byt blízko centra s balkónom, 50m2, Nové Mesto nad Váhom","address":"Nové Mesto nad Váhom, okres Nové Mesto nad Váhom","rooms":2,"meters":50,"totalPrice":94990,"meterSquarePrice":8,"link":"https://www.nehnutelnosti.sk/detail/JuDunTdCO7He/2i-byt-blizko-centra-s-balkonom-50m2-nove-mesto-nad-vahom","imagesUrls":["https://img.nehnutelnosti.sk/foto/NjAweDMzOC9maWx0ZXJzOnF1YWxpdHkoMTAwKS9uZWg=/d99b5LLkC_fss?st=jYm1nOdF1wd6RgwBQiYSclOaQCLs8Om2t3eBAjj7cMs&ts=1727016940&e=0"]},{"title":"TUreality ponúka na predaj 2i byt v meste Kremnica, 55,5m2","address":"Kremnica, okres Žiar nad Hronom","rooms":2,"meters":56,"totalPrice":86000,"meterSquarePrice":1,"link":"https://www.nehnutelnosti.sk/detail/JuwS1SCCSE8/tureality-ponuka-na-predaj-2i-byt-v-meste-kremnica-55-5m2","imagesUrls":["https://img.nehnutelnosti.sk/foto/NjAweDMzOC9maWx0ZXJzOnF1YWxpdHkoMTAwKS9uZWg=/gdrn9tNkj_fss?st=FazZzWr2-yFKJ_YJ-Yi1d4TC8Mk3ELeugUpWwyygJz8&ts=1721647433&e=0"]},{"title":"TUreality ponúka na predaj 2i byt - Bratislava-Nové Mesto, TEHLA 56 m²","address":"Bratislava III - Nové Mesto, okres Bratislava","rooms":2,"meters":56,"totalPrice":174980,"meterSquarePrice":4,"link":"https://www.nehnutelnosti.sk/detail/Ju6vpbXKJgv/tureality-ponuka-na-predaj-2i-byt-bratislava-nove-mesto-tehla-56-m","imagesUrls":["https://img.nehnutelnosti.sk/foto/NjAweDMzOC9maWx0ZXJzOnF1YWxpdHkoMTAwKS9uZWg=/MOwhvnxiiv_fss?st=6__CuO3nDVLdeB1P0ZCN2_l62whFMd1X0eVOEuC4rx0&ts=1717625343&e=0"]},{"title":"Predám 3izbový apartmán, balkón, pri Tatranskej Lomnici, Vysoké Tatry","address":"Vysoké Tatry, okres Poprad","rooms":3,"meters":56,"totalPrice":220000,"meterSquarePrice":3,"link":"https://www.nehnutelnosti.sk/detail/Ju38-3wghQ6/predam-3izbovy-apartman-balkon-pri-tatranskej-lomnici-vysoke-tatry","imagesUrls":["https://img.nehnutelnosti.sk/foto/NjAweDMzOC9maWx0ZXJzOnF1YWxpdHkoMTAwKS9uZWg=/nLrcO443c_fss?st=blsV9V58FhsV8GaR3knXvFQdqfhJxWtLDVEDA8zg1ME&ts=1722931990&e=0"]},{"title":"Rezervované - Skvelý 2-izbový byt v práve dokončenej novostavbe v Ovocných sadoch, 48,2 m2","address":"Bratislava II - Ružinov, okres Bratislava","rooms":2,"meters":48,"totalPrice":165000,"meterSquarePrice":4,"link":"https://www.nehnutelnosti.sk/detail/Jun80l-hdtW/rezervovane-skvely-2-izbovy-byt-v-prave-dokoncenej-novostavbe-v-ovocnych-sadoch-48-2-m2","imagesUrls":["https://img.nehnutelnosti.sk/foto/NjAweDMzOC9maWx0ZXJzOnF1YWxpdHkoMTAwKS9uZWg=/XjkkL4KPAc_fss?st=rPB05cUI3PQ5wC9R43IGqgWS69ds8uzx6NsMMnWKmk4&ts=1725207782&e=0"]},{"title":"Na predaj skvelý jednoizbový byt /38 m2/ na Rúbanisku II v Lučenci.","address":"Lučenec, okres Lučenec","rooms":1,"meters":38,"totalPrice":44050,"meterSquarePrice":1,"link":"https://www.nehnutelnosti.sk/detail/Jup3LwlG4nN/na-predaj-skvely-jednoizbovy-byt-38-m2-na-rubanisku-ii-v-lucenci","imagesUrls":["https://img.nehnutelnosti.sk/foto/NjAweDMzOC9maWx0ZXJzOnF1YWxpdHkoMTAwKS9uZWg=/4ppk94bXwA_fss?st=GDFGnnRcSxgQxGzoY8vZjv9CnFmEHyF5v2kP9D2dz8c&ts=1725446257&e=0"]},{"title":"TUreality ponúka na predaj 3 izbový byt 61,5 m²  v Dunajskej Strede s parkovacím miestom a loggiou.","address":"Dunajská Streda, okres Dunajská Streda","rooms":3,"meters":62,"totalPrice":128600,"meterSquarePrice":9,"link":"https://www.nehnutelnosti.sk/detail/JuI9r449osT/tureality-ponuka-na-predaj-3-izbovy-byt-61-5-m-v-dunajskej-strede-s-parkovacim-miestom-a-loggiou","imagesUrls":["https://img.nehnutelnosti.sk/foto/NjAweDMzOC9maWx0ZXJzOnF1YWxpdHkoMTAwKS9uZWg=/2p0QUTLAW_fss?st=hJ-J8j29E4AaHHL5FEHeaTT7aGs_Ag_3jlHyQN1qjRw&ts=1721549336&e=0"]},{"title":"2 izbový byt 40 m2 Matadorka novostavba 16. poschodie s luxusným výhľadom  a priestranným balkónom -","address":"Bratislava V - Petržalka, okres Bratislava","rooms":2,"meters":36,"totalPrice":192980,"meterSquarePrice":6,"link":"https://www.nehnutelnosti.sk/detail/JubAjpyHk5h/2-izbovy-byt-40-m2-matadorka-novostavba-16-poschodie-s-luxusnym-vyhladom-a-priestrannym-balkonom","imagesUrls":["https://img.nehnutelnosti.sk/foto/NjAweDMzOC9maWx0ZXJzOnF1YWxpdHkoMTAwKS9uZWg=/F7YRkqgXBc_fss?st=kzE6d_Jfax3cHY4T1BdiFRmA6IsSIJ7_F66aZxingTo&ts=1721942195&e=0"]},{"title":"NA PREDAJ 4-IZB. BYT V BOLEŠOVE S 81 M2, SO ZÁHRADOU.","address":"Bolešov, okres Ilava","rooms":4,"meters":81,"totalPrice":140000,"meterSquarePrice":0,"link":"https://www.nehnutelnosti.sk/detail/Juo0a0bW5na/na-predaj-4-izb-byt-v-bolesove-s-81-m2-so-zahradou","imagesUrls":["https://img.nehnutelnosti.sk/foto/NjAweDMzOC9maWx0ZXJzOnF1YWxpdHkoMTAwKS9uZWg=/-KgurDGg0_fss?st=1MY_BX7_IOf85Jhcypto9mvGZ6BoV_02fWaimBlOwBE&ts=1724416658&e=0"]},{"title":"TU reality ponúka na predaj garsónku v obci Dunajská Lužná – 23 m².","address":"Dunajská Lužná, okres Senec","rooms":null,"meters":23,"totalPrice":78000,"meterSquarePrice":0,"link":"https://www.nehnutelnosti.sk/detail/JuZFkDrqkg0/tu-reality-ponuka-na-predaj-garsonku-v-obci-dunajska-luzna-23-m","imagesUrls":["https://img.nehnutelnosti.sk/foto/NjAweDMzOC9maWx0ZXJzOnF1YWxpdHkoMTAwKS9uZWg=/GwltiUzQuS_fss?st=v-zHcbJRJGOk4O_n_RJlYtdYly121WCzD_vcC2iW_Sg&ts=1717576776&e=0"]},{"title":"Na predaj 3 izbový byt v mestskej časti Západ.","address":"Košice II - Západ, okres Košice","rooms":3,"meters":54,"totalPrice":144950,"meterSquarePrice":6,"link":"https://www.nehnutelnosti.sk/detail/Juda5eTDYpr/na-predaj-3-izbovy-byt-v-mestskej-casti-zapad","imagesUrls":["https://img.nehnutelnosti.sk/foto/NjAweDMzOC9maWx0ZXJzOnF1YWxpdHkoMTAwKS9uZWg=/Lfqp0CXmXO_fss?st=k1TCrggv-mNfJ-Hz7FdhKeRjp3gnalcxARBCDN7zh3E&ts=1717588020&e=0"]},{"title":"REZERVOVANÉ...Na predaj 2 izbový byt s dvoma loggiami Veľké Dvorany okres Topoľčany","address":"Veľké Dvorany, okres Topoľčany","rooms":2,"meters":60,"totalPrice":59000,"meterSquarePrice":3,"link":"https://www.nehnutelnosti.sk/detail/Juqcv6tNKgF/rezervovane-na-predaj-2-izbovy-byt-s-dvoma-loggiami-velke-dvorany-okres-topolcany","imagesUrls":["https://img.nehnutelnosti.sk/foto/NjAweDMzOC9maWx0ZXJzOnF1YWxpdHkoMTAwKS9uZWg=/Gd-ImxktMf_fss?st=zjubGo-glI7yBEzmis7Da2wGaKAnpRiKSKNdvapSxbg&ts=1717620791&e=0"]},{"title":"TUreality ponúka na predaj 3i byt na Sekieri o výmere 64 m² s balkónom","address":"Zvolen, okres Zvolen","rooms":3,"meters":64,"totalPrice":117980,"meterSquarePrice":4,"link":"https://www.nehnutelnosti.sk/detail/Jum3TlxfIoW/tureality-ponuka-na-predaj-3i-byt-na-sekieri-o-vymere-64-m-s-balkonom","imagesUrls":["https://img.nehnutelnosti.sk/foto/NjAweDMzOC9maWx0ZXJzOnF1YWxpdHkoMTAwKS9uZWg=/_1srBgunS_fss?st=qzj9LKOubvn0E3BIJUOyLH5OVG57CCm7rG_bF0g_7q8&ts=1717625339&e=0"]},{"title":"2 izbový byt 55 m2 v novostavbe v príjemnom zelenom prostredí okresného mesta Senec","address":"Senec, okres Senec","rooms":2,"meters":55,"totalPrice":177000,"meterSquarePrice":8,"link":"https://www.nehnutelnosti.sk/detail/Jugojl1oa_0/2-izbovy-byt-55-m2-v-novostavbe-v-prijemnom-zelenom-prostredi-okresneho-mesta-senec","imagesUrls":["https://img.nehnutelnosti.sk/foto/NjAweDMzOC9maWx0ZXJzOnF1YWxpdHkoMTAwKS9uZWg=/T2DztCAhy_fss?st=-SrR9N0lHrfshFJBAL_2mkMIrRuQubPGZlXXtcu1rew&ts=1723455918&e=0"]},{"title":"IBA U NÁS 3-IZBOVÝ BYT HLOHOVEC 83m2 + 16m2 terasa","address":"Hlohovec, okres Hlohovec","rooms":3,"meters":83,"totalPrice":180000,"meterSquarePrice":7,"link":"https://www.nehnutelnosti.sk/detail/Ju7wzPm56Yn/iba-u-nas-3-izbovy-byt-hlohovec-83m2-16m2-terasa","imagesUrls":["https://img.nehnutelnosti.sk/foto/NjAweDMzOC9maWx0ZXJzOnF1YWxpdHkoMTAwKS9uZWg=/WKRWeIQg1r_fss?st=8eZ3uY3y2CeU4A2GMn7W_x441SSyha3-u-IoIBIxKG0&ts=1717587975&e=0"]},{"title":"Pripravujeme do ponuky krásny slnečný 2i. byt o výmere 62,5 m2 v centre Banskej Bystrice","address":"Banská Bystrica, okres Banská Bystrica","rooms":null,"meters":62,"totalPrice":138000,"meterSquarePrice":8,"link":"https://www.nehnutelnosti.sk/detail/JuTgb9mXfsT/pripravujeme-do-ponuky-krasny-slnecny-2i-byt-o-vymere-62-5-m2-v-centre-banskej-bystrice","imagesUrls":["https://img.nehnutelnosti.sk/foto/NjAweDMzOC9maWx0ZXJzOnF1YWxpdHkoMTAwKS9uZWg=/0CeiyAX_7D_fss?st=IZXl3nTY7876xTTVbEhyK7N7AaaPs5GYdxnAf-_2Z1E&ts=1718195872&e=0"]},{"title":"EXKLUZÍVNE-iba v TUreality- 3 izbový byt na sidlisku pod Sokolejom v Humennom","address":"Humenné, okres Humenné","rooms":3,"meters":66,"totalPrice":89999,"meterSquarePrice":2,"link":"https://www.nehnutelnosti.sk/detail/JusxhSOm0JS/exkluzivne-iba-v-tureality-3-izbovy-byt-na-sidlisku-pod-sokolejom-v-humennom","imagesUrls":["https://img.nehnutelnosti.sk/foto/NjAweDMzOC9maWx0ZXJzOnF1YWxpdHkoMTAwKS9uZWg=/V8sodlvCl_fss?st=cBjUqcQlOih_YwTVRphocQhD4zrz543jP1LyRAKxVdw&ts=1717625333&e=0"]},{"title":"Na predaj 2-izbový byt s balkónom v novostavbe Ovocné sady, Bratislava, 57 m2","address":"Bratislava II - Ružinov, okres Bratislava","rooms":2,"meters":57,"totalPrice":185000,"meterSquarePrice":1,"link":"https://www.nehnutelnosti.sk/detail/Jut3MGRGy1I/na-predaj-2-izbovy-byt-s-balkonom-v-novostavbe-ovocne-sady-bratislava-57-m2","imagesUrls":["https://img.nehnutelnosti.sk/foto/NjAweDMzOC9maWx0ZXJzOnF1YWxpdHkoMTAwKS9uZWg=/HdERQV-nN_fss?st=ZF2WpnK7HXmgM-MTwoKjVrb_EpOjD3WIoidrsLqPbmY&ts=1723736237&e=0"]},{"title":"PREDAJ -> priestranný 3 izbový BYT s dvoma balkónmi, SVÄTÝ JUR, 75,83 m2","address":"Svätý Jur, okres Pezinok","rooms":3,"meters":75,"totalPrice":235000,"meterSquarePrice":4,"link":"https://www.nehnutelnosti.sk/detail/Jufah5scTrv/predaj-priestranny-3-izbovy-byt-s-dvoma-balkonmi-svaty-jur-75-83-m2","imagesUrls":["https://img.nehnutelnosti.sk/foto/NjAweDMzOC9maWx0ZXJzOnF1YWxpdHkoMTAwKS9uZWg=/GAY5hdM7u_fss?st=cl-J_0chP5LdA6A2dd1DW0CIkHE6IFzP1Q3A3fwSxuw&ts=1721703569&e=0"]},{"title":"3+KK BYT V NOVOSTAVBE PRED DOKONČENÍM, POVAŽSKÁ BYSTRICA-ZAKVÁŠOV, VÝMERA 70,60m²","address":"Považská Bystrica, okres Považská Bystrica","rooms":3,"meters":70,"totalPrice":77000,"meterSquarePrice":5,"link":"https://www.nehnutelnosti.sk/detail/Juu1m8Q4Ki6/3-kk-byt-v-novostavbe-pred-dokoncenim-povazska-bystrica-zakvasov-vymera-70-60m","imagesUrls":["https://img.nehnutelnosti.sk/foto/NjAweDMzOC9maWx0ZXJzOnF1YWxpdHkoMTAwKS9uZWg=/N1Tp7EbV_S_fss?st=68qoCs1wwvMODcE15qXSVo0-iWxfsBjUtjIireWkkX0&ts=1724851599&e=0"]},{"title":"PREDAJ -> CENTRUM mesta -> 3-izbový byt v pôvodnom stave, PEZINOK, 67 m2","address":"Pezinok, okres Pezinok","rooms":3,"meters":67,"totalPrice":149980,"meterSquarePrice":1,"link":"https://www.nehnutelnosti.sk/detail/JuiWEcbb1s2P/predaj-centrum-mesta-3-izbovy-byt-v-povodnom-stave-pezinok-67-m2","imagesUrls":["https://img.nehnutelnosti.sk/foto/NjAweDMzOC9maWx0ZXJzOnF1YWxpdHkoMTAwKS9uZWg=/j5bUxYTxi_fss?st=mAtQ8EqQuldcCiyUzUU7jsIRiWi-VSaLBglb5RIBDjA&ts=1717590392&e=0"]},{"title":"!!!ZNÍŽENÁ CENA!!! NA PREDAJ krásny, slnečný, po kompletnej rekonštrukcii 3 - izbový byt v Prievidzi","address":"Prievidza, okres Prievidza","rooms":3,"meters":74,"totalPrice":95950,"meterSquarePrice":2,"link":"https://www.nehnutelnosti.sk/detail/Ju12ss6wpAz/znizena-cena-na-predaj-krasny-slnecny-po-kompletnej-rekonstrukcii-3-izbovy-byt-v-prievidzi","imagesUrls":["https://img.nehnutelnosti.sk/foto/NjAweDMzOC9maWx0ZXJzOnF1YWxpdHkoMTAwKS9uZWg=/1MmVcS5N2_fss?st=w0-MurcpcygVhj9udB0aBE6caKWilunduiT5BPOVRf8&ts=1721072194&e=0"]},{"title":"4+KK BYT V NOVOSTAVBE PRED DOKONČENÍM, POVAŽSKÁ BYSTRICA-ZAKVÁŠOV, TERASA, VÝMERA 99,50m²","address":"Považská Bystrica, okres Považská Bystrica","rooms":4,"meters":99,"totalPrice":107000,"meterSquarePrice":8,"link":"https://www.nehnutelnosti.sk/detail/JuFa2S6Gmgi/4-kk-byt-v-novostavbe-pred-dokoncenim-povazska-bystrica-zakvasov-terasa-vymera-99-50m","imagesUrls":["https://img.nehnutelnosti.sk/foto/NjAweDMzOC9maWx0ZXJzOnF1YWxpdHkoMTAwKS9uZWg=/rLblQR8A6_fss?st=Shabu_L6WO0WJpxXbfcyIhZ2-6QsXMMWETQzicjXq9Q&ts=1725457886&e=0"]},{"title":"Exkluzívny 3 izbový byt - Nový Martin","address":"Martin, okres Martin","rooms":3,"meters":69,"totalPrice":165000,"meterSquarePrice":0,"link":"https://www.nehnutelnosti.sk/detail/JuYXLj0ggzG/exkluzivny-3-izbovy-byt-novy-martin","imagesUrls":["https://img.nehnutelnosti.sk/foto/NjAweDMzOC9maWx0ZXJzOnF1YWxpdHkoMTAwKS9uZWg=/mMoWUYqydf_fss?st=YNHoMCR_xzorrNKNMg2TCzAFqBgZ5HxPhC_Dl73vi4M&ts=1725824261&e=0"]},{"title":"Na predaj Amfiteáter Bôrik, 3,5 izbový veľkometrážny byt s veľkou terasou.","address":"Žilina, okres Žilina","rooms":3,"meters":120,"totalPrice":399900,"meterSquarePrice":0,"link":"https://www.nehnutelnosti.sk/detail/Ju1rbANwyMR/na-predaj-amfiteater-borik-3-5-izbovy-velkometrazny-byt-s-velkou-terasou","imagesUrls":["https://img.nehnutelnosti.sk/foto/NjAweDMzOC9maWx0ZXJzOnF1YWxpdHkoMTAwKS9uZWg=/HT3I64AEK_fss?st=Bh7TOulLvBoAso1TkRO8areTIviy89UGUmR7VpEpGv0&ts=1720076386&e=0"]},{"title":"TUreality ponúka na predaj pekný 3i byt v na sídlisku Západ vo Zvolene o výmere 72 m²","address":"Zvolen, okres Zvolen","rooms":3,"meters":72,"totalPrice":154000,"meterSquarePrice":9,"link":"https://www.nehnutelnosti.sk/detail/JuuWRq1vIJu/tureality-ponuka-na-predaj-pekny-3i-byt-v-na-sidlisku-zapad-vo-zvolene-o-vymere-72-m","imagesUrls":["https://img.nehnutelnosti.sk/foto/NjAweDMzOC9maWx0ZXJzOnF1YWxpdHkoMTAwKS9uZWg=/5-7zTXnwf_fss?st=n8-VuZyKmK7fSD_FTxMd3O3lt1hXwXP0QiVUWT8_8-M&ts=1717587916&e=0"]}]