[{"title":"Netypický byt v dobrej lokalite","address":"Doležalova 3424/15, Bratislava II - Ružinov, okres Bratislava","rooms":1,"meters":33,"totalPrice":135000,"meterSquarePrice":1,"link":"https://www.nehnutelnosti.sk/detail/JujivKJRxr3/netypicky-byt-v-dobrej-lokalite","imagesUrls":["https://img.nehnutelnosti.sk/foto/NjAweDMzOC9maWx0ZXJzOnF1YWxpdHkoMTAwKS9uZWg=/e8ufVqSMJ_fss?st=7HcaQHzgPr3EIF7dicbH-K6YhwImuv-ur2wOqSt5qs8&ts=1726838690&e=0"]},{"title":"Predám 2,5 izbovy byt","address":"Záturecká 10731/2, Martin, okres Martin","rooms":null,"meters":90,"totalPrice":159999,"meterSquarePrice":7,"link":"https://www.nehnutelnosti.sk/detail/JuRAeju-93q/predam-2-5-izbovy-byt","imagesUrls":["https://img.nehnutelnosti.sk/foto/NjAweDMzOC9maWx0ZXJzOnF1YWxpdHkoMTAwKS9uZWg=/Er4MGhjHxy_fss?st=Z9OaeT6bYJoBY6K1K3cIMfl3ILswcx4AF6jq16oUul0&ts=1726834172&e=0"]},{"title":"NOVINKA! PREDAJ – Luxusný 3-izbový byt s úžasným výhľadom na Nitru","address":"Nedbalova 8, Nitra, okres Nitra","rooms":3,"meters":75,"totalPrice":299900,"meterSquarePrice":7,"link":"https://www.nehnutelnosti.sk/detail/JupTbxx9A__/novinka-predaj-luxusny-3-izbovy-byt-s-uzasnym-vyhladom-na-nitru","imagesUrls":["https://img.unitedclassifieds.sk/foto/NjAweDMzOC9maWx0ZXJzOnF1YWxpdHkoMTAwKS9yc2Y=/W8ZmWeGfu_fss?st=sJQF47X9VvxgXAWmEQfZ0teENGmjucfvRmbR1qvUgps&ts=1721982126&e=0"]},{"title":"NA PREDAJ PEKNÝ 3-IZBOVÝ BYT NA KVP V KOŠICIACH","address":"Húskova, Košice II - Sídlisko KVP, okres Košice","rooms":3,"meters":61,"totalPrice":169990,"meterSquarePrice":2,"link":"https://www.nehnutelnosti.sk/detail/JufitFKOU3W/na-predaj-pekny-3-izbovy-byt-na-kvp-v-kosiciach","imagesUrls":["https://img.nehnutelnosti.sk/foto/NjAweDMzOC9maWx0ZXJzOnF1YWxpdHkoMTAwKS9uZWg=/CrjFpUUaF_fss?st=z5h6GADWk5lfh_01eUXY8BnsE5SZzO-mxjH1L_s4ZWY&ts=1725289100&e=0"]},{"title":"LUXUSNÝ 1 IZBOVÝ BYT S VEĽKOU TERASOU V SRDCI MESTA KOŠÍC","address":"Alvinczyho, Košice I - Staré Mesto, okres Košice","rooms":1,"meters":30,"totalPrice":166990,"meterSquarePrice":3,"link":"https://www.nehnutelnosti.sk/detail/JuzSwFtyeqk/luxusny-1-izbovy-byt-s-velkou-terasou-v-srdci-mesta-kosic","imagesUrls":["https://img.nehnutelnosti.sk/foto/NjAweDMzOC9maWx0ZXJzOnF1YWxpdHkoMTAwKS9uZWg=/SfsHKm9AcH_fss?st=Qy3XQfPZCNiQVD7uEviMB_Dv9JrysKwE3SD8O9DWChg&ts=1726066946&e=0"]},{"title":"4 izb. byt 110 m2 +  2x 6m loggia, Moldavská ul., Košice - sídlisko Terasa, 2 posch.,","address":"Moldavská, Košice II - Západ, okres Košice","rooms":4,"meters":110,"totalPrice":305000,"meterSquarePrice":3,"link":"https://www.nehnutelnosti.sk/detail/JuhQENTV3Bn/4-izb-byt-110-m2-2x-6m-loggia-moldavska-ul-kosice-sidlisko-terasa-2-posch","imagesUrls":["https://img.nehnutelnosti.sk/foto/NjAweDMzOC9maWx0ZXJzOnF1YWxpdHkoMTAwKS9uZWg=/GyrvMazcno_fss?st=yeq7tavRk1gZfHPRKYczlDnkiRAKveLyP1gixb8-9Ng&ts=1723110360&e=0"]},{"title":"Predaj 4 izb. bytu na Tematínskej ulici v Novom Meste n/V","address":"Tematínska, Nové Mesto nad Váhom, okres Nové Mesto nad Váhom","rooms":4,"meters":94,"totalPrice":161900,"meterSquarePrice":9,"link":"https://www.nehnutelnosti.sk/detail/Ju5Fj4g8_Y0/predaj-4-izb-bytu-na-tematinskej-ulici-v-novom-meste-n-v","imagesUrls":["https://img.nehnutelnosti.sk/foto/NjAweDMzOC9maWx0ZXJzOnF1YWxpdHkoMTAwKS9uZWg=/jYjwE4umk_fss?st=d3A9X-yvdDGnBCBj7VcAX9n-j-Fx-Q-oot8JUvRE1aQ&ts=1726833708&e=0"]},{"title":"Predaj 3 izb.bytu na ulici Jána Halašu v Trenčíne","address":"Jána Halašu, Trenčín, okres Trenčín","rooms":3,"meters":73,"totalPrice":154900,"meterSquarePrice":4,"link":"https://www.nehnutelnosti.sk/detail/Jus8Lf-qr7-/predaj-3-izb-bytu-na-ulici-jana-halasu-v-trencine","imagesUrls":["https://img.nehnutelnosti.sk/foto/NjAweDMzOC9maWx0ZXJzOnF1YWxpdHkoMTAwKS9uZWg=/HvFEEsces_fss?st=Ql_soZYRJrwHj6EGsdyGhcsZHZHJS9mSvUTn1tkfu5A&ts=1726833709&e=0"]},{"title":"Na predaj byt na ulici Kukučínovej v Ilave","address":"Kukučínova, Ilava, okres Ilava","rooms":3,"meters":61,"totalPrice":117400,"meterSquarePrice":9,"link":"https://www.nehnutelnosti.sk/detail/Ju9thLVQtFf/na-predaj-byt-na-ulici-kukucinovej-v-ilave","imagesUrls":["https://img.nehnutelnosti.sk/foto/NjAweDMzOC9maWx0ZXJzOnF1YWxpdHkoMTAwKS9uZWg=/QdirPliza_fss?st=B_DGmQGlt0pPuReQDEFJ7_5d3fLFTaBm7piIxKkrJoM&ts=1726219969&e=0"]},{"title":"ELEGANTNÝ 2 IZBOVÝ BYT S LODŽIOU A MODERNOU REKONŠTRUKCIOU","address":"Kpt.Jaroša, Košice III - Dargovských Hrdinov, okres Košice","rooms":2,"meters":58,"totalPrice":159883,"meterSquarePrice":0,"link":"https://www.nehnutelnosti.sk/detail/Ju9T9GD8PSU/elegantny-2-izbovy-byt-s-lodziou-a-modernou-rekonstrukciou","imagesUrls":["https://img.nehnutelnosti.sk/foto/NjAweDMzOC9maWx0ZXJzOnF1YWxpdHkoMTAwKS9uZWg=/xKEQ-sUbv_fss?st=sFzzkOhxF8tsiKbfh6IiLv6if_6lv9YRwZYDC-0OIik&ts=1724858961&e=0"]},{"title":"LEVEL REAL - NA PREDAJ 2 - IZBOVÝ BYT / Projekt KLÁSKY VRBOVÉ","address":"Družstevná, Nové Mesto nad Váhom, okres Nové Mesto nad Váhom","rooms":2,"meters":47,"totalPrice":92990,"meterSquarePrice":1,"link":"https://www.nehnutelnosti.sk/detail/Ju7yImPxz-T/level-real-na-predaj-2-izbovy-byt-projekt-klasky-vrbove","imagesUrls":["https://img.nehnutelnosti.sk/foto/NjAweDMzOC9maWx0ZXJzOnF1YWxpdHkoMTAwKS9uZWg=/hqB9MgIy9_fss?st=Bj297SQgWBX1i1QXDCaK_8pCzKtp0kVPBkfrpeqZyUk&ts=1723875947&e=0"]},{"title":"LEVEL REAL - NA PREDAJ 3 - IZBOVÝ BYT / Projekt KLÁSKY VRBOVÉ","address":"Družstevná, Nové Mesto nad Váhom, okres Nové Mesto nad Váhom","rooms":3,"meters":67,"totalPrice":109990,"meterSquarePrice":7,"link":"https://www.nehnutelnosti.sk/detail/JuzCCiaZgAq/level-real-na-predaj-3-izbovy-byt-projekt-klasky-vrbove","imagesUrls":["https://img.nehnutelnosti.sk/foto/NjAweDMzOC9maWx0ZXJzOnF1YWxpdHkoMTAwKS9uZWg=/lghWRKoGP_fss?st=oeHvAWjM7FYdbnsuRLyC-ReZhF9iIjU4UUre0suNd_o&ts=1723875957&e=0"]},{"title":"LEVEL REAL - NA PREDAJ 3 - IZBOVÝ BYT / Projekt KLÁSKY VRBOVÉ","address":"Družstevná, Hlohovec, okres Hlohovec","rooms":3,"meters":67,"totalPrice":109990,"meterSquarePrice":7,"link":"https://www.nehnutelnosti.sk/detail/JuD2iQfRdGP/level-real-na-predaj-3-izbovy-byt-projekt-klasky-vrbove","imagesUrls":["https://img.nehnutelnosti.sk/foto/NjAweDMzOC9maWx0ZXJzOnF1YWxpdHkoMTAwKS9uZWg=/L5rECN5ZU_fss?st=IxC7hmQ9rCaYFDsCrYO8DkOFn_2RO_2iAOjWND7BbQI&ts=1723875957&e=0"]},{"title":"LEVEL REAL - PREDAJ 2 - IZBOVÝ BYT V PROJEKTE MIKO","address":"Mikoviniho, Trnava, okres Trnava","rooms":2,"meters":55,"totalPrice":149900,"meterSquarePrice":5,"link":"https://www.nehnutelnosti.sk/detail/JuThsOgCJFy/level-real-predaj-2-izbovy-byt-v-projekte-miko","imagesUrls":["https://img.nehnutelnosti.sk/foto/NjAweDMzOC9maWx0ZXJzOnF1YWxpdHkoMTAwKS9uZWg=/5sC1PHXho_fss?st=7Xl3GVSnFH5Xbh3XLKUJ-8sBALRUpdZV0GnE_HsqLHU&ts=1724187691&e=0"]},{"title":"LEVEL REAL - NA PREDAJ 2 - IZBOVÝ BYT / Projekt KLÁSKY VRBOVÉ","address":"Družstevná, Hlohovec, okres Hlohovec","rooms":2,"meters":47,"totalPrice":92990,"meterSquarePrice":1,"link":"https://www.nehnutelnosti.sk/detail/Ju5GmxT1W-D/level-real-na-predaj-2-izbovy-byt-projekt-klasky-vrbove","imagesUrls":["https://img.nehnutelnosti.sk/foto/NjAweDMzOC9maWx0ZXJzOnF1YWxpdHkoMTAwKS9uZWg=/3XmHbolqOb_fss?st=jvmKa-tLUtDpUS3S5ssDy5XDIfAJZykRUlCNXqyXyA4&ts=1723875952&e=0"]},{"title":"LEVEL REAL - PREDAJ 2 - IZBOVÝ BYT V PROJEKTE MIKO","address":"Mikoviniho, Trnava, okres Trnava","rooms":2,"meters":49,"totalPrice":149900,"meterSquarePrice":8,"link":"https://www.nehnutelnosti.sk/detail/JuO9PiGAcn7/level-real-predaj-2-izbovy-byt-v-projekte-miko","imagesUrls":["https://img.nehnutelnosti.sk/foto/NjAweDMzOC9maWx0ZXJzOnF1YWxpdHkoMTAwKS9uZWg=/7zpJLktUt_fss?st=f8F8UQl6b3easkLIsdr5zsvJ7WyJ9ZsPBi1x1OdOIO0&ts=1724187696&e=0"]},{"title":"Predám jednoizbový byt na šumavskej ulici","address":"Šumavská, Bratislava II - Ružinov, okres Bratislava","rooms":1,"meters":48,"totalPrice":169000,"meterSquarePrice":3,"link":"https://www.nehnutelnosti.sk/detail/JuznZ_hMBt8/predam-jednoizbovy-byt-na-sumavskej-ulici","imagesUrls":["https://img.nehnutelnosti.sk/foto/NjAweDMzOC9maWx0ZXJzOnF1YWxpdHkoMTAwKS9uZWg=/rJeO0PkdC_fss?st=LaYGd1_xHgFn366MapAWOdFKHAqg2PJdmZPBGTvP3Jo&ts=1721387490&e=0"]},{"title":"BYTY ILAVA - Nadštandardné bývanie s výhodným financovaním","address":"ilava, Ilava, okres Ilava","rooms":2,"meters":41,"totalPrice":null,"meterSquarePrice":null,"link":"https://www.nehnutelnosti.sk/detail/Ju0hJT2ht-W/byty-ilava-nadstandardne-byvanie-s-vyhodnym-financovanim","imagesUrls":["https://img.nehnutelnosti.sk/foto/NjAweDMzOC9maWx0ZXJzOnF1YWxpdHkoMTAwKS9uZWg=/m5OZZivMN_fss?st=wt8cAk8alD9YC8aZfFK8CKS-hM_6jI6q5n6NT1L18sk&ts=1725633851&e=0"]},{"title":"Predám 2-izb.byt v 14.roč novost.na Šustekovej, BA","address":"Šustekova 3697/49, Bratislava V - Petržalka, okres Bratislava","rooms":2,"meters":60,"totalPrice":280000,"meterSquarePrice":7,"link":"https://www.nehnutelnosti.sk/detail/JuJx0HXabyr/predam-2-izb-byt-v-14-roc-novost-na-sustekovej-ba","imagesUrls":["https://img.nehnutelnosti.sk/foto/NjAweDMzOC9maWx0ZXJzOnF1YWxpdHkoMTAwKS9uZWg=/91RjEmbfn_fss?st=1qql9ffEcw8NiHJNdZbwf00ZvOTH6fwsadB7XNsiCoo&ts=1724228420&e=0"]},{"title":"4 izbový byt","address":"Dlhé diely, Bratislava IV - Karlova Ves, okres Bratislava","rooms":4,"meters":90,"totalPrice":229000,"meterSquarePrice":9,"link":"https://www.nehnutelnosti.sk/detail/JueGTTsZnRx/4-izbovy-byt","imagesUrls":["https://img.nehnutelnosti.sk/foto/NjAweDMzOC9maWx0ZXJzOnF1YWxpdHkoMTAwKS9uZWg=/PEDssgzCY_fss?st=7WVXYGy2nFQG8uA50mZ5M4RDzKBtryJiYHTcm-zFNrA&ts=1717161221&e=0"]},{"title":"!! BORY: 3 izb. byt s predzáhradkou, skvelá cena !!","address":"Michala Bučiča, Bratislava IV - Devínska Nová Ves, okres Bratislava","rooms":3,"meters":116,"totalPrice":259900,"meterSquarePrice":2,"link":"https://www.nehnutelnosti.sk/detail/JurHFJEzaic/bory-3-izb-byt-s-predzahradkou-skvela-cena","imagesUrls":["https://img.nehnutelnosti.sk/foto/NjAweDMzOC9maWx0ZXJzOnF1YWxpdHkoMTAwKS9uZWg=/ngY_s2tEHb_fss?st=nefngecbz7XJgvFnxpbCKgqPUHJA942wvUR_dgAh3Bc&ts=1722606586&e=0"]},{"title":"2-izbový byt s garážovým státím","address":"Cementárenská, Stupava, okres Malacky","rooms":2,"meters":53,"totalPrice":164000,"meterSquarePrice":4,"link":"https://www.nehnutelnosti.sk/detail/JuqlHVPO8Vb/2-izbovy-byt-s-garazovym-statim","imagesUrls":["https://img.nehnutelnosti.sk/foto/NjAweDMzOC9maWx0ZXJzOnF1YWxpdHkoMTAwKS9uZWg=/-8NTRmjdz_fss?st=22ugqpjUCvk2dyrtcw7lkCZb0EU38E6jfWl_BJFkti4&ts=1724190385&e=0"]},{"title":"1 izbový po komplet rekonštr. s možnosťou na 2 izb","address":"Trenčianska, Bratislava II - Ružinov, okres Bratislava","rooms":1,"meters":47,"totalPrice":195900,"meterSquarePrice":9,"link":"https://www.nehnutelnosti.sk/detail/Jut22WXJBVI/1-izbovy-po-komplet-rekonstr-s-moznostou-na-2-izb","imagesUrls":["https://img.nehnutelnosti.sk/foto/NjAweDMzOC9maWx0ZXJzOnF1YWxpdHkoMTAwKS9uZWg=/8qqPUUP_s_fss?st=hcdjZwxMBVgHtoqxU9qzi-_3lgKkXrA6QEco4Xz1Ou4&ts=1725214871&e=0"]},{"title":"Apartmán v historickom centre Banskej Štiavnice","address":"Banská Štiavnica, okres Banská Štiavnica","rooms":null,"meters":60,"totalPrice":211000,"meterSquarePrice":7,"link":"https://www.nehnutelnosti.sk/detail/Ju5x2xsMLmn/apartman-v-historickom-centre-banskej-stiavnice","imagesUrls":["https://img.nehnutelnosti.sk/foto/NjAweDMzOC9maWx0ZXJzOnF1YWxpdHkoMTAwKS9uZWg=/u5pmEJCXGk_fss?st=_8idtghhn_CiRP14EcO8lqACszW3qZcjzz4q1ECzsNY&ts=1708618010&e=0"]},{"title":"Predaj 1,5-izbového bytu s loggiou Bory na hrádzi","address":"Bratislava IV - Lamač, okres Bratislava","rooms":1,"meters":41,"totalPrice":159990,"meterSquarePrice":0,"link":"https://www.nehnutelnosti.sk/detail/Ju7uw-bLAu7/predaj-1-5-izboveho-bytu-s-loggiou-bory-na-hradzi","imagesUrls":["https://img.nehnutelnosti.sk/foto/NjAweDMzOC9maWx0ZXJzOnF1YWxpdHkoMTAwKS9uZWg=/nLFpbgYwU_fss?st=1qygEL9O2pv5d7V0DAqxfnqnCsKc_L_JerdtzspIuQ8&ts=1721576591&e=0"]},{"title":"2i. byt v skvelej lokalite s vlastným bazénom!","address":"Černyševského 3689/12, Bratislava V - Petržalka, okres Bratislava","rooms":2,"meters":49,"totalPrice":199000,"meterSquarePrice":2,"link":"https://www.nehnutelnosti.sk/detail/Ju4EXxF0KGP/2i-byt-v-skvelej-lokalite-s-vlastnym-bazenom","imagesUrls":["https://img.nehnutelnosti.sk/foto/NjAweDMzOC9maWx0ZXJzOnF1YWxpdHkoMTAwKS9uZWg=/MkqHUFuSgK_fss?st=oxT-toGJjE292DCeKVHLkrSKrmMO70_JoKcdKaMr9Ec&ts=1724167594&e=0"]},{"title":"Ponúkame na predaj priestranný 2 izb. byt, Vlčie hrdlo, Bratislava - Ružinov.","address":"Vlčie hrdlo, Bratislava II - Ružinov, okres Bratislava","rooms":2,"meters":56,"totalPrice":135000,"meterSquarePrice":2,"link":"https://www.nehnutelnosti.sk/detail/JuBbHPUxUby/ponukame-na-predaj-priestranny-2-izb-byt-vlcie-hrdlo-bratislava-ruzinov","imagesUrls":["https://img.nehnutelnosti.sk/foto/NjAweDMzOC9maWx0ZXJzOnF1YWxpdHkoMTAwKS9uZWg=/h7feT-4ji_fss?st=eI9mf3vpddEGjyy-wzefpLfIj_fS10aI7JqPvA4mNLA&ts=1725872166&e=0"]},{"title":"2 izbový byt na Wilsonovom nábreží","address":"Nitra, okres Nitra","rooms":2,"meters":59,"totalPrice":153900,"meterSquarePrice":7,"link":"https://www.nehnutelnosti.sk/detail/JueTR-AGhsW/2-izbovy-byt-na-wilsonovom-nabrezi","imagesUrls":["https://img.nehnutelnosti.sk/foto/NjAweDMzOC9maWx0ZXJzOnF1YWxpdHkoMTAwKS9uZWg=/bIyACb8CH_fss?st=YJqX5qTfd5PWUfahA0ARK59a7lXhV51YOjDlMkT83yI&ts=1713532385&e=0"]},{"title":"Predám 3-izb. byt 65 m2 + loggia, Meteorová","address":"Meteorová, Košice IV - Nad jazerom, okres Košice","rooms":3,"meters":69,"totalPrice":155000,"meterSquarePrice":8,"link":"https://www.nehnutelnosti.sk/detail/Juis7V0jSA4/predam-3-izb-byt-65-m2-loggia-meteorova","imagesUrls":["https://img.nehnutelnosti.sk/foto/NjAweDMzOC9maWx0ZXJzOnF1YWxpdHkoMTAwKS9uZWg=/H41FRugm9v_fss?st=8xxTJqy5lfVEpvW642iYfi9fPL6FFbTFcYKCB00w150&ts=1724159990&e=0"]},{"title":"Tehlový 1-i byt centrum s 2 terasami","address":"Horné záhrady 683/19, Banská Bystrica, okres Banská Bystrica","rooms":1,"meters":47,"totalPrice":105000,"meterSquarePrice":4,"link":"https://www.nehnutelnosti.sk/detail/JuMPJuUrYko/tehlovy-1-i-byt-centrum-s-2-terasami","imagesUrls":["https://img.nehnutelnosti.sk/foto/NjAweDMzOC9maWx0ZXJzOnF1YWxpdHkoMTAwKS9uZWg=/BL3yibvxH_fss?st=P9iSPCmV93gL8RkMCKMhjycE7CzrWCXKH5tbkcUTY9w&ts=1724158413&e=0"]}]