[{"title":"DIRECTREAL|Štvorizbový byt po kompletnej rekonštrukcii na Hradišskej.","address":"Hradšská, Liptovský Mikuláš, okres Liptovský Mikuláš","rooms":4,"meters":78,"totalPrice":145000,"meterSquarePrice":7,"link":"https://www.nehnutelnosti.sk/detail/Juf61miogDU/directreal-stvorizbovy-byt-po-kompletnej-rekonstrukcii-na-hradisskej","imagesUrls":["https://img.nehnutelnosti.sk/foto/NjAweDMzOC9maWx0ZXJzOnF1YWxpdHkoMTAwKS9uZWg=/Cbo2VxTBV_fss?st=omZPAWZ6b_mnm5Bu_4G08T2rV8ru1Z-0Dwt5da-OlD8&ts=1726206004&e=0"]},{"title":"Jednospálňový apartmán Trávnica - A1","address":"Trávnica, Trávnica, okres Nové Zámky","rooms":null,"meters":49,"totalPrice":54900,"meterSquarePrice":1,"link":"https://www.nehnutelnosti.sk/detail/Ju96El-E4H3/jednospalnovy-apartman-travnica-a1","imagesUrls":["https://img.unitedclassifieds.sk/foto/NjAweDMzOC9maWx0ZXJzOnF1YWxpdHkoMTAwKS9yc2Y=/dWTdPzXdv_fss?st=OtzSSfgtsr_F6KcADc1VDXH5Ldkw94f__hpElPli0BI&ts=1718366051&e=0"]},{"title":"Predaj 3izb.byt novostavba, 81m2+18m2 terasa, pod Kalváriou","address":"Nitra, okres Nitra","rooms":3,"meters":81,"totalPrice":265000,"meterSquarePrice":0,"link":"https://www.nehnutelnosti.sk/detail/Ju08LrCmYNB/predaj-3izb-byt-novostavba-81m2-18m2-terasa-pod-kalvariou","imagesUrls":["https://img.nehnutelnosti.sk/foto/NjAweDMzOC9maWx0ZXJzOnF1YWxpdHkoMTAwKS9uZWg=/raEl6jxxt4_fss?st=1UnekdtL_tSnmPlQDMN2L2RxTQDZi43DQe17xcDTG_A&ts=1724657838&e=0"]},{"title":"LESNÁ, Miloslavov, Alž. Dvor - 2i byt, 2p/2, s balkónom, výhľad na LESOPARK, ZÁHRADA, PARKOVACIE STÁ","address":"Lesná 139/40, Miloslavov, okres Senec","rooms":2,"meters":43,"totalPrice":120000,"meterSquarePrice":0,"link":"https://www.nehnutelnosti.sk/detail/JuMCFSdm_TW/lesna-miloslavov-alz-dvor-2i-byt-2p-2-s-balkonom-vyhlad-na-lesopark-zahrada-parkovacie-sta","imagesUrls":["https://img.unitedclassifieds.sk/foto/NjAweDMzOC9maWx0ZXJzOnF1YWxpdHkoMTAwKS9qdWw=/dlkmjFIN__fss?st=Mo7kYs5foJGkjQ-OrkldZmUC_QQJ-_gFLz2oa3eSw_4&ts=1726152011&e=0"]},{"title":"2 izbový byt v Ružinove – Prievoz, Včelárska ulica","address":"Včelárska, Bratislava II - Ružinov, okres Bratislava","rooms":2,"meters":69,"totalPrice":229000,"meterSquarePrice":4,"link":"https://www.nehnutelnosti.sk/detail/JuaD8ZlUNcH/2-izbovy-byt-v-ruzinove-prievoz-vcelarska-ulica","imagesUrls":["https://img.nehnutelnosti.sk/foto/NjAweDMzOC9maWx0ZXJzOnF1YWxpdHkoMTAwKS9uZWg=/rISnKPOGA_fss?st=aD1SVfV0ZxUvuu9YhsjlsgFDVGdjeqeCbPbGlPj8HSs&ts=1726160559&e=0"]},{"title":"Priestranný 4-izbový byt | Košice-Šaca","address":"Železiarenská, Košice II - Šaca, okres Košice","rooms":4,"meters":89,"totalPrice":124990,"meterSquarePrice":8,"link":"https://www.nehnutelnosti.sk/detail/JuVbbaRMyaM/priestranny-4-izbovy-byt-kosice-saca","imagesUrls":["https://img.nehnutelnosti.sk/foto/NjAweDMzOC9maWx0ZXJzOnF1YWxpdHkoMTAwKS9uZWg=/BiTgm0fLa_fss?st=Tc84Mt7eZds8fCkJbL98Kswjn1yxreaeUDNlOdsLU80&ts=1726152117&e=0"]},{"title":"NOVOSTAVBA: 2-izbový podkrovný byt; 49,24 m2; Malachov-Medvedica; 139.000 €","address":"Malachov, Banská Bystrica, okres Banská Bystrica","rooms":2,"meters":49,"totalPrice":139000,"meterSquarePrice":1,"link":"https://www.nehnutelnosti.sk/detail/JuFxrG0xvUe/novostavba-2-izbovy-podkrovny-byt-49-24-m2-malachov-medvedica-139-000","imagesUrls":["https://img.unitedclassifieds.sk/foto/NjAweDMzOC9maWx0ZXJzOnF1YWxpdHkoMTAwKS9yc2Y=/wBDaqlGzt_fss?st=bdALcoYLtKG3Yb-KIHhEq94MVtx3_0vQFTVo2d6uP14&ts=1715788898&e=0"]},{"title":"NOVOSTAVBA: 2-izbový podkrovný byt; 46,57 m2; Malachov-Medvedica; 135.000 €","address":"Malachov, Banská Bystrica, okres Banská Bystrica","rooms":2,"meters":46,"totalPrice":135000,"meterSquarePrice":6,"link":"https://www.nehnutelnosti.sk/detail/JuXi0S-Vn8h/novostavba-2-izbovy-podkrovny-byt-46-57-m2-malachov-medvedica-135-000","imagesUrls":["https://img.unitedclassifieds.sk/foto/NjAweDMzOC9maWx0ZXJzOnF1YWxpdHkoMTAwKS9yc2Y=/OPeFeR97H_fss?st=7NsBK0kIVsQ_FMKfPv-vYfIKzmYJazZtgWV4LkUMA_A&ts=1715788898&e=0"]},{"title":"NOVOSTAVBA: 2-izbový podkrovný byt; 56,56 m2; Malachov-Medvedica; 153.000 €","address":"Malachov, Banská Bystrica, okres Banská Bystrica","rooms":2,"meters":56,"totalPrice":153000,"meterSquarePrice":9,"link":"https://www.nehnutelnosti.sk/detail/Ju-l6KBxxoF/novostavba-2-izbovy-podkrovny-byt-56-56-m2-malachov-medvedica-153-000","imagesUrls":["https://img.unitedclassifieds.sk/foto/NjAweDMzOC9maWx0ZXJzOnF1YWxpdHkoMTAwKS9yc2Y=/PHsZKp_Gqa_fss?st=vLvTdv2RLYlnYxX15E_Ei1KlOV-kHLRSc_S1zmHKdRs&ts=1715788905&e=0"]},{"title":"PREDAJ pekný 2 izbový byt v meste Vráble – Kaška.","address":"Vráble, okres Nitra","rooms":2,"meters":48,"totalPrice":77999,"meterSquarePrice":8,"link":"https://www.nehnutelnosti.sk/detail/Ju-IMLegEkp/predaj-pekny-2-izbovy-byt-v-meste-vrable-kaska","imagesUrls":["https://img.nehnutelnosti.sk/foto/NjAweDMzOC9maWx0ZXJzOnF1YWxpdHkoMTAwKS9uZWg=/QaMVpwiKe_fss?st=z0djErbCSduvIRVExoHXBK4ZhHnviMqhrISB_6U93DY&ts=1724837585&e=0"]},{"title":"Tehlový byt na predaj v lukratívnej lokalite, novostavba","address":"Jarková, Prešov, okres Prešov","rooms":4,"meters":102,"totalPrice":null,"meterSquarePrice":null,"link":"https://www.nehnutelnosti.sk/detail/Juoxisftj7K/tehlovy-byt-na-predaj-v-lukrativnej-lokalite-novostavba","imagesUrls":["https://img.nehnutelnosti.sk/foto/NjAweDMzOC9maWx0ZXJzOnF1YWxpdHkoMTAwKS9uZWg=/5nhF1pzi3T_fss?st=IOm8r3mCBwLJQ0PbCgmCrShP8HecGtww9kFa7OsWXv4&ts=1722359170&e=0"]},{"title":"1,5 izb. byt 43 m2, ČINGOVSKÁ UL., NAD JAZEROM, 3. posch.","address":"Čingovská, Košice IV - Nad jazerom, okres Košice","rooms":2,"meters":43,"totalPrice":138500,"meterSquarePrice":3,"link":"https://www.nehnutelnosti.sk/detail/Ju3hlAAFfNR/1-5-izb-byt-43-m2-cingovska-ul-nad-jazerom-3-posch","imagesUrls":["https://img.nehnutelnosti.sk/foto/NjAweDMzOC9maWx0ZXJzOnF1YWxpdHkoMTAwKS9uZWg=/4nDNzSEHJ_fss?st=O_Ikx-B18vnxJLi-0RKEoNHLJRKm_rDczMb_0WAEnug&ts=1725283427&e=0"]},{"title":"PREDANÉ. 3-izbový byt v Prakovciach","address":"Breziny, Prakovce, okres Gelnica","rooms":3,"meters":64,"totalPrice":38000,"meterSquarePrice":5,"link":"https://www.nehnutelnosti.sk/detail/JuTgrfqNTiP/predane-3-izbovy-byt-v-prakovciach","imagesUrls":["https://img.unitedclassifieds.sk/foto/NjAweDMzOC9maWx0ZXJzOnF1YWxpdHkoMTAwKS9yc2Y=/zzMJxS4gb_fss?st=Abx2pvlLoqW7ZVNSddb4CZ98q-5ETkzfPGzbTn52E-s&ts=1675951938&e=0"]},{"title":"PREDANÉ 2 izbový, 51m2, balkón, parkovacie státie, Ulica 1. mája, Liptovský Mikuláš","address":"1. mája, Liptovský Mikuláš, okres Liptovský Mikuláš","rooms":2,"meters":51,"totalPrice":null,"meterSquarePrice":null,"link":"https://www.nehnutelnosti.sk/detail/JuBWQXYnLP7/predane-2-izbovy-51m2-balkon-parkovacie-statie-ulica-1-maja-liptovsky-mikulas","imagesUrls":["https://img.unitedclassifieds.sk/foto/NjAweDMzOC9maWx0ZXJzOnF1YWxpdHkoMTAwKS9qdWw=/JptSfq6Na_fss?st=lHSkMpOXoh310Ylroc3mEWGA1com0ws8O_zgsuCDfLI&ts=1698841234&e=0"]},{"title":"2 izbový byt v Prakovciach","address":"Prakovce, okres Gelnica","rooms":2,"meters":null,"totalPrice":null,"meterSquarePrice":null,"link":"https://www.nehnutelnosti.sk/detail/JuG61sySV1C/2-izbovy-byt-v-prakovciach","imagesUrls":[]},{"title":"Predané. 2-izbový byt s balkónom v Prakovciach","address":"Prakovce, okres Gelnica","rooms":2,"meters":46,"totalPrice":null,"meterSquarePrice":null,"link":"https://www.nehnutelnosti.sk/detail/JuD0Rw3IGND/predane-2-izbovy-byt-s-balkonom-v-prakovciach","imagesUrls":["https://img.unitedclassifieds.sk/foto/NjAweDMzOC9maWx0ZXJzOnF1YWxpdHkoMTAwKS9qdWw=/aQfQYsRCh_fss?st=M9yTFj1HI1v7tSTJuRkuaPVpeksFFzpkoOCGrM4af9s&ts=1716795764&e=0"]},{"title":"1-izbový byt v Gelnici","address":"Športová, Gelnica, okres Gelnica","rooms":1,"meters":null,"totalPrice":null,"meterSquarePrice":null,"link":"https://www.nehnutelnosti.sk/detail/Ju1yPs28AdD/1-izbovy-byt-v-gelnici","imagesUrls":[]},{"title":"3 - izbový byt s loggiou v Gelnici","address":"Športová, Gelnica, okres Gelnica","rooms":3,"meters":68,"totalPrice":null,"meterSquarePrice":null,"link":"https://www.nehnutelnosti.sk/detail/JuHelABSvYd/3-izbovy-byt-s-loggiou-v-gelnici","imagesUrls":["https://img.unitedclassifieds.sk/foto/NjAweDMzOC9maWx0ZXJzOnF1YWxpdHkoMTAwKS9qdWw=/MhAHKNkWz_fss?st=2ruGGzerJ4So14_s8h72vbWJkIBpsoOuu8aAWp9b2xU&ts=1725696023&e=0"]},{"title":"2 -izbový byt v Prakovciach","address":"Prakovce, okres Gelnica","rooms":2,"meters":50,"totalPrice":null,"meterSquarePrice":null,"link":"https://www.nehnutelnosti.sk/detail/Ju04cfu5zVI/2-izbovy-byt-v-prakovciach","imagesUrls":[]},{"title":"REZERVOVANÉ. 2 - izbový byt s loggiou v Gelnici","address":"Športová, Gelnica, okres Gelnica","rooms":2,"meters":54,"totalPrice":70000,"meterSquarePrice":0,"link":"https://www.nehnutelnosti.sk/detail/JuXg199tGKx/rezervovane-2-izbovy-byt-s-loggiou-v-gelnici","imagesUrls":["https://img.unitedclassifieds.sk/foto/NjAweDMzOC9maWx0ZXJzOnF1YWxpdHkoMTAwKS9yc2Y=/2E408tYMj_fss?st=9Ic15REoCgKN5GQx18uRvKnaPqMd9wbX1i6WN9A2jTM&ts=1694248006&e=0"]},{"title":"REZERVOVANÉ. 2-izbový byt s 2 loggiami v Gelnici","address":"Športová, Gelnica, okres Gelnica","rooms":2,"meters":44,"totalPrice":59900,"meterSquarePrice":6,"link":"https://www.nehnutelnosti.sk/detail/JucDpT2UcTA/rezervovane-2-izbovy-byt-s-2-loggiami-v-gelnici","imagesUrls":["https://img.unitedclassifieds.sk/foto/NjAweDMzOC9maWx0ZXJzOnF1YWxpdHkoMTAwKS9qdWw=/QWh97g7xm_fss?st=Ush3_q7KRta8gGHOb9C_qFkP5L1zDu09jolRB0ApzKg&ts=1720026418&e=0"]},{"title":"2-izbový byt v Levoči","address":"Jána Francisciho, Levoča, okres Levoča","rooms":2,"meters":55,"totalPrice":null,"meterSquarePrice":null,"link":"https://www.nehnutelnosti.sk/detail/Ju-Lc2f5RKM/2-izbovy-byt-v-levoci","imagesUrls":[]},{"title":"Znížená cena. 2-izbový byt s balkónom v Gelnici","address":"Sídlisko SNP, Gelnica, okres Gelnica","rooms":2,"meters":50,"totalPrice":61000,"meterSquarePrice":0,"link":"https://www.nehnutelnosti.sk/detail/JubMlGwoVNK/znizena-cena-2-izbovy-byt-s-balkonom-v-gelnici","imagesUrls":["https://img.unitedclassifieds.sk/foto/NjAweDMzOC9maWx0ZXJzOnF1YWxpdHkoMTAwKS9qdWw=/n9EQpbaJB_fss?st=QVLVDxrw_nLVoNc9gGnOuf9Pe0Cx7Urzs4WpW-Ks6W8&ts=1717426267&e=0"]},{"title":"PREDANÉ. 2-izbový byt v Prakovciach","address":"Prakovce, okres Gelnica","rooms":2,"meters":53,"totalPrice":null,"meterSquarePrice":null,"link":"https://www.nehnutelnosti.sk/detail/Jurq60Z-sNq/predane-2-izbovy-byt-v-prakovciach","imagesUrls":["https://img.unitedclassifieds.sk/foto/NjAweDMzOC9maWx0ZXJzOnF1YWxpdHkoMTAwKS9qdWw=/skmV5b2MR_fss?st=pZnpyZruMoEBjMhPOLhmd7nsU1WM7K2aPC0JcP6SDP0&ts=1710252098&e=0"]},{"title":"3-izbový byt v Prakovciach","address":"sidl. SNP, Prakovce, okres Gelnica","rooms":3,"meters":null,"totalPrice":null,"meterSquarePrice":null,"link":"https://www.nehnutelnosti.sk/detail/JudQEegGkYc/3-izbovy-byt-v-prakovciach","imagesUrls":[]},{"title":"EXKLUZÍVNE, atypický 2-izbový byt, Smižany","address":"Námestie M. Pajdušáka, Spišská Nová Ves, okres Spišská Nová Ves","rooms":2,"meters":82,"totalPrice":99500,"meterSquarePrice":1,"link":"https://www.nehnutelnosti.sk/detail/Ju6yduOaFkc/exkluzivne-atypicky-2-izbovy-byt-smizany","imagesUrls":["https://img.unitedclassifieds.sk/foto/NjAweDMzOC9maWx0ZXJzOnF1YWxpdHkoMTAwKS9yc2Y=/KiIuXx2AQ_fss?st=9_jizhuVSsER5P_S81-wiUMdVRkNREBT7h_TIuyAwR8&ts=1687789693&e=0"]},{"title":"Predaj:2 izbový byt v meste Turzovka(237-B)","address":"Turzovka, Turzovka, okres Čadca","rooms":2,"meters":50,"totalPrice":89900,"meterSquarePrice":5,"link":"https://www.nehnutelnosti.sk/detail/JutECB13CES/predaj2-izbovy-byt-v-meste-turzovka237-b","imagesUrls":["https://img.nehnutelnosti.sk/foto/NjAweDMzOC9maWx0ZXJzOnF1YWxpdHkoMTAwKS9uZWg=/joZHhduA10_fss?st=-61CRNvuMulW_RbMTOvYCqFOAEDfrD4UbZluv0rRViU&ts=1726147205&e=0"]},{"title":"Najväčší 2 izbový byt v Žiline s kompletnou rekonštrukciou","address":"Hečkova, Žilina - Hliny, okres Žilina","rooms":2,"meters":70,"totalPrice":189000,"meterSquarePrice":0,"link":"https://www.nehnutelnosti.sk/detail/Ju61cstf23wn/najvacsi-2-izbovy-byt-v-ziline-s-kompletnou-rekonstrukciou","imagesUrls":["https://img.nehnutelnosti.sk/foto/NjAweDMzOC9maWx0ZXJzOnF1YWxpdHkoMTAwKS9uZWg=/NLMjta5QD_fss?st=rKZpm5DqA2G_HYeh5k4hlKBuw0bDXpy0LYySAEhdjOw&ts=1723036436&e=0"]},{"title":"Predám garsónku/Predané","address":"Dunajská Streda, okres Dunajská Streda","rooms":null,"meters":28,"totalPrice":null,"meterSquarePrice":null,"link":"https://www.nehnutelnosti.sk/detail/JuFz3e_YWUN/predam-garsonku-predane","imagesUrls":["https://img.nehnutelnosti.sk/foto/NjAweDMzOC9maWx0ZXJzOnF1YWxpdHkoMTAwKS9uZWg=/8G6wOsqWj_fss?st=UKE-K1bg_eLrJqVI9UkWwmsb4FgRwHdt8a_nZLZOYmg&ts=1726146403&e=0"]},{"title":"2 izb. byt v bytovom dome v Seredi na predaj","address":"Nový Majer, Sereď, okres Galanta","rooms":2,"meters":74,"totalPrice":93000,"meterSquarePrice":6,"link":"https://www.nehnutelnosti.sk/detail/JurJ3yZAz92/2-izb-byt-v-bytovom-dome-v-seredi-na-predaj","imagesUrls":["https://img.unitedclassifieds.sk/foto/NjAweDMzOC9maWx0ZXJzOnF1YWxpdHkoMTAwKS9qdWw=/6EuXG_Fx4_fss?st=7Qyvro8JKePH5wNWSP6v0IcL9OWtqUgkeCdQyu5QyP0&ts=1722266526&e=0"]}]