[{"title":"REZERVOVANÝ 3 izbový byt, Nad Jazerom, Uralská ulica","address":"Uralská, Košice IV - Nad jazerom, okres Košice","rooms":3,"meters":70,"totalPrice":174900,"meterSquarePrice":7,"link":"https://www.nehnutelnosti.sk/detail/Ju5PStNtesl/rezervovany-3-izbovy-byt-nad-jazerom-uralska-ulica","imagesUrls":["https://img.nehnutelnosti.sk/foto/NjAweDMzOC9maWx0ZXJzOnF1YWxpdHkoMTAwKS9uZWg=/fzLJbLVlP_fss?st=Thk5BleSfKJERbIBGEI9LCCQjNKKBxPlHtvFK1Rqjr0&ts=1726923590&e=0"]},{"title":"DIRECTREAL|Top ponuka - Pekný bytík na Žarci","address":"Žarec, Čadca, okres Čadca","rooms":2,"meters":64,"totalPrice":123000,"meterSquarePrice":8,"link":"https://www.nehnutelnosti.sk/detail/JuI0dATCi7s/directreal-top-ponuka-pekny-bytik-na-zarci","imagesUrls":["https://img.nehnutelnosti.sk/foto/NjAweDMzOC9maWx0ZXJzOnF1YWxpdHkoMTAwKS9uZWg=/iGJXqg7K4_fss?st=_EtdANhmxc3i1j_fGazJ8efyw82BVw0gvDQXs93NPIY&ts=1723803996&e=0"]},{"title":"TOMACHIC - predaj 2-3 izbových bytov","address":"Tomášikova, Bratislava II - Ružinov, okres Bratislava","rooms":3,"meters":1,"totalPrice":1,"meterSquarePrice":1,"link":"https://www.nehnutelnosti.sk/detail/Ju3_dyA951r/tomachic-predaj-2-3-izbovych-bytov","imagesUrls":["https://img.unitedclassifieds.sk/foto/NjAweDMzOC9maWx0ZXJzOnF1YWxpdHkoMTAwKS9yc2Y=/nWP_AWGYe_fss?st=3Zd6_OGBRsXKALuRDjBB7wlbzHNV6MoScaUEUqy51Uc&ts=1667576647&e=0"]},{"title":"3-izbový byt v pôvodnom stave vo Vranove nad Topľou","address":"Sídlisko 1.mája 62/29, Vranov nad Topľou, okres Vranov nad Topľou","rooms":3,"meters":74,"totalPrice":94900,"meterSquarePrice":3,"link":"https://www.nehnutelnosti.sk/detail/Ju9LnnWDhaz/3-izbovy-byt-v-povodnom-stave-vo-vranove-nad-toplou","imagesUrls":["https://img.nehnutelnosti.sk/foto/NjAweDMzOC9maWx0ZXJzOnF1YWxpdHkoMTAwKS9uZWg=/xg6cu7MvI3_fss?st=zGBzywcxiCMebiBWxe9cX2Cf29-FLc-Z3a9y86gFeEQ&ts=1723799209&e=0"]},{"title":"TRIOREALITY-Predaj mezonetu v Rezidencii Sládkovičova- Čadca centrum","address":"Sládkovičova, Čadca, okres Čadca","rooms":null,"meters":110,"totalPrice":null,"meterSquarePrice":null,"link":"https://www.nehnutelnosti.sk/detail/Jun4c9lrhb_/trioreality-predaj-mezonetu-v-rezidencii-sladkovicova-cadca-centrum","imagesUrls":["https://img.unitedclassifieds.sk/foto/NjAweDMzOC9maWx0ZXJzOnF1YWxpdHkoMTAwKS9qdWw=/DdXV1T9Ym_fss?st=GrDUY5czb7KkV2G2SU7pwS-oOkeV3Gy5mRw0yQJ7lX4&ts=1723798612&e=0"]},{"title":"3-IZBOVÝ BYT, TURŇA NAD BODVOU","address":"Turňa nad Bodvou, Košice okolie, okres Košice - okolie","rooms":3,"meters":64,"totalPrice":62000,"meterSquarePrice":4,"link":"https://www.nehnutelnosti.sk/detail/JuO8kiA3MoY/3-izbovy-byt-turna-nad-bodvou","imagesUrls":["https://img.nehnutelnosti.sk/foto/NjAweDMzOC9maWx0ZXJzOnF1YWxpdHkoMTAwKS9uZWg=/PMLIj4A9T_fss?st=rKxv35cPavv2Aq4xvD9slJKLnU6bZbQVG6BEXW6mwNs&ts=1721320206&e=0"]},{"title":"PEKNÝ 3-IZBOVÝ BYT, SKVELÁ LOKALITA, KOŠICE – TERASA","address":"Košice II - Západ, okres Košice","rooms":3,"meters":60,"totalPrice":156000,"meterSquarePrice":0,"link":"https://www.nehnutelnosti.sk/detail/JuL_aZlk6ZL/pekny-3-izbovy-byt-skvela-lokalita-kosice-terasa","imagesUrls":["https://img.nehnutelnosti.sk/foto/NjAweDMzOC9maWx0ZXJzOnF1YWxpdHkoMTAwKS9uZWg=/I9EmASWtU_fss?st=zGhYm28ejRnM87bUbH2jW7ZZ_hdxtVtWFnEq8qwdqAE&ts=1726217982&e=0"]},{"title":"ÚTULNÝ A MODERNE REKONŠTRUOVANÝ 3-IZBOVÝ BYT, MOLDAVA nad BODVOU","address":"Moldava nad Bodvou, Košice okolie, okres Košice - okolie","rooms":3,"meters":89,"totalPrice":108000,"meterSquarePrice":8,"link":"https://www.nehnutelnosti.sk/detail/JulKj5tAiPE/utulny-a-moderne-rekonstruovany-3-izbovy-byt-moldava-nad-bodvou","imagesUrls":["https://img.nehnutelnosti.sk/foto/NjAweDMzOC9maWx0ZXJzOnF1YWxpdHkoMTAwKS9uZWg=/sM69JlRRS_fss?st=mjawSSIdbgMln0AQldS804v6t_zZfAAXsD-sFnjKZ-g&ts=1717622447&e=0"]},{"title":"GODDESS & ASSENZIO - PREDAJ- 1 IZB. BYT 35M2 - ONDAVSKÁ - RUŽINOV","address":"Ondavská, Bratislava II - Ružinov, okres Bratislava","rooms":1,"meters":35,"totalPrice":164800,"meterSquarePrice":7,"link":"https://www.nehnutelnosti.sk/detail/JuG3bDDvNzB/goddess-assenzio-predaj-1-izb-byt-35m2-ondavska-ruzinov","imagesUrls":["https://img.nehnutelnosti.sk/foto/NjAweDMzOC9maWx0ZXJzOnF1YWxpdHkoMTAwKS9uZWg=/MXJBwriH6_fss?st=7N_RuCrynZBe-v6rN60wpit8tAf7hLIAy2dAVuQLgfY&ts=1723796287&e=0"]},{"title":"PRÚDY  3-izbový byt na Včelárskej ulici","address":"Včelárska, Trnava, okres Trnava","rooms":3,"meters":63,"totalPrice":218900,"meterSquarePrice":8,"link":"https://www.nehnutelnosti.sk/detail/JuZadtO_nJ1/prudy-3-izbovy-byt-na-vcelarskej-ulici","imagesUrls":["https://img.nehnutelnosti.sk/foto/NjAweDMzOC9maWx0ZXJzOnF1YWxpdHkoMTAwKS9uZWg=/PQibl3XqVN_fss?st=4L-K6ZaRpNbpakkgczmT7u95PY4CwexskqNRhz-gPtQ&ts=1723796230&e=0"]},{"title":"Na predaj veľmi vkusný apartman v apartmánovom komplexe MYMARA v obci Bešeňová.","address":"Bešeňová, okres Ružomberok","rooms":null,"meters":57,"totalPrice":null,"meterSquarePrice":null,"link":"https://www.nehnutelnosti.sk/detail/JuzkR2sJwcz/na-predaj-velmi-vkusny-apartman-v-apartmanovom-komplexe-mymara-v-obci-besenova","imagesUrls":["https://img.unitedclassifieds.sk/foto/NjAweDMzOC9maWx0ZXJzOnF1YWxpdHkoMTAwKS9qdWw=/NJ2awW_OY_fss?st=56konkdFpi1YDR4rQ93_-f61wVf1SycX5DA8uRZFwas&ts=1721340742&e=0"]},{"title":"Na predaj pekný, tichý a dispozične dobre zariadený 1 izbový byt v lokatite K Výstavisku v meste Tre","address":"K Výstavisku, Trenčín, okres Trenčín","rooms":1,"meters":27,"totalPrice":63900,"meterSquarePrice":7,"link":"https://www.nehnutelnosti.sk/detail/JuiPjgtwpmp/na-predaj-pekny-tichy-a-dispozicne-dobre-zariadeny-1-izbovy-byt-v-lokatite-k-vystavisku-v-meste-tre","imagesUrls":["https://img.unitedclassifieds.sk/foto/NjAweDMzOC9maWx0ZXJzOnF1YWxpdHkoMTAwKS9qdWw=/3KGU70Jgm_fss?st=hgqd1P5WO3WKki1jYbyLZp9xgNGMyTk1ukGv2ROVG88&ts=1725965915&e=0"]},{"title":"NADŠTANDARDNÝ, ZARIADENÝ 3 IZBOVÝ BYT NA PREDAJ, PRIEVIDZA","address":"Prievidza, Prievidza, okres Prievidza","rooms":3,"meters":128,"totalPrice":null,"meterSquarePrice":null,"link":"https://www.nehnutelnosti.sk/detail/Jupkl8Xga-6/nadstandardny-zariadeny-3-izbovy-byt-na-predaj-prievidza","imagesUrls":["https://img.nehnutelnosti.sk/foto/NjAweDMzOC9maWx0ZXJzOnF1YWxpdHkoMTAwKS9uZWg=/M_CrEaMF8_fss?st=vWUJzw8a6QK_TLN-Hekedgwl0a-oYiByAbY-6cNVMTs&ts=1723784478&e=0"]},{"title":"STARÉ MESTO-LETNÁ,veľký podkrovný,3-izbový byt 102 m²","address":"Letná, Košice I - Staré Mesto, okres Košice","rooms":3,"meters":102,"totalPrice":299000,"meterSquarePrice":7,"link":"https://www.nehnutelnosti.sk/detail/JuSSL2R-a3m/stare-mesto-letna-velky-podkrovny-3-izbovy-byt-102-m","imagesUrls":["https://img.nehnutelnosti.sk/foto/NjAweDMzOC9maWx0ZXJzOnF1YWxpdHkoMTAwKS9uZWg=/LHSDm52C0g_fss?st=9dQyTiOB3kN28W8x4U4v-Y5FmN49Z8wVQd-ObhWI_ZE&ts=1701095197&e=0"]},{"title":"Predaj 1,5 izb. bytu Záhorská Bystrica","address":"Strminová, Bratislava IV - Záhorská Bystrica, okres Bratislava","rooms":1,"meters":35,"totalPrice":165000,"meterSquarePrice":9,"link":"https://www.nehnutelnosti.sk/detail/Ju-doa02Ofc/predaj-1-5-izb-bytu-zahorska-bystrica","imagesUrls":["https://img.unitedclassifieds.sk/foto/NjAweDMzOC9maWx0ZXJzOnF1YWxpdHkoMTAwKS9qdWw=/XOE1Bq4_W_fss?st=SU4u31dvrvn3HrG6xjToY7mrOtju0g-5xEp7JK6mbWU&ts=1723744799&e=0"]},{"title":"Vynikajúca ponuka - 1.izbový byt na ul.Venevskej vo V.Krtíši","address":"Venevská, Veľký Krtíš, okres Veľký Krtíš","rooms":1,"meters":36,"totalPrice":33000,"meterSquarePrice":7,"link":"https://www.nehnutelnosti.sk/detail/JuhVjZuIbbe/vynikajuca-ponuka-1-izbovy-byt-na-ul-venevskej-vo-v-krtisi","imagesUrls":["https://img.unitedclassifieds.sk/foto/NjAweDMzOC9maWx0ZXJzOnF1YWxpdHkoMTAwKS9qdWw=/B_Lp0VHY5_fss?st=zXVmip7axIW_32B0fk9-9g5Li6b8Ev0dwnXIW0ZqnHA&ts=1723744913&e=0"]},{"title":"Na predaj 3- izbový byt  v projekte PARKHOUSE","address":"Hlavná, Galanta, okres Galanta","rooms":3,"meters":90,"totalPrice":185000,"meterSquarePrice":6,"link":"https://www.nehnutelnosti.sk/detail/JuGCEpACHRx/na-predaj-3-izbovy-byt-v-projekte-parkhouse","imagesUrls":["https://img.nehnutelnosti.sk/foto/NjAweDMzOC9maWx0ZXJzOnF1YWxpdHkoMTAwKS9uZWg=/wrkrbVCPs_fss?st=HrrqRjOU5LRz39tw3ArkljLPlzHsdW6Fw23_mCFQEds&ts=1726975895&e=0"]},{"title":"Moderný čiastočné zariadený 2-izbový byt v novostavbe WEST III.etapa Bytový dom L B.2.3 s priestrann","address":"Hodská, Galanta, okres Galanta","rooms":2,"meters":71,"totalPrice":150000,"meterSquarePrice":8,"link":"https://www.nehnutelnosti.sk/detail/JupqcEwAQQOA/moderny-ciastocne-zariadeny-2-izbovy-byt-v-novostavbe-west-iii-etapa-bytovy-dom-l-b-2-3-s-priestrann","imagesUrls":["https://img.nehnutelnosti.sk/foto/NjAweDMzOC9maWx0ZXJzOnF1YWxpdHkoMTAwKS9uZWg=/yNRc2NysR_fss?st=p2qcYIcn1Clt2jbP0N0SH3MS9-ZSjk2Ntz6WWCHgHuw&ts=1723062953&e=0"]},{"title":"Moderný 3-izbový byt v novostavbe WEST IV.etapa Bytový dom L B.3.2","address":"Hodská, Galanta, okres Galanta","rooms":3,"meters":66,"totalPrice":145000,"meterSquarePrice":3,"link":"https://www.nehnutelnosti.sk/detail/Jubesp8ovzL3/moderny-3-izbovy-byt-v-novostavbe-west-iv-etapa-bytovy-dom-l-b-3-2","imagesUrls":["https://img.nehnutelnosti.sk/foto/NjAweDMzOC9maWx0ZXJzOnF1YWxpdHkoMTAwKS9uZWg=/C8bq_5YiB_fss?st=r7PE114-DZWdzfkjnStO8oKzC1oGLtWpcsEr_Q23-3E&ts=1723016881&e=0"]},{"title":"NA PREDAJ predzáhradkový byt v projekte Sekvoja","address":"Pod Sekvojou, Nová Baňa, okres Žarnovica","rooms":3,"meters":69,"totalPrice":168528,"meterSquarePrice":8,"link":"https://www.nehnutelnosti.sk/detail/JutGCr_hE3X/na-predaj-predzahradkovy-byt-v-projekte-sekvoja","imagesUrls":["https://img.unitedclassifieds.sk/foto/NjAweDMzOC9maWx0ZXJzOnF1YWxpdHkoMTAwKS9yc2Y=/RA7x9DAuL_fss?st=jzc9u_YeKI0e-jGFJsafOXDUe1-OWw8apvAh8nlYpR0&ts=1695983421&e=0"]},{"title":"Moderný 2-izbový byt v novostavbe WEST III.etapa Bytový dom L A.2.3 s terasou","address":"Hodská, Galanta, okres Galanta","rooms":2,"meters":52,"totalPrice":137000,"meterSquarePrice":1,"link":"https://www.nehnutelnosti.sk/detail/JuneRED6xHF/moderny-2-izbovy-byt-v-novostavbe-west-iii-etapa-bytovy-dom-l-a-2-3-s-terasou","imagesUrls":["https://img.nehnutelnosti.sk/foto/NjAweDMzOC9maWx0ZXJzOnF1YWxpdHkoMTAwKS9uZWg=/63zg-FKi__fss?st=ySaSCPItSBTdtRcrfPA_3uhAyMLBnS5bWEefaPjFhmA&ts=1723016882&e=0"]},{"title":"Priestranný 2-izbový byt v projekte PARKHOUSE 3.04","address":"Hlavná, Galanta, okres Galanta","rooms":2,"meters":90,"totalPrice":185000,"meterSquarePrice":6,"link":"https://www.nehnutelnosti.sk/detail/JuchzW55O2o/priestranny-2-izbovy-byt-v-projekte-parkhouse-3-04","imagesUrls":["https://img.nehnutelnosti.sk/foto/NjAweDMzOC9maWx0ZXJzOnF1YWxpdHkoMTAwKS9uZWg=/6OlstdbL6e_fss?st=xYIZXvjpvlWDsaGdDaNp0GUz2ocuXxzbf8UsXudti6Q&ts=1723654955&e=0"]},{"title":"Predaj 2 izbový byt-Chrenová","address":"Lesná, Nitra, okres Nitra","rooms":2,"meters":55,"totalPrice":139990,"meterSquarePrice":7,"link":"https://www.nehnutelnosti.sk/detail/JuiWQZ6UhPs/predaj-2-izbovy-byt-chrenova","imagesUrls":["https://img.nehnutelnosti.sk/foto/NjAweDMzOC9maWx0ZXJzOnF1YWxpdHkoMTAwKS9uZWg=/1-NqOleEq_fss?st=NYVjPgtx9TskqAD1pOVkz1K5uEiV_opNX7vfCME2J3M&ts=1710409427&e=0"]},{"title":"SKY PARK - Na predaj 2-izbový byt v 4.veži","address":"Bottova, Bratislava I - Staré Mesto, okres Bratislava","rooms":2,"meters":64,"totalPrice":380000,"meterSquarePrice":0,"link":"https://www.nehnutelnosti.sk/detail/Jus6NsHPxQQ/sky-park-na-predaj-2-izbovy-byt-v-4-vezi","imagesUrls":["https://img.unitedclassifieds.sk/foto/NjAweDMzOC9maWx0ZXJzOnF1YWxpdHkoMTAwKS9qdWw=/OeDZcP-KW_fss?st=DzQaSbRqJ9NT4bAomphp4q96QSC1g6_jVykEXM7YrMQ&ts=1726506731&e=0"]},{"title":"Exkluzívny predaj 3.izbového  bytu 74m2 v skvelej lokalite 9.mája vo Vrbovom","address":"Sídlisko 9. mája, Vrbové, okres Piešťany","rooms":3,"meters":66,"totalPrice":null,"meterSquarePrice":null,"link":"https://www.nehnutelnosti.sk/detail/JubNHr05hVsG/exkluzivny-predaj-3-izboveho-bytu-74m2-v-skvelej-lokalite-9-maja-vo-vrbovom","imagesUrls":["https://img.nehnutelnosti.sk/foto/NjAweDMzOC9maWx0ZXJzOnF1YWxpdHkoMTAwKS9uZWg=/fsNyPTH1sW_fss?st=jNQ9ZxCaKlXjq5j9ECdNA0u_fzRmSOum46swzGAJw1Q&ts=1715727743&e=0"]},{"title":"NA PREDAJ 2 izbové byty v projekte Sekvoja","address":"Pod Sekvojou, Nová Baňa, okres Žarnovica","rooms":2,"meters":65,"totalPrice":121743,"meterSquarePrice":7,"link":"https://www.nehnutelnosti.sk/detail/Ju-uNyy4uIz/na-predaj-2-izbove-byty-v-projekte-sekvoja","imagesUrls":["https://img.unitedclassifieds.sk/foto/NjAweDMzOC9maWx0ZXJzOnF1YWxpdHkoMTAwKS9qdWw=/koURUymRw_fss?st=uPEwdGAwL6KGP9OcHFaGu7Ik6DmYOvQKtgRinC5ohJg&ts=1697614522&e=0"]},{"title":"Exkluzívny 2-izbový byt v PARKHOUSE Galanta","address":"Hlavná, Galanta, okres Galanta","rooms":2,"meters":60,"totalPrice":185000,"meterSquarePrice":2,"link":"https://www.nehnutelnosti.sk/detail/Juux64iMVam/exkluzivny-2-izbovy-byt-v-parkhouse-galanta","imagesUrls":["https://img.nehnutelnosti.sk/foto/NjAweDMzOC9maWx0ZXJzOnF1YWxpdHkoMTAwKS9uZWg=/KPugpxkuGi_fss?st=WdDlVH-mBhovAs_nhXbb_Qhh_3du3bxxvlX8EWIIXsg&ts=1723704114&e=0"]},{"title":"NA PREDAJ 1i, 2i a 3i byty projektu Sekvoja","address":"Žarnovica, okres Žarnovica","rooms":2,"meters":35,"totalPrice":69029,"meterSquarePrice":0,"link":"https://www.nehnutelnosti.sk/detail/JuxWdFm2Zof/na-predaj-1i-2i-a-3i-byty-projektu-sekvoja","imagesUrls":["https://img.unitedclassifieds.sk/foto/NjAweDMzOC9maWx0ZXJzOnF1YWxpdHkoMTAwKS9qdWw=/gtFsIhngd_fss?st=BcMPMOqhlLiIObafH1OOLQY_ClpdS9IRnyx7y4KG650&ts=1697615278&e=0"]},{"title":"3-izbový byt s terasou v komplexe Galanta WEST L A.2.2 - rezervované","address":"Hodská, Galanta, okres Galanta","rooms":3,"meters":78,"totalPrice":155000,"meterSquarePrice":8,"link":"https://www.nehnutelnosti.sk/detail/Ju7SvOk8OMwI/3-izbovy-byt-s-terasou-v-komplexe-galanta-west-l-a-2-2-rezervovane","imagesUrls":["https://img.nehnutelnosti.sk/foto/NjAweDMzOC9maWx0ZXJzOnF1YWxpdHkoMTAwKS9uZWg=/_VrxElf81_fss?st=4P-gq9t7OLeNFcNU19de-jyq7Av5aDJ45VvZPAiCOjw&ts=1723062957&e=0"]},{"title":"Galanta WEST 2-izbový byt v bytovom dome L A.6.3. - rezervovaný","address":"Karola Duchoňa, Galanta, okres Galanta","rooms":2,"meters":58,"totalPrice":129000,"meterSquarePrice":2,"link":"https://www.nehnutelnosti.sk/detail/JuzEV6JOA1ob/galanta-west-2-izbovy-byt-v-bytovom-dome-l-a-6-3-rezervovany","imagesUrls":["https://img.nehnutelnosti.sk/foto/NjAweDMzOC9maWx0ZXJzOnF1YWxpdHkoMTAwKS9uZWg=/tbT0FgQwJv_fss?st=Wm95FOO1J7zyJtC2pPTYM26wgh5qPNQCoi9OpLX_w60&ts=1723016884&e=0"]}]