[{"title":"PREDAJ - Moderný komplet prerobený 1 izbový byt na STREDE v Považskej Bystrici","address":"Stred, Považská Bystrica, okres Považská Bystrica","rooms":1,"meters":34,"totalPrice":95000,"meterSquarePrice":7,"link":"https://www.nehnutelnosti.sk/detail/JuamXyTMfXP/predaj-moderny-komplet-prerobeny-1-izbovy-byt-na-strede-v-povazskej-bystrici","imagesUrls":["https://img.nehnutelnosti.sk/foto/NjAweDMzOC9maWx0ZXJzOnF1YWxpdHkoMTAwKS9uZWg=/hOFXfaJKC_fss?st=JYzkTItFxdiG4CPkzAjx4kaqojjt5awxfOrWM1Tl9bQ&ts=1726510964&e=0"]},{"title":"1 izbový  byt Nové Zámky","address":"Nové Zámky, okres Nové Zámky","rooms":1,"meters":36,"totalPrice":62500,"meterSquarePrice":1,"link":"https://www.nehnutelnosti.sk/detail/JuPriiv-Edh/1-izbovy-byt-nove-zamky","imagesUrls":["https://img.nehnutelnosti.sk/foto/NjAweDMzOC9maWx0ZXJzOnF1YWxpdHkoMTAwKS9uZWg=/6zM6DtQbj_fss?st=sAD3hEKA2454lqRVKdRTjwAZOIvrds2WhbLqB1s9rrg&ts=1716669242&e=0"]},{"title":"Priestranná 3izb NOVOSTAVBA,  84,72m2 s loggiou, 1.posch., 2x parkovacie miesto","address":"Diakovce, okres Šaľa","rooms":3,"meters":84,"totalPrice":133000,"meterSquarePrice":8,"link":"https://www.nehnutelnosti.sk/detail/JuaOt9wrxnc/priestranna-3izb-novostavba-84-72m2-s-loggiou-1-posch-2x-parkovacie-miesto","imagesUrls":["https://img.nehnutelnosti.sk/foto/NjAweDMzOC9maWx0ZXJzOnF1YWxpdHkoMTAwKS9uZWg=/7d5dQD7-a_fss?st=oqeKOQXl-zG5t5I8VZfI5N2kgLEtoQdU52fKo2bVLJ4&ts=1720785119&e=0"]},{"title":"Ponukame na predaj nádherný 2 izbovy byt v novostavbe RIVERSIDE.","address":"A. Stodolu, Prievidza, okres Prievidza","rooms":2,"meters":54,"totalPrice":118000,"meterSquarePrice":3,"link":"https://www.nehnutelnosti.sk/detail/JukxeOyPjhI/ponukame-na-predaj-nadherny-2-izbovy-byt-v-novostavbe-riverside","imagesUrls":["https://img.nehnutelnosti.sk/foto/NjAweDMzOC9maWx0ZXJzOnF1YWxpdHkoMTAwKS9uZWg=/cYnrRYovk_fss?st=-dmPKxo7iG2mT-W11KpxAnK6FRmDJRvmTxKYSFdWA-4&ts=1715688117&e=0"]},{"title":"Ponukame na predaj nádherný 2 izbovy byt v novostavbe RIVERSIDE.","address":"A. Stodolu, Prievidza, okres Prievidza","rooms":2,"meters":66,"totalPrice":135000,"meterSquarePrice":0,"link":"https://www.nehnutelnosti.sk/detail/JukusRZjDiM/ponukame-na-predaj-nadherny-2-izbovy-byt-v-novostavbe-riverside","imagesUrls":["https://img.nehnutelnosti.sk/foto/NjAweDMzOC9maWx0ZXJzOnF1YWxpdHkoMTAwKS9uZWg=/lG9SMtVOW_fss?st=C3apPjzs2dLatK3FvuxJrCauQvzS-_QO3g0JwOhfG0c&ts=1715688118&e=0"]},{"title":"Ponukame na predaj nádherný 2 izbovy byt v novostavbe RIVERSIDE.","address":"A. Stodolu, Prievidza, okres Prievidza","rooms":2,"meters":66,"totalPrice":135000,"meterSquarePrice":0,"link":"https://www.nehnutelnosti.sk/detail/JudAAHx7guk/ponukame-na-predaj-nadherny-2-izbovy-byt-v-novostavbe-riverside","imagesUrls":["https://img.nehnutelnosti.sk/foto/NjAweDMzOC9maWx0ZXJzOnF1YWxpdHkoMTAwKS9uZWg=/6tUnYpR6P5_fss?st=xFe6O48TOqfjD-A4FocXcLaTNpklfp0slHK8pgE33Ug&ts=1715688121&e=0"]},{"title":"Ponukame na predaj nádherný 2 izbovy byt v novostavbe RIVERSIDE.","address":"A. Stodolu, Prievidza, okres Prievidza","rooms":2,"meters":54,"totalPrice":118000,"meterSquarePrice":3,"link":"https://www.nehnutelnosti.sk/detail/JujP8vta3Yt/ponukame-na-predaj-nadherny-2-izbovy-byt-v-novostavbe-riverside","imagesUrls":["https://img.nehnutelnosti.sk/foto/NjAweDMzOC9maWx0ZXJzOnF1YWxpdHkoMTAwKS9uZWg=/yxC0TpmyP9_fss?st=dwtY7_XF1712Q5EgABpHDLtLEyyiiJvyXnt5c1j7Wyw&ts=1715688122&e=0"]},{"title":"ZNÍŽENÁ CENA !!! Na predaj zrekonštruovaný 2-izbový byt v Lučenci...","address":"Lučenec, okres Lučenec","rooms":2,"meters":53,"totalPrice":48990,"meterSquarePrice":4,"link":"https://www.nehnutelnosti.sk/detail/JurdMGYQ_Mx/znizena-cena-na-predaj-zrekonstruovany-2-izbovy-byt-v-lucenci","imagesUrls":["https://img.nehnutelnosti.sk/foto/NjAweDMzOC9maWx0ZXJzOnF1YWxpdHkoMTAwKS9uZWg=/HY3ojcsBv_fss?st=_oAw0-YzbfZjNuYhdgygvJn4lrYFhkiwvYJyzdeXWsE&ts=1715580229&e=0"]},{"title":"Slnečný 4-izb. byt 83m2 v tesnej blízkosti prírody rieky Váh","address":"Mostová, Šaľa, okres Šaľa","rooms":4,"meters":83,"totalPrice":128000,"meterSquarePrice":7,"link":"https://www.nehnutelnosti.sk/detail/JuPGqnEZO9k/slnecny-4-izb-byt-83m2-v-tesnej-blizkosti-prirody-rieky-vah","imagesUrls":["https://img.nehnutelnosti.sk/foto/NjAweDMzOC9maWx0ZXJzOnF1YWxpdHkoMTAwKS9uZWg=/oU9qMQ84g_fss?st=rYF3u3Nwyb4hKHK_rMB7r1pEmyrJpijAPzeyyi3_cSY&ts=1725280224&e=0"]},{"title":"EXKLUZÍVNE! Predaj 2 - izbového bytu v centre mesta na ulici M. Hodžu v Prievidzi","address":"M. Hodžu, Prievidza, okres Prievidza","rooms":2,"meters":60,"totalPrice":64900,"meterSquarePrice":7,"link":"https://www.nehnutelnosti.sk/detail/JuvgeuglK_7/exkluzivne-predaj-2-izboveho-bytu-v-centre-mesta-na-ulici-m-hodzu-v-prievidzi","imagesUrls":["https://img.nehnutelnosti.sk/foto/NjAweDMzOC9maWx0ZXJzOnF1YWxpdHkoMTAwKS9uZWg=/DHXfL5slW_fss?st=oQ3MA153RWp_KpNMfkGNMtbMbDBXJQC-Q5-rI04aA0s&ts=1714139531&e=0"]},{"title":"2-izbový priestranný byt s lodžiou v centre Šali","address":"Šaľa, okres Šaľa","rooms":2,"meters":48,"totalPrice":97000,"meterSquarePrice":3,"link":"https://www.nehnutelnosti.sk/detail/Jud1J6mAbE0/2-izbovy-priestranny-byt-s-lodziou-v-centre-sali","imagesUrls":["https://img.nehnutelnosti.sk/foto/NjAweDMzOC9maWx0ZXJzOnF1YWxpdHkoMTAwKS9uZWg=/S7I7cR9Lz_fss?st=8e8vYe-bCbSokzvZQf4WmlVERAETzdGzJS9PAIlvHcc&ts=1713970054&e=0"]},{"title":"Znížená cena! Kompletne prerobený 2-izbový byt v Prievidzi, Píly","address":"J. Bendíka, Prievidza, okres Prievidza","rooms":2,"meters":52,"totalPrice":82000,"meterSquarePrice":2,"link":"https://www.nehnutelnosti.sk/detail/JuY4zIbvyZG/znizena-cena-kompletne-prerobeny-2-izbovy-byt-v-prievidzi-pily","imagesUrls":["https://img.nehnutelnosti.sk/foto/NjAweDMzOC9maWx0ZXJzOnF1YWxpdHkoMTAwKS9uZWg=/Eo62NmNUn_fss?st=4uJDbHANYj5Jf9bN213_eMLoDG4FpqqMpeNmZMneGjM&ts=1713527483&e=0"]},{"title":"Na predaj 3-izbový byt vo výbornej lokalite","address":"Ku Bratke, Levice, okres Levice","rooms":3,"meters":73,"totalPrice":115000,"meterSquarePrice":2,"link":"https://www.nehnutelnosti.sk/5475199/na-predaj-3-izbovy-byt-vo-vybornej-lokalite/","imagesUrls":["https://img.nehnutelnosti.sk/foto/NjAweDMzOC9maWx0ZXJzOnF1YWxpdHkoMTAwKS9uZWg=/1z9wBwHWb_fss?st=avF7MU55ZcZplG_wLiDXSiLxheIxcDhYQiDNN08yw34&ts=1713777619&e=0"]},{"title":"ZNÍŽENÁ CENA !!! - Zaujímavý 1 izbový byt na Lánskej neďaleko POĽNOPOTRIEB v Pov. Bystrici","address":"Lánska, Považská Bystrica, okres Považská Bystrica","rooms":1,"meters":30,"totalPrice":75000,"meterSquarePrice":0,"link":"https://www.nehnutelnosti.sk/detail/JuPF9aUwCQh/znizena-cena-zaujimavy-1-izbovy-byt-na-lanskej-nedaleko-polnopotrieb-v-pov-bystrici","imagesUrls":["https://img.nehnutelnosti.sk/foto/NjAweDMzOC9maWx0ZXJzOnF1YWxpdHkoMTAwKS9uZWg=/HWBjwzWkO_fss?st=jxVA1ogJUhNLpBNN53BLyL0bsX91M2C0M4NCTAH0jms&ts=1722351648&e=0"]},{"title":"Predaj pekný TEHLOVÝ 2-izbový byt 54m2 + balkón v príjemnom prostredí Piešťan","address":"Piešťany, okres Piešťany","rooms":2,"meters":54,"totalPrice":119500,"meterSquarePrice":6,"link":"https://www.nehnutelnosti.sk/detail/JuJD5qnkC2V/predaj-pekny-tehlovy-2-izbovy-byt-54m2-balkon-v-prijemnom-prostredi-piestan","imagesUrls":["https://img.nehnutelnosti.sk/foto/NjAweDMzOC9maWx0ZXJzOnF1YWxpdHkoMTAwKS9uZWg=/KzpY0vxrY_fss?st=FbiKNCpeR2-ZSQyXtmcYPvom_KwCS3tBOF3ADmJFd3E&ts=1724099554&e=0"]},{"title":"Predaj nádherného slnečného 3 - izbového bytu v Banskej Bystrici v časti Fončorda","address":"Oremburská, Banská Bystrica, okres Banská Bystrica","rooms":3,"meters":68,"totalPrice":178000,"meterSquarePrice":5,"link":"https://www.nehnutelnosti.sk/detail/Juz_fEGbeqz/predaj-nadherneho-slnecneho-3-izboveho-bytu-v-banskej-bystrici-v-casti-foncorda","imagesUrls":["https://img.nehnutelnosti.sk/foto/NjAweDMzOC9maWx0ZXJzOnF1YWxpdHkoMTAwKS9uZWg=/OvTOAsy8s_fss?st=YQyTr4qDEXH87IqmvgBpd2a2YkhNMFMOxgKvvzfR1Hs&ts=1712566210&e=0"]},{"title":"Predaj šikovný tehlový 1-izbový byt + parkovacie miesto v peknom prostredí Piešťan","address":"Piešťany, okres Piešťany","rooms":1,"meters":28,"totalPrice":92900,"meterSquarePrice":6,"link":"https://www.nehnutelnosti.sk/detail/JuqIwxIWqht/predaj-sikovny-tehlovy-1-izbovy-byt-parkovacie-miesto-v-peknom-prostredi-piestan","imagesUrls":["https://img.nehnutelnosti.sk/foto/NjAweDMzOC9maWx0ZXJzOnF1YWxpdHkoMTAwKS9uZWg=/6MtF882Dm_fss?st=QmmaSytCl2gk0p5iv8mZN8sWuL95BHLO4kx9CI7gBS0&ts=1711536241&e=0"]},{"title":"Príjemný ,útulný 1 izbový bytík priamo v centre Galanty.","address":"Zornička, Galanta, okres Galanta","rooms":1,"meters":38,"totalPrice":98000,"meterSquarePrice":5,"link":"https://www.nehnutelnosti.sk/detail/JuT2I6jUlXo/prijemny-utulny-1-izbovy-bytik-priamo-v-centre-galanty","imagesUrls":["https://img.nehnutelnosti.sk/foto/NjAweDMzOC9maWx0ZXJzOnF1YWxpdHkoMTAwKS9uZWg=/tjy-GRkaA_fss?st=XXa3tc4NL3V1Rg15M33oRUuhZD5jmTWgpWp7JZVK8CM&ts=1711481787&e=0"]},{"title":"2 izbový byt s 2mi balkónmi Nové Zámky","address":"Nové Zámky, okres Nové Zámky","rooms":2,"meters":60,"totalPrice":116200,"meterSquarePrice":2,"link":"https://www.nehnutelnosti.sk/detail/JujMHdPYIne/2-izbovy-byt-s-2mi-balkonmi-nove-zamky","imagesUrls":["https://img.nehnutelnosti.sk/foto/NjAweDMzOC9maWx0ZXJzOnF1YWxpdHkoMTAwKS9uZWg=/vAHltAFcS_fss?st=42pcg3s_hwfB-_4ltag99207XbSmpwLGvM98rWKu_lI&ts=1710148170&e=0"]},{"title":"2 izbový byt Nové Zámky","address":"Nové Zámky, okres Nové Zámky","rooms":2,"meters":46,"totalPrice":88400,"meterSquarePrice":3,"link":"https://www.nehnutelnosti.sk/detail/JuFBH7Cf5OU/2-izbovy-byt-nove-zamky","imagesUrls":["https://img.nehnutelnosti.sk/foto/NjAweDMzOC9maWx0ZXJzOnF1YWxpdHkoMTAwKS9uZWg=/4kqTMGfPF_fss?st=M0weyNeQA66KdINHqsODaYJjVp8Fj2aivPV0QBqkjRY&ts=1709819647&e=0"]},{"title":"Novostavba 3-izbového mezonetu s terasou v Banke, pri Piešťanoch","address":"Banka, okres Piešťany","rooms":null,"meters":70,"totalPrice":145000,"meterSquarePrice":3,"link":"https://www.nehnutelnosti.sk/detail/JuyMCwX7oCW/novostavba-3-izboveho-mezonetu-s-terasou-v-banke-pri-piestanoch","imagesUrls":["https://img.nehnutelnosti.sk/foto/NjAweDMzOC9maWx0ZXJzOnF1YWxpdHkoMTAwKS9uZWg=/wI2ZbngNv_fss?st=_rysS0mE3Q3-xtw4Mew8S3XAMkBBte8WyhBza4UiRiI&ts=1725883045&e=0"]},{"title":"PREDAJ: 2-izbový čiastočne zrekonštruovaný byt na Dlhých dieloch","address":"Hany Meličkovej, Bratislava IV - Karlova Ves, okres Bratislava","rooms":2,"meters":48,"totalPrice":180000,"meterSquarePrice":0,"link":"https://www.nehnutelnosti.sk/detail/JuJjM7DBOjV/predaj-2-izbovy-ciastocne-zrekonstruovany-byt-na-dlhych-dieloch","imagesUrls":["https://img.nehnutelnosti.sk/foto/NjAweDMzOC9maWx0ZXJzOnF1YWxpdHkoMTAwKS9uZWg=/biNVucMO69_fss?st=y1uq_F1TqVmhe3CoSL30r79HOTX8Ug8QQ_K2WHhNPsM&ts=1708800788&e=0"]},{"title":"Predaj 2,5 izbového bytu v Banskej Bystrici, v časti Fončorda","address":"Banská Bystrica, okres Banská Bystrica","rooms":2,"meters":56,"totalPrice":105000,"meterSquarePrice":5,"link":"https://www.nehnutelnosti.sk/detail/Ju1cccgk8bB/predaj-2-5-izboveho-bytu-v-banskej-bystrici-v-casti-foncorda","imagesUrls":["https://img.nehnutelnosti.sk/foto/NjAweDMzOC9maWx0ZXJzOnF1YWxpdHkoMTAwKS9uZWg=/t7XqG_mKrx_fss?st=NHSCCiiQFMnC_YXJ9twwolVbOkYpcjRfeIXXUP8GjKg&ts=1706784086&e=0"]},{"title":"Výborná ponuka! Predaj tehlový 2-izbový byt + balkón v peknom prostredí, Nové Mesto nad Váhom","address":"Nové Mesto nad Váhom, okres Nové Mesto nad Váhom","rooms":2,"meters":62,"totalPrice":106000,"meterSquarePrice":8,"link":"https://www.nehnutelnosti.sk/detail/JuRtuiU-AKG/vyborna-ponuka-predaj-tehlovy-2-izbovy-byt-balkon-v-peknom-prostredi-nove-mesto-nad-vahom","imagesUrls":["https://img.nehnutelnosti.sk/foto/NjAweDMzOC9maWx0ZXJzOnF1YWxpdHkoMTAwKS9uZWg=/6ZHosDl5J_fss?st=_9aIQcHVmxUz58MYZZ55h25NOneiIjmhD21LJDANHRw&ts=1706971372&e=0"]},{"title":"PREDAJ - 3 izb.byt na Rozkvete neďaleko MC Včielka v Pov. Bystrici","address":"Rozkvet, Považská Bystrica, okres Považská Bystrica","rooms":3,"meters":65,"totalPrice":null,"meterSquarePrice":null,"link":"https://www.nehnutelnosti.sk/detail/JuSIH_UBrLr/predaj-3-izb-byt-na-rozkvete-nedaleko-mc-vcielka-v-pov-bystrici","imagesUrls":["https://img.nehnutelnosti.sk/foto/NjAweDMzOC9maWx0ZXJzOnF1YWxpdHkoMTAwKS9uZWg=/g5PSd8fh0_fss?st=2EBDFWoYOaFwz-1nYaZ76OSv2_413JnrDwjOgm7QUBA&ts=1722351639&e=0"]},{"title":"TOP LOKALITA! 3 IZB.BYT - GARÁŽ - KLIMATIZÁCIA - 2xWC - BALKON - LOGGIA - VLASTnÉ KÚRENIE!","address":"Tehelná, Nitra, okres Nitra","rooms":3,"meters":106,"totalPrice":170000,"meterSquarePrice":7,"link":"https://www.nehnutelnosti.sk/detail/JuPeGMiHOJM/top-lokalita-3-izb-byt-garaz-klimatizacia-2xwc-balkon-loggia-vlastne-kurenie","imagesUrls":["https://img.nehnutelnosti.sk/foto/NjAweDMzOC9maWx0ZXJzOnF1YWxpdHkoMTAwKS9uZWg=/-KJPyCRaa7_fss?st=6GeFgTH8Kpj3LLg-AeGtpyC0kq7Kg9JiXrXdg-LesY8&ts=1722242815&e=0"]},{"title":"Predaj 3-izbový byt Martin širšie centrum","address":"Bjornsonova, Martin, okres Martin","rooms":3,"meters":63,"totalPrice":130000,"meterSquarePrice":9,"link":"https://www.nehnutelnosti.sk/detail/Ju2HL5-BTVX/predaj-3-izbovy-byt-martin-sirsie-centrum","imagesUrls":["https://img.nehnutelnosti.sk/foto/NjAweDMzOC9maWx0ZXJzOnF1YWxpdHkoMTAwKS9uZWg=/iVvwWlpidc_fss?st=lvcpvW0GfBZmMwdiq7yItNyHZlDyQa1AZAppll5CQrk&ts=1706105830&e=0"]},{"title":"Byt v srdci Vysokých Tatier na PREDAJ!","address":"Vysoké Tatry, okres Poprad","rooms":null,"meters":92,"totalPrice":257500,"meterSquarePrice":1,"link":"https://www.nehnutelnosti.sk/detail/Ju7Bd6yzlbr/byt-v-srdci-vysokych-tatier-na-predaj","imagesUrls":["https://img.nehnutelnosti.sk/foto/NjAweDMzOC9maWx0ZXJzOnF1YWxpdHkoMTAwKS9uZWg=/7PFktn_Sxe_fss?st=o6MB7P5NGIZa4DHq0gG-Xw8SF8aohFn7EY8YYbO0Ejs&ts=1702904291&e=0"]},{"title":"ZNÍŽENÁ CENA !!! - 3 izb. byt oproti Kauflandu a kinu MIER v Pov. Bystrici","address":"Lánska, Považská Bystrica, okres Považská Bystrica","rooms":3,"meters":66,"totalPrice":119950,"meterSquarePrice":2,"link":"https://www.nehnutelnosti.sk/detail/JuWurxecEBN/znizena-cena-3-izb-byt-oproti-kauflandu-a-kinu-mier-v-pov-bystrici","imagesUrls":["https://img.nehnutelnosti.sk/foto/NjAweDMzOC9maWx0ZXJzOnF1YWxpdHkoMTAwKS9uZWg=/Up6wNXx5-J_fss?st=ZQ6QH1TlgPBqtLSkMWu_7GyF_n8l_wir9NM0M59slbQ&ts=1718650222&e=0"]},{"title":"ZNÍŽENÁ CENA !!! - 2 izbový byt na STREDe pri kostole v Pov. Bystrci","address":"Štúrova, Považská Bystrica, okres Považská Bystrica","rooms":2,"meters":61,"totalPrice":null,"meterSquarePrice":null,"link":"https://www.nehnutelnosti.sk/detail/JuYlgvj4g_4/znizena-cena-2-izbovy-byt-na-strede-pri-kostole-v-pov-bystrci","imagesUrls":["https://img.nehnutelnosti.sk/foto/NjAweDMzOC9maWx0ZXJzOnF1YWxpdHkoMTAwKS9uZWg=/ebqBA0isS1_fss?st=_b5H32blMbGMPaMt2GVVZKnvfIXlzPN8Uvw2np9iC1Q&ts=1726510947&e=0"]}]