[{"title":"Bývanie na najlepšej adrese","address":"Žriedlová, Košice I - Staré Mesto, okres Košice","rooms":2,"meters":65,"totalPrice":217500,"meterSquarePrice":9,"link":"https://www.nehnutelnosti.sk/detail/JuCPCd2x4n3/byvanie-na-najlepsej-adrese","imagesUrls":["https://img.nehnutelnosti.sk/foto/NjAweDMzOC9maWx0ZXJzOnF1YWxpdHkoMTAwKS9uZWg=/x_PGxYpMb_fss?st=PI3aHx3J1raO0I_VnIpe-WDT3pF_VQdGljqXLsxpl0A&ts=1710233122&e=0"]},{"title":"Bývanie na najlepšej adrese","address":"Žriedlová, Košice I - Staré Mesto, okres Košice","rooms":3,"meters":92,"totalPrice":299400,"meterSquarePrice":6,"link":"https://www.nehnutelnosti.sk/detail/JuTIm1MJDkr/byvanie-na-najlepsej-adrese","imagesUrls":["https://img.nehnutelnosti.sk/foto/NjAweDMzOC9maWx0ZXJzOnF1YWxpdHkoMTAwKS9uZWg=/D_JZybny9_fss?st=x38GbXYPUla4Z6VIzoYkl8HraB5ortvB2oL6vsx4KRs&ts=1710451152&e=0"]},{"title":"Bývanie na najlepšej adrese - 5-izbový byt v Rezidencii Cassovar II","address":"Žriedlová, Košice I - Staré Mesto, okres Košice","rooms":5,"meters":203,"totalPrice":712400,"meterSquarePrice":3,"link":"https://www.nehnutelnosti.sk/detail/JuVVxy9lTd2/byvanie-na-najlepsej-adrese-5-izbovy-byt-v-rezidencii-cassovar-ii","imagesUrls":["https://img.nehnutelnosti.sk/foto/NjAweDMzOC9maWx0ZXJzOnF1YWxpdHkoMTAwKS9uZWg=/Yv2W0sHym_fss?st=Wsd0t59tHVybZMtfnVUytWmoVQcMivAzBB-GQuib7ZI&ts=1717960529&e=0"]},{"title":"Novší kompletne zariadený 2 izbový byt v Trenčíne, Východná","address":"Východná, Trenčín, okres Trenčín","rooms":2,"meters":50,"totalPrice":127000,"meterSquarePrice":0,"link":"https://www.nehnutelnosti.sk/detail/JuqKtBc54qs/novsi-kompletne-zariadeny-2-izbovy-byt-v-trencine-vychodna","imagesUrls":["https://img.nehnutelnosti.sk/foto/NjAweDMzOC9maWx0ZXJzOnF1YWxpdHkoMTAwKS9uZWg=/id9N9m5wZ_fss?st=EyzAnPgYtrIHPDIDW05XRAXtSz_M4qTxzuEaMRWUZUs&ts=1726050934&e=0"]},{"title":"Priestranný 3-izbový byt Dlhé Hony","address":"Dlhé Hony 1161/15, Trenčín, okres Trenčín","rooms":3,"meters":80,"totalPrice":159900,"meterSquarePrice":5,"link":"https://www.nehnutelnosti.sk/detail/JufUmDJMsso/priestranny-3-izbovy-byt-dlhe-hony","imagesUrls":["https://img.nehnutelnosti.sk/foto/NjAweDMzOC9maWx0ZXJzOnF1YWxpdHkoMTAwKS9uZWg=/H_BahwK28_fss?st=R5hRn6qBiqDLVWOEo9rsnJe3sQeQxIV4FwYfuUfdYeE&ts=1726676755&e=0"]},{"title":"Priestranný 1iz. byt, tiché prostredie","address":"Kamenárska, Bratislava II - Ružinov, okres Bratislava","rooms":1,"meters":37,"totalPrice":136000,"meterSquarePrice":8,"link":"https://www.nehnutelnosti.sk/detail/JuyB0c9iD94/priestranny-1iz-byt-tiche-prostredie","imagesUrls":["https://img.nehnutelnosti.sk/foto/NjAweDMzOC9maWx0ZXJzOnF1YWxpdHkoMTAwKS9uZWg=/kEL3k6wE4R_fss?st=oXtr7PGrzHjCaMJE4DuAVAxc6ehbeNgZmvfwZaYIVS0&ts=1724081873&e=0"]},{"title":"3-izbový byt v novostavbe","address":"Maticné námestie 2891/2A, Čadca, okres Čadca","rooms":3,"meters":76,"totalPrice":null,"meterSquarePrice":null,"link":"https://www.nehnutelnosti.sk/detail/Ju7isfOtQ7J/3-izbovy-byt-v-novostavbe","imagesUrls":["https://img.nehnutelnosti.sk/foto/NjAweDMzOC9maWx0ZXJzOnF1YWxpdHkoMTAwKS9uZWg=/evgsRHA7t_fss?st=1wNwlOx3JuCEBrhRTYTjGoKO-VnWKClpV0C-tG7Rc0g&ts=1718896532&e=0"]},{"title":"3i byt - loggia - pivnica spolu 82m2  Bernolakova","address":"Bernolákova, Košice II - Západ, okres Košice","rooms":3,"meters":82,"totalPrice":245000,"meterSquarePrice":0,"link":"https://www.nehnutelnosti.sk/detail/JuH15k5BqhW/3i-byt-loggia-pivnica-spolu-82m2-bernolakova","imagesUrls":["https://img.nehnutelnosti.sk/foto/NjAweDMzOC9maWx0ZXJzOnF1YWxpdHkoMTAwKS9uZWg=/j8JrmroRAy_fss?st=mHnPyIol4Vd6d5qhtWURZHgMjZ5Fv_I0j2Zc6R9CmbQ&ts=1724071533&e=0"]},{"title":"Predám 1 izbovy byt","address":"Východná 7160/9B, Trenčín, okres Trenčín","rooms":1,"meters":44,"totalPrice":99500,"meterSquarePrice":6,"link":"https://www.nehnutelnosti.sk/detail/JutD8RAnNez/predam-1-izbovy-byt","imagesUrls":["https://img.nehnutelnosti.sk/foto/NjAweDMzOC9maWx0ZXJzOnF1YWxpdHkoMTAwKS9uZWg=/JVow937VD_fss?st=nix2taOkQ2uylU02r9Q81TT8PfY_Q8Pajqcg71bqbj4&ts=1726663201&e=0"]},{"title":"Na predaj  dizajnový loftový byt v Starej Turej","address":"Gen. M. R. Štefánika, Stará Turá, okres Nové Mesto nad Váhom","rooms":null,"meters":87,"totalPrice":129800,"meterSquarePrice":5,"link":"https://www.nehnutelnosti.sk/5621548/na-predaj-dizajnovy-loftovy-byt-v-starej-turej/","imagesUrls":["https://img.nehnutelnosti.sk/foto/NjAweDMzOC9maWx0ZXJzOnF1YWxpdHkoMTAwKS9uZWg=/_sR-ePucL_fss?st=H1KboXuq5MUHQm-i75OGcP7gv5nePTbqQ_eNTYYemHc&ts=1726661695&e=0"]},{"title":"Klimatizovaný nadštandardný byt v novost. CUKROVAR","address":"Trnava, okres Trnava","rooms":2,"meters":54,"totalPrice":193100,"meterSquarePrice":2,"link":"https://www.nehnutelnosti.sk/detail/Ju4OcQCoTwi/klimatizovany-nadstandardny-byt-v-novost-cukrovar","imagesUrls":["https://img.nehnutelnosti.sk/foto/NjAweDMzOC9maWx0ZXJzOnF1YWxpdHkoMTAwKS9uZWg=/RvoTiHwoR_fss?st=IckIS2Um11FLkWnfGq481n3H6QUOpvEKz0i9ZrpVDE0&ts=1723893161&e=0"]},{"title":"Predpredaj 2-izbového bytu","address":"Ružová, Kolárovo, okres Komárno","rooms":2,"meters":46,"totalPrice":82800,"meterSquarePrice":0,"link":"https://www.nehnutelnosti.sk/detail/JuJ0lRXak93/predpredaj-2-izboveho-bytu","imagesUrls":["https://img.nehnutelnosti.sk/foto/NjAweDMzOC9maWx0ZXJzOnF1YWxpdHkoMTAwKS9uZWg=/PAoQr2xU4_fss?st=etnw3DTqJjWL3E8Gpv7UlHOCqSx3x68vv4AziqN0sV0&ts=1692963421&e=0"]},{"title":"BOSEN | Na predaj zariadený 2 izbový byt s garážou - Trenčín","address":"Liptovská, Trenčín, okres Trenčín","rooms":2,"meters":62,"totalPrice":159000,"meterSquarePrice":2,"link":"https://www.nehnutelnosti.sk/detail/Ju-zYvK4yFo/bosen-na-predaj-zariadeny-2-izbovy-byt-s-garazou-trencin","imagesUrls":["https://img.nehnutelnosti.sk/foto/NjAweDMzOC9maWx0ZXJzOnF1YWxpdHkoMTAwKS9uZWg=/FYq6KcQTRB_fss?st=XLMUtL5liopjd8mLbyRbqPrFWsfwJCztwyNbukqBqt0&ts=1724086445&e=0"]},{"title":"BOSEN | Na predaj 3 izbový byt na ulici Zlatovská","address":"Trenčín, okres Trenčín","rooms":3,"meters":73,"totalPrice":169000,"meterSquarePrice":7,"link":"https://www.nehnutelnosti.sk/detail/Jumdv9ftHsZ/bosen-na-predaj-3-izbovy-byt-na-ulici-zlatovska","imagesUrls":["https://img.nehnutelnosti.sk/foto/NjAweDMzOC9maWx0ZXJzOnF1YWxpdHkoMTAwKS9uZWg=/fpwbhVBSZ_fss?st=u3QkElqMwMa8hNB-LpLrF7QlRViqUbjGLQsyzeu7ubM&ts=1726357067&e=0"]},{"title":"Slnečný byt vo výbornej lokalite s výhľadom","address":"Saratovská, Trenčín, okres Trenčín","rooms":2,"meters":54,"totalPrice":199900,"meterSquarePrice":5,"link":"https://www.nehnutelnosti.sk/detail/JujXhZmS1gc/slnecny-byt-vo-vybornej-lokalite-s-vyhladom","imagesUrls":["https://img.nehnutelnosti.sk/foto/NjAweDMzOC9maWx0ZXJzOnF1YWxpdHkoMTAwKS9uZWg=/4PDY6lQTt_fss?st=X04SEsWpvUneHPKDR87fCTkuiLz1sGWn4ObMA7ShWQE&ts=1699289869&e=0"]},{"title":"Nadštandardný 4-izbový byt v Karlovej Vsi s dvomi","address":"Námestie sv. Františka 3440/6, Bratislava IV - Karlova Ves, okres Bratislava","rooms":4,"meters":138,"totalPrice":495000,"meterSquarePrice":1,"link":"https://www.nehnutelnosti.sk/detail/JuFymDBZvrv/nadstandardny-4-izbovy-byt-v-karlovej-vsi-s-dvomi","imagesUrls":["https://img.nehnutelnosti.sk/foto/NjAweDMzOC9maWx0ZXJzOnF1YWxpdHkoMTAwKS9uZWg=/axzMZahta_fss?st=jFf7VK3jpNFq16-Z-n6sVcBwrI0n80ZuCT_fCoffr_E&ts=1724233927&e=0"]},{"title":"3-izbový byt GARDEN - Rezidencia Suchý Vrch Banská Bystrica (103)","address":"Zimná, Banská Bystrica, okres Banská Bystrica","rooms":3,"meters":132,"totalPrice":null,"meterSquarePrice":null,"link":"https://www.nehnutelnosti.sk/detail/JuBFnLxBdhh/3-izbovy-byt-garden-rezidencia-suchy-vrch-banska-bystrica-103","imagesUrls":["https://img.nehnutelnosti.sk/foto/NjAweDMzOC9maWx0ZXJzOnF1YWxpdHkoMTAwKS9uZWg=/bfT5dutJf_fss?st=V9l2z41-v8CgS9MWqyjEsnQUU3fMpmFUVRTg9wkccqY&ts=1718091984&e=0"]},{"title":"**PARKOVACIE MIESTO V CENE BYTU**: PRIESTRANNÝ 68m2 BYT (2izb. s možnosťou prerobiť na 3 izb.) S VLA","address":"Dúhová 51, Chorvátsky Grob, okres Senec","rooms":3,"meters":68,"totalPrice":219950,"meterSquarePrice":6,"link":"https://www.nehnutelnosti.sk/detail/Ju5MpqbONnG/parkovacie-miesto-v-cene-bytu-priestranny-68m2-byt-2izb-s-moznostou-prerobit-na-3-izb-s-vla","imagesUrls":["https://img.nehnutelnosti.sk/foto/NjAweDMzOC9maWx0ZXJzOnF1YWxpdHkoMTAwKS9uZWg=/XNWjWDljpL_fss?st=tSEKBOwot3dWjbXNRIHwRhGrQE6Aw2FQfFrQblVd0bU&ts=1725288624&e=0"]},{"title":"3 - izbový byt Žilina - Solinky","address":"Osiková 3210/1, Žilina - Solinky, okres Žilina","rooms":3,"meters":63,"totalPrice":154500,"meterSquarePrice":2,"link":"https://www.nehnutelnosti.sk/detail/Ju1FDpj8UYk/3-izbovy-byt-zilina-solinky","imagesUrls":["https://img.nehnutelnosti.sk/foto/NjAweDMzOC9maWx0ZXJzOnF1YWxpdHkoMTAwKS9uZWg=/wcKLEX10d_fss?st=n38Ku2naqRzu_fMgEie2izNybdpf2fkxGDlyl8hFyCQ&ts=1726604659&e=0"]},{"title":"Predaj luxusného 3-izbového bytu110m2, Piešťany","address":"Rekreačná 4408/17, Piešťany, okres Piešťany","rooms":3,"meters":110,"totalPrice":396000,"meterSquarePrice":0,"link":"https://www.nehnutelnosti.sk/detail/Ju30G14_ko2/predaj-luxusneho-3-izboveho-bytu110m2-piestany","imagesUrls":["https://img.nehnutelnosti.sk/foto/NjAweDMzOC9maWx0ZXJzOnF1YWxpdHkoMTAwKS9uZWg=/Bfi1UvbsM_fss?st=vDZkjLHYbX94tgKQcv4kk4LTJUaH2EjMvSslQRdpfRM&ts=1726517524&e=0"]},{"title":"Predaj 2izbový byt v projekte MIKO v ŠTANDARDE","address":"Ulica Mikovíniho, Trnava, okres Trnava","rooms":2,"meters":51,"totalPrice":155000,"meterSquarePrice":2,"link":"https://www.nehnutelnosti.sk/detail/JuLtVCIV2Ov/predaj-2izbovy-byt-v-projekte-miko-v-standarde","imagesUrls":["https://img.nehnutelnosti.sk/foto/NjAweDMzOC9maWx0ZXJzOnF1YWxpdHkoMTAwKS9uZWg=/87QhEPTgE_fss?st=_E3if3cSZIPh7xMmh_Gun2pDOB4aIoBtRAvBmtOkljI&ts=1726597624&e=0"]},{"title":"1-izbovy byt v Karlovej Vsi/Karloveska ulica","address":"Karloveska, Bratislava IV - Karlova Ves, okres Bratislava","rooms":1,"meters":32,"totalPrice":148000,"meterSquarePrice":8,"link":"https://www.nehnutelnosti.sk/detail/JuH7SWLi0-l/1-izbovy-byt-v-karlovej-vsi-karloveska-ulica","imagesUrls":["https://img.nehnutelnosti.sk/foto/NjAweDMzOC9maWx0ZXJzOnF1YWxpdHkoMTAwKS9uZWg=/ZhJ8XGuRG_fss?st=a3d4uwZcRKRfJCLXK0GUHe6Xbn6Ju6Lo23WoMVK7JGs&ts=1726597174&e=0"]},{"title":"1 - izbový byt v centre Skalice","address":"Potočná, Skalica, okres Skalica","rooms":1,"meters":35,"totalPrice":82000,"meterSquarePrice":6,"link":"https://www.nehnutelnosti.sk/detail/JunLlnp0tZZ/1-izbovy-byt-v-centre-skalice","imagesUrls":["https://img.nehnutelnosti.sk/foto/NjAweDMzOC9maWx0ZXJzOnF1YWxpdHkoMTAwKS9uZWg=/MmQuighsm_fss?st=H3WnvJAjWPXLsnECqQZiwNcNlFF5una9amHBl0XWkno&ts=1726590863&e=0"]},{"title":"Chopok Jasná Luxusný Investičný 3i Apartmán 82m2","address":"Demänovská Dolina, okres Liptovský Mikuláš","rooms":null,"meters":82,"totalPrice":340000,"meterSquarePrice":9,"link":"https://www.nehnutelnosti.sk/detail/JuVhE5pPios/chopok-jasna-luxusny-investicny-3i-apartman-82m2","imagesUrls":["https://img.nehnutelnosti.sk/foto/NjAweDMzOC9maWx0ZXJzOnF1YWxpdHkoMTAwKS9uZWg=/Gg9c9kjOT_fss?st=-nsmXCwvYioae_92tInOF_BEygylrPsB-9zG-7nVh5U&ts=1676148681&e=0"]},{"title":"Chopok Jasná Luxusný Investičný 3i Apartmán 70m2","address":"Demänovská Dolina, okres Liptovský Mikuláš","rooms":null,"meters":69,"totalPrice":320000,"meterSquarePrice":0,"link":"https://www.nehnutelnosti.sk/detail/JuKwjPteswI/chopok-jasna-luxusny-investicny-3i-apartman-70m2","imagesUrls":["https://img.nehnutelnosti.sk/foto/NjAweDMzOC9maWx0ZXJzOnF1YWxpdHkoMTAwKS9uZWg=/aM_ruN_1m_fss?st=lH-5VSrP39Tak5PKpgKBBheineBLI5vwGk4IKIueUcQ&ts=1676145138&e=0"]},{"title":"PORUBSKY | 4-izbový byt | 83,40 m² | Kynek | Novostavba | Developerský projekt Slnečná pláň Nitra","address":"Trnavská, Nitra, okres Nitra","rooms":4,"meters":83,"totalPrice":262125,"meterSquarePrice":9,"link":"https://www.nehnutelnosti.sk/detail/JuTWFQgFTF9/porubsky-4-izbovy-byt-83-40-m-kynek-novostavba-developersky-projekt-slnecna-plan-nitra","imagesUrls":["https://img.unitedclassifieds.sk/foto/NjAweDMzOC9maWx0ZXJzOnF1YWxpdHkoMTAwKS9qdWw=/3zJ_x74_x_fss?st=OJcBVH8mIujtHjjPCJLEGLUY0P9pKzlUmW7v3gDSoZI&ts=1718618869&e=0"]},{"title":"PORUBSKY | 2-izbový byt | 49,47 m² | Kynek | Novostavba | Developerský projekt Slnečná pláň Nitra","address":"Trnavská, Nitra, okres Nitra","rooms":2,"meters":49,"totalPrice":166650,"meterSquarePrice":1,"link":"https://www.nehnutelnosti.sk/detail/JuUT--ci_Ix/porubsky-2-izbovy-byt-49-47-m-kynek-novostavba-developersky-projekt-slnecna-plan-nitra","imagesUrls":["https://img.unitedclassifieds.sk/foto/NjAweDMzOC9maWx0ZXJzOnF1YWxpdHkoMTAwKS9qdWw=/zh8hOnv2a_fss?st=7G8p0qc0AvZrVIzwcrWbWcsgCLP08OymVrSMuBc7xFU&ts=1718349724&e=0"]},{"title":"Predám 3 izbový byt Čadca-Žarec","address":"Janka Kráľa 2593/15, Čadca, okres Čadca","rooms":3,"meters":73,"totalPrice":null,"meterSquarePrice":null,"link":"https://www.nehnutelnosti.sk/detail/Ju-0Z-sohYi/predam-3-izbovy-byt-cadca-zarec","imagesUrls":["https://img.nehnutelnosti.sk/foto/NjAweDMzOC9maWx0ZXJzOnF1YWxpdHkoMTAwKS9uZWg=/ANSaJF7we_fss?st=vsOpnBPaGFykm7T2KC77st8P2mFbUnyvAzDr_sIig6Y&ts=1726582559&e=0"]},{"title":"2 izbový byt s krytým parkovacím miestom v cene","address":"Nobelova 13833/12D, Bratislava III - Nové Mesto, okres Bratislava","rooms":2,"meters":64,"totalPrice":270000,"meterSquarePrice":5,"link":"https://www.nehnutelnosti.sk/detail/JuqfwbavyWK/2-izbovy-byt-s-krytym-parkovacim-miestom-v-cene","imagesUrls":["https://img.nehnutelnosti.sk/foto/NjAweDMzOC9maWx0ZXJzOnF1YWxpdHkoMTAwKS9uZWg=/1zv_Kw95tt_fss?st=6XyDGu5OckEV1L3kgC4jRO2U5JhrfKZBXN6_SSZvs7M&ts=1721914430&e=0"]},{"title":"Byt v novostavbe s bazénom - kúpele Piešťany","address":"Banka, Piešťany, okres Piešťany","rooms":1,"meters":41,"totalPrice":124000,"meterSquarePrice":9,"link":"https://www.nehnutelnosti.sk/detail/JuhMCDCXaVl/byt-v-novostavbe-s-bazenom-kupele-piestany","imagesUrls":["https://img.nehnutelnosti.sk/foto/NjAweDMzOC9maWx0ZXJzOnF1YWxpdHkoMTAwKS9uZWg=/MtrJoWckEV_fss?st=LByQz5dntdC7-7UyRGixXBH7PmKoiqaV2PD82qD7uPI&ts=1718800698&e=0"]}]