[{"title":"2 izbový byt s loggiu vo vyhľadávanej časti Košíc - sídlisko Terasa, ulica Hronská.","address":"Hronská, Košice II - Západ, okres Košice","rooms":2,"meters":54,"totalPrice":154990,"meterSquarePrice":9,"link":"https://www.nehnutelnosti.sk/detail/Ju2Ju0qzuJ9/2-izbovy-byt-s-loggiu-vo-vyhladavanej-casti-kosic-sidlisko-terasa-ulica-hronska","imagesUrls":["https://img.nehnutelnosti.sk/foto/NjAweDMzOC9maWx0ZXJzOnF1YWxpdHkoMTAwKS9uZWg=/1eWb6GLu81_fss?st=JPgK0JDM1-HJ4V9t64Hs4ZKRXEKc8YFWbLbg4YVp6HM&ts=1726746035&e=0"]},{"title":"Veľkometrážny byt v kľudnom prostredí možnosť prerobenia na 2 izb.","address":"Veľká Paka, okres Dunajská Streda","rooms":2,"meters":40,"totalPrice":79990,"meterSquarePrice":5,"link":"https://www.nehnutelnosti.sk/detail/JuNG2vlQ7Oh/velkometrazny-byt-v-kludnom-prostredi-moznost-prerobenia-na-2-izb","imagesUrls":["https://img.unitedclassifieds.sk/foto/NjAweDMzOC9maWx0ZXJzOnF1YWxpdHkoMTAwKS9qdWw=/Fopt1yVSm_fss?st=YMmm7q7C207nUFTDnRf_4_Zm0j_Dvehz-P3wqnbDD6k&ts=1715936820&e=0"]},{"title":"Slnečný 3 izb. byt na začiatku Petržalky, výborná poloha","address":"Blagoevova, Bratislava V - Petržalka, okres Bratislava","rooms":3,"meters":75,"totalPrice":191900,"meterSquarePrice":7,"link":"https://www.nehnutelnosti.sk/detail/JulrMZLHUHs/slnecny-3-izb-byt-na-zaciatku-petrzalky-vyborna-poloha","imagesUrls":["https://img.unitedclassifieds.sk/foto/NjAweDMzOC9maWx0ZXJzOnF1YWxpdHkoMTAwKS9qdWw=/q_sIFrQAT_fss?st=zrg7G9ULillvoGgTMQqBnfbuu0icQrWr7OwRQMojocQ&ts=1705323410&e=0"]},{"title":"Veľkometrážny 1 izb. byt v kľudnom prostredí možnosť splácať a prerobiť na 2 izb.","address":"Veľká Paka, okres Dunajská Streda","rooms":1,"meters":40,"totalPrice":79990,"meterSquarePrice":5,"link":"https://www.nehnutelnosti.sk/detail/JuMVLaWwG8P/velkometrazny-1-izb-byt-v-kludnom-prostredi-moznost-splacat-a-prerobit-na-2-izb","imagesUrls":["https://img.unitedclassifieds.sk/foto/NjAweDMzOC9maWx0ZXJzOnF1YWxpdHkoMTAwKS9qdWw=/EsBhFqFvr_fss?st=TyppaXBpwivXt-zIRVq6CCEPW0KeulaeeVvh9Wj5IGA&ts=1713172726&e=0"]},{"title":"Priestranný 2 izb. byt vo výnimočnej časti Ružinova priamo pri parku Ostredky","address":"Ostredková, Bratislava II - Ružinov, okres Bratislava","rooms":2,"meters":58,"totalPrice":228000,"meterSquarePrice":3,"link":"https://www.nehnutelnosti.sk/detail/JucP-1BaGw0/priestranny-2-izb-byt-vo-vynimocnej-casti-ruzinova-priamo-pri-parku-ostredky","imagesUrls":["https://img.unitedclassifieds.sk/foto/NjAweDMzOC9maWx0ZXJzOnF1YWxpdHkoMTAwKS9qdWw=/pZOYLYg6tr_fss?st=L-lkwJ5Uz9SR1V46pUzeRQgN08EoGbM0k321qKUEHLA&ts=1715803203&e=0"]},{"title":"Priestranný 1 izbový byt ŠAMORÍN - PREDAJ - výrazná zľava","address":"Dunajská, Šamorín, okres Dunajská Streda","rooms":1,"meters":42,"totalPrice":106999,"meterSquarePrice":3,"link":"https://www.nehnutelnosti.sk/detail/JuV7zq4RcnI/priestranny-1-izbovy-byt-samorin-predaj-vyrazna-zlava","imagesUrls":["https://img.unitedclassifieds.sk/foto/NjAweDMzOC9maWx0ZXJzOnF1YWxpdHkoMTAwKS9qdWw=/j_bhNPCAO_fss?st=KVWEKY0jOUU55lAnwfo15uo-sWSzevmLFH8KdyHFCrQ&ts=1712559676&e=0"]},{"title":"Slnečný 2 izbový byt Hviezdoslavov - PREDAJ","address":"Čerešňarka, Hviezdoslavov, okres Dunajská Streda","rooms":2,"meters":42,"totalPrice":124999,"meterSquarePrice":1,"link":"https://www.nehnutelnosti.sk/detail/JuRYbfD3WDk/slnecny-2-izbovy-byt-hviezdoslavov-predaj","imagesUrls":["https://img.unitedclassifieds.sk/foto/NjAweDMzOC9maWx0ZXJzOnF1YWxpdHkoMTAwKS9qdWw=/jk5mLlz-e_fss?st=3c_9go2hbRQyRYiEWeX2rG7PdpigDJsZCYme2_1Ym24&ts=1723875873&e=0"]},{"title":"Pekný 3 izb. byt na začiatku Petržalky","address":"Blagoevova, Bratislava V - Petržalka, okres Bratislava","rooms":3,"meters":75,"totalPrice":188900,"meterSquarePrice":7,"link":"https://www.nehnutelnosti.sk/detail/JuHG07fCdpb/pekny-3-izb-byt-na-zaciatku-petrzalky","imagesUrls":["https://img.unitedclassifieds.sk/foto/NjAweDMzOC9maWx0ZXJzOnF1YWxpdHkoMTAwKS9qdWw=/MYIdxRGv3_fss?st=U-gxt1IqKpfXIeFLbwjybo2Z1AVfLwu5HH5OQQS2D_4&ts=1715938195&e=0"]},{"title":"Priestranný byt na splátky, ihneď k dispozícii","address":"Veľká Paka, okres Dunajská Streda","rooms":1,"meters":40,"totalPrice":79990,"meterSquarePrice":5,"link":"https://www.nehnutelnosti.sk/detail/JuiRvlvTHvN/priestranny-byt-na-splatky-ihned-k-dispozicii","imagesUrls":["https://img.unitedclassifieds.sk/foto/NjAweDMzOC9maWx0ZXJzOnF1YWxpdHkoMTAwKS9qdWw=/Z8PAZb2Pn_fss?st=8-YdH0e6iRmigd70la8Hcz7ukYAOAiBdM2PvWl9nI08&ts=1716978385&e=0"]},{"title":"REZERVOVANÝ - PREDAJ slnečného 2 izbového bytu so zariadením, s balkónom, Košúty","address":"Košúty, okres Galanta","rooms":2,"meters":48,"totalPrice":116990,"meterSquarePrice":9,"link":"https://www.nehnutelnosti.sk/detail/JuQhk5WQiJC/rezervovany-predaj-slnecneho-2-izboveho-bytu-so-zariadenim-s-balkonom-kosuty","imagesUrls":["https://img.nehnutelnosti.sk/foto/NjAweDMzOC9maWx0ZXJzOnF1YWxpdHkoMTAwKS9uZWg=/5IbNyGmlP_fss?st=Xyc6Cbeh197UJwf2-zemWhuBhXdN5jaBvFLew67mlDA&ts=1708959694&e=0"]},{"title":"PREDAJ krásneho 3 izbového bytu s balkónom a 2 parkovacími miestami","address":"Hlavná, Jelka, okres Galanta","rooms":3,"meters":68,"totalPrice":144990,"meterSquarePrice":1,"link":"https://www.nehnutelnosti.sk/detail/JuOqrHild_D/predaj-krasneho-3-izboveho-bytu-s-balkonom-a-2-parkovacimi-miestami","imagesUrls":["https://img.nehnutelnosti.sk/foto/NjAweDMzOC9maWx0ZXJzOnF1YWxpdHkoMTAwKS9uZWg=/BTFQKIsMD_fss?st=fJXuGr_WXZPNpqNQk5-MPVzm1o8cRmun21-fsL7733g&ts=1726559686&e=0"]},{"title":"PREDAJ 2 izbového bytu s balkónom a pivnicou, Bratislava - Petržalka","address":"Humenské námestie, Bratislava V - Petržalka, okres Bratislava","rooms":2,"meters":71,"totalPrice":218990,"meterSquarePrice":4,"link":"https://www.nehnutelnosti.sk/detail/Ju1Cc8RQ6St/predaj-2-izboveho-bytu-s-balkonom-a-pivnicou-bratislava-petrzalka","imagesUrls":["https://img.nehnutelnosti.sk/foto/NjAweDMzOC9maWx0ZXJzOnF1YWxpdHkoMTAwKS9uZWg=/sdFzXL4zM_fss?st=9PjSgb196KBo3ixOYBjW7oSUiotDub4YcWKDtg1oo3M&ts=1726559692&e=0"]},{"title":"PREDAJ priestranného 2 izb. bytu s bezbariérovým prístupom, Šamorín, Čilistovská","address":"Čilistovská, Šamorín, okres Dunajská Streda","rooms":2,"meters":63,"totalPrice":151990,"meterSquarePrice":9,"link":"https://www.nehnutelnosti.sk/detail/JutlDVpTl5E/predaj-priestranneho-2-izb-bytu-s-bezbarierovym-pristupom-samorin-cilistovska","imagesUrls":["https://img.nehnutelnosti.sk/foto/NjAweDMzOC9maWx0ZXJzOnF1YWxpdHkoMTAwKS9uZWg=/TFgUPUpEew_fss?st=iCTA05G3vMmGP6LU-pSr99WuyGiltF5j4l_xGC0lj6c&ts=1722848964&e=0"]},{"title":"Predaj 2 izb. bytu po rozsiahlej rek. s balkónom, 56 m2 + 2 veľké pivnice =17,82 m2 v OV, centrum Ša","address":"Školská, Šamorín, okres Dunajská Streda","rooms":2,"meters":56,"totalPrice":128990,"meterSquarePrice":9,"link":"https://www.nehnutelnosti.sk/detail/JujKp4sW_c3/predaj-2-izb-bytu-po-rozsiahlej-rek-s-balkonom-56-m2-2-velke-pivnice-17-82-m2-v-ov-centrum-sa","imagesUrls":["https://img.nehnutelnosti.sk/foto/NjAweDMzOC9maWx0ZXJzOnF1YWxpdHkoMTAwKS9uZWg=/Y3-rdo7CM_fss?st=ToOoxvOxnM5GuOBaFjCIKSK0hhEB_o8Rr_S4dQ6LNIc&ts=1725231767&e=0"]},{"title":"PREDAJ 3 izbového bytu s balkónom Dunajská Streda, Nám. Priateľstva","address":"Nám. priateľstva, Dunajská Streda, okres Dunajská Streda","rooms":3,"meters":60,"totalPrice":104990,"meterSquarePrice":3,"link":"https://www.nehnutelnosti.sk/detail/JuIMhOxkXOu/predaj-3-izboveho-bytu-s-balkonom-dunajska-streda-nam-priatelstva","imagesUrls":["https://img.nehnutelnosti.sk/foto/NjAweDMzOC9maWx0ZXJzOnF1YWxpdHkoMTAwKS9uZWg=/XUubtGaRb_fss?st=x9dXPXk6Tko2ZAGeLImNK-OsEeEqbGcYnWDdrmw5_2I&ts=1726410527&e=0"]},{"title":"PREDAJ 3IZB. veľkého čiastočne zrekonštruovaného BYTU SO ŠPAJZOU, 87,79m2, LETNÁ ZĽAVA, ZLATÉ KLASY","address":"Zlaté Klasy, okres Dunajská Streda","rooms":3,"meters":87,"totalPrice":104990,"meterSquarePrice":2,"link":"https://www.nehnutelnosti.sk/detail/Juilo-FNpDN/predaj-3izb-velkeho-ciastocne-zrekonstruovaneho-bytu-so-spajzou-87-79m2-letna-zlava-zlate-klasy","imagesUrls":["https://img.nehnutelnosti.sk/foto/NjAweDMzOC9maWx0ZXJzOnF1YWxpdHkoMTAwKS9uZWg=/C3EiMT25PF_fss?st=d0PKzwdEsskFeJlC9lQZIaWcftCHgcgovMbRmXKqg40&ts=1724192518&e=0"]},{"title":"Predaj veľkometrážneho 1 izb. bytu s vlastným kúrením, 42,15 m2, Dunajská ulica","address":"Dunajská, Šamorín, okres Dunajská Streda","rooms":1,"meters":42,"totalPrice":102990,"meterSquarePrice":2,"link":"https://www.nehnutelnosti.sk/detail/JuwuTIfut8r/predaj-velkometrazneho-1-izb-bytu-s-vlastnym-kurenim-42-15-m2-dunajska-ulica","imagesUrls":["https://img.nehnutelnosti.sk/foto/NjAweDMzOC9maWx0ZXJzOnF1YWxpdHkoMTAwKS9uZWg=/BU1PyKULmD_fss?st=d2X4-al9TFzV7kHMDBIo82gBcxfnIcUVak85ShkqSPk&ts=1721851306&e=0"]},{"title":"POD VINICAMI I Investičná príležitosť","address":"Matúškova, Bratislava III - Nové Mesto, okres Bratislava","rooms":3,"meters":76,"totalPrice":405360,"meterSquarePrice":2,"link":"https://www.nehnutelnosti.sk/detail/JuTDVCu9ls-/pod-vinicami-i-investicna-prilezitost","imagesUrls":["https://img.nehnutelnosti.sk/foto/NjAweDMzOC9maWx0ZXJzOnF1YWxpdHkoMTAwKS9uZWg=/tBzKCFshFc_fss?st=Ha_ccKCoweXfkfW431Vatrhnlp6kOkpBWxSajbzy7T0&ts=1726745441&e=0"]},{"title":"Veľkometrážny 2-izbový byt, Kamenná NMnV, NÍZKE NÁKLADY NA BÝVANIE","address":"Športová, Nové Mesto nad Váhom, okres Nové Mesto nad Váhom","rooms":2,"meters":61,"totalPrice":153225,"meterSquarePrice":0,"link":"https://www.nehnutelnosti.sk/detail/Ju3d0TGnseg/velkometrazny-2-izbovy-byt-kamenna-nmnv-nizke-naklady-na-byvanie","imagesUrls":["https://img.unitedclassifieds.sk/foto/NjAweDMzOC9maWx0ZXJzOnF1YWxpdHkoMTAwKS9yc2Y=/ICQ6yshgO_fss?st=ogUI73CW3Us6mB8hKCyBtetiBVv0n9HvcCJD2_e6wyk&ts=1715748819&e=0"]},{"title":"Priestranný 4 izbový byt s balkónom - Rezedová","address":"Rezedová, Bratislava II - Ružinov, okres Bratislava","rooms":4,"meters":76,"totalPrice":299000,"meterSquarePrice":1,"link":"https://www.nehnutelnosti.sk/detail/JuVoZaJ2qMF/priestranny-4-izbovy-byt-s-balkonom-rezedova","imagesUrls":["https://img.nehnutelnosti.sk/foto/NjAweDMzOC9maWx0ZXJzOnF1YWxpdHkoMTAwKS9uZWg=/SkufglFRY_fss?st=0tr_KkMadVQr6NeB002RyNpE3g7YFlmiYl_Lz0MtEVU&ts=1726745422&e=0"]},{"title":"Ponúkame Vám na predaj 3 izbový byt Martin Záturčie.","address":"Záturčie, Martin, okres Martin","rooms":3,"meters":77,"totalPrice":null,"meterSquarePrice":null,"link":"https://www.nehnutelnosti.sk/detail/Ju4fe8l7N7R/ponukame-vam-na-predaj-3-izbovy-byt-martin-zaturcie","imagesUrls":["https://img.nehnutelnosti.sk/foto/NjAweDMzOC9maWx0ZXJzOnF1YWxpdHkoMTAwKS9uZWg=/xLdIxukxY_fss?st=AWftMcouHB1DgQcPMl2cSKH6zQLXvWYHMhgg2IyRTj0&ts=1655725499&e=0"]},{"title":"Veľké Úľany  nová etapa 6-7. (ECO PARK)","address":"Eco Park, Veľké Úľany, okres Galanta","rooms":3,"meters":null,"totalPrice":null,"meterSquarePrice":null,"link":"https://www.nehnutelnosti.sk/detail/JuSGzM7rKE5/velke-ulany-nova-etapa-6-7-eco-park","imagesUrls":["https://img.unitedclassifieds.sk/foto/NjAweDMzOC9maWx0ZXJzOnF1YWxpdHkoMTAwKS9yc2Y=/ZDAYv3IMIV_fss?st=dLIWJNGkPtSfY1VyljdBF4QMEMvpzCIfdGB-R3oOpgQ&ts=1724752629&e=0"]},{"title":"Prémiový 3 izbový byt 77m2 s loggiou Holíčska 48 – Petržalka","address":"Holíčska, Bratislava V - Petržalka, okres Bratislava","rooms":3,"meters":77,"totalPrice":299000,"meterSquarePrice":2,"link":"https://www.nehnutelnosti.sk/detail/JuGstSugepJ/premiovy-3-izbovy-byt-77m2-s-loggiou-holicska-48-petrzalka","imagesUrls":["https://img.nehnutelnosti.sk/foto/NjAweDMzOC9maWx0ZXJzOnF1YWxpdHkoMTAwKS9uZWg=/KkC5uOtIG_fss?st=dmnirinkj2CCsC-7KomAQ2QajRjB4C78qvCWhAh_Bbo&ts=1726745414&e=0"]},{"title":"Úžasný 3 izbový byt s balkónom Rumančeková 48 - Ružinov","address":"Rumančeková, Bratislava II - Ružinov, okres Bratislava","rooms":3,"meters":68,"totalPrice":289000,"meterSquarePrice":0,"link":"https://www.nehnutelnosti.sk/detail/JuDjk3B6-J-/uzasny-3-izbovy-byt-s-balkonom-rumancekova-48-ruzinov","imagesUrls":["https://img.nehnutelnosti.sk/foto/NjAweDMzOC9maWx0ZXJzOnF1YWxpdHkoMTAwKS9uZWg=/1ZKdXJNC-_fss?st=9QZM6hAguRPCczzUettcoY_lWcmvz_Oso9wd49UPULA&ts=1726745402&e=0"]},{"title":"LEVEL REAL - NA PREDAJ 1 - IZBOVÝ BYT / Projekt NOEMIS Stupava","address":"Cementárenská, Stupava, okres Malacky","rooms":1,"meters":34,"totalPrice":119990,"meterSquarePrice":7,"link":"https://www.nehnutelnosti.sk/detail/JuUnsT3GJIu/level-real-na-predaj-1-izbovy-byt-projekt-noemis-stupava","imagesUrls":["https://img.nehnutelnosti.sk/foto/NjAweDMzOC9maWx0ZXJzOnF1YWxpdHkoMTAwKS9uZWg=/kMjtI_kMe_fss?st=UNFE7W4rLfG-1QAX32gSIvMtOgKC2yhRloo42QYEIUU&ts=1725454983&e=0"]},{"title":"Rezervované - 2 izbový byt  s balkónom - kompletne zariadený - veľko metrážny 65 m2","address":"Nitra, okres Nitra","rooms":2,"meters":65,"totalPrice":149900,"meterSquarePrice":5,"link":"https://www.nehnutelnosti.sk/detail/JuUhTVPnEzw/rezervovane-2-izbovy-byt-s-balkonom-kompletne-zariadeny-velko-metrazny-65-m2","imagesUrls":["https://img.nehnutelnosti.sk/foto/NjAweDMzOC9maWx0ZXJzOnF1YWxpdHkoMTAwKS9uZWg=/NzUz9Tk7q_fss?st=aIh-DqkcSUhduwliRrph7jGR5lOOADfjVq57AvKMqGc&ts=1726751879&e=0"]},{"title":"2 Izbový byt na Severe s nadštandardnou loggiou","address":"Martin, okres Martin","rooms":2,"meters":55,"totalPrice":104800,"meterSquarePrice":5,"link":"https://www.nehnutelnosti.sk/detail/JuA71R_4zOq/2-izbovy-byt-na-severe-s-nadstandardnou-loggiou","imagesUrls":["https://img.nehnutelnosti.sk/foto/NjAweDMzOC9maWx0ZXJzOnF1YWxpdHkoMTAwKS9uZWg=/r5-QHoNh5_fss?st=6QmIWBtPjbC-Cv6Pt5fN17XFaJHN-eHxT_wywO4l58o&ts=1726128835&e=0"]},{"title":"4- izbový byt v kľudnej časti Bratislavy","address":"Pri Šajbách, Bratislava III - Rača, okres Bratislava","rooms":4,"meters":80,"totalPrice":234900,"meterSquarePrice":4,"link":"https://www.nehnutelnosti.sk/detail/Ju1JkofUDUo/4-izbovy-byt-v-kludnej-casti-bratislavy","imagesUrls":["https://img.unitedclassifieds.sk/foto/NjAweDMzOC9maWx0ZXJzOnF1YWxpdHkoMTAwKS9qdWw=/GsMACBzxT_fss?st=L9ZSX0aT9rvvilHpgdgi3znAXIbdtaGPJQ_qPblKae8&ts=1726745024&e=0"]},{"title":"PREDAJ 1 izbový byt s balkónom a parkingom, Ovocné sady, Ivanská cesta, Bratislava Ružinov EXPISREAL","address":"Ivanská cesta, Bratislava II - Ružinov, okres Bratislava","rooms":1,"meters":36,"totalPrice":139990,"meterSquarePrice":6,"link":"https://www.nehnutelnosti.sk/detail/JuHLrlb97no/predaj-1-izbovy-byt-s-balkonom-a-parkingom-ovocne-sady-ivanska-cesta-bratislava-ruzinov-expisreal","imagesUrls":["https://img.nehnutelnosti.sk/foto/NjAweDMzOC9maWx0ZXJzOnF1YWxpdHkoMTAwKS9uZWg=/4STMXXr7b_fss?st=WnijO0DG3H_O50KmWQoDImowqvDg3xgwIKgryzoVLPk&ts=1726745018&e=0"]},{"title":"Dokonalý 3 izbový byt s balkónom - Herlianská","address":"Herlianska, Bratislava II - Ružinov, okres Bratislava","rooms":3,"meters":68,"totalPrice":289000,"meterSquarePrice":0,"link":"https://www.nehnutelnosti.sk/detail/JudgbWULfHO/dokonaly-3-izbovy-byt-s-balkonom-herlianska","imagesUrls":["https://img.nehnutelnosti.sk/foto/NjAweDMzOC9maWx0ZXJzOnF1YWxpdHkoMTAwKS9uZWg=/zHQbcX1Kf_fss?st=UYuqQc-9vi4Ng-Suz-CjRFdGf7mE3z86w67l4URKiI4&ts=1726744952&e=0"]}]