[{"title":"GRAFT ponúka 3-izb. byt ul. Andreja Mráza","address":"Andreja Mráza, Bratislava II - Ružinov, okres Bratislava","rooms":3,"meters":70,"totalPrice":200000,"meterSquarePrice":4,"link":"https://www.nehnutelnosti.sk/detail/JuOEB3-Jh2B/graft-ponuka-3-izb-byt-ul-andreja-mraza","imagesUrls":["https://img.unitedclassifieds.sk/foto/NjAweDMzOC9maWx0ZXJzOnF1YWxpdHkoMTAwKS9qdWw=/pacftbjAG_fss?st=0UuarE-5e8EEhujsCVQtM4v9rSNMC3jInRInKXR0h3o&ts=1705574176&e=0"]},{"title":"1-izb. NOVOSTAVBA Kresánková ul.","address":"Kresánkova, Bratislava IV - Karlova Ves, okres Bratislava","rooms":1,"meters":34,"totalPrice":149000,"meterSquarePrice":5,"link":"https://www.nehnutelnosti.sk/detail/Ju4K_exwYi6/1-izb-novostavba-kresankova-ul","imagesUrls":["https://img.unitedclassifieds.sk/foto/NjAweDMzOC9maWx0ZXJzOnF1YWxpdHkoMTAwKS9qdWw=/Pa_5w2SsQ_fss?st=ZRke_IuCdJo09QUi6rgdXyL8UIkGTX8eEVVpGxKYXZo&ts=1721383503&e=0"]},{"title":"GRAFT ponúka 1-izb. byt Hraničná ul.","address":"Hraničná, Bratislava II - Ružinov, okres Bratislava","rooms":1,"meters":35,"totalPrice":159000,"meterSquarePrice":6,"link":"https://www.nehnutelnosti.sk/detail/JuASxqGeWUK/graft-ponuka-1-izb-byt-hranicna-ul","imagesUrls":["https://img.unitedclassifieds.sk/foto/NjAweDMzOC9maWx0ZXJzOnF1YWxpdHkoMTAwKS9qdWw=/NPC7DUlqW_fss?st=k_2AxWuUb4LoB8khEL8L3CxY2ZZROsIWMBYflCoUxVQ&ts=1721033971&e=0"]},{"title":"Ponúkame na predaj 1-izb. byt v Petržalke - Jasovská ul.","address":"Jasovská, Bratislava V - Petržalka, okres Bratislava","rooms":1,"meters":37,"totalPrice":140000,"meterSquarePrice":0,"link":"https://www.nehnutelnosti.sk/detail/JuYwvR-CI9a/ponukame-na-predaj-1-izb-byt-v-petrzalke-jasovska-ul","imagesUrls":["https://img.unitedclassifieds.sk/foto/NjAweDMzOC9maWx0ZXJzOnF1YWxpdHkoMTAwKS9qdWw=/GCnfykBs2_fss?st=omyjpZ1nFyL2mv00sJq4FB8HA6r9nZ2ecV5Yx4aGz3Q&ts=1718636324&e=0"]},{"title":"1-izb. byt s parkovacím miestom vo dvore - Záhradnícka ul.","address":"Záhradnícka, Bratislava II - Ružinov, okres Bratislava","rooms":1,"meters":40,"totalPrice":170000,"meterSquarePrice":0,"link":"https://www.nehnutelnosti.sk/detail/JuaDc5meH4b/1-izb-byt-s-parkovacim-miestom-vo-dvore-zahradnicka-ul","imagesUrls":["https://img.unitedclassifieds.sk/foto/NjAweDMzOC9maWx0ZXJzOnF1YWxpdHkoMTAwKS9qdWw=/MTJhXJKhm_fss?st=UUzXaVmGGzvYS5WOvf4mdkdpUakaFizKaUDWMitu9HQ&ts=1716535154&e=0"]},{"title":"Ponúkame 2-izb. byt Košická ul.","address":"Ružinovská, Bratislava II - Ružinov, okres Bratislava","rooms":2,"meters":55,"totalPrice":250000,"meterSquarePrice":5,"link":"https://www.nehnutelnosti.sk/detail/Ju1fI-LENr1/ponukame-2-izb-byt-kosicka-ul","imagesUrls":["https://img.unitedclassifieds.sk/foto/NjAweDMzOC9maWx0ZXJzOnF1YWxpdHkoMTAwKS9qdWw=/gXotav830_fss?st=FY39GpD0Gf_-ugwMQZUapIq2jfuWEHShDVRArGz8PrY&ts=1721642945&e=0"]},{"title":"Ponúkame 4-izb. byt Znievska ulica","address":"Znievska, Bratislava V - Petržalka, okres Bratislava","rooms":4,"meters":87,"totalPrice":265000,"meterSquarePrice":8,"link":"https://www.nehnutelnosti.sk/detail/JuN4MKfP9Yu/ponukame-4-izb-byt-znievska-ulica","imagesUrls":["https://img.unitedclassifieds.sk/foto/NjAweDMzOC9maWx0ZXJzOnF1YWxpdHkoMTAwKS9qdWw=/NSsE8cGF7_fss?st=I2bzNqU5USyJz2yvj8s8G8C8VPdw1L-CMMfyjNl4ApU&ts=1716978498&e=0"]},{"title":"1,5 - izb. byt v NOVOSTAVBE BORY ul. Michala Bučiča","address":"Michala Bučiča, Bratislava IV - Devínska Nová Ves, okres Bratislava","rooms":2,"meters":35,"totalPrice":166996,"meterSquarePrice":1,"link":"https://www.nehnutelnosti.sk/detail/JuZJvi01vY0/1-5-izb-byt-v-novostavbe-bory-ul-michala-bucica","imagesUrls":["https://img.unitedclassifieds.sk/foto/NjAweDMzOC9maWx0ZXJzOnF1YWxpdHkoMTAwKS9qdWw=/FiWxBLggP_fss?st=S1IILbm9_iC7X2rt-g03ePG_PDuJK_NtWuLL8rjUJZQ&ts=1709722172&e=0"]},{"title":"Ponúkame na predaj 1- izbový byt Baltská ul.","address":"Baltská, Bratislava II - Podunajské Biskupice, okres Bratislava","rooms":1,"meters":40,"totalPrice":130000,"meterSquarePrice":0,"link":"https://www.nehnutelnosti.sk/detail/JuFHRUgON19/ponukame-na-predaj-1-izbovy-byt-baltska-ul","imagesUrls":["https://img.unitedclassifieds.sk/foto/NjAweDMzOC9maWx0ZXJzOnF1YWxpdHkoMTAwKS9qdWw=/Af3i5_159F_fss?st=83rj_V049IiCvjankZS0OM08rvlGDgiZliStIgZarGI&ts=1716811007&e=0"]},{"title":"GRAFT ponúka 2-izb. byt Čmelíkova ul.","address":"Čmelíkova, Bratislava II - Ružinov, okres Bratislava","rooms":2,"meters":61,"totalPrice":180000,"meterSquarePrice":2,"link":"https://www.nehnutelnosti.sk/detail/JusPZXDATKY/graft-ponuka-2-izb-byt-cmelikova-ul","imagesUrls":["https://img.unitedclassifieds.sk/foto/NjAweDMzOC9maWx0ZXJzOnF1YWxpdHkoMTAwKS9qdWw=/tE0l9p2_x_fss?st=07yMd1XDn_9sgBu6bCVKJxzkr-XW5VzjuSgjlzBb4hw&ts=1715593243&e=0"]},{"title":"GRAFT ponúka 3-izb. NOVOSTAVBA Agátová ul.","address":"Agátová, Bratislava IV - Dúbravka, okres Bratislava","rooms":3,"meters":90,"totalPrice":239000,"meterSquarePrice":6,"link":"https://www.nehnutelnosti.sk/detail/JuN-ip4nhLR/graft-ponuka-3-izb-novostavba-agatova-ul","imagesUrls":["https://img.unitedclassifieds.sk/foto/NjAweDMzOC9maWx0ZXJzOnF1YWxpdHkoMTAwKS9qdWw=/9a-f2Pl97_fss?st=ywK2vKv_6MxCm93UVzfdNhsmIsfr8AS6ayBuLLRY4sQ&ts=1716976218&e=0"]},{"title":"GRAFT ponúka 1-gars. Rybničná ul.","address":"Rybničná, Bratislava III - Vajnory, okres Bratislava","rooms":null,"meters":28,"totalPrice":87000,"meterSquarePrice":4,"link":"https://www.nehnutelnosti.sk/detail/JuUFBRpb-f6/graft-ponuka-1-gars-rybnicna-ul","imagesUrls":["https://img.unitedclassifieds.sk/foto/NjAweDMzOC9maWx0ZXJzOnF1YWxpdHkoMTAwKS9qdWw=/3b7I_HOr33_fss?st=F1nH3huJuGq-lup2slnfspaLIkaVm71rNtdp0EdgfaQ&ts=1715336482&e=0"]},{"title":"GRAFT ponúka 3 izb. byt  Exnárova ul.","address":"Exnárova, Bratislava II - Ružinov, okres Bratislava","rooms":3,"meters":70,"totalPrice":205000,"meterSquarePrice":7,"link":"https://www.nehnutelnosti.sk/detail/JuYyBvtGwvW/graft-ponuka-3-izb-byt-exnarova-ul","imagesUrls":["https://img.unitedclassifieds.sk/foto/NjAweDMzOC9maWx0ZXJzOnF1YWxpdHkoMTAwKS9qdWw=/iclFOZ4Rj_fss?st=-pebelO6zQrRWoDXrOG0_0krehnXETtd48-irypvECY&ts=1714739395&e=0"]},{"title":"GRAFT ponúka 2-gars. ul. Vlčie hrdlo","address":"Vlčie hrdlo, Bratislava II - Ružinov, okres Bratislava","rooms":null,"meters":36,"totalPrice":112000,"meterSquarePrice":1,"link":"https://www.nehnutelnosti.sk/detail/Jup8eAdwqLF/graft-ponuka-2-gars-ul-vlcie-hrdlo","imagesUrls":["https://img.unitedclassifieds.sk/foto/NjAweDMzOC9maWx0ZXJzOnF1YWxpdHkoMTAwKS9qdWw=/3EtKRSfxp_fss?st=RgrfFlyVtN90NiIFdJbaQRqPUpyiLmM_7HfG280yroM&ts=1720609021&e=0"]},{"title":"GRAFT ponúka 1-gars. Hrdličková ul.","address":"Hrdličkova, Bratislava III - Nové Mesto, okres Bratislava","rooms":null,"meters":25,"totalPrice":120000,"meterSquarePrice":0,"link":"https://www.nehnutelnosti.sk/detail/JuAJwRitZqt/graft-ponuka-1-gars-hrdlickova-ul","imagesUrls":["https://img.unitedclassifieds.sk/foto/NjAweDMzOC9maWx0ZXJzOnF1YWxpdHkoMTAwKS9qdWw=/X133cAEj__fss?st=NOrXz53Nb5CLL9aubiyyKM2NuPKA9S_dekUqnGvBQM8&ts=1723463386&e=0"]},{"title":"1 izb. byt Nebyt. priestor v Novostavbe SMILE – Nerudová  ul.","address":"Nerudova, Bratislava II - Ružinov, okres Bratislava","rooms":1,"meters":32,"totalPrice":99900,"meterSquarePrice":8,"link":"https://www.nehnutelnosti.sk/detail/Ju42AxuApla/1-izb-byt-nebyt-priestor-v-novostavbe-smile-nerudova-ul","imagesUrls":["https://img.unitedclassifieds.sk/foto/NjAweDMzOC9maWx0ZXJzOnF1YWxpdHkoMTAwKS9qdWw=/psq4vrqb8_fss?st=ruPDnXe9bvAART6sw4rTWtLiFqVP14TxGHV0iDTpAo8&ts=1723200396&e=0"]},{"title":"Ponúkame 2-izb. byt Talichova ul.","address":"Talichova, Bratislava IV - Dúbravka, okres Bratislava","rooms":2,"meters":39,"totalPrice":157900,"meterSquarePrice":2,"link":"https://www.nehnutelnosti.sk/detail/JuTuBLhkvEJ/ponukame-2-izb-byt-talichova-ul","imagesUrls":["https://img.unitedclassifieds.sk/foto/NjAweDMzOC9maWx0ZXJzOnF1YWxpdHkoMTAwKS9qdWw=/Fmt4VuWUt_fss?st=QE7owQdpmT5W0Y4a7WinOKuVOVWrZVvYHmeBLeL9egk&ts=1723194999&e=0"]},{"title":"RK GRAFT ponúka 2-zb. byt Medzilaborecká ul.","address":"Medzilaborecká, Bratislava II - Ružinov, okres Bratislava","rooms":2,"meters":56,"totalPrice":215000,"meterSquarePrice":9,"link":"https://www.nehnutelnosti.sk/detail/JuykmJzB15C/rk-graft-ponuka-2-zb-byt-medzilaborecka-ul","imagesUrls":["https://img.unitedclassifieds.sk/foto/NjAweDMzOC9maWx0ZXJzOnF1YWxpdHkoMTAwKS9qdWw=/tDUhwQVTpg_fss?st=sxWdLEaj9GqEJLuuPSv9vq_0e-BCaHosyEbhjEhTy2Y&ts=1725277822&e=0"]},{"title":"Novostavba  Rovinka s 2 terasami a parkovacím miestom.","address":"Slnečnicová ulica, Rovinka, okres Senec","rooms":2,"meters":56,"totalPrice":223000,"meterSquarePrice":4,"link":"https://www.nehnutelnosti.sk/detail/JueErkBqXMT/novostavba-rovinka-s-2-terasami-a-parkovacim-miestom","imagesUrls":["https://img.unitedclassifieds.sk/foto/NjAweDMzOC9maWx0ZXJzOnF1YWxpdHkoMTAwKS9qdWw=/RIHCFVNFK_fss?st=9_DRU659ZwcPEHS0TVtAqQTXoQhReN65ZYgDWkJZqkQ&ts=1724765904&e=0"]},{"title":"RK-GRAFT ponúka 2 gars. Vlčie hrdlo","address":"Vlčie hrdlo, Bratislava II - Ružinov, okres Bratislava","rooms":null,"meters":40,"totalPrice":125000,"meterSquarePrice":5,"link":"https://www.nehnutelnosti.sk/detail/Juv97-6l2Bo/rk-graft-ponuka-2-gars-vlcie-hrdlo","imagesUrls":["https://img.unitedclassifieds.sk/foto/NjAweDMzOC9maWx0ZXJzOnF1YWxpdHkoMTAwKS9qdWw=/wnnFFPDA8_fss?st=0YXwJM16QRZhoScuq2MjuZKk2_FvkGlMO1XL0SbsYPs&ts=1725444223&e=0"]},{"title":"RK-GRAFT ponúka 1-izb. byt Bílikova ul.","address":"Bílikova, Bratislava IV - Dúbravka, okres Bratislava","rooms":1,"meters":37,"totalPrice":122500,"meterSquarePrice":1,"link":"https://www.nehnutelnosti.sk/detail/JuWvWrFlplB/rk-graft-ponuka-1-izb-byt-bilikova-ul","imagesUrls":["https://img.unitedclassifieds.sk/foto/NjAweDMzOC9maWx0ZXJzOnF1YWxpdHkoMTAwKS9qdWw=/Zo5IrP-IK_fss?st=wQa1gJhoLwlI7sD6LYgP_QcHH0JXSYaI_CCKFn8kw6U&ts=1725363197&e=0"]},{"title":"Kompletne zrekonštruovaná 1-gars. ul. Jána Jonáša","address":"Jána Jonáša, Bratislava IV - Devínska Nová Ves, okres Bratislava","rooms":null,"meters":33,"totalPrice":113000,"meterSquarePrice":4,"link":"https://www.nehnutelnosti.sk/detail/Julgae4Ym1Z/kompletne-zrekonstruovana-1-gars-ul-jana-jonasa","imagesUrls":["https://img.unitedclassifieds.sk/foto/NjAweDMzOC9maWx0ZXJzOnF1YWxpdHkoMTAwKS9qdWw=/fnr_fJ071_fss?st=tiv8fIQYsUdf96sSSrShNcrmcaZG7GnwOkdzoj-cqiU&ts=1724846276&e=0"]},{"title":"Ponúkame 3-izbový byt ul. Jaskov rad","address":"Jaskový rad, Bratislava III - Nové Mesto, okres Bratislava","rooms":3,"meters":70,"totalPrice":229000,"meterSquarePrice":3,"link":"https://www.nehnutelnosti.sk/detail/Ju-KWl9VsnE/ponukame-3-izbovy-byt-ul-jaskov-rad","imagesUrls":["https://img.unitedclassifieds.sk/foto/NjAweDMzOC9maWx0ZXJzOnF1YWxpdHkoMTAwKS9qdWw=/7mdr5myVj_fss?st=Wii2GXGYf1BUIrzYH53jT_8sk-X3jQPw6RDR4q1XsmM&ts=1724751584&e=0"]},{"title":"Pekne zrekonštruovaný 3-izbový byt na Drobného ul.  - Dúbravka","address":"Drobného, Bratislava IV - Dúbravka, okres Bratislava","rooms":3,"meters":70,"totalPrice":199990,"meterSquarePrice":3,"link":"https://www.nehnutelnosti.sk/detail/JuywWT1iLWm/pekne-zrekonstruovany-3-izbovy-byt-na-drobneho-ul-dubravka","imagesUrls":["https://img.unitedclassifieds.sk/foto/NjAweDMzOC9maWx0ZXJzOnF1YWxpdHkoMTAwKS9qdWw=/383r_oEYW_fss?st=v2f5lHQqpIVVuGKSyaiC6f7HgQ8j_37Eowz2L9NoiXw&ts=1723729466&e=0"]},{"title":"GRAFT ponúka 1-izb. byt Doležalová ul.","address":"Doležalova, Bratislava II - Ružinov, okres Bratislava","rooms":1,"meters":33,"totalPrice":133000,"meterSquarePrice":0,"link":"https://www.nehnutelnosti.sk/detail/Jucw8LvTf4L/graft-ponuka-1-izb-byt-dolezalova-ul","imagesUrls":["https://img.unitedclassifieds.sk/foto/NjAweDMzOC9maWx0ZXJzOnF1YWxpdHkoMTAwKS9qdWw=/Kq1SGYkFW_fss?st=ODa5pOccUOU8myA-yOQYJtZgLQK826m9_5QgWLF4DDE&ts=1726054907&e=0"]},{"title":"RK-GRAFT ponúka 1-gars. ul. Čsl. parašutistov","address":"Čsl. parašutistov, Bratislava III - Nové Mesto, okres Bratislava","rooms":null,"meters":16,"totalPrice":95000,"meterSquarePrice":0,"link":"https://www.nehnutelnosti.sk/detail/JuZS6INOWK7/rk-graft-ponuka-1-gars-ul-csl-parasutistov","imagesUrls":["https://img.unitedclassifieds.sk/foto/NjAweDMzOC9maWx0ZXJzOnF1YWxpdHkoMTAwKS9qdWw=/5qfFJgncv_fss?st=fVOjyrn3a-RPyGDrslu5vwmfItL3m7kDpqdPgrjxmx0&ts=1725881637&e=0"]},{"title":"RK GRAFT ponúkame 3 izb. byt Iľjušinova ul.","address":"Iľjušinova, Bratislava V - Petržalka, okres Bratislava","rooms":3,"meters":71,"totalPrice":219000,"meterSquarePrice":1,"link":"https://www.nehnutelnosti.sk/detail/Ju3tBkGKRsv/rk-graft-ponukame-3-izb-byt-iljusinova-ul","imagesUrls":["https://img.unitedclassifieds.sk/foto/NjAweDMzOC9maWx0ZXJzOnF1YWxpdHkoMTAwKS9qdWw=/aM0mshp_X_fss?st=L3zqMteSHfO4uuNkuQsEcy_fRF_RuRYvPcs-tiTwa4Y&ts=1725523833&e=0"]},{"title":"RK-GRAFT ponúka 3-izb. byt Pustá ul.","address":"Pustá, Bratislava IV - Karlova Ves, okres Bratislava","rooms":3,"meters":69,"totalPrice":850,"meterSquarePrice":2,"link":"https://www.nehnutelnosti.sk/detail/Ju9g9THu_q6/rk-graft-ponuka-3-izb-byt-pusta-ul","imagesUrls":["https://img.unitedclassifieds.sk/foto/NjAweDMzOC9maWx0ZXJzOnF1YWxpdHkoMTAwKS9qdWw=/COpyLlU2Q_fss?st=z5rNzXiMoeoZaQ955cBxZckdrjC343z-9nUiY8Slehs&ts=1725614261&e=0"]},{"title":"2-izb. byt Kyjevská ul. po rekonštrukcii","address":"Kyjevská, Bratislava III - Nové Mesto, okres Bratislava","rooms":2,"meters":38,"totalPrice":169900,"meterSquarePrice":5,"link":"https://www.nehnutelnosti.sk/detail/JuV_8aYCvV9/2-izb-byt-kyjevska-ul-po-rekonstrukcii","imagesUrls":["https://img.unitedclassifieds.sk/foto/NjAweDMzOC9maWx0ZXJzOnF1YWxpdHkoMTAwKS9qdWw=/c1Hs_Cb2A_fss?st=aObDSo8Hcu-FJwHUR4YrEkO65bfbx-johmyyuokfx6E&ts=1726136986&e=0"]},{"title":"RK-GRAFT ponúka 3-izb. byt Lenardova ul.","address":"Lenardova, Bratislava V - Petržalka, okres Bratislava","rooms":3,"meters":70,"totalPrice":220000,"meterSquarePrice":6,"link":"https://www.nehnutelnosti.sk/detail/JusxG_XOcbp/rk-graft-ponuka-3-izb-byt-lenardova-ul","imagesUrls":["https://img.unitedclassifieds.sk/foto/NjAweDMzOC9maWx0ZXJzOnF1YWxpdHkoMTAwKS9qdWw=/icZqnZdXn_fss?st=l763_lvMS_gavOeL4PxtbJOXjbao2ZPWNyjFxSXSp3w&ts=1726056458&e=0"]}]