[{"title":"PREDAJ alebo prenájom |  4i byt - centrum |  Prievidza","address":"Prievidza, okres Prievidza","rooms":4,"meters":108,"totalPrice":139000,"meterSquarePrice":4,"link":"https://www.nehnutelnosti.sk/detail/Ju2UBPbgpiC/predaj-alebo-prenajom-4i-byt-centrum-prievidza","imagesUrls":["https://img.nehnutelnosti.sk/foto/NjAweDMzOC9maWx0ZXJzOnF1YWxpdHkoMTAwKS9uZWg=/Uw3Ga4BdV_fss?st=1xpqlJbd_4eXvfvbBepiV47TsCGBnBAcpkMiy65Rijg&ts=1726656844&e=0"]},{"title":"NEO - Dizajnový 2i byt v novostavbe s garážou","address":"Ulica Mikovíniho, Trnava, okres Trnava","rooms":2,"meters":47,"totalPrice":157400,"meterSquarePrice":4,"link":"https://www.nehnutelnosti.sk/detail/Ju8MVNVKZfa/neo-dizajnovy-2i-byt-v-novostavbe-s-garazou","imagesUrls":["https://img.unitedclassifieds.sk/foto/NjAweDMzOC9maWx0ZXJzOnF1YWxpdHkoMTAwKS9qdWw=/-OqcrBMNl_fss?st=SoI9GMXjUyaFgODMk3AnRL4x_NchXCVsmmUO3Elb7XA&ts=1725887161&e=0"]},{"title":"NEO – priestranný 2izbový byt v novostavbe Byty Miko","address":"Ulica Mikovíniho 18, Trnava, okres Trnava","rooms":2,"meters":54,"totalPrice":null,"meterSquarePrice":null,"link":"https://www.nehnutelnosti.sk/detail/JuSe9b_QmqI/neo-priestranny-2izbovy-byt-v-novostavbe-byty-miko","imagesUrls":["https://img.unitedclassifieds.sk/foto/NjAweDMzOC9maWx0ZXJzOnF1YWxpdHkoMTAwKS9qdWw=/ltVnsZOc1_fss?st=R9d8oI_zdv6wcgNFmr_cbqsnsc1x7lhhZ7qxEYtfZ_Y&ts=1725375280&e=0"]},{"title":"NEO - Kompletne zariadený 2 izbový byt po kvalitnej rekonštrukcii","address":"Coburgova ulica 74, Trnava, okres Trnava","rooms":2,"meters":60,"totalPrice":129900,"meterSquarePrice":5,"link":"https://www.nehnutelnosti.sk/detail/JuQfmhPzeoH/neo-kompletne-zariadeny-2-izbovy-byt-po-kvalitnej-rekonstrukcii","imagesUrls":["https://img.unitedclassifieds.sk/foto/NjAweDMzOC9maWx0ZXJzOnF1YWxpdHkoMTAwKS9qdWw=/HSr2o82Of_fss?st=af-5KBxNaONBQZaKDgvmPROok0XaobrghSJWGf76b7s&ts=1726494159&e=0"]},{"title":"NA PREDAJ 2-izbový byt Bánovce nad Bebravou !!!","address":"Slatinská, Bánovce nad Bebravou, okres Bánovce nad Bebravou","rooms":2,"meters":50,"totalPrice":null,"meterSquarePrice":null,"link":"https://www.nehnutelnosti.sk/detail/JuvCkaExd59/na-predaj-2-izbovy-byt-banovce-nad-bebravou","imagesUrls":["https://img.nehnutelnosti.sk/foto/NjAweDMzOC9maWx0ZXJzOnF1YWxpdHkoMTAwKS9uZWg=/TgS_49Ycm_fss?st=0mstxbJQiDjMdc50mKfIgYevCVfW8T-IIaUJaLepnH4&ts=1726820904&e=0"]},{"title":"Dohoda možná: Predaj 2 bytov na Grösslingovej ul. (spolu 170m2 + terasa 15 m2)","address":"Grösslingova, Bratislava I - Staré Mesto, okres Bratislava","rooms":3,"meters":170,"totalPrice":null,"meterSquarePrice":null,"link":"https://www.nehnutelnosti.sk/detail/JuRIy6cD-Im/dohoda-mozna-predaj-2-bytov-na-grosslingovej-ul-spolu-170m2-terasa-15-m2","imagesUrls":["https://img.unitedclassifieds.sk/foto/NjAweDMzOC9maWx0ZXJzOnF1YWxpdHkoMTAwKS9yc2Y=/BX6ee6tTbe_fss?st=9oBhVivcgg-YYByRMJRoi43KxyS7T_8ptnjSnvwR_sI&ts=1718289782&e=0"]},{"title":"2i apartmán s krbom a garážou Tále Nízke Tatry","address":"Tále, Bystrá, Brezno, okres Brezno","rooms":null,"meters":63,"totalPrice":235000,"meterSquarePrice":6,"link":"https://www.nehnutelnosti.sk/detail/JuDwXyYiYD0/2i-apartman-s-krbom-a-garazou-tale-nizke-tatry","imagesUrls":["https://img.nehnutelnosti.sk/foto/NjAweDMzOC9maWx0ZXJzOnF1YWxpdHkoMTAwKS9uZWg=/oqP8hXMXJY_fss?st=pIWPjl3clnIYtzfX4BoPet8IBr5-TPzQuo3hcI3I2Cg&ts=1725534426&e=0"]},{"title":"Štýlový 3i apartmán Bystrá Nízke Tatry","address":"Bystrá, Bystrá, Brezno, okres Brezno","rooms":null,"meters":53,"totalPrice":189800,"meterSquarePrice":3,"link":"https://www.nehnutelnosti.sk/detail/JutlgYntzXS/stylovy-3i-apartman-bystra-nizke-tatry","imagesUrls":["https://img.nehnutelnosti.sk/foto/NjAweDMzOC9maWx0ZXJzOnF1YWxpdHkoMTAwKS9uZWg=/yHTjTZdWhZ_fss?st=TP1Bcqm8JxJw24wF0velJQwzLnyzhAVC5UsA2R0J0Rw&ts=1725204326&e=0"]},{"title":"3i apartmán pri Hoteli Bystrá Nízke Tatry","address":"Bystrá, Bystrá, Brezno, okres Brezno","rooms":null,"meters":56,"totalPrice":189800,"meterSquarePrice":9,"link":"https://www.nehnutelnosti.sk/detail/Ju7WOBK9URy/3i-apartman-pri-hoteli-bystra-nizke-tatry","imagesUrls":["https://img.nehnutelnosti.sk/foto/NjAweDMzOC9maWx0ZXJzOnF1YWxpdHkoMTAwKS9uZWg=/oZeY9f0VVu_fss?st=nHwNVXafIIAQY_pIOmMras1ymgpE_Lnt823GtP1WQfA&ts=1719327006&e=0"]},{"title":"Uvádzacie ceny čoskoro končia! Apartmány v SKI Mýto pod Ďumbierom","address":"Mýto pod Ďumbierom, Mýto pod Ďumbierom, okres Brezno","rooms":null,"meters":76,"totalPrice":219000,"meterSquarePrice":8,"link":"https://www.nehnutelnosti.sk/detail/Juhf1YZj6Fk5/uvadzacie-ceny-coskoro-koncia-apartmany-v-ski-myto-pod-dumbierom","imagesUrls":["https://img.nehnutelnosti.sk/foto/NjAweDMzOC9maWx0ZXJzOnF1YWxpdHkoMTAwKS9uZWg=/7TLvTXy4m_fss?st=1Hdq4fzvI-1VNXWbk5Ygr0veFVjvsMBcYf7zxIHTsis&ts=1726065154&e=0"]},{"title":"2i apartmán pod lesom Tále Nízke Tatry","address":"Tále, Bystrá, Brezno, okres Brezno","rooms":null,"meters":56,"totalPrice":209000,"meterSquarePrice":2,"link":"https://www.nehnutelnosti.sk/detail/JuGExVjjS0r/2i-apartman-pod-lesom-tale-nizke-tatry","imagesUrls":["https://img.nehnutelnosti.sk/foto/NjAweDMzOC9maWx0ZXJzOnF1YWxpdHkoMTAwKS9uZWg=/lGm4OaYq38_fss?st=0lmgYHswcquRcwPvmwGwkgD9EKe3Ps-JL9ZJLmiuaaA&ts=1721155295&e=0"]},{"title":"Predaj 2-izb. bytu pri štrkovci Bratislava- Ružinov","address":"Medzilaborecká, Bratislava II - Ružinov, okres Bratislava","rooms":2,"meters":60,"totalPrice":215000,"meterSquarePrice":3,"link":"https://www.nehnutelnosti.sk/detail/JuIGEpb4qj8/predaj-2-izb-bytu-pri-strkovci-bratislava-ruzinov","imagesUrls":["https://img.unitedclassifieds.sk/foto/NjAweDMzOC9maWx0ZXJzOnF1YWxpdHkoMTAwKS9qdWw=/WUNRzcdKT_fss?st=N4UZMYrb1tvBQw-aTWraRieK3R47xrQIJPMTtFizueU&ts=1723659094&e=0"]},{"title":"VIVAREAL* Veľký 4 izb. by, VÝHĽAD NA MALÉ KARPATY, výmera až 95 m2, lógia, rekonštrukcia, Smolenice","address":"Smolenice, Smolenice, okres Trnava","rooms":4,"meters":95,"totalPrice":165000,"meterSquarePrice":4,"link":"https://www.nehnutelnosti.sk/detail/JuW58tp0lZT/vivareal-velky-4-izb-by-vyhlad-na-male-karpaty-vymera-az-95-m2-logia-rekonstrukcia-smolenice","imagesUrls":["https://img.nehnutelnosti.sk/foto/NjAweDMzOC9maWx0ZXJzOnF1YWxpdHkoMTAwKS9uZWg=/tzEt0r_SH_fss?st=CGH4GwWnaj8uJT9Z4xTnBIZgFc0Kux481i9GIA0wQ5Q&ts=1726747120&e=0"]},{"title":"VIVAREAL*  Veľký 2 izb. byt, tehlový, výmera až 55 m2 , zateplený bytový dom, oplotený pozemok, Trna","address":"Špačinská cesta, Trnava, okres Trnava","rooms":2,"meters":55,"totalPrice":135000,"meterSquarePrice":5,"link":"https://www.nehnutelnosti.sk/detail/Ju6MBP50oUv9/vivareal-velky-2-izb-byt-tehlovy-vymera-az-55-m2-zatepleny-bytovy-dom-oploteny-pozemok-trna","imagesUrls":["https://img.nehnutelnosti.sk/foto/NjAweDMzOC9maWx0ZXJzOnF1YWxpdHkoMTAwKS9uZWg=/K9c9iygYtO_fss?st=pKqkVjlmhfP6AgX9WNNQ_eKpk92WZchFThCPwIaqTnQ&ts=1726647230&e=0"]},{"title":"VIVAREAL* KOMPLET. PREROBENÝ 1 izb. byt, výmera cca 33 m2, parkovacie miesto, Šelpice, cca 6 km Trna","address":"Šelpice, Šelpice, okres Trnava","rooms":1,"meters":33,"totalPrice":99900,"meterSquarePrice":7,"link":"https://www.nehnutelnosti.sk/detail/JuyH2yvTXgh/vivareal-komplet-prerobeny-1-izb-byt-vymera-cca-33-m2-parkovacie-miesto-selpice-cca-6-km-trna","imagesUrls":["https://img.nehnutelnosti.sk/foto/NjAweDMzOC9maWx0ZXJzOnF1YWxpdHkoMTAwKS9uZWg=/etlvFSLl9_fss?st=NOM5-zkKE1Dv5yhwx7QW9V3lSEzqGatEIZa3XZgI8BI&ts=1725868851&e=0"]},{"title":"VIVAREAL* AKTUÁLNE! VYHĽADÁVANÁ LOKALITA! 1 izb. byt, rekonštrukcia, výmera cca 30 m2, sídlisko Druž","address":"Juraja Slottu, Trnava, okres Trnava","rooms":1,"meters":30,"totalPrice":112000,"meterSquarePrice":3,"link":"https://www.nehnutelnosti.sk/detail/Ju2KGgUSk-r/vivareal-aktualne-vyhladavana-lokalita-1-izb-byt-rekonstrukcia-vymera-cca-30-m2-sidlisko-druz","imagesUrls":["https://img.nehnutelnosti.sk/foto/NjAweDMzOC9maWx0ZXJzOnF1YWxpdHkoMTAwKS9uZWg=/_eqIKRura_fss?st=lwONNc99lUpMgCcUrsWihExtmdKEZdhXj5YNZT0X0lk&ts=1725483318&e=0"]},{"title":"VIVAREAL*  VYHĽADÁVANÁ LOKALITA! veľký 3 izb. byt, výmera až 74,6 m2, balkón, lokalita Družba,  Trna","address":"clem, Trnava, okres Trnava","rooms":3,"meters":75,"totalPrice":159000,"meterSquarePrice":0,"link":"https://www.nehnutelnosti.sk/detail/JuwWuqkr9qq/vivareal-vyhladavana-lokalita-velky-3-izb-byt-vymera-az-74-6-m2-balkon-lokalita-druzba-trna","imagesUrls":["https://img.nehnutelnosti.sk/foto/NjAweDMzOC9maWx0ZXJzOnF1YWxpdHkoMTAwKS9uZWg=/G9zW0KqEN_fss?st=iD3Jk9RP7VnG4HhvVcfy4nupw7UjcwkJyD5Hm39UA7U&ts=1723027688&e=0"]},{"title":"VIVAREAL* REZERVOVANÉ! KOMPLET. PREROBENÝ 1 izb. byt, výmera cca 30 m2, Olympijská ul., Trnava","address":"Olympijská, Trnava, okres Trnava","rooms":1,"meters":30,"totalPrice":115000,"meterSquarePrice":3,"link":"https://www.nehnutelnosti.sk/detail/Jut1XJVCsqy/vivareal-rezervovane-komplet-prerobeny-1-izb-byt-vymera-cca-30-m2-olympijska-ul-trnava","imagesUrls":["https://img.nehnutelnosti.sk/foto/NjAweDMzOC9maWx0ZXJzOnF1YWxpdHkoMTAwKS9uZWg=/ZHBgvus8r_fss?st=yhBQhRzfrnu1UOX9vpVnPKJ4q47dLxLDkmNhVz1vJ88&ts=1723808938&e=0"]},{"title":"VIVAREAL* EXKLUZÍVNY 2 izb. byt, NOVOSTAVBA, veľká terasa, zariadený, parkovacie miesto, Halenárska,","address":"Halenárska, Trnava, okres Trnava","rooms":2,"meters":85,"totalPrice":280000,"meterSquarePrice":2,"link":"https://www.nehnutelnosti.sk/detail/Juqq8BtNWUm/vivareal-exkluzivny-2-izb-byt-novostavba-velka-terasa-zariadeny-parkovacie-miesto-halenarska","imagesUrls":["https://img.nehnutelnosti.sk/foto/NjAweDMzOC9maWx0ZXJzOnF1YWxpdHkoMTAwKS9uZWg=/_mCNpwH4P_fss?st=GITHciiY6FyOmmk7MEMt6P9Wm54naIqpJci4VvZoEso&ts=1720179128&e=0"]},{"title":"VIVAREAL*  VYHĽADÁVANÁ LOKALITA! veľký 3 izb. byt, výmera až 72 m2, balkón, lokalita Družba,  Trnava","address":"Spartakovská, Trnava, okres Trnava","rooms":3,"meters":72,"totalPrice":178000,"meterSquarePrice":2,"link":"https://www.nehnutelnosti.sk/detail/JuVt5KJ9DNy/vivareal-vyhladavana-lokalita-velky-3-izb-byt-vymera-az-72-m2-balkon-lokalita-druzba-trnava","imagesUrls":["https://img.nehnutelnosti.sk/foto/NjAweDMzOC9maWx0ZXJzOnF1YWxpdHkoMTAwKS9uZWg=/r_EM4WSsYE_fss?st=rO0UYvyPyYuOSD25BKcTRxiWF6IZCxE1ixh2z-bsbBE&ts=1725956669&e=0"]},{"title":"VIVAREAL* BEZBARIÉROVÝ 3-izb. byt, zateplený BD, balkón - loggia, výmera 69 m2, vyhľadávaná lokalita","address":"Mozartova, Trnava, okres Trnava","rooms":3,"meters":69,"totalPrice":168000,"meterSquarePrice":8,"link":"https://www.nehnutelnosti.sk/detail/JutQWlZXjZN/vivareal-bezbarierovy-3-izb-byt-zatepleny-bd-balkon-loggia-vymera-69-m2-vyhladavana-lokalita","imagesUrls":["https://img.nehnutelnosti.sk/foto/NjAweDMzOC9maWx0ZXJzOnF1YWxpdHkoMTAwKS9uZWg=/4fnYuA1PnL_fss?st=jvsPcU9QFSvOtSzTetnMvu2cua0jRaUb5Yef1-uWIt8&ts=1725974309&e=0"]},{"title":"VIVAREAL*  VYHĽADÁVANÁ LOKALITA! veľký 4 izb. byt, výmera až 81 m2, balkón, lokalita Družba,  Trnava","address":"Starohájska, Trnava, okres Trnava","rooms":4,"meters":84,"totalPrice":188000,"meterSquarePrice":0,"link":"https://www.nehnutelnosti.sk/detail/June-hwjhCU/vivareal-vyhladavana-lokalita-velky-4-izb-byt-vymera-az-81-m2-balkon-lokalita-druzba-trnava","imagesUrls":["https://img.nehnutelnosti.sk/foto/NjAweDMzOC9maWx0ZXJzOnF1YWxpdHkoMTAwKS9uZWg=/MuKefujIld_fss?st=NPIw_a5te6G0pfIPCKa_ylmqrYe4YBrotmSHyykSkpI&ts=1716883490&e=0"]},{"title":"ˇVIVAREAL* VYHĽADÁVANÁ LOKALITA! 3 izb. byt, výmera 66 m2, balkón, zateplený bytový dom, Trnava","address":"Jána Bottu, Trnava, okres Trnava","rooms":3,"meters":66,"totalPrice":140000,"meterSquarePrice":1,"link":"https://www.nehnutelnosti.sk/detail/Ju6Ocmkg_8I/vivareal-vyhladavana-lokalita-3-izb-byt-vymera-66-m2-balkon-zatepleny-bytovy-dom-trnava","imagesUrls":["https://img.nehnutelnosti.sk/foto/NjAweDMzOC9maWx0ZXJzOnF1YWxpdHkoMTAwKS9uZWg=/TPUFxfyBU_fss?st=la4MU3QaOxmUJ44zolNlh7E8Hk9zLt671F_0ysgDJhE&ts=1722086386&e=0"]},{"title":"VIVAREAL* VYHĽADÁVANÁ LOKALITA! 2 izb. byt, balkón, výmera až 58 m2, balkón, REKONŠTRUKCIA, sídlisko","address":"Sladovnícka, Trnava, okres Trnava","rooms":2,"meters":58,"totalPrice":180000,"meterSquarePrice":5,"link":"https://www.nehnutelnosti.sk/detail/JuQtAb624cW/vivareal-vyhladavana-lokalita-2-izb-byt-balkon-vymera-az-58-m2-balkon-rekonstrukcia-sidlisko","imagesUrls":["https://img.nehnutelnosti.sk/foto/NjAweDMzOC9maWx0ZXJzOnF1YWxpdHkoMTAwKS9uZWg=/7B81aL5uKQ_fss?st=a3VSNgey6wgeuD53oYk8DN7KiEUXl76iYnnzIj-E8MY&ts=1714466893&e=0"]},{"title":"VIVAREAL* VÝBORNÁ CENA! 3-izb. byt, vyhľadávaná lokalita, veľká lógia, výmera 63 m2, Na Hlinách, Trn","address":"Na Hlinách, Trnava, okres Trnava","rooms":3,"meters":63,"totalPrice":142490,"meterSquarePrice":5,"link":"https://www.nehnutelnosti.sk/detail/Juab9obfF3m/vivareal-vyborna-cena-3-izb-byt-vyhladavana-lokalita-velka-logia-vymera-63-m2-na-hlinach-trn","imagesUrls":["https://img.nehnutelnosti.sk/foto/NjAweDMzOC9maWx0ZXJzOnF1YWxpdHkoMTAwKS9uZWg=/VxiIgT4g3m_fss?st=XBpe0SSVFDPMyXAZX6zY4DUmL1KceuMV8f0Y28EXNAg&ts=1724765557&e=0"]},{"title":"VIVAREAL*  INVESTÍČNÝ BYT! Garzónka, výmera 25 m2,  balkón - lógia, rekonštrukcia, sídlisko Družba,","address":"Vladimíra Clementisa, Trnava, okres Trnava","rooms":null,"meters":25,"totalPrice":89900,"meterSquarePrice":6,"link":"https://www.nehnutelnosti.sk/detail/JuJrwdVZuZr/vivareal-investicny-byt-garzonka-vymera-25-m2-balkon-logia-rekonstrukcia-sidlisko-druzba","imagesUrls":["https://img.nehnutelnosti.sk/foto/NjAweDMzOC9maWx0ZXJzOnF1YWxpdHkoMTAwKS9uZWg=/8Q8gwiB3a_fss?st=vlNpMZtHJ3n_5bqCoxUflmvXWN6c6kG1fgDzqvILG0U&ts=1716889310&e=0"]},{"title":"VIVAREAL* REZERVOVANÉ! 1 izb. byt, výmera 30 m2, zateplený bytový dom, Družba, Trnava","address":"Družba, Trnava, okres Trnava","rooms":1,"meters":30,"totalPrice":89950,"meterSquarePrice":3,"link":"https://www.nehnutelnosti.sk/detail/Ju20QzzCTDr/vivareal-rezervovane-1-izb-byt-vymera-30-m2-zatepleny-bytovy-dom-druzba-trnava","imagesUrls":["https://img.nehnutelnosti.sk/foto/NjAweDMzOC9maWx0ZXJzOnF1YWxpdHkoMTAwKS9uZWg=/CFchKwKUh_fss?st=R1CfklxKGW5Nh2FlZyt1HoigyAn8jt5oz0HGGaxlf8c&ts=1719574895&e=0"]},{"title":"VIVAREAL*  VYHĽADÁVANÁ LOKALITA!  4 izb. byt, výmera  78 m2, lógia, NOVÁ REKONŠTRUKCIA, Čajkovského,","address":"Čajkovského, Trnava, okres Trnava","rooms":4,"meters":78,"totalPrice":187500,"meterSquarePrice":5,"link":"https://www.nehnutelnosti.sk/detail/JuzOUhfhtAa/vivareal-vyhladavana-lokalita-4-izb-byt-vymera-78-m2-logia-nova-rekonstrukcia-cajkovskeho","imagesUrls":["https://img.nehnutelnosti.sk/foto/NjAweDMzOC9maWx0ZXJzOnF1YWxpdHkoMTAwKS9uZWg=/ncHzd1LOBT_fss?st=WAKOO_61I5PwQuphmj1m5-7JjUup3-GRSC2r6PtbIiE&ts=1717520293&e=0"]},{"title":"VIVAREAL*  REZERVOVANÉ! NOVÁ REKONŠTRUKCIA! Veľký tehlový 2 izb. byt, výmera až 58 m2 , francúzsky b","address":"Zelenečská, Trnava, okres Trnava","rooms":2,"meters":58,"totalPrice":133000,"meterSquarePrice":0,"link":"https://www.nehnutelnosti.sk/detail/JuzdVfgqcw1/vivareal-rezervovane-nova-rekonstrukcia-velky-tehlovy-2-izb-byt-vymera-az-58-m2-francuzsky-b","imagesUrls":["https://img.nehnutelnosti.sk/foto/NjAweDMzOC9maWx0ZXJzOnF1YWxpdHkoMTAwKS9uZWg=/TL40cD3h0_fss?st=me1nigm8itZNwy2KfJU76LHUsb_BAjduUlC2zI3SMh0&ts=1726310970&e=0"]},{"title":"VIVAREAL* VEĽKÝ TEHLOVÝ 3 izb. byt, výmera až 76 m2, rekonštrukcia, Hospodárska, Trnava","address":"Hospodárska, Trnava, okres Trnava","rooms":3,"meters":76,"totalPrice":179900,"meterSquarePrice":1,"link":"https://www.nehnutelnosti.sk/detail/JugofoPEyw5/vivareal-velky-tehlovy-3-izb-byt-vymera-az-76-m2-rekonstrukcia-hospodarska-trnava","imagesUrls":["https://img.nehnutelnosti.sk/foto/NjAweDMzOC9maWx0ZXJzOnF1YWxpdHkoMTAwKS9uZWg=/q1RJu_SlJ_fss?st=ZLx7Mfz1tbQR3ROZXQDgyVjCa3N8dnuHsR11T7Ry5T0&ts=1714464188&e=0"]}]