[{"title":"PREDAJ 2 izb BYT Cyrila a Metoda v Bánovce n/B.","address":"Cyrila A Metoda, Bánovce nad Bebravou, okres Bánovce nad Bebravou","rooms":2,"meters":50,"totalPrice":89900,"meterSquarePrice":8,"link":"https://www.nehnutelnosti.sk/detail/JuIVbCuOpPf/predaj-2-izb-byt-cyrila-a-metoda-v-banovce-n-b","imagesUrls":["https://img.nehnutelnosti.sk/foto/NjAweDMzOC9maWx0ZXJzOnF1YWxpdHkoMTAwKS9uZWg=/CYNpmetYH_fss?st=pHrSopMXMqdFn0SQE6y6mspQrY4lOCLJzR9Rn3wWemk&ts=1721764879&e=0"]},{"title":"PREDAJ 3 izbový byt 92m² s 4 balkónmi Februárová ul., Partizánske","address":"Februárová, Partizánske, okres Partizánske","rooms":3,"meters":92,"totalPrice":95000,"meterSquarePrice":1,"link":"https://www.nehnutelnosti.sk/detail/JumLxCgMmRb/predaj-3-izbovy-byt-92m-s-4-balkonmi-februarova-ul-partizanske","imagesUrls":["https://img.nehnutelnosti.sk/foto/NjAweDMzOC9maWx0ZXJzOnF1YWxpdHkoMTAwKS9uZWg=/x7jIfE210_fss?st=6nGLNWSqMWBY71NXyHH6bJevtuhENnBBLRN3aCEEwr8&ts=1721724937&e=0"]},{"title":"REZERVOVANÉ 1,5 izb BYT 43m² NOVOZREKONŠT. A.Hlinku Bánovce n/B.","address":"A. Hlinku, Bánovce nad Bebravou, okres Bánovce nad Bebravou","rooms":1,"meters":43,"totalPrice":69990,"meterSquarePrice":7,"link":"https://www.nehnutelnosti.sk/detail/Juy-Ttvw_Mx/rezervovane-1-5-izb-byt-43m-novozrekonst-a-hlinku-banovce-n-b","imagesUrls":["https://img.nehnutelnosti.sk/foto/NjAweDMzOC9maWx0ZXJzOnF1YWxpdHkoMTAwKS9uZWg=/HIaGt9hXQ_fss?st=P0_VBiClWsu6RXNufqlBDXKsU3QvXbRQY3hVvAHemxw&ts=1715099616&e=0"]},{"title":"PREDAJ 1,5 izbový NOVOZREKONŠ. byt Horská ul. Partizánske","address":"Horska, Partizánske, okres Partizánske","rooms":1,"meters":34,"totalPrice":64900,"meterSquarePrice":2,"link":"https://www.nehnutelnosti.sk/detail/JuZ_6l9F5Qv/predaj-1-5-izbovy-novozrekons-byt-horska-ul-partizanske","imagesUrls":["https://img.nehnutelnosti.sk/foto/NjAweDMzOC9maWx0ZXJzOnF1YWxpdHkoMTAwKS9uZWg=/DfMV4pi7r_fss?st=M-Z-Dpx9QqtZGBLmGOua-R0tzOxChLMqRGp17n2RqRI&ts=1726602114&e=0"]},{"title":"PREDAJ útulný 3 izb BYT Družstevná ul. Partizánske","address":"Družstevná, Partizánske, okres Partizánske","rooms":3,"meters":66,"totalPrice":77000,"meterSquarePrice":7,"link":"https://www.nehnutelnosti.sk/detail/Ju-s6zAciVw/predaj-utulny-3-izb-byt-druzstevna-ul-partizanske","imagesUrls":["https://img.nehnutelnosti.sk/foto/NjAweDMzOC9maWx0ZXJzOnF1YWxpdHkoMTAwKS9uZWg=/0IiT9YTFn_fss?st=pzCx0isVAIEs2F_FxHtjqzhTR-ofpdUR5bJV367s2Jc&ts=1716871657&e=0"]},{"title":"BOSEN I Moderný 2 izbový  byt v projekte Cisárky, v  tichom prostredí mesta Sereď","address":"Sídlisko Prúdy, Sereď, okres Galanta","rooms":2,"meters":67,"totalPrice":141990,"meterSquarePrice":6,"link":"https://www.nehnutelnosti.sk/detail/Ju7HQcFi2ww/bosen-i-moderny-2-izbovy-byt-v-projekte-cisarky-v-tichom-prostredi-mesta-sered","imagesUrls":["https://img.nehnutelnosti.sk/foto/NjAweDMzOC9maWx0ZXJzOnF1YWxpdHkoMTAwKS9uZWg=/LQx0BaDtd7_fss?st=6cO9Jy0YdGEKb-pf_M6B7nZ9b2l-mOwBr8wO5TMqvio&ts=1723027521&e=0"]},{"title":"BOSEN I Moderný 3 izbový  byt v projekte Cisárky, v tichom prostredí mesta Sereď","address":"Sídlisko Prúdy, Sereď, okres Galanta","rooms":3,"meters":67,"totalPrice":144900,"meterSquarePrice":6,"link":"https://www.nehnutelnosti.sk/detail/JuuRvEtVbyS/bosen-i-moderny-3-izbovy-byt-v-projekte-cisarky-v-tichom-prostredi-mesta-sered","imagesUrls":["https://img.nehnutelnosti.sk/foto/NjAweDMzOC9maWx0ZXJzOnF1YWxpdHkoMTAwKS9uZWg=/rndNioey1_fss?st=MRV8zNC7ne9W4RbAz0KsdmPPQQv5p2_ZifC5tOMyntw&ts=1723051444&e=0"]},{"title":"BOSEN I Moderný 2 izbový  byt v projekte Cisárky, v príjemnom a tichom prostredí mesta Sereď","address":"Sídlisko Prúdy, Sereď, okres Galanta","rooms":2,"meters":55,"totalPrice":124990,"meterSquarePrice":0,"link":"https://www.nehnutelnosti.sk/detail/Jul2-m3Qcuq/bosen-i-moderny-2-izbovy-byt-v-projekte-cisarky-v-prijemnom-a-tichom-prostredi-mesta-sered","imagesUrls":["https://img.nehnutelnosti.sk/foto/NjAweDMzOC9maWx0ZXJzOnF1YWxpdHkoMTAwKS9uZWg=/7b-pceMZk_fss?st=NFKVfQlg9RiCKpFkRG4Lz-c_x9E3ZVyEC5tsvwwlNpA&ts=1723051444&e=0"]},{"title":"BOSEN | Znížená cena: Priestranný 3 izbový byt, Račianska, Nové Mesto, 127,15 m2","address":"Račianska, Bratislava III - Nové Mesto, okres Bratislava","rooms":3,"meters":127,"totalPrice":389900,"meterSquarePrice":6,"link":"https://www.nehnutelnosti.sk/detail/Juu1bunNZoO/bosen-znizena-cena-priestranny-3-izbovy-byt-racianska-nove-mesto-127-15-m2","imagesUrls":["https://img.nehnutelnosti.sk/foto/NjAweDMzOC9maWx0ZXJzOnF1YWxpdHkoMTAwKS9uZWg=/LkJIL3xyC_fss?st=dp7jPOc9YHdpMzpYvxJcQNFkwtNac2uSL9jO-ycI24c&ts=1717576725&e=0"]},{"title":"Na predaj 2i byt v Poltári","address":"Slobody, Poltár, okres Poltár","rooms":2,"meters":57,"totalPrice":24900,"meterSquarePrice":4,"link":"https://www.nehnutelnosti.sk/detail/JuzxHK0j_TY/na-predaj-2i-byt-v-poltari","imagesUrls":["https://img.nehnutelnosti.sk/foto/NjAweDMzOC9maWx0ZXJzOnF1YWxpdHkoMTAwKS9uZWg=/mCdf-yiQO_fss?st=MUy2PumOy6KLpvL1FkTefSUtbZyeN0zS1Bq3Kygdi90&ts=1725637160&e=0"]},{"title":"GARSÓNKA S LOGGIOU PO KOMPLETNEJ REKONŠTRUKCII - 3D PREHLIADKA","address":"Dr. Janského, Žiar nad Hronom, okres Žiar nad Hronom","rooms":null,"meters":22,"totalPrice":30000,"meterSquarePrice":4,"link":"https://www.nehnutelnosti.sk/detail/JuOxyXMj5RI/garsonka-s-loggiou-po-kompletnej-rekonstrukcii-3d-prehliadka","imagesUrls":["https://img.nehnutelnosti.sk/foto/NjAweDMzOC9maWx0ZXJzOnF1YWxpdHkoMTAwKS9uZWg=/I_ERfo1hz_fss?st=1qQ2eZSs6_9k7YErF0vddl-YgfQyPKZqdBtdR6TraC0&ts=1722494558&e=0"]},{"title":"2,5 - IZBOVÝ BYT S BALKÓNOM - 3D PREHLIADKA","address":"Sládkovičova, Žiar nad Hronom, okres Žiar nad Hronom","rooms":2,"meters":67,"totalPrice":95000,"meterSquarePrice":1,"link":"https://www.nehnutelnosti.sk/detail/JuX2bB2-akc/2-5-izbovy-byt-s-balkonom-3d-prehliadka","imagesUrls":["https://img.nehnutelnosti.sk/foto/NjAweDMzOC9maWx0ZXJzOnF1YWxpdHkoMTAwKS9uZWg=/MeEIvHRDP_fss?st=JzeknZsobvq90h_9rBkDBSUZJWtGLrj0ioDoAO0heUY&ts=1724156818&e=0"]},{"title":"Ponúkame Vám na predaj 2 izbový byt Žiar nad Hronom,  M.Chrásteka.","address":"M.Chrásteka, Žiar nad Hronom, okres Žiar nad Hronom","rooms":2,"meters":41,"totalPrice":null,"meterSquarePrice":null,"link":"https://www.nehnutelnosti.sk/detail/JuN-1Cw8-lF/ponukame-vam-na-predaj-2-izbovy-byt-ziar-nad-hronom-m-chrasteka","imagesUrls":["https://img.nehnutelnosti.sk/foto/NjAweDMzOC9maWx0ZXJzOnF1YWxpdHkoMTAwKS9uZWg=/DeJtufnWI_fss?st=qh1uYzXoB9RY-eV4R3QKgMJQ3LErXibB1_KF_DuAR7g&ts=1717687743&e=0"]},{"title":"2,5 - IZBOVÝ BYT S BALKÓNOM A LOGGIOU","address":"Mierová, Žarnovica, okres Žarnovica","rooms":2,"meters":59,"totalPrice":81990,"meterSquarePrice":6,"link":"https://www.nehnutelnosti.sk/detail/Ju6brooAbD67/2-5-izbovy-byt-s-balkonom-a-loggiou","imagesUrls":["https://img.nehnutelnosti.sk/foto/NjAweDMzOC9maWx0ZXJzOnF1YWxpdHkoMTAwKS9uZWg=/kA0WVqkdf_fss?st=Neoy9wIbxIam0K8Yka16iY_vptIfUvU5KieYEQbrdo8&ts=1724401885&e=0"]},{"title":"2 - IZBOVÝ TEHLOVÝ BYT V CENTRE MESTA","address":"M. R. Štefánika, Žiar nad Hronom, okres Žiar nad Hronom","rooms":2,"meters":69,"totalPrice":87000,"meterSquarePrice":7,"link":"https://www.nehnutelnosti.sk/detail/JuWh4uqFZJV/2-izbovy-tehlovy-byt-v-centre-mesta","imagesUrls":["https://img.nehnutelnosti.sk/foto/NjAweDMzOC9maWx0ZXJzOnF1YWxpdHkoMTAwKS9uZWg=/Hcyy_pSP8_fss?st=_DweNVfC86l6Fg9CZtPiaJCSSbaMJ9AXpQi3U70Sy8U&ts=1721632249&e=0"]},{"title":"Ponúkame na predaj 3izbový byt v Žiari nad Hronom","address":"M. R. Štefánika, Žiar nad Hronom, okres Žiar nad Hronom","rooms":3,"meters":78,"totalPrice":115900,"meterSquarePrice":0,"link":"https://www.nehnutelnosti.sk/detail/JuJ5WgyBxKx/ponukame-na-predaj-3izbovy-byt-v-ziari-nad-hronom","imagesUrls":["https://img.nehnutelnosti.sk/foto/NjAweDMzOC9maWx0ZXJzOnF1YWxpdHkoMTAwKS9uZWg=/atgxO8N5p_fss?st=3R86rVAQxQ9OIqPte0kRm5cg8OjYldBfh0RsdDxv5E8&ts=1712240906&e=0"]},{"title":"Sympatický 2 i byt, tehla, 53 m2 + balkón, Podhradová - Sever","address":"Cesta pod Hradovou, Košice I - Sever, okres Košice","rooms":2,"meters":53,"totalPrice":160000,"meterSquarePrice":7,"link":"https://www.nehnutelnosti.sk/detail/JuFoXnC-yFC/sympaticky-2-i-byt-tehla-53-m2-balkon-podhradova-sever","imagesUrls":["https://img.unitedclassifieds.sk/foto/NjAweDMzOC9maWx0ZXJzOnF1YWxpdHkoMTAwKS9qdWw=/r6MXOLo30_fss?st=FI1ZSNXP8dnwHnsfoh5AwxeD7yoCiRb_dCl82n1Scms&ts=1721382005&e=0"]},{"title":"Ponúkame na predaj 1-izbovy byt","address":"Žilina - Závodie, okres Žilina","rooms":1,"meters":null,"totalPrice":null,"meterSquarePrice":null,"link":"https://www.nehnutelnosti.sk/detail/Ju9KYno37qa/ponukame-na-predaj-1-izbovy-byt","imagesUrls":[]},{"title":"PREDAJ - 2 izb. apartmán 51 m2, terasa 7 m2, vlastný pozemok 60 m2, parkovacie miesto - projekt PODS","address":"Ulica Podskalné, Bojnice, okres Prievidza","rooms":2,"meters":50,"totalPrice":186000,"meterSquarePrice":1,"link":"https://www.nehnutelnosti.sk/detail/JuHwMOetbWc/predaj-2-izb-apartman-51-m2-terasa-7-m2-vlastny-pozemok-60-m2-parkovacie-miesto-projekt-pods","imagesUrls":["https://img.unitedclassifieds.sk/foto/NjAweDMzOC9maWx0ZXJzOnF1YWxpdHkoMTAwKS9qdWw=/JMFJc8PlR_fss?st=tOxpsJXyCFnuB9g5k_NcMoicx5XDFZw_gm1vi3v4fRE&ts=1725649603&e=0"]},{"title":"3 izb. byt, 76 m2 - pôvodný stav ul. B. Bjornsona - Prievidza","address":"B. Björnsona, Prievidza, okres Prievidza","rooms":3,"meters":76,"totalPrice":null,"meterSquarePrice":null,"link":"https://www.nehnutelnosti.sk/detail/JukvM5TM8Pb/3-izb-byt-76-m2-povodny-stav-ul-b-bjornsona-prievidza","imagesUrls":["https://img.unitedclassifieds.sk/foto/NjAweDMzOC9maWx0ZXJzOnF1YWxpdHkoMTAwKS9qdWw=/swWyL3gcM_fss?st=TFApBW6cmqbVXxBD63A9cDFdDfLXyqJaM1pXK5CWdM4&ts=1710957305&e=0"]},{"title":"PREDAJ - 3 izb. apartmán 98 m2, terasa 20 m2, parkovacie miesto - projekt PODSKALNÉ - BOJNICE","address":"Podskalné, Bojnice, okres Prievidza","rooms":3,"meters":98,"totalPrice":null,"meterSquarePrice":null,"link":"https://www.nehnutelnosti.sk/detail/JuPqoDurixe/predaj-3-izb-apartman-98-m2-terasa-20-m2-parkovacie-miesto-projekt-podskalne-bojnice","imagesUrls":["https://img.unitedclassifieds.sk/foto/NjAweDMzOC9maWx0ZXJzOnF1YWxpdHkoMTAwKS9qdWw=/1AsP_nNCA_fss?st=ZP9BXldBhU5zzaqjwWO68Dd6O5B61MEhZGOLfKJhfKM&ts=1722663404&e=0"]},{"title":"Priestranný 2 izbový tehlový byt s balkónom","address":"Hlinkova, Košice I - Sever, okres Košice","rooms":2,"meters":60,"totalPrice":139990,"meterSquarePrice":7,"link":"https://www.nehnutelnosti.sk/detail/JunYR47vDGG/priestranny-2-izbovy-tehlovy-byt-s-balkonom","imagesUrls":["https://img.nehnutelnosti.sk/foto/NjAweDMzOC9maWx0ZXJzOnF1YWxpdHkoMTAwKS9uZWg=/6-weY7iKx_fss?st=BP8OCztdPFnWvn7Zzp-0xRw9bPqcxm_XimVbet5isIs&ts=1725860860&e=0"]},{"title":"Veľký 3-izbový byt s 2 balkónmi, 79m2, Pod Kaštieľom","address":"Pod kaštieľom, Dubnica nad Váhom, okres Ilava","rooms":3,"meters":79,"totalPrice":123000,"meterSquarePrice":6,"link":"https://www.nehnutelnosti.sk/detail/JuH_cW9YaLD/velky-3-izbovy-byt-s-2-balkonmi-79m2-pod-kastielom","imagesUrls":["https://img.nehnutelnosti.sk/foto/NjAweDMzOC9maWx0ZXJzOnF1YWxpdHkoMTAwKS9uZWg=/6wOMzuLBVx_fss?st=6vVjTFv8hx53mME1IUy3-8zzZv_zsAwSCBtlfAxyS7c&ts=1725361535&e=0"]},{"title":"NOVOZREKONŠTRUOVANÝ DIZAJNOVÝ BYT V PIEŠŤANOCH, 77m2, A.HLINKU.","address":"A.Hlinku, Piešťany, okres Piešťany","rooms":3,"meters":76,"totalPrice":null,"meterSquarePrice":null,"link":"https://www.nehnutelnosti.sk/detail/Jut8z4mklyJ/novozrekonstruovany-dizajnovy-byt-v-piestanoch-77m2-a-hlinku","imagesUrls":["https://img.nehnutelnosti.sk/foto/NjAweDMzOC9maWx0ZXJzOnF1YWxpdHkoMTAwKS9uZWg=/WX58ft8f92_fss?st=HPPLJODF3YJPJvluSgNRdLwGfUm2NGk6f-Bu6ufNlIo&ts=1724321999&e=0"]},{"title":"JEDINEČNÝ 3IB S POSILŇOVŇOU, ZARIADENÝ, KLIMATIZACIA, UL.KONIAREKOVA","address":"Koniarekova, Trnava, okres Trnava","rooms":3,"meters":64,"totalPrice":219900,"meterSquarePrice":4,"link":"https://www.nehnutelnosti.sk/detail/JuX7PiFTFkd/jedinecny-3ib-s-posilnovnou-zariadeny-klimatizacia-ul-koniarekova","imagesUrls":["https://img.nehnutelnosti.sk/foto/NjAweDMzOC9maWx0ZXJzOnF1YWxpdHkoMTAwKS9uZWg=/V4JYgmkIk0_fss?st=RIzMFxKpxmAAmdXRG8S2PwMCDoyKpQQ8eqOc-bSBri4&ts=1725726808&e=0"]},{"title":"REZERVOVANÉ 2 IZBOVÝ BYT PREROBENÝ NA 3 IZBOVÝ S NÁDHERNÝM VÝHĽADOM","address":"Javorová, Piešťany, okres Piešťany","rooms":2,"meters":54,"totalPrice":123000,"meterSquarePrice":9,"link":"https://www.nehnutelnosti.sk/detail/JuNLsgE_EYb/rezervovane-2-izbovy-byt-prerobeny-na-3-izbovy-s-nadhernym-vyhladom","imagesUrls":["https://img.nehnutelnosti.sk/foto/NjAweDMzOC9maWx0ZXJzOnF1YWxpdHkoMTAwKS9uZWg=/Fpl5xjHto-_fss?st=dcxx9602U_0r3zuqnUhO2qkcCeS_4uGxAacIv_S1K9I&ts=1718575651&e=0"]},{"title":"Kompletne zrekonštr. 1,5 izb. byt, 38m2, Halalovka","address":"Halalovka, Trenčín, okres Trenčín","rooms":2,"meters":38,"totalPrice":99900,"meterSquarePrice":5,"link":"https://www.nehnutelnosti.sk/detail/JuWGSHZrlcN/kompletne-zrekonstr-1-5-izb-byt-38m2-halalovka","imagesUrls":["https://img.nehnutelnosti.sk/foto/NjAweDMzOC9maWx0ZXJzOnF1YWxpdHkoMTAwKS9uZWg=/V_e4ji0pS_fss?st=S0KbICsJWnhkJg3QoXY4-p7LkPX9JdyNxQymCa4rmp8&ts=1695688596&e=0"]},{"title":"Na predaj kompletne zrekonštr. 1,5 izb. byt, 38m2, Halalovka","address":"Halalovka, Trenčín, okres Trenčín","rooms":1,"meters":38,"totalPrice":99900,"meterSquarePrice":5,"link":"https://www.nehnutelnosti.sk/detail/Jueo0IxKtvG/na-predaj-kompletne-zrekonstr-1-5-izb-byt-38m2-halalovka","imagesUrls":["https://img.nehnutelnosti.sk/foto/NjAweDMzOC9maWx0ZXJzOnF1YWxpdHkoMTAwKS9uZWg=/vLd_C9KfYZ_fss?st=-zLCBkg-UCc6C2UhNU_Cy1pagriit2NJOVKa924Io9Q&ts=1724998144&e=0"]},{"title":"PRIESTRANNÝ BYT , KOMPLETNÁ REKONŠTRUKCIA, Ružinov- LÍŠČIE NIVY, Žiadaná a VÝBORNÁ LOKALITA","address":"Líščie nivy, Bratislava II - Ružinov, okres Bratislava","rooms":3,"meters":92,"totalPrice":299000,"meterSquarePrice":3,"link":"https://www.nehnutelnosti.sk/detail/Ju5XbFdWpS4/priestranny-byt-kompletna-rekonstrukcia-ruzinov-liscie-nivy-ziadana-a-vyborna-lokalita","imagesUrls":["https://img.unitedclassifieds.sk/foto/NjAweDMzOC9maWx0ZXJzOnF1YWxpdHkoMTAwKS9qdWw=/aF-uvUzwo_fss?st=bW-qxLgpkL40zfOpSBgaWG4hGwuoJT02tfWpRnuf0k8&ts=1720623171&e=0"]},{"title":"PRIESTRANNÝ BYT , KOMPLETNÁ REKONŠTRUKCIA, Ružinov- LÍŠČIE NIVY, Žiadaná a VÝBORNÁ LOKALITA","address":"Líščie nivy, Bratislava II - Ružinov, okres Bratislava","rooms":4,"meters":92,"totalPrice":299000,"meterSquarePrice":3,"link":"https://www.nehnutelnosti.sk/detail/Jug7wr1kd2V/priestranny-byt-kompletna-rekonstrukcia-ruzinov-liscie-nivy-ziadana-a-vyborna-lokalita","imagesUrls":["https://img.unitedclassifieds.sk/foto/NjAweDMzOC9maWx0ZXJzOnF1YWxpdHkoMTAwKS9qdWw=/oDNkT_r4O_fss?st=sm09NS3xnz9t1Z27Bun0tXa1CJrchJmYuP1etrtbSsA&ts=1720622858&e=0"]}]