[{"title":"Na predaj 2 izbový byt v Žiari nad Hronom","address":"Žiar nad Hronom, okres Žiar nad Hronom","rooms":2,"meters":52,"totalPrice":93000,"meterSquarePrice":6,"link":"https://www.nehnutelnosti.sk/detail/Ju7AfiyzeLG/na-predaj-2-izbovy-byt-v-ziari-nad-hronom","imagesUrls":["https://img.nehnutelnosti.sk/foto/NjAweDMzOC9maWx0ZXJzOnF1YWxpdHkoMTAwKS9uZWg=/Ty1wCvb-w_fss?st=SwNgupMGE2W4Hf_eoeOkmL51SPUICw62RMDaLUayT7M&ts=1726053620&e=0"]},{"title":"3-izbový byt, Košúty 1, Martin","address":"Hodžova, Martin, okres Martin","rooms":3,"meters":68,"totalPrice":110000,"meterSquarePrice":5,"link":"https://www.nehnutelnosti.sk/detail/Ju8dUJOhxxL/3-izbovy-byt-kosuty-1-martin","imagesUrls":["https://img.nehnutelnosti.sk/foto/NjAweDMzOC9maWx0ZXJzOnF1YWxpdHkoMTAwKS9uZWg=/Gf7ApfVn0_fss?st=hH84j33IaaBEtu6mqhj9toQsaPGmz7ptMyJMyu0qFZA&ts=1723459497&e=0"]},{"title":"PREDAJ: garsónka, 22,5 m2, parkovacie státie, Tehelná 5 Pezinok","address":"Tehelná 5, Pezinok, okres Pezinok","rooms":null,"meters":22,"totalPrice":89000,"meterSquarePrice":6,"link":"https://www.nehnutelnosti.sk/detail/JuIAbX-3o95/predaj-garsonka-22-5-m2-parkovacie-statie-tehelna-5-pezinok","imagesUrls":["https://img.nehnutelnosti.sk/foto/NjAweDMzOC9maWx0ZXJzOnF1YWxpdHkoMTAwKS9uZWg=/69rf1Lpad_fss?st=lO5HwiX36TYaotMGSNGoH-Fb-Kkj75orDf60EvC1-ec&ts=1726931220&e=0"]},{"title":"Na predaj 3izbový byt na Partizánskej ulici v meste Humenné","address":"Partizánska, Humenné, okres Humenné","rooms":3,"meters":75,"totalPrice":99000,"meterSquarePrice":0,"link":"https://www.nehnutelnosti.sk/detail/JuD0ZZ5PJCe2/na-predaj-3izbovy-byt-na-partizanskej-ulici-v-meste-humenne","imagesUrls":["https://img.nehnutelnosti.sk/foto/NjAweDMzOC9maWx0ZXJzOnF1YWxpdHkoMTAwKS9uZWg=/6RfpMPM_-_fss?st=bTcPMRaKwuXmp6u48wsVcvVvo4YGYJzTFssbeEajoM4&ts=1726053007&e=0"]},{"title":"Predaj 2 izbový byt-CENTRUM","address":"Nitra, okres Nitra","rooms":2,"meters":58,"totalPrice":null,"meterSquarePrice":null,"link":"https://www.nehnutelnosti.sk/detail/JuTRVe6fYyO/predaj-2-izbovy-byt-centrum","imagesUrls":["https://img.nehnutelnosti.sk/foto/NjAweDMzOC9maWx0ZXJzOnF1YWxpdHkoMTAwKS9uZWg=/dAQ04YBZK_fss?st=tvnSNUqGEyffVrw96-oUBW0xQgt-e_E-jDgrFVbeKDU&ts=1718226277&e=0"]},{"title":"iba 74.990€, 3izb. byt. orientácia východ/západ, 5.p. pokojné bývanie","address":"J. Husa, Trebišov, okres Trebišov","rooms":3,"meters":64,"totalPrice":74990,"meterSquarePrice":4,"link":"https://www.nehnutelnosti.sk/detail/JuLmCE8jg3C/iba-74-990-3izb-byt-orientacia-vychod-zapad-5-p-pokojne-byvanie","imagesUrls":["https://img.nehnutelnosti.sk/foto/NjAweDMzOC9maWx0ZXJzOnF1YWxpdHkoMTAwKS9uZWg=/B12W-WMlB_fss?st=sVTkW1OmWHFPSZnS70iRkbyA-k5kG0ojxMFu-E3x6G0&ts=1725611770&e=0"]},{"title":"PREDAJ jedinečný 4-izbový byt v centre","address":"A. Bernoláka, Lučenec, okres Lučenec","rooms":4,"meters":102,"totalPrice":144500,"meterSquarePrice":7,"link":"https://www.nehnutelnosti.sk/detail/Ju-Oi3opCn7/predaj-jedinecny-4-izbovy-byt-v-centre","imagesUrls":["https://img.nehnutelnosti.sk/foto/NjAweDMzOC9maWx0ZXJzOnF1YWxpdHkoMTAwKS9uZWg=/h13RIzXPzN_fss?st=E4DaE-gaWqU4CWcKbvv1gRqmatHQFzzwbRg_hHvmoU8&ts=1726887245&e=0"]},{"title":"2 izbový byt Turčianske Teplice atraktívna lokalita","address":"Partizánska, Turčianske Teplice, okres Turčianske Teplice","rooms":2,"meters":54,"totalPrice":82000,"meterSquarePrice":2,"link":"https://www.nehnutelnosti.sk/detail/Julc3ALTNHm/2-izbovy-byt-turcianske-teplice-atraktivna-lokalita","imagesUrls":["https://img.unitedclassifieds.sk/foto/NjAweDMzOC9maWx0ZXJzOnF1YWxpdHkoMTAwKS9qdWw=/T4iTBax1U_fss?st=KTJYQ4OELacuKBx26T728h78m_XQXjGBAll960GNRqM&ts=1726051510&e=0"]},{"title":"REZERVOVANÉ Na predaj čiastočne zrekonštruovaný 2 izbový byt v Trenčianskych Tepliciach, Štvrť SNP.","address":"Štvrť SNP, Trenčianske Teplice, okres Trenčín","rooms":2,"meters":46,"totalPrice":95000,"meterSquarePrice":2,"link":"https://www.nehnutelnosti.sk/detail/Ju5ZVvHS4Rw/rezervovane-na-predaj-ciastocne-zrekonstruovany-2-izbovy-byt-v-trencianskych-tepliciach-stvrt-snp","imagesUrls":["https://img.nehnutelnosti.sk/foto/NjAweDMzOC9maWx0ZXJzOnF1YWxpdHkoMTAwKS9uZWg=/Ws5B70C_Qt_fss?st=n3ZzT88xDix3p0_iyuEXHHbBcH6F7SltwvjNiiG1oOI&ts=1726051630&e=0"]},{"title":"Devínska Nová Ves - Luxusný 1 izb. byt na predaj","address":"Jána Jonáša, Bratislava IV - Devínska Nová Ves, okres Bratislava","rooms":1,"meters":30,"totalPrice":129000,"meterSquarePrice":0,"link":"https://www.nehnutelnosti.sk/detail/JuB1apPjn2F/devinska-nova-ves-luxusny-1-izb-byt-na-predaj","imagesUrls":["https://img.nehnutelnosti.sk/foto/NjAweDMzOC9maWx0ZXJzOnF1YWxpdHkoMTAwKS9uZWg=/xZcbCuOQn_fss?st=JDCwzDexf8RlJeQ4S_4flTbdpAl63alrq-eugoCjv40&ts=1711625620&e=0"]},{"title":"Zariadený 1 izbový byt v Stupave na Okružnej ulici","address":"Okružná, Stupava, okres Malacky","rooms":1,"meters":25,"totalPrice":98500,"meterSquarePrice":3,"link":"https://www.nehnutelnosti.sk/detail/JuFCacIAJ_E/zariadeny-1-izbovy-byt-v-stupave-na-okruznej-ulici","imagesUrls":["https://img.nehnutelnosti.sk/foto/NjAweDMzOC9maWx0ZXJzOnF1YWxpdHkoMTAwKS9uZWg=/SkrF1KVUpE_fss?st=V0zuoKEL_tsRuOov8ejqmMAfDkLZwGjESalRhDObJgQ&ts=1726051167&e=0"]},{"title":"Na predaj krásny 3izb byt na Slnečnej ulici, Banská Bystrica","address":"Banská Bystrica, okres Banská Bystrica","rooms":3,"meters":75,"totalPrice":198000,"meterSquarePrice":5,"link":"https://www.nehnutelnosti.sk/detail/JuDo0gwXTE1/na-predaj-krasny-3izb-byt-na-slnecnej-ulici-banska-bystrica","imagesUrls":["https://img.nehnutelnosti.sk/foto/NjAweDMzOC9maWx0ZXJzOnF1YWxpdHkoMTAwKS9uZWg=/Uw4RZR-yO_fss?st=V_ohyEv_iM_95gHBOFPo81MF9w_SOYU5P_GpyTmZ91I&ts=1726051125&e=0"]},{"title":"Novostavba 3. izbový byt na predaj","address":"Thurzova, Košice I - Staré Mesto, okres Košice","rooms":3,"meters":84,"totalPrice":249900,"meterSquarePrice":5,"link":"https://www.nehnutelnosti.sk/detail/Ju0qHDYAWzj/novostavba-3-izbovy-byt-na-predaj","imagesUrls":["https://img.nehnutelnosti.sk/foto/NjAweDMzOC9maWx0ZXJzOnF1YWxpdHkoMTAwKS9uZWg=/mYNs58VhQ_fss?st=LkUXeWnhdVcRbOqCL04SVUdJW4RU5hFbPW_ZIp8UW40&ts=1726131900&e=0"]},{"title":"Novostavba 3. izbový byt s Terasou","address":"Thurzova, Košice I - Staré Mesto, okres Košice","rooms":3,"meters":101,"totalPrice":null,"meterSquarePrice":null,"link":"https://www.nehnutelnosti.sk/detail/JuqNiebs1_S/novostavba-3-izbovy-byt-s-terasou","imagesUrls":["https://img.nehnutelnosti.sk/foto/NjAweDMzOC9maWx0ZXJzOnF1YWxpdHkoMTAwKS9uZWg=/CHrWArrqHD_fss?st=NMBIOxrcgwfOz7n4WtwqWbpvxiN4fqsasgKgknZwCQ0&ts=1726131899&e=0"]},{"title":"Investičný 1-izbový byt A2.08 v projekte MALÝ DUNAJ, Ružinov","address":"Vlčie hrdlo, Bratislava II - Ružinov, okres Bratislava","rooms":1,"meters":40,"totalPrice":125990,"meterSquarePrice":5,"link":"https://www.nehnutelnosti.sk/detail/JuG5BSVNEi6/investicny-1-izbovy-byt-a2-08-v-projekte-maly-dunaj-ruzinov","imagesUrls":["https://img.nehnutelnosti.sk/foto/NjAweDMzOC9maWx0ZXJzOnF1YWxpdHkoMTAwKS9uZWg=/TIPOKoTjwN_fss?st=SkI_l6c0o1TcR0LI72o08yJmr1ebDLbVX7_j7O-f3GE&ts=1726131877&e=0"]},{"title":"Na predaj 1i byt v novostavbe s parkovaním","address":"Vlčie hrdlo, Bratislava II - Ružinov, okres Bratislava","rooms":1,"meters":40,"totalPrice":135990,"meterSquarePrice":5,"link":"https://www.nehnutelnosti.sk/detail/JuOJ-q5Hwdl/na-predaj-1i-byt-v-novostavbe-s-parkovanim","imagesUrls":["https://img.nehnutelnosti.sk/foto/NjAweDMzOC9maWx0ZXJzOnF1YWxpdHkoMTAwKS9uZWg=/5r-CGDll9s_fss?st=DhKSW9blAqxJb1JLS8KgYI1oIRbFH1Sdckdncxfz228&ts=1726131080&e=0"]},{"title":"MALÝ DUNAJ - Štartovací 2-izbový byt A2.11, Ružinov","address":"Vlčie hrdlo, Bratislava II - Ružinov, okres Bratislava","rooms":2,"meters":44,"totalPrice":null,"meterSquarePrice":null,"link":"https://www.nehnutelnosti.sk/detail/Jub6cV8P1eL/maly-dunaj-startovaci-2-izbovy-byt-a2-11-ruzinov","imagesUrls":["https://img.nehnutelnosti.sk/foto/NjAweDMzOC9maWx0ZXJzOnF1YWxpdHkoMTAwKS9uZWg=/sNv9p_XgL_fss?st=JxN6pnz3no35zOKci7BoXKrpu2LGAg7DAVqK4Lnysuc&ts=1726131082&e=0"]},{"title":"Na predaj priestranný 1i byt s parkovaním","address":"Bratislava II - Vrakuňa, okres Bratislava","rooms":1,"meters":40,"totalPrice":135990,"meterSquarePrice":5,"link":"https://www.nehnutelnosti.sk/detail/Juo930alHHq/na-predaj-priestranny-1i-byt-s-parkovanim","imagesUrls":["https://img.nehnutelnosti.sk/foto/NjAweDMzOC9maWx0ZXJzOnF1YWxpdHkoMTAwKS9uZWg=/x4dx7utxY_fss?st=Tktx_IvP-IvElW87OYcJHXUbsQeWHoKuQd5isUE7RNQ&ts=1726131098&e=0"]},{"title":"Byt v provensálskom štýle -  REZERVOVANÝ","address":"Užhorodská, Košice IV - Juh, okres Košice","rooms":2,"meters":41,"totalPrice":142490,"meterSquarePrice":7,"link":"https://www.nehnutelnosti.sk/detail/JuOSxmzbzNx/byt-v-provensalskom-style-rezervovany","imagesUrls":["https://img.nehnutelnosti.sk/foto/NjAweDMzOC9maWx0ZXJzOnF1YWxpdHkoMTAwKS9uZWg=/UvFOry6bd7_fss?st=zUlD8B8t0TpDPaAY73Re2R8IUkQU29IVE6ZLU6_Wpyc&ts=1726131071&e=0"]},{"title":"MALÝ DUNAJ - Investičný 2 izbový byt, Ružinov","address":"Vlčie hrdlo, Bratislava II - Ružinov, okres Bratislava","rooms":2,"meters":39,"totalPrice":135990,"meterSquarePrice":2,"link":"https://www.nehnutelnosti.sk/detail/JuuOezDdiTT/maly-dunaj-investicny-2-izbovy-byt-ruzinov","imagesUrls":["https://img.nehnutelnosti.sk/foto/NjAweDMzOC9maWx0ZXJzOnF1YWxpdHkoMTAwKS9uZWg=/mLvn5pFkp_fss?st=lDtSR9XytXGoDsHUu28NuFYLjYRntNIjP05CilfAUgM&ts=1726131074&e=0"]},{"title":"Na predaj 2i byt v novostavbe v Ružinove","address":"Vlčie hrdlo, Bratislava II - Ružinov, okres Bratislava","rooms":2,"meters":40,"totalPrice":135990,"meterSquarePrice":5,"link":"https://www.nehnutelnosti.sk/detail/Ju0YfQ3_9yP/na-predaj-2i-byt-v-novostavbe-v-ruzinove","imagesUrls":["https://img.nehnutelnosti.sk/foto/NjAweDMzOC9maWx0ZXJzOnF1YWxpdHkoMTAwKS9uZWg=/nvMtzJNNc_fss?st=S3QTlT4n8hf4SUBm3ip-pc_ganmYU214SIw81rkEpmw&ts=1726131076&e=0"]},{"title":"VEĽKÝ 1-IZBOVÝ BYT V SKOLAUDOVANOM PROJEKTE V BLÍZKOSTI DOWNTOWNU","address":"Prístavná, Bratislava II - Ružinov, okres Bratislava","rooms":1,"meters":53,"totalPrice":215000,"meterSquarePrice":9,"link":"https://www.nehnutelnosti.sk/detail/JuiYhJXPmSQ/velky-1-izbovy-byt-v-skolaudovanom-projekte-v-blizkosti-downtownu","imagesUrls":["https://img.nehnutelnosti.sk/foto/NjAweDMzOC9maWx0ZXJzOnF1YWxpdHkoMTAwKS9uZWg=/_mywwj5FI_fss?st=x8-u-cBjw4EwnWXQkzywPvdahCjZhbBha-E6gRJGivw&ts=1727005696&e=0"]},{"title":"ELEVEN - Exkluzívne iba u nás - 3 izbový byt v Centre mesta Trnava","address":"Hospodárska, Trnava, okres Trnava","rooms":3,"meters":70,"totalPrice":155000,"meterSquarePrice":9,"link":"https://www.nehnutelnosti.sk/detail/JugzAQ4pHtu/eleven-exkluzivne-iba-u-nas-3-izbovy-byt-v-centre-mesta-trnava","imagesUrls":["https://img.nehnutelnosti.sk/foto/NjAweDMzOC9maWx0ZXJzOnF1YWxpdHkoMTAwKS9uZWg=/TIRnVf7nZ_fss?st=_HBnJU0-MXD5Tym1Iw0s2ri54NeqkWEOo2QWqxIbwtE&ts=1698090406&e=0"]},{"title":"REZERVOVANÝ -  3. izbový byt s predzáhradkou Piešťany -  Bodona.","address":"Tematínska, Piešťany, okres Piešťany","rooms":3,"meters":157,"totalPrice":249900,"meterSquarePrice":2,"link":"https://www.nehnutelnosti.sk/detail/JuGQTFlTX47/rezervovany-3-izbovy-byt-s-predzahradkou-piestany-bodona","imagesUrls":["https://img.nehnutelnosti.sk/foto/NjAweDMzOC9maWx0ZXJzOnF1YWxpdHkoMTAwKS9uZWg=/vaWEjElF8_fss?st=chDDyzZh7Jcw5A3iJ4KU4iUud_k-X1FyD5e9nZ6Y6tE&ts=1693920768&e=0"]},{"title":"ELEVEN - REZERVOVANÉ -  Váš nový domov na Olympijskej v Trnave - 3 izbový byt ( bauring) po kompletn","address":"Olympijská, Trnava, okres Trnava","rooms":3,"meters":70,"totalPrice":179000,"meterSquarePrice":4,"link":"https://www.nehnutelnosti.sk/detail/Ju6QUNB-pGb/eleven-rezervovane-vas-novy-domov-na-olympijskej-v-trnave-3-izbovy-byt-bauring-po-kompletn","imagesUrls":["https://img.nehnutelnosti.sk/foto/NjAweDMzOC9maWx0ZXJzOnF1YWxpdHkoMTAwKS9uZWg=/C6UIdVoABP_fss?st=7sk-TKM6FvYPzpu0Y4HRooNJx5VyGhLYkZFyScNgJ48&ts=1724068170&e=0"]},{"title":"ELEVEN - Objavte byt s charizmou -  2 izbový tehlový byt po kompletnej rekonštrukcii na Bajkalskej u","address":"Bajkalská, Bratislava II - Ružinov, okres Bratislava","rooms":2,"meters":74,"totalPrice":225000,"meterSquarePrice":4,"link":"https://www.nehnutelnosti.sk/detail/JuqDjyzM5UF/eleven-objavte-byt-s-charizmou-2-izbovy-tehlovy-byt-po-kompletnej-rekonstrukcii-na-bajkalskej-u","imagesUrls":["https://img.nehnutelnosti.sk/foto/NjAweDMzOC9maWx0ZXJzOnF1YWxpdHkoMTAwKS9uZWg=/kz4XxRiLGo_fss?st=pELTOaw-_kKbhiplAQuuPVKSRSFi0ddpxGbol7C2JJM&ts=1724068168&e=0"]},{"title":"3-izbový byt s garážou","address":"Boldocká cesta, Senec, okres Senec","rooms":3,"meters":75,"totalPrice":135000,"meterSquarePrice":0,"link":"https://www.nehnutelnosti.sk/detail/Ju3hZX-7Vlz/3-izbovy-byt-s-garazou","imagesUrls":["https://img.unitedclassifieds.sk/foto/NjAweDMzOC9maWx0ZXJzOnF1YWxpdHkoMTAwKS9qdWw=/qUacWnOPw_fss?st=QhHAt7K98L94fhF2RvFD_-A9g4117vMVYM3hW9KoE_o&ts=1725025962&e=0"]},{"title":"NOVÝ 3izb byt s veľkou terasou, štandard, kobka","address":"Stupava, okres Malacky","rooms":3,"meters":81,"totalPrice":176900,"meterSquarePrice":5,"link":"https://www.nehnutelnosti.sk/detail/JuGLy_4_2kI/novy-3izb-byt-s-velkou-terasou-standard-kobka","imagesUrls":["https://img.nehnutelnosti.sk/foto/NjAweDMzOC9maWx0ZXJzOnF1YWxpdHkoMTAwKS9uZWg=/9rCpkeSoT_fss?st=lgV-zGT7gTlTb4N-unNJKk0OzQp9SMhQG_9bUircNBU&ts=1720012699&e=0"]},{"title":"Nový zariadený 3 izbový byt s dvoma kúpeľňami v novostavbe Hájik","address":"Pribinova, Zvolen, okres Zvolen","rooms":3,"meters":76,"totalPrice":214470,"meterSquarePrice":8,"link":"https://www.nehnutelnosti.sk/detail/Ju-VwOkttkW/novy-zariadeny-3-izbovy-byt-s-dvoma-kupelnami-v-novostavbe-hajik","imagesUrls":["https://img.unitedclassifieds.sk/foto/NjAweDMzOC9maWx0ZXJzOnF1YWxpdHkoMTAwKS9qdWw=/vmUi-4GOi_fss?st=WnLQ0ypADCOGcptZRbSW6YyX_nQS30X6VjkRQFBFbB0&ts=1718261915&e=0"]},{"title":"Jedinečný 3-izbový byt s terasou v novostavbe","address":"Pribinova, Zvolen, okres Zvolen","rooms":3,"meters":133,"totalPrice":259333,"meterSquarePrice":8,"link":"https://www.nehnutelnosti.sk/detail/Jur19Esj4BJ/jedinecny-3-izbovy-byt-s-terasou-v-novostavbe","imagesUrls":["https://img.unitedclassifieds.sk/foto/NjAweDMzOC9maWx0ZXJzOnF1YWxpdHkoMTAwKS9qdWw=/OB1blLUhW_fss?st=kAj4WqaorjlvQqPUqZyu_2hBouGV83iIVoSn47VFZRQ&ts=1720033142&e=0"]}]