[{"title":"3 IZBOVÝ BYT - 84m2 - LASTOVIČIA - KOMPLET REKONŠTRUKCIA - ZNALECKÝ POSUDOK A POISTENIE ZDARMA","address":"Lastovičia, Nové Zámky, okres Nové Zámky","rooms":3,"meters":84,"totalPrice":125900,"meterSquarePrice":1,"link":"https://www.nehnutelnosti.sk/detail/JuR9xYDSN1k/3-izbovy-byt-84m2-lastovicia-komplet-rekonstrukcia-znalecky-posudok-a-poistenie-zdarma","imagesUrls":["https://img.nehnutelnosti.sk/foto/NjAweDMzOC9maWx0ZXJzOnF1YWxpdHkoMTAwKS9uZWg=/ImYins6Vi4_fss?st=g6lYKzWLiwrBR8JwjC4bNyxcd0c4TV_1UaZsv5JAifg&ts=1723429136&e=0"]},{"title":"4 IZBOVÝ BYT - 90m2 - ZNALECKÝ POSUDOK A POISTENIE ZDARMA","address":"Stará Turá, Stará Turá, okres Nové Mesto nad Váhom","rooms":4,"meters":90,"totalPrice":null,"meterSquarePrice":null,"link":"https://www.nehnutelnosti.sk/detail/JuhBvxPL8VY/4-izbovy-byt-90m2-znalecky-posudok-a-poistenie-zdarma","imagesUrls":["https://img.nehnutelnosti.sk/foto/NjAweDMzOC9maWx0ZXJzOnF1YWxpdHkoMTAwKS9uZWg=/68YXAWqQb_fss?st=bFoqX8WFYU5OoqQM_W_T1afCmQ7r43r4bNpXoaoT6Eo&ts=1724679502&e=0"]},{"title":"3 IZBOVÝ BYT - 72m2 - BALKÓN - DRUŽSTEVNÝ RAD - ZNALECKÝ POSUDOK A POISTENIE ZDARMA","address":"Družstevný rad, Štúrovo, okres Nové Zámky","rooms":3,"meters":72,"totalPrice":82900,"meterSquarePrice":9,"link":"https://www.nehnutelnosti.sk/detail/JuoVekpBtfY/3-izbovy-byt-72m2-balkon-druzstevny-rad-znalecky-posudok-a-poistenie-zdarma","imagesUrls":["https://img.nehnutelnosti.sk/foto/NjAweDMzOC9maWx0ZXJzOnF1YWxpdHkoMTAwKS9uZWg=/O3OensxtVm_fss?st=zFCA2zREAas0EW0q4tkARoo9-qiBTE8_F8Kn6wtP-FI&ts=1724679501&e=0"]},{"title":"3 IZBOVÝ BYT - 70m2 - KOMPLET REKONŠTRUKCIA - ZNALECKÝ POSUDOK A POISTENIE ZDARMA","address":"Levice, Levice, okres Levice","rooms":3,"meters":70,"totalPrice":119900,"meterSquarePrice":6,"link":"https://www.nehnutelnosti.sk/detail/Jug98-c2Jo2/3-izbovy-byt-70m2-komplet-rekonstrukcia-znalecky-posudok-a-poistenie-zdarma","imagesUrls":["https://img.nehnutelnosti.sk/foto/NjAweDMzOC9maWx0ZXJzOnF1YWxpdHkoMTAwKS9uZWg=/VgMYAF2-u_fss?st=tG8xxj-84sfVdRySrl666ldRewJ6YLHiLj-ijxYJGFQ&ts=1724759041&e=0"]},{"title":"1 IZBOVÝ BYT - 25m2 - NOVOSTAVBA - PEZINSKÁ - ZNALECKÝ POSUDOK A POISTENIE ZDARMA","address":"Pezinská, Malacky, okres Malacky","rooms":1,"meters":25,"totalPrice":null,"meterSquarePrice":null,"link":"https://www.nehnutelnosti.sk/detail/JujVBUFTWlV/1-izbovy-byt-25m2-novostavba-pezinska-znalecky-posudok-a-poistenie-zdarma","imagesUrls":["https://img.nehnutelnosti.sk/foto/NjAweDMzOC9maWx0ZXJzOnF1YWxpdHkoMTAwKS9uZWg=/ulfDP0Nwtu_fss?st=e91YAdGMyf-AJEeGu8EJr7cXlWrnNiL9aiydN_0eqYU&ts=1724679502&e=0"]},{"title":"2 IZBOVÝ BYT - 47m2 - DÚHOVÉ BÝVANIE - NOVOSTAVBA - ZNALECKÝ POSUDOK A POISTENIE ZDARMA","address":"Dúhové bývanie, Nitra, okres Nitra","rooms":2,"meters":47,"totalPrice":null,"meterSquarePrice":null,"link":"https://www.nehnutelnosti.sk/detail/Juvr3V7kyf1j/2-izbovy-byt-47m2-duhove-byvanie-novostavba-znalecky-posudok-a-poistenie-zdarma","imagesUrls":["https://img.nehnutelnosti.sk/foto/NjAweDMzOC9maWx0ZXJzOnF1YWxpdHkoMTAwKS9uZWg=/d_J_jVaDnn_fss?st=JgmoAqekLPIvBMZUpXfcASwaC8if3_6KKVPVOGyEdI8&ts=1724679497&e=0"]},{"title":"2 IZBOVÝ BYT - 67m2 - KOMPLET REKONŠTRUKCIA - ZARIADENÉ - 2X LOGGIA - ZNALECKÝ POSUDOK A POISTENIE Z","address":"Lastovičia, Nové Zámky, okres Nové Zámky","rooms":2,"meters":67,"totalPrice":112900,"meterSquarePrice":7,"link":"https://www.nehnutelnosti.sk/detail/Ju8Ag4WElLg/2-izbovy-byt-67m2-komplet-rekonstrukcia-zariadene-2x-loggia-znalecky-posudok-a-poistenie-z","imagesUrls":["https://img.nehnutelnosti.sk/foto/NjAweDMzOC9maWx0ZXJzOnF1YWxpdHkoMTAwKS9uZWg=/Y4WA9gTVT_fss?st=cMzo2jv60UgQvwI_1Zcf4Ik8qHszSYEQc3yUPs2eHCY&ts=1724679498&e=0"]},{"title":"3 IZBOVÝ BYT - 77m2 - POVODNÝ STAV - SNP - ZNALECKÝ POSUDOK A POISTENIE ZDARMA","address":"Partizánske, okres Partizánske","rooms":3,"meters":77,"totalPrice":82900,"meterSquarePrice":2,"link":"https://www.nehnutelnosti.sk/detail/Ju-1TvPJhv3/3-izbovy-byt-77m2-povodny-stav-snp-znalecky-posudok-a-poistenie-zdarma","imagesUrls":["https://img.nehnutelnosti.sk/foto/NjAweDMzOC9maWx0ZXJzOnF1YWxpdHkoMTAwKS9uZWg=/0cuHXro0yY_fss?st=o0L-KKb12TP-kYNnkB9n-WwiYTSLqZUOCC9avwqxxqA&ts=1724679502&e=0"]},{"title":"1 IZBOVÝ BYT - DLHÁ - 35m2 - ZNALECKÝ POSUDOK V CENE","address":"Dlhá, Tlmače, okres Levice","rooms":1,"meters":35,"totalPrice":null,"meterSquarePrice":null,"link":"https://www.nehnutelnosti.sk/detail/JuGyE_d-UhFa/1-izbovy-byt-dlha-35m2-znalecky-posudok-v-cene","imagesUrls":["https://img.nehnutelnosti.sk/foto/NjAweDMzOC9maWx0ZXJzOnF1YWxpdHkoMTAwKS9uZWg=/_vcE4f49Z_fss?st=godRF7DkoupS4_gc7MN75FJQgwYrGXMMat6hBRKmiFo&ts=1724758978&e=0"]},{"title":"2 IZBOVÝ BYT - OBRANCOV MIERU - 62m2 - KOMPLET REKONŠTRUKCIA - ZARIADENÝ - ZNALECKÝ POSUDOK A POISTE","address":"Obrancov mieru, Púchov, okres Púchov","rooms":2,"meters":62,"totalPrice":133900,"meterSquarePrice":8,"link":"https://www.nehnutelnosti.sk/detail/JuZsSmqAlCH/2-izbovy-byt-obrancov-mieru-62m2-komplet-rekonstrukcia-zariadeny-znalecky-posudok-a-poiste","imagesUrls":["https://img.nehnutelnosti.sk/foto/NjAweDMzOC9maWx0ZXJzOnF1YWxpdHkoMTAwKS9uZWg=/HgGLx0V4h_fss?st=oL0z_3ci7ZaMNACZIonZ83TtIvnDSzVd5pgf7a7K8kI&ts=1724759015&e=0"]},{"title":"3 IZBOVÝ BYT - 72m2 - KOMPLET REKONŠTRUKCIA - STRÁŽOVSKÁ - ZNALECKÝ POSUDOK A POISTENIE ZDARMA","address":"Strážovská, Bánovce nad Bebravou, okres Bánovce nad Bebravou","rooms":3,"meters":72,"totalPrice":129900,"meterSquarePrice":7,"link":"https://www.nehnutelnosti.sk/detail/JuBE1T4rkofC/3-izbovy-byt-72m2-komplet-rekonstrukcia-strazovska-znalecky-posudok-a-poistenie-zdarma","imagesUrls":["https://img.nehnutelnosti.sk/foto/NjAweDMzOC9maWx0ZXJzOnF1YWxpdHkoMTAwKS9uZWg=/WUlQ2m5vm_fss?st=U8UoODUW2lH2aHrQ9h7_YOFfHCkEsLuzM7UC1vWijds&ts=1724759032&e=0"]},{"title":"3 IZBOVÝ BYT - 86m2 - BALKON - KOMORA - ŠPAJZA - ZNALECKÝ POSUDOK A POISTENIE ZDARMA","address":"5. APRÍLA, Bánovce nad Bebravou, okres Bánovce nad Bebravou","rooms":3,"meters":86,"totalPrice":125000,"meterSquarePrice":9,"link":"https://www.nehnutelnosti.sk/detail/JuD73Jq6w-y/3-izbovy-byt-86m2-balkon-komora-spajza-znalecky-posudok-a-poistenie-zdarma","imagesUrls":["https://img.nehnutelnosti.sk/foto/NjAweDMzOC9maWx0ZXJzOnF1YWxpdHkoMTAwKS9uZWg=/41YLMTHCbl_fss?st=bPgX5aUrwCLoXpqLA0OHAfuGvSoO9Zdj7avNbZ6SS5Y&ts=1726074584&e=0"]},{"title":"1 IZBOVÝ BYT - 28m2 - BAURING - HVIEZDNA - ZNALECKÝ POSUDOK A POISTENIE ZDARMA","address":"Hviezdna, Komárno, okres Komárno","rooms":1,"meters":28,"totalPrice":49900,"meterSquarePrice":4,"link":"https://www.nehnutelnosti.sk/detail/JulSIoAPfFE/1-izbovy-byt-28m2-bauring-hviezdna-znalecky-posudok-a-poistenie-zdarma","imagesUrls":["https://img.nehnutelnosti.sk/foto/NjAweDMzOC9maWx0ZXJzOnF1YWxpdHkoMTAwKS9uZWg=/-nsbLXBFD_fss?st=oT1Q7hkGhvNEW3ST1UCAECvQp0BM5fLLm1mqU6jqWKs&ts=1724759040&e=0"]},{"title":"3 IZBOVÝ BYT - LÁNSKA - 65m2 - ZNALECKÝ POSUDOK A POISTENIE ZDARMA","address":"Lánska, Považská Bystrica, okres Považská Bystrica","rooms":3,"meters":65,"totalPrice":116900,"meterSquarePrice":6,"link":"https://www.nehnutelnosti.sk/detail/JuMizOGIU8z/3-izbovy-byt-lanska-65m2-znalecky-posudok-a-poistenie-zdarma","imagesUrls":["https://img.nehnutelnosti.sk/foto/NjAweDMzOC9maWx0ZXJzOnF1YWxpdHkoMTAwKS9uZWg=/cjCXe8YMx_fss?st=kmH-R0qwa5FxMBYH7NqNJE6t5aXLUJJWZnggANG2VvA&ts=1724759021&e=0"]},{"title":"3 IZBOVÝ BYT - 63m2 - REKONŠTRUKCIA - CYRILA A METODA - ZNALECKÝ POSUDOK A POISTENIE ZDARMA","address":"Cyrila a Metoda, Bánovce nad Bebravou, okres Bánovce nad Bebravou","rooms":3,"meters":63,"totalPrice":117500,"meterSquarePrice":8,"link":"https://www.nehnutelnosti.sk/detail/JueW65HDpsQ/3-izbovy-byt-63m2-rekonstrukcia-cyrila-a-metoda-znalecky-posudok-a-poistenie-zdarma","imagesUrls":["https://img.nehnutelnosti.sk/foto/NjAweDMzOC9maWx0ZXJzOnF1YWxpdHkoMTAwKS9uZWg=/FzBu80eVp_fss?st=NDhIMfbeyCI68vQKUzikTnrsNMncBdby2ufAWAWWmGc&ts=1724759038&e=0"]},{"title":"2 IZBOVÝ BYT - 45m2 - PODLUŽANY - BALKÓN - GARÁŽ - ZNALECKÝ POSUDOK A POISTENIE ZDARMA","address":"Podlužany, Podlužany, Levice, okres Levice","rooms":2,"meters":45,"totalPrice":79900,"meterSquarePrice":6,"link":"https://www.nehnutelnosti.sk/detail/Ju9oBpiquk_/2-izbovy-byt-45m2-podluzany-balkon-garaz-znalecky-posudok-a-poistenie-zdarma","imagesUrls":["https://img.nehnutelnosti.sk/foto/NjAweDMzOC9maWx0ZXJzOnF1YWxpdHkoMTAwKS9uZWg=/CFasnqr3E_fss?st=qG_CKqcTR-dUVRFpun63adopabY0pHWxeRfYb-w49uo&ts=1724759041&e=0"]},{"title":"2 IZBOVÝ BYT - 65m2 - REKONŠTRUKCIA - PRIBINOVA - ZNALECKÝ POSUDOK A POISTENIE ZDARMA","address":"Pribinova, Púchov, okres Púchov","rooms":2,"meters":80,"totalPrice":119900,"meterSquarePrice":5,"link":"https://www.nehnutelnosti.sk/detail/Ju6oLsJFvxDp/2-izbovy-byt-65m2-rekonstrukcia-pribinova-znalecky-posudok-a-poistenie-zdarma","imagesUrls":["https://img.nehnutelnosti.sk/foto/NjAweDMzOC9maWx0ZXJzOnF1YWxpdHkoMTAwKS9uZWg=/uJeMhuZbyG_fss?st=e4fXXpCOeZ5Gry9nIvO-TkdxUmKOftqAmrkAubbL9Io&ts=1724759022&e=0"]},{"title":"2 IZBOVÝ BYT - 53m2 - REKONŠTRUKCIA - PALKOVIČOVA - ZNALECKÝ POSUDOK A POISTENIE ZDARMA","address":"Palkovičova, Bánovce nad Bebravou, okres Bánovce nad Bebravou","rooms":2,"meters":53,"totalPrice":null,"meterSquarePrice":null,"link":"https://www.nehnutelnosti.sk/detail/JuPILLa3ofY/2-izbovy-byt-53m2-rekonstrukcia-palkovicova-znalecky-posudok-a-poistenie-zdarma","imagesUrls":["https://img.nehnutelnosti.sk/foto/NjAweDMzOC9maWx0ZXJzOnF1YWxpdHkoMTAwKS9uZWg=/K_eQ9k0-P_fss?st=39b07l6nfwptQf229GUzwN5n8yUVqZdaQZuKKz2lDa4&ts=1724679493&e=0"]},{"title":"PRIPRAVUJEME - 3 IZBOVÝ BYT - 80m2 - FAJN LOKALITA - ZNALECKÝ POSUDOK A POISTENIE ZDARMA","address":"MYJAVA, Myjava, okres Myjava","rooms":3,"meters":80,"totalPrice":96000,"meterSquarePrice":0,"link":"https://www.nehnutelnosti.sk/detail/JuGDVxZly3P/pripravujeme-3-izbovy-byt-80m2-fajn-lokalita-znalecky-posudok-a-poistenie-zdarma","imagesUrls":["https://img.nehnutelnosti.sk/foto/NjAweDMzOC9maWx0ZXJzOnF1YWxpdHkoMTAwKS9uZWg=/eDWb63l1F_fss?st=7VY7pFnFl3v0SEXnOQA4mTQuobAPjYLXYfMc1XlC9pQ&ts=1724759038&e=0"]},{"title":"2 IZBOVÝ BYT - 60m2 - ROZKVET - KOMPLET REKONŠTRUKCIA - ZNALECKÝ POSUDOK A POISTENIE ZDARMA","address":"Rozkvet, Považská Bystrica, okres Považská Bystrica","rooms":2,"meters":60,"totalPrice":145900,"meterSquarePrice":7,"link":"https://www.nehnutelnosti.sk/detail/Juh4MKGxVOh-/2-izbovy-byt-60m2-rozkvet-komplet-rekonstrukcia-znalecky-posudok-a-poistenie-zdarma","imagesUrls":["https://img.nehnutelnosti.sk/foto/NjAweDMzOC9maWx0ZXJzOnF1YWxpdHkoMTAwKS9uZWg=/jZ-Mm4svde_fss?st=CDxfwfGEt-LZnAojNXCLkjmCYBfJbxFrlMLPl_4xuKs&ts=1724759027&e=0"]},{"title":"3.5 IZBOVÝ BYT - 75m2 - REKONŠTRUKCIA - GEN SVOBODU - ZNALECKÝ POSUDOK A POISTENIE ZDARMA","address":"Gen Svobodu, Partizánske, okres Partizánske","rooms":3,"meters":75,"totalPrice":99000,"meterSquarePrice":0,"link":"https://www.nehnutelnosti.sk/detail/JuT1-9SIiR8P/3-5-izbovy-byt-75m2-rekonstrukcia-gen-svobodu-znalecky-posudok-a-poistenie-zdarma","imagesUrls":["https://img.nehnutelnosti.sk/foto/NjAweDMzOC9maWx0ZXJzOnF1YWxpdHkoMTAwKS9uZWg=/4hullJkyL_fss?st=XNOjZwlc0VtwVDOnrarsZ11BE_6IbqY9NKrmPm-ZHc8&ts=1724759031&e=0"]},{"title":"3 IZBOVÝ BYT - 68m2 - NA LÚKACH - ZARIADENÉ - ZNALECKÝ POSUDOK","address":"Na Lúkach, Levice, okres Levice","rooms":3,"meters":68,"totalPrice":87500,"meterSquarePrice":6,"link":"https://www.nehnutelnosti.sk/detail/Jurg9A6aWuI/3-izbovy-byt-68m2-na-lukach-zariadene-znalecky-posudok","imagesUrls":["https://img.nehnutelnosti.sk/foto/NjAweDMzOC9maWx0ZXJzOnF1YWxpdHkoMTAwKS9uZWg=/1xDAxrOsY_fss?st=sgg7R8T3RC8XnSbtRNDimlpgVBzA-Ew9J57wr6hzWpQ&ts=1726460305&e=0"]},{"title":"1 IZBOVÝ BYT - 35m2 - ČIASTOČNÁ REKONŠTRUKCIA - ZNALECKÝ POSUDOK V CENE","address":"Tlmače, Tlmače, okres Levice","rooms":1,"meters":35,"totalPrice":43900,"meterSquarePrice":9,"link":"https://www.nehnutelnosti.sk/detail/JuTtfM8Vp7F/1-izbovy-byt-35m2-ciastocna-rekonstrukcia-znalecky-posudok-v-cene","imagesUrls":["https://img.nehnutelnosti.sk/foto/NjAweDMzOC9maWx0ZXJzOnF1YWxpdHkoMTAwKS9uZWg=/KfnIMpJWq_fss?st=FlP6IVxiKyNyRekWcZQ84n4oWup3Mskkoo7wMI6yyno&ts=1724758974&e=0"]},{"title":"1 IZBOVÝ BYT - 34m2 - UL 5 APRÍLA - ZNALECKÝ POSUDOK - FINANCOVANIE","address":"5 APRÍLA, Bánovce nad Bebravou, okres Bánovce nad Bebravou","rooms":1,"meters":34,"totalPrice":64900,"meterSquarePrice":2,"link":"https://www.nehnutelnosti.sk/detail/JupIJBZfCw_/1-izbovy-byt-34m2-ul-5-aprila-znalecky-posudok-financovanie","imagesUrls":["https://img.nehnutelnosti.sk/foto/NjAweDMzOC9maWx0ZXJzOnF1YWxpdHkoMTAwKS9uZWg=/ISeijrS4sd_fss?st=0Ux6Gl8KKp2ko7k_sfmJP4lxQlu8n397uoRu4ODclSw&ts=1724758971&e=0"]},{"title":"4 IZBOVÝ BYT - 81.67m2 - NÁBREŽNÁ - PRÍZEMIE - ZNALECKÝ POSUDOK","address":"Nábrežná, Nové Zámky, okres Nové Zámky","rooms":4,"meters":81,"totalPrice":98900,"meterSquarePrice":7,"link":"https://www.nehnutelnosti.sk/detail/JuIwoRt_f34/4-izbovy-byt-81-67m2-nabrezna-prizemie-znalecky-posudok","imagesUrls":["https://img.nehnutelnosti.sk/foto/NjAweDMzOC9maWx0ZXJzOnF1YWxpdHkoMTAwKS9uZWg=/xCdxnrb-n_fss?st=Xm3BTROwMEbu_-NJt_9S_3-kGqaUof_w76RMCrkS5bE&ts=1724758970&e=0"]},{"title":"2 IZBOVÝ BYT - 56m2 - REKONŠTRUKCIA - VLASTNÉ KÚRENIE - K NEMOCNICI - ZNALECKÝ POSUDOK","address":"K NEMOCNICI, Bánovce nad Bebravou, okres Bánovce nad Bebravou","rooms":2,"meters":56,"totalPrice":69900,"meterSquarePrice":1,"link":"https://www.nehnutelnosti.sk/detail/Ju3DweSp1Q1/2-izbovy-byt-56m2-rekonstrukcia-vlastne-kurenie-k-nemocnici-znalecky-posudok","imagesUrls":["https://img.nehnutelnosti.sk/foto/NjAweDMzOC9maWx0ZXJzOnF1YWxpdHkoMTAwKS9uZWg=/ShjC-Jw5o_fss?st=13NyqnYjqO6P0xAXIVaaSqYm0FF-KrIDZ1RS3NyPblI&ts=1724758971&e=0"]},{"title":"REZERVOVANÉ - 3 IZBOVÝ BYT - 60m2 - KONOPNÁ - KOMPLET REKONŠTRUKCIA - ZNALECKÝ POSUDOK V CENE","address":"Konopná, Levice, okres Levice","rooms":3,"meters":60,"totalPrice":null,"meterSquarePrice":null,"link":"https://www.nehnutelnosti.sk/detail/Ju9iZuCApX6/rezervovane-3-izbovy-byt-60m2-konopna-komplet-rekonstrukcia-znalecky-posudok-v-cene","imagesUrls":["https://img.nehnutelnosti.sk/foto/NjAweDMzOC9maWx0ZXJzOnF1YWxpdHkoMTAwKS9uZWg=/oM2nOydDe_fss?st=XuOngYTbDgL-ZEY7m_kypJodjQxaJdBLzn24OYa7rn4&ts=1724758979&e=0"]},{"title":"2 IZBOVÝ BYT - 68m2 - BELLOVA - BEZ BALKÓNU - POVODNÝ STAV - ZNALECKÝ POSUDOK A ROČNÉ POISTENIE V CE","address":"BELLOVA, Nitra, okres Nitra","rooms":2,"meters":68,"totalPrice":110000,"meterSquarePrice":5,"link":"https://www.nehnutelnosti.sk/detail/JuKhV7CQFRq/2-izbovy-byt-68m2-bellova-bez-balkonu-povodny-stav-znalecky-posudok-a-rocne-poistenie-v-ce","imagesUrls":["https://img.nehnutelnosti.sk/foto/NjAweDMzOC9maWx0ZXJzOnF1YWxpdHkoMTAwKS9uZWg=/EfqfGmg82_fss?st=1psuG37BZj4qWom03mNciHCDpldauaauXhcmpg99HYY&ts=1725532680&e=0"]},{"title":"2 IZBOVÝ BYT - 64m2 - NÁBREŽNÁ - ZNALECKÝ POSUDOK","address":"NÁBREŽNÁ, Nové Zámky, okres Nové Zámky","rooms":2,"meters":64,"totalPrice":79900,"meterSquarePrice":4,"link":"https://www.nehnutelnosti.sk/detail/JuRaagb415j/2-izbovy-byt-64m2-nabrezna-znalecky-posudok","imagesUrls":["https://img.nehnutelnosti.sk/foto/NjAweDMzOC9maWx0ZXJzOnF1YWxpdHkoMTAwKS9uZWg=/2i4sNKSXQ_fss?st=jkR7Q8SaY15SLCcVivjhy5AoDnghBhnpuPBn3gpqW98&ts=1724758926&e=0"]},{"title":"2 IZBOVÝ BYT - 62m2 - CENTRUM - KOLLÁROVA - POVODNÝ STAV - ZNALECKÝ POSUDOK","address":"Kollárova, Nitra, okres Nitra","rooms":2,"meters":62,"totalPrice":null,"meterSquarePrice":null,"link":"https://www.nehnutelnosti.sk/detail/JuTV-4MHE2L/2-izbovy-byt-62m2-centrum-kollarova-povodny-stav-znalecky-posudok","imagesUrls":["https://img.nehnutelnosti.sk/foto/NjAweDMzOC9maWx0ZXJzOnF1YWxpdHkoMTAwKS9uZWg=/Ep1suSnG5_fss?st=OL3nKMA5trqmfaBSTwzD4GKZmGZjuUodVqUxH0bYWZc&ts=1724758940&e=0"]}]