[{"title":"Na predaj garsónka Prievidza FM1921","address":"Falešníka, Prievidza, okres Prievidza","rooms":null,"meters":16,"totalPrice":40000,"meterSquarePrice":0,"link":"https://www.nehnutelnosti.sk/detail/Ju2MN6qAAXx/na-predaj-garsonka-prievidza-fm1921","imagesUrls":["https://img.nehnutelnosti.sk/foto/NjAweDMzOC9maWx0ZXJzOnF1YWxpdHkoMTAwKS9uZWg=/rZHyLCONfA_fss?st=457XumcKNa1lLrelkjbeWhhS3w-5V30wud7DjPMgTaQ&ts=1725483803&e=0"]},{"title":"BV REAL na predaj 3 izbový byt Prievidza FM1932","address":"Sama Chalúpku, Prievidza, okres Prievidza","rooms":3,"meters":73,"totalPrice":88000,"meterSquarePrice":8,"link":"https://www.nehnutelnosti.sk/detail/Ju83cIglLKs/bv-real-na-predaj-3-izbovy-byt-prievidza-fm1932","imagesUrls":["https://t1.aimg.sk/inzercie/ne_orig_103151736_byty-3-izbovy-byt-banska-bystrica-bv-real-na-predaj-3-izbovy-byt-prievidza-fm1932.jpg?t=LzYwMHgzMzgvZmlsdGVyczpxdWFsaXR5KDgwKQ%3D%3D&h=nj7KG1hBgXMc9ncIbmMFjA&e=2145916800"]},{"title":"BV REAL na predaj prerobený 2 izbový byt Handlová FM1933","address":"Mostná, Handlová, okres Prievidza","rooms":2,"meters":38,"totalPrice":58000,"meterSquarePrice":2,"link":"https://www.nehnutelnosti.sk/detail/JuoHjav4dGx/bv-real-na-predaj-prerobeny-2-izbovy-byt-handlova-fm1933","imagesUrls":["https://t1.aimg.sk/inzercie/ne_orig_103151769_byty-2-izbovy-byt-banska-bystrica-bv-real-na-predaj-prerobeny-2-izbovy-byt-handlova.jpg?t=LzYwMHgzMzgvZmlsdGVyczpxdWFsaXR5KDgwKQ%3D%3D&h=avw_LIRcuZj8LrOWDyhY0Q&e=2145916800"]},{"title":"Na predaj 3 izb.byt, terasa, garáž, záhrada Prievidza FM1890","address":"-, Prievidza, okres Prievidza","rooms":3,"meters":88,"totalPrice":200850,"meterSquarePrice":9,"link":"https://www.nehnutelnosti.sk/detail/JuuJ0ifRJ6J/na-predaj-3-izb-byt-terasa-garaz-zahrada-prievidza-fm1890","imagesUrls":["https://img.nehnutelnosti.sk/foto/NjAweDMzOC9maWx0ZXJzOnF1YWxpdHkoMTAwKS9uZWg=/b3t8Df8lU_fss?st=1wN-83OwjnmkmZdToJUONi83dXs8IJdwHDLyd8vvyRE&ts=1726931817&e=0"]},{"title":"Na predaj 1 izbový byt Handlová FM1873","address":"29. augusta, Handlová, okres Prievidza","rooms":1,"meters":29,"totalPrice":45000,"meterSquarePrice":2,"link":"https://www.nehnutelnosti.sk/detail/JuQ_pJ2LZgu/na-predaj-1-izbovy-byt-handlova-fm1873","imagesUrls":["https://img.nehnutelnosti.sk/foto/NjAweDMzOC9maWx0ZXJzOnF1YWxpdHkoMTAwKS9uZWg=/d8iaz3wTj_fss?st=SFuJd-hZE4nhpjhdmkouqwHUXhSsJlXaSAago-TUZVM&ts=1724758263&e=0"]},{"title":"Na predaj 3 izbový byt 71 m2 Handlová FM1852","address":"Mostná, Handlová, okres Prievidza","rooms":3,"meters":71,"totalPrice":75000,"meterSquarePrice":4,"link":"https://www.nehnutelnosti.sk/detail/JuS0Ozsl7FS/na-predaj-3-izbovy-byt-71-m2-handlova-fm1852","imagesUrls":["https://t1.aimg.sk/inzercie/ne_orig_103151241_byty-3-izbovy-byt-banska-bystrica-na-predaj-3-izbovy-byt-71-m2-handlova-fm1852.jpg?t=LzYwMHgzMzgvZmlsdGVyczpxdWFsaXR5KDgwKQ%3D%3D&h=FdQrWDtHss0oGTklVTENfA&e=2145916800"]},{"title":"Na predaj 1 izbový byt 38 m2 s balkónom Handlová FM1842","address":"Československej armády, Handlová, okres Prievidza","rooms":1,"meters":38,"totalPrice":48500,"meterSquarePrice":2,"link":"https://www.nehnutelnosti.sk/detail/JuOzM9iHTd8/na-predaj-1-izbovy-byt-38-m2-s-balkonom-handlova-fm1842","imagesUrls":["https://t1.aimg.sk/inzercie/ne_orig_103151191_byty-1-izbovy-byt-banska-bystrica-na-predaj-1-izbovy-byt-38-m2-s-balkonom-handlova-.jpg?t=LzYwMHgzMzgvZmlsdGVyczpxdWFsaXR5KDgwKQ%3D%3D&h=_5AmE0mclJfq1hkXB8Xwzw&e=2145916800"]},{"title":"BV REAL na predaj 3 izbový byt Prievidza A. Stodolu FM1860","address":"A. Stodolu, Prievidza, okres Prievidza","rooms":3,"meters":65,"totalPrice":88890,"meterSquarePrice":4,"link":"https://www.nehnutelnosti.sk/detail/JucuMcXSspS/bv-real-na-predaj-3-izbovy-byt-prievidza-a-stodolu-fm1860","imagesUrls":["https://img.nehnutelnosti.sk/foto/NjAweDMzOC9maWx0ZXJzOnF1YWxpdHkoMTAwKS9uZWg=/U_wYZszdR_fss?st=s7FCbCD5oXYr9wAOjX_cVpB8TsygfpWoCB99d83qOeg&ts=1725972517&e=0"]},{"title":"BV REAL predaj 3 izbový byt 75 m2 Nitra Južná BV3029","address":"Južná, Nitra, okres Nitra","rooms":3,"meters":75,"totalPrice":169000,"meterSquarePrice":3,"link":"https://www.nehnutelnosti.sk/detail/Ju78ObmeoGF/bv-real-predaj-3-izbovy-byt-75-m2-nitra-juzna-bv3029","imagesUrls":["https://img.nehnutelnosti.sk/foto/NjAweDMzOC9maWx0ZXJzOnF1YWxpdHkoMTAwKS9uZWg=/lFYWXmUYD_fss?st=TcXWA84NuJ1-8fK1CiwMtJQVfuaypZm5xnaGRxYfGTQ&ts=1725436717&e=0"]},{"title":"Na predaj garsónka Handlová FM1781","address":"Československej Armády, Handlová, okres Prievidza","rooms":null,"meters":27,"totalPrice":39990,"meterSquarePrice":1,"link":"https://www.nehnutelnosti.sk/detail/JutBGBngm6P/na-predaj-garsonka-handlova-fm1781","imagesUrls":["https://img.nehnutelnosti.sk/foto/NjAweDMzOC9maWx0ZXJzOnF1YWxpdHkoMTAwKS9uZWg=/alE2U1_LQ_fss?st=OLMuMn5EhGKAlDrev0Qe3c1FwZJE9pS9dQfMNqdOZm0&ts=1725382002&e=0"]},{"title":"Na predaj veľkometrážny 4 izbový byt 106 m2 Handlová FM1810","address":"29.augusta, Handlová, okres Prievidza","rooms":4,"meters":106,"totalPrice":83500,"meterSquarePrice":4,"link":"https://www.nehnutelnosti.sk/detail/JurNR_RwEZ_/na-predaj-velkometrazny-4-izbovy-byt-106-m2-handlova-fm1810","imagesUrls":["https://t1.aimg.sk/inzercie/ne_orig_103151125_byty-4-izbovy-byt-banska-bystrica-na-predaj-velkometrazny-4-izbovy-byt-106-m2-handl.jpg?t=LzYwMHgzMzgvZmlsdGVyczpxdWFsaXR5KDgwKQ%3D%3D&h=QEV2u7XdhIKkCtXQsQz1pQ&e=2145916800"]},{"title":"Výmena alebo predaj 1 izbový byt Prievidza FM1688","address":"Veľkonecpalská, Prievidza, okres Prievidza","rooms":1,"meters":31,"totalPrice":62000,"meterSquarePrice":0,"link":"https://www.nehnutelnosti.sk/detail/JuzeVsbSNPw/vymena-alebo-predaj-1-izbovy-byt-prievidza-fm1688","imagesUrls":["https://t1.aimg.sk/inzercie/ne_orig_103150883_byty-1-izbovy-byt-banska-bystrica-vymena-alebo-predaj-1-izbovy-byt-prievidza-fm1688.jpg?t=LzYwMHgzMzgvZmlsdGVyczpxdWFsaXR5KDgwKQ%3D%3D&h=3oiGuYI5XzKJ8C2BGV8-bg&e=2145916800"]},{"title":"Na predaj 2 izbový byt Žiar nad Hronom FM1714","address":"Dr. Jánskeho, Žiar nad Hronom, okres Žiar nad Hronom","rooms":2,"meters":51,"totalPrice":61000,"meterSquarePrice":8,"link":"https://www.nehnutelnosti.sk/detail/JubA_mRDMgS/na-predaj-2-izbovy-byt-ziar-nad-hronom-fm1714","imagesUrls":["https://t1.aimg.sk/inzercie/ne_orig_103150910_byty-2-izbovy-byt-banska-bystrica-na-predaj-2-izbovy-byt-ziar-nad-hronom-fm1714.jpg?t=LzYwMHgzMzgvZmlsdGVyczpxdWFsaXR5KDgwKQ%3D%3D&h=pdGGPAupq-nDAIy8PAVdvg&e=2145916800"]},{"title":"BV REAL na predaj 2 izbový byt Prievidza FM1415","address":"Gazdovská, Prievidza, okres Prievidza","rooms":2,"meters":50,"totalPrice":93000,"meterSquarePrice":0,"link":"https://www.nehnutelnosti.sk/detail/Juk0rvNxpbL/bv-real-na-predaj-2-izbovy-byt-prievidza-fm1415","imagesUrls":["https://img.nehnutelnosti.sk/foto/NjAweDMzOC9maWx0ZXJzOnF1YWxpdHkoMTAwKS9uZWg=/xqboPJTWiD_fss?st=PX4gJfnhX4g7MVa0u7mGR_f2RF2R_QpKd0OxGV3Pgjg&ts=1724757792&e=0"]},{"title":"Na predaj zariadený 2 izbový byt v novostavbe Nováky FM1643","address":"Štúrova, Nováky, okres Prievidza","rooms":2,"meters":55,"totalPrice":105900,"meterSquarePrice":4,"link":"https://www.nehnutelnosti.sk/detail/JuvTwfWL47o/na-predaj-zariadeny-2-izbovy-byt-v-novostavbe-novaky-fm1643","imagesUrls":["https://img.nehnutelnosti.sk/foto/NjAweDMzOC9maWx0ZXJzOnF1YWxpdHkoMTAwKS9uZWg=/0njMdPu77L_fss?st=-wZyQqaateEEoEbT47vNjv25B0nufsDgtAf2ZfFlKr4&ts=1721897680&e=0"]},{"title":"BV REAL na predaj 2 izbový byt 56 m2 Handlová BV3015","address":"Dimitrovova, Handlová, okres Prievidza","rooms":2,"meters":56,"totalPrice":56990,"meterSquarePrice":8,"link":"https://www.nehnutelnosti.sk/detail/JuHp21yTrQK/bv-real-na-predaj-2-izbovy-byt-56-m2-handlova-bv3015","imagesUrls":["https://img.nehnutelnosti.sk/foto/NjAweDMzOC9maWx0ZXJzOnF1YWxpdHkoMTAwKS9uZWg=/LYcC7ygrI_fss?st=qvyiX8QQ49QUMHGmNKBZ4soJvVY4U3oJfOIN36aA0yg&ts=1724757810&e=0"]},{"title":"Predaj 2-izb. bytu s parkovaním na Vyšehradskej ul.","address":"Vyšehradská, Bratislava V - Petržalka, okres Bratislava","rooms":2,"meters":62,"totalPrice":220000,"meterSquarePrice":9,"link":"https://www.nehnutelnosti.sk/detail/JuMRh2pVpm-/predaj-2-izb-bytu-s-parkovanim-na-vysehradskej-ul","imagesUrls":["https://img.nehnutelnosti.sk/foto/NjAweDMzOC9maWx0ZXJzOnF1YWxpdHkoMTAwKS9uZWg=/7TutQ2dQN_fss?st=32Z2P8qYYhwKaB_u7hunvLc7A-JgEt-pdfgd0-iBLhk&ts=1723497032&e=0"]},{"title":"NA PREDAJ, 2-izbový byt, Trenčín","address":"Trenčín, okres Trenčín","rooms":2,"meters":53,"totalPrice":105000,"meterSquarePrice":3,"link":"https://www.nehnutelnosti.sk/detail/JuoZEzQ_ec1/na-predaj-2-izbovy-byt-trencin","imagesUrls":["https://img.nehnutelnosti.sk/foto/NjAweDMzOC9maWx0ZXJzOnF1YWxpdHkoMTAwKS9uZWg=/nxmqW7YtS_fss?st=5xCkVwoOt6VNPDERPGf9-VCmY2CXXpS42qX60iGDwjo&ts=1727023418&e=0"]},{"title":"Priestranný 3 izbový byt s výbornou dispozíciou na kúpu ihneď","address":"Stavbárska, Bratislava II - Vrakuňa, okres Bratislava","rooms":3,"meters":77,"totalPrice":159990,"meterSquarePrice":9,"link":"https://www.nehnutelnosti.sk/detail/JuWFWg04KTR/priestranny-3-izbovy-byt-s-vybornou-dispoziciou-na-kupu-ihned","imagesUrls":["https://img.unitedclassifieds.sk/foto/NjAweDMzOC9maWx0ZXJzOnF1YWxpdHkoMTAwKS9qdWw=/DfaTqPdGf_fss?st=fGCQSZfk4qFnFpok_12WTqugmi4_PQFNLNUeZs2tSZY&ts=1716976906&e=0"]},{"title":"Predaj - 1i byt v novostavbe s veľkým balkónom v blízkosti centra, v projekte City Park Ružinov, na","address":"Plynárenská, Bratislava II - Ružinov, okres Bratislava","rooms":1,"meters":47,"totalPrice":212900,"meterSquarePrice":4,"link":"https://www.nehnutelnosti.sk/detail/Ju_RcxKmVbs/predaj-1i-byt-v-novostavbe-s-velkym-balkonom-v-blizkosti-centra-v-projekte-city-park-ruzinov-na","imagesUrls":["https://img.nehnutelnosti.sk/foto/NjAweDMzOC9maWx0ZXJzOnF1YWxpdHkoMTAwKS9uZWg=/bUYxR5R1hy_fss?st=bXWbFJ2oFpiI8x5GIBmH_5yjhVWHfOIBzErw97N5_L8&ts=1719907581&e=0"]},{"title":"Lukratívny 1 izb. apartmán so super predzáhradkou, A4 BlueWave Riverside Piešťany","address":"Banka, Piešťany, okres Piešťany","rooms":1,"meters":31,"totalPrice":150900,"meterSquarePrice":7,"link":"https://www.nehnutelnosti.sk/detail/JugGkG-Cwc9/lukrativny-1-izb-apartman-so-super-predzahradkou-a4-bluewave-riverside-piestany","imagesUrls":["https://img.nehnutelnosti.sk/foto/NjAweDMzOC9maWx0ZXJzOnF1YWxpdHkoMTAwKS9uZWg=/2qaWrcbaC_fss?st=TjskQ5WyBbQ7qiXsphCAhVu2jxKJyUVjv-Dlzz0k7-c&ts=1726312718&e=0"]},{"title":"Lukratívny, nový 2-izbový byt B20 BlueWave Riverside Piešťany","address":"Banka, Piešťany, okres Piešťany","rooms":2,"meters":69,"totalPrice":249400,"meterSquarePrice":0,"link":"https://www.nehnutelnosti.sk/detail/Jud0TgsBHhP/lukrativny-novy-2-izbovy-byt-b20-bluewave-riverside-piestany","imagesUrls":["https://img.nehnutelnosti.sk/foto/NjAweDMzOC9maWx0ZXJzOnF1YWxpdHkoMTAwKS9uZWg=/Oe-YUURr3k_fss?st=ET4Z95vw3xDHftcWa4KADi31CHUA6p-zkpHy9GDuCoo&ts=1726312711&e=0"]},{"title":"Byty na Predaj v Kremnici: Projekt Galandov Majer","address":"Kremnica, okres Žiar nad Hronom","rooms":2,"meters":42,"totalPrice":105100,"meterSquarePrice":8,"link":"https://www.nehnutelnosti.sk/detail/JuaXbpgxAAV/byty-na-predaj-v-kremnici-projekt-galandov-majer","imagesUrls":["https://img.nehnutelnosti.sk/foto/NjAweDMzOC9maWx0ZXJzOnF1YWxpdHkoMTAwKS9uZWg=/y6VtshAvw_fss?st=2UWlTok4oS935JLv0CfQmICH1_xqyN-d8AA7ajH4ft4&ts=1724181452&e=0"]},{"title":"1i byt s loggiou na pokojnej adrese","address":"Nad Laborcom, Michalovce, okres Michalovce","rooms":1,"meters":35,"totalPrice":67890,"meterSquarePrice":6,"link":"https://www.nehnutelnosti.sk/detail/JuyqxuSh-9k/1i-byt-s-loggiou-na-pokojnej-adrese","imagesUrls":["https://img.nehnutelnosti.sk/foto/NjAweDMzOC9maWx0ZXJzOnF1YWxpdHkoMTAwKS9uZWg=/QN-wa34im_fss?st=IVFsWtCtcEB-bCPUTvF5zyJTh2_XMt_1GqwXMJqMB4I&ts=1723536061&e=0"]},{"title":"Predaj 2-izbového bytu 53,53m2, Legerského, Nové Mesto- Bratislava","address":"Legerského, Bratislava III - Nové Mesto, okres Bratislava","rooms":2,"meters":53,"totalPrice":183000,"meterSquarePrice":4,"link":"https://www.nehnutelnosti.sk/detail/JuLVQm-BSVH/predaj-2-izboveho-bytu-53-53m2-legerskeho-nove-mesto-bratislava","imagesUrls":["https://img.unitedclassifieds.sk/foto/NjAweDMzOC9maWx0ZXJzOnF1YWxpdHkoMTAwKS9qdWw=/SwkT1f4GQ5_fss?st=7m02a64Nra5xqLIhZIX__ZnfLBxoVJqwuWQG920EW-U&ts=1726311006&e=0"]},{"title":"REZERVOVANÉ Ponúkame na predaj NOVINKU","address":"Tbiliská, Bratislava III - Rača, okres Bratislava","rooms":4,"meters":74,"totalPrice":null,"meterSquarePrice":null,"link":"https://www.nehnutelnosti.sk/detail/JuWYeA1NXAJ/rezervovane-ponukame-na-predaj-novinku","imagesUrls":["https://img.nehnutelnosti.sk/foto/NjAweDMzOC9maWx0ZXJzOnF1YWxpdHkoMTAwKS9uZWg=/1S7OQNgAY_fss?st=30LgLHcs5hWiBx6BdeS1LVDmJlnDHgd4xexAAH0ULxU&ts=1726311000&e=0"]},{"title":"3-izbový strešný, nadštandardný v novostavbe s dvomi terasami, centrum","address":"Rudlovská cesta, Banská Bystrica, okres Banská Bystrica","rooms":3,"meters":141,"totalPrice":459900,"meterSquarePrice":0,"link":"https://www.nehnutelnosti.sk/detail/JuSXn4R9TWt/3-izbovy-stresny-nadstandardny-v-novostavbe-s-dvomi-terasami-centrum","imagesUrls":["https://img.nehnutelnosti.sk/foto/NjAweDMzOC9maWx0ZXJzOnF1YWxpdHkoMTAwKS9uZWg=/FUxTPOJpEM_fss?st=wQNeoncwL7V37tyKiLSJwHBL5eQVcXeuX0ovfjkMI_I&ts=1726310991&e=0"]},{"title":"Veľký 3-izbový byt v Radvani, 74 m2","address":"Radvanská, Banská Bystrica, okres Banská Bystrica","rooms":3,"meters":74,"totalPrice":145000,"meterSquarePrice":6,"link":"https://www.nehnutelnosti.sk/detail/Ju7KZrwKAKv/velky-3-izbovy-byt-v-radvani-74-m2","imagesUrls":["https://img.nehnutelnosti.sk/foto/NjAweDMzOC9maWx0ZXJzOnF1YWxpdHkoMTAwKS9uZWg=/pgpG-VssAB_fss?st=0WEZ-m1jspUjGosdu8Oxw32k_tWl5v4EpiCJnQaS49k&ts=1726310987&e=0"]},{"title":"KOMPLETNE ZARIADENÝ, 2 IZBOVÝ BYT NA PREDAJ, PRIEVIDZA","address":"Nábrežie Gorazdovo, Prievidza, okres Prievidza","rooms":2,"meters":67,"totalPrice":114900,"meterSquarePrice":3,"link":"https://www.nehnutelnosti.sk/detail/JuyV1ZPnMep/kompletne-zariadeny-2-izbovy-byt-na-predaj-prievidza","imagesUrls":["https://img.nehnutelnosti.sk/foto/NjAweDMzOC9maWx0ZXJzOnF1YWxpdHkoMTAwKS9uZWg=/g0tN31Qg3q_fss?st=GgJWEt1Db343JLOWtm5xsOZEIGJB0kSjNg3SVBLtnSA&ts=1726310981&e=0"]},{"title":"Ponúkame na predaj byt v CENTRE za skvelú cenu","address":"Šafárikova, Senec, okres Senec","rooms":null,"meters":83,"totalPrice":159990,"meterSquarePrice":9,"link":"https://www.nehnutelnosti.sk/detail/Ju9f15Yl8II/ponukame-na-predaj-byt-v-centre-za-skvelu-cenu","imagesUrls":["https://img.nehnutelnosti.sk/foto/NjAweDMzOC9maWx0ZXJzOnF1YWxpdHkoMTAwKS9uZWg=/zATuLO8zj_fss?st=P7QiDEv3dBYe9q-N934o3K6m1xnpaUQbEBHS5NO88ZM&ts=1726310281&e=0"]}]