[{"title":"Krásny 3-izbový byt v novostavbe v uzavretom areáli, Piešťany","address":"Hospodárska, Piešťany, okres Piešťany","rooms":3,"meters":80,"totalPrice":219000,"meterSquarePrice":0,"link":"https://www.nehnutelnosti.sk/detail/Juzajk-74I_/krasny-3-izbovy-byt-v-novostavbe-v-uzavretom-areali-piestany","imagesUrls":["https://img.nehnutelnosti.sk/foto/NjAweDMzOC9maWx0ZXJzOnF1YWxpdHkoMTAwKS9uZWg=/N57YYAAL85_fss?st=3YlsOSXGluxJ1qB3m_1MFE9H7lFEPrR9CrEVgvgpupc&ts=1724230038&e=0"]},{"title":"3-izbový byt s park.miestom, novostavba TILIA-krásne prostredie, Piešťany-Banka","address":"Piešťany, okres Piešťany","rooms":3,"meters":80,"totalPrice":1,"meterSquarePrice":1,"link":"https://www.nehnutelnosti.sk/detail/JuiLVhExZho/3-izbovy-byt-s-park-miestom-novostavba-tilia-krasne-prostredie-piestany-banka","imagesUrls":["https://img.nehnutelnosti.sk/foto/NjAweDMzOC9maWx0ZXJzOnF1YWxpdHkoMTAwKS9uZWg=/eIk_8iqS2_fss?st=OeiVKwb4ImCrvv-UoRiXDlyulmQamkYahw40AasIk4E&ts=1687177353&e=0"]},{"title":"Pekný 2-podlažný 2-izbový byt 68m2, ul. Čachtická, Piešťany","address":"Čachtická, Piešťany, okres Piešťany","rooms":2,"meters":68,"totalPrice":153000,"meterSquarePrice":0,"link":"https://www.nehnutelnosti.sk/detail/JuaFY3ecGnj/pekny-2-podlazny-2-izbovy-byt-68m2-ul-cachticka-piestany","imagesUrls":["https://img.nehnutelnosti.sk/foto/NjAweDMzOC9maWx0ZXJzOnF1YWxpdHkoMTAwKS9uZWg=/CmxwZrrjil_fss?st=4h8l4Bk-qEbVFmP6MtBlKeeRDEySxGXnQKMZh63qAFM&ts=1723549753&e=0"]},{"title":"REZERVOVANÉ Krásny a veľký 1,5-izbový byt/40m2, balkón, Piešťany","address":"Čachtická, Piešťany, okres Piešťany","rooms":1,"meters":40,"totalPrice":119000,"meterSquarePrice":5,"link":"https://www.nehnutelnosti.sk/detail/Juqi7HGItos/rezervovane-krasny-a-velky-1-5-izbovy-byt-40m2-balkon-piestany","imagesUrls":["https://img.nehnutelnosti.sk/foto/NjAweDMzOC9maWx0ZXJzOnF1YWxpdHkoMTAwKS9uZWg=/EOTmgjCj8_fss?st=XjODx_UfUoaTCzfNlyacw2niplO2lvMoD72zxOKRe20&ts=1718745020&e=0"]},{"title":"Byt v prírode! Na predaj 2-izbový byt s garážou, novostavba, Piešťany-Banka","address":"Odborárska, Piešťany, okres Piešťany","rooms":2,"meters":54,"totalPrice":null,"meterSquarePrice":null,"link":"https://www.nehnutelnosti.sk/detail/JuMVztzl9Mq/byt-v-prirode-na-predaj-2-izbovy-byt-s-garazou-novostavba-piestany-banka","imagesUrls":["https://img.nehnutelnosti.sk/foto/NjAweDMzOC9maWx0ZXJzOnF1YWxpdHkoMTAwKS9uZWg=/CKh4W4VJE_fss?st=C8Aiy24SPhh6248qJFCw5h8z__AInc4Wi_FtgrmfWww&ts=1723623054&e=0"]},{"title":"Na predaj 2-izbový byt v projekte tatryPARK RESIDENCE v Tatranskej Štrbe","address":"Vysoké Tatry, okres Poprad","rooms":2,"meters":66,"totalPrice":310000,"meterSquarePrice":7,"link":"https://www.nehnutelnosti.sk/detail/Ju-Lr0RGmua/na-predaj-2-izbovy-byt-v-projekte-tatrypark-residence-v-tatranskej-strbe","imagesUrls":["https://img.nehnutelnosti.sk/foto/NjAweDMzOC9maWx0ZXJzOnF1YWxpdHkoMTAwKS9uZWg=/cHRfBRpPf_fss?st=SibBMNX6lhMals5QLvY5ezYCCBcVUl8Jg0b8L7xrYo4&ts=1724227506&e=0"]},{"title":"Na predaj 1-izbový byt v projekte tatryPARK RESIDENCE v Tatranskej Štrbe","address":"Vysoké Tatry, okres Poprad","rooms":1,"meters":59,"totalPrice":238500,"meterSquarePrice":7,"link":"https://www.nehnutelnosti.sk/detail/Ju-lzA4PX1-/na-predaj-1-izbovy-byt-v-projekte-tatrypark-residence-v-tatranskej-strbe","imagesUrls":["https://img.nehnutelnosti.sk/foto/NjAweDMzOC9maWx0ZXJzOnF1YWxpdHkoMTAwKS9uZWg=/oSxM0BRRc_fss?st=XEPbJQSxrWJiOtRVSM61eJk6f6yrOE-_rVP1vc9Zmv0&ts=1724227504&e=0"]},{"title":"Ponúkam na predaj zaujímavý byt vo vyhľadávanej lokalite v Žiline","address":"Žilina, Žilina, okres Žilina","rooms":3,"meters":null,"totalPrice":null,"meterSquarePrice":null,"link":"https://www.nehnutelnosti.sk/detail/JuFisWO342i/ponukam-na-predaj-zaujimavy-byt-vo-vyhladavanej-lokalite-v-ziline","imagesUrls":["https://img.nehnutelnosti.sk/foto/NjAweDMzOC9maWx0ZXJzOnF1YWxpdHkoMTAwKS9uZWg=/jHJoMyQ0l_fss?st=g4ZYeQF0BeiNYKhQsrGQN6jJGmMhdXELpV-XKARG8d0&ts=1716446075&e=0"]},{"title":"Na predaj 3-izbový byt v projekte tatryPARK RESIDENCE v Tatranskej Štrbe","address":"Tatranská Štrba, Vysoké Tatry, okres Poprad","rooms":3,"meters":109,"totalPrice":386750,"meterSquarePrice":7,"link":"https://www.nehnutelnosti.sk/detail/JuPkjbPF-nY/na-predaj-3-izbovy-byt-v-projekte-tatrypark-residence-v-tatranskej-strbe","imagesUrls":["https://img.nehnutelnosti.sk/foto/NjAweDMzOC9maWx0ZXJzOnF1YWxpdHkoMTAwKS9uZWg=/XzmVLiOhE_fss?st=VKgwJToyOtLyTi2t2hFe-qBxAd2bMnxz9XQxD_EGacA&ts=1724226924&e=0"]},{"title":"Na predaj 1-izbový byt v projekte tatryPARK RESIDENCE v Tatranskej Štrbe","address":"Tatranská Štrba, Vysoké Tatry, okres Poprad","rooms":1,"meters":41,"totalPrice":168000,"meterSquarePrice":6,"link":"https://www.nehnutelnosti.sk/detail/JuzbMv_Yh5W/na-predaj-1-izbovy-byt-v-projekte-tatrypark-residence-v-tatranskej-strbe","imagesUrls":["https://img.nehnutelnosti.sk/foto/NjAweDMzOC9maWx0ZXJzOnF1YWxpdHkoMTAwKS9uZWg=/dqobqZROe_fss?st=y6YBSE-W-krkWHbc2JMKuOn_rZ9lspsDv2qWVE_fmps&ts=1724226681&e=0"]},{"title":"*EXKLUZÍVNE* Na predaj nízkoenergetický 3-izbový byt s pozemkom v obci Chvojnica – Myjava","address":"Myjava, okres Myjava","rooms":3,"meters":63,"totalPrice":53000,"meterSquarePrice":7,"link":"https://www.nehnutelnosti.sk/detail/JuUBubUot76/exkluzivne-na-predaj-nizkoenergeticky-3-izbovy-byt-s-pozemkom-v-obci-chvojnica-myjava","imagesUrls":["https://img.unitedclassifieds.sk/foto/NjAweDMzOC9maWx0ZXJzOnF1YWxpdHkoMTAwKS9qdWw=/C6ElsaLfIp_fss?st=Gy97IqCKruHyh6TY5dgaQ_Fb9GuoYW9KNdpMEiAYo2s&ts=1724222554&e=0"]},{"title":"Ponúkame na predaj 3 izbový byt v pôvodnom stave v Novej Dubnici","address":"Nová Dubnica, Nová Dubnica, okres Ilava","rooms":3,"meters":null,"totalPrice":null,"meterSquarePrice":null,"link":"https://www.nehnutelnosti.sk/detail/Ju_JpVtfn18/ponukame-na-predaj-3-izbovy-byt-v-povodnom-stave-v-novej-dubnici","imagesUrls":["https://img.nehnutelnosti.sk/foto/NjAweDMzOC9maWx0ZXJzOnF1YWxpdHkoMTAwKS9uZWg=/eRkkfaeV7B_fss?st=ILFW_O0aB1rRl_y5i2XpcLrKv4p4gR7KZt9nApHM6NQ&ts=1716425279&e=0"]},{"title":"Ponúkam na predaj rozkošný 3 izbový bytík v krásnom prostredí v Novom meste nad Váhom","address":"Nové mesto nad Váhom, Nové Mesto nad Váhom, okres Nové Mesto nad Váhom","rooms":2,"meters":58,"totalPrice":null,"meterSquarePrice":null,"link":"https://www.nehnutelnosti.sk/detail/Ju-yuCmCT55/ponukam-na-predaj-rozkosny-3-izbovy-bytik-v-krasnom-prostredi-v-novom-meste-nad-vahom","imagesUrls":["https://img.nehnutelnosti.sk/foto/NjAweDMzOC9maWx0ZXJzOnF1YWxpdHkoMTAwKS9uZWg=/gmoU7d4pGi_fss?st=Gi_eiM9x6-QKeZ6iSwNf4WKRG9SziSvJFyLLpUpp9NM&ts=1716452633&e=0"]},{"title":"Trojizbový byt, Žilina - Bulvár","address":"Antona Bernoláka, Žilina, okres Žilina","rooms":3,"meters":null,"totalPrice":null,"meterSquarePrice":null,"link":"https://www.nehnutelnosti.sk/detail/JuPCBmPKIx6/trojizbovy-byt-zilina-bulvar","imagesUrls":["https://img.nehnutelnosti.sk/foto/NjAweDMzOC9maWx0ZXJzOnF1YWxpdHkoMTAwKS9uZWg=/ZAVxQ4-ZG_fss?st=MdKqC9gSuH2jA4gBEoNHOwElr5Uiue4mHDytYIEcNPI&ts=1718746623&e=0"]},{"title":"1 izbový byt vo Valaskej - nízke náklady, skvelá lokalita, balkón, zrekonštruovaný","address":"Valaská, okres Brezno","rooms":1,"meters":40,"totalPrice":53000,"meterSquarePrice":5,"link":"https://www.nehnutelnosti.sk/detail/Julu2uh-XVh/1-izbovy-byt-vo-valaskej-nizke-naklady-skvela-lokalita-balkon-zrekonstruovany","imagesUrls":["https://img.nehnutelnosti.sk/foto/NjAweDMzOC9maWx0ZXJzOnF1YWxpdHkoMTAwKS9uZWg=/5MtfOAaRZ_fss?st=HZFSeIaBeJAVOZ1MdQhoNExKVU3Lf6FPBE5JoSPfYaM&ts=1724189383&e=0"]},{"title":"Exkluzívny byt na predaj vo vile Slavín","address":"Na štyridsiatku, Bratislava I - Staré Mesto, okres Bratislava","rooms":5,"meters":89,"totalPrice":2009700,"meterSquarePrice":0,"link":"https://www.nehnutelnosti.sk/detail/Ju9AMUU2zICr/exkluzivny-byt-na-predaj-vo-vile-slavin","imagesUrls":["https://img.nehnutelnosti.sk/foto/NjAweDMzOC9maWx0ZXJzOnF1YWxpdHkoMTAwKS9uZWg=/b3xz5K8Gv_fss?st=Bt5A3d9emzuH8eDIzvdmN2t_rL_9WFNQpVcF_l94qRY&ts=1673961422&e=0"]},{"title":"Apartmán s vlastným parkovacím miestom na predaj, Demänovská dolina","address":"Demänovská dolina, Demänovská Dolina, okres Liptovský Mikuláš","rooms":null,"meters":40,"totalPrice":340000,"meterSquarePrice":8,"link":"https://www.nehnutelnosti.sk/detail/Ju-WeDS9ajP/apartman-s-vlastnym-parkovacim-miestom-na-predaj-demanovska-dolina","imagesUrls":["https://img.nehnutelnosti.sk/foto/NjAweDMzOC9maWx0ZXJzOnF1YWxpdHkoMTAwKS9uZWg=/NAnsmnlO2_fss?st=BsCZiER3NK0UXRCwv8kFrX6x1WK3CKvcu5lSbVWIeoE&ts=1708627236&e=0"]},{"title":"Päťizbový byt v projekte Stockerka (B213), vo výstavbe","address":"Vukovarská, Bratislava IV - Devínska Nová Ves, okres Bratislava","rooms":5,"meters":127,"totalPrice":488800,"meterSquarePrice":6,"link":"https://www.nehnutelnosti.sk/detail/Ju-yv5bDMGv/patizbovy-byt-v-projekte-stockerka-b213-vo-vystavbe","imagesUrls":["https://img.nehnutelnosti.sk/foto/NjAweDMzOC9maWx0ZXJzOnF1YWxpdHkoMTAwKS9uZWg=/idyqmFdeY_fss?st=Lc9-Oq6Ig-cwf4dmW4KHFq5hJdYj58FlC1BfTyZGcgU&ts=1707746575&e=0"]},{"title":"REZERVOVANÉ NOVINKA iba u nás 3 izbový byt v krásnej obci Košariská","address":"Košariská, okres Myjava","rooms":3,"meters":69,"totalPrice":75000,"meterSquarePrice":6,"link":"https://www.nehnutelnosti.sk/detail/JunHrss73d0/rezervovane-novinka-iba-u-nas-3-izbovy-byt-v-krasnej-obci-kosariska","imagesUrls":["https://img.nehnutelnosti.sk/foto/NjAweDMzOC9maWx0ZXJzOnF1YWxpdHkoMTAwKS9uZWg=/slInjMhoym_fss?st=8D2t8KCt21U7L_B67hlPUsNFLEBMvxQhzBHm35nA5a0&ts=1724180666&e=0"]},{"title":"Rezervovaný - priestranný 3 izbový byt","address":"Mochovská ul., Levice, okres Levice","rooms":3,"meters":84,"totalPrice":119000,"meterSquarePrice":6,"link":"https://www.nehnutelnosti.sk/detail/Ju2H-wqL3KA/rezervovany-priestranny-3-izbovy-byt","imagesUrls":["https://img.unitedclassifieds.sk/foto/NjAweDMzOC9maWx0ZXJzOnF1YWxpdHkoMTAwKS9qdWw=/-zXZNQ7fJ_fss?st=pfgvP9MhmnJhr7Pl4jcd3AR3LzgsJdLYwle8auZBfaA&ts=1724176207&e=0"]},{"title":"3izbák po reko, ul. Cintorínska","address":"Cintorínska, Šaľa, okres Šaľa","rooms":3,"meters":68,"totalPrice":105500,"meterSquarePrice":7,"link":"https://www.nehnutelnosti.sk/detail/JuAw8ryP2OO/3izbak-po-reko-ul-cintorinska","imagesUrls":["https://img.nehnutelnosti.sk/foto/NjAweDMzOC9maWx0ZXJzOnF1YWxpdHkoMTAwKS9uZWg=/ExnB3OUs4_fss?st=nj5R-C8_45KCrCKcpxWTJ5RMds8kbACGZlDJWUGmaVw&ts=1724176927&e=0"]},{"title":"AZ. 2i byt so záhradkou na predaj v bytovom dome Štvorlístok v Modranke","address":"Trnava, okres Trnava","rooms":2,"meters":66,"totalPrice":194900,"meterSquarePrice":3,"link":"https://www.nehnutelnosti.sk/detail/RbUZKWcJYVT/az-2i-byt-so-zahradkou-na-predaj-v-bytovom-dome-stvorlistok-v-modranke","imagesUrls":["https://img.unitedclassifieds.sk/foto/NjAweDMzOC9maWx0ZXJzOnF1YWxpdHkoMTAwKS9yc2I=/TrEo6A9lz_fss?st=7gCWML1f3tnXqcmvyG9JAWuHAYJwIXeD9q3gVQos2-M&ts=1724169823&e=0"]},{"title":"1-izbový byt s krásnym výhľadom Zvolen Podborová","address":"Jedľová, Zvolen, okres Zvolen","rooms":1,"meters":35,"totalPrice":null,"meterSquarePrice":null,"link":"https://www.nehnutelnosti.sk/detail/Ju3jZxDkBGX/1-izbovy-byt-s-krasnym-vyhladom-zvolen-podborova","imagesUrls":["https://img.unitedclassifieds.sk/foto/NjAweDMzOC9maWx0ZXJzOnF1YWxpdHkoMTAwKS9yc2Y=/ndsldTlRo_fss?st=1QMjblhGSqC3yV3o6dnV15dgfp7rQjvnmP06qx6LEBI&ts=1715823764&e=0"]},{"title":"Luxusný jednospálňový apartmán na predaj, Jasná - Demänovská dolina","address":"Demänovská dolina, Demänovská Dolina, okres Liptovský Mikuláš","rooms":null,"meters":79,"totalPrice":490000,"meterSquarePrice":3,"link":"https://www.nehnutelnosti.sk/detail/JuRxIo5-9pQ/luxusny-jednospalnovy-apartman-na-predaj-jasna-demanovska-dolina","imagesUrls":["https://img.nehnutelnosti.sk/foto/NjAweDMzOC9maWx0ZXJzOnF1YWxpdHkoMTAwKS9uZWg=/rgf58e9O9x_fss?st=uBMWOH8DSI4ig2IQzg5CUxLX8MeSdDN_tb4DIEh3hVs&ts=1716392890&e=0"]},{"title":"KH-870, 4 izbový byt, Košice – Západ, ul. Michalovská","address":"Michalovská, Košice II - Západ, okres Košice","rooms":4,"meters":80,"totalPrice":201000,"meterSquarePrice":0,"link":"https://www.nehnutelnosti.sk/detail/JuypEPvo2sX/kh-870-4-izbovy-byt-kosice-zapad-ul-michalovska","imagesUrls":["https://img.nehnutelnosti.sk/foto/NjAweDMzOC9maWx0ZXJzOnF1YWxpdHkoMTAwKS9uZWg=/kjIdACNJn_fss?st=uCHvZZ1r9zPEfHZUu4KQkwRg0QHN7pe_Fh4VagLNKXo&ts=1724169489&e=0"]},{"title":"Predaj - 3i byt, 67 m2, Nitra-Klokočina","address":"Nitra, okres Nitra","rooms":3,"meters":67,"totalPrice":132500,"meterSquarePrice":1,"link":"https://www.nehnutelnosti.sk/detail/JukOudihG-c/predaj-3i-byt-67-m2-nitra-klokocina","imagesUrls":["https://img.nehnutelnosti.sk/foto/NjAweDMzOC9maWx0ZXJzOnF1YWxpdHkoMTAwKS9uZWg=/d6qf6moAqN_fss?st=rpNh4KHxljZktNRRMRFooOcgmlW-JPUBt5LPqSs_n00&ts=1719216187&e=0"]},{"title":"PREDAJ 3-izbového BYTU V CENTRE mesta HUMENNÉ (3D+VIDEO)","address":"26.novembra, Humenné, okres Humenné","rooms":3,"meters":74,"totalPrice":107000,"meterSquarePrice":5,"link":"https://www.nehnutelnosti.sk/detail/JuNoEVIekfK/predaj-3-izboveho-bytu-v-centre-mesta-humenne-3d-video","imagesUrls":["https://img.nehnutelnosti.sk/foto/NjAweDMzOC9maWx0ZXJzOnF1YWxpdHkoMTAwKS9uZWg=/UB1nVHa9m_fss?st=QReZEG5yS8rSzvpNQSyRHoqkDm6i8XJJBYUiywtfPM4&ts=1725986200&e=0"]},{"title":"3- izbový byt na sídlisku Východ v Michalovciach","address":"Michalovce, okres Michalovce","rooms":3,"meters":71,"totalPrice":null,"meterSquarePrice":null,"link":"https://www.nehnutelnosti.sk/detail/JuM2zVrNu1c/3-izbovy-byt-na-sidlisku-vychod-v-michalovciach","imagesUrls":["https://img.nehnutelnosti.sk/foto/NjAweDMzOC9maWx0ZXJzOnF1YWxpdHkoMTAwKS9uZWg=/qeja7n9yR_fss?st=K4ANelsTHC85TDX1zzR_ypgF0N9eDGtnb4wF1zd3xPU&ts=1726316241&e=0"]},{"title":"NA PREDAJ byty v projekte Vesna apartmány Donovaly","address":"Donovaly, okres Banská Bystrica","rooms":null,"meters":70,"totalPrice":null,"meterSquarePrice":null,"link":"https://www.nehnutelnosti.sk/detail/JugSvClpRwv/na-predaj-byty-v-projekte-vesna-apartmany-donovaly","imagesUrls":["https://img.unitedclassifieds.sk/foto/NjAweDMzOC9maWx0ZXJzOnF1YWxpdHkoMTAwKS9yc2Y=/ngCAyRFIy_fss?st=I8aX4FYyPT6A3tOIQROzqYcC0JCh3NymAlIIJAMuZmo&ts=1671711870&e=0"]},{"title":"Na predaj veľký 2 izbový byt  Nová Dubnica","address":"Pribinove sady, Nová Dubnica, okres Ilava","rooms":2,"meters":63,"totalPrice":87000,"meterSquarePrice":5,"link":"https://www.nehnutelnosti.sk/detail/JuIuvoTaoua/na-predaj-velky-2-izbovy-byt-nova-dubnica","imagesUrls":["https://img.unitedclassifieds.sk/foto/NjAweDMzOC9maWx0ZXJzOnF1YWxpdHkoMTAwKS9qdWw=/c6X5ErO7b_fss?st=48BJuHnhSZrCjppd3_P952QgSZglf5fjhDSrntd5GGY&ts=1724151802&e=0"]}]