[{"title":"Exkluzívne na predaj zrekonštruovaný 3-izbový  byt, Lánska REZERVOVANÉ","address":"Lánska, Považská Bystrica, okres Považská Bystrica","rooms":3,"meters":66,"totalPrice":134900,"meterSquarePrice":4,"link":"https://www.nehnutelnosti.sk/detail/Juhci-i4F_TS/exkluzivne-na-predaj-zrekonstruovany-3-izbovy-byt-lanska-rezervovane","imagesUrls":["https://img.nehnutelnosti.sk/foto/NjAweDMzOC9maWx0ZXJzOnF1YWxpdHkoMTAwKS9uZWg=/V7XzuTJkD_fss?st=vFJBTNpIgvNAIDLLWspcy5KQ1IO1NhGQOY1YRLxPzJw&ts=1717621740&e=0"]},{"title":"Predaj, 3 izbový byt, Smrekova ulica, Žilina, Exkluzívne Reality IQ","address":"Smreková, Žilina, okres Žilina","rooms":3,"meters":null,"totalPrice":null,"meterSquarePrice":null,"link":"https://www.nehnutelnosti.sk/detail/Jue0frdo3HA/predaj-3-izbovy-byt-smrekova-ulica-zilina-exkluzivne-reality-iq","imagesUrls":["https://img.nehnutelnosti.sk/foto/NjAweDMzOC9maWx0ZXJzOnF1YWxpdHkoMTAwKS9uZWg=/Zhxq0G4il_fss?st=PB6n_ojlAiMoTRHNGji7QxhP-MY5NBw-ZPFvopuj0CY&ts=1726591064&e=0"]},{"title":"REZERVOVANE Predaj, 2 izbový byt , Černovská ulica, Žilina, Exkluzívne","address":"Černovská, Žilina, okres Žilina","rooms":2,"meters":null,"totalPrice":null,"meterSquarePrice":null,"link":"https://www.nehnutelnosti.sk/detail/Ju-BbBjp-g6/rezervovane-predaj-2-izbovy-byt-cernovska-ulica-zilina-exkluzivne","imagesUrls":["https://img.nehnutelnosti.sk/foto/NjAweDMzOC9maWx0ZXJzOnF1YWxpdHkoMTAwKS9uZWg=/8CAufVahD_fss?st=QmbfOJYHdrJPpOjD6MAB-OHPHsrgMi2EhwdUT8vTHfk&ts=1724319350&e=0"]},{"title":"Predaj,2 izbový byt,Centrum Legionárska, Žilina, Exkluzívne RealityIQ","address":"Legionárska, Žilina, okres Žilina","rooms":2,"meters":80,"totalPrice":199999,"meterSquarePrice":9,"link":"https://www.nehnutelnosti.sk/detail/JuLLzpuqPg9/predaj-2-izbovy-byt-centrum-legionarska-zilina-exkluzivne-realityiq","imagesUrls":["https://img.nehnutelnosti.sk/foto/NjAweDMzOC9maWx0ZXJzOnF1YWxpdHkoMTAwKS9uZWg=/kI8LPTjcBK_fss?st=zeXo16ZT7zNsZf37N5mMQjO00mxbyEu3CdjKzlRCOg8&ts=1726779159&e=0"]},{"title":"NOVOSTAVBA 2-izbový byt, s parkovacím miestom, NMnV","address":"Hroznová, Nové Mesto nad Váhom, okres Nové Mesto nad Váhom","rooms":2,"meters":null,"totalPrice":null,"meterSquarePrice":null,"link":"https://www.nehnutelnosti.sk/detail/JuP5SHzn6Mo/novostavba-2-izbovy-byt-s-parkovacim-miestom-nmnv","imagesUrls":["https://img.nehnutelnosti.sk/foto/NjAweDMzOC9maWx0ZXJzOnF1YWxpdHkoMTAwKS9uZWg=/E3bX4bCY7_fss?st=gpJqaaXkIsmsCf4zDExWlmRUvkVq_R7wrq7Gb8NGzuI&ts=1717621784&e=0"]},{"title":"NA PREDAJ 2 izbový byt v Lednických Rovniach","address":"Súhradka - Májová, Lednické Rovne, okres Púchov","rooms":2,"meters":null,"totalPrice":null,"meterSquarePrice":null,"link":"https://www.nehnutelnosti.sk/detail/JuJHE35LF-s/na-predaj-2-izbovy-byt-v-lednickych-rovniach","imagesUrls":["https://img.nehnutelnosti.sk/foto/NjAweDMzOC9maWx0ZXJzOnF1YWxpdHkoMTAwKS9uZWg=/MnBN5rmMs_fss?st=teO8_qQ9G4PlM2Zchl_hBVj11y_pE2BDNKhNfw27Ruc&ts=1717606256&e=0"]},{"title":"NA PREDAJ  2 - izbový byt s veľkým balkónom v obci Pruské- REZERVOVANÝ","address":"Pruské, okres Ilava","rooms":2,"meters":null,"totalPrice":null,"meterSquarePrice":null,"link":"https://www.nehnutelnosti.sk/detail/Juh3kysMM1h/na-predaj-2-izbovy-byt-s-velkym-balkonom-v-obci-pruske-rezervovany","imagesUrls":["https://img.nehnutelnosti.sk/foto/NjAweDMzOC9maWx0ZXJzOnF1YWxpdHkoMTAwKS9uZWg=/9vU6b9gJm_fss?st=Pu2t25Xad2ufBoC3ejU0R3xP5NceyGn9QuH0xWj87LI&ts=1717621672&e=0"]},{"title":"Predaj, 2 izbový byt, Nová Dubnica","address":"Pribinove sady, Nová Dubnica, okres Ilava","rooms":2,"meters":62,"totalPrice":107000,"meterSquarePrice":1,"link":"https://www.nehnutelnosti.sk/detail/Jusj2vscnDH/predaj-2-izbovy-byt-nova-dubnica","imagesUrls":["https://img.nehnutelnosti.sk/foto/NjAweDMzOC9maWx0ZXJzOnF1YWxpdHkoMTAwKS9uZWg=/pkGNWgkeDa_fss?st=pJuWpSWCkDiHFn6LeyJ5VacoQbc0d-wtp5mjYSQ_-tM&ts=1722559241&e=0"]},{"title":"Rezervovane. Na predaj 2-izbový byt v novostavbe Slnečné Terasy, Žilin","address":"Mateja Bela, Žilina, okres Žilina","rooms":2,"meters":53,"totalPrice":160000,"meterSquarePrice":7,"link":"https://www.nehnutelnosti.sk/detail/Ju2NWWbsweH/rezervovane-na-predaj-2-izbovy-byt-v-novostavbe-slnecne-terasy-zilin","imagesUrls":["https://img.nehnutelnosti.sk/foto/NjAweDMzOC9maWx0ZXJzOnF1YWxpdHkoMTAwKS9uZWg=/JqeP2c7ff_fss?st=UHRlMBhYS5Dt1SlwzdM9Z6od9Il99aSz-PkesTUHxvk&ts=1722758667&e=0"]},{"title":"Predaj 3-izbového bytu, Svätoplukova, Púchov","address":"Svätoplukova, Púchov, okres Púchov","rooms":3,"meters":83,"totalPrice":173991,"meterSquarePrice":8,"link":"https://www.nehnutelnosti.sk/detail/JunBbDN_lJS/predaj-3-izboveho-bytu-svatoplukova-puchov","imagesUrls":["https://img.nehnutelnosti.sk/foto/NjAweDMzOC9maWx0ZXJzOnF1YWxpdHkoMTAwKS9uZWg=/xZBGJXVe8_fss?st=Eig16SAzikbJ9ugpMd68kjhGL7LfxbdwrU99tgvEDIY&ts=1726607103&e=0"]},{"title":"Predaj 3-izbového bytu, Svätoplukova,  Púchov","address":"Svätoplukova, Púchov, okres Púchov","rooms":3,"meters":73,"totalPrice":224910,"meterSquarePrice":4,"link":"https://www.nehnutelnosti.sk/detail/JugGF9jGPny/predaj-3-izboveho-bytu-svatoplukova-puchov","imagesUrls":["https://img.nehnutelnosti.sk/foto/NjAweDMzOC9maWx0ZXJzOnF1YWxpdHkoMTAwKS9uZWg=/uP6n6qm0F_fss?st=1KlybHwRqK4t9QytqmRJ6FhaGqTOsGaDTWKOgTbjrvU&ts=1724261843&e=0"]},{"title":"Predaj, 2 izbový byt , Vrútky, Exkluzívne Reality IQ","address":"Lesná, Vrútky, okres Martin","rooms":2,"meters":null,"totalPrice":null,"meterSquarePrice":null,"link":"https://www.nehnutelnosti.sk/detail/Jun-3ehMI1gz/predaj-2-izbovy-byt-vrutky-exkluzivne-reality-iq","imagesUrls":["https://img.nehnutelnosti.sk/foto/NjAweDMzOC9maWx0ZXJzOnF1YWxpdHkoMTAwKS9uZWg=/L2EPX3XIg_fss?st=JS-fIxk_6hfygcjBe-jlIO4kBwCgNlswmC6VfMD1o-s&ts=1717621569&e=0"]},{"title":"3 izbový byt s lodžiou","address":"Juraja Kréna, Nové Mesto nad Váhom, okres Nové Mesto nad Váhom","rooms":3,"meters":65,"totalPrice":122000,"meterSquarePrice":2,"link":"https://www.nehnutelnosti.sk/detail/JuWaBS7NXlQ/3-izbovy-byt-s-lodziou","imagesUrls":["https://img.nehnutelnosti.sk/foto/NjAweDMzOC9maWx0ZXJzOnF1YWxpdHkoMTAwKS9uZWg=/9O_1VJmmG_fss?st=xYeTqLoejFvdb353neEQzyMJBf10j4M8_VMxiEwKZO0&ts=1718455827&e=0"]},{"title":"3 izbový byt s 3 balkónmi vo výbornej lokalite","address":"Nové Mesto nad Váhom, okres Nové Mesto nad Váhom","rooms":3,"meters":68,"totalPrice":129990,"meterSquarePrice":2,"link":"https://www.nehnutelnosti.sk/detail/JuztLCgzzBG/3-izbovy-byt-s-3-balkonmi-vo-vybornej-lokalite","imagesUrls":["https://img.nehnutelnosti.sk/foto/NjAweDMzOC9maWx0ZXJzOnF1YWxpdHkoMTAwKS9uZWg=/rAwCw-2SZ_fss?st=bam0_yffdDUcXXZI0lEJoeQ58tSlGTYZxWPh2bQa8wU&ts=1717621552&e=0"]},{"title":"ZĽAVA - Veľkometrážny 3- izbový byt, Piešťany","address":"Orviská cesta, Piešťany, okres Piešťany","rooms":3,"meters":null,"totalPrice":null,"meterSquarePrice":null,"link":"https://www.nehnutelnosti.sk/detail/Juj1CyyWqyf/zlava-velkometrazny-3-izbovy-byt-piestany","imagesUrls":["https://img.nehnutelnosti.sk/foto/NjAweDMzOC9maWx0ZXJzOnF1YWxpdHkoMTAwKS9uZWg=/I0gS2gk6Q3_fss?st=DtOTUIMm6nLr-yW5LUSsBqF4PIjGlIL99ZyYjZuCIdo&ts=1719514237&e=0"]},{"title":"Predaj, štvorizbový byt, Martin Podháj,Exkluzívne Reality IQ","address":"Timravy, Martin, okres Martin","rooms":4,"meters":null,"totalPrice":null,"meterSquarePrice":null,"link":"https://www.nehnutelnosti.sk/detail/JuBeNQSb8Of/predaj-stvorizbovy-byt-martin-podhaj-exkluzivne-reality-iq","imagesUrls":["https://img.nehnutelnosti.sk/foto/NjAweDMzOC9maWx0ZXJzOnF1YWxpdHkoMTAwKS9uZWg=/0Np8Dq6xj6_fss?st=uEJQJwrUFFAnaIN40HVd72QaBwidtjWnoJTPOtVnBLw&ts=1721213854&e=0"]},{"title":"Predaj, štvorizbový byt, Martin centrum, Reality IQ","address":"A.Pietra, Martin, okres Martin","rooms":4,"meters":null,"totalPrice":null,"meterSquarePrice":null,"link":"https://www.nehnutelnosti.sk/detail/Ju2rR3nwA5Q/predaj-stvorizbovy-byt-martin-centrum-reality-iq","imagesUrls":["https://img.nehnutelnosti.sk/foto/NjAweDMzOC9maWx0ZXJzOnF1YWxpdHkoMTAwKS9uZWg=/uFAHDYOq7_fss?st=4BJwR9_TlQXv7Cayjt2nXE5ot9rxu-8F9Y5g9UmiW48&ts=1721176094&e=0"]},{"title":"Na predaj, 3 - izbový byt s garážou a pozemkom v Považskej Bystrici","address":"Považská Bystrica, okres Považská Bystrica","rooms":3,"meters":98,"totalPrice":185000,"meterSquarePrice":6,"link":"https://www.nehnutelnosti.sk/detail/Ju4GMcQah9o/na-predaj-3-izbovy-byt-s-garazou-a-pozemkom-v-povazskej-bystrici","imagesUrls":["https://img.nehnutelnosti.sk/foto/NjAweDMzOC9maWx0ZXJzOnF1YWxpdHkoMTAwKS9uZWg=/nTqdBVkx0_fss?st=ULDJTtfPqnxbw4lC7gT7eqSqsFi8SRn-9QL9XH4zhOA&ts=1701112312&e=0"]},{"title":"2i, OV, novostavba, LORINČÍK HÁJE, 57m2 + 6,5m2 balkón, skolaudovaná","address":"pod hájmi, Košice II - Lorinčík, okres Košice","rooms":2,"meters":57,"totalPrice":175000,"meterSquarePrice":8,"link":"https://www.nehnutelnosti.sk/detail/Ju_Ebb1mhcg/2i-ov-novostavba-lorincik-haje-57m2-6-5m2-balkon-skolaudovana","imagesUrls":["https://img.nehnutelnosti.sk/foto/NjAweDMzOC9maWx0ZXJzOnF1YWxpdHkoMTAwKS9uZWg=/EhKWJbjH5_fss?st=mdcuAo7Mo_I3HwEx08dBQcFdJJfcPZmZJ1z6AAwIYww&ts=1726749642&e=0"]},{"title":"HALO reality - Predaj, trojizbový byt Zvolen, Západ - Novozámocká","address":"Zvolen, okres Zvolen","rooms":3,"meters":74,"totalPrice":165000,"meterSquarePrice":3,"link":"https://www.nehnutelnosti.sk/detail/JuozzpFkp3N/halo-reality-predaj-trojizbovy-byt-zvolen-zapad-novozamocka","imagesUrls":["https://img.nehnutelnosti.sk/foto/NjAweDMzOC9maWx0ZXJzOnF1YWxpdHkoMTAwKS9uZWg=/UCjVO1Tzy_fss?st=zTvC3y83EnMcwSgw-Gy7kbK03KlaOCS9r3KLjV8XOnQ&ts=1726663781&e=0"]},{"title":"2,5 izbový byt s balkónom Fončorda - Mládežnícka","address":"Mládežnícka, Banská Bystrica, okres Banská Bystrica","rooms":2,"meters":55,"totalPrice":128000,"meterSquarePrice":8,"link":"https://www.nehnutelnosti.sk/detail/JuGE_VyErpt/2-5-izbovy-byt-s-balkonom-foncorda-mladeznicka","imagesUrls":["https://img.unitedclassifieds.sk/foto/NjAweDMzOC9maWx0ZXJzOnF1YWxpdHkoMTAwKS9qdWw=/YMKDwilEP_fss?st=4pW-BmvJuPpiB5Rth00GIpue-8v1_w2nWmGetMvcW6w&ts=1726662987&e=0"]},{"title":"TOP CENA_1- izbový byt v projekte Opál v Jarovciach s garážovým státim","address":"Perlová, Bratislava V - Petržalka, okres Bratislava","rooms":1,"meters":34,"totalPrice":129000,"meterSquarePrice":2,"link":"https://www.nehnutelnosti.sk/detail/JuP4wzpdAN4/top-cena-1-izbovy-byt-v-projekte-opal-v-jarovciach-s-garazovym-statim","imagesUrls":["https://img.nehnutelnosti.sk/foto/NjAweDMzOC9maWx0ZXJzOnF1YWxpdHkoMTAwKS9uZWg=/-wtvuUzPc_fss?st=dGfT9GaOFA6pg1fS4osGoEyO_0_-xNssxtG1_TjNInA&ts=1726663104&e=0"]},{"title":"3 izbový byt so záhradou, garážou a vlastným kúrením v Novom Meste nad Váhom","address":"Sasinkova, Nové Mesto nad Váhom, okres Nové Mesto nad Váhom","rooms":3,"meters":70,"totalPrice":175000,"meterSquarePrice":0,"link":"https://www.nehnutelnosti.sk/detail/Ju1xjBqELWf/3-izbovy-byt-so-zahradou-garazou-a-vlastnym-kurenim-v-novom-meste-nad-vahom","imagesUrls":["https://img.nehnutelnosti.sk/foto/NjAweDMzOC9maWx0ZXJzOnF1YWxpdHkoMTAwKS9uZWg=/vhnk8aZB8_fss?st=L_oTv2CLhO9f4PDkIRVVATswW72IN1yKuT460PozFxU&ts=1726663089&e=0"]},{"title":"Predaj bytu","address":"Štefániková, Námestovo, okres Námestovo","rooms":3,"meters":70,"totalPrice":165000,"meterSquarePrice":4,"link":"https://www.nehnutelnosti.sk/detail/JuXq2fVFdP6/predaj-bytu","imagesUrls":[]},{"title":"Priestranný 2 izbový byt s parkovacím státím","address":"Na Piesku, Bratislava II - Ružinov, okres Bratislava","rooms":2,"meters":56,"totalPrice":169000,"meterSquarePrice":9,"link":"https://www.nehnutelnosti.sk/detail/JusabfLVSLX/priestranny-2-izbovy-byt-s-parkovacim-statim","imagesUrls":["https://img.unitedclassifieds.sk/foto/NjAweDMzOC9maWx0ZXJzOnF1YWxpdHkoMTAwKS9qdWw=/ByVCjyD-N_fss?st=MC6_YAsRu3q_nRjeNGpOqzEFSdxXcy1dxr0JKgwSXMA&ts=1726399062&e=0"]},{"title":"KARLOVA VES - Predaj veľkometrážneho moderného bytu s terasou","address":"Bratislava IV - Karlova Ves, okres Bratislava","rooms":3,"meters":150,"totalPrice":490000,"meterSquarePrice":0,"link":"https://www.nehnutelnosti.sk/detail/JuYP3w02cki/karlova-ves-predaj-velkometrazneho-moderneho-bytu-s-terasou","imagesUrls":["https://img.nehnutelnosti.sk/foto/NjAweDMzOC9maWx0ZXJzOnF1YWxpdHkoMTAwKS9uZWg=/rcPttqIFQx_fss?st=72A20eN2Bhfup0cXntr9mwlqO-UEiDM03ZJGnS-q9n8&ts=1724156380&e=0"]},{"title":"Nebytový priestor, možnosť využiť aj ako BYT- BA II. Trnávka, Nerudova","address":"Nerudova, Bratislava II - Ružinov, okres Bratislava","rooms":1,"meters":25,"totalPrice":99000,"meterSquarePrice":0,"link":"https://www.nehnutelnosti.sk/detail/JuNuSEjyuZZ/nebytovy-priestor-moznost-vyuzit-aj-ako-byt-ba-ii-trnavka-nerudova","imagesUrls":["https://img.nehnutelnosti.sk/foto/NjAweDMzOC9maWx0ZXJzOnF1YWxpdHkoMTAwKS9uZWg=/ajzjjVLtT_fss?st=IFpGRI0ygEGlSTAtHBOJB92VUYSzx1lRgCMKootUxIA&ts=1726672636&e=0"]},{"title":"Pršianska terasa 156 m2","address":"Medená, Banská Bystrica, okres Banská Bystrica","rooms":5,"meters":156,"totalPrice":175000,"meterSquarePrice":9,"link":"https://www.nehnutelnosti.sk/detail/JuLy1ll6_DN/prsianska-terasa-156-m2","imagesUrls":["https://img.nehnutelnosti.sk/foto/NjAweDMzOC9maWx0ZXJzOnF1YWxpdHkoMTAwKS9uZWg=/seNHJ0SDO_fss?st=v-Uu-sz5zwG3KKtTCZKt5zOOO3Zz9JtLkUfN1fAhQDQ&ts=1726659570&e=0"]},{"title":"NA PREDAJ: MODERNÝ 2 IZBOVÝ APARTNÁN VO VEĽKEJ LOMNICI","address":"Veľká Lomnica, okres Kežmarok","rooms":2,"meters":44,"totalPrice":143990,"meterSquarePrice":0,"link":"https://www.nehnutelnosti.sk/detail/JuQYb0xgKqQ/na-predaj-moderny-2-izbovy-apartnan-vo-velkej-lomnici","imagesUrls":["https://img.nehnutelnosti.sk/foto/NjAweDMzOC9maWx0ZXJzOnF1YWxpdHkoMTAwKS9uZWg=/2IIeSeLbI_fss?st=YOwAl08LFQBq9fTXJ7G6hVmJVYh3vChuS6kdZ5vJWR8&ts=1724539615&e=0"]},{"title":"EXKLUZÍVNA PONUKA: 3 IZBOVÝ BYT V BLÍZKOSTI CENTRA POPRADU","address":"Poprad, okres Poprad","rooms":3,"meters":68,"totalPrice":169990,"meterSquarePrice":5,"link":"https://www.nehnutelnosti.sk/detail/JuqQZv2cfPz/exkluzivna-ponuka-3-izbovy-byt-v-blizkosti-centra-popradu","imagesUrls":["https://img.nehnutelnosti.sk/foto/NjAweDMzOC9maWx0ZXJzOnF1YWxpdHkoMTAwKS9uZWg=/CLXpvlwQOQ_fss?st=rrtIBrg06bpeNTtSryJ83JP8CWRY0DdbUIZfjXyZhNA&ts=1723487437&e=0"]}]