[{"title":"Na predaj investičná novostavba 3 izb bytu v centre mesta Pezinok.","address":"Sládkovičova, Pezinok, okres Pezinok","rooms":3,"meters":85,"totalPrice":285000,"meterSquarePrice":5,"link":"https://www.nehnutelnosti.sk/detail/JuTCx4Fi08i/na-predaj-investicna-novostavba-3-izb-bytu-v-centre-mesta-pezinok","imagesUrls":["https://img.nehnutelnosti.sk/foto/NjAweDMzOC9maWx0ZXJzOnF1YWxpdHkoMTAwKS9uZWg=/ldaiBWEmH_fss?st=ZUIqf3bTyitMx3j4GDFe-ExPLjk2IgzzQKlYu5JgsMM&ts=1726972275&e=0"]},{"title":"2i byt v projekte Pod Zábrehom II /B3.09","address":"Dlhé lúky, Púchov, okres Púchov","rooms":2,"meters":62,"totalPrice":null,"meterSquarePrice":null,"link":"https://www.nehnutelnosti.sk/detail/JuTXMpBGpIyX/2i-byt-v-projekte-pod-zabrehom-ii-b3-09","imagesUrls":["https://img.nehnutelnosti.sk/foto/NjAweDMzOC9maWx0ZXJzOnF1YWxpdHkoMTAwKS9uZWg=/ZKAlWrJO0_fss?st=yaNoOUIWc_JfgphGyBA-rZjujkcocWS-4RHrc0Z83y4&ts=1692268286&e=0"]},{"title":"REZERVOVANÉ 3-IZB. MEZONET - TRNAVA, ŠTUDENTSKÁ","address":"Študentská, Trnava, okres Trnava","rooms":3,"meters":104,"totalPrice":189000,"meterSquarePrice":1,"link":"https://www.nehnutelnosti.sk/detail/Ju0ZRdaE5wc/rezervovane-3-izb-mezonet-trnava-studentska","imagesUrls":["https://img.nehnutelnosti.sk/foto/NjAweDMzOC9maWx0ZXJzOnF1YWxpdHkoMTAwKS9uZWg=/Q2XF8AVdf_fss?st=ZYSQxju26JA0FS9IpXk69tGHcdYHQ3cAt62571jCbjc&ts=1694626958&e=0"]},{"title":"2i byt v projekte Pod Zábrehom II /A4.09","address":"Dlhé lúky, Púchov, okres Púchov","rooms":2,"meters":62,"totalPrice":null,"meterSquarePrice":null,"link":"https://www.nehnutelnosti.sk/detail/Juj6MuktcLo/2i-byt-v-projekte-pod-zabrehom-ii-a4-09","imagesUrls":["https://img.nehnutelnosti.sk/foto/NjAweDMzOC9maWx0ZXJzOnF1YWxpdHkoMTAwKS9uZWg=/nrlT1lIFm_fss?st=D4DMRyWO-k2_e3D3LPIgbLhwet0lK-8lpN2inom_6no&ts=1692268281&e=0"]},{"title":"EUROVEA TOWER 2i + PARKING","address":"Pribinova, Bratislava I - Staré Mesto, okres Bratislava","rooms":2,"meters":64,"totalPrice":437000,"meterSquarePrice":3,"link":"https://www.nehnutelnosti.sk/detail/JuUEz6koSBi/eurovea-tower-2i-parking","imagesUrls":["https://img.nehnutelnosti.sk/foto/NjAweDMzOC9maWx0ZXJzOnF1YWxpdHkoMTAwKS9uZWg=/zxLfT7P3T_fss?st=DsY-iJIp_7fnU8ILg_VNN5MHnaMc7miJLEU8hGi3ONs&ts=1725020930&e=0"]},{"title":"Štýlový 2-izbový mezonet v Dolnom Kubíne","address":"Dolný Kubín, okres Dolný Kubín","rooms":2,"meters":28,"totalPrice":105000,"meterSquarePrice":0,"link":"https://www.nehnutelnosti.sk/detail/Ju7s-G2xWRrv/stylovy-2-izbovy-mezonet-v-dolnom-kubine","imagesUrls":["https://img.nehnutelnosti.sk/foto/NjAweDMzOC9maWx0ZXJzOnF1YWxpdHkoMTAwKS9uZWg=/1F__Q92tg_fss?st=C3US66iUvXJ0zAbVtbFRfGhVviP1hBh6YW0WdaqYkuk&ts=1707475609&e=0"]},{"title":"2i byt v projekte Pod Zábrehom II /A1.02","address":"Dlhé lúky, Púchov, okres Púchov","rooms":2,"meters":75,"totalPrice":null,"meterSquarePrice":null,"link":"https://www.nehnutelnosti.sk/detail/JuuzKr61HqD/2i-byt-v-projekte-pod-zabrehom-ii-a1-02","imagesUrls":["https://img.nehnutelnosti.sk/foto/NjAweDMzOC9maWx0ZXJzOnF1YWxpdHkoMTAwKS9uZWg=/eH0Wd3Zsc_fss?st=s1UgJCMZSCbMFwUHESv3eCLr6fG4dT3R8DPCu2geB8U&ts=1692268267&e=0"]},{"title":"3i byt v projekte Pod Zábrehom II /B3.08","address":"Dlhé lúky, Púchov, okres Púchov","rooms":3,"meters":86,"totalPrice":null,"meterSquarePrice":null,"link":"https://www.nehnutelnosti.sk/detail/JuqWNi4dqKKu/3i-byt-v-projekte-pod-zabrehom-ii-b3-08","imagesUrls":["https://img.nehnutelnosti.sk/foto/NjAweDMzOC9maWx0ZXJzOnF1YWxpdHkoMTAwKS9uZWg=/P3R1An_-v_fss?st=1_fkt3Jb9H3GShL9wslfh3ts9o6YTfDpFNNDaWYqKTA&ts=1692268285&e=0"]},{"title":"2i byt v projekte Pod Zábrehom II /A4.08","address":"Dlhé lúky, Púchov, okres Púchov","rooms":2,"meters":68,"totalPrice":null,"meterSquarePrice":null,"link":"https://www.nehnutelnosti.sk/detail/JuOogh4GBmY/2i-byt-v-projekte-pod-zabrehom-ii-a4-08","imagesUrls":["https://img.nehnutelnosti.sk/foto/NjAweDMzOC9maWx0ZXJzOnF1YWxpdHkoMTAwKS9uZWg=/ixdqIGaeg_fss?st=1Z7edx2EZaP59UvCvLJYTU0fi--s30ebBKElv4u645M&ts=1692268280&e=0"]},{"title":"Zrekonštruovaný 2i byt na Jiráskovej ulici v Trnave","address":"Jiráskova, Trnava, okres Trnava","rooms":2,"meters":47,"totalPrice":133000,"meterSquarePrice":6,"link":"https://www.nehnutelnosti.sk/detail/JuYptJD_fx5/zrekonstruovany-2i-byt-na-jiraskovej-ulici-v-trnave","imagesUrls":["https://img.unitedclassifieds.sk/foto/NjAweDMzOC9maWx0ZXJzOnF1YWxpdHkoMTAwKS9qdWw=/46i3VBHx7_fss?st=88H9Y1u9XdVmQ54WRvaFJdkOnKhUMJGuDQ5WgN0Pogg&ts=1723042171&e=0"]},{"title":"Predaj 1 izbový  zariadený byt Kresánkova ulica","address":"Kresánkova, Bratislava IV - Karlova Ves, okres Bratislava","rooms":1,"meters":34,"totalPrice":139000,"meterSquarePrice":8,"link":"https://www.nehnutelnosti.sk/detail/JuTTmVuX0b6/predaj-1-izbovy-zariadeny-byt-kresankova-ulica","imagesUrls":["https://img.nehnutelnosti.sk/foto/NjAweDMzOC9maWx0ZXJzOnF1YWxpdHkoMTAwKS9uZWg=/box5WxT0e_fss?st=RU-TfYUwURhhldo6Sk2pm2sTRKrsYytX3MKMldMhoN4&ts=1723040776&e=0"]},{"title":"Apartmán Palma de Mallorca","address":"Landererova, Bratislava I - Staré Mesto, okres Bratislava","rooms":null,"meters":128,"totalPrice":280000,"meterSquarePrice":0,"link":"https://www.nehnutelnosti.sk/detail/JuTh4QVQzBS/apartman-palma-de-mallorca","imagesUrls":["https://img.nehnutelnosti.sk/foto/NjAweDMzOC9maWx0ZXJzOnF1YWxpdHkoMTAwKS9uZWg=/73a3TpBO0_fss?st=5Zba6rE8we-Dqz9Tcb-UhKP0yUOul59LnfYQSfRO1wQ&ts=1723177888&e=0"]},{"title":"Predaj 2 izbový mezonetový byt v dome Vajnory","address":"Baničova, Bratislava III - Vajnory, okres Bratislava","rooms":2,"meters":41,"totalPrice":210000,"meterSquarePrice":7,"link":"https://www.nehnutelnosti.sk/detail/Ju-iVWArWAq/predaj-2-izbovy-mezonetovy-byt-v-dome-vajnory","imagesUrls":["https://img.nehnutelnosti.sk/foto/NjAweDMzOC9maWx0ZXJzOnF1YWxpdHkoMTAwKS9uZWg=/yOp0HUDNE2_fss?st=6zrq7rTj5c40RJJxVi__dhqgtIAheQDf-U4YAOnNBFg&ts=1724775513&e=0"]},{"title":"Predaj 2 izbový mezonetový byt Vajnory","address":"Baničova, Bratislava III - Vajnory, okres Bratislava","rooms":2,"meters":40,"totalPrice":210000,"meterSquarePrice":1,"link":"https://www.nehnutelnosti.sk/detail/JuIzYecTBT3/predaj-2-izbovy-mezonetovy-byt-vajnory","imagesUrls":["https://img.nehnutelnosti.sk/foto/NjAweDMzOC9maWx0ZXJzOnF1YWxpdHkoMTAwKS9uZWg=/1KGZk-Ujiz_fss?st=S7yLh28yZJqhmhqt1znW7ce9tSq1NI2DqAYpZe3nrzk&ts=1727025768&e=0"]},{"title":"PREDAJ 4 izbový byt so záhradkou Dunajská Lužná so zariadením","address":"Orechová, Dunajská Lužná, okres Senec","rooms":4,"meters":86,"totalPrice":289990,"meterSquarePrice":8,"link":"https://www.nehnutelnosti.sk/detail/JuBIL925_28/predaj-4-izbovy-byt-so-zahradkou-dunajska-luzna-so-zariadenim","imagesUrls":["https://img.nehnutelnosti.sk/foto/NjAweDMzOC9maWx0ZXJzOnF1YWxpdHkoMTAwKS9uZWg=/N0Bf89OX6_fss?st=7kZgIh9r2IQltknlTHN6dPlqkXl-qZPnoQSN8_txhps&ts=1723040754&e=0"]},{"title":"Luxusný zariadený 2 izbový byt Moruše","address":"Ivanská cesta, Bratislava II - Ružinov, okres Bratislava","rooms":2,"meters":54,"totalPrice":208000,"meterSquarePrice":5,"link":"https://www.nehnutelnosti.sk/detail/JuDCSVz3hBG/luxusny-zariadeny-2-izbovy-byt-moruse","imagesUrls":["https://img.nehnutelnosti.sk/foto/NjAweDMzOC9maWx0ZXJzOnF1YWxpdHkoMTAwKS9uZWg=/uMUTwm-tO_fss?st=ZuGBzp1Vvk6YWF_Vxb5TEzrIvkgf1yI2PbYMalytnhY&ts=1723040748&e=0"]},{"title":"Predaj pekný veľký 3 iz byt, balkón, murovaná pivnica, Ružinov - Nivy","address":"Sklenárova, Bratislava II - Ružinov, okres Bratislava","rooms":3,"meters":93,"totalPrice":null,"meterSquarePrice":null,"link":"https://www.nehnutelnosti.sk/detail/JuOTeGqwLj0/predaj-pekny-velky-3-iz-byt-balkon-murovana-pivnica-ruzinov-nivy","imagesUrls":["https://img.unitedclassifieds.sk/foto/NjAweDMzOC9maWx0ZXJzOnF1YWxpdHkoMTAwKS9qdWw=/JI3KBZIMA_fss?st=698areSKxLCdOYm8Ub5uYJUH7rFrrwop2zyhZPT1l3c&ts=1723039209&e=0"]},{"title":"3 izbový byt na predaj - Liptovský Hrádok","address":"J. D. Matejovie, Liptovský Hrádok, okres Liptovský Mikuláš","rooms":3,"meters":73,"totalPrice":135000,"meterSquarePrice":2,"link":"https://www.nehnutelnosti.sk/detail/JuGky-OyaMK/3-izbovy-byt-na-predaj-liptovsky-hradok","imagesUrls":["https://img.nehnutelnosti.sk/foto/NjAweDMzOC9maWx0ZXJzOnF1YWxpdHkoMTAwKS9uZWg=/LsA_Z_xzFe_fss?st=rVGGpkn3dZVpO4KnNasHlidMM51y-qZzk03tIK2NULA&ts=1723034333&e=0"]},{"title":"Aj na investíciu -Novozrekonštruovaný a kompletne zariadený  3 izbový byt na Mederčskej ulici","address":"Mederčská, Komárno, okres Komárno","rooms":3,"meters":65,"totalPrice":99000,"meterSquarePrice":8,"link":"https://www.nehnutelnosti.sk/detail/Ju4lNbv_Cf9/aj-na-investiciu-novozrekonstruovany-a-kompletne-zariadeny-3-izbovy-byt-na-medercskej-ulici","imagesUrls":["https://img.nehnutelnosti.sk/foto/NjAweDMzOC9maWx0ZXJzOnF1YWxpdHkoMTAwKS9uZWg=/WNfM_ok86V_fss?st=EQKypRoGsQFOLF6g1W9ddjoiUNsPHOjl1LoqZhmQWyk&ts=1707475117&e=0"]},{"title":"Predaj dvojizbových bytov v Stupave","address":"Cementárenská, Stupava, okres Malacky","rooms":2,"meters":52,"totalPrice":180000,"meterSquarePrice":5,"link":"https://www.nehnutelnosti.sk/detail/JuXDrnjVR_4/predaj-dvojizbovych-bytov-v-stupave","imagesUrls":["https://img.unitedclassifieds.sk/foto/NjAweDMzOC9maWx0ZXJzOnF1YWxpdHkoMTAwKS9qdWw=/FaILMqGml_fss?st=llzKMt_AO9JGAMH8s99BRrY0DGiFH97722YCeqpFMYk&ts=1722592629&e=0"]},{"title":"Zachovalý 2 izbový byt Podbrezová","address":"Šupkova, Podbrezová, okres Brezno","rooms":2,"meters":50,"totalPrice":66500,"meterSquarePrice":0,"link":"https://www.nehnutelnosti.sk/detail/JuArwS7r7il/zachovaly-2-izbovy-byt-podbrezova","imagesUrls":["https://img.nehnutelnosti.sk/foto/NjAweDMzOC9maWx0ZXJzOnF1YWxpdHkoMTAwKS9uZWg=/9HK2Veewpf_fss?st=mcLMNGVbnLViHLAYnvke6reTXWD_EWO3Wj1M8qy7KTk&ts=1723031228&e=0"]},{"title":"Na Predaj 2-izb. byt Svätý Jur","address":"Dr. Kautza, Svätý Jur, okres Pezinok","rooms":2,"meters":58,"totalPrice":169990,"meterSquarePrice":6,"link":"https://www.nehnutelnosti.sk/detail/JuLFdFwwUa_/na-predaj-2-izb-byt-svaty-jur","imagesUrls":["https://img.unitedclassifieds.sk/foto/NjAweDMzOC9maWx0ZXJzOnF1YWxpdHkoMTAwKS9qdWw=/1xYBiX4Ku_fss?st=8_cqfSjHKZGFXxE_dQY6CLrDlbdpHM1K0kEPLk4ucXE&ts=1722625572&e=0"]},{"title":"REZERVOVANÉ - 3i, OV, Sever, Národná trieda, 69m2 + LO, park Anička","address":"Národná trieda, Košice I - Sever, okres Košice","rooms":3,"meters":69,"totalPrice":154000,"meterSquarePrice":3,"link":"https://www.nehnutelnosti.sk/detail/JuisEwYGlvX/rezervovane-3i-ov-sever-narodna-trieda-69m2-lo-park-anicka","imagesUrls":["https://img.nehnutelnosti.sk/foto/NjAweDMzOC9maWx0ZXJzOnF1YWxpdHkoMTAwKS9uZWg=/-Ls-UXs9M_fss?st=13xDO3X_xe453k1KAuhTNprSh1aGlyiaTG6OUbDmiQg&ts=1723027693&e=0"]},{"title":"Priestranný 3 izbový byt v Bardejove","address":"Laca Novomeského, Bardejov, okres Bardejov","rooms":3,"meters":73,"totalPrice":116990,"meterSquarePrice":0,"link":"https://www.nehnutelnosti.sk/detail/RbIg3c_kzH6/priestranny-3-izbovy-byt-v-bardejove","imagesUrls":["https://img.unitedclassifieds.sk/foto/NjAweDMzOC9maWx0ZXJzOnF1YWxpdHkoMTAwKS9yc2I=/j0q09tKxe_fss?st=Fu1xZcZR8U6LygRaRytFwRRUNoJS85UpkClsKzdhnmo&ts=1712563241&e=0"]},{"title":"LEVOČA - 2 IZBOVÝ BYT, 58 M2, VÝBORNÝ PÔVODNÝ STAV","address":"Pod vinicou, Levoča, okres Levoča","rooms":2,"meters":60,"totalPrice":83000,"meterSquarePrice":3,"link":"https://www.nehnutelnosti.sk/detail/JucMtd_Uxn7/levoca-2-izbovy-byt-58-m2-vyborny-povodny-stav","imagesUrls":["https://img.nehnutelnosti.sk/foto/NjAweDMzOC9maWx0ZXJzOnF1YWxpdHkoMTAwKS9uZWg=/whCJUH38d_fss?st=n8t-KSinwmNzBTkqnt_9Yx2XPxUgAYJ_5XlUc1VA35E&ts=1723024933&e=0"]},{"title":"ŠTÝLOVÝ 2i BYT DULOVO NÁM","address":"Páričkova, Bratislava II - Ružinov, okres Bratislava","rooms":2,"meters":45,"totalPrice":289000,"meterSquarePrice":5,"link":"https://www.nehnutelnosti.sk/detail/Jutsor2XvP3/stylovy-2i-byt-dulovo-nam","imagesUrls":["https://img.nehnutelnosti.sk/foto/NjAweDMzOC9maWx0ZXJzOnF1YWxpdHkoMTAwKS9uZWg=/BmkAeWAUy_fss?st=aZqO_14b8RFK2Sxj4MqZpPT_CAqw6Slri5giTkgqd0A&ts=1725380231&e=0"]},{"title":"VÝBORNÝ 3i BYT TAMMI","address":"Pri Hrubej lúke, Bratislava IV - Dúbravka, okres Bratislava","rooms":3,"meters":81,"totalPrice":299990,"meterSquarePrice":6,"link":"https://www.nehnutelnosti.sk/detail/JuhMsQ1rA9H/vyborny-3i-byt-tammi","imagesUrls":["https://img.nehnutelnosti.sk/foto/NjAweDMzOC9maWx0ZXJzOnF1YWxpdHkoMTAwKS9uZWg=/bi0ABUcV5_fss?st=v2PCnU9LOcUiHb4m0auw4vEFc-wLLFQQ8g4j3PkXprM&ts=1725280302&e=0"]},{"title":"Veľký 3i byt v Levoči - centrum","address":"Námestie Majstra Pavla, Levoča, okres Levoča","rooms":3,"meters":103,"totalPrice":189000,"meterSquarePrice":5,"link":"https://www.nehnutelnosti.sk/detail/JuZB7T0WkAv/velky-3i-byt-v-levoci-centrum","imagesUrls":[]},{"title":"2-izb. veľký byt s parkovacím státim v garáži","address":"Tomašiková, Bratislava II - Ružinov, okres Bratislava","rooms":2,"meters":75,"totalPrice":245000,"meterSquarePrice":7,"link":"https://www.nehnutelnosti.sk/detail/JumGsbVr9il/2-izb-velky-byt-s-parkovacim-statim-v-garazi","imagesUrls":["https://img.nehnutelnosti.sk/foto/NjAweDMzOC9maWx0ZXJzOnF1YWxpdHkoMTAwKS9uZWg=/pr5H1apa2_fss?st=-G4MIcEcpI3qphTQYPAd8u7Karpoo_7SvnqriSwungI&ts=1726772788&e=0"]},{"title":"Luxusný byt s úžasným výhľadom na jazero","address":"Amurská, Košice IV - Nad jazerom, okres Košice","rooms":3,"meters":null,"totalPrice":null,"meterSquarePrice":null,"link":"https://www.nehnutelnosti.sk/detail/JuSurSSo6CE/luxusny-byt-s-uzasnym-vyhladom-na-jazero","imagesUrls":["https://img.nehnutelnosti.sk/foto/NjAweDMzOC9maWx0ZXJzOnF1YWxpdHkoMTAwKS9uZWg=/_BSA5Edb9_fss?st=OzWiS4qPj1WGsmaM_4pePviwGazWKNdVAz_lO7oxbdc&ts=1725860922&e=0"]}]