[{"title":"GODDESS & ASSENZIO - PREDAJ - 4 BYTOVÉ JEDNOTKY - DOLNOMAJERSKÁ - ZÁLESIE","address":"Dolnomajerská, Zálesie, Senec, okres Senec","rooms":4,"meters":140,"totalPrice":199000,"meterSquarePrice":3,"link":"https://www.nehnutelnosti.sk/detail/Juep96Ngjxi/goddess-assenzio-predaj-4-bytove-jednotky-dolnomajerska-zalesie","imagesUrls":["https://img.nehnutelnosti.sk/foto/NjAweDMzOC9maWx0ZXJzOnF1YWxpdHkoMTAwKS9uZWg=/VirtR-wldi_fss?st=qQJoCjoEMtu8OzzLgB3U5v2-ZUQYgy_a_W4FGXlpN8g&ts=1725012144&e=0"]},{"title":"Trojizbový byt na sídlisku Hliny","address":"Považská Bystrica, okres Považská Bystrica","rooms":3,"meters":58,"totalPrice":120000,"meterSquarePrice":7,"link":"https://www.nehnutelnosti.sk/detail/Ju4kLzmGE5T/trojizbovy-byt-na-sidlisku-hliny","imagesUrls":["https://img.nehnutelnosti.sk/foto/NjAweDMzOC9maWx0ZXJzOnF1YWxpdHkoMTAwKS9uZWg=/pkFJb9yeU8_fss?st=CqyGOBZDTfW3t22nYBgf9EscEWiWpwNBm98hAMwExZY&ts=1715784125&e=0"]},{"title":"Zrekonštruovaný 3 izbový byt na predaj dobre dispozične riešený","address":"Vihorlatská, Prešov, okres Prešov","rooms":3,"meters":68,"totalPrice":null,"meterSquarePrice":null,"link":"https://www.nehnutelnosti.sk/detail/Juhwh5WPlIq/zrekonstruovany-3-izbovy-byt-na-predaj-dobre-dispozicne-rieseny","imagesUrls":["https://img.nehnutelnosti.sk/foto/NjAweDMzOC9maWx0ZXJzOnF1YWxpdHkoMTAwKS9uZWg=/TEBCSDCeS_fss?st=xTKPKDJNs7dPUaKgBIqv5oWB7n39VNHlhVPJmwzqUXg&ts=1725010372&e=0"]},{"title":"Stupava-2izbový byt s balkónom a kuchynskou linkou","address":"Cementárenská, Stupava, okres Malacky","rooms":2,"meters":56,"totalPrice":126000,"meterSquarePrice":0,"link":"https://www.nehnutelnosti.sk/detail/JuIYi2vWg_f/stupava-2izbovy-byt-s-balkonom-a-kuchynskou-linkou","imagesUrls":["https://img.nehnutelnosti.sk/foto/NjAweDMzOC9maWx0ZXJzOnF1YWxpdHkoMTAwKS9uZWg=/FjreS1YRNs_fss?st=ICzaV8BKDsMsp6GcDHNu2zi1KpqKsUxYoNVDQLgX3fM&ts=1702118378&e=0"]},{"title":"1,5 izbový byt na predaj","address":"Banská Bystrica, okres Banská Bystrica","rooms":1,"meters":null,"totalPrice":null,"meterSquarePrice":null,"link":"https://www.nehnutelnosti.sk/detail/JuuV00XTZg1/1-5-izbovy-byt-na-predaj","imagesUrls":["https://img.nehnutelnosti.sk/foto/NjAweDMzOC9maWx0ZXJzOnF1YWxpdHkoMTAwKS9uZWg=/KBUfJtwtj_fss?st=8JDM6if40cR2fEi-I6Lr3uJLz-_ky_MatpuCt20ARF8&ts=1722418308&e=0"]},{"title":"REZERVOVANÉ!!!  Predaj: 3-izbový byt, Romanova ulica, Bratislava-Petržalka","address":"Romanova, Bratislava V - Petržalka, okres Bratislava","rooms":3,"meters":74,"totalPrice":208000,"meterSquarePrice":1,"link":"https://www.nehnutelnosti.sk/detail/JuR3p5yw9Zf/rezervovane-predaj-3-izbovy-byt-romanova-ulica-bratislava-petrzalka","imagesUrls":["https://img.nehnutelnosti.sk/foto/NjAweDMzOC9maWx0ZXJzOnF1YWxpdHkoMTAwKS9uZWg=/UQbTZAVge_fss?st=lUrySbN49qcA38KFVpeymyyu_emjQlQ1ZkqbQKh9U70&ts=1722450546&e=0"]},{"title":"2 izbový byt","address":"Školská 778/12, Fiľakovo, okres Lučenec","rooms":2,"meters":50,"totalPrice":47000,"meterSquarePrice":0,"link":"https://www.nehnutelnosti.sk/detail/JuUxgRjEx7m/2-izbovy-byt","imagesUrls":["https://img.nehnutelnosti.sk/foto/NjAweDMzOC9maWx0ZXJzOnF1YWxpdHkoMTAwKS9uZWg=/jUU6nv4rd_fss?st=1scMLsrHE0A49IvtX2OtIY_KCxWAJqfXdTngOB2wl-Y&ts=1725007615&e=0"]},{"title":"REZERVOVANÉ - PREDAJ 3.izb. byt_Košice_Ťahanovce_Viedenská","address":"Viedenská, Košice I - Sídlisko Ťahanovce, okres Košice","rooms":3,"meters":76,"totalPrice":129900,"meterSquarePrice":1,"link":"https://www.nehnutelnosti.sk/detail/JuKRa-SzeH2/rezervovane-predaj-3-izb-byt-kosice-tahanovce-viedenska","imagesUrls":["https://img.nehnutelnosti.sk/foto/NjAweDMzOC9maWx0ZXJzOnF1YWxpdHkoMTAwKS9uZWg=/7xTOXtmts_fss?st=KVh0e6pVxXPU17KvEmw4UQ1oeXcFqa9zegs3p9mCO-Y&ts=1725007866&e=0"]},{"title":"1 izb. byt na  ul. J. Csermáka v SENCI s balkónom.","address":"J. Csermáka, Senec, okres Senec","rooms":1,"meters":33,"totalPrice":125000,"meterSquarePrice":0,"link":"https://www.nehnutelnosti.sk/detail/JuMwYlN7a3b/1-izb-byt-na-ul-j-csermaka-v-senci-s-balkonom","imagesUrls":["https://img.unitedclassifieds.sk/foto/NjAweDMzOC9maWx0ZXJzOnF1YWxpdHkoMTAwKS9qdWw=/FCuLcOxeE_fss?st=eIMMcqRVbzFb1oAub0yfABLFGbhUy9bL7SfbkCBHles&ts=1725006608&e=0"]},{"title":"VEĽKÝ 2-IZB. BYT, PARKOVACIE MIESTO - TRENČIANSKA TEPLÁ","address":"Trenčianska Teplá, okres Trenčín","rooms":2,"meters":58,"totalPrice":139900,"meterSquarePrice":5,"link":"https://www.nehnutelnosti.sk/detail/Ju_r6ANFMct/velky-2-izb-byt-parkovacie-miesto-trencianska-tepla","imagesUrls":["https://img.nehnutelnosti.sk/foto/NjAweDMzOC9maWx0ZXJzOnF1YWxpdHkoMTAwKS9uZWg=/fWWGMC8KS_fss?st=Z58SsW4o_7Xu1bafGx7cxTzvgYuAzNgFYw0MAPnFmrI&ts=1685453494&e=0"]},{"title":"STARÉ MESTO - KOMENSKÉHO MODERNÝ 2,5 IZBOVÝ BYT, LODŽIA.","address":"Komenského, Košice I - Staré Mesto, okres Košice","rooms":2,"meters":39,"totalPrice":183000,"meterSquarePrice":1,"link":"https://www.nehnutelnosti.sk/detail/Ju8jw1oad1c/stare-mesto-komenskeho-moderny-2-5-izbovy-byt-lodzia","imagesUrls":["https://img.nehnutelnosti.sk/foto/NjAweDMzOC9maWx0ZXJzOnF1YWxpdHkoMTAwKS9uZWg=/fzR571Wte_fss?st=jdhcMFn_HZnuN512e1d-SFPLQb8jQ43cw3v98_rTQeo&ts=1725006156&e=0"]},{"title":"NA PREDAJ 2-izbový byt, 64 m2, na Rudohorskej ul. v BB","address":"Rudohorská, Banská Bystrica, okres Banská Bystrica","rooms":2,"meters":64,"totalPrice":124500,"meterSquarePrice":1,"link":"https://www.nehnutelnosti.sk/detail/JuaGo2J6bc6/na-predaj-2-izbovy-byt-64-m2-na-rudohorskej-ul-v-bb","imagesUrls":["https://img.unitedclassifieds.sk/foto/NjAweDMzOC9maWx0ZXJzOnF1YWxpdHkoMTAwKS9yc2Y=/Mp2qNER8R_fss?st=GB99JiXq9tC5Eoawuiimt47dftVOf5aSAEfb42SpfQA&ts=1715796272&e=0"]},{"title":"REZERVOVANÉ 3-IZB. BYT - TRNAVA, KLEMPOVA, GARÁŽ, CENTRUM","address":"Klempova, Trnava, okres Trnava","rooms":3,"meters":78,"totalPrice":215000,"meterSquarePrice":1,"link":"https://www.nehnutelnosti.sk/detail/Ju6SZJPl5gg/rezervovane-3-izb-byt-trnava-klempova-garaz-centrum","imagesUrls":["https://img.nehnutelnosti.sk/foto/NjAweDMzOC9maWx0ZXJzOnF1YWxpdHkoMTAwKS9uZWg=/z-kZi8rJ8_fss?st=Bgb_7_8aV0bV2EpnF7IoH5M--XkoB1Qlxn2H8euAOgY&ts=1724241749&e=0"]},{"title":"Na predaj 1- izb. byt v Tornali, okr. Revúca","address":"Škultétyho, Tornaľa, okres Revúca","rooms":1,"meters":40,"totalPrice":33900,"meterSquarePrice":0,"link":"https://www.nehnutelnosti.sk/detail/JuQpCTQ4ygI/na-predaj-1-izb-byt-v-tornali-okr-revuca","imagesUrls":["https://img.nehnutelnosti.sk/foto/NjAweDMzOC9maWx0ZXJzOnF1YWxpdHkoMTAwKS9uZWg=/ymobthW8h8_fss?st=0U2YzMGvwKW6kKYzae3fuKmamABU8V5eF1g0UR8P6g0&ts=1706254602&e=0"]},{"title":"AFYREAL predaj slnečný 3izb byt Pribišova, loggia s vyhradeným parkov. miestom","address":"Pribišova, Bratislava IV - Karlova Ves, okres Bratislava","rooms":3,"meters":72,"totalPrice":239000,"meterSquarePrice":4,"link":"https://www.nehnutelnosti.sk/detail/JuQVVxklY5X/afyreal-predaj-slnecny-3izb-byt-pribisova-loggia-s-vyhradenym-parkov-miestom","imagesUrls":["https://img.nehnutelnosti.sk/foto/NjAweDMzOC9maWx0ZXJzOnF1YWxpdHkoMTAwKS9uZWg=/Cc6jy8Iq-_fss?st=7F_QvTK5_j8SjIN-Hqk5Dv3M_nZ8l1Ka1xk7pgP136A&ts=1637909805&e=0"]},{"title":"Garsónka","address":"Zelená 887/5, Nové Mesto nad Váhom, okres Nové Mesto nad Váhom","rooms":null,"meters":18,"totalPrice":53000,"meterSquarePrice":4,"link":"https://www.nehnutelnosti.sk/detail/JuLNGLQg_HV/garsonka","imagesUrls":["https://img.nehnutelnosti.sk/foto/NjAweDMzOC9maWx0ZXJzOnF1YWxpdHkoMTAwKS9uZWg=/hdosLGEfk_fss?st=6L2g1hymqfZqXIOakc-sVpydzpCLVbCswmG8QpVhYlg&ts=1696448118&e=0"]},{"title":"Staromestský 2 izbový byt v centre mesta","address":"Zlaté Moravce, okres Zlaté Moravce","rooms":2,"meters":65,"totalPrice":84000,"meterSquarePrice":5,"link":"https://www.nehnutelnosti.sk/detail/Ju9L_iCcgC_/staromestsky-2-izbovy-byt-v-centre-mesta","imagesUrls":["https://img.nehnutelnosti.sk/foto/NjAweDMzOC9maWx0ZXJzOnF1YWxpdHkoMTAwKS9uZWg=/AW4W_PmYk_fss?st=eJ7TWcrhGEm7T5cbpyXzHu8u3B9RWcFG16FYzNG6su4&ts=1722372756&e=0"]},{"title":"PRIESTRANNÝ A ZARIADENÝ 3 - izbový byt pražského typu na Tr. SNP","address":"Trieda SNP, Košice II - Západ, okres Košice","rooms":3,"meters":70,"totalPrice":158000,"meterSquarePrice":4,"link":"https://www.nehnutelnosti.sk/detail/JuxqrVMUKmV/priestranny-a-zariadeny-3-izbovy-byt-prazskeho-typu-na-tr-snp","imagesUrls":["https://img.nehnutelnosti.sk/foto/NjAweDMzOC9maWx0ZXJzOnF1YWxpdHkoMTAwKS9uZWg=/HoREphO0J_fss?st=X1PZbyrBkGswuXcbaURhQmtus_1_dmfojSDge2uxtHM&ts=1724948466&e=0"]},{"title":"Investičná príležitosť ul .Dolnozoborksá Nitra","address":"Dolnozoborská, Nitra, okres Nitra","rooms":null,"meters":525,"totalPrice":null,"meterSquarePrice":null,"link":"https://www.nehnutelnosti.sk/detail/Ju41MPyT6qc/investicna-prilezitost-ul-dolnozoborksa-nitra","imagesUrls":["https://img.nehnutelnosti.sk/foto/NjAweDMzOC9maWx0ZXJzOnF1YWxpdHkoMTAwKS9uZWg=/Pr7xQmi15_fss?st=M_c5zml9YdGw-Ub9X46C77ik-_Ky-NgpMsu8qoutMAw&ts=1718020152&e=0"]},{"title":"REZERVOVANÉ - 4 izbový dvojgeneračný byt s dvomi loggiami o výmere 90,16 m2, sídlisko Ťahanovce","address":"Budapeštianska, Košice I - Sídlisko Ťahanovce, okres Košice","rooms":4,"meters":90,"totalPrice":184900,"meterSquarePrice":0,"link":"https://www.nehnutelnosti.sk/detail/JuMd3DQjidN/rezervovane-4-izbovy-dvojgeneracny-byt-s-dvomi-loggiami-o-vymere-90-16-m2-sidlisko-tahanovce","imagesUrls":["https://img.nehnutelnosti.sk/foto/NjAweDMzOC9maWx0ZXJzOnF1YWxpdHkoMTAwKS9uZWg=/nRscrjGe0_fss?st=f0PgI2YsLXUAc52tE54OTpvQtlmOZMclnbEPygYG-Dc&ts=1717949461&e=0"]},{"title":"Priestranný 3.5 izbový byt s balkónom | 77 m² | Severná","address":"Severná 23, Moldava nad Bodvou, Košice okolie, okres Košice - okolie","rooms":3,"meters":74,"totalPrice":95000,"meterSquarePrice":8,"link":"https://www.nehnutelnosti.sk/detail/JuxNfnJYcao/priestranny-3-5-izbovy-byt-s-balkonom-77-m-severna","imagesUrls":["https://img.nehnutelnosti.sk/foto/NjAweDMzOC9maWx0ZXJzOnF1YWxpdHkoMTAwKS9uZWg=/olbxtiWQn_fss?st=MdNKt6Mm5C4CBqQ5sye7jL-PBANWPl4qGfqt84yvem4&ts=1724952814&e=0"]},{"title":"AZ PROPERTY* ponúkame na predaj veľmi pekný nový 3-izbový byt s predzáhradkou v súkromnom areáli","address":"Hradská, Bratislava II - Vrakuňa, okres Bratislava","rooms":3,"meters":132,"totalPrice":217000,"meterSquarePrice":0,"link":"https://www.nehnutelnosti.sk/detail/JukkYp0lLXo/az-property-ponukame-na-predaj-velmi-pekny-novy-3-izbovy-byt-s-predzahradkou-v-sukromnom-areali","imagesUrls":["https://img.unitedclassifieds.sk/foto/NjAweDMzOC9maWx0ZXJzOnF1YWxpdHkoMTAwKS9yc2Y=/TrBKIkQg0_fss?st=_uAjJfjVx6exHuwWNtW30JATpDMeZ8yNrhMKyBgMWh0&ts=1695324966&e=0"]},{"title":"Predaj garážové státie-EXKLUZÍVNE","address":"Botanická, Nitra, okres Nitra","rooms":null,"meters":null,"totalPrice":null,"meterSquarePrice":null,"link":"https://www.nehnutelnosti.sk/detail/JumZxsbHEHV/predaj-garazove-statie-exkluzivne","imagesUrls":["https://img.nehnutelnosti.sk/foto/NjAweDMzOC9maWx0ZXJzOnF1YWxpdHkoMTAwKS9uZWg=/-3_Hraf9P_fss?st=bogxUxKsTxw8XF8MlOnPr4ehEG0iSZNWEnZiqDaW_EY&ts=1717162393&e=0"]},{"title":"Predaj 3 izbový byt-EXKLUZÍVNE","address":"Nitra, okres Nitra","rooms":3,"meters":74,"totalPrice":119990,"meterSquarePrice":9,"link":"https://www.nehnutelnosti.sk/detail/JuuQ8-czTuE/predaj-3-izbovy-byt-exkluzivne","imagesUrls":["https://img.nehnutelnosti.sk/foto/NjAweDMzOC9maWx0ZXJzOnF1YWxpdHkoMTAwKS9uZWg=/hnaIF93GQ_fss?st=ZbncRPL-idqOPDvligSNWU_kmHNj88IGUWA3Lebp-iM&ts=1717160767&e=0"]},{"title":"Na Predaj 2-izbový byt Svätý Jur","address":"Prostredná, Svätý Jur, okres Pezinok","rooms":2,"meters":62,"totalPrice":199990,"meterSquarePrice":5,"link":"https://www.nehnutelnosti.sk/detail/JuYNNoNSmUn/na-predaj-2-izbovy-byt-svaty-jur","imagesUrls":["https://img.unitedclassifieds.sk/foto/NjAweDMzOC9maWx0ZXJzOnF1YWxpdHkoMTAwKS9qdWw=/kpmLMNsRwu_fss?st=N6f61sS8ohDUE7hY6f9ERTl_C4Qm9bIhw4n3hgkUXvU&ts=1721825109&e=0"]},{"title":"SENEC – DVA SAMOSTATNÉ 3 IZB. BYTY V RODINNOM DOME S POZEMKOM","address":"Senec, Senec, okres Senec","rooms":3,"meters":null,"totalPrice":null,"meterSquarePrice":null,"link":"https://www.nehnutelnosti.sk/detail/JuEyMVTZ8H1/senec-dva-samostatne-3-izb-byty-v-rodinnom-dome-s-pozemkom","imagesUrls":["https://img.nehnutelnosti.sk/foto/NjAweDMzOC9maWx0ZXJzOnF1YWxpdHkoMTAwKS9uZWg=/0l2aNHnUA3_fss?st=AWv-hLt9WjnEoYo0ssN-NSyjvohn5RAvhdk5cL_Sm6A&ts=1726571762&e=0"]},{"title":"Na predaj je veľký 1- izb. byt v Tisovci, okr. Rimavská Sobota","address":"Daxnerova, Tisovec, okres Rimavská Sobota","rooms":1,"meters":43,"totalPrice":24900,"meterSquarePrice":3,"link":"https://www.nehnutelnosti.sk/detail/JuWziUbVRcb/na-predaj-je-velky-1-izb-byt-v-tisovci-okr-rimavska-sobota","imagesUrls":["https://img.nehnutelnosti.sk/foto/NjAweDMzOC9maWx0ZXJzOnF1YWxpdHkoMTAwKS9uZWg=/i_qZrt-b1_fss?st=WRB7LvdltYNtr-Zej7ctUkySLDiA3NWO3FVBxUDNUhk&ts=1724937074&e=0"]},{"title":"Na predaj ja zachovalý 2,5 izb. byt v Tornali, okr. Revúca","address":"1. mája, Tornaľa, okres Revúca","rooms":3,"meters":65,"totalPrice":42900,"meterSquarePrice":0,"link":"https://www.nehnutelnosti.sk/detail/JuObn36VVkr/na-predaj-ja-zachovaly-2-5-izb-byt-v-tornali-okr-revuca","imagesUrls":["https://img.nehnutelnosti.sk/foto/NjAweDMzOC9maWx0ZXJzOnF1YWxpdHkoMTAwKS9uZWg=/dXSAAOdYo_fss?st=I5hpkjWEMR4YR_BjO0X1lEHiOFWi6khA2HGvED5BMJ4&ts=1726410050&e=0"]},{"title":"TESTOVACI INZERAT PORTALU - NEKONTAKTOVAT creditka 3","address":"Fatranská, Ružomberok, okres Ružomberok","rooms":2,"meters":99,"totalPrice":2,"meterSquarePrice":2,"link":"https://www.nehnutelnosti.sk/detail/Ju9dzBrSOvi/testovaci-inzerat-portalu-nekontaktovat-creditka-3","imagesUrls":["https://img.nehnutelnosti.sk/foto/NjAweDMzOC9maWx0ZXJzOnF1YWxpdHkoMTAwKS9uZWg=/qGOQyNzofZ_fss?st=9HkstRup2v3dc8dZZH-tOY7FnKMTR6mv_QJzjTbMxLo&ts=1725272026&e=0"]},{"title":"TESTOVACI INZERAT PORTALU - NEKONTAKTOVAT creditka 5","address":"Fatranská, Ružomberok, okres Ružomberok","rooms":null,"meters":99,"totalPrice":4,"meterSquarePrice":4,"link":"https://www.nehnutelnosti.sk/detail/Jupg47bMUQD/testovaci-inzerat-portalu-nekontaktovat-creditka-5","imagesUrls":["https://img.nehnutelnosti.sk/foto/NjAweDMzOC9maWx0ZXJzOnF1YWxpdHkoMTAwKS9uZWg=/TQF6m-ehi_fss?st=zWxbqNs2To9xI-0xEh6HWj9EHk5pHMkBLPa4UztYIX4&ts=1725272026&e=0"]}]