[{"title":"Ponúkam na predaj 3 izbový byt po kompletnej rekonštrukcii so zariadením","address":"S. H. Vajanského, Nové Zámky, okres Nové Zámky","rooms":3,"meters":65,"totalPrice":98000,"meterSquarePrice":9,"link":"https://www.nehnutelnosti.sk/detail/JuawnTFcExa/ponukam-na-predaj-3-izbovy-byt-po-kompletnej-rekonstrukcii-so-zariadenim","imagesUrls":["https://img.nehnutelnosti.sk/foto/NjAweDMzOC9maWx0ZXJzOnF1YWxpdHkoMTAwKS9uZWg=/1Fs8617BC_fss?st=oHgaX-ssUcYmPELBr3lLyppJHAhkrtiUIqyb81-gQGg&ts=1695539779&e=0"]},{"title":"NOVINKA 2023! Na predaj 3 izbový byt po rekonštrukcii blízko centra","address":"Jánošíková, Nové Zámky, okres Nové Zámky","rooms":3,"meters":74,"totalPrice":124500,"meterSquarePrice":3,"link":"https://www.nehnutelnosti.sk/detail/Ju_1lX1RvQs/novinka-2023-na-predaj-3-izbovy-byt-po-rekonstrukcii-blizko-centra","imagesUrls":["https://img.nehnutelnosti.sk/foto/NjAweDMzOC9maWx0ZXJzOnF1YWxpdHkoMTAwKS9uZWg=/9WvvFZoHw_fss?st=o6vJKpetMStQqCCJ9ly2rKpf9G-05s5J4MlFGRuporY&ts=1679410022&e=0"]},{"title":"'' PREDANÝ '' - Mimoriadny 1i byt v Lamači na predaj","address":"Heyrovského, Bratislava IV - Lamač, okres Bratislava","rooms":1,"meters":34,"totalPrice":129000,"meterSquarePrice":2,"link":"https://www.nehnutelnosti.sk/detail/Ju-RJ2W_947/predany-mimoriadny-1i-byt-v-lamaci-na-predaj","imagesUrls":["https://img.unitedclassifieds.sk/foto/NjAweDMzOC9maWx0ZXJzOnF1YWxpdHkoMTAwKS9qdWw=/dzpjhVH_X_fss?st=iWCn4a96gLB5yDuuk0oAh8YQ4_bVQvPeS6jTmTiScBU&ts=1706116129&e=0"]},{"title":"NOVO, KOMPLETNE ZREKONŠTRUOVANÝ 3 IZB. BYT - ČMELÍKOVA UL., RUŽINOV","address":"Čmelíkova, Bratislava II - Ružinov, okres Bratislava","rooms":3,"meters":65,"totalPrice":229500,"meterSquarePrice":7,"link":"https://www.nehnutelnosti.sk/detail/JuBI-et_kPQ/novo-kompletne-zrekonstruovany-3-izb-byt-cmelikova-ul-ruzinov","imagesUrls":["https://img.nehnutelnosti.sk/foto/NjAweDMzOC9maWx0ZXJzOnF1YWxpdHkoMTAwKS9uZWg=/yyFdPHM5FZ_fss?st=6o-5qjwoVGaHwi0itYFtWMk5LZWgKypX8BazstRXhfQ&ts=1726640680&e=0"]},{"title":"RADO REALITY| 3 izbový byt 67m2 | Stará Turá","address":"Stará Turá, okres Nové Mesto nad Váhom","rooms":3,"meters":null,"totalPrice":null,"meterSquarePrice":null,"link":"https://www.nehnutelnosti.sk/detail/JuP76YiXqlN/rado-reality-3-izbovy-byt-67m2-stara-tura","imagesUrls":["https://img.nehnutelnosti.sk/foto/NjAweDMzOC9maWx0ZXJzOnF1YWxpdHkoMTAwKS9uZWg=/0lRqpRXZo_fss?st=ybCI56pQAWyugta_6monE2zH6jazyjpgyFey6hBvHnU&ts=1726973634&e=0"]},{"title":"RADO | Na predaj 2i byt pôvodný stav 63m2, Pribinove sady, N. Dubnica","address":"Pribinove sady, Nová Dubnica, okres Ilava","rooms":2,"meters":63,"totalPrice":80900,"meterSquarePrice":3,"link":"https://www.nehnutelnosti.sk/detail/JujMXMSxxk8/rado-na-predaj-2i-byt-povodny-stav-63m2-pribinove-sady-n-dubnica","imagesUrls":["https://img.nehnutelnosti.sk/foto/NjAweDMzOC9maWx0ZXJzOnF1YWxpdHkoMTAwKS9uZWg=/OdEWOVpMzM_fss?st=mc-NKll6C-WdJF0YYndcceFuMBWf_w7SLPmpqvXRcME&ts=1726594710&e=0"]},{"title":"REZERVOVANÉ | RADO | 1-IZB. BYT 34m2 | RUŽINOV | BANŠELOVA UL.","address":"Banšelova, Bratislava II - Ružinov, okres Bratislava","rooms":1,"meters":34,"totalPrice":114900,"meterSquarePrice":1,"link":"https://www.nehnutelnosti.sk/detail/JuQqnpjGmDw/rezervovane-rado-1-izb-byt-34m2-ruzinov-banselova-ul","imagesUrls":["https://img.nehnutelnosti.sk/foto/NjAweDMzOC9maWx0ZXJzOnF1YWxpdHkoMTAwKS9uZWg=/Ot9kIqMlL_fss?st=6F0HkYgz5XU_5QdIfElNXHpQQNjcWbK890zb_BMK45s&ts=1724578055&e=0"]},{"title":"RADO | Priestranný 3i byt vo vyhľadávanej lokalite Centrum I. DnV","address":"Centrum I., Dubnica nad Váhom, okres Ilava","rooms":3,"meters":80,"totalPrice":169900,"meterSquarePrice":5,"link":"https://www.nehnutelnosti.sk/detail/JuGX_bMfdmp/rado-priestranny-3i-byt-vo-vyhladavanej-lokalite-centrum-i-dnv","imagesUrls":["https://img.nehnutelnosti.sk/foto/NjAweDMzOC9maWx0ZXJzOnF1YWxpdHkoMTAwKS9uZWg=/WuvoDifDkr_fss?st=XfpNhPrYYglvKeRSsbM-RhNGORpth2w28UeeWqt03wE&ts=1726581180&e=0"]},{"title":"REZERVOVANÉ | Slnečný 3 - izbový byt 68m2, Mateja Bela, Juh, Trenčín","address":"Mateja Bela, Trenčín, okres Trenčín","rooms":3,"meters":68,"totalPrice":114900,"meterSquarePrice":1,"link":"https://www.nehnutelnosti.sk/detail/Jurj4_AmJz9/rezervovane-slnecny-3-izbovy-byt-68m2-mateja-bela-juh-trencin","imagesUrls":["https://img.nehnutelnosti.sk/foto/NjAweDMzOC9maWx0ZXJzOnF1YWxpdHkoMTAwKS9uZWg=/ZGniZaJb0_fss?st=G75CQLzaQtQJe-YHTCKZ-6vefQ08EZi36-DeWanEvc4&ts=1724755101&e=0"]},{"title":"RADO | 2 izb. byty so  záhradou  | v rodinnom dome | NOVOSTAVBA","address":"Baničova, Bratislava III - Vajnory, okres Bratislava","rooms":2,"meters":42,"totalPrice":215000,"meterSquarePrice":5,"link":"https://www.nehnutelnosti.sk/detail/JuADh3F3Uc9/rado-2-izb-byty-so-zahradou-v-rodinnom-dome-novostavba","imagesUrls":["https://img.nehnutelnosti.sk/foto/NjAweDMzOC9maWx0ZXJzOnF1YWxpdHkoMTAwKS9uZWg=/JhYSfU1vOa_fss?st=X0Lzz687Mc4wyM4SZLlVCEs_V9YYmx-Q7x_2YmLBFyc&ts=1726317060&e=0"]},{"title":"RADO | 3-izbový byt po superj rekonštrukcii, 74m2, Západná, Trenčín","address":"Západná, Trenčín, okres Trenčín","rooms":3,"meters":74,"totalPrice":185000,"meterSquarePrice":0,"link":"https://www.nehnutelnosti.sk/detail/JutA7na3iew/rado-3-izbovy-byt-po-superj-rekonstrukcii-74m2-zapadna-trencin","imagesUrls":["https://img.nehnutelnosti.sk/foto/NjAweDMzOC9maWx0ZXJzOnF1YWxpdHkoMTAwKS9uZWg=/6774ZfyAn_fss?st=heBo9pZeP68VNLZ7h2L_GQeYylHdgycdzMtCOyR7mL4&ts=1726388652&e=0"]},{"title":"RADO | 1-izbový byt so záhradkou | Donnerova - Karlova Ves","address":"Donnerova, Bratislava IV - Karlova Ves, okres Bratislava","rooms":1,"meters":29,"totalPrice":134900,"meterSquarePrice":8,"link":"https://www.nehnutelnosti.sk/detail/Ju9ZujbQGPO/rado-1-izbovy-byt-so-zahradkou-donnerova-karlova-ves","imagesUrls":["https://img.nehnutelnosti.sk/foto/NjAweDMzOC9maWx0ZXJzOnF1YWxpdHkoMTAwKS9uZWg=/iTMqZf0Ryh_fss?st=_Oz1WDYR1bgr2VPaaGr-nWkNpdDVzN0Gyz8VzTYE7Fw&ts=1726331983&e=0"]},{"title":"RADO | Predaj 2-izb. bytu 69 m2, Trenčín - Pod Sokolice","address":"Pod Sokolice, Trenčín, okres Trenčín","rooms":2,"meters":69,"totalPrice":130000,"meterSquarePrice":6,"link":"https://www.nehnutelnosti.sk/detail/Ju1GYdzzIYjJ/rado-predaj-2-izb-bytu-69-m2-trencin-pod-sokolice","imagesUrls":["https://img.nehnutelnosti.sk/foto/NjAweDMzOC9maWx0ZXJzOnF1YWxpdHkoMTAwKS9uZWg=/4GmAzHB20E_fss?st=AsDhPIky4SBBmoxJ1X6NsT_SyEkYhDIOYmidEeybF9o&ts=1726423053&e=0"]},{"title":"RADO I Na predaj krásny moderne zariadený 4izbový byt I 70 ㎡ I","address":"Kukučínova, Bratislava III - Nové Mesto, okres Bratislava","rooms":4,"meters":null,"totalPrice":null,"meterSquarePrice":null,"link":"https://www.nehnutelnosti.sk/detail/JupkrKKXKov/rado-i-na-predaj-krasny-moderne-zariadeny-4izbovy-byt-i-70-i","imagesUrls":["https://img.nehnutelnosti.sk/foto/NjAweDMzOC9maWx0ZXJzOnF1YWxpdHkoMTAwKS9uZWg=/B3cH9qoft_fss?st=-DCINMVoTwkPOT26-WCNX6QCxCjGbhhPE6pHIKbS3wI&ts=1726489483&e=0"]},{"title":"RADO | 2 izb. byt 51m2 predzáhradka 45 m2 | Petržalka","address":"Zuzany Chalupovej, Bratislava V - Petržalka, okres Bratislava","rooms":2,"meters":51,"totalPrice":249000,"meterSquarePrice":5,"link":"https://www.nehnutelnosti.sk/detail/JuQhg7uLRx5/rado-2-izb-byt-51m2-predzahradka-45-m2-petrzalka","imagesUrls":["https://img.nehnutelnosti.sk/foto/NjAweDMzOC9maWx0ZXJzOnF1YWxpdHkoMTAwKS9uZWg=/qiIoMocGhY_fss?st=nqheJprfSYcK_li5poIQf2hPlsOF0DoljOZdEzesCVk&ts=1726317019&e=0"]},{"title":"RADO  | Predaj 2-izb. bytu 53 m2, Ul.28.okt. - Trenčín","address":"Ul. 28. októbra, Trenčín, okres Trenčín","rooms":2,"meters":53,"totalPrice":104900,"meterSquarePrice":5,"link":"https://www.nehnutelnosti.sk/detail/JuyyILW4ynG/rado-predaj-2-izb-bytu-53-m2-ul-28-okt-trencin","imagesUrls":["https://img.nehnutelnosti.sk/foto/NjAweDMzOC9maWx0ZXJzOnF1YWxpdHkoMTAwKS9uZWg=/Pfv6Z0fPg_fss?st=NPs1oATf1wdyHbPKtNoFwOPzZa6iqXEG1ZZR1riF_Vs&ts=1726238857&e=0"]},{"title":"RADO | Dvojizbový byt v Brezová pod Bradlom","address":"Sídlisko Dušana Jurkoviča, Brezová pod Bradlom, okres Myjava","rooms":2,"meters":64,"totalPrice":89900,"meterSquarePrice":9,"link":"https://www.nehnutelnosti.sk/detail/JudSebBOq5h/rado-dvojizbovy-byt-v-brezova-pod-bradlom","imagesUrls":["https://img.nehnutelnosti.sk/foto/NjAweDMzOC9maWx0ZXJzOnF1YWxpdHkoMTAwKS9uZWg=/TDFNK86Cj_fss?st=KI4qA1_IocYCYgfZXPs2krHZ5Fwdg0R4sEwgHo6Nj_0&ts=1726153950&e=0"]},{"title":"RADO | Predaj 3-izb. bytu 61 m2, Trenčín - Gagarinova ul., Sihoť II.","address":"Gagarinova, Trenčín, okres Trenčín","rooms":3,"meters":61,"totalPrice":138000,"meterSquarePrice":0,"link":"https://www.nehnutelnosti.sk/detail/Ju6nuOtgocY/rado-predaj-3-izb-bytu-61-m2-trencin-gagarinova-ul-sihot-ii","imagesUrls":["https://img.nehnutelnosti.sk/foto/NjAweDMzOC9maWx0ZXJzOnF1YWxpdHkoMTAwKS9uZWg=/KdL-FJLqe_fss?st=qIqP9NKcuGYAtyUlvrKJbWtz4ZhGkQPyhI-IS6EzcsM&ts=1726168050&e=0"]},{"title":"RADO | 2i byt 56m2 + 7m2 pivnica, Sady Cyrila a Metoda, Nová Dubnica","address":"Sady Cyrila a Metoda, Nová Dubnica, okres Ilava","rooms":2,"meters":63,"totalPrice":84900,"meterSquarePrice":2,"link":"https://www.nehnutelnosti.sk/detail/JupA6HiE-qA/rado-2i-byt-56m2-7m2-pivnica-sady-cyrila-a-metoda-nova-dubnica","imagesUrls":["https://img.nehnutelnosti.sk/foto/NjAweDMzOC9maWx0ZXJzOnF1YWxpdHkoMTAwKS9uZWg=/XskXWeErF_fss?st=_NSMGo3yFf_xD9vn7i_PnocxNln-NCOqBqk91M65CYs&ts=1726130662&e=0"]},{"title":"RADO I 2-izbový byt s bezbariérovým vstupom I Handlová","address":"Prievidzská, Handlová, okres Prievidza","rooms":2,"meters":46,"totalPrice":58000,"meterSquarePrice":7,"link":"https://www.nehnutelnosti.sk/detail/JuWnfIwJBsq/rado-i-2-izbovy-byt-s-bezbarierovym-vstupom-i-handlova","imagesUrls":["https://img.nehnutelnosti.sk/foto/NjAweDMzOC9maWx0ZXJzOnF1YWxpdHkoMTAwKS9uZWg=/o4Vsuu0vD_fss?st=t7PXSR4eEv5sXLYQyKGEV48VXG41hRhz3xd7vC8lE3M&ts=1726155086&e=0"]},{"title":"RADO | 4-izbový byt 81m2, ul. Liptovská | Trenčín","address":"Liptovská, Trenčín, okres Trenčín","rooms":4,"meters":null,"totalPrice":null,"meterSquarePrice":null,"link":"https://www.nehnutelnosti.sk/detail/JuQmk6wIZgl/rado-4-izbovy-byt-81m2-ul-liptovska-trencin","imagesUrls":["https://img.nehnutelnosti.sk/foto/NjAweDMzOC9maWx0ZXJzOnF1YWxpdHkoMTAwKS9uZWg=/koBCb0EOC_fss?st=Z4bDcnOf8En6Q9HIc7cpAKmuJZMx0l9LvOy5TgeyIU8&ts=1726223282&e=0"]},{"title":"RADO | Kompl. prerobený 4 izbový mezonet, 80m2 + balkón, DRIETOMA","address":"Drietoma, Trenčín, okres Trenčín","rooms":4,"meters":80,"totalPrice":119900,"meterSquarePrice":5,"link":"https://www.nehnutelnosti.sk/detail/JuKaOZa9HvG/rado-kompl-prerobeny-4-izbovy-mezonet-80m2-balkon-drietoma","imagesUrls":["https://img.nehnutelnosti.sk/foto/NjAweDMzOC9maWx0ZXJzOnF1YWxpdHkoMTAwKS9uZWg=/OeIxHE6DjK_fss?st=w58JoYCZy8dtw5qq3fNEIgIgnohVrowrX1RBJ1Pq-NI&ts=1725639789&e=0"]},{"title":"RADO | Predaj 3 - izbový byt | 68m2 | ul. Mateja Bela | Trenčín","address":"Mateja Bela, Trenčín, okres Trenčín","rooms":3,"meters":68,"totalPrice":129900,"meterSquarePrice":9,"link":"https://www.nehnutelnosti.sk/detail/JubjYrjJze-/rado-predaj-3-izbovy-byt-68m2-ul-mateja-bela-trencin","imagesUrls":["https://img.nehnutelnosti.sk/foto/NjAweDMzOC9maWx0ZXJzOnF1YWxpdHkoMTAwKS9uZWg=/mXz7c_Ymh_fss?st=jQWzkQ_L13OraM987142pp-W-icvHooaXR7YPZWJZr8&ts=1725887278&e=0"]},{"title":"RADO | Na predaj 3 izb. ZARIADENÝ BYT v 2-dome s bazénom, Veľké Úľany","address":"Veľké Úľany, okres Galanta","rooms":3,"meters":90,"totalPrice":182000,"meterSquarePrice":0,"link":"https://www.nehnutelnosti.sk/detail/JuvJDLhIxX0/rado-na-predaj-3-izb-zariadeny-byt-v-2-dome-s-bazenom-velke-ulany","imagesUrls":["https://img.nehnutelnosti.sk/foto/NjAweDMzOC9maWx0ZXJzOnF1YWxpdHkoMTAwKS9uZWg=/ROKeBoP8K_fss?st=yN-fUf9-cue48e-lvsfdzPNQfyy2g4lLuYP39D5sDVo&ts=1725534148&e=0"]},{"title":"REZERVOVANÉ! RADO | Na predaj zrekonštruovaný slnečný 2i byt, TN","address":"Západná, Trenčín, okres Trenčín","rooms":2,"meters":null,"totalPrice":null,"meterSquarePrice":null,"link":"https://www.nehnutelnosti.sk/detail/JuVQy1biRRu/rezervovane-rado-na-predaj-zrekonstruovany-slnecny-2i-byt-tn","imagesUrls":["https://img.nehnutelnosti.sk/foto/NjAweDMzOC9maWx0ZXJzOnF1YWxpdHkoMTAwKS9uZWg=/H-y4hPg6x_fss?st=SWkfKq3GOzgBwWZgcOa1JBMrB9RZJdmOa6EMcNctCkY&ts=1725368806&e=0"]},{"title":"RADO | GreenResidence 3-izbový byt 75,28m2  | Nové Zámky","address":"Zimná, Nové Zámky, okres Nové Zámky","rooms":3,"meters":69,"totalPrice":164014,"meterSquarePrice":8,"link":"https://www.nehnutelnosti.sk/detail/JuUbYFukfqT/rado-greenresidence-3-izbovy-byt-75-28m2-nove-zamky","imagesUrls":["https://img.nehnutelnosti.sk/foto/NjAweDMzOC9maWx0ZXJzOnF1YWxpdHkoMTAwKS9uZWg=/bHsYuGs-n_fss?st=kxs5EBWj5aQkZz49OS0hYBG-aOhHcw9OHgFUjvozwb4&ts=1726406930&e=0"]},{"title":"RADO | 3,5-izbový byt 85m2 + záhrada - NOVOSTAVBA | Vinohrady","address":"Nová Koziarka, Bratislava III - Nové Mesto, okres Bratislava","rooms":3,"meters":85,"totalPrice":318100,"meterSquarePrice":5,"link":"https://www.nehnutelnosti.sk/detail/JuxCQuqXaTi/rado-3-5-izbovy-byt-85m2-zahrada-novostavba-vinohrady","imagesUrls":["https://img.nehnutelnosti.sk/foto/NjAweDMzOC9maWx0ZXJzOnF1YWxpdHkoMTAwKS9uZWg=/u9ukYpP1t_fss?st=Hx_QT55kRt9Uhn2FyCYxdyyE6g4MhKsMyu_T6mW86qA&ts=1725305778&e=0"]},{"title":"RADO | 4-izbový byt 95m2 + záhrada - NOVOSTAVBA | Vinohrady-Bratislava","address":"Nová Koziarka, Bratislava III - Nové Mesto, okres Bratislava","rooms":4,"meters":95,"totalPrice":416900,"meterSquarePrice":2,"link":"https://www.nehnutelnosti.sk/detail/JumGaL4RZWR/rado-4-izbovy-byt-95m2-zahrada-novostavba-vinohrady-bratislava","imagesUrls":["https://img.nehnutelnosti.sk/foto/NjAweDMzOC9maWx0ZXJzOnF1YWxpdHkoMTAwKS9uZWg=/I7cbRvLCi_fss?st=hOz83Evpdr-PoXWV0M0ybVzVbz0BRUUwozcrbaBYqqc&ts=1726257261&e=0"]},{"title":"RADO | GreenResidence 2-izbový byt 53,83m2 + predzáhradka | Nové Zámky","address":"Zimná, Nové Zámky, okres Nové Zámky","rooms":2,"meters":53,"totalPrice":140738,"meterSquarePrice":9,"link":"https://www.nehnutelnosti.sk/detail/JuXBIAvapTR/rado-greenresidence-2-izbovy-byt-53-83m2-predzahradka-nove-zamky","imagesUrls":["https://img.nehnutelnosti.sk/foto/NjAweDMzOC9maWx0ZXJzOnF1YWxpdHkoMTAwKS9uZWg=/XivNMgwDK_fss?st=uOzv5MwP2CqGD77XAtXEsRTIcNapv3BpsL6pjITBZxA&ts=1726406929&e=0"]},{"title":"RADO | GreenResidence 2-izbový byt 67,20m2 | Nové Zámky","address":"Zimná, Nové Zámky, okres Nové Zámky","rooms":2,"meters":61,"totalPrice":145445,"meterSquarePrice":3,"link":"https://www.nehnutelnosti.sk/detail/JuTu4t4GKm-/rado-greenresidence-2-izbovy-byt-67-20m2-nove-zamky","imagesUrls":["https://img.nehnutelnosti.sk/foto/NjAweDMzOC9maWx0ZXJzOnF1YWxpdHkoMTAwKS9uZWg=/flTo0GNh4_fss?st=5Rb-Mgge1vfkEJ0Hj5ui1pEcg-d1nW37l-Mgn3XNGsE&ts=1724937017&e=0"]}]