[{"title":"***nová cena*** Vyhľadávaná lokalita, dobrá cena, voľný kúpou","address":"Galanta, okres Galanta","rooms":3,"meters":66,"totalPrice":115900,"meterSquarePrice":6,"link":"https://www.nehnutelnosti.sk/detail/Ju9xYky4O-g/nova-cena-vyhladavana-lokalita-dobra-cena-volny-kupou","imagesUrls":["https://img.nehnutelnosti.sk/foto/NjAweDMzOC9maWx0ZXJzOnF1YWxpdHkoMTAwKS9uZWg=/nWyJNXEgf_fss?st=lZ51SnEzg8jgzX9gXcqsvCQ5Yp58bCEYrepjKlsoCDc&ts=1719564120&e=0"]},{"title":"Predaj 3-izbového bytu v Bratislave Ružinove","address":"Andreja Mráza, Bratislava II - Ružinov, okres Bratislava","rooms":3,"meters":72,"totalPrice":200000,"meterSquarePrice":8,"link":"https://www.nehnutelnosti.sk/detail/JuiGo0zI2d6/predaj-3-izboveho-bytu-v-bratislave-ruzinove","imagesUrls":["https://img.nehnutelnosti.sk/foto/NjAweDMzOC9maWx0ZXJzOnF1YWxpdHkoMTAwKS9uZWg=/NVizkj2IF_fss?st=CBoZpdSCI2Rk9LIbc3hshK5oP_7gK4Znl4gTgmbwrsc&ts=1716715041&e=0"]},{"title":"TESTOVACI INZERAT PORTALU - NEKONTAKTOVAT creditka 4","address":"Fatranská, Ružomberok, okres Ružomberok","rooms":5,"meters":99,"totalPrice":3,"meterSquarePrice":3,"link":"https://www.nehnutelnosti.sk/detail/JuX14UscidX/testovaci-inzerat-portalu-nekontaktovat-creditka-4","imagesUrls":["https://img.nehnutelnosti.sk/foto/NjAweDMzOC9maWx0ZXJzOnF1YWxpdHkoMTAwKS9uZWg=/cLfaibWSz_fss?st=4Fn-FHH4jesBz_A6gb4QL0sElxiBXrRbRANmb43p3ZA&ts=1725272026&e=0"]},{"title":"BYTY v OC RSPARK /SKOLAUDOVANÉ","address":"B. Bartóka, Rimavská Sobota, okres Rimavská Sobota","rooms":3,"meters":null,"totalPrice":null,"meterSquarePrice":null,"link":"https://www.nehnutelnosti.sk/detail/Ju0iOQG7Lcb/byty-v-oc-rspark-skolaudovane","imagesUrls":["https://img.nehnutelnosti.sk/foto/NjAweDMzOC9maWx0ZXJzOnF1YWxpdHkoMTAwKS9uZWg=/jQ6qf8LL7_fss?st=KBb1mZn5PLT1NFV4xjaVPXNJDXO0m2y6ZfdruHnQpGc&ts=1719581137&e=0"]},{"title":"Slnečný dvojizbový byt, Žilina - Bulvár","address":"Žilina, okres Žilina","rooms":2,"meters":null,"totalPrice":null,"meterSquarePrice":null,"link":"https://www.nehnutelnosti.sk/detail/Juty90PzHId/slnecny-dvojizbovy-byt-zilina-bulvar","imagesUrls":["https://img.nehnutelnosti.sk/foto/NjAweDMzOC9maWx0ZXJzOnF1YWxpdHkoMTAwKS9uZWg=/t_weZgx8R_fss?st=TSWW-IVajDqBEveZhcSqaeHenPKxs74_sKIn0sO-kDI&ts=1724928089&e=0"]},{"title":"Horný Dvor, Senec - 2i byt, 1p/3, NOVOSTAVBA, s balkónom, výhľad na Karpaty, PARKOVACIE STÁTIE","address":"Horný dvor 5553, Senec, okres Senec","rooms":2,"meters":44,"totalPrice":92000,"meterSquarePrice":1,"link":"https://www.nehnutelnosti.sk/detail/JugqWYFgZJ9/horny-dvor-senec-2i-byt-1p-3-novostavba-s-balkonom-vyhlad-na-karpaty-parkovacie-statie","imagesUrls":["https://img.unitedclassifieds.sk/foto/NjAweDMzOC9maWx0ZXJzOnF1YWxpdHkoMTAwKS9qdWw=/cy6zELxvd_fss?st=NeQcnm1wX3tvEnoRK9tUAJgyQbGivQED2zn5xUdqTTA&ts=1722414539&e=0"]},{"title":"DIRECTREAL|Na predaj nový prerobený 2 izbový byt , Juh, Trenčín","address":"Novomeského, Trenčín, okres Trenčín","rooms":2,"meters":44,"totalPrice":119900,"meterSquarePrice":5,"link":"https://www.nehnutelnosti.sk/detail/Ju-pbZvxF9n/directreal-na-predaj-novy-prerobeny-2-izbovy-byt-juh-trencin","imagesUrls":["https://img.nehnutelnosti.sk/foto/NjAweDMzOC9maWx0ZXJzOnF1YWxpdHkoMTAwKS9uZWg=/1BgWeNly-V_fss?st=qpw_MarrWDQdHNV4qsDs7iluO70J_RQpSeAkHNIO55s&ts=1725274128&e=0"]},{"title":"Apartmán pod Oravským hradom Č. 2.7","address":"Oravský Podzámok, Oravský Podzámok, okres Dolný Kubín","rooms":null,"meters":24,"totalPrice":103000,"meterSquarePrice":8,"link":"https://www.nehnutelnosti.sk/detail/JuzzTocAa3I/apartman-pod-oravskym-hradom-c-2-7","imagesUrls":["https://img.nehnutelnosti.sk/foto/NjAweDMzOC9maWx0ZXJzOnF1YWxpdHkoMTAwKS9uZWg=/bVkLY5RzG_fss?st=7AiDhLsL1seRZT9NhaJpgp7WrSYCqKcJe5QhwwqAnTU&ts=1724335169&e=0"]},{"title":"Apartmán pod Oravským hradom Č. 2.8","address":"Oravský Podzámok, okres Dolný Kubín","rooms":null,"meters":25,"totalPrice":105000,"meterSquarePrice":0,"link":"https://www.nehnutelnosti.sk/detail/JujZfHL1aXk/apartman-pod-oravskym-hradom-c-2-8","imagesUrls":["https://img.nehnutelnosti.sk/foto/NjAweDMzOC9maWx0ZXJzOnF1YWxpdHkoMTAwKS9uZWg=/5Y163H4dG5_fss?st=YgG_Jn26Qss2SXJvwRz9BslNDcLVvy7hx2gAri-cRQE&ts=1724335404&e=0"]},{"title":"Apartmán pod Oravským hradom Č 1.1","address":"Oravský Podzámok, okres Dolný Kubín","rooms":null,"meters":16,"totalPrice":90000,"meterSquarePrice":7,"link":"https://www.nehnutelnosti.sk/detail/JuJmtam0KWg/apartman-pod-oravskym-hradom-c-1-1","imagesUrls":["https://img.nehnutelnosti.sk/foto/NjAweDMzOC9maWx0ZXJzOnF1YWxpdHkoMTAwKS9uZWg=/Aax5Ax91t_fss?st=gcG2c9jmQpykVBspGPrrqFneAbE7H76HCliq-7x0Oqk&ts=1724335743&e=0"]},{"title":"NA PREDAJ Veľkometrážny 3-izbový byt (85 m2) Bazovského ul_Nitra","address":"Bazovského, Nitra, okres Nitra","rooms":3,"meters":85,"totalPrice":139900,"meterSquarePrice":8,"link":"https://www.nehnutelnosti.sk/detail/JuSA5BchjxA/na-predaj-velkometrazny-3-izbovy-byt-85-m2-bazovskeho-ul-nitra","imagesUrls":["https://img.nehnutelnosti.sk/foto/NjAweDMzOC9maWx0ZXJzOnF1YWxpdHkoMTAwKS9uZWg=/01bY_EtqK_fss?st=rVp9buhYeQgrL-MmWp4V_Z4DRqhCDKPrqEp6oFit9VQ&ts=1724760515&e=0"]},{"title":"1-izbový byt v projekte Slnečnice UNIQ, Petržalka, BA","address":"Fialová, Bratislava V - Petržalka, okres Bratislava","rooms":1,"meters":42,"totalPrice":193905,"meterSquarePrice":0,"link":"https://www.nehnutelnosti.sk/detail/JunhTQ9Jjb7/1-izbovy-byt-v-projekte-slnecnice-uniq-petrzalka-ba","imagesUrls":["https://img.nehnutelnosti.sk/foto/NjAweDMzOC9maWx0ZXJzOnF1YWxpdHkoMTAwKS9uZWg=/kp5Vi2116_fss?st=c3tDzyBwNwEhr1yRP-MIbeG4XZ3TApRkSzVLTGiIZQg&ts=1725882705&e=0"]},{"title":"4 izbový byt v novostavbe Byty Medická, Košice","address":"Medická, Košice II - Západ, okres Košice","rooms":4,"meters":91,"totalPrice":339000,"meterSquarePrice":7,"link":"https://www.nehnutelnosti.sk/detail/JuFfZwjBmFT/4-izbovy-byt-v-novostavbe-byty-medicka-kosice","imagesUrls":["https://img.nehnutelnosti.sk/foto/NjAweDMzOC9maWx0ZXJzOnF1YWxpdHkoMTAwKS9uZWg=/L7uG3jo5A_fss?st=eWnqYBXbsCVsom9cs01Ps3HOjrMNenrsVBMZaN8BYiY&ts=1724759903&e=0"]},{"title":"3 izbový byt Banská Bystrica Fončorda","address":"Banská Bystrica, okres Banská Bystrica","rooms":3,"meters":63,"totalPrice":139000,"meterSquarePrice":5,"link":"https://www.nehnutelnosti.sk/detail/JuRe3Y_jr_m/3-izbovy-byt-banska-bystrica-foncorda","imagesUrls":["https://img.nehnutelnosti.sk/foto/NjAweDMzOC9maWx0ZXJzOnF1YWxpdHkoMTAwKS9uZWg=/RDyyRsdWy_fss?st=Q1BTEiCIc_-QXIAi2tPEfF49lFXdyNRNRvOGjtPCQHM&ts=1719995810&e=0"]},{"title":"Novostavba 3 izbový byt","address":"Skuteckého, Banská Bystrica, okres Banská Bystrica","rooms":3,"meters":116,"totalPrice":315000,"meterSquarePrice":5,"link":"https://www.nehnutelnosti.sk/detail/JuNTNUMu_HH/novostavba-3-izbovy-byt","imagesUrls":["https://img.nehnutelnosti.sk/foto/NjAweDMzOC9maWx0ZXJzOnF1YWxpdHkoMTAwKS9uZWg=/pR67-fcTC_fss?st=lYrBEfXul_vH8_TxFNSt0ICbU47SMxasieoO0MscrG0&ts=1659460428&e=0"]},{"title":"4 izbový byt Banská Bystrica","address":"Banská Bystrica, okres Banská Bystrica","rooms":4,"meters":85,"totalPrice":180000,"meterSquarePrice":5,"link":"https://www.nehnutelnosti.sk/detail/Ju49-EsLxU38/4-izbovy-byt-banska-bystrica","imagesUrls":[]},{"title":"2 izbový byt v novostavbe Byty Medická, Košice","address":"Medická, Košice II - Západ, okres Košice","rooms":2,"meters":44,"totalPrice":178900,"meterSquarePrice":9,"link":"https://www.nehnutelnosti.sk/detail/JuUoN3ytqt0/2-izbovy-byt-v-novostavbe-byty-medicka-kosice","imagesUrls":["https://img.nehnutelnosti.sk/foto/NjAweDMzOC9maWx0ZXJzOnF1YWxpdHkoMTAwKS9uZWg=/2UtGTxSfz_fss?st=pA9L-huRascMy1pePDjz5vgr71GXnYEmVPkOeqsHCRY&ts=1724759399&e=0"]},{"title":"Jan Pinka | 149.000 eur / 2i byt s terasou / čoskoro skolaudované","address":"Cementárenská, Stupava, okres Malacky","rooms":2,"meters":74,"totalPrice":149000,"meterSquarePrice":1,"link":"https://www.nehnutelnosti.sk/detail/JueCXVzmTLg/jan-pinka-149-000-eur-2i-byt-s-terasou-coskoro-skolaudovane","imagesUrls":["https://img.nehnutelnosti.sk/foto/NjAweDMzOC9maWx0ZXJzOnF1YWxpdHkoMTAwKS9uZWg=/lw2F7N_Enu_fss?st=NS6cJSCKVntPz1vlr-g3nzLpWMxbj6DhUt5UO3YaVQM&ts=1724758183&e=0"]},{"title":"Na predaj priestranný 3 izbový byt vo vyhľadávanej lokalite v Starom meste -Slávičie údolie","address":"Slávičie údolie, Bratislava I - Staré Mesto, okres Bratislava","rooms":3,"meters":99,"totalPrice":337000,"meterSquarePrice":3,"link":"https://www.nehnutelnosti.sk/detail/Ju_72e3TwHZ/na-predaj-priestranny-3-izbovy-byt-vo-vyhladavanej-lokalite-v-starom-meste-slavicie-udolie","imagesUrls":["https://img.nehnutelnosti.sk/foto/NjAweDMzOC9maWx0ZXJzOnF1YWxpdHkoMTAwKS9uZWg=/1UV3oAYhEh_fss?st=kFm-G4wPBC5B_k1SJtJCxNF3UghUkKWv-Tka6o3xhVI&ts=1718401454&e=0"]},{"title":"3 izbový byt v TOP lokalite Košice -Terasa, Toryská ul.","address":"Toryská, Košice II - Západ, okres Košice","rooms":3,"meters":67,"totalPrice":177000,"meterSquarePrice":9,"link":"https://www.nehnutelnosti.sk/detail/JuUtwgF2vhT/3-izbovy-byt-v-top-lokalite-kosice-terasa-toryska-ul","imagesUrls":["https://img.unitedclassifieds.sk/foto/NjAweDMzOC9maWx0ZXJzOnF1YWxpdHkoMTAwKS9yc2Y=/g57kK-em-3_fss?st=5h61gWJefE_N5xaIl8DbmJUN6hjQYNUFmCtVVfv4wAg&ts=1716280133&e=0"]},{"title":"1-izbový byt vo výstavbe v projekte Slnečnice Nad mestom","address":"Slnečnice, Bratislava V - Petržalka, okres Bratislava","rooms":1,"meters":33,"totalPrice":144672,"meterSquarePrice":3,"link":"https://www.nehnutelnosti.sk/detail/JurzaaJ0eti/1-izbovy-byt-vo-vystavbe-v-projekte-slnecnice-nad-mestom","imagesUrls":["https://img.nehnutelnosti.sk/foto/NjAweDMzOC9maWx0ZXJzOnF1YWxpdHkoMTAwKS9uZWg=/Wep9WM062_fss?st=aqrOjY9IsnOR241DJtx7HPOi46l8rkd2OcuiiNVkpsw&ts=1725882659&e=0"]},{"title":"3 izbový byt v TOP lokalite Košice -Terasa, Toryská ul.","address":"Toryská, Košice II - Západ, okres Košice","rooms":3,"meters":67,"totalPrice":177000,"meterSquarePrice":9,"link":"https://www.nehnutelnosti.sk/detail/JuhuOOK-tJ12/3-izbovy-byt-v-top-lokalite-kosice-terasa-toryska-ul","imagesUrls":["https://img.unitedclassifieds.sk/foto/NjAweDMzOC9maWx0ZXJzOnF1YWxpdHkoMTAwKS9yc2Y=/p9uQbtE7Z_fss?st=7waRNruOXhCqp4T9HuMHD0XMA2ukjjNA7waxUrT9laM&ts=1716022446&e=0"]},{"title":"Privátny maklér | Rezervované","address":"Štefana Králika, Bratislava IV - Devínska Nová Ves, okres Bratislava","rooms":2,"meters":43,"totalPrice":149900,"meterSquarePrice":5,"link":"https://www.nehnutelnosti.sk/detail/Ju8YHjkyah5/privatny-makler-rezervovane","imagesUrls":["https://img.nehnutelnosti.sk/foto/NjAweDMzOC9maWx0ZXJzOnF1YWxpdHkoMTAwKS9uZWg=/XuLTKa2vk_fss?st=wnmTDCYAngtF4JwaALkW4barxp5q6FKUlo9A5MBc8TY&ts=1720787986&e=0"]},{"title":"Veľký 4-izb. byt pod lesom so skvelou dispozíciou v Skačanoch !","address":"Skačany, okres Partizánske","rooms":4,"meters":91,"totalPrice":55000,"meterSquarePrice":0,"link":"https://www.nehnutelnosti.sk/detail/Ju7LvbLt4sO/velky-4-izb-bytpod-lesom-so-skvelou-dispoziciou-v-skacanoch","imagesUrls":["https://img.nehnutelnosti.sk/foto/NjAweDMzOC9maWx0ZXJzOnF1YWxpdHkoMTAwKS9uZWg=/aSsm_PgcX_fss?st=MOMz_Mt2qPmVnsu73hM3eDnUD3c_m3G5oyNZrpEEU4Q&ts=1724757276&e=0"]},{"title":"Predaj 3. izb. bytu v SA","address":"Kukučínova, Šaľa, okres Šaľa","rooms":3,"meters":67,"totalPrice":83000,"meterSquarePrice":1,"link":"https://www.nehnutelnosti.sk/detail/JuG2W9J4IqX/predaj-3-izb-bytu-v-sa","imagesUrls":["https://img.nehnutelnosti.sk/foto/NjAweDMzOC9maWx0ZXJzOnF1YWxpdHkoMTAwKS9uZWg=/_Bzekq3G60_fss?st=SozLKwxoKs1yWnZIfKrWBauhafcqQJYjNFSccDRjzVw&ts=1719570887&e=0"]},{"title":"1,5-izbový byt vo výstavbe v projekte Slnečnice Nad mestom","address":"Slnečnice, Bratislava V - Petržalka, okres Bratislava","rooms":null,"meters":50,"totalPrice":199067,"meterSquarePrice":8,"link":"https://www.nehnutelnosti.sk/detail/JuiNRzJcISw/1-5-izbovy-byt-vo-vystavbe-v-projekte-slnecnice-nad-mestom","imagesUrls":["https://img.nehnutelnosti.sk/foto/NjAweDMzOC9maWx0ZXJzOnF1YWxpdHkoMTAwKS9uZWg=/t_aAmHlFg_fss?st=dJ8CYh5jWPfXIpm2UbJA9QG1cb3vM6J4kug85T8NUBM&ts=1725882661&e=0"]},{"title":"3 IZBOVÝ BYT, HÚSKOVA, KOŠICE - SÍDLISKO KVP","address":"Húskova, Košice II - Sídlisko KVP, okres Košice","rooms":3,"meters":79,"totalPrice":165000,"meterSquarePrice":1,"link":"https://www.nehnutelnosti.sk/detail/JuIOD1blWgs/3-izbovy-byt-huskova-kosice-sidlisko-kvp","imagesUrls":["https://img.nehnutelnosti.sk/foto/NjAweDMzOC9maWx0ZXJzOnF1YWxpdHkoMTAwKS9uZWg=/oJP1mgAt7h_fss?st=YdpfktE5oOvnEJcOVuzjG_Xo4JwqPWSCKOZW94eUCJk&ts=1724755346&e=0"]},{"title":"3-IZBOVÝ BYT, 73 M2, ZVOLEN - ZÁPAD (REZERVOVANÉ)","address":"D. Ertla, Zvolen, okres Zvolen","rooms":3,"meters":73,"totalPrice":118500,"meterSquarePrice":9,"link":"https://www.nehnutelnosti.sk/detail/JuIFb5etr_z/3-izbovy-byt-73-m2-zvolen-zapad-rezervovane","imagesUrls":["https://img.nehnutelnosti.sk/foto/NjAweDMzOC9maWx0ZXJzOnF1YWxpdHkoMTAwKS9uZWg=/jK7I91ld4_fss?st=HymPTv_Ho_xJa9pOXBcAfkQvtYHKtuRHmdBZPAnidyY&ts=1724754207&e=0"]},{"title":"VEĽKÝ 2-IZBOVÝ BYT S BALKÓNOM, 63M2, RADVAŇ (REZERVOVANÉ)","address":"Radvanská, Banská Bystrica, okres Banská Bystrica","rooms":2,"meters":63,"totalPrice":127000,"meterSquarePrice":7,"link":"https://www.nehnutelnosti.sk/detail/JupGUJnPkrn/velky-2-izbovy-byt-s-balkonom-63m2-radvan-rezervovane","imagesUrls":["https://img.nehnutelnosti.sk/foto/NjAweDMzOC9maWx0ZXJzOnF1YWxpdHkoMTAwKS9uZWg=/H0VXzCHZ6o_fss?st=aDt31OdDn0WoVh6VSax0GJ7qX5DTWJ3zGQNwt_-XYPY&ts=1724754197&e=0"]},{"title":"3-IZB. BYT - BA, VRAKUŇA","address":"Hradská, Bratislava II - Vrakuňa, okres Bratislava","rooms":3,"meters":68,"totalPrice":255000,"meterSquarePrice":0,"link":"https://www.nehnutelnosti.sk/detail/JuK5FNQ0VH8/3-izb-byt-ba-vrakuna","imagesUrls":["https://img.nehnutelnosti.sk/foto/NjAweDMzOC9maWx0ZXJzOnF1YWxpdHkoMTAwKS9uZWg=/i4JNq0Yg5_fss?st=drsLSCJBLxik7PQpkYqFj5lNSwJO_vsKVv2OWQ_stgU&ts=1724753385&e=0"]}]