[{"title":"Na predaj 2 izbový byt v pôvodnom stave  REZERVOVANÉ","address":"Matice Slovenskej, Prešov, okres Prešov","rooms":2,"meters":54,"totalPrice":104999,"meterSquarePrice":3,"link":"https://www.nehnutelnosti.sk/detail/JuJjsnxwNFM/na-predaj-2-izbovy-byt-v-povodnom-stave-rezervovane","imagesUrls":["https://img.nehnutelnosti.sk/foto/NjAweDMzOC9maWx0ZXJzOnF1YWxpdHkoMTAwKS9uZWg=/CYqGt2weT_fss?st=l40rX6Tn6ZB1u5RTDQX6rWGjU7J8Xsav-0k6AA5U45A&ts=1725798857&e=0"]},{"title":"Na predaj pekný 1 izbový byt, Andreja Kubinu, Trnava","address":"Kubinu, Trnava, okres Trnava","rooms":1,"meters":33,"totalPrice":98000,"meterSquarePrice":0,"link":"https://www.nehnutelnosti.sk/detail/Ju2r5eSLR5wA/na-predaj-pekny-1-izbovy-byt-andreja-kubinu-trnava","imagesUrls":["https://img.nehnutelnosti.sk/foto/NjAweDMzOC9maWx0ZXJzOnF1YWxpdHkoMTAwKS9uZWg=/QSo7A6VvDG_fss?st=4dM1XaISBlKcPPSDaJF-WkbE3nhKDG1Be-rTVphmsJE&ts=1723019512&e=0"]},{"title":"REZERVOVANÉ/NA PREDAJ 2. IZB. BYT PO NOVEJ REKONŠTRUKCII,ul. KPT. JAROŠA","address":"Kpt. Jaroša, Košice III - Dargovských Hrdinov, okres Košice","rooms":2,"meters":52,"totalPrice":135000,"meterSquarePrice":5,"link":"https://www.nehnutelnosti.sk/detail/Juiz0oGCP82/rezervovane-na-predaj-2-izb-byt-po-novej-rekonstrukcii-ul-kpt-jarosa","imagesUrls":["https://img.nehnutelnosti.sk/foto/NjAweDMzOC9maWx0ZXJzOnF1YWxpdHkoMTAwKS9uZWg=/j0maIhNOH_fss?st=s0jSHQicvk7B6VQcrz0Toogjc0J-BQSAuXUd7m_eNLU&ts=1725699983&e=0"]},{"title":"Na predaj 3 - izbový byt - Prešov","address":"Švábska, Prešov, okres Prešov","rooms":3,"meters":75,"totalPrice":132000,"meterSquarePrice":0,"link":"https://www.nehnutelnosti.sk/detail/JupowpdRwxa/na-predaj-3-izbovy-byt-presov","imagesUrls":["https://img.nehnutelnosti.sk/foto/NjAweDMzOC9maWx0ZXJzOnF1YWxpdHkoMTAwKS9uZWg=/7xoIc8ql4h_fss?st=Vx4ATsYtVOBD0SW46NkiSsC2YavLPGlZnl8yxsdi2iA&ts=1722458889&e=0"]},{"title":"Na predaj 2 izbový byt ulica Krosnianska, Košice - Dargovských hrdinov","address":"Krosnianska, Košice III - Dargovských Hrdinov, okres Košice","rooms":2,"meters":44,"totalPrice":154000,"meterSquarePrice":0,"link":"https://www.nehnutelnosti.sk/detail/JuvP1x3ZrEk/na-predaj-2-izbovy-byt-ulica-krosnianska-kosice-dargovskych-hrdinov","imagesUrls":["https://img.nehnutelnosti.sk/foto/NjAweDMzOC9maWx0ZXJzOnF1YWxpdHkoMTAwKS9uZWg=/aRznF20ZU_fss?st=MD1oFVJM5IDX2G198PEawOO9xu5tIFtcScXqbbRddgI&ts=1724807112&e=0"]},{"title":"Na predaj 1,5 izbový byt po kompletnej rekonštrukcii, Maurerova ulica, Košice - Dargovských hrdinov","address":"Maurerova, Košice III - Dargovských Hrdinov, okres Košice","rooms":2,"meters":42,"totalPrice":154999,"meterSquarePrice":5,"link":"https://www.nehnutelnosti.sk/detail/JuBYDAB_AjX/na-predaj-1-5-izbovy-byt-po-kompletnej-rekonstrukcii-maurerova-ulica-kosice-dargovskych-hrdinov","imagesUrls":["https://img.nehnutelnosti.sk/foto/NjAweDMzOC9maWx0ZXJzOnF1YWxpdHkoMTAwKS9uZWg=/zecIMhO56l_fss?st=5ISUDuBhV_zURQlfqNaeN70DIlh96bGSD_CUl_HFfoM&ts=1722191639&e=0"]},{"title":"PREDANÉ/ 2. IZBOVÝ BYT V STAROM MESTE NA JARNEJ ULICI","address":"Jarná, Košice I - Staré Mesto, okres Košice","rooms":2,"meters":58,"totalPrice":188000,"meterSquarePrice":8,"link":"https://www.nehnutelnosti.sk/detail/JuSHKzJwvi-/predane-2-izbovy-byt-v-starom-meste-na-jarnej-ulici","imagesUrls":["https://img.nehnutelnosti.sk/foto/NjAweDMzOC9maWx0ZXJzOnF1YWxpdHkoMTAwKS9uZWg=/4u1sd_E2j_fss?st=CpsfL2SWEcO02boegtRtmGfNf-ToZYX73J-48Ovqa7A&ts=1721861951&e=0"]},{"title":"Na predaj 1,5 izbový byt po kompletnej rekonštrukcii, Bernolákova ulica, Košice - Západ","address":"Bernolákova, Košice II - Západ, okres Košice","rooms":2,"meters":40,"totalPrice":160000,"meterSquarePrice":0,"link":"https://www.nehnutelnosti.sk/detail/Ju5iYT4p7Nq/na-predaj-1-5-izbovy-byt-po-kompletnej-rekonstrukcii-bernolakova-ulica-kosice-zapad","imagesUrls":["https://img.nehnutelnosti.sk/foto/NjAweDMzOC9maWx0ZXJzOnF1YWxpdHkoMTAwKS9uZWg=/f3VgcyjL_s_fss?st=ct8IYyCrKWRavTXZTXWF9k_RVF213TzBG7rK0SoWOCo&ts=1721992103&e=0"]},{"title":"NA PREDAJ 3 IZBOVÝ BYT VHODNÝ NA INVESTÍCIU | JAZMÍNOVÁ ULICA | KOŠICE - ZÁPAD","address":"Jazmínová, Košice II - Západ, okres Košice","rooms":3,"meters":54,"totalPrice":153990,"meterSquarePrice":7,"link":"https://www.nehnutelnosti.sk/detail/JukqoimAE-s/na-predaj-3-izbovy-byt-vhodny-na-investiciu-jazminova-ulica-kosice-zapad","imagesUrls":["https://img.nehnutelnosti.sk/foto/NjAweDMzOC9maWx0ZXJzOnF1YWxpdHkoMTAwKS9uZWg=/KZ8M---V5_fss?st=_VuPvBNsf5owi0IaADCQU-0ZH2L6wnM1k7kS4fna5s8&ts=1726078744&e=0"]},{"title":"Na predaj 2 izbový byt v novostavbe","address":"Tarjanýho, Prešov, okres Prešov","rooms":2,"meters":43,"totalPrice":132000,"meterSquarePrice":7,"link":"https://www.nehnutelnosti.sk/detail/Juk3S1VhtKf/na-predaj-2-izbovy-byt-v-novostavbe","imagesUrls":["https://img.nehnutelnosti.sk/foto/NjAweDMzOC9maWx0ZXJzOnF1YWxpdHkoMTAwKS9uZWg=/NtlaxwenD_fss?st=0gFSUCOWmDTY9uMOwixUO2b4pigkpDen9RUCEdnJWmc&ts=1725842061&e=0"]},{"title":"NA PREDAJ 3. IZBOVÝ BYT, TATRANSKÁ ŠTRBA, VYSOKÉ TATRY","address":"OSTERVA, Štrba, okres Poprad","rooms":3,"meters":80,"totalPrice":226600,"meterSquarePrice":8,"link":"https://www.nehnutelnosti.sk/detail/Ju8Ji3LcGcFC/na-predaj-3-izbovy-byt-tatranska-strba-vysoke-tatry","imagesUrls":["https://img.nehnutelnosti.sk/foto/NjAweDMzOC9maWx0ZXJzOnF1YWxpdHkoMTAwKS9uZWg=/M_gYGhGMJ_fss?st=ebzIpwwyCk15GZSgSxBOZKlTLktRqg9o4OnyR4hP8m0&ts=1724118549&e=0"]},{"title":"Na predaj 2 izbový byt v novostavbe","address":"Tarjanýho, Prešov, okres Prešov","rooms":2,"meters":55,"totalPrice":154500,"meterSquarePrice":9,"link":"https://www.nehnutelnosti.sk/detail/Ju084sE52-b/na-predaj-2-izbovy-byt-v-novostavbe","imagesUrls":["https://img.nehnutelnosti.sk/foto/NjAweDMzOC9maWx0ZXJzOnF1YWxpdHkoMTAwKS9uZWg=/xKA3SO2R2R_fss?st=3LmD80tD0QRn69AfVK7TEeN0PqkHqSp4P9QAu3-Qi_Q&ts=1724707199&e=0"]},{"title":"Na predaj 3 izbový byt na Sekčove","address":"Sibírska, Prešov, okres Prešov","rooms":3,"meters":75,"totalPrice":138000,"meterSquarePrice":0,"link":"https://www.nehnutelnosti.sk/detail/Ju5TV9VjMcr/na-predaj-3-izbovy-byt-na-sekcove","imagesUrls":["https://img.nehnutelnosti.sk/foto/NjAweDMzOC9maWx0ZXJzOnF1YWxpdHkoMTAwKS9uZWg=/OGzByrTGT_fss?st=p52zGo3d6ksaS6K09eQdna-VGkMa2J0yvyViXaoM-EM&ts=1718116414&e=0"]},{"title":"Na predaj 4 izbový byt v novostavbe","address":"Tarjanýho, Prešov, okres Prešov","rooms":4,"meters":95,"totalPrice":261000,"meterSquarePrice":7,"link":"https://www.nehnutelnosti.sk/detail/JuHrM768inV/na-predaj-4-izbovy-byt-v-novostavbe","imagesUrls":["https://img.nehnutelnosti.sk/foto/NjAweDMzOC9maWx0ZXJzOnF1YWxpdHkoMTAwKS9uZWg=/7W_joOna4_fss?st=f6-iFB68CdZIPlAc71L41i1VITOJsPrLzU7XB80WWhY&ts=1724707193&e=0"]},{"title":"Rezervovaný: Na predaj 2 izbový tehlový byt na ulici Československej armády, Košice-Staré Mesto","address":"Košice I - Staré Mesto, okres Košice","rooms":2,"meters":60,"totalPrice":169999,"meterSquarePrice":2,"link":"https://www.nehnutelnosti.sk/detail/JuSe_1JmuTH/rezervovany-na-predaj-2-izbovy-tehlovy-byt-na-ulici-ceskoslovenskej-armady-kosice-stare-mesto","imagesUrls":["https://img.nehnutelnosti.sk/foto/NjAweDMzOC9maWx0ZXJzOnF1YWxpdHkoMTAwKS9uZWg=/qLg23p1B3_fss?st=_uxMXSUXnQZNnKOocwBuHQdRtv2KwKoGa4THK7-CC5c&ts=1717599717&e=0"]},{"title":"Na predaj 3 izbový byt v novostavbe","address":"Tarjanýho, Prešov, okres Prešov","rooms":3,"meters":67,"totalPrice":195000,"meterSquarePrice":5,"link":"https://www.nehnutelnosti.sk/detail/JubQPHxXKz6/na-predaj-3-izbovy-byt-v-novostavbe","imagesUrls":["https://img.nehnutelnosti.sk/foto/NjAweDMzOC9maWx0ZXJzOnF1YWxpdHkoMTAwKS9uZWg=/U2QhVmcl8_fss?st=h5vABU6cvvhYJg3muP2fiGd4VYkye4UKOLt-fgiEAAs&ts=1724707196&e=0"]},{"title":"Hľadáme 2 - 3 izbový byt. Staré Mesto.","address":"Košice I - Staré Mesto, okres Košice","rooms":3,"meters":70,"totalPrice":300000,"meterSquarePrice":1,"link":"https://www.nehnutelnosti.sk/detail/JugxrGxGbRE/hladame-2-3-izbovy-byt-stare-mesto","imagesUrls":["https://img.nehnutelnosti.sk/foto/NjAweDMzOC9maWx0ZXJzOnF1YWxpdHkoMTAwKS9uZWg=/zZnnICgd50_fss?st=jdRSRM3Afh_ep8ZNoleW5BSoC-lysrQGyPQfOeX2zTA&ts=1724345978&e=0"]},{"title":"REZERVOVANÉ - 1-izbový byt, Belehradská ulica, Košice","address":"Belehradská, Košice I - Sídlisko Ťahanovce, okres Košice","rooms":1,"meters":35,"totalPrice":105000,"meterSquarePrice":0,"link":"https://www.nehnutelnosti.sk/detail/Ju65f-sB1ja/rezervovane-1-izbovy-byt-belehradska-ulica-kosice","imagesUrls":["https://img.nehnutelnosti.sk/foto/NjAweDMzOC9maWx0ZXJzOnF1YWxpdHkoMTAwKS9uZWg=/_1wpP02RT_fss?st=Z5Y5qFGR6cZLUnmD2hBs3HR9BhBdeGbxXorzKNSsNjM&ts=1722333160&e=0"]},{"title":"NA PREDAJ 2 IZBOVÝ STAROMESTSKÝ BYT V STAROM MESTE","address":"Garbiarska, Košice I - Staré Mesto, okres Košice","rooms":2,"meters":68,"totalPrice":189000,"meterSquarePrice":3,"link":"https://www.nehnutelnosti.sk/detail/JuPLm2Blc7V/na-predaj-2-izbovy-staromestsky-byt-v-starom-meste","imagesUrls":["https://img.nehnutelnosti.sk/foto/NjAweDMzOC9maWx0ZXJzOnF1YWxpdHkoMTAwKS9uZWg=/9PZDcxanXq_fss?st=cAYO4kbctEEpQ5zoxHvA2CGutmVwz5qSfyjymYsHgi4&ts=1721068567&e=0"]},{"title":"KRÁSNY 2 IZBOVÝ BYT S VEĽKOU 26m2 TERASOU | PANORÁMA | HOLOBYT","address":"Jelšová, Košice IV - Vyšné Opátske, okres Košice","rooms":2,"meters":81,"totalPrice":204990,"meterSquarePrice":7,"link":"https://www.nehnutelnosti.sk/detail/JuQ75iniwtv/krasny-2-izbovy-byt-s-velkou-26m2-terasou-panorama-holobyt","imagesUrls":["https://img.nehnutelnosti.sk/foto/NjAweDMzOC9maWx0ZXJzOnF1YWxpdHkoMTAwKS9uZWg=/6SqoGxgWkj_fss?st=9MsIcxudUjCfvq0EJMzE2b7JuAQdgokJ0j1avzI80ss&ts=1726574020&e=0"]},{"title":"REZERVOVANÉ - Na predaj 2-izbový byt v Prešove na ulici Švábska","address":"Švábska, Prešov, okres Prešov","rooms":2,"meters":55,"totalPrice":103000,"meterSquarePrice":3,"link":"https://www.nehnutelnosti.sk/detail/JuDeq7tn9Gn/rezervovane-na-predaj-2-izbovy-byt-v-presove-na-ulici-svabska","imagesUrls":["https://img.nehnutelnosti.sk/foto/NjAweDMzOC9maWx0ZXJzOnF1YWxpdHkoMTAwKS9uZWg=/TzoqVloQi_fss?st=SO5fxbdhQ85ZYM3fuHHRxHJ1Y4WUg4TN-d_aJNb2l-8&ts=1717620106&e=0"]},{"title":"Na predaj 1,5 izbový byt po kompletnej rekonštrukcii, Bernolákova ulica, Košice - Západ","address":"Bernolákova, Košice II - Západ, okres Košice","rooms":1,"meters":40,"totalPrice":160000,"meterSquarePrice":0,"link":"https://www.nehnutelnosti.sk/detail/JuOQ2n6SLAo/na-predaj-1-5-izbovy-byt-po-kompletnej-rekonstrukcii-bernolakova-ulica-kosice-zapad","imagesUrls":["https://img.nehnutelnosti.sk/foto/NjAweDMzOC9maWx0ZXJzOnF1YWxpdHkoMTAwKS9uZWg=/Df3F-k3zE_fss?st=JC4saWdacDMTSq-J28QPglnFt0JysrMNglXyoSa34GA&ts=1721834079&e=0"]},{"title":"Na predaj krásny 1 izbový byt, Rastislavova ulica, Košice -Juh","address":"Rastislavova, Košice IV - Juh, okres Košice","rooms":1,"meters":40,"totalPrice":142500,"meterSquarePrice":0,"link":"https://www.nehnutelnosti.sk/detail/Ju8b5l-vdmR/na-predaj-krasny-1-izbovy-byt-rastislavova-ulica-kosice-juh","imagesUrls":["https://img.nehnutelnosti.sk/foto/NjAweDMzOC9maWx0ZXJzOnF1YWxpdHkoMTAwKS9uZWg=/2Pj-3MzEx_fss?st=gvVjslL88fe5v8L5mh64Wycm0xZ5j1e6chfKs21EtwA&ts=1725154430&e=0"]},{"title":"Na predaj 3 izbový byt na ulici Čordákova, Sídlisko KVP","address":"Čordákova, Košice II - Sídlisko KVP, okres Košice","rooms":3,"meters":65,"totalPrice":158000,"meterSquarePrice":7,"link":"https://www.nehnutelnosti.sk/detail/Ju2RGvIfan2/na-predaj-3-izbovy-byt-na-ulici-cordakova-sidlisko-kvp","imagesUrls":["https://img.nehnutelnosti.sk/foto/NjAweDMzOC9maWx0ZXJzOnF1YWxpdHkoMTAwKS9uZWg=/10jpOAitT_fss?st=vyfi73QfNfBYpzFvfNYkZeX_yLtaSGKe3YOADSMNBPw&ts=1724654235&e=0"]},{"title":"Na predaj 3 izbový byt po kompletnej rekonštrukcii na ulici Wuppertálska, Košice - Sídlisko KVP","address":"Wuppertálska, Košice II - Sídlisko KVP, okres Košice","rooms":3,"meters":62,"totalPrice":185000,"meterSquarePrice":7,"link":"https://www.nehnutelnosti.sk/detail/JuzP7JJNcuY/na-predaj-3-izbovy-byt-po-kompletnej-rekonstrukcii-na-ulici-wuppertalska-kosice-sidlisko-kvp","imagesUrls":["https://img.nehnutelnosti.sk/foto/NjAweDMzOC9maWx0ZXJzOnF1YWxpdHkoMTAwKS9uZWg=/Jj-f74LQNi_fss?st=LOUMV6KdoddR4jj4SOfim_sw71cC36puXKEovVuI14w&ts=1726309066&e=0"]},{"title":"Na predaj 3 izbový byt na ulici SNP, Sečovce","address":"Sečovce, okres Trebišov","rooms":3,"meters":null,"totalPrice":null,"meterSquarePrice":null,"link":"https://www.nehnutelnosti.sk/detail/JuQM5X4T4Fj/na-predaj-3-izbovy-byt-na-ulici-snp-secovce","imagesUrls":["https://img.nehnutelnosti.sk/foto/NjAweDMzOC9maWx0ZXJzOnF1YWxpdHkoMTAwKS9uZWg=/zdSX9Elpv_fss?st=2VpAkBMFw2MkCarHBDmfw5g16ilmIRd78SQDPx4wHW0&ts=1719686288&e=0"]},{"title":"REZERVOVANÉ - Na predaj 4 izbový byt Nitra spodok Klokočiny - vyhľadávaná lokalita","address":"Nitra, okres Nitra","rooms":4,"meters":82,"totalPrice":163000,"meterSquarePrice":0,"link":"https://www.nehnutelnosti.sk/detail/JuNB7_Gdlxm/rezervovane-na-predaj-4-izbovy-byt-nitra-spodok-klokociny-vyhladavana-lokalita","imagesUrls":["https://img.nehnutelnosti.sk/foto/NjAweDMzOC9maWx0ZXJzOnF1YWxpdHkoMTAwKS9uZWg=/oIFw_a0UI_fss?st=OIlprdup_qO_jKWJBUtE-hdKUR46-zRflRq0FT6op6Q&ts=1721068510&e=0"]},{"title":"NA PREDAJ VEĽKÝ PODKROVNÝ BYT, STARÉ MESTO -  UL. JARNÁ","address":"Jarná, Košice I - Staré Mesto, okres Košice","rooms":4,"meters":150,"totalPrice":370000,"meterSquarePrice":7,"link":"https://www.nehnutelnosti.sk/detail/Ju3sF2oZmPs/na-predaj-velky-podkrovny-byt-stare-mesto-ul-jarna","imagesUrls":["https://img.nehnutelnosti.sk/foto/NjAweDMzOC9maWx0ZXJzOnF1YWxpdHkoMTAwKS9uZWg=/53ebeX_vg_fss?st=AfsldsGHDayioCJk7RjkaJbWUWvrZsSm526o85Qa4pw&ts=1702378053&e=0"]},{"title":"Na predaj 2 izbový byt v novostavbe s vlastním kúrením","address":"Tarjanýho, Prešov, okres Prešov","rooms":2,"meters":70,"totalPrice":156500,"meterSquarePrice":1,"link":"https://www.nehnutelnosti.sk/detail/JuaWaSvPlBr/na-predaj-2-izbovy-byt-v-novostavbe-s-vlastnim-kurenim","imagesUrls":["https://img.nehnutelnosti.sk/foto/NjAweDMzOC9maWx0ZXJzOnF1YWxpdHkoMTAwKS9uZWg=/hZvAhS2wq_fss?st=oe_RvK035Xd4ioj8DekOmo85WUSLAfDwo-h9pzXk0Bc&ts=1724707148&e=0"]},{"title":"Na predaj 4 izbový byt v novostavbe","address":"Tarjanýho, Prešov, okres Prešov","rooms":4,"meters":105,"totalPrice":260000,"meterSquarePrice":9,"link":"https://www.nehnutelnosti.sk/detail/JuGU7Ym1O_o/na-predaj-4-izbovy-byt-v-novostavbe","imagesUrls":["https://img.nehnutelnosti.sk/foto/NjAweDMzOC9maWx0ZXJzOnF1YWxpdHkoMTAwKS9uZWg=/h2lLkei0vH_fss?st=yDp9kyRLg5vmHDP___431gsteqRj7dzgkCCAgf9lflk&ts=1724757380&e=0"]}]