[{"title":"Exkluzívne iba v APEX reality 3i byt na ul. Závalie, 71 m2, pôvodný stav","address":"Závalie, Hlohovec, okres Hlohovec","rooms":3,"meters":71,"totalPrice":115000,"meterSquarePrice":2,"link":"https://www.nehnutelnosti.sk/detail/JuwUhOo6rTv/exkluzivne-iba-v-apex-reality-3i-byt-na-ul-zavalie-71-m2-povodny-stav","imagesUrls":["https://img.nehnutelnosti.sk/foto/NjAweDMzOC9maWx0ZXJzOnF1YWxpdHkoMTAwKS9uZWg=/NnPspbbS1_fss?st=sqGTjeCIM8YZof5xtlQqYGgeR0Ul8HNUAx-xMXcn-wA&ts=1724403925&e=0"]},{"title":"Piešťany centrum –  1izbový byt na Nálepkovej ulici - ID 24031 - Rezervované","address":"Nálepkova, Piešťany, okres Piešťany","rooms":1,"meters":28,"totalPrice":98000,"meterSquarePrice":9,"link":"https://www.nehnutelnosti.sk/detail/Juk6b9PDB5P/piestany-centrum-1izbovy-byt-na-nalepkovej-ulici-id-24031-rezervovane","imagesUrls":["https://img.nehnutelnosti.sk/foto/NjAweDMzOC9maWx0ZXJzOnF1YWxpdHkoMTAwKS9uZWg=/lV9kuDSed_fss?st=zYljzRLMwYF2Go85JskAPj1L0K-w45Y7-1IQmh-Q0fk&ts=1719235149&e=0"]},{"title":"REZERVOVANÉ 4 izbový byt, 74m²+lodžia, nová rekonštrukcia, Talinská, Košice Nad Jazerom","address":"Talinská, Košice IV - Nad jazerom, okres Košice","rooms":4,"meters":74,"totalPrice":184999,"meterSquarePrice":9,"link":"https://www.nehnutelnosti.sk/detail/Ju5rgBzbLBW/rezervovane-4-izbovy-byt-74m-lodzia-nova-rekonstrukcia-talinska-kosice-nad-jazerom","imagesUrls":["https://img.unitedclassifieds.sk/foto/NjAweDMzOC9maWx0ZXJzOnF1YWxpdHkoMTAwKS9qdWw=/kS9gr712V_fss?st=Xzv-VJd6NDlX90vXYJOEgBamW7YxAUA4Q0TAtBAyP2M&ts=1724400567&e=0"]},{"title":"Dobrá investičná príležitosť","address":"Konopná, Levice, okres Levice","rooms":2,"meters":47,"totalPrice":71000,"meterSquarePrice":4,"link":"https://www.nehnutelnosti.sk/detail/JuAYo3FtS8Q/dobra-investicna-prilezitost","imagesUrls":["https://img.nehnutelnosti.sk/foto/NjAweDMzOC9maWx0ZXJzOnF1YWxpdHkoMTAwKS9uZWg=/zLEA-dc-G_fss?st=erdZU_IVYjLlWG83NFAPVl0AJIXfoMod3djJTg-xmSI&ts=1716621575&e=0"]},{"title":"DRW / NOVOSTAVBA ... NADŠTANDARDNÝ .. VEĽKÝ BALKÓN .. KRÁSNY VÝHĽAD ..","address":"Agátová, Bratislava IV - Dúbravka, okres Bratislava","rooms":2,"meters":65,"totalPrice":220000,"meterSquarePrice":2,"link":"https://www.nehnutelnosti.sk/detail/JuDBMl6s9RR/drw-novostavba-nadstandardny-velky-balkon-krasny-vyhlad","imagesUrls":["https://img.nehnutelnosti.sk/foto/NjAweDMzOC9maWx0ZXJzOnF1YWxpdHkoMTAwKS9uZWg=/fTlhq6pxy_fss?st=kEkfjK2Ap1hRPULa0nw20up_4xiQhiauOlEulyMov38&ts=1692014797&e=0"]},{"title":"DRW / NOVOSTAVBA  BORY ... PARKOVACIE STÁTIE ... VEĽKÁ LOGGIA","address":"Michala Bučiča, Dúbravka, okres Michalovce","rooms":2,"meters":57,"totalPrice":176000,"meterSquarePrice":2,"link":"https://www.nehnutelnosti.sk/detail/JuJwXkf5QwI/drw-novostavba-bory-parkovacie-statie-velka-loggia","imagesUrls":["https://img.nehnutelnosti.sk/foto/NjAweDMzOC9maWx0ZXJzOnF1YWxpdHkoMTAwKS9uZWg=/LMnUzv-9C_fss?st=Bmx75zUUutf5tS7jhmehSmN0Gsv7nudbMMXqehf9DjI&ts=1698571155&e=0"]},{"title":"Výmerou štedrý 3i s výhľadmi do korún stromov v tesnej blízkosti Horského Parku","address":"Matúšova 2, Bratislava I - Staré Mesto, okres Bratislava","rooms":3,"meters":108,"totalPrice":495000,"meterSquarePrice":9,"link":"https://www.nehnutelnosti.sk/detail/Jujy4SDNuPC/vymerou-stedry-3i-s-vyhladmi-do-korun-stromov-v-tesnej-blizkosti-horskeho-parku","imagesUrls":["https://img.unitedclassifieds.sk/foto/NjAweDMzOC9maWx0ZXJzOnF1YWxpdHkoMTAwKS9qdWw=/agDdf1s5r_fss?st=PE0UiqAh0TTgQrYMVvdU7J9nAjch5BCHixoextlrKDM&ts=1724397760&e=0"]},{"title":"Byt Šaľa","address":"Nitrianska , Šaľa, okres Šaľa","rooms":3,"meters":76,"totalPrice":80400,"meterSquarePrice":9,"link":"https://www.nehnutelnosti.sk/detail/Ju3tvAIrw2e/byt-sala","imagesUrls":["https://img.nehnutelnosti.sk/foto/NjAweDMzOC9maWx0ZXJzOnF1YWxpdHkoMTAwKS9uZWg=/u0S-ifJV7_fss?st=M27sba-_iR3cI7lh-U_ylhgiO-1l7R5Oc6ZXRW-7spA&ts=1726979961&e=0"]},{"title":"NA PREDAJ: 2-izbový byt s vlastným kúrením a ohrevom vody, Levoča, sídl. Rozvoj, 75 m2","address":"Rozvoj, Levoča, okres Levoča","rooms":2,"meters":75,"totalPrice":79000,"meterSquarePrice":3,"link":"https://www.nehnutelnosti.sk/detail/JuguX664g6W/na-predaj-2-izbovy-byt-s-vlastnym-kurenim-a-ohrevom-vody-levoca-sidl-rozvoj-75-m2","imagesUrls":["https://img.unitedclassifieds.sk/foto/NjAweDMzOC9maWx0ZXJzOnF1YWxpdHkoMTAwKS9qdWw=/64bQv9NLj_fss?st=YkueWDbC7ej2EXdqU-nRE3l_-6HItdGIeNTLpkUa3Rs&ts=1724371917&e=0"]},{"title":"Predaj 2-izb. bytu, Nové Zámky - M.R.Štefánika","address":"M.R.Štefánika, Nové Zámky, okres Nové Zámky","rooms":2,"meters":55,"totalPrice":79000,"meterSquarePrice":6,"link":"https://www.nehnutelnosti.sk/detail/JuLIFwoSNW2/predaj-2-izb-bytu-nove-zamky-m-r-stefanika","imagesUrls":["https://img.nehnutelnosti.sk/foto/NjAweDMzOC9maWx0ZXJzOnF1YWxpdHkoMTAwKS9uZWg=/-LW8Lo-Uki_fss?st=VabEdfPShNFXvH_wj5rYNYr9WdgrX4kPvWQSVM1QeIo&ts=1720760015&e=0"]},{"title":"Predaj,3izb.byt s balkonom v Lučenci časť Opatová","address":"Továrenská, Lučenec, okres Lučenec","rooms":3,"meters":72,"totalPrice":77990,"meterSquarePrice":9,"link":"https://www.nehnutelnosti.sk/detail/JuRTVch1PDie/predaj-3izb-byt-s-balkonom-v-lucenci-cast-opatova","imagesUrls":["https://img.nehnutelnosti.sk/foto/NjAweDMzOC9maWx0ZXJzOnF1YWxpdHkoMTAwKS9uZWg=/kQaeqsNB1_fss?st=IB6JfMSnbHQvlAXIjU1qvFGMb5W0R5Pj1mY2PllhbBs&ts=1717600331&e=0"]},{"title":"2,5- izbový byt na ul. Okružná v Michalovciach","address":"Michalovce, okres Michalovce","rooms":2,"meters":56,"totalPrice":89500,"meterSquarePrice":9,"link":"https://www.nehnutelnosti.sk/detail/JuvYLDPD9p4/2-5-izbovy-byt-na-ul-okruzna-v-michalovciach","imagesUrls":["https://img.nehnutelnosti.sk/foto/NjAweDMzOC9maWx0ZXJzOnF1YWxpdHkoMTAwKS9uZWg=/bM0yPMThN_fss?st=L-XcSTiPB9cLx76nu9kV0x_qE_5oRB40SqpWsc52TL0&ts=1725625709&e=0"]},{"title":"Predám 3 izbový byt na sídlisku Rybníky v Leviciach","address":"Levice, Levice, okres Levice","rooms":3,"meters":78,"totalPrice":82000,"meterSquarePrice":6,"link":"https://www.nehnutelnosti.sk/detail/JuDaB6mwBcH/predam-3-izbovy-byt-na-sidlisku-rybniky-v-leviciach","imagesUrls":["https://img.nehnutelnosti.sk/foto/NjAweDMzOC9maWx0ZXJzOnF1YWxpdHkoMTAwKS9uZWg=/_E_w3pMMUu_fss?st=exPdYLFZOdMWFo8b-GN3DkI-OoT_3jc-Hek6uggUdus&ts=1725986476&e=0"]},{"title":"NA PREDAJ 2 izbový byt v blízkosti centra","address":"Trieda SNP, Banská Bystrica, okres Banská Bystrica","rooms":2,"meters":60,"totalPrice":143000,"meterSquarePrice":3,"link":"https://www.nehnutelnosti.sk/detail/JuWlIAOD2yl/na-predaj-2-izbovy-byt-v-blizkosti-centra","imagesUrls":["https://img.unitedclassifieds.sk/foto/NjAweDMzOC9maWx0ZXJzOnF1YWxpdHkoMTAwKS9qdWw=/uUeYf5c8t_fss?st=1HYLiAYoIoJM6P3-HpXX7QRS6F1HLHc6gCHKp3pRQG4&ts=1724358921&e=0"]},{"title":"Predám garsónku v novostavbe v Nových Zámkoch","address":"Nové Zámky, Nové Zámky, okres Nové Zámky","rooms":null,"meters":25,"totalPrice":58900,"meterSquarePrice":2,"link":"https://www.nehnutelnosti.sk/detail/Ju4OqT_qh4P/predam-garsonku-v-novostavbe-v-novych-zamkoch","imagesUrls":["https://img.nehnutelnosti.sk/foto/NjAweDMzOC9maWx0ZXJzOnF1YWxpdHkoMTAwKS9uZWg=/0PWFhKfan_fss?st=gCi9XVym7AMS5qsVk92Cl0S-Yb47MV9mO4jHSLMQ1GM&ts=1726420660&e=0"]},{"title":"3-izbový byt po čiast. rekonštrukcii na sídl. Východ v MI","address":"Kukorelliho, Michalovce, okres Michalovce","rooms":3,"meters":72,"totalPrice":null,"meterSquarePrice":null,"link":"https://www.nehnutelnosti.sk/detail/Jucpp0M6M2e/3-izbovy-byt-po-ciast-rekonstrukcii-na-sidl-vychod-v-mi","imagesUrls":["https://img.nehnutelnosti.sk/foto/NjAweDMzOC9maWx0ZXJzOnF1YWxpdHkoMTAwKS9uZWg=/TCIDZPUa8_fss?st=C6eAjxdr4ckqmlVtXw--fRoBx9pwOyGbXTSYfM2OwT4&ts=1717609865&e=0"]},{"title":"NEWCASTLE⏐PREDAJ - 2 izbového bytu (59,54m2)","address":"Dukelských  hrdinov, Žiar nad Hronom, okres Žiar nad Hronom","rooms":2,"meters":59,"totalPrice":82000,"meterSquarePrice":3,"link":"https://www.nehnutelnosti.sk/detail/JuTfqabnYLu/newcastlepredaj-2-izboveho-bytu-59-54m2","imagesUrls":["https://img.nehnutelnosti.sk/foto/NjAweDMzOC9maWx0ZXJzOnF1YWxpdHkoMTAwKS9uZWg=/m3VPi1-RE_fss?st=PalFKAefx8vkogd4T4LhEHmCGoovGL82bZTFs8SNzH8&ts=1724351817&e=0"]},{"title":"Ponúkame na predaj 2,5 izbový byt na Rybničnej ulici","address":"Rybničná, Bratislava III - Vajnory, okres Bratislava","rooms":3,"meters":40,"totalPrice":129990,"meterSquarePrice":5,"link":"https://www.nehnutelnosti.sk/detail/JuF6uv6V5ds/ponukame-na-predaj-2-5-izbovy-byt-na-rybnicnej-ulici","imagesUrls":["https://img.nehnutelnosti.sk/foto/NjAweDMzOC9maWx0ZXJzOnF1YWxpdHkoMTAwKS9uZWg=/FETz1h6Rl_fss?st=w1Hxrqn4xuBdRGi7haKoeEy6kfmwW91jKjSOYzE3bxk&ts=1724353881&e=0"]},{"title":"EXKLUZÍVNE - 2-izbový byt s balkónom v NOVOSTAVBE - NESTHOME, Popradská, KE","address":"Popradská, Košice II - Západ, okres Košice","rooms":2,"meters":101,"totalPrice":269630,"meterSquarePrice":3,"link":"https://www.nehnutelnosti.sk/detail/JuWTP3TyeId/exkluzivne-2-izbovy-byt-s-balkonom-v-novostavbe-nesthome-popradska-ke","imagesUrls":["https://img.unitedclassifieds.sk/foto/NjAweDMzOC9maWx0ZXJzOnF1YWxpdHkoMTAwKS9yc2Y=/FmelTTbmh_fss?st=3cZ4rPW5pOeZFKH09IW1jvxLQLWjZFbK6noL6NmcdlE&ts=1701528103&e=0"]},{"title":"Predám 3 izbový byt s 2 balkónmi v Komárne","address":"Komárno, Komárno, okres Komárno","rooms":3,"meters":71,"totalPrice":96000,"meterSquarePrice":3,"link":"https://www.nehnutelnosti.sk/detail/JuwmCJaezJ8/predam-3-izbovy-byt-s-2-balkonmi-v-komarne","imagesUrls":["https://img.nehnutelnosti.sk/foto/NjAweDMzOC9maWx0ZXJzOnF1YWxpdHkoMTAwKS9uZWg=/bgBj-6qniO_fss?st=__7WAgnGJiJlRA6kda52IvgNLGyRa3gxFiP7qLZrPP8&ts=1724485051&e=0"]},{"title":"Predaj veľký 3,5 izbový byt v širšiom centre, Záhradnicka ulica","address":"Záhradnícka, Bratislava II - Ružinov, okres Bratislava","rooms":4,"meters":95,"totalPrice":null,"meterSquarePrice":null,"link":"https://www.nehnutelnosti.sk/detail/JuyybODdq-u/predaj-velky-3-5-izbovy-byt-v-sirsiom-centre-zahradnicka-ulica","imagesUrls":["https://img.unitedclassifieds.sk/foto/NjAweDMzOC9maWx0ZXJzOnF1YWxpdHkoMTAwKS9qdWw=/66zup_oud_fss?st=Ltk0fDQEVj8XhQrGpb3p-5qOk0yTC6L7BD-3V3GgmE8&ts=1724351801&e=0"]},{"title":"Pre klientov našej RK  hľadáme byt  prípadne dom na kúpu Bratislava www.bestreality.sk","address":"Bratislava IV - Devínska Nová Ves, okres Bratislava","rooms":2,"meters":null,"totalPrice":null,"meterSquarePrice":null,"link":"https://www.nehnutelnosti.sk/detail/JumZqnCcMNJ/pre-klientov-nasej-rk-hladame-byt-pripadne-dom-na-kupu-bratislava-www-bestreality-sk","imagesUrls":["https://img.nehnutelnosti.sk/foto/NjAweDMzOC9maWx0ZXJzOnF1YWxpdHkoMTAwKS9uZWg=/wlKeJPmpQ_fss?st=XbDj7SRZoYEa8haib3fGInoxEuTON_I2sYMSz-PAOPA&ts=1706527954&e=0"]},{"title":"Predám 2 izbový byt s terasou v novostavbe v Nových Zámkoch","address":"Nové Zámky, Nové Zámky, okres Nové Zámky","rooms":2,"meters":54,"totalPrice":106000,"meterSquarePrice":3,"link":"https://www.nehnutelnosti.sk/detail/JuX-d8jnzDc/predam-2-izbovy-byt-s-terasou-v-novostavbe-v-novych-zamkoch","imagesUrls":["https://img.nehnutelnosti.sk/foto/NjAweDMzOC9maWx0ZXJzOnF1YWxpdHkoMTAwKS9uZWg=/XDNHK9j39_fss?st=paW-N-yVKkseQWtyIfg3xrkEwzHnECl8N0wuIHpyrRg&ts=1719586894&e=0"]},{"title":"Predám moderný 3 izbový byt v novostavbe v Nových Zámkoch","address":"Nové Zámky, okres Nové Zámky","rooms":3,"meters":68,"totalPrice":145000,"meterSquarePrice":9,"link":"https://www.nehnutelnosti.sk/detail/JudbB-M_TRh/predam-moderny-3-izbovy-byt-v-novostavbe-v-novych-zamkoch","imagesUrls":["https://img.nehnutelnosti.sk/foto/NjAweDMzOC9maWx0ZXJzOnF1YWxpdHkoMTAwKS9uZWg=/c9LDKhoMI_fss?st=Voqx3HgakDRPcaX7dNVeuA0aWkLFnliF2r3aiivc27A&ts=1723450339&e=0"]},{"title":"Predám tehlový 3 izbový byt so záhradou v obci Gbelce","address":"Gbelce, Gbelce, okres Nové Zámky","rooms":3,"meters":61,"totalPrice":65500,"meterSquarePrice":9,"link":"https://www.nehnutelnosti.sk/detail/JuemVFcFmOU/predam-tehlovy-3-izbovy-byt-so-zahradou-v-obci-gbelce","imagesUrls":["https://img.nehnutelnosti.sk/foto/NjAweDMzOC9maWx0ZXJzOnF1YWxpdHkoMTAwKS9uZWg=/sbDGOePtKf_fss?st=CYq0tjShN4jbt41OlMeSM59faZtypUonR8rxRBb6hnM&ts=1721838971&e=0"]},{"title":"Predaj zrekonštruovaného 2i bytu Donovaly","address":"Donovaly, Donovaly, okres Banská Bystrica","rooms":2,"meters":44,"totalPrice":149500,"meterSquarePrice":3,"link":"https://www.nehnutelnosti.sk/detail/JuDpcQ0h-7U/predaj-zrekonstruovaneho-2i-bytu-donovaly","imagesUrls":["https://img.nehnutelnosti.sk/foto/NjAweDMzOC9maWx0ZXJzOnF1YWxpdHkoMTAwKS9uZWg=/gE0OxiSlI_fss?st=WgxtPh5-k3oBHo8qhKZmSGr1caNDVWafEahgfOeNfjE&ts=1724348516&e=0"]},{"title":"Predám 4 izbový byt v Nových Zámkoch","address":"Nové Zámky, Nové Zámky, okres Nové Zámky","rooms":4,"meters":81,"totalPrice":99000,"meterSquarePrice":0,"link":"https://www.nehnutelnosti.sk/detail/JugFibMIpDs/predam-4-izbovy-byt-v-novych-zamkoch","imagesUrls":["https://img.nehnutelnosti.sk/foto/NjAweDMzOC9maWx0ZXJzOnF1YWxpdHkoMTAwKS9uZWg=/f2Dd5qkk5_fss?st=PLoRBK923ev5XXPb3NBh1LOGRkFctknO18i2BFziJGA&ts=1720155988&e=0"]},{"title":"Predám pekný 3 izbový byt s loggiou v Nových Zámkoch","address":"Nové Zámky, okres Nové Zámky","rooms":3,"meters":73,"totalPrice":122000,"meterSquarePrice":4,"link":"https://www.nehnutelnosti.sk/detail/JuLT2L_ZzRg/predam-pekny-3-izbovy-byt-s-loggiou-v-novych-zamkoch","imagesUrls":["https://img.nehnutelnosti.sk/foto/NjAweDMzOC9maWx0ZXJzOnF1YWxpdHkoMTAwKS9uZWg=/Gqbs87oSv_fss?st=bV2p2Kf9H3exQo9pjC3mlhHu-py5ChFrd603c0azmF8&ts=1725304523&e=0"]},{"title":"Predám 2 izbový byt v Nových Zámkoch","address":"Nové Zámky, Nové Zámky, okres Nové Zámky","rooms":2,"meters":55,"totalPrice":75900,"meterSquarePrice":0,"link":"https://www.nehnutelnosti.sk/detail/JuNvIyUdXBn/predam-2-izbovy-byt-v-novych-zamkoch","imagesUrls":["https://img.nehnutelnosti.sk/foto/NjAweDMzOC9maWx0ZXJzOnF1YWxpdHkoMTAwKS9uZWg=/hrw6826gi_fss?st=bLN15NfNljYRAgEK3cNnRLTZyuQl6SW4iruMkXJQKQ0&ts=1721839807&e=0"]},{"title":"Predám 3 izbový byt s balkónom v Nových Zámkoch","address":"Nové Zámky, Nové Zámky, okres Nové Zámky","rooms":3,"meters":64,"totalPrice":92000,"meterSquarePrice":0,"link":"https://www.nehnutelnosti.sk/detail/JuSfuk9Yo97/predam-3-izbovy-byt-s-balkonom-v-novych-zamkoch","imagesUrls":["https://img.nehnutelnosti.sk/foto/NjAweDMzOC9maWx0ZXJzOnF1YWxpdHkoMTAwKS9uZWg=/7PaafmEul_fss?st=7amaLI8zgYXi7kxOE9o2N5A9u_BsLW9XeXG0-2B23J0&ts=1726152232&e=0"]}]