[{"title":"5 IZBOVÝ BYT S DVOMI LOGGIAMI, 109M2, PRIEMYSELNÁ UL., SENICA","address":"Priemyselná, Senica, okres Senica","rooms":5,"meters":109,"totalPrice":159000,"meterSquarePrice":2,"link":"https://www.nehnutelnosti.sk/detail/JuQV-QUXTu3/5-izbovy-byt-s-dvomi-loggiami-109m2-priemyselna-ul-senica","imagesUrls":["https://img.nehnutelnosti.sk/foto/NjAweDMzOC9maWx0ZXJzOnF1YWxpdHkoMTAwKS9uZWg=/EBxQWlPkH_fss?st=Gx6HA9Ho-mKRjwPhCu4eWXdnx2iSYPH8F4kynHKTAjg&ts=1726755637&e=0"]},{"title":"NA PREDAJ 3 IZBOVÝ BYT S BALKÓNOM, 69 M2, ŠTEFÁNIKOVA UL., SENICA","address":"Štefánikova, Senica, okres Senica","rooms":3,"meters":68,"totalPrice":122000,"meterSquarePrice":2,"link":"https://www.nehnutelnosti.sk/detail/Ju5aecurHWZ/na-predaj-3-izbovy-byt-s-balkonom-69-m2-stefanikova-ul-senica","imagesUrls":["https://img.nehnutelnosti.sk/foto/NjAweDMzOC9maWx0ZXJzOnF1YWxpdHkoMTAwKS9uZWg=/ysM_aj-eSD_fss?st=VbNeAKVED6t5x73VLL4vuKGN6hjcwzXppLTKpQF56Ks&ts=1725948166&e=0"]},{"title":"FIEBS | Štýlový kompletne zrekonštruovaný 1,5 izbový byt pri lesoparku","address":"Estónska, Bratislava II - Podunajské Biskupice, okres Bratislava","rooms":2,"meters":30,"totalPrice":127490,"meterSquarePrice":7,"link":"https://www.nehnutelnosti.sk/detail/JuR5KIE7cLI/fiebs-stylovy-kompletne-zrekonstruovany-1-5-izbovy-byt-pri-lesoparku","imagesUrls":["https://img.unitedclassifieds.sk/foto/NjAweDMzOC9maWx0ZXJzOnF1YWxpdHkoMTAwKS9qdWw=/ZQhLZtmHG_fss?st=0PhOIFz4XlG1bVfBl122z3mcEUlBA-bfFYoarK3cDYU&ts=1719349775&e=0"]},{"title":"Na Predaj 1i byt Vrakuňa Bratislava","address":"Dudvážska, Bratislava II - Podunajské Biskupice, okres Bratislava","rooms":1,"meters":39,"totalPrice":150000,"meterSquarePrice":5,"link":"https://www.nehnutelnosti.sk/detail/JumsdLx3nKZ/na-predaj-1i-byt-vrakuna-bratislava","imagesUrls":["https://img.unitedclassifieds.sk/foto/NjAweDMzOC9maWx0ZXJzOnF1YWxpdHkoMTAwKS9qdWw=/DVQjCAah3_fss?st=9dBAtrh0XbPbtK0peMSzy-05z2V2_aQFn71XdHiq0jQ&ts=1725902689&e=0"]},{"title":"3 izbový byt Lánska Považská Bystrica","address":"Nábrežná, Považská Bystrica, okres Považská Bystrica","rooms":3,"meters":68,"totalPrice":110000,"meterSquarePrice":5,"link":"https://www.nehnutelnosti.sk/detail/JuodAuULwjV/3-izbovy-byt-lanska-povazska-bystrica","imagesUrls":["https://img.nehnutelnosti.sk/foto/NjAweDMzOC9maWx0ZXJzOnF1YWxpdHkoMTAwKS9uZWg=/p8_QzHNDv6_fss?st=IjQ3Kl_6I7gqyFeAN2MbVJtbVFqaBVtj8eonzt5cA_c&ts=1726255122&e=0"]},{"title":"Na predaj 2- izb. byt v Rimavskej Sobote","address":"Rožňavská, Rimavská Sobota, okres Rimavská Sobota","rooms":2,"meters":60,"totalPrice":null,"meterSquarePrice":null,"link":"https://www.nehnutelnosti.sk/detail/Ju5frAjYbKr/na-predaj-2-izb-byt-v-rimavskej-sobote","imagesUrls":["https://img.nehnutelnosti.sk/foto/NjAweDMzOC9maWx0ZXJzOnF1YWxpdHkoMTAwKS9uZWg=/UcUm7SO0wG_fss?st=N9jgLbVDABCsz7wuAAPJBFK1PW2muw02lRFPw-rtN1o&ts=1706254554&e=0"]},{"title":"A&S |  na predaj - moderný 2 izbový byt","address":"Štefánikova, Piešťany, okres Piešťany","rooms":2,"meters":57,"totalPrice":null,"meterSquarePrice":null,"link":"https://www.nehnutelnosti.sk/detail/JuHyivk6Z-P/as-na-predaj-moderny-2-izbovy-byt","imagesUrls":["https://img.nehnutelnosti.sk/foto/NjAweDMzOC9maWx0ZXJzOnF1YWxpdHkoMTAwKS9uZWg=/HD49_0eEJ_fss?st=sKlZEEKYLBCd6KWJsEC06P04e-6vtE9WviC1Ir7b-4c&ts=1675266478&e=0"]},{"title":"Na predaj 3-izbový byt na sídl. SNP v Pov. Bystrici","address":"SNP, Považská Bystrica, okres Považská Bystrica","rooms":3,"meters":70,"totalPrice":145000,"meterSquarePrice":3,"link":"https://www.nehnutelnosti.sk/detail/Juqkl4_kg7U/na-predaj-3-izbovy-byt-na-sidl-snp-v-pov-bystrici","imagesUrls":["https://img.unitedclassifieds.sk/foto/NjAweDMzOC9maWx0ZXJzOnF1YWxpdHkoMTAwKS9qdWw=/aTAeuPlRB_fss?st=J6mokoZzIzOSVhoHvWS_jQHSUtcsGruNyxOW_D7Wbas&ts=1725928272&e=0"]},{"title":"!REZERVOVANÉ! PREDAJ 2i izbový bezbariérový byt Žiar nad Hronom, ESTY Real Estate s.r.o.","address":"M. R. Štefánika, Žiar nad Hronom, okres Žiar nad Hronom","rooms":2,"meters":null,"totalPrice":null,"meterSquarePrice":null,"link":"https://www.nehnutelnosti.sk/detail/JujozEvgcOC/rezervovane-predaj-2i-izbovy-bezbarierovy-byt-ziar-nad-hronom-esty-real-estate-s-r-o","imagesUrls":["https://img.nehnutelnosti.sk/foto/NjAweDMzOC9maWx0ZXJzOnF1YWxpdHkoMTAwKS9uZWg=/iM6sSWok9_fss?st=BZsfF9ORDON19-I_N-HgRRucCnO5SKjnh9J1daSLfKg&ts=1721594016&e=0"]},{"title":"Naštandardné byty v novostavbe | Svätý Jur","address":"Hergottova, Svätý Jur, okres Pezinok","rooms":null,"meters":null,"totalPrice":null,"meterSquarePrice":null,"link":"https://www.nehnutelnosti.sk/detail/JuWZXwPA6EY/nastandardne-byty-v-novostavbe-svaty-jur","imagesUrls":["https://img.nehnutelnosti.sk/foto/NjAweDMzOC9maWx0ZXJzOnF1YWxpdHkoMTAwKS9uZWg=/odzaX7Ksw_fss?st=bEbxV5s6tNhvsdq2RgjTnw20tgrJp61VboYzDdhFdXM&ts=1668979147&e=0"]},{"title":"A&S |  na predaj - priestranný 3-izbový byt","address":"Štefánikova, Piešťany, okres Piešťany","rooms":3,"meters":100,"totalPrice":null,"meterSquarePrice":null,"link":"https://www.nehnutelnosti.sk/detail/JuJAybC4GVWp/as-na-predaj-priestranny-3-izbovy-byt","imagesUrls":["https://img.nehnutelnosti.sk/foto/NjAweDMzOC9maWx0ZXJzOnF1YWxpdHkoMTAwKS9uZWg=/b35EUNzZY_fss?st=bDpDfdlxb9G6PhDrbPR6X17Qdu6GlB5wxbw8jkKlB7c&ts=1675270904&e=0"]},{"title":"Exkluzívny, strešný byt s veľkou terasou a štandardom za top cenu!","address":"Broskyňová, Rovinka, okres Senec","rooms":2,"meters":63,"totalPrice":209900,"meterSquarePrice":5,"link":"https://www.nehnutelnosti.sk/detail/JupgsShQdOj/exkluzivny-stresny-byt-s-velkou-terasou-a-standardom-za-top-cenu","imagesUrls":["https://img.unitedclassifieds.sk/foto/NjAweDMzOC9maWx0ZXJzOnF1YWxpdHkoMTAwKS9yc2Y=/0wEqJ2Ra__fss?st=SUMYDVOde9rvI8cSqL9F25hT34BThvgAOYGvkKTdYlc&ts=1692558749&e=0"]},{"title":"REZERVOVANÉ -Predaj 3.bytu v meste Poprad (znížená cena)","address":"Tomášikova, Poprad, okres Poprad","rooms":3,"meters":66,"totalPrice":146000,"meterSquarePrice":2,"link":"https://www.nehnutelnosti.sk/detail/JuYextkvPA_/rezervovane-predaj-3-bytu-v-meste-poprad-znizena-cena","imagesUrls":["https://img.nehnutelnosti.sk/foto/NjAweDMzOC9maWx0ZXJzOnF1YWxpdHkoMTAwKS9uZWg=/8p4dGAln9Z_fss?st=KTFQ7SIhZnlZ-suqBPE36HMRYBLn5D978LqjnBuZsZw&ts=1718124082&e=0"]},{"title":"Nestor Capital- Slnečný kompletne zrekonštruovaný zariadený 2-izbový byt","address":"Hronská, Bratislava II - Podunajské Biskupice, okres Bratislava","rooms":2,"meters":52,"totalPrice":164900,"meterSquarePrice":6,"link":"https://www.nehnutelnosti.sk/detail/Juo9oWsS9W6/nestor-capital-slnecny-kompletne-zrekonstruovany-zariadeny-2-izbovy-byt","imagesUrls":["https://img.unitedclassifieds.sk/foto/NjAweDMzOC9maWx0ZXJzOnF1YWxpdHkoMTAwKS9qdWw=/5p5rF3KLp_fss?st=yvZrpPK_-btGWddgbVy_GsOpXpqKwWJG0plUqlTktPI&ts=1724700936&e=0"]},{"title":"Nestor Capital-Priestranný jedinečný 4-izbový byt v Novom Meste s prekrásnym výhľadom","address":"Priečna, Bratislava III - Nové Mesto, okres Bratislava","rooms":4,"meters":105,"totalPrice":264900,"meterSquarePrice":6,"link":"https://www.nehnutelnosti.sk/detail/JuqKFPxhIcP/nestor-capital-priestranny-jedinecny-4-izbovy-byt-v-novom-meste-s-prekrasnym-vyhladom","imagesUrls":["https://img.unitedclassifieds.sk/foto/NjAweDMzOC9maWx0ZXJzOnF1YWxpdHkoMTAwKS9qdWw=/DOkVwUtBB_fss?st=ijN_ussKSLcIqkYOhUpvZVnTxBdaqRJJt7sG3LJIuVM&ts=1720716331&e=0"]},{"title":"Nestor Capital-Štartovací investičný byt v centre Senici","address":"Továrenská, Senica, okres Senica","rooms":2,"meters":41,"totalPrice":64900,"meterSquarePrice":4,"link":"https://www.nehnutelnosti.sk/detail/Ju1H30X4hUB/nestor-capital-startovaci-investicny-byt-v-centre-senici","imagesUrls":["https://img.unitedclassifieds.sk/foto/NjAweDMzOC9maWx0ZXJzOnF1YWxpdHkoMTAwKS9qdWw=/M-irJN4DU_fss?st=wGvIPk8z-5lzO7fjmVDFHZs1wXO3yNIYEsq1pdafzYw&ts=1705338320&e=0"]},{"title":"Máte záujem o rýchly predaj nehnuteľnosti?","address":"Bratislava V - Petržalka, okres Bratislava","rooms":2,"meters":45,"totalPrice":null,"meterSquarePrice":null,"link":"https://www.nehnutelnosti.sk/detail/JurOaLFaild/mate-zaujem-o-rychly-predaj-nehnutelnosti","imagesUrls":["https://img.unitedclassifieds.sk/foto/NjAweDMzOC9maWx0ZXJzOnF1YWxpdHkoMTAwKS9yc2Y=/fTY4s2zrd_fss?st=AGlyZTVIgc5IKhirvGD9qZpEbwB-IZLOhw90vKs2rgc&ts=1696622802&e=0"]},{"title":"Nestor Capital-Priestranný jedinečný  4-izbový mezonet v Novom Meste s prekrásnym výhľadom","address":"Priečna, Bratislava III - Nové Mesto, okres Bratislava","rooms":null,"meters":120,"totalPrice":259900,"meterSquarePrice":5,"link":"https://www.nehnutelnosti.sk/detail/JuO7oewh6K5/nestor-capital-priestranny-jedinecny-4-izbovy-mezonet-v-novom-meste-s-prekrasnym-vyhladom","imagesUrls":["https://img.unitedclassifieds.sk/foto/NjAweDMzOC9maWx0ZXJzOnF1YWxpdHkoMTAwKS9qdWw=/hiP3efT5A_fss?st=-yQ3njulYNo7d0YjA1URo7Y3-n7xDiOnpZmViCcaKWg&ts=1720716528&e=0"]},{"title":"Nestor Capital - Štartovací 1-izbový v novom projekte Noemis","address":"Cementárenská, Stupava, okres Malacky","rooms":1,"meters":34,"totalPrice":114000,"meterSquarePrice":5,"link":"https://www.nehnutelnosti.sk/detail/Jute_uo6AI8/nestor-capital-startovaci-1-izbovy-v-novom-projekte-noemis","imagesUrls":["https://img.unitedclassifieds.sk/foto/NjAweDMzOC9maWx0ZXJzOnF1YWxpdHkoMTAwKS9qdWw=/wNtJP7vIr6_fss?st=cnOC5cXgpdXBHXnq3kE7J4WKohHT0Qgh_42HXNFUmJg&ts=1720039838&e=0"]},{"title":"Nestor Capital-Priestranný 3-izbový byt pripravený na rekonštrukciu","address":"Kopčianska, Bratislava V - Petržalka, okres Bratislava","rooms":3,"meters":64,"totalPrice":152400,"meterSquarePrice":5,"link":"https://www.nehnutelnosti.sk/detail/JuSIaFCYGsG/nestor-capital-priestranny-3-izbovy-byt-pripraveny-na-rekonstrukciu","imagesUrls":["https://img.unitedclassifieds.sk/foto/NjAweDMzOC9maWx0ZXJzOnF1YWxpdHkoMTAwKS9qdWw=/W1WSy_C7W_fss?st=b7r3-8CwuEIMhv4lgyuQY9puFYiA52SuUyBeIbfrffo&ts=1706548263&e=0"]},{"title":"Nestor Capital-Priestranný jedinečný 3-izbový byt v Novom Meste s prekrásnym výhľadom","address":"Priečna, Bratislava III - Nové Mesto, okres Bratislava","rooms":3,"meters":120,"totalPrice":259900,"meterSquarePrice":5,"link":"https://www.nehnutelnosti.sk/detail/JuQ5khf45M_/nestor-capital-priestranny-jedinecny-3-izbovy-byt-v-novom-meste-s-prekrasnym-vyhladom","imagesUrls":["https://img.unitedclassifieds.sk/foto/NjAweDMzOC9maWx0ZXJzOnF1YWxpdHkoMTAwKS9qdWw=/2-HVGmEHn_fss?st=LX25eUf4vu3MtmsICOcGVmQ76JNd7pjquFgIIry5jO4&ts=1720716454&e=0"]},{"title":"Nestor Capital-Moderná dvojgarsonka po kompletnej rekonštrukcii s dvomi loggiami","address":"Gessayova, Bratislava V - Petržalka, okres Bratislava","rooms":1,"meters":40,"totalPrice":159900,"meterSquarePrice":0,"link":"https://www.nehnutelnosti.sk/detail/JuHTpaeS57M/nestor-capital-moderna-dvojgarsonka-po-kompletnej-rekonstrukcii-s-dvomi-loggiami","imagesUrls":["https://img.unitedclassifieds.sk/foto/NjAweDMzOC9maWx0ZXJzOnF1YWxpdHkoMTAwKS9qdWw=/DKr2ZwoOT_fss?st=mR2u4V0JRQnzHlkFD1sQT37qUUU7RE2rTV4YCVZGm_Q&ts=1725270759&e=0"]},{"title":"Nestor Capital-Moderná dvojgarsonka po kompletnej rekonštrukcii s dvomi loggiami","address":"Gessayova, Bratislava V - Petržalka, okres Bratislava","rooms":null,"meters":40,"totalPrice":159900,"meterSquarePrice":0,"link":"https://www.nehnutelnosti.sk/detail/Ju_nWouxpeu/nestor-capital-moderna-dvojgarsonka-po-kompletnej-rekonstrukcii-s-dvomi-loggiami","imagesUrls":["https://img.unitedclassifieds.sk/foto/NjAweDMzOC9maWx0ZXJzOnF1YWxpdHkoMTAwKS9qdWw=/kChR7q8yF_fss?st=CiLg-RA9wJnv5-Suvtj1T6d-Z8TYQDQNcWN9Hi5YvtM&ts=1725271044&e=0"]},{"title":"Nestor Capital-Štýlový jednoizbový byt s nadštandardným vybavením v Ovocných Sadoch","address":"Ivanská cesta, Bratislava II - Ružinov, okres Bratislava","rooms":1,"meters":32,"totalPrice":135900,"meterSquarePrice":8,"link":"https://www.nehnutelnosti.sk/detail/JuA7qDw4vos/nestor-capital-stylovy-jednoizbovy-byt-s-nadstandardnym-vybavenim-v-ovocnych-sadoch","imagesUrls":["https://img.unitedclassifieds.sk/foto/NjAweDMzOC9maWx0ZXJzOnF1YWxpdHkoMTAwKS9qdWw=/yxB485grE_fss?st=WBDokE_fy7YALqE1qv0TQib7U0wLhQr3UGUHTjmzFqc&ts=1725966106&e=0"]},{"title":"Nestor Capital- Kompletne zrekonštruovaný zariadený 4-izbový byt v srdci Senice","address":"Hviezdoslavova, Senica, okres Senica","rooms":3,"meters":73,"totalPrice":139900,"meterSquarePrice":4,"link":"https://www.nehnutelnosti.sk/detail/JueUxnrPWcI/nestor-capital-kompletne-zrekonstruovany-zariadeny-4-izbovy-byt-v-srdci-senice","imagesUrls":["https://img.unitedclassifieds.sk/foto/NjAweDMzOC9maWx0ZXJzOnF1YWxpdHkoMTAwKS9qdWw=/JeS_hCqsF_fss?st=QlxuSYmSa5faqhu-1v4SCJ_aB9LNj1KnFk8oD_KNIW8&ts=1718446897&e=0"]},{"title":"Nestor Capital-Moderný kompletne zrekonštruovaný zariadený 4-izbový byt v srdci Senice","address":"Hviezdoslavova, Senica, okres Senica","rooms":4,"meters":73,"totalPrice":139900,"meterSquarePrice":4,"link":"https://www.nehnutelnosti.sk/detail/Ju6gavuSHUM/nestor-capital-moderny-kompletne-zrekonstruovany-zariadeny-4-izbovy-byt-v-srdci-senice","imagesUrls":["https://img.unitedclassifieds.sk/foto/NjAweDMzOC9maWx0ZXJzOnF1YWxpdHkoMTAwKS9qdWw=/zB9XGutRk_fss?st=NLBvQPjDuYH5_RCvr-K8Up-0M5OzQr5bk7xUwiJMiU8&ts=1718394657&e=0"]},{"title":"Nový 3 izbový byt č.12 / Banka pri Piešťanoch","address":"Podhorská, Banka, okres Piešťany","rooms":3,"meters":69,"totalPrice":173990,"meterSquarePrice":4,"link":"https://www.nehnutelnosti.sk/detail/JuE_Ow7DSPS/novy-3-izbovy-byt-c-12-banka-pri-piestanoch","imagesUrls":["https://img.nehnutelnosti.sk/foto/NjAweDMzOC9maWx0ZXJzOnF1YWxpdHkoMTAwKS9uZWg=/nKEK4IMG2_fss?st=nhdi016a_cI0sZY8IhYkupfo55i_Z-h6fqCZFaUZYhc&ts=1725916892&e=0"]},{"title":"Jedinečný 2 izb. byt 1A s terasou / RiverResortSpa Piešťany Banka","address":"Banka, Piešťany, okres Piešťany","rooms":2,"meters":49,"totalPrice":176400,"meterSquarePrice":0,"link":"https://www.nehnutelnosti.sk/detail/Ju8dH7M5HIB/jedinecny-2-izb-byt-1a-s-terasou-riverresortspa-piestany-banka","imagesUrls":["https://img.nehnutelnosti.sk/foto/NjAweDMzOC9maWx0ZXJzOnF1YWxpdHkoMTAwKS9uZWg=/Emy1aUryU_fss?st=tTvrEn6VtTYJBS4m5Eo5Gpk64NGep1yfHdXH_AdbKwQ&ts=1726056024&e=0"]},{"title":"REZERVOVANÉ ❗️❗️❗️3-IZBOVÝ BYT V TRNAVE","address":"Vladimíra Clementisa, Trnava, okres Trnava","rooms":3,"meters":72,"totalPrice":156500,"meterSquarePrice":1,"link":"https://www.nehnutelnosti.sk/detail/Ju8ZEuJDmkH/rezervovane-3-izbovy-byt-v-trnave","imagesUrls":["https://img.nehnutelnosti.sk/foto/NjAweDMzOC9maWx0ZXJzOnF1YWxpdHkoMTAwKS9uZWg=/n-o8j78LGy_fss?st=BeQMAvurvGE-PcAj1zoUwmdlIXG2b8b3pGhsJLlEpLc&ts=1725915674&e=0"]},{"title":"NA PREDAJ 2 izbový byt v Leviciach","address":"Tyršová, Levice, okres Levice","rooms":2,"meters":null,"totalPrice":null,"meterSquarePrice":null,"link":"https://www.nehnutelnosti.sk/detail/JuNic5ZLmyb/na-predaj-2-izbovy-byt-v-leviciach","imagesUrls":["https://img.nehnutelnosti.sk/foto/NjAweDMzOC9maWx0ZXJzOnF1YWxpdHkoMTAwKS9uZWg=/ym4dwi6VY_fss?st=WwDe4xH-MVY6MaPsF0YB_PYNQ4Xw-xHYJvx9Io0-kTU&ts=1725913718&e=0"]}]