[{"title":"(21_5) 3-izbový byt v projekte Living Park Svit","address":"Svit, okres Poprad","rooms":3,"meters":86,"totalPrice":191477,"meterSquarePrice":8,"link":"https://www.nehnutelnosti.sk/detail/JusI3zQgpot/21-5-3-izbovy-byt-v-projekte-living-park-svit","imagesUrls":["https://img.nehnutelnosti.sk/foto/NjAweDMzOC9maWx0ZXJzOnF1YWxpdHkoMTAwKS9uZWg=/2qYbPB0rg_fss?st=BiotT1jawr0hQZ3EJFYyRjL5exBx4p-ky-tktdGE3E8&ts=1727023698&e=0"]},{"title":"PREDANÉ,  KOMPLETNE PREROBENÝ 2 I BYT SO ZÁHRADKOU, SVIT","address":"Svit, okres Poprad","rooms":2,"meters":57,"totalPrice":null,"meterSquarePrice":null,"link":"https://www.nehnutelnosti.sk/detail/Ju78-UsOGDP/predane-kompletne-prerobeny-2-i-byt-so-zahradkou-svit","imagesUrls":["https://img.nehnutelnosti.sk/foto/NjAweDMzOC9maWx0ZXJzOnF1YWxpdHkoMTAwKS9uZWg=/ZOkEY086m_fss?st=qx_FvYW6Vg_tDB5Ilz3NER4bIzkyCIQAbIugmUBbAeA&ts=1725899768&e=0"]},{"title":"VILA BYTY RÉVA PIEŠŤANY","address":"Piešťany, okres Piešťany","rooms":4,"meters":129,"totalPrice":236000,"meterSquarePrice":4,"link":"https://www.nehnutelnosti.sk/detail/JuFkn9otPmW/vila-byty-reva-piestany","imagesUrls":["https://t1.aimg.sk/inzercie/ne_orig_103152660_byty-4-izbovy-byt-banska-bystrica-vila-byty-reva-piestany.jpg?t=LzYwMHgzMzgvZmlsdGVyczpxdWFsaXR5KDgwKQ%3D%3D&h=bbiyieLVKT228owuTOXvHQ&e=2145916800"]},{"title":"(23_4) 4-izbový mezonet v projekte Living Park Svit","address":"Svit, okres Poprad","rooms":4,"meters":124,"totalPrice":null,"meterSquarePrice":null,"link":"https://www.nehnutelnosti.sk/detail/Juu2xTQgaAE/23-4-4-izbovy-mezonet-v-projekte-living-park-svit","imagesUrls":["https://img.nehnutelnosti.sk/foto/NjAweDMzOC9maWx0ZXJzOnF1YWxpdHkoMTAwKS9uZWg=/p86wdypBf_fss?st=OI7YVQIZASrKkoUooPr9Ra33va3qk616TKSjhzaWYP8&ts=1725316296&e=0"]},{"title":"(BD2_04.08) 2-izbový byt v projekte KRÁSNE V KRÁSNE - Krásno nad Kysucou","address":"Krásno nad Kysucou, okres Čadca","rooms":2,"meters":56,"totalPrice":102806,"meterSquarePrice":7,"link":"https://www.nehnutelnosti.sk/detail/JuZLE_S5G-6/bd2-04-08-2-izbovy-byt-v-projekte-krasne-v-krasne-krasno-nad-kysucou","imagesUrls":["https://img.nehnutelnosti.sk/foto/NjAweDMzOC9maWx0ZXJzOnF1YWxpdHkoMTAwKS9uZWg=/DErA6aC3k_fss?st=C-GyVMBk1psWvNMDMRf_ZLFzLMZ49DIAxAkzIx_to6o&ts=1724242922&e=0"]},{"title":"REZERVÁCIA (24_4) 3-izbový mezonet v projekte Living Park Svit","address":"Svit, okres Poprad","rooms":3,"meters":83,"totalPrice":null,"meterSquarePrice":null,"link":"https://www.nehnutelnosti.sk/detail/JuYhMN_doRl/rezervacia-24-4-3-izbovy-mezonet-v-projekte-living-park-svit","imagesUrls":["https://img.nehnutelnosti.sk/foto/NjAweDMzOC9maWx0ZXJzOnF1YWxpdHkoMTAwKS9uZWg=/5PGGctSqQZ_fss?st=0nOkbC5KEJ_LntBbpBWFxPvikHNwGfrSNAze57NAGjM&ts=1725316297&e=0"]},{"title":"PREDANÉ,  SLNEČNÝ 2 I BYT S DVOMA BALKÓNMI, SVIT","address":"Svit, okres Poprad","rooms":2,"meters":448,"totalPrice":125000,"meterSquarePrice":2,"link":"https://www.nehnutelnosti.sk/detail/Ju7_31Kgknn/predane-slnecny-2-i-byt-s-dvoma-balkonmi-svit","imagesUrls":["https://img.nehnutelnosti.sk/foto/NjAweDMzOC9maWx0ZXJzOnF1YWxpdHkoMTAwKS9uZWg=/UKkH7rav9_fss?st=Y89zi1xyt7Qqc-zK_XLafclBGrpLg-PyrE7R1sSxX74&ts=1706879211&e=0"]},{"title":"PREDANÉ SLNEČNÝ  2 I BYT S BALKÓNOM, POPRAD - ZÁPAD","address":"Poprad, okres Poprad","rooms":2,"meters":50,"totalPrice":null,"meterSquarePrice":null,"link":"https://www.nehnutelnosti.sk/detail/JuhJSx-BX_8/predane-slnecny-2-i-byt-s-balkonom-poprad-zapad","imagesUrls":["https://img.nehnutelnosti.sk/foto/NjAweDMzOC9maWx0ZXJzOnF1YWxpdHkoMTAwKS9uZWg=/CE01NTPkf_fss?st=31ptvIDyU9hkM4_NIKCluFxMXMsENHBnHoseqkvvvh8&ts=1717603058&e=0"]},{"title":"PREROBENÝ 3 IZBOVÝ BYT S BALKÓNOM, 76m2, POPRAD","address":"Poprad, okres Poprad","rooms":3,"meters":76,"totalPrice":145000,"meterSquarePrice":9,"link":"https://www.nehnutelnosti.sk/detail/JuPQWmqy-_o/prerobeny-3-izbovy-byt-s-balkonom-76m2-poprad","imagesUrls":["https://img.nehnutelnosti.sk/foto/NjAweDMzOC9maWx0ZXJzOnF1YWxpdHkoMTAwKS9uZWg=/wIjySpYyK_fss?st=LqzQ9VrgC9-Wl--kVt495S7IAHCy_jWOA-C71ZILYQ0&ts=1687162723&e=0"]},{"title":"PREDANÉ, SLNEČNÝ 2 I BYT, 55 m2, SVIT","address":"Svit, okres Poprad","rooms":2,"meters":54,"totalPrice":110000,"meterSquarePrice":4,"link":"https://www.nehnutelnosti.sk/detail/Ju9-9EQ4dIZ/predane-slnecny-2-i-byt-55-m2-svit","imagesUrls":["https://img.nehnutelnosti.sk/foto/NjAweDMzOC9maWx0ZXJzOnF1YWxpdHkoMTAwKS9uZWg=/MmnnhUEj1_fss?st=OSYX9pu4f_Jn3Q9rAf8fRefXC6ul17R7if069sWJ_wg&ts=1717603051&e=0"]},{"title":"(BD2_04.01) 2-izbový byt v projekte KRÁSNE V KRÁSNE - Krásno nad Kysucou","address":"Krásno nad Kysucou, okres Čadca","rooms":2,"meters":53,"totalPrice":55,"meterSquarePrice":7,"link":"https://www.nehnutelnosti.sk/detail/JuPRmvEopRO/bd2-04-01-2-izbovy-byt-v-projekte-krasne-v-krasne-krasno-nad-kysucou","imagesUrls":["https://img.nehnutelnosti.sk/foto/NjAweDMzOC9maWx0ZXJzOnF1YWxpdHkoMTAwKS9uZWg=/Od9M-ak-m_fss?st=TJR4QXOu7w54ArhUgrR4CWHfgDCos0gjKK_RXfjzZP4&ts=1719801214&e=0"]},{"title":"(15_3) 3-izbový mezonet v projekte Living Park Svit","address":"Svit, okres Poprad","rooms":3,"meters":85,"totalPrice":null,"meterSquarePrice":null,"link":"https://www.nehnutelnosti.sk/detail/JuXSYI0zAhg/15-3-3-izbovy-mezonet-v-projekte-living-park-svit","imagesUrls":["https://t1.aimg.sk/inzercie/ne_orig_103152584_byty-3-izbovy-byt-banska-bystrica-15-3-3-izbovy-mezonet-v-projekte-living-park-svit.jpg?t=LzYwMHgzMzgvZmlsdGVyczpxdWFsaXR5KDgwKQ%3D%3D&h=WSuin4Y7nGRBJFimXX0ggQ&e=2145916800"]},{"title":"(21_4) 3-izbový mezonet v projekte Living Park Svit","address":"Svit, okres Poprad","rooms":3,"meters":86,"totalPrice":null,"meterSquarePrice":null,"link":"https://www.nehnutelnosti.sk/detail/JuyCAMhu5Vl/21-4-3-izbovy-mezonet-v-projekte-living-park-svit","imagesUrls":["https://img.nehnutelnosti.sk/foto/NjAweDMzOC9maWx0ZXJzOnF1YWxpdHkoMTAwKS9uZWg=/5axvWGO5u_fss?st=-thG-IFAdwDAOtLZUc2SUKjORv7q8EzskDj4y2_wPOY&ts=1725316297&e=0"]},{"title":"(16_3) 3-izbový mezonet v projekte Living Park Svit","address":"Svit, okres Poprad","rooms":3,"meters":130,"totalPrice":null,"meterSquarePrice":null,"link":"https://www.nehnutelnosti.sk/detail/Ju07VZb1S6c/16-3-3-izbovy-mezonet-v-projekte-living-park-svit","imagesUrls":["https://img.nehnutelnosti.sk/foto/NjAweDMzOC9maWx0ZXJzOnF1YWxpdHkoMTAwKS9uZWg=/qjMX0Hn0z_fss?st=S2Mw0PIeipDNbN3zFaJVW6IO3kyPE8mWxaWhn23NxBU&ts=1726194689&e=0"]},{"title":"REZERVÁCIA (8_4) 3-izbový byt v projekte Living Park Svit","address":"Svit, okres Poprad","rooms":3,"meters":82,"totalPrice":180900,"meterSquarePrice":2,"link":"https://www.nehnutelnosti.sk/detail/Juvk3O9A5_x/rezervacia-8-4-3-izbovy-byt-v-projekte-living-park-svit","imagesUrls":["https://img.nehnutelnosti.sk/foto/NjAweDMzOC9maWx0ZXJzOnF1YWxpdHkoMTAwKS9uZWg=/TOM4sRSJs_fss?st=PrsW6dPgoBZh-Crw13pwdX5Ug3Wxqdpg08SrQpGVyc8&ts=1725316294&e=0"]},{"title":"REZERVÁCIA (20_4) 3-izbový mezonet v projekte Living Park Svit","address":"Svit, okres Poprad","rooms":3,"meters":124,"totalPrice":null,"meterSquarePrice":null,"link":"https://www.nehnutelnosti.sk/detail/JuezG9RvdSV/rezervacia-20-4-3-izbovy-mezonet-v-projekte-living-park-svit","imagesUrls":["https://img.nehnutelnosti.sk/foto/NjAweDMzOC9maWx0ZXJzOnF1YWxpdHkoMTAwKS9uZWg=/Cwn94KPvJ_fss?st=JSpcjcnpAS0R9bciClc5cbcYpRGS6XEgzqR6ZY5OlSA&ts=1725316294&e=0"]},{"title":"(19_3) 3-izbový mezonet v projekte Living Park Svit","address":"Svit, okres Poprad","rooms":3,"meters":123,"totalPrice":null,"meterSquarePrice":null,"link":"https://www.nehnutelnosti.sk/detail/JuuygdVmCTKf/19-3-3-izbovy-mezonet-v-projekte-living-park-svit","imagesUrls":["https://img.nehnutelnosti.sk/foto/NjAweDMzOC9maWx0ZXJzOnF1YWxpdHkoMTAwKS9uZWg=/zvhFDjv8A9_fss?st=zo71iskzEWYZIpJpQmqCXDGaRVKOEkk6ius1M4i1Fco&ts=1725316291&e=0"]},{"title":"(BD1_01.02) 2-izbový byt v projekte KRÁSNE V KRÁSNE - Krásno nad Kysucou","address":"Krásno nad Kysucou, okres Čadca","rooms":2,"meters":66,"totalPrice":120677,"meterSquarePrice":5,"link":"https://www.nehnutelnosti.sk/detail/Ju9HXOkK5Vc/bd1-01-02-2-izbovy-byt-v-projekte-krasne-v-krasne-krasno-nad-kysucou","imagesUrls":["https://img.nehnutelnosti.sk/foto/NjAweDMzOC9maWx0ZXJzOnF1YWxpdHkoMTAwKS9uZWg=/YnVKdAo5q_fss?st=mjzhy1xKH23JPO7B2JMld_Zi38CUrxCKtelDUg2vpwY&ts=1719851479&e=0"]},{"title":"(BD2_01.01) 2-izbový apartmán v projekte KRÁSNE V KRÁSNE - Krásno nad Kysucou","address":"Krásno nad Kysucou, okres Čadca","rooms":2,"meters":46,"totalPrice":85595,"meterSquarePrice":8,"link":"https://www.nehnutelnosti.sk/detail/JuJk-ZZYP8a/bd2-01-01-2-izbovy-apartman-v-projekte-krasne-v-krasne-krasno-nad-kysucou","imagesUrls":["https://img.nehnutelnosti.sk/foto/NjAweDMzOC9maWx0ZXJzOnF1YWxpdHkoMTAwKS9uZWg=/lvTkf3X5C_fss?st=22CqXi6lAKM7w8DkJ2FE8DBgeZLQV2NtrY17l5AYPf8&ts=1719851480&e=0"]},{"title":"REZERVÁCIA (BD2_01.06) 2-izbový byt v projekte KRÁSNE V KRÁSNE - Krásno nad Kysucou","address":"Krásno nad Kysucou, okres Čadca","rooms":2,"meters":55,"totalPrice":13,"meterSquarePrice":6,"link":"https://www.nehnutelnosti.sk/detail/JucYp7bEs2y/rezervacia-bd2-01-06-2-izbovy-byt-v-projekte-krasne-v-krasne-krasno-nad-kysucou","imagesUrls":["https://img.nehnutelnosti.sk/foto/NjAweDMzOC9maWx0ZXJzOnF1YWxpdHkoMTAwKS9uZWg=/FOxtvtn_l_fss?st=4BkUYPdfODhGTZKsiOBdbYeWQHHJhlNkrEiHq6AVxlY&ts=1719851482&e=0"]},{"title":"REZERVÁCIA (BD2_01.07) 2-izbový byt v projekte KRÁSNE V KRÁSNE - Krásno nad Kysucou","address":"Krásno nad Kysucou, okres Čadca","rooms":2,"meters":66,"totalPrice":117033,"meterSquarePrice":4,"link":"https://www.nehnutelnosti.sk/detail/JuPt5_u8fSq/rezervacia-bd2-01-07-2-izbovy-byt-v-projekte-krasne-v-krasne-krasno-nad-kysucou","imagesUrls":["https://img.nehnutelnosti.sk/foto/NjAweDMzOC9maWx0ZXJzOnF1YWxpdHkoMTAwKS9uZWg=/dhjT4-PAz_fss?st=uHvo3rTxDKT12DkBetCBUVFZCHST8E_DysnSH1vnbXk&ts=1719801176&e=0"]},{"title":"Living Park Svit - výnimočné bývanie s výhľadom na Tatry","address":"Svit, okres Poprad","rooms":1,"meters":42,"totalPrice":null,"meterSquarePrice":null,"link":"https://www.nehnutelnosti.sk/detail/JuYm11LTb4U/living-park-svit-vynimocne-byvanie-s-vyhladom-na-tatry","imagesUrls":["https://t1.aimg.sk/inzercie/ne_orig_103152577_byty-1-izbovy-byt-banska-bystrica-living-park-svit-vynimocne-byvanie-s-vyhladom-na-.jpg?t=LzYwMHgzMzgvZmlsdGVyczpxdWFsaXR5KDgwKQ%3D%3D&h=iPU6RWO9zCIUu_Xbmn_7wA&e=2145916800"]},{"title":"(BD2_01.02) 2-izbový byt v projekte KRÁSNE V KRÁSNE - Krásno nad Kysucou","address":"Krásno nad Kysucou, okres Čadca","rooms":2,"meters":66,"totalPrice":120678,"meterSquarePrice":6,"link":"https://www.nehnutelnosti.sk/detail/JulLKcWmvnE/bd2-01-02-2-izbovy-byt-v-projekte-krasne-v-krasne-krasno-nad-kysucou","imagesUrls":["https://img.nehnutelnosti.sk/foto/NjAweDMzOC9maWx0ZXJzOnF1YWxpdHkoMTAwKS9uZWg=/1A7bMYNCs_fss?st=1zyOCPtgkiUHSz81vzIt-U6_EmE445iArITARNjVMHw&ts=1719851480&e=0"]},{"title":"(BD2_01.08) 2-izbový byt v projekte KRÁSNE V KRÁSNE - Krásno nad Kysucou","address":"Krásno nad Kysucou, okres Čadca","rooms":2,"meters":56,"totalPrice":104839,"meterSquarePrice":9,"link":"https://www.nehnutelnosti.sk/detail/JugJXUaFZ4Z/bd2-01-08-2-izbovy-byt-v-projekte-krasne-v-krasne-krasno-nad-kysucou","imagesUrls":["https://img.nehnutelnosti.sk/foto/NjAweDMzOC9maWx0ZXJzOnF1YWxpdHkoMTAwKS9uZWg=/s4XBKumMG_fss?st=XhEmb0zQshARNK3QJkrwcSCYZTB_We7oGZIDbcuWefw&ts=1719801176&e=0"]},{"title":"REZERVÁCIA (BD2_01.09) 2-izbový byt v projekte KRÁSNE V KRÁSNE - Krásno nad Kysucou","address":"Krásno nad Kysucou, okres Čadca","rooms":2,"meters":51,"totalPrice":91818,"meterSquarePrice":4,"link":"https://www.nehnutelnosti.sk/detail/JuLEW1gmG6_/rezervacia-bd2-01-09-2-izbovy-byt-v-projekte-krasne-v-krasne-krasno-nad-kysucou","imagesUrls":["https://img.nehnutelnosti.sk/foto/NjAweDMzOC9maWx0ZXJzOnF1YWxpdHkoMTAwKS9uZWg=/6k-TsigpH_fss?st=ksG8O_305I3vdJ8G79vVW9jCoL1ZcmKabev4yxZf_zs&ts=1719801175&e=0"]},{"title":"(BD2_02.03) 2-izbový byt v projekte KRÁSNE V KRÁSNE - Krásno nad Kysucou","address":"Krásno nad Kysucou, okres Čadca","rooms":2,"meters":67,"totalPrice":null,"meterSquarePrice":null,"link":"https://www.nehnutelnosti.sk/detail/JuzppVvK8P6/bd2-02-03-2-izbovy-byt-v-projekte-krasne-v-krasne-krasno-nad-kysucou","imagesUrls":["https://img.nehnutelnosti.sk/foto/NjAweDMzOC9maWx0ZXJzOnF1YWxpdHkoMTAwKS9uZWg=/3RwC-aOPk_fss?st=wbbG90JPODBAr3X5sGGS6dwlUiF5llirikcbuWCZhsk&ts=1719801177&e=0"]},{"title":"REZERVÁCIA  (BD2_02.08) 2-izbový byt v projekte KRÁSNE V KRÁSNE - Krásno nad Kysucou","address":"Krásno nad Kysucou, okres Čadca","rooms":2,"meters":56,"totalPrice":102806,"meterSquarePrice":7,"link":"https://www.nehnutelnosti.sk/detail/Jujvhu9Vgue/rezervacia-bd2-02-08-2-izbovy-byt-v-projekte-krasne-v-krasne-krasno-nad-kysucou","imagesUrls":["https://img.nehnutelnosti.sk/foto/NjAweDMzOC9maWx0ZXJzOnF1YWxpdHkoMTAwKS9uZWg=/28cyxpTg-_fss?st=1KSdMnnkgcOEqPHYjt6fo6VS3EoHfK7TELwGcKhwHsE&ts=1719801182&e=0"]},{"title":"(BD2_01.03) 2-izbový byt v projekte KRÁSNE V KRÁSNE - Krásno nad Kysucou","address":"Krásno nad Kysucou, okres Čadca","rooms":2,"meters":67,"totalPrice":123236,"meterSquarePrice":3,"link":"https://www.nehnutelnosti.sk/detail/Ju-DzGYHDxo/bd2-01-03-2-izbovy-byt-v-projekte-krasne-v-krasne-krasno-nad-kysucou","imagesUrls":["https://img.nehnutelnosti.sk/foto/NjAweDMzOC9maWx0ZXJzOnF1YWxpdHkoMTAwKS9uZWg=/dMWKLCMjD_fss?st=8yLVL3sJLggfR5ptIDKOc99-RBnIaNmn8_6AFaH9aio&ts=1719851481&e=0"]},{"title":"(BD2_01.10) 3-izbový byt v projekte KRÁSNE V KRÁSNE - Krásno nad Kysucou","address":"Krásno nad Kysucou, okres Čadca","rooms":3,"meters":78,"totalPrice":144455,"meterSquarePrice":1,"link":"https://www.nehnutelnosti.sk/detail/JuYWjVZ9PFC/bd2-01-10-3-izbovy-byt-v-projekte-krasne-v-krasne-krasno-nad-kysucou","imagesUrls":["https://img.nehnutelnosti.sk/foto/NjAweDMzOC9maWx0ZXJzOnF1YWxpdHkoMTAwKS9uZWg=/dTaB8YB7oE_fss?st=0WhbinQJaZxmk-1cxnMGi0cA2PgR-ZXj95Dc3LBKlgs&ts=1719801177&e=0"]},{"title":"REZERVÁCIA (BD1_01.03) 2-izbový byt v projekte KRÁSNE V KRÁSNE - Krásno nad Kysucou","address":"Krásno nad Kysucou, okres Čadca","rooms":2,"meters":67,"totalPrice":82,"meterSquarePrice":6,"link":"https://www.nehnutelnosti.sk/detail/Juh4yfNanCN/rezervacia-bd1-01-03-2-izbovy-byt-v-projekte-krasne-v-krasne-krasno-nad-kysucou","imagesUrls":["https://img.nehnutelnosti.sk/foto/NjAweDMzOC9maWx0ZXJzOnF1YWxpdHkoMTAwKS9uZWg=/ihS2BDqjr_fss?st=N0jLo-29Cn7oD6TqD1wQxKuen2rB9rMVnK2gOF-nZvI&ts=1719851479&e=0"]}]