[{"title":"PREDAJ 1izb. byt s terasou v novostavbe LINTICH, Banská Štiavnica","address":"Lintich, Banská Štiavnica, okres Banská Štiavnica","rooms":1,"meters":39,"totalPrice":145300,"meterSquarePrice":7,"link":"https://www.nehnutelnosti.sk/detail/Jun2dHyQP5q/predaj-1izb-byt-s-terasou-v-novostavbe-lintich-banska-stiavnica","imagesUrls":["https://img.nehnutelnosti.sk/foto/NjAweDMzOC9maWx0ZXJzOnF1YWxpdHkoMTAwKS9uZWg=/PGS9dzk1Y_fss?st=k8M8m2COzFA1HWiNf6_ZdiSDcWDDrVTH8bdVro4Agzg&ts=1725557817&e=0"]},{"title":"EXKLUZÍVNE - 3-izbový byt s 2 balkónmi, 128 m2, v NOVOSTAVBE - NESTHOME, Popradská, KE","address":"Popradská, Košice II - Západ, okres Košice","rooms":3,"meters":128,"totalPrice":333055,"meterSquarePrice":3,"link":"https://www.nehnutelnosti.sk/detail/JuLYSS4nb45/exkluzivne-3-izbovy-byt-s-2-balkonmi-128-m2-v-novostavbe-nesthome-popradska-ke","imagesUrls":["https://img.unitedclassifieds.sk/foto/NjAweDMzOC9maWx0ZXJzOnF1YWxpdHkoMTAwKS9qdWw=/dyRFaBeU0_fss?st=xMJTfYqrTCPGORNqvqQL4v_B11L6w3-bDh-50wO0stA&ts=1717420908&e=0"]},{"title":"Predaj 3izb byt Kosice Juh Lomonosovova ul 3.posch","address":"Lomonosovova 2262/20, Košice IV - Juh, okres Košice","rooms":3,"meters":68,"totalPrice":1,"meterSquarePrice":1,"link":"https://www.nehnutelnosti.sk/detail/JuY8ZHGr_-1/predaj-3izb-byt-kosice-juh-lomonosovova-ul-3-posch","imagesUrls":["https://img.nehnutelnosti.sk/foto/NjAweDMzOC9maWx0ZXJzOnF1YWxpdHkoMTAwKS9uZWg=/QcLlKa5HG_fss?st=OdmpjCGXDj_EF7frJy_WqsAYVHOuDSMw6r77jZNjRe0&ts=1726340315&e=0"]},{"title":"ŠTVORIZBOVÝ BYT S VLASTNÝM KÚRENÍM V TICHEJ ČASTI MESTA LUČENEC","address":"Lučenec, okres Lučenec","rooms":4,"meters":91,"totalPrice":90000,"meterSquarePrice":1,"link":"https://www.nehnutelnosti.sk/detail/Ju-S9hcr6AM/stvorizbovy-byt-s-vlastnym-kurenim-v-tichej-casti-mesta-lucenec","imagesUrls":["https://img.unitedclassifieds.sk/foto/NjAweDMzOC9maWx0ZXJzOnF1YWxpdHkoMTAwKS9yc2Y=/APvbbQAje_fss?st=-a-F6o3C_kXur8KP03EHf16QymziXrRlDfS6xWx7rk4&ts=1700145858&e=0"]},{"title":"Zariadený penthouse v Einparku","address":"Zadunajská cesta, Bratislava V - Petržalka, okres Bratislava","rooms":4,"meters":167,"totalPrice":1495000,"meterSquarePrice":0,"link":"https://www.nehnutelnosti.sk/detail/JuD3vZ9W480/zariadeny-penthouse-v-einparku","imagesUrls":["https://img.nehnutelnosti.sk/foto/NjAweDMzOC9maWx0ZXJzOnF1YWxpdHkoMTAwKS9uZWg=/wtqHQbzaR_fss?st=GHLJ6KP3ysDNkkkED-ksziAqdcIhA-pSRAMD7qRZFk0&ts=1717421935&e=0"]},{"title":"ZMENA CENY - Priestranný 4 izbový byt   Česká ulica  | GALANTA","address":"Česká, Galanta, okres Galanta","rooms":4,"meters":77,"totalPrice":145000,"meterSquarePrice":6,"link":"https://www.nehnutelnosti.sk/detail/JusZI11gBcx/zmena-ceny-priestranny-4-izbovy-byt-ceska-ulica-galanta","imagesUrls":["https://img.nehnutelnosti.sk/foto/NjAweDMzOC9maWx0ZXJzOnF1YWxpdHkoMTAwKS9uZWg=/m2BcXZGFE_fss?st=dFtWq9EX0NlDRSNYfA6od9HqbQs_yhS8kqUpXBKrsQc&ts=1717590258&e=0"]},{"title":"Na predaj veľký 3- izb. byt na ul. Družstevnej v Rimavskej Sobote","address":"Družstevná, Rimavská Sobota, okres Rimavská Sobota","rooms":3,"meters":70,"totalPrice":63000,"meterSquarePrice":0,"link":"https://www.nehnutelnosti.sk/detail/JubMBwjSCZX/na-predaj-velky-3-izb-byt-na-ul-druzstevnej-v-rimavskej-sobote","imagesUrls":["https://img.nehnutelnosti.sk/foto/NjAweDMzOC9maWx0ZXJzOnF1YWxpdHkoMTAwKS9uZWg=/o0waYhhmA_fss?st=QChP5P6suhdUgc6zP77hdFgMwPaakfCsvNAJ9D5PvqE&ts=1717625396&e=0"]},{"title":"PREDAJ 2izb. byt s balkónom v novostavbe LINTICH, Banská Štiavnica","address":"Lintich, Banská Štiavnica, okres Banská Štiavnica","rooms":2,"meters":53,"totalPrice":173100,"meterSquarePrice":4,"link":"https://www.nehnutelnosti.sk/detail/Ju4_oZTz6Ss/predaj-2izb-byt-s-balkonom-v-novostavbe-lintich-banska-stiavnica","imagesUrls":["https://img.nehnutelnosti.sk/foto/NjAweDMzOC9maWx0ZXJzOnF1YWxpdHkoMTAwKS9uZWg=/X0gnP5F-el_fss?st=uzeifn1zAIzlzdfd7dlInkDnf2xJdXRmPDGBK4KFFC4&ts=1724438251&e=0"]},{"title":"!NAJNIŽŠIA CENA NA TRHU! Posledná šanca na kúpu lukratívneho apartmánu v Mýte pod Ďumbierom!","address":"Mýto pod Ďumbierom, okres Brezno","rooms":null,"meters":58,"totalPrice":189000,"meterSquarePrice":2,"link":"https://www.nehnutelnosti.sk/detail/JuD07IEQoE1/najnizsia-cena-na-trhu-posledna-sanca-na-kupu-lukrativneho-apartmanu-v-myte-pod-dumbierom","imagesUrls":["https://img.nehnutelnosti.sk/foto/NjAweDMzOC9maWx0ZXJzOnF1YWxpdHkoMTAwKS9uZWg=/8nelfoXN7_fss?st=oHUf4322VNYx8Fy3sw9Nw266QCLrAu_cEY5dz5z1gPc&ts=1724436343&e=0"]},{"title":"PREDAJ bytov v novostavbe, Banská Štiavnica","address":"Lintich, Banská Štiavnica, okres Banská Štiavnica","rooms":1,"meters":null,"totalPrice":null,"meterSquarePrice":null,"link":"https://www.nehnutelnosti.sk/detail/JuFQr2z_oJZ/predaj-bytov-v-novostavbe-banska-stiavnica","imagesUrls":["https://img.nehnutelnosti.sk/foto/NjAweDMzOC9maWx0ZXJzOnF1YWxpdHkoMTAwKS9uZWg=/drF5gn77j8_fss?st=7afUpV1PgUdXHEm22r764pJft5DrKfXtbDP1945ZGow&ts=1724388800&e=0"]},{"title":"Na predaj 3 izbový byt vo viladome – Krásno nad Kysucou","address":"Snp, Krásno nad Kysucou, okres Čadca","rooms":3,"meters":75,"totalPrice":128900,"meterSquarePrice":7,"link":"https://www.nehnutelnosti.sk/detail/JughvtVu91g/na-predaj-3-izbovy-byt-vo-viladome-krasno-nad-kysucou","imagesUrls":["https://img.unitedclassifieds.sk/foto/NjAweDMzOC9maWx0ZXJzOnF1YWxpdHkoMTAwKS9qdWw=/nCnJBIoHE_fss?st=NB2GnsOvX6tDJC37TSI4X2qloFNMEYvFLb3xNAlNHpk&ts=1725194676&e=0"]},{"title":"PREDAJ 1izb. byt s balkónom v novostavbe LINTICH, Banská Štiavnica","address":"Lintich, Banská Štiavnica, okres Banská Štiavnica","rooms":1,"meters":38,"totalPrice":129600,"meterSquarePrice":7,"link":"https://www.nehnutelnosti.sk/detail/JuGV57aEQlA/predaj-1izb-byt-s-balkonom-v-novostavbe-lintich-banska-stiavnica","imagesUrls":["https://img.nehnutelnosti.sk/foto/NjAweDMzOC9maWx0ZXJzOnF1YWxpdHkoMTAwKS9uZWg=/l5Aky9BsP_fss?st=v0M0EHrm5tSiGaNqi5cFGwUz-DrfI_aRfYi0uf-W0rM&ts=1724388810&e=0"]},{"title":"PREDAJ 1izb. byt s terasou v novostavbe LINTICH, Banská Štiavnica","address":"Lintich, Banská Štiavnica, okres Banská Štiavnica","rooms":1,"meters":38,"totalPrice":144900,"meterSquarePrice":2,"link":"https://www.nehnutelnosti.sk/detail/Juhw3eVWvN-/predaj-1izb-byt-s-terasou-v-novostavbe-lintich-banska-stiavnica","imagesUrls":["https://img.nehnutelnosti.sk/foto/NjAweDMzOC9maWx0ZXJzOnF1YWxpdHkoMTAwKS9uZWg=/l16Ec26yS__fss?st=1siX9XkrdF5P81sbzmXJAH3AL5ytu0ePe-5MRLZtZlQ&ts=1725557834&e=0"]},{"title":"PREDAJ 2izb. byt s terasou v novostavbe LINTICH, Banská Štiavnica","address":"Lintich, Banská Štiavnica, okres Banská Štiavnica","rooms":2,"meters":52,"totalPrice":187700,"meterSquarePrice":6,"link":"https://www.nehnutelnosti.sk/detail/JuAT3YwthgL/predaj-2izb-byt-s-terasou-v-novostavbe-lintich-banska-stiavnica","imagesUrls":["https://img.nehnutelnosti.sk/foto/NjAweDMzOC9maWx0ZXJzOnF1YWxpdHkoMTAwKS9uZWg=/58oe6MDKCg_fss?st=wh-vW15_UE5xebD4xKorM3SgGDcY3GpjVswfyIDRDRI&ts=1724438246&e=0"]},{"title":"REZERVOVANÉ ! PREDAJ 1-IZB. PRIESTOR SO ZÁHRADKOU, STUPAVA l č. 1/3","address":"Jána Ondruša, Malacky, okres Malacky","rooms":1,"meters":37,"totalPrice":101800,"meterSquarePrice":7,"link":"https://www.nehnutelnosti.sk/detail/Jup1nJVH2qG/rezervovane-predaj-1-izb-priestor-so-zahradkou-stupava-l-c-1-3","imagesUrls":["https://img.nehnutelnosti.sk/foto/NjAweDMzOC9maWx0ZXJzOnF1YWxpdHkoMTAwKS9uZWg=/t8-s75Ghw_fss?st=Qy14HCFJ9ZrrtcaTY-MkL91zlDUnsMDbeA6zz18GAFQ&ts=1723449510&e=0"]},{"title":"Predaj 3-izbových, 4-izbový bytov v rodinnom dome","address":"Lipany, okres Sabinov","rooms":3,"meters":null,"totalPrice":null,"meterSquarePrice":null,"link":"https://www.nehnutelnosti.sk/detail/JujgGcJuSNE/predaj-3-izbovych-4-izbovy-bytov-v-rodinnom-dome","imagesUrls":["https://img.nehnutelnosti.sk/foto/NjAweDMzOC9maWx0ZXJzOnF1YWxpdHkoMTAwKS9uZWg=/pn5UqyuaB_fss?st=iYzbvCjFMiYZbukoeVZsP0FCo8YbZiqpWO3ChKUDmqM&ts=1726497010&e=0"]},{"title":"PREDAJ 1izb. byt s balkónom v novostavbe LINTICH, Banská Štiavnica","address":"Lintich, Banská Štiavnica, okres Banská Štiavnica","rooms":1,"meters":41,"totalPrice":139500,"meterSquarePrice":1,"link":"https://www.nehnutelnosti.sk/detail/Ju2JDSf0n8r/predaj-1izb-byt-s-balkonom-v-novostavbe-lintich-banska-stiavnica","imagesUrls":["https://img.nehnutelnosti.sk/foto/NjAweDMzOC9maWx0ZXJzOnF1YWxpdHkoMTAwKS9uZWg=/e9hFDPBOwy_fss?st=c7CwlBvmALKMN1sykHs8Ayo5BxiNm3OR4BFXn59zgbc&ts=1725557814&e=0"]},{"title":"PREDAJ 1izb. byt s terasou v novostavbe LINTICH, Banská Štiavnica","address":"Lintich, Banská Štiavnica, okres Banská Štiavnica","rooms":1,"meters":38,"totalPrice":143600,"meterSquarePrice":3,"link":"https://www.nehnutelnosti.sk/detail/JuRTCpxs6Fv/predaj-1izb-byt-s-terasou-v-novostavbe-lintich-banska-stiavnica","imagesUrls":["https://img.nehnutelnosti.sk/foto/NjAweDMzOC9maWx0ZXJzOnF1YWxpdHkoMTAwKS9uZWg=/pz-5x6SpL_fss?st=ZWNDsOAqB5EFvhT4x-0H8qiLM-SezjVSQ1s4-J40R00&ts=1725557829&e=0"]},{"title":"PREDAJ 2izb. byt s balkónom v novostavbe LINTICH, Banská Štiavnica","address":"Lintich, Banská Štiavnica, okres Banská Štiavnica","rooms":2,"meters":52,"totalPrice":172800,"meterSquarePrice":1,"link":"https://www.nehnutelnosti.sk/detail/Ju_UJEOB_ee/predaj-2izb-byt-s-balkonom-v-novostavbe-lintich-banska-stiavnica","imagesUrls":["https://img.nehnutelnosti.sk/foto/NjAweDMzOC9maWx0ZXJzOnF1YWxpdHkoMTAwKS9uZWg=/VBBFIIiqZf_fss?st=7didNJwg4-hCrVUS1jx5XHXoWi3Fu8BZblig3Gbck0o&ts=1725557843&e=0"]},{"title":"PREDAJ 2 izb. byt s terasou v novostavbe LINTICH, Banská Štiavnica","address":"Lintich, Banská Štiavnica, okres Banská Štiavnica","rooms":2,"meters":53,"totalPrice":187400,"meterSquarePrice":5,"link":"https://www.nehnutelnosti.sk/detail/JujokhqK0rk/predaj-2-izb-byt-s-terasou-v-novostavbe-lintich-banska-stiavnica","imagesUrls":["https://img.nehnutelnosti.sk/foto/NjAweDMzOC9maWx0ZXJzOnF1YWxpdHkoMTAwKS9uZWg=/YnZ-TCFobg_fss?st=PZ7qtEd6Kgeaa65UTKH_YTX91FKOosNsLkXfR_yoA-A&ts=1725557847&e=0"]},{"title":"PREDAJ 1izb. byt s balkónom v novostavbe LINTICH, Banská Štiavnica","address":"Lintich, Banská Štiavnica, okres Banská Štiavnica","rooms":1,"meters":39,"totalPrice":132900,"meterSquarePrice":3,"link":"https://www.nehnutelnosti.sk/detail/JuWzpxScsJD/predaj-1izb-byt-s-balkonom-v-novostavbe-lintich-banska-stiavnica","imagesUrls":["https://img.nehnutelnosti.sk/foto/NjAweDMzOC9maWx0ZXJzOnF1YWxpdHkoMTAwKS9uZWg=/DA8TRPmYkf_fss?st=r3SZhSOwsfn5kB9T3aH44RvOwWM9Pq3ep3JhRKOK_HM&ts=1725557803&e=0"]},{"title":"PREDAJ 1izb. byt s balkónom v novostavbe LINTICH, Banská Štiavnica","address":"Lintich, Banská Štiavnica, okres Banská Štiavnica","rooms":1,"meters":38,"totalPrice":131900,"meterSquarePrice":9,"link":"https://www.nehnutelnosti.sk/detail/Ju2vk5a_WwH/predaj-1izb-byt-s-balkonom-v-novostavbe-lintich-banska-stiavnica","imagesUrls":["https://img.nehnutelnosti.sk/foto/NjAweDMzOC9maWx0ZXJzOnF1YWxpdHkoMTAwKS9uZWg=/KnBD600na_fss?st=zpnIgzPBJG3j-nz7MuKcWyjxUpgi40vVBouZUowyYmM&ts=1725557838&e=0"]},{"title":"PREDAJ 1izb. byt s terasou v novostavbe LINTICH, Banská Štiavnica","address":"Lintich, Banská Štiavnica, okres Banská Štiavnica","rooms":1,"meters":41,"totalPrice":151700,"meterSquarePrice":0,"link":"https://www.nehnutelnosti.sk/detail/Ju3xE6hddto/predaj-1izb-byt-s-terasou-v-novostavbe-lintich-banska-stiavnica","imagesUrls":["https://img.nehnutelnosti.sk/foto/NjAweDMzOC9maWx0ZXJzOnF1YWxpdHkoMTAwKS9uZWg=/MsFbQiKN__fss?st=K5g4jf5j23fVNRol7hE2PYsmnoVf6DXEmxpdF4ZKPCU&ts=1724438249&e=0"]},{"title":"PREDAJ 1izb. byt s terasou v novostavbe LINTICH, Banská Štiavnica","address":"Lintich, Banská Štiavnica, okres Banská Štiavnica","rooms":1,"meters":41,"totalPrice":151700,"meterSquarePrice":0,"link":"https://www.nehnutelnosti.sk/detail/JuqoA-LgmUU/predaj-1izb-byt-s-terasou-v-novostavbe-lintich-banska-stiavnica","imagesUrls":["https://img.nehnutelnosti.sk/foto/NjAweDMzOC9maWx0ZXJzOnF1YWxpdHkoMTAwKS9uZWg=/4dKksl2V-_fss?st=xofKZa49RU7KgPuf9af31NDJU7PwDtvc7awMbW4dROU&ts=1725557824&e=0"]},{"title":"2-izbový byt s priestrannou terasou v projekte DOMINO PARK","address":"Popradská, Košice II - Západ, okres Košice","rooms":2,"meters":71,"totalPrice":207400,"meterSquarePrice":4,"link":"https://www.nehnutelnosti.sk/detail/JuFvtsU07Yw/2-izbovy-byt-s-priestrannou-terasou-v-projekte-domino-park","imagesUrls":["https://img.nehnutelnosti.sk/foto/NjAweDMzOC9maWx0ZXJzOnF1YWxpdHkoMTAwKS9uZWg=/Vsnbin9vQ_fss?st=9hTg4VD4k-jbHD6GQlRPJWpvVGda7f-iwn3NbTPrEkw&ts=1721080161&e=0"]},{"title":"3i byt s loggiou na Murgašovej ul.","address":"J. Murgaša, Michalovce, okres Michalovce","rooms":3,"meters":69,"totalPrice":104900,"meterSquarePrice":9,"link":"https://www.nehnutelnosti.sk/detail/JugLsEIQuUm/3i-byt-s-loggiou-na-murgasovej-ul","imagesUrls":["https://img.nehnutelnosti.sk/foto/NjAweDMzOC9maWx0ZXJzOnF1YWxpdHkoMTAwKS9uZWg=/3Jd2MKGn6_fss?st=FigPw7EZqYG6PQREERhUYM0Q0MGnEe7MnXLE032QXJ8&ts=1723536086&e=0"]},{"title":"Predaj 2i bytu v novostavbe, s balkónom i garážou","address":"Hradská 8534/140, Bratislava II - Vrakuňa, okres Bratislava","rooms":2,"meters":43,"totalPrice":174900,"meterSquarePrice":4,"link":"https://www.nehnutelnosti.sk/detail/JuPVDej4L9D/predaj-2i-bytu-v-novostavbe-s-balkonom-i-garazou","imagesUrls":["https://img.nehnutelnosti.sk/foto/NjAweDMzOC9maWx0ZXJzOnF1YWxpdHkoMTAwKS9uZWg=/vZv59QISz_fss?st=746jd7WVl_2ZkGFt-8g9TrhgwEGVBZsYyHieDd_OyPo&ts=1725184895&e=0"]},{"title":"Arvin & Benet | REZERVOVANÉ | Moderný 3i byt v najtichšej časti starej Dúbravky s vlastnou záhradou","address":"Popovova, Bratislava IV - Dúbravka, okres Bratislava","rooms":3,"meters":87,"totalPrice":null,"meterSquarePrice":null,"link":"https://www.nehnutelnosti.sk/detail/JuIoeP8SXn1/arvin-benet-rezervovane-moderny-3i-byt-vnajtichsej-casti-starej-dubravky-s-vlastnou-zahradou","imagesUrls":["https://img.unitedclassifieds.sk/foto/NjAweDMzOC9maWx0ZXJzOnF1YWxpdHkoMTAwKS9qdWw=/XOIeyR79q_fss?st=8_zy17PpydUZMrcEtKxeBrmWRaAUjVYYtEuwXu4Hj6I&ts=1720621278&e=0"]},{"title":"Predaj 3i. byt s terasou, pozemkom a parking- mestská časť- Mlynarce","address":"Bolečkova, Nitra, okres Nitra","rooms":3,"meters":94,"totalPrice":164000,"meterSquarePrice":8,"link":"https://www.nehnutelnosti.sk/detail/JuIyflTVUg8/predaj-3i-byt-s-terasou-pozemkom-a-parking-mestska-cast-mlynarce","imagesUrls":["https://img.nehnutelnosti.sk/foto/NjAweDMzOC9maWx0ZXJzOnF1YWxpdHkoMTAwKS9uZWg=/Jw2MPQnO4_fss?st=YdZ7JRGgulkdFpXFPYdQTXCxQIeOGJiqrQVYHG0Iuf0&ts=1717404980&e=0"]},{"title":"NA PREDAJ VEĽKÝ 2 IZ. BYT BRATISLAVA STARÉ MESTO BALKÓN 71 m2","address":"Heydukova, Bratislava I - Staré Mesto, okres Bratislava","rooms":2,"meters":71,"totalPrice":225000,"meterSquarePrice":1,"link":"https://www.nehnutelnosti.sk/detail/JuFU9Bqoxr6/na-predaj-velky-2-iz-byt-bratislava-stare-mesto-balkon-71-m2","imagesUrls":["https://img.nehnutelnosti.sk/foto/NjAweDMzOC9maWx0ZXJzOnF1YWxpdHkoMTAwKS9uZWg=/q_oGlPMm__fss?st=67ZqWTGhsS8m3y6pBHw9tChx-a8Jnk8N75cfnPp0BSk&ts=1718368347&e=0"]}]