[{"title":"Na predaj 1- izbový byt na sídlisku SNP.","address":"Narcisová, Michalovce, okres Michalovce","rooms":1,"meters":38,"totalPrice":65000,"meterSquarePrice":3,"link":"https://www.nehnutelnosti.sk/detail/JuCfBhY0ThV/na-predaj-1-izbovy-byt-na-sidlisku-snp","imagesUrls":["https://img.nehnutelnosti.sk/foto/NjAweDMzOC9maWx0ZXJzOnF1YWxpdHkoMTAwKS9uZWg=/8JIc0KuKe9_fss?st=v9AGAfdLVm3JLqNwNLob2SZmGNeijGBMoBtZcMwGnV4&ts=1718018220&e=0"]},{"title":"V ponuke krásny 2-izbový byt na predaj","address":"Zemplínska, Senec, okres Senec","rooms":2,"meters":50,"totalPrice":148000,"meterSquarePrice":9,"link":"https://www.nehnutelnosti.sk/detail/JubfrFwuv3d/v-ponuke-krasny-2-izbovy-byt-na-predaj","imagesUrls":["https://img.nehnutelnosti.sk/foto/NjAweDMzOC9maWx0ZXJzOnF1YWxpdHkoMTAwKS9uZWg=/mFjKRgwan_fss?st=29Xd7ViPd0z3HVu2noozTRC4AcYV7tceHQtSAjwLuys&ts=1709492346&e=0"]},{"title":"PREDAJ: 2 izbový byt v centre, Nové Mesto nad Váhom","address":"Hurbanova, Nové Mesto nad Váhom, okres Nové Mesto nad Váhom","rooms":2,"meters":58,"totalPrice":106000,"meterSquarePrice":9,"link":"https://www.nehnutelnosti.sk/detail/Ju3XpKlIE2_/predaj-2-izbovy-byt-v-centre-nove-mesto-nad-vahom","imagesUrls":["https://img.nehnutelnosti.sk/foto/NjAweDMzOC9maWx0ZXJzOnF1YWxpdHkoMTAwKS9uZWg=/FjfI_kMV4p_fss?st=8HRH59sOk1-hTztr5t9P2pmflzIM1qaC41kWGm3tXEE&ts=1718015731&e=0"]},{"title":"3-izbový byt na predaj v Šali na Nešporovej ulici","address":"Nešporova, Šaľa, okres Šaľa","rooms":3,"meters":73,"totalPrice":135000,"meterSquarePrice":0,"link":"https://www.nehnutelnosti.sk/detail/JuF2ifb7VOA/3-izbovy-byt-na-predaj-v-sali-na-nesporovej-ulici","imagesUrls":["https://img.nehnutelnosti.sk/foto/NjAweDMzOC9maWx0ZXJzOnF1YWxpdHkoMTAwKS9uZWg=/J-waJD7ZF_fss?st=JPdehqyHAi8elX3VgnPn6cLhnwAPP5CvrxW_Z3mczSQ&ts=1708940405&e=0"]},{"title":"Pekný 1 izbový byt na predaj v Senci, Slávičia ul. loggia, parkovanie","address":"Slávičia, Senec, okres Senec","rooms":1,"meters":36,"totalPrice":129000,"meterSquarePrice":3,"link":"https://www.nehnutelnosti.sk/detail/Ju4hEZ7MXhI/pekny-1-izbovy-byt-na-predaj-v-senci-slavicia-ul-loggia-parkovanie","imagesUrls":["https://img.nehnutelnosti.sk/foto/NjAweDMzOC9maWx0ZXJzOnF1YWxpdHkoMTAwKS9uZWg=/oG00iQFZu_fss?st=8oECaVwzv-PCdMmqJCNtNUE3qkgInMZ7WjzSnlNffr4&ts=1707730269&e=0"]},{"title":"V ponuke na predaj 3-izbový byt v Sládkovičove","address":"Jána Dalloša, Sládkovičovo, okres Galanta","rooms":3,"meters":64,"totalPrice":117000,"meterSquarePrice":3,"link":"https://www.nehnutelnosti.sk/detail/JuGB6ZAKZUy/v-ponuke-na-predaj-3-izbovy-byt-v-sladkovicove","imagesUrls":["https://img.nehnutelnosti.sk/foto/NjAweDMzOC9maWx0ZXJzOnF1YWxpdHkoMTAwKS9uZWg=/AWo2y__-z_fss?st=KVQ9eHH_DK-4gQFwGuUh7eryJEB_3nPvRci2oZxoTKI&ts=1707256674&e=0"]},{"title":"Zaujímavý 3 izbový byt, 92m², dva balkóny. Okružná ulica v Michalovciach","address":"Okružná, Michalovce, okres Michalovce","rooms":3,"meters":92,"totalPrice":151990,"meterSquarePrice":7,"link":"https://www.nehnutelnosti.sk/detail/JuYqnwEcfoj/zaujimavy-3-izbovy-byt-92m-dva-balkony-okruzna-ulica-v-michalovciach","imagesUrls":["https://img.nehnutelnosti.sk/foto/NjAweDMzOC9maWx0ZXJzOnF1YWxpdHkoMTAwKS9uZWg=/7GqpMbP2I_fss?st=q1qE4pfGQyT3_MSMvaCqFzbf7CIRkqpza46Zc6fX0Mo&ts=1725441129&e=0"]},{"title":"Na predaj 3 izbový byt v Strážskom, Mierová ulica","address":"Mierová, Strážske, okres Michalovce","rooms":3,"meters":66,"totalPrice":79900,"meterSquarePrice":1,"link":"https://www.nehnutelnosti.sk/detail/Ju9BiTShHgm/na-predaj-3-izbovy-byt-v-strazskom-mierova-ulica","imagesUrls":["https://img.nehnutelnosti.sk/foto/NjAweDMzOC9maWx0ZXJzOnF1YWxpdHkoMTAwKS9uZWg=/UnM9SYJJAI_fss?st=rscsDYOpxMPxvO_4VSvHS0VCd839FjT_X7eeGyXNAcg&ts=1725438674&e=0"]},{"title":"REZERVOVANÉ- Na predaj veľká garsónka s loggiou v Trnave","address":"Spartakovská, Trnava, okres Trnava","rooms":null,"meters":26,"totalPrice":87000,"meterSquarePrice":5,"link":"https://www.nehnutelnosti.sk/detail/Ju7LCai1XKu/rezervovane-na-predaj-velka-garsonka-s-loggiou-v-trnave","imagesUrls":["https://img.nehnutelnosti.sk/foto/NjAweDMzOC9maWx0ZXJzOnF1YWxpdHkoMTAwKS9uZWg=/dRKy0AaNf_fss?st=wWKiwwtTqZMEF9AlGz6Mge-Ln_JaBQaDSERmAIc9vSI&ts=1722935640&e=0"]},{"title":"Ponúkame na predaj 3iz. byt s loggiou v Trnave","address":"Na hlinách, Trnava, okres Trnava","rooms":3,"meters":59,"totalPrice":142500,"meterSquarePrice":5,"link":"https://www.nehnutelnosti.sk/detail/JueZIc91Cso/ponukame-na-predaj-3iz-byt-s-loggiou-v-trnave","imagesUrls":["https://img.nehnutelnosti.sk/foto/NjAweDMzOC9maWx0ZXJzOnF1YWxpdHkoMTAwKS9uZWg=/OFEC-gNgc0_fss?st=5C6EXjtIIHKOhPYyo21QNHJGr8P2-Gr3KFb4Oeh2Mxc&ts=1721640681&e=0"]},{"title":"3 izbový byt Nitra Ľudovíta Okánika","address":"Ľudovíta Okánika, Nitra, okres Nitra","rooms":3,"meters":72,"totalPrice":133000,"meterSquarePrice":2,"link":"https://www.nehnutelnosti.sk/detail/JuQMWq6gEOB/3-izbovy-byt-nitra-ludovita-okanika","imagesUrls":["https://img.nehnutelnosti.sk/foto/NjAweDMzOC9maWx0ZXJzOnF1YWxpdHkoMTAwKS9uZWg=/ZkoRm5ODc_fss?st=irHMSaoQgySsxx-ATeseC1So7NAjtXjYyxPxNX528ME&ts=1722590644&e=0"]},{"title":"6 izbový tehlový byt v centre Košíc, Masarykova ul., 164 m2","address":"Masarykova, Košice I - Staré Mesto, okres Košice","rooms":5,"meters":150,"totalPrice":null,"meterSquarePrice":null,"link":"https://www.nehnutelnosti.sk/detail/Ju6agL2XeVF/6-izbovy-tehlovy-byt-v-centre-kosic-masarykova-ul-164-m2","imagesUrls":["https://img.nehnutelnosti.sk/foto/NjAweDMzOC9maWx0ZXJzOnF1YWxpdHkoMTAwKS9uZWg=/YKxR2SS8Z_fss?st=cyHZZyTK_CD0miyueAf3JnaBWSB-3hhoPA9Z0CJLCPo&ts=1716900885&e=0"]},{"title":"Na predaj 3-izbový byt na sídlisku Juh v Michalovciach","address":"Sídlisko Juh, Michalovce, okres Michalovce","rooms":3,"meters":60,"totalPrice":93000,"meterSquarePrice":0,"link":"https://www.nehnutelnosti.sk/detail/JuFgQyk_kA1/na-predaj-3-izbovy-byt-na-sidlisku-juh-v-michalovciach","imagesUrls":["https://img.nehnutelnosti.sk/foto/NjAweDMzOC9maWx0ZXJzOnF1YWxpdHkoMTAwKS9uZWg=/6Qt0yvlSo5_fss?st=OhPfxaJ0WNNjlSkw4HWUpgb-iIE23PsVJcaQ8rqFwaA&ts=1725441124&e=0"]},{"title":"AKTUALIZOVANÁ CENA! NA PREDAJ: 2 izbový byt v meste Šaštín-Stráže","address":"Alej, Šaštín - Stráže, okres Senica","rooms":2,"meters":54,"totalPrice":77499,"meterSquarePrice":7,"link":"https://www.nehnutelnosti.sk/detail/JuwpCrShl4o/aktualizovana-cena-na-predaj-2-izbovy-byt-v-meste-sastin-straze","imagesUrls":["https://img.nehnutelnosti.sk/foto/NjAweDMzOC9maWx0ZXJzOnF1YWxpdHkoMTAwKS9uZWg=/2oh7gY3yI_fss?st=P8wQG47yd_dnOTJD46x7sdR0Ok6UjsmxRkFBMzEDrTE&ts=1724094081&e=0"]},{"title":"PREDAJ: 3 izbový byt Piešťany, okrajová časť","address":"Orviská, Piešťany, okres Piešťany","rooms":3,"meters":94,"totalPrice":110000,"meterSquarePrice":1,"link":"https://www.nehnutelnosti.sk/detail/JuIs-T4KmXj/predaj-3-izbovy-byt-piestany-okrajova-cast","imagesUrls":["https://img.nehnutelnosti.sk/foto/NjAweDMzOC9maWx0ZXJzOnF1YWxpdHkoMTAwKS9uZWg=/6xCgjvE1J_fss?st=QwW61J1PTkbzxSUyJgKzCMMK7iSXTJFOmZMgNEDyi2A&ts=1717519943&e=0"]},{"title":"Predaj 4iz. bytu s veľkou  záhradou  v Trnave","address":"Zavarská, Trnava, okres Trnava","rooms":4,"meters":100,"totalPrice":249000,"meterSquarePrice":0,"link":"https://www.nehnutelnosti.sk/detail/Juf135ylfta/predaj-4iz-bytu-s-velkou-zahradou-v-trnave","imagesUrls":["https://img.nehnutelnosti.sk/foto/NjAweDMzOC9maWx0ZXJzOnF1YWxpdHkoMTAwKS9uZWg=/07Ok2mI44_fss?st=8DGzi0KgxYWDqRLEFxV3M7CvP0TlShbOnkSsZW3lBF4&ts=1726235354&e=0"]},{"title":"NA PREDAJ 3 IZBOVÝ BYT - GALANTA","address":"Galanta, okres Galanta","rooms":3,"meters":74,"totalPrice":147500,"meterSquarePrice":4,"link":"https://www.nehnutelnosti.sk/detail/JuAbSuff0l-/na-predaj-3-izbovy-byt-galanta","imagesUrls":["https://img.nehnutelnosti.sk/foto/NjAweDMzOC9maWx0ZXJzOnF1YWxpdHkoMTAwKS9uZWg=/LvyZUNsCX_fss?st=bDz7RabfsdTZ3AttqMJCCb0Gkp9nLvu7wV1EQlpygP0&ts=1692618363&e=0"]},{"title":"Na predaj 4- izbový byt na Východe v Michalovciach.","address":"Nová, Michalovce, okres Michalovce","rooms":4,"meters":81,"totalPrice":119000,"meterSquarePrice":4,"link":"https://www.nehnutelnosti.sk/detail/JulbbsrGCjl/na-predaj-4-izbovy-byt-na-vychode-v-michalovciach","imagesUrls":["https://img.nehnutelnosti.sk/foto/NjAweDMzOC9maWx0ZXJzOnF1YWxpdHkoMTAwKS9uZWg=/IUCf8NN77_fss?st=ANODyvrGu8vxdwB4YiPw72omVwC-If7V36hvcOi6uDA&ts=1721587335&e=0"]},{"title":"PREDAJ: 2 izbový byt po rekonštrukcii, Hlohovec","address":"Dilonga, Hlohovec, okres Hlohovec","rooms":2,"meters":62,"totalPrice":108000,"meterSquarePrice":4,"link":"https://www.nehnutelnosti.sk/detail/Ju4scjEqYrt/predaj-2-izbovy-byt-po-rekonstrukcii-hlohovec","imagesUrls":["https://img.nehnutelnosti.sk/foto/NjAweDMzOC9maWx0ZXJzOnF1YWxpdHkoMTAwKS9uZWg=/7wbhjLcbb_fss?st=4DeGL4Wre_-p3oqlPfRP2_txYs2gA2ED9tH5k0ljllk&ts=1717519910&e=0"]},{"title":"Predaj garzónky v Michalovciach .","address":"Murgaša, Michalovce, okres Michalovce","rooms":null,"meters":16,"totalPrice":51000,"meterSquarePrice":0,"link":"https://www.nehnutelnosti.sk/detail/JuRRyv6Z8CE/predaj-garzonky-v-michalovciach","imagesUrls":["https://img.nehnutelnosti.sk/foto/NjAweDMzOC9maWx0ZXJzOnF1YWxpdHkoMTAwKS9uZWg=/bXBJf4Et8_fss?st=YG1Xcj9OL-gggGMPYEiFRn2__vkGX7qCNDTzElMStDw&ts=1719002061&e=0"]},{"title":"*SKOLAUDOVANÉ* mezonetové byty s balkónom BANKA","address":"topoľčianska, Banka, okres Piešťany","rooms":3,"meters":75,"totalPrice":145000,"meterSquarePrice":3,"link":"https://www.nehnutelnosti.sk/detail/Ju1FvndJKNK/skolaudovane-mezonetove-byty-s-balkonom-banka","imagesUrls":["https://img.nehnutelnosti.sk/foto/NjAweDMzOC9maWx0ZXJzOnF1YWxpdHkoMTAwKS9uZWg=/QPFBk9sG__fss?st=5v7DSgFWK5y20JV851KL5xUx-Jo0M1bqamBROnaulwQ&ts=1724246399&e=0"]},{"title":"2 izbovy byt Murgaša","address":"Murgašova, Michalovce, okres Michalovce","rooms":2,"meters":54,"totalPrice":1,"meterSquarePrice":2,"link":"https://www.nehnutelnosti.sk/detail/Juw-thE33nw/2-izbovy-byt-murgasa","imagesUrls":["https://img.nehnutelnosti.sk/foto/NjAweDMzOC9maWx0ZXJzOnF1YWxpdHkoMTAwKS9uZWg=/PRRHOxBm2_fss?st=O6kIztmYEGcO_Xr5jGOTUeFauA41RjkjlAy6lCeOrBg&ts=1698416992&e=0"]},{"title":"3 izbový byt Košice - Nad jazerom, Raketová, pôv. stav, loggia 6m","address":"Raketová, Košice IV - Nad jazerom, okres Košice","rooms":3,"meters":72,"totalPrice":135000,"meterSquarePrice":5,"link":"https://www.nehnutelnosti.sk/detail/JuerV5txA3n/3-izbovy-byt-kosice-nad-jazerom-raketova-pov-stav-loggia-6m","imagesUrls":["https://img.nehnutelnosti.sk/foto/NjAweDMzOC9maWx0ZXJzOnF1YWxpdHkoMTAwKS9uZWg=/ImKY57VRbT_fss?st=VobaWAXdHcniWLEcPIgFwQRE4IMK87nKkbFKSx1CoS0&ts=1720621779&e=0"]},{"title":"*NA PREDAJ* priestranný 3 izbový byt M. Bela / Piešťany","address":"Mateja Bela, Piešťany, okres Piešťany","rooms":3,"meters":75,"totalPrice":125000,"meterSquarePrice":7,"link":"https://www.nehnutelnosti.sk/detail/JuFmxd0B-dc/na-predaj-priestranny-3-izbovy-byt-m-bela-piestany","imagesUrls":["https://img.nehnutelnosti.sk/foto/NjAweDMzOC9maWx0ZXJzOnF1YWxpdHkoMTAwKS9uZWg=/EfCD1tZdlC_fss?st=QS_dz6qtifv2oGnlSGKPhjRiHLCEOBtCijyh8GljXtw&ts=1724246392&e=0"]},{"title":"Ponúkame na predaj luxusná  garsónka s balkónom","address":"Hlavná, Biely Kostol, okres Trnava","rooms":null,"meters":29,"totalPrice":110000,"meterSquarePrice":0,"link":"https://www.nehnutelnosti.sk/detail/JuAfCFd_rRN/ponukame-na-predaj-luxusna-garsonka-s-balkonom","imagesUrls":["https://img.nehnutelnosti.sk/foto/NjAweDMzOC9maWx0ZXJzOnF1YWxpdHkoMTAwKS9uZWg=/-AoV_S9XV_fss?st=8KB65sUpGKyF-IV2n71s0aiw5tokqwPV679W3kLuWBQ&ts=1720003835&e=0"]},{"title":"1 izbový byt v centre Senca-Lichnerova ul.-Helios, balkón","address":"Lichnerova, Senec, okres Senec","rooms":1,"meters":42,"totalPrice":149000,"meterSquarePrice":2,"link":"https://www.nehnutelnosti.sk/detail/JuSQg9uPpPG/1-izbovy-byt-v-centre-senca-lichnerova-ul-helios-balkon","imagesUrls":["https://img.nehnutelnosti.sk/foto/NjAweDMzOC9maWx0ZXJzOnF1YWxpdHkoMTAwKS9uZWg=/JgXBrDe-n_fss?st=gzrBUho3cgcD2-6jwgYKijn7IMjS-OS_Nx2K2KBn9AM&ts=1698500747&e=0"]},{"title":"PREDAJ 2izbový byt Staré Mesto, Kuzmányho ul.","address":"Kuzmányho, Bratislava I - Staré Mesto, okres Bratislava","rooms":2,"meters":60,"totalPrice":269000,"meterSquarePrice":3,"link":"https://www.nehnutelnosti.sk/detail/JupiqXi9Q6vk/predaj-2izbovy-byt-stare-mesto-kuzmanyho-ul","imagesUrls":["https://img.nehnutelnosti.sk/foto/NjAweDMzOC9maWx0ZXJzOnF1YWxpdHkoMTAwKS9uZWg=/zwh6PTBB6_fss?st=oDge8jaxqUdV-trGFpRQzQ3ARfzs8LLvNOxq0x7xG4I&ts=1718901690&e=0"]},{"title":"4-IZBOVÝ BYT VHODNY NA REKONSTRUKCIU","address":"MASARYKOVA, Michalovce, okres Michalovce","rooms":4,"meters":78,"totalPrice":117000,"meterSquarePrice":0,"link":"https://www.nehnutelnosti.sk/detail/JuuBRZurJuT/4-izbovy-byt-vhodny-na-rekonstrukciu","imagesUrls":["https://img.nehnutelnosti.sk/foto/NjAweDMzOC9maWx0ZXJzOnF1YWxpdHkoMTAwKS9uZWg=/22sL98u3J_fss?st=EDUFQX2E4gVwYSr665qd__e3vF-Lm2WhPLzYsMvGcW8&ts=1701248441&e=0"]},{"title":"Exkluzívny 3,5 izbový byt v Senci pri centre s nádherným výhľadom na jazerá","address":"Štúrova, Senec, okres Senec","rooms":4,"meters":120,"totalPrice":329000,"meterSquarePrice":7,"link":"https://www.nehnutelnosti.sk/detail/JuQlcmANEea/exkluzivny-3-5-izbovy-byt-v-senci-pri-centre-s-nadhernym-vyhladom-na-jazera","imagesUrls":["https://img.nehnutelnosti.sk/foto/NjAweDMzOC9maWx0ZXJzOnF1YWxpdHkoMTAwKS9uZWg=/4Q4FddklhD_fss?st=qsS6-w_602GRrLP22aUfFrUhUGWQTxw6w9kgByGPUWo&ts=1716816682&e=0"]},{"title":"3 izbový byt Košice - Staré mesto, Bellova, novostavba","address":"Bellova, Košice I - Staré Mesto, okres Košice","rooms":3,"meters":64,"totalPrice":240000,"meterSquarePrice":2,"link":"https://www.nehnutelnosti.sk/detail/Ju7Zx2PR9UC/3-izbovy-byt-kosice-stare-mesto-bellova-novostavba","imagesUrls":["https://img.nehnutelnosti.sk/foto/NjAweDMzOC9maWx0ZXJzOnF1YWxpdHkoMTAwKS9uZWg=/6-MuduzAQ9_fss?st=xgZxlHi9JcGypZPIJqEV6CQKAaIZRuA6pu_X4qPQCqA&ts=1717145789&e=0"]}]