[{"title":"NA PREDAJ 2-Izbový byt. NOVÁ DOBA, BRATISLAVA - NOVÉ MESTO,","address":"Nová doba, Bratislava III - Nové Mesto, okres Bratislava","rooms":2,"meters":42,"totalPrice":206000,"meterSquarePrice":6,"link":"https://www.nehnutelnosti.sk/detail/JurYBdf-q6z/na-predaj-2-izbovy-byt-nova-doba-bratislava-nove-mesto","imagesUrls":["https://img.nehnutelnosti.sk/foto/NjAweDMzOC9maWx0ZXJzOnF1YWxpdHkoMTAwKS9uZWg=/LPqOCVKKg_fss?st=u1fU5Ee0ncEvAD1LOVj3zH6pA8yrOobq_jga-2ZQDBg&ts=1726600990&e=0"]},{"title":"2 izbový byt","address":"Lučenec, okres Lučenec","rooms":2,"meters":52,"totalPrice":74000,"meterSquarePrice":8,"link":"https://www.nehnutelnosti.sk/detail/Jujqmf5ueFz/2-izbovy-byt","imagesUrls":["https://img.nehnutelnosti.sk/foto/NjAweDMzOC9maWx0ZXJzOnF1YWxpdHkoMTAwKS9uZWg=/ERZAyEuHm_fss?st=VwJHNKb2Oi5dbSAIa6RWrVF1VNOT8rZsqNiXU8lWYQY&ts=1716232260&e=0"]},{"title":"EXKLUZÍVNA PONUKA 2 x 2-izb.byt s balkónom (2 x 52m2 = 104m2)","address":"Štúrova, Poprad, okres Poprad","rooms":2,"meters":104,"totalPrice":189900,"meterSquarePrice":6,"link":"https://www.nehnutelnosti.sk/detail/Ju5Kg89R9vZ/exkluzivna-ponuka-2-x-2-izb-byt-s-balkonom-2-x-52m2-104m2","imagesUrls":["https://img.nehnutelnosti.sk/foto/NjAweDMzOC9maWx0ZXJzOnF1YWxpdHkoMTAwKS9uZWg=/9r4ez9kpJi_fss?st=sHiXtJl2JAJYagjXIBYzUWQ64lqA0mXUhraMqFwlwNw&ts=1726600212&e=0"]},{"title":"ČIASTOČNE ZREKONŠTRUOVANÝ 2 IZB. BYT S VNÚTROBLOKOM NA SLÁDKOVIČOVEJ ULICI, STARÉ MESTO","address":"Sládkovičova, Bratislava I - Staré Mesto, okres Bratislava","rooms":2,"meters":55,"totalPrice":230000,"meterSquarePrice":2,"link":"https://www.nehnutelnosti.sk/detail/JugLYjzwu6l/ciastocne-zrekonstruovany-2-izb-byt-s-vnutroblokom-na-sladkovicovej-ulici-stare-mesto","imagesUrls":["https://img.nehnutelnosti.sk/foto/NjAweDMzOC9maWx0ZXJzOnF1YWxpdHkoMTAwKS9uZWg=/P8V0OHbpC_fss?st=APb3JuTt3q-LJ_PtK1duztr0jS2etwAzCQ3JA1KDxl0&ts=1711043243&e=0"]},{"title":"MIDPOINT REAL: Ponúka na predaj priestranný 3i byt v meste Malacky. REZERVOVANÝ!","address":"Ľudovíta Fullu, Malacky, okres Malacky","rooms":3,"meters":79,"totalPrice":139990,"meterSquarePrice":3,"link":"https://www.nehnutelnosti.sk/detail/JuTRskQUVPN/midpoint-real-ponuka-na-predaj-priestranny-3i-byt-v-meste-malacky-rezervovany","imagesUrls":["https://img.unitedclassifieds.sk/foto/NjAweDMzOC9maWx0ZXJzOnF1YWxpdHkoMTAwKS9qdWw=/Pau4UVda__fss?st=zbEdG_Vcu2JDwbAmicQj5wKrFP8K_CU80BxHhJaGv0Q&ts=1723980059&e=0"]},{"title":"MIDPOINT REAL - Predaj moderného 3i bytu v blízkosti centra Malaciek","address":"Veľkomoravská, Malacky, okres Malacky","rooms":3,"meters":75,"totalPrice":224900,"meterSquarePrice":7,"link":"https://www.nehnutelnosti.sk/detail/JuMZpxE07LF/midpoint-real-predaj-moderneho-3i-bytu-v-blizkosti-centra-malaciek","imagesUrls":["https://img.unitedclassifieds.sk/foto/NjAweDMzOC9maWx0ZXJzOnF1YWxpdHkoMTAwKS9qdWw=/gvs-9MiC-W_fss?st=93IKR0mID4rFXupzcfRZ8yKZfcPXdbRJqKRbSnphDJ8&ts=1720730276&e=0"]},{"title":"3 izbový byt na predaj v Nových Zámkoch - centrum!","address":"Centrum, Nové Zámky, okres Nové Zámky","rooms":3,"meters":74,"totalPrice":113000,"meterSquarePrice":3,"link":"https://www.nehnutelnosti.sk/detail/JuDyFj_vzdr/3-izbovy-byt-na-predaj-v-novych-zamkoch-centrum","imagesUrls":["https://img.nehnutelnosti.sk/foto/NjAweDMzOC9maWx0ZXJzOnF1YWxpdHkoMTAwKS9uZWg=/926hmXIB0_fss?st=n3jazX17pkSp075R_Ffxj3TqJnvWP-gr2hMr2l03lWk&ts=1726599104&e=0"]},{"title":"Trojizbový byt v Dunajskej Strede","address":"Dunajská Streda, okres Dunajská Streda","rooms":3,"meters":81,"totalPrice":155000,"meterSquarePrice":8,"link":"https://www.nehnutelnosti.sk/detail/JuuvtS3-Rc9/trojizbovy-byt-v-dunajskej-strede","imagesUrls":["https://img.nehnutelnosti.sk/foto/NjAweDMzOC9maWx0ZXJzOnF1YWxpdHkoMTAwKS9uZWg=/9u3dYoS4qS_fss?st=i8MryUBan5pFFmijuqk1XMBrLbmJNwDOHUC9u9sV0b4&ts=1726598273&e=0"]},{"title":"PREDAJ - 1-izbový byt v Noemis v Stupave","address":"Cementárenská, Stupava, okres Malacky","rooms":1,"meters":37,"totalPrice":118500,"meterSquarePrice":0,"link":"https://www.nehnutelnosti.sk/detail/Juxgg8yx6Ap/predaj-1-izbovy-byt-v-noemis-v-stupave","imagesUrls":["https://img.nehnutelnosti.sk/foto/NjAweDMzOC9maWx0ZXJzOnF1YWxpdHkoMTAwKS9uZWg=/1MdIH58Z2_fss?st=HDZRPNp3BpSAOb7iJfUjOiy2ILN0NXjFDBRV63Wrpwo&ts=1726596463&e=0"]},{"title":"INVESTUJTE V CENTRE BA, 3 izb. byt Židovská ulica","address":"Židovská, Bratislava I - Staré Mesto, okres Bratislava","rooms":3,"meters":null,"totalPrice":null,"meterSquarePrice":null,"link":"https://www.nehnutelnosti.sk/detail/Ju9JvbvERun/investujte-v-centre-ba-3-izb-byt-zidovska-ulica","imagesUrls":["https://img.nehnutelnosti.sk/foto/NjAweDMzOC9maWx0ZXJzOnF1YWxpdHkoMTAwKS9uZWg=/ZFetdATGwQ_fss?st=DHTYtxfQAfS_74k11B1lS-e9Nht8PrZcpJNPSa4V6PY&ts=1726571774&e=0"]},{"title":"Na predaj 3 izbový byt  - Turčianské Teplice","address":"Horné Rakovce, Turčianske Teplice, okres Turčianske Teplice","rooms":3,"meters":75,"totalPrice":null,"meterSquarePrice":null,"link":"https://www.nehnutelnosti.sk/detail/Juyw6zI4uyg/na-predaj-3-izbovy-byt-turcianske-teplice","imagesUrls":["https://img.unitedclassifieds.sk/foto/NjAweDMzOC9maWx0ZXJzOnF1YWxpdHkoMTAwKS9yc2Y=/hPGlIjkm2_fss?st=Sga_MnIXOEbQol2YSLidl76uSKs4rUc-KF1pPwZyWLk&ts=1723388576&e=0"]},{"title":"3izbový byt Ľadoveň (Bauring)","address":"Martin, okres Martin","rooms":3,"meters":69,"totalPrice":110000,"meterSquarePrice":0,"link":"https://www.nehnutelnosti.sk/detail/JumSIO0WGNG/3izbovy-byt-ladoven-bauring","imagesUrls":["https://img.unitedclassifieds.sk/foto/NjAweDMzOC9maWx0ZXJzOnF1YWxpdHkoMTAwKS9yc2Y=/kc0bF_3sA_fss?st=_vDg-IvJXF6pp8RFO6hIs_yybssAXfxZ7TaJSEODtiQ&ts=1715815199&e=0"]},{"title":"PREDAJ - 4- izbový veľkometrážny byt na Cementárenskej ulici","address":"Cementárenská, Stupava, okres Malacky","rooms":4,"meters":135,"totalPrice":359000,"meterSquarePrice":0,"link":"https://www.nehnutelnosti.sk/detail/JufPsACPm4J/predaj-4-izbovy-velkometrazny-byt-na-cementarenskej-ulici","imagesUrls":["https://img.nehnutelnosti.sk/foto/NjAweDMzOC9maWx0ZXJzOnF1YWxpdHkoMTAwKS9uZWg=/oVtqA3K82_fss?st=YQ7cJf7o2Tl5TJeIAB7WUcpGLgL2xE4tjanMRh9V4-M&ts=1726595501&e=0"]},{"title":"NOVÝ,  INVESTIČNÝ  2i. BYT  41,29 m2 S PARKOVANÍM, NOVOSTAVBA r.2022 / Bratislava I - STARÉ MESTO.","address":"Mlynská dolina, Bratislava I - Staré Mesto, okres Bratislava","rooms":2,"meters":41,"totalPrice":175000,"meterSquarePrice":1,"link":"https://www.nehnutelnosti.sk/detail/JuXSNJpeu0B/novy-investicny-2i-byt-41-29-m2-s-parkovanim-novostavba-r-2022-bratislava-i-stare-mesto","imagesUrls":["https://img.unitedclassifieds.sk/foto/NjAweDMzOC9maWx0ZXJzOnF1YWxpdHkoMTAwKS9qdWw=/3yVGHCPPH_fss?st=vOfpAshHnC4_70CMzs6N-p5W-JfJJTcDSxcfXhkBgCQ&ts=1706531613&e=0"]},{"title":"EXKLUZÍVNE na predaj 3 izbový by,t pôvodný stav, veľká terasa, Astrová ulica, BA-Ružinov","address":"Astrová, Bratislava II - Ružinov, okres Bratislava","rooms":3,"meters":88,"totalPrice":259000,"meterSquarePrice":8,"link":"https://www.nehnutelnosti.sk/detail/JuACGQAEyj9/exkluzivne-na-predaj-3-izbovy-by-t-povodny-stav-velka-terasa-astrova-ulica-ba-ruzinov","imagesUrls":["https://img.unitedclassifieds.sk/foto/NjAweDMzOC9maWx0ZXJzOnF1YWxpdHkoMTAwKS9qdWw=/ixeafbYc0_fss?st=HbEu-E-gUb5h7fS_am8QHm9J8wadAxQp1Q0VpNBrePQ&ts=1726593804&e=0"]},{"title":"Predaj 3 izbového bytu s loggiou v Centre Zvolena","address":"Bystrický rad, Zvolen, okres Zvolen","rooms":3,"meters":72,"totalPrice":159000,"meterSquarePrice":9,"link":"https://www.nehnutelnosti.sk/detail/JuqQk54IjTt/predaj-3-izboveho-bytu-s-loggiou-v-centre-zvolena","imagesUrls":["https://img.unitedclassifieds.sk/foto/NjAweDMzOC9maWx0ZXJzOnF1YWxpdHkoMTAwKS9qdWw=/0IZiNEC6x_fss?st=aK18Y7X2yR2gpZgJvR84Qpd09AeSWjRkUayMR9uNKQo&ts=1720031770&e=0"]},{"title":"REZERVOVANÝ Veľký 1 izbový byt PRIAME CENTRUM MESTA, 43 m2, BALKÓN, VÝŤAH","address":"Námestie Slobody, Zvolen, okres Zvolen","rooms":1,"meters":43,"totalPrice":105000,"meterSquarePrice":0,"link":"https://www.nehnutelnosti.sk/detail/JujgrWuhxlB/rezervovany-velky-1-izbovy-byt-priame-centrum-mesta-43-m2-balkon-vytah","imagesUrls":["https://img.unitedclassifieds.sk/foto/NjAweDMzOC9maWx0ZXJzOnF1YWxpdHkoMTAwKS9qdWw=/-FVZn-T1K_fss?st=39Arqsw-sIdS8ZuYxZ5lKjKACbY8vu7mtxI1X11_dFs&ts=1723311236&e=0"]},{"title":"Predaj 4i. byt s balkónom, komplet. rekonštrukcia, K.Adlera, Dúbravka","address":"Karola Adlera, Bratislava IV - Dúbravka, okres Bratislava","rooms":4,"meters":78,"totalPrice":249990,"meterSquarePrice":5,"link":"https://www.nehnutelnosti.sk/detail/Ju5D3cVVIzG/predaj-4i-byt-s-balkonom-komplet-rekonstrukcia-k-adlera-dubravka","imagesUrls":["https://img.nehnutelnosti.sk/foto/NjAweDMzOC9maWx0ZXJzOnF1YWxpdHkoMTAwKS9uZWg=/LgGyrhUis_fss?st=IgTahdbQsf3KvxqF6ni8UR5vGvs3sMycm_1s4wErekU&ts=1726593687&e=0"]},{"title":"EXKLUZÍVNE v ponuke 3 izbový byt 67,5 m2 + balkón, Raketová ul.","address":"Raketová, Košice IV - Nad jazerom, okres Košice","rooms":3,"meters":67,"totalPrice":197000,"meterSquarePrice":2,"link":"https://www.nehnutelnosti.sk/detail/JuvHfakzakw/exkluzivne-v-ponuke-3-izbovy-byt-67-5-m2-balkon-raketova-ul","imagesUrls":["https://img.nehnutelnosti.sk/foto/NjAweDMzOC9maWx0ZXJzOnF1YWxpdHkoMTAwKS9uZWg=/o95TbqeRh_fss?st=XW6zYiyPW2FWSbGvuAP4-hvP4qYwFFtm-dT4U-SFZQI&ts=1726593682&e=0"]},{"title":"Nádherný zariadený 3 izbový apartmánový byt v lokalite pod Dolným Smokovcom časť Horný Slavkov","address":"Vysoké Tatry, okres Poprad","rooms":3,"meters":61,"totalPrice":156000,"meterSquarePrice":8,"link":"https://www.nehnutelnosti.sk/detail/JuoMF-kNanK/nadherny-zariadeny-3-izbovy-apartmanovy-byt-v-lokalite-pod-dolnym-smokovcom-cast-horny-slavkov","imagesUrls":["https://img.unitedclassifieds.sk/foto/NjAweDMzOC9maWx0ZXJzOnF1YWxpdHkoMTAwKS9qdWw=/JhYQ3A5BzQ_fss?st=Oox0EJn3slEp3baj2vhDVBjausaha_dbJIRJKxPVuvw&ts=1720508508&e=0"]},{"title":"REZERVOVANÉ !!!  Veľký 4 izbový byt s dvoma balkónmi a pivnicou 117 m2 vo Vysokých Tatrách - Vyšné H","address":"Vyšné Hágy, okres Poprad","rooms":4,"meters":117,"totalPrice":249000,"meterSquarePrice":1,"link":"https://www.nehnutelnosti.sk/detail/JuSIH-mN8PQ/rezervovane-velky-4-izbovy-byt-s-dvoma-balkonmi-a-pivnicou-117-m2-vo-vysokych-tatrach-vysne-h","imagesUrls":["https://img.unitedclassifieds.sk/foto/NjAweDMzOC9maWx0ZXJzOnF1YWxpdHkoMTAwKS9qdWw=/pH8T5HHMB_fss?st=_ibr7Ht4tt8PbTjZ_DzYlFbb3pFnmnt_3wjkjujZdnQ&ts=1717545467&e=0"]},{"title":"REZERVOVANÉ !!!  Byt 3 izbový s loggiou kompletne zrekonštruovaný ul. Dostojevského, Poprad - TOP Lo","address":"Dostojevského, Poprad, okres Poprad","rooms":3,"meters":69,"totalPrice":159000,"meterSquarePrice":5,"link":"https://www.nehnutelnosti.sk/detail/JuV8fLTDfld/rezervovane-byt-3-izbovy-s-loggiou-kompletne-zrekonstruovany-ul-dostojevskeho-poprad-top-lo","imagesUrls":["https://img.unitedclassifieds.sk/foto/NjAweDMzOC9maWx0ZXJzOnF1YWxpdHkoMTAwKS9qdWw=/TmCPtwpUd_fss?st=ceRbkV_NPBQ73HrnAe_0QsKabi2WUAic39_m7yFR20w&ts=1721033378&e=0"]},{"title":"Byt 2 izbový vo Svite 51 m2 - čiastočná rekonštrukcia, tichá lokalita - ODPORÚČAME !!!","address":"Štúrova, Svit, okres Poprad","rooms":2,"meters":51,"totalPrice":103000,"meterSquarePrice":1,"link":"https://www.nehnutelnosti.sk/detail/JuDIK2I-mPM/byt-2-izbovy-vo-svite-51-m2-ciastocna-rekonstrukcia-ticha-lokalita-odporucame","imagesUrls":["https://img.unitedclassifieds.sk/foto/NjAweDMzOC9maWx0ZXJzOnF1YWxpdHkoMTAwKS9qdWw=/9Lnok-uC0_fss?st=8ZjFR1B9QzVBExW0BNGhouAxzDDGwDHu4IXvmW0Ryvg&ts=1722855447&e=0"]},{"title":"Apartmán s nádherným výhľadom na Slavkovský štít v Starom Smokovci TOP STAV, TOP LOKALITA - ODPORÚČA","address":"Vysoké Tatry, okres Poprad","rooms":null,"meters":41,"totalPrice":299000,"meterSquarePrice":8,"link":"https://www.nehnutelnosti.sk/detail/JuiJHMaqw_9/apartman-s-nadhernym-vyhladom-na-slavkovsky-stit-v-starom-smokovci-top-stav-top-lokalita-odporuca","imagesUrls":["https://img.unitedclassifieds.sk/foto/NjAweDMzOC9maWx0ZXJzOnF1YWxpdHkoMTAwKS9yc2Y=/lUjsb5C8y_fss?st=BxGPFbq8PvVeNbzXL_4budz9xCwmoYq18vlWkWLu8CY&ts=1666440009&e=0"]},{"title":"REZERVOVANÉ ! PREDAJ 1,5-IZB. BYT S PARKINGOM, MALACKY","address":"Továrenská, Malacky, okres Malacky","rooms":1,"meters":38,"totalPrice":88000,"meterSquarePrice":7,"link":"https://www.nehnutelnosti.sk/detail/JuOiCdY2UXA/rezervovane-predaj-1-5-izb-byt-s-parkingom-malacky","imagesUrls":["https://img.nehnutelnosti.sk/foto/NjAweDMzOC9maWx0ZXJzOnF1YWxpdHkoMTAwKS9uZWg=/0ovTHsvGp_fss?st=_VuC-zqV3zPDvuhcvgRILkDYOtGPkuNsvTwr7VdxfXM&ts=1726593665&e=0"]},{"title":"NA PREDAJ 1,5-izbový byt Bory na Hrádzi, Mateja Encingera, Bratislava.","address":"Mateja Encingera, Bratislava IV - Devínska Nová Ves, okres Bratislava","rooms":1,"meters":35,"totalPrice":165000,"meterSquarePrice":9,"link":"https://www.nehnutelnosti.sk/detail/Ju3B3Zx6vb_/na-predaj-1-5-izbovy-byt-bory-na-hradzi-mateja-encingera-bratislava","imagesUrls":["https://img.nehnutelnosti.sk/foto/NjAweDMzOC9maWx0ZXJzOnF1YWxpdHkoMTAwKS9uZWg=/Xx3mJv8dX_fss?st=mfLZASzE4o4nf9xkkT2LPirCVrtV4c6-xyI5z0KQmHE&ts=1726593660&e=0"]},{"title":"Na predaj kompletne zrekonštruovaný 3-izbový byt v Šali","address":"Šaľa, okres Šaľa","rooms":3,"meters":66,"totalPrice":129000,"meterSquarePrice":4,"link":"https://www.nehnutelnosti.sk/detail/JuytpiMWc37/na-predaj-kompletne-zrekonstruovany-3-izbovy-byt-v-sali","imagesUrls":["https://img.unitedclassifieds.sk/foto/NjAweDMzOC9maWx0ZXJzOnF1YWxpdHkoMTAwKS9qdWw=/gqXL-K6xS_fss?st=f0iWgsE6Qthndy-WwvQvzLP53CVG4ckqLiIMs5ax-EY&ts=1726047234&e=0"]},{"title":"PREDANÉ: moderná 3-izbová nehnuteľnosť; parking; loggia; Nový Ružinov - Bajkalská ul.","address":"Bajkalská, Bratislava II - Ružinov, okres Bratislava","rooms":3,"meters":63,"totalPrice":null,"meterSquarePrice":null,"link":"https://www.nehnutelnosti.sk/detail/Jumsb2oeG9A/predane-moderna-3-izbova-nehnutelnost-parking-loggia-novy-ruzinov-bajkalska-ul","imagesUrls":["https://img.nehnutelnosti.sk/foto/NjAweDMzOC9maWx0ZXJzOnF1YWxpdHkoMTAwKS9uZWg=/2Xyc7GAXbh_fss?st=7clfXIJpL1Q_bfv3jrXT89zjfjiJ8eyelo6zKuAXrTE&ts=1725453549&e=0"]},{"title":"BD RELAX; 4IZBOVÝ BYT; 4.NP; 109,73M2","address":"Letná, Stará Ľubovňa, okres Stará Ľubovňa","rooms":4,"meters":82,"totalPrice":null,"meterSquarePrice":null,"link":"https://www.nehnutelnosti.sk/detail/JuT7EJn9OQL/bd-relax-4izbovy-byt-4-np-109-73m2","imagesUrls":["https://img.nehnutelnosti.sk/foto/NjAweDMzOC9maWx0ZXJzOnF1YWxpdHkoMTAwKS9uZWg=/bckboHduN_fss?st=x0j-uh7Y3m9i6nWg2BgXDaS4X2t3vjvtkIo6mBE9aGQ&ts=1723748096&e=0"]},{"title":"Predaj 2 izbový byt Nové Zámky","address":"Nové Zámky, okres Nové Zámky","rooms":2,"meters":71,"totalPrice":108000,"meterSquarePrice":3,"link":"https://www.nehnutelnosti.sk/detail/JuNu_0aURkU/predaj-2-izbovy-byt-nove-zamky","imagesUrls":["https://img.nehnutelnosti.sk/foto/NjAweDMzOC9maWx0ZXJzOnF1YWxpdHkoMTAwKS9uZWg=/8gtuPONEm_fss?st=EOuWRM97_E97rPBIwACQQ8GDDeVb_RfJ6i4FVIR8S1A&ts=1725901409&e=0"]}]