[{"title":"BD – RELAX; 3 IZBOVÝ BYT; 1.NP; 77,10m2","address":"Letná, Stará Ľubovňa, okres Stará Ľubovňa","rooms":3,"meters":71,"totalPrice":null,"meterSquarePrice":null,"link":"https://www.nehnutelnosti.sk/detail/Ju1K0r4Rxt0/bd-relax-3-izbovy-byt-1-np-77-10m2","imagesUrls":["https://img.nehnutelnosti.sk/foto/NjAweDMzOC9maWx0ZXJzOnF1YWxpdHkoMTAwKS9uZWg=/wK59TEq2-V_fss?st=ecKvL8UjeHj1SHqHj4TcWl79q2CXwqc1ciqHtb0O7tg&ts=1723793942&e=0"]},{"title":"BD – RELAX; 2 IZBOVÝ BYT; 1.NP; 77,22m2;","address":"Letná, Stará Ľubovňa, okres Stará Ľubovňa","rooms":2,"meters":64,"totalPrice":null,"meterSquarePrice":null,"link":"https://www.nehnutelnosti.sk/detail/JuUJhIk4wQZ/bd-relax-2-izbovy-byt-1-np-77-22m2","imagesUrls":["https://img.nehnutelnosti.sk/foto/NjAweDMzOC9maWx0ZXJzOnF1YWxpdHkoMTAwKS9uZWg=/oN1q1tX3Hz_fss?st=NVoZryeK3k_pDNOrPvfgUjrpDHrzISEs_QJY_OuNgeI&ts=1723793939&e=0"]},{"title":"Na predaj 2-izbový byt na Medzilaboreckej - Ružinov","address":"Medzilaborecká, Bratislava II - Ružinov, okres Bratislava","rooms":2,"meters":56,"totalPrice":219000,"meterSquarePrice":1,"link":"https://www.nehnutelnosti.sk/detail/Ju1S5TadQ2N/na-predaj-2-izbovy-byt-na-medzilaboreckej-ruzinov","imagesUrls":["https://img.nehnutelnosti.sk/foto/NjAweDMzOC9maWx0ZXJzOnF1YWxpdHkoMTAwKS9uZWg=/HG0tcpvHv_fss?st=3I2aqCUBKcAFvJuhepNXlY6_ix3L0PXklwacNh3Vh4k&ts=1726670176&e=0"]},{"title":"Na predaj 4 izbový byt v projekte BYTY DUO II.","address":"Hapákova, Prešov, okres Prešov","rooms":4,"meters":96,"totalPrice":260190,"meterSquarePrice":5,"link":"https://www.nehnutelnosti.sk/detail/JuNTiFwm2Ui/na-predaj-4-izbovy-byt-v-projekte-byty-duo-ii","imagesUrls":["https://img.nehnutelnosti.sk/foto/NjAweDMzOC9maWx0ZXJzOnF1YWxpdHkoMTAwKS9uZWg=/JhdMk--Bq1_fss?st=b7FHlfL8Bj2Nafon8gVHHF_XZX4LFrb4o07aPMbnglk&ts=1709996931&e=0"]},{"title":"EXKLUZIVNE  4+1 BYT 81 m2 TOP LOKALITA OBRANCOV MIERU.","address":"Obrancov mieru, Púchov, okres Púchov","rooms":4,"meters":81,"totalPrice":null,"meterSquarePrice":null,"link":"https://www.nehnutelnosti.sk/detail/JuBiY7hUM90/exkluzivne-4-1-byt-81-m2-top-lokalita-obrancov-mieru","imagesUrls":["https://img.nehnutelnosti.sk/foto/NjAweDMzOC9maWx0ZXJzOnF1YWxpdHkoMTAwKS9uZWg=/Tk0XfXQeCj_fss?st=kfgf00CR3vEwdhVs0JBQhaOrShU-kazWTspmN2LkTDs&ts=1724793465&e=0"]},{"title":"ZMENA  ceny - šikovný 3i. byt + vlastný parking","address":"Železničiarska, Galanta, okres Galanta","rooms":3,"meters":75,"totalPrice":123000,"meterSquarePrice":0,"link":"https://www.nehnutelnosti.sk/detail/Juc3kFzUiI6/zmena-ceny-sikovny-3i-byt-vlastny-parking","imagesUrls":["https://img.nehnutelnosti.sk/foto/NjAweDMzOC9maWx0ZXJzOnF1YWxpdHkoMTAwKS9uZWg=/J0KofUC3p_fss?st=FkI5CxEmQpa0rR9ULymbOtQniWN9DWI4-DC22s6hWeE&ts=1725306818&e=0"]},{"title":"Predaj nadrozmerného 3i bytu s 2 strešnými terasami a nízkym nájomným","address":"Kazanská, Bratislava II - Podunajské Biskupice, okres Bratislava","rooms":3,"meters":162,"totalPrice":438000,"meterSquarePrice":5,"link":"https://www.nehnutelnosti.sk/detail/JuEQOaJYdvH/predaj-nadrozmerneho-3i-bytu-s-2-stresnymi-terasami-a-nizkym-najomnym","imagesUrls":["https://img.nehnutelnosti.sk/foto/NjAweDMzOC9maWx0ZXJzOnF1YWxpdHkoMTAwKS9uZWg=/V_roxIqzE_fss?st=bzclHPYj6uortHqh4XtYugXXB_fXvcfkdtiItMf1x7I&ts=1725571920&e=0"]},{"title":"BD – RELAX; 2 IZBOVÝ BYT; 1.NP; ZÁHRADKA; 68,3m2;","address":"Letná, Stará Ľubovňa, okres Stará Ľubovňa","rooms":2,"meters":51,"totalPrice":null,"meterSquarePrice":null,"link":"https://www.nehnutelnosti.sk/detail/Juz4DadI6Cz/bd-relax-2-izbovy-byt-1-np-zahradka-68-3m2","imagesUrls":["https://img.nehnutelnosti.sk/foto/NjAweDMzOC9maWx0ZXJzOnF1YWxpdHkoMTAwKS9uZWg=/xi5blo0pRK_fss?st=_F85Lri3vHlIJfmwGzbI4aHscUmu2ri4IDukgAuITQE&ts=1723747331&e=0"]},{"title":"1 izbový byt s krásnym výhľadom","address":"Štefana kralika, Bratislava IV - Devínska Nová Ves, okres Bratislava","rooms":1,"meters":34,"totalPrice":132000,"meterSquarePrice":7,"link":"https://www.nehnutelnosti.sk/detail/Ju9Wu0BtOiv/1-izbovy-byt-s-krasnym-vyhladom","imagesUrls":["https://img.nehnutelnosti.sk/foto/NjAweDMzOC9maWx0ZXJzOnF1YWxpdHkoMTAwKS9uZWg=/4ZwTrLcdk_fss?st=VcKanq7DXjgxFEtDLXL0_vKoQj4BtT9JtBY7Q6s4-1k&ts=1720875162&e=0"]},{"title":"Predaj 3-izboveho bytu Šaľa. 119.000€","address":"Mostová 1839/5, Šaľa, okres Šaľa","rooms":3,"meters":65,"totalPrice":119000,"meterSquarePrice":7,"link":"https://www.nehnutelnosti.sk/detail/JuF11dK4V2X/predaj-3-izboveho-bytu-sala-119-000","imagesUrls":["https://img.nehnutelnosti.sk/foto/NjAweDMzOC9maWx0ZXJzOnF1YWxpdHkoMTAwKS9uZWg=/8-e-BbG6-j_fss?st=nv45vEvHGg-bTUKMirLiMTx5aRCXs087Fs5-ezcGePo&ts=1712606780&e=0"]},{"title":"Ponúkame na predaj 3 izbový byt v pôvodnom stave v Novej Dubnici .","address":"Nová Dubnica, Nová Dubnica, okres Ilava","rooms":3,"meters":null,"totalPrice":null,"meterSquarePrice":null,"link":"https://www.nehnutelnosti.sk/detail/JuM6AxoHMe3/ponukame-na-predaj-3-izbovy-byt-v-povodnom-stave-v-novej-dubnici","imagesUrls":["https://img.nehnutelnosti.sk/foto/NjAweDMzOC9maWx0ZXJzOnF1YWxpdHkoMTAwKS9uZWg=/xFIXsQ_zU_fss?st=ePhLzYREdlPmhTyv4gRXknDz8qwLpi9N7R8r7N_sNDA&ts=1717781239&e=0"]},{"title":"BD RELAX; 3 IZBOVÝ BYT; 1.NP; ZÁHRADKA; 98,12m2;","address":"Letná, Stará Ľubovňa, okres Stará Ľubovňa","rooms":3,"meters":74,"totalPrice":null,"meterSquarePrice":null,"link":"https://www.nehnutelnosti.sk/detail/JuqQCiZJfiH/bd-relax-3-izbovy-byt-1-np-zahradka-98-12m2","imagesUrls":["https://img.nehnutelnosti.sk/foto/NjAweDMzOC9maWx0ZXJzOnF1YWxpdHkoMTAwKS9uZWg=/8ROfmbj5ev_fss?st=IiBzB4TH16EW61DR_85KQc9uHX85iOyYke3uwV8t9dU&ts=1723793942&e=0"]},{"title":"BD – RELAX; 2 IZBOVÝ BYT; 1.NP; 61,24m2;","address":"Letná, Stará Ľubovňa, okres Stará Ľubovňa","rooms":2,"meters":54,"totalPrice":null,"meterSquarePrice":null,"link":"https://www.nehnutelnosti.sk/detail/Ju5M5qfu9JL/bd-relax-2-izbovy-byt-1-np-61-24m2","imagesUrls":["https://img.nehnutelnosti.sk/foto/NjAweDMzOC9maWx0ZXJzOnF1YWxpdHkoMTAwKS9uZWg=/jarEtafGm_fss?st=SLj67mW3vqduh78IQNDTMGwC0lRN6aFgolxJgB1U03o&ts=1726359516&e=0"]},{"title":"Jedno spálňový apartmán na predaj Demänovská dolina","address":"Demänovská Dolina, okres Liptovský Mikuláš","rooms":null,"meters":50,"totalPrice":345000,"meterSquarePrice":0,"link":"https://www.nehnutelnosti.sk/detail/Ju8eqzu1nyC/jedno-spalnovy-apartman-na-predaj-demanovska-dolina","imagesUrls":["https://img.nehnutelnosti.sk/foto/NjAweDMzOC9maWx0ZXJzOnF1YWxpdHkoMTAwKS9uZWg=/QSR1wV0zJ_fss?st=2Q1sKJDSBAhQvPg_Zyjn2D1nvAwbQ2ST09TJ4EWEHTQ&ts=1686666522&e=0"]},{"title":"Exkluzívne na predaj 3 izbový byt - Banská Bystrica/Sásová 3B027ZL","address":"Magurská, Banská Bystrica, okres Banská Bystrica","rooms":3,"meters":63,"totalPrice":145000,"meterSquarePrice":0,"link":"https://www.nehnutelnosti.sk/detail/JulEpfeIazb/exkluzivne-na-predaj-3-izbovy-byt-banska-bystrica-sasova-3b027zl","imagesUrls":["https://img.nehnutelnosti.sk/foto/NjAweDMzOC9maWx0ZXJzOnF1YWxpdHkoMTAwKS9uZWg=/obW-AURwA_fss?st=umr4QshTqXZIc77ek5D1Lc74aYpMOHFIhd0lvkNi3T0&ts=1717789971&e=0"]},{"title":"Na Predaj 2i byt Bratislava Nové Mesto","address":"Bratislava, okres Bratislava","rooms":2,"meters":68,"totalPrice":220000,"meterSquarePrice":9,"link":"https://www.nehnutelnosti.sk/detail/Juijjzz3UOP/na-predaj-2i-byt-bratislava-nove-mesto","imagesUrls":["https://img.unitedclassifieds.sk/foto/NjAweDMzOC9maWx0ZXJzOnF1YWxpdHkoMTAwKS9qdWw=/C3MsbgxBD_fss?st=Jl_SQh5uENV_Zx6px5tCzdrENWtXalXlTvobkhZSpXM&ts=1725475314&e=0"]},{"title":"Ponúkame na predaj garsónku v Považskej Bystrici","address":"Považská Bystrica, Považská Bystrica, okres Považská Bystrica","rooms":null,"meters":null,"totalPrice":null,"meterSquarePrice":null,"link":"https://www.nehnutelnosti.sk/detail/Ju_Rao0AMmP/ponukame-na-predaj-garsonku-v-povazskej-bystrici","imagesUrls":["https://img.nehnutelnosti.sk/foto/NjAweDMzOC9maWx0ZXJzOnF1YWxpdHkoMTAwKS9uZWg=/A6p2DKCfj_fss?st=Zg-7krVRTat0P35zwEGu48QpNPG08h8v7QoOzUXSWmk&ts=1717773607&e=0"]},{"title":"Ponúkame na predaj 3 izbový byt vo vyhľadávanej lokalite v Považskej Bystrici .","address":"Považská Bystrica, Považská Bystrica, okres Považská Bystrica","rooms":3,"meters":null,"totalPrice":null,"meterSquarePrice":null,"link":"https://www.nehnutelnosti.sk/detail/JuKwkQnapy9/ponukame-na-predaj-3-izbovy-byt-vo-vyhladavanej-lokalite-v-povazskej-bystrici","imagesUrls":["https://img.nehnutelnosti.sk/foto/NjAweDMzOC9maWx0ZXJzOnF1YWxpdHkoMTAwKS9uZWg=/XQ-Im3xwR_fss?st=eDN306Lm4HvDoUZaZtj29X7RyvRiMzbDgzf_WSakFq4&ts=1717773153&e=0"]},{"title":"REZERVOVANÝ!  Na predaj kompletne zrekonštruovaný 1 izbový byt vo výhľadávanej lokalite Bratislava -","address":"Teplická, Bratislava III - Nové Mesto, okres Bratislava","rooms":1,"meters":41,"totalPrice":155900,"meterSquarePrice":2,"link":"https://www.nehnutelnosti.sk/detail/Juiy-WfVESt3/rezervovany-na-predaj-kompletne-zrekonstruovany-1-izbovy-byt-vo-vyhladavanej-lokalite-bratislava","imagesUrls":["https://img.nehnutelnosti.sk/foto/NjAweDMzOC9maWx0ZXJzOnF1YWxpdHkoMTAwKS9uZWg=/RlKZI9b4He_fss?st=f-MR0Ma3p-DDzg6jr2WGeG5Ysey04qjdUPSMVifDvuk&ts=1725560932&e=0"]},{"title":"2-izbový byt-Komenského","address":"Komenského, Snina, okres Snina","rooms":2,"meters":48,"totalPrice":null,"meterSquarePrice":null,"link":"https://www.nehnutelnosti.sk/detail/JuErm8-AHjy/2-izbovy-byt-komenskeho","imagesUrls":["https://img.nehnutelnosti.sk/foto/NjAweDMzOC9maWx0ZXJzOnF1YWxpdHkoMTAwKS9uZWg=/kwHx9K_Zz_fss?st=ckvw9D4uA7t17W8OCjlgZBiQPVNsieabhvwE0pyjFx4&ts=1725559691&e=0"]},{"title":"3-izbový byt na Kramároch s výhľadom na Bratislavu","address":"Višňová, Bratislava III - Nové Mesto, okres Bratislava","rooms":3,"meters":63,"totalPrice":215000,"meterSquarePrice":0,"link":"https://www.nehnutelnosti.sk/detail/JumziwG7O1n/3-izbovy-byt-na-kramaroch-s-vyhladom-na-bratislavu","imagesUrls":["https://img.nehnutelnosti.sk/foto/NjAweDMzOC9maWx0ZXJzOnF1YWxpdHkoMTAwKS9uZWg=/t6GY1hfh4_fss?st=ze2v67rBb5dPEZ1duzOYCbrA9UEjuyp_7t3YGxxnxXY&ts=1724062985&e=0"]},{"title":"Novostavba RNDZ - byt s balkónom - 43.77m2","address":"Sklabinská, Bratislava III - Rača, okres Bratislava","rooms":1,"meters":44,"totalPrice":139900,"meterSquarePrice":5,"link":"https://www.nehnutelnosti.sk/detail/JuFX6DE_BZI/novostavba-rndz-byt-s-balkonom-43-77m2","imagesUrls":["https://img.unitedclassifieds.sk/foto/NjAweDMzOC9maWx0ZXJzOnF1YWxpdHkoMTAwKS9qdWw=/gNWYd2Pyw_fss?st=1PhGHEvya_OiR_aVWQaXgox6udEDYw6oOcDLvjfpqWI&ts=1706713213&e=0"]},{"title":"Znížená cena! 4 izbový byt na predaj v Komárne","address":"Košická, Komárno, okres Komárno","rooms":4,"meters":80,"totalPrice":88000,"meterSquarePrice":0,"link":"https://www.nehnutelnosti.sk/detail/Ju6alqheSgm/znizena-cena-4-izbovy-byt-na-predaj-v-komarne","imagesUrls":["https://img.nehnutelnosti.sk/foto/NjAweDMzOC9maWx0ZXJzOnF1YWxpdHkoMTAwKS9uZWg=/gbORFan31_fss?st=Ns7OQV7_3KBKX1gty4pHRrvXWgXyRe1kqdbE2sB1MrI&ts=1725557728&e=0"]},{"title":"Priestranný 3i byt na Soblahovskej v novostavbe","address":"Bezručova, Trenčín, okres Trenčín","rooms":3,"meters":91,"totalPrice":215000,"meterSquarePrice":4,"link":"https://www.nehnutelnosti.sk/detail/Ju0OVhdWRSV/priestranny-3i-byt-na-soblahovskej-v-novostavbe","imagesUrls":["https://img.nehnutelnosti.sk/foto/NjAweDMzOC9maWx0ZXJzOnF1YWxpdHkoMTAwKS9uZWg=/tPNyXF9LA_fss?st=uC-fVbNWfu1ZGjw0X6i584F6gP5NnRjtznxQMaeprE4&ts=1705572853&e=0"]},{"title":"Exkluzívne! Predám 3 izbový byt s 2 balkónmi v Nových Zámkoch","address":"Nové Zámky, Nové Zámky, okres Nové Zámky","rooms":3,"meters":69,"totalPrice":95000,"meterSquarePrice":1,"link":"https://www.nehnutelnosti.sk/detail/Ju_SBy91niN/exkluzivne-predam-3-izbovy-byt-s-2-balkonmi-v-novych-zamkoch","imagesUrls":["https://img.nehnutelnosti.sk/foto/NjAweDMzOC9maWx0ZXJzOnF1YWxpdHkoMTAwKS9uZWg=/HxcbAOO-y_fss?st=ZBRWysuGFZtG3RBEr-f1BnjF-Ay_yzqetLNXhf7NO7w&ts=1727023210&e=0"]},{"title":"Predaj 3 izbový byt-CENTRUM","address":"Nitra, okres Nitra","rooms":3,"meters":65,"totalPrice":144900,"meterSquarePrice":3,"link":"https://www.nehnutelnosti.sk/detail/JuwUaKJw49d/predaj-3-izbovy-byt-centrum","imagesUrls":["https://img.nehnutelnosti.sk/foto/NjAweDMzOC9maWx0ZXJzOnF1YWxpdHkoMTAwKS9uZWg=/fh6TUY62B_fss?st=8XkjYJdcNSQLKcjViE9bOt2LMyM7fgOeMy1Dr79NlrU&ts=1717759181&e=0"]},{"title":"Ponúkame na predaj útulný 1 izbový byt v novostavbe v Trenčíne","address":"Trenčín, Trenčín, okres Trenčín","rooms":1,"meters":null,"totalPrice":null,"meterSquarePrice":null,"link":"https://www.nehnutelnosti.sk/detail/JudznXSBbxK/ponukame-na-predaj-utulny-1-izbovy-byt-v-novostavbe-v-trencine","imagesUrls":["https://img.nehnutelnosti.sk/foto/NjAweDMzOC9maWx0ZXJzOnF1YWxpdHkoMTAwKS9uZWg=/jwi7Crymsv_fss?st=H1e6Jpa5Pbc-O--vqyIifu7pJjv-N-1Uft2FUH_6gqI&ts=1717777071&e=0"]},{"title":"Na predaj 1 izbový byt vo Zvolene na Zlatom Potoku","address":"Zvolen, okres Zvolen","rooms":1,"meters":37,"totalPrice":73000,"meterSquarePrice":7,"link":"https://www.nehnutelnosti.sk/detail/Ju0bHSz9NkX/na-predaj-1-izbovy-byt-vo-zvolene-na-zlatom-potoku","imagesUrls":["https://img.nehnutelnosti.sk/foto/NjAweDMzOC9maWx0ZXJzOnF1YWxpdHkoMTAwKS9uZWg=/rn8yLfdtdW_fss?st=Dpp_QRjsqk08xaS37t1gKFl2e1fMKapmnR8aO7Q2Yx8&ts=1722162688&e=0"]},{"title":"Pekný 4-izb. byt v top lokalite Karlovej Vsi, v 9-poschodovom dome na ideálnom poschodí s krásnym vý","address":"Gabčíkova, Bratislava IV - Karlova Ves, okres Bratislava","rooms":4,"meters":88,"totalPrice":245000,"meterSquarePrice":9,"link":"https://www.nehnutelnosti.sk/detail/JumOtEzxixZ/pekny-4-izb-byt-v-top-lokalite-karlovej-vsi-v-9-poschodovom-dome-na-idealnom-poschodi-s-krasnym-vy","imagesUrls":["https://img.nehnutelnosti.sk/foto/NjAweDMzOC9maWx0ZXJzOnF1YWxpdHkoMTAwKS9uZWg=/OkrdpMXves_fss?st=0JMhtMZhHqzpy8oCsiS6PMIEwatOEJR3R_Uc1Xc6kZA&ts=1724352410&e=0"]},{"title":"+++ NA PREDAJ 1 IZBOVÝBYT 32m2 V NOVOSTAVBE MIKO V TRNAVE ZA 99.000,-+++","address":"Mikovíniho, Trnava, okres Trnava","rooms":1,"meters":32,"totalPrice":99000,"meterSquarePrice":1,"link":"https://www.nehnutelnosti.sk/detail/JuFttUa1FpA/na-predaj-1-izbovybyt-32m2-v-novostavbe-miko-v-trnave-za-99-000","imagesUrls":["https://img.nehnutelnosti.sk/foto/NjAweDMzOC9maWx0ZXJzOnF1YWxpdHkoMTAwKS9uZWg=/DT556UzFm_fss?st=X7zSd-hwDUoUkmQVRKKcTGi71jKy-1JEaqTD5NJfkMo&ts=1725555172&e=0"]}]