[{"title":"Na predaj 3 izbový byt, Dunajská Streda, Smetanov háj","address":"Smetanov háj, Dunajská Streda, okres Dunajská Streda","rooms":3,"meters":74,"totalPrice":103990,"meterSquarePrice":7,"link":"https://www.nehnutelnosti.sk/detail/JuyKhaki2dh/na-predaj-3-izbovy-byt-dunajska-streda-smetanov-haj","imagesUrls":["https://img.nehnutelnosti.sk/foto/NjAweDMzOC9maWx0ZXJzOnF1YWxpdHkoMTAwKS9uZWg=/nF77IYmmRz_fss?st=5714syQw2486fxNcE74zg5ZtkbqQ2tnLko-rZhsF9sI&ts=1717592746&e=0"]},{"title":"PREDAJ, 3 - izbový byt Gazdovský rad, Šamorín","address":"Gazdovský rad, Šamorín, okres Dunajská Streda","rooms":3,"meters":66,"totalPrice":139000,"meterSquarePrice":6,"link":"https://www.nehnutelnosti.sk/detail/JuhdZfN5N1R/predaj-3-izbovy-byt-gazdovsky-rad-samorin","imagesUrls":["https://img.nehnutelnosti.sk/foto/NjAweDMzOC9maWx0ZXJzOnF1YWxpdHkoMTAwKS9uZWg=/vmCp9C3S7J_fss?st=aqXoAo7e0rmrxERK6dD469iebRzWrU97New9eH0oU5A&ts=1725522662&e=0"]},{"title":"Útulný 1 izbový byt len pár km od Banskej Bystrice","address":"Nevyplnená, Slovenská Ľupča, okres Banská Bystrica","rooms":1,"meters":30,"totalPrice":66000,"meterSquarePrice":0,"link":"https://www.nehnutelnosti.sk/detail/JunztaZNF9e/utulny-1-izbovy-byt-len-par-km-od-banskej-bystrice","imagesUrls":["https://img.nehnutelnosti.sk/foto/NjAweDMzOC9maWx0ZXJzOnF1YWxpdHkoMTAwKS9uZWg=/YfhqioDRY_fss?st=TvAXK8HuLpa0s7RCSTloshyx_d9jnoc6ztawFZAW8aQ&ts=1717665521&e=0"]},{"title":"2-izbový byt s balkónom na predaj  Rúbanisko I v Lučeneci","address":"Rúbanisko, Lučenec, okres Lučenec","rooms":2,"meters":55,"totalPrice":null,"meterSquarePrice":null,"link":"https://www.nehnutelnosti.sk/detail/Ju92NY9bcGW/2-izbovy-byt-s-balkonom-na-predaj-rubanisko-i-v-luceneci","imagesUrls":["https://img.nehnutelnosti.sk/foto/NjAweDMzOC9maWx0ZXJzOnF1YWxpdHkoMTAwKS9uZWg=/EVb6MjpmWx_fss?st=4Pf2CLD4zT27P8wkp-SowNpMbJWZLrpPmfNgmJMHrLo&ts=1725545116&e=0"]},{"title":"REZERVOVANÉ !!! 1 izbový byt v pôvodnom stave na predaj RS ul. Hostinského","address":"Nevyplnená, Rimavská Sobota, okres Rimavská Sobota","rooms":1,"meters":37,"totalPrice":38000,"meterSquarePrice":3,"link":"https://www.nehnutelnosti.sk/detail/JuBYfbJ0vgE/rezervovane-1-izbovy-byt-v-povodnom-stave-na-predaj-rs-ul-hostinskeho","imagesUrls":["https://img.nehnutelnosti.sk/foto/NjAweDMzOC9maWx0ZXJzOnF1YWxpdHkoMTAwKS9uZWg=/fxUQwIOqG_fss?st=KSaTTKI4Qm23G2ntk-3zDyTZFQaGvGu6AmkzVcjYtxo&ts=1717574338&e=0"]},{"title":"Unikátne apartmány na Táloch","address":"Nevyplnená, Mýto pod Ďumbierom, okres Brezno","rooms":1,"meters":37,"totalPrice":162000,"meterSquarePrice":8,"link":"https://www.nehnutelnosti.sk/detail/Ju5r6j_hPtT/unikatne-apartmany-na-taloch","imagesUrls":["https://img.nehnutelnosti.sk/foto/NjAweDMzOC9maWx0ZXJzOnF1YWxpdHkoMTAwKS9uZWg=/0f15q8_O_2_fss?st=WCE2Lrqqru0PuG3khlmnzkZCXO8F7OK25tCdjBy3YG4&ts=1723375263&e=0"]},{"title":"Unikátne apartmány na Táloch","address":"Nevyplnená, Mýto pod Ďumbierom, okres Brezno","rooms":2,"meters":88,"totalPrice":239700,"meterSquarePrice":6,"link":"https://www.nehnutelnosti.sk/detail/JuL-oi7h025/unikatne-apartmany-na-taloch","imagesUrls":["https://img.nehnutelnosti.sk/foto/NjAweDMzOC9maWx0ZXJzOnF1YWxpdHkoMTAwKS9uZWg=/ulvJ4GvVmx_fss?st=Its5ge_mS7kt5EaDshpwbSD6U6vn-txYewuMk2J2qpI&ts=1723375262&e=0"]},{"title":"REZERVOVANÉ   Predaj 3-izb. byt po rekonštrukcii Ružinov, Bratislava","address":"Jašíkova, Bratislava II - Ružinov, okres Bratislava","rooms":3,"meters":61,"totalPrice":195000,"meterSquarePrice":2,"link":"https://www.nehnutelnosti.sk/detail/JuffYkxONxx/rezervovane-predaj-3-izb-byt-po-rekonstrukcii-ruzinov-bratislava","imagesUrls":["https://img.nehnutelnosti.sk/foto/NjAweDMzOC9maWx0ZXJzOnF1YWxpdHkoMTAwKS9uZWg=/5n-J7yV9l_fss?st=hDLB71de1TuYU9MxbjE5DbpO8ox_kfe5zN3soUn4cQE&ts=1718015704&e=0"]},{"title":"SKOLAUDOVANÉ 4 i apartmán A9 s veľkorysými terasami a dvomi kúpeľňami, Bratislava I – Staré Mesto","address":"K Železnej studienke, Bratislava I - Staré Mesto, okres Bratislava","rooms":4,"meters":333,"totalPrice":60,"meterSquarePrice":9,"link":"https://www.nehnutelnosti.sk/detail/JusyUpdj6Ho/skolaudovane-4-i-apartman-a9-s-velkorysymi-terasami-a-dvomi-kupelnami-bratislava-i-stare-mesto","imagesUrls":["https://img.nehnutelnosti.sk/foto/NjAweDMzOC9maWx0ZXJzOnF1YWxpdHkoMTAwKS9uZWg=/OVgw5Ywek_fss?st=jc9dGAdDIKgJ_Qy5GXEto9zkugKyWVMIfSwHQ-MjpUo&ts=1717574333&e=0"]},{"title":"PREDAJ: 3IZBOVÝ BYT, ŠAMORÍN - HLAVNÁ ULICA - CENTRUM","address":"Hlavná, Šamorín, okres Dunajská Streda","rooms":3,"meters":72,"totalPrice":123000,"meterSquarePrice":3,"link":"https://www.nehnutelnosti.sk/detail/JuYaWgckX55M/predaj-3izbovy-byt-samorin-hlavna-ulica-centrum","imagesUrls":["https://img.nehnutelnosti.sk/foto/NjAweDMzOC9maWx0ZXJzOnF1YWxpdHkoMTAwKS9uZWg=/aEjQ5B0-xL_fss?st=j84yoq5hNwiZ7z6gM6mSUEetzCxErA7qHT0P3h-efEE&ts=1718549194&e=0"]},{"title":"Na predaj 2-izbový byt s predzáhradkou v Penati Golf Šajdíkové Humence","address":"Nevyplnená, Šajdíkove Humence, okres Senica","rooms":2,"meters":60,"totalPrice":187000,"meterSquarePrice":7,"link":"https://www.nehnutelnosti.sk/detail/JuwDtHX7M7F/na-predaj-2-izbovy-byt-s-predzahradkou-v-penati-golf-sajdikove-humence","imagesUrls":["https://img.nehnutelnosti.sk/foto/NjAweDMzOC9maWx0ZXJzOnF1YWxpdHkoMTAwKS9uZWg=/kAbTPveTZ_fss?st=9FViEgj5-cwMOVqKalrxwuyMHtzCpfJ_ha1VfPoyMfQ&ts=1724067471&e=0"]},{"title":"PREDAJ, 2-izbový tehlový byt, ul. Štúrova, Svit","address":"Štúrova, Svit, okres Poprad","rooms":2,"meters":51,"totalPrice":99900,"meterSquarePrice":2,"link":"https://www.nehnutelnosti.sk/detail/JuBVSAeRi0c/predaj-2-izbovy-tehlovy-byt-ul-sturova-svit","imagesUrls":["https://img.nehnutelnosti.sk/foto/NjAweDMzOC9maWx0ZXJzOnF1YWxpdHkoMTAwKS9uZWg=/UwCL1XWE1_fss?st=bzTdL80uahvj0L75vIReWOj_OWR9Tt4dJLptkLq8eqw&ts=1725885666&e=0"]},{"title":"Hľadám garsónku na kúpu v Ružinove v pôvodnom stave","address":"Bratislava II - Ružinov, okres Bratislava","rooms":null,"meters":30,"totalPrice":100000,"meterSquarePrice":3,"link":"https://www.nehnutelnosti.sk/detail/JuciQxIV17_/hladam-garsonku-na-kupu-v-ruzinove-v-povodnom-stave","imagesUrls":["https://img.nehnutelnosti.sk/foto/NjAweDMzOC9maWx0ZXJzOnF1YWxpdHkoMTAwKS9uZWg=/RfHm-7NmM_fss?st=tuJjw1_SQKOhTyiLU5XokG5lDF-snLEOVi94yNSlT9o&ts=1717574328&e=0"]},{"title":"Predám - 3 izbový byt, Topoľčany, balkón, Kuzmányho","address":"Kuzmányho, Topoľčany, okres Topoľčany","rooms":3,"meters":62,"totalPrice":88000,"meterSquarePrice":5,"link":"https://www.nehnutelnosti.sk/detail/JuRVu1gqFLL/predam-3-izbovy-byt-topolcany-balkon-kuzmanyho","imagesUrls":["https://img.nehnutelnosti.sk/foto/NjAweDMzOC9maWx0ZXJzOnF1YWxpdHkoMTAwKS9uZWg=/8eTbjLflh_fss?st=h25QidhbV53P3cDCtTvgf1eGkklpFd77htxtxBVY00I&ts=1717592254&e=0"]},{"title":"REZERVOVANÉ: Slnečný 1-izbový byt s novým veľkým balkónom v obci Valaská","address":"Nevyplnená, Valaská, okres Brezno","rooms":1,"meters":50,"totalPrice":null,"meterSquarePrice":null,"link":"https://www.nehnutelnosti.sk/detail/JuoJL7siD_C/rezervovane-slnecny-1-izbovy-byt-s-novym-velkym-balkonom-v-obci-valaska","imagesUrls":["https://img.nehnutelnosti.sk/foto/NjAweDMzOC9maWx0ZXJzOnF1YWxpdHkoMTAwKS9uZWg=/wYWBc0akvC_fss?st=vtPnyFdGNOog_N8NXsXRLs5i_7ddEiCLOaEMXjhq-WI&ts=1717592123&e=0"]},{"title":"Hľadám pre klienta 3-izbový byt","address":"Nevyplnená, Bratislava III - Rača, okres Bratislava","rooms":3,"meters":70,"totalPrice":null,"meterSquarePrice":null,"link":"https://www.nehnutelnosti.sk/detail/JufsBvY94sd/hladam-pre-klienta-3-izbovy-byt","imagesUrls":["https://img.nehnutelnosti.sk/foto/NjAweDMzOC9maWx0ZXJzOnF1YWxpdHkoMTAwKS9uZWg=/PhfSqUMkw_fss?st=j2BI9NvvYlpZygVaH5EHb8nx74GsB3UZfJmMVg9VNn8&ts=1717592125&e=0"]},{"title":"2x2-izbový byt na predaj, Farská ulica, Nitra","address":"Farská, Nitra, okres Nitra","rooms":4,"meters":99,"totalPrice":259000,"meterSquarePrice":6,"link":"https://www.nehnutelnosti.sk/detail/Ju7d2Q4r_ov/2x2-izbovy-byt-na-predaj-farska-ulica-nitra","imagesUrls":["https://img.nehnutelnosti.sk/foto/NjAweDMzOC9maWx0ZXJzOnF1YWxpdHkoMTAwKS9uZWg=/b9X3TPBbLh_fss?st=xIcQW6vdbENC24iammo-4xqm3r3WLG5WJrbVKwychaI&ts=1725888178&e=0"]},{"title":"ZNÍŽENÁ CENA!! 4 izbový byt až  97 m2  v centre Rimavskej Soboty","address":"Malohontská, Rimavská Sobota, okres Rimavská Sobota","rooms":4,"meters":97,"totalPrice":89990,"meterSquarePrice":3,"link":"https://www.nehnutelnosti.sk/detail/JuRTv0hmbSk/znizena-cena-4-izbovy-byt-az-97-m2-v-centre-rimavskej-soboty","imagesUrls":["https://img.nehnutelnosti.sk/foto/NjAweDMzOC9maWx0ZXJzOnF1YWxpdHkoMTAwKS9uZWg=/J1gNOl6ZF_fss?st=-Qv8Dpu1jt1evzwQgUCwO0zIWHiLZhIvvCilq1g-9C4&ts=1725545080&e=0"]},{"title":"na predaj 1-izbový byt 38 m2 Dubnica nad Váhom","address":"Nevyplnená, Dubnica nad Váhom, okres Ilava","rooms":1,"meters":38,"totalPrice":78900,"meterSquarePrice":2,"link":"https://www.nehnutelnosti.sk/detail/Juy8RCKuy-u/na-predaj-1-izbovy-byt-38-m2-dubnica-nad-vahom","imagesUrls":["https://img.nehnutelnosti.sk/foto/NjAweDMzOC9maWx0ZXJzOnF1YWxpdHkoMTAwKS9uZWg=/Qh8F3j2Bt_fss?st=yPkmrKaHuHZHAFvwaU4tJpNURqdp9b1qP0m1wKjIZqE&ts=1717592046&e=0"]},{"title":"Na predaj Apartmánový dom - novostavba z roku 2022","address":"Nevyplnená, Bratislava I - Staré Mesto, okres Bratislava","rooms":2,"meters":245,"totalPrice":2350000,"meterSquarePrice":4,"link":"https://www.nehnutelnosti.sk/detail/Ju5iLVREl5V/na-predaj-apartmanovy-dom-novostavba-z-roku-2022","imagesUrls":["https://img.nehnutelnosti.sk/foto/NjAweDMzOC9maWx0ZXJzOnF1YWxpdHkoMTAwKS9uZWg=/g9q1SPj7q_fss?st=c7EHMrPoRMRU9XdZh2iXv4aoM52WwOL_GPFC9o8U7xY&ts=1723602901&e=0"]},{"title":"Predaj 2 izbového bytu  Nitra -Kynek  EXKLUZÍVNE","address":"Trnavská, Nitra, okres Nitra","rooms":2,"meters":55,"totalPrice":167872,"meterSquarePrice":2,"link":"https://www.nehnutelnosti.sk/detail/Jua-zbkRbfT/predaj-2-izboveho-bytu-nitra-kynek-exkluzivne","imagesUrls":["https://img.nehnutelnosti.sk/foto/NjAweDMzOC9maWx0ZXJzOnF1YWxpdHkoMTAwKS9uZWg=/0gqWYbtevZ_fss?st=iWea1bnsBMKj2OR-bmgpZIJX63--KQwOcnXeXC7Lp4Q&ts=1717591962&e=0"]},{"title":"Na predaj 1 izbový byt Topoľčany","address":"P.O. Hviezdoslava, Topoľčany, okres Topoľčany","rooms":1,"meters":36,"totalPrice":75000,"meterSquarePrice":3,"link":"https://www.nehnutelnosti.sk/detail/JufceK3dsWI/na-predaj-1-izbovy-byt-topolcany","imagesUrls":["https://img.nehnutelnosti.sk/foto/NjAweDMzOC9maWx0ZXJzOnF1YWxpdHkoMTAwKS9uZWg=/TM8ku-Nly9_fss?st=SXaYPaUmYU0f9m9ojmrYFQmvqTIz9Ulnu7AFewwsJX8&ts=1717591977&e=0"]},{"title":"Predaj 4 izbového bytu NOVOSTAVBA Nitra -Kynek EXKLUZÍVNE","address":"Trnavská, Nitra, okres Nitra","rooms":4,"meters":95,"totalPrice":238342,"meterSquarePrice":6,"link":"https://www.nehnutelnosti.sk/detail/JuLGP6tSQ8i/predaj-4-izboveho-bytu-novostavba-nitra-kynek-exkluzivne","imagesUrls":["https://img.nehnutelnosti.sk/foto/NjAweDMzOC9maWx0ZXJzOnF1YWxpdHkoMTAwKS9uZWg=/9ZIeKUFnVV_fss?st=_wtkHLyj4_TXwDIgigZdYVGH8lwSIZI9WjqRuGnAqo4&ts=1717591960&e=0"]},{"title":"Predaj 2 izbového bytu  Nitra -Kynek  EXKLUZÍVNE","address":"Trnavská, Nitra, okres Nitra","rooms":2,"meters":63,"totalPrice":190454,"meterSquarePrice":8,"link":"https://www.nehnutelnosti.sk/detail/JuXM7CIVR4y/predaj-2-izboveho-bytu-nitra-kynek-exkluzivne","imagesUrls":["https://img.nehnutelnosti.sk/foto/NjAweDMzOC9maWx0ZXJzOnF1YWxpdHkoMTAwKS9uZWg=/7ODMabk-3_fss?st=1ITzCQglf5DaKzdq1w8xwzZ-gVSJj380gSpIpyVVHJo&ts=1717591912&e=0"]},{"title":"PREDAJ priestranný 2 izbový byt v srdci Ružinova","address":"Mesačná, Bratislava II - Ružinov, okres Bratislava","rooms":2,"meters":43,"totalPrice":198000,"meterSquarePrice":5,"link":"https://www.nehnutelnosti.sk/detail/Ju7-U9oSdYG/predaj-priestranny-2-izbovy-byt-v-srdci-ruzinova","imagesUrls":["https://img.nehnutelnosti.sk/foto/NjAweDMzOC9maWx0ZXJzOnF1YWxpdHkoMTAwKS9uZWg=/jNSshs4Oy_fss?st=M8NSA9BNLfQ-bVl-388DZnQv2GiCBcV1dNVDNFYFImM&ts=1717627419&e=0"]},{"title":"Predaj: 3 izbový byt, Dunajská Streda, Poľná cesta, 89,65 m2, kolaudácia 2024","address":"Poľná, Dunajská Streda, okres Dunajská Streda","rooms":3,"meters":90,"totalPrice":165400,"meterSquarePrice":8,"link":"https://www.nehnutelnosti.sk/detail/JudxiJHw5KE/predaj-3-izbovy-byt-dunajska-streda-polna-cesta-89-65-m2-kolaudacia-2024","imagesUrls":["https://img.nehnutelnosti.sk/foto/NjAweDMzOC9maWx0ZXJzOnF1YWxpdHkoMTAwKS9uZWg=/M1hCw4H91_fss?st=o3JExKCHu88Qt83WnuTRtxRBwM9pVVJePBQA5KwslNc&ts=1721704803&e=0"]},{"title":"Predaj 3 izbového bytu  Nitra - Kynek EXKLUZÍVNE","address":"Trnavská, Nitra, okres Nitra","rooms":3,"meters":94,"totalPrice":263403,"meterSquarePrice":6,"link":"https://www.nehnutelnosti.sk/detail/JuEtB4cVrqf/predaj-3-izboveho-bytu-nitra-kynek-exkluzivne","imagesUrls":["https://img.nehnutelnosti.sk/foto/NjAweDMzOC9maWx0ZXJzOnF1YWxpdHkoMTAwKS9uZWg=/MHjY7l0dh_fss?st=VKNNzMJjI1GPaqn_ai-1mwKmRwjrfvSrgeUwOY2xcFg&ts=1717591955&e=0"]},{"title":"Predaj 2 izbového bytu s predzáhradkou Nitra - Kynek  EXKLUZÍVNE","address":"Trnavská, Nitra, okres Nitra","rooms":2,"meters":72,"totalPrice":156748,"meterSquarePrice":6,"link":"https://www.nehnutelnosti.sk/detail/Juc5y5oymGn/predaj-2-izboveho-bytu-s-predzahradkou-nitra-kynek-exkluzivne","imagesUrls":["https://img.nehnutelnosti.sk/foto/NjAweDMzOC9maWx0ZXJzOnF1YWxpdHkoMTAwKS9uZWg=/tFhUfHre5_fss?st=L8UnemvDG9Zh4fDilJK7b5LUSSZuYv1JVfXBLsWkOYc&ts=1717591957&e=0"]},{"title":"Predaj 2 izbového bytu  Nitra- Kynek  EXKLUZÍVNE","address":"Trnavská, Nitra, okres Nitra","rooms":2,"meters":43,"totalPrice":128680,"meterSquarePrice":6,"link":"https://www.nehnutelnosti.sk/detail/JuSRV6pbUq3/predaj-2-izboveho-bytu-nitra-kynek-exkluzivne","imagesUrls":["https://img.nehnutelnosti.sk/foto/NjAweDMzOC9maWx0ZXJzOnF1YWxpdHkoMTAwKS9uZWg=/qfz_fsgDT_fss?st=2v-vhwZCvsxYIEWa4WLsBMytx3fKUe3A3Fadm-oWvl0&ts=1717591899&e=0"]},{"title":"predaj garzonky 25 m2 novostavba Dolný Kubín","address":"Hviezdoslavovo nám., Dolný Kubín, okres Dolný Kubín","rooms":null,"meters":25,"totalPrice":82500,"meterSquarePrice":0,"link":"https://www.nehnutelnosti.sk/detail/JufBq-tID8N/predaj-garzonky-25-m2-novostavba-dolny-kubin","imagesUrls":["https://img.nehnutelnosti.sk/foto/NjAweDMzOC9maWx0ZXJzOnF1YWxpdHkoMTAwKS9uZWg=/1ZT_Q2ZoI_fss?st=SlYg-Bn6cVtv68BK53F7yteih_wz-TYWJWhGBqrRMio&ts=1724805463&e=0"]}]