[{"title":"D1_Predaj 3izb holobytu 80m2 MEZONET (1NP+2NP)_1xP_Pozemok","address":"Fučíkova, Sládkovičovo, okres Galanta","rooms":3,"meters":80,"totalPrice":172670,"meterSquarePrice":8,"link":"https://www.nehnutelnosti.sk/detail/JuJvwwJYeDl/d1-predaj-3izb-holobytu-80m2-mezonet-1np-2np-1xp-pozemok","imagesUrls":["https://img.nehnutelnosti.sk/foto/NjAweDMzOC9maWx0ZXJzOnF1YWxpdHkoMTAwKS9uZWg=/iYS11tTla1_fss?st=Un2ewJtRz5mLgnR-8nEAKyTd5i0q4pdFNuXaI69XnUw&ts=1726203765&e=0"]},{"title":"D2_Predaj novostavby 3izb holobytu 86m2 1NP_1xP_Pozemok","address":"Fučíkova, Sládkovičovo, okres Galanta","rooms":3,"meters":86,"totalPrice":166298,"meterSquarePrice":0,"link":"https://www.nehnutelnosti.sk/detail/JuZGYG6BcEh/d2-predaj-novostavby-3izb-holobytu-86m2-1np-1xp-pozemok","imagesUrls":["https://img.nehnutelnosti.sk/foto/NjAweDMzOC9maWx0ZXJzOnF1YWxpdHkoMTAwKS9uZWg=/zo2FZNA9U_fss?st=CJSJxuEj_z9MY1KK8eEpfic3hdEMBnq7nBkfe2sA084&ts=1719418618&e=0"]},{"title":"Predaj 3izb bytov v novostavbe (štvorbytovka) v Topoľnici","address":"lokalita NARIAS, Topoľnica, okres Galanta","rooms":3,"meters":71,"totalPrice":118000,"meterSquarePrice":7,"link":"https://www.nehnutelnosti.sk/detail/Ju7zGHnZ1tQ/predaj-3izb-bytov-v-novostavbe-stvorbytovka-v-topolnici","imagesUrls":["https://img.nehnutelnosti.sk/foto/NjAweDMzOC9maWx0ZXJzOnF1YWxpdHkoMTAwKS9uZWg=/tZSzzwpW__fss?st=siMwbhEXfvVIQS7bbHBa5cStx0XjyeeZE4Z33GBlnD0&ts=1725606637&e=0"]},{"title":"A2 - Predaj 3izb bytu 87m2 v obci Košúty - Moderná NOVOSTAVBA","address":"Hlavná, Košúty, okres Galanta","rooms":3,"meters":87,"totalPrice":119440,"meterSquarePrice":7,"link":"https://www.nehnutelnosti.sk/detail/Juzr_29LJoe7/a2-predaj-3izb-bytu-87m2-v-obci-kosuty-moderna-novostavba","imagesUrls":["https://img.nehnutelnosti.sk/foto/NjAweDMzOC9maWx0ZXJzOnF1YWxpdHkoMTAwKS9uZWg=/J4ZFYOPK0_fss?st=Gxfkjs1pZpuwVQNhrjL4r3qHCMS6k5UG_4iJi4vHCHo&ts=1727032572&e=0"]},{"title":"Predaj 3izb bytov so záhradkou (172m2!!!) v novostavbe (štvorbytovka) v Topoľnici","address":"lokalita NARIAS, Topoľnica, okres Galanta","rooms":3,"meters":70,"totalPrice":128000,"meterSquarePrice":7,"link":"https://www.nehnutelnosti.sk/detail/JuMa3D3H52A/predaj-3izb-bytov-so-zahradkou-172m2-v-novostavbe-stvorbytovka-v-topolnici","imagesUrls":["https://img.nehnutelnosti.sk/foto/NjAweDMzOC9maWx0ZXJzOnF1YWxpdHkoMTAwKS9uZWg=/zba3OLF3J_fss?st=7gvUMpxTFNqjsY9FCty96jMy78-hNEkKs11ibSnqQM0&ts=1727032578&e=0"]},{"title":"C_Predaj 3izb bytu 103m2 na 1.poschodí tehl. bytovky GA-HODY","address":"HODY, Galanta, okres Galanta","rooms":3,"meters":103,"totalPrice":152400,"meterSquarePrice":1,"link":"https://www.nehnutelnosti.sk/detail/JusrQaXB8_Y/c-predaj-3izb-bytu-103m2-na-1-poschodi-tehl-bytovky-ga-hody","imagesUrls":["https://img.nehnutelnosti.sk/foto/NjAweDMzOC9maWx0ZXJzOnF1YWxpdHkoMTAwKS9uZWg=/PcLe52VoM_fss?st=BQ9JRHP-jMFtEH7P6-lRdK5pqKm1Dd_mnwiwpLP4oj4&ts=1723253555&e=0"]},{"title":"A_Predaj 2izb bytu 56m2 na prízemí tehl. bytovky GA-HODY","address":"HODY, Galanta, okres Galanta","rooms":2,"meters":56,"totalPrice":119285,"meterSquarePrice":9,"link":"https://www.nehnutelnosti.sk/detail/JuvNiGkdXyr/a-predaj-2izb-bytu-56m2-na-prizemi-tehl-bytovky-ga-hody","imagesUrls":["https://img.nehnutelnosti.sk/foto/NjAweDMzOC9maWx0ZXJzOnF1YWxpdHkoMTAwKS9uZWg=/TfVNxBVaB_fss?st=5u4BQIpB6oWQSI8zXqn-dFsa4apQzWYpnKIEA6U5TVs&ts=1726002986&e=0"]},{"title":"TERASA 4-izbová novostavba – Smižany","address":"Štefana Hozu, Smižany, okres Spišská Nová Ves","rooms":4,"meters":101,"totalPrice":227000,"meterSquarePrice":1,"link":"https://www.nehnutelnosti.sk/detail/JuhxQBr5smG/terasa-4-izbova-novostavba-smizany","imagesUrls":["https://img.unitedclassifieds.sk/foto/NjAweDMzOC9maWx0ZXJzOnF1YWxpdHkoMTAwKS9qdWw=/53ImuavKc_fss?st=h0LziGA8zDLfoQFXX0YZAXsTW6bjla02apW-YdJnS5E&ts=1718881231&e=0"]},{"title":"4-izbový byt s loggiou na predaj na sídlisku Tarča v SNV","address":"Spišská, Spišská Nová Ves, okres Spišská Nová Ves","rooms":4,"meters":85,"totalPrice":145000,"meterSquarePrice":0,"link":"https://www.nehnutelnosti.sk/detail/JuXzpz03Dck/4-izbovy-byt-s-loggiou-na-predaj-na-sidlisku-tarca-v-snv","imagesUrls":["https://img.unitedclassifieds.sk/foto/NjAweDMzOC9maWx0ZXJzOnF1YWxpdHkoMTAwKS9qdWw=/f4mbbCarT_fss?st=bEXCat0xPmo5dYwLslmZQ6PyhIplhNJvn2Zrb8C1O1I&ts=1716889237&e=0"]},{"title":"BEZBARIÉROVÝ 3-izbový byt na predaj v SNV na sídlisku Tarča","address":"Spišská Nová Ves, okres Spišská Nová Ves","rooms":3,"meters":69,"totalPrice":105000,"meterSquarePrice":4,"link":"https://www.nehnutelnosti.sk/detail/Ju8qmFxTYR_/bezbarierovy-3-izbovy-byt-na-predaj-v-snv-na-sidlisku-tarca","imagesUrls":["https://img.unitedclassifieds.sk/foto/NjAweDMzOC9maWx0ZXJzOnF1YWxpdHkoMTAwKS9qdWw=/uyf_ti2PF_fss?st=g3OUB5zGdIf7KtSjBX3L0Fr8Lu_8e7_niT5FzEKZhLo&ts=1714982726&e=0"]},{"title":"PRIESTRANNÝ 4-izbový byt s balkónom vo Svite","address":"Mierová, Svit, okres Poprad","rooms":4,"meters":80,"totalPrice":154000,"meterSquarePrice":5,"link":"https://www.nehnutelnosti.sk/detail/JuMdODtnqVV/priestranny-4-izbovy-byt-s-balkonom-vo-svite","imagesUrls":["https://img.unitedclassifieds.sk/foto/NjAweDMzOC9maWx0ZXJzOnF1YWxpdHkoMTAwKS9qdWw=/K07Q3ovqn_fss?st=6A5xvOQPSFGet9luieB-gJWjdwGY3LA2AN_O5DOFdmQ&ts=1716155383&e=0"]},{"title":"OTVORENÝ 2-izbový byt na predaj v SNV","address":"Krčméryho, Spišská Nová Ves, okres Spišská Nová Ves","rooms":2,"meters":48,"totalPrice":100800,"meterSquarePrice":1,"link":"https://www.nehnutelnosti.sk/detail/Ju3ctVmCu6M/otvoreny-2-izbovy-byt-na-predaj-v-snv","imagesUrls":["https://img.unitedclassifieds.sk/foto/NjAweDMzOC9maWx0ZXJzOnF1YWxpdHkoMTAwKS9qdWw=/uDvARi784_fss?st=ObMDPksGLKMNKc5hZp76V7kw9CIj65lbkkSrufbcFk4&ts=1711452589&e=0"]},{"title":"2x LOGGIA 2-izbový byt na predaj v SNV","address":"Spišská Nová Ves, okres Spišská Nová Ves","rooms":2,"meters":54,"totalPrice":110250,"meterSquarePrice":6,"link":"https://www.nehnutelnosti.sk/detail/JuWsMCTVe-e/2x-loggia-2-izbovy-byt-na-predaj-v-snv","imagesUrls":["https://img.unitedclassifieds.sk/foto/NjAweDMzOC9maWx0ZXJzOnF1YWxpdHkoMTAwKS9qdWw=/TqhoivUkU_fss?st=g0PcnyOVK6i9G5fHHXDHbYEnoFXt1oeCeqvBCoXL7Y8&ts=1708098196&e=0"]},{"title":"PREROBENÝ tehlový BYT na predaj - Mlynky","address":"Mlynky, okres Spišská Nová Ves","rooms":2,"meters":60,"totalPrice":55000,"meterSquarePrice":0,"link":"https://www.nehnutelnosti.sk/detail/JuOK_-mAnZx/prerobeny-tehlovy-byt-na-predaj-mlynky","imagesUrls":["https://img.unitedclassifieds.sk/foto/NjAweDMzOC9maWx0ZXJzOnF1YWxpdHkoMTAwKS9qdWw=/wFPL5pCaJ_fss?st=P0n2M_zEacGU53rjEnvOgNs0QrHP8ebzEYXrkOxUsk4&ts=1721913626&e=0"]},{"title":"Staromestský 4-izbový byt s výhľadom na Bratislavu","address":"Fraňa Kráľa, Bratislava I - Staré Mesto, okres Bratislava","rooms":4,"meters":111,"totalPrice":449900,"meterSquarePrice":5,"link":"https://www.nehnutelnosti.sk/detail/JuYPTqMlrvH/staromestsky-4-izbovy-byt-s-vyhladom-na-bratislavu","imagesUrls":["https://img.nehnutelnosti.sk/foto/NjAweDMzOC9maWx0ZXJzOnF1YWxpdHkoMTAwKS9uZWg=/_gylWCnnN_fss?st=SULltzuj9IAlE1m7lygKOnxvrR7XGOTdC8encX8yLlY&ts=1726397709&e=0"]},{"title":"Štýlovo zariadený 2 izbový byt napredaj","address":"Zadunajská, Bratislava V - Petržalka, okres Bratislava","rooms":2,"meters":73,"totalPrice":240000,"meterSquarePrice":7,"link":"https://www.nehnutelnosti.sk/detail/Ju0lpmlY7lw/stylovo-zariadeny-2-izbovy-byt-napredaj","imagesUrls":["https://img.nehnutelnosti.sk/foto/NjAweDMzOC9maWx0ZXJzOnF1YWxpdHkoMTAwKS9uZWg=/hACFSTzgq_fss?st=0M72n1OGVvOqeFDOjQao2hGgZK7AVAHiOUc_XaTEvBc&ts=1725842022&e=0"]},{"title":"Trojizbový byt s kvalitnou kompletnou rekonštrukciou","address":"Svetlá, Bratislava I - Staré Mesto, okres Bratislava","rooms":3,"meters":80,"totalPrice":385000,"meterSquarePrice":1,"link":"https://www.nehnutelnosti.sk/detail/JuI1FYyrgIh/trojizbovy-byt-s-kvalitnou-kompletnou-rekonstrukciou","imagesUrls":["https://img.nehnutelnosti.sk/foto/NjAweDMzOC9maWx0ZXJzOnF1YWxpdHkoMTAwKS9uZWg=/nWV-Yta3xw_fss?st=7-D8SV_Z5Rqeb1npQmpx-kNn5CcxQW4YWnZzapvjvyU&ts=1725633849&e=0"]},{"title":"Štýlový 2-izbový byt","address":"Klenová, Bratislava III - Nové Mesto, okres Bratislava","rooms":2,"meters":48,"totalPrice":null,"meterSquarePrice":null,"link":"https://www.nehnutelnosti.sk/detail/JukgeNZ4MrX/stylovy-2-izbovy-byt","imagesUrls":["https://img.nehnutelnosti.sk/foto/NjAweDMzOC9maWx0ZXJzOnF1YWxpdHkoMTAwKS9uZWg=/N4XbXA0h4e_fss?st=0fqkTw0s1bNrubSEo8HhMC91S3vXZcuL3EbbeeBKHO8&ts=1723558918&e=0"]},{"title":"Výnimočný penthouse v Eurovea","address":"Pribinova, Bratislava I - Staré Mesto, okres Bratislava","rooms":5,"meters":346,"totalPrice":null,"meterSquarePrice":null,"link":"https://www.nehnutelnosti.sk/detail/Ju_WjzPF1b9/vynimocny-penthouse-v-eurovea","imagesUrls":["https://img.nehnutelnosti.sk/foto/NjAweDMzOC9maWx0ZXJzOnF1YWxpdHkoMTAwKS9uZWg=/euLgqrjsZJ_fss?st=JcnGyRFHap0u4h3MS520xFtNnADa01P0c3o_KNJMKWY&ts=1722605735&e=0"]},{"title":"SKOLAUDOVANÉ | 5i byt s veľkou záhradnou terasou","address":"Bratislava IV - Dúbravka, okres Bratislava","rooms":5,"meters":193,"totalPrice":795203,"meterSquarePrice":2,"link":"https://www.nehnutelnosti.sk/detail/Ju1q_Lx33ho/skolaudovane-5i-byt-s-velkou-zahradnou-terasou","imagesUrls":["https://img.nehnutelnosti.sk/foto/NjAweDMzOC9maWx0ZXJzOnF1YWxpdHkoMTAwKS9uZWg=/Z6yZHd3zwM_fss?st=4lKyCp6wAQpYb34MpMfa-32_YGlpCw9RaS-eS5SVDTQ&ts=1722782188&e=0"]},{"title":"EUROVEA TOWER – 2-izbový apartmán s krásnymi výhľadmi na hrad","address":"Pribinova, Bratislava I - Staré Mesto, okres Bratislava","rooms":2,"meters":58,"totalPrice":null,"meterSquarePrice":null,"link":"https://www.nehnutelnosti.sk/detail/JuRcVqUUdG3/eurovea-tower-2-izbovy-apartman-s-krasnymi-vyhladmi-na-hrad","imagesUrls":["https://img.nehnutelnosti.sk/foto/NjAweDMzOC9maWx0ZXJzOnF1YWxpdHkoMTAwKS9uZWg=/GhB8E5o-r_fss?st=vaTF8Xz2tdKx824unjgIfxIWFemObnXbS0-RZO_V470&ts=1724239208&e=0"]},{"title":"Štýlový duplex v Eurovea","address":"Pribinova, Bratislava I - Staré Mesto, okres Bratislava","rooms":2,"meters":89,"totalPrice":499000,"meterSquarePrice":5,"link":"https://www.nehnutelnosti.sk/detail/JuCijmL5Kb5/stylovy-duplex-v-eurovea","imagesUrls":["https://img.nehnutelnosti.sk/foto/NjAweDMzOC9maWx0ZXJzOnF1YWxpdHkoMTAwKS9uZWg=/5MZ6yRsHy_fss?st=U4uTroXNubEdIp7nTChQz9LeGY48iWK4i0YAY_X-O8o&ts=1725701877&e=0"]},{"title":"SKOLAUDOVANÉ | 4i byt v nadštandardnom projekte v Dúbravke","address":"Bratislava IV - Dúbravka, okres Bratislava","rooms":4,"meters":106,"totalPrice":626651,"meterSquarePrice":0,"link":"https://www.nehnutelnosti.sk/detail/JuNZOeZtljr/skolaudovane-4i-byt-v-nadstandardnom-projekte-v-dubravke","imagesUrls":["https://img.nehnutelnosti.sk/foto/NjAweDMzOC9maWx0ZXJzOnF1YWxpdHkoMTAwKS9uZWg=/rHAPzZs6um_fss?st=D0Pb6DDaiAD95C5OlBTu8nOEeyAjDO2SVUZNmW-5Fyc&ts=1722836089&e=0"]},{"title":"SKOLAUDOVANÉ | 6i PENTHOUSE v nadštandardnom projekte v Dúbravke","address":"Bratislava IV - Dúbravka, okres Bratislava","rooms":5,"meters":220,"totalPrice":1335969,"meterSquarePrice":9,"link":"https://www.nehnutelnosti.sk/detail/Ju87moGujsJ/skolaudovane-6i-penthouse-v-nadstandardnom-projekte-v-dubravke","imagesUrls":["https://img.nehnutelnosti.sk/foto/NjAweDMzOC9maWx0ZXJzOnF1YWxpdHkoMTAwKS9uZWg=/WA_hn7iX7_fss?st=d-biZ4qB77ZbCyyZumHr9Y3mc2MrQw0aKKV3I0i64rk&ts=1723846962&e=0"]},{"title":"SKOLAUDOVANÉ | 4i byt v nadštandardnom projekte v Dúbravke","address":"Bratislava IV - Dúbravka, okres Bratislava","rooms":4,"meters":106,"totalPrice":595471,"meterSquarePrice":5,"link":"https://www.nehnutelnosti.sk/detail/JuGxAyw34KN/skolaudovane-4i-byt-v-nadstandardnom-projekte-v-dubravke","imagesUrls":["https://img.nehnutelnosti.sk/foto/NjAweDMzOC9maWx0ZXJzOnF1YWxpdHkoMTAwKS9uZWg=/ALK3e3DAbU_fss?st=20157T-aopdTwr6eJmrPOXI-nsHaxUqPIAlfDGB5C1g&ts=1722782183&e=0"]},{"title":"Luxusný dizajnový kompletne zrekonštruovaný 3-izbový byt","address":"Furdekova, Bratislava V - Petržalka, okres Bratislava","rooms":3,"meters":56,"totalPrice":320000,"meterSquarePrice":8,"link":"https://www.nehnutelnosti.sk/detail/JuzlQ-8cNYi/luxusny-dizajnovy-kompletne-zrekonstruovany-3-izbovy-byt","imagesUrls":["https://img.nehnutelnosti.sk/foto/NjAweDMzOC9maWx0ZXJzOnF1YWxpdHkoMTAwKS9uZWg=/LqDhYzPzg_fss?st=S1qOZ-qmdepEzlNygju4VAxCe5W1fApTtyl0kvr4Wc4&ts=1700555901&e=0"]},{"title":"Jedinečný 6 izbový Penthouse","address":"Páričkova, Bratislava II - Ružinov, okres Bratislava","rooms":5,"meters":300,"totalPrice":null,"meterSquarePrice":null,"link":"https://www.nehnutelnosti.sk/detail/JuUVMcnr_fE/jedinecny-6-izbovy-penthouse","imagesUrls":["https://img.nehnutelnosti.sk/foto/NjAweDMzOC9maWx0ZXJzOnF1YWxpdHkoMTAwKS9uZWg=/gtarTXhoid_fss?st=P-hFuluVidITCSLZMnf1T83hzGcynZwYcHg_h87zES0&ts=1717592845&e=0"]},{"title":"Predám garsónku v Nových Zámkoch","address":"Nové Zámky, okres Nové Zámky","rooms":null,"meters":24,"totalPrice":49000,"meterSquarePrice":7,"link":"https://www.nehnutelnosti.sk/detail/JuPNEaI4y_u/predam-garsonku-v-novych-zamkoch","imagesUrls":["https://img.nehnutelnosti.sk/foto/NjAweDMzOC9maWx0ZXJzOnF1YWxpdHkoMTAwKS9uZWg=/twXgYa0-V0_fss?st=0lJZ5SaiF7K7KtsIub0jzkBPdUvqQpGC8zNTvp6VewY&ts=1726735390&e=0"]},{"title":"Predám 2 izbový byt s balkónom v Nových Zámkoch","address":"Nové Zámky, Nové Zámky, okres Nové Zámky","rooms":2,"meters":60,"totalPrice":80000,"meterSquarePrice":3,"link":"https://www.nehnutelnosti.sk/detail/Ju5ZR_qs2-n/predam-2-izbovy-byt-s-balkonom-v-novych-zamkoch","imagesUrls":["https://img.nehnutelnosti.sk/foto/NjAweDMzOC9maWx0ZXJzOnF1YWxpdHkoMTAwKS9uZWg=/Es04wOwl__fss?st=YeIDzKKBtc7hDeOhsm8Je-KyMh8Kq4x0HhG90acP0qU&ts=1726774331&e=0"]},{"title":"Predám 4 izbový byt s garážou a záhradou v Nových Zámkoch","address":"Nové Zámky, Nové Zámky, okres Nové Zámky","rooms":4,"meters":90,"totalPrice":142000,"meterSquarePrice":8,"link":"https://www.nehnutelnosti.sk/detail/JunNwhBgXm_/predam-4-izbovy-byt-s-garazou-a-zahradou-v-novych-zamkoch","imagesUrls":["https://img.nehnutelnosti.sk/foto/NjAweDMzOC9maWx0ZXJzOnF1YWxpdHkoMTAwKS9uZWg=/HsqPy0wPQ_fss?st=xs9xDImlOzVznXugbaei9cggV-7QvIjDGJYHF4CWgik&ts=1726735382&e=0"]}]