[{"title":"Nový 3 – izbový byt v obci Michal na Ostrove","address":"Michal na Ostrove, Šamorín, okres Dunajská Streda","rooms":3,"meters":85,"totalPrice":138000,"meterSquarePrice":3,"link":"https://www.nehnutelnosti.sk/detail/JuYLNnKbyYA/novy-3-izbovy-byt-v-obci-michal-na-ostrove","imagesUrls":["https://img.nehnutelnosti.sk/foto/NjAweDMzOC9maWx0ZXJzOnF1YWxpdHkoMTAwKS9uZWg=/lflxYVcAg_fss?st=YHCEoGgSeTcg7plxIFw-FBnqrhwYpwqFZjxpMxDK_Cc&ts=1726668318&e=0"]},{"title":"Moderný 2 – izbový  byt na predaj v Šamoríne","address":"Školská, Šamorín, okres Dunajská Streda","rooms":2,"meters":49,"totalPrice":138000,"meterSquarePrice":3,"link":"https://www.nehnutelnosti.sk/detail/JuUoPXgzUP3/moderny-2-izbovy-byt-na-predaj-v-samorine","imagesUrls":["https://img.nehnutelnosti.sk/foto/NjAweDMzOC9maWx0ZXJzOnF1YWxpdHkoMTAwKS9uZWg=/918k3EQk1_fss?st=KEdTWxYNHVsKTpnuEupX18jMZgW32TLVopp7a-ip0B0&ts=1726080453&e=0"]},{"title":"Moderný 3izbový byt na predaj s garážou","address":"Hlavná, Horná Potôň, okres Dunajská Streda","rooms":3,"meters":65,"totalPrice":155000,"meterSquarePrice":2,"link":"https://www.nehnutelnosti.sk/detail/JuZYGwr5FUA/moderny-3izbovy-byt-na-predaj-s-garazou","imagesUrls":["https://img.nehnutelnosti.sk/foto/NjAweDMzOC9maWx0ZXJzOnF1YWxpdHkoMTAwKS9uZWg=/Nk0uw3sabk_fss?st=A8_bOevBTKi8THvR3pCmrk8ZI4KigLvQXfu7CTgoBlA&ts=1727002119&e=0"]},{"title":"Štvorizbový byt na predaj v Dunajskej Strede","address":"Boriny, Dunajská Streda, okres Dunajská Streda","rooms":3,"meters":81,"totalPrice":119990,"meterSquarePrice":6,"link":"https://www.nehnutelnosti.sk/detail/JuOBTJJgnOc/stvorizbovy-byt-na-predaj-v-dunajskej-strede","imagesUrls":["https://img.nehnutelnosti.sk/foto/NjAweDMzOC9maWx0ZXJzOnF1YWxpdHkoMTAwKS9uZWg=/_FlqRjlxH__fss?st=YBmmh31svjgEOqdiYsH7YLbIEszXPC1HkZO1L5IBDq8&ts=1717500907&e=0"]},{"title":"Priestranný 3izbový byt na predaj v mestskej časti Nová Ves","address":"Nová Ves, Dunajská Streda, okres Dunajská Streda","rooms":3,"meters":77,"totalPrice":103000,"meterSquarePrice":6,"link":"https://www.nehnutelnosti.sk/detail/JuPUMq7trRb/priestranny-3izbovy-byt-na-predaj-v-mestskej-casti-nova-ves","imagesUrls":["https://img.nehnutelnosti.sk/foto/NjAweDMzOC9maWx0ZXJzOnF1YWxpdHkoMTAwKS9uZWg=/q2A9wBg8t_fss?st=GhJUqFsBhqzCXc6LuIGI7g886GjKUi93UxIXw40ngZ0&ts=1727001322&e=0"]},{"title":"Štvorizbový byt na predaj v Dunajskej Strede","address":"Boriny, Dunajská Streda, okres Dunajská Streda","rooms":4,"meters":81,"totalPrice":119990,"meterSquarePrice":6,"link":"https://www.nehnutelnosti.sk/detail/JuE0IgRcgbW/stvorizbovy-byt-na-predaj-v-dunajskej-strede","imagesUrls":["https://img.nehnutelnosti.sk/foto/NjAweDMzOC9maWx0ZXJzOnF1YWxpdHkoMTAwKS9uZWg=/X6O_Fim01_fss?st=TO9GgN209OghlSWrboKOQDgW53GSmZm2u9ZAhfmOM2I&ts=1696516488&e=0"]},{"title":"POD RÁBLOM – Dvorníky, II. etapa - 1i byt s balkónom a pivnicou, 44m2","address":"Dvorníky, okres Hlohovec","rooms":1,"meters":44,"totalPrice":80839,"meterSquarePrice":5,"link":"https://www.nehnutelnosti.sk/detail/JuwUD_qH_XU/pod-rablom-dvorniky-ii-etapa-1i-byt-s-balkonom-a-pivnicou-44m2","imagesUrls":["https://img.unitedclassifieds.sk/foto/NjAweDMzOC9maWx0ZXJzOnF1YWxpdHkoMTAwKS9qdWw=/sCfd1JcYU_fss?st=ou42Hb76qFFN2p07jsguTTHCr-PnMQYF8WKgjj8hVi4&ts=1720432883&e=0"]},{"title":"POSLEDNÉ VOĽNÉ SKOLAUDOVANÉ BYTY - POD RÁBLOM novostavba 2 izbového bytu","address":"Dvorníky, okres Hlohovec","rooms":2,"meters":57,"totalPrice":107012,"meterSquarePrice":3,"link":"https://www.nehnutelnosti.sk/detail/Julq7ah-ytg/posledne-volne-skolaudovane-byty-pod-rablom-novostavba-2-izboveho-bytu","imagesUrls":["https://img.unitedclassifieds.sk/foto/NjAweDMzOC9maWx0ZXJzOnF1YWxpdHkoMTAwKS9qdWw=/8foYO3JoX_fss?st=Ji5hHphmO8LnSzn_pI-bHm63x8ZI6skflzweiiaW6y8&ts=1724355590&e=0"]},{"title":"UŽ SKOLAUDOVANÉ - POD RÁBLOM nízkoenergetická novostavba 1 izbového bytu","address":"Dvorníky, okres Hlohovec","rooms":1,"meters":83,"totalPrice":87090,"meterSquarePrice":2,"link":"https://www.nehnutelnosti.sk/detail/JutzAPxrQja/uz-skolaudovane-pod-rablom-nizkoenergeticka-novostavba-1-izboveho-bytu","imagesUrls":["https://img.unitedclassifieds.sk/foto/NjAweDMzOC9maWx0ZXJzOnF1YWxpdHkoMTAwKS9qdWw=/2Sv4JDbw0_fss?st=CmCs5XGVgUHAf5eukc0Ek_ovLZrT9A-FqW5CcVsa6wM&ts=1724353959&e=0"]},{"title":"POSLEDNÝ VOĽNÝ -UŽ SKOLAUDOVANÉ - POD RÁBLOM nízkoenergetická novostavba 1 izbového bytu","address":"Dvorníky, okres Hlohovec","rooms":1,"meters":41,"totalPrice":75223,"meterSquarePrice":1,"link":"https://www.nehnutelnosti.sk/detail/JuP5VH6Z0JK/posledny-volny-uz-skolaudovane-pod-rablom-nizkoenergeticka-novostavba-1-izboveho-bytu","imagesUrls":["https://img.unitedclassifieds.sk/foto/NjAweDMzOC9maWx0ZXJzOnF1YWxpdHkoMTAwKS9qdWw=/Pcmb2E6JP_fss?st=tZbiViIm-SE4mB_8MdeO9Udman7xBzi-srCc9zJ3YNE&ts=1724353807&e=0"]},{"title":"Predaj zrekonštruovaný 4-izbový byt v Bratislave-Petržalke, na Budatínskej ulici.","address":"Budatínska, Bratislava V - Petržalka, okres Bratislava","rooms":4,"meters":85,"totalPrice":230000,"meterSquarePrice":8,"link":"https://www.nehnutelnosti.sk/detail/JuaAPi5aQIr/predaj-zrekonstruovany-4-izbovy-byt-v-bratislave-petrzalke-na-budatinskej-ulici","imagesUrls":["https://img.nehnutelnosti.sk/foto/NjAweDMzOC9maWx0ZXJzOnF1YWxpdHkoMTAwKS9uZWg=/RSZdVgGHkQ_fss?st=Xq9CtxfiWctUuI6Tp10Wt69_V6QWxUZEx-AxfOU-iNY&ts=1726742365&e=0"]},{"title":"Predaj podkrovný 2 izbový byt ( 51m²) 4. poschodie vo výbornej lokalite-Bratislava/Ružinov.","address":"Ružinovská, Bratislava II - Ružinov, okres Bratislava","rooms":2,"meters":51,"totalPrice":220000,"meterSquarePrice":3,"link":"https://www.nehnutelnosti.sk/detail/Ju_KYihia5i/predaj-podkrovny-2-izbovy-byt-51m-4-poschodie-vo-vybornej-lokalite-bratislava-ruzinov","imagesUrls":["https://img.nehnutelnosti.sk/foto/NjAweDMzOC9maWx0ZXJzOnF1YWxpdHkoMTAwKS9uZWg=/Ns9O_O3coQ_fss?st=OEIokGUlyC6cEspBUI7wJwY9RywFEzk67z0WI0IvSUk&ts=1726512558&e=0"]},{"title":"Predaj 3-izbový tehlový byt na Povrazníckej ulici v Bratislave, Starom Meste.","address":"Povraznícka, Bratislava I - Staré Mesto, okres Bratislava","rooms":3,"meters":77,"totalPrice":320000,"meterSquarePrice":7,"link":"https://www.nehnutelnosti.sk/detail/JuZTUp-Plwj/predaj-3-izbovy-tehlovy-byt-na-povraznickej-ulici-v-bratislave-starom-meste","imagesUrls":["https://img.nehnutelnosti.sk/foto/NjAweDMzOC9maWx0ZXJzOnF1YWxpdHkoMTAwKS9uZWg=/jw24tZUMuD_fss?st=dNJVHxvOZS-9rp9zHrqDB305j74lUekfy0BdohEdMtA&ts=1726742361&e=0"]},{"title":"Predaj prémiový 2-izbový byt/apartmán 47 m2 priamo v historickom centre Starého Mesta v projekte BLo","address":"Vysoká, Bratislava I - Staré Mesto, okres Bratislava","rooms":2,"meters":47,"totalPrice":219000,"meterSquarePrice":7,"link":"https://www.nehnutelnosti.sk/detail/JuB7iXuCSJA/predaj-premiovy-2-izbovy-byt-apartman-47-m2-priamo-v-historickom-centre-stareho-mesta-v-projekte-blo","imagesUrls":["https://img.nehnutelnosti.sk/foto/NjAweDMzOC9maWx0ZXJzOnF1YWxpdHkoMTAwKS9uZWg=/nbA51ujxQc_fss?st=oCnvmUvCIqY_6kCS4uI5k3xKBYWL6xta1wFp_BULh98&ts=1716752686&e=0"]},{"title":"Predaj 4 izbového bytu s loggiou a 2x pivničnou kobkou v Bratislave-Petržalke na Jasovskej ulici.","address":"Jasovská, Bratislava V - Petržalka, okres Bratislava","rooms":4,"meters":95,"totalPrice":239900,"meterSquarePrice":6,"link":"https://www.nehnutelnosti.sk/detail/JueGBDIGql2/predaj-4-izboveho-bytu-s-loggiou-a-2x-pivnicnou-kobkou-v-bratislave-petrzalke-na-jasovskej-ulici","imagesUrls":["https://img.nehnutelnosti.sk/foto/NjAweDMzOC9maWx0ZXJzOnF1YWxpdHkoMTAwKS9uZWg=/fOqC_Xypj_fss?st=e9pli-sZkpPqIjRRzwThIvYr17rbEprCdDZSy9qJtAI&ts=1726128898&e=0"]},{"title":"Predaj prémiový 2-izbový byt/apartmán 47 m2 priamo v historickom centre Starého Mesta v projekte BLo","address":"Vysoká, Bratislava I - Staré Mesto, okres Bratislava","rooms":2,"meters":47,"totalPrice":219000,"meterSquarePrice":7,"link":"https://www.nehnutelnosti.sk/detail/JuLCcuGmoPu/predaj-premiovy-2-izbovy-byt-apartman-47-m2-priamo-v-historickom-centre-stareho-mesta-v-projekte-blo","imagesUrls":["https://img.nehnutelnosti.sk/foto/NjAweDMzOC9maWx0ZXJzOnF1YWxpdHkoMTAwKS9uZWg=/iFZ6sBkQc_fss?st=mgL6R75s6AESCqMA_0QazuiXCYxK39v6tYnMmLE_D4A&ts=1724174632&e=0"]},{"title":"2-IZB. BYT - PARKOVANIE,VÝŤAH,BALKÓN","address":"Opoj, Opoj, okres Trnava","rooms":2,"meters":62,"totalPrice":149979,"meterSquarePrice":2,"link":"https://www.nehnutelnosti.sk/detail/JuasOIgsXcY/2-izb-byt-parkovanie-vytah-balkon","imagesUrls":["https://img.nehnutelnosti.sk/foto/NjAweDMzOC9maWx0ZXJzOnF1YWxpdHkoMTAwKS9uZWg=/kTfdZ1uNG_fss?st=wqKSYiOAFMYcIH8zxP7Ch8kFi3niQ1l9_hOYROh9J4Y&ts=1726328807&e=0"]},{"title":"REZERVOVANÝ: Čiastočne zariadený 2 izbový tehlový byt s dvomi komorami","address":"29. augusta, Banská Bystrica, okres Banská Bystrica","rooms":2,"meters":80,"totalPrice":149900,"meterSquarePrice":5,"link":"https://www.nehnutelnosti.sk/detail/JuBdOA9FRIk/rezervovany-ciastocne-zariadeny-2-izbovy-tehlovy-byt-s-dvomi-komorami","imagesUrls":["https://img.nehnutelnosti.sk/foto/NjAweDMzOC9maWx0ZXJzOnF1YWxpdHkoMTAwKS9uZWg=/QVNNuAesM_fss?st=4dvq8Fw4rDCFp2JBOJp_YW30qegI2IvoIdvHOf7TvCk&ts=1721808411&e=0"]},{"title":"REZERVOVANÉ! PREDAJ: Slnečný, ihneď voľný 1 - izbový, kompletne zrekonštruovaný byt na ulici M. Fale","address":"M. Falešníka, Prievidza, okres Prievidza","rooms":1,"meters":34,"totalPrice":53000,"meterSquarePrice":2,"link":"https://www.nehnutelnosti.sk/detail/JusRA9OEoFp/rezervovane-predaj-slnecny-ihned-volny-1-izbovy-kompletne-zrekonstruovany-byt-na-ulici-m-fale","imagesUrls":["https://img.nehnutelnosti.sk/foto/NjAweDMzOC9maWx0ZXJzOnF1YWxpdHkoMTAwKS9uZWg=/mKmbOQhnEG_fss?st=eGZAqK-nQKLj6yl6I1x9PjeUqrRl2S-AsrJo6qLc4j8&ts=1718344946&e=0"]},{"title":"REZERVOVANÝ: Príjemný 1 izbový byt s balkónom, 31 m2, Zvolen - Môťová","address":"Okružná, Zvolen, okres Zvolen","rooms":1,"meters":30,"totalPrice":74900,"meterSquarePrice":2,"link":"https://www.nehnutelnosti.sk/detail/JuIgyfwunpP/rezervovany-prijemny-1-izbovy-byt-s-balkonom-31-m2-zvolen-motova","imagesUrls":["https://img.nehnutelnosti.sk/foto/NjAweDMzOC9maWx0ZXJzOnF1YWxpdHkoMTAwKS9uZWg=/grZ7os7jC_fss?st=CmFTMewi1T0JFBwbVB2YsfoHBoFxUHI-14hWHaW9dCg&ts=1719388504&e=0"]},{"title":"Veľkometrážny-bezbariérový 2-izb. byt 73,48 m2 s balkónom, komorou a veľkou pivnicou blízko centra","address":"Letná, Šaľa, okres Šaľa","rooms":2,"meters":65,"totalPrice":93000,"meterSquarePrice":7,"link":"https://www.nehnutelnosti.sk/detail/JufT_WkUuCY/velkometrazny-bezbarierovy-2-izb-byt-73-48-m2-s-balkonom-komorou-a-velkou-pivnicou-blizko-centra","imagesUrls":["https://img.nehnutelnosti.sk/foto/NjAweDMzOC9maWx0ZXJzOnF1YWxpdHkoMTAwKS9uZWg=/FaSlUAHyi_fss?st=DzrMZQiiOiCzW7_AxUTKFGlZuG8xg7qrRwCabOK3tF4&ts=1726754586&e=0"]},{"title":"1 - izbový byt po rekoštrukcií na predaj!!!","address":"Rubanisko II, Lučenec, okres Lučenec","rooms":1,"meters":36,"totalPrice":47500,"meterSquarePrice":4,"link":"https://www.nehnutelnosti.sk/detail/JuLsvkvsEX_/1-izbovy-byt-po-rekostrukcii-na-predaj","imagesUrls":["https://img.nehnutelnosti.sk/foto/NjAweDMzOC9maWx0ZXJzOnF1YWxpdHkoMTAwKS9uZWg=/gSpks86gZ3_fss?st=RngAgRc_rs6ltCRmP6fSkkQrdskAhs1unaVB0fh-JgY&ts=1726747733&e=0"]},{"title":"PREDAJ: KRÁSNY 3 IZBOVÝ BYT S BALKÓNOM A PARKOVANÍM V NOVOSTAVBE, UHLISKO","address":"Banská Bystrica, okres Banská Bystrica","rooms":3,"meters":90,"totalPrice":265000,"meterSquarePrice":6,"link":"https://www.nehnutelnosti.sk/detail/Ju82Lv8KKI5/predaj-krasny-3-izbovy-byt-s-balkonom-a-parkovanim-v-novostavbe-uhlisko","imagesUrls":["https://img.nehnutelnosti.sk/foto/NjAweDMzOC9maWx0ZXJzOnF1YWxpdHkoMTAwKS9uZWg=/Aybzx1Pb9_fss?st=N0JAMV6avmMYMPuUj0UcsSShYE5WwkvirSmQYWDI8o4&ts=1726566162&e=0"]},{"title":"Ponúkame Vám na predaj priestranný, zrekonštruovaný 3-izb. byt vo vidieckom štýle v Komárne.","address":"Damjanichova, Komárno, okres Komárno","rooms":3,"meters":66,"totalPrice":105000,"meterSquarePrice":5,"link":"https://www.nehnutelnosti.sk/detail/Juj7TS4GOAy/ponukame-vam-na-predaj-priestranny-zrekonstruovany-3-izb-byt-vo-vidieckom-style-v-komarne","imagesUrls":["https://img.nehnutelnosti.sk/foto/NjAweDMzOC9maWx0ZXJzOnF1YWxpdHkoMTAwKS9uZWg=/NS843oVMC_fss?st=0qbqaY8cvQAWdmXeVrfF-JNczLhCCiAP2gXMHGC3wC8&ts=1726758096&e=0"]},{"title":"Na predaj zrekonštruovaný 3-izbový byt","address":"Okružná, Levice, okres Levice","rooms":3,"meters":66,"totalPrice":103000,"meterSquarePrice":1,"link":"https://www.nehnutelnosti.sk/detail/Ju8ypKp-wNJ/na-predaj-zrekonstruovany-3-izbovy-byt","imagesUrls":["https://img.nehnutelnosti.sk/foto/NjAweDMzOC9maWx0ZXJzOnF1YWxpdHkoMTAwKS9uZWg=/STmmbWg68_fss?st=UHpsLdcDGyhk86dJHu8ErfaIFjHyH5ZF_agBB6-GwoM&ts=1726486475&e=0"]},{"title":"PREDAJ: VEĽKÝ 1 IZBOVÝ BYT, HARMANEC","address":"Harmanec, okres Banská Bystrica","rooms":1,"meters":35,"totalPrice":73000,"meterSquarePrice":7,"link":"https://www.nehnutelnosti.sk/detail/JuTmQj-449M/predaj-velky-1-izbovy-byt-harmanec","imagesUrls":["https://img.nehnutelnosti.sk/foto/NjAweDMzOC9maWx0ZXJzOnF1YWxpdHkoMTAwKS9uZWg=/15Eax2_Kx_fss?st=i32UKxS3cBxLASzC0tgf-GGQKS2EKhsmAOs0fmzyT_E&ts=1726563824&e=0"]},{"title":"3 izbový , krásny priestranný byt , po kompletnej rekonštrukcii, +garáž +pivnica + spoločná miestnos","address":"Sládkovičova, Šaľa, okres Šaľa","rooms":3,"meters":79,"totalPrice":168000,"meterSquarePrice":8,"link":"https://www.nehnutelnosti.sk/detail/JuvQ7NO7-Mc/3-izbovy-krasny-priestranny-byt-po-kompletnej-rekonstrukcii-garaz-pivnica-spolocna-miestnos","imagesUrls":["https://img.nehnutelnosti.sk/foto/NjAweDMzOC9maWx0ZXJzOnF1YWxpdHkoMTAwKS9uZWg=/-Q3n3XkKWO_fss?st=GmTnrvMvhVVPrIO2rmYfXsXVN9NOw7s3tLX1MWVFIAg&ts=1726087981&e=0"]},{"title":"Novostavba 3-izbového mezonetu s terasou v Banke, pri Piešťanoch","address":"Banka, okres Piešťany","rooms":null,"meters":70,"totalPrice":145000,"meterSquarePrice":3,"link":"https://www.nehnutelnosti.sk/detail/Jur7y5FJw2w/novostavba-3-izboveho-mezonetu-s-terasou-v-banke-pri-piestanoch","imagesUrls":["https://img.nehnutelnosti.sk/foto/NjAweDMzOC9maWx0ZXJzOnF1YWxpdHkoMTAwKS9uZWg=/GnIgL93vH_fss?st=Fn0kgGjXkDIodC5Edor5zKSwElwkQ6yR_kTPbHIxyKI&ts=1725883307&e=0"]},{"title":"Na predaj 3-izbový byt s balkónom v centre mesta","address":"Nálepkova, Brezno, okres Brezno","rooms":3,"meters":62,"totalPrice":83900,"meterSquarePrice":3,"link":"https://www.nehnutelnosti.sk/detail/Ju4Z7-hnrg2/na-predaj-3-izbovy-byt-s-balkonom-v-centre-mesta","imagesUrls":["https://img.nehnutelnosti.sk/foto/NjAweDMzOC9maWx0ZXJzOnF1YWxpdHkoMTAwKS9uZWg=/LLTgejtNKD_fss?st=wwTXcemMctGrt1-_XGQYKn72g9ZCXBVarC_3clLjzB8&ts=1725623408&e=0"]},{"title":"Ponukame na predaj nádherný 2 izbovy byt v novostavbe RIVERSIDE.","address":"A. Stodolu, Prievidza, okres Prievidza","rooms":2,"meters":66,"totalPrice":135000,"meterSquarePrice":0,"link":"https://www.nehnutelnosti.sk/detail/JuWS9bnz_cB/ponukame-na-predaj-nadherny-2-izbovy-byt-v-novostavbe-riverside","imagesUrls":["https://img.nehnutelnosti.sk/foto/NjAweDMzOC9maWx0ZXJzOnF1YWxpdHkoMTAwKS9uZWg=/OEzi6U9U-y_fss?st=0YP-LMoPCUq_vbylWKjXvPWOnhDAGJTQ7eIKdmycEOQ&ts=1725354389&e=0"]}]