[{"title":"Luxusný 4-izbový tehlový byt na ulici Slovenskej jednoty","address":"Slovenskej jednoty, Košice I - Staré Mesto, okres Košice","rooms":4,"meters":115,"totalPrice":449000,"meterSquarePrice":5,"link":"https://www.nehnutelnosti.sk/detail/JuDQcbiBnwA/luxusny-4-izbovy-tehlovy-byt-na-ulici-slovenskej-jednoty","imagesUrls":["https://img.nehnutelnosti.sk/foto/NjAweDMzOC9maWx0ZXJzOnF1YWxpdHkoMTAwKS9uZWg=/vERlveZ6P_fss?st=7pGPg5wy2SRskcdrw9nYNUVCWRxprH-2CwN-Le32mEQ&ts=1726877804&e=0"]},{"title":"Priestranný 4- izbový tehlový byt 108 m2 po rekonštrukcii s garážou, Podhradová","address":"Gerlachovská, Košice I - Sever, okres Košice","rooms":4,"meters":108,"totalPrice":325000,"meterSquarePrice":6,"link":"https://www.nehnutelnosti.sk/detail/Juo3XhJFSca/priestranny-4-izbovy-tehlovy-byt-108-m2-po-rekonstrukcii-s-garazou-podhradova","imagesUrls":["https://img.nehnutelnosti.sk/foto/NjAweDMzOC9maWx0ZXJzOnF1YWxpdHkoMTAwKS9uZWg=/PebdmZtc2_fss?st=nGFACBfEzjnFOb5HXXXhJ7Nl-tv5M777cL6RCwb8Lz8&ts=1726205586&e=0"]},{"title":"Luxusný horský dvojspálňový apartmán s parkovacím státím v lyžiarskom stredisku Jasná","address":"Lúčky, Demänovská Dolina, okres Liptovský Mikuláš","rooms":null,"meters":52,"totalPrice":330000,"meterSquarePrice":4,"link":"https://www.nehnutelnosti.sk/detail/JuJzOCSb0hcC/luxusny-horsky-dvojspalnovy-apartman-s-parkovacim-statim-v-lyziarskom-stredisku-jasna","imagesUrls":["https://img.nehnutelnosti.sk/foto/NjAweDMzOC9maWx0ZXJzOnF1YWxpdHkoMTAwKS9uZWg=/3758y8_SNM_fss?st=3B6dZoXTi7facKVgoUXqRcoS2vEHfOK4-fpmom6S6cQ&ts=1721033778&e=0"]},{"title":"Bezkonkurenčná cena 4 izbového bytu v top lokalite L. Mikuláša na predaj","address":"1. Mája, Liptovský Mikuláš, okres Liptovský Mikuláš","rooms":4,"meters":90,"totalPrice":189000,"meterSquarePrice":0,"link":"https://www.nehnutelnosti.sk/detail/Jubt2aZWZS5/bezkonkurencna-cena-4-izboveho-bytu-v-top-lokalite-l-mikulasa-na-predaj","imagesUrls":["https://img.nehnutelnosti.sk/foto/NjAweDMzOC9maWx0ZXJzOnF1YWxpdHkoMTAwKS9uZWg=/ItchFbeC0_fss?st=KGt2WTaCxbHasNuQS6JebV-R8hGC_9PtUcLSbEqNmdQ&ts=1726048021&e=0"]},{"title":"Ponúkame na predaj 2 izbový byt v novostavbe ZWIRN","address":"Košická, Bratislava II - Ružinov, okres Bratislava","rooms":2,"meters":58,"totalPrice":328000,"meterSquarePrice":7,"link":"https://www.nehnutelnosti.sk/detail/Ju45A8LGKSw/ponukame-na-predaj-2-izbovy-byt-v-novostavbe-zwirn","imagesUrls":["https://img.unitedclassifieds.sk/foto/NjAweDMzOC9maWx0ZXJzOnF1YWxpdHkoMTAwKS9qdWw=/cRx8chVJd_fss?st=F9u5dVknr5Dm0HA7rRkB3iqUDw43RliBdS2Ejfqq9kg&ts=1718368793&e=0"]},{"title":"GODDESS & ASSENZIO  - PREDAJ - ZARIADENÝ 3 IZBOVÝ BYT 81,52 M2 S BALKÓNOM  - ULICA MILETIČOVÁ - RUŽI","address":"Miletičova, Bratislava II - Ružinov, okres Bratislava","rooms":3,"meters":81,"totalPrice":289900,"meterSquarePrice":8,"link":"https://www.nehnutelnosti.sk/detail/JugvrSfElHX/goddess-assenzio-predaj-zariadeny-3-izbovy-byt-81-52-m2-s-balkonom-ulica-mileticova-ruzi","imagesUrls":["https://img.nehnutelnosti.sk/foto/NjAweDMzOC9maWx0ZXJzOnF1YWxpdHkoMTAwKS9uZWg=/xmjYlPd4k4_fss?st=Lzq2bVvmqDx990wHw-fGPKVDAxhodt56c5BGpziIiC8&ts=1726739373&e=0"]},{"title":"Prerobený 3 izbový byt s balkónom, Nitra - Centrum / tehlová bytovka/","address":"Nitra, okres Nitra","rooms":3,"meters":76,"totalPrice":153900,"meterSquarePrice":5,"link":"https://www.nehnutelnosti.sk/detail/JuYiJttYC1k/prerobeny-3-izbovy-byt-s-balkonom-nitra-centrum-tehlova-bytovka","imagesUrls":["https://img.nehnutelnosti.sk/foto/NjAweDMzOC9maWx0ZXJzOnF1YWxpdHkoMTAwKS9uZWg=/FFsd8Goea_fss?st=TgKUoOwl4ouX_jwbSpkOy0zM7dfVY7jXDgh7ZFBJaps&ts=1726739369&e=0"]},{"title":"2 izbový kompletne prerobený byt / Párovce","address":"Nitra, okres Nitra","rooms":2,"meters":60,"totalPrice":null,"meterSquarePrice":null,"link":"https://www.nehnutelnosti.sk/detail/JuvNyRrlqdX/2-izbovy-kompletne-prerobeny-byt-parovce","imagesUrls":["https://img.nehnutelnosti.sk/foto/NjAweDMzOC9maWx0ZXJzOnF1YWxpdHkoMTAwKS9uZWg=/g6oeXm7LI_fss?st=UD5S1XS1lfv1FycNR2R-6-Dchyie9yZjadd3QCoETW4&ts=1726739367&e=0"]},{"title":"Ponúkame Vám na predaj 3 izbový byt, v meste Trenčianske Teplice, 72m2, veľký balkón.","address":"Trenčianske Teplice, okres Trenčín","rooms":3,"meters":72,"totalPrice":130000,"meterSquarePrice":6,"link":"https://www.nehnutelnosti.sk/detail/JuKIhH2b7dv/ponukame-vam-na-predaj-3-izbovy-byt-v-meste-trencianske-teplice-72m2-velky-balkon","imagesUrls":["https://img.nehnutelnosti.sk/foto/NjAweDMzOC9maWx0ZXJzOnF1YWxpdHkoMTAwKS9uZWg=/Ij81bfMYH_fss?st=DHOrQv_2yWcBSyHWMuOgrabjbTfk4HZ7mY0vW3-Lk9s&ts=1726739224&e=0"]},{"title":"DIRECTREAL|Dvojizbový byt s logiou v apartmánovom dome s vlastným parkoviskom","address":"Lučenecká cesta, Zvolen, okres Zvolen","rooms":2,"meters":53,"totalPrice":95000,"meterSquarePrice":5,"link":"https://www.nehnutelnosti.sk/detail/JuNFkUd37jw/directreal-dvojizbovy-byt-s-logiou-v-apartmanovom-dome-s-vlastnym-parkoviskom","imagesUrls":["https://img.nehnutelnosti.sk/foto/NjAweDMzOC9maWx0ZXJzOnF1YWxpdHkoMTAwKS9uZWg=/Nq7l4utmt_fss?st=D8pvqeF5Scp4J4IoeaaaF738ap9Lt-mtZ5fdBuR0s-8&ts=1726739239&e=0"]},{"title":"DIRECTREAL|Trojizbový byt s logiou v zateplenom bytovom dome s bezproblémovým parkovaním a dobrým di","address":"Rúbanisko III, Lučenec, okres Lučenec","rooms":3,"meters":71,"totalPrice":65000,"meterSquarePrice":9,"link":"https://www.nehnutelnosti.sk/detail/JuaB3xiYB6w/directreal-trojizbovy-byt-s-logiou-v-zateplenom-bytovom-dome-s-bezproblemovym-parkovanim-a-dobrym-di","imagesUrls":["https://img.nehnutelnosti.sk/foto/NjAweDMzOC9maWx0ZXJzOnF1YWxpdHkoMTAwKS9uZWg=/s9ywJHRai9_fss?st=tb-6BP13UUy0A8LeOHfk0ipPdV6sJk8YH0jd1ewqHVA&ts=1726739209&e=0"]},{"title":"Predaj 3izb. byt s balkónom, Nové Zámky","address":"T. G. Masaryka, Nové Zámky, okres Nové Zámky","rooms":3,"meters":69,"totalPrice":84500,"meterSquarePrice":4,"link":"https://www.nehnutelnosti.sk/detail/JuTz8mlt3Pd/predaj-3izb-byt-s-balkonom-nove-zamky","imagesUrls":["https://img.nehnutelnosti.sk/foto/NjAweDMzOC9maWx0ZXJzOnF1YWxpdHkoMTAwKS9uZWg=/dZN91-YAU_fss?st=TL1Ao6OoDUlwIRvXCc1fbal7R1jACMp5yvOUWTHXvOA&ts=1726739138&e=0"]},{"title":"Znížená cena: 3i byt s nádherným výhľadom na rieku Hron","address":"Rybárska, Sliač, okres Zvolen","rooms":3,"meters":64,"totalPrice":174900,"meterSquarePrice":5,"link":"https://www.nehnutelnosti.sk/detail/JuI0LEF6rcz/znizena-cena-3i-byt-s-nadhernym-vyhladom-na-rieku-hron","imagesUrls":["https://img.nehnutelnosti.sk/foto/NjAweDMzOC9maWx0ZXJzOnF1YWxpdHkoMTAwKS9uZWg=/e7h6EBzy9_fss?st=lIWy4WSazMEtuuhLA5L3RpegFiv9gy-27ud6LlsWa-k&ts=1726739099&e=0"]},{"title":"360° obhliadka! Predaj 4 izbový v centre Stupavy s garážou, ulica Sama Chalupku","address":"Sama Chalúpku, Stupava, okres Malacky","rooms":4,"meters":82,"totalPrice":220000,"meterSquarePrice":0,"link":"https://www.nehnutelnosti.sk/detail/JuDLHfn9wio/360-obhliadka-predaj-4-izbovy-v-centre-stupavy-s-garazou-ulica-sama-chalupku","imagesUrls":["https://img.nehnutelnosti.sk/foto/NjAweDMzOC9maWx0ZXJzOnF1YWxpdHkoMTAwKS9uZWg=/t1cahJepOi_fss?st=bBMdB9ZAtW49BGH8egRZ2xyhOZVSzMFWD4GkoQBotig&ts=1723709536&e=0"]},{"title":"360° obhliadka! Predaj 3 izbový, rekonštruovaný, Rača, Hečkova ulica","address":"Hečkova, Bratislava III - Rača, okres Bratislava","rooms":3,"meters":53,"totalPrice":176000,"meterSquarePrice":5,"link":"https://www.nehnutelnosti.sk/detail/Ju503ajqFcp/360-obhliadka-predaj-3-izbovy-rekonstruovany-raca-heckova-ulica","imagesUrls":["https://img.nehnutelnosti.sk/foto/NjAweDMzOC9maWx0ZXJzOnF1YWxpdHkoMTAwKS9uZWg=/8Jidgt90J-_fss?st=pomw4_t-yoYHm108B4LjsMZVZEUksV8qLJl6lo7GnAk&ts=1719309363&e=0"]},{"title":"4 izbový, slnečný s loggiou, Slatinská ul., Vrakuňa, 5. posch.","address":"Slatinská, Bratislava II - Vrakuňa, okres Bratislava","rooms":4,"meters":78,"totalPrice":175000,"meterSquarePrice":2,"link":"https://www.nehnutelnosti.sk/detail/Ju_qftiW2VC/4-izbovy-slnecny-s-loggiou-slatinska-ul-vrakuna-5-posch","imagesUrls":["https://img.nehnutelnosti.sk/foto/NjAweDMzOC9maWx0ZXJzOnF1YWxpdHkoMTAwKS9uZWg=/AONLskqcka_fss?st=BF_EkgKYDtCLMnnqLOc-asz09aXKcIesdiJnWSzdiHQ&ts=1719309362&e=0"]},{"title":"360° obhliadka! Predaj 3 izbový, rekonštruovaný, Rača, Hečkova ulica","address":"Hečkova, Bratislava III - Rača, okres Bratislava","rooms":3,"meters":53,"totalPrice":176000,"meterSquarePrice":5,"link":"https://www.nehnutelnosti.sk/detail/Jue-Rmh4pUo/360-obhliadka-predaj-3-izbovy-rekonstruovany-raca-heckova-ulica","imagesUrls":["https://img.nehnutelnosti.sk/foto/NjAweDMzOC9maWx0ZXJzOnF1YWxpdHkoMTAwKS9uZWg=/zoeH9TYzy_fss?st=8jBQrkd88ryTTT_Je7iajsJHdKdORpp2tfjBeNYqc-g&ts=1723709539&e=0"]},{"title":"Veľký 2 izbový byt v širšom centre Turčianskych Teplíc na predaj.","address":"Partizánska, Martin, okres Martin","rooms":2,"meters":76,"totalPrice":82000,"meterSquarePrice":5,"link":"https://www.nehnutelnosti.sk/detail/JuZStW3ypDL/velky-2-izbovy-byt-v-sirsom-centre-turcianskych-teplic-na-predaj","imagesUrls":["https://img.nehnutelnosti.sk/foto/NjAweDMzOC9maWx0ZXJzOnF1YWxpdHkoMTAwKS9uZWg=/gv-rVjXO47_fss?st=wrOXIWE35fZwdX7-S1wSycFT2GClrl5e1MzQA4VHddQ&ts=1726738976&e=0"]},{"title":"Novostavba kompletne zariadeného nadštandardného 3i bytu v Prúdoch","address":"Včelárska ulica, Trnava, okres Trnava","rooms":3,"meters":70,"totalPrice":225000,"meterSquarePrice":6,"link":"https://www.nehnutelnosti.sk/detail/JuT37lxAcBR/novostavba-kompletne-zariadeneho-nadstandardneho-3i-bytu-v-prudoch","imagesUrls":["https://img.unitedclassifieds.sk/foto/NjAweDMzOC9maWx0ZXJzOnF1YWxpdHkoMTAwKS9qdWw=/GaZGZG410_fss?st=73SBfeX0aRCk0iQ1LCK61MdelVJcx1v5za0ovdukbfw&ts=1708520189&e=0"]},{"title":"1-izbový byt v oproti CityArene s parkovacím miestom","address":"Dolné bašty, Trnava, okres Trnava","rooms":1,"meters":36,"totalPrice":130000,"meterSquarePrice":1,"link":"https://www.nehnutelnosti.sk/detail/JuLEKLrYafr/1-izbovy-byt-v-oproti-cityarene-s-parkovacim-miestom","imagesUrls":["https://img.unitedclassifieds.sk/foto/NjAweDMzOC9maWx0ZXJzOnF1YWxpdHkoMTAwKS9yc2Y=/zcqlAfHBk_fss?st=keDYV6_7yrkvbjIyf3F62CzpBCY-MknjSBsL0NjPpMc&ts=1674053333&e=0"]},{"title":"Novostavba 2-izbového bytu s garážovým parkovacím miestom","address":"Novomestská ulica, Trnava, okres Trnava","rooms":2,"meters":43,"totalPrice":164000,"meterSquarePrice":5,"link":"https://www.nehnutelnosti.sk/detail/JugsenZWRcr/novostavba-2-izboveho-bytu-s-garazovym-parkovacim-miestom","imagesUrls":["https://img.unitedclassifieds.sk/foto/NjAweDMzOC9maWx0ZXJzOnF1YWxpdHkoMTAwKS9qdWw=/dAz60TU-e_fss?st=QlsYy8-2HFydXt86iAOT08EYsvSZs9jwsmGRMzFiom8&ts=1708591936&e=0"]},{"title":"REZERVOVANÉ - predaj 2 izbový byt RIVERSIDE, 54,81 m²,balkón 9 m², parkovacie miesto","address":"A. Stodolu, Prievidza, okres Prievidza","rooms":2,"meters":63,"totalPrice":115900,"meterSquarePrice":3,"link":"https://www.nehnutelnosti.sk/detail/Jup6D17vYn-/rezervovane-predaj-2-izbovy-byt-riverside-54-81-m-balkon-9-m-parkovacie-miesto","imagesUrls":["https://img.nehnutelnosti.sk/foto/NjAweDMzOC9maWx0ZXJzOnF1YWxpdHkoMTAwKS9uZWg=/tRgr7HFHm_fss?st=BR03bFzu-OlOeG1BKUZAKDc2HfBYkpk_iHLVmNQ8Sw0&ts=1709410710&e=0"]},{"title":"SEDLICKY. - 3 izbový byt Malokružná, 58 m², Staré sídlisko, kompletná rekonštrukcia","address":"Malookružná, Prievidza, okres Prievidza","rooms":3,"meters":56,"totalPrice":99000,"meterSquarePrice":6,"link":"https://www.nehnutelnosti.sk/detail/JuOSU9cW7kV/sedlicky-3-izbovy-byt-malokruzna-58-m-stare-sidlisko-kompletna-rekonstrukcia","imagesUrls":["https://img.nehnutelnosti.sk/foto/NjAweDMzOC9maWx0ZXJzOnF1YWxpdHkoMTAwKS9uZWg=/ygPt15K-8_fss?st=dOkHJvy9nMpFuju-rbixim-3XNW2qZ2dhVgNE4sVzxs&ts=1721739890&e=0"]},{"title":"SEDLICKY. - dvojizbový byt Družstevná Partizánske, 48 m², 4.p./4.p., kompletná rekonštrukcia","address":"Družstevná, Partizánske, okres Partizánske","rooms":2,"meters":48,"totalPrice":73000,"meterSquarePrice":3,"link":"https://www.nehnutelnosti.sk/detail/JutQCB06Hhh/sedlicky-dvojizbovy-byt-druzstevna-partizanske-48-m-4-p-4-p-kompletna-rekonstrukcia","imagesUrls":["https://img.nehnutelnosti.sk/foto/NjAweDMzOC9maWx0ZXJzOnF1YWxpdHkoMTAwKS9uZWg=/1sa4zR_yG_fss?st=hLtDIb8Y5-YBEbM7Cs2r4OBe1g4e5MlBvj0EwHnp41s&ts=1724082405&e=0"]},{"title":"SEDLICKY. - predaj kondomínium Bojnice Rekreačná 1685, apartmán 113 m², terasa 38 m²","address":"Rekreačná, Bojnice, okres Prievidza","rooms":null,"meters":113,"totalPrice":330000,"meterSquarePrice":5,"link":"https://www.nehnutelnosti.sk/detail/JuFk69GZ0lG/sedlicky-predaj-kondominium-bojnice-rekreacna-1685-apartman-113-m-terasa-38-m","imagesUrls":["https://img.nehnutelnosti.sk/foto/NjAweDMzOC9maWx0ZXJzOnF1YWxpdHkoMTAwKS9uZWg=/C9tlc916h_fss?st=moj8CXr_24HZGFI7N0xBI_bfqS6YIzaX3ncmC45zz4M&ts=1704275141&e=0"]},{"title":"SEDLICKY. - predaj 2 izbový byt RIVERSIDE, 44,81 m²,balkón 11,25 m², v štandarde","address":"A. Stodolu, Prievidza, okres Prievidza","rooms":2,"meters":56,"totalPrice":111800,"meterSquarePrice":9,"link":"https://www.nehnutelnosti.sk/detail/Ju0nUecXAtP/sedlicky-predaj-2-izbovy-byt-riverside-44-81-m-balkon-11-25-m-v-standarde","imagesUrls":["https://img.nehnutelnosti.sk/foto/NjAweDMzOC9maWx0ZXJzOnF1YWxpdHkoMTAwKS9uZWg=/Q4wPfC4vHt_fss?st=LNqsSYYHd0eCooIWjivRSIy65up0IDnmrCoWk_2qxWo&ts=1710523449&e=0"]},{"title":"SEDLICKY. - predaj kondomínium Bojnice Rekreačná 1685, apartmán 113 m², terasa 38 m²","address":"Rekreačná, Bojnice, okres Prievidza","rooms":4,"meters":113,"totalPrice":330000,"meterSquarePrice":5,"link":"https://www.nehnutelnosti.sk/detail/JuDvEX0vxlp/sedlicky-predaj-kondominium-bojnice-rekreacna-1685-apartman-113-m-terasa-38-m","imagesUrls":["https://img.nehnutelnosti.sk/foto/NjAweDMzOC9maWx0ZXJzOnF1YWxpdHkoMTAwKS9uZWg=/-nPh2S4lJ_fss?st=7hFgkTEuCFfg0Bge0-qmGX5cu-s3pGkE-Zkj9eqZwoY&ts=1705676917&e=0"]},{"title":"REZERVOVANÉ - 3-izbový byt v žiadanej lokalite s kompletnou občianskou vybavenosťou","address":"Jasovská, Bratislava V - Petržalka, okres Bratislava","rooms":3,"meters":70,"totalPrice":184900,"meterSquarePrice":0,"link":"https://www.nehnutelnosti.sk/detail/JuySvNU_oF3/rezervovane-3-izbovy-byt-v-ziadanej-lokalite-s-kompletnou-obcianskou-vybavenostou","imagesUrls":["https://img.nehnutelnosti.sk/foto/NjAweDMzOC9maWx0ZXJzOnF1YWxpdHkoMTAwKS9uZWg=/CMJdPw1hHL_fss?st=9Hgu6wCeRZg3WlbkxZGRL3QfKSGe1Ne_qy68Y5ug58g&ts=1723822080&e=0"]},{"title":"Kompletne zrekonštruovaný 4-izbový byt s loggiou a 2 kúpeľňami","address":"Pavla Horova, Bratislava IV - Devínska Nová Ves, okres Bratislava","rooms":4,"meters":85,"totalPrice":null,"meterSquarePrice":null,"link":"https://www.nehnutelnosti.sk/detail/Juin3ebOCnq/kompletne-zrekonstruovany-4-izbovy-byt-s-loggiou-a-2-kupelnami","imagesUrls":["https://img.nehnutelnosti.sk/foto/NjAweDMzOC9maWx0ZXJzOnF1YWxpdHkoMTAwKS9uZWg=/ffx8-L9vG_fss?st=mH4Cw1PYVe-CjL9GfAmtGiTivpUUTPsuE4sv9QzWfRU&ts=1726239753&e=0"]},{"title":"HALO reality - Predaj, trojizbový byt Lužianky, so záhradou a 2 parkovacími státiami, PREDPREDAJ,  -","address":"Lužianky, okres Nitra","rooms":3,"meters":92,"totalPrice":159000,"meterSquarePrice":6,"link":"https://www.nehnutelnosti.sk/detail/JumOE2701VN/halo-reality-predaj-trojizbovy-byt-luzianky-so-zahradou-a-2-parkovacimi-statiami-predpredaj","imagesUrls":["https://img.nehnutelnosti.sk/foto/NjAweDMzOC9maWx0ZXJzOnF1YWxpdHkoMTAwKS9uZWg=/urJNl_YWV_fss?st=V6DxiREkejXWoqSchP9x1ln5WLQF-JbF6RsTq0fPwRQ&ts=1726826646&e=0"]}]