[{"title":"Na predaj 4i byt s 5 loggiami vo Zvolene časť Zlatý Potok","address":"Zvolen, okres Zvolen","rooms":4,"meters":116,"totalPrice":184900,"meterSquarePrice":7,"link":"https://www.nehnutelnosti.sk/detail/Ju9r304zJwp/na-predaj-4i-byt-s-5-loggiami-vo-zvolene-cast-zlaty-potok","imagesUrls":["https://img.nehnutelnosti.sk/foto/NjAweDMzOC9maWx0ZXJzOnF1YWxpdHkoMTAwKS9uZWg=/7lm7E3udSg_fss?st=SR6BimRtYEs_Eys0TiQN2G7YapzZ_O4I9EVba7UOHRs&ts=1722162660&e=0"]},{"title":"Nový 2-izbový byt  v novostavbe, Nové Mesto nad Váhom","address":"Nové Mesto nad Váhom, okres Nové Mesto nad Váhom","rooms":2,"meters":56,"totalPrice":122700,"meterSquarePrice":7,"link":"https://www.nehnutelnosti.sk/detail/JuO70xHbVBe/novy-2-izbovy-byt-v-novostavbe-nove-mesto-nad-vahom","imagesUrls":["https://img.nehnutelnosti.sk/foto/NjAweDMzOC9maWx0ZXJzOnF1YWxpdHkoMTAwKS9uZWg=/3GzBPGCzv_fss?st=0NmAK6MjVO7KMBEXpMVAZ7jNRAMpckV3iaFGEFzyWOQ&ts=1721033542&e=0"]},{"title":"Nový 3-izbový byt v novostavbe, Nové Mesto nad Váhom","address":"Nové Mesto nad Váhom, okres Nové Mesto nad Váhom","rooms":3,"meters":80,"totalPrice":171044,"meterSquarePrice":5,"link":"https://www.nehnutelnosti.sk/detail/JukIuM9py3G/novy-3-izbovy-byt-v-novostavbe-nove-mesto-nad-vahom","imagesUrls":["https://img.nehnutelnosti.sk/foto/NjAweDMzOC9maWx0ZXJzOnF1YWxpdHkoMTAwKS9uZWg=/GjeYXvpbVg_fss?st=QqvaKmccYD63xEB-_TAdps0JsR3HJwRcEcFZPtwt7H8&ts=1715781514&e=0"]},{"title":"Nový 3-izbový byt  v novostavbe, Nové Mesto nad Váhom","address":"Nové Mesto nad Váhom, okres Nové Mesto nad Váhom","rooms":3,"meters":72,"totalPrice":164995,"meterSquarePrice":0,"link":"https://www.nehnutelnosti.sk/detail/JuQHokeyx7n/novy-3-izbovy-byt-v-novostavbe-nove-mesto-nad-vahom","imagesUrls":["https://img.nehnutelnosti.sk/foto/NjAweDMzOC9maWx0ZXJzOnF1YWxpdHkoMTAwKS9uZWg=/6XupKaFAK_fss?st=m1n3NBgv2xtlsD_jF-urBrzBGpBRuhHFX2YRh5CKjhE&ts=1715781522&e=0"]},{"title":"Nový veľký 2-izbový byt v novostavbe, Nové Mesto nad Váhom","address":"Nové Mesto nad Váhom, okres Nové Mesto nad Váhom","rooms":2,"meters":72,"totalPrice":149548,"meterSquarePrice":6,"link":"https://www.nehnutelnosti.sk/detail/JuZcxgs0xLO/novy-velky-2-izbovy-byt-v-novostavbe-nove-mesto-nad-vahom","imagesUrls":["https://img.nehnutelnosti.sk/foto/NjAweDMzOC9maWx0ZXJzOnF1YWxpdHkoMTAwKS9uZWg=/m4rSFhsR3v_fss?st=0lS2PMZ-2bUSZBA88w4RH1O0wDrgBFPtnNe38ArXcn0&ts=1708697222&e=0"]},{"title":"Nový 3-izbový byt  v novostavbe, Nové Mesto nad Váhom","address":"Nové Mesto nad Váhom, okres Nové Mesto nad Váhom","rooms":3,"meters":79,"totalPrice":183253,"meterSquarePrice":6,"link":"https://www.nehnutelnosti.sk/detail/Ju0FkjXuojB/novy-3-izbovy-byt-v-novostavbe-nove-mesto-nad-vahom","imagesUrls":["https://img.nehnutelnosti.sk/foto/NjAweDMzOC9maWx0ZXJzOnF1YWxpdHkoMTAwKS9uZWg=/HDLdrWbvW_fss?st=mbFqmGuVsX8xA9fQrmvpehB-zWbW212dSrHseZp4wfw&ts=1708695285&e=0"]},{"title":"Nový 1-izbový byt so záhradou  v novostavbe, Nové Mesto nad Váhom","address":"Nové Mesto nad Váhom, okres Nové Mesto nad Váhom","rooms":1,"meters":31,"totalPrice":89471,"meterSquarePrice":6,"link":"https://www.nehnutelnosti.sk/detail/Juh1528x2yY/novy-1-izbovy-byt-so-zahradou-v-novostavbe-nove-mesto-nad-vahom","imagesUrls":["https://img.nehnutelnosti.sk/foto/NjAweDMzOC9maWx0ZXJzOnF1YWxpdHkoMTAwKS9uZWg=/XgCdT3eIn_fss?st=wx0J5qEbYOvhqhcACp6CXk6BiUi2BiCBOg7FgLbd28s&ts=1708695284&e=0"]},{"title":"Ponúkam na predaj luxusný 2 izbový byt v Trenčíne","address":"Trenčín, Trenčín, okres Trenčín","rooms":2,"meters":null,"totalPrice":null,"meterSquarePrice":null,"link":"https://www.nehnutelnosti.sk/detail/JulAgXa5hs1/ponukam-na-predaj-luxusny-2-izbovy-byt-v-trencine","imagesUrls":["https://img.nehnutelnosti.sk/foto/NjAweDMzOC9maWx0ZXJzOnF1YWxpdHkoMTAwKS9uZWg=/Ek290yThIT_fss?st=mLdgFhVf-ac_4n4-miepfAZ0oYIR7_LWk6asPd_Ta_o&ts=1724507012&e=0"]},{"title":"Kľúče v RK! Veľký 1-iz.byt (36m2) na ul. Bizetova v Nitre časť - Klokočina.","address":"Bizetova, Nitra, okres Nitra","rooms":1,"meters":36,"totalPrice":99900,"meterSquarePrice":5,"link":"https://www.nehnutelnosti.sk/detail/Ju353yk9ALU/kluce-v-rk-velky-1-iz-byt-36m2-na-ul-bizetova-v-nitre-cast-klokocina","imagesUrls":["https://img.unitedclassifieds.sk/foto/NjAweDMzOC9maWx0ZXJzOnF1YWxpdHkoMTAwKS9qdWw=/tcYBOapDK_fss?st=UMN6y41Riv8KfyBrWx_CDBkFgsfFIAl6xYPhG8VXoTQ&ts=1715867837&e=0"]},{"title":"Zariadený 3-iz.byt po kompletnej rekonštrukcii (65,08 m2) v Seredi.","address":"Námestie Slobody, Sereď, okres Galanta","rooms":3,"meters":65,"totalPrice":115000,"meterSquarePrice":6,"link":"https://www.nehnutelnosti.sk/detail/JugYFIC2VpQ/zariadeny-3-iz-byt-po-kompletnej-rekonstrukcii-65-08-m2-v-seredi","imagesUrls":["https://img.unitedclassifieds.sk/foto/NjAweDMzOC9maWx0ZXJzOnF1YWxpdHkoMTAwKS9qdWw=/Or6lhCN3s_fss?st=C_52CYCpiXJ8xsdGkteFppiHJCwh8pRbGXFQgYVnv7w&ts=1718257727&e=0"]},{"title":"Byt so záhradkou a garážou - 3-izb. Zlaté Moravce","address":"Sládkovičova, Zlaté Moravce, okres Zlaté Moravce","rooms":3,"meters":109,"totalPrice":149900,"meterSquarePrice":3,"link":"https://www.nehnutelnosti.sk/detail/Jupf3KjXN5j/byt-so-zahradkou-a-garazou-3-izb-zlate-moravce","imagesUrls":["https://img.nehnutelnosti.sk/foto/NjAweDMzOC9maWx0ZXJzOnF1YWxpdHkoMTAwKS9uZWg=/RYaBhnjg__fss?st=-wDXCCe0hRoUNnseXS8lvTfy1hMlsrx6ZfOwcQG_zng&ts=1723115935&e=0"]},{"title":"Dokončený 1 - izbový byt na najvyššom poschodí v novostavbe v blízkosti centra!","address":"Bratislava II - Ružinov, okres Bratislava","rooms":1,"meters":45,"totalPrice":220500,"meterSquarePrice":3,"link":"https://www.nehnutelnosti.sk/detail/Ju-A_3fUOiG/dokonceny-1-izbovy-byt-na-najvyssom-poschodi-v-novostavbe-v-blizkosti-centra","imagesUrls":["https://img.unitedclassifieds.sk/foto/NjAweDMzOC9maWx0ZXJzOnF1YWxpdHkoMTAwKS9qdWw=/0x_PAbQDe_fss?st=nyYLwKFVpcDFIlcGC6Nzme8YGQhMVJqOEV-vC0oM3Vg&ts=1724244191&e=0"]},{"title":"Dvojka  po rekonštrukcii s balkónom","address":"Lúčna, Vranov nad Topľou, okres Vranov nad Topľou","rooms":2,"meters":null,"totalPrice":null,"meterSquarePrice":null,"link":"https://www.nehnutelnosti.sk/detail/Ju5B_ucYhXM/dvojka-po-rekonstrukcii-s-balkonom","imagesUrls":["https://img.nehnutelnosti.sk/foto/NjAweDMzOC9maWx0ZXJzOnF1YWxpdHkoMTAwKS9uZWg=/rnf-HYwESh_fss?st=cbEHTWCXvviG4cMRvP8h1U64mAXmVWQi0hNlYk7IzCY&ts=1724502938&e=0"]},{"title":"3- Izbový byt | Kompletná rekonštrukcia- Požiarnícka ulica","address":"Požiarnická 14, Prešov, okres Prešov","rooms":3,"meters":58,"totalPrice":154000,"meterSquarePrice":7,"link":"https://www.nehnutelnosti.sk/detail/Ju-WfXM2gzu/3-izbovy-byt-kompletna-rekonstrukcia-poziarnicka-ulica","imagesUrls":["https://img.unitedclassifieds.sk/foto/NjAweDMzOC9maWx0ZXJzOnF1YWxpdHkoMTAwKS9yc2Y=/l1s2mv5Yy_fss?st=Ef2-fs6-gB58F6TAPKjN7t8cBPcyMRWYlBapQrAWr6c&ts=1721224572&e=0"]},{"title":"Predaj - Novostavba 1 izbový byt - Prievidza","address":"Lúčna, Prievidza, okres Prievidza","rooms":1,"meters":30,"totalPrice":74900,"meterSquarePrice":7,"link":"https://www.nehnutelnosti.sk/detail/JukYxO74DGC/predaj-novostavba-1-izbovy-byt-prievidza","imagesUrls":["https://img.nehnutelnosti.sk/foto/NjAweDMzOC9maWx0ZXJzOnF1YWxpdHkoMTAwKS9uZWg=/ehD_mlMoC_fss?st=ZpckqbnGnLMeovvuIHoKuDoCvmLiSSW1E0TKv9Ruohs&ts=1722508356&e=0"]},{"title":"2-izbovy byt- Pôvodný stav / Sídlisko II.","address":"Októbrová, Prešov, okres Prešov","rooms":2,"meters":62,"totalPrice":117000,"meterSquarePrice":0,"link":"https://www.nehnutelnosti.sk/detail/Judn5KB8-vH/2-izbovy-byt-povodny-stav-sidlisko-ii","imagesUrls":["https://img.unitedclassifieds.sk/foto/NjAweDMzOC9maWx0ZXJzOnF1YWxpdHkoMTAwKS9qdWw=/wxZstupZV_fss?st=osU7f6zKMPtvURnp18vrZHhtK9ZDNIIeqKtOpt1hox8&ts=1724499056&e=0"]},{"title":"Predám výnimočný 4-izbový byt blízko Draždiaka","address":"Znievska, Bratislava V - Petržalka, okres Bratislava","rooms":4,"meters":87,"totalPrice":265000,"meterSquarePrice":8,"link":"https://www.nehnutelnosti.sk/detail/Ju5Nd96eNGw/predam-vynimocny-4-izbovy-byt-blizko-drazdiaka","imagesUrls":["https://img.nehnutelnosti.sk/foto/NjAweDMzOC9maWx0ZXJzOnF1YWxpdHkoMTAwKS9uZWg=/L61mlRD9U_fss?st=ApP5W1Ypm3bVGQFyhFCoisCYQc0P7ctgeaIeH2qL3eA&ts=1645714507&e=0"]},{"title":"3,5- IZB BYT - TOPOĽČANY","address":"Gogoľova, Topoľčany, okres Topoľčany","rooms":3,"meters":76,"totalPrice":114000,"meterSquarePrice":0,"link":"https://www.nehnutelnosti.sk/detail/JuDc3f7Yyka/3-5-izb-byt-topolcany","imagesUrls":["https://img.nehnutelnosti.sk/foto/NjAweDMzOC9maWx0ZXJzOnF1YWxpdHkoMTAwKS9uZWg=/-z-BMUyvI_fss?st=L3ZFnevW2KCUSueE0JuKxsh-pbB2fWEytlRDSg3DPFU&ts=1724491993&e=0"]},{"title":"Exkluzívne 3-izbový veľký, luxusne prerobený tehlový byt s krásnym výhľadom a záhradou","address":"Bzince pod Javorinou, Bzince pod Javorinou, okres Nové Mesto nad Váhom","rooms":3,"meters":82,"totalPrice":149000,"meterSquarePrice":7,"link":"https://www.nehnutelnosti.sk/detail/JuJeXcOx9wS/exkluzivne-3-izbovy-velky-luxusne-prerobeny-tehlovy-byt-s-krasnym-vyhladom-a-zahradou","imagesUrls":["https://img.nehnutelnosti.sk/foto/NjAweDMzOC9maWx0ZXJzOnF1YWxpdHkoMTAwKS9uZWg=/2pviXoy46_fss?st=Cw8yLKPy4NXNYBfm0DK86r92IPH-Zg-llHUAIDQr4OA&ts=1724489911&e=0"]},{"title":"Predaj,3izb.byt v Lučenci na Adyho ulici","address":"Adyho, Lučenec, okres Lučenec","rooms":3,"meters":72,"totalPrice":77000,"meterSquarePrice":4,"link":"https://www.nehnutelnosti.sk/detail/JuoaN5cGyMx/predaj-3izb-byt-v-lucenci-na-adyho-ulici","imagesUrls":["https://img.nehnutelnosti.sk/foto/NjAweDMzOC9maWx0ZXJzOnF1YWxpdHkoMTAwKS9uZWg=/GtVZLnTRp_fss?st=g4o0NPeZkiR8tqomgND019FmjsE_5n5yFVHobBmnx8s&ts=1724489241&e=0"]},{"title":"Predám 4.izbovy byt","address":"Bieloruská 5194/60, Bratislava II - Podunajské Biskupice, okres Bratislava","rooms":4,"meters":86,"totalPrice":null,"meterSquarePrice":null,"link":"https://www.nehnutelnosti.sk/detail/Ju7yKmSRYL-/predam-4-izbovy-byt","imagesUrls":["https://img.nehnutelnosti.sk/foto/NjAweDMzOC9maWx0ZXJzOnF1YWxpdHkoMTAwKS9uZWg=/q-VMvzgm6p_fss?st=doDerrlm6NJGUZJ3R9KCXlKoOsRj6SqtobSZl7HjfFM&ts=1713510860&e=0"]},{"title":"2. izbový byt s veľkou terasou v Malackách na predaj.","address":"Pezinská, Malacky, okres Malacky","rooms":2,"meters":83,"totalPrice":168200,"meterSquarePrice":2,"link":"https://www.nehnutelnosti.sk/detail/JucSUyVtOKR/2-izbovy-byt-s-velkou-terasou-v-malackach-na-predaj","imagesUrls":["https://img.unitedclassifieds.sk/foto/NjAweDMzOC9maWx0ZXJzOnF1YWxpdHkoMTAwKS9yc2Y=/T_pfmlxfS_fss?st=op3lSB9O9Td66J_70Mmfgz4NmGq-nJbtbjUNaAUA8ik&ts=1715745759&e=0"]},{"title":"Malacky, 1 izbový byt na predaj.","address":"D. Skuteckého, Malacky, okres Malacky","rooms":1,"meters":22,"totalPrice":51900,"meterSquarePrice":9,"link":"https://www.nehnutelnosti.sk/detail/Juu-exsMpXU/malacky-1-izbovy-byt-na-predaj","imagesUrls":["https://img.unitedclassifieds.sk/foto/NjAweDMzOC9maWx0ZXJzOnF1YWxpdHkoMTAwKS9yc2Y=/cXgPyDnmp_fss?st=ydYdpw8mZwzhQ4K4UgEh7c6gRydLFKW9pgVUCj39-ok&ts=1715791860&e=0"]},{"title":"Na predaj 2. izbový byt s terasou v novostavbe – Stupava Mást","address":"Železničná, Stupava, okres Malacky","rooms":2,"meters":55,"totalPrice":165000,"meterSquarePrice":0,"link":"https://www.nehnutelnosti.sk/detail/Jugxpk-1sQv/na-predaj-2-izbovy-byt-s-terasou-v-novostavbe-stupava-mast","imagesUrls":["https://img.unitedclassifieds.sk/foto/NjAweDMzOC9maWx0ZXJzOnF1YWxpdHkoMTAwKS9yc2Y=/y3fg2k1cG_fss?st=W-kd4w9p7T6ifCp3kDkUl_HmtapZLJHvAtns00vmqgQ&ts=1715747738&e=0"]},{"title":"1- izbový byt v obci Rohožník na predaj.","address":"Školské Námestie, Rohožník, Malacky, okres Malacky","rooms":1,"meters":36,"totalPrice":79000,"meterSquarePrice":4,"link":"https://www.nehnutelnosti.sk/detail/JuyQ1xniCyUy/1-izbovy-byt-v-obci-rohoznik-na-predaj","imagesUrls":["https://img.unitedclassifieds.sk/foto/NjAweDMzOC9maWx0ZXJzOnF1YWxpdHkoMTAwKS9yc2Y=/rmiSNWkas_fss?st=Q3rAyhK4Ctdi3QBEy7XRWMoQ4F5sjsiekgrO3INfwis&ts=1718264767&e=0"]},{"title":"4. izbový byt s loggiou v Dúbravke na predaj.","address":"Karola Adlera, Bratislava IV - Dúbravka, okres Bratislava","rooms":4,"meters":82,"totalPrice":209000,"meterSquarePrice":8,"link":"https://www.nehnutelnosti.sk/detail/JusyTKmlqHh/4-izbovy-byt-s-loggiou-v-dubravke-na-predaj","imagesUrls":["https://img.unitedclassifieds.sk/foto/NjAweDMzOC9maWx0ZXJzOnF1YWxpdHkoMTAwKS9yc2Y=/lJygQ35vw_fss?st=Jhcm0ySysXp2_TJEnQtiYCzNv27JfbjFUEI3K1RfHzI&ts=1724334188&e=0"]},{"title":"Na predaj 2.izbový byt v novostavbe s terasou.","address":"Pezinská, Malacky, okres Malacky","rooms":2,"meters":69,"totalPrice":153400,"meterSquarePrice":6,"link":"https://www.nehnutelnosti.sk/detail/JuoM8VrQwKy/na-predaj-2-izbovy-byt-v-novostavbe-s-terasou","imagesUrls":["https://img.unitedclassifieds.sk/foto/NjAweDMzOC9maWx0ZXJzOnF1YWxpdHkoMTAwKS9yc2Y=/oP2ktte1p_fss?st=78jPMQTVnhtltTjsWXENhA6U8rsUBwLk4im9atVpod4&ts=1715745731&e=0"]},{"title":"Dúbravka, Húščavova ul.,  3. izbový byt ideálny na rekonštrukciu na predaj.","address":"Húščavova, Bratislava IV - Dúbravka, okres Bratislava","rooms":3,"meters":75,"totalPrice":199000,"meterSquarePrice":3,"link":"https://www.nehnutelnosti.sk/detail/Ju3WyOZrKVk/dubravka-huscavova-ul-3-izbovy-byt-idealny-na-rekonstrukciu-na-predaj","imagesUrls":["https://img.unitedclassifieds.sk/foto/NjAweDMzOC9maWx0ZXJzOnF1YWxpdHkoMTAwKS9qdWw=/namsTCZ0o_fss?st=xxm5Gie4RnsotM3ytpbuYcgPdskqzzy4L3U5S9tnzbY&ts=1726838403&e=0"]},{"title":"Unikátny 4. izbový mezonet s dvoma terasami v Malackách na predaj.","address":"Pezinská, Malacky, okres Malacky","rooms":4,"meters":186,"totalPrice":310200,"meterSquarePrice":2,"link":"https://www.nehnutelnosti.sk/detail/JuK55ADrsfG/unikatny-4-izbovy-mezonet-s-dvoma-terasami-v-malackach-na-predaj","imagesUrls":["https://img.unitedclassifieds.sk/foto/NjAweDMzOC9maWx0ZXJzOnF1YWxpdHkoMTAwKS9yc2Y=/8aXwi8puDL_fss?st=MECCpiyJC6jnOAVWirZiEuh-wXmmsLeOq3XT9Q6Cf7k&ts=1715745802&e=0"]},{"title":"2. izbový byt v Stupave na predaj.","address":"Dolná, Stupava, okres Malacky","rooms":2,"meters":47,"totalPrice":132000,"meterSquarePrice":2,"link":"https://www.nehnutelnosti.sk/detail/JuvesaZ0jmc/2-izbovy-byt-v-stupave-na-predaj","imagesUrls":["https://img.unitedclassifieds.sk/foto/NjAweDMzOC9maWx0ZXJzOnF1YWxpdHkoMTAwKS9yc2Y=/N5V3XFoxd_fss?st=sS1rKF8iR4sDgVZ6CaiqNCXt7q7b9FX4WR9ccSQUEG0&ts=1718022202&e=0"]}]