[{"title":"HALO reality - Predaj, štvorizbový byt Sládkovičovo, J. Dalloša","address":"J. Dalloša, Sládkovičovo, okres Galanta","rooms":4,"meters":81,"totalPrice":127000,"meterSquarePrice":0,"link":"https://www.nehnutelnosti.sk/detail/JuGb6kBozW7/halo-reality-predaj-stvorizbovy-byt-sladkovicovo-j-dallosa","imagesUrls":["https://img.nehnutelnosti.sk/foto/NjAweDMzOC9maWx0ZXJzOnF1YWxpdHkoMTAwKS9uZWg=/Nd4RHzaS6Q_fss?st=Gx-O4-8C-0UYkpGp9v3H9ywByj88tT8k-ntNJiSNbOs&ts=1725943919&e=0"]},{"title":"HALO reality - Predaj, jednoizbový byt Kanianka, Školská ulica - EXKLUZÍVNE HALO REALITY","address":"Kanianka, okres Prievidza","rooms":1,"meters":40,"totalPrice":69900,"meterSquarePrice":0,"link":"https://www.nehnutelnosti.sk/detail/Jugyvdrbtrt/halo-reality-predaj-jednoizbovy-byt-kanianka-skolska-ulica-exkluzivne-halo-reality","imagesUrls":["https://img.nehnutelnosti.sk/foto/NjAweDMzOC9maWx0ZXJzOnF1YWxpdHkoMTAwKS9uZWg=/mVw1OVK_Z_fss?st=hqbTvwJbALVVUW69-nYodpY6btVHvnBvWpiICwTTuPQ&ts=1719242056&e=0"]},{"title":"HALO reality - Predaj, dvojizbový byt Dunajská Streda, Jesenského, tehla, širšie centrum","address":"Dunajská Streda, okres Dunajská Streda","rooms":2,"meters":56,"totalPrice":99990,"meterSquarePrice":4,"link":"https://www.nehnutelnosti.sk/detail/Ju7RZmdUhS7/halo-reality-predaj-dvojizbovy-byt-dunajska-streda-jesenskeho-tehla-sirsie-centrum","imagesUrls":["https://img.nehnutelnosti.sk/foto/NjAweDMzOC9maWx0ZXJzOnF1YWxpdHkoMTAwKS9uZWg=/O5mFbl-SGn_fss?st=SMN9qayFBK9nUgMgfn7EubYMJBy1du2-V5a7Y2t0fds&ts=1719241991&e=0"]},{"title":"HALO reality - Predaj, trojizbový byt Dunajská Streda, Boriny, kompletná rekonštrukcia","address":"Boriny, Dunajská Streda, okres Dunajská Streda","rooms":3,"meters":66,"totalPrice":155000,"meterSquarePrice":8,"link":"https://www.nehnutelnosti.sk/detail/Ju6ZrvAMCOE/halo-reality-predaj-trojizbovy-byt-dunajska-streda-boriny-kompletna-rekonstrukcia","imagesUrls":["https://img.nehnutelnosti.sk/foto/NjAweDMzOC9maWx0ZXJzOnF1YWxpdHkoMTAwKS9uZWg=/aQvJWFM5UQ_fss?st=Ttj6UTdmG7ysOxdcnKXziZpv3k8omyemj6QQ4_ZXzew&ts=1719242002&e=0"]},{"title":"HALO reality - Predaj, dvojizbový byt Dunajská Streda, garáž a nebytový priestor (spolu 106 m2)","address":"Dunajská Streda, okres Dunajská Streda","rooms":2,"meters":106,"totalPrice":139990,"meterSquarePrice":6,"link":"https://www.nehnutelnosti.sk/detail/Ju2V1J-WZYk/halo-reality-predaj-dvojizbovy-byt-dunajska-streda-garaz-a-nebytovy-priestor-spolu-106-m2","imagesUrls":["https://img.nehnutelnosti.sk/foto/NjAweDMzOC9maWx0ZXJzOnF1YWxpdHkoMTAwKS9uZWg=/Wh0ofCeh1_fss?st=KcZWwvc3073qzep6jVxdW77kBJ2gGMaPoX43eH-kHCQ&ts=1726367530&e=0"]},{"title":"HALO reality - Predaj, trojizbový byt Banská Štiavnica","address":"Banská Štiavnica, okres Banská Štiavnica","rooms":3,"meters":70,"totalPrice":85000,"meterSquarePrice":9,"link":"https://www.nehnutelnosti.sk/detail/JuyZDkE-McS/halo-reality-predaj-trojizbovy-byt-banska-stiavnica","imagesUrls":["https://img.nehnutelnosti.sk/foto/NjAweDMzOC9maWx0ZXJzOnF1YWxpdHkoMTAwKS9uZWg=/3QYRiaiLF_fss?st=wqvwFc_VXfKAefEV3uQzAuX7_C7_XIRSF75_Mnsmkes&ts=1725317279&e=0"]},{"title":"HALO reality - Predaj, štvorizbový byt Dunajská Streda, Námestie SNP","address":"Dunajská Streda, okres Dunajská Streda","rooms":4,"meters":86,"totalPrice":138000,"meterSquarePrice":5,"link":"https://www.nehnutelnosti.sk/detail/JuOC05PiEI6/halo-reality-predaj-stvorizbovy-byt-dunajska-streda-namestie-snp","imagesUrls":["https://img.nehnutelnosti.sk/foto/NjAweDMzOC9maWx0ZXJzOnF1YWxpdHkoMTAwKS9uZWg=/0Df_uC-vIF_fss?st=cedygr__rht_R9d1Rb21cCcW7sxCxl0_YVIoYKjx60k&ts=1719241996&e=0"]},{"title":"HALO reality - Predaj, trojizbový byt Banská Štiavnica","address":"Banská Štiavnica, okres Banská Štiavnica","rooms":3,"meters":64,"totalPrice":94000,"meterSquarePrice":5,"link":"https://www.nehnutelnosti.sk/detail/Ju1RdQc72eX/halo-reality-predaj-trojizbovy-byt-banska-stiavnica","imagesUrls":["https://img.nehnutelnosti.sk/foto/NjAweDMzOC9maWx0ZXJzOnF1YWxpdHkoMTAwKS9uZWg=/tPjPm_r-kO_fss?st=iHRiSKwUQostwMil4b3tsCTgK9gnxsFvnG9FtojkjeU&ts=1724857536&e=0"]},{"title":"HALO reality - Predaj, trojizbový byt Sečovce, BYT + GARÁŽ + ZÁHRADA","address":"Sečovce, okres Trebišov","rooms":3,"meters":65,"totalPrice":72990,"meterSquarePrice":2,"link":"https://www.nehnutelnosti.sk/detail/Jul3FSYRehc/halo-reality-predaj-trojizbovy-byt-secovce-byt-garaz-zahrada","imagesUrls":["https://img.nehnutelnosti.sk/foto/NjAweDMzOC9maWx0ZXJzOnF1YWxpdHkoMTAwKS9uZWg=/2gwmGibbP_fss?st=VQnQFt_BR8XvzpZqgdJiGpbenhcrTaRAgNfPhaSeOww&ts=1719011579&e=0"]},{"title":"HALO reality - Predaj, štvorizbový byt Piešťany, Juh, Javorová","address":"Piešťany, okres Piešťany","rooms":4,"meters":85,"totalPrice":179990,"meterSquarePrice":3,"link":"https://www.nehnutelnosti.sk/detail/Ju1pIjYdzxk/halo-reality-predaj-stvorizbovy-byt-piestany-juh-javorova","imagesUrls":["https://img.nehnutelnosti.sk/foto/NjAweDMzOC9maWx0ZXJzOnF1YWxpdHkoMTAwKS9uZWg=/069aFpgtX0_fss?st=aUPhKLpw5ve2RAczQvri17U9VaDKbRTO8FeLoau4hic&ts=1719021004&e=0"]},{"title":"HALO reality - Predaj, trojizbový byt Trebišov","address":"Trebišov, okres Trebišov","rooms":3,"meters":65,"totalPrice":72880,"meterSquarePrice":3,"link":"https://www.nehnutelnosti.sk/detail/Ju0LnaJXBYUb/halo-reality-predaj-trojizbovy-byt-trebisov","imagesUrls":["https://img.nehnutelnosti.sk/foto/NjAweDMzOC9maWx0ZXJzOnF1YWxpdHkoMTAwKS9uZWg=/qw9RwEHX0_fss?st=OE2vFJ07rAn02HNJY5YDZHF_hc5Tp49AA3k8U50PL6M&ts=1719019259&e=0"]},{"title":"HALO reality - Predaj, dvojizbový byt Hlohovec","address":"Hlohovec, okres Hlohovec","rooms":2,"meters":63,"totalPrice":107900,"meterSquarePrice":0,"link":"https://www.nehnutelnosti.sk/detail/JuNsW9E-Z1j/halo-reality-predaj-dvojizbovy-byt-hlohovec","imagesUrls":["https://img.nehnutelnosti.sk/foto/NjAweDMzOC9maWx0ZXJzOnF1YWxpdHkoMTAwKS9uZWg=/jDzqc-SmX_fss?st=yV3h0ubUdkRfTuFr9c7kzNqp4Cy9Sk7EORLgcK2jehI&ts=1725474299&e=0"]},{"title":"HALO reality - Predaj, trojizbový byt Prievidza, Sídlisko Zapotôčky - EXKLUZÍVNE HALO REALITY","address":"Prievidza, okres Prievidza","rooms":3,"meters":71,"totalPrice":93000,"meterSquarePrice":6,"link":"https://www.nehnutelnosti.sk/detail/JuVN3asX6Fu/halo-reality-predaj-trojizbovy-byt-prievidza-sidlisko-zapotocky-exkluzivne-halo-reality","imagesUrls":["https://img.nehnutelnosti.sk/foto/NjAweDMzOC9maWx0ZXJzOnF1YWxpdHkoMTAwKS9uZWg=/98X4WVZy2_fss?st=A_raG4myOYSNuXb3yVrgql_LTxRs8tR6Q9JYxHby_QM&ts=1719017412&e=0"]},{"title":"HALO reality - Predaj, trojizbový byt Handlová - EXKLUZÍVNE HALO REALITY","address":"Handlová, okres Prievidza","rooms":3,"meters":56,"totalPrice":54990,"meterSquarePrice":6,"link":"https://www.nehnutelnosti.sk/detail/Jux78q49XK_/halo-reality-predaj-trojizbovy-byt-handlova-exkluzivne-halo-reality","imagesUrls":["https://img.nehnutelnosti.sk/foto/NjAweDMzOC9maWx0ZXJzOnF1YWxpdHkoMTAwKS9uZWg=/FKs6dlenC_fss?st=1-rrj7VQCJMdnG14Jc9kfhfW4wicggJcLBGXWD3sPbM&ts=1719018316&e=0"]},{"title":"HALO reality - Predaj, trojizbový byt Senica","address":"Senica, okres Senica","rooms":3,"meters":68,"totalPrice":113990,"meterSquarePrice":2,"link":"https://www.nehnutelnosti.sk/detail/Ju8r43t6ex4/halo-reality-predaj-trojizbovy-byt-senica","imagesUrls":["https://img.nehnutelnosti.sk/foto/NjAweDMzOC9maWx0ZXJzOnF1YWxpdHkoMTAwKS9uZWg=/FyJh92Yug_fss?st=p_wMA518itZXLWpisneiOyhezza9jjD040sF2321qxE&ts=1719019254&e=0"]},{"title":"HALO reality - Predaj, trojizbový byt Poprad / kancelárie - EXKLUZÍVNE HALO REALITY","address":"Poprad, okres Poprad","rooms":3,"meters":77,"totalPrice":169990,"meterSquarePrice":6,"link":"https://www.nehnutelnosti.sk/detail/Jut_oxzEdu8/halo-reality-predaj-trojizbovy-byt-poprad-kancelarie-exkluzivne-halo-reality","imagesUrls":["https://img.nehnutelnosti.sk/foto/NjAweDMzOC9maWx0ZXJzOnF1YWxpdHkoMTAwKS9uZWg=/Em8unbCES_fss?st=RywihwWl9bk-J87lHb_Y9nCcWV8rvVakJG4KM6440f4&ts=1719020090&e=0"]},{"title":"HALO reality - Predaj, dvojizbový byt Handlová, Centrum - EXKLUZÍVNE HALO REALITY","address":"Handlová, okres Prievidza","rooms":2,"meters":56,"totalPrice":54990,"meterSquarePrice":6,"link":"https://www.nehnutelnosti.sk/detail/JuIWzAFipPC/halo-reality-predaj-dvojizbovy-byt-handlova-centrum-exkluzivne-halo-reality","imagesUrls":["https://img.nehnutelnosti.sk/foto/NjAweDMzOC9maWx0ZXJzOnF1YWxpdHkoMTAwKS9uZWg=/YipCpG581_fss?st=W43FgH249UdhHcjQuCQkFHq2ytquGORyQTgN0JVxOqE&ts=1719018316&e=0"]},{"title":"HALO reality - REZERVOVANÉ - Predaj, dvojizbový byt Banská Štiavnica","address":"Banská Štiavnica, okres Banská Štiavnica","rooms":2,"meters":54,"totalPrice":93000,"meterSquarePrice":2,"link":"https://www.nehnutelnosti.sk/detail/Ju5hokxRSbu/halo-reality-rezervovane-predaj-dvojizbovy-byt-banska-stiavnica","imagesUrls":["https://img.nehnutelnosti.sk/foto/NjAweDMzOC9maWx0ZXJzOnF1YWxpdHkoMTAwKS9uZWg=/OKKmLbAv9_fss?st=X7Rbv2VSU8OkIUb_0Eu6EglvJW0_k1ZKZmsgKZgnzkg&ts=1719391851&e=0"]},{"title":"HALO reality - Predaj, trojizbový byt Vrbové, Súkennícka - EXKLUZÍVNE HALO REALITY","address":"Vrbové, okres Piešťany","rooms":3,"meters":67,"totalPrice":109000,"meterSquarePrice":7,"link":"https://www.nehnutelnosti.sk/detail/JuDA0uV4FZ5/halo-reality-predaj-trojizbovy-byt-vrbove-sukennicka-exkluzivne-halo-reality","imagesUrls":["https://img.nehnutelnosti.sk/foto/NjAweDMzOC9maWx0ZXJzOnF1YWxpdHkoMTAwKS9uZWg=/iXpdOP6hP9_fss?st=8hhGuqdmxUtKlLeV9XlfNA0n4zECSaI1bbMjCawqIT0&ts=1718960371&e=0"]},{"title":"HALO reality - Predaj, trojizbový byt Rimavská Sobota, Malohontská - EXKLUZÍVNE HALO REALITY","address":"Malohontská, Rimavská Sobota, okres Rimavská Sobota","rooms":3,"meters":67,"totalPrice":72000,"meterSquarePrice":3,"link":"https://www.nehnutelnosti.sk/detail/JulKmwvFRRB/halo-reality-predaj-trojizbovy-byt-rimavska-sobota-malohontska-exkluzivne-halo-reality","imagesUrls":["https://img.nehnutelnosti.sk/foto/NjAweDMzOC9maWx0ZXJzOnF1YWxpdHkoMTAwKS9uZWg=/_v4zEwVy1_fss?st=s1PzoFPLD74cWNpjYesFxyJqOK_gNZ0kLNaQWXm1gBE&ts=1718797085&e=0"]},{"title":"HALO reality - Predaj, trojizbový byt Partizánske, Centrum - EXKLUZÍVNE HALO REALITY","address":"Generála Svobodu, Partizánske, okres Partizánske","rooms":3,"meters":70,"totalPrice":75000,"meterSquarePrice":3,"link":"https://www.nehnutelnosti.sk/detail/Jur_bz98sal/halo-reality-predaj-trojizbovy-byt-partizanske-centrum-exkluzivne-halo-reality","imagesUrls":["https://img.nehnutelnosti.sk/foto/NjAweDMzOC9maWx0ZXJzOnF1YWxpdHkoMTAwKS9uZWg=/l7TKlpez5_fss?st=7Q7Ud7zFd6qDSpOZUVPixiHJuHed0GwcxWT_zJ91pcQ&ts=1718797062&e=0"]},{"title":"HALO reality - REZERVOVANÉ - Predaj, jednoizbový byt Hnúšťa - EXKLUZÍVNE HALO REALITY","address":"Hnúšťa, okres Rimavská Sobota","rooms":1,"meters":32,"totalPrice":25000,"meterSquarePrice":5,"link":"https://www.nehnutelnosti.sk/detail/JueXE5OvtY8/halo-reality-rezervovane-predaj-jednoizbovy-byt-hnusta-exkluzivne-halo-reality","imagesUrls":["https://img.nehnutelnosti.sk/foto/NjAweDMzOC9maWx0ZXJzOnF1YWxpdHkoMTAwKS9uZWg=/at2QHPMdg_fss?st=z_mz4Nr_3IMEYHldDfzuX1EZjd0s4OKRglMk-otdKzc&ts=1721311208&e=0"]},{"title":"HALO reality - Predaj, trojizbový byt Žiar nad Hronom, Centrum II - EXKLUZÍVNE HALO REALITY","address":"Žiar nad Hronom, okres Žiar nad Hronom","rooms":3,"meters":70,"totalPrice":133500,"meterSquarePrice":4,"link":"https://www.nehnutelnosti.sk/detail/JubMF4YCf89/halo-reality-predaj-trojizbovy-byt-ziar-nad-hronom-centrum-ii-exkluzivne-halo-reality","imagesUrls":["https://img.nehnutelnosti.sk/foto/NjAweDMzOC9maWx0ZXJzOnF1YWxpdHkoMTAwKS9uZWg=/gWDI8U8Ik_fss?st=VhCl2Hrc12-u4b9S-wmIZemDZSBV4VnkaZ8dZL3iwOw&ts=1718304842&e=0"]},{"title":"HALO reality - Predaj, trojizbový byt Nováky","address":"Nováky, okres Prievidza","rooms":3,"meters":62,"totalPrice":78000,"meterSquarePrice":6,"link":"https://www.nehnutelnosti.sk/detail/JugGM3ZXjmt/halo-reality-predaj-trojizbovy-byt-novaky","imagesUrls":["https://img.nehnutelnosti.sk/foto/NjAweDMzOC9maWx0ZXJzOnF1YWxpdHkoMTAwKS9uZWg=/QEuJwTtN5_fss?st=ZpCSmsLqSyna8pk2AIjV_HAbEMiEIsMRwDZuInpXHUw&ts=1718197206&e=0"]},{"title":"HALO reality - Predaj, garsónka Žiar nad Hronom, centrum mesta, s lodžiou - EXKLUZÍVNE HALO REALITY","address":"Žiar nad Hronom, okres Žiar nad Hronom","rooms":null,"meters":24,"totalPrice":39990,"meterSquarePrice":5,"link":"https://www.nehnutelnosti.sk/detail/JuuctIBqnwP/halo-reality-predaj-garsonka-ziar-nad-hronom-centrum-mesta-s-lodziou-exkluzivne-halo-reality","imagesUrls":["https://img.nehnutelnosti.sk/foto/NjAweDMzOC9maWx0ZXJzOnF1YWxpdHkoMTAwKS9uZWg=/XMSVNRdW3_fss?st=9iEvvdQqXlqfqZgdIyxlgIjvyA6cEaAMG6gQhxouXZs&ts=1718116503&e=0"]},{"title":"HALO reality - Predaj, trojizbový byt Jelšava - EXKLUZÍVNE HALO REALITY","address":"Jelšava, okres Revúca","rooms":3,"meters":52,"totalPrice":22100,"meterSquarePrice":5,"link":"https://www.nehnutelnosti.sk/detail/Jueu0zE17rp/halo-reality-predaj-trojizbovy-byt-jelsava-exkluzivne-halo-reality","imagesUrls":["https://img.nehnutelnosti.sk/foto/NjAweDMzOC9maWx0ZXJzOnF1YWxpdHkoMTAwKS9uZWg=/ESeP1SwOP_fss?st=H1OCfXdn81_For-UQ-GSaaSjT7k9js4RQuoK_kUWnLM&ts=1717965088&e=0"]},{"title":"HALO reality - Predaj, štvorizbový byt Dunajská Streda","address":"Dunajská Streda, okres Dunajská Streda","rooms":4,"meters":87,"totalPrice":114000,"meterSquarePrice":4,"link":"https://www.nehnutelnosti.sk/detail/JuKYHr666FQ/halo-reality-predaj-stvorizbovy-byt-dunajska-streda","imagesUrls":["https://img.nehnutelnosti.sk/foto/NjAweDMzOC9maWx0ZXJzOnF1YWxpdHkoMTAwKS9uZWg=/kX80HJtgW__fss?st=UrVEbyedXAvpryBHYCYEnq5ZkUKUhIg8APUYGPqyGVk&ts=1718044239&e=0"]},{"title":"HALO reality - Predaj, trojizbový byt Prievidza, Staré Sídlisko - EXKLUZÍVNE HALO REALITY","address":"Prievidza, okres Prievidza","rooms":3,"meters":82,"totalPrice":126000,"meterSquarePrice":9,"link":"https://www.nehnutelnosti.sk/detail/JuZqX47rPFT/halo-reality-predaj-trojizbovy-byt-prievidza-stare-sidlisko-exkluzivne-halo-reality","imagesUrls":["https://img.nehnutelnosti.sk/foto/NjAweDMzOC9maWx0ZXJzOnF1YWxpdHkoMTAwKS9uZWg=/3CJF3F6YY_fss?st=-f9NNg_dE0fA1IXN2neAWssmB7nRsOUQ6SyEpTWaeEY&ts=1724190504&e=0"]},{"title":"HALO reality - Predaj, dvojizbový byt Bánovce nad Bebravou, Dubnička","address":"Bánovce nad Bebravou, okres Bánovce nad Bebravou","rooms":2,"meters":52,"totalPrice":74900,"meterSquarePrice":8,"link":"https://www.nehnutelnosti.sk/detail/JuSw9mJXTQN/halo-reality-predaj-dvojizbovy-byt-banovce-nad-bebravou-dubnicka","imagesUrls":["https://img.nehnutelnosti.sk/foto/NjAweDMzOC9maWx0ZXJzOnF1YWxpdHkoMTAwKS9uZWg=/ux0ExyRUDe_fss?st=mM9mdaZx-jcBE-E4W8sZTFlrFnCFyuSisRFkY5RJr_g&ts=1717772584&e=0"]},{"title":"HALO reality - REZERVOVANÉ - Predaj, dvojizbový byt Bratislava Podunajské Biskupice, Závodná  - EXKL","address":"Bratislava II - Podunajské Biskupice, okres Bratislava","rooms":2,"meters":37,"totalPrice":103000,"meterSquarePrice":8,"link":"https://www.nehnutelnosti.sk/detail/JujrQXLNSpF/halo-reality-rezervovane-predaj-dvojizbovy-byt-bratislava-podunajske-biskupice-zavodna-exkl","imagesUrls":["https://img.nehnutelnosti.sk/foto/NjAweDMzOC9maWx0ZXJzOnF1YWxpdHkoMTAwKS9uZWg=/skJTnvrsV_fss?st=4J5epIzQeYKbj5mY_tMM4dr5nwu1nUf87b-kCzj8S9I&ts=1717663221&e=0"]}]