[{"title":"Realitná kancelária DMPD real. Vám ponúka kompletne a moderne prerobený 3 izbový byt v meste Prievid","address":"Prievidza, okres Prievidza","rooms":3,"meters":70,"totalPrice":120000,"meterSquarePrice":9,"link":"https://www.nehnutelnosti.sk/detail/Ju5HV0zrG_I/realitna-kancelaria-dmpd-real-vam-ponuka-kompletne-a-moderne-prerobeny-3-izbovy-byt-v-meste-prievid","imagesUrls":["https://img.nehnutelnosti.sk/foto/NjAweDMzOC9maWx0ZXJzOnF1YWxpdHkoMTAwKS9uZWg=/KVSLTjnXR_fss?st=ozeAOwEG5pXe6wvJRuvE0-iLlIKoS8rY6Brcn976mYE&ts=1716810618&e=0"]},{"title":"Na predaj pekný útulný moderný byt v novostavbe na skok od NR - Golianovo","address":"Nitra, okres Nitra","rooms":3,"meters":75,"totalPrice":125000,"meterSquarePrice":7,"link":"https://www.nehnutelnosti.sk/detail/JugSOtYUjWj/na-predaj-pekny-utulny-moderny-byt-v-novostavbe-na-skok-od-nr-golianovo","imagesUrls":["https://img.unitedclassifieds.sk/foto/NjAweDMzOC9maWx0ZXJzOnF1YWxpdHkoMTAwKS9qdWw=/vjrllBzoZ_fss?st=a-bnDmDsRLTc4mdAnDLdBu39Ocf289FITAYR2wdUH68&ts=1726229973&e=0"]},{"title":"Veľký 2-izbový byt (68m2 ) s balkónom (4m2), šatníkom, parkovaním a s možnosťou prerábky na 3-izbový","address":"29.augusta, Bratislava I - Staré Mesto, okres Bratislava","rooms":2,"meters":70,"totalPrice":325000,"meterSquarePrice":6,"link":"https://www.nehnutelnosti.sk/detail/Ju_4KJdvevo/velky-2-izbovy-byt-68m2-s-balkonom-4m2-satnikom-parkovanim-a-s-moznostou-prerabky-na-3-izbovy","imagesUrls":["https://img.nehnutelnosti.sk/foto/NjAweDMzOC9maWx0ZXJzOnF1YWxpdHkoMTAwKS9uZWg=/gCpvY3U8ph_fss?st=qiXBSd3XPp5xXHHe9FsLm0NODDIZaNgsAn4_nqKViHw&ts=1726229317&e=0"]},{"title":"Bratislava - predaj 2,5 izbového bytu priamo na Račianskom mýte","address":"Jozefa Cígera Hronského, Bratislava III - Nové Mesto, okres Bratislava","rooms":3,"meters":62,"totalPrice":253000,"meterSquarePrice":5,"link":"https://www.nehnutelnosti.sk/detail/JuSDEDJHiQv/bratislava-predaj-2-5-izboveho-bytu-priamo-na-racianskom-myte","imagesUrls":["https://img.nehnutelnosti.sk/foto/NjAweDMzOC9maWx0ZXJzOnF1YWxpdHkoMTAwKS9uZWg=/p3kJgVvQwC_fss?st=5KBhNMaGI7Rc0dt3F8Jk3-LEQnKNxm1DQrr71ErdBNc&ts=1701696582&e=0"]},{"title":"Predaj novostavba 2-izbový byt s parkovacím miestom, Bratislava - Ružinov, Trnávka, Vápenná ulica","address":"Vápenná, Bratislava II - Ružinov, okres Bratislava","rooms":2,"meters":54,"totalPrice":173000,"meterSquarePrice":0,"link":"https://www.nehnutelnosti.sk/detail/JuXi9KGS9Qk1/predaj-novostavba-2-izbovy-byt-s-parkovacim-miestom-bratislava-ruzinov-trnavka-vapenna-ulica","imagesUrls":["https://img.nehnutelnosti.sk/foto/NjAweDMzOC9maWx0ZXJzOnF1YWxpdHkoMTAwKS9uZWg=/4ScOed4X9Y_fss?st=gFiU4TpnqXEjE3kh_k0olNTjdoCZZkJdaHYxnXXgoho&ts=1726645282&e=0"]},{"title":"2-izb. byt v novostavbe","address":"Andovská, Nové Zámky, okres Nové Zámky","rooms":2,"meters":60,"totalPrice":138000,"meterSquarePrice":0,"link":"https://www.nehnutelnosti.sk/detail/JuK2jfCoL6S/2-izb-byt-v-novostavbe","imagesUrls":["https://img.nehnutelnosti.sk/foto/NjAweDMzOC9maWx0ZXJzOnF1YWxpdHkoMTAwKS9uZWg=/OXEazo-tv_fss?st=sI3lJTuoJsMYQjUsja8fLzqxYpwdLZxRU6JmMQ5NYeE&ts=1713266826&e=0"]},{"title":"Rastislavova ul.!!!, Košice – JUH, NOVOREKONŠTRUOVANÝ, 3-izb. byt","address":"Rastislavova, Košice IV - Juh, okres Košice","rooms":3,"meters":55,"totalPrice":164980,"meterSquarePrice":4,"link":"https://www.nehnutelnosti.sk/detail/JuC3JKsVu2I/rastislavova-ul-kosice-juh-novorekonstruovany-3-izb-byt","imagesUrls":["https://img.nehnutelnosti.sk/foto/NjAweDMzOC9maWx0ZXJzOnF1YWxpdHkoMTAwKS9uZWg=/cIwPrhz8C_fss?st=C8bt4o1pWDfcX4kOnvnPERX1eaDQqznKp3URQFdZsTM&ts=1726226552&e=0"]},{"title":"BERLÍNSKA ul. !!! SÍDLISKO ŤAHANOVCE, NOVOREKONŠTRUOVANÝ, 3-izb. byt","address":"Berlínska, Košice I - Sídlisko Ťahanovce, okres Košice","rooms":3,"meters":63,"totalPrice":159980,"meterSquarePrice":7,"link":"https://www.nehnutelnosti.sk/detail/JuO5gEr-Q7l/berlinska-ul-sidlisko-tahanovce-novorekonstruovany-3-izb-byt","imagesUrls":["https://img.nehnutelnosti.sk/foto/NjAweDMzOC9maWx0ZXJzOnF1YWxpdHkoMTAwKS9uZWg=/l6SnTr4w-Z_fss?st=5DsaWf24ahskOi-8ZgZSqTXntoD5DqP8ThFrMLKnY7A&ts=1726226543&e=0"]},{"title":"4-izbový byt v rezidencii Nová Koliba","address":"Pod Vtáčnikom, Bratislava III - Nové Mesto, okres Bratislava","rooms":4,"meters":114,"totalPrice":569000,"meterSquarePrice":9,"link":"https://www.nehnutelnosti.sk/detail/Jus3x6ibXpA/4-izbovy-byt-v-rezidencii-nova-koliba","imagesUrls":["https://img.nehnutelnosti.sk/foto/NjAweDMzOC9maWx0ZXJzOnF1YWxpdHkoMTAwKS9uZWg=/WGphdZWVEt_fss?st=WnNSkOwvnR4WIc2qCZUo0QtTXrJZQbWZmuSnsQDk8zo&ts=1726226179&e=0"]},{"title":"Na predaj 3-izbový byt na Ulici G. Bethlena v Nových Zámkoch","address":"G. Bethlena, Nové Zámky, okres Nové Zámky","rooms":3,"meters":66,"totalPrice":97000,"meterSquarePrice":0,"link":"https://www.nehnutelnosti.sk/detail/Ju8j5x1W5Js/na-predaj-3-izbovy-byt-na-ulici-g-bethlena-v-novych-zamkoch","imagesUrls":["https://img.unitedclassifieds.sk/foto/NjAweDMzOC9maWx0ZXJzOnF1YWxpdHkoMTAwKS9qdWw=/NscpV4ZsJ_fss?st=kzF5atvMvDzfgWd6xvbzzhCYOq57UU55e3a2GymcZNQ&ts=1726225737&e=0"]},{"title":"AFYREAL Predaj 2izb Dudvážska Nádherný výhľad, Parkovanie","address":"Dudvážska, Bratislava II - Podunajské Biskupice, okres Bratislava","rooms":2,"meters":51,"totalPrice":154900,"meterSquarePrice":5,"link":"https://www.nehnutelnosti.sk/detail/Ju3JypPvNpR/afyreal-predaj-2izb-dudvazska-nadherny-vyhlad-parkovanie","imagesUrls":["https://img.nehnutelnosti.sk/foto/NjAweDMzOC9maWx0ZXJzOnF1YWxpdHkoMTAwKS9uZWg=/zuyhVGT7z_fss?st=VmS0D6SMPQVtWNFc1JcNHlKTtXMxa0dQXGIFGsyA8R0&ts=1724761691&e=0"]},{"title":"3-izbový byt v Trnave","address":"Spartakovská, Trnava, okres Trnava","rooms":3,"meters":76,"totalPrice":180000,"meterSquarePrice":8,"link":"https://www.nehnutelnosti.sk/detail/JuPOVX7FgPh/3-izbovy-byt-v-trnave","imagesUrls":["https://img.nehnutelnosti.sk/foto/NjAweDMzOC9maWx0ZXJzOnF1YWxpdHkoMTAwKS9uZWg=/B2veybWLY_fss?st=HTwHcgCugJDU-We9B3iHGcy47vtogdr62-jLu_N9CyE&ts=1726563825&e=0"]},{"title":"PREDAJ: 3 izbový byt, 63 m2, Lackova 7 - Bratislava Karlova Ves","address":"Lackova, Bratislava IV - Karlova Ves, okres Bratislava","rooms":3,"meters":63,"totalPrice":179900,"meterSquarePrice":6,"link":"https://www.nehnutelnosti.sk/detail/JuXIVncV-v3/predaj-3-izbovy-byt-63-m2-lackova-7-bratislava-karlova-ves","imagesUrls":["https://img.nehnutelnosti.sk/foto/NjAweDMzOC9maWx0ZXJzOnF1YWxpdHkoMTAwKS9uZWg=/DNBQQxrNXD_fss?st=YT-jZUVIm3-eOCWyGQsInIVgH1DXPjKwbVbmHJHHKX4&ts=1725303388&e=0"]},{"title":"SUPER CENA - 5 izbový byt v Karlovej Vsi na Kempelovej ulici","address":"Kempelova 13, Bratislava IV - Karlova Ves, okres Bratislava","rooms":4,"meters":95,"totalPrice":239000,"meterSquarePrice":9,"link":"https://www.nehnutelnosti.sk/detail/JuQbTq8mAFK/super-cena-5-izbovy-byt-v-karlovej-vsi-na-kempelovej-ulici","imagesUrls":["https://img.nehnutelnosti.sk/foto/NjAweDMzOC9maWx0ZXJzOnF1YWxpdHkoMTAwKS9uZWg=/OqmktiLxVC_fss?st=89kneLiOzghcTqYfHsYSjRsxkkwLQIBBzYBq2RhGfRk&ts=1722958041&e=0"]},{"title":"SUPER CENA - 5 izbový byt v Karlovej Vsi na Kempelovej ulici","address":"Kempelova 13, Bratislava IV - Karlova Ves, okres Bratislava","rooms":5,"meters":93,"totalPrice":239000,"meterSquarePrice":9,"link":"https://www.nehnutelnosti.sk/detail/JukT5q3nyJS/super-cena-5-izbovy-byt-v-karlovej-vsi-na-kempelovej-ulici","imagesUrls":["https://img.nehnutelnosti.sk/foto/NjAweDMzOC9maWx0ZXJzOnF1YWxpdHkoMTAwKS9uZWg=/icvKLXkZKk_fss?st=oicHyAGZ--YiQIuU3JADMa5qZHBxGDHc7F4jg9doXq4&ts=1722958067&e=0"]},{"title":"Na predaj štýlový 2-izbový byt so slnečnou terasou a jedinečnou výmerou v Karlovej Vsi","address":"Kresánkova, Bratislava IV - Karlova Ves, okres Bratislava","rooms":2,"meters":111,"totalPrice":299000,"meterSquarePrice":2,"link":"https://www.nehnutelnosti.sk/detail/JuTOKpAePQZ/na-predaj-stylovy-2-izbovy-byt-so-slnecnou-terasou-a-jedinecnou-vymerou-v-karlovej-vsi","imagesUrls":["https://img.unitedclassifieds.sk/foto/NjAweDMzOC9maWx0ZXJzOnF1YWxpdHkoMTAwKS9qdWw=/WjnH43xgn_fss?st=e1_URHErIST7crcIjogpHOFMgygOS4eM0CT9tYiqg9s&ts=1721293182&e=0"]},{"title":"REZERVOVANÉ- Renovovaný 3-izbový byt s otvorenou kuchyňou, balkónom a lodžiou","address":"Ružomberok, okres Ružomberok","rooms":3,"meters":87,"totalPrice":145000,"meterSquarePrice":4,"link":"https://www.nehnutelnosti.sk/detail/Ju-zRw93s-_/rezervovane-renovovany-3-izbovy-byt-s-otvorenou-kuchynou-balkonom-a-lodziou","imagesUrls":["https://img.nehnutelnosti.sk/foto/NjAweDMzOC9maWx0ZXJzOnF1YWxpdHkoMTAwKS9uZWg=/J-_-xpvAI_fss?st=cJAsCc2mmvzlcmM5_x6-6yy-ASQefvPKXt02Yy9bMqo&ts=1719914629&e=0"]},{"title":"3 izbový byt Podbreziny ul. Žiarska","address":"Žiarska, Liptovský Mikuláš, okres Liptovský Mikuláš","rooms":3,"meters":65,"totalPrice":null,"meterSquarePrice":null,"link":"https://www.nehnutelnosti.sk/detail/JunXw4Bn4kPU/3-izbovy-byt-podbreziny-ul-ziarska","imagesUrls":["https://img.nehnutelnosti.sk/foto/NjAweDMzOC9maWx0ZXJzOnF1YWxpdHkoMTAwKS9uZWg=/CG_uQVox9k_fss?st=fzjyiBN3pV2LVSYbetITsubPidIgAzGw68JmTNM8_8c&ts=1721129457&e=0"]},{"title":"Rezervované-2 izbový byt so super polohou","address":"Liptovský Mikuláš, Liptovský Mikuláš, okres Liptovský Mikuláš","rooms":2,"meters":56,"totalPrice":null,"meterSquarePrice":null,"link":"https://www.nehnutelnosti.sk/detail/JuS7zKakFrn/rezervovane-2-izbovy-byt-so-super-polohou","imagesUrls":["https://img.nehnutelnosti.sk/foto/NjAweDMzOC9maWx0ZXJzOnF1YWxpdHkoMTAwKS9uZWg=/Rt86W8mHk_fss?st=ZBn-KmcVG747MxDsz-bHEiKYQoQPGVA-ZJGM8ONQx2o&ts=1722870325&e=0"]},{"title":"PREDAJ 3 izbový byt, 70 m2 ul. Ľ. Ondrejova - sídl. Zapotôčky - PRIEVIDZA","address":"Ulica Ľ. Ondrejova, Prievidza, okres Prievidza","rooms":3,"meters":70,"totalPrice":98000,"meterSquarePrice":0,"link":"https://www.nehnutelnosti.sk/detail/JuBSbBxnyih/predaj-3-izbovy-byt-70-m2-ul-l-ondrejova-sidl-zapotocky-prievidza","imagesUrls":["https://img.unitedclassifieds.sk/foto/NjAweDMzOC9maWx0ZXJzOnF1YWxpdHkoMTAwKS9qdWw=/WisqA3kwR_fss?st=k9bcnA_z-dTP-S87K4QZTY9royTbQLZ_KeIXsNAMsKg&ts=1720763630&e=0"]},{"title":"Exkluzívne ponúkame zariadený 1-izbový byt v Petržalke","address":"Nobelovo nám., Bratislava V - Petržalka, okres Bratislava","rooms":1,"meters":34,"totalPrice":138999,"meterSquarePrice":1,"link":"https://www.nehnutelnosti.sk/detail/JuzndC6Wf9b/exkluzivne-ponukame-zariadeny-1-izbovy-byt-v-petrzalke","imagesUrls":["https://img.unitedclassifieds.sk/foto/NjAweDMzOC9maWx0ZXJzOnF1YWxpdHkoMTAwKS9qdWw=/GgxwMpc60_fss?st=ZNhvCl9p63bnaaQtGcR-kHiHk7QgdDB0HafZ0a4wRrw&ts=1726224142&e=0"]},{"title":"Exkluzívne ponúkame 1-izb. byt s parkovaním, Slovenský Grob","address":"Slavomírova, Slovenský Grob, okres Pezinok","rooms":1,"meters":40,"totalPrice":132999,"meterSquarePrice":8,"link":"https://www.nehnutelnosti.sk/detail/JuP99Bkh7Rq/exkluzivne-ponukame-1-izb-byt-s-parkovanim-slovensky-grob","imagesUrls":["https://img.unitedclassifieds.sk/foto/NjAweDMzOC9maWx0ZXJzOnF1YWxpdHkoMTAwKS9qdWw=/RKs7LT-oA_fss?st=8BnWFLcEjb2bFbrkyWuvR7SXjm9QSphWc0ATCjOpiPk&ts=1726223847&e=0"]},{"title":"Púpavy pri Aleji – nadštandardne priestranné byty v štandardnom prevedení + stropné chladenie a kúre","address":"Generála Goliana, Trnava, okres Trnava","rooms":1,"meters":44,"totalPrice":144900,"meterSquarePrice":8,"link":"https://www.nehnutelnosti.sk/detail/Ju1C2imAy8E/pupavy-pri-aleji-nadstandardne-priestranne-byty-v-standardnom-prevedeni-stropne-chladenie-a-kure","imagesUrls":["https://img.unitedclassifieds.sk/foto/NjAweDMzOC9maWx0ZXJzOnF1YWxpdHkoMTAwKS9yc2Y=/DktR6k-bUk_fss?st=ULacTvBo1SDjDOx-CrC6lhC1L77K0pfTVsPV7qB-cA8&ts=1715745549&e=0"]},{"title":"Púpavy pri Aleji – nadštandardne priestranné byty v štandardnom prevedení + stropné chladenie a kúre","address":"Generála Goliana, Trnava, okres Trnava","rooms":2,"meters":64,"totalPrice":192500,"meterSquarePrice":1,"link":"https://www.nehnutelnosti.sk/detail/JuHB6u_6pE1/pupavy-pri-aleji-nadstandardne-priestranne-byty-v-standardnom-prevedeni-stropne-chladenie-a-kure","imagesUrls":["https://img.unitedclassifieds.sk/foto/NjAweDMzOC9maWx0ZXJzOnF1YWxpdHkoMTAwKS9yc2Y=/tzGtuTXqLg_fss?st=Ga9UCnT7LZMX_nlm_cpkmSWWCqifnMXlXCdl6aSw5k8&ts=1715745550&e=0"]},{"title":"Priestranný 2,5 izbový byt","address":"Martin, okres Martin","rooms":3,"meters":75,"totalPrice":109000,"meterSquarePrice":3,"link":"https://www.nehnutelnosti.sk/detail/Ju1sxNcambr/priestranny-2-5-izbovy-byt","imagesUrls":["https://img.nehnutelnosti.sk/foto/NjAweDMzOC9maWx0ZXJzOnF1YWxpdHkoMTAwKS9uZWg=/ZkGNymFNx_fss?st=1efwQzKPdqqVRatkTnPAI17TEypHrqsQJBdhXhwTSoI&ts=1713263741&e=0"]},{"title":"2-izbový apartmán A104 v projekte Brezovina","address":"Oravské Veselé, okres Námestovo","rooms":2,"meters":65,"totalPrice":113900,"meterSquarePrice":1,"link":"https://www.nehnutelnosti.sk/detail/Ju2PG0P4NeV/2-izbovy-apartman-a104-v-projekte-brezovina","imagesUrls":["https://img.nehnutelnosti.sk/foto/NjAweDMzOC9maWx0ZXJzOnF1YWxpdHkoMTAwKS9uZWg=/NV6Rx5cay_fss?st=OkxfFzDiKDmhOO8E7ejD3urXFdS7fDkp33wTJ55rl1k&ts=1726223841&e=0"]},{"title":"2-izbový apartmán B117 v projekte Brezovina","address":"Oravské Veselé, okres Námestovo","rooms":2,"meters":67,"totalPrice":115900,"meterSquarePrice":5,"link":"https://www.nehnutelnosti.sk/detail/JuE9SoZ3n-If/2-izbovy-apartman-b117-v-projekte-brezovina","imagesUrls":["https://img.nehnutelnosti.sk/foto/NjAweDMzOC9maWx0ZXJzOnF1YWxpdHkoMTAwKS9uZWg=/3nADp_lC-e_fss?st=ZIas19_UPIaEATuGNoceNMj6ALg7ea-YUypRGWq4wc4&ts=1726223836&e=0"]},{"title":"2-izbový apartmán B209 v projekte Brezovina","address":"Oravské Veselé, okres Námestovo","rooms":2,"meters":66,"totalPrice":115900,"meterSquarePrice":6,"link":"https://www.nehnutelnosti.sk/detail/Jul1-XlszhX/2-izbovy-apartman-b209-v-projekte-brezovina","imagesUrls":["https://img.nehnutelnosti.sk/foto/NjAweDMzOC9maWx0ZXJzOnF1YWxpdHkoMTAwKS9uZWg=/NU4VajO4d_fss?st=UB5RvJGCzynKqB8FXT2i--MkWu8zr1uaX_0egb_peX4&ts=1726223830&e=0"]},{"title":"2-izbový apartmán B311 v projekte Brezovina","address":"Oravské Veselé, okres Námestovo","rooms":2,"meters":66,"totalPrice":116900,"meterSquarePrice":1,"link":"https://www.nehnutelnosti.sk/detail/Juj83gLaLTE/2-izbovy-apartman-b311-v-projekte-brezovina","imagesUrls":["https://img.nehnutelnosti.sk/foto/NjAweDMzOC9maWx0ZXJzOnF1YWxpdHkoMTAwKS9uZWg=/o7cLlFvEh_fss?st=AmY7GcUVl52rFNrUxfG9vQ2w__3UY_Rd5CWtqcbbxjw&ts=1726223825&e=0"]},{"title":"Rohový 3-izbový apartmán A105 v projekte Brezovina","address":"Oravské Veselé, okres Námestovo","rooms":3,"meters":122,"totalPrice":192200,"meterSquarePrice":1,"link":"https://www.nehnutelnosti.sk/detail/Juqj8-BDIgQ/rohovy-3-izbovy-apartman-a105-v-projekte-brezovina","imagesUrls":["https://img.nehnutelnosti.sk/foto/NjAweDMzOC9maWx0ZXJzOnF1YWxpdHkoMTAwKS9uZWg=/mjWlqnkU3X_fss?st=199Prbof-R9_CEPVsceJyj7XesFDD4KYqS98qQhY3s0&ts=1726223818&e=0"]}]