[{"title":"2 izbový byt na predaj Nitra centrum prerobený","address":"centrum, Nitra, okres Nitra","rooms":2,"meters":58,"totalPrice":139000,"meterSquarePrice":5,"link":"https://www.nehnutelnosti.sk/detail/JuKvBAuGYB9/2-izbovy-byt-na-predaj-nitra-centrum-prerobeny","imagesUrls":["https://img.nehnutelnosti.sk/foto/NjAweDMzOC9maWx0ZXJzOnF1YWxpdHkoMTAwKS9uZWg=/LaJOIHKM3_fss?st=g_WM9ECIqCBQAoep-P1FuJfoJ1qLhOy8UIZPJiVPPf8&ts=1725481915&e=0"]},{"title":"3-izbový byt na predaj, 69 m2","address":"Tatranská, Banská Bystrica, okres Banská Bystrica","rooms":3,"meters":69,"totalPrice":165000,"meterSquarePrice":0,"link":"https://www.nehnutelnosti.sk/detail/JuhXOTfBKtY/3-izbovy-byt-na-predaj-69-m2","imagesUrls":["https://img.nehnutelnosti.sk/foto/NjAweDMzOC9maWx0ZXJzOnF1YWxpdHkoMTAwKS9uZWg=/6Btvn5Db1_fss?st=t116DWhxK6Vf6cKA3ZhFYNS7ruZS9RYr_lbT2IhzqVs&ts=1726473565&e=0"]},{"title":"Zariadený 2 izbový byt v NOVOSTAVBE s loggiou vo vyhľadávanej lokalite na začiatku Petržalky","address":"Lužná, Bratislava V - Petržalka, okres Bratislava","rooms":2,"meters":55,"totalPrice":259000,"meterSquarePrice":9,"link":"https://www.nehnutelnosti.sk/detail/JueuehglYS-/zariadeny-2-izbovy-byt-v-novostavbe-s-loggiou-vo-vyhladavanej-lokalite-na-zaciatku-petrzalky","imagesUrls":["https://img.nehnutelnosti.sk/foto/NjAweDMzOC9maWx0ZXJzOnF1YWxpdHkoMTAwKS9uZWg=/O6K0qpAPC_fss?st=pnA2Z_vKgsYdBJxAilVOS0QvM9BF6Ib-gdAz6mapss4&ts=1725609793&e=0"]},{"title":"Kompletne zrekonštruovaný 2 izbový byt s balkónom a dvomi parkovacími miestami","address":"Vlčie hrdlo, Bratislava II - Ružinov, okres Bratislava","rooms":2,"meters":45,"totalPrice":138000,"meterSquarePrice":7,"link":"https://www.nehnutelnosti.sk/detail/JugF1-NOGs6/kompletne-zrekonstruovany-2-izbovy-byt-s-balkonom-a-dvomi-parkovacimi-miestami","imagesUrls":["https://img.nehnutelnosti.sk/foto/NjAweDMzOC9maWx0ZXJzOnF1YWxpdHkoMTAwKS9uZWg=/ZqR_4z1kd_fss?st=vMW77xXNDNHeIq_RNh5brjif42bNYXCXYSFULcu7OdM&ts=1725195690&e=0"]},{"title":"Kompletne zrekonštruovaný 4 izbový byt s loggiou v nízkopodlažnom dome v príjemnej lokalite","address":"Toryská, Bratislava II - Vrakuňa, okres Bratislava","rooms":4,"meters":78,"totalPrice":235000,"meterSquarePrice":2,"link":"https://www.nehnutelnosti.sk/detail/JuiWwXeBMKk/kompletne-zrekonstruovany-4-izbovy-byt-s-loggiou-v-nizkopodlaznom-dome-v-prijemnej-lokalite","imagesUrls":["https://img.nehnutelnosti.sk/foto/NjAweDMzOC9maWx0ZXJzOnF1YWxpdHkoMTAwKS9uZWg=/Ubozc9G20_fss?st=44dq7tnwvfzBfwVKqvqxroxnGdvaQ2To5_9nBEzacwo&ts=1722122347&e=0"]},{"title":"Priestranný 4 izbový byt po kompletnej rekonštrukcii s veľkým balkónom vo vyhľadávanej lokalite","address":"Budyšínska, Bratislava III - Nové Mesto, okres Bratislava","rooms":4,"meters":90,"totalPrice":339000,"meterSquarePrice":7,"link":"https://www.nehnutelnosti.sk/detail/JurCgqrOErb/priestranny-4-izbovy-byt-po-kompletnej-rekonstrukcii-s-velkym-balkonom-vo-vyhladavanej-lokalite","imagesUrls":["https://img.nehnutelnosti.sk/foto/NjAweDMzOC9maWx0ZXJzOnF1YWxpdHkoMTAwKS9uZWg=/FdisTVl5lj_fss?st=Ctsi6RCGTN2V_zbCN1WWqAKUeA8Ys2cFjIjjCjKG2DU&ts=1720692188&e=0"]},{"title":"Čiastočne zrekonštruovaný 3 izbový byt s loggiou vo výbornej lokalite, samostatné izby","address":"Romanova, Bratislava V - Petržalka, okres Bratislava","rooms":3,"meters":72,"totalPrice":190000,"meterSquarePrice":9,"link":"https://www.nehnutelnosti.sk/detail/JuGbj41T9_w/ciastocne-zrekonstruovany-3-izbovy-byt-s-loggiou-vo-vybornej-lokalite-samostatne-izby","imagesUrls":["https://img.nehnutelnosti.sk/foto/NjAweDMzOC9maWx0ZXJzOnF1YWxpdHkoMTAwKS9uZWg=/ZoiHI0B-j_fss?st=Dh8Wc9_y5g_fz0GSGPOQltvAgo873HcVx_7Ft0xl0Zg&ts=1721770400&e=0"]},{"title":"Slnečný, tichý A zrekonštruovaný 3 izbový byt s loggiou pri jazere Draždiak s krásnym výhľadom","address":"Krásnohorská, Bratislava V - Petržalka, okres Bratislava","rooms":3,"meters":69,"totalPrice":209000,"meterSquarePrice":9,"link":"https://www.nehnutelnosti.sk/detail/JuSUWJndGhm/slnecny-tichy-a-zrekonstruovany-3-izbovy-byt-s-loggiou-pri-jazere-drazdiak-s-krasnym-vyhladom","imagesUrls":["https://img.nehnutelnosti.sk/foto/NjAweDMzOC9maWx0ZXJzOnF1YWxpdHkoMTAwKS9uZWg=/My52z5ZeU_fss?st=RxavaChoyTQSGqLWYGFmvggXQwC8jb5winy4cdh9wcU&ts=1720637599&e=0"]},{"title":"3 izbový byt v NOVOSTAVBE so záhradou a parkovacím miestom v kľudnej lokalite","address":"Uhliská, Bratislava III - Vajnory, okres Bratislava","rooms":3,"meters":75,"totalPrice":270000,"meterSquarePrice":0,"link":"https://www.nehnutelnosti.sk/detail/JuwLALcqxvn/3-izbovy-byt-v-novostavbe-so-zahradou-a-parkovacim-miestom-v-kludnej-lokalite","imagesUrls":["https://img.nehnutelnosti.sk/foto/NjAweDMzOC9maWx0ZXJzOnF1YWxpdHkoMTAwKS9uZWg=/Ur8aHU-NqE_fss?st=l5I3qjXv7K9wktDcYoT--uY7Qp8dOjiR1CPE6SFdbqI&ts=1720637799&e=0"]},{"title":"Slnečný a zariadený 2 izbový byt v NOVOSTAVBE s terasou a parkovacím miestom","address":"Rustaveliho, Bratislava III - Rača, okres Bratislava","rooms":2,"meters":57,"totalPrice":240000,"meterSquarePrice":3,"link":"https://www.nehnutelnosti.sk/detail/JuqRBqv0EOI/slnecny-a-zariadeny-2-izbovy-byt-v-novostavbe-s-terasou-a-parkovacim-miestom","imagesUrls":["https://img.nehnutelnosti.sk/foto/NjAweDMzOC9maWx0ZXJzOnF1YWxpdHkoMTAwKS9uZWg=/J8ZfTHqoQ_fss?st=npMa5p2npBDWNSHT5t-7M4QeSuKMv3sRyNQgoA7JTzM&ts=1721770396&e=0"]},{"title":"Slnečný, nadštandardný, kompletne zrekonštruovaný 4 izbový byt s loggiou v tichom prostredí pri jaze","address":"Znievska, Bratislava V - Petržalka, okres Bratislava","rooms":4,"meters":87,"totalPrice":265000,"meterSquarePrice":8,"link":"https://www.nehnutelnosti.sk/detail/Jua0Yep1d5s/slnecny-nadstandardny-kompletne-zrekonstruovany-4-izbovy-byt-s-loggiou-v-tichom-prostredi-pri-jaze","imagesUrls":["https://img.nehnutelnosti.sk/foto/NjAweDMzOC9maWx0ZXJzOnF1YWxpdHkoMTAwKS9uZWg=/S6FkfF9JQ_fss?st=d-UJn_amih3zOe22_Jxr5bgQTkNeJ9N6d4xakxWeNr0&ts=1720695047&e=0"]},{"title":"Slnečný, čiastočne zrekonštruovaný 3 izbový byt s loggiou vo výbornej lokalite na začiatku Petržalky","address":"Gercenova, Bratislava V - Petržalka, okres Bratislava","rooms":3,"meters":70,"totalPrice":193000,"meterSquarePrice":4,"link":"https://www.nehnutelnosti.sk/detail/JuCLq1NGwBG/slnecny-ciastocne-zrekonstruovany-3-izbovy-byt-s-loggiou-vo-vybornej-lokalite-na-zaciatku-petrzalky","imagesUrls":["https://img.nehnutelnosti.sk/foto/NjAweDMzOC9maWx0ZXJzOnF1YWxpdHkoMTAwKS9uZWg=/zd5a4TeBH_fss?st=UIehB0C7Oo02UKzeIJOxtPDAckjFG1DVgDpwR7naSYA&ts=1720068980&e=0"]},{"title":"Priestranný 3 izbový byt v pôvodnom stave v príjemnej tichej lokalite","address":"Andreja Mráza, Bratislava II - Ružinov, okres Bratislava","rooms":3,"meters":71,"totalPrice":200000,"meterSquarePrice":0,"link":"https://www.nehnutelnosti.sk/detail/Jui78xQBaez/priestranny-3-izbovy-byt-v-povodnom-stave-v-prijemnej-tichej-lokalite","imagesUrls":["https://img.nehnutelnosti.sk/foto/NjAweDMzOC9maWx0ZXJzOnF1YWxpdHkoMTAwKS9uZWg=/HMkOb0sWJ_fss?st=kG5bvVQALu-kLgBtQT7JCctJLTYoKPj_gOj7x5YG-sk&ts=1721771188&e=0"]},{"title":"Moderný, priestranný a zariadený 1 izbový byt v NOVOSTAVBE s veľkou terasou v tichej lokalite","address":"Kresánkova, Bratislava IV - Karlova Ves, okres Bratislava","rooms":1,"meters":35,"totalPrice":149000,"meterSquarePrice":4,"link":"https://www.nehnutelnosti.sk/detail/JuEVqZSmxtl/moderny-priestranny-a-zariadeny-1-izbovy-byt-v-novostavbe-s-velkou-terasou-v-tichej-lokalite","imagesUrls":["https://img.nehnutelnosti.sk/foto/NjAweDMzOC9maWx0ZXJzOnF1YWxpdHkoMTAwKS9uZWg=/TxMhRF9VJ_fss?st=YnCkIpWfMIMEini8PG1jjI7_CuLyMcHAi89H7SiKlO0&ts=1721770398&e=0"]},{"title":"Zrekonštruovaný 1 izbový byt s loggiou a parkovacím miestom vo dvore v tehlovom dome","address":"Záhradnícka, Bratislava II - Ružinov, okres Bratislava","rooms":1,"meters":40,"totalPrice":170000,"meterSquarePrice":0,"link":"https://www.nehnutelnosti.sk/detail/JuyHiamyyFT/zrekonstruovany-1-izbovy-byt-s-loggiou-a-parkovacim-miestom-vo-dvore-v-tehlovom-dome","imagesUrls":["https://img.nehnutelnosti.sk/foto/NjAweDMzOC9maWx0ZXJzOnF1YWxpdHkoMTAwKS9uZWg=/hat2DFZmZn_fss?st=lpH-r1nJMBvUKXqRqYftZa_YHflWW8lPr5TCNvlUxK8&ts=1716447727&e=0"]},{"title":"Útulný 3 izbový byt v NOVOSTAVBE s loggiou a balkónom v tichej lokalite v blízkosti lesa","address":"Agátová, Bratislava IV - Dúbravka, okres Bratislava","rooms":3,"meters":88,"totalPrice":219000,"meterSquarePrice":4,"link":"https://www.nehnutelnosti.sk/detail/JuVeIe1xyQD/utulny-3-izbovy-byt-v-novostavbe-s-loggiou-a-balkonom-v-tichej-lokalite-v-blizkosti-lesa","imagesUrls":["https://img.nehnutelnosti.sk/foto/NjAweDMzOC9maWx0ZXJzOnF1YWxpdHkoMTAwKS9uZWg=/KF55cph5cJ_fss?st=O2kif11TIRKTti6D-ewMtYeNWNl9cyoksDDwV0IYDP0&ts=1717629825&e=0"]},{"title":"Zrekonštruovaná garsónka v nadstavbe s balkónom v tichej lokalite s krásnym výhľadom","address":"Doležalova, Bratislava II - Ružinov, okres Bratislava","rooms":null,"meters":25,"totalPrice":123000,"meterSquarePrice":0,"link":"https://www.nehnutelnosti.sk/detail/Jueiq9RwRr5/zrekonstruovana-garsonka-v-nadstavbe-s-balkonom-v-tichej-lokalite-s-krasnym-vyhladom","imagesUrls":["https://img.nehnutelnosti.sk/foto/NjAweDMzOC9maWx0ZXJzOnF1YWxpdHkoMTAwKS9uZWg=/-fusZAnOx_fss?st=rhw_Z0lgrULYZgTnrJYh1XBSyc6YqdKW3YHv8kbIj14&ts=1718434008&e=0"]},{"title":"Garsónka v NOVOSTAVBE vo výbornej a tichej lokalite plnej zelene","address":"Istrijská, Bratislava IV - Devínska Nová Ves, okres Bratislava","rooms":null,"meters":35,"totalPrice":99000,"meterSquarePrice":7,"link":"https://www.nehnutelnosti.sk/detail/Jufbc0B2xsd/garsonka-v-novostavbe-vo-vybornej-a-tichej-lokalite-plnej-zelene","imagesUrls":["https://img.nehnutelnosti.sk/foto/NjAweDMzOC9maWx0ZXJzOnF1YWxpdHkoMTAwKS9uZWg=/8tF6qqJlG_fss?st=HfLEPhVz-27T5tkacIOIJwBJmGvDgcI-nCRqJGzppQs&ts=1716009881&e=0"]},{"title":"Veľký 4 izbový byt s loggiou v pôvodnom stave s plastovými oknami a s krásnym výhľadom","address":"Ľ. Fullu, Bratislava IV - Karlova Ves, okres Bratislava","rooms":4,"meters":90,"totalPrice":235000,"meterSquarePrice":1,"link":"https://www.nehnutelnosti.sk/detail/JuUj-clZRa6K/velky-4-izbovy-byt-s-loggiou-v-povodnom-stave-s-plastovymi-oknami-a-s-krasnym-vyhladom","imagesUrls":["https://img.nehnutelnosti.sk/foto/NjAweDMzOC9maWx0ZXJzOnF1YWxpdHkoMTAwKS9uZWg=/brRyNwaRdE_fss?st=iVl6kiarFlTeMM_SVFnarcx2TmO7e_Nlm4R6EZ42t2s&ts=1718014208&e=0"]},{"title":"2 izbový byt s terasou a garážovým parkovacím miestom v NOVOSTAVBE Urban Residence orientovaný do pa","address":"Račianska, Bratislava III - Nové Mesto, okres Bratislava","rooms":2,"meters":48,"totalPrice":295000,"meterSquarePrice":3,"link":"https://www.nehnutelnosti.sk/detail/JuCoZXM4tku/2-izbovy-byt-s-terasou-a-garazovym-parkovacim-miestom-v-novostavbe-urban-residence-orientovany-do-pa","imagesUrls":["https://img.nehnutelnosti.sk/foto/NjAweDMzOC9maWx0ZXJzOnF1YWxpdHkoMTAwKS9uZWg=/61-Dbb5KeR_fss?st=1Au2dLKR_d27_QQ9rWcxrZWncjGZNh0Qwk4oaEJVM-I&ts=1714806195&e=0"]},{"title":"Kompletne zrekonštruovaný 2 izbový byt s loggiou v tehlovom dome orientovaný do tichej záhrady","address":"Jahodová, Bratislava III - Nové Mesto, okres Bratislava","rooms":2,"meters":57,"totalPrice":235000,"meterSquarePrice":1,"link":"https://www.nehnutelnosti.sk/detail/Ju4jt-wDolG/kompletne-zrekonstruovany-2-izbovy-byt-s-loggiou-v-tehlovom-dome-orientovany-do-tichej-zahrady","imagesUrls":["https://img.nehnutelnosti.sk/foto/NjAweDMzOC9maWx0ZXJzOnF1YWxpdHkoMTAwKS9uZWg=/ZD2CVBAPQ_fss?st=slZlNEnI72zQ94jI87p5b3iC_lyd2Ni8JMQApEKdprY&ts=1704794518&e=0"]},{"title":"Krásny, kompletne zrekonštruovaný 1 izbový byt vo výbornej lokalite v Dúbravke","address":"Saratovská, Bratislava IV - Dúbravka, okres Bratislava","rooms":1,"meters":40,"totalPrice":159900,"meterSquarePrice":0,"link":"https://www.nehnutelnosti.sk/detail/JuZ5XjR1_yI/krasny-kompletne-zrekonstruovany-1-izbovy-byt-vo-vybornej-lokalite-v-dubravke","imagesUrls":["https://img.nehnutelnosti.sk/foto/NjAweDMzOC9maWx0ZXJzOnF1YWxpdHkoMTAwKS9uZWg=/Twz-DBuyf_fss?st=IWCfA9NgtjLTDkC4ILjbG0KTCMM2t0dxx9dtNbupunA&ts=1678478513&e=0"]},{"title":"Zrekonštruovaný 3 izbový byt s loggiou vo vyhľadávanej lokalite,  so zariadením","address":"Ševčenkova, Bratislava V - Petržalka, okres Bratislava","rooms":3,"meters":68,"totalPrice":239000,"meterSquarePrice":1,"link":"https://www.nehnutelnosti.sk/detail/Juv4PDCiQv2/zrekonstruovany-3-izbovy-byt-s-loggiou-vo-vyhladavanej-lokalite-so-zariadenim","imagesUrls":["https://img.nehnutelnosti.sk/foto/NjAweDMzOC9maWx0ZXJzOnF1YWxpdHkoMTAwKS9uZWg=/sF2ZI3HKb_fss?st=9Df73YQkM9XmauycMWeac7FUnaNqHxlRPKtTI6RWIvw&ts=1678125687&e=0"]},{"title":"3-izbový byt v centre Prievidze na ulici Hodžu","address":"Hodžu, Prievidza, okres Prievidza","rooms":3,"meters":68,"totalPrice":81000,"meterSquarePrice":8,"link":"https://www.nehnutelnosti.sk/detail/JuDMI9HbDWO/3-izbovy-byt-v-centre-prievidze-na-ulici-hodzu","imagesUrls":["https://img.nehnutelnosti.sk/foto/NjAweDMzOC9maWx0ZXJzOnF1YWxpdHkoMTAwKS9uZWg=/eou4m6529_fss?st=a4cbMEixsKh2Bx27jLx02YwbizEWXsNd0iaytCxj75E&ts=1715099601&e=0"]},{"title":"3-izbový byt na Starom sídlisku v Prievidzi","address":"Š. Králika, Prievidza, okres Prievidza","rooms":3,"meters":56,"totalPrice":83000,"meterSquarePrice":4,"link":"https://www.nehnutelnosti.sk/detail/JutKbptORxUI/3-izbovy-byt-na-starom-sidlisku-v-prievidzi","imagesUrls":["https://img.nehnutelnosti.sk/foto/NjAweDMzOC9maWx0ZXJzOnF1YWxpdHkoMTAwKS9uZWg=/SdcckXxbLD_fss?st=bG1gGV6cY91SBbVFC9DTubpGQkINJanODYb4euKeCwo&ts=1674429470&e=0"]},{"title":"Priestranný 1 izbový byt (nebytový priestor) v priamom centre Bratislavy v krásnej lukratívnej lokal","address":"Mikulášska, Bratislava I - Staré Mesto, okres Bratislava","rooms":1,"meters":50,"totalPrice":235000,"meterSquarePrice":0,"link":"https://www.nehnutelnosti.sk/detail/Juqs9y6ZhqK/priestranny-1-izbovy-byt-nebytovy-priestor-v-priamom-centre-bratislavy-v-krasnej-lukrativnej-lokal","imagesUrls":["https://img.nehnutelnosti.sk/foto/NjAweDMzOC9maWx0ZXJzOnF1YWxpdHkoMTAwKS9uZWg=/6p_B_J_W-_fss?st=n8BRiMIxWyAEJZzqRe4Gklb_PpSUFFrsti52aKzNC-Y&ts=1701981894&e=0"]},{"title":"Priestranný zrekonštruovaný 2 izbový byt s balkónom a loggiou v tehlovom dome v príjemnom prostredí","address":"Kadnárova, Bratislava III - Rača, okres Bratislava","rooms":2,"meters":59,"totalPrice":190000,"meterSquarePrice":4,"link":"https://www.nehnutelnosti.sk/detail/JuCpj0wiE1W/priestranny-zrekonstruovany-2-izbovy-byt-s-balkonom-a-loggiou-v-tehlovom-dome-v-prijemnom-prostredi","imagesUrls":["https://img.nehnutelnosti.sk/foto/NjAweDMzOC9maWx0ZXJzOnF1YWxpdHkoMTAwKS9uZWg=/7Ro0PG-Fc_fss?st=DMXaRU1i0no0mPj5GFO0ykjqznBdA48sZ2yegNXvTno&ts=1703840479&e=0"]},{"title":"Zrekonštruovaný a plne zariadený 2 izbový byt s parkovacím miestom a pivnicou","address":"Závodná, Bratislava II - Podunajské Biskupice, okres Bratislava","rooms":2,"meters":36,"totalPrice":119900,"meterSquarePrice":6,"link":"https://www.nehnutelnosti.sk/detail/JuGzOTWx8_Y/zrekonstruovany-a-plne-zariadeny-2-izbovy-byt-s-parkovacim-miestom-a-pivnicou","imagesUrls":["https://img.nehnutelnosti.sk/foto/NjAweDMzOC9maWx0ZXJzOnF1YWxpdHkoMTAwKS9uZWg=/EEhlon5mK_fss?st=_MJKqYEZt7ol695Rnkg3L4cmq_XZMCLUT7TQ2-bbp2E&ts=1706603127&e=0"]},{"title":"Krásny 2-izbový byt v novostavbe Eurovea Tower","address":"Eurovea Tower, Bratislava II - Ružinov, okres Bratislava","rooms":2,"meters":60,"totalPrice":455000,"meterSquarePrice":3,"link":"https://www.nehnutelnosti.sk/detail/JuOgWd1kKl9/krasny-2-izbovy-byt-v-novostavbe-eurovea-tower","imagesUrls":["https://img.nehnutelnosti.sk/foto/NjAweDMzOC9maWx0ZXJzOnF1YWxpdHkoMTAwKS9uZWg=/VdK95K8TI_fss?st=6_-5oYozVik1BQ7WJ5mFXCU2Dy1283oSnhOlcAN-VKc&ts=1714946470&e=0"]},{"title":"1 izbový zrekonštruovaný byt na začiatku Petržalky, kompletne zariadený","address":"Medveďovej, Bratislava V - Petržalka, okres Bratislava","rooms":1,"meters":37,"totalPrice":154900,"meterSquarePrice":9,"link":"https://www.nehnutelnosti.sk/detail/JuH7DiyBlAV/1-izbovy-zrekonstruovany-byt-na-zaciatku-petrzalky-kompletne-zariadeny","imagesUrls":["https://img.nehnutelnosti.sk/foto/NjAweDMzOC9maWx0ZXJzOnF1YWxpdHkoMTAwKS9uZWg=/dL0M-fBFM2_fss?st=YIfqpHWNTlV0IqgOPp336Eiw03bW8l1SmtdDpnLQ23Y&ts=1680778083&e=0"]}]