[{"title":"Na predaj 3-izbový byt na ul. Saleziánov, Michalovce","address":"Salezianov, Michalovce, okres Michalovce","rooms":3,"meters":1,"totalPrice":114900,"meterSquarePrice":0,"link":"https://www.nehnutelnosti.sk/detail/Ju8Y7jq6DSO/na-predaj-3-izbovy-byt-na-ul-salezianov-michalovce","imagesUrls":["https://img.unitedclassifieds.sk/foto/NjAweDMzOC9maWx0ZXJzOnF1YWxpdHkoMTAwKS9qdWw=/N-VPPs53y_fss?st=Klww_tJmGTbY7K4o8ZDh0nRT6GnPwI7SBfzdLp2i4BM&ts=1693383697&e=0"]},{"title":"Garsónka na predaj – prof. Hlaváča, Michalovce","address":"Prof. Hlaváča, Michalovce, okres Michalovce","rooms":null,"meters":1,"totalPrice":47500,"meterSquarePrice":0,"link":"https://www.nehnutelnosti.sk/detail/JuizyeSf1FA/garsonka-na-predaj-prof-hlavaca-michalovce","imagesUrls":["https://img.unitedclassifieds.sk/foto/NjAweDMzOC9maWx0ZXJzOnF1YWxpdHkoMTAwKS9qdWw=/bLSFPUVq-_fss?st=aMqwGiIFvRsAdY342eo4CFeHIgCXWkKuRvyEUoK0kQQ&ts=1698320491&e=0"]},{"title":"NA PREDAJ! 3-izbový byt na Komenského ul., Michalovce","address":"Jána A. Komenského, Michalovce, okres Michalovce","rooms":3,"meters":1,"totalPrice":99900,"meterSquarePrice":0,"link":"https://www.nehnutelnosti.sk/detail/JuBCe8wwkAR/na-predaj-3-izbovy-byt-na-komenskeho-ul-michalovce","imagesUrls":["https://img.unitedclassifieds.sk/foto/NjAweDMzOC9maWx0ZXJzOnF1YWxpdHkoMTAwKS9qdWw=/BNZam418eM_fss?st=r36-lm1LHC2wC4FCvoIljpto51mktH2z813PtPnBpfw&ts=1707211801&e=0"]},{"title":"3-izbový byt na sídlisku Východ v Michalovciach","address":"Odeská, Michalovce, okres Michalovce","rooms":3,"meters":1,"totalPrice":94900,"meterSquarePrice":0,"link":"https://www.nehnutelnosti.sk/detail/JuRQHDI2N94/3-izbovy-byt-na-sidlisku-vychod-v-michalovciach","imagesUrls":["https://img.unitedclassifieds.sk/foto/NjAweDMzOC9maWx0ZXJzOnF1YWxpdHkoMTAwKS9qdWw=/9AK0ZeHaB_fss?st=Jh69czmAj5CbA6_cqOxL1GWriSbv6Ii4yCQ7NF3jkGg&ts=1704375751&e=0"]},{"title":"ZĽAVA! Zrekonštruovaný 3-izbový byt na ul. Hlaváča v Michalovciach","address":"Prof. Hlaváča, Michalovce, okres Michalovce","rooms":3,"meters":1,"totalPrice":107900,"meterSquarePrice":0,"link":"https://www.nehnutelnosti.sk/detail/Ju4Rp2ivfMe/zlava-zrekonstruovany-3-izbovy-byt-na-ul-hlavaca-v-michalovciach","imagesUrls":["https://img.unitedclassifieds.sk/foto/NjAweDMzOC9maWx0ZXJzOnF1YWxpdHkoMTAwKS9qdWw=/BTZDQUqLE_fss?st=ocnrqwLHYA6npc3pmVcCRE5Dpc936ljeu2K2Q24hVms&ts=1704804442&e=0"]},{"title":"NA PREDAJ 1-izbový byt na SNP v Michalovciach","address":"Tulipánová, Michalovce, okres Michalovce","rooms":1,"meters":1,"totalPrice":62900,"meterSquarePrice":0,"link":"https://www.nehnutelnosti.sk/detail/JupXIlqI0-A/na-predaj-1-izbovy-byt-na-snp-v-michalovciach","imagesUrls":["https://img.unitedclassifieds.sk/foto/NjAweDMzOC9maWx0ZXJzOnF1YWxpdHkoMTAwKS9qdWw=/bPS_bIw3q_fss?st=YWG-FeFUAqAC4sxJKGL7MWl6gbyzHy5QcjdpizRmhMI&ts=1699017561&e=0"]},{"title":"NA PREDAJ! 4-izbový byt v centre Sečoviec","address":"Obchodná, Sečovce, okres Trebišov","rooms":4,"meters":1,"totalPrice":113900,"meterSquarePrice":0,"link":"https://www.nehnutelnosti.sk/detail/JudFkTjkCEZ/na-predaj-4-izbovy-byt-v-centre-secoviec","imagesUrls":["https://img.unitedclassifieds.sk/foto/NjAweDMzOC9maWx0ZXJzOnF1YWxpdHkoMTAwKS9qdWw=/EiT2z5WU9_fss?st=ho4jVHPNpQdYbuvZ8sgDwJMyFxG6Lz3BwfqBFOZMpuo&ts=1708936419&e=0"]},{"title":"NA PREDAJ 3-izbový byt Snina – Vihorlatská","address":"Vihorlatská, Snina, okres Snina","rooms":3,"meters":1,"totalPrice":79900,"meterSquarePrice":0,"link":"https://www.nehnutelnosti.sk/detail/Ju4la9CG1uO/na-predaj-3-izbovy-byt-snina-vihorlatska","imagesUrls":["https://img.unitedclassifieds.sk/foto/NjAweDMzOC9maWx0ZXJzOnF1YWxpdHkoMTAwKS9qdWw=/67LzUgNa8_fss?st=B3_lu97dSAaCeVGTgfVZTxdy-xzUawZlCTJIKXpXeyI&ts=1707812270&e=0"]},{"title":"Na predaj jedinečný 2-izbový byt s balkónom na Miletičovej ulici","address":"Miletičova, Bratislava II - Ružinov, okres Bratislava","rooms":2,"meters":54,"totalPrice":210000,"meterSquarePrice":5,"link":"https://www.nehnutelnosti.sk/detail/JuYOJpoUfo3/na-predaj-jedinecny-2-izbovy-byt-s-balkonom-na-mileticovej-ulici","imagesUrls":["https://img.unitedclassifieds.sk/foto/NjAweDMzOC9maWx0ZXJzOnF1YWxpdHkoMTAwKS9qdWw=/QYfLxaMw7_fss?st=sm7-AOmLJ-JbyUVk2OJv9yBX8z-btlL6bg6xmIPP_ns&ts=1725957010&e=0"]},{"title":"NA PREDAJ 3-izbový byt - Kráľovský Chlmec","address":"Z. Fábryho, Kráľovský Chlmec, okres Trebišov","rooms":3,"meters":1,"totalPrice":57900,"meterSquarePrice":0,"link":"https://www.nehnutelnosti.sk/detail/JuPmbfnBIbA/na-predaj-3-izbovy-byt-kralovsky-chlmec","imagesUrls":["https://img.unitedclassifieds.sk/foto/NjAweDMzOC9maWx0ZXJzOnF1YWxpdHkoMTAwKS9qdWw=/lbr6FIBRQ_fss?st=FIJI8qcKl9z9ongzEyNj90p963a07U7S69hgDKwppEI&ts=1710242920&e=0"]},{"title":"NA PREDAJ! 3-izbový byt v Strážskom","address":"Komenského, Strážske, okres Michalovce","rooms":3,"meters":1,"totalPrice":84900,"meterSquarePrice":0,"link":"https://www.nehnutelnosti.sk/detail/Ju6TJo7DUX0/na-predaj-3-izbovy-byt-v-strazskom","imagesUrls":["https://img.unitedclassifieds.sk/foto/NjAweDMzOC9maWx0ZXJzOnF1YWxpdHkoMTAwKS9qdWw=/9Tt_JOmpS_fss?st=Smpv7-829qeHEHJes-vX8zzyj02GlhOo_Gb8ap3stbM&ts=1710431371&e=0"]},{"title":"SUPER PONUKA! 4-izbový byt vo Vranove nad Topľou","address":"Školská, Vranov nad Topľou, okres Vranov nad Topľou","rooms":4,"meters":1,"totalPrice":59900,"meterSquarePrice":0,"link":"https://www.nehnutelnosti.sk/detail/JuGkb6Z12WF/super-ponuka-4-izbovy-byt-vo-vranove-nad-toplou","imagesUrls":["https://img.unitedclassifieds.sk/foto/NjAweDMzOC9maWx0ZXJzOnF1YWxpdHkoMTAwKS9qdWw=/8IAxEiUxH_fss?st=LTHn1pEtmj6ytKg8Z-EMATnMwzmvxuQhbfpgD6Ko-Tk&ts=1709769564&e=0"]},{"title":"NA PREDAJ Pekný 3-izbový byt - Veľké Kapušany","address":"L. N. Tolstého, Veľké Kapušany, okres Michalovce","rooms":3,"meters":1,"totalPrice":53000,"meterSquarePrice":0,"link":"https://www.nehnutelnosti.sk/detail/JumHM6z54p8/na-predaj-pekny-3-izbovy-byt-velke-kapusany","imagesUrls":["https://img.unitedclassifieds.sk/foto/NjAweDMzOC9maWx0ZXJzOnF1YWxpdHkoMTAwKS9qdWw=/y0zBVE780_fss?st=jkvvw67tEudW5DT5m1ZN4u2BgCkAVhrjvVvOU5jbL2Y&ts=1711012269&e=0"]},{"title":"NA PREDAJ - 3-izbový byt v Trebišove na Komenského ul.","address":"Komenského, Trebišov, okres Trebišov","rooms":3,"meters":1,"totalPrice":87900,"meterSquarePrice":0,"link":"https://www.nehnutelnosti.sk/detail/Ju3YG4nOC7p/na-predaj-3-izbovy-byt-v-trebisove-na-komenskeho-ul","imagesUrls":["https://img.unitedclassifieds.sk/foto/NjAweDMzOC9maWx0ZXJzOnF1YWxpdHkoMTAwKS9qdWw=/wVyPVo8VL_fss?st=90SslA3F33ZlsTsw8aScm33wehKxx7-rrWoGYzRyLmk&ts=1710939333&e=0"]},{"title":"NA PREDAJ Pekný 3-izbový byt - Veľké Kapušany","address":"P. O. Hviezdoslava, Veľké Kapušany, okres Michalovce","rooms":3,"meters":1,"totalPrice":57900,"meterSquarePrice":0,"link":"https://www.nehnutelnosti.sk/detail/JuamoMn1joF/na-predaj-pekny-3-izbovy-byt-velke-kapusany","imagesUrls":["https://img.unitedclassifieds.sk/foto/NjAweDMzOC9maWx0ZXJzOnF1YWxpdHkoMTAwKS9qdWw=/LMLmsoifK_fss?st=QHlQgs_KeEit8EQyQZUgdY5stEX1Jvm0QwUnhsA08Xw&ts=1712256938&e=0"]},{"title":"NA PREDAJ! 3-izbový byt – Vihorlatská ul. Strážske","address":"Vihorlatská, Strážske, okres Michalovce","rooms":3,"meters":1,"totalPrice":82900,"meterSquarePrice":0,"link":"https://www.nehnutelnosti.sk/detail/JuEFEVBz5FT/na-predaj-3-izbovy-byt-vihorlatska-ul-strazske","imagesUrls":["https://img.unitedclassifieds.sk/foto/NjAweDMzOC9maWx0ZXJzOnF1YWxpdHkoMTAwKS9qdWw=/wt636g5cM_fss?st=J0PfDSUeeHo2iswErrzGZLfSW7qxdXZro1NsOgyWPJ4&ts=1711374389&e=0"]},{"title":"Garsónka na sídl. Juh v Michalovciach","address":"J. Murgaša, Michalovce, okres Michalovce","rooms":null,"meters":17,"totalPrice":52000,"meterSquarePrice":2,"link":"https://www.nehnutelnosti.sk/detail/JuoIZ1Zj3xM/garsonka-na-sidl-juh-v-michalovciach","imagesUrls":["https://img.unitedclassifieds.sk/foto/NjAweDMzOC9maWx0ZXJzOnF1YWxpdHkoMTAwKS9qdWw=/ZJiD5fX8Z4_fss?st=qCpIn-tEOmA2IonBPrhMTvFTt4pVq6TgfaquaZFKyCw&ts=1712648041&e=0"]},{"title":"Pekný 4-izbový byt – sídl. Východ Michalovce","address":"Kyjevská, Michalovce, okres Michalovce","rooms":4,"meters":1,"totalPrice":1,"meterSquarePrice":1,"link":"https://www.nehnutelnosti.sk/detail/JuipPSZEUvL/pekny-4-izbovy-byt-sidl-vychod-michalovce","imagesUrls":["https://img.unitedclassifieds.sk/foto/NjAweDMzOC9maWx0ZXJzOnF1YWxpdHkoMTAwKS9qdWw=/r3I6cMXZoF_fss?st=QWaD960yIsa9NQ6-63tGXHpbWKAgMCwLJ0AUxeRojIM&ts=1713774791&e=0"]},{"title":"NA PREDAJ – Podkrovný byt (145m2) na sídl. Juh v Michalovciach","address":"Okružná, Michalovce, okres Michalovce","rooms":null,"meters":1,"totalPrice":135000,"meterSquarePrice":0,"link":"https://www.nehnutelnosti.sk/detail/JuFU6g-duR2/na-predaj-podkrovny-byt-145m2-na-sidl-juh-v-michalovciach","imagesUrls":["https://img.unitedclassifieds.sk/foto/NjAweDMzOC9maWx0ZXJzOnF1YWxpdHkoMTAwKS9qdWw=/q7yNJKbOp_fss?st=MOO7nrln7Lk_m8XcoGCE8kVQdLM_apm2-Q6qdDzw3aw&ts=1713166356&e=0"]},{"title":"NA PREDAJ! 3-izbový byt – sídl. SNP Michalovce","address":"SNP, Michalovce, okres Michalovce","rooms":3,"meters":1,"totalPrice":1,"meterSquarePrice":1,"link":"https://www.nehnutelnosti.sk/detail/JuOM3a2geoe/na-predaj-3-izbovy-byt-sidl-snp-michalovce","imagesUrls":["https://img.unitedclassifieds.sk/foto/NjAweDMzOC9maWx0ZXJzOnF1YWxpdHkoMTAwKS9qdWw=/F9UdEBina_fss?st=4YtC_SmDSgim9ndi1galK2fKlYvHbR9vfxl6cUaUVH8&ts=1712498812&e=0"]},{"title":"NA PREDAJ 3-izbový byt pri centre Michaloviec","address":"Martina Rázusa, Michalovce, okres Michalovce","rooms":3,"meters":1,"totalPrice":122000,"meterSquarePrice":0,"link":"https://www.nehnutelnosti.sk/detail/Juz-sBHw4B9/na-predaj-3-izbovy-byt-pri-centre-michaloviec","imagesUrls":["https://img.unitedclassifieds.sk/foto/NjAweDMzOC9maWx0ZXJzOnF1YWxpdHkoMTAwKS9qdWw=/9nCanGfDN_fss?st=HxNjbuvA2pPqb9nOBiUaWQ7vqDAU5aWP7gXFdj6dHrc&ts=1714041810&e=0"]},{"title":"NA PREDAJ- 3-izbový byt v meste SNINA","address":"Budovateľská, Snina, okres Snina","rooms":3,"meters":1,"totalPrice":73900,"meterSquarePrice":0,"link":"https://www.nehnutelnosti.sk/detail/Ju5UsXGBr5i/na-predaj-3-izbovy-byt-v-meste-snina","imagesUrls":["https://img.unitedclassifieds.sk/foto/NjAweDMzOC9maWx0ZXJzOnF1YWxpdHkoMTAwKS9qdWw=/EzykoOU6l_fss?st=lXAW_1P-3jGvfw1IQLmNLeb94GyFj_xouZiKQUMDV48&ts=1714641692&e=0"]},{"title":"NA PREDAJ 1-izbový byt na Hollého ul. v Michalovciach","address":"Jána Hollého, Michalovce, okres Michalovce","rooms":1,"meters":1,"totalPrice":66900,"meterSquarePrice":0,"link":"https://www.nehnutelnosti.sk/detail/Ju3LcjofKkM/na-predaj-1-izbovy-byt-na-holleho-ul-v-michalovciach","imagesUrls":["https://img.unitedclassifieds.sk/foto/NjAweDMzOC9maWx0ZXJzOnF1YWxpdHkoMTAwKS9qdWw=/yUocQ5fQG_fss?st=1SUpxcUZf-gi7J8o2E-tH_5RnQLw2OrliMIGQC482jU&ts=1715781568&e=0"]},{"title":"SKVELÁ PONUKA 3-izbový byt vo Vranove","address":"Okulka, Vranov nad Topľou, okres Vranov nad Topľou","rooms":3,"meters":1,"totalPrice":1,"meterSquarePrice":1,"link":"https://www.nehnutelnosti.sk/detail/JuFE2S8pez5/skvela-ponuka-3-izbovy-byt-vo-vranove","imagesUrls":["https://img.unitedclassifieds.sk/foto/NjAweDMzOC9maWx0ZXJzOnF1YWxpdHkoMTAwKS9qdWw=/kaWZorMBU_fss?st=0zp2L4tlgE6bjzr53vdMcnSlLy8wt1-FrwfNAm0ooFk&ts=1715589584&e=0"]},{"title":"Skvelá ponuka! 1,5-izbový byt na Terase","address":"Košice, okres Košice","rooms":1,"meters":1,"totalPrice":137900,"meterSquarePrice":0,"link":"https://www.nehnutelnosti.sk/detail/JuSr87UhdXY/skvela-ponuka-1-5-izbovy-byt-na-terase","imagesUrls":["https://img.unitedclassifieds.sk/foto/NjAweDMzOC9maWx0ZXJzOnF1YWxpdHkoMTAwKS9qdWw=/4Pn6w-59W_fss?st=z4b-qFdEw4jsEIEAA3DtlsownWbrFJPD0TPBLslDvQo&ts=1715672075&e=0"]},{"title":"NA PREDAJ! PEKNÝ 3-izbový byt – SNP Michalovce","address":"Fialková, Michalovce, okres Michalovce","rooms":3,"meters":1,"totalPrice":114900,"meterSquarePrice":0,"link":"https://www.nehnutelnosti.sk/detail/JuxrPFOiZMZ/na-predaj-pekny-3-izbovy-byt-snp-michalovce","imagesUrls":["https://img.unitedclassifieds.sk/foto/NjAweDMzOC9maWx0ZXJzOnF1YWxpdHkoMTAwKS9qdWw=/UdLVKUzoU_fss?st=AIRkCZa3nJ513UTfQozUyxd0INOs7Ic9BsTvArceHec&ts=1714746560&e=0"]},{"title":"DO DOMČEKA | Zrekonštruovaný 2-izbový byt v obci Slovenská Ľupča","address":"Za Nožiarňou, Slovenská Ľupča, okres Banská Bystrica","rooms":2,"meters":53,"totalPrice":122000,"meterSquarePrice":9,"link":"https://www.nehnutelnosti.sk/detail/Ju2f-LW9Zpy/do-domceka-zrekonstruovany-2-izbovy-byt-v-obci-slovenska-lupca","imagesUrls":["https://img.nehnutelnosti.sk/foto/NjAweDMzOC9maWx0ZXJzOnF1YWxpdHkoMTAwKS9uZWg=/oOShehhCWm_fss?st=oGrs8PMlFfMTA-2k9wue2JUWl2sUaZiYr5ouIIVo49Y&ts=1723465853&e=0"]},{"title":"NOVINKA NA TRHU! Lukratívny 2-izbový apartmán na Zemplínskej Šírave","address":"Kaluža, okres Michalovce","rooms":2,"meters":1,"totalPrice":77500,"meterSquarePrice":0,"link":"https://www.nehnutelnosti.sk/detail/JuboI9JgHcS/novinka-na-trhu-lukrativny-2-izbovy-apartman-na-zemplinskej-sirave","imagesUrls":["https://img.unitedclassifieds.sk/foto/NjAweDMzOC9maWx0ZXJzOnF1YWxpdHkoMTAwKS9qdWw=/_d1-3e2vp_fss?st=2o7WLEKXU52QBS02650GO82avh-Sy3vjCfn5FM10DS4&ts=1716454901&e=0"]},{"title":"NOVINKA NA TRHU! 3-izbový apartmán so záhradkou na Zemplínskej Šírave","address":"Kaluža, okres Michalovce","rooms":3,"meters":1,"totalPrice":117900,"meterSquarePrice":0,"link":"https://www.nehnutelnosti.sk/detail/JuGSyAYqxIR/novinka-na-trhu-3-izbovy-apartman-so-zahradkou-na-zemplinskej-sirave","imagesUrls":["https://img.unitedclassifieds.sk/foto/NjAweDMzOC9maWx0ZXJzOnF1YWxpdHkoMTAwKS9qdWw=/JbxxlouYt_fss?st=hSvWo2LUI1kIyLV_MeBtVGS0fL7KwCMbxsxOQ79hzn4&ts=1716458609&e=0"]},{"title":"Super ponuka! 2-izbový byt na Študentskej v Snine","address":"Študentská, Snina, okres Snina","rooms":2,"meters":1,"totalPrice":52500,"meterSquarePrice":0,"link":"https://www.nehnutelnosti.sk/detail/JuftWpnhDI4/super-ponuka-2-izbovy-byt-na-studentskej-v-snine","imagesUrls":["https://img.unitedclassifieds.sk/foto/NjAweDMzOC9maWx0ZXJzOnF1YWxpdHkoMTAwKS9qdWw=/bCzWSzdGF_fss?st=j-SP4sNgAxkGAinEH1xM4QXVSFmrNH0R_hS70Q6XPa0&ts=1716476265&e=0"]}]