[{"title":"Nová výstavba -skolaudovaný- 2 izb. bytu s balkónom a parkovaním v štandarde - B. Kostol","address":"Hlavná, Biely Kostol, okres Trnava","rooms":2,"meters":37,"totalPrice":113100,"meterSquarePrice":3,"link":"https://www.nehnutelnosti.sk/detail/JuntfChmW6f/nova-vystavba-skolaudovany-2-izb-bytu-s-balkonom-a-parkovanim-v-standarde-b-kostol","imagesUrls":["https://img.unitedclassifieds.sk/foto/NjAweDMzOC9maWx0ZXJzOnF1YWxpdHkoMTAwKS9qdWw=/00Chs1x_C_fss?st=BPeRbr6Xn6urxpKWnDUtLDRxTIHhd8dmcdFv36IBdvs&ts=1707748884&e=0"]},{"title":"Nová výstavba - skolaudovaný - 3 izb. byt v štandarde s balkónom - B. Kostol","address":"Hlavná, Biely Kostol, okres Trnava","rooms":3,"meters":47,"totalPrice":139900,"meterSquarePrice":0,"link":"https://www.nehnutelnosti.sk/detail/JugxRvGEvIG/nova-vystavba-skolaudovany-3-izb-byt-v-standarde-s-balkonom-b-kostol","imagesUrls":["https://img.unitedclassifieds.sk/foto/NjAweDMzOC9maWx0ZXJzOnF1YWxpdHkoMTAwKS9yc2Y=/gr8PH7-VAN_fss?st=YmVW0gTRCt5Nl74YPAo49Ht-Jswch1mkmZVcdOsZZOo&ts=1694675271&e=0"]},{"title":"Vykupujeme zadlžené  nehnuteľnosti","address":"Hlavná, Trnava, okres Trnava","rooms":null,"meters":2000,"totalPrice":null,"meterSquarePrice":null,"link":"https://www.nehnutelnosti.sk/detail/Ju94PcSm8r4X/vykupujeme-zadlzene-nehnutelnosti","imagesUrls":["https://img.unitedclassifieds.sk/foto/NjAweDMzOC9maWx0ZXJzOnF1YWxpdHkoMTAwKS9yc2Y=/xtdPhBLOy_fss?st=5bu9NRbp0sOu_4GfsoBOep0uD5ncOuQFRoBUAOKV4Yg&ts=1626303779&e=0"]},{"title":"Predaj skolaudovaných bytov v Bielom Kostole - 2 izb. apartmán v štandarde s predzáhradkou","address":"Hlavná, Biely Kostol, okres Trnava","rooms":2,"meters":43,"totalPrice":126500,"meterSquarePrice":7,"link":"https://www.nehnutelnosti.sk/detail/JuTaXBt1fUr/predaj-skolaudovanych-bytov-v-bielom-kostole-2-izb-apartman-v-standarde-s-predzahradkou","imagesUrls":["https://img.unitedclassifieds.sk/foto/NjAweDMzOC9maWx0ZXJzOnF1YWxpdHkoMTAwKS9qdWw=/DRDHICyEn_fss?st=WQSzs7fKzY6NPFODaswnF1bV6yivq-J2wXM-ZY7GHQ8&ts=1710410147&e=0"]},{"title":"Nová výstavba - skolaudovaný - 1 izb. byt s balkónom v štandarde - B. Kostol","address":"Hlavná, Biely Kostol, okres Trnava","rooms":1,"meters":25,"totalPrice":82300,"meterSquarePrice":3,"link":"https://www.nehnutelnosti.sk/detail/Ju9NoKE4KyR/nova-vystavba-skolaudovany-1-izb-byt-s-balkonom-v-standarde-b-kostol","imagesUrls":["https://img.unitedclassifieds.sk/foto/NjAweDMzOC9maWx0ZXJzOnF1YWxpdHkoMTAwKS9qdWw=/TvaXI7IPk_fss?st=xMqiPPUcc1h5Nak8FL7pcM2VZ_sKzGu2W6lsB0QYzH0&ts=1709393939&e=0"]},{"title":"Predaj novostavby veľkého 3 izb. bytu s vlastným kúrením a pozemkom - Trstín","address":"Trstín, Trstín, okres Trnava","rooms":3,"meters":90,"totalPrice":139900,"meterSquarePrice":4,"link":"https://www.nehnutelnosti.sk/detail/Jux6EUuSXPH/predaj-novostavby-velkeho-3-izb-bytu-s-vlastnym-kurenim-a-pozemkom-trstin","imagesUrls":["https://img.unitedclassifieds.sk/foto/NjAweDMzOC9maWx0ZXJzOnF1YWxpdHkoMTAwKS9qdWw=/6JWPIrMPX_fss?st=I04jmkpwHAW2SSQqlwWtfcFVjPTBiCDWoO9yUXqxaU4&ts=1710409687&e=0"]},{"title":"Krásny 2 -izbový byt vo vyhľadávanej lokalite - Sky park","address":"Bottova, Bratislava I - Staré Mesto, okres Bratislava","rooms":2,"meters":46,"totalPrice":335000,"meterSquarePrice":0,"link":"https://www.nehnutelnosti.sk/detail/JuoBQmKEytG/krasny-2-izbovy-byt-vo-vyhladavanej-lokalite-sky-park","imagesUrls":["https://img.unitedclassifieds.sk/foto/NjAweDMzOC9maWx0ZXJzOnF1YWxpdHkoMTAwKS9qdWw=/nQv1QQnbi_fss?st=Ve75UodoFva8uJo73GMAetzTI0-C2DzQ_Bcl6AzODYw&ts=1721380290&e=0"]},{"title":"Predaj novostavby mestského lukratívneho 2 izb. bytu s lodžiou POD HRADOM- centrum Nitry","address":"Podzámska, Nitra, okres Nitra","rooms":2,"meters":55,"totalPrice":175000,"meterSquarePrice":2,"link":"https://www.nehnutelnosti.sk/detail/Jul4DQL_1vN/predaj-novostavby-mestskeho-lukrativneho-2-izb-bytu-s-lodziou-pod-hradom-centrum-nitry","imagesUrls":["https://img.unitedclassifieds.sk/foto/NjAweDMzOC9maWx0ZXJzOnF1YWxpdHkoMTAwKS9qdWw=/DQUleBRrL_fss?st=obMuufH3sjc-1BaZwVVpppCIG0mWyCmxscw28Idojkg&ts=1716133781&e=0"]},{"title":"Exkluzívne mestské bývanie POD HRADOM - 2 izb. byt s lodžiou a garážovým státím - centrum Nitry - vý","address":"Podzámska, Nitra, okres Nitra","rooms":2,"meters":55,"totalPrice":198000,"meterSquarePrice":0,"link":"https://www.nehnutelnosti.sk/detail/JubHKJZSbNw/exkluzivne-mestske-byvanie-pod-hradom-2-izb-byt-s-lodziou-a-garazovym-statim-centrum-nitry-vy","imagesUrls":["https://img.unitedclassifieds.sk/foto/NjAweDMzOC9maWx0ZXJzOnF1YWxpdHkoMTAwKS9qdWw=/3qbQ7dkdU_fss?st=Z-dze4GwXLM8VVnR1xHdtmsiLsB_qvDyZlHvJ9aihfE&ts=1718789814&e=0"]},{"title":"2 izb. byt, SÚMRAČNÁ ul.","address":"Súmračná, Bratislava II - Ružinov, okres Bratislava","rooms":2,"meters":55,"totalPrice":211900,"meterSquarePrice":3,"link":"https://www.nehnutelnosti.sk/detail/Ju2FSrUBAIx/2-izb-byt-sumracna-ul","imagesUrls":["https://img.nehnutelnosti.sk/foto/NjAweDMzOC9maWx0ZXJzOnF1YWxpdHkoMTAwKS9uZWg=/vJGNnJ7xAa_fss?st=dkGVFcmolnL4Pp_leRPE-NJM5rCypcZiJfrhVwBfJUI&ts=1726858881&e=0"]},{"title":"Predaj zariadeného priestranného 3-izbového bytu v Novostavbe Dolce Vita, ul. Vrakunská, BA II - Pod","address":"Vrakunská, Bratislava II - Podunajské Biskupice, okres Bratislava","rooms":3,"meters":83,"totalPrice":255000,"meterSquarePrice":4,"link":"https://www.nehnutelnosti.sk/detail/JuPm-z-wiMX0/predaj-zariadeneho-priestranneho-3-izboveho-bytu-v-novostavbe-dolce-vita-ul-vrakunska-ba-ii-pod","imagesUrls":["https://img.nehnutelnosti.sk/foto/NjAweDMzOC9maWx0ZXJzOnF1YWxpdHkoMTAwKS9uZWg=/g7ySTrLPT_fss?st=Dmy1sYrnWYjYjWM8oi_cwjGMvZW8y4qpaQERdUQYBRs&ts=1726820833&e=0"]},{"title":"2 izb. byt po NOVEJ rekonštrukcii v Ružinove","address":"Vlčie hrdlo, Bratislava II - Ružinov, okres Bratislava","rooms":2,"meters":57,"totalPrice":164900,"meterSquarePrice":8,"link":"https://www.nehnutelnosti.sk/detail/JueVoSfimPf/2-izb-byt-po-novej-rekonstrukcii-v-ruzinove","imagesUrls":["https://img.nehnutelnosti.sk/foto/NjAweDMzOC9maWx0ZXJzOnF1YWxpdHkoMTAwKS9uZWg=/hZ8joREkq_fss?st=4l6EgmCXrZ7kCQgDpSC_EsW1S9zZVntjdsbgnJ7pghI&ts=1726723570&e=0"]},{"title":"3 izb. byt v novostavbe NOVÝ RUŽINOV, Bajkalská ul.","address":"Bajkalská, Bratislava II - Ružinov, okres Bratislava","rooms":3,"meters":63,"totalPrice":262000,"meterSquarePrice":4,"link":"https://www.nehnutelnosti.sk/detail/JuLnjqrTCfG/3-izb-byt-v-novostavbe-novy-ruzinov-bajkalska-ul","imagesUrls":["https://img.nehnutelnosti.sk/foto/NjAweDMzOC9maWx0ZXJzOnF1YWxpdHkoMTAwKS9uZWg=/wXdLSLBu2n_fss?st=68p4LR-CEECZJ4dDqQKluZRv7iP92YaUT-9W_EFrBek&ts=1726611732&e=0"]},{"title":"3 izb. byt na dobrej adrese, DUNAJSKÁ ul.","address":"Dunajská, Bratislava I - Staré Mesto, okres Bratislava","rooms":3,"meters":65,"totalPrice":339900,"meterSquarePrice":9,"link":"https://www.nehnutelnosti.sk/detail/JuYWNtMbWpf/3-izb-byt-na-dobrej-adrese-dunajska-ul","imagesUrls":["https://img.nehnutelnosti.sk/foto/NjAweDMzOC9maWx0ZXJzOnF1YWxpdHkoMTAwKS9uZWg=/tRuzx5da1z_fss?st=fxKsxX0k_9bCLh-EnvqGQSfoODGA4X2U2suWlfw42qs&ts=1726611723&e=0"]},{"title":"2 izb. byt po NOVEJ rekonštrukcii v Ružinove","address":"Ružinov, Bratislava II - Ružinov, okres Bratislava","rooms":2,"meters":57,"totalPrice":164900,"meterSquarePrice":8,"link":"https://www.nehnutelnosti.sk/detail/JuEVXNSe_py/2-izb-byt-po-novej-rekonstrukcii-v-ruzinove","imagesUrls":["https://img.nehnutelnosti.sk/foto/NjAweDMzOC9maWx0ZXJzOnF1YWxpdHkoMTAwKS9uZWg=/kpo8yK9fya_fss?st=OGLD9r-9zjML0TbuEymqoV5-tkN33yV92300hc8adTg&ts=1726611756&e=0"]},{"title":"Moderný 2 izb. byt, JUNÁCKA ul.","address":"Junácka, Bratislava III - Nové Mesto, okres Bratislava","rooms":2,"meters":36,"totalPrice":189900,"meterSquarePrice":5,"link":"https://www.nehnutelnosti.sk/detail/JusJDvJ4qGc/moderny-2-izb-byt-junacka-ul","imagesUrls":["https://img.nehnutelnosti.sk/foto/NjAweDMzOC9maWx0ZXJzOnF1YWxpdHkoMTAwKS9uZWg=/BU1LFdG_rX_fss?st=9B_67psPsC650iKKxs8W6idTEEbrqXqVrrlvcJEJqK8&ts=1726611729&e=0"]},{"title":"Priestranný NOVO zrekonštr. byt, BARTÓKOVA ul.","address":"Bartókova, Bratislava I - Staré Mesto, okres Bratislava","rooms":3,"meters":87,"totalPrice":317900,"meterSquarePrice":6,"link":"https://www.nehnutelnosti.sk/detail/JumK5mhqpHj/priestranny-novo-zrekonstr-byt-bartokova-ul","imagesUrls":["https://img.nehnutelnosti.sk/foto/NjAweDMzOC9maWx0ZXJzOnF1YWxpdHkoMTAwKS9uZWg=/_mfJtLnIzb_fss?st=2QtlNY6DlWkN10CccSMJgARonFR73Cocj_xtnLyI09E&ts=1726611706&e=0"]},{"title":"2 izb. byt, EXNÁROVA ul., po novej rekonštrukcii","address":"Exnárova, Bratislava II - Ružinov, okres Bratislava","rooms":2,"meters":56,"totalPrice":199900,"meterSquarePrice":5,"link":"https://www.nehnutelnosti.sk/detail/Jua2R3-SHy6/2-izb-byt-exnarova-ul-po-novej-rekonstrukcii","imagesUrls":["https://img.nehnutelnosti.sk/foto/NjAweDMzOC9maWx0ZXJzOnF1YWxpdHkoMTAwKS9uZWg=/G39_q1qhe_fss?st=5MKotrLaQfgtmG6qs40lnDLcYyr6JnoyW2zSfznail4&ts=1726611712&e=0"]},{"title":"Novo zrekonštruovaný 4 izb. byt, KOMÁRNICKÁ ul.","address":"Komárnická, Bratislava II - Ružinov, okres Bratislava","rooms":4,"meters":73,"totalPrice":269900,"meterSquarePrice":1,"link":"https://www.nehnutelnosti.sk/detail/JuYuf0Q7Cst/novo-zrekonstruovany-4-izb-byt-komarnicka-ul","imagesUrls":["https://img.nehnutelnosti.sk/foto/NjAweDMzOC9maWx0ZXJzOnF1YWxpdHkoMTAwKS9uZWg=/5erbzjyB1_fss?st=TE6xKczm6OngYYwAVfoXJ11EF1vStcz4_BJTFE97RaI&ts=1726611688&e=0"]},{"title":"3 izb. byt, KOMÁRNICKÁ ul., zrekonštr. podľa Vašich predstáv","address":"Komárnická, Bratislava II - Ružinov, okres Bratislava","rooms":3,"meters":73,"totalPrice":271400,"meterSquarePrice":2,"link":"https://www.nehnutelnosti.sk/detail/JuELPqZ0s83/3-izb-byt-komarnicka-ul-zrekonstr-podla-vasich-predstav","imagesUrls":["https://img.nehnutelnosti.sk/foto/NjAweDMzOC9maWx0ZXJzOnF1YWxpdHkoMTAwKS9uZWg=/vFxl5s69z_fss?st=hPqgzOqInurHhmnnCbQQZROOuBnbCsk8KGpCJt9ib78&ts=1726611691&e=0"]},{"title":"3 izb. byt po rekonštrukcíí s LOGGIOU, BUDATÍNSKA ul.","address":"Budatínska, Bratislava V - Petržalka, okres Bratislava","rooms":3,"meters":69,"totalPrice":196900,"meterSquarePrice":3,"link":"https://www.nehnutelnosti.sk/detail/JuFBqsMa1x7/3-izb-byt-po-rekonstrukcii-s-loggiou-budatinska-ul","imagesUrls":["https://img.nehnutelnosti.sk/foto/NjAweDMzOC9maWx0ZXJzOnF1YWxpdHkoMTAwKS9uZWg=/kXfnD9AIv_fss?st=d1Kqa3lVu39pCQ2cu1st5Pj2cEGWuf6Ip9LDGxxuAtw&ts=1726611717&e=0"]},{"title":"Apartmán priamo na svahu - OŠČADNICA","address":"Čučoriedka, Oščadnica, okres Čadca","rooms":null,"meters":78,"totalPrice":null,"meterSquarePrice":null,"link":"https://www.nehnutelnosti.sk/detail/JufZuzSmaDL/apartman-priamo-na-svahu-oscadnica","imagesUrls":["https://img.nehnutelnosti.sk/foto/NjAweDMzOC9maWx0ZXJzOnF1YWxpdHkoMTAwKS9uZWg=/5Ducse2hJ_fss?st=Cd51Bqayf5ffU8PcreMUvqY_3AktG2kuYZmORVBO3yw&ts=1726611708&e=0"]},{"title":"2 izbový byt, GWERKOVEJ ul., zrekonštr. podľa Vašich predstáv","address":"Alžbety Gwerkovej, Bratislava V - Petržalka, okres Bratislava","rooms":2,"meters":49,"totalPrice":189900,"meterSquarePrice":1,"link":"https://www.nehnutelnosti.sk/detail/Ju9HfCgo0Ww/2-izbovy-byt-gwerkovej-ul-zrekonstr-podla-vasich-predstav","imagesUrls":["https://img.nehnutelnosti.sk/foto/NjAweDMzOC9maWx0ZXJzOnF1YWxpdHkoMTAwKS9uZWg=/om-liw71C_fss?st=aKAjS2c98TON3t7ytt-R-MlBGumyqF6I5WoM9h_R36w&ts=1726611694&e=0"]},{"title":"2 izb. byt so samostatnými izbami, MUŠKÁTOVA ul.","address":"Muškátová, Bratislava II - Ružinov, okres Bratislava","rooms":2,"meters":50,"totalPrice":189900,"meterSquarePrice":8,"link":"https://www.nehnutelnosti.sk/detail/JutUsK0yPf8/2-izb-byt-so-samostatnymi-izbami-muskatova-ul","imagesUrls":["https://img.nehnutelnosti.sk/foto/NjAweDMzOC9maWx0ZXJzOnF1YWxpdHkoMTAwKS9uZWg=/RNhx3XEiB_fss?st=W9Tier-XJPZp_rKuJ73zY_Mp6IATX8TbRLmZAG1CogM&ts=1726611714&e=0"]},{"title":"4 izb. NOVO zrekonštr. byt, BARTÓKOVA ul.","address":"Bartókova, Bratislava I - Staré Mesto, okres Bratislava","rooms":4,"meters":87,"totalPrice":320900,"meterSquarePrice":7,"link":"https://www.nehnutelnosti.sk/detail/JuCTU93kPwG/4-izb-novo-zrekonstr-byt-bartokova-ul","imagesUrls":["https://img.nehnutelnosti.sk/foto/NjAweDMzOC9maWx0ZXJzOnF1YWxpdHkoMTAwKS9uZWg=/3ixd0TxH2V_fss?st=mJu9cg2cMXgK8xU7XIk9IvVSyT8rAuXY1kbMXFpvaaQ&ts=1726611701&e=0"]},{"title":"2 izbový byt, GWERKOVEJ ul.","address":"Alžbety Gwerkovej, Bratislava V - Petržalka, okres Bratislava","rooms":2,"meters":49,"totalPrice":167990,"meterSquarePrice":7,"link":"https://www.nehnutelnosti.sk/detail/JuhlTwz7Kq0/2-izbovy-byt-gwerkovej-ul","imagesUrls":["https://img.nehnutelnosti.sk/foto/NjAweDMzOC9maWx0ZXJzOnF1YWxpdHkoMTAwKS9uZWg=/FMw3G1FXs__fss?st=bDF79OeyLJetjo1k4YIHvCKxKEPQ514M_VEQHcjaSrU&ts=1726611697&e=0"]},{"title":"na predaj pekný 1-iz.byt, BAKOŠOVA ul. v Lamači.","address":"Bakošova, Bratislava IV - Lamač, okres Bratislava","rooms":1,"meters":43,"totalPrice":159990,"meterSquarePrice":0,"link":"https://www.nehnutelnosti.sk/detail/Ju-TuThNQqCl/na-predaj-pekny-1-iz-byt-bakosova-ul-v-lamaci","imagesUrls":["https://img.nehnutelnosti.sk/foto/NjAweDMzOC9maWx0ZXJzOnF1YWxpdHkoMTAwKS9uZWg=/UnYDETM_N_fss?st=h8uCGFA73rGvbCC3p6H8D_c0ukfIGJVeyuUqiw5Zj1Y&ts=1726611647&e=0"]},{"title":"garz. JAŠÍKOVA ul., výborná investícia","address":"Jašíkova, Bratislava II - Ružinov, okres Bratislava","rooms":null,"meters":19,"totalPrice":102500,"meterSquarePrice":8,"link":"https://www.nehnutelnosti.sk/detail/Ju7bnADdxxN/garz-jasikova-ul-vyborna-investicia","imagesUrls":["https://img.nehnutelnosti.sk/foto/NjAweDMzOC9maWx0ZXJzOnF1YWxpdHkoMTAwKS9uZWg=/7BdVaHOtL_fss?st=1-IG8qELzgVaIPaiy3Jrue-hB_D6GX35OSN4uGfWQZw&ts=1726611660&e=0"]},{"title":"3 izb. byt, SMIKOVÁ ul., po novej rekonštrukcii","address":"Smikova, Bratislava III - Nové Mesto, okres Bratislava","rooms":3,"meters":66,"totalPrice":255900,"meterSquarePrice":6,"link":"https://www.nehnutelnosti.sk/detail/Ju-AHu-omfL/3-izb-byt-smikova-ul-po-novej-rekonstrukcii","imagesUrls":["https://img.nehnutelnosti.sk/foto/NjAweDMzOC9maWx0ZXJzOnF1YWxpdHkoMTAwKS9uZWg=/HZ49L2B2VT_fss?st=hAVqQTu1_bPXAJ-0eFMtRshxXW8wrTQ3RY9kPD3KBHw&ts=1726611673&e=0"]},{"title":"novo zrekonštr. 3 izb. byt, NARCISOVA ul.","address":"Narcisová, Bratislava II - Ružinov, okres Bratislava","rooms":3,"meters":64,"totalPrice":239900,"meterSquarePrice":4,"link":"https://www.nehnutelnosti.sk/detail/JupkCRR2roO/novo-zrekonstr-3-izb-byt-narcisova-ul","imagesUrls":["https://img.nehnutelnosti.sk/foto/NjAweDMzOC9maWx0ZXJzOnF1YWxpdHkoMTAwKS9uZWg=/Jv-56dwwE_fss?st=YSjLt2npLwsyzwJAh8DEmJ9R9avTNXxYLOHgla1vbWM&ts=1726611684&e=0"]}]