[{"title":"Predaj 3izb.byt v bytovke Janikovce","address":"Jána Mila, Nitra, okres Nitra","rooms":3,"meters":80,"totalPrice":160000,"meterSquarePrice":0,"link":"https://www.nehnutelnosti.sk/detail/JupDA9Up4D2/predaj-3izb-byt-v-bytovke-janikovce","imagesUrls":["https://img.unitedclassifieds.sk/foto/NjAweDMzOC9maWx0ZXJzOnF1YWxpdHkoMTAwKS9qdWw=/juy-1bhzk_fss?st=oZ-JWP03gNHIL1ve_CthGlgydSjQ7Ve4qIz007IqY50&ts=1726501883&e=0"]},{"title":"Tehlový, slnečný 2-izbový byt","address":"Lietavská Lúčka, okres Žilina","rooms":2,"meters":58,"totalPrice":135000,"meterSquarePrice":9,"link":"https://www.nehnutelnosti.sk/detail/Ju1SEXXTrHQ/tehlovy-slnecny-2-izbovy-byt","imagesUrls":["https://img.nehnutelnosti.sk/foto/NjAweDMzOC9maWx0ZXJzOnF1YWxpdHkoMTAwKS9uZWg=/3WFSVY4HI_fss?st=FvyLv2j9Zwb4XG6DbF5w3AFlyNuBVnR5z1t7fHAVFWY&ts=1713389131&e=0"]},{"title":"Predaj 2izb.byt Čajkovského","address":"Čajkovského, Nitra, okres Nitra","rooms":2,"meters":64,"totalPrice":129900,"meterSquarePrice":9,"link":"https://www.nehnutelnosti.sk/detail/Jun6GXwMm8WY/predaj-2izb-byt-cajkovskeho","imagesUrls":["https://img.unitedclassifieds.sk/foto/NjAweDMzOC9maWx0ZXJzOnF1YWxpdHkoMTAwKS9qdWw=/gHR55kgl-_fss?st=yg7FQxKzP4u1Y51UMR-8czl6aCVxtpEhmL9QMOFceVY&ts=1723809326&e=0"]},{"title":"Predaj 2izb.byt Chrenová Za Humnami","address":"Za Humnami, Nitra, okres Nitra","rooms":2,"meters":60,"totalPrice":149000,"meterSquarePrice":3,"link":"https://www.nehnutelnosti.sk/detail/JuvpFYk_x7W/predaj-2izb-byt-chrenova-za-humnami","imagesUrls":["https://img.unitedclassifieds.sk/foto/NjAweDMzOC9maWx0ZXJzOnF1YWxpdHkoMTAwKS9qdWw=/VXOSro7Vp_fss?st=cEHKaopgQTMoY8D7OtSop6Yd7nTZkvO3kkW16JegFCw&ts=1710454247&e=0"]},{"title":"Predaj 1izb.byt Klokočina","address":"Jedlíkova, Nitra, okres Nitra","rooms":1,"meters":34,"totalPrice":93000,"meterSquarePrice":9,"link":"https://www.nehnutelnosti.sk/detail/JuAekUaXL5K/predaj-1izb-byt-klokocina","imagesUrls":["https://img.unitedclassifieds.sk/foto/NjAweDMzOC9maWx0ZXJzOnF1YWxpdHkoMTAwKS9qdWw=/8pcv0pn0K_fss?st=sv_p0fn2-RxG8qKJi18V9-GthHVzy4J0PHfG-YmlN5g&ts=1717633807&e=0"]},{"title":"Predaj 3izbový byt Zvolenská","address":"Zvolenská, Nitra, okres Nitra","rooms":3,"meters":64,"totalPrice":143000,"meterSquarePrice":8,"link":"https://www.nehnutelnosti.sk/detail/JubnLglUigN/predaj-3izbovy-byt-zvolenska","imagesUrls":["https://img.unitedclassifieds.sk/foto/NjAweDMzOC9maWx0ZXJzOnF1YWxpdHkoMTAwKS9qdWw=/5yjDfhgK2_fss?st=BMpU3CA5DV8lh3TpCYCxIKDTzPoUHUZP3qH61Q_Diuw&ts=1714077926&e=0"]},{"title":"NA PREDAJ 2 IZBOVÝ VEĽKOMETRÁŽNY BYT V STAROM MESTE ( Miczkewicowa,14)","address":"Mickiewiczova, Bratislava I - Staré Mesto, okres Bratislava","rooms":2,"meters":100,"totalPrice":350000,"meterSquarePrice":0,"link":"https://www.nehnutelnosti.sk/detail/Jut1mWoUmx8/na-predaj-2-izbovy-velkometrazny-byt-v-starom-meste-miczkewicowa-14","imagesUrls":["https://img.nehnutelnosti.sk/foto/NjAweDMzOC9maWx0ZXJzOnF1YWxpdHkoMTAwKS9uZWg=/-moKZvPFY_fss?st=zCnGGMJu2fFIX2DKVESfR2Ja5IjZ5r1dzC9wfh-EvyM&ts=1658127738&e=0"]},{"title":"3-IZBOVÝ BYT V NOVOSTAVBE NOVÁ ZÁHORSKÁ, KTORÝ SI VIETE DOTVORIŤ PODĽA VLASTNÝCH PREDSTÁV","address":"Kunovská, Bratislava IV - Záhorská Bystrica, okres Bratislava","rooms":3,"meters":70,"totalPrice":209000,"meterSquarePrice":9,"link":"https://www.nehnutelnosti.sk/detail/JupxUuLUNbv/3-izbovy-byt-v-novostavbe-nova-zahorska-ktory-si-viete-dotvorit-podla-vlastnych-predstav","imagesUrls":["https://img.nehnutelnosti.sk/foto/NjAweDMzOC9maWx0ZXJzOnF1YWxpdHkoMTAwKS9uZWg=/IFkY8dPcW_fss?st=4mo0Wq9RzKAKal7njCCfMKIccZzug6CaS8sCyDRreKY&ts=1726502133&e=0"]},{"title":"Predaj 1izb. bytu 29m2 + 3,5m2 loggia, Podbrezovská ul., Rača","address":"Podbrezovská, Bratislava III - Rača, okres Bratislava","rooms":1,"meters":32,"totalPrice":98000,"meterSquarePrice":0,"link":"https://www.nehnutelnosti.sk/detail/Juy8a12n6bk/predaj-1izb-bytu-29m2-3-5m2-loggia-podbrezovska-ul-raca","imagesUrls":["https://img.unitedclassifieds.sk/foto/NjAweDMzOC9maWx0ZXJzOnF1YWxpdHkoMTAwKS9qdWw=/b0uI2LSfp_fss?st=a33ka_5sS-kshrtDIxH3MH48YAU-uCbdm_LHTUnQODQ&ts=1726497564&e=0"]},{"title":"Na predaj 3i byt s balkónom | STRÁŽSKE | výborná lokalita | Realitná kancelária Bývajte s Nami","address":"Vihorlatská, Strážske, okres Michalovce","rooms":3,"meters":65,"totalPrice":69900,"meterSquarePrice":8,"link":"https://www.nehnutelnosti.sk/detail/JuVnMeCVanB/na-predaj-3i-byt-s-balkonom-strazske-vyborna-lokalita-realitna-kancelaria-byvajte-s-nami","imagesUrls":["https://img.nehnutelnosti.sk/foto/NjAweDMzOC9maWx0ZXJzOnF1YWxpdHkoMTAwKS9uZWg=/2X7Hcdmog_fss?st=mDPSMYkwZ4HRU_sEI3A_y2TnxWxWLmn5WucNuPl5gqw&ts=1724199808&e=0"]},{"title":"PREŠOV | na predaj 3 izbový byt na sídlisku Sekčov | Exkluzívne Realitná kancelária Bývajte s Nami!","address":"Prešov, okres Prešov","rooms":3,"meters":74,"totalPrice":137000,"meterSquarePrice":5,"link":"https://www.nehnutelnosti.sk/detail/Ju2cKOBBgxO/presov-na-predaj-3-izbovy-byt-na-sidlisku-sekcov-exkluzivne-realitna-kancelaria-byvajte-s-nami","imagesUrls":["https://img.nehnutelnosti.sk/foto/NjAweDMzOC9maWx0ZXJzOnF1YWxpdHkoMTAwKS9uZWg=/xisY7A5jD_fss?st=cfADHKJEH2hSoiKuNq4Z2YnwloqaJ5AvOyAEK8DTKKQ&ts=1725979881&e=0"]},{"title":"Na predaj | 4i byt vo Vranove n/Topľou | krásna lodžija | Realitná kancelária Bývajte s NAMI","address":"Vranov nad Topľou, okres Vranov nad Topľou","rooms":4,"meters":80,"totalPrice":117000,"meterSquarePrice":0,"link":"https://www.nehnutelnosti.sk/detail/JuVok3pXxb1/na-predaj-4i-byt-vo-vranove-n-toplou-krasna-lodzija-realitna-kancelaria-byvajte-s-nami","imagesUrls":["https://img.nehnutelnosti.sk/foto/NjAweDMzOC9maWx0ZXJzOnF1YWxpdHkoMTAwKS9uZWg=/HEgXYu_3H_fss?st=8M1IxZaV0VOf3lqTGIhDc3gh3Yfzg-GosP1V3cMw21A&ts=1726887261&e=0"]},{"title":"Moderný apartmán na Zemplínskej šírave | PREDAJ | Medvedia hora | Realitná kancelária Bývajte s Nami","address":"Šírava-Medvedia hora, Michalovce, okres Michalovce","rooms":3,"meters":null,"totalPrice":249000,"meterSquarePrice":0,"link":"https://www.nehnutelnosti.sk/detail/Ju0L_78YOFg/moderny-apartman-na-zemplinskej-sirave-predaj-medvedia-hora-realitna-kancelaria-byvajte-s-nami","imagesUrls":["https://img.nehnutelnosti.sk/foto/NjAweDMzOC9maWx0ZXJzOnF1YWxpdHkoMTAwKS9uZWg=/QWl5Hr0wi_fss?st=oFVsKk-Pc68ijm9BQkR8q55HYAlr5i2W-lkBXH9M5to&ts=1726323041&e=0"]},{"title":"Na predaj 3-izbový byt v Michalovciach | sídlisko Juh | Realitná kancelária Bývajte s Nami","address":"sídlisko Juh, Michalovce, okres Michalovce","rooms":3,"meters":66,"totalPrice":110000,"meterSquarePrice":7,"link":"https://www.nehnutelnosti.sk/detail/Ju-Q3MyTyhu/na-predaj-3-izbovy-byt-v-michalovciach-sidlisko-juh-realitna-kancelaria-byvajte-s-nami","imagesUrls":["https://img.nehnutelnosti.sk/foto/NjAweDMzOC9maWx0ZXJzOnF1YWxpdHkoMTAwKS9uZWg=/lYhv5UObT_fss?st=K7Fj8yA3ddHP3sN67vRMUHtIWkaHyHqRB-NPmx5vpfk&ts=1726843446&e=0"]},{"title":"Na predaj garsónka | Michalovce centrum | Realitná kancelária Bývajte s NAMI !","address":"Michalovce, okres Michalovce","rooms":null,"meters":null,"totalPrice":null,"meterSquarePrice":null,"link":"https://www.nehnutelnosti.sk/detail/JuV0GOE-0bM/na-predaj-garsonka-michalovce-centrum-realitna-kancelaria-byvajte-s-nami","imagesUrls":["https://img.nehnutelnosti.sk/foto/NjAweDMzOC9maWx0ZXJzOnF1YWxpdHkoMTAwKS9uZWg=/a8W5D32mM_fss?st=Q-8jDZEn5L5fV5ewQJeMZ9CHC4HoEa2dbgBVmFUfLVs&ts=1725395553&e=0"]},{"title":"Na predaj 3 izbový byt v príjemnej lokalite mesta Čierna n/Tisou ZNÍŽENÁ CENA","address":"Čierna, Čierna nad Tisou, okres Trebišov","rooms":3,"meters":66,"totalPrice":31000,"meterSquarePrice":0,"link":"https://www.nehnutelnosti.sk/detail/JuAuQVb0-hH/na-predaj-3-izbovy-byt-v-prijemnej-lokalite-mesta-cierna-n-tisou-znizena-cena","imagesUrls":["https://img.nehnutelnosti.sk/foto/NjAweDMzOC9maWx0ZXJzOnF1YWxpdHkoMTAwKS9uZWg=/TK3Wz4Lkl_fss?st=jWpsWrfV3nyGee5we9KMaT3UDC3kwCqZWFwt3SdyVXI&ts=1722950566&e=0"]},{"title":"Zrekonštruovaný 3 izbový byt, sídl. Východ | Realitná kancelária Bývajte s NAMI","address":"Michalovce, okres Michalovce","rooms":3,"meters":null,"totalPrice":null,"meterSquarePrice":null,"link":"https://www.nehnutelnosti.sk/detail/JuvQjp8xXYx/zrekonstruovany-3-izbovy-byt-sidl-vychod-realitna-kancelaria-byvajte-s-nami","imagesUrls":["https://img.nehnutelnosti.sk/foto/NjAweDMzOC9maWx0ZXJzOnF1YWxpdHkoMTAwKS9uZWg=/pAeEa6dw0x_fss?st=zU-bPFMo-2KtXAsy-zUBVX3wanRnyOEmTqtU2atfPv8&ts=1721894262&e=0"]},{"title":"Exkluzívna ponuka! Moderný 4-izbový byt s garážou a záhradou v širšom centre | SOBRANCE","address":"Sobrance, okres Sobrance","rooms":4,"meters":125,"totalPrice":95000,"meterSquarePrice":0,"link":"https://www.nehnutelnosti.sk/detail/JupYIfp4hSr/exkluzivna-ponuka-moderny-4-izbovy-byt-s-garazou-a-zahradou-v-sirsom-centre-sobrance","imagesUrls":["https://img.nehnutelnosti.sk/foto/NjAweDMzOC9maWx0ZXJzOnF1YWxpdHkoMTAwKS9uZWg=/hHH-tCMsbw_fss?st=47jIHD-FJzxdmJ63RuTgEwICiXeM0cbNxujDW8d7ccg&ts=1721894186&e=0"]},{"title":"3i byt na predaj | Strážske | Realitná kancelária Bývajte s NAMI !","address":"Strážske, okres Michalovce","rooms":3,"meters":58,"totalPrice":85000,"meterSquarePrice":2,"link":"https://www.nehnutelnosti.sk/detail/JuV43xkNFv0/3i-byt-na-predaj-strazske-realitna-kancelaria-byvajte-s-nami","imagesUrls":["https://img.nehnutelnosti.sk/foto/NjAweDMzOC9maWx0ZXJzOnF1YWxpdHkoMTAwKS9uZWg=/aksQ0qPr6f_fss?st=p7ZMXZvxznHHckyHQHJbAD6AqejyfOlDIoH-8PDE7Dc&ts=1724156240&e=0"]},{"title":"TREBIŠOV - 1,5 izbové byty s parkovacím miestom na Predaj","address":"Trebišov, okres Trebišov","rooms":1,"meters":31,"totalPrice":null,"meterSquarePrice":null,"link":"https://www.nehnutelnosti.sk/detail/JuIL_v4kbnO/trebisov-1-5-izbove-byty-s-parkovacim-miestom-na-predaj","imagesUrls":["https://img.nehnutelnosti.sk/foto/NjAweDMzOC9maWx0ZXJzOnF1YWxpdHkoMTAwKS9uZWg=/V5sFs6tB9_fss?st=Bv66hUiMHyF_Zh5bTLmo4BQ4r0L997V6lurHNXu8kr0&ts=1724452497&e=0"]},{"title":"PRIESTRANNÝ 3-izbový byt Senica","address":"Senica, okres Senica","rooms":3,"meters":78,"totalPrice":null,"meterSquarePrice":null,"link":"https://www.nehnutelnosti.sk/detail/JuU8RAZ7SKl/priestranny-3-izbovy-byt-senica","imagesUrls":["https://img.nehnutelnosti.sk/foto/NjAweDMzOC9maWx0ZXJzOnF1YWxpdHkoMTAwKS9uZWg=/ISFIpT8SX_fss?st=s5VsAYlP_3V5YSeUwfm7hmd57c7H9Hst-IxoI2_e9WU&ts=1714767925&e=0"]},{"title":"Čiastočne zariadený 3-izbový byt s parkovacím státím na Záhradnickej v DS","address":"Záhradnícka, Dunajská Streda, okres Dunajská Streda","rooms":3,"meters":59,"totalPrice":129000,"meterSquarePrice":4,"link":"https://www.nehnutelnosti.sk/detail/Ju06IXsptN6/ciastocne-zariadeny-3-izbovy-byt-s-parkovacim-statim-na-zahradnickej-v-ds","imagesUrls":["https://img.nehnutelnosti.sk/foto/NjAweDMzOC9maWx0ZXJzOnF1YWxpdHkoMTAwKS9uZWg=/Z6NM02r028_fss?st=hRchD-IGj4TO_M90cQC3wgqpr3yKJ7IDSVOEKk-CYzk&ts=1725545382&e=0"]},{"title":"3 izbový tehlový byt s lodžiou na predaj, Poprad - Matejovce, ulica Bottova","address":"Bottova, Poprad, okres Poprad","rooms":3,"meters":62,"totalPrice":99900,"meterSquarePrice":9,"link":"https://www.nehnutelnosti.sk/detail/JuMcrMk8Nme/3-izbovy-tehlovy-byt-s-lodziou-na-predaj-poprad-matejovce-ulica-bottova","imagesUrls":["https://img.nehnutelnosti.sk/foto/NjAweDMzOC9maWx0ZXJzOnF1YWxpdHkoMTAwKS9uZWg=/V_L4xzwl26_fss?st=VSoPuUufls8gz3aDSohXT3QFfRlqf6tooH4EObBZCcI&ts=1726498466&e=0"]},{"title":"Priestranný 3-izbový byt, 101 m2, Zlaté Moravce","address":"Kalinčiakova, Zlaté Moravce, okres Zlaté Moravce","rooms":3,"meters":100,"totalPrice":89900,"meterSquarePrice":5,"link":"https://www.nehnutelnosti.sk/detail/Ju6k5ZlDXo7/priestranny-3-izbovy-byt-101-m2-zlate-moravce","imagesUrls":["https://img.nehnutelnosti.sk/foto/NjAweDMzOC9maWx0ZXJzOnF1YWxpdHkoMTAwKS9uZWg=/-WrSzfe1s_fss?st=lAjLw8GX9Vs_51y7Bzf0ImXoqzP-M-Vmjmnd56olydA&ts=1721666106&e=0"]},{"title":"Na predaj 4 izbový byt s lodžiou Kežmarok, ulica Bardejovská","address":"Bardejovská, Kežmarok, okres Kežmarok","rooms":4,"meters":91,"totalPrice":154900,"meterSquarePrice":0,"link":"https://www.nehnutelnosti.sk/detail/Ju_M-hzrKxS/na-predaj-4-izbovy-byt-s-lodziou-kezmarok-ulica-bardejovska","imagesUrls":["https://img.nehnutelnosti.sk/foto/NjAweDMzOC9maWx0ZXJzOnF1YWxpdHkoMTAwKS9uZWg=/6tZVpn-PVE_fss?st=nxXcXS_HWWNjh2mGQydYpR7FMb_hCEH558MooNHcnug&ts=1726498455&e=0"]},{"title":"Na predaj 2i byt v NOVOSTAVBE 49,24 m2 - obec Malachov","address":"Banská Bystrica, Banská Bystrica, okres Banská Bystrica","rooms":2,"meters":49,"totalPrice":139000,"meterSquarePrice":1,"link":"https://www.nehnutelnosti.sk/detail/JuVvbBvBkQu/na-predaj-2i-byt-v-novostavbe-49-24-m2-obec-malachov","imagesUrls":["https://img.nehnutelnosti.sk/foto/NjAweDMzOC9maWx0ZXJzOnF1YWxpdHkoMTAwKS9uZWg=/ZzlHoGaz6K_fss?st=ZFkGtFpzIZTLRvPKD4-4PBOGkCjTpBYokuiNajxJAy8&ts=1726647617&e=0"]},{"title":"Na predaj 3i byt s balkónom Fončorda v BB - 65,81m2","address":"Družby, Banská Bystrica, okres Banská Bystrica","rooms":3,"meters":65,"totalPrice":165000,"meterSquarePrice":2,"link":"https://www.nehnutelnosti.sk/detail/Juzo9U9Cpre/na-predaj-3i-byt-s-balkonom-foncorda-v-bb-65-81m2","imagesUrls":["https://img.nehnutelnosti.sk/foto/NjAweDMzOC9maWx0ZXJzOnF1YWxpdHkoMTAwKS9uZWg=/SiioBvBLw_fss?st=unFg8J_NSvuFx17axmqTcL2HR-xRb8xcjXU4REfLVok&ts=1726647619&e=0"]},{"title":"Pripravujeme do ponuky 3i byt na predaj, BB-Podlavice","address":"Podlavice, Banská Bystrica, okres Banská Bystrica","rooms":3,"meters":70,"totalPrice":150000,"meterSquarePrice":4,"link":"https://www.nehnutelnosti.sk/detail/JuW5ad0zPRN/pripravujeme-do-ponuky-3i-byt-na-predaj-bb-podlavice","imagesUrls":["https://img.nehnutelnosti.sk/foto/NjAweDMzOC9maWx0ZXJzOnF1YWxpdHkoMTAwKS9uZWg=/I_PHZXyfV_fss?st=soLVEaP17rNcWt-74iK6UE_sk3h4bLZVfmgMpRlO92A&ts=1726647629&e=0"]},{"title":"Predaj 3.izbového bytu v Karlovej Vsi","address":"Segnerova, Bratislava IV - Karlova Ves, okres Bratislava","rooms":3,"meters":74,"totalPrice":226600,"meterSquarePrice":6,"link":"https://www.nehnutelnosti.sk/detail/JuiCDnawZG4/predaj-3-izboveho-bytu-v-karlovej-vsi","imagesUrls":["https://img.nehnutelnosti.sk/foto/NjAweDMzOC9maWx0ZXJzOnF1YWxpdHkoMTAwKS9uZWg=/nxsSH7oJQ_fss?st=-KxF634ODV90mjnDGVxkVjhFjznxfuXmO6yzaViQ204&ts=1726497335&e=0"]},{"title":"ViP 3D a video. 3+1 byt 75m2 s loggiou,  nízke náklady. Zvolen - širšie centrum","address":"J. Švermu, Zvolen, okres Zvolen","rooms":3,"meters":75,"totalPrice":124997,"meterSquarePrice":3,"link":"https://www.nehnutelnosti.sk/detail/JuUl-qwKbVa/vip-3d-a-video-3-1-byt-75m2-s-loggiou-nizke-naklady-zvolen-sirsie-centrum","imagesUrls":["https://img.nehnutelnosti.sk/foto/NjAweDMzOC9maWx0ZXJzOnF1YWxpdHkoMTAwKS9uZWg=/8A3AZRNgOG_fss?st=I6VlH-gUx0sPyb-u1Hzj-QjjtIm9Bqps2wLTBihfAFo&ts=1723453906&e=0"]}]