[{"title":"3-izbová novostavba, 83,5 m2, nadštandardné materiály.","address":"Cyrilova, Bratislava II - Ružinov, okres Bratislava","rooms":3,"meters":83,"totalPrice":null,"meterSquarePrice":null,"link":"https://www.nehnutelnosti.sk/detail/JuC5SVYRm5l/3-izbova-novostavba-83-5-m2-nadstandardne-materialy","imagesUrls":["https://img.unitedclassifieds.sk/foto/NjAweDMzOC9maWx0ZXJzOnF1YWxpdHkoMTAwKS9qdWw=/tp5-3qKCk_fss?st=O7A_Q17hT1_oAK9dwd4Z9DUh-Onb2sk6eTuFaQFiE-w&ts=1726247012&e=0"]},{"title":"2 izbový byt s predzáhradkou, Guthaus - B.01.11","address":"Račianska, Bratislava III - Nové Mesto, okres Bratislava","rooms":2,"meters":49,"totalPrice":null,"meterSquarePrice":null,"link":"https://www.nehnutelnosti.sk/detail/JuEbL1zs39S/2-izbovy-byt-s-predzahradkou-guthaus-b-01-11","imagesUrls":["https://img.nehnutelnosti.sk/foto/NjAweDMzOC9maWx0ZXJzOnF1YWxpdHkoMTAwKS9uZWg=/8_FsALd2c_fss?st=WD-LHRR6XT2ronnW_c3apSSlNO071EBOO6CRGQPfxbs&ts=1679585612&e=0"]},{"title":"Ponúkame na predaj 1-izbový byt na Hronskej ulici v Bratislave - Podunajských Biskupicia","address":"Hronská, Bratislava II - Podunajské Biskupice, okres Bratislava","rooms":1,"meters":34,"totalPrice":119000,"meterSquarePrice":0,"link":"https://www.nehnutelnosti.sk/detail/Ju4MQb-0kCd/ponukame-na-predaj-1-izbovy-byt-na-hronskej-ulici-v-bratislave-podunajskych-biskupicia","imagesUrls":["https://img.nehnutelnosti.sk/foto/NjAweDMzOC9maWx0ZXJzOnF1YWxpdHkoMTAwKS9uZWg=/mlzM2KHzm_fss?st=-s1E-VcL2R374BZcw_pmIa2-7TBVPAx9ukRnMPZT7d4&ts=1726245329&e=0"]},{"title":"+++ NOVINKA+++ 2 IZBOVÝ BYT V HISTORICKOM CENTRE TRNAVY NA PREDAJ","address":"Vajanského, Trnava, okres Trnava","rooms":2,"meters":44,"totalPrice":147000,"meterSquarePrice":1,"link":"https://www.nehnutelnosti.sk/detail/JuEJCYCrBjc/novinka-2-izbovy-byt-v-historickom-centre-trnavy-na-predaj","imagesUrls":["https://img.nehnutelnosti.sk/foto/NjAweDMzOC9maWx0ZXJzOnF1YWxpdHkoMTAwKS9uZWg=/0PQN0Nmfs_fss?st=YLIfEvTDw-5xQaPINQTw-KcnMfYtj5MgvdI-lvbW0dA&ts=1726245320&e=0"]},{"title":"Zrekonštruovaná garsónka na sídlisku Východ v Michalovciach","address":"sídlisko Východ, Michalovce, okres Michalovce","rooms":null,"meters":28,"totalPrice":61000,"meterSquarePrice":7,"link":"https://www.nehnutelnosti.sk/detail/Ju8xeEAs535/zrekonstruovana-garsonka-na-sidlisku-vychod-v-michalovciach","imagesUrls":["https://img.nehnutelnosti.sk/foto/NjAweDMzOC9maWx0ZXJzOnF1YWxpdHkoMTAwKS9uZWg=/VYYh5d0p3_fss?st=AsHp9snKT6TbbPS-k1eKJCOXtO-909P6EBiT37vcwGI&ts=1726245286&e=0"]},{"title":"DIRECTREAL|Predaj - 3 izbový byt s dvoma balkónmi v Bánovciach nad Bebravou","address":"Družstevná, Bánovce nad Bebravou, okres Bánovce nad Bebravou","rooms":3,"meters":60,"totalPrice":85000,"meterSquarePrice":7,"link":"https://www.nehnutelnosti.sk/detail/JuQnRwyZX4F/directreal-predaj-3-izbovy-byt-s-dvoma-balkonmi-v-banovciach-nad-bebravou","imagesUrls":["https://img.nehnutelnosti.sk/foto/NjAweDMzOC9maWx0ZXJzOnF1YWxpdHkoMTAwKS9uZWg=/ki_eB158I_fss?st=lKvR0YfGzBW6hMOnOmXx991riN1HsrtMTsFkFX-0Pp0&ts=1726245262&e=0"]},{"title":"2 izbový byt s loggiou - Novostavba Baťové rezidencie","address":"P. Jilemnického, Svit, okres Poprad","rooms":2,"meters":57,"totalPrice":155000,"meterSquarePrice":6,"link":"https://www.nehnutelnosti.sk/detail/JuKOISMRo4p/2-izbovy-byt-s-loggiou-novostavba-batove-rezidencie","imagesUrls":["https://img.unitedclassifieds.sk/foto/NjAweDMzOC9maWx0ZXJzOnF1YWxpdHkoMTAwKS9qdWw=/g63kFnBrG_fss?st=aClBtUx4XGSld3_G9rbZutCbzTSzzGFygBDOajywOlA&ts=1725981953&e=0"]},{"title":"3 izb. byt s vlastnou záhradou 150 m2 v ŠTANDARDE  v novom projekte  ''Vydrany 28''","address":"Gyulu Szabóa, Dunajská Streda, okres Dunajská Streda","rooms":3,"meters":73,"totalPrice":153200,"meterSquarePrice":7,"link":"https://www.nehnutelnosti.sk/detail/JuvnzaBMxvM/3-izb-byt-s-vlastnou-zahradou-150-m2-v-standarde-v-novom-projekte-vydrany-28","imagesUrls":["https://img.nehnutelnosti.sk/foto/NjAweDMzOC9maWx0ZXJzOnF1YWxpdHkoMTAwKS9uZWg=/yYEToeptnc_fss?st=sQCF1kxrmk_EfeI6R36faAJ1wK38QfB3TZLQr4t5pPg&ts=1717626004&e=0"]},{"title":"Exkluzívne - Novostavba - 3 izb. byty aj so záhradkou v novom projekte Vydrany 28","address":"Vydrany, okres Dunajská Streda","rooms":3,"meters":74,"totalPrice":139900,"meterSquarePrice":2,"link":"https://www.nehnutelnosti.sk/detail/JuM1G1NaMor/exkluzivne-novostavba-3-izb-byty-aj-so-zahradkou-v-novom-projekte-vydrany-28","imagesUrls":["https://img.nehnutelnosti.sk/foto/NjAweDMzOC9maWx0ZXJzOnF1YWxpdHkoMTAwKS9uZWg=/TBAO_gtzUP_fss?st=O9d2OvvPAk-Z-yU2M1zA9LS51eSG-UQizqS1IsMcMx0&ts=1717625984&e=0"]},{"title":"3 izb. byt  len 20 min od Bratislavy v novom Projekte ''Royal byty 12''","address":"Benková Potôň, Horná Potôň, okres Dunajská Streda","rooms":3,"meters":81,"totalPrice":142000,"meterSquarePrice":1,"link":"https://www.nehnutelnosti.sk/detail/Juc_EMyKGXK/3-izb-byt-len-20-min-od-bratislavy-v-novom-projekte-royal-byty-12","imagesUrls":["https://img.nehnutelnosti.sk/foto/NjAweDMzOC9maWx0ZXJzOnF1YWxpdHkoMTAwKS9uZWg=/YhKm3uUGOD_fss?st=_lsu730UzDHwOpLqJlxTa4LSnBVZaeL3cuSuKmbkDQI&ts=1725530519&e=0"]},{"title":"3 izb. byt aj so záhradou 350 m2 len 20 min od Bratislavy v novom Projekte ''Royal HP 12''","address":"Benková Potôň, Horná Potôň, okres Dunajská Streda","rooms":3,"meters":73,"totalPrice":162000,"meterSquarePrice":9,"link":"https://www.nehnutelnosti.sk/detail/Ju80tGCKE_a/3-izb-byt-aj-so-zahradou-350-m2-len-20-min-od-bratislavy-v-novom-projekte-royal-hp-12","imagesUrls":["https://img.nehnutelnosti.sk/foto/NjAweDMzOC9maWx0ZXJzOnF1YWxpdHkoMTAwKS9uZWg=/Apn3S4tOy_fss?st=gDZk14HefO-xfva28XbL0me1tp7t5jlsjIJ8JtHPElo&ts=1725530506&e=0"]},{"title":"Ponúkam na predaj 2-izbový apartmán č.106 s balkónom a parkovacím miestom, po kompletnej rekonštrukc","address":"Tatranská Štrba, Tatranská Štrba, okres Poprad","rooms":2,"meters":42,"totalPrice":149000,"meterSquarePrice":2,"link":"https://www.nehnutelnosti.sk/detail/Ju7GHblVZOk/ponukam-na-predaj-2-izbovy-apartman-c-106-s-balkonom-a-parkovacim-miestom-po-kompletnej-rekonstrukc","imagesUrls":["https://img.unitedclassifieds.sk/foto/NjAweDMzOC9maWx0ZXJzOnF1YWxpdHkoMTAwKS9yc2Y=/hSfBrtf07-_fss?st=_m1RRQo8NSKIpFbu3jj6YnYkSgKgOaKbzVAO_9Ej2wo&ts=1715751762&e=0"]},{"title":"Na predaj 3-izbový Apartmán č.4, (plocha: 72,03m²) pri Golfovom ihrisku Black Stork-Velká Lomnica, d","address":"Pod lesom, Veľká Lomnica, okres Kežmarok","rooms":null,"meters":70,"totalPrice":159500,"meterSquarePrice":7,"link":"https://www.nehnutelnosti.sk/detail/Jugw6FqlHrX/na-predaj-3-izbovy-apartman-c-4-plocha-72-03m-pri-golfovom-ihrisku-black-stork-velka-lomnica-d","imagesUrls":["https://img.unitedclassifieds.sk/foto/NjAweDMzOC9maWx0ZXJzOnF1YWxpdHkoMTAwKS9yc2Y=/iMrmpUmA__fss?st=ZkJOXyX-TbgrOD6QSRbhGgZlZmQT9rPpeZhWjJKV0ME&ts=1722712275&e=0"]},{"title":"Na predaj jednoizbový apartmán č.201 s balkónom, po kompletnej rekonštrukcii, Tatranská Štrba.","address":"Rekreačná, Tatranská Štrba, okres Poprad","rooms":null,"meters":18,"totalPrice":75900,"meterSquarePrice":7,"link":"https://www.nehnutelnosti.sk/detail/JuDRg25V31B/na-predaj-jednoizbovy-apartman-c-201-s-balkonom-po-kompletnej-rekonstrukcii-tatranska-strba","imagesUrls":["https://img.unitedclassifieds.sk/foto/NjAweDMzOC9maWx0ZXJzOnF1YWxpdHkoMTAwKS9yc2Y=/Bxihkex2yO_fss?st=u8KgmC9EQpqfoNMJOVwyPuziQqNCAQ-v4oGCypjhk8Q&ts=1715820755&e=0"]},{"title":"Na predaj 3-izbový byt s terasou v uzavretom areály RD - Veľká Lomnica.","address":"Tatranská, Veľká Lomnica, okres Kežmarok","rooms":3,"meters":75,"totalPrice":165500,"meterSquarePrice":7,"link":"https://www.nehnutelnosti.sk/detail/JudwDNkJfNR/na-predaj-3-izbovy-byt-s-terasou-v-uzavretom-arealy-rd-velka-lomnica","imagesUrls":["https://img.unitedclassifieds.sk/foto/NjAweDMzOC9maWx0ZXJzOnF1YWxpdHkoMTAwKS9yc2Y=/-KDsJzoJU_fss?st=V8_K-OsysylNeHuZHds-zwU_xT_LgoQAizB8Usb0XWU&ts=1720645088&e=0"]},{"title":"Ponúkam na predaj 1-izbové štúdio s balkónom č.210 po kompletnej rekonštrukcii v Tatranskej Štrbe (V","address":"Tatranská Štrba, Vysoké Tatry, okres Poprad","rooms":null,"meters":20,"totalPrice":85000,"meterSquarePrice":4,"link":"https://www.nehnutelnosti.sk/detail/JuTqFNTyr0u/ponukam-na-predaj-1-izbove-studio-s-balkonom-c-210-po-kompletnej-rekonstrukcii-v-tatranskej-strbe-v","imagesUrls":["https://img.unitedclassifieds.sk/foto/NjAweDMzOC9maWx0ZXJzOnF1YWxpdHkoMTAwKS9yc2Y=/C0JN-azAE_fss?st=BdEciOkAiX-QBkuvo8hHNNV-MJQB-FMXpcBDbuT3njg&ts=1724011212&e=0"]},{"title":"Priestranný 4-izbový byt na Stromovej ulici na Kramároch","address":"Stromová, Bratislava III - Nové Mesto, okres Bratislava","rooms":4,"meters":125,"totalPrice":529900,"meterSquarePrice":0,"link":"https://www.nehnutelnosti.sk/detail/Ju1kPTPOR6A/priestranny-4-izbovy-byt-na-stromovej-ulici-na-kramaroch","imagesUrls":["https://img.nehnutelnosti.sk/foto/NjAweDMzOC9maWx0ZXJzOnF1YWxpdHkoMTAwKS9uZWg=/Zn1E0Ccr0v_fss?st=hlNL0HnfWov3XaLIk-oBCiKLx6UK-LQfycUrz6fY_oI&ts=1726242507&e=0"]},{"title":"Predaj mezonet 202m2, garáž + garážové státie","address":"Silvánová, Pezinok, okres Pezinok","rooms":3,"meters":202,"totalPrice":299000,"meterSquarePrice":0,"link":"https://www.nehnutelnosti.sk/detail/JuqoUykTqAH/predaj-mezonet-202m2-garaz-garazove-statie","imagesUrls":["https://img.unitedclassifieds.sk/foto/NjAweDMzOC9maWx0ZXJzOnF1YWxpdHkoMTAwKS9qdWw=/BuIw1Rn1no_fss?st=s-9fr77xskb7SWdZn172mTnNE4NeMkykXgofHJRPfIE&ts=1726242168&e=0"]},{"title":"ohodnotenie nehnuteľností","address":"námestie SNP, Banská Bystrica, okres Banská Bystrica","rooms":null,"meters":null,"totalPrice":null,"meterSquarePrice":null,"link":"https://www.nehnutelnosti.sk/detail/JuIepYzqQu-/ohodnotenie-nehnutelnosti","imagesUrls":["https://img.nehnutelnosti.sk/foto/NjAweDMzOC9maWx0ZXJzOnF1YWxpdHkoMTAwKS9uZWg=/WAJQSrKZb_fss?st=yxZr_VBhsVHPgvGVvcLK5qQY_l8VtN3LaiQ2ItGEYtA&ts=1693487845&e=0"]},{"title":"3 izbový byt Sásová Tatranská ulica","address":"Tatranská, Banská Bystrica, okres Banská Bystrica","rooms":3,"meters":69,"totalPrice":132000,"meterSquarePrice":4,"link":"https://www.nehnutelnosti.sk/detail/Ju9wbyG0PWY/3-izbovy-byt-sasova-tatranska-ulica","imagesUrls":["https://img.nehnutelnosti.sk/foto/NjAweDMzOC9maWx0ZXJzOnF1YWxpdHkoMTAwKS9uZWg=/meIcEAhzt_fss?st=iumHljSZoDd0yBjNC8qDyYAy5TRwMyoOXh-5LgXH3x4&ts=1719776110&e=0"]},{"title":"Hľadáme pre klientov 3 izbový byt v Banskej Bystrici","address":"Bernolákova, Banská Bystrica, okres Banská Bystrica","rooms":3,"meters":70,"totalPrice":140000,"meterSquarePrice":0,"link":"https://www.nehnutelnosti.sk/detail/JuOAk2QV_SP/hladame-pre-klientov-3-izbovy-byt-v-banskej-bystrici","imagesUrls":["https://img.nehnutelnosti.sk/foto/NjAweDMzOC9maWx0ZXJzOnF1YWxpdHkoMTAwKS9uZWg=/HROp-0YY0_fss?st=JaYAYetj9YgOHvjxbqJg6mwdIve9Pcu1Ml_JkgZIlec&ts=1637947630&e=0"]},{"title":"2,5 izbový byt Fončorda","address":"Družby, Banská Bystrica, okres Banská Bystrica","rooms":2,"meters":57,"totalPrice":130000,"meterSquarePrice":4,"link":"https://www.nehnutelnosti.sk/detail/Juln-x2rVBA/2-5-izbovy-byt-foncorda","imagesUrls":["https://img.nehnutelnosti.sk/foto/NjAweDMzOC9maWx0ZXJzOnF1YWxpdHkoMTAwKS9uZWg=/cJh5eWWg6_fss?st=WC-XxxviyVkBMK8K4RXn6RzalYheis8yqWtAXC9izGw&ts=1722787282&e=0"]},{"title":"Predaj mezonet 202m2, garáž + garážové státie","address":"Silvánová, Pezinok, okres Pezinok","rooms":null,"meters":202,"totalPrice":299000,"meterSquarePrice":0,"link":"https://www.nehnutelnosti.sk/detail/JuMHlDjMh2F/predaj-mezonet-202m2-garaz-garazove-statie","imagesUrls":["https://img.unitedclassifieds.sk/foto/NjAweDMzOC9maWx0ZXJzOnF1YWxpdHkoMTAwKS9qdWw=/HNSOHitp-_fss?st=Kh6RG3w9RE71_-q27epS2LRN_Uk0Y2tiBvdOSzZ9i4M&ts=1726241731&e=0"]},{"title":"3,5 izbový byt na predaj v Nitre, Chrenová, Bajkal","address":"Bajkalská 679/1, Nitra, okres Nitra","rooms":3,"meters":74,"totalPrice":134900,"meterSquarePrice":7,"link":"https://www.nehnutelnosti.sk/detail/JuBsDuQz-hE/3-5-izbovy-byt-na-predaj-v-nitre-chrenova-bajkal","imagesUrls":["https://img.nehnutelnosti.sk/foto/NjAweDMzOC9maWx0ZXJzOnF1YWxpdHkoMTAwKS9uZWg=/AXeXWeLj8_fss?st=DBssb1pSY0Fgz9kF2Pw_XnX0iSz_JOTLcJDIbu49PIw&ts=1726241915&e=0"]},{"title":"3,5 izbový byt na Venevskej ulici vo Veľkom Krtíši","address":"Venevská 772/39, Veľký Krtíš, okres Veľký Krtíš","rooms":3,"meters":78,"totalPrice":75000,"meterSquarePrice":4,"link":"https://www.nehnutelnosti.sk/detail/JujsnFv5sKJ/3-5-izbovy-byt-na-venevskej-ulici-vo-velkom-krtisi","imagesUrls":["https://img.nehnutelnosti.sk/foto/NjAweDMzOC9maWx0ZXJzOnF1YWxpdHkoMTAwKS9uZWg=/XBKbZ-7at_fss?st=BL2n3yuf1cefgUOmjm5h1CL81b6PRZYVXn-cmQqvQng&ts=1725283277&e=0"]},{"title":"REALITY PROGRES PONÚKA PRI KOCKE 3 IZBOVÝ BYT s LOGGIOU 67 m2 PIEŠŤANY + ZNALECKÝ POSUDOK - KÚPOU VO","address":"Lipová, Piešťany, okres Piešťany","rooms":3,"meters":67,"totalPrice":124900,"meterSquarePrice":8,"link":"https://www.nehnutelnosti.sk/detail/JuJvYutN3n8/reality-progres-ponuka-pri-kocke-3-izbovy-byt-s-loggiou-67-m2-piestany-znalecky-posudok-kupou-vo","imagesUrls":["https://img.unitedclassifieds.sk/foto/NjAweDMzOC9maWx0ZXJzOnF1YWxpdHkoMTAwKS9qdWw=/bHsB7-krz_fss?st=wqUHff8gwztA2ITI5nIoeBfZK4iB1GR8F1jcHDQQ6Vg&ts=1720081670&e=0"]},{"title":"2.izbový byt s loggiou - sídlisko II - ulica Októbrová","address":"Októbrová, Prešov, okres Prešov","rooms":2,"meters":52,"totalPrice":113000,"meterSquarePrice":8,"link":"https://www.nehnutelnosti.sk/detail/JuExRXbyD_x/2-izbovy-byt-s-loggiou-sidlisko-ii-ulica-oktobrova","imagesUrls":["https://img.unitedclassifieds.sk/foto/NjAweDMzOC9maWx0ZXJzOnF1YWxpdHkoMTAwKS9qdWw=/XRzzxS6ob_fss?st=GVIBcSOXBU02O5B4S9kgmC0Rli6XRf9JtMAXWb-IXOI&ts=1726241007&e=0"]},{"title":"ROSNÁ - PEKNÝ 1,5  IZBOVÝ BYT PO REKONŠTRUKCII ČIASTOČNE ZARIADENÝ.","address":"Rosná, Košice IV - Juh, okres Košice","rooms":2,"meters":42,"totalPrice":139000,"meterSquarePrice":2,"link":"https://www.nehnutelnosti.sk/detail/JuP_pwEigbH/rosna-pekny-1-5-izbovy-byt-po-rekonstrukcii-ciastocne-zariadeny","imagesUrls":["https://img.nehnutelnosti.sk/foto/NjAweDMzOC9maWx0ZXJzOnF1YWxpdHkoMTAwKS9uZWg=/0LFcBJRzv_fss?st=VAE_bcXs44oHNZfDqs28f8_loC7eztKWcWydhfto_q4&ts=1726240734&e=0"]},{"title":"Na predaj luxusný 3-izbový Apartmán č.2, (plocha: 80,36m²) pri Golfovom ihrisku Black Stork-Velká Lo","address":"Veľká Lomnica, Vysoké Tatry, okres Poprad","rooms":null,"meters":61,"totalPrice":169500,"meterSquarePrice":9,"link":"https://www.nehnutelnosti.sk/detail/Ju_PW3auX8x/na-predaj-luxusny-3-izbovy-apartman-c-2-plocha-80-36m-pri-golfovom-ihrisku-black-stork-velka-lo","imagesUrls":["https://img.unitedclassifieds.sk/foto/NjAweDMzOC9maWx0ZXJzOnF1YWxpdHkoMTAwKS9yc2Y=/g-leWzGbS_fss?st=qZ85jf2LlHCpx-cD-Cok6vjrzEPufAClQu0HAN6CqEU&ts=1722710441&e=0"]},{"title":"Na predaj 2-izbový byt s terasou a garážou vo Veľkej Lomnici - TOP rekonštrukcia.","address":"Tatranská, Veľká Lomnica, okres Kežmarok","rooms":2,"meters":71,"totalPrice":135000,"meterSquarePrice":1,"link":"https://www.nehnutelnosti.sk/detail/JuEFglNEX-b/na-predaj-2-izbovy-byt-s-terasou-a-garazou-vo-velkej-lomnici-top-rekonstrukcia","imagesUrls":["https://img.unitedclassifieds.sk/foto/NjAweDMzOC9maWx0ZXJzOnF1YWxpdHkoMTAwKS9yc2Y=/RSp_LouuT_fss?st=Z-Pgcl5xRByvV4hNjmRTR76hAV90xyYNgIqvQ9rjWTQ&ts=1720901847&e=0"]}]