[{"title":"Na predaj 2 izbový byt v Brezovej pod Bradlom","address":"Brezová pod Bradlom, okres Myjava","rooms":2,"meters":65,"totalPrice":68000,"meterSquarePrice":5,"link":"https://www.nehnutelnosti.sk/detail/JurNrOCO9Qg/na-predaj-2-izbovy-byt-v-brezovej-pod-bradlom","imagesUrls":["https://img.nehnutelnosti.sk/foto/NjAweDMzOC9maWx0ZXJzOnF1YWxpdHkoMTAwKS9uZWg=/YdXccEkWjj_fss?st=CjqNxwuPUh4j_zrTSx-V1lOAwJsfYmffogl8Lh1sapA&ts=1724624873&e=0"]},{"title":"NA PREDAJ - 1 - izbový byt v TOP stave v Hlohovci na Závalí","address":"Hlohovec, okres Hlohovec","rooms":1,"meters":29,"totalPrice":88000,"meterSquarePrice":8,"link":"https://www.nehnutelnosti.sk/detail/JuMFSfXC55W/na-predaj-1-izbovy-byt-v-top-stave-v-hlohovci-na-zavali","imagesUrls":["https://img.nehnutelnosti.sk/foto/NjAweDMzOC9maWx0ZXJzOnF1YWxpdHkoMTAwKS9uZWg=/XbXrZvxGW_fss?st=h_vti5jFqViuNS29rzl9fPDbknJdHnKtP8c42L5fk_I&ts=1726439284&e=0"]},{"title":"Ponúkame na predaj 3 izbový zrekonštruovaný byt v blízkosti centra mesta Stará Turá","address":"Stará Turá, okres Nové Mesto nad Váhom","rooms":3,"meters":69,"totalPrice":111000,"meterSquarePrice":3,"link":"https://www.nehnutelnosti.sk/detail/Ju_Y8rx1CQF/ponukame-na-predaj-3-izbovy-zrekonstruovany-byt-v-blizkosti-centra-mesta-stara-tura","imagesUrls":["https://img.nehnutelnosti.sk/foto/NjAweDMzOC9maWx0ZXJzOnF1YWxpdHkoMTAwKS9uZWg=/kagW5tMXr_fss?st=ZrU338W5XjBqKaFPxFY-xk7hrwWkE5B7eqWvLyeXRto&ts=1726232046&e=0"]},{"title":"2 izbový byt  na predaj v Senici .","address":"Kunov, Senica, okres Senica","rooms":2,"meters":53,"totalPrice":71000,"meterSquarePrice":2,"link":"https://www.nehnutelnosti.sk/detail/JuIdV28OPhl/2-izbovy-byt-na-predaj-v-senici","imagesUrls":["https://img.nehnutelnosti.sk/foto/NjAweDMzOC9maWx0ZXJzOnF1YWxpdHkoMTAwKS9uZWg=/fBEODJ__X_fss?st=NPpJzuuA9TFrPPL5B-ATLG69EBDEK4xWK67seD2Pyxg&ts=1714728709&e=0"]},{"title":"Na predaj 3-izbový byt v Galante.","address":"Galanta, okres Galanta","rooms":3,"meters":64,"totalPrice":120500,"meterSquarePrice":4,"link":"https://www.nehnutelnosti.sk/detail/JuyVgRl0LN_/na-predaj-3-izbovy-byt-v-galante","imagesUrls":["https://img.nehnutelnosti.sk/foto/NjAweDMzOC9maWx0ZXJzOnF1YWxpdHkoMTAwKS9uZWg=/S4vNqwxly_fss?st=pJ6uyzI9SE2yFcKvUmTM_RBhsIXAvb-a7n0sv0c6ZHc&ts=1725913982&e=0"]},{"title":"NA PREDAJ - 2 izbový byt v Nitre na Klokočine","address":"Kmeťova, Nitra, okres Nitra","rooms":2,"meters":55,"totalPrice":120000,"meterSquarePrice":2,"link":"https://www.nehnutelnosti.sk/detail/JufFoKn2e54/na-predaj-2-izbovy-byt-v-nitre-na-klokocine","imagesUrls":["https://img.nehnutelnosti.sk/foto/NjAweDMzOC9maWx0ZXJzOnF1YWxpdHkoMTAwKS9uZWg=/qm_kCCS7T_fss?st=OrynkG5S9gvYagsBnVQaCA4C0WIqDwyfJwabHUg3uAs&ts=1722097477&e=0"]},{"title":"NA PREDAJ BYT, NEBYTOVÝ PRIESTOR,GARÁŽ A HOSPODÁRSKA BUDOVA","address":"Hodžová, Trenčín, okres Trenčín","rooms":2,"meters":73,"totalPrice":370000,"meterSquarePrice":9,"link":"https://www.nehnutelnosti.sk/detail/Ju5d2zskGET/na-predaj-byt-nebytovy-priestor-garaz-a-hospodarska-budova","imagesUrls":["https://img.nehnutelnosti.sk/foto/NjAweDMzOC9maWx0ZXJzOnF1YWxpdHkoMTAwKS9uZWg=/L07emaYj4p_fss?st=LMZ2N6NIuTczFs9tlKqoYyd0I9RzEnDIj8NJdRW0chM&ts=1726835852&e=0"]},{"title":"NA PREDAJ - 2 Izbový byt v Piešťanoch","address":"Piešťany, okres Piešťany","rooms":2,"meters":54,"totalPrice":null,"meterSquarePrice":null,"link":"https://www.nehnutelnosti.sk/detail/JudK0kkK3Et/na-predaj-2-izbovy-byt-v-piestanoch","imagesUrls":["https://img.nehnutelnosti.sk/foto/NjAweDMzOC9maWx0ZXJzOnF1YWxpdHkoMTAwKS9uZWg=/0s1fNFzMKN_fss?st=sqKqpCYJmPYhqvNPrOcmrmLdO2qRcbzFy4CmSnV5hc8&ts=1726439282&e=0"]},{"title":"***ZĽAVA***Na predaj 2 izbový byt v Brezovej pod Bradlom","address":"Brezová pod Bradlom, okres Myjava","rooms":2,"meters":46,"totalPrice":65000,"meterSquarePrice":7,"link":"https://www.nehnutelnosti.sk/detail/Jut9rfNfUAx/zlavana-predaj-2-izbovy-byt-v-brezovej-pod-bradlom","imagesUrls":["https://img.nehnutelnosti.sk/foto/NjAweDMzOC9maWx0ZXJzOnF1YWxpdHkoMTAwKS9uZWg=/CA3lCcFXm8_fss?st=JMWoqzEijYhL_Q0WsOOufswdcmT9k3uoZxY9rRVqdOY&ts=1724667588&e=0"]},{"title":"Hľadáme pre našich klientov 1-4 izbové byty v lokalite Piešťany","address":"Piešťany, okres Piešťany","rooms":2,"meters":62,"totalPrice":150000,"meterSquarePrice":5,"link":"https://www.nehnutelnosti.sk/detail/JuQDbZgc5r3/hladame-pre-nasich-klientov-1-4-izbove-byty-v-lokalite-piestany","imagesUrls":["https://img.nehnutelnosti.sk/foto/NjAweDMzOC9maWx0ZXJzOnF1YWxpdHkoMTAwKS9uZWg=/JlJDQesTx_fss?st=Ek9CEiXz7XlTMPUfb4tW-vJCDds03OY4kIStPW5PcyY&ts=1715274877&e=0"]},{"title":"NA PREDAJ - Priestranný, bezbariérový 4-izbový byt v Nitre","address":"Jelenecká, Nitra, okres Nitra","rooms":4,"meters":104,"totalPrice":null,"meterSquarePrice":null,"link":"https://www.nehnutelnosti.sk/detail/Ju2ZNk7yArW/na-predaj-priestranny-bezbarierovy-4-izbovy-byt-v-nitre","imagesUrls":["https://img.nehnutelnosti.sk/foto/NjAweDMzOC9maWx0ZXJzOnF1YWxpdHkoMTAwKS9uZWg=/Oi-XKtR9mo_fss?st=ioGUrpwHpfg0Jb8hVAvJX_BNC7TJi2BMTDI3v-VisKI&ts=1726050538&e=0"]},{"title":"Na predaj veľký 3 izbový byt v Starej Turej","address":"Stará Turá, okres Nové Mesto nad Váhom","rooms":3,"meters":97,"totalPrice":113500,"meterSquarePrice":0,"link":"https://www.nehnutelnosti.sk/detail/JuPWaVRXDPU/na-predaj-velky-3-izbovy-byt-v-starej-turej","imagesUrls":["https://img.nehnutelnosti.sk/foto/NjAweDMzOC9maWx0ZXJzOnF1YWxpdHkoMTAwKS9uZWg=/iTtlpmrfGz_fss?st=6qYjh60-BzTRtr1Q8xItwSylzO_TjhlrYCzjNH6YIF4&ts=1726835789&e=0"]},{"title":"Hľadáme pre našich klientov 1-4 izbové byty v lokalite Myjava","address":"Myjava, okres Myjava","rooms":3,"meters":97,"totalPrice":113000,"meterSquarePrice":5,"link":"https://www.nehnutelnosti.sk/detail/JuJo-quM6jQ/hladame-pre-nasich-klientov-1-4-izbove-byty-v-lokalite-myjava","imagesUrls":["https://img.nehnutelnosti.sk/foto/NjAweDMzOC9maWx0ZXJzOnF1YWxpdHkoMTAwKS9uZWg=/HZ6uunidD_fss?st=9V5oTU8CQrflcwNPcD5RaXT4yJn7MdLyr7lTWN7CVCo&ts=1715274877&e=0"]},{"title":"Veľký, 1 izb. byt, s balkónom, Ružinov, Nivy","address":"Sklenárova 1365/40, Bratislava II - Ružinov, okres Bratislava","rooms":1,"meters":43,"totalPrice":164900,"meterSquarePrice":8,"link":"https://www.nehnutelnosti.sk/detail/JurbN3f5ppS/velky-1-izb-byt-s-balkonom-ruzinov-nivy","imagesUrls":["https://img.nehnutelnosti.sk/foto/NjAweDMzOC9maWx0ZXJzOnF1YWxpdHkoMTAwKS9uZWg=/do4d0R0WC_fss?st=CsbSCTboXzo_0vzEji_dR2d_kd8m5Ig6eUZZGi92Mpg&ts=1726494076&e=0"]},{"title":"EXKLUZÍVNE na predaj krásny 4-izb. MEZONETOVÝ byt priamo na námestí v Banskej Bystrici.","address":"Námestie SNP, Banská Bystrica, okres Banská Bystrica","rooms":null,"meters":99,"totalPrice":349000,"meterSquarePrice":5,"link":"https://www.nehnutelnosti.sk/detail/JuYGGWX1wki/exkluzivne-na-predaj-krasny-4-izb-mezonetovy-byt-priamo-na-namesti-v-banskej-bystrici","imagesUrls":["https://img.nehnutelnosti.sk/foto/NjAweDMzOC9maWx0ZXJzOnF1YWxpdHkoMTAwKS9uZWg=/LisDzNCrt_fss?st=mM_LmejyYgx4K5HB8XuQYdGI-rbPxpmcxybWjvsRPVM&ts=1725557021&e=0"]},{"title":"Exkluzívne na predaj pekný 2 izbový byt na Jegorovovej ulici v mestkej časti Sídlisko","address":"jegorovova, Banská Bystrica, okres Banská Bystrica","rooms":2,"meters":58,"totalPrice":146900,"meterSquarePrice":6,"link":"https://www.nehnutelnosti.sk/detail/JuFlPNLMf8I/exkluzivne-na-predaj-pekny-2-izbovy-byt-na-jegorovovej-ulici-v-mestkej-casti-sidlisko","imagesUrls":["https://img.nehnutelnosti.sk/foto/NjAweDMzOC9maWx0ZXJzOnF1YWxpdHkoMTAwKS9uZWg=/EteTYIWjaw_fss?st=SLGiA3pC9r7GW4m0W4LsDH8-F8vjqtpbggT1iYO8HfQ&ts=1725814903&e=0"]},{"title":"2-i. byt, Prešov-Sekčov, ul. Martina Benku, 1x loggia, rozloha 66 m2","address":"Martina Benku, Prešov, okres Prešov","rooms":2,"meters":66,"totalPrice":116000,"meterSquarePrice":8,"link":"https://www.nehnutelnosti.sk/detail/Junw-AXtlih/2-i-byt-presov-sekcov-ul-martina-benku-1x-loggia-rozloha-66-m2","imagesUrls":["https://img.nehnutelnosti.sk/foto/NjAweDMzOC9maWx0ZXJzOnF1YWxpdHkoMTAwKS9uZWg=/rKsxE9Y8q_fss?st=dZVh_thYEpeMkEf8z49qmHtveQpORAJzg0_oebjXviA&ts=1725364971&e=0"]},{"title":"Exkluzívne na predaj pekný 3 izbový byt na Kalinčiakovej Ulici","address":"Kalinčiakova, Banská Bystrica, okres Banská Bystrica","rooms":3,"meters":63,"totalPrice":164990,"meterSquarePrice":1,"link":"https://www.nehnutelnosti.sk/detail/JuW4Rcb1LbgO/exkluzivne-na-predaj-pekny-3-izbovy-byt-na-kalinciakovej-ulici","imagesUrls":["https://img.nehnutelnosti.sk/foto/NjAweDMzOC9maWx0ZXJzOnF1YWxpdHkoMTAwKS9uZWg=/N1nY5k1p-m_fss?st=za5NnP3Um9h9cw4R9iNoDoeefcrDuBhoHQFsDnDdlp8&ts=1724068562&e=0"]},{"title":"Ružinov Haburská","address":"Haburská, Bratislava II - Ružinov, okres Bratislava","rooms":2,"meters":58,"totalPrice":null,"meterSquarePrice":null,"link":"https://www.nehnutelnosti.sk/detail/JuqSzKv55S7/ruzinov-haburska","imagesUrls":["https://img.nehnutelnosti.sk/foto/NjAweDMzOC9maWx0ZXJzOnF1YWxpdHkoMTAwKS9uZWg=/H3AbuRKh8_fss?st=FUEG1DuvWMaLvooSPZ9Bif4Wa89dIl8DkPs3VtCx3U8&ts=1722691201&e=0"]},{"title":"NEPREHĽADNITE REZERVOVANÝ 2 IZBOVÝ BYT S BALKÓNOM - BANSKÁ BYSTRICA / FONČORDA","address":"Banská Bystrica, okres Banská Bystrica","rooms":2,"meters":64,"totalPrice":143000,"meterSquarePrice":8,"link":"https://www.nehnutelnosti.sk/detail/JuB_lYwsjON/neprehladnite-rezervovany-2-izbovy-byt-s-balkonom-banska-bystrica-foncorda","imagesUrls":["https://img.nehnutelnosti.sk/foto/NjAweDMzOC9maWx0ZXJzOnF1YWxpdHkoMTAwKS9uZWg=/yx-lK_Llp_fss?st=vrY4gEMhvCBWjYwfNmF0krVzNhN-pUiXmcQWIOuYNlU&ts=1722329190&e=0"]},{"title":"REZERVOVANÉ : Exkluzívne na predaj pekný 2 izbový byt v Sásovej","address":"Tatranská , Banská Bystrica, okres Banská Bystrica","rooms":2,"meters":49,"totalPrice":124900,"meterSquarePrice":8,"link":"https://www.nehnutelnosti.sk/detail/JuAqNNNHgp9/rezervovane-exkluzivne-na-predaj-pekny-2-izbovy-byt-v-sasovej","imagesUrls":["https://img.nehnutelnosti.sk/foto/NjAweDMzOC9maWx0ZXJzOnF1YWxpdHkoMTAwKS9uZWg=/eBy0DXy3MU_fss?st=B6gpZkaUF09NV_RDCJS0LM_XvghdcQYDptCBrPROQfI&ts=1722501617&e=0"]},{"title":"3-i. byt, Žilina-Staré mesto, Závodská cesta, 3 x loggia, 67 m2","address":"Žilina, okres Žilina","rooms":3,"meters":67,"totalPrice":145000,"meterSquarePrice":8,"link":"https://www.nehnutelnosti.sk/detail/JuSVqZN68PB/3-i-byt-zilina-stare-mesto-zavodska-cesta-3-x-loggia-67-m2","imagesUrls":["https://img.nehnutelnosti.sk/foto/NjAweDMzOC9maWx0ZXJzOnF1YWxpdHkoMTAwKS9uZWg=/2T6OUHbEN8_fss?st=UZo7jpq3fxzVYqvClr4jb38vCdfkqS3E2ELlsx-uGsE&ts=1716968088&e=0"]},{"title":"REZERVOVANÉ : EXKLUZÍVNE NA PREDAJ KRÁSNY 3 IZBOVÝ BYT V NOVOSTAVBE NA BAKOSSOVEJ ULICI","address":"bakossova, Banská Bystrica, okres Banská Bystrica","rooms":3,"meters":80,"totalPrice":225000,"meterSquarePrice":0,"link":"https://www.nehnutelnosti.sk/detail/JuKlm67A4kz/rezervovane-exkluzivne-na-predaj-krasny-3-izbovy-byt-v-novostavbe-na-bakossovej-ulici","imagesUrls":["https://img.nehnutelnosti.sk/foto/NjAweDMzOC9maWx0ZXJzOnF1YWxpdHkoMTAwKS9uZWg=/nsfoxUnFs_fss?st=feFzrH27QOK3HmWh84rpsGxcrshKxWmd99LnwGtyY40&ts=1716143268&e=0"]},{"title":"Exkluzívne na predaj pekný 3 izbový byt na Švermovej ulici","address":"švermova , Banská Bystrica, okres Banská Bystrica","rooms":3,"meters":65,"totalPrice":133900,"meterSquarePrice":0,"link":"https://www.nehnutelnosti.sk/detail/JuzCj05rblo/exkluzivne-na-predaj-pekny-3-izbovy-byt-na-svermovej-ulici","imagesUrls":["https://img.nehnutelnosti.sk/foto/NjAweDMzOC9maWx0ZXJzOnF1YWxpdHkoMTAwKS9uZWg=/hoAfFtpwf_fss?st=YrJqSo5FX3RXA3uQoLVRqI1Uw5TXTJ56TWYdaNBTPpA&ts=1719515349&e=0"]},{"title":"Na predaj 2-izbový HOLOBYT s veľkou loggiou v NOVOSTAVBE blízko centra mesta","address":"J.M.Hurbana, Banská Bystrica, okres Banská Bystrica","rooms":2,"meters":48,"totalPrice":169000,"meterSquarePrice":3,"link":"https://www.nehnutelnosti.sk/detail/Ju6y38ST3Us/na-predaj-2-izbovy-holobyt-s-velkou-loggiou-v-novostavbe-blizko-centra-mesta","imagesUrls":["https://img.nehnutelnosti.sk/foto/NjAweDMzOC9maWx0ZXJzOnF1YWxpdHkoMTAwKS9uZWg=/6JVyVhkK1S_fss?st=GuE9CaW4q0XGVbznTp_0iRLBIkTuChMghD2vvJ4kDp4&ts=1702546670&e=0"]},{"title":"3-izb. byt s terasou, BA-Ružinov, Nevädzova ul., OC RETRO, Kompletne zariadený, 110 m2 + Parkovacie","address":"Bratislava II - Ružinov, okres Bratislava","rooms":3,"meters":110,"totalPrice":500000,"meterSquarePrice":5,"link":"https://www.nehnutelnosti.sk/detail/JucLJ8ZMqsv/3-izb-byt-s-terasou-ba-ruzinov-nevadzova-ul-oc-retro-kompletne-zariadeny-110-m2-parkovacie","imagesUrls":["https://img.nehnutelnosti.sk/foto/NjAweDMzOC9maWx0ZXJzOnF1YWxpdHkoMTAwKS9uZWg=/Cs7Vd278e_fss?st=DBDC7U9a-sX3WFrRPS0sE_RtPSrJSravFzB8c6nZ0wQ&ts=1707171865&e=0"]},{"title":"Predám 3-izbový APARTMÁNOVÝ BYT s garážovým státim v AD Kamzík","address":"Donovaly, okres Banská Bystrica","rooms":3,"meters":72,"totalPrice":249000,"meterSquarePrice":3,"link":"https://www.nehnutelnosti.sk/detail/JuJtcA6GkRt/predam-3-izbovy-apartmanovy-byt-s-garazovym-statim-v-ad-kamzik","imagesUrls":["https://img.nehnutelnosti.sk/foto/NjAweDMzOC9maWx0ZXJzOnF1YWxpdHkoMTAwKS9uZWg=/3OESju3eo_fss?st=6aiGBKg9TeYYK1O3mGDqcJ56YRG5hB3n-kAnJ-FPJNM&ts=1710760255&e=0"]},{"title":"NA PREDAJ 3 IZBOVÝ BYT S 3 LOGGIAMI A 1 BALKÓNOM BANSKÁ BYSTRICA CENTRUM","address":"Banská Bystrica, okres Banská Bystrica","rooms":3,"meters":73,"totalPrice":183000,"meterSquarePrice":1,"link":"https://www.nehnutelnosti.sk/detail/JuMn71N6OZZ/na-predaj-3-izbovy-byt-s-3-loggiami-a-1-balkonom-banska-bystrica-centrum","imagesUrls":["https://img.nehnutelnosti.sk/foto/NjAweDMzOC9maWx0ZXJzOnF1YWxpdHkoMTAwKS9uZWg=/u3M5J5jBK_fss?st=MPQD9IOG2OAu8ujfp6xRQ0XfkCXw2K9lL0ScKD15jwU&ts=1711619640&e=0"]},{"title":"Na predaj 2-izbový HOLOBYT v NOVOSTAVBE blízko centra mesta","address":"J.M.Hurbana, Banská Bystrica, okres Banská Bystrica","rooms":2,"meters":48,"totalPrice":157000,"meterSquarePrice":1,"link":"https://www.nehnutelnosti.sk/detail/JuQ4nZAQ3Zr/na-predaj-2-izbovy-holobyt-v-novostavbe-blizko-centra-mesta","imagesUrls":["https://img.nehnutelnosti.sk/foto/NjAweDMzOC9maWx0ZXJzOnF1YWxpdHkoMTAwKS9uZWg=/M107BELF7_fss?st=vvZiyyDtaVwyI2uAWjPblY-wqNLk7uXdlCZ2TnXp7WM&ts=1702547374&e=0"]},{"title":"Exkluzívne na predaj veľký jednoizbový byt vo Vlkanovej","address":"Továrenská, Vlkanová, okres Banská Bystrica","rooms":1,"meters":39,"totalPrice":null,"meterSquarePrice":null,"link":"https://www.nehnutelnosti.sk/detail/Ju70IQp78km/exkluzivne-na-predaj-velky-jednoizbovy-byt-vo-vlkanovej","imagesUrls":["https://img.nehnutelnosti.sk/foto/NjAweDMzOC9maWx0ZXJzOnF1YWxpdHkoMTAwKS9uZWg=/z3RZJQejX_fss?st=bSfbFXtmfBqbfiom9B60eJL1F1tBfOHqYTjg12i9ssA&ts=1695229307&e=0"]}]