[{"title":"Predaj, 3 izbový byt v novostavbe so záhradou a parkovaním v štandarde, Nitra-Lužianky","address":"Lužianky, okres Nitra","rooms":3,"meters":80,"totalPrice":179000,"meterSquarePrice":0,"link":"https://www.nehnutelnosti.sk/detail/JunqYJW1nAj/predaj-3-izbovy-byt-v-novostavbe-so-zahradou-a-parkovanim-v-standarde-nitra-luzianky","imagesUrls":["https://img.nehnutelnosti.sk/foto/NjAweDMzOC9maWx0ZXJzOnF1YWxpdHkoMTAwKS9uZWg=/BYiratjbM_fss?st=-E2SmHX3-fp0zdqlaTsxu1cGRspUTeXGbYgchXW99mk&ts=1681909275&e=0"]},{"title":"PREDAJ novostavba 4 i byt 107m2 so záhradkou - rezidencia Kynek - Nitra","address":"Nitra, Nitra, okres Nitra","rooms":4,"meters":107,"totalPrice":null,"meterSquarePrice":null,"link":"https://www.nehnutelnosti.sk/detail/JuqszyY4agj/predaj-novostavba-4-i-byt-107m2-so-zahradkou-rezidencia-kynek-nitra","imagesUrls":["https://img.nehnutelnosti.sk/foto/NjAweDMzOC9maWx0ZXJzOnF1YWxpdHkoMTAwKS9uZWg=/rBjoRi7dS_fss?st=-RIb8b_vQ1d-gKRroJKdmM10vnnvdcMFu1JgzX00ky8&ts=1685879154&e=0"]},{"title":"REZERVOVANÉ PROMENADA – Predaj 4 izbový 144m2 byt s priestrannou terasou a s dvomi parkovacími miest","address":"Nitra, okres Nitra","rooms":4,"meters":144,"totalPrice":null,"meterSquarePrice":null,"link":"https://www.nehnutelnosti.sk/detail/JuTKRv0S7Il/rezervovane-promenada-predaj-4-izbovy-144m2-byt-s-priestrannou-terasou-a-s-dvomi-parkovacimi-miest","imagesUrls":["https://img.nehnutelnosti.sk/foto/NjAweDMzOC9maWx0ZXJzOnF1YWxpdHkoMTAwKS9uZWg=/CayslcASh__fss?st=T6sn5cuIxVwYmXVRwD6CNV7R6XP9NnFyVHCpNYWOXmU&ts=1677235617&e=0"]},{"title":"Pekný 1i byt v Ružinove","address":"Záhradnícka, Bratislava II - Ružinov, okres Bratislava","rooms":1,"meters":40,"totalPrice":169990,"meterSquarePrice":5,"link":"https://www.nehnutelnosti.sk/detail/Juei0az9c5M/pekny-1i-byt-v-ruzinove","imagesUrls":["https://img.nehnutelnosti.sk/foto/NjAweDMzOC9maWx0ZXJzOnF1YWxpdHkoMTAwKS9uZWg=/KFEgCUGJ8_fss?st=JO0RRq3OXlMiqSl6mHEs9v4EsT5Y-lm6JgJpv5cMX2Y&ts=1721729959&e=0"]},{"title":"3D Obhliadka - Pekný 3i byt v Pezinku","address":"L. Novomeského, Pezinok, okres Pezinok","rooms":3,"meters":63,"totalPrice":156000,"meterSquarePrice":9,"link":"https://www.nehnutelnosti.sk/detail/JuzB3C9wlEI/3d-obhliadka-pekny-3i-byt-v-pezinku","imagesUrls":["https://img.nehnutelnosti.sk/foto/NjAweDMzOC9maWx0ZXJzOnF1YWxpdHkoMTAwKS9uZWg=/fgmrd0ujQ_fss?st=4HS_IpTSEzwlUgKTgMi9lbcb6YbWSk1ElmilY2EvPeE&ts=1722595850&e=0"]},{"title":"Predaj 4i byt v Bratislave - Nové Mesto","address":"Budyšínska, Bratislava III - Nové Mesto, okres Bratislava","rooms":4,"meters":84,"totalPrice":339000,"meterSquarePrice":1,"link":"https://www.nehnutelnosti.sk/detail/JuMpasRd9tP/predaj-4i-byt-v-bratislave-nove-mesto","imagesUrls":["https://img.nehnutelnosti.sk/foto/NjAweDMzOC9maWx0ZXJzOnF1YWxpdHkoMTAwKS9uZWg=/8HIZxNAm5_fss?st=alQFquhSsgvelYc3o4cmANeAos6l_lliyi5izmOU0KY&ts=1721729933&e=0"]},{"title":"Na PREDAJ novostavba 3 i byt s terasou v centre Nitry","address":"Nitra, Nitra, okres Nitra","rooms":3,"meters":78,"totalPrice":null,"meterSquarePrice":null,"link":"https://www.nehnutelnosti.sk/detail/Ju5r4Q9GdAc/na-predaj-novostavba-3-i-byt-s-terasou-v-centre-nitry","imagesUrls":["https://img.nehnutelnosti.sk/foto/NjAweDMzOC9maWx0ZXJzOnF1YWxpdHkoMTAwKS9uZWg=/G0A4i8dcV_fss?st=D1hepv4-OC_j9seKucAt1eM1LwAvjN2oYJNY1FwHUc4&ts=1682754384&e=0"]},{"title":"Slnečný, priestranný, 4-izbový byt, ZNÍŽENÁ CENA !!!","address":"Stará Turá, okres Nové Mesto nad Váhom","rooms":4,"meters":90,"totalPrice":112000,"meterSquarePrice":4,"link":"https://www.nehnutelnosti.sk/detail/JuqbsqLIyh_/slnecny-priestranny-4-izbovy-byt-znizena-cena","imagesUrls":["https://img.nehnutelnosti.sk/foto/NjAweDMzOC9maWx0ZXJzOnF1YWxpdHkoMTAwKS9uZWg=/EfR6hq7u2S_fss?st=ZVMGJu66MgzBg984Ga7wiMtfeNdNq22PXd8gaWhzZG0&ts=1721729898&e=0"]},{"title":"JKV REAL ponúka na predaj 4 izbový byt na Hornádskej ulici v Podunajských Biskupiciach","address":"Hornádska, Bratislava II - Podunajské Biskupice, okres Bratislava","rooms":4,"meters":73,"totalPrice":187000,"meterSquarePrice":4,"link":"https://www.nehnutelnosti.sk/detail/JulVFeEHQpm/jkv-real-ponuka-na-predaj-4-izbovy-byt-na-hornadskej-ulici-v-podunajskych-biskupiciach","imagesUrls":["https://img.nehnutelnosti.sk/foto/NjAweDMzOC9maWx0ZXJzOnF1YWxpdHkoMTAwKS9uZWg=/fZ_QKr-ln_fss?st=Uc_MI3jbrFX7IfxYgfaRkQBjU-a1D3ZRKWrfB_L0Sws&ts=1721729893&e=0"]},{"title":"4i byt v Podunajských biskupiciach Estónska ulica","address":"Estónska, Bratislava II - Podunajské Biskupice, okres Bratislava","rooms":4,"meters":86,"totalPrice":179000,"meterSquarePrice":0,"link":"https://www.nehnutelnosti.sk/detail/Ju4C3CVyOwE/4i-byt-v-podunajskych-biskupiciach-estonska-ulica","imagesUrls":["https://img.nehnutelnosti.sk/foto/NjAweDMzOC9maWx0ZXJzOnF1YWxpdHkoMTAwKS9uZWg=/mzPGu4JLL_fss?st=47QazLptj_Km46A_LPV8e8h4lOim9mbqcPcA8DZBnjM&ts=1721729880&e=0"]},{"title":"Pripravujeme do ponuky !!!  4i byt v Podunajských Biskupiciach","address":"Bieloruská, Bratislava II - Podunajské Biskupice, okres Bratislava","rooms":4,"meters":86,"totalPrice":187000,"meterSquarePrice":2,"link":"https://www.nehnutelnosti.sk/detail/Juni5AesDqc/pripravujeme-do-ponuky-4i-byt-v-podunajskych-biskupiciach","imagesUrls":["https://img.nehnutelnosti.sk/foto/NjAweDMzOC9maWx0ZXJzOnF1YWxpdHkoMTAwKS9uZWg=/oI7GoVUdg_fss?st=GlIkRGZgOq31_BRW7Bcxgh12DyESSUkACMLfCSerKbo&ts=1725022932&e=0"]},{"title":"Na predaj 1 izbový byt  v Trenčianskych Tepliciach","address":"Štvrť SNP, Trenčianske Teplice, okres Trenčín","rooms":1,"meters":38,"totalPrice":82500,"meterSquarePrice":5,"link":"https://www.nehnutelnosti.sk/detail/Ju-z2lzQVww/na-predaj-1-izbovy-byt-v-trencianskych-tepliciach","imagesUrls":["https://img.nehnutelnosti.sk/foto/NjAweDMzOC9maWx0ZXJzOnF1YWxpdHkoMTAwKS9uZWg=/2OfGnC2h5_fss?st=zCQqcmgLgz8-UlWPhdgPyZ0hTbpRsNGhfEJwvxpxAEE&ts=1721729839&e=0"]},{"title":"3 izbový byt na predaj so zvýhodnením + 1 izba naviac a balkón v obci Pukanec / JKV REAL","address":"Záhradná, Pukanec, okres Levice","rooms":3,"meters":75,"totalPrice":67000,"meterSquarePrice":3,"link":"https://www.nehnutelnosti.sk/detail/JuktKhwK4_S/3-izbovy-byt-na-predaj-so-zvyhodnenim-1-izba-naviac-a-balkon-v-obci-pukanec-jkv-real","imagesUrls":["https://img.nehnutelnosti.sk/foto/NjAweDMzOC9maWx0ZXJzOnF1YWxpdHkoMTAwKS9uZWg=/bkuS-NsyYa_fss?st=uKFXZArj86XUtcfmH6-oPAm16GhOpZ9k8NAI8LqhxNg&ts=1721729860&e=0"]},{"title":"REZERVOVANÝ:Predám 3 izbový byt po kompletnej rekonštrikcií, blizko centra, Prešov","address":"Kotrádova, Prešov, okres Prešov","rooms":3,"meters":60,"totalPrice":134990,"meterSquarePrice":3,"link":"https://www.nehnutelnosti.sk/detail/JuGRTJej8VN/rezervovanypredam-3-izbovy-byt-po-kompletnej-rekonstrikcii-blizko-centra-presov","imagesUrls":["https://img.nehnutelnosti.sk/foto/NjAweDMzOC9maWx0ZXJzOnF1YWxpdHkoMTAwKS9uZWg=/OEYBuodF7h_fss?st=Uba7AcwM17HGYR0gdIq_dnfaTA0z8kwsZIznVz10l1s&ts=1721729832&e=0"]},{"title":"Ponúkame na predaj 3 izbový byt v Považskej Bystrici","address":"Rozkvet, Považská Bystrica, okres Považská Bystrica","rooms":3,"meters":65,"totalPrice":116900,"meterSquarePrice":6,"link":"https://www.nehnutelnosti.sk/detail/JuOJHHNg0eN/ponukame-na-predaj-3-izbovy-byt-v-povazskej-bystrici","imagesUrls":["https://img.nehnutelnosti.sk/foto/NjAweDMzOC9maWx0ZXJzOnF1YWxpdHkoMTAwKS9uZWg=/EU16al8Lrj_fss?st=L897fgYkWdvcsOEy81pehJqGgrT4RqOUwgQ_1tY_5B8&ts=1721729824&e=0"]},{"title":"REZERVOVANÝ! ZARIADENÝ 3-IZB.BYT S BALKÓNOM V NOVOSTAVBE, HAMULIAKOVO, 84 M2, 198000 EUR","address":"Scilová, Hamuliakovo, okres Senec","rooms":3,"meters":84,"totalPrice":198000,"meterSquarePrice":4,"link":"https://www.nehnutelnosti.sk/detail/JuVjkZkPz43/rezervovany-zariadeny-3-izb-byt-s-balkonom-v-novostavbe-hamuliakovo-84-m2-198000-eur","imagesUrls":["https://img.nehnutelnosti.sk/foto/NjAweDMzOC9maWx0ZXJzOnF1YWxpdHkoMTAwKS9uZWg=/LwAWGxPhJ_fss?st=ppGekRhwoXeiXTwZZCF8DGrMoJ2NtTA0HOJxfDKoEmY&ts=1721729828&e=0"]},{"title":"Na predaj 3 izbový byt po kompletnej rekonštrukcii v Púchove","address":"Okružná, Púchov, okres Púchov","rooms":3,"meters":70,"totalPrice":163000,"meterSquarePrice":7,"link":"https://www.nehnutelnosti.sk/detail/JuoK7qPF5h05/na-predaj-3-izbovy-byt-po-kompletnej-rekonstrukcii-v-puchove","imagesUrls":["https://img.nehnutelnosti.sk/foto/NjAweDMzOC9maWx0ZXJzOnF1YWxpdHkoMTAwKS9uZWg=/7kPBy_7to_fss?st=kq_P7JUqihaCdwUdvCk0PAbWIjHv382fM6RyWasFH6E&ts=1721729839&e=0"]},{"title":"Na predaj krásny 2 izbový byt - Považská Bystrica","address":"Považská Bystrica, Považská Bystrica, okres Považská Bystrica","rooms":2,"meters":60,"totalPrice":107900,"meterSquarePrice":3,"link":"https://www.nehnutelnosti.sk/detail/JujEr0mxiyB/na-predaj-krasny-2-izbovy-byt-povazska-bystrica","imagesUrls":["https://img.nehnutelnosti.sk/foto/NjAweDMzOC9maWx0ZXJzOnF1YWxpdHkoMTAwKS9uZWg=/70pnBfT-R_fss?st=4h35V3ikwyw8UC2jnlY2KjEMEqXkKHwB_CuWURWxt-g&ts=1721729837&e=0"]},{"title":"JKV REAL ponúka na predaj APARTMÁNY FIRST LINE BEACH ALCÁZARES LOS NAREJOS, ŠPANIELSKO","address":"LOS NAREJOS, Bratislava I - Staré Mesto, okres Bratislava","rooms":null,"meters":65,"totalPrice":175000,"meterSquarePrice":1,"link":"https://www.nehnutelnosti.sk/detail/Jue8y8v2a6D/jkv-real-ponuka-na-predaj-apartmany-first-line-beach-alcazares-los-narejos-spanielsko","imagesUrls":["https://img.nehnutelnosti.sk/foto/NjAweDMzOC9maWx0ZXJzOnF1YWxpdHkoMTAwKS9uZWg=/XL0NMjQ-7E_fss?st=1i1AULL3lwnV9s64tBHoM7bht7opTnibS_196HHIyzo&ts=1721729774&e=0"]},{"title":"JKV REAL ponúka na predaj 12 EXKLUZÍVNYCH APARTMÁNOV V REZIDENČNOM KOMPLEXE V CENTRE TORREVIEJA ŠPAN","address":"Torrevieja, Bratislava I - Staré Mesto, okres Bratislava","rooms":3,"meters":56,"totalPrice":145000,"meterSquarePrice":9,"link":"https://www.nehnutelnosti.sk/detail/JuVA8gy4Xbc/jkv-real-ponuka-na-predaj-12-exkluzivnych-apartmanov-v-rezidencnom-komplexe-v-centre-torrevieja-span","imagesUrls":["https://img.nehnutelnosti.sk/foto/NjAweDMzOC9maWx0ZXJzOnF1YWxpdHkoMTAwKS9uZWg=/k9srywU4A_fss?st=KBVRq_u28qszOT6sq_gTlNkHrqiVUjZAdKaXPWXT_3Q&ts=1721729736&e=0"]},{"title":"JKV REAL ponúka na predaj Apartmány KEY READY, ktoré sa nachádzajú sa v obľúbenej oblasti Lomas de C","address":"Lomas de Campoamor,, Bratislava I - Staré Mesto, okres Bratislava","rooms":null,"meters":null,"totalPrice":null,"meterSquarePrice":null,"link":"https://www.nehnutelnosti.sk/detail/Ju_NIzftpRQ/jkv-real-ponuka-na-predaj-apartmany-key-ready-ktore-sa-nachadzaju-sa-v-oblubenej-oblasti-lomas-de-c","imagesUrls":["https://img.nehnutelnosti.sk/foto/NjAweDMzOC9maWx0ZXJzOnF1YWxpdHkoMTAwKS9uZWg=/C0JuGGIqi_fss?st=hNVn7AC4tvSCOSmYwIiTdmZdKhQYPFiSq0m9OWidEwI&ts=1721729766&e=0"]},{"title":"Bývanie v 4 izbovom byte v Trnave, aj pre viacčlennú rodinu","address":"Trnava, okres Trnava","rooms":4,"meters":77,"totalPrice":199000,"meterSquarePrice":2,"link":"https://www.nehnutelnosti.sk/detail/Jut6QxsSws7/byvanie-v-4-izbovom-byte-v-trnave-aj-pre-viacclennu-rodinu","imagesUrls":["https://img.nehnutelnosti.sk/foto/NjAweDMzOC9maWx0ZXJzOnF1YWxpdHkoMTAwKS9uZWg=/DlhLttWgqP_fss?st=W3vki9L9ZRIrHz0NeClihAtZCRxlxBN9uglpBPDEzyg&ts=1721729750&e=0"]},{"title":"JKV REAL ponúka na predaj NOVÉ BYTOVÉ DVOJDILKY ELS POBLETS, ŠPANIELSKO","address":"Valencia, Bratislava I - Staré Mesto, okres Bratislava","rooms":null,"meters":70,"totalPrice":199000,"meterSquarePrice":6,"link":"https://www.nehnutelnosti.sk/detail/JuSDvqd1RyS/jkv-real-ponuka-na-predaj-nove-bytove-dvojdilky-els-poblets-spanielsko","imagesUrls":["https://img.nehnutelnosti.sk/foto/NjAweDMzOC9maWx0ZXJzOnF1YWxpdHkoMTAwKS9uZWg=/hNOJnbwsn_fss?st=SQWccu89PoDqNamDjqYmUDYxb-qADAMsAxhMm9wjtU0&ts=1721729757&e=0"]},{"title":"Na Predaj  - 3.izbový byt TERASA","address":"Košice, Košice II - Západ, okres Košice","rooms":3,"meters":55,"totalPrice":153000,"meterSquarePrice":2,"link":"https://www.nehnutelnosti.sk/detail/Ju7-2yhxAYg/na-predaj-3-izbovy-byt-terasa","imagesUrls":["https://img.nehnutelnosti.sk/foto/NjAweDMzOC9maWx0ZXJzOnF1YWxpdHkoMTAwKS9uZWg=/kP8kTDu1N_fss?st=5hLH0esMkOoXertmpz47-oPDt3TI46tQt2KlqgLVN84&ts=1725968395&e=0"]},{"title":"JKV REAL PONÚKA NA PREDAJ 3-IZBOVÝ BYT V KARLOVEJ VSI","address":"Pribišova, Bratislava IV - Karlova Ves, okres Bratislava","rooms":3,"meters":64,"totalPrice":179990,"meterSquarePrice":4,"link":"https://www.nehnutelnosti.sk/detail/Jubxe2TBB2f/jkv-real-ponuka-na-predaj-3-izbovy-byt-v-karlovej-vsi","imagesUrls":["https://img.nehnutelnosti.sk/foto/NjAweDMzOC9maWx0ZXJzOnF1YWxpdHkoMTAwKS9uZWg=/F4ykih2CG_fss?st=Rk68w9N5TnDdmIXr1UFgBtT7S65eeEB6FAPytQw4s6E&ts=1721729753&e=0"]},{"title":"Predám veľkorysý 2 izbový byt  za skvelú cenu","address":"Trenčín, Trenčín, okres Trenčín","rooms":2,"meters":80,"totalPrice":122900,"meterSquarePrice":5,"link":"https://www.nehnutelnosti.sk/detail/JuhVyp1Ga_p/predam-velkorysy-2-izbovy-byt-za-skvelu-cenu","imagesUrls":["https://img.nehnutelnosti.sk/foto/NjAweDMzOC9maWx0ZXJzOnF1YWxpdHkoMTAwKS9uZWg=/Ob8M6vM1Z_fss?st=klKQsAcjT7XMWpGWWwRZAQlEN9830HRIn1NpOaK8OSM&ts=1721729692&e=0"]},{"title":"JKV REAL ponúka na predaj 3 izbový byt na ulici Š. Králika v Prievidzi","address":"Š. Králika, Prievidza, okres Prievidza","rooms":3,"meters":65,"totalPrice":74999,"meterSquarePrice":3,"link":"https://www.nehnutelnosti.sk/detail/JuXW8WTyPUf/jkv-real-ponuka-na-predaj-3-izbovy-byt-na-ulici-s-kralika-v-prievidzi","imagesUrls":["https://img.nehnutelnosti.sk/foto/NjAweDMzOC9maWx0ZXJzOnF1YWxpdHkoMTAwKS9uZWg=/_mitM0wmp_fss?st=-VbRPxVQMXqczKb1OdNQP2QVXshpkmShr3JA4_opAEs&ts=1721729732&e=0"]},{"title":"JKV REAL ponúka na predaj krásny mezonetový byt so zariadením v Medzilaborciach!","address":"Mierová, Medzilaborce, okres Medzilaborce","rooms":null,"meters":88,"totalPrice":69000,"meterSquarePrice":9,"link":"https://www.nehnutelnosti.sk/detail/Ju943jLC3pD/jkv-real-ponuka-na-predaj-krasny-mezonetovy-byt-so-zariadenim-v-medzilaborciach","imagesUrls":["https://img.nehnutelnosti.sk/foto/NjAweDMzOC9maWx0ZXJzOnF1YWxpdHkoMTAwKS9uZWg=/C8wP1SL9r_fss?st=lU97lKa8sJYh46A370lY3n0zXC_P2e203GOAOnK6mXc&ts=1721729731&e=0"]},{"title":"3 izbový byt na predaj v Leviciach - JKV REAL","address":"Ľ. Štúra, Levice, okres Levice","rooms":3,"meters":72,"totalPrice":82000,"meterSquarePrice":9,"link":"https://www.nehnutelnosti.sk/detail/JuDebVVPtuy/3-izbovy-byt-na-predaj-v-leviciach-jkv-real","imagesUrls":["https://img.nehnutelnosti.sk/foto/NjAweDMzOC9maWx0ZXJzOnF1YWxpdHkoMTAwKS9uZWg=/b9HLFSOHag_fss?st=fCqxu-rJfbs_QibrUky2_osdXMqJEVrPdDawpRnGWFo&ts=1723058256&e=0"]},{"title":"REZERVOVANY - Predaj 3i. byt v Košiciach-Lunik IV","address":"Košice II - Západ, okres Košice","rooms":3,"meters":55,"totalPrice":140000,"meterSquarePrice":9,"link":"https://www.nehnutelnosti.sk/detail/JuYZ6nTc5_f/rezervovany-predaj-3i-byt-v-kosiciach-lunik-iv","imagesUrls":[]}]