[{"title":"2i byt Tri veze 3 veze vyhlad na mesto","address":"Bajkalská 12985/9, Bratislava III - Nové Mesto, okres Bratislava","rooms":2,"meters":69,"totalPrice":249999,"meterSquarePrice":1,"link":"https://www.nehnutelnosti.sk/detail/JuS_yf56ayQ/2i-byt-tri-veze-3-veze-vyhlad-na-mesto","imagesUrls":["https://img.nehnutelnosti.sk/foto/NjAweDMzOC9maWx0ZXJzOnF1YWxpdHkoMTAwKS9uZWg=/ySW06-72g_fss?st=IPVL37nV0YfIUARB5Q4eB9eFpzADlqPq_61RNZB81vU&ts=1719386435&e=0"]},{"title":"Predáme krásny 5-izbový mezonet v centre Popradu","address":"Hviezdoslavova 4052/61, Poprad, okres Poprad","rooms":5,"meters":164,"totalPrice":418500,"meterSquarePrice":0,"link":"https://www.nehnutelnosti.sk/detail/Ju1cMvEJtb5/predame-krasny-5-izbovy-mezonet-v-centre-popradu","imagesUrls":["https://img.nehnutelnosti.sk/foto/NjAweDMzOC9maWx0ZXJzOnF1YWxpdHkoMTAwKS9uZWg=/YAOaURksv_fss?st=-5SjivkKabRRMBuKOybUf7stu-oNiRVkQAImULL9txY&ts=1714200648&e=0"]},{"title":"2-izbový byt na predaj","address":"Slnečná 161/5, Námestovo, okres Námestovo","rooms":2,"meters":52,"totalPrice":115000,"meterSquarePrice":4,"link":"https://www.nehnutelnosti.sk/detail/JulUY9t2Dpt/2-izbovy-byt-na-predaj","imagesUrls":["https://img.nehnutelnosti.sk/foto/NjAweDMzOC9maWx0ZXJzOnF1YWxpdHkoMTAwKS9uZWg=/32DF5bL4h_fss?st=yBQbXf0kAtFhsggqXCaGQ-ChHEWbXkSwboIeKVXX7xE&ts=1724528608&e=0"]},{"title":"3 - izbový byt v novostavbe","address":"Vladimíra Predmerského, Trenčín, okres Trenčín","rooms":3,"meters":75,"totalPrice":null,"meterSquarePrice":null,"link":"https://www.nehnutelnosti.sk/detail/Ju8mriFtN4p/3-izbovy-byt-v-novostavbe","imagesUrls":["https://img.nehnutelnosti.sk/foto/NjAweDMzOC9maWx0ZXJzOnF1YWxpdHkoMTAwKS9uZWg=/Nc2YE6GWJ_fss?st=5wBnuZfdCD4Uqrp5kNe5rqD5oE8ZazblaEU8qPE8bvY&ts=1703781697&e=0"]},{"title":"Novostavba bytového domu v Slovenskej Ľupči","address":"1. mája, Slovenská Ľupča, okres Banská Bystrica","rooms":3,"meters":72,"totalPrice":176607,"meterSquarePrice":7,"link":"https://www.nehnutelnosti.sk/detail/JuAHyFviJli/novostavba-bytoveho-domu-v-slovenskej-lupci","imagesUrls":["https://img.nehnutelnosti.sk/foto/NjAweDMzOC9maWx0ZXJzOnF1YWxpdHkoMTAwKS9uZWg=/-ANmFSmSq_fss?st=9SMoGKkrDQPdgC9wu_ylHDjCZH-O7OB-zAno6CZgi20&ts=1721856036&e=0"]},{"title":"Pekný veľký byt na Jarkovej ulici - 162m2","address":"Prešov, okres Prešov","rooms":3,"meters":162,"totalPrice":295000,"meterSquarePrice":9,"link":"https://www.nehnutelnosti.sk/detail/JuJCRIs9_ps/pekny-velky-byt-na-jarkovej-ulici-162m2","imagesUrls":["https://img.nehnutelnosti.sk/foto/NjAweDMzOC9maWx0ZXJzOnF1YWxpdHkoMTAwKS9uZWg=/35111-W3c_fss?st=tlJ7Z4mo4CXbOpvOSyVD3R9QjfJXUIH0OBS20Q4InGY&ts=1694440978&e=0"]},{"title":"Nový 2 izbový byt s krytým parkovaním v cene","address":"Ivanská cesta, Bratislava II - Ružinov, okres Bratislava","rooms":2,"meters":46,"totalPrice":176000,"meterSquarePrice":8,"link":"https://www.nehnutelnosti.sk/detail/Ju08adKsk84/novy-2-izbovy-byt-s-krytym-parkovanim-v-cene","imagesUrls":["https://img.nehnutelnosti.sk/foto/NjAweDMzOC9maWx0ZXJzOnF1YWxpdHkoMTAwKS9uZWg=/pNYyas1DQ_fss?st=a9DTkQhjeoakLMgVZA3pnu0af6oxsSZsOrCE_iALfHs&ts=1716822831&e=0"]},{"title":"2 - izbový byt s balkónom a pivničnou kobkou","address":"Dolný Kubín, okres Dolný Kubín","rooms":2,"meters":59,"totalPrice":130500,"meterSquarePrice":3,"link":"https://www.nehnutelnosti.sk/detail/JubsYNuv_gH/2-izbovy-byt-s-balkonom-a-pivnicnou-kobkou","imagesUrls":["https://img.nehnutelnosti.sk/foto/NjAweDMzOC9maWx0ZXJzOnF1YWxpdHkoMTAwKS9uZWg=/dL7Eh-uXo_fss?st=X1nWIZjSOdxwfEkse4g67-0qSusrKqUaJoFZxPp5KVg&ts=1719226287&e=0"]},{"title":"3 izbove byty - balkon - parkovanie","address":"Prešov, okres Prešov","rooms":3,"meters":75,"totalPrice":125000,"meterSquarePrice":4,"link":"https://www.nehnutelnosti.sk/detail/JucnsCh7E1x/3-izbove-byty-balkon-parkovanie","imagesUrls":["https://img.nehnutelnosti.sk/foto/NjAweDMzOC9maWx0ZXJzOnF1YWxpdHkoMTAwKS9uZWg=/QDSqD0ugw9_fss?st=dJqzpNDWR0JAzKWJFbnhUTZ5uGM16Q77qLaIXLlIle8&ts=1725020178&e=0"]},{"title":"Nový, kompletne zrekonštruovaný 3-izbový byt","address":"Kpt. Nálepku, Nové Mesto nad Váhom, okres Nové Mesto nad Váhom","rooms":3,"meters":75,"totalPrice":148000,"meterSquarePrice":3,"link":"https://www.nehnutelnosti.sk/detail/JuZqoFl0Q15/novy-kompletne-zrekonstruovany-3-izbovy-byt","imagesUrls":["https://img.nehnutelnosti.sk/foto/NjAweDMzOC9maWx0ZXJzOnF1YWxpdHkoMTAwKS9uZWg=/Ux_0CsBPZ_fss?st=71M3vENb6tS5_0E_mWggKHiAN-cb6ri9uzlzw0R1MEw&ts=1724445353&e=0"]},{"title":"DIRECTREAL|Na predaj 1 izbový byt v Šamoríne. Možný aj ako investičný byt s platiacim nájomníkom","address":"Hlavná, Šamorín, okres Dunajská Streda","rooms":1,"meters":26,"totalPrice":87000,"meterSquarePrice":5,"link":"https://www.nehnutelnosti.sk/detail/JuCml3wK2wB/directreal-na-predaj-1-izbovy-byt-v-samorine-mozny-aj-ako-investicny-byt-s-platiacim-najomnikom","imagesUrls":["https://img.nehnutelnosti.sk/foto/NjAweDMzOC9maWx0ZXJzOnF1YWxpdHkoMTAwKS9uZWg=/J7Zxs7MpS_fss?st=5kYbwVanngmzNCxf-UoKw0U10X5m4Dy6bqYOxPtEKfA&ts=1723459280&e=0"]},{"title":"3-izbový vysťahovaný a voľný byt na predaj na Štefunkovej ul. (m.č. Bratislava II - Ružinov) po čias","address":"Štefunkova, Bratislava II - Ružinov, okres Bratislava","rooms":3,"meters":84,"totalPrice":225000,"meterSquarePrice":7,"link":"https://www.nehnutelnosti.sk/detail/JuluhvcN8tJ/3-izbovy-vystahovany-a-volny-byt-na-predaj-na-stefunkovej-ul-m-c-bratislava-ii-ruzinov-po-cias","imagesUrls":["https://img.unitedclassifieds.sk/foto/NjAweDMzOC9maWx0ZXJzOnF1YWxpdHkoMTAwKS9qdWw=/-3SKZideY_fss?st=I7qY18i8Gq2JzkJtI4lH5ZXkOLdEVWgNGYTiunRTCeM&ts=1727033901&e=0"]},{"title":"Na predaj , 3 izbový byt  68m2, lodžia, kľudná lokalita Trenčín - Sihoť","address":"Šoltésovej, Trenčín, okres Trenčín","rooms":3,"meters":68,"totalPrice":117500,"meterSquarePrice":4,"link":"https://www.nehnutelnosti.sk/detail/JuKbfthe0HU/na-predaj-3-izbovy-byt-68m2-lodzia-kludna-lokalita-trencin-sihot","imagesUrls":["https://img.nehnutelnosti.sk/foto/NjAweDMzOC9maWx0ZXJzOnF1YWxpdHkoMTAwKS9uZWg=/iXBHGFeg_s_fss?st=j2wTLbxlFDUNkJsyVpUMInVpGnrDW7-1afC39Og_eQw&ts=1727033601&e=0"]},{"title":"Útulný trojizbový apartmán s osobitným vchodom, Donovaly","address":"Donovaly, okres Banská Bystrica","rooms":3,"meters":60,"totalPrice":170000,"meterSquarePrice":3,"link":"https://www.nehnutelnosti.sk/detail/JuiNZY9bAz0/utulny-trojizbovy-apartman-s-osobitnym-vchodom-donovaly","imagesUrls":["https://img.nehnutelnosti.sk/foto/NjAweDMzOC9maWx0ZXJzOnF1YWxpdHkoMTAwKS9uZWg=/gZmkocLLD_fss?st=nnggf3Hs-kbISZ91woZq6CrAYM9iPIqUGWq1FhIBd2Q&ts=1727033568&e=0"]},{"title":"Neibrs | Tehlový 2,5 izb. byt, výťah, loggia, dve svetové strany, samostatné izby, kúpeľňa s denným","address":"Belehradská, Bratislava I - Staré Mesto, okres Bratislava","rooms":3,"meters":60,"totalPrice":null,"meterSquarePrice":null,"link":"https://www.nehnutelnosti.sk/detail/JuIwrAx0acu/neibrs-tehlovy-2-5-izb-byt-vytah-loggia-dve-svetove-strany-samostatne-izby-kupelna-s-dennym","imagesUrls":["https://img.nehnutelnosti.sk/foto/NjAweDMzOC9maWx0ZXJzOnF1YWxpdHkoMTAwKS9uZWg=/WbPfYxmQq_fss?st=X1bofRnxG88QzvzgsFljG7HBHzrPbsXfd8oH_G95zAs&ts=1727033550&e=0"]},{"title":"garzónka, Jána Jonáša, Devínska Nová Ves, novozrekonštruovaný","address":"Jána Jonáša, Bratislava IV - Devínska Nová Ves, okres Bratislava","rooms":null,"meters":33,"totalPrice":113000,"meterSquarePrice":4,"link":"https://www.nehnutelnosti.sk/detail/JuQE5OypVMT/garzonka-jana-jonasa-devinska-nova-ves-novozrekonstruovany","imagesUrls":["https://img.unitedclassifieds.sk/foto/NjAweDMzOC9maWx0ZXJzOnF1YWxpdHkoMTAwKS9qdWw=/NZL7QUSOI_fss?st=W_M0YsnCoBgx6ZXuKThf5DSs2Tchu88IxbBatMXiPTI&ts=1725369374&e=0"]},{"title":"4-izb. byt, Karola Adlera, Dúbravka, 4.p./8, lodžia","address":"Karola Adlera, Bratislava IV - Dúbravka, okres Bratislava","rooms":4,"meters":78,"totalPrice":209000,"meterSquarePrice":9,"link":"https://www.nehnutelnosti.sk/detail/JuS8URKkjbr/4-izb-byt-karola-adlera-dubravka-4-p-8-lodzia","imagesUrls":["https://img.unitedclassifieds.sk/foto/NjAweDMzOC9maWx0ZXJzOnF1YWxpdHkoMTAwKS9qdWw=/3e4HhWP9j_fss?st=22KFiJgGI2JOWawY6xnCXpc3R2a0ubkhLRZDZWZoMlg&ts=1724247308&e=0"]},{"title":"3-izb. byt, Gercenova, Petržalka, 6.p./8","address":"Gercenova, Bratislava V - Petržalka, okres Bratislava","rooms":3,"meters":70,"totalPrice":193000,"meterSquarePrice":4,"link":"https://www.nehnutelnosti.sk/detail/Juwl73aeFhQ/3-izb-byt-gercenova-petrzalka-6-p-8","imagesUrls":["https://img.unitedclassifieds.sk/foto/NjAweDMzOC9maWx0ZXJzOnF1YWxpdHkoMTAwKS9qdWw=/f9niXMSe9_fss?st=Eiz6wGGwUbkD_-4zt7jN1gr7wRKN2wr43gKAu1kn9SQ&ts=1720428674&e=0"]},{"title":"1-izb. byt, Kresánkova ul., Karlova Ves s terasou","address":"Kresánkova, Bratislava IV - Karlova Ves, okres Bratislava","rooms":1,"meters":42,"totalPrice":149000,"meterSquarePrice":3,"link":"https://www.nehnutelnosti.sk/detail/JuCAah4doH2/1-izb-byt-kresankova-ul-karlova-ves-s-terasou","imagesUrls":["https://img.unitedclassifieds.sk/foto/NjAweDMzOC9maWx0ZXJzOnF1YWxpdHkoMTAwKS9qdWw=/1m1Qz3yC6_fss?st=xv7awqtHYFVJQwIu6C0xQKJFACzSCupCW3BDqvZ8Z5g&ts=1719555090&e=0"]},{"title":"3-izb. byt, Vajnorská, Nové Mesto, bezbariérový, balkón, lodžia","address":"Vajnorská, Bratislava III - Nové Mesto, okres Bratislava","rooms":3,"meters":111,"totalPrice":275000,"meterSquarePrice":0,"link":"https://www.nehnutelnosti.sk/detail/JusyQXt4n99/3-izb-byt-vajnorska-nove-mesto-bezbarierovy-balkon-lodzia","imagesUrls":["https://img.unitedclassifieds.sk/foto/NjAweDMzOC9maWx0ZXJzOnF1YWxpdHkoMTAwKS9qdWw=/xG_6VP6dp_fss?st=um2WmAuQZF9DeGzHcscBoEXI79k-tHog5VR4EixVzis&ts=1719552664&e=0"]},{"title":"4-izb. byt, Budyšínska, Nové Mesto, 3.p./8, balkón","address":"Budyšínska, Bratislava III - Nové Mesto, okres Bratislava","rooms":4,"meters":84,"totalPrice":339000,"meterSquarePrice":1,"link":"https://www.nehnutelnosti.sk/detail/JueHLiUNXcH/4-izb-byt-budysinska-nove-mesto-3-p-8-balkon","imagesUrls":["https://img.unitedclassifieds.sk/foto/NjAweDMzOC9maWx0ZXJzOnF1YWxpdHkoMTAwKS9qdWw=/Nku2oV2aEg_fss?st=f_DSyVTZKcktCh1lldz2un0TEFb9-vpzBasQKoeNYws&ts=1718346963&e=0"]},{"title":"2-izb. byt, v pojekte Urban Residence, Račianska ul., Nové Mesto","address":"Račianska, Bratislava III - Nové Mesto, okres Bratislava","rooms":2,"meters":58,"totalPrice":275000,"meterSquarePrice":8,"link":"https://www.nehnutelnosti.sk/detail/JuQ43pdM6mY/2-izb-byt-v-pojekte-urban-residence-racianska-ul-nove-mesto","imagesUrls":["https://img.unitedclassifieds.sk/foto/NjAweDMzOC9maWx0ZXJzOnF1YWxpdHkoMTAwKS9qdWw=/oWrA6XjyN_fss?st=mm1ZmxxpMekqieKWGobXBWdjOygZ8ZIlWh8zkhiH3x8&ts=1715239142&e=0"]},{"title":"3-izb. byt, Jégeho ul., Ružinov, lodžia s pekným výhľadom","address":"Jégého, Bratislava II - Ružinov, okres Bratislava","rooms":3,"meters":77,"totalPrice":270000,"meterSquarePrice":9,"link":"https://www.nehnutelnosti.sk/detail/JuwKBKxagPx/3-izb-byt-jegeho-ul-ruzinov-lodzia-s-peknym-vyhladom","imagesUrls":["https://img.unitedclassifieds.sk/foto/NjAweDMzOC9maWx0ZXJzOnF1YWxpdHkoMTAwKS9qdWw=/8Wt4DD9eiH_fss?st=pSNqTwFCL89cbOcExgNW9bJrY80w-X1o1jtICH7hp-8&ts=1725870225&e=0"]},{"title":"3-izb. byt, Exnárova, Ružinov, pôvodný stav","address":"Exnárova, Bratislava II - Ružinov, okres Bratislava","rooms":3,"meters":70,"totalPrice":205000,"meterSquarePrice":9,"link":"https://www.nehnutelnosti.sk/detail/JuBEj5803BN/3-izb-byt-exnarova-ruzinov-povodny-stav","imagesUrls":["https://img.unitedclassifieds.sk/foto/NjAweDMzOC9maWx0ZXJzOnF1YWxpdHkoMTAwKS9qdWw=/6othK4KAZ_fss?st=PtK6AvdWnyPtT0oTZ4ojBr4pJ4gk2uyntHem-vGt1bs&ts=1725550772&e=0"]},{"title":"1-izb. byt, Bilíkova, Dúbravka, 4.p./12","address":"Bílikova, Bratislava IV - Dúbravka, okres Bratislava","rooms":1,"meters":37,"totalPrice":119500,"meterSquarePrice":3,"link":"https://www.nehnutelnosti.sk/detail/JuJ53a10csq/1-izb-byt-bilikova-dubravka-4-p-12","imagesUrls":["https://img.unitedclassifieds.sk/foto/NjAweDMzOC9maWx0ZXJzOnF1YWxpdHkoMTAwKS9qdWw=/2v9qURGT8_fss?st=xVoMPDZ-va1_BMv_7N8EB74dM6OMnPVzQ06Q21ZlzeA&ts=1724161166&e=0"]},{"title":"3-izb. byt, Krásnohorská ul., Petržalka, 12 p/12","address":"Krásnohorská, Bratislava V - Petržalka, okres Bratislava","rooms":3,"meters":69,"totalPrice":209000,"meterSquarePrice":9,"link":"https://www.nehnutelnosti.sk/detail/JuDLkvdvp1f/3-izb-byt-krasnohorska-ul-petrzalka-12-p-12","imagesUrls":["https://img.unitedclassifieds.sk/foto/NjAweDMzOC9maWx0ZXJzOnF1YWxpdHkoMTAwKS9qdWw=/_wx4T6AcQ_fss?st=BDXpG2vnFQCmNL3NZ5ZVqGG3Ahf9Nw-S43JJ8qq4f5Y&ts=1719073011&e=0"]},{"title":"garzónka, ul. Istrijská, Devínska Nová Ves","address":"Istrijská, Bratislava IV - Devínska Nová Ves, okres Bratislava","rooms":null,"meters":35,"totalPrice":99000,"meterSquarePrice":7,"link":"https://www.nehnutelnosti.sk/detail/JuIAFxJ62Ku/garzonka-ul-istrijska-devinska-nova-ves","imagesUrls":["https://img.unitedclassifieds.sk/foto/NjAweDMzOC9maWx0ZXJzOnF1YWxpdHkoMTAwKS9qdWw=/eQBry-w_p_fss?st=W5RW9We1DIm0ND8--OXUtaeionX6GRejpWSaS5XT-Ic&ts=1715940919&e=0"]},{"title":"4-izb. byt, Toryská, Vrakuňa, 1.p./4, lodžia","address":"Toryská, Bratislava II - Vrakuňa, okres Bratislava","rooms":4,"meters":78,"totalPrice":235000,"meterSquarePrice":4,"link":"https://www.nehnutelnosti.sk/detail/JuorAJiaT9m/4-izb-byt-toryska-vrakuna-1-p-4-lodzia","imagesUrls":["https://img.unitedclassifieds.sk/foto/NjAweDMzOC9maWx0ZXJzOnF1YWxpdHkoMTAwKS9qdWw=/nT7r7yUgC_fss?st=cTKcQMu2qHhukaNlN3O8dcys1JXY9NdMOAppqUSGA2o&ts=1707979199&e=0"]},{"title":"3-izb. byt, Andreja Mráza, Ružinov, pôvodný stav","address":"Andreja Mráza, Bratislava II - Ružinov, okres Bratislava","rooms":3,"meters":70,"totalPrice":200000,"meterSquarePrice":4,"link":"https://www.nehnutelnosti.sk/detail/Ju9f0esNIVb/3-izb-byt-andreja-mraza-ruzinov-povodny-stav","imagesUrls":["https://img.unitedclassifieds.sk/foto/NjAweDMzOC9maWx0ZXJzOnF1YWxpdHkoMTAwKS9qdWw=/yMOeruNzc_fss?st=PcXehkeyBa1ZTlDB_jUs55lsYX1hCCHHhpFymBXdoMk&ts=1710398776&e=0"]},{"title":"2-izb. byt, Lužná, Petržalka, novostavba 2022","address":"Lužná, Bratislava V - Petržalka, okres Bratislava","rooms":2,"meters":50,"totalPrice":259000,"meterSquarePrice":0,"link":"https://www.nehnutelnosti.sk/detail/JuFyfTWXbwH/2-izb-byt-luzna-petrzalka-novostavba-2022","imagesUrls":["https://img.unitedclassifieds.sk/foto/NjAweDMzOC9maWx0ZXJzOnF1YWxpdHkoMTAwKS9qdWw=/WSpUxs23Y_fss?st=_Z7bS_g6dVTrE6xEOM00QTO2W_we6UaYtRiNYyM4EpI&ts=1725634412&e=0"]}]