[{"title":"Útulný 3-izbový byt so záhradou v Dunajskom Klátove 003-MAJA","address":"Dunajský Klátov, okres Dunajská Streda","rooms":3,"meters":82,"totalPrice":145000,"meterSquarePrice":9,"link":"https://www.nehnutelnosti.sk/detail/JuN4NHtW0e1/utulny-3-izbovy-byt-so-zahradou-v-dunajskom-klatove-003-maja","imagesUrls":["https://img.nehnutelnosti.sk/foto/NjAweDMzOC9maWx0ZXJzOnF1YWxpdHkoMTAwKS9uZWg=/Zt4qNanek_fss?st=EYPkgBFRUg5qf-K-qSmutybgyw3lauXfMqVQkVrkfPA&ts=1715332831&e=0"]},{"title":"REZERVOVANE! Pekný byt s predzáhradkou a garážovým parkovacím státím v Arboria Parku- Slnečná.","address":"Veterná, Trnava, okres Trnava","rooms":3,"meters":68,"totalPrice":189900,"meterSquarePrice":7,"link":"https://www.nehnutelnosti.sk/detail/Juu80ZZGJJt/rezervovane-pekny-byt-s-predzahradkou-a-garazovym-parkovacim-statim-v-arboria-parku-slnecna","imagesUrls":["https://img.nehnutelnosti.sk/foto/NjAweDMzOC9maWx0ZXJzOnF1YWxpdHkoMTAwKS9uZWg=/FF5bAxHen_fss?st=vfvBPumZBj3trTiqZ3J2Sr4WLKDr0FRlWlu6syAtEQA&ts=1724705299&e=0"]},{"title":"TERASA - RUŽOVÁ PEKNÝ 3 IZBOVÝ BYT PO REKONŠTRUKCII 70 M2 SO ŠATNÍKOM.","address":"Ružová, Košice II - Západ, okres Košice","rooms":3,"meters":70,"totalPrice":185000,"meterSquarePrice":6,"link":"https://www.nehnutelnosti.sk/detail/JuLyakHiFZz/terasa-ruzova-pekny-3-izbovy-byt-po-rekonstrukcii-70-m2-so-satnikom","imagesUrls":["https://img.nehnutelnosti.sk/foto/NjAweDMzOC9maWx0ZXJzOnF1YWxpdHkoMTAwKS9uZWg=/JD6rXM3PL2_fss?st=Vr6RwQgF0lQYfV7L5YomEYruRb-SZUDkGzLwRtcthfs&ts=1726992093&e=0"]},{"title":"Predaj honosného 3-izbového bytu v centre mesta Košice","address":"Hlavné Námestie, Košice I - Staré Mesto, okres Košice","rooms":3,"meters":90,"totalPrice":372800,"meterSquarePrice":5,"link":"https://www.nehnutelnosti.sk/detail/JuT-zCoKHcw/predaj-honosneho-3-izboveho-bytu-v-centre-mesta-kosice","imagesUrls":["https://img.unitedclassifieds.sk/foto/NjAweDMzOC9maWx0ZXJzOnF1YWxpdHkoMTAwKS9qdWw=/sTHZui1Qj_fss?st=A8ylIaejLvlOOAtYt9K1CZSc5QxjkNK91HsIl2NKoDA&ts=1720516231&e=0"]},{"title":"Predaj unikátneho luxusného bytu v centre mesta Košíc","address":"Hlavné Námestie, Košice I - Staré Mesto, okres Košice","rooms":2,"meters":69,"totalPrice":335000,"meterSquarePrice":7,"link":"https://www.nehnutelnosti.sk/detail/JusJOrMRus-/predaj-unikatneho-luxusneho-bytu-v-centre-mesta-kosic","imagesUrls":["https://img.unitedclassifieds.sk/foto/NjAweDMzOC9maWx0ZXJzOnF1YWxpdHkoMTAwKS9qdWw=/JAAG3BJwe_fss?st=e7KVLZ0ATDzIfkuDBuIwrTiiS8J1pMGdluvduMZCGZA&ts=1720515493&e=0"]},{"title":"Byt, ktorý má všetko, čo má byt mať","address":"Hroncova, Košice I - Sever, okres Košice","rooms":2,"meters":null,"totalPrice":null,"meterSquarePrice":null,"link":"https://www.nehnutelnosti.sk/detail/JuHuMcy2fVF/byt-ktory-ma-vsetko-co-ma-byt-mat","imagesUrls":["https://img.nehnutelnosti.sk/foto/NjAweDMzOC9maWx0ZXJzOnF1YWxpdHkoMTAwKS9uZWg=/6Kv1ILDcu_fss?st=ArZoJFbKU9WcbwjvyYq3YD02akLkN2Hr2tIa0cvC59s&ts=1725881332&e=0"]},{"title":"Na predaj 3 izbový byt s balkónom","address":"Margarétová, Michalovce, okres Michalovce","rooms":3,"meters":74,"totalPrice":107990,"meterSquarePrice":2,"link":"https://www.nehnutelnosti.sk/detail/JusXHZThpm8/na-predaj-3-izbovy-byt-s-balkonom","imagesUrls":["https://img.unitedclassifieds.sk/foto/NjAweDMzOC9maWx0ZXJzOnF1YWxpdHkoMTAwKS9qdWw=/jT3-42682_fss?st=UL5lP_ymOTaILwCqSPeVMCCJTuQwEZ0yw55mXqnnjRQ&ts=1720513713&e=0"]},{"title":"Rohový 4izbový byt s výhľadom - Milana Marečka - Devínska nová ves","address":"Milana Marečka, Bratislava IV - Devínska Nová Ves, okres Bratislava","rooms":4,"meters":82,"totalPrice":219900,"meterSquarePrice":1,"link":"https://www.nehnutelnosti.sk/detail/JuMJ819dzoG/rohovy-4izbovy-byt-s-vyhladom-milana-marecka-devinska-nova-ves","imagesUrls":["https://img.nehnutelnosti.sk/foto/NjAweDMzOC9maWx0ZXJzOnF1YWxpdHkoMTAwKS9uZWg=/1iMbGSnDIe_fss?st=VVazjPgpVWggUypVF8yk6r7qhXhTP-KpZp6YHu5A9gw&ts=1720512543&e=0"]},{"title":"2 izbový byt - Moldava nad Bodvou -Rezervované","address":"ČSA, Moldava nad Bodvou, Košice okolie, okres Košice - okolie","rooms":2,"meters":68,"totalPrice":68000,"meterSquarePrice":0,"link":"https://www.nehnutelnosti.sk/detail/JuhWqK_u7gB/2-izbovy-byt-moldava-nad-bodvou-rezervovane","imagesUrls":["https://img.nehnutelnosti.sk/foto/NjAweDMzOC9maWx0ZXJzOnF1YWxpdHkoMTAwKS9uZWg=/wpwiZElda_fss?st=ft-FwSQhW0I0IhqyW7q-Wm02HcQcrvnicjZRHSNWWQU&ts=1720506466&e=0"]},{"title":"Predaj 1i bytu v Banskej Bystrici","address":"Banská Bystrica, Banská Bystrica, okres Banská Bystrica","rooms":1,"meters":38,"totalPrice":105000,"meterSquarePrice":6,"link":"https://www.nehnutelnosti.sk/detail/JulWlKJX36b/predaj-1i-bytu-v-banskej-bystrici","imagesUrls":["https://img.nehnutelnosti.sk/foto/NjAweDMzOC9maWx0ZXJzOnF1YWxpdHkoMTAwKS9uZWg=/-Zcm3YJ-UU_fss?st=htQJv8Nv2oJ3D_pdKcp9uzPoBXH6HsxBl5wlGvYakYA&ts=1689360381&e=0"]},{"title":"-REZERVOVANÉ -2 izbový byt, Košice - Staré mesto, Ul. Haviarska","address":"Haviarska, Košice I - Staré Mesto, okres Košice","rooms":2,"meters":54,"totalPrice":174990,"meterSquarePrice":6,"link":"https://www.nehnutelnosti.sk/detail/JuETFxELRU3/rezervovane-2-izbovy-byt-kosice-stare-mesto-ul-haviarska","imagesUrls":["https://img.nehnutelnosti.sk/foto/NjAweDMzOC9maWx0ZXJzOnF1YWxpdHkoMTAwKS9uZWg=/i-xatWzkF_fss?st=5Qa5BXFbPfMgYZppCIOdSjxR9zsN0QJ1QfExDtuhXgg&ts=1723449557&e=0"]},{"title":"OS Za Južnou - lokalita Suchý Dub, 5 izbový luxusný terasový byt č.6, v štandardnom prevedení za 446","address":"Trenčín, okres Trenčín","rooms":5,"meters":155,"totalPrice":446500,"meterSquarePrice":3,"link":"https://www.nehnutelnosti.sk/detail/JukPRYUXy-a/os-za-juznou-lokalita-suchy-dub-5-izbovy-luxusny-terasovy-byt-c-6-v-standardnom-prevedeni-za-446","imagesUrls":["https://img.nehnutelnosti.sk/foto/NjAweDMzOC9maWx0ZXJzOnF1YWxpdHkoMTAwKS9uZWg=/6MWORXE9tE_fss?st=lHz_VGNw5H1M_3d1u4I0yQmtA2FNsUs23tqsDsPT2mU&ts=1697117498&e=0"]},{"title":"OS Za Južnou - lokalita Suchý Dub, 5 izbový luxusný terasový byt č.10, v štandardnom prevedení za 41","address":"Trenčín, okres Trenčín","rooms":5,"meters":136,"totalPrice":414500,"meterSquarePrice":3,"link":"https://www.nehnutelnosti.sk/detail/JufPEwrRgJA/os-za-juznou-lokalita-suchy-dub-5-izbovy-luxusny-terasovy-byt-c-10-v-standardnom-prevedeni-za-41","imagesUrls":["https://img.nehnutelnosti.sk/foto/NjAweDMzOC9maWx0ZXJzOnF1YWxpdHkoMTAwKS9uZWg=/Var2oShRX_fss?st=P6QGzNSwtjYFYdaYdcVagXTJ6mnYY1huznvzChm6G_k&ts=1697116643&e=0"]},{"title":"FOX * Zariadený 1 izbový byt 32,75 m2 * Gejzu Dusíka","address":"Ulica Gejzu Dusíka, Trnava, okres Trnava","rooms":1,"meters":32,"totalPrice":103000,"meterSquarePrice":4,"link":"https://www.nehnutelnosti.sk/detail/Juo04bVGv4B/fox-zariadeny-1-izbovy-byt-32-75-m2-gejzu-dusika","imagesUrls":["https://img.unitedclassifieds.sk/foto/NjAweDMzOC9maWx0ZXJzOnF1YWxpdHkoMTAwKS9qdWw=/PiCX124bc_fss?st=3UBIn_Z7Aa0w0NUeXRDDuUVjlqt-yyxhiNxLJ9TZCqw&ts=1720467857&e=0"]},{"title":"OS Za Južnou - lokalita Suchý Dub, 5 izbový luxusný terasový byt č.8, v štandardnom prevedení za 450","address":"Trenčín, okres Trenčín","rooms":5,"meters":156,"totalPrice":450000,"meterSquarePrice":0,"link":"https://www.nehnutelnosti.sk/detail/JuRnkE3QC53/os-za-juznou-lokalita-suchy-dub-5-izbovy-luxusny-terasovy-byt-c-8-v-standardnom-prevedeni-za-450","imagesUrls":["https://img.nehnutelnosti.sk/foto/NjAweDMzOC9maWx0ZXJzOnF1YWxpdHkoMTAwKS9uZWg=/Viw5GyMnO_fss?st=y73sUQbPhHW2JcIGAnnu9PW0_AEPNPOa53shDBrAboU&ts=1697117498&e=0"]},{"title":"OS Za Južnou - lokalita Suchý Dub, 5 izbový luxusný terasový byt č.7, v štandardnom prevedení za 444","address":"Trenčín, okres Trenčín","rooms":5,"meters":155,"totalPrice":444000,"meterSquarePrice":1,"link":"https://www.nehnutelnosti.sk/detail/JuaJV0ZOu7V/os-za-juznou-lokalita-suchy-dub-5-izbovy-luxusny-terasovy-byt-c-7-v-standardnom-prevedeni-za-444","imagesUrls":["https://img.nehnutelnosti.sk/foto/NjAweDMzOC9maWx0ZXJzOnF1YWxpdHkoMTAwKS9uZWg=/6--RNrzr7n_fss?st=C1ny25ODKHbV9OG1IaDJyQy3ZNd-7MTEhPr0P5SJfOw&ts=1697118430&e=0"]},{"title":"Na predaj krásne zrekonštruovaný 3-izbový byt  v meste Nové Zámky","address":"Michalská, Nové Zámky, okres Nové Zámky","rooms":3,"meters":65,"totalPrice":135000,"meterSquarePrice":2,"link":"https://www.nehnutelnosti.sk/detail/JuevN_79dpJ/na-predaj-krasne-zrekonstruovany-3-izbovy-byt-v-meste-nove-zamky","imagesUrls":["https://img.nehnutelnosti.sk/foto/NjAweDMzOC9maWx0ZXJzOnF1YWxpdHkoMTAwKS9uZWg=/k1X9ZV-rZB_fss?st=3xsJOA6vx8RIhzwpTtdp7jporHfpgAZ9-fBm3ZbdmNU&ts=1717605308&e=0"]},{"title":"PREDAJ 3 izbový byt +záhrada 23 m² + garáž 18 m² centrum MALACIEK","address":"Petra Jilemnického, Malacky, okres Malacky","rooms":3,"meters":67,"totalPrice":189000,"meterSquarePrice":0,"link":"https://www.nehnutelnosti.sk/detail/JuoSiD59_bs/predaj-3-izbovy-byt-zahrada-23-m-garaz-18-m-centrum-malaciek","imagesUrls":["https://img.nehnutelnosti.sk/foto/NjAweDMzOC9maWx0ZXJzOnF1YWxpdHkoMTAwKS9uZWg=/z2htdcGppo_fss?st=LW4WZPkKj9FiNPmreLLhe8TqRJDXTfex5qGbpWpCsn0&ts=1727017680&e=0"]},{"title":"Rúbanisko II-2-i byt 62 m2 LOGGIA s výbornou dispozíciou a  občianskou vybavenosťou v úzkom okruhu","address":"Rúbanisko II, Lučenec, okres Lučenec","rooms":2,"meters":62,"totalPrice":63000,"meterSquarePrice":3,"link":"https://www.nehnutelnosti.sk/detail/Ju-eJv1HEnb/rubanisko-ii-2-i-byt-62-m2-loggia-s-vybornou-dispoziciou-a-obcianskou-vybavenostou-v-uzkom-okruhu","imagesUrls":["https://img.nehnutelnosti.sk/foto/NjAweDMzOC9maWx0ZXJzOnF1YWxpdHkoMTAwKS9uZWg=/83OtKA3Vu_fss?st=m4OHisv0sCUWvsvxYhfSGCYTzRrgIViW9YLyJmG_cck&ts=1720444437&e=0"]},{"title":"3-izbový byt v atraktívnej lokalite | Košice - Rosná","address":"Rosná 16, Košice IV - Juh, okres Košice","rooms":3,"meters":null,"totalPrice":null,"meterSquarePrice":null,"link":"https://www.nehnutelnosti.sk/detail/Ju_b_cVVCNa/3-izbovy-byt-v-atraktivnej-lokalite-kosice-rosna","imagesUrls":["https://img.nehnutelnosti.sk/foto/NjAweDMzOC9maWx0ZXJzOnF1YWxpdHkoMTAwKS9uZWg=/4tZMt3Uym_fss?st=5l01pGk5KvYmR__zd2bfm7iXsBwdXmwxFMoHkQpO05g&ts=1720500577&e=0"]},{"title":"ČÍNSKY MÚR - 3-i byt 80 m2, BALKÓN, LOGGIA-CENTRUM MESTA","address":"Novohradská, Lučenec, okres Lučenec","rooms":3,"meters":80,"totalPrice":92000,"meterSquarePrice":0,"link":"https://www.nehnutelnosti.sk/detail/JuW-uczbnDu/cinsky-mur-3-i-byt-80-m2-balkon-loggia-centrum-mesta","imagesUrls":["https://img.nehnutelnosti.sk/foto/NjAweDMzOC9maWx0ZXJzOnF1YWxpdHkoMTAwKS9uZWg=/vfsYO5WP-_fss?st=SPh7pRDvra-f3DE-CZcLg2BBkNy4ijfXQGO3sAwxAd8&ts=1720444438&e=0"]},{"title":"OS Za Južnou - lokalita Suchý Dub, 5 izbový luxusný terasový byt č.3, v štandardnom prevedení za 438","address":"Trenčín, okres Trenčín","rooms":5,"meters":155,"totalPrice":438000,"meterSquarePrice":1,"link":"https://www.nehnutelnosti.sk/detail/JuVfR1_EvAB/os-za-juznou-lokalita-suchy-dub-5-izbovy-luxusny-terasovy-byt-c-3-v-standardnom-prevedeni-za-438","imagesUrls":["https://img.nehnutelnosti.sk/foto/NjAweDMzOC9maWx0ZXJzOnF1YWxpdHkoMTAwKS9uZWg=/yygtq2bkM3_fss?st=S4pm-fU0kKEXrm4tLjIEPuuuBEeTvxwJFteGZhwHaOI&ts=1697117506&e=0"]},{"title":"OS Za Južnou - lokalita Suchý Dub, 5 izbový luxusný terasový byt č.2, v štandardnom prevedení za 437","address":"Trenčín, okres Trenčín","rooms":5,"meters":155,"totalPrice":437000,"meterSquarePrice":6,"link":"https://www.nehnutelnosti.sk/detail/JucnMfurkIO/os-za-juznou-lokalita-suchy-dub-5-izbovy-luxusny-terasovy-byt-c-2-v-standardnom-prevedeni-za-437","imagesUrls":["https://img.nehnutelnosti.sk/foto/NjAweDMzOC9maWx0ZXJzOnF1YWxpdHkoMTAwKS9uZWg=/FSCohcWNH_fss?st=a5_Ib_c8ZISG6reaiq3Je0hjfyeq_m7l7yU9NCpjP98&ts=1697118439&e=0"]},{"title":"AZ. 3 izbový moderný byt v novostavbe v pokojnej časti Galanty","address":"Galanta, okres Galanta","rooms":3,"meters":59,"totalPrice":133409,"meterSquarePrice":7,"link":"https://www.nehnutelnosti.sk/detail/RbPL9jhaogs/az-3-izbovy-moderny-byt-v-novostavbe-v-pokojnej-casti-galanty","imagesUrls":["https://img.unitedclassifieds.sk/foto/NjAweDMzOC9maWx0ZXJzOnF1YWxpdHkoMTAwKS9yc2I=/LQnuApQ9W_fss?st=6K_AzoPP5DE8F27SPqMdr-W3urAJPqAwXTD-QeDp4L0&ts=1720447330&e=0"]},{"title":"Ponúkame na predaj luxusný 4.ibb. byt Nitra - Kynek","address":"Pri kaštieli, Nitra, okres Nitra","rooms":4,"meters":107,"totalPrice":340000,"meterSquarePrice":7,"link":"https://www.nehnutelnosti.sk/detail/Jueeh-pduds/ponukame-na-predaj-luxusny-4-ibb-byt-nitra-kynek","imagesUrls":["https://img.nehnutelnosti.sk/foto/NjAweDMzOC9maWx0ZXJzOnF1YWxpdHkoMTAwKS9uZWg=/kQMLiJlzg_fss?st=osSZEx8FFmgnncZiW1XDz7jJMJn5sNUS5RneSSW5QMk&ts=1710352265&e=0"]},{"title":"Exkluzívne iba u nás v APEX reality 2i. s loggiou na Hlohovej ul., 54 m2, kompletná rekonštrukcia","address":"Hlohová, Hlohovec, okres Hlohovec","rooms":2,"meters":54,"totalPrice":109900,"meterSquarePrice":9,"link":"https://www.nehnutelnosti.sk/detail/JuAqcVGJdga/exkluzivne-iba-u-nas-v-apex-reality-2i-s-loggiou-na-hlohovej-ul-54-m2-kompletna-rekonstrukcia","imagesUrls":["https://img.nehnutelnosti.sk/foto/NjAweDMzOC9maWx0ZXJzOnF1YWxpdHkoMTAwKS9uZWg=/_10GQWcEy_fss?st=H2ct_RbfdNGpnP5UIS74E0o9MRt26khd7WSsW5okNZE&ts=1704891168&e=0"]},{"title":"OS Za Južnou - lokalita Suchý Dub, 5 izbový luxusný terasový byt č.5, v štandardnom prevedení za 439","address":"Trenčín, okres Trenčín","rooms":5,"meters":156,"totalPrice":439500,"meterSquarePrice":1,"link":"https://www.nehnutelnosti.sk/detail/JuWfPCvaUi5/os-za-juznou-lokalita-suchy-dub-5-izbovy-luxusny-terasovy-byt-c-5-v-standardnom-prevedeni-za-439","imagesUrls":["https://img.nehnutelnosti.sk/foto/NjAweDMzOC9maWx0ZXJzOnF1YWxpdHkoMTAwKS9uZWg=/uHwbBbs8V_fss?st=z3CAKtlKj9FRvkTXGrB00TiOlGeGOgX3DsTKU2El1-Q&ts=1697117503&e=0"]},{"title":"Továrenská -3-i byt 72 m2, čiastočná rekonštrukcia","address":"Továrenská, Lučenec, okres Lučenec","rooms":3,"meters":72,"totalPrice":73000,"meterSquarePrice":9,"link":"https://www.nehnutelnosti.sk/detail/Ju_t7jWVjvI/tovarenska-3-i-byt-72-m2-ciastocna-rekonstrukcia","imagesUrls":["https://img.nehnutelnosti.sk/foto/NjAweDMzOC9maWx0ZXJzOnF1YWxpdHkoMTAwKS9uZWg=/k7igSEBKPM_fss?st=HB-M0mvjDHQRusYsCsgsgKRaqHinJvmepuWNy6gZVUw&ts=1720444515&e=0"]},{"title":"CINOBAŃA - 3-i byt, 77 m2 - BLÍZKOSŤ PRÍRODY 2x balkón NÁDHERNÉ VÝHĽADY na OKOLIE","address":"Cinobaňa, Cinobaňa, okres Poltár","rooms":3,"meters":77,"totalPrice":49500,"meterSquarePrice":6,"link":"https://www.nehnutelnosti.sk/detail/Ju3QhcrHRUs/cinobana-3-i-byt-77-m2-blizkost-prirody-2x-balkon-nadherne-vyhlady-na-okolie","imagesUrls":["https://img.nehnutelnosti.sk/foto/NjAweDMzOC9maWx0ZXJzOnF1YWxpdHkoMTAwKS9uZWg=/mVKHgkeiU__fss?st=3QIZI_3C09Szjrtlyph1cFQUurKXrX8xvxtWRfNK0u8&ts=1722984501&e=0"]},{"title":"REZERVOVANÉ....","address":"Hollého, Michalovce, okres Michalovce","rooms":3,"meters":null,"totalPrice":null,"meterSquarePrice":null,"link":"https://www.nehnutelnosti.sk/detail/Juyok713kjc/rezervovane","imagesUrls":["https://img.nehnutelnosti.sk/foto/NjAweDMzOC9maWx0ZXJzOnF1YWxpdHkoMTAwKS9uZWg=/sVyAZXGwo_fss?st=pNd-taL9FvCopPR92sSEbK_p4LLCUTF3wPjesPGNeTU&ts=1724749347&e=0"]}]