[{"title":"NOVOSTAVBA ''PANNÓNSKY HÁJ'': modernél 3 izbové byty na predajl!!! Cena bytov od 2.500€/m2","address":"Nová Ves, Dunajská Streda, okres Dunajská Streda","rooms":3,"meters":83,"totalPrice":1,"meterSquarePrice":1,"link":"https://www.nehnutelnosti.sk/detail/JufYcosm1Xf/novostavba-pannonsky-haj-modernel-3-izbove-byty-na-predajl-cena-bytov-od-2-500-m2","imagesUrls":["https://img.nehnutelnosti.sk/foto/NjAweDMzOC9maWx0ZXJzOnF1YWxpdHkoMTAwKS9uZWg=/jQ1BB7s5he_fss?st=ppK7Ly5XxGSaxu2HB7sVVRk4Uupv3IVCZdVZN-qy8F0&ts=1689748299&e=0"]},{"title":"NOVOSTAVBA ''PANNÓNSKY HÁJ'': moderné 2 izbové byty na predaj!!! Cena bytov od 2.500€/m2","address":"Nová Ves, Dunajská Streda, okres Dunajská Streda","rooms":2,"meters":56,"totalPrice":1,"meterSquarePrice":2,"link":"https://www.nehnutelnosti.sk/detail/JuJMMUtREeg/novostavba-pannonsky-haj-moderne-2-izbove-byty-na-predaj-cena-bytov-od-2-500-m2","imagesUrls":["https://img.nehnutelnosti.sk/foto/NjAweDMzOC9maWx0ZXJzOnF1YWxpdHkoMTAwKS9uZWg=/76ewhQRd3_fss?st=03y6zVU5jPtXl9SG75voMNoQRYWEVggpJyijUc9zxTI&ts=1689748321&e=0"]},{"title":"HLAVNÁ ulica - trojizbový byt s vysokými klenbovými stropmi priamo v srdci mesta Košice","address":"Hlavná, Košice I - Staré Mesto, okres Košice","rooms":3,"meters":70,"totalPrice":190000,"meterSquarePrice":9,"link":"https://www.nehnutelnosti.sk/detail/JuIE9Irpn7h/hlavna-ulica-trojizbovy-byt-s-vysokymi-klenbovymi-stropmi-priamo-v-srdci-mesta-kosice","imagesUrls":["https://img.unitedclassifieds.sk/foto/NjAweDMzOC9maWx0ZXJzOnF1YWxpdHkoMTAwKS9qdWw=/ae0XExVlK_fss?st=Pp4MJCjLgBCeKAJP7fYweY9UuC7Saz0R4HXabuDy74A&ts=1726582510&e=0"]},{"title":"Predaj nadštandartného  3-izbového mezonetu so záhradou pri parku","address":"Janka Kráľa, Nitra, okres Nitra","rooms":3,"meters":110,"totalPrice":299500,"meterSquarePrice":3,"link":"https://www.nehnutelnosti.sk/detail/Ju4ky6COy6H/predaj-nadstandartneho-3-izboveho-mezonetu-so-zahradou-pri-parku","imagesUrls":["https://img.unitedclassifieds.sk/foto/NjAweDMzOC9maWx0ZXJzOnF1YWxpdHkoMTAwKS9qdWw=/NvyjlytE9_fss?st=_0Z9j6f3clkOEjiCsnc7r8ALqOFtNrhz6K24w1H1Sbc&ts=1721381123&e=0"]},{"title":"5-izb. mezonet 209 m2 - Martin - M.R. Štefánika - terasa, parkovanie","address":"M.R. Štefánika, Martin, okres Martin","rooms":null,"meters":209,"totalPrice":null,"meterSquarePrice":null,"link":"https://www.nehnutelnosti.sk/detail/JumMA-x_6uR/5-izb-mezonet-209-m2-martin-m-r-stefanika-terasa-parkovanie","imagesUrls":["https://img.nehnutelnosti.sk/foto/NjAweDMzOC9maWx0ZXJzOnF1YWxpdHkoMTAwKS9uZWg=/yL11sU03M_fss?st=PXNfeipQm3SHuVqEerghwmKaIza7vqC6giWbwHRgJw8&ts=1713369700&e=0"]},{"title":"Na predaj 2,5- izbový byt vo výbornej lokalite na Repašského ulici","address":"Repašského, Bratislava IV - Dúbravka, okres Bratislava","rooms":3,"meters":60,"totalPrice":165000,"meterSquarePrice":3,"link":"https://www.nehnutelnosti.sk/detail/JuT8XJQwzdL/na-predaj-2-5-izbovy-byt-vo-vybornej-lokalite-na-repasskeho-ulici","imagesUrls":["https://img.nehnutelnosti.sk/foto/NjAweDMzOC9maWx0ZXJzOnF1YWxpdHkoMTAwKS9uZWg=/3FRHACxik_fss?st=nP5aZr37o9xXwsyCv10uHxI-tWP3dJ4ao_Lw71F6k1s&ts=1726582185&e=0"]},{"title":"Veľkometrážny dvojgeneračný 4 izb.byt v Detve s krásnym výhľadom","address":"Námestie mieru, Detva, okres Detva","rooms":4,"meters":92,"totalPrice":135000,"meterSquarePrice":9,"link":"https://www.nehnutelnosti.sk/detail/Jukrq9QQo9J/velkometrazny-dvojgeneracny-4-izb-byt-v-detve-s-krasnym-vyhladom","imagesUrls":["https://img.unitedclassifieds.sk/foto/NjAweDMzOC9maWx0ZXJzOnF1YWxpdHkoMTAwKS9yc2Y=/F2WC0-yPR_fss?st=BCKk1apbR68FI7UkQicoAiGda6ZYwFbaFW7XgUzWWKk&ts=1716280133&e=0"]},{"title":"Veľkometrážny dvojgeneračný 4 izb.byt v Detve s krásnym výhľadom","address":"Námestie mieru, Detva, okres Detva","rooms":4,"meters":92,"totalPrice":135000,"meterSquarePrice":9,"link":"https://www.nehnutelnosti.sk/detail/Ju9nXDLTnBi/velkometrazny-dvojgeneracny-4-izb-byt-v-detve-s-krasnym-vyhladom","imagesUrls":["https://img.unitedclassifieds.sk/foto/NjAweDMzOC9maWx0ZXJzOnF1YWxpdHkoMTAwKS9yc2Y=/9i8Mdkh5L_fss?st=MC8P0uBkdQKKOoZGBckh4jWFex-EvXhKvdLJqtuREfk&ts=1715825560&e=0"]},{"title":"2 izbový byt - Tostov palác","address":"Moyzesova, Košice I - Staré Mesto, okres Košice","rooms":2,"meters":45,"totalPrice":165000,"meterSquarePrice":7,"link":"https://www.nehnutelnosti.sk/detail/Ju3HU3Md4VK/2-izbovy-byt-tostov-palac","imagesUrls":["https://img.nehnutelnosti.sk/foto/NjAweDMzOC9maWx0ZXJzOnF1YWxpdHkoMTAwKS9uZWg=/qnjRxRN8N_fss?st=wBNqCzdO7BURbvY3BaptyA9QDlKTp_v65hCbwUVDDDY&ts=1711025437&e=0"]},{"title":"2-izbový byt vo výbornej lokalite, ul. Čapajevova – KOŠICE","address":"Čapajevova, Košice II - Západ, okres Košice","rooms":2,"meters":52,"totalPrice":149990,"meterSquarePrice":2,"link":"https://www.nehnutelnosti.sk/detail/JugbK5lchVR/2-izbovy-byt-vo-vybornej-lokalite-ul-capajevova-kosice","imagesUrls":["https://img.unitedclassifieds.sk/foto/NjAweDMzOC9maWx0ZXJzOnF1YWxpdHkoMTAwKS9qdWw=/VaYKYar1S_fss?st=0IKr71CA_7SaTvA7Q8UJYeLq9CD0hrSEYVM3RyEBMNA&ts=1726581447&e=0"]},{"title":"Na predaj 1- izbový byt v novostavbe z roku  2019 na  ulici Pri Hrubej Lúke","address":"Pri Hrubej lúke, Bratislava IV - Dúbravka, okres Bratislava","rooms":1,"meters":32,"totalPrice":150000,"meterSquarePrice":0,"link":"https://www.nehnutelnosti.sk/detail/JuXT7-eA-v-/na-predaj-1-izbovy-byt-v-novostavbe-z-roku-2019-na-ulici-pri-hrubej-luke","imagesUrls":["https://img.nehnutelnosti.sk/foto/NjAweDMzOC9maWx0ZXJzOnF1YWxpdHkoMTAwKS9uZWg=/Hx9k_qWTd_fss?st=oAIarMVlpyQ77CRZggKEd-dHJIGJa7rb2m08PBOWzgg&ts=1726581311&e=0"]},{"title":"Na predaj 2-izbový byt s balkónom na Lúčnej ulici v Hriňovej- Exkluzívne","address":"Hriňová, okres Detva","rooms":2,"meters":64,"totalPrice":92500,"meterSquarePrice":1,"link":"https://www.nehnutelnosti.sk/detail/JuLQIGOxcxG/na-predaj-2-izbovy-byt-s-balkonom-na-lucnej-ulici-v-hrinovej-exkluzivne","imagesUrls":["https://img.nehnutelnosti.sk/foto/NjAweDMzOC9maWx0ZXJzOnF1YWxpdHkoMTAwKS9uZWg=/SPllNwsaD_fss?st=Kx9aPYoWUNvq4R_ZLYurOAcg8JfzOD7cDoWS06aGCgw&ts=1726581299&e=0"]},{"title":"Na predaj 2-izbový byt na Dukelskej ulici v Považskej Bystrici","address":"Dukelská, Považská Bystrica, okres Považská Bystrica","rooms":2,"meters":52,"totalPrice":106000,"meterSquarePrice":6,"link":"https://www.nehnutelnosti.sk/detail/JuM9abAnq6c/na-predaj-2-izbovy-byt-na-dukelskej-ulici-v-povazskej-bystrici","imagesUrls":["https://img.unitedclassifieds.sk/foto/NjAweDMzOC9maWx0ZXJzOnF1YWxpdHkoMTAwKS9qdWw=/AMKCXjOZr_fss?st=-MP0UBz2959d0LdHx6RQ6qjm2rGhjvIn55C6LYgcILw&ts=1726581162&e=0"]},{"title":"Predaj úžasného veľkometrážneho bytu s dvoma balkónmi v Čadci","address":"M. R. Štefánika, Čadca, okres Čadca","rooms":3,"meters":76,"totalPrice":148000,"meterSquarePrice":7,"link":"https://www.nehnutelnosti.sk/detail/JuYJbhFvwdt/predaj-uzasneho-velkometrazneho-bytu-s-dvoma-balkonmi-v-cadci","imagesUrls":["https://img.nehnutelnosti.sk/foto/NjAweDMzOC9maWx0ZXJzOnF1YWxpdHkoMTAwKS9uZWg=/xpB4YbDkg_fss?st=VdpRV3xdQprdardzdfqg5EDQ8hi_7NZJUDZ32hEkVyQ&ts=1726581243&e=0"]},{"title":"Na predaj veľký 3 izbový byt s krásnym výhľadom, Košice -Ťahanovce","address":"Aténska, Košice I - Ťahanovce, okres Košice","rooms":3,"meters":80,"totalPrice":165500,"meterSquarePrice":5,"link":"https://www.nehnutelnosti.sk/detail/Jundys2rnVp/na-predaj-velky-3-izbovy-byt-s-krasnym-vyhladom-kosice-tahanovce","imagesUrls":["https://img.nehnutelnosti.sk/foto/NjAweDMzOC9maWx0ZXJzOnF1YWxpdHkoMTAwKS9uZWg=/QkRMVLZrXf_fss?st=kbUD7GHcZVgZZ6Qgepb19I4wF0TgtbFL0cNqJgw_eCM&ts=1726580445&e=0"]},{"title":"PONÚKAME VÁM NA PREDAJ 3-IZBOVÝ BYT VO VÝBORNEJ LOKALITE NA RAČIANSKEJ ULICI","address":"Račianska, Bratislava III - Nové Mesto, okres Bratislava","rooms":3,"meters":60,"totalPrice":274000,"meterSquarePrice":7,"link":"https://www.nehnutelnosti.sk/detail/Jutd0De2GIA/ponukame-vam-na-predaj-3-izbovy-byt-vo-vybornej-lokalite-na-racianskej-ulici","imagesUrls":["https://img.nehnutelnosti.sk/foto/NjAweDMzOC9maWx0ZXJzOnF1YWxpdHkoMTAwKS9uZWg=/-JSgpwzsJ_fss?st=48FfehzhiKwfg-KE6t6-qPsPbmyhazBB7xodWnZcp6k&ts=1726580413&e=0"]},{"title":"V tehlovom dome zrekonštruovaná garsónka na Hrdličkovej ulici","address":"Hrdličkova, Bratislava III - Nové Mesto, okres Bratislava","rooms":null,"meters":25,"totalPrice":120000,"meterSquarePrice":0,"link":"https://www.nehnutelnosti.sk/detail/JuO_b9RI-4i/v-tehlovom-dome-zrekonstruovana-garsonka-na-hrdlickovej-ulici","imagesUrls":["https://img.nehnutelnosti.sk/foto/NjAweDMzOC9maWx0ZXJzOnF1YWxpdHkoMTAwKS9uZWg=/DsO-ws9c8_fss?st=MNPtSYzg45PIoLz3NuEH06TCm0bOMl_oP4LwUHEMEgQ&ts=1726580410&e=0"]},{"title":"HAUSBERG 4 izbový byt s terasou","address":"Partizánska, Bratislava I - Staré Mesto, okres Bratislava","rooms":4,"meters":187,"totalPrice":1260000,"meterSquarePrice":7,"link":"https://www.nehnutelnosti.sk/detail/JuV_IggJx7f/hausberg-4-izbovy-byt-s-terasou","imagesUrls":["https://img.nehnutelnosti.sk/foto/NjAweDMzOC9maWx0ZXJzOnF1YWxpdHkoMTAwKS9uZWg=/IckvJdLst_fss?st=9uGTPoi7g38Baw_xCIUZPWn_6dm47FVjmoVUZUw9ifM&ts=1726580407&e=0"]},{"title":"HAUSBERG 4 izbový byt s terasou","address":"Partizánska, Bratislava I - Staré Mesto, okres Bratislava","rooms":4,"meters":185,"totalPrice":1136000,"meterSquarePrice":4,"link":"https://www.nehnutelnosti.sk/detail/JuUIGLdcj3y/hausberg-4-izbovy-byt-s-terasou","imagesUrls":["https://img.nehnutelnosti.sk/foto/NjAweDMzOC9maWx0ZXJzOnF1YWxpdHkoMTAwKS9uZWg=/35yTDPuJEr_fss?st=8zEeYmtZIIjVzt6i1_nkrRka1Hc1X8awkKIGd5bbWEU&ts=1726580395&e=0"]},{"title":"HAUSBERG 4 izbový byt s terasou","address":"Partizánska, Bratislava I - Staré Mesto, okres Bratislava","rooms":4,"meters":157,"totalPrice":1122000,"meterSquarePrice":0,"link":"https://www.nehnutelnosti.sk/detail/JuDdN60APUb/hausberg-4-izbovy-byt-s-terasou","imagesUrls":["https://img.nehnutelnosti.sk/foto/NjAweDMzOC9maWx0ZXJzOnF1YWxpdHkoMTAwKS9uZWg=/CtojUC_NlI_fss?st=zr0_IffQF81oWnkaV4K-knfNagJx8mPi5wNEd580KKw&ts=1726580380&e=0"]},{"title":"HAUSBERG 3 izbový byt s terasou","address":"Partizánska, Bratislava I - Staré Mesto, okres Bratislava","rooms":3,"meters":156,"totalPrice":1088000,"meterSquarePrice":5,"link":"https://www.nehnutelnosti.sk/detail/Ju0Jqqkz5xw/hausberg-3-izbovy-byt-s-terasou","imagesUrls":["https://img.nehnutelnosti.sk/foto/NjAweDMzOC9maWx0ZXJzOnF1YWxpdHkoMTAwKS9uZWg=/msv2vKEi5V_fss?st=6zwlLeft5ie-tW2cu7Elxs4if-qcvHIstW011y7r4XI&ts=1726580373&e=0"]},{"title":"HAUSBERG 2 izbový byt s terasou","address":"Partizánska, Bratislava I - Staré Mesto, okres Bratislava","rooms":2,"meters":91,"totalPrice":567000,"meterSquarePrice":0,"link":"https://www.nehnutelnosti.sk/detail/JuhKIyOAP9E/hausberg-2-izbovy-byt-s-terasou","imagesUrls":["https://img.nehnutelnosti.sk/foto/NjAweDMzOC9maWx0ZXJzOnF1YWxpdHkoMTAwKS9uZWg=/Rgphenz3bX_fss?st=MFT6ovr1OHVMXatOGk-mYO0CaZttYO57IoADbz_XSD4&ts=1726580358&e=0"]},{"title":"HAUSBERG 2 izbový byt s terasou","address":"Partizánska, Bratislava I - Staré Mesto, okres Bratislava","rooms":2,"meters":79,"totalPrice":535000,"meterSquarePrice":5,"link":"https://www.nehnutelnosti.sk/detail/JuwJcApVrCd/hausberg-2-izbovy-byt-s-terasou","imagesUrls":["https://img.nehnutelnosti.sk/foto/NjAweDMzOC9maWx0ZXJzOnF1YWxpdHkoMTAwKS9uZWg=/WL2rXvypA_fss?st=-P9Zq4J8WPTcaqyxkeg3PMAfWXdAswEJTmhreJ4GaWk&ts=1726580354&e=0"]},{"title":"HAUSBERG 2 izbový byt s terasou","address":"Partizánska, Bratislava I - Staré Mesto, okres Bratislava","rooms":2,"meters":79,"totalPrice":499000,"meterSquarePrice":6,"link":"https://www.nehnutelnosti.sk/detail/JuNIXmjI280/hausberg-2-izbovy-byt-s-terasou","imagesUrls":["https://img.nehnutelnosti.sk/foto/NjAweDMzOC9maWx0ZXJzOnF1YWxpdHkoMTAwKS9uZWg=/LxeOzBgzq_fss?st=DkGdAvZZQqYY55f_AeocuLvuR4sVB4QbN-vy4eUMyMg&ts=1726580344&e=0"]},{"title":"Predaj 2-iz. bytu v tichom prostredí","address":"Valová, Piešťany, okres Piešťany","rooms":2,"meters":52,"totalPrice":100000,"meterSquarePrice":8,"link":"https://www.nehnutelnosti.sk/detail/Ju4VlfJ58pm/predaj-2-iz-bytu-v-tichom-prostredi","imagesUrls":["https://img.nehnutelnosti.sk/foto/NjAweDMzOC9maWx0ZXJzOnF1YWxpdHkoMTAwKS9uZWg=/mc_G1Ybh5_fss?st=j16nBC9_p29ZxnX9k7q3pB3ltO6sM1QLh-STUVBwqUc&ts=1727020183&e=0"]},{"title":"Zvolen, Zlatý Potok – priestranný 3-izbový byt so 4 loggiami a komorou, 77 m2 – predaj","address":"A. Hlinku, Zvolen, okres Zvolen","rooms":3,"meters":70,"totalPrice":189000,"meterSquarePrice":0,"link":"https://www.nehnutelnosti.sk/detail/JubQyAueDJx/zvolen-zlaty-potok-priestranny-3-izbovy-byt-so-4-loggiami-a-komorou-77-m2-predaj","imagesUrls":["https://img.nehnutelnosti.sk/foto/NjAweDMzOC9maWx0ZXJzOnF1YWxpdHkoMTAwKS9uZWg=/dEFJ3UpBW_fss?st=3_gh1AA2jtt_ip7ehNkiFw8qDZsaNHcMkKC_Xxns1QY&ts=1718873872&e=0"]},{"title":"Zvolen, Západ – priestranný 3-izbový byt s loggiou, 70 m2 – predaj","address":"Pražská, Zvolen, okres Zvolen","rooms":3,"meters":70,"totalPrice":153000,"meterSquarePrice":1,"link":"https://www.nehnutelnosti.sk/detail/JuhbNmP7WUF/zvolen-zapad-priestranny-3-izbovy-byt-s-loggiou-70-m2-predaj","imagesUrls":["https://img.nehnutelnosti.sk/foto/NjAweDMzOC9maWx0ZXJzOnF1YWxpdHkoMTAwKS9uZWg=/0EDqrDXZe_fss?st=upkCsnMqpFQxgeqafw0iM-RqUR23gnX5Us1aCa3rKXo&ts=1718796933&e=0"]},{"title":"Zvolen, ul. Štefánika – zrekonštruovaný 1-izbový byt, 37 m2 – predaj","address":"M. R. Štefánika, Zvolen, okres Zvolen","rooms":1,"meters":37,"totalPrice":100000,"meterSquarePrice":0,"link":"https://www.nehnutelnosti.sk/detail/JuJ9DdkJbEC/zvolen-ul-stefanika-zrekonstruovany-1-izbovy-byt-37-m2-predaj","imagesUrls":["https://img.nehnutelnosti.sk/foto/NjAweDMzOC9maWx0ZXJzOnF1YWxpdHkoMTAwKS9uZWg=/mWfefFENk-_fss?st=Vaps0hU_WS4SMycNOEiZwSriwWm8t713BhqUz_myGko&ts=1713167216&e=0"]},{"title":"Zvolen, mesto – 3-izbový priestranný byt, 2 loggie, 91 m2 - predaj","address":"Zvolen, Zvolen, okres Zvolen","rooms":3,"meters":91,"totalPrice":159000,"meterSquarePrice":5,"link":"https://www.nehnutelnosti.sk/detail/Ju5CJIYjflR/zvolen-mesto-3-izbovy-priestranny-byt-2-loggie-91-m2-predaj","imagesUrls":["https://img.nehnutelnosti.sk/foto/NjAweDMzOC9maWx0ZXJzOnF1YWxpdHkoMTAwKS9uZWg=/DoAlx1A_PG_fss?st=fmTtwTk9Fn_DIyVGmwRfgeEMkyjrkw_3fLIkeSWJM8g&ts=1719386026&e=0"]},{"title":"REZERVOVANÉ - Zvolen, ul. Šoltésovej – priestranný, slnečný 2-izbový byt s balkónom, 64 m2","address":"E. M. Šoltésovej, Zvolen, okres Zvolen","rooms":2,"meters":56,"totalPrice":105000,"meterSquarePrice":5,"link":"https://www.nehnutelnosti.sk/detail/JuhbODfSohs/rezervovane-zvolen-ul-soltesovej-priestranny-slnecny-2-izbovy-byt-s-balkonom-64-m2","imagesUrls":["https://img.nehnutelnosti.sk/foto/NjAweDMzOC9maWx0ZXJzOnF1YWxpdHkoMTAwKS9uZWg=/n51av1MD48_fss?st=IjbM2iZDWXGqeV3l-FCSiqTnFjcxJWUYl_wMUYoUv0U&ts=1713444529&e=0"]}]