[{"title":"ELEGANTNÝ 3 izbový byt S PARKINGOM A PRIESTRANNOU TERASOU","address":"Nitra, okres Nitra","rooms":3,"meters":75,"totalPrice":null,"meterSquarePrice":null,"link":"https://www.nehnutelnosti.sk/detail/JuqndN03xqb/elegantny-3-izbovy-byt-s-parkingom-a-priestrannou-terasou","imagesUrls":["https://img.nehnutelnosti.sk/foto/NjAweDMzOC9maWx0ZXJzOnF1YWxpdHkoMTAwKS9uZWg=/mmaBaHvb6_fss?st=fuuq1Eb6iL40WYInkLE-bJXIudbEVwfjKXiYW8zBKZk&ts=1725459653&e=0"]},{"title":"Pekný 1 izbový byt Martin - Košúty I.","address":"Martin, okres Martin","rooms":1,"meters":29,"totalPrice":null,"meterSquarePrice":null,"link":"https://www.nehnutelnosti.sk/detail/Ju1Avhjua10/pekny-1-izbovy-byt-martin-kosuty-i","imagesUrls":["https://img.nehnutelnosti.sk/foto/NjAweDMzOC9maWx0ZXJzOnF1YWxpdHkoMTAwKS9uZWg=/6y2gz8VJ7r_fss?st=zYCb2J_lW3-KHrEzfHOk8DX7sMtITcsD1kBX2aGHF8k&ts=1724759272&e=0"]},{"title":"CENTRUM - CITY GATE : 3 izb. byt s balkónom a 2 kúpeľňami","address":"Nám. SNP, Bratislava I - Staré Mesto, okres Bratislava","rooms":3,"meters":91,"totalPrice":449000,"meterSquarePrice":7,"link":"https://www.nehnutelnosti.sk/detail/Juy05ZIjB-J/centrum-city-gate-3-izb-byt-s-balkonom-a-2-kupelnami","imagesUrls":["https://img.unitedclassifieds.sk/foto/NjAweDMzOC9maWx0ZXJzOnF1YWxpdHkoMTAwKS9qdWw=/1ogJcGhm-_fss?st=YNEHnA41H5cG7_4RLX3cc3GfPeKe04iKsThiIgq45G8&ts=1727012429&e=0"]},{"title":"MODERNÝ 3-IZBOVÝ BYT S TERASOU V NOVOSTAVBE STARÉHO MESTA","address":"Ulica 29. augusta, Bratislava I - Staré Mesto, okres Bratislava","rooms":3,"meters":113,"totalPrice":585000,"meterSquarePrice":9,"link":"https://www.nehnutelnosti.sk/detail/JugS2IMKLj0/moderny-3-izbovy-byt-s-terasou-v-novostavbe-stareho-mesta","imagesUrls":["https://img.nehnutelnosti.sk/foto/NjAweDMzOC9maWx0ZXJzOnF1YWxpdHkoMTAwKS9uZWg=/BLte88WkMA_fss?st=cIaDhvykFbGaGdKxAT2AZiI06Ua_AJvplXiduprroHE&ts=1718092960&e=0"]},{"title":"2i apartmán| Alicante Gate | Dunajská Streda","address":"Malotejedská, Dunajská Streda, okres Dunajská Streda","rooms":2,"meters":55,"totalPrice":135070,"meterSquarePrice":1,"link":"https://www.nehnutelnosti.sk/detail/JuPbMf2sCuy/2i-apartman-alicante-gate-dunajska-streda","imagesUrls":["https://img.nehnutelnosti.sk/foto/NjAweDMzOC9maWx0ZXJzOnF1YWxpdHkoMTAwKS9uZWg=/McmQ2tLqQ_fss?st=TbVRGGMmiMifCgkXd0AFP-bZUfS2_mjTTRvXj3m2oXc&ts=1722056449&e=0"]},{"title":"Prerobený 2 izbový byt s balkónom (3 izb. dispozícia) - Nitra, Klokočina","address":"Nitra, okres Nitra","rooms":2,"meters":65,"totalPrice":139990,"meterSquarePrice":9,"link":"https://www.nehnutelnosti.sk/detail/JuMCOhywFux/prerobeny-2-izbovy-byt-s-balkonom-3-izb-dispozicia-nitra-klokocina","imagesUrls":["https://img.nehnutelnosti.sk/foto/NjAweDMzOC9maWx0ZXJzOnF1YWxpdHkoMTAwKS9uZWg=/Ek7C2VI7N6_fss?st=pMITl9b4sOXu5Av3BGBBk-mx8xjNKB-7UL-WjXyICxs&ts=1725808005&e=0"]},{"title":"Zariadený 3-izbový byt- Balkón- Klimatizácia","address":"Nové Zámky, okres Nové Zámky","rooms":3,"meters":76,"totalPrice":114900,"meterSquarePrice":4,"link":"https://www.nehnutelnosti.sk/detail/Ju0Ke7-4D9K/zariadeny-3-izbovy-byt-balkon-klimatizacia","imagesUrls":["https://img.nehnutelnosti.sk/foto/NjAweDMzOC9maWx0ZXJzOnF1YWxpdHkoMTAwKS9uZWg=/rB5QN7Pi8_fss?st=BUoOWOL919jCuz6KN0PTRzDyeYg6sjhsa3G-E6yLlH4&ts=1726847983&e=0"]},{"title":"NOVOSTAVBA dvojizbového bytu, Rustaveliho  ul. v Rači.","address":"Rustaveliho, Bratislava III - Rača, okres Bratislava","rooms":2,"meters":62,"totalPrice":230000,"meterSquarePrice":2,"link":"https://www.nehnutelnosti.sk/detail/JuxK6RvzBKT/novostavba-dvojizboveho-bytu-rustaveliho-ul-v-raci","imagesUrls":["https://img.unitedclassifieds.sk/foto/NjAweDMzOC9maWx0ZXJzOnF1YWxpdHkoMTAwKS9qdWw=/hvy-Uy0Ie_fss?st=9jBMgsnFK2A9gnFR5osjUdmaLVm9jTFyD0a6rretNM8&ts=1722171053&e=0"]},{"title":"Na predaj 2 izbový byt, Pasteurovo nám, 10 min. od centra, Košice -JUH","address":"Pasteurova, Košice IV - Juh, okres Košice","rooms":2,"meters":42,"totalPrice":149900,"meterSquarePrice":5,"link":"https://www.nehnutelnosti.sk/detail/Jus3mJ2qrlS/na-predaj-2-izbovy-byt-pasteurovo-nam-10-min-od-centra-kosice-juh","imagesUrls":["https://img.unitedclassifieds.sk/foto/NjAweDMzOC9maWx0ZXJzOnF1YWxpdHkoMTAwKS9qdWw=/y28N_Jc2e_fss?st=HU6PI6EDWPGjY05J-_7VYweguceCVIyGohHS3-LDBw4&ts=1720459524&e=0"]},{"title":"Pripravujeme do ponuky veľkometrážny podkrovný byt v centre Starého Mesta","address":"Hviezdoslavovo námestie, Bratislava I - Staré Mesto, okres Bratislava","rooms":5,"meters":228,"totalPrice":780000,"meterSquarePrice":5,"link":"https://www.nehnutelnosti.sk/detail/Juf1QweBB9X/pripravujeme-do-ponuky-velkometrazny-podkrovny-byt-v-centre-stareho-mesta","imagesUrls":["https://img.nehnutelnosti.sk/foto/NjAweDMzOC9maWx0ZXJzOnF1YWxpdHkoMTAwKS9uZWg=/CV8PT_1EZ_fss?st=ILE_joPZ0U7S93T2Yg14LInkcvD1HlZwMXhupQA8whA&ts=1722248235&e=0"]},{"title":"Manažérsky 1-izbový BYT v modernom dizajne v atraktívnej NOVOSTAVBE - EINPARK","address":"Zadunajská cesta, Bratislava V - Petržalka, okres Bratislava","rooms":1,"meters":38,"totalPrice":199990,"meterSquarePrice":9,"link":"https://www.nehnutelnosti.sk/detail/JuYlDr1d8zG/manazersky-1-izbovy-byt-v-modernom-dizajne-v-atraktivnej-novostavbe-einpark","imagesUrls":["https://img.nehnutelnosti.sk/foto/NjAweDMzOC9maWx0ZXJzOnF1YWxpdHkoMTAwKS9uZWg=/5bssfP-yt-_fss?st=7EZeMfkFRu3BDQGEDTukIC-fQ4Q_OKC5SkVDoE9RDh0&ts=1724231749&e=0"]},{"title":"LEVELREAL | Na predaj prémiový 2-izbový byt na Čermáni","address":"Potravinárska, Nitra, okres Nitra","rooms":2,"meters":48,"totalPrice":149990,"meterSquarePrice":9,"link":"https://www.nehnutelnosti.sk/detail/JuI1KDd698j/levelreal-na-predaj-premiovy-2-izbovy-byt-na-cermani","imagesUrls":["https://img.nehnutelnosti.sk/foto/NjAweDMzOC9maWx0ZXJzOnF1YWxpdHkoMTAwKS9uZWg=/PDI3s338Y_fss?st=Fek29PhZ76UJ2NR9fVqvSauAQdMuDfFwguPJmJu4gWs&ts=1725653417&e=0"]},{"title":"LEVELREAL | Na predaj 2-izbový byt v centre Serede","address":"Spádová, Sereď, okres Galanta","rooms":2,"meters":45,"totalPrice":89990,"meterSquarePrice":8,"link":"https://www.nehnutelnosti.sk/detail/JuRrOhDa3i2/levelreal-na-predaj-2-izbovy-byt-v-centre-serede","imagesUrls":["https://img.nehnutelnosti.sk/foto/NjAweDMzOC9maWx0ZXJzOnF1YWxpdHkoMTAwKS9uZWg=/xSBFzLOCM_fss?st=HOByr-iRbMmqByHnHcKZmcg-NdCrHkpkYD2DoQop8EY&ts=1711307034&e=0"]},{"title":"LEVEL REAL ponúka na predaj 3-izbový byt v projekte Cisárky","address":"Hornočepeňská, Sereď, okres Galanta","rooms":3,"meters":86,"totalPrice":159990,"meterSquarePrice":4,"link":"https://www.nehnutelnosti.sk/detail/JufSNKE-SJq/level-real-ponuka-na-predaj-3-izbovy-byt-v-projekte-cisarky","imagesUrls":["https://img.nehnutelnosti.sk/foto/NjAweDMzOC9maWx0ZXJzOnF1YWxpdHkoMTAwKS9uZWg=/2SHbIob2Y_fss?st=zcWFvz9nIcIGfJzYWtdggWrwV6v9paJ_b4B2f_iyQ04&ts=1704747638&e=0"]},{"title":"LEVEL REAL ponúka na predaj 1-izbový byt s veľkorysou terasou V PROJEKTE CISÁRKY","address":"Strednočepeňská, Sereď, okres Galanta","rooms":1,"meters":34,"totalPrice":89990,"meterSquarePrice":5,"link":"https://www.nehnutelnosti.sk/detail/JuqLED7Aq8y/level-real-ponuka-na-predaj-1-izbovy-byt-s-velkorysou-terasou-v-projekte-cisarky","imagesUrls":["https://img.nehnutelnosti.sk/foto/NjAweDMzOC9maWx0ZXJzOnF1YWxpdHkoMTAwKS9uZWg=/oU9T4Vt2d_fss?st=Mrqfrh9YJ_pAKHDcb-zAT7XpAd9ByYscutKctZbgzIM&ts=1704748599&e=0"]},{"title":"LEVEL REAL ponúka na predaj 2 izbový byt s loggiou V PROJEKTE CISÁRKY","address":"Strednočepeňská, Sereď, okres Galanta","rooms":2,"meters":51,"totalPrice":109990,"meterSquarePrice":5,"link":"https://www.nehnutelnosti.sk/detail/JuxD5M_MEr_/level-real-ponuka-na-predaj-2-izbovy-byt-s-loggiou-v-projekte-cisarky","imagesUrls":["https://img.nehnutelnosti.sk/foto/NjAweDMzOC9maWx0ZXJzOnF1YWxpdHkoMTAwKS9uZWg=/PM9B9ItZn_fss?st=as6GxpK1fxxRxjnGq65GFGQ2LjWvv_6VuRt0gEtdPpU&ts=1704748597&e=0"]},{"title":"LEVEL REAL ponúka na predaj 3 izbový byt s loggiou V PROJEKTE CISÁRKY","address":"Strednočepeňská, Sereď, okres Galanta","rooms":3,"meters":64,"totalPrice":133990,"meterSquarePrice":9,"link":"https://www.nehnutelnosti.sk/detail/Ju0guTTC4CY/level-real-ponuka-na-predaj-3-izbovy-byt-s-loggiou-v-projekte-cisarky","imagesUrls":["https://img.nehnutelnosti.sk/foto/NjAweDMzOC9maWx0ZXJzOnF1YWxpdHkoMTAwKS9uZWg=/BMVfRp8e9_fss?st=-KP1pFP_nb-XS8pMAw2dDE4ifobVhxdyM79pR3LNzZ8&ts=1704746739&e=0"]},{"title":"LEVELREAL | Na predaj 2-izbový apartmánový byt v komplexe Chateau Revay | Novostavba","address":"Turčianska Štiavnička, okres Martin","rooms":2,"meters":35,"totalPrice":99990,"meterSquarePrice":7,"link":"https://www.nehnutelnosti.sk/detail/Ju8pa_s-yX5/levelreal-na-predaj-2-izbovy-apartmanovy-byt-v-komplexe-chateau-revay-novostavba","imagesUrls":["https://img.nehnutelnosti.sk/foto/NjAweDMzOC9maWx0ZXJzOnF1YWxpdHkoMTAwKS9uZWg=/cdAxqUsYLL_fss?st=EIx8EmhS1naIONDLzoAqQXwLEvO8SLY-35R3oDQi-10&ts=1704961430&e=0"]},{"title":"LEVELREAL | Na predaj 1,5-izbový apartmánový byt v komplexe Chateau Revay | Novostavba","address":"Turčianska Štiavnička, okres Martin","rooms":1,"meters":31,"totalPrice":99990,"meterSquarePrice":3,"link":"https://www.nehnutelnosti.sk/detail/JupJqn3oYXz/levelreal-na-predaj-1-5-izbovy-apartmanovy-byt-v-komplexe-chateau-revay-novostavba","imagesUrls":["https://img.nehnutelnosti.sk/foto/NjAweDMzOC9maWx0ZXJzOnF1YWxpdHkoMTAwKS9uZWg=/E3SfJqVd-_fss?st=hFbxS5P-vUuV21kTN5IjR8BXTNtHRVN4vc8lg9aQ7-0&ts=1704961428&e=0"]},{"title":"LEVELREAL | Na predaj 3-izbový apartmánový byt so záhradkou v komplexe Chateau Revay | Novostavba","address":"Turčianska Štiavnička, okres Martin","rooms":3,"meters":65,"totalPrice":179990,"meterSquarePrice":4,"link":"https://www.nehnutelnosti.sk/detail/JuD6IdFtYp7Y/levelreal-na-predaj-3-izbovy-apartmanovy-byt-so-zahradkou-v-komplexe-chateau-revay-novostavba","imagesUrls":["https://img.nehnutelnosti.sk/foto/NjAweDMzOC9maWx0ZXJzOnF1YWxpdHkoMTAwKS9uZWg=/ONuiXsPQrC_fss?st=Rs0ue3Y1dglogS2XrfwkxP63Fu5zquKlXLtYMz2Osjg&ts=1704961428&e=0"]},{"title":"LEVELREAL | Na predaj 3-izbový mezonetový apartmánový byt v Chateau Revay | Novostavba","address":"Turčianska Štiavnička, okres Martin","rooms":3,"meters":77,"totalPrice":169990,"meterSquarePrice":8,"link":"https://www.nehnutelnosti.sk/detail/JuXzFS1Kq-2/levelreal-na-predaj-3-izbovy-mezonetovy-apartmanovy-byt-v-chateau-revay-novostavba","imagesUrls":["https://img.nehnutelnosti.sk/foto/NjAweDMzOC9maWx0ZXJzOnF1YWxpdHkoMTAwKS9uZWg=/mtNOnrRUHs_fss?st=JfJxQNwnIYrzJEd8JIIcuWiHIbiaatzgg3o8tV6S1DQ&ts=1704961424&e=0"]},{"title":"LEVELREAL | Na predaj 3-izbový apartmánový byt so záhradkou | Novostavba","address":"Turčianska Štiavnička, Martin, okres Martin","rooms":3,"meters":65,"totalPrice":164990,"meterSquarePrice":6,"link":"https://www.nehnutelnosti.sk/detail/Jueng40mPlG/levelreal-na-predaj-3-izbovy-apartmanovy-byt-so-zahradkou-novostavba","imagesUrls":["https://img.nehnutelnosti.sk/foto/NjAweDMzOC9maWx0ZXJzOnF1YWxpdHkoMTAwKS9uZWg=/UnXzPBFFWG_fss?st=MN-XBuc-iZkeyAd-jXArsBDHWR1BjeNGD2PDioB8DMU&ts=1707984095&e=0"]},{"title":"LEVELREAL | Na predaj 3-izbový mezonetový apartmánový byt | Novostavba","address":"Turčianska Štiavnička, Martin, okres Martin","rooms":null,"meters":77,"totalPrice":169990,"meterSquarePrice":8,"link":"https://www.nehnutelnosti.sk/detail/JunMq9JPa3j/levelreal-na-predaj-3-izbovy-mezonetovy-apartmanovy-byt-novostavba","imagesUrls":["https://img.nehnutelnosti.sk/foto/NjAweDMzOC9maWx0ZXJzOnF1YWxpdHkoMTAwKS9uZWg=/27x1kUrXDA_fss?st=4IaTH8Vf3gwWVXVa6-hgrj7NbnM3EivL6AOQ_Jw1vck&ts=1707984097&e=0"]},{"title":"LEVELREAL | Na predaj 2-izbový apartmánový byt so záhradkou | Novostavba","address":"Turčianska Štiavnička, Martin, okres Martin","rooms":2,"meters":31,"totalPrice":99990,"meterSquarePrice":7,"link":"https://www.nehnutelnosti.sk/detail/JuZL_6GmpKv/levelreal-na-predaj-2-izbovy-apartmanovy-byt-so-zahradkou-novostavba","imagesUrls":["https://img.nehnutelnosti.sk/foto/NjAweDMzOC9maWx0ZXJzOnF1YWxpdHkoMTAwKS9uZWg=/REeuOh9gB_fss?st=RAuZumgpotj1BGsghzNF3mnYAQPw_HN4R0flMKkDVNY&ts=1707984094&e=0"]},{"title":"LEVEL REAL | Na predaj 2-izbový byt v projekte RIVIERA NITRA","address":"Piesková, Nitra, okres Nitra","rooms":2,"meters":49,"totalPrice":149990,"meterSquarePrice":9,"link":"https://www.nehnutelnosti.sk/detail/JuS7tYUth3g/level-real-na-predaj-2-izbovy-byt-v-projekte-riviera-nitra","imagesUrls":["https://img.nehnutelnosti.sk/foto/NjAweDMzOC9maWx0ZXJzOnF1YWxpdHkoMTAwKS9uZWg=/Wd_eAoN9Cb_fss?st=iO7wjdoOG3p2CeSUo_Fikfg_cz6VUZ0JvEXIHmLDcRA&ts=1725522628&e=0"]},{"title":"LEVELREAL | Na predaj 2-izbový byt v projekte RIVIERA NITRA","address":"Piesková, Nitra, okres Nitra","rooms":2,"meters":56,"totalPrice":159990,"meterSquarePrice":6,"link":"https://www.nehnutelnosti.sk/detail/JuY9Lc0LK6wW/levelreal-na-predaj-2-izbovy-byt-v-projekte-riviera-nitra","imagesUrls":["https://img.nehnutelnosti.sk/foto/NjAweDMzOC9maWx0ZXJzOnF1YWxpdHkoMTAwKS9uZWg=/gMhYtKbCh_fss?st=LWCco8LXcvdAAm-KzJ9XPkF9rS5Jj3N0e5bEcGrB1QE&ts=1725264726&e=0"]},{"title":"PREDPREDAJ ZA UVÁDZACIE CENY: 4-IZBOVÝ BYT V REZIDENCIA TAURA S 3 LOGGIAMI","address":"1. Mája, Zlaté Moravce, okres Zlaté Moravce","rooms":4,"meters":92,"totalPrice":193900,"meterSquarePrice":4,"link":"https://www.nehnutelnosti.sk/detail/JuGhkNoGz15/predpredaj-za-uvadzacie-ceny-4-izbovy-byt-v-rezidencia-taura-s-3-loggiami","imagesUrls":["https://img.nehnutelnosti.sk/foto/NjAweDMzOC9maWx0ZXJzOnF1YWxpdHkoMTAwKS9uZWg=/cEA4Q7cdh_fss?st=eEru8hmm2Cc7yJ1TVz_ReK23MJiUuDd_1PhKmPltxqw&ts=1724148151&e=0"]},{"title":"2i byt ꓲ 50 m2 ꓲ MANUFAKTÚRA ꓲ bývanie rozmanité ako život","address":"Strojárenská, Bernolákovo, okres Senec","rooms":2,"meters":49,"totalPrice":155520,"meterSquarePrice":9,"link":"https://www.nehnutelnosti.sk/detail/Ju8DFVHYBym/2i-byt-50-m2-manufaktura-byvanie-rozmanite-ako-zivot","imagesUrls":["https://img.unitedclassifieds.sk/foto/NjAweDMzOC9maWx0ZXJzOnF1YWxpdHkoMTAwKS9qdWw=/K46px3ESo_fss?st=oNQuvhmGVPtCXf1SldBczKVdl8RWrE-MYZ8KyLURuXA&ts=1723709396&e=0"]},{"title":"2i byt ꓲ 51 m2 ꓲ MANUFAKTÚRA ꓲ bývanie rozmanité ako život","address":"Strojárenská, Bernolákovo, okres Senec","rooms":2,"meters":50,"totalPrice":155520,"meterSquarePrice":0,"link":"https://www.nehnutelnosti.sk/detail/Ju9ZJFcLUfH/2i-byt-51-m2-manufaktura-byvanie-rozmanite-ako-zivot","imagesUrls":["https://img.unitedclassifieds.sk/foto/NjAweDMzOC9maWx0ZXJzOnF1YWxpdHkoMTAwKS9qdWw=/0BG6iEla1_fss?st=7NRoPcptSfB8uqHeuR2lj4hKHCBfhhBMi9RxJSgM-Bc&ts=1723651765&e=0"]},{"title":"3,5 IZB. BYT S TERASOU PO NOVEJ REKONŠTRUKCII V CENTRE","address":"Laurinská, Bratislava I - Staré Mesto, okres Bratislava","rooms":3,"meters":106,"totalPrice":459000,"meterSquarePrice":3,"link":"https://www.nehnutelnosti.sk/detail/JugcQim-D9H/3-5-izb-byt-s-terasou-po-novej-rekonstrukcii-v-centre","imagesUrls":["https://img.unitedclassifieds.sk/foto/NjAweDMzOC9maWx0ZXJzOnF1YWxpdHkoMTAwKS9qdWw=/uLxsBIBak_fss?st=uDy_jnXv3RQQ3f6PApGt1uoeZXAa4JNxwyoQpui69XU&ts=1715341705&e=0"]}]