[{"title":"MODERNÉ 2-IZB. BYTY V ŠTANDARDE SO ZÁHRADOU - VAJNORY, BANIČOVÁ ULICA","address":"Baničova, Bratislava III - Vajnory, okres Bratislava","rooms":2,"meters":41,"totalPrice":215000,"meterSquarePrice":8,"link":"https://www.nehnutelnosti.sk/detail/JuM8RpOhryz/moderne-2-izb-byty-v-standarde-so-zahradou-vajnory-banicova-ulica","imagesUrls":["https://img.unitedclassifieds.sk/foto/NjAweDMzOC9maWx0ZXJzOnF1YWxpdHkoMTAwKS9yc2Y=/Mbufzha8U_fss?st=XvsSRrmouGDrSJQDxRZr-QaMc0jjuJQYQuyKHmp8S8o&ts=1723386609&e=0"]},{"title":"UNIKÁTNY 2 IZB BYT S TERASOU POD MALÝMI KAPRATMI,NOVÉ MESTO,BRATISLAVA","address":"Jurská, Bratislava III - Nové Mesto, okres Bratislava","rooms":2,"meters":76,"totalPrice":340000,"meterSquarePrice":4,"link":"https://www.nehnutelnosti.sk/detail/Ju75EGGZwkJ/unikatny-2-izb-byt-s-terasou-pod-malymi-kapratmi-nove-mesto-bratislava","imagesUrls":["https://img.unitedclassifieds.sk/foto/NjAweDMzOC9maWx0ZXJzOnF1YWxpdHkoMTAwKS9qdWw=/lxO4SRnoQ_fss?st=eR0s9zvguGjghwsWl1GmoRTWbTyRb6OFPB1h7R23004&ts=1725448217&e=0"]},{"title":"3,5 izbový byt v úplnom centre mesta Lučenec","address":"Lučenec, okres Lučenec","rooms":3,"meters":79,"totalPrice":95000,"meterSquarePrice":9,"link":"https://www.nehnutelnosti.sk/detail/JuH3FonKThx/3-5-izbovy-byt-v-uplnom-centre-mesta-lucenec","imagesUrls":["https://img.unitedclassifieds.sk/foto/NjAweDMzOC9maWx0ZXJzOnF1YWxpdHkoMTAwKS9yc2Y=/kJ8gP0JcW_fss?st=yuEZFvOEYZGCRNMIaRaVwxo0bHa9qQl86Lotc5OrkoU&ts=1691259028&e=0"]},{"title":"Nadrozmerný trojizbový byt v Lučenci","address":"Lučenec, okres Lučenec","rooms":3,"meters":99,"totalPrice":null,"meterSquarePrice":null,"link":"https://www.nehnutelnosti.sk/detail/Ju9TOU8RtqJ/nadrozmerny-trojizbovy-byt-v-lucenci","imagesUrls":["https://img.unitedclassifieds.sk/foto/NjAweDMzOC9maWx0ZXJzOnF1YWxpdHkoMTAwKS9qdWw=/THQ-rc79d_fss?st=7IzaZGsOStPFxP_hO71wVEzmFu7wVAe9rhoau6Xumsk&ts=1717632624&e=0"]},{"title":"Trojizbový byt v tehlovej bytovke v Lučenci","address":"Lučenec, okres Lučenec","rooms":3,"meters":91,"totalPrice":null,"meterSquarePrice":null,"link":"https://www.nehnutelnosti.sk/detail/JumWyjSa6gx/trojizbovy-byt-v-tehlovej-bytovke-v-lucenci","imagesUrls":["https://img.unitedclassifieds.sk/foto/NjAweDMzOC9maWx0ZXJzOnF1YWxpdHkoMTAwKS9qdWw=/B8sM6lOlu_fss?st=H-BbQHhlqsi3o8-wUokCMi54ICtyl0p4CL7a4WkeeXk&ts=1717632117&e=0"]},{"title":"Dvojizbový byt v centre mesta Lučenec","address":"Ulica novohradská, Lučenec, okres Lučenec","rooms":2,"meters":63,"totalPrice":68000,"meterSquarePrice":5,"link":"https://www.nehnutelnosti.sk/detail/JuSFVLrG142/dvojizbovy-byt-v-centre-mesta-lucenec","imagesUrls":["https://img.unitedclassifieds.sk/foto/NjAweDMzOC9maWx0ZXJzOnF1YWxpdHkoMTAwKS9qdWw=/-dIMltHtR_fss?st=bVg-puLuRNx08Kn7_NmNdlqGlZTa69ANRRMD7oRzXD0&ts=1723906085&e=0"]},{"title":"Tehlový jednoizbový byt v centre Lučenca","address":"Ulica Ľudovíta Štúra, Lučenec, okres Lučenec","rooms":1,"meters":37,"totalPrice":56000,"meterSquarePrice":1,"link":"https://www.nehnutelnosti.sk/detail/JuQEzYhacgK/tehlovy-jednoizbovy-byt-v-centre-lucenca","imagesUrls":["https://img.unitedclassifieds.sk/foto/NjAweDMzOC9maWx0ZXJzOnF1YWxpdHkoMTAwKS9qdWw=/RrK0DNaiB_fss?st=JuW2-PV1oXgoT-STqtYUra32i2HDk-Kl1v8RXm4zuBg&ts=1723648096&e=0"]},{"title":"NA PREDAJ - Veľký 2 - izbový byt s vlastným dvorom v Šulekove","address":"Podjavorinskej, Hlohovec, okres Hlohovec","rooms":2,"meters":70,"totalPrice":155000,"meterSquarePrice":8,"link":"https://www.nehnutelnosti.sk/detail/JuLYYDKRiF-/na-predaj-velky-2-izbovy-byt-s-vlastnym-dvorom-v-sulekove","imagesUrls":["https://img.nehnutelnosti.sk/foto/NjAweDMzOC9maWx0ZXJzOnF1YWxpdHkoMTAwKS9uZWg=/kMbMEGdWj_fss?st=yn9ZG8wcjC2TPdHT3WwBaeOTs19bE4XiyJlTSwA0uXs&ts=1726489447&e=0"]},{"title":"PREDAJ Štartovací alebo  investičný 1 izbový byt v Bielom Kostole","address":"Potočná, Biely Kostol, okres Trnava","rooms":1,"meters":36,"totalPrice":102000,"meterSquarePrice":6,"link":"https://www.nehnutelnosti.sk/detail/JuydSd4OxQ5/predaj-startovaci-alebo-investicny-1-izbovy-byt-v-bielom-kostole","imagesUrls":["https://img.nehnutelnosti.sk/foto/NjAweDMzOC9maWx0ZXJzOnF1YWxpdHkoMTAwKS9uZWg=/GExB9pgCg1_fss?st=EQ_styDDfW7H1_ZGq4UfyXmiH9xeLiuuMXaiYqVEC0U&ts=1727025271&e=0"]},{"title":"NA PREDAJ 3 izbový byt Galanta, Mierová","address":"Mierová, Galanta, okres Galanta","rooms":3,"meters":75,"totalPrice":124000,"meterSquarePrice":3,"link":"https://www.nehnutelnosti.sk/detail/JuU7gtVgQKI/na-predaj-3-izbovy-byt-galanta-mierova","imagesUrls":["https://img.nehnutelnosti.sk/foto/NjAweDMzOC9maWx0ZXJzOnF1YWxpdHkoMTAwKS9uZWg=/U9ks90FJ2B_fss?st=9T8Q4dwrUECgMisMFA-Q2AcvJpazjMaa3nOtgglDpMU&ts=1726926260&e=0"]},{"title":"NA PREDAJ 2-IZBOVÝ BYT V NOVOM MESTE NAD VÁHOM- HURBANOVA ULICA","address":"Hurbanova, Nové Mesto nad Váhom, okres Nové Mesto nad Váhom","rooms":2,"meters":62,"totalPrice":109000,"meterSquarePrice":4,"link":"https://www.nehnutelnosti.sk/detail/JuIqU9Jp80F/na-predaj-2-izbovy-byt-v-novom-meste-nad-vahom-hurbanova-ulica","imagesUrls":["https://img.nehnutelnosti.sk/foto/NjAweDMzOC9maWx0ZXJzOnF1YWxpdHkoMTAwKS9uZWg=/U4P0vx2ZU_fss?st=64lEfSbLL4v5Q-QRR4u7vWsNcij4WgkGrhEcd0Rysqg&ts=1724484896&e=0"]},{"title":"Na predaj 4-izbový byt v Piešťanoch","address":"Vodárenská, Piešťany, okres Piešťany","rooms":4,"meters":83,"totalPrice":216500,"meterSquarePrice":3,"link":"https://www.nehnutelnosti.sk/detail/JuwTxmEbary/na-predaj-4-izbovy-byt-v-piestanoch","imagesUrls":["https://img.nehnutelnosti.sk/foto/NjAweDMzOC9maWx0ZXJzOnF1YWxpdHkoMTAwKS9uZWg=/G5M7qWxQi0_fss?st=6o1tDrsuvYmhlQC97EMS-v9qtxnFW36J_TDwx6KOxFY&ts=1726925672&e=0"]},{"title":"Predaj 4-izbový byt so záhradkou v Cíferi","address":"Cífer, Cífer, okres Trnava","rooms":4,"meters":null,"totalPrice":null,"meterSquarePrice":null,"link":"https://www.nehnutelnosti.sk/detail/JuSjz3Nagks/predaj-4-izbovy-byt-so-zahradkou-v-ciferi","imagesUrls":["https://img.nehnutelnosti.sk/foto/NjAweDMzOC9maWx0ZXJzOnF1YWxpdHkoMTAwKS9uZWg=/_lldEF5y9_fss?st=e6oBhtbWghhM4CpzquyyQDvBrTXF9y-NkV4nKh-CfUE&ts=1708353780&e=0"]},{"title":"Na predaj 3-izbový byt v centre Seredi","address":"Sereď, okres Galanta","rooms":3,"meters":74,"totalPrice":165000,"meterSquarePrice":3,"link":"https://www.nehnutelnosti.sk/detail/JuKuGG1TrOq/na-predaj-3-izbovy-byt-v-centre-seredi","imagesUrls":["https://img.nehnutelnosti.sk/foto/NjAweDMzOC9maWx0ZXJzOnF1YWxpdHkoMTAwKS9uZWg=/M_x05atIH_fss?st=QK_yjUdzoYn_v-q3wVonpo5yWWDCwKh8pVG9Owzpzf0&ts=1726231976&e=0"]},{"title":"Na predaj 3 izbový byt v Seredi.","address":"Sereď, okres Galanta","rooms":3,"meters":null,"totalPrice":null,"meterSquarePrice":null,"link":"https://www.nehnutelnosti.sk/detail/JuglGIjutRP/na-predaj-3-izbovy-byt-v-seredi","imagesUrls":["https://img.nehnutelnosti.sk/foto/NjAweDMzOC9maWx0ZXJzOnF1YWxpdHkoMTAwKS9uZWg=/NaPZbyaAl_fss?st=PVveEt9sA3lDMhOKkPOm_w_fBXFWcpsn_9-GTPGLO5k&ts=1718628539&e=0"]},{"title":"NA PREDAJ 4-izbový byt v tichej lokalite Galanty","address":"Galanta, okres Galanta","rooms":4,"meters":74,"totalPrice":122000,"meterSquarePrice":5,"link":"https://www.nehnutelnosti.sk/detail/JuZg5TrZNVh/na-predaj-4-izbovy-byt-v-tichej-lokalite-galanty","imagesUrls":["https://img.nehnutelnosti.sk/foto/NjAweDMzOC9maWx0ZXJzOnF1YWxpdHkoMTAwKS9uZWg=/PAR5mkYSYA_fss?st=OqEIgxf2U-K-G6zd8Lm3xHbM4n0GJQXfjRcjz9rxJnQ&ts=1725433720&e=0"]},{"title":"PRIESTRANNÝ APARTMÁN VO VELKEJLOMNICI - VYSOKÉ TATRY","address":"Veľká Lomnica, Veľká Lomnica, okres Kežmarok","rooms":2,"meters":42,"totalPrice":135000,"meterSquarePrice":1,"link":"https://www.nehnutelnosti.sk/detail/JuAeujYXRum/priestranny-apartman-vo-velkejlomnici-vysoke-tatry","imagesUrls":["https://img.nehnutelnosti.sk/foto/NjAweDMzOC9maWx0ZXJzOnF1YWxpdHkoMTAwKS9uZWg=/81OiF0MqB_fss?st=w3TJV_sAHOKLV0vJWq9D6ynomLl6FShuIy-0eX72M-Y&ts=1723169991&e=0"]},{"title":"NA PREDAJ 3-IZBOVÝ BYT V CENTRE MESTA- ŽILINA","address":"Štefánikovo námestie, Žilina - Staré mesto, okres Žilina","rooms":3,"meters":85,"totalPrice":160000,"meterSquarePrice":5,"link":"https://www.nehnutelnosti.sk/detail/Jup7CDLge4r/na-predaj-3-izbovy-byt-v-centre-mesta-zilina","imagesUrls":["https://img.nehnutelnosti.sk/foto/NjAweDMzOC9maWx0ZXJzOnF1YWxpdHkoMTAwKS9uZWg=/yBphooTu4_fss?st=DFnbw7LBjxWhVilkquDiwf3J9MfSsY27MawYxs8M5s4&ts=1719333882&e=0"]},{"title":"NA PRADAJ 4 IZBOVÝ BYT NA VLČINCOCH - ŽILINA","address":"Piešťanská, Žilina - Vlčince, okres Žilina","rooms":4,"meters":81,"totalPrice":183600,"meterSquarePrice":0,"link":"https://www.nehnutelnosti.sk/detail/Ju1DMTwpqVl/na-pradaj-4-izbovy-byt-na-vlcincoch-zilina","imagesUrls":["https://img.nehnutelnosti.sk/foto/NjAweDMzOC9maWx0ZXJzOnF1YWxpdHkoMTAwKS9uZWg=/IRdKdoL0O_fss?st=3ckqL7WiVbEvdM-DyyPRYycYLvnDBx9eWoaPkoCaSyM&ts=1709436965&e=0"]},{"title":"NA PREDAJ 2-IZBOVY BYT V CENTRE MESTA -ŽILINA","address":"Hollého, Žilina, okres Žilina","rooms":2,"meters":55,"totalPrice":123000,"meterSquarePrice":6,"link":"https://www.nehnutelnosti.sk/detail/Juai6fuB_pL/na-predaj-2-izbovy-byt-v-centre-mesta-zilina","imagesUrls":["https://img.nehnutelnosti.sk/foto/NjAweDMzOC9maWx0ZXJzOnF1YWxpdHkoMTAwKS9uZWg=/5WHTb7N_4l_fss?st=Zb4SVfmvdBQZpVU3KFOyrP7WjPHxDcgi_Y-43nA3l5I&ts=1708353694&e=0"]},{"title":"NA PREDAJ - 3 izbový byt v Hlohovci s výhľadom na Zámok","address":"Gaštanová, Hlohovec, okres Hlohovec","rooms":3,"meters":70,"totalPrice":108000,"meterSquarePrice":6,"link":"https://www.nehnutelnosti.sk/detail/JuipQcM75RE/na-predaj-3-izbovy-byt-v-hlohovci-s-vyhladom-na-zamok","imagesUrls":["https://img.nehnutelnosti.sk/foto/NjAweDMzOC9maWx0ZXJzOnF1YWxpdHkoMTAwKS9uZWg=/rUgsUSvVl_fss?st=artCOjpay5bx2qbyGn5raiKZNwH1REBsafy1p1yaKN0&ts=1726439277&e=0"]},{"title":"Na predaj 3 izbový byt v Novom Meste nad Váhom","address":"Nové Mesto nad Váhom, okres Nové Mesto nad Váhom","rooms":3,"meters":61,"totalPrice":115000,"meterSquarePrice":5,"link":"https://www.nehnutelnosti.sk/detail/Jua4kVSKSHE/na-predaj-3-izbovy-byt-v-novom-meste-nad-vahom","imagesUrls":["https://img.nehnutelnosti.sk/foto/NjAweDMzOC9maWx0ZXJzOnF1YWxpdHkoMTAwKS9uZWg=/lRPZ_oesi_fss?st=KqTbZfEiXL4M8b2u28lhLi64gRvYc12sPOZv4PVchSQ&ts=1725958064&e=0"]},{"title":"NA PREDAJ 2 - IZBOVÝ BYT BAKA - PIEŠŤANY NOVOSTAVBA 58m2","address":"Moravanská, Banka, okres Piešťany","rooms":2,"meters":107,"totalPrice":291000,"meterSquarePrice":2,"link":"https://www.nehnutelnosti.sk/detail/JuhA3p5B2-e/na-predaj-2-izbovy-byt-baka-piestany-novostavba-58m2","imagesUrls":["https://img.nehnutelnosti.sk/foto/NjAweDMzOC9maWx0ZXJzOnF1YWxpdHkoMTAwKS9uZWg=/pHeq8F-t0_fss?st=0-zj3dvDy3hIQ3QEGxcF0mceUlUN7vOM_y9QEXvDLoQ&ts=1724841692&e=0"]},{"title":"NA PREDAJ 2 - IZBOVÝ BYT BANKA - PIEŠŤANY NOVOSTAVBA 58m2","address":"Moravanská, Banka, okres Piešťany","rooms":2,"meters":58,"totalPrice":150000,"meterSquarePrice":8,"link":"https://www.nehnutelnosti.sk/detail/JuHMVROx27f/na-predaj-2-izbovy-byt-banka-piestany-novostavba-58m2","imagesUrls":["https://img.nehnutelnosti.sk/foto/NjAweDMzOC9maWx0ZXJzOnF1YWxpdHkoMTAwKS9uZWg=/YrX9UpH7r_fss?st=mVIJXT7KRxfbWjuRgZx9XiiFcsud_pJpJpV3fPfHsCA&ts=1724841694&e=0"]},{"title":"Na predaj novostavba Ivanka pri Dunaji","address":"Bernolákovská, Ivanka pri Dunaji, okres Senec","rooms":3,"meters":88,"totalPrice":293000,"meterSquarePrice":5,"link":"https://www.nehnutelnosti.sk/detail/Juy065HsKnt/na-predaj-novostavba-ivanka-pri-dunaji","imagesUrls":["https://img.nehnutelnosti.sk/foto/NjAweDMzOC9maWx0ZXJzOnF1YWxpdHkoMTAwKS9uZWg=/6K-XlmgxY_fss?st=vVz3MSDvl0ENQMMfcoJ_SOIw362sMW5TQ7oH6nfO5E0&ts=1708353620&e=0"]},{"title":"NA PREDAJ 3 izbový byt OMASTINÁ, novostavba","address":"Omastiná, Omastiná, okres Bánovce nad Bebravou","rooms":3,"meters":60,"totalPrice":80000,"meterSquarePrice":3,"link":"https://www.nehnutelnosti.sk/detail/JuRpu8GFbIH/na-predaj-3-izbovy-byt-omastina-novostavba","imagesUrls":["https://img.nehnutelnosti.sk/foto/NjAweDMzOC9maWx0ZXJzOnF1YWxpdHkoMTAwKS9uZWg=/nfFUE31Epx_fss?st=t_pQsZDz9pMWyXG8aKByj2WZ9nQK-bz0CGQOq55EDVQ&ts=1723892912&e=0"]},{"title":"NA PREDAJ - 3 - izbový byt v Topoľčanoch","address":"Ľudmily Podjavorinskej, Topoľčany, okres Topoľčany","rooms":3,"meters":76,"totalPrice":115000,"meterSquarePrice":6,"link":"https://www.nehnutelnosti.sk/detail/JuLEXiV8Wz_/na-predaj-3-izbovy-byt-v-topolcanoch","imagesUrls":["https://img.nehnutelnosti.sk/foto/NjAweDMzOC9maWx0ZXJzOnF1YWxpdHkoMTAwKS9uZWg=/Vxkjv7goN_fss?st=ES-ClmBKAO-2L-Rg6WE7zqE1gZBjGCv9CGsl4QeW_Xc&ts=1726439306&e=0"]},{"title":"Na predaj 3 izbový byt v Štúrove s výhľadom na rieku Dunaj","address":"Jesenského, Štúrovo, okres Nové Zámky","rooms":3,"meters":76,"totalPrice":101600,"meterSquarePrice":3,"link":"https://www.nehnutelnosti.sk/detail/Jug84htkiuw/na-predaj-3-izbovy-byt-v-sturove-s-vyhladom-na-rieku-dunaj","imagesUrls":["https://img.nehnutelnosti.sk/foto/NjAweDMzOC9maWx0ZXJzOnF1YWxpdHkoMTAwKS9uZWg=/D3LxMAmzI_fss?st=CDeXm2CfXI-N-7Mv2xIxY8-4cpy4pFvdtqYmafG48TY&ts=1725440714&e=0"]},{"title":"Na predaj 1-izbový byt v Piešťanoch","address":"Teplická, Piešťany, okres Piešťany","rooms":1,"meters":35,"totalPrice":85000,"meterSquarePrice":7,"link":"https://www.nehnutelnosti.sk/detail/JuJZ1WJWQ91/na-predaj-1-izbovy-byt-v-piestanoch","imagesUrls":["https://img.nehnutelnosti.sk/foto/NjAweDMzOC9maWx0ZXJzOnF1YWxpdHkoMTAwKS9uZWg=/YR67DF6Rpa_fss?st=42HZ4LEg2XND2pavZhseu3DQK_yHGCH4jjQ4JzJePJc&ts=1725626268&e=0"]},{"title":"Na predaj 2-izbový byt v Piešťanoch so záhradkou","address":"Díčova, Piešťany, okres Piešťany","rooms":2,"meters":51,"totalPrice":124900,"meterSquarePrice":2,"link":"https://www.nehnutelnosti.sk/detail/Ju4bHRfHcsR/na-predaj-2-izbovy-byt-v-piestanoch-so-zahradkou","imagesUrls":["https://img.nehnutelnosti.sk/foto/NjAweDMzOC9maWx0ZXJzOnF1YWxpdHkoMTAwKS9uZWg=/U_2seejfu_fss?st=DJS5H8mE41AhSgAGZt5VDKL5s3XbPFWmQwG6PhRa810&ts=1724413646&e=0"]}]