[{"title":"4-izbový byt č. 19 na predaj v novostavbe Halalovka 7909/48B, garáž a parkovacie miesto, za 217.900","address":"Halalovka, Trenčín, okres Trenčín","rooms":4,"meters":92,"totalPrice":217900,"meterSquarePrice":4,"link":"https://www.nehnutelnosti.sk/detail/JuhWquVaXso/4-izbovy-byt-c-19-na-predaj-v-novostavbe-halalovka-7909-48b-garaz-a-parkovacie-miesto-za-217-900","imagesUrls":["https://img.nehnutelnosti.sk/foto/NjAweDMzOC9maWx0ZXJzOnF1YWxpdHkoMTAwKS9uZWg=/7XqfxoUPQ_fss?st=UajHP-ILu1Owjr235xThRqlhnUkgpRdA_kmbqEIaZ8w&ts=1716796526&e=0"]},{"title":"3- izbový byt , Martin - Priekopa","address":"Jána Martáka, Martin, okres Martin","rooms":3,"meters":null,"totalPrice":null,"meterSquarePrice":null,"link":"https://www.nehnutelnosti.sk/detail/Ju98I0b9sZI/3-izbovy-byt-martin-priekopa","imagesUrls":["https://img.nehnutelnosti.sk/foto/NjAweDMzOC9maWx0ZXJzOnF1YWxpdHkoMTAwKS9uZWg=/ONRmpBaA7q_fss?st=xzp7V7M0bHg68FUrcSGTgtttUZzc5pGpcPN40lxz570&ts=1716291410&e=0"]},{"title":"OS Za Južnou - lokalita Suchý Dub, 5 izbový luxusný terasový byt č.1 so záhradkou v štandardnom prev","address":"Trenčín, okres Trenčín","rooms":5,"meters":156,"totalPrice":458000,"meterSquarePrice":2,"link":"https://www.nehnutelnosti.sk/detail/Ju80rB7CMa5/os-za-juznou-lokalita-suchy-dub-5-izbovy-luxusny-terasovy-byt-c-1-so-zahradkou-v-standardnom-prev","imagesUrls":["https://img.nehnutelnosti.sk/foto/NjAweDMzOC9maWx0ZXJzOnF1YWxpdHkoMTAwKS9uZWg=/q_LesbsLj_fss?st=lf8WaZVH3Irxd7n8awBi2NxECotXPJ3BQ6ddMmfYWQM&ts=1697118438&e=0"]},{"title":"Rezervovaný. Slnečný 3 izbový byt v NOVOSTAVBE","address":"Lazy pod Makytou, Púchov, okres Púchov","rooms":3,"meters":68,"totalPrice":null,"meterSquarePrice":null,"link":"https://www.nehnutelnosti.sk/detail/JudH_py2EUc/rezervovany-slnecny-3-izbovy-byt-v-novostavbe","imagesUrls":["https://img.unitedclassifieds.sk/foto/NjAweDMzOC9maWx0ZXJzOnF1YWxpdHkoMTAwKS9yc2Y=/esYgLjcKF_fss?st=opSbnvC0pzltrh-kztzBsk-v7utUhWp3l4kgYj2kQzw&ts=1726045112&e=0"]},{"title":"1i byt v Púchove","address":"Obrancov mieru, Púchov, okres Púchov","rooms":1,"meters":36,"totalPrice":null,"meterSquarePrice":null,"link":"https://www.nehnutelnosti.sk/detail/JuEa_E24gc8/1i-byt-v-puchove","imagesUrls":[]},{"title":"2-izbový byt Martin – Podháj","address":"Martin, okres Martin","rooms":2,"meters":58,"totalPrice":98000,"meterSquarePrice":6,"link":"https://www.nehnutelnosti.sk/detail/Ju4IQYOh3wa/2-izbovy-byt-martin-podhaj","imagesUrls":["https://img.nehnutelnosti.sk/foto/NjAweDMzOC9maWx0ZXJzOnF1YWxpdHkoMTAwKS9uZWg=/3IQuxN_QHM_fss?st=NdQRNAHY7J5CmGGKO72mFj8iO2a3ruQfRpTFO8YLK-E&ts=1726046342&e=0"]},{"title":"Ponúkam na predaj  1,5 izb. byt v Košiciach - Centrum, komp. rekonštrukcia.","address":"Florianska, Košice I - Staré Mesto, okres Košice","rooms":2,"meters":47,"totalPrice":159990,"meterSquarePrice":4,"link":"https://www.nehnutelnosti.sk/detail/JuNbnlJIQFr/ponukam-na-predaj-1-5-izb-byt-v-kosiciach-centrum-komp-rekonstrukcia","imagesUrls":["https://img.nehnutelnosti.sk/foto/NjAweDMzOC9maWx0ZXJzOnF1YWxpdHkoMTAwKS9uZWg=/qeSy5_g6Jp_fss?st=fKah_anqLEYJFtht-9JRJyd4LbMoSkvC3ofNMA8SIzk&ts=1719226130&e=0"]},{"title":"Exkluzívne predaj 4 izb. byt v Košiciach- Sídlisko Ťahanovce","address":"Bukureštská, Košice I - Sídlisko Ťahanovce, okres Košice","rooms":4,"meters":80,"totalPrice":null,"meterSquarePrice":null,"link":"https://www.nehnutelnosti.sk/detail/JuGYR63gSjb/exkluzivne-predaj-4-izb-byt-v-kosiciach-sidlisko-tahanovce","imagesUrls":["https://img.nehnutelnosti.sk/foto/NjAweDMzOC9maWx0ZXJzOnF1YWxpdHkoMTAwKS9uZWg=/Uc6HtVVE9_fss?st=tAGDV6WvxOpflDwfFV3YAxKuz_inIF5bPcImOwfQthg&ts=1720787705&e=0"]},{"title":"Ponúkam na predaj 1 izb. byt v Košiciach - Hlavná ulica, kompletná rekonštrukcia.","address":"Hlavná, Košice I - Staré Mesto, okres Košice","rooms":1,"meters":40,"totalPrice":175000,"meterSquarePrice":5,"link":"https://www.nehnutelnosti.sk/detail/JuNkA-19Yu9/ponukam-na-predaj-1-izb-byt-v-kosiciach-hlavna-ulica-kompletna-rekonstrukcia","imagesUrls":["https://img.nehnutelnosti.sk/foto/NjAweDMzOC9maWx0ZXJzOnF1YWxpdHkoMTAwKS9uZWg=/o2or2V-Ru9_fss?st=edkjk7WqAXb7GzCBR4KJKl-Pfr3nTRTajezUqsh5uks&ts=1718275217&e=0"]},{"title":"Nová ponuka! 3izb. tehlový byt KE-St. Mesto, ul. Haviarska","address":"Haviarska, Košice I - Staré Mesto, okres Košice","rooms":3,"meters":67,"totalPrice":165990,"meterSquarePrice":6,"link":"https://www.nehnutelnosti.sk/detail/JuevGlU1BhH/nova-ponuka-3izb-tehlovy-byt-ke-st-mesto-ul-haviarska","imagesUrls":["https://img.nehnutelnosti.sk/foto/NjAweDMzOC9maWx0ZXJzOnF1YWxpdHkoMTAwKS9uZWg=/8NOX-IFhg_fss?st=SQHSohTRr8o4MPsENTinEcJ7ZkX6VBZEqWwFezqnOaE&ts=1726586580&e=0"]},{"title":"Vysoké Tatry, centrum Tatranskej Lomnice, predaj zariadeného apartmánu o výmere 60,6 m2.","address":"nezadaná, Vysoké Tatry, okres Poprad","rooms":null,"meters":60,"totalPrice":284900,"meterSquarePrice":2,"link":"https://www.nehnutelnosti.sk/detail/JudvME8S9Rc/vysoke-tatry-centrum-tatranskej-lomnice-predaj-zariadeneho-apartmanu-o-vymere-60-6-m2","imagesUrls":["https://img.nehnutelnosti.sk/foto/NjAweDMzOC9maWx0ZXJzOnF1YWxpdHkoMTAwKS9uZWg=/CSxJMutbf_fss?st=C5hJVCHsFgS-X1PcJ1tkQ5LOdEbTzGWzoRIxPhiaNz0&ts=1719728452&e=0"]},{"title":"Vysoké Tatry, centrum Tatranskej Lomnice, predaj  zariadeného apartmánu o výmere 74 m2.","address":"nezadaná, Vysoké Tatry, okres Poprad","rooms":null,"meters":73,"totalPrice":335000,"meterSquarePrice":5,"link":"https://www.nehnutelnosti.sk/detail/Ju6TwS07J7U/vysoke-tatry-centrum-tatranskej-lomnice-predaj-zariadeneho-apartmanu-o-vymere-74-m2","imagesUrls":["https://img.nehnutelnosti.sk/foto/NjAweDMzOC9maWx0ZXJzOnF1YWxpdHkoMTAwKS9uZWg=/us6c3M_Nq_fss?st=iaK1mroGt0l69301xlWyekO51MvIgtFLO1Rvyz7loaU&ts=1719728449&e=0"]},{"title":"Vysoké Tatry, centrum Tatranskej Lomnice, predaj zariadeného apartmánu o výmere 62 m2.","address":"nezadaná, Vysoké Tatry, okres Poprad","rooms":null,"meters":62,"totalPrice":288250,"meterSquarePrice":9,"link":"https://www.nehnutelnosti.sk/detail/JupOu6RJJKq/vysoke-tatry-centrum-tatranskej-lomnice-predaj-zariadeneho-apartmanu-o-vymere-62-m2","imagesUrls":["https://img.nehnutelnosti.sk/foto/NjAweDMzOC9maWx0ZXJzOnF1YWxpdHkoMTAwKS9uZWg=/VPU0d5K_dU_fss?st=XOW6TrYGldVWCrdEGk5rX66-_c14-bsOQ-sFx1ydQAg&ts=1719728448&e=0"]},{"title":"Vysoké Tatry, centrum Tatranskej Lomnice, predaj rekonštruovaného zariadeného apartmánu o výmere 55,","address":"nezadaná, Vysoké Tatry, okres Poprad","rooms":null,"meters":45,"totalPrice":255000,"meterSquarePrice":0,"link":"https://www.nehnutelnosti.sk/detail/JuJ_8B0MWM2/vysoke-tatry-centrum-tatranskej-lomnice-predaj-rekonstruovaneho-zariadeneho-apartmanu-o-vymere-55","imagesUrls":["https://t1.aimg.sk/inzercie/ne_orig_106848348_byty-apartman-banska-bystrica-vysoke-tatry-centrum-tatranskej-lomnice-predaj-rekons.jpg?t=LzYwMHgzMzgvZmlsdGVyczpxdWFsaXR5KDgwKQ%3D%3D&h=eRGiMA-dXWfCNziV71mZ2A&e=2145916800"]},{"title":"Predaj kompletne prerobenej garsónky s balkónom na Chrenovej","address":"Chrenová, Nitra, okres Nitra","rooms":null,"meters":24,"totalPrice":87000,"meterSquarePrice":5,"link":"https://www.nehnutelnosti.sk/detail/JuDz6Ynes0A/predaj-kompletne-prerobenej-garsonky-s-balkonom-na-chrenovej","imagesUrls":["https://img.nehnutelnosti.sk/foto/NjAweDMzOC9maWx0ZXJzOnF1YWxpdHkoMTAwKS9uZWg=/mL98sMUTo_fss?st=Grnc3gIguuLi1eEXmKWMwgUrAH5O4RzSVoeLWy8pf0U&ts=1726053608&e=0"]},{"title":"Ponúknite 2- izb. byt na Chrenovej!","address":"Nitra, Nitra, okres Nitra","rooms":2,"meters":64,"totalPrice":null,"meterSquarePrice":null,"link":"https://www.nehnutelnosti.sk/detail/JukIKRuKGAh/ponuknite-2-izb-byt-na-chrenovej","imagesUrls":["https://img.nehnutelnosti.sk/foto/NjAweDMzOC9maWx0ZXJzOnF1YWxpdHkoMTAwKS9uZWg=/XW2e8Ljod_fss?st=ApB-hDOIdIO3ippl41tUMa4DYXTvlXpJq61jn02DqDE&ts=1722852182&e=0"]},{"title":"REZERVOVANÉ.Predaj veľkého 1-izbového bytu s pivnicou v dolnej časti Klokočiny","address":"Nitra, okres Nitra","rooms":1,"meters":36,"totalPrice":null,"meterSquarePrice":null,"link":"https://www.nehnutelnosti.sk/detail/JuNqmgpTyMx/rezervovane-predaj-velkeho-1-izboveho-bytu-s-pivnicou-v-dolnej-casti-klokociny","imagesUrls":["https://img.nehnutelnosti.sk/foto/NjAweDMzOC9maWx0ZXJzOnF1YWxpdHkoMTAwKS9uZWg=/4pGWGseWV_fss?st=DAf_p5wpofqqQXZ2jZbnwTN6w0Kg7q04UJTOmf-1jTk&ts=1719498681&e=0"]},{"title":"PREDANÉ.Predaj priestranného 2-izbového bytu v centre mesta – Kompletná rekonštrukcia a pripravený n","address":"Štefánikova trieda, Nitra, okres Nitra","rooms":2,"meters":69,"totalPrice":139900,"meterSquarePrice":4,"link":"https://www.nehnutelnosti.sk/detail/Ju_EsBwkjIU/predane-predaj-priestranneho-2-izboveho-bytu-v-centre-mesta-kompletna-rekonstrukcia-a-pripraveny-n","imagesUrls":["https://img.nehnutelnosti.sk/foto/NjAweDMzOC9maWx0ZXJzOnF1YWxpdHkoMTAwKS9uZWg=/Yf8u51Lge_fss?st=H60Bex8_jCXT0hMZWPNDHT4c36-sRD7CI0zFMcfZLpM&ts=1723401402&e=0"]},{"title":"PREDAJ 3 IZBOVÝ BYT S KRÁSNYM VÝHĽADOM NA ZOBORE, LODŽIA 13 m² A TERASA 19 m²","address":"Dolnohorská, Nitra, okres Nitra","rooms":3,"meters":62,"totalPrice":112000,"meterSquarePrice":5,"link":"https://www.nehnutelnosti.sk/detail/JuBfVGxEbLc/predaj-3-izbovy-byt-s-krasnym-vyhladom-na-zobore-lodzia-13-m-a-terasa-19-m","imagesUrls":["https://img.nehnutelnosti.sk/foto/NjAweDMzOC9maWx0ZXJzOnF1YWxpdHkoMTAwKS9uZWg=/pCAlcOwEY_fss?st=MafTOQyCdDDkH7OQHnOGMkIo3IQ923k3_0n0xvxnOT8&ts=1686732550&e=0"]},{"title":"REZERVOVANÉ.Predám 2i byt s balkónom na Chrenovej 2","address":"Chrenova, Nitra, okres Nitra","rooms":2,"meters":53,"totalPrice":125000,"meterSquarePrice":9,"link":"https://www.nehnutelnosti.sk/detail/Jum9fBYOCvm/rezervovane-predam-2i-byt-s-balkonom-na-chrenovej-2","imagesUrls":["https://img.nehnutelnosti.sk/foto/NjAweDMzOC9maWx0ZXJzOnF1YWxpdHkoMTAwKS9uZWg=/qzTw8ks3d0_fss?st=EJk38Lzr65I9roBHCw0W30duOyVffAyJG23A3EE3ABk&ts=1722577701&e=0"]},{"title":"POSLEDNÉ DVA 2 izb byty s vlastným parkovaním.","address":"Vidiná, Lučenec, okres Lučenec","rooms":2,"meters":57,"totalPrice":96000,"meterSquarePrice":1,"link":"https://www.nehnutelnosti.sk/detail/Juv0PLKP82a/posledne-dva-2-izb-byty-s-vlastnym-parkovanim","imagesUrls":["https://img.nehnutelnosti.sk/foto/NjAweDMzOC9maWx0ZXJzOnF1YWxpdHkoMTAwKS9uZWg=/LyhGzlHQ8_fss?st=WB9x8B_PrGPq8KdEeyTeq0Xl-IUA5RANL00iEEAENd4&ts=1675769825&e=0"]},{"title":"REZERVOVANĚ.Veľkorysý 4 izb byt v novostavbe s vlastným parkovaním","address":"Nitra, okres Nitra","rooms":4,"meters":115,"totalPrice":211000,"meterSquarePrice":8,"link":"https://www.nehnutelnosti.sk/detail/JuHTneNQqCO/rezervovane-velkorysy-4-izb-byt-v-novostavbe-s-vlastnym-parkovanim","imagesUrls":["https://img.nehnutelnosti.sk/foto/NjAweDMzOC9maWx0ZXJzOnF1YWxpdHkoMTAwKS9uZWg=/KPLHNyWCl_fss?st=ir3X5iE6AoEFbNTScN7_bhAcYp8IT4lcDO8KLLhuySI&ts=1684489632&e=0"]},{"title":"PREDAJ 1 IZBOVÝ BYT S KRÁSNYM VÝHĽADOM NA ZOBORE, VEĽKÁ LODŽIA 25 m² A BALKÓN 13 m²","address":"Dolnohorská, Nitra, okres Nitra","rooms":1,"meters":80,"totalPrice":102000,"meterSquarePrice":5,"link":"https://www.nehnutelnosti.sk/detail/Juuo8kQ41Fl/predaj-1-izbovy-byt-s-krasnym-vyhladom-na-zobore-velka-lodzia-25-m-a-balkon-13-m","imagesUrls":["https://img.nehnutelnosti.sk/foto/NjAweDMzOC9maWx0ZXJzOnF1YWxpdHkoMTAwKS9uZWg=/XzVlxRR_5_fss?st=ZzGvUxlwtOl-XpDSfDA_gsvQoADoV2dmyR_QRvzCyAw&ts=1688372449&e=0"]},{"title":"Rezervovaný.Ponuka 2-Izbového Bytu s Balkónom v Starom Meste Nitry","address":"Párovská, Nitra, okres Nitra","rooms":2,"meters":61,"totalPrice":129000,"meterSquarePrice":5,"link":"https://www.nehnutelnosti.sk/detail/JuTf4iqrsyK/rezervovany-ponuka-2-izboveho-bytu-s-balkonom-v-starom-meste-nitry","imagesUrls":["https://img.nehnutelnosti.sk/foto/NjAweDMzOC9maWx0ZXJzOnF1YWxpdHkoMTAwKS9uZWg=/3rL6KdDy8I_fss?st=uaHjwMlcojvIN5muF7MJJJ-4HOw6eiMhRc-33M5Vk7Q&ts=1722577702&e=0"]},{"title":"Kúpim byt v Nitre","address":"Nitra, Nitra, okres Nitra","rooms":3,"meters":65,"totalPrice":130000,"meterSquarePrice":0,"link":"https://www.nehnutelnosti.sk/detail/JuBC8HPGSjW/kupim-byt-v-nitre","imagesUrls":["https://img.nehnutelnosti.sk/foto/NjAweDMzOC9maWx0ZXJzOnF1YWxpdHkoMTAwKS9uZWg=/yoCIz92OS_fss?st=YXQff7lGH3JwYkmi-bwYKL-rCy3Cxpeek5eo0MGb2a4&ts=1702551819&e=0"]},{"title":"Predám 3 izbový byt Rezedova ul. - pôvodný stav","address":"Rezedová, Bratislava II - Ružinov, okres Bratislava","rooms":3,"meters":75,"totalPrice":209000,"meterSquarePrice":7,"link":"https://www.nehnutelnosti.sk/detail/JudXyF3exGT/predam-3-izbovy-byt-rezedova-ul-povodny-stav","imagesUrls":["https://img.nehnutelnosti.sk/foto/NjAweDMzOC9maWx0ZXJzOnF1YWxpdHkoMTAwKS9uZWg=/x2XUcu8JRG_fss?st=vl24uJJ5mneUHYdllJmdUPH6RrF8ieqS7iDyOBj7dEg&ts=1720777347&e=0"]},{"title":"Predám 1 izbový murovaný byt s balkónom na Sihoti","address":"Hurbanova, Trenčín, okres Trenčín","rooms":1,"meters":32,"totalPrice":84900,"meterSquarePrice":3,"link":"https://www.nehnutelnosti.sk/detail/JuThl5e1vPq/predam-1-izbovy-murovany-byt-s-balkonom-na-sihoti","imagesUrls":["https://img.nehnutelnosti.sk/foto/NjAweDMzOC9maWx0ZXJzOnF1YWxpdHkoMTAwKS9uZWg=/31UnwOBvR_fss?st=5Q__LUf8IO7bb6JdzV9b8E_SKlXJ5z7hZeMkY4lRCOU&ts=1726046102&e=0"]},{"title":"REZERVOVANÉ ! Veľkometrážny 3-izbový byt s pivnicou,garážou","address":"Cukrovarská, Sereď, okres Galanta","rooms":3,"meters":85,"totalPrice":138000,"meterSquarePrice":8,"link":"https://www.nehnutelnosti.sk/detail/JukM-2gdeff/rezervovane-velkometrazny-3-izbovy-byt-s-pivnicou-garazou","imagesUrls":["https://img.unitedclassifieds.sk/foto/NjAweDMzOC9maWx0ZXJzOnF1YWxpdHkoMTAwKS9qdWw=/UweIe26XM_fss?st=9DJsu2y-dsbX2k9hNNEvJejqhdlr9EPMnjR1_MLC-HM&ts=1718024668&e=0"]},{"title":"2-izbový byt v centre mesta Bardejov","address":"Wolkerova, Bardejov, okres Bardejov","rooms":2,"meters":50,"totalPrice":109900,"meterSquarePrice":8,"link":"https://www.nehnutelnosti.sk/detail/RbDOQF7Fzvv/2-izbovy-byt-v-centre-mesta-bardejov","imagesUrls":["https://img.unitedclassifieds.sk/foto/NjAweDMzOC9maWx0ZXJzOnF1YWxpdHkoMTAwKS9yc2I=/fzXMA8trt_fss?st=_LOFoVK-rQEOeWdB4DaTH6HMa2lHzn-noHFkrC1KaXA&ts=1726048870&e=0"]},{"title":"REZERVOVANÉ - 3i, OV, 65m2, loggia, Západ/ Terasa, Narcisová","address":"Narcisová, Košice II - Západ, okres Košice","rooms":3,"meters":65,"totalPrice":200000,"meterSquarePrice":2,"link":"https://www.nehnutelnosti.sk/detail/JukUXtwmvqr/rezervovane-3i-ov-65m2-loggia-zapad-terasa-narcisova","imagesUrls":["https://img.nehnutelnosti.sk/foto/NjAweDMzOC9maWx0ZXJzOnF1YWxpdHkoMTAwKS9uZWg=/S21LSdb57_fss?st=xnqze4NhcfMCa3YD7_5PAC5BOy7xSasNKphmEkQpkz8&ts=1726045263&e=0"]}]