[{"title":"Pekný 3 izbový byt s loggiou v BnB Centrum/Stanica","address":"9. Mája, Bánovce nad Bebravou, okres Bánovce nad Bebravou","rooms":3,"meters":63,"totalPrice":110000,"meterSquarePrice":3,"link":"https://www.nehnutelnosti.sk/detail/JuDMNvJfInc/pekny-3-izbovy-byt-s-loggiou-v-bnb-centrum-stanica","imagesUrls":["https://img.nehnutelnosti.sk/foto/NjAweDMzOC9maWx0ZXJzOnF1YWxpdHkoMTAwKS9uZWg=/XuzP_gaTs_fss?st=NcVcWZe18AuiY95hvzYMJvcMw01SXS1oJ3Ko4JTXlJA&ts=1709419194&e=0"]},{"title":"Nová cena/ Dubnička 2/3 izbový byt s balkónom, Bánovce nad Bebravou","address":"Bánovce nad Bebravou, okres Bánovce nad Bebravou","rooms":2,"meters":66,"totalPrice":85000,"meterSquarePrice":8,"link":"https://www.nehnutelnosti.sk/detail/JuKgcaqsVeD/nova-cena-dubnicka-2-3-izbovy-byt-s-balkonom-banovce-nad-bebravou","imagesUrls":["https://img.nehnutelnosti.sk/foto/NjAweDMzOC9maWx0ZXJzOnF1YWxpdHkoMTAwKS9uZWg=/QMWLr593W_fss?st=VGajFmw2l-vfjdYaiI41wwIrZh3-1Amdq_DO9f8loho&ts=1707917034&e=0"]},{"title":"Na predaj 3izb. byt v rodinnom dome s garážou v Bánovciach n/B","address":"Bánovce nad Bebravou, Bánovce nad Bebravou, okres Bánovce nad Bebravou","rooms":3,"meters":78,"totalPrice":100000,"meterSquarePrice":5,"link":"https://www.nehnutelnosti.sk/detail/JuNvM-5wRj5/na-predaj-3izb-byt-v-rodinnom-dome-s-garazou-v-banovciach-n-b","imagesUrls":["https://img.nehnutelnosti.sk/foto/NjAweDMzOC9maWx0ZXJzOnF1YWxpdHkoMTAwKS9uZWg=/u7Np_jmHi_fss?st=rZrbhZeULbl5uJYPT1G23kfe1po_VQ30vmpvXNZoE08&ts=1700488058&e=0"]},{"title":"Exkluzívna ponuka krásneho apartmánu v rezorte Demänová Village, Liptovský Mikuláš","address":"Demänovská Dolina, okres Liptovský Mikuláš","rooms":null,"meters":26,"totalPrice":133000,"meterSquarePrice":8,"link":"https://www.nehnutelnosti.sk/detail/JuHVLLwsDt1/exkluzivna-ponuka-krasneho-apartmanu-v-rezorte-demanova-village-liptovsky-mikulas","imagesUrls":["https://img.nehnutelnosti.sk/foto/NjAweDMzOC9maWx0ZXJzOnF1YWxpdHkoMTAwKS9uZWg=/a9HejSZEe_fss?st=BqK1PrkR76-PDyKWvQ6Gc1XGeznyZQC-dhlHMasVv7w&ts=1683621481&e=0"]},{"title":"Na predaj 3i byt -Omastiná-novostavba","address":"Omastiná, okres Bánovce nad Bebravou","rooms":3,"meters":60,"totalPrice":80000,"meterSquarePrice":3,"link":"https://www.nehnutelnosti.sk/detail/Ju4dNcIsL4HV/na-predaj-3i-byt-omastina-novostavba","imagesUrls":["https://img.nehnutelnosti.sk/foto/NjAweDMzOC9maWx0ZXJzOnF1YWxpdHkoMTAwKS9uZWg=/FYHv036JG_fss?st=wHV6gWMhREWLmPNgsX4p9bwwzNsx0c3LftrTCSfH6lY&ts=1696594732&e=0"]},{"title":"Predaj 3 izbového bytu v tichej lokalite mesta Galanta.","address":"Krásna, Galanta, okres Galanta","rooms":3,"meters":74,"totalPrice":139000,"meterSquarePrice":8,"link":"https://www.nehnutelnosti.sk/detail/Ju6nIsfGbKp/predaj-3-izboveho-bytu-v-tichej-lokalite-mesta-galanta","imagesUrls":["https://img.unitedclassifieds.sk/foto/NjAweDMzOC9maWx0ZXJzOnF1YWxpdHkoMTAwKS9qdWw=/LuGPCSzdI_fss?st=WtVUe7AS_Nr3Z-1Dhx1vrMnpL2-4DeQbI4YFxr-W3C8&ts=1722457344&e=0"]},{"title":"Predaj zrekonštruovaného 1 izbového bytu","address":"Nivy, Šaľa, okres Šaľa","rooms":1,"meters":30,"totalPrice":58000,"meterSquarePrice":3,"link":"https://www.nehnutelnosti.sk/detail/Jum9-WKY4cf/predaj-zrekonstruovaneho-1-izboveho-bytu","imagesUrls":["https://img.unitedclassifieds.sk/foto/NjAweDMzOC9maWx0ZXJzOnF1YWxpdHkoMTAwKS9qdWw=/-O6XPIoSp_fss?st=F2Vxg2D4f6qtI8MHpYxoOZ4_MVH2p6Vdrbkhleg0-Xg&ts=1720504795&e=0"]},{"title":"Predaj 4-izb.bytu v novostavbe, terasa, Petrova Ves","address":"Petrova Ves, okres Skalica","rooms":4,"meters":87,"totalPrice":126620,"meterSquarePrice":0,"link":"https://www.nehnutelnosti.sk/detail/Ju2FNYkqdXd/predaj-4-izb-bytu-v-novostavbe-terasa-petrova-ves","imagesUrls":["https://img.nehnutelnosti.sk/foto/NjAweDMzOC9maWx0ZXJzOnF1YWxpdHkoMTAwKS9uZWg=/2pa6iHYE9_fss?st=ECy2FEb8YAVEve0LAoaaFSC9RkHmZOGnF2gCRcxXpL4&ts=1726414374&e=0"]},{"title":"Nadštandardný 4 izbový byt po kompletnej rekonštrukcii, Vrakuňa","address":"Bodvianska, Bratislava II - Vrakuňa, okres Bratislava","rooms":4,"meters":73,"totalPrice":260000,"meterSquarePrice":3,"link":"https://www.nehnutelnosti.sk/detail/JuVfhL_CLS3/nadstandardny-4-izbovy-byt-po-kompletnej-rekonstrukcii-vrakuna","imagesUrls":["https://img.unitedclassifieds.sk/foto/NjAweDMzOC9maWx0ZXJzOnF1YWxpdHkoMTAwKS9qdWw=/GrjXzoW6K_fss?st=5ZWKr0IR2xr8j-I-xJyRfC3ksJRNMaFjIkELtjWeIMU&ts=1726413587&e=0"]},{"title":"2-izb.byt, terasa, BÝVANIE POD ROTUNDOU Skalica!","address":"Skalica, okres Skalica","rooms":2,"meters":54,"totalPrice":115000,"meterSquarePrice":3,"link":"https://www.nehnutelnosti.sk/detail/JugNAreGBWF/2-izb-byt-terasa-byvanie-pod-rotundou-skalica","imagesUrls":["https://img.nehnutelnosti.sk/foto/NjAweDMzOC9maWx0ZXJzOnF1YWxpdHkoMTAwKS9uZWg=/AMUEFcimIA_fss?st=Wkgwi92RQJnxW9yInCsFUzvrJcdT1xWPaJnw1Hz2apA&ts=1726413543&e=0"]},{"title":"EXKLUZÍVNE - na predaj 1,5 izbový byt v meste Snina","address":"Paláriková, Snina, okres Snina","rooms":1,"meters":51,"totalPrice":45000,"meterSquarePrice":5,"link":"https://www.nehnutelnosti.sk/detail/Ju0yW_eMlYX/exkluzivne-na-predaj-1-5-izbovy-byt-v-meste-snina","imagesUrls":["https://img.nehnutelnosti.sk/foto/NjAweDMzOC9maWx0ZXJzOnF1YWxpdHkoMTAwKS9uZWg=/a4_cDAhS7_fss?st=IQggi_on9UqhvDZF5n2oJEXORMBQJAY4kcpgtdKi2Wk&ts=1724746995&e=0"]},{"title":"1 izbový byt s balkónom, Dvory","address":"Dvory, Púchov, okres Púchov","rooms":1,"meters":35,"totalPrice":93000,"meterSquarePrice":4,"link":"https://www.nehnutelnosti.sk/detail/JuvICDWg2CS/1-izbovy-byt-s-balkonom-dvory","imagesUrls":["https://img.unitedclassifieds.sk/foto/NjAweDMzOC9maWx0ZXJzOnF1YWxpdHkoMTAwKS9yc2Y=/JcuXsyhgt_fss?st=BejthcJlSbIvnDkSd8wk8m-3xsDVCTgxVRFeQMlGzWA&ts=1726418484&e=0"]},{"title":"Predáme slnečný 3-izbový holobyt, Nový Ružinov, Bajkalská ulica, Bratislava","address":"Bajkalská, Bratislava II - Ružinov, okres Bratislava","rooms":3,"meters":77,"totalPrice":323868,"meterSquarePrice":9,"link":"https://www.nehnutelnosti.sk/detail/JuTryY2qAaD/predame-slnecny-3-izbovy-holobyt-novy-ruzinov-bajkalska-ulica-bratislava","imagesUrls":["https://img.unitedclassifieds.sk/foto/NjAweDMzOC9maWx0ZXJzOnF1YWxpdHkoMTAwKS9qdWw=/8FiW1CUnp_fss?st=bsJNea2wVb7-YWG3tVDB8cl4YsgXQnHp327ffO8RZX0&ts=1726410439&e=0"]},{"title":"Luxusný byt vo vyhľadávanej časti v Dubnici nad Váhom","address":"Cédrova 18, Dubnica nad Váhom, okres Ilava","rooms":3,"meters":88,"totalPrice":159000,"meterSquarePrice":2,"link":"https://www.nehnutelnosti.sk/detail/Ju5J0lxAkDH/luxusny-byt-vo-vyhladavanej-casti-v-dubnici-nad-vahom","imagesUrls":["https://img.nehnutelnosti.sk/foto/NjAweDMzOC9maWx0ZXJzOnF1YWxpdHkoMTAwKS9uZWg=/8FHSbRMog_fss?st=JXBzDOSkdgKbhPktu8hk711dY3L7E7MeMga7O1vT_iY&ts=1726410570&e=0"]},{"title":"Na predaj slnečný 3-izbový holobyt, Nový Ružinov, Bajkalská ulica, Bratislava","address":"Bajkalská, Bratislava II - Ružinov, okres Bratislava","rooms":3,"meters":78,"totalPrice":324684,"meterSquarePrice":8,"link":"https://www.nehnutelnosti.sk/detail/Jue_LMYmQBP/na-predaj-slnecny-3-izbovy-holobyt-novy-ruzinov-bajkalska-ulica-bratislava","imagesUrls":["https://img.unitedclassifieds.sk/foto/NjAweDMzOC9maWx0ZXJzOnF1YWxpdHkoMTAwKS9qdWw=/67hSe62Ui_fss?st=WeKHfWA8cRrnai56w31vZ-gHevsgkPgv-Gzi6w0NSFQ&ts=1726410240&e=0"]},{"title":"Predáme slnečný 4-izbový holobyt, Nový Ružinov, Bajkalská ulica, Bratislava","address":"Bajkalská, Bratislava II - Ružinov, okres Bratislava","rooms":4,"meters":85,"totalPrice":354180,"meterSquarePrice":9,"link":"https://www.nehnutelnosti.sk/detail/JuPzLOwkeZv/predame-slnecny-4-izbovy-holobyt-novy-ruzinov-bajkalska-ulica-bratislava","imagesUrls":["https://img.unitedclassifieds.sk/foto/NjAweDMzOC9maWx0ZXJzOnF1YWxpdHkoMTAwKS9qdWw=/HHFapzQ5e_fss?st=3pTnTmHo4db1iFvyXn4fAMOdHlPSnVR8mMdZu4CdtR8&ts=1726409063&e=0"]},{"title":"Exkluzívne štúdio 1+kk v novostavbe Gerdig","address":"Nemocničná, Dolný Kubín, okres Dolný Kubín","rooms":null,"meters":25,"totalPrice":94900,"meterSquarePrice":6,"link":"https://www.nehnutelnosti.sk/detail/JuI3iwt9MRR/exkluzivne-studio-1-kk-v-novostavbe-gerdig","imagesUrls":["https://img.nehnutelnosti.sk/foto/NjAweDMzOC9maWx0ZXJzOnF1YWxpdHkoMTAwKS9uZWg=/KyGeez2cP_fss?st=Ly06pGUfO7Lbv-H9XivGu50AQf851FPaecrSqXmklxk&ts=1667388329&e=0"]},{"title":"Luxusný horský dvojspálňový apartmán s parkovacím státím v lyžiarskom stredisku Jasná","address":"Lúčky, Demänovská Dolina, okres Liptovský Mikuláš","rooms":3,"meters":52,"totalPrice":330000,"meterSquarePrice":4,"link":"https://www.nehnutelnosti.sk/detail/JulhPlKNlzw/luxusny-horsky-dvojspalnovy-apartman-s-parkovacim-statim-v-lyziarskom-stredisku-jasna","imagesUrls":["https://img.nehnutelnosti.sk/foto/NjAweDMzOC9maWx0ZXJzOnF1YWxpdHkoMTAwKS9uZWg=/GeRZSriI0a_fss?st=e8c13Qlm7bbGDtDPVR7XD-hhoZYoy91E2_FBooxYJus&ts=1718630529&e=0"]},{"title":"3-izbový byt č. 6 so záhradkou a parkovacím miestom v novostavbe Halalovka7909/48B  za 209.000 €","address":"Halalovka, Trenčín, okres Trenčín","rooms":3,"meters":80,"totalPrice":209000,"meterSquarePrice":1,"link":"https://www.nehnutelnosti.sk/detail/JuAilyDhdCF/3-izbovy-byt-c-6-so-zahradkou-a-parkovacim-miestom-v-novostavbe-halalovka7909-48b-za-209-000","imagesUrls":["https://img.nehnutelnosti.sk/foto/NjAweDMzOC9maWx0ZXJzOnF1YWxpdHkoMTAwKS9uZWg=/K5r6uMyqX_fss?st=csqIvzMXPS3b_ArPDJnb877V_aGpccSQvbeuzYDbFfI&ts=1716796533&e=0"]},{"title":"Štýlový 3 izb.byt 80 m2+ loggia, začiatok sídliska, dobré parkovanie","address":"Sofijská, Košice I - Sídlisko Ťahanovce, okres Košice","rooms":3,"meters":80,"totalPrice":152890,"meterSquarePrice":3,"link":"https://www.nehnutelnosti.sk/detail/Juzz9Rf-J_O/stylovy-3-izb-byt-80-m2-loggia-zaciatok-sidliska-dobre-parkovanie","imagesUrls":["https://img.unitedclassifieds.sk/foto/NjAweDMzOC9maWx0ZXJzOnF1YWxpdHkoMTAwKS9qdWw=/kjEYy8IlL_fss?st=a6lz_-qRKROO2ikq7T8cmsTUXCxksggwVq1DVrrxsco&ts=1726408663&e=0"]},{"title":"REZERVOVANÉ 3-izbový byt ''priechodný bauring'' vo Vrútkach","address":"Vrútky, okres Martin","rooms":3,"meters":70,"totalPrice":109990,"meterSquarePrice":9,"link":"https://www.nehnutelnosti.sk/detail/JuR-PUNqfZS/rezervovane-3-izbovy-byt-priechodny-bauring-vo-vrutkach","imagesUrls":["https://img.nehnutelnosti.sk/foto/NjAweDMzOC9maWx0ZXJzOnF1YWxpdHkoMTAwKS9uZWg=/b3yaFSOv7_fss?st=WgAiF1O9U3i6asChyidFU9s54QI0-yC3O19--pnItRg&ts=1725926683&e=0"]},{"title":"REZERVOVANÝ 3-izbový byt s loggiou a pivnicou na predaj v Martine, časť Košúty 2","address":"Martin, okres Martin","rooms":3,"meters":67,"totalPrice":null,"meterSquarePrice":null,"link":"https://www.nehnutelnosti.sk/detail/JuJBVveLBG7/rezervovany-3-izbovy-byt-s-loggiou-a-pivnicou-na-predaj-v-martine-cast-kosuty-2","imagesUrls":["https://img.nehnutelnosti.sk/foto/NjAweDMzOC9maWx0ZXJzOnF1YWxpdHkoMTAwKS9uZWg=/cgkSgTU_3_fss?st=2p5-ZKM7H9IqS7QBeee27m9bwdjn_G2AyJU1ovc3x9c&ts=1721192726&e=0"]},{"title":"REZERVOVANÉ predaj 3 izbového bytu SEVER","address":"Školská, Martin, okres Martin","rooms":3,"meters":73,"totalPrice":109990,"meterSquarePrice":1,"link":"https://www.nehnutelnosti.sk/detail/Juxro6toAGz/rezervovane-predaj-3-izboveho-bytu-sever","imagesUrls":["https://img.nehnutelnosti.sk/foto/NjAweDMzOC9maWx0ZXJzOnF1YWxpdHkoMTAwKS9uZWg=/CJ880pp3D_fss?st=FtmOPLdrN3Cju05_pn5VggoHHkjhPY3Yb6OYXFvQC4s&ts=1720842696&e=0"]},{"title":"Ponúkame na predaj pekný a slnečný 3-izbový byt","address":"Partizánska, Dubnica nad Váhom, okres Ilava","rooms":3,"meters":68,"totalPrice":null,"meterSquarePrice":null,"link":"https://www.nehnutelnosti.sk/detail/JuCCaU-pD4d/ponukame-na-predaj-pekny-a-slnecny-3-izbovy-byt","imagesUrls":["https://img.nehnutelnosti.sk/foto/NjAweDMzOC9maWx0ZXJzOnF1YWxpdHkoMTAwKS9uZWg=/4TGRBbFKS5_fss?st=MqAXvvfvBw2X1oxtuAVhP4BXZ-9nMGFjSS0-gX1yqwo&ts=1705673369&e=0"]},{"title":"Predaj zrekonštruovaného 3i bytu Petržalka","address":"Gercenova, Bratislava V - Petržalka, okres Bratislava","rooms":3,"meters":63,"totalPrice":195900,"meterSquarePrice":2,"link":"https://www.nehnutelnosti.sk/detail/Ju4NrtHQSqh/predaj-zrekonstruovaneho-3i-bytu-petrzalka","imagesUrls":["https://img.unitedclassifieds.sk/foto/NjAweDMzOC9maWx0ZXJzOnF1YWxpdHkoMTAwKS9qdWw=/V02gLydDB_fss?st=vhosk-RKrR4RYSR0mvoDj3fDa8U8X4M7H5CsHfHHcR4&ts=1726156168&e=0"]},{"title":"Na Predaj 3-izbový byt Podunajské Biskupice","address":"Toryská, Bratislava II - Vrakuňa, okres Bratislava","rooms":3,"meters":63,"totalPrice":157990,"meterSquarePrice":8,"link":"https://www.nehnutelnosti.sk/detail/Ju_l6gK2_uG/na-predaj-3-izbovy-byt-podunajske-biskupice","imagesUrls":["https://img.unitedclassifieds.sk/foto/NjAweDMzOC9maWx0ZXJzOnF1YWxpdHkoMTAwKS9qdWw=/sJek6FaHd_fss?st=8Be4tjNCCySenwVb9KDDBrKJqp6AlnXfqtdGYWCOyDA&ts=1726255782&e=0"]},{"title":"Tehlový 3 izbový byt priamo v srdci mesta","address":"Ľ.Štúra, Lučenec, okres Lučenec","rooms":3,"meters":77,"totalPrice":80000,"meterSquarePrice":1,"link":"https://www.nehnutelnosti.sk/detail/JuxVwNztuf6/tehlovy-3-izbovy-byt-priamo-v-srdci-mesta","imagesUrls":["https://img.nehnutelnosti.sk/foto/NjAweDMzOC9maWx0ZXJzOnF1YWxpdHkoMTAwKS9uZWg=/lX04S1cFX_fss?st=prrBnQqEO6VamNSR9ImQb_4jGfArBszq0lhJMnXi6m4&ts=1717576717&e=0"]},{"title":"Predaj zrekonštruovaného 2i bytu Donovaly","address":"Donovaly, Donovaly, okres Banská Bystrica","rooms":2,"meters":43,"totalPrice":185000,"meterSquarePrice":3,"link":"https://www.nehnutelnosti.sk/detail/Jul8g2eSlHR/predaj-zrekonstruovaneho-2i-bytu-donovaly","imagesUrls":["https://img.nehnutelnosti.sk/foto/NjAweDMzOC9maWx0ZXJzOnF1YWxpdHkoMTAwKS9uZWg=/jcwQh0hBr_fss?st=yNxiRWpOv3HWBA9h-k73QDgZkm36hi5J95TsUvTbpdY&ts=1719237613&e=0"]},{"title":"2 izbový byt s balkónom na ul. J. Murgaša v Michalovciach .","address":"J.Murgaša, Michalovce, okres Michalovce","rooms":2,"meters":null,"totalPrice":null,"meterSquarePrice":null,"link":"https://www.nehnutelnosti.sk/detail/JudDwFq7ENb/2-izbovy-byt-s-balkonom-na-ul-j-murgasa-v-michalovciach","imagesUrls":["https://img.nehnutelnosti.sk/foto/NjAweDMzOC9maWx0ZXJzOnF1YWxpdHkoMTAwKS9uZWg=/noFCVpIDl_fss?st=Jfin0bU8bEmkOBU7m5htJND7QYdDtxLMsaqdlj5gTYY&ts=1724749339&e=0"]},{"title":"Podkrovný 2-izbový byt v centre mesta","address":"Hviezdoslavovo námestie, Dolný Kubín, okres Dolný Kubín","rooms":2,"meters":42,"totalPrice":118500,"meterSquarePrice":3,"link":"https://www.nehnutelnosti.sk/detail/Jue6uqoTrif/podkrovny-2-izbovy-byt-v-centre-mesta","imagesUrls":["https://img.nehnutelnosti.sk/foto/NjAweDMzOC9maWx0ZXJzOnF1YWxpdHkoMTAwKS9uZWg=/zoQrEA0th_fss?st=rS1gsXaK_MX0793INiGZqbxYHAhddfRf7qixeEEx8K4&ts=1726223073&e=0"]}]