[{"title":"DIRECTREAL|Moderné bývanie v súkromí v unikátnom projekte.","address":"Dr.A.Škarvana, Liptovský Hrádok, okres Liptovský Mikuláš","rooms":3,"meters":100,"totalPrice":201762,"meterSquarePrice":2,"link":"https://www.nehnutelnosti.sk/detail/JuC8WUKIpI22/directreal-moderne-byvanie-v-sukromi-v-unikatnom-projekte","imagesUrls":["https://img.nehnutelnosti.sk/foto/NjAweDMzOC9maWx0ZXJzOnF1YWxpdHkoMTAwKS9uZWg=/HnCGZrtFW_fss?st=VHQmHKKbRuE-fbbtVHRdhyueyXoy9aOWEmQ2i-qyTlw&ts=1727033749&e=0"]},{"title":"DIRECTREAL|2 izbový byt na skok do centra mesta","address":"A.Hlinku, Bánovce nad Bebravou, okres Bánovce nad Bebravou","rooms":2,"meters":56,"totalPrice":72500,"meterSquarePrice":4,"link":"https://www.nehnutelnosti.sk/detail/Ju1LKTk6Dky/directreal-2-izbovy-byt-na-skok-do-centra-mesta","imagesUrls":["https://img.nehnutelnosti.sk/foto/NjAweDMzOC9maWx0ZXJzOnF1YWxpdHkoMTAwKS9uZWg=/ywKbDh2KV_fss?st=v6Th7cwaPC8TLyKrR8rsYnjvHRn_iz8rxPaHS9fOVyI&ts=1720478322&e=0"]},{"title":"DIRECTREAL|TO JE TEN PRAVÝ, VEĽKOMETRÁŽNY 2 IZBOVÝ BYT 61 m2 + LOGGIA NA ZVÝŠENOM PRÍZEMÍ S VLASTNÝM","address":"Nová Ves, Dunajská Streda, okres Dunajská Streda","rooms":2,"meters":61,"totalPrice":113000,"meterSquarePrice":6,"link":"https://www.nehnutelnosti.sk/detail/Jui_66jZuFH/directreal-to-je-ten-pravy-velkometrazny-2-izbovy-byt-61-m2-loggia-na-zvysenom-prizemi-s-vlastnym","imagesUrls":["https://img.nehnutelnosti.sk/foto/NjAweDMzOC9maWx0ZXJzOnF1YWxpdHkoMTAwKS9uZWg=/Ap6C3oR3R_fss?st=Qkmmm8K-NTWAfJoJ8WWM3A7Mk0Liuitu0x8sVc5Hcdw&ts=1722244490&e=0"]},{"title":"DIRECTREAL|P R E D A N É !Zariadená garsónka 28 m2 na predaj na ideálnom 2.poschodi pri základnej šk","address":"Jilemnického, Dunajská Streda, okres Dunajská Streda","rooms":null,"meters":28,"totalPrice":62000,"meterSquarePrice":9,"link":"https://www.nehnutelnosti.sk/detail/JuvPAdxEEEN/directreal-p-r-e-d-a-n-e-zariadena-garsonka-28-m2-na-predaj-na-idealnom-2-poschodi-pri-zakladnej-sk","imagesUrls":["https://img.nehnutelnosti.sk/foto/NjAweDMzOC9maWx0ZXJzOnF1YWxpdHkoMTAwKS9uZWg=/ssDSQWIGqq_fss?st=0zDxT9Csb5_oz-YpM6EgGotFncL9cXYcr88Wo3bJdAA&ts=1719923110&e=0"]},{"title":"DIRECTREAL|Krásny, zariadený byt v centre mesta... Dohoda možná.","address":"Nová Baňa, Nová Baňa, okres Žarnovica","rooms":2,"meters":71,"totalPrice":98000,"meterSquarePrice":8,"link":"https://www.nehnutelnosti.sk/detail/JusYs8IfU_k/directreal-krasny-zariadeny-byt-v-centre-mesta-dohoda-mozna","imagesUrls":["https://img.nehnutelnosti.sk/foto/NjAweDMzOC9maWx0ZXJzOnF1YWxpdHkoMTAwKS9uZWg=/NWIQk6oZyJ_fss?st=CvJm6bgvsZeqBH9KBlELY2IUoUWuAYsOlYmI61VJwAk&ts=1720003274&e=0"]},{"title":"DIRECTREAL|Uvoľnený posledný 2-izbový byt v novostavbe Relax Rovinka","address":"Hlavná, Rovinka, okres Senec","rooms":2,"meters":36,"totalPrice":125000,"meterSquarePrice":2,"link":"https://www.nehnutelnosti.sk/detail/JuClK-KZUX1/directreal-uvolneny-posledny-2-izbovy-byt-v-novostavbe-relax-rovinka","imagesUrls":["https://img.nehnutelnosti.sk/foto/NjAweDMzOC9maWx0ZXJzOnF1YWxpdHkoMTAwKS9uZWg=/5Hat2LUa5_fss?st=m70YqsCPqd547Ny0UJY0_WMN7f68TqQp0WsAIBhy74E&ts=1725874567&e=0"]},{"title":"DIRECTREAL|priestranný tehlový 3 izbový byt 80m2","address":"kpt. Nálepku, Nové Mesto nad Váhom, okres Nové Mesto nad Váhom","rooms":3,"meters":80,"totalPrice":99000,"meterSquarePrice":0,"link":"https://www.nehnutelnosti.sk/detail/JuP8KXaqMa_/directreal-priestranny-tehlovy-3-izbovy-byt-80m2","imagesUrls":["https://img.nehnutelnosti.sk/foto/NjAweDMzOC9maWx0ZXJzOnF1YWxpdHkoMTAwKS9uZWg=/UBLgAcMqqx_fss?st=3t7bQbNoZgctrRDcSOaILusNkDrLMhaV2s8LYAE8w8c&ts=1719823232&e=0"]},{"title":"DIRECTREAL|REZERVOVANÉ|Útulný 2 izbový zrekonštruovaný byt na ulici Pri šajbách v Bratislave-Rači","address":"Pri šajbách, Bratislava III - Rača, okres Bratislava","rooms":2,"meters":48,"totalPrice":139000,"meterSquarePrice":3,"link":"https://www.nehnutelnosti.sk/detail/JumC1Wjw44w/directreal-rezervovane-utulny-2-izbovy-zrekonstruovany-byt-na-ulici-pri-sajbach-v-bratislave-raci","imagesUrls":["https://img.nehnutelnosti.sk/foto/NjAweDMzOC9maWx0ZXJzOnF1YWxpdHkoMTAwKS9uZWg=/7MVdUxM72_fss?st=wbFg_IEgDT4aiD64D3yTkiX17uDsIcagDpfeoRRgy8Q&ts=1725180698&e=0"]},{"title":"DIRECTREAL|Rezidencia Stošice - luxusné byty v rodinnom komplexe\n https://rezidenciastosice.sk/","address":"Stošice, Liptovský Mikuláš, okres Liptovský Mikuláš","rooms":3,"meters":90,"totalPrice":210600,"meterSquarePrice":0,"link":"https://www.nehnutelnosti.sk/detail/JuTbj2X196A/directreal-rezidencia-stosice-luxusne-byty-v-rodinnom-komplexe-https-rezidenciastosice-sk","imagesUrls":["https://img.nehnutelnosti.sk/foto/NjAweDMzOC9maWx0ZXJzOnF1YWxpdHkoMTAwKS9uZWg=/7V2RLM-CM9_fss?st=e5nP1MYcRnSdLvna4qZwTSycKsQ8mKgNrrXy8clQrNc&ts=1718138504&e=0"]},{"title":"DIRECTREAL|Predaj 2-izbového bytu v Šali na sídklisku Váh","address":"Vajanského, Šaľa, okres Šaľa","rooms":2,"meters":56,"totalPrice":89000,"meterSquarePrice":9,"link":"https://www.nehnutelnosti.sk/detail/JuZebpsHHz1/directreal-predaj-2-izboveho-bytu-v-sali-na-sidklisku-vah","imagesUrls":["https://img.nehnutelnosti.sk/foto/NjAweDMzOC9maWx0ZXJzOnF1YWxpdHkoMTAwKS9uZWg=/B0dlf0-xO_fss?st=hGafwVqe9k_WB_NCEnpMv8pWifv3SGPF9A5cSMPk4cY&ts=1718288575&e=0"]},{"title":"DIRECTREAL|REZERVOVANÉ|Výborná cena! Byt v úplnom centre mesta Galanta...","address":"Poštová, Galanta, okres Galanta","rooms":2,"meters":54,"totalPrice":null,"meterSquarePrice":null,"link":"https://www.nehnutelnosti.sk/detail/Ju3LX6V-uBW/directreal-rezervovane-vyborna-cena-byt-v-uplnom-centre-mesta-galanta","imagesUrls":["https://img.nehnutelnosti.sk/foto/NjAweDMzOC9maWx0ZXJzOnF1YWxpdHkoMTAwKS9uZWg=/-6EkyoJRt_fss?st=NOR7IjgjiX2d2AUgR1GBvFEnaqqBgiL-InZ75_ZiAwQ&ts=1718454766&e=0"]},{"title":"DIRECTREAL|REZERVOVANÉ|Výborná investícia-Veľký tehlový byt v centre","address":"Dlabačova, Žilina, okres Žilina","rooms":1,"meters":38,"totalPrice":98000,"meterSquarePrice":5,"link":"https://www.nehnutelnosti.sk/detail/Ju38GpKzvN8/directreal-rezervovane-vyborna-investicia-velky-tehlovy-byt-v-centre","imagesUrls":["https://img.nehnutelnosti.sk/foto/NjAweDMzOC9maWx0ZXJzOnF1YWxpdHkoMTAwKS9uZWg=/afapka-_l_fss?st=JEQURKfbrgTIVf9tIEJqnOAPIQS_m3fM6Qo7Zi-76Ao&ts=1718031386&e=0"]},{"title":"DIRECTREAL|REZERVOVANÉ|3 izbáčik na rekonštrukciu podľa Vašich predstáv","address":"Pod Slivkou, Liptovský Mikuláš, okres Liptovský Mikuláš","rooms":3,"meters":69,"totalPrice":108000,"meterSquarePrice":2,"link":"https://www.nehnutelnosti.sk/detail/JuSiF2XefGp/directreal-rezervovane-3-izbacik-na-rekonstrukciu-podla-vasich-predstav","imagesUrls":["https://img.nehnutelnosti.sk/foto/NjAweDMzOC9maWx0ZXJzOnF1YWxpdHkoMTAwKS9uZWg=/FiMDCVkv9F_fss?st=ovS3g-6R_WYW2gTQxaCOYBRLREsm6w4X_im69eIji-g&ts=1726271468&e=0"]},{"title":"DIRECTREAL|Slnečný 4 izbový byt po kompletnej rekonštrukcii s panoramatickým výhľadom","address":"Holíč, okres Skalica","rooms":4,"meters":88,"totalPrice":145000,"meterSquarePrice":3,"link":"https://www.nehnutelnosti.sk/detail/JuJtOCl69bc/directreal-slnecny-4-izbovy-byt-po-kompletnej-rekonstrukcii-s-panoramatickym-vyhladom","imagesUrls":["https://img.nehnutelnosti.sk/foto/NjAweDMzOC9maWx0ZXJzOnF1YWxpdHkoMTAwKS9uZWg=/qvORELBSi_fss?st=Pe2s4vyaT4f7ZK8HKK6Z-XzS9ubRm2lF_f8S5-AwUVI&ts=1717793147&e=0"]},{"title":"DIRECTREAL|veľkometrážny 3 izbový byt je na predaj","address":"Záhradnícka, Dunajská Streda, okres Dunajská Streda","rooms":3,"meters":80,"totalPrice":125000,"meterSquarePrice":0,"link":"https://www.nehnutelnosti.sk/detail/JuC0XoHiNHJ/directreal-velkometrazny-3-izbovy-byt-je-na-predaj","imagesUrls":["https://img.nehnutelnosti.sk/foto/NjAweDMzOC9maWx0ZXJzOnF1YWxpdHkoMTAwKS9uZWg=/rWmrNbw6R_fss?st=NbSWfntpxBVMney7Ea_sDH2t0HhuFRMLEW52P67Lv2c&ts=1726216552&e=0"]},{"title":"DIRECTREAL|4- izbový byt za výbornú cenu","address":"Nová Baňa, Nová Baňa, okres Žarnovica","rooms":4,"meters":72,"totalPrice":79000,"meterSquarePrice":2,"link":"https://www.nehnutelnosti.sk/detail/JuXQdUR9ntF/directreal-4-izbovy-byt-za-vybornu-cenu","imagesUrls":["https://img.nehnutelnosti.sk/foto/NjAweDMzOC9maWx0ZXJzOnF1YWxpdHkoMTAwKS9uZWg=/pVDHcSHgnx_fss?st=Kp4b7XbrvfeXh0e6P0ni62ex-gw-WdUiT-tPZYSNmJM&ts=1721220734&e=0"]},{"title":"DIRECTREAL|Na predaj 2-izb. bytík s VLASTNÝM kúrením, BALKÓNOM, čiastočne rekonštruovaný v Hurbanove","address":"Hurbanovo, Hurbanovo, okres Komárno","rooms":2,"meters":53,"totalPrice":56999,"meterSquarePrice":5,"link":"https://www.nehnutelnosti.sk/detail/JuPu6oARYKwS/directreal-na-predaj-2-izb-bytik-s-vlastnym-kurenim-balkonom-ciastocne-rekonstruovany-v-hurbanove","imagesUrls":["https://img.nehnutelnosti.sk/foto/NjAweDMzOC9maWx0ZXJzOnF1YWxpdHkoMTAwKS9uZWg=/q2JjKEpOx_fss?st=G9uCoCfqybhZAwaiT1RbuMGKYNtONY6U7ZfmAHqqFGg&ts=1717635061&e=0"]},{"title":"DIRECTREAL|Predaj veľkého 3-izbovéh bytu na sídlisku Váh Šaľa","address":"Nešporova, Šaľa, okres Šaľa","rooms":3,"meters":83,"totalPrice":99900,"meterSquarePrice":1,"link":"https://www.nehnutelnosti.sk/detail/JucrjQBpR1F/directreal-predaj-velkeho-3-izboveh-bytu-na-sidlisku-vah-sala","imagesUrls":["https://img.nehnutelnosti.sk/foto/NjAweDMzOC9maWx0ZXJzOnF1YWxpdHkoMTAwKS9uZWg=/-u-G8ykTh_fss?st=cr1CAtMIsiiVgTIEuuLq5KvavyFUv85ZdbIVv9KHt0U&ts=1726832601&e=0"]},{"title":"DIRECTREAL|Ponúkame na predaj 3-izbový byt v pôvodnom stave v Brezovej pod Bradlom","address":"Dolné lúky, Brezová pod Bradlom, okres Myjava","rooms":3,"meters":62,"totalPrice":59900,"meterSquarePrice":3,"link":"https://www.nehnutelnosti.sk/detail/JuSJVahgBv4/directreal-ponukame-na-predaj-3-izbovy-byt-v-povodnom-stave-v-brezovej-pod-bradlom","imagesUrls":["https://img.nehnutelnosti.sk/foto/NjAweDMzOC9maWx0ZXJzOnF1YWxpdHkoMTAwKS9uZWg=/_4VBeF_b8_fss?st=MrltxgTgjb5IC4K-O4YMWTqnSzzFNmwQ58D979Hb0Tk&ts=1720673457&e=0"]},{"title":"DIRECTREAL|3-izbový byt s loggiou po kompletnej rekonštrukcii","address":"Rúbanisko, Lučenec, okres Lučenec","rooms":3,"meters":65,"totalPrice":73000,"meterSquarePrice":8,"link":"https://www.nehnutelnosti.sk/detail/Ju0EMRfR36D/directreal-3-izbovy-byt-s-loggiou-po-kompletnej-rekonstrukcii","imagesUrls":["https://img.nehnutelnosti.sk/foto/NjAweDMzOC9maWx0ZXJzOnF1YWxpdHkoMTAwKS9uZWg=/IK9UtQQTN2_fss?st=jC1xD8PXWw6tiSblx7mmDn06QOPKfQSEMt7_N2Y11E8&ts=1727033718&e=0"]},{"title":"DIRECTREAL|Na predaj 2 izbový byt, novostavba Urban Park","address":"Halalovka, Trenčín, okres Trenčín","rooms":2,"meters":62,"totalPrice":140000,"meterSquarePrice":6,"link":"https://www.nehnutelnosti.sk/detail/JuJO0E74cih/directreal-na-predaj-2-izbovy-byt-novostavba-urban-park","imagesUrls":["https://img.nehnutelnosti.sk/foto/NjAweDMzOC9maWx0ZXJzOnF1YWxpdHkoMTAwKS9uZWg=/6QKpgwCrm_fss?st=MlfJS6U8R-iJaQBXlblQ3lkjOhjNDF75KAWeoEB-JAY&ts=1719800528&e=0"]},{"title":"DIRECTREAL|Jednoizbák v skvelej lokalite plnej zelene-prerobte ho podľa vlastných predstáv a bývajte","address":"j.Bottu, Lučenec, okres Lučenec","rooms":1,"meters":38,"totalPrice":48000,"meterSquarePrice":6,"link":"https://www.nehnutelnosti.sk/detail/JuLhUwHU_d7w/directreal-jednoizbak-v-skvelej-lokalite-plnej-zelene-prerobte-ho-podla-vlastnych-predstav-a-byvajte","imagesUrls":["https://img.nehnutelnosti.sk/foto/NjAweDMzOC9maWx0ZXJzOnF1YWxpdHkoMTAwKS9uZWg=/WDEaW3eJsb_fss?st=ntpSaK20ezzPVA1dqteNkHicxnOqsdbgzN8ooh1CLO4&ts=1717609244&e=0"]},{"title":"DIRECTREAL|Na predaj pekný 3 izbový byt v Šamoríne.","address":"ČIlistovská, Šamorín, okres Dunajská Streda","rooms":3,"meters":69,"totalPrice":131900,"meterSquarePrice":9,"link":"https://www.nehnutelnosti.sk/detail/Juv-DWnYxl_/directreal-na-predaj-pekny-3-izbovy-byt-v-samorine","imagesUrls":["https://img.nehnutelnosti.sk/foto/NjAweDMzOC9maWx0ZXJzOnF1YWxpdHkoMTAwKS9uZWg=/AX2T2q-K3_fss?st=Tk_6AyOda24VAtePj1M3LhIpn9U39eUkd52BDDK6Sh8&ts=1717615485&e=0"]},{"title":"DIRECTREAL|Doprajte si výnimočné bývanie blízko jazera: Nízke náklady, veľa priestoru - Možnosť dokú","address":"Jánošíkova, Senec, okres Senec","rooms":3,"meters":85,"totalPrice":224000,"meterSquarePrice":9,"link":"https://www.nehnutelnosti.sk/detail/JuMGRN6BWBd/directreal-doprajte-si-vynimocne-byvanie-blizko-jazera-nizke-naklady-vela-priestoru-moznost-doku","imagesUrls":["https://img.nehnutelnosti.sk/foto/NjAweDMzOC9maWx0ZXJzOnF1YWxpdHkoMTAwKS9uZWg=/WIbuHfI8d_fss?st=s6aTz7dtXFKfFcEExLqDipTn1FhMHHjqLvPs8GAKEs0&ts=1727031062&e=0"]},{"title":"DIRECTREAL|ETAPA D UŽ V PREDAJI, NOVÉ BYTY VEDĽA TERMÁLNEHO KÚPALISKA V DUNAJSKEJ STREDE - BYTOVÝ DO","address":"Pri termálnom kúpalisku, Dunajská Streda, okres Dunajská Streda","rooms":3,"meters":81,"totalPrice":148000,"meterSquarePrice":8,"link":"https://www.nehnutelnosti.sk/detail/JuugkDAmyeD/directreal-etapa-d-uz-v-predaji-nove-byty-vedla-termalneho-kupaliska-v-dunajskej-strede-bytovy-do","imagesUrls":["https://img.nehnutelnosti.sk/foto/NjAweDMzOC9maWx0ZXJzOnF1YWxpdHkoMTAwKS9uZWg=/djO5-FxW5Q_fss?st=cfCU8PkzC5sLG8jCnzum-s3YsokXB1we35XXHifGq4M&ts=1727032775&e=0"]},{"title":"DIRECTREAL|Predaj veľkého 3-izbového bytu na sídlisku Váh, skvelá cena, najlepšia lokalita..","address":"Nešporova, Šaľa, okres Šaľa","rooms":3,"meters":83,"totalPrice":99900,"meterSquarePrice":1,"link":"https://www.nehnutelnosti.sk/detail/JuMivGB-Z6y/directreal-predaj-velkeho-3-izboveho-bytu-na-sidlisku-vah-skvela-cena-najlepsia-lokalita","imagesUrls":["https://img.nehnutelnosti.sk/foto/NjAweDMzOC9maWx0ZXJzOnF1YWxpdHkoMTAwKS9uZWg=/Grax2vjA4_fss?st=PbwZ2V_krTgUGk8SyPR_r5RKlv62mCkUIFe1sT9HTPQ&ts=1724755200&e=0"]},{"title":"DIRECTREAL|ETAPA D UŽ V PREDAJI, NOVÉ BYTY VEDĽA TERMÁLNEHO KÚPALISKA V DUNAJSKEJ STREDE - BYTOVÝ DO","address":"Pri termálnom kúpalisku, Dunajská Streda, okres Dunajská Streda","rooms":3,"meters":104,"totalPrice":179000,"meterSquarePrice":8,"link":"https://www.nehnutelnosti.sk/detail/JuIBINCo6jy/directreal-etapa-d-uz-v-predaji-nove-byty-vedla-termalneho-kupaliska-v-dunajskej-strede-bytovy-do","imagesUrls":["https://img.nehnutelnosti.sk/foto/NjAweDMzOC9maWx0ZXJzOnF1YWxpdHkoMTAwKS9uZWg=/JNGMG0pjRS_fss?st=EJ8jOBc6o3CQtQ0iafkQEOYwES6vm35-qPhbaepw5YQ&ts=1724165238&e=0"]},{"title":"DIRECTREAL|ETAPA D UŽ V PREDAJI, NOVÉ BYTY VEDĽA TERMÁLNEHO KÚPALISKA V DUNAJSKEJ STREDE - BYTOVÝ DO","address":"Pri termálnom kúpalisku, Dunajská Streda, okres Dunajská Streda","rooms":3,"meters":81,"totalPrice":165000,"meterSquarePrice":4,"link":"https://www.nehnutelnosti.sk/detail/Ju9KKAztteF/directreal-etapa-d-uz-v-predaji-nove-byty-vedla-termalneho-kupaliska-v-dunajskej-strede-bytovy-do","imagesUrls":["https://img.nehnutelnosti.sk/foto/NjAweDMzOC9maWx0ZXJzOnF1YWxpdHkoMTAwKS9uZWg=/HinoIroVKD_fss?st=7mGqD_FfqrJ6cX4Grz3CUFfVKcmm-OBrUdN4DqnN2tw&ts=1727032770&e=0"]},{"title":"DIRECTREAL|ETAPA D UŽ V PREDAJI, NOVÉ BYTY VEDĽA TERMÁLNEHO KÚPALISKA V DUNAJSKEJ STREDE - BYTOVÝ DO","address":"Pri termálnom kúpalisku, Dunajská Streda, okres Dunajská Streda","rooms":2,"meters":61,"totalPrice":132000,"meterSquarePrice":4,"link":"https://www.nehnutelnosti.sk/detail/Ju_7TVff087/directreal-etapa-d-uz-v-predaji-nove-byty-vedla-termalneho-kupaliska-v-dunajskej-strede-bytovy-do","imagesUrls":["https://img.nehnutelnosti.sk/foto/NjAweDMzOC9maWx0ZXJzOnF1YWxpdHkoMTAwKS9uZWg=/l0RbeuW115_fss?st=MFC_llUOabxuT8AV6vUDVEEYlsMvjDJbnrlMcXN4hgk&ts=1724165239&e=0"]},{"title":"DIRECTREAL|ETAPA D UŽ V PREDAJI, NOVÉ BYTY VEDĽA TERMÁLNEHO KÚPALISKA V DUNAJSKEJ STREDE - BYTOVÝ DO","address":"Pri termálnom kúpalisku, Dunajská Streda, okres Dunajská Streda","rooms":1,"meters":42,"totalPrice":102000,"meterSquarePrice":3,"link":"https://www.nehnutelnosti.sk/detail/JuhKfx8YRAF/directreal-etapa-d-uz-v-predaji-nove-byty-vedla-termalneho-kupaliska-v-dunajskej-strede-bytovy-do","imagesUrls":["https://img.nehnutelnosti.sk/foto/NjAweDMzOC9maWx0ZXJzOnF1YWxpdHkoMTAwKS9uZWg=/qFh77230i_fss?st=W_zXo1_bmk9xpjTl42eWP2RCPG7q9GnVCTDjjxEPGYE&ts=1724171611&e=0"]}]