[{"title":"NA PREDAJ 2 IZBOVÝ BYT - apartman č.14 STUPAVA, Jána Ondruša,","address":"Jána Ondruša, Stupava, okres Malacky","rooms":2,"meters":55,"totalPrice":169350,"meterSquarePrice":5,"link":"https://www.nehnutelnosti.sk/detail/JulhOKj_SNC/na-predaj-2-izbovy-byt-apartman-c-14-stupava-jana-ondrusa","imagesUrls":["https://img.nehnutelnosti.sk/foto/NjAweDMzOC9maWx0ZXJzOnF1YWxpdHkoMTAwKS9uZWg=/bO_7v_D7a_fss?st=7PKIyRNVSD8uEVYTsQjfGqSGwZf8S49FK31OqeSOi70&ts=1725652101&e=0"]},{"title":"NA PREDAJ: 2-izbový nebyt. priestor Stupava, č.7, Jána Ondruša,","address":"Jána Ondruša, Stupava, okres Malacky","rooms":2,"meters":56,"totalPrice":151740,"meterSquarePrice":0,"link":"https://www.nehnutelnosti.sk/detail/JuPUDi8b1u_/na-predaj-2-izbovy-nebyt-priestor-stupava-c-7-jana-ondrusa","imagesUrls":["https://img.nehnutelnosti.sk/foto/NjAweDMzOC9maWx0ZXJzOnF1YWxpdHkoMTAwKS9uZWg=/IakvCWtzWy_fss?st=v-MMPikf3lOMTvIXat_OvmvIfHi5TTDMcA_OLvRc9Ps&ts=1725652100&e=0"]},{"title":"NA PREDAJ 2-IZB. BYT V NOVOSTAVBE, STUPAVA l č. 33, Jána Ondruša.","address":"Jána Ondruša, Stupava, okres Malacky","rooms":2,"meters":62,"totalPrice":185200,"meterSquarePrice":9,"link":"https://www.nehnutelnosti.sk/detail/JugJ4VvZFdB/na-predaj-2-izb-byt-v-novostavbe-stupava-l-c-33-jana-ondrusa","imagesUrls":["https://img.nehnutelnosti.sk/foto/NjAweDMzOC9maWx0ZXJzOnF1YWxpdHkoMTAwKS9uZWg=/MnzlW_cEx_fss?st=qJ6cAm3mTSaC4oZnUIgqMpNtz7_qyjfAnUglGT5IaTY&ts=1725652096&e=0"]},{"title":"BD – RELAX; 2 IZBOVÝ BYT; 2.NP; 77,22m2;","address":"Letná, Stará Ľubovňa, okres Stará Ľubovňa","rooms":2,"meters":64,"totalPrice":null,"meterSquarePrice":null,"link":"https://www.nehnutelnosti.sk/detail/JuxnAhjfMCR/bd-relax-2-izbovy-byt-2-np-77-22m2","imagesUrls":["https://img.nehnutelnosti.sk/foto/NjAweDMzOC9maWx0ZXJzOnF1YWxpdHkoMTAwKS9uZWg=/xVrxGjyfKG_fss?st=vQTTrCik5LuYfTo2bJH_xBZaIwdSAu83cx8BqNeIgUc&ts=1723747329&e=0"]},{"title":"PONÚKAME VÁM NA PREDAJ 2 IZBOVÝ BYT ŠAHY, K. MIKSZÁTHA","address":"K. Mikszátha, Šahy, okres Levice","rooms":2,"meters":null,"totalPrice":null,"meterSquarePrice":null,"link":"https://www.nehnutelnosti.sk/detail/JuShbTH-sUf/ponukame-vam-na-predaj-2-izbovy-byt-sahy-k-mikszatha","imagesUrls":["https://img.nehnutelnosti.sk/foto/NjAweDMzOC9maWx0ZXJzOnF1YWxpdHkoMTAwKS9uZWg=/iEf5Iji3O9_fss?st=c61aJg6Y7NCVmRBJZPWPCXFDJgLTYyRV175cdze-Ixo&ts=1710088159&e=0"]},{"title":"3-izbový byt s balkónom, Vranov nad Topľou","address":"Mlynská, Vranov nad Topľou, okres Vranov nad Topľou","rooms":3,"meters":66,"totalPrice":109900,"meterSquarePrice":5,"link":"https://www.nehnutelnosti.sk/detail/Ju_Y0AM327Z/3-izbovy-byt-s-balkonom-vranov-nad-toplou","imagesUrls":["https://img.nehnutelnosti.sk/foto/NjAweDMzOC9maWx0ZXJzOnF1YWxpdHkoMTAwKS9uZWg=/xEtb9jecL_fss?st=ek0deOO6He_-eTKdXYGUhPPrT0688l2IldlaSov5SrM&ts=1725645799&e=0"]},{"title":"Predaj 1 izbového bytu Roľnícka Nové Zámky","address":"Roľnícka, Nové Zámky, okres Nové Zámky","rooms":1,"meters":36,"totalPrice":62000,"meterSquarePrice":6,"link":"https://www.nehnutelnosti.sk/detail/JuerBGhscJq/predaj-1-izboveho-bytu-rolnicka-nove-zamky","imagesUrls":["https://img.nehnutelnosti.sk/foto/NjAweDMzOC9maWx0ZXJzOnF1YWxpdHkoMTAwKS9uZWg=/GudZckVff_fss?st=duFQ8agaZpMLfDKhrNyLBY3zhUiuxMu2ffY9ZEqKGu8&ts=1726849466&e=0"]},{"title":"NA PREDAJ: 1-izbový apartmán Stupava, č. apartmánu 10, Jána Ondruša.","address":"Jána Ondruša, Stupava, okres Malacky","rooms":1,"meters":55,"totalPrice":148905,"meterSquarePrice":0,"link":"https://www.nehnutelnosti.sk/detail/JuLSWnxJP5K/na-predaj-1-izbovy-apartman-stupava-c-apartmanu-10-jana-ondrusa","imagesUrls":["https://img.nehnutelnosti.sk/foto/NjAweDMzOC9maWx0ZXJzOnF1YWxpdHkoMTAwKS9uZWg=/7cq-aMIq-_fss?st=ocbkyUDhU6hOJwey1tJGnPxxyx0UUVDOvYLwVG80YNg&ts=1725640265&e=0"]},{"title":"PREDAJ 3-IZBOVÝ BYT V NOVOSTAVBE, STUPAVA, JÁNA ONDRUŠA č.32.","address":"Jána Ondruša, Stupava, okres Malacky","rooms":3,"meters":80,"totalPrice":237622,"meterSquarePrice":9,"link":"https://www.nehnutelnosti.sk/detail/JuKaFWYOxSE/predaj-3-izbovy-byt-v-novostavbe-stupava-jana-ondrusa-c-32","imagesUrls":["https://img.nehnutelnosti.sk/foto/NjAweDMzOC9maWx0ZXJzOnF1YWxpdHkoMTAwKS9uZWg=/JJX-roTi6_fss?st=2iIfKOwXjhYi770m6OzIpyfQuDqLtoAt3Alo_lxuNXQ&ts=1725640261&e=0"]},{"title":"Predám 3 izbový byt Klimkovičova ul. na KVP","address":"Klimkovičova 3105/27, Košice II - Sídlisko KVP, okres Košice","rooms":3,"meters":112,"totalPrice":315790,"meterSquarePrice":8,"link":"https://www.nehnutelnosti.sk/detail/Jud-PVACfzX/predam-3-izbovy-byt-klimkovicova-ul-na-kvp","imagesUrls":["https://img.nehnutelnosti.sk/foto/NjAweDMzOC9maWx0ZXJzOnF1YWxpdHkoMTAwKS9uZWg=/ywgsdlVY6_fss?st=XAgnn6BEy3Q2flzSc7Ci8KXTWdp_Z3XqfZ0C0pbhrNY&ts=1725639854&e=0"]},{"title":"REZERVOVANÉ Na predaj 2i byt v Banskej Bystrici, časť Fončorda","address":"Banská Bystrica, okres Banská Bystrica","rooms":2,"meters":50,"totalPrice":123480,"meterSquarePrice":0,"link":"https://www.nehnutelnosti.sk/detail/Ju4IPJO1vN_/rezervovane-na-predaj-2i-byt-v-banskej-bystrici-cast-foncorda","imagesUrls":["https://img.nehnutelnosti.sk/foto/NjAweDMzOC9maWx0ZXJzOnF1YWxpdHkoMTAwKS9uZWg=/imAXKPpDC_fss?st=l5H6zekpOCTySU-YConcJDt6QNg75dMvxq_jx6Qsnek&ts=1725638749&e=0"]},{"title":"2-izbový byt č.1, vchod č.8 novostavba Púchov","address":"J. Smreka, Púchov, okres Púchov","rooms":2,"meters":59,"totalPrice":134680,"meterSquarePrice":5,"link":"https://www.nehnutelnosti.sk/detail/Ju9ry70GXSI/2-izbovy-byt-c-1-vchod-c-8-novostavba-puchov","imagesUrls":["https://img.nehnutelnosti.sk/foto/NjAweDMzOC9maWx0ZXJzOnF1YWxpdHkoMTAwKS9uZWg=/CwVfpz-9Vb_fss?st=aaUi-rUAjxSwXlOxiEYwOS2R0LSLSNjXMzSTx2H7i2M&ts=1719320711&e=0"]},{"title":"BD – RELAX; 2 IZBOVÝ BYT; 2.NP; 60,89m2;","address":"Letná, Stará Ľubovňa, okres Stará Ľubovňa","rooms":2,"meters":54,"totalPrice":null,"meterSquarePrice":null,"link":"https://www.nehnutelnosti.sk/detail/JuN8U-lP9Zr/bd-relax-2-izbovy-byt-2-np-60-89m2","imagesUrls":["https://img.nehnutelnosti.sk/foto/NjAweDMzOC9maWx0ZXJzOnF1YWxpdHkoMTAwKS9uZWg=/9iaJZQDiq_fss?st=OUzSZZ2T4MZTqQxV-02ODAsrM0m9V5muQLm0039Qtyw&ts=1723747339&e=0"]},{"title":"REZERVOVANÉ Slnečný 3-izbový byt na Bakošovej ulici","address":"Bakošova, Bratislava IV - Lamač, okres Bratislava","rooms":3,"meters":74,"totalPrice":234900,"meterSquarePrice":2,"link":"https://www.nehnutelnosti.sk/detail/Ju3LjEzmGyJ/rezervovane-slnecny-3-izbovy-byt-na-bakosovej-ulici","imagesUrls":["https://img.nehnutelnosti.sk/foto/NjAweDMzOC9maWx0ZXJzOnF1YWxpdHkoMTAwKS9uZWg=/s9rTsboyO_fss?st=1yuhXN0YZHSVQ6UBPw6h3lfcPBhHUg_GWQyRPdrrEck&ts=1709817344&e=0"]},{"title":"Predaj 3 izbového bytu v RD zariadená novostavba s pozemkom, parking pred domom 2x","address":"Michal na Ostrove, Michal na Ostrove, okres Dunajská Streda","rooms":3,"meters":null,"totalPrice":null,"meterSquarePrice":null,"link":"https://www.nehnutelnosti.sk/detail/JuiSoyCZFHT/predaj-3-izboveho-bytu-v-rd-zariadena-novostavba-s-pozemkom-parking-pred-domom-2x","imagesUrls":["https://img.nehnutelnosti.sk/foto/NjAweDMzOC9maWx0ZXJzOnF1YWxpdHkoMTAwKS9uZWg=/stCDSviBm_fss?st=OyVgNQ1YSY2M_u_HTVy3IUp8t6sUejoS0RE0hvqrzLs&ts=1723657597&e=0"]},{"title":"Zariadený 4i byt v obľúbenej lokalite","address":"Gelnická, Bratislava III - Rača, okres Bratislava","rooms":4,"meters":83,"totalPrice":269000,"meterSquarePrice":6,"link":"https://www.nehnutelnosti.sk/detail/JugjqbyTAKC/zariadeny-4i-byt-v-oblubenej-lokalite","imagesUrls":["https://img.nehnutelnosti.sk/foto/NjAweDMzOC9maWx0ZXJzOnF1YWxpdHkoMTAwKS9uZWg=/LURMevwrD_fss?st=F77tnDER-KVx_ccwv75SPhKdrE7RmmTNXjQErr6WNpM&ts=1722530072&e=0"]},{"title":"Exkluzívne Vám ponúkame na predaj dvojizbový byt v Novej Bani","address":"Cintorínska, Nová Baňa, okres Žarnovica","rooms":2,"meters":52,"totalPrice":89000,"meterSquarePrice":0,"link":"https://www.nehnutelnosti.sk/detail/Ju3zUwcOVTS/exkluzivne-vam-ponukame-na-predaj-dvojizbovy-byt-v-novej-bani","imagesUrls":["https://img.nehnutelnosti.sk/foto/NjAweDMzOC9maWx0ZXJzOnF1YWxpdHkoMTAwKS9uZWg=/MRAls5Pvq_fss?st=Mbd60EG1LbA4afNo9omJi4yBOc8HEiQiX56ShiUeCDY&ts=1725637162&e=0"]},{"title":"Exkluzívne  na predaj 3 izbový byt o výmere 62,25 m2 vo Zvolene, ul. Nográdyho, sídlisko Západ.","address":"A. Nográdyho, Zvolen, okres Zvolen","rooms":3,"meters":62,"totalPrice":139000,"meterSquarePrice":3,"link":"https://www.nehnutelnosti.sk/detail/Ju3gUGcEcXK/exkluzivne-na-predaj-3-izbovy-byt-o-vymere-62-25-m2-vo-zvolene-ul-nogradyho-sidlisko-zapad","imagesUrls":["https://img.nehnutelnosti.sk/foto/NjAweDMzOC9maWx0ZXJzOnF1YWxpdHkoMTAwKS9uZWg=/h_hhRUC_N_fss?st=rf0lUeuRHwoSDv0heHct59zn5P8HR-FEPaxkO-AAqOY&ts=1725637161&e=0"]},{"title":"Podkrovný apartmán s 2 spálňami a galériou - Lipto","address":"Námestie Osloboditeľov 74/13, Liptovský Mikuláš, okres Liptovský Mikuláš","rooms":3,"meters":94,"totalPrice":396000,"meterSquarePrice":3,"link":"https://www.nehnutelnosti.sk/detail/Ju3v2deSUT5/podkrovny-apartman-s-2-spalnami-a-galeriou-lipto","imagesUrls":["https://img.nehnutelnosti.sk/foto/NjAweDMzOC9maWx0ZXJzOnF1YWxpdHkoMTAwKS9uZWg=/2xi1ygOs6_fss?st=XHK8GZpIrizlpsXzaicheE0670wyUPpq-NcdTVL3DOc&ts=1723044780&e=0"]},{"title":"Exkluzívne ponúkam na predaj 2,5 izbový byt o výmere 63,95 m2 na ul. Š. Moysesa  v Žiari nad Hronom","address":"Š. Moysesa, Žiar nad Hronom, okres Žiar nad Hronom","rooms":2,"meters":63,"totalPrice":92990,"meterSquarePrice":0,"link":"https://www.nehnutelnosti.sk/detail/JuGPL66qEFe/exkluzivne-ponukam-na-predaj-2-5-izbovy-byt-o-vymere-63-95-m2-na-ul-s-moysesa-v-ziari-nad-hronom","imagesUrls":["https://img.nehnutelnosti.sk/foto/NjAweDMzOC9maWx0ZXJzOnF1YWxpdHkoMTAwKS9uZWg=/Yns-MwOpTr_fss?st=nao8Ezig7CG4Vx7XgG_lxI0ljZyJ1gAEzPA5t4LW4Po&ts=1725636344&e=0"]},{"title":"GODDESS & ASSENZIO - PREDAJ- 3 IZBOVÝ BYT 75M2 - MIEROVÁ - RUŽINOV","address":"Mierová, Bratislava II - Ružinov, okres Bratislava","rooms":3,"meters":75,"totalPrice":289900,"meterSquarePrice":3,"link":"https://www.nehnutelnosti.sk/detail/JuLUd5Xuxr8/goddess-assenzio-predaj-3-izbovy-byt-75m2-mierova-ruzinov","imagesUrls":["https://img.nehnutelnosti.sk/foto/NjAweDMzOC9maWx0ZXJzOnF1YWxpdHkoMTAwKS9uZWg=/sCe5j-WRy_fss?st=HqvChgaP3UYv0p_KwF_7hDaKgLs87fW-rxpMjR65VpU&ts=1726130823&e=0"]},{"title":"Apartmán s 2 spálňami - Liptovský Mikuláš","address":"Námestie Osloboditeľov 74/13, Liptovský Mikuláš, okres Liptovský Mikuláš","rooms":3,"meters":75,"totalPrice":336000,"meterSquarePrice":1,"link":"https://www.nehnutelnosti.sk/detail/JuR7qWw7H0C/apartman-s-2-spalnami-liptovsky-mikulas","imagesUrls":["https://img.nehnutelnosti.sk/foto/NjAweDMzOC9maWx0ZXJzOnF1YWxpdHkoMTAwKS9uZWg=/sRZt1TdzT_fss?st=j2xsRXxbS6sRxq0hv5NnJSgGbNXiX2xX4ur_NsLV-JY&ts=1724235970&e=0"]},{"title":"Predaj krásneho, svetlého a moderne zariad. bytu","address":"Námestie 1. mája, Senec, okres Senec","rooms":4,"meters":100,"totalPrice":255900,"meterSquarePrice":9,"link":"https://www.nehnutelnosti.sk/detail/JuFA-dz8zOC/predaj-krasneho-svetleho-a-moderne-zariad-bytu","imagesUrls":["https://img.nehnutelnosti.sk/foto/NjAweDMzOC9maWx0ZXJzOnF1YWxpdHkoMTAwKS9uZWg=/xhFTTAfnD_fss?st=b4aBx_37aV1Lkbth4mWXA7j-IEuxqUjOFZIYwK4Ti2w&ts=1725634924&e=0"]},{"title":"DIRECTREAL|ZNÍŽENÁ CENA! Na predaj 3-izb.byt VHODNÝ aj na INVESTÍCIU,KANCELÁRIU,SLUŽBY v pôv.stave,N","address":"blízko M. R. Štefánika, Nové Zámky, okres Nové Zámky","rooms":3,"meters":58,"totalPrice":76300,"meterSquarePrice":2,"link":"https://www.nehnutelnosti.sk/detail/JuOTwHZGIwm/directreal-znizena-cena-na-predaj-3-izb-byt-vhodny-aj-na-investiciu-kancelariu-sluzby-v-pov-stave-n","imagesUrls":["https://img.nehnutelnosti.sk/foto/NjAweDMzOC9maWx0ZXJzOnF1YWxpdHkoMTAwKS9uZWg=/dvl2HWUKxr_fss?st=-jp3d7iZ8vsJAo5dy5IGKnzmGCbG5UcffPMLmWvhB9g&ts=1725633819&e=0"]},{"title":"3i Drieňová -pripravujeme na predaj","address":"Bratislava II - Ružinov, okres Bratislava","rooms":3,"meters":67,"totalPrice":199000,"meterSquarePrice":5,"link":"https://www.nehnutelnosti.sk/detail/JuV1958Z_4w/3i-drienova-pripravujeme-na-predaj","imagesUrls":["https://img.unitedclassifieds.sk/foto/NjAweDMzOC9maWx0ZXJzOnF1YWxpdHkoMTAwKS9qdWw=/5rz-lD8GEt_fss?st=Ny_Z02tGC9qwS1xYsOQd31Wyxr5ABBQOMrD1YpVkVsQ&ts=1725631329&e=0"]},{"title":"Predaj 3i Štrkovecké jazero-Ružinov","address":"Bratislava II - Ružinov, okres Bratislava","rooms":3,"meters":70,"totalPrice":239000,"meterSquarePrice":9,"link":"https://www.nehnutelnosti.sk/detail/JusGOX6rSC_/predaj-3i-strkovecke-jazero-ruzinov","imagesUrls":["https://img.unitedclassifieds.sk/foto/NjAweDMzOC9maWx0ZXJzOnF1YWxpdHkoMTAwKS9qdWw=/Dt5c3OhuY_fss?st=1DE6hL5Pu1AiRP_wlYnlelM1vpMuB6Cx7A9P9XHGe0A&ts=1725629313&e=0"]},{"title":"Predaj priestranného bytu 2 + 1 s balkónom v Čadci","address":"Čadca, okres Čadca","rooms":2,"meters":66,"totalPrice":127000,"meterSquarePrice":4,"link":"https://www.nehnutelnosti.sk/detail/JuDhOh33xYf/predaj-priestranneho-bytu-2-1-s-balkonom-v-cadci","imagesUrls":["https://img.unitedclassifieds.sk/foto/NjAweDMzOC9maWx0ZXJzOnF1YWxpdHkoMTAwKS9qdWw=/tfTX9YxS5_fss?st=L82QTqCpvZEY8FdM3McFb458nG96E-1gOTLAgv2HIU0&ts=1725628761&e=0"]},{"title":"DIRECTREAL|Moderne zrekonštruovaný byt v centre mesta Šaľa - kompletne zariadený - okamžite voľný","address":"Budovateľská, Šaľa, okres Šaľa","rooms":2,"meters":48,"totalPrice":130000,"meterSquarePrice":3,"link":"https://www.nehnutelnosti.sk/detail/JuQRxRQ2E5M/directreal-moderne-zrekonstruovany-byt-v-centre-mesta-sala-kompletne-zariadeny-okamzite-volny","imagesUrls":["https://img.nehnutelnosti.sk/foto/NjAweDMzOC9maWx0ZXJzOnF1YWxpdHkoMTAwKS9uZWg=/VyvSMXRD8_fss?st=JRqKGhYUnIqv7fBZcQN9en5mKAVDpmiwhtQvk2RQrGA&ts=1727031107&e=0"]},{"title":"Ponúkame na predaj krásny 2.izb byt v Nitre v úplnom centre pri OC Mlyny","address":"Chalupkova, Nitra, okres Nitra","rooms":2,"meters":57,"totalPrice":1,"meterSquarePrice":2,"link":"https://www.nehnutelnosti.sk/detail/JuiOHTAzi7j/ponukame-na-predaj-krasny-2-izb-byt-v-nitre-v-uplnom-centre-pri-oc-mlyny","imagesUrls":["https://img.nehnutelnosti.sk/foto/NjAweDMzOC9maWx0ZXJzOnF1YWxpdHkoMTAwKS9uZWg=/nnwbD-NLDg_fss?st=f4_QoeV5ogeuUfofYKm5VLH3zq5VKU8GgXDwD6A4_Rs&ts=1725626275&e=0"]},{"title":"1- izbový byt v obci Špačince","address":"Šelpice, Šelpice, okres Trnava","rooms":1,"meters":30,"totalPrice":99900,"meterSquarePrice":0,"link":"https://www.nehnutelnosti.sk/detail/JuUVh98uC-J/1-izbovy-byt-v-obci-spacince","imagesUrls":["https://img.nehnutelnosti.sk/foto/NjAweDMzOC9maWx0ZXJzOnF1YWxpdHkoMTAwKS9uZWg=/H4Ni9F7oRO_fss?st=KbwW4u5apWacU6wkdvlRGpNtn5cOXERtZSwZ5GUKaG8&ts=1725624182&e=0"]}]