[{"title":"ODKUPIME VASU NEHNUTELNOST","address":"Galanta, okres Galanta","rooms":1,"meters":35,"totalPrice":null,"meterSquarePrice":null,"link":"https://www.nehnutelnosti.sk/detail/JucRNS3YkgF/odkupime-vasu-nehnutelnost","imagesUrls":["https://img.unitedclassifieds.sk/foto/NjAweDMzOC9maWx0ZXJzOnF1YWxpdHkoMTAwKS9yc2Y=/BwIdzzolp_fss?st=ywZVO3gNwGxY4ahSHfWhWPWn_dd4NMIX7INIXQ4qt-0&ts=1638870368&e=0"]},{"title":"Predám 1- izb. byt na Železničnej, HC","address":"Železnicná, Hlohovec, okres Hlohovec","rooms":1,"meters":32,"totalPrice":82000,"meterSquarePrice":0,"link":"https://www.nehnutelnosti.sk/detail/JuLPHYbVVQF/predam-1-izb-byt-na-zeleznicnej-hc","imagesUrls":["https://img.unitedclassifieds.sk/foto/NjAweDMzOC9maWx0ZXJzOnF1YWxpdHkoMTAwKS9qdWw=/GiTVxjnGU_fss?st=JKtsQAyrTttzlBKMOiBUb6ViYzRClbFeRSSpPSqzz_4&ts=1715252221&e=0"]},{"title":"KOLOSEO veľký 2-izbový byt pri Kuchajde ✅ 3D prehliadka✅","address":"Tomášikova, Bratislava III - Nové Mesto, okres Bratislava","rooms":2,"meters":70,"totalPrice":235000,"meterSquarePrice":4,"link":"https://www.nehnutelnosti.sk/detail/Jua9qzup3lk/koloseo-velky-2-izbovy-byt-pri-kuchajde-3d-prehliadka","imagesUrls":["https://img.nehnutelnosti.sk/foto/NjAweDMzOC9maWx0ZXJzOnF1YWxpdHkoMTAwKS9uZWg=/vhKyWu7tV_fss?st=H38K-ppVNEOGCSD0hulVG-DsWhtG_Wrxnhwp3vFWreM&ts=1725986273&e=0"]},{"title":"3 izbový byt, Obchodná 14, Košice II – Terasa, podiel 1/4","address":"Obchodná 442/14, Košice II - Západ, okres Košice","rooms":3,"meters":64,"totalPrice":33800,"meterSquarePrice":8,"link":"https://www.nehnutelnosti.sk/detail/Juod1WxGsJ1/3-izbovy-byt-obchodna-14-kosice-ii-terasa-podiel-1-4","imagesUrls":["https://img.unitedclassifieds.sk/foto/NjAweDMzOC9maWx0ZXJzOnF1YWxpdHkoMTAwKS9qdWw=/OZBEPIxBa_fss?st=4tIKuvuI02BLUdybE-8pmWsJGU1ofrT4r6ooytgG-kI&ts=1726567841&e=0"]},{"title":"2 izbový byt na ul. Janka Kráľa 1010/8, Snina","address":"Janka Kráľa, Snina, okres Snina","rooms":2,"meters":57,"totalPrice":42800,"meterSquarePrice":4,"link":"https://www.nehnutelnosti.sk/detail/JuJmbnBKlkp/2-izbovy-byt-na-ul-janka-krala-1010-8-snina","imagesUrls":["https://img.unitedclassifieds.sk/foto/NjAweDMzOC9maWx0ZXJzOnF1YWxpdHkoMTAwKS9qdWw=/EIduJubN6_fss?st=ysS9N5FlEu1qfVUczDRsv4SV22yysWN1FVwVMIjpXbc&ts=1723715833&e=0"]},{"title":"ZNÍŽENÁ CENA - 2 izbový byt, Námestie oceliarov 15, Košice – Šaca","address":"Nám. oceliarov 15, Košice II - Šaca, okres Košice","rooms":2,"meters":45,"totalPrice":48240,"meterSquarePrice":7,"link":"https://www.nehnutelnosti.sk/detail/Jui6G217TNQ/znizena-cena-2-izbovy-byt-namestie-oceliarov-15-kosice-saca","imagesUrls":["https://img.unitedclassifieds.sk/foto/NjAweDMzOC9maWx0ZXJzOnF1YWxpdHkoMTAwKS9qdWw=/i6EAB403w_fss?st=gF5D_KEXF6wRINldK0kxPBy5FOx0qBe7IoQdmd3oOjs&ts=1721213321&e=0"]},{"title":"ZNÍŽENÁ CENA - 3 izbový byt, Zombova 23, Košice – KVP","address":"Zombova 23, Košice II - Sídlisko KVP, okres Košice","rooms":3,"meters":61,"totalPrice":144900,"meterSquarePrice":0,"link":"https://www.nehnutelnosti.sk/detail/Ju1GsIrA0b3/znizena-cena-3-izbovy-byt-zombova-23-kosice-kvp","imagesUrls":["https://img.unitedclassifieds.sk/foto/NjAweDMzOC9maWx0ZXJzOnF1YWxpdHkoMTAwKS9qdWw=/y3aeG51hF_fss?st=OKqOvfBF2DlTHD7ya0XXaeNyhCswkmighQQAr19U3Ks&ts=1718780373&e=0"]},{"title":"ZNÍŽENÁ CENA - 1 izbový byt na ul. ČSA so súp. č. 71, Brezno","address":"Československej armády, Brezno, okres Brezno","rooms":1,"meters":39,"totalPrice":44700,"meterSquarePrice":5,"link":"https://www.nehnutelnosti.sk/detail/JuQG2xv2Vt1/znizena-cena-1-izbovy-byt-na-ul-csa-so-sup-c-71-brezno","imagesUrls":["https://img.unitedclassifieds.sk/foto/NjAweDMzOC9maWx0ZXJzOnF1YWxpdHkoMTAwKS9qdWw=/xAgXmukq1_fss?st=W50JQThbMfrpu-5U-rQOmXDpC60pWEjUN-9W-hkDjUg&ts=1718268927&e=0"]},{"title":"3 izbový byt v štvorbytovke, Nový Dvor – Veľké Úľany, okres Galanta","address":"Nový Dvor, Veľké Úľany, okres Galanta","rooms":3,"meters":63,"totalPrice":89900,"meterSquarePrice":8,"link":"https://www.nehnutelnosti.sk/detail/JurXVNXTImD/3-izbovy-byt-v-stvorbytovke-novy-dvor-velke-ulany-okres-galanta","imagesUrls":["https://img.unitedclassifieds.sk/foto/NjAweDMzOC9maWx0ZXJzOnF1YWxpdHkoMTAwKS9yc2Y=/-c0R_4JW-_fss?st=P6C4aQ-Z7RMW7qbMCHWofgMwNRJltt-xfnZhBTX773Q&ts=1665239887&e=0"]},{"title":"PREDAJ, 1-izbový byt s krásnym výhľadom, tichá lokalita, Tlmače","address":"Nová, Tlmače, okres Levice","rooms":1,"meters":35,"totalPrice":43000,"meterSquarePrice":7,"link":"https://www.nehnutelnosti.sk/detail/Ju64LaeNEME/predaj-1-izbovy-byt-s-krasnym-vyhladom-ticha-lokalita-tlmace","imagesUrls":["https://img.nehnutelnosti.sk/foto/NjAweDMzOC9maWx0ZXJzOnF1YWxpdHkoMTAwKS9uZWg=/IomO8lb4H_fss?st=YZ6bLP3vGW6qa7oHBBrkIuhcDj5cprPMCenww6t0O5s&ts=1687526186&e=0"]},{"title":"VYUŽITE PRÍLEŽITOSŤ NA INVESTÍCIU! APARTMÁNY LIPTOV!","address":"Iľanovská cesta, Závažná Poruba, okres Liptovský Mikuláš","rooms":null,"meters":24,"totalPrice":99000,"meterSquarePrice":2,"link":"https://www.nehnutelnosti.sk/detail/JujliidGTPm/vyuzite-prilezitost-na-investiciu-apartmany-liptov","imagesUrls":["https://img.nehnutelnosti.sk/foto/NjAweDMzOC9maWx0ZXJzOnF1YWxpdHkoMTAwKS9uZWg=/pA5fvUnTxg_fss?st=hhzA-v8BNqtKj73HE3CYH4zYGq1klFwnT8qTAuUCiqs&ts=1726116749&e=0"]},{"title":"Predaj veľký zrekonštruovaný 2 izbový byt s balkónom, Bebravská ulica.","address":"Bebravská, Bratislava II - Vrakuňa, okres Bratislava","rooms":2,"meters":76,"totalPrice":194900,"meterSquarePrice":7,"link":"https://www.nehnutelnosti.sk/5445734/predaj-velky-zrekonstruovany-2-izbovy-byt-s-balkonom-bebravska-ulica/","imagesUrls":["https://img.nehnutelnosti.sk/foto/NjAweDMzOC9maWx0ZXJzOnF1YWxpdHkoMTAwKS9uZWg=/LmP57BZlhc_fss?st=_qEPPyD6XU7vKRfkVt6Y_ePxJmRBv20wzrfEmpC3e0o&ts=1717608979&e=0"]},{"title":"Predaj novostavba 2-izbový byt s parkovacím miestom, Bratislava - Ružinov, Trnávka, Vápenná ulica","address":"Vápenná, Bratislava II - Ružinov, okres Bratislava","rooms":2,"meters":54,"totalPrice":173000,"meterSquarePrice":0,"link":"https://www.nehnutelnosti.sk/detail/JupEg03yfzR/predaj-novostavba-2-izbovy-byt-s-parkovacim-miestom-bratislava-ruzinov-trnavka-vapenna-ulica","imagesUrls":["https://img.nehnutelnosti.sk/foto/NjAweDMzOC9maWx0ZXJzOnF1YWxpdHkoMTAwKS9uZWg=/_KNctECdY_fss?st=wJ5q3Vvueu8MBfU1Mnwtm0ssHoPQ7PJ9ZDczg1ZaNz4&ts=1726645290&e=0"]},{"title":"NA PREDAJ - 3 izbový byt s loggiou v tichej časti Vrakune, Hnilecká ulica","address":"Hnilecká, Bratislava II - Vrakuňa, okres Bratislava","rooms":3,"meters":68,"totalPrice":160000,"meterSquarePrice":4,"link":"https://www.nehnutelnosti.sk/detail/Ju7I_maYphe/na-predaj-3-izbovy-byt-s-loggiou-v-tichej-casti-vrakune-hnilecka-ulica","imagesUrls":["https://img.nehnutelnosti.sk/foto/NjAweDMzOC9maWx0ZXJzOnF1YWxpdHkoMTAwKS9uZWg=/hR2BkBCh3_fss?st=V2pFZMOywppg3ZPhMigd5_2wRqbkl8gsZ53qyGN5O4Y&ts=1726644081&e=0"]},{"title":"HALO reality - Predaj, trojizbový byt Levice","address":"Levice, okres Levice","rooms":3,"meters":88,"totalPrice":123000,"meterSquarePrice":3,"link":"https://www.nehnutelnosti.sk/detail/JuHGAFVR0X9/halo-reality-predaj-trojizbovy-byt-levice","imagesUrls":["https://img.nehnutelnosti.sk/foto/NjAweDMzOC9maWx0ZXJzOnF1YWxpdHkoMTAwKS9uZWg=/rlJoLeSPN_fss?st=NCdIEjdYOhGKMbTF68sBYqkMfeYTIzRJqfvBVYR1o0c&ts=1726644072&e=0"]},{"title":"Na predaj 1 izbový byt na prednádraží po kompletnej rekonštrukcii 2024","address":"Ľ. Štúra, Nové Zámky, okres Nové Zámky","rooms":1,"meters":36,"totalPrice":81000,"meterSquarePrice":0,"link":"https://www.nehnutelnosti.sk/detail/JuDa7IRl8k3/na-predaj-1-izbovy-byt-na-prednadrazi-po-kompletnej-rekonstrukcii-2024","imagesUrls":["https://img.nehnutelnosti.sk/foto/NjAweDMzOC9maWx0ZXJzOnF1YWxpdHkoMTAwKS9uZWg=/a8rMrbqdw_fss?st=cCF1rtkjr-RMwXG3P5ymFpDmgLBYi0Ewvac2Ck3uMU4&ts=1721901781&e=0"]},{"title":"Predám 3 izbový byt v tehlovej bytovke v centre","address":"Kraskova, Nové Zámky, okres Nové Zámky","rooms":3,"meters":62,"totalPrice":105000,"meterSquarePrice":5,"link":"https://www.nehnutelnosti.sk/detail/JuFPa9Rn2HX/predam-3-izbovy-byt-v-tehlovej-bytovke-v-centre","imagesUrls":["https://img.nehnutelnosti.sk/foto/NjAweDMzOC9maWx0ZXJzOnF1YWxpdHkoMTAwKS9uZWg=/0kz2FyOIW_fss?st=s5C9PpW3uSDhNSzkIbZ-KMYN5B6xQVmn1s2bXwV879M&ts=1726575813&e=0"]},{"title":"REZERVOVANE Na Predaj 2 izbový byt na prednádraží","address":"Námestie Gy. Széchényiho, Nové Zámky, okres Nové Zámky","rooms":2,"meters":61,"totalPrice":84000,"meterSquarePrice":5,"link":"https://www.nehnutelnosti.sk/detail/JuQYeBPOh2Z/rezervovane-na-predaj-2-izbovy-byt-na-prednadrazi","imagesUrls":["https://img.nehnutelnosti.sk/foto/NjAweDMzOC9maWx0ZXJzOnF1YWxpdHkoMTAwKS9uZWg=/oivGZMhPz_fss?st=zJvUDIXb_-ZKbG6NmyhnDMk0AOCRLtjxT39YQD-yyCA&ts=1718118090&e=0"]},{"title":"EXKLUZÍVNA ponuka Na predaj 3 izbový byt v novostavbe s terasou a garážou","address":"Nové Zámky, okres Nové Zámky","rooms":3,"meters":134,"totalPrice":null,"meterSquarePrice":null,"link":"https://www.nehnutelnosti.sk/detail/Juzz0u7UNNg/exkluzivna-ponuka-na-predaj-3-izbovy-byt-v-novostavbe-s-terasou-a-garazou","imagesUrls":["https://img.nehnutelnosti.sk/foto/NjAweDMzOC9maWx0ZXJzOnF1YWxpdHkoMTAwKS9uZWg=/xQKG-2Mu4Y_fss?st=U1i0237UiQvajC5kgq8wUxlhH3nzmCgHRmZ1T-N1Q1w&ts=1716281690&e=0"]},{"title":"Na predaj 3 izbový byt rekonštrukcii 2023 na Prednádraží","address":"Nové Zámky, okres Nové Zámky","rooms":3,"meters":78,"totalPrice":114000,"meterSquarePrice":4,"link":"https://www.nehnutelnosti.sk/detail/JuW0pjFe0qo/na-predaj-3-izbovy-byt-rekonstrukcii-2023-na-prednadrazi","imagesUrls":["https://img.nehnutelnosti.sk/foto/NjAweDMzOC9maWx0ZXJzOnF1YWxpdHkoMTAwKS9uZWg=/G1mSNM3fx_fss?st=COd0yRGootmYXZEIJ4pNX9KF66NWv0I_haAd9LENUss&ts=1687549574&e=0"]},{"title":"Ponúkam na predaj zariadený 3 izbový byt JUH - rezervované","address":"Vajanskeho, Nové Zámky, okres Nové Zámky","rooms":3,"meters":65,"totalPrice":98000,"meterSquarePrice":9,"link":"https://www.nehnutelnosti.sk/detail/JuWn2RzHzkO/ponukam-na-predaj-zariadeny-3-izbovy-byt-juh-rezervovane","imagesUrls":["https://img.nehnutelnosti.sk/foto/NjAweDMzOC9maWx0ZXJzOnF1YWxpdHkoMTAwKS9uZWg=/afIX4kYxm_fss?st=nrNlltBlIab84Eb4SBCab7HYo7gEbI57gD7SzImc0SI&ts=1695542475&e=0"]},{"title":"Exkluzívne Ponúkam na predaj 1 izbový byt na Prednádraží","address":"L.štura, Nové Zámky, okres Nové Zámky","rooms":1,"meters":36,"totalPrice":63000,"meterSquarePrice":0,"link":"https://www.nehnutelnosti.sk/detail/Jub8WSpwr5R/exkluzivne-ponukam-na-predaj-1-izbovy-byt-na-prednadrazi","imagesUrls":["https://img.nehnutelnosti.sk/foto/NjAweDMzOC9maWx0ZXJzOnF1YWxpdHkoMTAwKS9uZWg=/nN11LOAbca_fss?st=Yyrgy5M9FzS4lLGSh4WerVI4y-OGLOq6MBr7F566K9U&ts=1717584137&e=0"]},{"title":"Exkluzívne predám 1 izbový byt na Prednádraží","address":"Cyrilometodská, Nové Zámky, okres Nové Zámky","rooms":1,"meters":36,"totalPrice":63000,"meterSquarePrice":0,"link":"https://www.nehnutelnosti.sk/detail/JuJmqVzdyEw/exkluzivne-predam-1-izbovy-byt-na-prednadrazi","imagesUrls":["https://img.nehnutelnosti.sk/foto/NjAweDMzOC9maWx0ZXJzOnF1YWxpdHkoMTAwKS9uZWg=/ubkdPUrkw_fss?st=EYKXEItbPix4UfnHivRgnziQgboZWOnc9L89ywbK4eo&ts=1717563476&e=0"]},{"title":"Exkluzívne Ponúkame na Predaj Rodinný dom vo vyhľadávanej lokalite za nemocnicou","address":"Poľná, Nové Zámky, okres Nové Zámky","rooms":3,"meters":89,"totalPrice":127000,"meterSquarePrice":7,"link":"https://www.nehnutelnosti.sk/detail/JuMh7XSO6RP/exkluzivne-ponukame-na-predaj-rodinny-dom-vo-vyhladavanej-lokalite-za-nemocnicou","imagesUrls":["https://img.nehnutelnosti.sk/foto/NjAweDMzOC9maWx0ZXJzOnF1YWxpdHkoMTAwKS9uZWg=/RjnsdLoyvR_fss?st=7mxLE8cCkRwhyHqYW8xw0i6fg9S8OLgh_jbaCXjjnWU&ts=1717084935&e=0"]},{"title":"Exluzívne na predaj 2 izbový byt v Novostavbe - Dvory nad Žitavou","address":"Nové Zámky, okres Nové Zámky","rooms":2,"meters":55,"totalPrice":89000,"meterSquarePrice":8,"link":"https://www.nehnutelnosti.sk/detail/Juws8kTAy2x/exluzivne-na-predaj-2-izbovy-byt-v-novostavbe-dvory-nad-zitavou","imagesUrls":["https://img.nehnutelnosti.sk/foto/NjAweDMzOC9maWx0ZXJzOnF1YWxpdHkoMTAwKS9uZWg=/MgpXxjXJw_fss?st=s-q9zxGuAgArxFPUjjLYaOGbf5BQd7MW7_34CNKEr8Q&ts=1679499140&e=0"]},{"title":"Exkluzívne na Predaj krásny veľký 3 izbový byt po kompletnej rekonštrukcii","address":"G.Bethlena, Nové Zámky, okres Nové Zámky","rooms":3,"meters":84,"totalPrice":128000,"meterSquarePrice":1,"link":"https://www.nehnutelnosti.sk/detail/Ju2IiACnbPE/exkluzivne-na-predaj-krasny-velky-3-izbovy-byt-po-kompletnej-rekonstrukcii","imagesUrls":["https://img.nehnutelnosti.sk/foto/NjAweDMzOC9maWx0ZXJzOnF1YWxpdHkoMTAwKS9uZWg=/c5ID_EMT4_fss?st=ygxDL705NGaQcJ1w7kYXpq5NwfvnAcg7NLZ6JBFW7ZU&ts=1713253621&e=0"]},{"title":"Ponúkame na predaj 2 izbový moderný byt","address":"Nové Zámky, okres Nové Zámky","rooms":2,"meters":68,"totalPrice":110000,"meterSquarePrice":5,"link":"https://www.nehnutelnosti.sk/detail/JuDfY-nmaMZh/ponukame-na-predaj-2-izbovy-moderny-byt","imagesUrls":["https://img.nehnutelnosti.sk/foto/NjAweDMzOC9maWx0ZXJzOnF1YWxpdHkoMTAwKS9uZWg=/eYQuQ30Dd_fss?st=IJSBNzaIChT3gAaGWwbbInt_NOhYbRV07VEN_8e4Yqc&ts=1726492602&e=0"]},{"title":"Exkluzívne! Predám 3 izbový byt Nová rekonštrukcia  zariadený s loggiou","address":"Nové Zámky, okres Nové Zámky","rooms":3,"meters":64,"totalPrice":117000,"meterSquarePrice":3,"link":"https://www.nehnutelnosti.sk/detail/Ju9uDTkNKMB/exkluzivne-predam-3-izbovy-byt-nova-rekonstrukcia-zariadeny-s-loggiou","imagesUrls":["https://img.nehnutelnosti.sk/foto/NjAweDMzOC9maWx0ZXJzOnF1YWxpdHkoMTAwKS9uZWg=/zg96CTBA7_fss?st=ORW5-cX0RGTLpZipUGBVGeq9waiQxEQAW8xGo2qXiyM&ts=1721757689&e=0"]},{"title":"Exkluzívna ponuka Na Predaj zariadený 3 izbový byt po kompletnej rekonštrukcii","address":"Nové Zámky, okres Nové Zámky","rooms":3,"meters":77,"totalPrice":109000,"meterSquarePrice":8,"link":"https://www.nehnutelnosti.sk/detail/JuBfj3DnB2X/exkluzivna-ponuka-na-predaj-zariadeny-3-izbovy-byt-po-kompletnej-rekonstrukcii","imagesUrls":["https://img.nehnutelnosti.sk/foto/NjAweDMzOC9maWx0ZXJzOnF1YWxpdHkoMTAwKS9uZWg=/8inhmug5VC_fss?st=A70MKkcpK2FsOuH9fqRpsjG7vOaKbjLKaVGcBrAj28Y&ts=1713253576&e=0"]},{"title":"Na predaj POSLEDNÉ BYTY V STAR RESIDENCE","address":"......, Nové Zámky, okres Nové Zámky","rooms":3,"meters":100,"totalPrice":null,"meterSquarePrice":null,"link":"https://www.nehnutelnosti.sk/detail/Jus9IITCiZr/na-predaj-posledne-byty-v-star-residence","imagesUrls":["https://img.nehnutelnosti.sk/foto/NjAweDMzOC9maWx0ZXJzOnF1YWxpdHkoMTAwKS9uZWg=/mxduJQkAv_fss?st=oXpkXvA-TUSYfWV7yS5ZfBguWhOUlVrJJ2xvFOZoHk0&ts=1706879359&e=0"]}]