[{"title":"Priestranný 2-izbový byt neďaleko centra mesta Poprad","address":"Francisciho, Poprad, okres Poprad","rooms":2,"meters":56,"totalPrice":null,"meterSquarePrice":null,"link":"https://www.nehnutelnosti.sk/detail/JuWaBO3w4Gu/priestranny-2-izbovy-byt-nedaleko-centra-mesta-poprad","imagesUrls":["https://img.unitedclassifieds.sk/foto/NjAweDMzOC9maWx0ZXJzOnF1YWxpdHkoMTAwKS9qdWw=/hl1_jAfqU_fss?st=nf2L80t9ybr0uZtnJ0HubRpS4SG87nyLSPXid-kOWFo&ts=1724673534&e=0"]},{"title":"Príjemný 3-izbový byt v obľúbenej lokalite Poprad- Západ","address":"Partizánska, Poprad, okres Poprad","rooms":3,"meters":76,"totalPrice":null,"meterSquarePrice":null,"link":"https://www.nehnutelnosti.sk/detail/JuP0SgALmtU/prijemny-3-izbovy-byt-v-oblubenej-lokalite-poprad-zapad","imagesUrls":["https://img.unitedclassifieds.sk/foto/NjAweDMzOC9maWx0ZXJzOnF1YWxpdHkoMTAwKS9qdWw=/TmKOAOYAB_fss?st=3IrMLtdIfl8tUDTJpmgnhwuaU3NElRCU29BxIempj6g&ts=1725083700&e=0"]},{"title":"Priestranný 3-izbový byt v novostavbe v centre Popradu","address":"Tatranské námestie, Poprad, okres Poprad","rooms":3,"meters":97,"totalPrice":null,"meterSquarePrice":null,"link":"https://www.nehnutelnosti.sk/detail/JutI9OgwzRx/priestranny-3-izbovy-byt-v-novostavbe-v-centre-popradu","imagesUrls":["https://img.unitedclassifieds.sk/foto/NjAweDMzOC9maWx0ZXJzOnF1YWxpdHkoMTAwKS9qdWw=/yZyPphaLr_fss?st=k9Kvm81tooW46hpSzyoeaaUo1FbcvVb7ejIHdjECODU&ts=1723021282&e=0"]},{"title":"Priestranný 2- izbový byt v komplexe Apartmány Lomnica v Tatrách","address":"Tatranská, Veľká Lomnica, okres Kežmarok","rooms":null,"meters":53,"totalPrice":null,"meterSquarePrice":null,"link":"https://www.nehnutelnosti.sk/detail/JuoK6HEp-2F/priestranny-2-izbovy-byt-v-komplexe-apartmany-lomnica-v-tatrach","imagesUrls":["https://img.unitedclassifieds.sk/foto/NjAweDMzOC9maWx0ZXJzOnF1YWxpdHkoMTAwKS9qdWw=/bZrTMvUhE_fss?st=3PVnAJ6qNDd9UdnIavwkghg7qYLZPZ6fNdrBsbccv7g&ts=1721813616&e=0"]},{"title":"Priestranný 3-izbový byt s krásnou terasou pod Tatrami","address":"Lipová, Veľká Lomnica, okres Kežmarok","rooms":null,"meters":70,"totalPrice":null,"meterSquarePrice":null,"link":"https://www.nehnutelnosti.sk/detail/JuL_lALc13-/priestranny-3-izbovy-byt-s-krasnou-terasou-pod-tatrami","imagesUrls":["https://img.unitedclassifieds.sk/foto/NjAweDMzOC9maWx0ZXJzOnF1YWxpdHkoMTAwKS9qdWw=/s_P30uFr-_fss?st=SWHJbMemSIPsugmx_tngiWXFE6AyGQdE8NideC4lDSI&ts=1721740304&e=0"]},{"title":"Na predaj 2-izbovy byt vo Svite","address":"Štúrova, Svit, okres Poprad","rooms":2,"meters":51,"totalPrice":104900,"meterSquarePrice":6,"link":"https://www.nehnutelnosti.sk/detail/Ju9pNAAaJ5u/na-predaj-2-izbovy-byt-vo-svite","imagesUrls":["https://img.unitedclassifieds.sk/foto/NjAweDMzOC9maWx0ZXJzOnF1YWxpdHkoMTAwKS9qdWw=/4XJRxLNk4_fss?st=nskkoiKzkJr4vZhYD8df9l5oKoNAD73QY_lsgTVm9pw&ts=1724763030&e=0"]},{"title":"Veľkometrážny 5-izbový byt s dvomi vlastnými pozemkami a garážou ","address":"Jahodná, Poprad, okres Poprad","rooms":5,"meters":200,"totalPrice":null,"meterSquarePrice":null,"link":"https://www.nehnutelnosti.sk/detail/Ju_5hk8Lpj8/velkometrazny-5-izbovy-byt-s-dvomi-vlastnymi-pozemkami-a-garazou","imagesUrls":["https://img.unitedclassifieds.sk/foto/NjAweDMzOC9maWx0ZXJzOnF1YWxpdHkoMTAwKS9qdWw=/IJoG1PM1z_fss?st=oJ8MO8ChnTawd2uu6ep5SYiFPByRdu6LIi6z6jpAvpY&ts=1721320405&e=0"]},{"title":"Novostavba Ekobyty III. Nadčasové bývanie s priestrannými terasami vo Svite","address":"9. mája, Svit, okres Poprad","rooms":4,"meters":89,"totalPrice":238000,"meterSquarePrice":6,"link":"https://www.nehnutelnosti.sk/detail/Jub5sUfdZOs/novostavba-ekobyty-iii-nadcasove-byvanie-s-priestrannymi-terasami-vo-svite","imagesUrls":["https://img.unitedclassifieds.sk/foto/NjAweDMzOC9maWx0ZXJzOnF1YWxpdHkoMTAwKS9qdWw=/xDD1SXsVj_fss?st=STBucPgASgS0gr4_6x2uUgXjj1DAEmUC3vXJu13wddE&ts=1725647351&e=0"]},{"title":"Pripravujeme: Na predaj 5-izbový mezonet v centre mesta Poprad","address":"Námestie Svätého Egídia, Poprad, okres Poprad","rooms":5,"meters":105,"totalPrice":null,"meterSquarePrice":null,"link":"https://www.nehnutelnosti.sk/detail/Jux3lt2m0LF/pripravujeme-na-predaj-5-izbovy-mezonet-v-centre-mesta-poprad","imagesUrls":["https://img.unitedclassifieds.sk/foto/NjAweDMzOC9maWx0ZXJzOnF1YWxpdHkoMTAwKS9qdWw=/Qjin1byFh_fss?st=GA7i2RYp76y9avl6xU8pgTRd8tvtcDqoEEo4XGpnSBM&ts=1725872063&e=0"]},{"title":"Predaj veľmi pekného 2-izbového bytu v top lokalite v Poprade","address":"Štúrova, Poprad, okres Poprad","rooms":2,"meters":51,"totalPrice":133000,"meterSquarePrice":4,"link":"https://www.nehnutelnosti.sk/detail/JusDCUSUVLp/predaj-velmi-pekneho-2-izboveho-bytu-v-top-lokalite-v-poprade","imagesUrls":["https://img.unitedclassifieds.sk/foto/NjAweDMzOC9maWx0ZXJzOnF1YWxpdHkoMTAwKS9qdWw=/03SXC5pGH_fss?st=ZlvuMwoejQ6PFfrko3v2vjs4S9CXH0MpY5QDQdCwHrA&ts=1725868050&e=0"]},{"title":"Novostavba Ekobyty III. Nadčasové bývanie s priestrannými terasami vo Svite","address":"Vysoké Tatry, okres Poprad","rooms":3,"meters":61,"totalPrice":165500,"meterSquarePrice":4,"link":"https://www.nehnutelnosti.sk/detail/JuENZ68jrhs/novostavba-ekobyty-iii-nadcasove-byvanie-s-priestrannymi-terasami-vo-svite","imagesUrls":["https://img.unitedclassifieds.sk/foto/NjAweDMzOC9maWx0ZXJzOnF1YWxpdHkoMTAwKS9qdWw=/TeclmqKgW_fss?st=n075gEtG5d-0CD35XUyG66pelZleRckypnuNySKhmRQ&ts=1725646245&e=0"]},{"title":"Rekreačný 2-izbový byt v krásnom prostredí pod Kráľovou hoľou","address":"Telgárt, okres Brezno","rooms":2,"meters":37,"totalPrice":null,"meterSquarePrice":null,"link":"https://www.nehnutelnosti.sk/detail/Ju7COy7rd5V/rekreacny-2-izbovy-byt-v-krasnom-prostredi-pod-kralovou-holou","imagesUrls":["https://img.unitedclassifieds.sk/foto/NjAweDMzOC9maWx0ZXJzOnF1YWxpdHkoMTAwKS9qdWw=/1Qq2F_ZTF_fss?st=-Vg4pBG72ZM_Py2efYrYVkVl9etLWAvF92xqvwbGZ04&ts=1726047298&e=0"]},{"title":"Kompletne zrekonštruovaný 3- izbový byt na Moyzesovej ulici v Poprade","address":"Moyzesova, Poprad, okres Poprad","rooms":3,"meters":70,"totalPrice":null,"meterSquarePrice":null,"link":"https://www.nehnutelnosti.sk/detail/Ju7kxeFqyDl/kompletne-zrekonstruovany-3-izbovy-byt-na-moyzesovej-ulici-v-poprade","imagesUrls":["https://img.unitedclassifieds.sk/foto/NjAweDMzOC9maWx0ZXJzOnF1YWxpdHkoMTAwKS9qdWw=/LT79DNjI__fss?st=L2X2Jzm0CcH9paaYgw7aiWt6qX2OLviBH6VF9i6NXyE&ts=1725956606&e=0"]},{"title":"Novostavba Ekobyty III. Nadčasové bývanie s priestrannými terasami vo Svite","address":"Hlavné námestie, Kežmarok, okres Kežmarok","rooms":3,"meters":61,"totalPrice":165500,"meterSquarePrice":4,"link":"https://www.nehnutelnosti.sk/detail/Ju9YvLiPzvm/novostavba-ekobyty-iii-nadcasove-byvanie-s-priestrannymi-terasami-vo-svite","imagesUrls":["https://img.unitedclassifieds.sk/foto/NjAweDMzOC9maWx0ZXJzOnF1YWxpdHkoMTAwKS9qdWw=/nbMkkuGPY_fss?st=_yD6YX0G0sYq1ggQZhmdrB-fSedzHqqgAt0PHU689VE&ts=1725646938&e=0"]},{"title":"Krásny apartmán priamo v centre Vysokých Tatier","address":"Starý Smokovec, Vysoké Tatry, okres Poprad","rooms":null,"meters":37,"totalPrice":null,"meterSquarePrice":null,"link":"https://www.nehnutelnosti.sk/detail/JuUND-KNiUa/krasny-apartman-priamo-v-centre-vysokych-tatier","imagesUrls":["https://img.unitedclassifieds.sk/foto/NjAweDMzOC9maWx0ZXJzOnF1YWxpdHkoMTAwKS9qdWw=/BnBZwRhTv_fss?st=lBqppGjNNhsYL4K6K0aJC_VWZbLDTDLvdeMYlM2whRg&ts=1726046894&e=0"]},{"title":"BÁNOVCE n. BEBR. – 1 – izb. byt / VEĽMI PEKNÝ / sídl. SEVER / 36 m2","address":"Bánovce nad Bebravou, okres Bánovce nad Bebravou","rooms":1,"meters":36,"totalPrice":69990,"meterSquarePrice":7,"link":"https://www.nehnutelnosti.sk/detail/JuiMpR1fFH7/banovce-n-bebr-1-izb-byt-velmi-pekny-sidl-sever-36-m2","imagesUrls":["https://img.nehnutelnosti.sk/foto/NjAweDMzOC9maWx0ZXJzOnF1YWxpdHkoMTAwKS9uZWg=/Yysu5d3lR_fss?st=CmIuXfNpK02hLtFQy4-kLHOQRgAZVLLVsrxgVTRzm90&ts=1726218957&e=0"]},{"title":"LUNA REALITY | Nový 3 - izbový byt PREDAJ Ovocné sady","address":"Ivanská cesta, Bratislava II - Ružinov, okres Bratislava","rooms":3,"meters":69,"totalPrice":219000,"meterSquarePrice":1,"link":"https://www.nehnutelnosti.sk/detail/JuafPWAWWNb/luna-reality-novy-3-izbovy-byt-predaj-ovocne-sady","imagesUrls":["https://img.nehnutelnosti.sk/foto/NjAweDMzOC9maWx0ZXJzOnF1YWxpdHkoMTAwKS9uZWg=/dhnJRcHhr_fss?st=19T5uDl-YW1d0Z0dxPCkXUNjW0e7qAE8g6IxdhVpeqA&ts=1725958918&e=0"]},{"title":"NOVOSTABA KERLING-3 izb. byt s parkovaním v Banskej Štiavnici","address":"Dolná, Banská Štiavnica, okres Banská Štiavnica","rooms":3,"meters":67,"totalPrice":218800,"meterSquarePrice":2,"link":"https://www.nehnutelnosti.sk/detail/JuKoYcLCvq_/novostaba-kerling-3-izb-byt-s-parkovanim-v-banskej-stiavnici","imagesUrls":["https://img.nehnutelnosti.sk/foto/NjAweDMzOC9maWx0ZXJzOnF1YWxpdHkoMTAwKS9uZWg=/mFKeBtxFU7_fss?st=69dVTPcbL9dv3iVXnfmtc78kNUiDh16y_OC_M8VtJU8&ts=1726301795&e=0"]},{"title":"2- izbový byt  so samostatnými izbami v Novom meste na  Českej ulici Bratislava","address":"Česká, Bratislava III - Nové Mesto, okres Bratislava","rooms":2,"meters":56,"totalPrice":194000,"meterSquarePrice":9,"link":"https://www.nehnutelnosti.sk/detail/Ju824hwG0z9/2-izbovy-byt-so-samostatnymi-izbami-v-novom-meste-na-ceskej-ulici-bratislava","imagesUrls":["https://img.unitedclassifieds.sk/foto/NjAweDMzOC9maWx0ZXJzOnF1YWxpdHkoMTAwKS9qdWw=/5PS0qzwt3_fss?st=sRGEuQvZOGSeW13a-FY34UL_gsKDuplw3tVkrxqhi2I&ts=1726217067&e=0"]},{"title":"Soho Park - Skolaudovaný bytový dom","address":"Komárno, okres Komárno","rooms":2,"meters":58,"totalPrice":132820,"meterSquarePrice":0,"link":"https://www.nehnutelnosti.sk/detail/JuhdsfMcAZd/soho-park-skolaudovany-bytovy-dom","imagesUrls":["https://img.nehnutelnosti.sk/foto/NjAweDMzOC9maWx0ZXJzOnF1YWxpdHkoMTAwKS9uZWg=/c7aDS_HaZ_fss?st=imWyvmp2CaXde3bOwVt3pCatmGbknm0T06piGOReYAI&ts=1722320171&e=0"]},{"title":"Púpavy pri Aleji – nadštandardne priestranné byty v štandardnom prevedení + stropné chladenie a kúre","address":"Generála Goliana, Trnava, okres Trnava","rooms":3,"meters":82,"totalPrice":239700,"meterSquarePrice":7,"link":"https://www.nehnutelnosti.sk/detail/JuZXUXmQfoH/pupavy-pri-aleji-nadstandardne-priestranne-byty-v-standardnom-prevedeni-stropne-chladenie-a-kure","imagesUrls":["https://img.unitedclassifieds.sk/foto/NjAweDMzOC9maWx0ZXJzOnF1YWxpdHkoMTAwKS9yc2Y=/o0nIAfeZbx_fss?st=50y9j_j8iPd9Zs0KfwSLY53vUhyF4ArFK-uquyIUXNM&ts=1715745551&e=0"]},{"title":"Čiastočne zrekonštruovaný 2iz.byt v Zlatých Moravciach","address":"nezadaná, Zlaté Moravce, okres Zlaté Moravce","rooms":2,"meters":64,"totalPrice":69900,"meterSquarePrice":0,"link":"https://www.nehnutelnosti.sk/detail/JuLXUzp9i0Z/ciastocne-zrekonstruovany-2iz-byt-v-zlatych-moravciach","imagesUrls":["https://img.nehnutelnosti.sk/foto/NjAweDMzOC9maWx0ZXJzOnF1YWxpdHkoMTAwKS9uZWg=/pxHaLZonqx_fss?st=q-H3xX9l2_KYvjDnIFQYf1I1mFE1dUys4oit46wp8vg&ts=1719916138&e=0"]},{"title":"Exkluzívne na predaj 2iz.byt kompletne zrekonštruovaný Tlmače-Lipník","address":"nezadaná, Tlmače, okres Levice","rooms":2,"meters":55,"totalPrice":78000,"meterSquarePrice":4,"link":"https://www.nehnutelnosti.sk/detail/JuMIb0p9Pmy/exkluzivne-na-predaj-2iz-byt-kompletne-zrekonstruovany-tlmace-lipnik","imagesUrls":["https://img.nehnutelnosti.sk/foto/NjAweDMzOC9maWx0ZXJzOnF1YWxpdHkoMTAwKS9uZWg=/k_ZuJVOVr_fss?st=-nMwj6Zi6y_Pn9DF3RDvKdRu7E1pFnkztAeMWh2mS_w&ts=1723743386&e=0"]},{"title":"2,5iz.byt 63,6m2 priamo v centre mesta Zlaté Moravce","address":"nezadaná, Zlaté Moravce, okres Zlaté Moravce","rooms":2,"meters":63,"totalPrice":97000,"meterSquarePrice":8,"link":"https://www.nehnutelnosti.sk/detail/JuM44a8uP3A/2-5iz-byt-63-6m2-priamo-v-centre-mesta-zlate-moravce","imagesUrls":["https://img.nehnutelnosti.sk/foto/NjAweDMzOC9maWx0ZXJzOnF1YWxpdHkoMTAwKS9uZWg=/kIHKi49T6_fss?st=__zuIQCNX1rCDbCY8te3yWeCuyGuSQLjABvCATB26Ag&ts=1704906341&e=0"]},{"title":"Hľadáme pre klientov byty v Zlatých Moravciach","address":"nezadaná, Zlaté Moravce, okres Zlaté Moravce","rooms":1,"meters":null,"totalPrice":null,"meterSquarePrice":null,"link":"https://www.nehnutelnosti.sk/detail/Ju0civRoy7m/hladame-pre-klientov-byty-v-zlatych-moravciach","imagesUrls":["https://img.nehnutelnosti.sk/foto/NjAweDMzOC9maWx0ZXJzOnF1YWxpdHkoMTAwKS9uZWg=/1KUrKZf4g_fss?st=9frCewDr5v8CnaywOXrQYfKK6Am4BkmQX5mJCDTNC_U&ts=1695890819&e=0"]},{"title":"Kúpa  bytu  okres Zlate Moravce","address":"nezadaná, Topoľčianky, okres Zlaté Moravce","rooms":2,"meters":null,"totalPrice":null,"meterSquarePrice":null,"link":"https://www.nehnutelnosti.sk/detail/JujKhtoXgdA/kupa-bytu-okres-zlate-moravce","imagesUrls":["https://img.nehnutelnosti.sk/foto/NjAweDMzOC9maWx0ZXJzOnF1YWxpdHkoMTAwKS9uZWg=/6dtjGnpS9_fss?st=adySLS2nkkO9YBCG3_jy-gzZHKtnn8HnhqLxs4l248E&ts=1644764827&e=0"]},{"title":"Výrazná zľava Velkometrážny podkrovný 3iz.byt v novostavbe  v Kozárovciach","address":"nezadaná, Kozárovce, okres Levice","rooms":3,"meters":103,"totalPrice":99000,"meterSquarePrice":7,"link":"https://www.nehnutelnosti.sk/detail/JuUeQkP35kO/vyrazna-zlava-velkometrazny-podkrovny-3iz-byt-v-novostavbe-v-kozarovciach","imagesUrls":["https://img.nehnutelnosti.sk/foto/NjAweDMzOC9maWx0ZXJzOnF1YWxpdHkoMTAwKS9uZWg=/6vdZDoKqxG_fss?st=upr3x6KL894jNxK2Q1Av9WjlOigvg-6h6EPK191oFLM&ts=1685007068&e=0"]},{"title":"2i byt, balkón, parkovanie - Slnečnice - POP","address":"Labutia, Bratislava V - Petržalka, okres Bratislava","rooms":2,"meters":49,"totalPrice":199000,"meterSquarePrice":2,"link":"https://www.nehnutelnosti.sk/detail/JuG1lojAJLJ/2i-byt-balkon-parkovanie-slnecnice-pop","imagesUrls":["https://img.unitedclassifieds.sk/foto/NjAweDMzOC9maWx0ZXJzOnF1YWxpdHkoMTAwKS9qdWw=/OsN7Cmyls_fss?st=UI1ojvH1pbysnFNpWLoQkaHViLmUI1_tK7xBZ4PZ1Lo&ts=1723735169&e=0"]},{"title":"2i byt s balkónom na Hradskej ulici vo Vrakuni s parkovaním","address":"Hradská, Bratislava II - Vrakuňa, okres Bratislava","rooms":2,"meters":40,"totalPrice":137900,"meterSquarePrice":0,"link":"https://www.nehnutelnosti.sk/detail/JuCTC_So8D5/2i-byt-s-balkonom-na-hradskej-ulici-vo-vrakuni-s-parkovanim","imagesUrls":["https://img.unitedclassifieds.sk/foto/NjAweDMzOC9maWx0ZXJzOnF1YWxpdHkoMTAwKS9qdWw=/O_mhNNHOO_fss?st=eO0RHMa-r8ngjYovGMxieNA_8q-qde6UMj3pm_g5gtA&ts=1718292080&e=0"]},{"title":"Na predaj prestavaný byt v Štúrove","address":"Štúrovo, okres Nové Zámky","rooms":1,"meters":35,"totalPrice":72900,"meterSquarePrice":6,"link":"https://www.nehnutelnosti.sk/detail/JuWTSEq6GpD/na-predaj-prestavany-byt-v-sturove","imagesUrls":["https://img.nehnutelnosti.sk/foto/NjAweDMzOC9maWx0ZXJzOnF1YWxpdHkoMTAwKS9uZWg=/UfoncMBIL_fss?st=6Og0aB9kZ4S0J1DIa2vwLcccR19LsTKH4y0SNxCOAw8&ts=1726214928&e=0"]}]