[{"title":"DIRECTREAL|Prenájom zariadenej garzonky","address":"Bottova, Šaľa, okres Šaľa","rooms":null,"meters":20,"totalPrice":400,"meterSquarePrice":0,"link":"https://www.nehnutelnosti.sk/detail/JuhKIVxeQMD/directreal-prenajom-zariadenej-garzonky","imagesUrls":["https://img.nehnutelnosti.sk/foto/NjAweDMzOC9maWx0ZXJzOnF1YWxpdHkoMTAwKS9uZWg=/YslU-Z3ZVN_fss?st=_VzxMr4Oj1ydKlqWoInKhwWzOPYlP5HRQXcxnxRXNc0&ts=1725553535&e=0"]},{"title":"DIRECTREAL|Predaj 2-izbového bytu s loggiou v centre  mesta - pôvodný stav","address":"Budovateľská, Šaľa, okres Šaľa","rooms":2,"meters":49,"totalPrice":69900,"meterSquarePrice":3,"link":"https://www.nehnutelnosti.sk/detail/JuMec17DBYi/directreal-predaj-2-izboveho-bytu-s-loggiou-v-centre-mesta-povodny-stav","imagesUrls":["https://img.nehnutelnosti.sk/foto/NjAweDMzOC9maWx0ZXJzOnF1YWxpdHkoMTAwKS9uZWg=/UQmCQrJ8Y_fss?st=U-rsahFmvGRlYM_lFmjq0FKDBu74uxQGrIiFdEIU7HE&ts=1725892399&e=0"]},{"title":"Predáme 3.izbový byt s 2 balkónmi a garážovým státím v Eurovei na Pribinovej ul.v Bratislave","address":"Pribinova, Bratislava II - Ružinov, okres Bratislava","rooms":3,"meters":100,"totalPrice":null,"meterSquarePrice":null,"link":"https://www.nehnutelnosti.sk/detail/Ju6p-OvmvMZ/predame-3-izbovy-byt-s-2-balkonmi-a-garazovym-statim-v-eurovei-na-pribinovej-ul-v-bratislave","imagesUrls":["https://img.unitedclassifieds.sk/foto/NjAweDMzOC9maWx0ZXJzOnF1YWxpdHkoMTAwKS9qdWw=/66k0M6wem_fss?st=mUyjF9nc48mvpUGThZyI__N9vlUSQb1EsSxzUuZ7-lw&ts=1725552690&e=0"]},{"title":"FOX - veľkometrážny 3 izbový byt * Tulipán * oplotený bytový dom * vlastná záhradka a garáž v cene","address":"Gábora Steinera, Trnava, okres Trnava","rooms":3,"meters":89,"totalPrice":225000,"meterSquarePrice":9,"link":"https://www.nehnutelnosti.sk/detail/JuKkadYy_yK/fox-velkometrazny-3-izbovy-byt-tulipan-oploteny-bytovy-dom-vlastna-zahradka-a-garaz-v-cene","imagesUrls":["https://img.unitedclassifieds.sk/foto/NjAweDMzOC9maWx0ZXJzOnF1YWxpdHkoMTAwKS9yc2Y=/GLCeuyN7i_fss?st=xzYbz2dVhfIrp70R7eaIrV3YhBelNE4S_907DT-8wmQ&ts=1675258607&e=0"]},{"title":"Predaj slnečného 4 izbového bytu v meste Žarnovica ul. F.Kráľa","address":"Fraňa Kráľa, Žarnovica, okres Žarnovica","rooms":4,"meters":82,"totalPrice":null,"meterSquarePrice":null,"link":"https://www.nehnutelnosti.sk/detail/Ju2XlQSFD6S/predaj-slnecneho-4-izboveho-bytu-v-meste-zarnovica-ul-f-krala","imagesUrls":["https://img.unitedclassifieds.sk/foto/NjAweDMzOC9maWx0ZXJzOnF1YWxpdHkoMTAwKS9yc2Y=/guyF4XEsJb_fss?st=FuwRzxqQuS1o4bNmGj_7JS9cqPkAP-GjTdMyyfzvn5o&ts=1725549949&e=0"]},{"title":"Príjemné bývanie v Trenčianskych Stankovciach","address":"Trenčianske Stankovce, Trenčianske Stankovce, okres Trenčín","rooms":3,"meters":76,"totalPrice":129000,"meterSquarePrice":7,"link":"https://www.nehnutelnosti.sk/detail/Ju0fxrv29B8/prijemne-byvanie-v-trencianskych-stankovciach","imagesUrls":["https://img.nehnutelnosti.sk/foto/NjAweDMzOC9maWx0ZXJzOnF1YWxpdHkoMTAwKS9uZWg=/pe5WP855m-_fss?st=8c4_zuOB_9qhn6RhkzAK8OA_qe-Q0V5BQk63_O4oBrA&ts=1725550696&e=0"]},{"title":"Na predaj 2-izbový byt s výhľadom na zeleň – pokojné bývanie v meste.","address":"Košice III - Dargovských Hrdinov, okres Košice","rooms":2,"meters":58,"totalPrice":null,"meterSquarePrice":null,"link":"https://www.nehnutelnosti.sk/detail/Juuapi93KNs/na-predaj-2-izbovy-byt-s-vyhladom-na-zelen-pokojne-byvanie-v-meste","imagesUrls":["https://img.nehnutelnosti.sk/foto/NjAweDMzOC9maWx0ZXJzOnF1YWxpdHkoMTAwKS9uZWg=/38MEE5iOU_fss?st=9DdFgi6Jj5HkSIrcZuxov8ltEktoTxqWgrrgZYf65qA&ts=1725548653&e=0"]},{"title":"PREDAJ 3 i byt – A. Žarnova/Prievidza, 70 m2 -  sídlisko Zapotôčky","address":"A. Žarnova, Prievidza, okres Prievidza","rooms":3,"meters":70,"totalPrice":null,"meterSquarePrice":null,"link":"https://www.nehnutelnosti.sk/detail/JusimA5gly1/predaj-3-i-byt-a-zarnova-prievidza-70-m2-sidlisko-zapotocky","imagesUrls":["https://img.nehnutelnosti.sk/foto/NjAweDMzOC9maWx0ZXJzOnF1YWxpdHkoMTAwKS9uZWg=/p7ay_2VqqX_fss?st=nz__MXM8dKokq7DeNN0Lw9I6Sxfg8ep8CaFqGMG1jZQ&ts=1708181344&e=0"]},{"title":"PREDANÉ Na predaj 2 izbový byt na Rezedovej ulici, Bratislava - Ružinov","address":"Rezedová, Bratislava II - Ružinov, okres Bratislava","rooms":2,"meters":62,"totalPrice":160000,"meterSquarePrice":2,"link":"https://www.nehnutelnosti.sk/detail/JuEgVVXfj4b/predane-na-predaj-2-izbovy-byt-na-rezedovej-ulici-bratislava-ruzinov","imagesUrls":["https://img.nehnutelnosti.sk/foto/NjAweDMzOC9maWx0ZXJzOnF1YWxpdHkoMTAwKS9uZWg=/JNCyav6nO_fss?st=D7wfJSuG7OrQCHqlRcSvI-4Htxc6mxc3kj5HmTNUutA&ts=1717559880&e=0"]},{"title":"DIRECTREAL|REZERVOVANÉ|Zrekonštruovaný byt so zariadením, stačí sa iba nasťahovať!","address":"Česká, Galanta, okres Galanta","rooms":1,"meters":32,"totalPrice":78000,"meterSquarePrice":0,"link":"https://www.nehnutelnosti.sk/detail/JuWm9dDhpHL/directreal-rezervovane-zrekonstruovany-byt-so-zariadenim-staci-sa-iba-nastahovat","imagesUrls":["https://img.nehnutelnosti.sk/foto/NjAweDMzOC9maWx0ZXJzOnF1YWxpdHkoMTAwKS9uZWg=/ltxCNBMM9g_fss?st=0TkzyyuUiNehLdv-yUvDvebN4f2BYozIjakvy49D4qs&ts=1725548429&e=0"]},{"title":"3 izbový byt Košice - Terasa, Poľovnícka ulica","address":"Poľovnícka, Košice II - Západ, okres Košice","rooms":3,"meters":null,"totalPrice":null,"meterSquarePrice":null,"link":"https://www.nehnutelnosti.sk/detail/JuKgrLuLfn3a/3-izbovy-byt-kosice-terasa-polovnicka-ulica","imagesUrls":["https://img.nehnutelnosti.sk/foto/NjAweDMzOC9maWx0ZXJzOnF1YWxpdHkoMTAwKS9uZWg=/YXwsBiIShW_fss?st=W7Hux75toE72XySRwv7X2dsbvhHLIgGDZuyBaFlKn8E&ts=1726217765&e=0"]},{"title":"Predaj, 1 izbový byt 43,5 m2 + 2 loggie 8 m2, sídlisko JUH, Malacky","address":"Skuteckého, Malacky, okres Malacky","rooms":1,"meters":null,"totalPrice":null,"meterSquarePrice":null,"link":"https://www.nehnutelnosti.sk/detail/JuRP97zVE8K/predaj-1-izbovy-byt-43-5-m2-2-loggie-8-m2-sidlisko-juh-malacky","imagesUrls":["https://img.nehnutelnosti.sk/foto/NjAweDMzOC9maWx0ZXJzOnF1YWxpdHkoMTAwKS9uZWg=/tWczzCT0r_fss?st=ajmGgeSUjjyTd21qFWLeQcJOtWsbbsnYPiY8rVyZ12g&ts=1725547729&e=0"]},{"title":"Exkluzívne! Predám 2 izbový byt s balkónom v Nových Zámkoch","address":"Nové Zámky, Nové Zámky, okres Nové Zámky","rooms":2,"meters":60,"totalPrice":79900,"meterSquarePrice":7,"link":"https://www.nehnutelnosti.sk/detail/JukO4ANFl5S/exkluzivne-predam-2-izbovy-byt-s-balkonom-v-novych-zamkoch","imagesUrls":["https://img.nehnutelnosti.sk/foto/NjAweDMzOC9maWx0ZXJzOnF1YWxpdHkoMTAwKS9uZWg=/LF8nGbvsF_fss?st=Ygl3E-MT5jHAXD0W1WO5tQTli0ztjvROCle8glBlR9M&ts=1726762772&e=0"]},{"title":"1-izbový byt v Bardejove ZNÍŽENÁ CENA","address":"Gorkého, Bardejov, okres Bardejov","rooms":1,"meters":34,"totalPrice":69990,"meterSquarePrice":3,"link":"https://www.nehnutelnosti.sk/detail/JuArAGjU02Y/1-izbovy-byt-v-bardejove-znizena-cena","imagesUrls":["https://img.unitedclassifieds.sk/foto/NjAweDMzOC9maWx0ZXJzOnF1YWxpdHkoMTAwKS9yc2Y=/4qnCjYkbd_fss?st=hxGfMaih6w5J0SrSCRFQJTEtjFVA0M6gFi9I6pFE4Ak&ts=1721986574&e=0"]},{"title":"NOVINKA TOP cena jednoizbový byt v Brezovej pod Bradlom","address":"Brezová pod Bradlom, okres Myjava","rooms":1,"meters":39,"totalPrice":49990,"meterSquarePrice":9,"link":"https://www.nehnutelnosti.sk/detail/Ju00BQ6chZE/novinka-top-cena-jednoizbovy-byt-v-brezovej-pod-bradlom","imagesUrls":["https://img.nehnutelnosti.sk/foto/NjAweDMzOC9maWx0ZXJzOnF1YWxpdHkoMTAwKS9uZWg=/ntgf2pVjhp_fss?st=ZCTx4g2JUtb5yFenKlQnFYPjsrMRM3gxrq0R60jJy5w&ts=1725544416&e=0"]},{"title":"PREDAJ: Jedinečný 3i byt v novostavbe s veľkou terasou 36 m2, Š. Králika, Devínska Nová Ves","address":"Štefana Králika, Bratislava IV - Devínska Nová Ves, okres Bratislava","rooms":3,"meters":97,"totalPrice":245000,"meterSquarePrice":7,"link":"https://www.nehnutelnosti.sk/detail/Juy4DWlgja6/predaj-jedinecny-3i-byt-v-novostavbe-s-velkou-terasou-36-m2-s-kralika-devinska-nova-ves","imagesUrls":["https://img.nehnutelnosti.sk/foto/NjAweDMzOC9maWx0ZXJzOnF1YWxpdHkoMTAwKS9uZWg=/LAJ1vsOrr_fss?st=oX8feCGD01RZ5l79EnrkSnukp3f8qyXq2U24RB57i4Y&ts=1724952817&e=0"]},{"title":"NA PREDAJ PEKNÝ 2 IZBOVÝ BYT PO REKONŚTRUKCII","address":"Benadova, Košice III - Dargovských Hrdinov, okres Košice","rooms":2,"meters":51,"totalPrice":137500,"meterSquarePrice":8,"link":"https://www.nehnutelnosti.sk/detail/Ju8cTQEjSIS/na-predaj-pekny-2-izbovy-byt-po-rekonstrukcii","imagesUrls":["https://img.unitedclassifieds.sk/foto/NjAweDMzOC9maWx0ZXJzOnF1YWxpdHkoMTAwKS9qdWw=/y3M7kddwa_fss?st=CBGcppAzGZJR94Gcvi5hfaA3WTuuDqopIvqrhZMSfXg&ts=1721825096&e=0"]},{"title":"Creda PREDAJ 1 izb byt / Výstavná ulica Chrenová / Nitra","address":"Výstavná, Nitra, okres Nitra","rooms":1,"meters":37,"totalPrice":113000,"meterSquarePrice":5,"link":"https://www.nehnutelnosti.sk/detail/JuQdkUNHMX1/creda-predaj-1-izb-byt-vystavna-ulica-chrenova-nitra","imagesUrls":["https://img.nehnutelnosti.sk/foto/NjAweDMzOC9maWx0ZXJzOnF1YWxpdHkoMTAwKS9uZWg=/yIBoqyDb2_fss?st=vXBao0Q2y3rcORU0zt2_MJa6zIDfv1OGVns0Dkjf_W8&ts=1725542769&e=0"]},{"title":"Predaj 3 izbový byt s balkónom-EXKLUZÍVNE","address":"Považská, Nitra, okres Nitra","rooms":3,"meters":65,"totalPrice":113990,"meterSquarePrice":9,"link":"https://www.nehnutelnosti.sk/detail/Ju-tONdvGIi/predaj-3-izbovy-byt-s-balkonom-exkluzivne","imagesUrls":["https://img.nehnutelnosti.sk/foto/NjAweDMzOC9maWx0ZXJzOnF1YWxpdHkoMTAwKS9uZWg=/8x-quybMr_fss?st=vbZ8t2INJ5q2PhnVZNTksF1gqQFS-bl24mi5jj3G1kY&ts=1717759652&e=0"]},{"title":"Predaj 3 izbový byt s balkónom","address":"Beethovenova, Nitra, okres Nitra","rooms":3,"meters":74,"totalPrice":119990,"meterSquarePrice":9,"link":"https://www.nehnutelnosti.sk/detail/JuaukYOEnd8/predaj-3-izbovy-byt-s-balkonom","imagesUrls":["https://img.nehnutelnosti.sk/foto/NjAweDMzOC9maWx0ZXJzOnF1YWxpdHkoMTAwKS9uZWg=/Oqrl_2rum_fss?st=HX52Tiwezd6UxO_-Z8WzSCwoeoIOdcbu9mX-VSxQVzY&ts=1717759180&e=0"]},{"title":"Na predaj: 2-izbový byt s veľkou južnou loggiou na Podháji, Martin","address":"Martin, okres Martin","rooms":2,"meters":55,"totalPrice":107000,"meterSquarePrice":1,"link":"https://www.nehnutelnosti.sk/detail/Juin3vkdOQT/na-predaj-2-izbovy-byt-s-velkou-juznou-loggiou-na-podhaji-martin","imagesUrls":["https://img.nehnutelnosti.sk/foto/NjAweDMzOC9maWx0ZXJzOnF1YWxpdHkoMTAwKS9uZWg=/lws1nZ_62_fss?st=eewBPp1fTjJV7nZEDGaQzEYSwLpPwoEMKL1IDBOm2ds&ts=1725541328&e=0"]},{"title":"Tehlový 2 izbový byt Košice – Juh","address":"Košice IV - Juh, okres Košice","rooms":2,"meters":54,"totalPrice":159500,"meterSquarePrice":0,"link":"https://www.nehnutelnosti.sk/detail/JuPYbficZXc/tehlovy-2-izbovy-byt-kosice-juh","imagesUrls":["https://img.unitedclassifieds.sk/foto/NjAweDMzOC9maWx0ZXJzOnF1YWxpdHkoMTAwKS9qdWw=/vZk5-gSiai_fss?st=3wjG3j7HLBXrTq_Ri-jWw9GHs6L6uhHqYmfsrVYoa_0&ts=1725540781&e=0"]},{"title":"Mimoriadne zachovalý, slnečný štvorizbový byt s loggiou v bezprostrednom centre Lučenca","address":"Ulica partizánska, Lučenec, okres Lučenec","rooms":4,"meters":78,"totalPrice":93000,"meterSquarePrice":1,"link":"https://www.nehnutelnosti.sk/detail/JuDXPjmS9_N/mimoriadne-zachovaly-slnecny-stvorizbovy-byt-s-loggiou-v-bezprostrednom-centre-lucenca","imagesUrls":["https://img.unitedclassifieds.sk/foto/NjAweDMzOC9maWx0ZXJzOnF1YWxpdHkoMTAwKS9qdWw=/o7Zfwm9oK_fss?st=i-GJ1qOdCr_8R6okXhzS_ZkG-rP_fve3WlU9dgTywoo&ts=1725541291&e=0"]},{"title":"MODERNÝ 2-IZBOVÝ BYT V NOVOSTAVBE","address":"Andovská, Nové Zámky, okres Nové Zámky","rooms":2,"meters":68,"totalPrice":136900,"meterSquarePrice":0,"link":"https://www.nehnutelnosti.sk/detail/JunQRFpqe8w/moderny-2-izbovy-byt-v-novostavbe","imagesUrls":["https://img.unitedclassifieds.sk/foto/NjAweDMzOC9maWx0ZXJzOnF1YWxpdHkoMTAwKS9qdWw=/TJUGyWI9a_fss?st=vZXz-7OKx9DcGuEhN1YAnhwqlthFUr8FA5QaY3baqtY&ts=1725540806&e=0"]},{"title":"Na predaj nadštandardný 4-izbový byt s garážovým parkovacím státím v Starom Meste","address":"Vysoká, Bratislava I - Staré Mesto, okres Bratislava","rooms":4,"meters":140,"totalPrice":439000,"meterSquarePrice":1,"link":"https://www.nehnutelnosti.sk/detail/JueU_5j5998/na-predaj-nadstandardny-4-izbovy-byt-s-garazovym-parkovacim-statim-v-starom-meste","imagesUrls":["https://img.unitedclassifieds.sk/foto/NjAweDMzOC9maWx0ZXJzOnF1YWxpdHkoMTAwKS9qdWw=/ancscEWJe_fss?st=sTpcRznjb85W9P2esk9sZp10OOW37N5mkI9MnMhljNg&ts=1722589876&e=0"]},{"title":"Na predaj svetlý 1,5-izbový byt v ŠTANDARDE v lukratívnej lokalite BORY","address":"Bratislava IV - Devínska Nová Ves, okres Bratislava","rooms":1,"meters":41,"totalPrice":157990,"meterSquarePrice":4,"link":"https://www.nehnutelnosti.sk/detail/JuFAMrel74X/na-predaj-svetly-1-5-izbovy-byt-v-standarde-v-lukrativnej-lokalite-bory","imagesUrls":["https://img.unitedclassifieds.sk/foto/NjAweDMzOC9maWx0ZXJzOnF1YWxpdHkoMTAwKS9qdWw=/uIZNZB0O-_fss?st=_rnELUes8j3mEePWg6VuWh4C_NM-epGukAhLOAYif0w&ts=1719998687&e=0"]},{"title":"VILA KUKUČINA: Na predaj jedinečný 3-izbový byt v novom rezidenčnom projekte vo Zvolene","address":"M. Kukučína, Zvolen, okres Zvolen","rooms":3,"meters":89,"totalPrice":219000,"meterSquarePrice":8,"link":"https://www.nehnutelnosti.sk/detail/Ju2wEpiAQR2/vila-kukucina-na-predaj-jedinecny-3-izbovy-byt-v-novom-rezidencnom-projekte-vo-zvolene","imagesUrls":["https://img.unitedclassifieds.sk/foto/NjAweDMzOC9maWx0ZXJzOnF1YWxpdHkoMTAwKS9qdWw=/tWdIZBRHI_fss?st=kb-4J64BEbLU40Hip0hFkPtFTdXhA6qlLBaFr_Ait2Q&ts=1723815698&e=0"]},{"title":"Na predaj presvetlený 2-izbový byt s loggiou v Podunajských Biskupiciach","address":"Kazanská, Bratislava II - Podunajské Biskupice, okres Bratislava","rooms":2,"meters":39,"totalPrice":149990,"meterSquarePrice":9,"link":"https://www.nehnutelnosti.sk/detail/JuFqyLgB34_/na-predaj-presvetleny-2-izbovy-byt-s-loggiou-v-podunajskych-biskupiciach","imagesUrls":["https://img.unitedclassifieds.sk/foto/NjAweDMzOC9maWx0ZXJzOnF1YWxpdHkoMTAwKS9qdWw=/qPZiblWh-_fss?st=pvfz_a2LYN41VObuBLKU0Dw1kkGpvoWCvCloBNE1nMw&ts=1724668944&e=0"]},{"title":"Na predaj exkluzívny 2-izbový apartmán s výhľadom na Tatranské štíty","address":"Tatranská, Veľká Lomnica, okres Kežmarok","rooms":null,"meters":60,"totalPrice":189900,"meterSquarePrice":5,"link":"https://www.nehnutelnosti.sk/detail/Junvwad71tO/na-predaj-exkluzivny-2-izbovy-apartman-s-vyhladom-na-tatranske-stity","imagesUrls":["https://img.unitedclassifieds.sk/foto/NjAweDMzOC9maWx0ZXJzOnF1YWxpdHkoMTAwKS9qdWw=/BbYdmAdjW_fss?st=_bbwuiD1zOBHjHEzKFgItEogwU4gpY3o0quhu09iH3A&ts=1723116747&e=0"]},{"title":"Na predaj svetlý 1,5-izbový byt v ŠTANDARDE v lukratívnej lokalite BORY","address":"Bratislava IV - Lamač, okres Bratislava","rooms":1,"meters":41,"totalPrice":157990,"meterSquarePrice":4,"link":"https://www.nehnutelnosti.sk/detail/Jui6hgOIkFN/na-predaj-svetly-1-5-izbovy-byt-v-standarde-v-lukrativnej-lokalite-bory","imagesUrls":["https://img.unitedclassifieds.sk/foto/NjAweDMzOC9maWx0ZXJzOnF1YWxpdHkoMTAwKS9qdWw=/-zVUoqw9l_fss?st=8KcFgC73rBT8YK2y7WSovBlW0SgRGIDydq19FIQx2vA&ts=1719217737&e=0"]}]