[{"title":"NOVOSTAVBA 2i byty, 1.NP / 3.NP / 4.NP, 61 m2 - 66 m2, Liptovská Teplá","address":"Liptovská Teplá, okres Ružomberok","rooms":2,"meters":null,"totalPrice":null,"meterSquarePrice":null,"link":"https://www.nehnutelnosti.sk/detail/JuuQ3yxLaqS/novostavba-2i-byty-1-np-3-np-4-np-61-m2-66-m2-liptovska-tepla","imagesUrls":["https://img.nehnutelnosti.sk/foto/NjAweDMzOC9maWx0ZXJzOnF1YWxpdHkoMTAwKS9uZWg=/bAl-IZcJS_fss?st=24Z8gk9FHohQtNzGXhPB-fz7iQbYDqdXkbXHCqyy55M&ts=1725188362&e=0"]},{"title":"2-izbový INVESTIČNÝ APARTMÁN VYSOKÉ TATRY-TATRANSKÁ ŠTRBA, 64,57m2","address":"Tatranská Štrba, Vysoké Tatry, okres Poprad","rooms":2,"meters":54,"totalPrice":212000,"meterSquarePrice":9,"link":"https://www.nehnutelnosti.sk/detail/JudjI5D6rG9/2-izbovy-investicny-apartman-vysoke-tatry-tatranska-strba-64-57m2","imagesUrls":["https://img.nehnutelnosti.sk/foto/NjAweDMzOC9maWx0ZXJzOnF1YWxpdHkoMTAwKS9uZWg=/Zc86MgcvOH_fss?st=SGJvpYRvjISbvdlF0Gctd3tXTB2OKDIZV96BuxBl_jY&ts=1726232034&e=0"]},{"title":"2-IZBOVÝ INVESTIČNÝ APARTMÁN - VYSOKÉ TATRY, TATRANSKÁ ŠTRBA, 62,19m2","address":"Tatranská Štrba, Vysoké Tatry, okres Poprad","rooms":2,"meters":53,"totalPrice":230600,"meterSquarePrice":4,"link":"https://www.nehnutelnosti.sk/detail/JunADOTubBj1/2-izbovy-investicny-apartman-vysoke-tatry-tatranska-strba-62-19m2","imagesUrls":["https://img.nehnutelnosti.sk/foto/NjAweDMzOC9maWx0ZXJzOnF1YWxpdHkoMTAwKS9uZWg=/1XxBp-pPT_fss?st=2DIQuN417dbbTtGtv0L0H7fHyKHzgp4Vj17ICOYE56E&ts=1726232053&e=0"]},{"title":"2-IZBOVÝ INVESTIČNÝ APARTMÁN VYSOKÉ TATRY-TATRANSKÁ ŠTRBA 65,22m2","address":"Tatranská Štrba, Vysoké Tatry, okres Poprad","rooms":2,"meters":5,"totalPrice":212500,"meterSquarePrice":3,"link":"https://www.nehnutelnosti.sk/detail/JuWFnn0T5dh/2-izbovy-investicny-apartman-vysoke-tatry-tatranska-strba-65-22m2","imagesUrls":["https://img.nehnutelnosti.sk/foto/NjAweDMzOC9maWx0ZXJzOnF1YWxpdHkoMTAwKS9uZWg=/0kHf38lHXt_fss?st=5ik8R4EqpwH5ZQR51RhutC5RMdmpXMJNwlgdC4KB9RY&ts=1726232057&e=0"]},{"title":"3-IZBOVÝ INVESTIČNÝ APARTMÁN VYSOKÉ TATRY TATRANSKÁ ŠTRBA 79,3m2","address":"Tatranská Štrba, Vysoké Tatry, okres Poprad","rooms":3,"meters":68,"totalPrice":399900,"meterSquarePrice":1,"link":"https://www.nehnutelnosti.sk/detail/JuiVgrjq_C-/3-izbovy-investicny-apartman-vysoke-tatry-tatranska-strba-79-3m2","imagesUrls":["https://img.nehnutelnosti.sk/foto/NjAweDMzOC9maWx0ZXJzOnF1YWxpdHkoMTAwKS9uZWg=/WJHU0hTlO_fss?st=-gPH7Ln2NXZutfBYNA-A0oX88zDW9d5Ogjj2eLGxJrM&ts=1726593606&e=0"]},{"title":"3-IZBOVÝ INVESTIČNÝ APARTMÁN VYSOKÉ TATRY TATRANSKÁ ŠTRBA 122,10 m2","address":"Tatranská Štrba, Vysoké Tatry, okres Poprad","rooms":3,"meters":77,"totalPrice":473970,"meterSquarePrice":0,"link":"https://www.nehnutelnosti.sk/detail/JujngblNkKe/3-izbovy-investicny-apartman-vysoke-tatry-tatranska-strba-122-10-m2","imagesUrls":["https://img.nehnutelnosti.sk/foto/NjAweDMzOC9maWx0ZXJzOnF1YWxpdHkoMTAwKS9uZWg=/AbNgLJ0U7h_fss?st=gMhJIht62uYX1BHVSDbViL8-cWRxMk7hFfjlvMCFang&ts=1726593626&e=0"]},{"title":"3-IZBOVÝ INVESTIČNÝ APARTMÁN VYSOKÉ TATRY TATRANSKÁ ŠTRBA 85,57m2","address":"Tatranská Štrba, Vysoké Tatry, okres Poprad","rooms":3,"meters":68,"totalPrice":410880,"meterSquarePrice":0,"link":"https://www.nehnutelnosti.sk/detail/Juxp0qUa3iZ/3-izbovy-investicny-apartman-vysoke-tatry-tatranska-strba-85-57m2","imagesUrls":["https://img.nehnutelnosti.sk/foto/NjAweDMzOC9maWx0ZXJzOnF1YWxpdHkoMTAwKS9uZWg=/2kmEeYnZz_fss?st=y8E24vGwSJIPVMuL-YASmvKcSgK5o23sVToeES0GCnM&ts=1726593611&e=0"]},{"title":"2-IZBOVÝ INVESTIČNÝ APARTMÁN VYSOKÉ TATRY TATRANSKÁ ŠTRBA 76,08m2","address":"Tatranská Štrba, Vysoké Tatry, okres Poprad","rooms":2,"meters":68,"totalPrice":298000,"meterSquarePrice":6,"link":"https://www.nehnutelnosti.sk/detail/JuWSDBpW0ic/2-izbovy-investicny-apartman-vysoke-tatry-tatranska-strba-76-08m2","imagesUrls":["https://img.nehnutelnosti.sk/foto/NjAweDMzOC9maWx0ZXJzOnF1YWxpdHkoMTAwKS9uZWg=/ZiRzBrFQe_fss?st=kA3oPPGYiFqbYcXvzLnEJX7u_Z9jsO3ZViQOgnRby4Q&ts=1726593628&e=0"]},{"title":"NOVOSTAVBA 1i byt, 1.NP / 2.NP, od 27m2, od 79.900,-€, Liptovská Teplá","address":"Ružomberok, okres Ružomberok","rooms":1,"meters":null,"totalPrice":null,"meterSquarePrice":null,"link":"https://www.nehnutelnosti.sk/detail/Ju-121X0duR/novostavba-1i-byt-1-np-2-np-od-27m2-od-79-900-liptovska-tepla","imagesUrls":["https://img.nehnutelnosti.sk/foto/NjAweDMzOC9maWx0ZXJzOnF1YWxpdHkoMTAwKS9uZWg=/a_Zk362Iw_fss?st=NicsIeh4tll5Umd5IbqI1WWSivi0Z7zMxGY8t2pCCJw&ts=1723455466&e=0"]},{"title":"3-izb. byt , ul. Športovcov, 65 m2, 1.posch., balkón","address":"Športovcov, Dolný Kubín, okres Dolný Kubín","rooms":3,"meters":63,"totalPrice":null,"meterSquarePrice":null,"link":"https://www.nehnutelnosti.sk/detail/Ju_5GOVMVD8/3-izb-byt-ul-sportovcov-65-m2-1-posch-balkon","imagesUrls":["https://img.nehnutelnosti.sk/foto/NjAweDMzOC9maWx0ZXJzOnF1YWxpdHkoMTAwKS9uZWg=/eXkVhFTng_fss?st=jQZ-A6KOyu0Y7-RiN0qf0i8PH0uv-6wOkLFCmzthSKw&ts=1726581953&e=0"]},{"title":"3izb. INVESTIČNÝ APARTMÁN VYSOKÉ TATRY-TATR. ŠTRBA, 111,17m2","address":"Tatranská Štrba, Vysoké Tatry, okres Poprad","rooms":3,"meters":92,"totalPrice":345800,"meterSquarePrice":8,"link":"https://www.nehnutelnosti.sk/detail/JuC_5FlPI0B/3izb-investicny-apartman-vysoke-tatry-tatr-strba-111-17m2","imagesUrls":["https://img.nehnutelnosti.sk/foto/NjAweDMzOC9maWx0ZXJzOnF1YWxpdHkoMTAwKS9uZWg=/KdXhr4LnI_fss?st=j44VYfFa2DXaDucpqY4wpawopPbu9ykqsGt0cD4UcQc&ts=1726232037&e=0"]},{"title":"3-IZBOVÝ INVESTIČNÝ APARTMÁN VYSOKÉ TATRY-TATRANSKÁ ŠTRBA,109,6m2","address":"Vysoké Tatry, okres Poprad","rooms":3,"meters":92,"totalPrice":386750,"meterSquarePrice":8,"link":"https://www.nehnutelnosti.sk/detail/Ju5RRzXKAKU/3-izbovy-investicny-apartman-vysoke-tatry-tatranska-strba-109-6m2","imagesUrls":["https://img.nehnutelnosti.sk/foto/NjAweDMzOC9maWx0ZXJzOnF1YWxpdHkoMTAwKS9uZWg=/Q37vhDNjc_fss?st=e5My-wal9P546m6ED7kFJ0BYILqeu-t9TBFgjDVorUo&ts=1726232061&e=0"]},{"title":"Predaj: 4 izb. byt s pozemkom v rodinnom dvojdome - obec Pata","address":"Pata, okres Galanta","rooms":4,"meters":151,"totalPrice":189000,"meterSquarePrice":6,"link":"https://www.nehnutelnosti.sk/detail/JufhbFnbIY0/predaj-4-izb-byt-s-pozemkom-v-rodinnom-dvojdome-obec-pata","imagesUrls":["https://img.nehnutelnosti.sk/foto/NjAweDMzOC9maWx0ZXJzOnF1YWxpdHkoMTAwKS9uZWg=/2oaxaKO1g_fss?st=0Q5VFhUC02MwBXK5SgMNGfX0Z-RZvS-c7JLmPb9m35k&ts=1723454923&e=0"]},{"title":"-Znížená cena-PREDAJ: 3i byt s loggiou - 60m2, Ružomberok - Klačno","address":"Lesná, Ružomberok, okres Ružomberok","rooms":3,"meters":58,"totalPrice":109990,"meterSquarePrice":3,"link":"https://www.nehnutelnosti.sk/detail/Ju-7dfaiTLI/znizena-cena-predaj-3i-byt-s-loggiou-60m2-ruzomberok-klacno","imagesUrls":["https://img.nehnutelnosti.sk/foto/NjAweDMzOC9maWx0ZXJzOnF1YWxpdHkoMTAwKS9uZWg=/4niBHs_zz__fss?st=JqR3h7l0HeXlbUIKmH20dFScKFkelPDGBA1p3kJIZwA&ts=1723455027&e=0"]},{"title":"NOVOSTAVBA 2i byty, 1.NP/3.NP/4.NP, 61m2, od 168.700€, Liptovská Teplá","address":"Ružomberok, okres Ružomberok","rooms":2,"meters":null,"totalPrice":null,"meterSquarePrice":null,"link":"https://www.nehnutelnosti.sk/detail/JuBe2LSvIsNx/novostavba-2i-byty-1-np-3-np-4-np-61m2-od-168-700-liptovska-tepla","imagesUrls":["https://img.nehnutelnosti.sk/foto/NjAweDMzOC9maWx0ZXJzOnF1YWxpdHkoMTAwKS9uZWg=/-JBzW_QgWI_fss?st=8oCvvUYcvZ88hYVEsmWF6TvLNdoDKjptWdW40hFawsw&ts=1723455464&e=0"]},{"title":"INVESTIČNÝ  APARTMÁN 2-IZBOVÝ - VYSOKÉ TATRY - Tatranská Štrba 74,87m2","address":"Tatranská Štrba, Vysoké Tatry, okres Poprad","rooms":2,"meters":53,"totalPrice":208600,"meterSquarePrice":9,"link":"https://www.nehnutelnosti.sk/detail/Juz4w5sLAVD/investicny-apartman-2-izbovy-vysoke-tatry-tatranska-strba-74-87m2","imagesUrls":["https://img.nehnutelnosti.sk/foto/NjAweDMzOC9maWx0ZXJzOnF1YWxpdHkoMTAwKS9uZWg=/Rb5WZVs1Hm_fss?st=ErPd53pWxG7ax0tno8B9AF4dq8dWOPRSgqZHQa_Qef4&ts=1726232026&e=0"]},{"title":"2-izbový INVESTIČNÝ APARTMÁN VYSOKÉ TATRY-TATRANSKÁ ŠTRBA, 67,66m2","address":"Tatranská Štrba, Vysoké Tatry, okres Poprad","rooms":2,"meters":null,"totalPrice":null,"meterSquarePrice":null,"link":"https://www.nehnutelnosti.sk/detail/JuIkArppgZa/2-izbovy-investicny-apartman-vysoke-tatry-tatranska-strba-67-66m2","imagesUrls":["https://img.nehnutelnosti.sk/foto/NjAweDMzOC9maWx0ZXJzOnF1YWxpdHkoMTAwKS9uZWg=/ZFRaub3R9k_fss?st=kS98wd1vEHJ2Yef9uBEl1z77BKKH0vi1Npp56mYpXgM&ts=1726232042&e=0"]},{"title":"2-IZBOVÝ INVESTIČNÝ APARTMÁN VYSOKÉ TATRY-TATRANSKÁ ŠTRBA,66,43m2","address":"Tatranská Štrba, Vysoké Tatry, okres Poprad","rooms":2,"meters":53,"totalPrice":232000,"meterSquarePrice":9,"link":"https://www.nehnutelnosti.sk/detail/Jue1Bka4CKW/2-izbovy-investicny-apartman-vysoke-tatry-tatranska-strba-66-43m2","imagesUrls":["https://img.nehnutelnosti.sk/foto/NjAweDMzOC9maWx0ZXJzOnF1YWxpdHkoMTAwKS9uZWg=/6emicI40tC_fss?st=VtSvCd8oZmp13Lkvgn9EoqAwjPMhkn8R_OMjQFsrh_Y&ts=1726972551&e=0"]},{"title":"PREDAJ: 3i byt s balkónom, 75 m2, Liptovská Osada","address":"Liptovská Osada, Ružomberok, okres Ružomberok","rooms":3,"meters":75,"totalPrice":80000,"meterSquarePrice":7,"link":"https://www.nehnutelnosti.sk/detail/JuTiMVE781u/predaj-3i-byt-s-balkonom-75-m2-liptovska-osada","imagesUrls":["https://img.nehnutelnosti.sk/foto/NjAweDMzOC9maWx0ZXJzOnF1YWxpdHkoMTAwKS9uZWg=/mMl9cKtiT_fss?st=robzK3-U3CXp-o-fMK1V0iZsZNgegpkrQ406g1kQrgg&ts=1726581990&e=0"]},{"title":"2-IZBOVÝ INVESTIČNÝ APARTMÁN VYSOKÉ TATRY TATRANSKÁ ŠTRBA 59,53 m2","address":"Tatranská Štrba, Vysoké Tatry, okres Poprad","rooms":2,"meters":48,"totalPrice":299900,"meterSquarePrice":1,"link":"https://www.nehnutelnosti.sk/detail/JugDrtljCAt/2-izbovy-investicny-apartman-vysoke-tatry-tatranska-strba-59-53-m2","imagesUrls":["https://img.nehnutelnosti.sk/foto/NjAweDMzOC9maWx0ZXJzOnF1YWxpdHkoMTAwKS9uZWg=/nM4UbsFme_fss?st=OCXCEW1mB78mPscHGlHnHAqR-4FBk_F97r9Rtp0OTHc&ts=1726593612&e=0"]},{"title":"PREDAJ - 2-izbový byt BA I. - Staré Mesto","address":"Povraznícka, Bratislava I - Staré Mesto, okres Bratislava","rooms":2,"meters":81,"totalPrice":255000,"meterSquarePrice":5,"link":"https://www.nehnutelnosti.sk/detail/JumEVlVRWXX/predaj-2-izbovy-byt-ba-i-stare-mesto","imagesUrls":["https://img.unitedclassifieds.sk/foto/NjAweDMzOC9maWx0ZXJzOnF1YWxpdHkoMTAwKS9qdWw=/v1qGGxjy6_fss?st=E4V56qLbs9cbxAwkm59tgW3P4lD56T03EZAGmbL38TE&ts=1726674195&e=0"]},{"title":"NA PREDAJ - Útulný 3,5-izbový byt v Sačurove","address":"Davidovská, Sačurov, okres Vranov nad Topľou","rooms":3,"meters":1,"totalPrice":82900,"meterSquarePrice":0,"link":"https://www.nehnutelnosti.sk/detail/JuQsKvR5eKx/na-predaj-utulny-3-5-izbovy-byt-v-sacurove","imagesUrls":["https://img.unitedclassifieds.sk/foto/NjAweDMzOC9maWx0ZXJzOnF1YWxpdHkoMTAwKS9qdWw=/qpG08WnhG_fss?st=UQGmgAl7FvilUGNrWzb14CGxcdnzVec6pEc8nerZ8_M&ts=1726667284&e=0"]},{"title":"KVETOSLAVOV, 3-i byt, 66 m2 + 159 m2 predzáhradka – skolaudovaná novostavba, vysoký štandard v cene","address":"Kvetoslavov, okres Dunajská Streda","rooms":3,"meters":66,"totalPrice":194900,"meterSquarePrice":3,"link":"https://www.nehnutelnosti.sk/detail/Jut74i0OpZr/kvetoslavov-3-i-byt-66-m2-159-m2-predzahradka-skolaudovana-novostavba-vysoky-standard-v-cene","imagesUrls":["https://img.nehnutelnosti.sk/foto/NjAweDMzOC9maWx0ZXJzOnF1YWxpdHkoMTAwKS9uZWg=/BTr55DeBqT_fss?st=VzRjKgkzgB59K_Ee5beZ5PaG3da1mazMGfLG8JYnv5g&ts=1725361498&e=0"]},{"title":"KVETOSLAVOV, 4-i penthouse, 104 m2 + 73 m2 terasa – skolaudovaná novostavba, vysoký štandard v cene","address":"Kvetoslavov, okres Dunajská Streda","rooms":4,"meters":104,"totalPrice":279500,"meterSquarePrice":0,"link":"https://www.nehnutelnosti.sk/detail/JuecBBG-dli/kvetoslavov-4-i-penthouse-104-m2-73-m2-terasa-skolaudovana-novostavba-vysoky-standard-v-cene","imagesUrls":["https://img.nehnutelnosti.sk/foto/NjAweDMzOC9maWx0ZXJzOnF1YWxpdHkoMTAwKS9uZWg=/Eekqf0TvrX_fss?st=QdeDB3q-4zoNkicWegYvp2XI33jMEFyIsOhHdSheR1Q&ts=1725361504&e=0"]},{"title":"VRAKUŇA, 2-i byt, 52 m2 MEZONET, uzavretý areál s možnosťou parkovania","address":"Bratislava II - Vrakuňa, okres Bratislava","rooms":2,"meters":52,"totalPrice":111900,"meterSquarePrice":7,"link":"https://www.nehnutelnosti.sk/detail/JuQQO3hg6I2/vrakuna-2-i-byt-52-m2-mezonet-uzavrety-areal-s-moznostou-parkovania","imagesUrls":["https://img.nehnutelnosti.sk/foto/NjAweDMzOC9maWx0ZXJzOnF1YWxpdHkoMTAwKS9uZWg=/fVOtryNXp_fss?st=llg39kqWcVGbUPyh_WeYk7rRdFoMwpgWIsT8ZaSxTSc&ts=1724599248&e=0"]},{"title":"KOSTLIVÉHO, 3-i byt, 65 m2 – kompletná rekonštrukcia bytového domu, tichá lokalita","address":"Kostlivého, Bratislava II - Ružinov, okres Bratislava","rooms":3,"meters":65,"totalPrice":180000,"meterSquarePrice":3,"link":"https://www.nehnutelnosti.sk/detail/Ju2sR5f_HPA/kostliveho-3-i-byt-65-m2-kompletna-rekonstrukcia-bytoveho-domu-ticha-lokalita","imagesUrls":["https://img.nehnutelnosti.sk/foto/NjAweDMzOC9maWx0ZXJzOnF1YWxpdHkoMTAwKS9uZWg=/Xc3gb7NfJ_fss?st=-F-DZEuVTh0sQrNMGmVxqx4LOO9zqHTYJ578r0BJe8k&ts=1725361378&e=0"]},{"title":"KVETOSLAVOV, 3-i byt, 81 m2 + 93 m2 predzáhradka – skolaudovaná novostavba, vysoký štandard v cene","address":"Hamuliakovo, okres Senec","rooms":3,"meters":81,"totalPrice":219900,"meterSquarePrice":1,"link":"https://www.nehnutelnosti.sk/detail/JuzVPfZk_Kz/kvetoslavov-3-i-byt-81-m2-93-m2-predzahradka-skolaudovana-novostavba-vysoky-standard-v-cene","imagesUrls":["https://img.nehnutelnosti.sk/foto/NjAweDMzOC9maWx0ZXJzOnF1YWxpdHkoMTAwKS9uZWg=/tv-nP6rjvF_fss?st=d9cEmiKI5bCGL8QJLDMxeBa4L2kqPiuD8Ivo9gtZyh0&ts=1725361418&e=0"]},{"title":"KVETOSLAVOV, 4-i mezonetový byt, 100 m2 + 48 m2 predzáhradka – skolaudovaná novostavba, vysoký štand","address":"Dunajská Lužná, okres Senec","rooms":4,"meters":100,"totalPrice":259900,"meterSquarePrice":9,"link":"https://www.nehnutelnosti.sk/detail/JuRh_IRvot9/kvetoslavov-4-i-mezonetovy-byt-100-m2-48-m2-predzahradka-skolaudovana-novostavba-vysoky-stand","imagesUrls":["https://img.nehnutelnosti.sk/foto/NjAweDMzOC9maWx0ZXJzOnF1YWxpdHkoMTAwKS9uZWg=/6_lgxJoDRr_fss?st=TtZ5wrsg9joNcO1cSzZ-WBDVpSGLuGcfpyWaKt9Tryg&ts=1725361458&e=0"]},{"title":"KVETOSLAVOV, 3-i byt, 66 m2 + 159 m2 predzáhradka – skolaudovaná novostavba, klimatizácia + štandard","address":"Hamuliakovo, okres Senec","rooms":3,"meters":66,"totalPrice":194900,"meterSquarePrice":3,"link":"https://www.nehnutelnosti.sk/detail/JufOU6dnqwG/kvetoslavov-3-i-byt-66-m2-159-m2-predzahradka-skolaudovana-novostavba-klimatizacia-standard","imagesUrls":["https://img.nehnutelnosti.sk/foto/NjAweDMzOC9maWx0ZXJzOnF1YWxpdHkoMTAwKS9uZWg=/pLP93FOkL_fss?st=p8RwKOYJJibXy2NvdAhohmV-Mzal0XBwlMnixSJoLzk&ts=1725361394&e=0"]},{"title":"NIVY, 3-i byt, 65 m2 – tehlový dom, čiastočná rekonštrukcia, výhľady na jazero","address":"Bratislava II - Ružinov, okres Bratislava","rooms":3,"meters":65,"totalPrice":209000,"meterSquarePrice":8,"link":"https://www.nehnutelnosti.sk/detail/JuM3FVHxYVQ/nivy-3-i-byt-65-m2-tehlovy-dom-ciastocna-rekonstrukcia-vyhlady-na-jazero","imagesUrls":["https://img.nehnutelnosti.sk/foto/NjAweDMzOC9maWx0ZXJzOnF1YWxpdHkoMTAwKS9uZWg=/2mA-4kSNq6_fss?st=AsOk7nK5HI_hph4qZJ4FPwG8pzU0vPu1gp59cEkq6_g&ts=1725921101&e=0"]}]