[{"title":"Krásny a moderný zariadený 2izb apartmán v novostavbe BAZOVA v TOP lokalite","address":"Bazova, Bratislava II - Ružinov, okres Bratislava","rooms":2,"meters":59,"totalPrice":320000,"meterSquarePrice":6,"link":"https://www.nehnutelnosti.sk/detail/JumMQ5JY_1T/krasny-a-moderny-zariadeny-2izb-apartman-v-novostavbe-bazova-v-top-lokalite","imagesUrls":["https://img.nehnutelnosti.sk/foto/NjAweDMzOC9maWx0ZXJzOnF1YWxpdHkoMTAwKS9uZWg=/A1gQcBH2m_fss?st=QjBx2-QvRBpHuS7cpDFrGVtUxAmQQKrnDG1wFp3ra94&ts=1724798357&e=0"]},{"title":"S vysokým štandardom 1 izbový byt situovaný v novostavbe na  Prístavnej ulici","address":"Prístavná, Bratislava II - Ružinov, okres Bratislava","rooms":1,"meters":43,"totalPrice":196800,"meterSquarePrice":4,"link":"https://www.nehnutelnosti.sk/detail/JuOu7MiTjYH/s-vysokym-standardom-1-izbovy-byt-situovany-v-novostavbe-na-pristavnej-ulici","imagesUrls":["https://img.nehnutelnosti.sk/foto/NjAweDMzOC9maWx0ZXJzOnF1YWxpdHkoMTAwKS9uZWg=/pTOPUf1CF_fss?st=RDYYiTZbweA12ej_7EOL1221-3XSRBJqrVvAPGwFD_A&ts=1726516835&e=0"]},{"title":"S vysokým štandardom 1 izbový byt situovaný v novostavbe na  Prístavnej ulici","address":"Prístavná, Bratislava II - Ružinov, okres Bratislava","rooms":1,"meters":49,"totalPrice":219800,"meterSquarePrice":9,"link":"https://www.nehnutelnosti.sk/detail/JuvfDyPv1Zl/s-vysokym-standardom-1-izbovy-byt-situovany-v-novostavbe-na-pristavnej-ulici","imagesUrls":["https://img.nehnutelnosti.sk/foto/NjAweDMzOC9maWx0ZXJzOnF1YWxpdHkoMTAwKS9uZWg=/LwlEb7eYa_fss?st=cF8pS330eUap_MTla7DRgC9THh-HGNbmBYEpmngkHeI&ts=1726516834&e=0"]},{"title":"Predaj 3 izb. priestranný byt v Zdravotnom stredisku na Saratovskej ulici, Bratislava - Dúbravka.","address":"Saratovská, Bratislava IV - Dúbravka, okres Bratislava","rooms":3,"meters":105,"totalPrice":216650,"meterSquarePrice":0,"link":"https://www.nehnutelnosti.sk/detail/JuVAEBvTD91/predaj-3-izb-priestranny-byt-v-zdravotnom-stredisku-na-saratovskej-ulici-bratislava-dubravka","imagesUrls":["https://img.nehnutelnosti.sk/foto/NjAweDMzOC9maWx0ZXJzOnF1YWxpdHkoMTAwKS9uZWg=/RGfyiuuehT_fss?st=pv1wwjYguagqCa259x2iGBrKNK1XSk8J9OPpVA8InfY&ts=1720531265&e=0"]},{"title":"Predaj útulného 2-izb. bytu na ul. J.Ondruša v Stupave","address":"Ulica Jána Ondruša, Stupava, okres Malacky","rooms":2,"meters":41,"totalPrice":162999,"meterSquarePrice":7,"link":"https://www.nehnutelnosti.sk/detail/Jug1z7_uHKV/predaj-utulneho-2-izb-bytu-na-ul-j-ondrusa-v-stupave","imagesUrls":["https://img.nehnutelnosti.sk/foto/NjAweDMzOC9maWx0ZXJzOnF1YWxpdHkoMTAwKS9uZWg=/3pFv0AN0z_fss?st=PGFx5jVZd29f_OTzKJNisictt86wKYX6syTR6uKGr0U&ts=1716377218&e=0"]},{"title":"Predaj priestranný, bezbariérový 2-izb. byt  s loggiou, Agátová ulica, Bratislava - Dúbravka.","address":"Agátová, Bratislava IV - Dúbravka, okres Bratislava","rooms":2,"meters":58,"totalPrice":195590,"meterSquarePrice":2,"link":"https://www.nehnutelnosti.sk/detail/Ju0j16k6IUb/predaj-priestranny-bezbarierovy-2-izb-byt-s-loggiou-agatova-ulica-bratislava-dubravka","imagesUrls":["https://img.nehnutelnosti.sk/foto/NjAweDMzOC9maWx0ZXJzOnF1YWxpdHkoMTAwKS9uZWg=/N7eT_1VX9_fss?st=HTL493a6cUfmWFM_Y46CwJUqok8U8kmeIWxH4XdrONM&ts=1712561589&e=0"]},{"title":"Pre našich klientov hľadáme 2 izbový byt v Dúbravke.","address":"Saratovská, Bratislava IV - Dúbravka, okres Bratislava","rooms":2,"meters":50,"totalPrice":null,"meterSquarePrice":null,"link":"https://www.nehnutelnosti.sk/detail/JuGIVpgdGYD/pre-nasich-klientov-hladame-2-izbovy-byt-v-dubravke","imagesUrls":["https://img.nehnutelnosti.sk/foto/NjAweDMzOC9maWx0ZXJzOnF1YWxpdHkoMTAwKS9uZWg=/4d4OmVz-9_fss?st=FyA9D3NeIm5yLGGYCP6z-dwqNBElw1W_zKRoaT0OQWw&ts=1645012814&e=0"]},{"title":"3-IZB. BYT - STUPAVA","address":"Bočná ulica, Stupava, okres Malacky","rooms":3,"meters":88,"totalPrice":233000,"meterSquarePrice":3,"link":"https://www.nehnutelnosti.sk/detail/Ju_u0tCYCpO/3-izb-byt-stupava","imagesUrls":["https://img.nehnutelnosti.sk/foto/NjAweDMzOC9maWx0ZXJzOnF1YWxpdHkoMTAwKS9uZWg=/Fb4-X4mQu_fss?st=RCdysDQ_Yiwtw_8j4me9l_ZrcuDM9WjLvUILZtunD1g&ts=1724057376&e=0"]},{"title":"Predám 4 - izbový byt v Piešťanoch na ulici A.Hlin","address":"A. Hlinku, Piešťany, okres Piešťany","rooms":4,"meters":83,"totalPrice":135000,"meterSquarePrice":1,"link":"https://www.nehnutelnosti.sk/detail/Ju02ZGwV0Bo/predam-4-izbovy-byt-v-piestanoch-na-ulici-a-hlin","imagesUrls":["https://img.nehnutelnosti.sk/foto/NjAweDMzOC9maWx0ZXJzOnF1YWxpdHkoMTAwKS9uZWg=/1QeP1XCaO_fss?st=tXKrVbz497g69cCrnXsTFFcpb3jJKibMgFRnT5-MPkw&ts=1726516386&e=0"]},{"title":"Ponúkame na predaj 3 a 4 izbové byty a nebytové priestory na Gunguličovej ulici v novostavbe","address":"Gunduličova, Bratislava I - Staré Mesto, okres Bratislava","rooms":3,"meters":73,"totalPrice":324926,"meterSquarePrice":1,"link":"https://www.nehnutelnosti.sk/detail/Ju9rFvhxuFI3/ponukame-na-predaj-3-a-4-izbove-byty-a-nebytove-priestory-na-gungulicovej-ulici-v-novostavbe","imagesUrls":["https://img.nehnutelnosti.sk/foto/NjAweDMzOC9maWx0ZXJzOnF1YWxpdHkoMTAwKS9uZWg=/toq-Jk_0w_fss?st=C0vwxxUoo2dfpnV4K_lTI-wlSBa9bcaTTIdkh0n0DPw&ts=1726515860&e=0"]},{"title":"3 izbový zariadený byt vhodný aj ako investícia, loggia, pivnica  lokalita Vrakuňa, Slatinská ulica","address":"Slatinská, Bratislava II - Vrakuňa, okres Bratislava","rooms":3,"meters":69,"totalPrice":165000,"meterSquarePrice":2,"link":"https://www.nehnutelnosti.sk/detail/JuUQExTNDuZ/3-izbovy-zariadeny-byt-vhodny-aj-ako-investicia-loggia-pivnica-lokalita-vrakuna-slatinska-ulica","imagesUrls":["https://img.nehnutelnosti.sk/foto/NjAweDMzOC9maWx0ZXJzOnF1YWxpdHkoMTAwKS9uZWg=/dL_GGVZo__fss?st=FUH6TpSuumykX7z4n30Dk71Xg455mQcQuUs3U7RSfv8&ts=1726515858&e=0"]},{"title":"Na predaj unikátny 4,5 izbový tehlový byt s pivnicou, balkónom a lodžiou na Sokolskej ulici, Staré M","address":"Sokolská, Bratislava I - Staré Mesto, okres Bratislava","rooms":5,"meters":155,"totalPrice":null,"meterSquarePrice":null,"link":"https://www.nehnutelnosti.sk/detail/Ju7uRO352rB/na-predaj-unikatny-4-5-izbovy-tehlovy-byt-s-pivnicou-balkonom-a-lodziou-na-sokolskej-ulici-stare-m","imagesUrls":["https://img.nehnutelnosti.sk/foto/NjAweDMzOC9maWx0ZXJzOnF1YWxpdHkoMTAwKS9uZWg=/CBlFLPCdUM_fss?st=172A4pfAr8d-24hUXw-yV-p9p0rTeLgLJo7vhBT0-Iw&ts=1726515856&e=0"]},{"title":"Na predaj svetlý, čiastočne zrekonštruovaný 1 izbový byt s pivnicou na ulici Mlynská v Stupave","address":"Mlynská, Stupava, okres Malacky","rooms":1,"meters":39,"totalPrice":null,"meterSquarePrice":null,"link":"https://www.nehnutelnosti.sk/detail/JuJ6mfQU5l_/na-predaj-svetly-ciastocne-zrekonstruovany-1-izbovy-byt-s-pivnicou-na-ulici-mlynska-v-stupave","imagesUrls":["https://img.nehnutelnosti.sk/foto/NjAweDMzOC9maWx0ZXJzOnF1YWxpdHkoMTAwKS9uZWg=/O7Kyr8DIXX_fss?st=vk_jtifStubuVKwokdLxdbqO2ntKojHPbKaMGT2WUrM&ts=1726515848&e=0"]},{"title":"PREDAJ - Kompletne prerobený 3 izbový byt s loggiou na vodnej ulici v Komárne","address":"Vodná, Komárno, okres Komárno","rooms":3,"meters":80,"totalPrice":129000,"meterSquarePrice":0,"link":"https://www.nehnutelnosti.sk/detail/JuTGvAk3kxB/predaj-kompletne-prerobeny-3-izbovy-byt-s-loggiou-na-vodnej-ulici-v-komarne","imagesUrls":["https://img.nehnutelnosti.sk/foto/NjAweDMzOC9maWx0ZXJzOnF1YWxpdHkoMTAwKS9uZWg=/ZG47af-sS_fss?st=cKX1hEkBayi3Q1cNI_s3U8BeKZjiij6qsZpaKwGXDXU&ts=1726515552&e=0"]},{"title":"3 izbový byt  Prievidza - Riverside C 3.poschodie","address":"A. Stodolu, Prievidza, okres Prievidza","rooms":3,"meters":75,"totalPrice":182625,"meterSquarePrice":5,"link":"https://www.nehnutelnosti.sk/detail/Ju9DVh4mAux/3-izbovy-byt-prievidza-riverside-c-3-poschodie","imagesUrls":["https://img.nehnutelnosti.sk/foto/NjAweDMzOC9maWx0ZXJzOnF1YWxpdHkoMTAwKS9uZWg=/Eg0sdAhguL_fss?st=xNdtbeXBWfOM5l9LqddJ-XEu0-7pyF01e3OGW-j1_Tc&ts=1726515317&e=0"]},{"title":"Na predaj nový byt 2+kk s vonkajšou terasou v Skalici","address":"Agátová, Skalica, okres Skalica","rooms":2,"meters":54,"totalPrice":116000,"meterSquarePrice":5,"link":"https://www.nehnutelnosti.sk/detail/JumaYxVvG9c/na-predaj-novy-byt-2-kk-s-vonkajsou-terasou-v-skalici","imagesUrls":["https://img.unitedclassifieds.sk/foto/NjAweDMzOC9maWx0ZXJzOnF1YWxpdHkoMTAwKS9yc2Y=/AjcTxQpgr_fss?st=bdPkws_NBZpMQ1fLOwpIqZwJaNrj7vN_pQOrZitWpNQ&ts=1664041445&e=0"]},{"title":"Na predaj byt 3+1 s lodžiou v tichom prostredí mesta Skalica","address":"Skalica, okres Skalica","rooms":3,"meters":83,"totalPrice":159000,"meterSquarePrice":6,"link":"https://www.nehnutelnosti.sk/detail/JueS8bq8rnk/na-predaj-byt-3-1-s-lodziou-v-tichom-prostredi-mesta-skalica","imagesUrls":["https://img.unitedclassifieds.sk/foto/NjAweDMzOC9maWx0ZXJzOnF1YWxpdHkoMTAwKS9qdWw=/MOiZY-Lya_fss?st=96sX0rduQw5eTs305GP5KbdwxgMQ8amEIpn86QIDF2Q&ts=1722460290&e=0"]},{"title":"ZĽAVNENÉ • Na predaj moderný byt 3+kk s balkónom na ulici L. Svobodu v Skalici","address":"L. Svobodu, Skalica, okres Skalica","rooms":3,"meters":51,"totalPrice":124000,"meterSquarePrice":7,"link":"https://www.nehnutelnosti.sk/detail/Ju26AmwbdcE/zlavnene-na-predaj-moderny-byt-3-kk-s-balkonom-na-ulici-l-svobodu-v-skalici","imagesUrls":["https://img.unitedclassifieds.sk/foto/NjAweDMzOC9maWx0ZXJzOnF1YWxpdHkoMTAwKS9qdWw=/6atIjMHO9_fss?st=ILrWlKyOtErz6uEVc3LO_QjTXR0fCqrG6wG7q0L06Tg&ts=1718740369&e=0"]},{"title":"Na predaj moderný 4,5-izbový byt s dvomi balkónmi v Skalici","address":"L. Svobodu, Skalica, okres Skalica","rooms":4,"meters":76,"totalPrice":149000,"meterSquarePrice":3,"link":"https://www.nehnutelnosti.sk/detail/JugDfWiYnkz/na-predaj-moderny-4-5-izbovy-byt-s-dvomi-balkonmi-v-skalici","imagesUrls":["https://img.unitedclassifieds.sk/foto/NjAweDMzOC9maWx0ZXJzOnF1YWxpdHkoMTAwKS9qdWw=/6FtiAi-u2_fss?st=YtKGKlZiBTyChNcRwsXicgQVkswqeHrFpKZt5RDfkeI&ts=1722102067&e=0"]},{"title":"Na predaj 3,5-izbový byt s lodžiou na sídlisku Trávniky v Skalici","address":"Záhradná, Skalica, okres Skalica","rooms":3,"meters":74,"totalPrice":144000,"meterSquarePrice":5,"link":"https://www.nehnutelnosti.sk/detail/Juga3O-aNTZ/na-predaj-3-5-izbovy-byt-s-lodziou-na-sidlisku-travniky-v-skalici","imagesUrls":["https://img.unitedclassifieds.sk/foto/NjAweDMzOC9maWx0ZXJzOnF1YWxpdHkoMTAwKS9qdWw=/MONV8YAr0_fss?st=oDzeZv6PeiwcQOrokA2A5xe4sY3xVDjSOsriGRBN99w&ts=1716759348&e=0"]},{"title":"Na predaj byt 2+1 s lodžiou na sídlisku Trávniky v Skalici","address":"Pelíškova, Skalica, okres Skalica","rooms":2,"meters":50,"totalPrice":91000,"meterSquarePrice":0,"link":"https://www.nehnutelnosti.sk/detail/Jui5iUFToYA/na-predaj-byt-2-1-s-lodziou-na-sidlisku-travniky-v-skalici","imagesUrls":["https://img.unitedclassifieds.sk/foto/NjAweDMzOC9maWx0ZXJzOnF1YWxpdHkoMTAwKS9qdWw=/TkANnjPTw_fss?st=VWnmnUF_ra2OeaR3f2Xt7UyfirwpVXeinnZiIOudnuo&ts=1692649538&e=0"]},{"title":"Na predaj zariadený byt 3+1 so zaskleným balkónom v meste Skalica","address":"Dr. Clementisa, Skalica, okres Skalica","rooms":3,"meters":76,"totalPrice":149000,"meterSquarePrice":3,"link":"https://www.nehnutelnosti.sk/detail/Jul1YXt3R_f/na-predaj-zariadeny-byt-3-1-so-zasklenym-balkonom-v-meste-skalica","imagesUrls":["https://img.unitedclassifieds.sk/foto/NjAweDMzOC9maWx0ZXJzOnF1YWxpdHkoMTAwKS9qdWw=/ZU5VeEcR8_fss?st=t7qz95ho0zbtpjLHqa9on09JOChvc7r5b58RXSGxd-k&ts=1723055837&e=0"]},{"title":"Na predaj byt 3+1 s balkónom na ulici D. Rapanta v meste Holíč","address":"D. Rapanta, Holíč, okres Skalica","rooms":3,"meters":84,"totalPrice":109000,"meterSquarePrice":2,"link":"https://www.nehnutelnosti.sk/detail/Ju_VGBo4eMG/na-predaj-byt-3-1-s-balkonom-na-ulici-d-rapanta-v-meste-holic","imagesUrls":["https://img.unitedclassifieds.sk/foto/NjAweDMzOC9maWx0ZXJzOnF1YWxpdHkoMTAwKS9qdWw=/c1r-FDn2F_fss?st=4WuwhOIM3mW7QhQpYXm0JZ85wtz8-R6yGoDk5k_GqCY&ts=1703884650&e=0"]},{"title":"ZĽAVNENÉ • Na predaj byt 3+1 s balkónom v lokalite Dolné Suroviny za Senicou","address":"Dolné Suroviny, Senica, okres Senica","rooms":3,"meters":85,"totalPrice":81000,"meterSquarePrice":4,"link":"https://www.nehnutelnosti.sk/detail/JuzGqmw1ULG/zlavnene-na-predaj-byt-3-1-s-balkonom-v-lokalite-dolne-suroviny-za-senicou","imagesUrls":["https://img.unitedclassifieds.sk/foto/NjAweDMzOC9maWx0ZXJzOnF1YWxpdHkoMTAwKS9qdWw=/NE4iC97R4_fss?st=GUbjlQ9pX42O4YjuY0hOEUrtN9-cYcMhBUimNA_QNoo&ts=1716149636&e=0"]},{"title":"Na predaj rodinný dom v radovej zástavbe Komárno","address":"Komárno, okres Komárno","rooms":3,"meters":117,"totalPrice":130000,"meterSquarePrice":1,"link":"https://www.nehnutelnosti.sk/detail/JuzDrJAWfMR/na-predaj-rodinny-dom-v-radovej-zastavbe-komarno","imagesUrls":["https://img.unitedclassifieds.sk/foto/NjAweDMzOC9maWx0ZXJzOnF1YWxpdHkoMTAwKS9qdWw=/CyUh4H193_fss?st=EDgbmW4YkHB0poDjAEh3Ac4nOOZRvOC5ID5B9oDh3Nw&ts=1680088579&e=0"]},{"title":"Na predaj 2 izbový zariadený byt Komárno","address":"Košická ul., Komárno, okres Komárno","rooms":2,"meters":52,"totalPrice":62900,"meterSquarePrice":2,"link":"https://www.nehnutelnosti.sk/detail/JuQTKWd77cb/na-predaj-2-izbovy-zariadeny-byt-komarno","imagesUrls":["https://img.unitedclassifieds.sk/foto/NjAweDMzOC9maWx0ZXJzOnF1YWxpdHkoMTAwKS9yc2Y=/lkEwKmSmF_fss?st=m450YozaLFCstb4H9JmNlB9cmmSfxqF67_b8bz9yW4A&ts=1670348648&e=0"]},{"title":"Novinka! Na predaj 3 izb.byt Nové Zámky","address":"Cyrilometodská, Nové Zámky, okres Nové Zámky","rooms":3,"meters":81,"totalPrice":103896,"meterSquarePrice":7,"link":"https://www.nehnutelnosti.sk/detail/JuKAAf7bz1P/novinka-na-predaj-3-izb-byt-nove-zamky","imagesUrls":["https://img.unitedclassifieds.sk/foto/NjAweDMzOC9maWx0ZXJzOnF1YWxpdHkoMTAwKS9qdWw=/IYitZt-B-_fss?st=S52EnCsHIPWLgLywEhaXCgivkyTUzn9PSZoCy8ZMsR4&ts=1720642256&e=0"]},{"title":"PRE INVESTOROV! Na predaj garsónky Komárno","address":"Komenského ul., Komárno, okres Komárno","rooms":null,"meters":21,"totalPrice":39900,"meterSquarePrice":0,"link":"https://www.nehnutelnosti.sk/detail/Jue6iWkjT1o/pre-investorov-na-predaj-garsonky-komarno","imagesUrls":["https://img.unitedclassifieds.sk/foto/NjAweDMzOC9maWx0ZXJzOnF1YWxpdHkoMTAwKS9qdWw=/lw_f7B4ml_fss?st=4wq4or_xSD39OBDsCAr98dvwHuTK0SwvWNAeoJg5w_k&ts=1710607666&e=0"]},{"title":"VÝBORNÁ LOKALITA! KRÁSNY 3 IZBOVÝ BYT KOMÁRNO","address":"Rákócziho ul., Komárno, okres Komárno","rooms":3,"meters":70,"totalPrice":116900,"meterSquarePrice":4,"link":"https://www.nehnutelnosti.sk/detail/JuH-jMIlUiO/vyborna-lokalita-krasny-3-izbovy-byt-komarno","imagesUrls":["https://img.unitedclassifieds.sk/foto/NjAweDMzOC9maWx0ZXJzOnF1YWxpdHkoMTAwKS9qdWw=/nQL318rBD_fss?st=mJD-iWYJL7_ioBTOL8uTWmO2fsfuy06hoeDoBosJxfQ&ts=1721247474&e=0"]},{"title":"NOVINKA ! Na predaj jednoizbový byt Komárno","address":"Komárno, okres Komárno","rooms":1,"meters":35,"totalPrice":54500,"meterSquarePrice":4,"link":"https://www.nehnutelnosti.sk/detail/JuN0kiD95PL/novinka-na-predaj-jednoizbovy-byt-komarno","imagesUrls":["https://img.unitedclassifieds.sk/foto/NjAweDMzOC9maWx0ZXJzOnF1YWxpdHkoMTAwKS9qdWw=/l8VJfJeSz_fss?st=ZQqTRGlb38Cjx1beyYYKO-iYfIOhR8TQs-94AkPrptA&ts=1722515145&e=0"]}]