[{"title":"Na predaj 1 izbový byt v lokalite plnej zelene, Baltská ul., Podunajské Biskupice","address":"Baltská, Bratislava II - Podunajské Biskupice, okres Bratislava","rooms":1,"meters":37,"totalPrice":117900,"meterSquarePrice":1,"link":"https://www.nehnutelnosti.sk/detail/JuGiFgFr760/na-predaj-1-izbovy-byt-v-lokalite-plnej-zelene-baltska-ul-podunajske-biskupice","imagesUrls":["https://img.nehnutelnosti.sk/foto/NjAweDMzOC9maWx0ZXJzOnF1YWxpdHkoMTAwKS9uZWg=/IOJvBDlnZz_fss?st=t0JkEci1MQ7wZ1aG-X_4vbEorRDYEWpm4hanFpOTMYs&ts=1726482471&e=0"]},{"title":"Predaj 3 izbového bytu, Rybárska ul. Šamorín","address":"Rybárska, Šamorín, okres Dunajská Streda","rooms":3,"meters":70,"totalPrice":152000,"meterSquarePrice":7,"link":"https://www.nehnutelnosti.sk/detail/Ju4OdBZT087/predaj-3-izboveho-bytu-rybarska-ul-samorin","imagesUrls":["https://img.nehnutelnosti.sk/foto/NjAweDMzOC9maWx0ZXJzOnF1YWxpdHkoMTAwKS9uZWg=/6U-Qkb6xy_fss?st=VWT3qh73R2S0qbOZeK3xy4zZ9Pkh03tx9OS5O3jLSW4&ts=1726482468&e=0"]},{"title":"Ihneď voľný trojizbový byt s loggiou v blízkosti školy a škôlky","address":"Dunajská Streda, okres Dunajská Streda","rooms":3,"meters":78,"totalPrice":100000,"meterSquarePrice":5,"link":"https://www.nehnutelnosti.sk/detail/JuPcsi2GosT/ihned-volny-trojizbovy-byt-s-loggiou-v-blizkosti-skoly-a-skolky","imagesUrls":["https://img.nehnutelnosti.sk/foto/NjAweDMzOC9maWx0ZXJzOnF1YWxpdHkoMTAwKS9uZWg=/_P0AuZjdD_fss?st=G4skdCR8xbVUkyOw0TBNMHoO134BwLZcythwUN-ZEDM&ts=1720869496&e=0"]},{"title":"Predaj 3 izbového apartmánu v apartmánovom dome Rezidencia Romantika , Tále - Trangoška","address":"Horná Lehota, Brezno, okres Brezno","rooms":null,"meters":81,"totalPrice":299000,"meterSquarePrice":2,"link":"https://www.nehnutelnosti.sk/detail/JuY7GK9AdKk/predaj-3-izboveho-apartmanu-v-apartmanovom-dome-rezidencia-romantika-tale-trangoska","imagesUrls":["https://img.nehnutelnosti.sk/foto/NjAweDMzOC9maWx0ZXJzOnF1YWxpdHkoMTAwKS9uZWg=/NGFTH-1sd_fss?st=LEiTGvHGK5mUqcL1AMLurOXJd0n7mcrSE0gTmTLacpY&ts=1720443792&e=0"]},{"title":"Vynikajúca investícia - 3 izb. byt s výbornou polohou. Váš nový domov čaká!","address":"Hlavná, Šamorín, okres Dunajská Streda","rooms":3,"meters":64,"totalPrice":153999,"meterSquarePrice":3,"link":"https://www.nehnutelnosti.sk/detail/JuXIjf84ZW_/vynikajuca-investicia-3-izb-byt-s-vybornou-polohou-vas-novy-domov-caka","imagesUrls":["https://img.nehnutelnosti.sk/foto/NjAweDMzOC9maWx0ZXJzOnF1YWxpdHkoMTAwKS9uZWg=/PzqUrSA4K_fss?st=yGw0AwspumSVMNlOqcVF0QVAZfwlSQ4eMa1-WdDxI8Q&ts=1718739375&e=0"]},{"title":"Na predaj veľkometrážny 5-izb.byt v centre Bratislavy","address":"Björnsonova, Bratislava I - Staré Mesto, okres Bratislava","rooms":5,"meters":147,"totalPrice":359900,"meterSquarePrice":0,"link":"https://www.nehnutelnosti.sk/detail/JuAnN1ancum/na-predaj-velkometrazny-5-izb-byt-v-centre-bratislavy","imagesUrls":["https://img.nehnutelnosti.sk/foto/NjAweDMzOC9maWx0ZXJzOnF1YWxpdHkoMTAwKS9uZWg=/YLPmKoqHQH_fss?st=_Kd-8JNxE-aAlExTU9iWwM5IwpFIgvWC_LJEemuUhoA&ts=1711094833&e=0"]},{"title":"Na predaj 1 izb. byt v novej časti Bratislavy","address":"Nový Ružinov, Bajkalská, Bratislava II - Ružinov, okres Bratislava","rooms":1,"meters":28,"totalPrice":129000,"meterSquarePrice":3,"link":"https://www.nehnutelnosti.sk/detail/JuL8fsnqZep/na-predaj-1-izb-byt-v-novej-casti-bratislavy","imagesUrls":["https://img.nehnutelnosti.sk/foto/NjAweDMzOC9maWx0ZXJzOnF1YWxpdHkoMTAwKS9uZWg=/bVOjPEqtQu_fss?st=B-lujEWw47_Vg_991Wi9mG0_mvmsx1KI1ZHqMV6xc-0&ts=1725446157&e=0"]},{"title":"Čiastočne zariadený 3 izb. byt v kľudnej časti mesta","address":"Dunajská, Šamorín, okres Dunajská Streda","rooms":3,"meters":67,"totalPrice":144999,"meterSquarePrice":6,"link":"https://www.nehnutelnosti.sk/detail/Ju3ibmFZB8U/ciastocne-zariadeny-3-izb-byt-v-kludnej-casti-mesta","imagesUrls":["https://img.nehnutelnosti.sk/foto/NjAweDMzOC9maWx0ZXJzOnF1YWxpdHkoMTAwKS9uZWg=/dO3slLL47_fss?st=ot2yglj5dut5GxbtCkP_SL3sM726WjIaORHRhdeiRGo&ts=1721210539&e=0"]},{"title":"Objavte svoj nový domov v srdci krásy a pohodlia!","address":"Kráľovianky, Šamorín, okres Dunajská Streda","rooms":3,"meters":77,"totalPrice":205000,"meterSquarePrice":4,"link":"https://www.nehnutelnosti.sk/detail/JuEUwvkvvuv/objavte-svoj-novy-domov-v-srdci-krasy-a-pohodlia","imagesUrls":["https://img.nehnutelnosti.sk/foto/NjAweDMzOC9maWx0ZXJzOnF1YWxpdHkoMTAwKS9uZWg=/m2o_1bCnF_fss?st=ko3_jpoxklGBg4dI4jE_Ab2iTFdyXdEmHMFLMwtXTSg&ts=1658251850&e=0"]},{"title":"ZNÍŽENÁ CENA. Na predaj KLIMATIZOVANÝ a zariadený 4i byt","address":"Smetanov Háj, Dunajská Streda, okres Dunajská Streda","rooms":4,"meters":86,"totalPrice":124900,"meterSquarePrice":3,"link":"https://www.nehnutelnosti.sk/detail/JuoncGmMgKw/znizena-cena-na-predaj-klimatizovany-a-zariadeny-4i-byt","imagesUrls":["https://img.nehnutelnosti.sk/foto/NjAweDMzOC9maWx0ZXJzOnF1YWxpdHkoMTAwKS9uZWg=/B6LxjW9an_fss?st=RhSeXn_Ted82fcGc_YH1ks_t07A6KuowbVZT1ixlJWw&ts=1722258432&e=0"]},{"title":"Exkluzívny 4-izbový byt na predaj na Macharovej ulici v Petržalke – Ideálne Umiestnenie v Bratislave","address":"Macharova, Bratislava V - Petržalka, okres Bratislava","rooms":4,"meters":82,"totalPrice":249999,"meterSquarePrice":7,"link":"https://www.nehnutelnosti.sk/detail/JufG_PYz8a5/exkluzivny-4-izbovy-byt-na-predaj-na-macharovej-ulici-v-petrzalke-idealne-umiestnenie-v-bratislave","imagesUrls":["https://img.nehnutelnosti.sk/foto/NjAweDMzOC9maWx0ZXJzOnF1YWxpdHkoMTAwKS9uZWg=/PfldgqDdZ_fss?st=VXobq1h-qDuf6ePTcxsyySQzLgIjCqIAa2a-7Lg1WMA&ts=1707999694&e=0"]},{"title":"SKOLAUDOVANÝ | LUNA 1izb. -A04 na 2.a 4.NP s výhľad na Tatry","address":"Allendeho, Poprad, okres Poprad","rooms":1,"meters":45,"totalPrice":101582,"meterSquarePrice":8,"link":"https://www.nehnutelnosti.sk/detail/JuBwsHB9Q8eO/skolaudovany-luna-1izb-a04-na-2-a-4-np-s-vyhlad-na-tatry","imagesUrls":["https://img.unitedclassifieds.sk/foto/NjAweDMzOC9maWx0ZXJzOnF1YWxpdHkoMTAwKS9qdWw=/2W4diHY6-_fss?st=SHKmsnIaAgJ_KrFZqy8VL5plMucIpXq03ibvU9fWPmU&ts=1726220511&e=0"]},{"title":"SKOLAUDOVANÝ | LUNA 1izb. - A05 na 4NP s výhľadom na Tatry","address":"Allendeho, Poprad, okres Poprad","rooms":1,"meters":45,"totalPrice":105366,"meterSquarePrice":7,"link":"https://www.nehnutelnosti.sk/detail/Ju1LvYjfnaQ/skolaudovany-luna-1izb-a05-na-4np-s-vyhladom-na-tatry","imagesUrls":["https://img.unitedclassifieds.sk/foto/NjAweDMzOC9maWx0ZXJzOnF1YWxpdHkoMTAwKS9qdWw=/gH_u3gVF1_fss?st=2__YJR-0QxP_5-NPnyrI9_fDXxJM6DZOv6U4rBbtG5c&ts=1726219908&e=0"]},{"title":"BÁNOVCE n. BEBR. – 3 – izb. byt / sídl. STRED / balkón / IHNEĎ VOĽNÝ","address":"Bánovce nad Bebravou, okres Bánovce nad Bebravou","rooms":3,"meters":59,"totalPrice":87000,"meterSquarePrice":8,"link":"https://www.nehnutelnosti.sk/detail/Ju1ccaB1lCt/banovce-n-bebr-3-izb-byt-sidl-stred-balkon-ihned-volny","imagesUrls":["https://img.nehnutelnosti.sk/foto/NjAweDMzOC9maWx0ZXJzOnF1YWxpdHkoMTAwKS9uZWg=/UnvgRAMuE_fss?st=ouvtYt2e9tjXSotVnhkzAu-WwkwwgQEXtiOdAXIhS4c&ts=1726220278&e=0"]},{"title":"Zariadený 4 izbový byt","address":"Starohájska 8180/9C, Trnava, okres Trnava","rooms":4,"meters":117,"totalPrice":399000,"meterSquarePrice":2,"link":"https://www.nehnutelnosti.sk/detail/JukMdRo0niq/zariadeny-4-izbovy-byt","imagesUrls":["https://img.nehnutelnosti.sk/foto/NjAweDMzOC9maWx0ZXJzOnF1YWxpdHkoMTAwKS9uZWg=/RkWekZk7W_fss?st=BMxxfIs5yPfnRbbIpMtDS5sj7mraF4k2_0Zb8PMsTeI&ts=1723192147&e=0"]},{"title":"Mezonetový apartmán v centre Tatranskej Lomnice","address":"Vysoké Tatry, okres Poprad","rooms":null,"meters":89,"totalPrice":329000,"meterSquarePrice":3,"link":"https://www.nehnutelnosti.sk/detail/JurNIa_C2kJ/mezonetovy-apartman-v-centre-tatranskej-lomnice","imagesUrls":["https://img.unitedclassifieds.sk/foto/NjAweDMzOC9maWx0ZXJzOnF1YWxpdHkoMTAwKS9qdWw=/j8Fx_UB5q_fss?st=aCyW3d5k5z2clLK3hWgcMsyldYtRMqXKPjnPVaZsPAU&ts=1715673402&e=0"]},{"title":"Dvojizbový byt v tichej lokalite s nádherným výhľadom vo Vysokých Tatrách","address":"Štôla, okres Poprad","rooms":2,"meters":48,"totalPrice":119900,"meterSquarePrice":2,"link":"https://www.nehnutelnosti.sk/detail/JuqtzNGF6z7/dvojizbovy-byt-v-tichej-lokalite-s-nadhernym-vyhladom-vo-vysokych-tatrach","imagesUrls":["https://img.unitedclassifieds.sk/foto/NjAweDMzOC9maWx0ZXJzOnF1YWxpdHkoMTAwKS9qdWw=/X86jNhr5g_fss?st=sceNTNOihrgujmx5lm6urvgbYODRXJy4Zg18sesPR-Q&ts=1724141778&e=0"]},{"title":"Zrekonštruovaný apartmán pod Tatrami na predaj","address":"Termálna, Veľká Lomnica, okres Kežmarok","rooms":null,"meters":42,"totalPrice":139900,"meterSquarePrice":5,"link":"https://www.nehnutelnosti.sk/detail/Ju9e98gQMPq/zrekonstruovany-apartman-pod-tatrami-na-predaj","imagesUrls":["https://img.unitedclassifieds.sk/foto/NjAweDMzOC9maWx0ZXJzOnF1YWxpdHkoMTAwKS9qdWw=/muwj0hKna_fss?st=E8jKFpIHW9IJvwRGsNtINkiZBD2GiJSKoTSc2QR_iro&ts=1711905405&e=0"]},{"title":"Krásny a priestranný apartmán v srdci Vysokých Tatier","address":"Starý Smokovec, Vysoké Tatry, okres Poprad","rooms":null,"meters":90,"totalPrice":null,"meterSquarePrice":null,"link":"https://www.nehnutelnosti.sk/detail/Ju2sOPcZNRP/krasny-a-priestranny-apartman-v-srdci-vysokych-tatier","imagesUrls":["https://img.unitedclassifieds.sk/foto/NjAweDMzOC9maWx0ZXJzOnF1YWxpdHkoMTAwKS9qdWw=/FO7aszDKp_fss?st=Wd1oCsK3512WTmYl2A82K_GCRmoM0hPyQUrKg_1dbxE&ts=1714765541&e=0"]},{"title":"Kompletne zariadený 2-izbový byt v novostavbe Panorama Residence","address":"Dlhé hony, Poprad, okres Poprad","rooms":2,"meters":47,"totalPrice":175000,"meterSquarePrice":6,"link":"https://www.nehnutelnosti.sk/detail/JuFNfEewND_/kompletne-zariadeny-2-izbovy-byt-v-novostavbe-panorama-residence","imagesUrls":["https://img.unitedclassifieds.sk/foto/NjAweDMzOC9maWx0ZXJzOnF1YWxpdHkoMTAwKS9qdWw=/4atKFcfE4_fss?st=k-4dMt-KUsSIH9CKtHoKvR__zy6XuCHg21BM6_WY_fY&ts=1712691918&e=0"]},{"title":"Moderný 3-izbový byt v novostavbe v tichej lokalite v Spišskej Novej Vsi","address":"Javorova, Spišská Nová Ves, okres Spišská Nová Ves","rooms":3,"meters":71,"totalPrice":189000,"meterSquarePrice":7,"link":"https://www.nehnutelnosti.sk/detail/JuFycw3tCKI/moderny-3-izbovy-byt-v-novostavbe-v-tichej-lokalite-v-spisskej-novej-vsi","imagesUrls":["https://img.unitedclassifieds.sk/foto/NjAweDMzOC9maWx0ZXJzOnF1YWxpdHkoMTAwKS9qdWw=/qmuZx62SA_fss?st=BZBdHwkdhIAz1Wp6Ka8p_tov8yIMV1O7tEjxRn5bohI&ts=1725110196&e=0"]},{"title":"Zrekonštruovaný 3- izbový byt na začiatku sídliska Starý Juh","address":"Tomášikova, Poprad, okres Poprad","rooms":3,"meters":70,"totalPrice":153000,"meterSquarePrice":1,"link":"https://www.nehnutelnosti.sk/detail/JuQQ0gz-hd2/zrekonstruovany-3-izbovy-byt-na-zaciatku-sidliska-stary-juh","imagesUrls":["https://img.unitedclassifieds.sk/foto/NjAweDMzOC9maWx0ZXJzOnF1YWxpdHkoMTAwKS9qdWw=/6TCp0IQuC_fss?st=C1MfYocs5XYc-RD1rMPgYZhpcM1tS3FztPndkPa3DMY&ts=1719913945&e=0"]},{"title":"Krásny apartmán v podhorskom meste Svit vo Vysokých Tatrách","address":"Nábrežie Jána Pavla II, Svit, okres Poprad","rooms":null,"meters":21,"totalPrice":89000,"meterSquarePrice":3,"link":"https://www.nehnutelnosti.sk/detail/JuRqJmPLlNk/krasny-apartman-v-podhorskom-meste-svit-vo-vysokych-tatrach","imagesUrls":["https://img.unitedclassifieds.sk/foto/NjAweDMzOC9maWx0ZXJzOnF1YWxpdHkoMTAwKS9qdWw=/-62PX5qj5_fss?st=0tgBxM4M3eamLWM6iqvSW2-6k9k1uXcZIHH5I5tQv5I&ts=1718884356&e=0"]},{"title":"Predaj 4-izbového bytu na sídlisku Západ v Poprade","address":"Partizánska, Poprad, okres Poprad","rooms":4,"meters":79,"totalPrice":149000,"meterSquarePrice":8,"link":"https://www.nehnutelnosti.sk/detail/JuKrPnMR-sB/predaj-4-izboveho-bytu-na-sidlisku-zapad-v-poprade","imagesUrls":["https://img.unitedclassifieds.sk/foto/NjAweDMzOC9maWx0ZXJzOnF1YWxpdHkoMTAwKS9qdWw=/zGuo-YzFM_fss?st=RoMZqOsNgrGvybz2eVaxTpGGGVs2pe51vdV89hrFPVY&ts=1716449121&e=0"]},{"title":"Krásny 2-izbový byt v podhorskom meste Svit vo Vysokých Tatrách","address":"Mierová, Svit, okres Poprad","rooms":2,"meters":52,"totalPrice":150000,"meterSquarePrice":2,"link":"https://www.nehnutelnosti.sk/detail/JukDIwE6Ump/krasny-2-izbovy-byt-v-podhorskom-meste-svit-vo-vysokych-tatrach","imagesUrls":["https://img.unitedclassifieds.sk/foto/NjAweDMzOC9maWx0ZXJzOnF1YWxpdHkoMTAwKS9qdWw=/pxC2x1s5TA_fss?st=FCgfJu0FruksZCjUendJNvfZsp6TFK5iZpdjSuCDt_E&ts=1720425000&e=0"]},{"title":"Rezervované: Predaj 2 izbového bytu v Poprade - mestská časť Veľká","address":"Kuzmányho, Poprad, okres Poprad","rooms":2,"meters":60,"totalPrice":159000,"meterSquarePrice":0,"link":"https://www.nehnutelnosti.sk/detail/JuAviOXex-O/rezervovane-predaj-2-izboveho-bytu-v-poprade-mestska-cast-velka","imagesUrls":["https://img.unitedclassifieds.sk/foto/NjAweDMzOC9maWx0ZXJzOnF1YWxpdHkoMTAwKS9qdWw=/3y7dj7Zj0_fss?st=Qn4gPwZkbD6KSXGOElSvfXZ8cCx9_QA2LbMxJbvZaw0&ts=1720770927&e=0"]},{"title":"Krásny 3-izbový byt v novšom bytovom dome v Poprade","address":"Uherova, Poprad, okres Poprad","rooms":3,"meters":75,"totalPrice":175000,"meterSquarePrice":3,"link":"https://www.nehnutelnosti.sk/detail/JuKg-T_9xFv/krasny-3-izbovy-byt-v-novsom-bytovom-dome-v-poprade","imagesUrls":["https://img.unitedclassifieds.sk/foto/NjAweDMzOC9maWx0ZXJzOnF1YWxpdHkoMTAwKS9qdWw=/4grHzpwKMN_fss?st=fnfswOZ4RjNbaUqefz_t4LJlEvWgnypwSoIbLOLaWuU&ts=1716208892&e=0"]},{"title":"Výnimočný 3-izbový byt s krbom v skvelej lokalite vo Svite","address":"Okružná, Svit, okres Poprad","rooms":3,"meters":70,"totalPrice":null,"meterSquarePrice":null,"link":"https://www.nehnutelnosti.sk/detail/JuXYEAQK-Au/vynimocny-3-izbovy-byt-s-krbom-v-skvelej-lokalite-vo-svite","imagesUrls":["https://img.unitedclassifieds.sk/foto/NjAweDMzOC9maWx0ZXJzOnF1YWxpdHkoMTAwKS9qdWw=/n9bCswfF4_fss?st=T9FVyJVObFyOAoKW-_zh43LGXzdIvdo6eQkhYrynBAU&ts=1723117240&e=0"]},{"title":"Krásny 2-izbový byt priamo v centre mesta Poprad","address":"1. mája, Poprad, okres Poprad","rooms":2,"meters":56,"totalPrice":null,"meterSquarePrice":null,"link":"https://www.nehnutelnosti.sk/detail/Juvqds6KrTK/krasny-2-izbovy-byt-priamo-v-centre-mesta-poprad","imagesUrls":["https://img.unitedclassifieds.sk/foto/NjAweDMzOC9maWx0ZXJzOnF1YWxpdHkoMTAwKS9qdWw=/FmA8sxPGz_fss?st=K3zN162Ly08wa194rsi2qQttkJOm0HvG5ke1lOh2o9g&ts=1724052876&e=0"]},{"title":"Moderné apartmány v novostavbe Panorama Residence","address":"Dlhé hony, Poprad, okres Poprad","rooms":null,"meters":42,"totalPrice":100000,"meterSquarePrice":5,"link":"https://www.nehnutelnosti.sk/detail/Ju83HU8_oZo/moderne-apartmany-v-novostavbe-panorama-residence","imagesUrls":["https://img.unitedclassifieds.sk/foto/NjAweDMzOC9maWx0ZXJzOnF1YWxpdHkoMTAwKS9qdWw=/g7Z5qe6HB_fss?st=SBeX5ebUh8h6eCcSH93KWe1paS2pmwMy8OudvpANEOI&ts=1721640696&e=0"]}]