[{"title":"EXKLUZÍVNE na predaj 3 – izbový byt s loggiou, Gúgska ulica","address":"Gúgska, Nové Zámky, okres Nové Zámky","rooms":3,"meters":78,"totalPrice":129800,"meterSquarePrice":3,"link":"https://www.nehnutelnosti.sk/detail/Ju6gyANYk2f/exkluzivne-na-predaj-3-izbovy-byt-s-loggiou-gugska-ulica","imagesUrls":["https://img.nehnutelnosti.sk/foto/NjAweDMzOC9maWx0ZXJzOnF1YWxpdHkoMTAwKS9uZWg=/U5K9Zn6Rw_fss?st=ma-Bg6n0i6aWXro1dphecZ3KQXYOIjCwvEm4xs3pi8E&ts=1725289675&e=0"]},{"title":"TRNAVA REALITY  - 2 izbový byt, čiastočná rekonštrukcia, 55 m2, loggia, pivnica, Senec","address":"Senec, Senec, okres Senec","rooms":2,"meters":55,"totalPrice":136990,"meterSquarePrice":3,"link":"https://www.nehnutelnosti.sk/detail/JuiMpYVXOCQ/trnava-reality-2-izbovy-byt-ciastocna-rekonstrukcia-55-m2-loggia-pivnica-senec","imagesUrls":["https://img.nehnutelnosti.sk/foto/NjAweDMzOC9maWx0ZXJzOnF1YWxpdHkoMTAwKS9uZWg=/i-h8v0eTu_fss?st=m0FPV7d2SwEsOk3JbojtYF_VqvF7740d-5bj4a0V2og&ts=1725870693&e=0"]},{"title":"gastanky.sk = BYT D1 - PREDPREDAJ 2 ETAPA bytov v obci Červeník, okres Hlohovec","address":"červeník, Hlohovec, okres Hlohovec","rooms":2,"meters":55,"totalPrice":130500,"meterSquarePrice":2,"link":"https://www.nehnutelnosti.sk/detail/JukLWF2YdXw/gastanky-sk-byt-d1-predpredaj-2-etapa-bytov-v-obci-cervenik-okres-hlohovec","imagesUrls":["https://img.nehnutelnosti.sk/foto/NjAweDMzOC9maWx0ZXJzOnF1YWxpdHkoMTAwKS9uZWg=/ySzMOIrBVm_fss?st=mYioAhpUCpq53vAIZz1gvhSxGPnKgcM2q2qcS4BKLaw&ts=1723129706&e=0"]},{"title":"gastanky.sk =  PREDPREDAJ 2 ETAPA bytov v obci Červeník, okres Hlohovec","address":"červeník, Hlohovec, okres Hlohovec","rooms":1,"meters":43,"totalPrice":105000,"meterSquarePrice":6,"link":"https://www.nehnutelnosti.sk/detail/JuqyYsATxkD/gastanky-sk-predpredaj-2-etapa-bytov-v-obci-cervenik-okres-hlohovec","imagesUrls":["https://img.nehnutelnosti.sk/foto/NjAweDMzOC9maWx0ZXJzOnF1YWxpdHkoMTAwKS9uZWg=/xGqsIvUgN_fss?st=YSfbAnZSjAL2FTPGkXR7kYclr4jhZGMBMF8jBKGzP9A&ts=1723129717&e=0"]},{"title":"gastanky.sk = BYT G1 + G2 - PREDPREDAJ 2 ETAPA bytov v obci Červeník, okres Hlohovec","address":"červeník, Hlohovec, okres Hlohovec","rooms":1,"meters":43,"totalPrice":105000,"meterSquarePrice":6,"link":"https://www.nehnutelnosti.sk/detail/JukH6I_yrRR/gastanky-sk-byt-g1-g2-predpredaj-2-etapa-bytov-v-obci-cervenik-okres-hlohovec","imagesUrls":["https://img.nehnutelnosti.sk/foto/NjAweDMzOC9maWx0ZXJzOnF1YWxpdHkoMTAwKS9uZWg=/-G8fG7v-A_fss?st=XNb0Q5MemqNt45Dca3n8f9Hb2fscYCD32mKfbQnsBuY&ts=1723129714&e=0"]},{"title":"gastanky.sk = BYT A1 + A2 - PREDPREDAJ 2 ETAPA bytov v obci Červeník, okres Hlohovec","address":"červeník, Hlohovec, okres Hlohovec","rooms":2,"meters":51,"totalPrice":123000,"meterSquarePrice":2,"link":"https://www.nehnutelnosti.sk/detail/Jug9LRXev5W/gastanky-sk-byt-a1-a2-predpredaj-2-etapa-bytov-v-obci-cervenik-okres-hlohovec","imagesUrls":["https://img.nehnutelnosti.sk/foto/NjAweDMzOC9maWx0ZXJzOnF1YWxpdHkoMTAwKS9uZWg=/bEva58kSM_fss?st=vn30oiU1k1DnSFyv09Nc-HD1RFVuxUOqw1LvJu49_EQ&ts=1723129688&e=0"]},{"title":"gastanky.sk = BYT D2 - PREDPREDAJ 2 ETAPA bytov v obci Červeník, okres Hlohovec","address":"červeník, Hlohovec, okres Hlohovec","rooms":2,"meters":62,"totalPrice":140000,"meterSquarePrice":0,"link":"https://www.nehnutelnosti.sk/detail/JuZyhw6r-WW/gastanky-sk-byt-d2-predpredaj-2-etapa-bytov-v-obci-cervenik-okres-hlohovec","imagesUrls":["https://img.nehnutelnosti.sk/foto/NjAweDMzOC9maWx0ZXJzOnF1YWxpdHkoMTAwKS9uZWg=/AiuuDxICw_fss?st=dLCQqPtFQtpXCgcaxFfOrLeEHJO5duHAPNWUeLJofFE&ts=1723129705&e=0"]},{"title":"gastanky.sk = BYT B1 + B2 - PREDPREDAJ 2 ETAPA bytov v obci Červeník, okres Hlohovec","address":"červeník, Hlohovec, okres Hlohovec","rooms":2,"meters":47,"totalPrice":116000,"meterSquarePrice":3,"link":"https://www.nehnutelnosti.sk/detail/JudOEYiEDOS/gastanky-sk-byt-b1-b2-predpredaj-2-etapa-bytov-v-obci-cervenik-okres-hlohovec","imagesUrls":["https://img.nehnutelnosti.sk/foto/NjAweDMzOC9maWx0ZXJzOnF1YWxpdHkoMTAwKS9uZWg=/3o1RYYYT0_fss?st=OccktDdyW7P2fjN7fVvOOlHvjXvsBHNz7TBEk4BOr4k&ts=1723129695&e=0"]},{"title":"gastanky.sk = BYT E1 + E2 - PREDPREDAJ 2 ETAPA bytov v obci Červeník, okres Hlohovec","address":"červeník, Hlohovec, okres Hlohovec","rooms":2,"meters":54,"totalPrice":129000,"meterSquarePrice":3,"link":"https://www.nehnutelnosti.sk/detail/Jun9F-Gujuo/gastanky-sk-byt-e1-e2-predpredaj-2-etapa-bytov-v-obci-cervenik-okres-hlohovec","imagesUrls":["https://img.nehnutelnosti.sk/foto/NjAweDMzOC9maWx0ZXJzOnF1YWxpdHkoMTAwKS9uZWg=/CfE0BcPz5_fss?st=on_L-DsjHYdYWorW2n6oSd3QJJslABjmtIeMdT4QR0g&ts=1723129710&e=0"]},{"title":"gastanky.sk = BYT F1 + F2 - PREDPREDAJ 2 ETAPA bytov v obci Červeník, okres Hlohovec","address":"červeník, Hlohovec, okres Hlohovec","rooms":2,"meters":53,"totalPrice":128000,"meterSquarePrice":4,"link":"https://www.nehnutelnosti.sk/detail/JuCXwyN746D/gastanky-sk-byt-f1-f2-predpredaj-2-etapa-bytov-v-obci-cervenik-okres-hlohovec","imagesUrls":["https://img.nehnutelnosti.sk/foto/NjAweDMzOC9maWx0ZXJzOnF1YWxpdHkoMTAwKS9uZWg=/xoa5KiUJGJ_fss?st=SO4Xnaiq0veS1EU7F9AXFeW_FpHwYJJD1BOl1w8QLns&ts=1723129713&e=0"]},{"title":"gastanky.sk = BYT C1 - PREDPREDAJ 2 ETAPA bytov v obci Červeník, okres Hlohovec","address":"červeník, Hlohovec, okres Hlohovec","rooms":2,"meters":55,"totalPrice":130000,"meterSquarePrice":2,"link":"https://www.nehnutelnosti.sk/detail/Ju8_dd1DJFlx/gastanky-sk-byt-c1-predpredaj-2-etapa-bytov-v-obci-cervenik-okres-hlohovec","imagesUrls":["https://img.nehnutelnosti.sk/foto/NjAweDMzOC9maWx0ZXJzOnF1YWxpdHkoMTAwKS9uZWg=/u8nzZ8vI7_fss?st=2lLAkjrQF2HOqK5_8Ug1hXN-iSyXutWQRvAPheP0yA0&ts=1723129697&e=0"]},{"title":"gastanky.sk = BYT C2 - PREDPREDAJ 2 ETAPA bytov v obci Červeník, okres Hlohovec","address":"červeník, Hlohovec, okres Hlohovec","rooms":2,"meters":61,"totalPrice":139000,"meterSquarePrice":3,"link":"https://www.nehnutelnosti.sk/detail/JujRxlwyEzj/gastanky-sk-byt-c2-predpredaj-2-etapa-bytov-v-obci-cervenik-okres-hlohovec","imagesUrls":["https://img.nehnutelnosti.sk/foto/NjAweDMzOC9maWx0ZXJzOnF1YWxpdHkoMTAwKS9uZWg=/EkFhce8Um_fss?st=ioeLNbR5Hku3KWE-y21ofMbu37qMIoool5fds-Thj2s&ts=1723129700&e=0"]},{"title":"gastanky.sk = BYT D1 - PREDPREDAJ 2 ETAPA bytov v obci Červeník, okres Hlohovec","address":"červeník, Červeník, okres Hlohovec","rooms":2,"meters":55,"totalPrice":130500,"meterSquarePrice":2,"link":"https://www.nehnutelnosti.sk/detail/JuK4ozZ2xbT/gastanky-sk-byt-d1-predpredaj-2-etapa-bytov-v-obci-cervenik-okres-hlohovec","imagesUrls":["https://img.nehnutelnosti.sk/foto/NjAweDMzOC9maWx0ZXJzOnF1YWxpdHkoMTAwKS9uZWg=/IO2OG_iQ5_fss?st=RaS2ACqBXGTmdYaYBugSAGC5Vt-wssISXDhEPdCFPjc&ts=1723130360&e=0"]},{"title":"gastanky.sk = BYT A1 + A2 - PREDPREDAJ 2 ETAPA bytov v obci Červeník, okres Hlohovec","address":"červeník, Červeník, okres Hlohovec","rooms":2,"meters":51,"totalPrice":123000,"meterSquarePrice":2,"link":"https://www.nehnutelnosti.sk/detail/JuYOz6ehN9l/gastanky-sk-byt-a1-a2-predpredaj-2-etapa-bytov-v-obci-cervenik-okres-hlohovec","imagesUrls":["https://img.nehnutelnosti.sk/foto/NjAweDMzOC9maWx0ZXJzOnF1YWxpdHkoMTAwKS9uZWg=/tfcFLhm7n_fss?st=wOnHJScNVcAlLqI-ROwyMQooQvTB4YkwvWjl26jjqtQ&ts=1723129692&e=0"]},{"title":"gastanky.sk = BYT E1 + E2 - PREDPREDAJ 2 ETAPA bytov v obci Červeník, okres Hlohovec","address":"červeník, Červeník, okres Hlohovec","rooms":2,"meters":54,"totalPrice":129000,"meterSquarePrice":3,"link":"https://www.nehnutelnosti.sk/detail/Ju8PsPy9NsH/gastanky-sk-byt-e1-e2-predpredaj-2-etapa-bytov-v-obci-cervenik-okres-hlohovec","imagesUrls":["https://img.nehnutelnosti.sk/foto/NjAweDMzOC9maWx0ZXJzOnF1YWxpdHkoMTAwKS9uZWg=/PyJ6b-yT-_fss?st=hjTGU5PVIt7SWdro0WkP-MIyg_skxGZ-7-7Q_GdtN34&ts=1723130367&e=0"]},{"title":"gastanky.sk = BYT D2 - PREDPREDAJ 2 ETAPA bytov v obci Červeník, okres Hlohovec","address":"červeník, Červeník, okres Hlohovec","rooms":2,"meters":62,"totalPrice":140000,"meterSquarePrice":0,"link":"https://www.nehnutelnosti.sk/detail/JumwLjlXqsA/gastanky-sk-byt-d2-predpredaj-2-etapa-bytov-v-obci-cervenik-okres-hlohovec","imagesUrls":["https://img.nehnutelnosti.sk/foto/NjAweDMzOC9maWx0ZXJzOnF1YWxpdHkoMTAwKS9uZWg=/N_27pLZsMK_fss?st=GTFbsoiqkez-6CMZo0wqXWSRdMc21PO9-VE9Gy7vRJc&ts=1723130362&e=0"]},{"title":"gastanky.sk = BYT F1 + F2 - PREDPREDAJ 2 ETAPA bytov v obci Červeník, okres Hlohovec","address":"červeník, Červeník, okres Hlohovec","rooms":2,"meters":53,"totalPrice":128000,"meterSquarePrice":4,"link":"https://www.nehnutelnosti.sk/detail/JuZnp4I4kea/gastanky-sk-byt-f1-f2-predpredaj-2-etapa-bytov-v-obci-cervenik-okres-hlohovec","imagesUrls":["https://img.nehnutelnosti.sk/foto/NjAweDMzOC9maWx0ZXJzOnF1YWxpdHkoMTAwKS9uZWg=/sN9XGOHR3L_fss?st=zY__qo5MsPLyIXNFXXa-0LStG7Rtgs8VIO2VXl7-SVs&ts=1723130370&e=0"]},{"title":"gastanky.sk = BYT G1 + G2 - PREDPREDAJ 2 ETAPA bytov v obci Červeník, okres Hlohovec","address":"červeník, Červeník, okres Hlohovec","rooms":1,"meters":43,"totalPrice":105000,"meterSquarePrice":6,"link":"https://www.nehnutelnosti.sk/detail/JuEufhnDy01/gastanky-sk-byt-g1-g2-predpredaj-2-etapa-bytov-v-obci-cervenik-okres-hlohovec","imagesUrls":["https://img.nehnutelnosti.sk/foto/NjAweDMzOC9maWx0ZXJzOnF1YWxpdHkoMTAwKS9uZWg=/DA2LybSJk_fss?st=RFm2Lc_pAGK827RTmWRI-10gzgRjjnIAwPu-Aj_7u-k&ts=1723130370&e=0"]},{"title":"gastanky.sk = BYT C2 - PREDPREDAJ 2 ETAPA bytov v obci Červeník, okres Hlohovec","address":"červeník, Červeník, okres Hlohovec","rooms":2,"meters":61,"totalPrice":139000,"meterSquarePrice":3,"link":"https://www.nehnutelnosti.sk/detail/JuBzXcieTS3/gastanky-sk-byt-c2-predpredaj-2-etapa-bytov-v-obci-cervenik-okres-hlohovec","imagesUrls":["https://img.nehnutelnosti.sk/foto/NjAweDMzOC9maWx0ZXJzOnF1YWxpdHkoMTAwKS9uZWg=/uKgjloDJh_fss?st=UYFEHsraotAyo5rpvGyQYtlbBKMZeK0vmSPQ70M4_M8&ts=1723130359&e=0"]},{"title":"gastanky.sk =  PREDPREDAJ 2 ETAPA bytov v obci Červeník, okres Hlohovec","address":"červeník, Červeník, okres Hlohovec","rooms":1,"meters":43,"totalPrice":105000,"meterSquarePrice":6,"link":"https://www.nehnutelnosti.sk/detail/Ju82t31v4Mh/gastanky-sk-predpredaj-2-etapa-bytov-v-obci-cervenik-okres-hlohovec","imagesUrls":["https://img.nehnutelnosti.sk/foto/NjAweDMzOC9maWx0ZXJzOnF1YWxpdHkoMTAwKS9uZWg=/BcTuv6c0-_fss?st=_yHQYPCoWu-J8Ivne8a1gCXtJSf0Ou_tCBjsCDoeRsA&ts=1723129691&e=0"]},{"title":"gastanky.sk = BYT C1 - PREDPREDAJ 2 ETAPA bytov v obci Červeník, okres Hlohovec","address":"červeník, Červeník, okres Hlohovec","rooms":2,"meters":55,"totalPrice":130000,"meterSquarePrice":2,"link":"https://www.nehnutelnosti.sk/detail/JutfkNk1iGZ/gastanky-sk-byt-c1-predpredaj-2-etapa-bytov-v-obci-cervenik-okres-hlohovec","imagesUrls":["https://img.nehnutelnosti.sk/foto/NjAweDMzOC9maWx0ZXJzOnF1YWxpdHkoMTAwKS9uZWg=/aLLl1mKy3_fss?st=1goRekSepmIdQosqKnBfAmE7yVIUcHZHDjj5cVE29x4&ts=1723130356&e=0"]},{"title":"TRNAVA REALITY - Garzónka vo vyhľadávanej loklalite sídliska Družba, 25 m2","address":"Clementisova ulica, Trnava, okres Trnava","rooms":null,"meters":25,"totalPrice":89000,"meterSquarePrice":0,"link":"https://www.nehnutelnosti.sk/detail/JubQziyjIAn/trnava-reality-garzonka-vo-vyhladavanej-loklalite-sidliska-druzba-25-m2","imagesUrls":["https://img.nehnutelnosti.sk/foto/NjAweDMzOC9maWx0ZXJzOnF1YWxpdHkoMTAwKS9uZWg=/n3_nmRkM7_fss?st=s4qwKhbA8ekfaJFxg2ak5_q7z4UuyaVGLHLoOBsj6Go&ts=1725609239&e=0"]},{"title":"gastanky.sk = BYT B1 + B2 - PREDPREDAJ 2 ETAPA bytov v obci Červeník, okres Hlohovec","address":"červeník, Červeník, okres Hlohovec","rooms":2,"meters":47,"totalPrice":116000,"meterSquarePrice":3,"link":"https://www.nehnutelnosti.sk/detail/JuWtCn-bVKd/gastanky-sk-byt-b1-b2-predpredaj-2-etapa-bytov-v-obci-cervenik-okres-hlohovec","imagesUrls":["https://img.nehnutelnosti.sk/foto/NjAweDMzOC9maWx0ZXJzOnF1YWxpdHkoMTAwKS9uZWg=/lXU01Sevk_fss?st=rb9sjAM4MMOk3A1A3MLjWCq2FJPf8ltPqQiT-9V7bfg&ts=1723130354&e=0"]},{"title":"TRNAVA REALITY predáva pekný 3 izbový byt.","address":"J. G. Tajovského, Trnava, okres Trnava","rooms":3,"meters":null,"totalPrice":null,"meterSquarePrice":null,"link":"https://www.nehnutelnosti.sk/detail/Ju2WX6f8Q6X/trnava-reality-predava-pekny-3-izbovy-byt","imagesUrls":["https://img.nehnutelnosti.sk/foto/NjAweDMzOC9maWx0ZXJzOnF1YWxpdHkoMTAwKS9uZWg=/dVLteEqHK3_fss?st=1vHXO7L3e-VwYBdDKRmJJJI8X2HZj4e2msuG0ewK0bI&ts=1718275745&e=0"]},{"title":"TRNAVA REALITY - Na predaj","address":"Veterná, Trnava, okres Trnava","rooms":2,"meters":null,"totalPrice":null,"meterSquarePrice":null,"link":"https://www.nehnutelnosti.sk/detail/JuyNgmaXNbi/trnava-reality-na-predaj","imagesUrls":["https://img.nehnutelnosti.sk/foto/NjAweDMzOC9maWx0ZXJzOnF1YWxpdHkoMTAwKS9uZWg=/bkM9VhUUe_fss?st=XLcDk7kJPjcCyoX5RZvONd4R7HrdjYTooBDDwCkGCdo&ts=1715325428&e=0"]},{"title":"Výnimočný 3-izb byt na ulici I.Olbrachta v Trenčíne","address":"I. Olbrachta, Trenčín, okres Trenčín","rooms":3,"meters":77,"totalPrice":159900,"meterSquarePrice":2,"link":"https://www.nehnutelnosti.sk/detail/JuACyJJuMOc/vynimocny-3-izb-byt-na-ulici-i-olbrachta-v-trencine","imagesUrls":["https://img.nehnutelnosti.sk/foto/NjAweDMzOC9maWx0ZXJzOnF1YWxpdHkoMTAwKS9uZWg=/GQaN5hHMAu_fss?st=EQ6Ol6Gg3kpgKuWDn0-eFqyzZm3JpjMlL3oEIgd8VKQ&ts=1713164899&e=0"]},{"title":"Kompletne zrekonštruovaný 2-izb byt na ulici I.Olbrachta v Trenčíne","address":"I. Olbrachta, Trenčín, okres Trenčín","rooms":2,"meters":45,"totalPrice":99900,"meterSquarePrice":0,"link":"https://www.nehnutelnosti.sk/detail/Ju56yP72VFl/kompletne-zrekonstruovany-2-izb-byt-na-ulici-i-olbrachta-v-trencine","imagesUrls":["https://img.nehnutelnosti.sk/foto/NjAweDMzOC9maWx0ZXJzOnF1YWxpdHkoMTAwKS9uZWg=/4-P6R7I4x_fss?st=zNsp-G1uwyx-VnNnZh9vvfOrO3-CZ65bMuwG7BRt5j4&ts=1713165800&e=0"]},{"title":"TRNAVA REALITY ponúka na predaj dva veľké 3-izbové byty s balkónom, parkovacím miestom a pivnicou v","address":"Trstín, Trstín, okres Trnava","rooms":3,"meters":103,"totalPrice":135000,"meterSquarePrice":8,"link":"https://www.nehnutelnosti.sk/detail/JugJtQ5ArHq/trnava-reality-ponuka-na-predaj-dva-velke-3-izbove-byty-s-balkonom-parkovacim-miestom-a-pivnicou-v","imagesUrls":["https://img.nehnutelnosti.sk/foto/NjAweDMzOC9maWx0ZXJzOnF1YWxpdHkoMTAwKS9uZWg=/K0qwdWBPJ_fss?st=oPjx8NdZjjcZvSgd3wJUv3JjYlpLgjUoeJF_-0M2ywM&ts=1713533888&e=0"]},{"title":"Posledná príležitosť Projekt Ivana Krasku moderný 3 izbový byt 91m2, centrum Sereď","address":"Sereď, okres Galanta","rooms":3,"meters":91,"totalPrice":198000,"meterSquarePrice":2,"link":"https://www.nehnutelnosti.sk/detail/JuQVqEN8vsj/posledna-prilezitost-projekt-ivana-krasku-moderny-3-izbovy-byt-91m2-centrum-sered","imagesUrls":["https://img.nehnutelnosti.sk/foto/NjAweDMzOC9maWx0ZXJzOnF1YWxpdHkoMTAwKS9uZWg=/wX2cjN5aoc_fss?st=5RHa67NS5QOjKVUuXHv5SnJdr8ywMrylJZTiCkXlydA&ts=1702906463&e=0"]},{"title":"VYPREDANÉ  2-izbový VEĽKÝ 64m2 byt v obci Červeník, okres Hlohovec","address":"červeník, Hlohovec, okres Hlohovec","rooms":2,"meters":58,"totalPrice":114900,"meterSquarePrice":8,"link":"https://www.nehnutelnosti.sk/detail/Ju1EexR2g78/vypredane-2-izbovy-velky-64m2-byt-v-obci-cervenik-okres-hlohovec","imagesUrls":["https://img.nehnutelnosti.sk/foto/NjAweDMzOC9maWx0ZXJzOnF1YWxpdHkoMTAwKS9uZWg=/KWI1APJW0_fss?st=iefRnFAZuUzUYukYooMdEVeA8Znu9NQczx1tAsbULhM&ts=1722605305&e=0"]}]