[{"title":"Znížená cena!!! Na preda 3-izbový byt v tichej lokalite","address":"Dunajská Streda, okres Dunajská Streda","rooms":3,"meters":64,"totalPrice":120000,"meterSquarePrice":5,"link":"https://www.nehnutelnosti.sk/detail/Jucz1ROC7HX/znizena-cena-na-preda-3-izbovy-byt-v-tichej-lokalite","imagesUrls":["https://img.nehnutelnosti.sk/foto/NjAweDMzOC9maWx0ZXJzOnF1YWxpdHkoMTAwKS9uZWg=/unnWXL-xcF_fss?st=MqtieelZ9w48a1SiijUfJONgpkxGo0CF0UStn17Ex8E&ts=1722586315&e=0"]},{"title":"Ponúkame Vám na predaj 3 izbový byt v Nových Zámkoch","address":"Nové Zámky, okres Nové Zámky","rooms":3,"meters":70,"totalPrice":112000,"meterSquarePrice":0,"link":"https://www.nehnutelnosti.sk/detail/Ju7yZCnUWvR/ponukame-vam-na-predaj-3-izbovy-byt-v-novych-zamkoch","imagesUrls":["https://img.nehnutelnosti.sk/foto/NjAweDMzOC9maWx0ZXJzOnF1YWxpdHkoMTAwKS9uZWg=/fJzWB06BDm_fss?st=yOjcfCxug7fJ4-ybVtZhv32-YuJEi2yylVgkfCVsug4&ts=1700649147&e=0"]},{"title":"Zariadený 2 izbový byt, Stavbárska, Nitra","address":"Stavbárska, Nitra, okres Nitra","rooms":2,"meters":55,"totalPrice":152900,"meterSquarePrice":0,"link":"https://www.nehnutelnosti.sk/detail/JuewDuNTzIB/zariadeny-2-izbovy-byt-stavbarska-nitra","imagesUrls":["https://img.nehnutelnosti.sk/foto/NjAweDMzOC9maWx0ZXJzOnF1YWxpdHkoMTAwKS9uZWg=/bgZz5UC_a_fss?st=eASoMgcyxd1ek1MMPo6P5Lkrqv1TeCQJ4GcI3wVPShw&ts=1668412953&e=0"]},{"title":"4 izbový byt s garážou, Chrenová, Nitra","address":"Clementisova, Nitra, okres Nitra","rooms":4,"meters":103,"totalPrice":227000,"meterSquarePrice":8,"link":"https://www.nehnutelnosti.sk/detail/JutUWzIjJ53/4-izbovy-byt-s-garazou-chrenova-nitra","imagesUrls":["https://img.nehnutelnosti.sk/foto/NjAweDMzOC9maWx0ZXJzOnF1YWxpdHkoMTAwKS9uZWg=/xhJkqLjK3_fss?st=9URYqPpCvHTF_8bQ9B_nj2a-a7Up-FiF-6qGHnF9U1I&ts=1715316776&e=0"]},{"title":"Na predaj 3-izbový byt v tichej lokalite mesta Dunajská Streda (F081-113-MATH3a)","address":"Dunajská Streda, okres Dunajská Streda","rooms":3,"meters":74,"totalPrice":135000,"meterSquarePrice":2,"link":"https://www.nehnutelnosti.sk/detail/JuIf5FBjzKN/na-predaj-3-izbovy-byt-v-tichej-lokalite-mesta-dunajska-streda-f081-113-math3a","imagesUrls":["https://img.nehnutelnosti.sk/foto/NjAweDMzOC9maWx0ZXJzOnF1YWxpdHkoMTAwKS9uZWg=/ikx6-nB0P_fss?st=DXiV-fDecFDGJ8cU3zlixMJ_n0jkzzWbmCmcHEAzoGA&ts=1724058287&e=0"]},{"title":"Nadštandartný 3 izbový byt s  loggiou Prešov, (F040-113-MANa)","address":"Sibírska, Prešov, okres Prešov","rooms":3,"meters":79,"totalPrice":154900,"meterSquarePrice":0,"link":"https://www.nehnutelnosti.sk/detail/JuOZWwIBPK0/nadstandartny-3-izbovy-byt-s-loggiou-presov-f040-113-mana","imagesUrls":["https://img.nehnutelnosti.sk/foto/NjAweDMzOC9maWx0ZXJzOnF1YWxpdHkoMTAwKS9uZWg=/1FTlpsGPM_fss?st=GFzlzAK8RXC3mHcIbxCgCEMlXKqy9kW7SN0dIEGs-14&ts=1668448994&e=0"]},{"title":"3 izb byt vytvorí domov slovenskej, ukrajinskej, aj rómskej rodine v Šalgočke 15 min od Hlohovca","address":"Hlohovec, okres Hlohovec","rooms":3,"meters":71,"totalPrice":129000,"meterSquarePrice":0,"link":"https://www.nehnutelnosti.sk/detail/JuXOb9lZwdy/3-izb-byt-vytvori-domov-slovenskej-ukrajinskej-aj-romskej-rodine-v-salgocke-15-min-od-hlohovca","imagesUrls":["https://img.nehnutelnosti.sk/foto/NjAweDMzOC9maWx0ZXJzOnF1YWxpdHkoMTAwKS9uZWg=/CHyFYcOo4_fss?st=FS7xbVvtzHc0aRs3uVDJdTRk5q7-qKpHE2JaKSrVEdI&ts=1721750195&e=0"]},{"title":"3 izb byt vytvorí domov slovenskej, ukrajinskej, aj rómskej rodine v Šalgočke 20 min od Nitry","address":"Šalgočka, okres Galanta","rooms":3,"meters":71,"totalPrice":129000,"meterSquarePrice":0,"link":"https://www.nehnutelnosti.sk/detail/JuELmTNh6Lj/3-izb-byt-vytvori-domov-slovenskej-ukrajinskej-aj-romskej-rodine-v-salgocke-20-min-od-nitry","imagesUrls":["https://img.nehnutelnosti.sk/foto/NjAweDMzOC9maWx0ZXJzOnF1YWxpdHkoMTAwKS9uZWg=/KEZFKA_Eei_fss?st=Ai9QPrFnoo9XQll7DxEvAY4DHeN9myIDSSs620fA3AM&ts=1721750177&e=0"]},{"title":"3 izb byt vytvorí domov slovenskej, ukrajinskej, aj rómskej rodine v Šalgočke, 25 min od Trnavy","address":"Šalgočka, okres Galanta","rooms":3,"meters":71,"totalPrice":129000,"meterSquarePrice":0,"link":"https://www.nehnutelnosti.sk/detail/Juwybjxoou_/3-izb-byt-vytvori-domov-slovenskej-ukrajinskej-aj-romskej-rodine-v-salgocke-25-min-od-trnavy","imagesUrls":["https://img.nehnutelnosti.sk/foto/NjAweDMzOC9maWx0ZXJzOnF1YWxpdHkoMTAwKS9uZWg=/MbhyNN_o3Y_fss?st=dc1vw39xwXyBUux81c7OUIY20U2AxkzBDQxgFjVAIuE&ts=1714489509&e=0"]},{"title":"Na predaj svetlý 2,5 izbový byt v Michalovciach","address":"Michalovce, okres Michalovce","rooms":2,"meters":55,"totalPrice":null,"meterSquarePrice":null,"link":"https://www.nehnutelnosti.sk/detail/JuDzNWpGTT2/na-predaj-svetly-2-5-izbovy-byt-v-michalovciach","imagesUrls":["https://img.nehnutelnosti.sk/foto/NjAweDMzOC9maWx0ZXJzOnF1YWxpdHkoMTAwKS9uZWg=/9i4Vgx8lv_fss?st=-Wg_olEA5N1aDugjWXcl4iUXMgDA3vs-uaLtxXxFPyo&ts=1660642340&e=0"]},{"title":"Rekonštruovaný 2 izbový byt na Plzenskej (F267-112-ANM3i)","address":"Prešov, okres Prešov","rooms":2,"meters":63,"totalPrice":null,"meterSquarePrice":null,"link":"https://www.nehnutelnosti.sk/detail/Ju3Iz33-Tyk/rekonstruovany-2-izbovy-byt-na-plzenskej-f267-112-anm3i","imagesUrls":["https://img.nehnutelnosti.sk/foto/NjAweDMzOC9maWx0ZXJzOnF1YWxpdHkoMTAwKS9uZWg=/hfrMdg_hR_fss?st=gKG8vCFL-hhLL64dHvBPgAirKPprHxQ2DipKsPDOcr8&ts=1712519935&e=0"]},{"title":"Exkluzívne na predaj nádherný 3 izbový byt Nova Village v meste Dunajská Streda","address":"Športová, Dunajská Streda, okres Dunajská Streda","rooms":4,"meters":115,"totalPrice":220000,"meterSquarePrice":4,"link":"https://www.nehnutelnosti.sk/detail/Ju1NqseeeLH/exkluzivne-na-predaj-nadherny-3-izbovy-byt-nova-village-v-meste-dunajska-streda","imagesUrls":["https://img.nehnutelnosti.sk/foto/NjAweDMzOC9maWx0ZXJzOnF1YWxpdHkoMTAwKS9uZWg=/n6KGzyAJSk_fss?st=prlh7yQ1gzRi6EESIUdigxC35r-0XcqFVkUgbzrqgpE&ts=1716537706&e=0"]},{"title":"1izb hotelový byt v centre mesta  (F153-12-ANM3)","address":"Baštová, Prešov, okres Prešov","rooms":1,"meters":38,"totalPrice":115000,"meterSquarePrice":6,"link":"https://www.nehnutelnosti.sk/detail/Jup2hNOTTk2/1izb-hotelovy-byt-v-centre-mesta-f153-12-anm3","imagesUrls":["https://img.nehnutelnosti.sk/foto/NjAweDMzOC9maWx0ZXJzOnF1YWxpdHkoMTAwKS9uZWg=/y73E0sffLS_fss?st=H-UYmN8ykuFDa2RiYBVS10EEfhdCHaj5mMlGvJAzjtA&ts=1719308926&e=0"]},{"title":"3 izb byt vytvorí domov slovenskej, ukrajinskej, aj rómskej rodine v Šalgočke okres Galanta","address":"Šalgočka, okres Galanta","rooms":3,"meters":71,"totalPrice":null,"meterSquarePrice":null,"link":"https://www.nehnutelnosti.sk/detail/JuHPP4p9VDD/3-izb-byt-vytvori-domov-slovenskej-ukrajinskej-aj-romskej-rodine-v-salgocke-okres-galanta","imagesUrls":["https://img.nehnutelnosti.sk/foto/NjAweDMzOC9maWx0ZXJzOnF1YWxpdHkoMTAwKS9uZWg=/_alFptMHP_fss?st=ODF7IJVGIIdCzvkFJSvKUmIowz-2HOJzqjTEsEA3_L0&ts=1721750150&e=0"]},{"title":"2 izb centre blízko Novumu (F021-112-ANM)","address":"Prešov, okres Prešov","rooms":2,"meters":49,"totalPrice":125000,"meterSquarePrice":2,"link":"https://www.nehnutelnosti.sk/detail/JuDIvnlLFH9/2-izb-centre-blizko-novumu-f021-112-anm","imagesUrls":["https://img.nehnutelnosti.sk/foto/NjAweDMzOC9maWx0ZXJzOnF1YWxpdHkoMTAwKS9uZWg=/IyQJ2LP3-_fss?st=S0-_qXKtcBSbi2Jc4Rs2xLzb7-UlHsMj2nc0vGzmB5U&ts=1661854695&e=0"]},{"title":"Byt 4 + 1 s loggiou (86 m2) na sídl. Mier v Spišskej Novej Vsi","address":"Spišská Nová Ves, okres Spišská Nová Ves","rooms":4,"meters":86,"totalPrice":155000,"meterSquarePrice":3,"link":"https://www.nehnutelnosti.sk/detail/Juh158YRCNi/byt-4-1-s-loggiou-86-m2-na-sidl-mier-v-spisskej-novej-vsi","imagesUrls":["https://img.nehnutelnosti.sk/foto/NjAweDMzOC9maWx0ZXJzOnF1YWxpdHkoMTAwKS9uZWg=/u4IGtuS2q_fss?st=wABggMplLtJWEium-ePrhY_9NAlBZFBMUYqDqVjrRD4&ts=1726842493&e=0"]},{"title":"Meštiansky 4-izbový byt (140 m2) Spišská Nová Ves","address":"Duklianska, Spišská Nová Ves, okres Spišská Nová Ves","rooms":4,"meters":118,"totalPrice":174990,"meterSquarePrice":7,"link":"https://www.nehnutelnosti.sk/detail/Ju-GS2IW5XX/mestiansky-4-izbovy-byt-140-m2-spisska-nova-ves","imagesUrls":["https://img.nehnutelnosti.sk/foto/NjAweDMzOC9maWx0ZXJzOnF1YWxpdHkoMTAwKS9uZWg=/B4bNTrxnB_fss?st=jxQbfV0AYZULlwRq0gC7L-aCYNe4So39jf-TJwGZN0Y&ts=1726842473&e=0"]},{"title":"Kompletne zrekonštruovaný a zariadený 3i byt 2024","address":"Generála Milana Rastislava Štefánika, Liptovský Mikuláš, okres Liptovský Mikuláš","rooms":3,"meters":55,"totalPrice":160000,"meterSquarePrice":9,"link":"https://www.nehnutelnosti.sk/detail/JuI3nB6PNsJ/kompletne-zrekonstruovany-a-zariadeny-3i-byt-2024","imagesUrls":["https://img.nehnutelnosti.sk/foto/NjAweDMzOC9maWx0ZXJzOnF1YWxpdHkoMTAwKS9uZWg=/dismzJeu2_fss?st=MMAWSCINZCCsJJ4Y_Y_55L2pNb0qo_lHJspbFBDeXCI&ts=1717596370&e=0"]},{"title":"2 izbový byt s balkónom, 1x parkovanie","address":"1.maja, Liptovský Mikuláš, okres Liptovský Mikuláš","rooms":2,"meters":42,"totalPrice":130000,"meterSquarePrice":8,"link":"https://www.nehnutelnosti.sk/detail/JuuNluqM1qy/2-izbovy-byt-s-balkonom-1x-parkovanie","imagesUrls":["https://img.nehnutelnosti.sk/foto/NjAweDMzOC9maWx0ZXJzOnF1YWxpdHkoMTAwKS9uZWg=/tXjum_1Xb1_fss?st=_DnFVsVpE6qXyv9wvfFJEKAG0D66zrLsSQ2FYZK588I&ts=1725446454&e=0"]},{"title":"Zariadený 2i byt - 72 m2, novostavba 2007, Budatínska ul, Petržalka","address":"Budatinská, Bratislava V - Petržalka, okres Bratislava","rooms":2,"meters":72,"totalPrice":220000,"meterSquarePrice":6,"link":"https://www.nehnutelnosti.sk/detail/JuCebX5EIT9/zariadeny-2i-byt-72-m2-novostavba-2007-budatinska-ul-petrzalka","imagesUrls":["https://img.nehnutelnosti.sk/foto/NjAweDMzOC9maWx0ZXJzOnF1YWxpdHkoMTAwKS9uZWg=/THflyLUZf_fss?st=YOfLQDSrPSGYZc2kh7v-DK6sTB9wprXQfYcHMSXzExY&ts=1726205226&e=0"]},{"title":"2 izbový byt s balkónom, novostavba 2022, 1x parkovanie","address":"Kpt. Nálepku, Liptovský Mikuláš, okres Liptovský Mikuláš","rooms":2,"meters":55,"totalPrice":150000,"meterSquarePrice":2,"link":"https://www.nehnutelnosti.sk/detail/JulOOQWoiLu/2-izbovy-byt-s-balkonom-novostavba-2022-1x-parkovanie","imagesUrls":["https://img.nehnutelnosti.sk/foto/NjAweDMzOC9maWx0ZXJzOnF1YWxpdHkoMTAwKS9uZWg=/gpcgqEjbmq_fss?st=GjlQ4u_VYEvSh9XKzlMp9lKHoLX26JX9dMSbRbEGdDE&ts=1724856909&e=0"]},{"title":"2 izbový byt s balkónom, po rekonštrukcii z r. 2022, 1x parkovanie","address":"1. Mája, Liptovský Mikuláš, okres Liptovský Mikuláš","rooms":2,"meters":65,"totalPrice":130000,"meterSquarePrice":1,"link":"https://www.nehnutelnosti.sk/detail/Juh0_DrC07_/2-izbovy-byt-s-balkonom-po-rekonstrukcii-z-r-2022-1x-parkovanie","imagesUrls":["https://img.nehnutelnosti.sk/foto/NjAweDMzOC9maWx0ZXJzOnF1YWxpdHkoMTAwKS9uZWg=/QV0KS0Uvp_fss?st=aFFjwzGJdk0H8yUxFjPSdsA0b0Wx8NIuFRfqYuNtpyc&ts=1725548192&e=0"]},{"title":"REZERVOVANÉ/Predaj, 2-izbový byt, Dunaj - Štúrovo (N085-112-FRADE)","address":"Jesenského, Štúrovo, okres Nové Zámky","rooms":2,"meters":59,"totalPrice":74900,"meterSquarePrice":4,"link":"https://www.nehnutelnosti.sk/detail/JuP2yAmzAbv/rezervovane-predaj-2-izbovy-byt-dunaj-sturovo-n085-112-frade","imagesUrls":["https://img.nehnutelnosti.sk/foto/NjAweDMzOC9maWx0ZXJzOnF1YWxpdHkoMTAwKS9uZWg=/gk2KdBjNA_fss?st=XyX-en9tkz1RmJKNWiekwtpHPGK7kiYRWvkNEfa7-dg&ts=1693336706&e=0"]},{"title":"Predaj, 2-izbový byt po kompletnej rekonštrukcií-Tlmače/Lipník (N001-112-KRSAa)","address":"Tlmače, okres Levice","rooms":2,"meters":61,"totalPrice":83000,"meterSquarePrice":6,"link":"https://www.nehnutelnosti.sk/detail/JuNBIg2jF0q/predaj-2-izbovy-byt-po-kompletnej-rekonstrukcii-tlmace-lipnik-n001-112-krsaa","imagesUrls":["https://img.nehnutelnosti.sk/foto/NjAweDMzOC9maWx0ZXJzOnF1YWxpdHkoMTAwKS9uZWg=/x0cpuFRWd_fss?st=Rco4sZy8gwT4QheKNlAHsFHxLgj-CP6RvA9cxszP7Fs&ts=1726744136&e=0"]},{"title":"Veľkometrážna garsónka v podkroví a garáž - EXKLUZÍVNE NA PREDAJ","address":"Námestie Artézskych Prameňov, Lučenec, okres Lučenec","rooms":null,"meters":44,"totalPrice":60000,"meterSquarePrice":9,"link":"https://www.nehnutelnosti.sk/detail/JuKtAYE5hfh/velkometrazna-garsonka-v-podkrovi-a-garaz-exkluzivne-na-predaj","imagesUrls":["https://img.nehnutelnosti.sk/foto/NjAweDMzOC9maWx0ZXJzOnF1YWxpdHkoMTAwKS9uZWg=/FPm20yZ2-_fss?st=YMS0_6xs88H-pVPgiL1v6_ep5qA24UGxq0Ze_KRJeMI&ts=1686927708&e=0"]},{"title":"3-izbový byt na predaj Užhorodská","address":"Užhorodská, Michalovce, okres Michalovce","rooms":3,"meters":71,"totalPrice":87500,"meterSquarePrice":9,"link":"https://www.nehnutelnosti.sk/detail/JuaoHJCY6xS/3-izbovy-byt-na-predaj-uzhorodska","imagesUrls":["https://img.nehnutelnosti.sk/foto/NjAweDMzOC9maWx0ZXJzOnF1YWxpdHkoMTAwKS9uZWg=/y_xHDVsBT_fss?st=umrcWhsh-dOAiYa8YygvhrVEOw0ipvcRj4TJvaJ-Hns&ts=1726596471&e=0"]},{"title":"2-izbový byt na predaj Michalovce","address":"Hrádok, Michalovce, okres Michalovce","rooms":2,"meters":71,"totalPrice":130000,"meterSquarePrice":9,"link":"https://www.nehnutelnosti.sk/detail/JuM1u3uqa8Hc/2-izbovy-byt-na-predaj-michalovce","imagesUrls":["https://img.nehnutelnosti.sk/foto/NjAweDMzOC9maWx0ZXJzOnF1YWxpdHkoMTAwKS9uZWg=/exQQEDvE-_fss?st=llEkT7kswb5mdp-wH17l__zYXEhV7tCpvBRDPmaAL5I&ts=1725887397&e=0"]},{"title":"Byt na predaj Krčava","address":"Krčava, okres Sobrance","rooms":2,"meters":56,"totalPrice":38000,"meterSquarePrice":7,"link":"https://www.nehnutelnosti.sk/detail/JuDp18kACOm/byt-na-predaj-krcava","imagesUrls":["https://img.nehnutelnosti.sk/foto/NjAweDMzOC9maWx0ZXJzOnF1YWxpdHkoMTAwKS9uZWg=/FJvaGrgXa_fss?st=J_jcEPwxW7OjnghyOFitAKJCj_igxOZh3fNOZIo-u-Q&ts=1725988671&e=0"]},{"title":"PREDAJ - MODERNÝ 2 IZB. BYT - nadčasovo zariadený, drevené parkety","address":"Bratislava III - Nové Mesto, okres Bratislava","rooms":2,"meters":48,"totalPrice":198990,"meterSquarePrice":3,"link":"https://www.nehnutelnosti.sk/detail/Jun4LvIffon/predaj-moderny-2-izb-byt-nadcasovo-zariadeny-drevene-parkety","imagesUrls":["https://img.nehnutelnosti.sk/foto/NjAweDMzOC9maWx0ZXJzOnF1YWxpdHkoMTAwKS9uZWg=/M0NlI4ZAD6_fss?st=-o_yz095U9lqHpH2UNagsRxsEdWBw0ymMotTYOlP0B4&ts=1724452136&e=0"]},{"title":"3-izbový byt na predaj Michalovce","address":"Michalovce, okres Michalovce","rooms":3,"meters":73,"totalPrice":94500,"meterSquarePrice":2,"link":"https://www.nehnutelnosti.sk/detail/JujelMqp5Pv/3-izbovy-byt-na-predaj-michalovce","imagesUrls":["https://img.nehnutelnosti.sk/foto/NjAweDMzOC9maWx0ZXJzOnF1YWxpdHkoMTAwKS9uZWg=/Dn1lv1ied_fss?st=PUJlKXT40G2bYjy0ZP18g7NiCmVHAyCaD7z4AfMFUz0&ts=1724424928&e=0"]}]