[{"title":"PREDAJ, NOVOSTAVBA GALVANIHOME, MODERNÝ 2-IZBOVÝ BYT S PARKOVACÍM STÁTÍM, GALVANIHO ULICA, BRATISLAV","address":"Galvaniho, Bratislava II - Ružinov, okres Bratislava","rooms":2,"meters":53,"totalPrice":229500,"meterSquarePrice":2,"link":"https://www.nehnutelnosti.sk/detail/JuYhp8IMyHb/predaj-novostavba-galvanihome-moderny-2-izbovy-byt-s-parkovacim-statim-galvaniho-ulica-bratislav","imagesUrls":["https://img.nehnutelnosti.sk/foto/NjAweDMzOC9maWx0ZXJzOnF1YWxpdHkoMTAwKS9uZWg=/9menhtFz2_fss?st=ceopob56udKFxmDw4GbtzecRvAJX-XRn7zhYDV3mqvQ&ts=1701779828&e=0"]},{"title":"PREDAJ, BYT, 5 - IZBOVÝ + LOGGIA, 80 M2, BRATISLAVA - DÚBRAVKA, ULICA KAROLA ADLERA.","address":"Karola Adlera, Bratislava IV - Dúbravka, okres Bratislava","rooms":4,"meters":80,"totalPrice":235000,"meterSquarePrice":0,"link":"https://www.nehnutelnosti.sk/detail/JuJug3T8loN/predaj-byt-5-izbovy-loggia-80-m2-bratislava-dubravka-ulica-karola-adlera","imagesUrls":["https://img.nehnutelnosti.sk/foto/NjAweDMzOC9maWx0ZXJzOnF1YWxpdHkoMTAwKS9uZWg=/7u7-uwJX1C_fss?st=g7pijOuMqf2tE_qwNN6Eb4bGrG9SboUutu6diecIpUA&ts=1726475450&e=0"]},{"title":"PREDAJ, BYT, 5 - IZBOVÝ + LOGGIA, 80 M2, BRATISLAVA - DÚBRAVKA, ULICA KAROLA ADLERA.","address":"Karola Adlera, Bratislava IV - Dúbravka, okres Bratislava","rooms":5,"meters":80,"totalPrice":235000,"meterSquarePrice":0,"link":"https://www.nehnutelnosti.sk/detail/JuwTF0k8Xlp/predaj-byt-5-izbovy-loggia-80-m2-bratislava-dubravka-ulica-karola-adlera","imagesUrls":["https://img.nehnutelnosti.sk/foto/NjAweDMzOC9maWx0ZXJzOnF1YWxpdHkoMTAwKS9uZWg=/HBkFeXdCx_fss?st=tJX47U5_3IlCpMZyl9B-w5tWjgfAqFlxfVwJFEgLsGA&ts=1726475444&e=0"]},{"title":"DO DOMČEKA | Jedinečné bývanie vo výbornej lokalite na ulici Kukučínova, centrum mesta Banská Bystri","address":"Kukučínova, Banská Bystrica, okres Banská Bystrica","rooms":1,"meters":37,"totalPrice":123800,"meterSquarePrice":5,"link":"https://www.nehnutelnosti.sk/detail/JucAvt1UPMu/do-domceka-jedinecne-byvanie-vo-vybornej-lokalite-na-ulici-kukucinova-centrum-mesta-banska-bystri","imagesUrls":["https://img.nehnutelnosti.sk/foto/NjAweDMzOC9maWx0ZXJzOnF1YWxpdHkoMTAwKS9uZWg=/ldrpUOo9dd_fss?st=NucvwQ8UUTvXmmbZirWx9xhBR6SNeNJR4NGPg1FWN3o&ts=1726238854&e=0"]},{"title":"Predaj, 4 izbový byt s lodžiou Žilina, širšie centrum, exkluzívne ROMDOM","address":"Rajecká, Žilina - Hliny, okres Žilina","rooms":4,"meters":76,"totalPrice":150000,"meterSquarePrice":8,"link":"https://www.nehnutelnosti.sk/detail/JugGrYqDWzG/predaj-4-izbovy-byt-s-lodziou-zilina-sirsie-centrum-exkluzivne-romdom","imagesUrls":["https://img.nehnutelnosti.sk/foto/NjAweDMzOC9maWx0ZXJzOnF1YWxpdHkoMTAwKS9uZWg=/wxKvYhtLRX_fss?st=EKR2235hn6Liq5utqGoFjpA7HF0FUxLJDM3cvlp2tts&ts=1718979891&e=0"]},{"title":"Rezervované, 4 izbový byt Žilina, Vlčince 2, exkluzívne Romdom reality","address":"B.S.Timravy, Žilina - Vlčince, okres Žilina","rooms":4,"meters":80,"totalPrice":150000,"meterSquarePrice":5,"link":"https://www.nehnutelnosti.sk/detail/Ju7rR5wRtP0/rezervovane-4-izbovy-byt-zilina-vlcince-2-exkluzivne-romdom-reality","imagesUrls":["https://img.nehnutelnosti.sk/foto/NjAweDMzOC9maWx0ZXJzOnF1YWxpdHkoMTAwKS9uZWg=/_a1Swxac3I_fss?st=DcVBwYhUk6jkWKoV-fTWuyQ5-FhzkCm0iN8XM_PToxQ&ts=1726404117&e=0"]},{"title":"NOVÝ, MODERNÝ 3i BYT V NOVOSTAVBE, VLČINCE","address":"Pražská, Žilina - Vlčince, okres Žilina","rooms":3,"meters":84,"totalPrice":244900,"meterSquarePrice":3,"link":"https://www.nehnutelnosti.sk/detail/JuHK4KIKIlSU/novy-moderny-3i-byt-v-novostavbe-vlcince","imagesUrls":["https://img.nehnutelnosti.sk/foto/NjAweDMzOC9maWx0ZXJzOnF1YWxpdHkoMTAwKS9uZWg=/qYlwx4ZM7_fss?st=9sfUfPgr7do2Q3WjESQJTo7XLuhO_tESfEQM1mM1HPs&ts=1699353734&e=0"]},{"title":"Reality & Bývanie: Rezidenčné bývanie v 1i byte s veľkou loggiou na Nivách - Liptovská ulica","address":"Liptovská, Bratislava II - Ružinov, okres Bratislava","rooms":1,"meters":35,"totalPrice":195800,"meterSquarePrice":9,"link":"https://www.nehnutelnosti.sk/detail/JuI1yd4xOOl/reality-byvanie-rezidencne-byvanie-v-1i-byte-s-velkou-loggiou-na-nivach-liptovska-ulica","imagesUrls":["https://img.unitedclassifieds.sk/foto/NjAweDMzOC9maWx0ZXJzOnF1YWxpdHkoMTAwKS9qdWw=/Hpi01ZZaK_fss?st=zCvC9BBDw7L7c3FMDaQS9ljAetv6Sp7OHjoO-UnOtTg&ts=1706092229&e=0"]},{"title":"Reality & Bývanie: Rezidenčné bývanie v mezonetovom 4i byte s 2 loggiami na Nivách - Liptovská ulica","address":"Liptovská, Bratislava II - Ružinov, okres Bratislava","rooms":4,"meters":129,"totalPrice":614900,"meterSquarePrice":7,"link":"https://www.nehnutelnosti.sk/detail/JuWwBlM4wYo/reality-byvanie-rezidencne-byvanie-v-mezonetovom-4i-byte-s-2-loggiami-na-nivach-liptovska-ulica","imagesUrls":["https://img.unitedclassifieds.sk/foto/NjAweDMzOC9maWx0ZXJzOnF1YWxpdHkoMTAwKS9qdWw=/FIxd7fqjZ_fss?st=PPfxHNM-tl0Qv4L873WoB-cUVn-AlI1j3pA1Q6gNNoQ&ts=1706097086&e=0"]},{"title":"Reality & Bývanie: Rezidenčné bývanie v mezonetovom 5i byte s dvomi loggiami na Nivách - Liptovská u","address":"Liptovská, Bratislava II - Ružinov, okres Bratislava","rooms":5,"meters":140,"totalPrice":682000,"meterSquarePrice":3,"link":"https://www.nehnutelnosti.sk/detail/JuOTIniWBD5/reality-byvanie-rezidencne-byvanie-v-mezonetovom-5i-byte-s-dvomi-loggiami-na-nivach-liptovska-u","imagesUrls":["https://img.unitedclassifieds.sk/foto/NjAweDMzOC9maWx0ZXJzOnF1YWxpdHkoMTAwKS9qdWw=/60kzQqEKz_fss?st=RkfpFW7Fqrqwu5-8reMEEj7jh7x8hbwymUQP2cHW_LI&ts=1706097666&e=0"]},{"title":"NOVOSTAVBA RR - 3i BYT SO ZASKLENNOU LOGGIOU V ŠTANDARDE","address":"Františka Kubu, Bratislava III - Rača, okres Bratislava","rooms":3,"meters":72,"totalPrice":341491,"meterSquarePrice":9,"link":"https://www.nehnutelnosti.sk/detail/JuD_iJK4Ue4/novostavba-rr-3i-byt-so-zasklennou-loggiou-v-standarde","imagesUrls":["https://img.unitedclassifieds.sk/foto/NjAweDMzOC9maWx0ZXJzOnF1YWxpdHkoMTAwKS9qdWw=/6pnTkdF4-_fss?st=g-CBwumb8hbQCK8SmZWecip-3-VFU0QzLJmtWEdG7Hg&ts=1691236353&e=0"]},{"title":"NOVOSTAVBA RR -  3i BYT V ŠTANDARDE SO ZASKLENNOU LOGGIOU A PIVNICOU","address":"Kubačova, Bratislava III - Rača, okres Bratislava","rooms":3,"meters":73,"totalPrice":336674,"meterSquarePrice":0,"link":"https://www.nehnutelnosti.sk/detail/JuqrCivwzTs/novostavba-rr-3i-byt-v-standarde-so-zasklennou-loggiou-a-pivnicou","imagesUrls":["https://img.unitedclassifieds.sk/foto/NjAweDMzOC9maWx0ZXJzOnF1YWxpdHkoMTAwKS9qdWw=/IVTLLsMLq_fss?st=8m26HatEAZklDB61n0rbJke9Rk0lmKt-EAreKM1jtvk&ts=1709889389&e=0"]},{"title":"NOVOSTAVBA RR - SKOLAUDOVANÝ  2i BYT SO ZASKLENNOU LOGGIOU V ŠTANDARDE","address":"Františka Kubu, Bratislava III - Rača, okres Bratislava","rooms":2,"meters":54,"totalPrice":234006,"meterSquarePrice":4,"link":"https://www.nehnutelnosti.sk/detail/JuaSI6TnVrU/novostavba-rr-skolaudovany-2i-byt-so-zasklennou-loggiou-v-standarde","imagesUrls":["https://img.unitedclassifieds.sk/foto/NjAweDMzOC9maWx0ZXJzOnF1YWxpdHkoMTAwKS9qdWw=/o2gaYPTdA_fss?st=HCPuK9X3k9GD8qkaTclAJw6KoXE2PerBmhgscbkAEG0&ts=1716992409&e=0"]},{"title":"NOVOSTAVBA RR -1i BYT SO ZASKLENNOU LOGIOU A PIVNICOU V ŠTANDARDE","address":"Františka Kubu, Bratislava III - Rača, okres Bratislava","rooms":1,"meters":35,"totalPrice":175222,"meterSquarePrice":1,"link":"https://www.nehnutelnosti.sk/detail/JubS3zwQpd1/novostavba-rr-1i-byt-so-zasklennou-logiou-a-pivnicou-v-standarde","imagesUrls":["https://img.unitedclassifieds.sk/foto/NjAweDMzOC9maWx0ZXJzOnF1YWxpdHkoMTAwKS9qdWw=/tvFsCMLS2_fss?st=Kc-n8u8USEC-mQKdg7gz99kbU8kW7RifRXwI4W9qiW8&ts=1716892648&e=0"]},{"title":"NOVOSTAVBA RR - 4i byt SO ZASKLENNOU LOGGIOU V ŠTANDARDE","address":"Františka Kubu, Bratislava III - Rača, okres Bratislava","rooms":4,"meters":88,"totalPrice":429416,"meterSquarePrice":6,"link":"https://www.nehnutelnosti.sk/detail/Jui-GzlfbUa/novostavba-rr-4i-byt-so-zasklennou-loggiou-v-standarde","imagesUrls":["https://img.unitedclassifieds.sk/foto/NjAweDMzOC9maWx0ZXJzOnF1YWxpdHkoMTAwKS9qdWw=/MxRqKthgW_fss?st=iu4nu4oEEc_eBb5VEDi3KtqMDs69tTTxZBeisE88PG4&ts=1716891030&e=0"]},{"title":"NOVOSTAVBA RR - 3i BYT V ŠTANDARDE SO ZASKLENNOU LOGGIOU - SKOLAUDOVANÝ","address":"Rudroffova, Bratislava III - Rača, okres Bratislava","rooms":3,"meters":63,"totalPrice":303744,"meterSquarePrice":0,"link":"https://www.nehnutelnosti.sk/detail/Ju9qMto-t5n/novostavba-rr-3i-byt-v-standarde-so-zasklennou-loggiou-skolaudovany","imagesUrls":["https://img.unitedclassifieds.sk/foto/NjAweDMzOC9maWx0ZXJzOnF1YWxpdHkoMTAwKS9qdWw=/smyondYPH_fss?st=P8Tjhue3ARbdX92NFlI7nZlNUnF-aV-q4Ch5ZobL9kQ&ts=1718280145&e=0"]},{"title":"KRÁSNY SLNEČNÝ 3-IZBOVÝ BYT S TERASOU A VÝHĽADOM NA DUNAJ V NOVOSTAVBE","address":"Prístavná, Bratislava II - Ružinov, okres Bratislava","rooms":3,"meters":101,"totalPrice":369900,"meterSquarePrice":8,"link":"https://www.nehnutelnosti.sk/detail/JuQsyoigwc5/krasny-slnecny-3-izbovy-byt-s-terasou-a-vyhladom-na-dunaj-v-novostavbe","imagesUrls":["https://img.nehnutelnosti.sk/foto/NjAweDMzOC9maWx0ZXJzOnF1YWxpdHkoMTAwKS9uZWg=/wJqJYadPa-_fss?st=QSE9DuWbkU0PeiUC6Y3IXh0oxSFUi27fP6ci7q5SBeU&ts=1722433629&e=0"]},{"title":"MODERNÝ 3-IZBOVÝ APARTMÁN S KRÁSNYM ZÁPADNÝM VÝHĽADOM NA PANORÁMU DOWNTOWNU A DUNAJ","address":"Prístavná, Bratislava II - Ružinov, okres Bratislava","rooms":3,"meters":111,"totalPrice":365000,"meterSquarePrice":9,"link":"https://www.nehnutelnosti.sk/detail/JuWlMWnAvA_/moderny-3-izbovy-apartman-s-krasnym-zapadnym-vyhladom-na-panoramu-downtownu-a-dunaj","imagesUrls":["https://img.nehnutelnosti.sk/foto/NjAweDMzOC9maWx0ZXJzOnF1YWxpdHkoMTAwKS9uZWg=/u7cmWZopDB_fss?st=drw33Gi0IsF6s31WyGy1A6ctx-izMJbeSNKe1YkI_Cs&ts=1722600124&e=0"]},{"title":"Na predaj krásny priestranný tehlový 4-izbový byt so záhradou a garážou v Nových Zámkoch","address":"Nové Zámky, Nové Zámky, okres Nové Zámky","rooms":4,"meters":120,"totalPrice":225000,"meterSquarePrice":5,"link":"https://www.nehnutelnosti.sk/detail/Ju6xIfajJ8k/na-predaj-krasny-priestranny-tehlovy-4-izbovy-byt-so-zahradou-a-garazou-v-novych-zamkoch","imagesUrls":["https://img.nehnutelnosti.sk/foto/NjAweDMzOC9maWx0ZXJzOnF1YWxpdHkoMTAwKS9uZWg=/7bEQIItYgR_fss?st=T17lnzw0w8iVuQ5G41q0WKFpGP2h1hQLIhEdjUNs3Rg&ts=1727016768&e=0"]},{"title":"ÓAZA POKOJA PRIAMO V CENTRE MESTA! KRÁSNY 2i BYT S VEĽKOU TERASOU! ZÁHRADNÍCKA ULICA, az","address":"Mraziarenská, Bratislava I - Staré Mesto, okres Bratislava","rooms":2,"meters":155,"totalPrice":289990,"meterSquarePrice":0,"link":"https://www.nehnutelnosti.sk/detail/JuSSj1WvW9x/oaza-pokoja-priamo-v-centre-mesta-krasny-2i-byt-s-velkou-terasou-zahradnicka-ulica-az","imagesUrls":["https://img.nehnutelnosti.sk/foto/NjAweDMzOC9maWx0ZXJzOnF1YWxpdHkoMTAwKS9uZWg=/rwTIrDWZF_fss?st=CMomQU5unXYiUKh5cxh_xmfYaKZlZkAHGrOrzL-p0GA&ts=1727016765&e=0"]},{"title":"3-IZBOVÝ STAROMESTSKÝ BYT S VYSOKÝMI STROPMI","address":"Železničiarska, Bratislava I - Staré Mesto, okres Bratislava","rooms":3,"meters":80,"totalPrice":359000,"meterSquarePrice":0,"link":"https://www.nehnutelnosti.sk/detail/Ju0W4D_kpPS/3-izbovy-staromestsky-byt-s-vysokymi-stropmi","imagesUrls":["https://img.nehnutelnosti.sk/foto/NjAweDMzOC9maWx0ZXJzOnF1YWxpdHkoMTAwKS9uZWg=/1Z45tjAV2D_fss?st=B6oXfKmqxOKVbeu_u0jfMSqQqwSlYXkhg9Pp-9Pnspg&ts=1719925657&e=0"]},{"title":"Kvalitné 3 izb. byty len 20 min od Bratislavy v novom Projekte ''Royal HP 12''","address":"Benková Potôň, Horná Potôň, okres Dunajská Streda","rooms":3,"meters":81,"totalPrice":142000,"meterSquarePrice":1,"link":"https://www.nehnutelnosti.sk/detail/Ju4xsk0RduM/kvalitne-3-izb-byty-len-20-min-od-bratislavy-v-novom-projekte-royal-hp-12","imagesUrls":["https://img.nehnutelnosti.sk/foto/NjAweDMzOC9maWx0ZXJzOnF1YWxpdHkoMTAwKS9uZWg=/-yOeCXAg02_fss?st=5ScJDoZdreZhLwUP7RLsOYa47WZuTuNSw_4W45TJYns&ts=1725530501&e=0"]},{"title":"PREDAJ ZARIADENÉHO 3i BYTU NA JUHU V NZ","address":"Šoltésovej, Nové Zámky, okres Nové Zámky","rooms":3,"meters":78,"totalPrice":108000,"meterSquarePrice":7,"link":"https://www.nehnutelnosti.sk/detail/JuCJkArzEai/predaj-zariadeneho-3i-bytu-na-juhu-v-nz","imagesUrls":["https://img.nehnutelnosti.sk/foto/NjAweDMzOC9maWx0ZXJzOnF1YWxpdHkoMTAwKS9uZWg=/iMg-vndLX_fss?st=YFh-cn7lK4BWXkUPhwf1PDErEz8WC5LwKsMwKu6Zx1Y&ts=1725446785&e=0"]},{"title":"4 izbový byt s loggiou, Košice - Ťahanovce, ul. Belehradská","address":"Belehradská, Košice I - Sídlisko Ťahanovce, okres Košice","rooms":4,"meters":79,"totalPrice":149990,"meterSquarePrice":1,"link":"https://www.nehnutelnosti.sk/detail/JuuaQf3gPYD/4-izbovy-byt-s-loggiou-kosice-tahanovce-ul-belehradska","imagesUrls":["https://img.nehnutelnosti.sk/foto/NjAweDMzOC9maWx0ZXJzOnF1YWxpdHkoMTAwKS9uZWg=/MssAMdM2CK_fss?st=M5BWuWbl0wy6JFPw5DfB1QvB9VMzSA-bHavasr756bo&ts=1721733787&e=0"]},{"title":"DIRECTREAL|Kúpte si pokojný a útulný byt na Kramároch s nádherným výhľadom","address":"Jelšova, Bratislava III - Nové Mesto, okres Bratislava","rooms":2,"meters":57,"totalPrice":null,"meterSquarePrice":null,"link":"https://www.nehnutelnosti.sk/detail/JugnA0CGUpC/directreal-kupte-si-pokojny-a-utulny-byt-na-kramaroch-s-nadhernym-vyhladom","imagesUrls":["https://img.nehnutelnosti.sk/foto/NjAweDMzOC9maWx0ZXJzOnF1YWxpdHkoMTAwKS9uZWg=/E4SjxPhto_fss?st=HGtdAq6lEV5pdv6a7YtqUUE1hLfpEy6Aok97UTDLM98&ts=1727015850&e=0"]},{"title":"Bezbariérový 3.-izb. byt s balkónom, 2x pivnica, 65m2, 2x výťah, Mozartova ul. sídl. Prednádražie","address":"Mozartova, Trnava, okres Trnava","rooms":3,"meters":65,"totalPrice":168000,"meterSquarePrice":2,"link":"https://www.nehnutelnosti.sk/detail/JuSiUm4uPYj/bezbarierovy-3-izb-byt-s-balkonom-2x-pivnica-65m2-2x-vytah-mozartova-ul-sidl-prednadrazie","imagesUrls":["https://img.nehnutelnosti.sk/foto/NjAweDMzOC9maWx0ZXJzOnF1YWxpdHkoMTAwKS9uZWg=/WdhyJhzB1__fss?st=BTrVKrjYON8iL1hcfkkmWqhZpTvr9qQHmesln_Y0vRU&ts=1727015845&e=0"]},{"title":"3 IZBOVÝ BYT S LOGGIOU, NOVOMESKÉHO, BARDEJOV","address":"Novomeského, Bardejov, okres Bardejov","rooms":3,"meters":63,"totalPrice":103000,"meterSquarePrice":2,"link":"https://www.nehnutelnosti.sk/detail/Ju13pfRBuPm/3-izbovy-byt-s-loggiou-novomeskeho-bardejov","imagesUrls":["https://img.nehnutelnosti.sk/foto/NjAweDMzOC9maWx0ZXJzOnF1YWxpdHkoMTAwKS9uZWg=/nK0UtzpezI_fss?st=2D3dEXwqlRa7diDLfez1UL35xP-0HAXcmU_gJY3PeWQ&ts=1727015819&e=0"]},{"title":"5 - izbový byt Žilina - Solinky","address":"Žilina - Solinky, okres Žilina","rooms":5,"meters":95,"totalPrice":null,"meterSquarePrice":null,"link":"https://www.nehnutelnosti.sk/detail/JuAx3UYdVW9/5-izbovy-byt-zilina-solinky","imagesUrls":["https://img.nehnutelnosti.sk/foto/NjAweDMzOC9maWx0ZXJzOnF1YWxpdHkoMTAwKS9uZWg=/26vLHeQISb_fss?st=5SMWGacwGwyI4Tt3VaCD0dGj-kS99sP_DtOidJHhgR8&ts=1706518260&e=0"]},{"title":"PREDAJ ZARIADENÝ 2 izb BYT 49m², Februárova ul. Partizánske","address":"Februárová, Partizánske, okres Partizánske","rooms":2,"meters":49,"totalPrice":88000,"meterSquarePrice":2,"link":"https://www.nehnutelnosti.sk/detail/Ju7UuMEHxat/predaj-zariadeny-2-izb-byt-49m-februarova-ul-partizanske","imagesUrls":["https://img.nehnutelnosti.sk/foto/NjAweDMzOC9maWx0ZXJzOnF1YWxpdHkoMTAwKS9uZWg=/mQg2R50oQ_fss?st=Tq15qi2wYqrFs5wjHAxhbF9MmHMvkY16ovk-xEsjpeU&ts=1726645572&e=0"]},{"title":"PREDAJ pekný 2 izb. BYT Makarenkova ul. Partizánske","address":"Makarenkova, Partizánske, okres Partizánske","rooms":2,"meters":49,"totalPrice":77990,"meterSquarePrice":3,"link":"https://www.nehnutelnosti.sk/detail/Jusavx0WzLa/predaj-pekny-2-izb-byt-makarenkova-ul-partizanske","imagesUrls":["https://img.nehnutelnosti.sk/foto/NjAweDMzOC9maWx0ZXJzOnF1YWxpdHkoMTAwKS9uZWg=/EelQfeaTtI_fss?st=IjptwFMPsYhc90y4iv_TB4bLH69_2GL6iGagJjm5-Kk&ts=1726169937&e=0"]}]