[{"title":"garz. po komplet. rekonštrukcii - Rybničná ul.","address":"Rybničná, Bratislava III - Vajnory, okres Bratislava","rooms":null,"meters":26,"totalPrice":109900,"meterSquarePrice":2,"link":"https://www.nehnutelnosti.sk/detail/JuwuR0BKRR3/garz-po-komplet-rekonstrukcii-rybnicna-ul","imagesUrls":["https://img.nehnutelnosti.sk/foto/NjAweDMzOC9maWx0ZXJzOnF1YWxpdHkoMTAwKS9uZWg=/7pVWrCyQi_fss?st=awH1xVwcmnmzU0dMHCgMmOFDyIZ_hFp6Aw4B1txVeCE&ts=1726611550&e=0"]},{"title":"2 izb. byt,po kompletne  NOVEJ rekonštrukcii, ZVOLENSKÁ ul.","address":"Zvolenská, Bratislava II - Ružinov, okres Bratislava","rooms":2,"meters":49,"totalPrice":214900,"meterSquarePrice":6,"link":"https://www.nehnutelnosti.sk/detail/Juh1K1U-AW3/2-izb-byt-po-kompletne-novej-rekonstrukcii-zvolenska-ul","imagesUrls":["https://img.nehnutelnosti.sk/foto/NjAweDMzOC9maWx0ZXJzOnF1YWxpdHkoMTAwKS9uZWg=/YkwiZQfJQY_fss?st=teR2_P6HMJ4M60lL3k1X4B333tbmbrOTO2s1-L0PLds&ts=1726611559&e=0"]},{"title":"3 izb. byt, EXNÁROVA ul., po komplet. rekonštrukcii","address":"Exnárova, Bratislava II - Ružinov, okres Bratislava","rooms":3,"meters":71,"totalPrice":252300,"meterSquarePrice":9,"link":"https://www.nehnutelnosti.sk/detail/JuYf2wxSXtP/3-izb-byt-exnarova-ul-po-komplet-rekonstrukcii","imagesUrls":["https://img.nehnutelnosti.sk/foto/NjAweDMzOC9maWx0ZXJzOnF1YWxpdHkoMTAwKS9uZWg=/VHWUKERgv_fss?st=Df60Z1c4R08VfBHzFH-bGpKA0dPqH1pKO0nN0icXOVo&ts=1726611541&e=0"]},{"title":"1,5 izbový byt, Trebišovská ul., komplet. rekonštr.","address":"Trebišovská, Bratislava II - Ružinov, okres Bratislava","rooms":2,"meters":46,"totalPrice":157990,"meterSquarePrice":7,"link":"https://www.nehnutelnosti.sk/detail/JuzXfMfTyV5/1-5-izbovy-byt-trebisovska-ul-komplet-rekonstr","imagesUrls":["https://img.nehnutelnosti.sk/foto/NjAweDMzOC9maWx0ZXJzOnF1YWxpdHkoMTAwKS9uZWg=/oDKW2nMm4_fss?st=ytnYMi6epLblgC3OhgG42Gwggyr1t2kSi_NxdpO-mfY&ts=1726611452&e=0"]},{"title":"2 izb. byty v novostavbe NOVÁ ZÁHORSKÁ","address":"Nová Záhorská, Bratislava IV - Záhorská Bystrica, okres Bratislava","rooms":2,"meters":59,"totalPrice":181760,"meterSquarePrice":0,"link":"https://www.nehnutelnosti.sk/detail/JuUT3R5PAU7/2-izb-byty-v-novostavbe-nova-zahorska","imagesUrls":["https://img.nehnutelnosti.sk/foto/NjAweDMzOC9maWx0ZXJzOnF1YWxpdHkoMTAwKS9uZWg=/y6x7UXfgi_fss?st=33mHIuJnng9DNYc-Kxz-MORVK26ohveCKKl7-Y0kPG8&ts=1726611402&e=0"]},{"title":"3 izb. byty v novostavbe, TOP PONUKA FINANCOVANIA","address":"Nová Záhorská, Bratislava IV - Záhorská Bystrica, okres Bratislava","rooms":3,"meters":78,"totalPrice":232122,"meterSquarePrice":2,"link":"https://www.nehnutelnosti.sk/detail/Ju-PSm8rVaL/3-izb-byty-v-novostavbe-top-ponuka-financovania","imagesUrls":["https://img.nehnutelnosti.sk/foto/NjAweDMzOC9maWx0ZXJzOnF1YWxpdHkoMTAwKS9uZWg=/l4KUS9ms7_fss?st=VhiV2VsAdVhqVmEVpktYSUsvZJHKH0xxecWlKk8PoGE&ts=1726611407&e=0"]},{"title":"4 izb. byty v novost. s terasou, ZÁHORSKÁ BYSTRICA","address":"Nová Záhorská, Bratislava IV - Záhorská Bystrica, okres Bratislava","rooms":4,"meters":92,"totalPrice":469850,"meterSquarePrice":7,"link":"https://www.nehnutelnosti.sk/detail/Juksrnsm8TX/4-izb-byty-v-novost-s-terasou-zahorska-bystrica","imagesUrls":["https://img.nehnutelnosti.sk/foto/NjAweDMzOC9maWx0ZXJzOnF1YWxpdHkoMTAwKS9uZWg=/FFS_EEi9sO_fss?st=r3aUBdRWZjoHbuMPvs5xq-uGXPtWrBNyJQfenDkMAmg&ts=1726611412&e=0"]},{"title":"Veľmi pekný 3-izbový byt na Clementisovej ul., Trečín - Sihoť","address":"Clementisova, Trenčín, okres Trenčín","rooms":3,"meters":65,"totalPrice":143500,"meterSquarePrice":9,"link":"https://www.nehnutelnosti.sk/detail/JuMna3w3k7NY/velmi-pekny-3-izbovy-byt-na-clementisovej-ul-trecin-sihot","imagesUrls":["https://img.nehnutelnosti.sk/foto/NjAweDMzOC9maWx0ZXJzOnF1YWxpdHkoMTAwKS9uZWg=/Xbk0r472i_fss?st=Cb5o34lVVGoNvz98sKENWNI6K-kE2JqOfPSoDVvZ9Go&ts=1726832068&e=0"]},{"title":"Tehlový 2-izbový byt s lodžiou, garážou, dieľňou a veľkou pivnicou v Trenčíne, Zlatovská ul. Trenčín","address":"Zlatovská, Trenčín, okres Trenčín","rooms":2,"meters":110,"totalPrice":163000,"meterSquarePrice":2,"link":"https://www.nehnutelnosti.sk/detail/JuclhYZw5Vv/tehlovy-2-izbovy-byt-s-lodziou-garazou-dielnou-a-velkou-pivnicou-v-trencine-zlatovska-ul-trencin","imagesUrls":["https://img.nehnutelnosti.sk/foto/NjAweDMzOC9maWx0ZXJzOnF1YWxpdHkoMTAwKS9uZWg=/Eigur_Nu2_fss?st=090G_77ckpJNF5v-AkmgC6Yu0ebGSNL_vB0BC2g242o&ts=1717780556&e=0"]},{"title":"Slnečný 2-izbový byt s lodžiou 58 m2 v Trenčíne, ul. Halalovka - Juh II","address":"Halalovka, Trenčín, okres Trenčín","rooms":2,"meters":58,"totalPrice":108000,"meterSquarePrice":7,"link":"https://www.nehnutelnosti.sk/detail/JudDMtVbh-i/slnecny-2-izbovy-byt-s-lodziou-58-m2-v-trencine-ul-halalovka-juh-ii","imagesUrls":["https://img.nehnutelnosti.sk/foto/NjAweDMzOC9maWx0ZXJzOnF1YWxpdHkoMTAwKS9uZWg=/NfkxIBE0xB_fss?st=B7uah6yCZZLANLbWn46GNXu8jbf_mhVzxlin0Osb7Uk&ts=1717320820&e=0"]},{"title":"Slnečný 3-izbový byt na ul. T. Vansovej v Trenčíne - Juh II","address":"T. Vansovej, Trenčín, okres Trenčín","rooms":3,"meters":64,"totalPrice":105000,"meterSquarePrice":3,"link":"https://www.nehnutelnosti.sk/detail/JuAKOsHSHfx/slnecny-3-izbovy-byt-na-ul-t-vansovej-v-trencine-juh-ii","imagesUrls":["https://img.nehnutelnosti.sk/foto/NjAweDMzOC9maWx0ZXJzOnF1YWxpdHkoMTAwKS9uZWg=/zFGetWSX7n_fss?st=c3beu1uiXRzhzxpqaEYDXXmaFYlggCAHF9e2S_mEXnM&ts=1717495791&e=0"]},{"title":"2-izbový byt s balkónom, /73m2/, Bytča","address":"Bytča, okres Bytča","rooms":2,"meters":73,"totalPrice":null,"meterSquarePrice":null,"link":"https://www.nehnutelnosti.sk/detail/Jum8qpKTRRS/2-izbovy-byt-s-balkonom-73m2-bytca","imagesUrls":["https://img.nehnutelnosti.sk/foto/NjAweDMzOC9maWx0ZXJzOnF1YWxpdHkoMTAwKS9uZWg=/LMU8D2YHu_fss?st=5ibn3LdcvEkJqNxv7fdOgwAfQLeQ08PD4uU37Uk01K4&ts=1726832409&e=0"]},{"title":"Predáme 1-izb. byty v novostavbe, lokalita PANSKÉ POLE v meste Vráble","address":"Horný Ohaj, Vráble, okres Nitra","rooms":1,"meters":44,"totalPrice":85700,"meterSquarePrice":8,"link":"https://www.nehnutelnosti.sk/detail/Ju3O0pFZocO/predame-1-izb-byty-v-novostavbe-lokalita-panske-pole-v-meste-vrable","imagesUrls":["https://img.nehnutelnosti.sk/foto/NjAweDMzOC9maWx0ZXJzOnF1YWxpdHkoMTAwKS9uZWg=/RalNkf8P-_fss?st=NcdhFB30oMa1iHP4RiQ-xdFJhhpYPDc0kbtSLnpxeFA&ts=1719448855&e=0"]},{"title":"Predáme 1-izb. mezonety v novostavbe byt. domov, PANSKÉ POLE, Vráble","address":"Horný Ohaj, Vráble, okres Nitra","rooms":1,"meters":62,"totalPrice":89700,"meterSquarePrice":8,"link":"https://www.nehnutelnosti.sk/detail/JufanAzzBXI/predame-1-izb-mezonety-v-novostavbe-byt-domov-panske-pole-vrable","imagesUrls":["https://img.nehnutelnosti.sk/foto/NjAweDMzOC9maWx0ZXJzOnF1YWxpdHkoMTAwKS9uZWg=/BRVqj2Sgt_fss?st=0VF5Xk8kO0waV4xZeNOhHzR1MOuO_sqM2yvbqEMzX2o&ts=1721234971&e=0"]},{"title":"Predáme 2-izb. byt v novostavbe, projekt PANSKÉ POLE, Vráble","address":"Horný Ohaj, Vráble, okres Nitra","rooms":2,"meters":56,"totalPrice":111700,"meterSquarePrice":5,"link":"https://www.nehnutelnosti.sk/detail/Ju48Qr0WaZz/predame-2-izb-byt-v-novostavbe-projekt-panske-pole-vrable","imagesUrls":["https://img.nehnutelnosti.sk/foto/NjAweDMzOC9maWx0ZXJzOnF1YWxpdHkoMTAwKS9uZWg=/lJSEfsdBL_fss?st=xulF7y4kGfIWWeEVA5pIt-otv_caZX0cVWy9Ibt9K5c&ts=1719448858&e=0"]},{"title":"Predáme 2-izb. terasový apartmán v novostavbe, PANSKÉ POLE, Vráble","address":"Horný Ohaj, Vráble, okres Nitra","rooms":2,"meters":57,"totalPrice":89700,"meterSquarePrice":2,"link":"https://www.nehnutelnosti.sk/detail/Ju_9_A6Jtuf/predame-2-izb-terasovy-apartman-v-novostavbe-panske-pole-vrable","imagesUrls":["https://img.nehnutelnosti.sk/foto/NjAweDMzOC9maWx0ZXJzOnF1YWxpdHkoMTAwKS9uZWg=/1jWgUmJ7f_fss?st=6LH_PQEfomFYUg-OBJ__lDt9dcFfjeG_yhAvzDj8K3A&ts=1720808522&e=0"]},{"title":"Predáme 2-izb. mezonety v novostavbe, lokalita PANSKÉ POLE, Vráble","address":"Horný Ohaj, Vráble, okres Nitra","rooms":2,"meters":83,"totalPrice":116700,"meterSquarePrice":7,"link":"https://www.nehnutelnosti.sk/detail/JusWha45skg/predame-2-izb-mezonety-v-novostavbe-lokalita-panske-pole-vrable","imagesUrls":["https://img.nehnutelnosti.sk/foto/NjAweDMzOC9maWx0ZXJzOnF1YWxpdHkoMTAwKS9uZWg=/B0dvdDfFT1_fss?st=tlbwKavK4zPdn5KQ4fT6f9VuLaHRYx2Y5_-DgjfCH7I&ts=1721234977&e=0"]},{"title":"Dvojizbový byt  v meste Galanta - Richtárske pole","address":"Galanta, okres Galanta","rooms":2,"meters":59,"totalPrice":133372,"meterSquarePrice":1,"link":"https://www.nehnutelnosti.sk/detail/Jud3J3DV40g/dvojizbovy-byt-v-meste-galanta-richtarske-pole","imagesUrls":["https://img.nehnutelnosti.sk/foto/NjAweDMzOC9maWx0ZXJzOnF1YWxpdHkoMTAwKS9uZWg=/5HLj7AMk0_fss?st=AbJti4_hTFNX8cYIncA19LsvIZhoODV70X2P5KW9N_c&ts=1722071239&e=0"]},{"title":"Jednoizbový byt v meste Galanta - Richtárske pole","address":"Richtárske pole, Galanta, okres Galanta","rooms":1,"meters":44,"totalPrice":84677,"meterSquarePrice":9,"link":"https://www.nehnutelnosti.sk/detail/Ju0tymB-9SP/jednoizbovy-byt-v-meste-galanta-richtarske-pole","imagesUrls":["https://img.nehnutelnosti.sk/foto/NjAweDMzOC9maWx0ZXJzOnF1YWxpdHkoMTAwKS9uZWg=/NGNMHPDzi8_fss?st=qlovj3BpZjQnhcaPpHUA-1qMPaVJ1Ngd-2KBNRUGF78&ts=1722028412&e=0"]},{"title":"Predáme nadštandardné 3-izb. terasové apartmány, Panské Pole, Vráble","address":"Horný Ohaj, Vráble, okres Nitra","rooms":3,"meters":154,"totalPrice":167700,"meterSquarePrice":3,"link":"https://www.nehnutelnosti.sk/detail/Ju___DPw4TA/predame-nadstandardne-3-izb-terasove-apartmany-panske-pole-vrable","imagesUrls":["https://img.nehnutelnosti.sk/foto/NjAweDMzOC9maWx0ZXJzOnF1YWxpdHkoMTAwKS9uZWg=/QERLyUT-nB_fss?st=DCWRq2w8hBrjm_Ex-_8j3IZxfUMjUwevcMe1XShQ9Uc&ts=1720780350&e=0"]},{"title":"Trojizbový byt, terasa, v meste Galanta, Richtárske pole","address":"Galanta, okres Galanta","rooms":3,"meters":64,"totalPrice":172785,"meterSquarePrice":6,"link":"https://www.nehnutelnosti.sk/detail/JukorHSgWCe/trojizbovy-byt-terasa-v-meste-galanta-richtarske-pole","imagesUrls":["https://img.nehnutelnosti.sk/foto/NjAweDMzOC9maWx0ZXJzOnF1YWxpdHkoMTAwKS9uZWg=/eepU_0aoTk_fss?st=JQx60DHf60DwkWRJ3PmUg6VJWmP1Z6DiVc18jQcAllo&ts=1722071240&e=0"]},{"title":"3 izbové byty POSCHODIE Ekoosada Veľké Úľany","address":"Veľké Úľany, Veľké Úľany, okres Galanta","rooms":3,"meters":104,"totalPrice":144999,"meterSquarePrice":8,"link":"https://www.nehnutelnosti.sk/detail/JurbTPktfG7/3-izbove-byty-poschodie-ekoosada-velke-ulany","imagesUrls":["https://img.nehnutelnosti.sk/foto/NjAweDMzOC9maWx0ZXJzOnF1YWxpdHkoMTAwKS9uZWg=/RTQSz_rEA_fss?st=VzV0s_ZU3G7l3LKFdkoPNoBWh9hAAsmumLcrcieVLWQ&ts=1723116193&e=0"]},{"title":"Predáme 3 izbový byt v novostavbe v Lužiankach, okr. Nitra","address":"Lužianky, Lužianky, okres Nitra","rooms":3,"meters":null,"totalPrice":null,"meterSquarePrice":null,"link":"https://www.nehnutelnosti.sk/detail/JuOxhKgqH33/predame-3-izbovy-byt-v-novostavbe-v-luziankach-okr-nitra","imagesUrls":["https://img.nehnutelnosti.sk/foto/NjAweDMzOC9maWx0ZXJzOnF1YWxpdHkoMTAwKS9uZWg=/cJM4cgHZRo_fss?st=ViJV4r6L6N1LEvUJJ_4ExHbUEriOTMCjhPpMCgS5FNM&ts=1717594564&e=0"]},{"title":"2 izbový byt v EMERALD RESIDENCE v centre Dunajskej Stredy","address":"Námestie priateľstva, Dunajská Streda, okres Dunajská Streda","rooms":2,"meters":65,"totalPrice":122999,"meterSquarePrice":5,"link":"https://www.nehnutelnosti.sk/detail/JuOOFR8V4BM/2-izbovy-byt-v-emerald-residence-v-centre-dunajskej-stredy","imagesUrls":["https://img.nehnutelnosti.sk/foto/NjAweDMzOC9maWx0ZXJzOnF1YWxpdHkoMTAwKS9uZWg=/cvslXM4_vo_fss?st=pP0KaBsGnPNsnSBBWPBa_eXjZU2qCJva7T9dz_uLFPo&ts=1717594596&e=0"]},{"title":"3 izbové byty PRÍZEMIE Veľké Úľany Ekoosada","address":"Veľké Úľany, Veľké Úľany, okres Galanta","rooms":3,"meters":95,"totalPrice":154999,"meterSquarePrice":1,"link":"https://www.nehnutelnosti.sk/detail/JuaiprUjU8X/3-izbove-byty-prizemie-velke-ulany-ekoosada","imagesUrls":["https://img.nehnutelnosti.sk/foto/NjAweDMzOC9maWx0ZXJzOnF1YWxpdHkoMTAwKS9uZWg=/2-R_yAypp_fss?st=ypz_l5ABmhiE_rIrNMXCaLZkZi5mMdMb-M16lJc_GFE&ts=1723084272&e=0"]},{"title":"2-izbový byt v Sučanoch po čiastočnej rekonštrukcii","address":"Sučany, Sučany, okres Martin","rooms":2,"meters":61,"totalPrice":88000,"meterSquarePrice":6,"link":"https://www.nehnutelnosti.sk/detail/JuIDR6EeuYo/2-izbovy-byt-v-sucanoch-po-ciastocnej-rekonstrukcii","imagesUrls":["https://img.unitedclassifieds.sk/foto/NjAweDMzOC9maWx0ZXJzOnF1YWxpdHkoMTAwKS9yc2Y=/DH3Nk4Duv_fss?st=1SuZmnMyJZjfckedBaobekDuUuoXHsYdxuLZPknxk6g&ts=1717141446&e=0"]},{"title":"3 izbový byt s balkónom, Novomeského ul., Nitra - Klokočina","address":"Novomeského, Nitra, okres Nitra","rooms":3,"meters":null,"totalPrice":null,"meterSquarePrice":null,"link":"https://www.nehnutelnosti.sk/detail/JuL8dFZnpH6/3-izbovy-byt-s-balkonom-novomeskeho-ul-nitra-klokocina","imagesUrls":["https://img.nehnutelnosti.sk/foto/NjAweDMzOC9maWx0ZXJzOnF1YWxpdHkoMTAwKS9uZWg=/v_3gSOHgE_fss?st=XacKG5t99t7aVFWk86pTURT8iOdZi9NnW57uwnEvoq4&ts=1721753000&e=0"]},{"title":"Prerobený 2 izbový byt v meste Vráble - Kaška","address":"Vráble, okres Nitra","rooms":2,"meters":46,"totalPrice":77999,"meterSquarePrice":0,"link":"https://www.nehnutelnosti.sk/detail/JuwOJkEVjKI/prerobeny-2-izbovy-byt-v-meste-vrable-kaska","imagesUrls":["https://img.nehnutelnosti.sk/foto/NjAweDMzOC9maWx0ZXJzOnF1YWxpdHkoMTAwKS9uZWg=/YFcULgpnqD_fss?st=Az1OgNeNqwYRsrIJjLsP6rL2p0N6cEG7V7KNISDYueI&ts=1724321971&e=0"]},{"title":"PREDAJ Veľký 2-izb.byt s vlastným kúrením (77m2), Štúrova ul., Svit","address":"Štúrova, Svit, okres Poprad","rooms":2,"meters":77,"totalPrice":154900,"meterSquarePrice":9,"link":"https://www.nehnutelnosti.sk/detail/JuBts53rIyg/predaj-velky-2-izb-byt-s-vlastnym-kurenim-77m2-sturova-ul-svit","imagesUrls":["https://img.nehnutelnosti.sk/foto/NjAweDMzOC9maWx0ZXJzOnF1YWxpdHkoMTAwKS9uZWg=/hxhMdFKbwq_fss?st=MQEbw5ov7sZdUQ6tCzhUjT8Xnf8_egzgD3H6vgVLbCo&ts=1726832052&e=0"]},{"title":"2 izbový byt, Belvedere Grot, Košice - ul. Topolčianská","address":"Topolčiaská, Košice II - Západ, okres Košice","rooms":2,"meters":58,"totalPrice":188000,"meterSquarePrice":8,"link":"https://www.nehnutelnosti.sk/detail/JuodyAGtOt_/2-izbovy-byt-belvedere-grot-kosice-ul-topolcianska","imagesUrls":["https://img.nehnutelnosti.sk/foto/NjAweDMzOC9maWx0ZXJzOnF1YWxpdHkoMTAwKS9uZWg=/_H2o2teVHj_fss?st=VHs6SFY70EHBtpX4hvR32i4fdAt2pZNV83liW0YwUdM&ts=1726830577&e=0"]}]