[{"title":"(25) 1-IZBOVÝ BYT V PROJEKTE REZIDENCIA SOBIESKI","address":"Štúrovo, okres Nové Zámky","rooms":1,"meters":35,"totalPrice":null,"meterSquarePrice":null,"link":"https://www.nehnutelnosti.sk/detail/JuWj_3b8UVk/25-1-izbovy-byt-v-projekte-rezidencia-sobieski","imagesUrls":["https://t1.aimg.sk/inzercie/ne_orig_103150104_byty-1-izbovy-byt-banska-bystrica-25-1-izbovy-byt-v-projekte-rezidencia-sobieski.jpg?t=LzYwMHgzMzgvZmlsdGVyczpxdWFsaXR5KDgwKQ%3D%3D&h=fDDLA1Ecvtf2P6s35GDTYA&e=2145916800"]},{"title":"(32) 1-IZBOVÝ BYT V PROJEKTE REZIDENCIA SOBIESKI","address":"Štúrovo, okres Nové Zámky","rooms":1,"meters":36,"totalPrice":null,"meterSquarePrice":null,"link":"https://www.nehnutelnosti.sk/detail/Jud0r1cfMN0/32-1-izbovy-byt-v-projekte-rezidencia-sobieski","imagesUrls":["https://t1.aimg.sk/inzercie/ne_orig_103150113_byty-1-izbovy-byt-banska-bystrica-32-1-izbovy-byt-v-projekte-rezidencia-sobieski.jpg?t=LzYwMHgzMzgvZmlsdGVyczpxdWFsaXR5KDgwKQ%3D%3D&h=mizFGLYF3-yBAnNWrdeZvQ&e=2145916800"]},{"title":"(21) 1-IZBOVÝ BYT V PROJEKTE REZIDENCIA SOBIESKI","address":"Štúrovo, okres Nové Zámky","rooms":1,"meters":45,"totalPrice":null,"meterSquarePrice":null,"link":"https://www.nehnutelnosti.sk/detail/JuW3YaVLc9N/21-1-izbovy-byt-v-projekte-rezidencia-sobieski","imagesUrls":["https://img.nehnutelnosti.sk/foto/NjAweDMzOC9maWx0ZXJzOnF1YWxpdHkoMTAwKS9uZWg=/4Uyrwj5gA_fss?st=THzFzX-DIhKqcP9Du5S7orCLVKQQTwrfiNWNbDrJzjk&ts=1724699833&e=0"]},{"title":"(26) 1-IZBOVÝ BYT V PROJEKTE REZIDENCIA SOBIESKI","address":"Štúrovo, okres Nové Zámky","rooms":1,"meters":27,"totalPrice":null,"meterSquarePrice":null,"link":"https://www.nehnutelnosti.sk/detail/JuWpiB6LOCX/26-1-izbovy-byt-v-projekte-rezidencia-sobieski","imagesUrls":["https://img.nehnutelnosti.sk/foto/NjAweDMzOC9maWx0ZXJzOnF1YWxpdHkoMTAwKS9uZWg=/tkbohZd2a_fss?st=yyTfAS9Loq079TS8SaxH2Jdf9fGm4nZB0r2smR-Iz8k&ts=1725222864&e=0"]},{"title":"(22) 1-IZBOVÝ BYT V PROJEKTE REZIDENCIA SOBIESKI","address":"Štúrovo, okres Nové Zámky","rooms":1,"meters":68,"totalPrice":null,"meterSquarePrice":null,"link":"https://www.nehnutelnosti.sk/detail/JuIbxLsP1sn/22-1-izbovy-byt-v-projekte-rezidencia-sobieski","imagesUrls":["https://t1.aimg.sk/inzercie/ne_orig_103150062_byty-1-izbovy-byt-banska-bystrica-22-1-izbovy-byt-v-projekte-rezidencia-sobieski.jpg?t=LzYwMHgzMzgvZmlsdGVyczpxdWFsaXR5KDgwKQ%3D%3D&h=QIV4WW8oTrvdzGhbKhuRaA&e=2145916800"]},{"title":"(28) 1-IZBOVÝ BYT V PROJEKTE REZIDENCIA SOBIESKI","address":"Štúrovo, okres Nové Zámky","rooms":1,"meters":45,"totalPrice":null,"meterSquarePrice":null,"link":"https://www.nehnutelnosti.sk/detail/Ju9bunBN5Da/28-1-izbovy-byt-v-projekte-rezidencia-sobieski","imagesUrls":["https://t1.aimg.sk/inzercie/ne_orig_103150095_byty-1-izbovy-byt-banska-bystrica-28-1-izbovy-byt-v-projekte-rezidencia-sobieski.jpg?t=LzYwMHgzMzgvZmlsdGVyczpxdWFsaXR5KDgwKQ%3D%3D&h=rsX5-BsPMWiq8TKF5A3gxg&e=2145916800"]},{"title":"(24) 1-IZBOVÝ BYT V PROJEKTE REZIDENCIA SOBIESKI","address":"Štúrovo, okres Nové Zámky","rooms":1,"meters":29,"totalPrice":null,"meterSquarePrice":null,"link":"https://www.nehnutelnosti.sk/detail/JuK7ivpQb-C/24-1-izbovy-byt-v-projekte-rezidencia-sobieski","imagesUrls":["https://t1.aimg.sk/inzercie/ne_orig_103150076_byty-1-izbovy-byt-banska-bystrica-24-1-izbovy-byt-v-projekte-rezidencia-sobieski.jpg?t=LzYwMHgzMzgvZmlsdGVyczpxdWFsaXR5KDgwKQ%3D%3D&h=K6fCQP7UlVjrycm91sFnjA&e=2145916800"]},{"title":"(30) 1-IZBOVÝ BYT V PROJEKTE REZIDENCIA SOBIESKI","address":"Štúrovo, okres Nové Zámky","rooms":1,"meters":21,"totalPrice":null,"meterSquarePrice":null,"link":"https://www.nehnutelnosti.sk/detail/Ju9heV6vAAl/30-1-izbovy-byt-v-projekte-rezidencia-sobieski","imagesUrls":["https://img.nehnutelnosti.sk/foto/NjAweDMzOC9maWx0ZXJzOnF1YWxpdHkoMTAwKS9uZWg=/p2mJ5d3hv_fss?st=r-7Y-ZZN_k1B4Suk1WTgguflWV4i5pXdal2qrc6h-eM&ts=1725454993&e=0"]},{"title":"(34) 1-IZBOVÝ BYT V PROJEKTE REZIDENCIA SOBIESKI","address":"Štúrovo, okres Nové Zámky","rooms":1,"meters":48,"totalPrice":null,"meterSquarePrice":null,"link":"https://www.nehnutelnosti.sk/detail/JuXrmNSYEwn/34-1-izbovy-byt-v-projekte-rezidencia-sobieski","imagesUrls":["https://img.nehnutelnosti.sk/foto/NjAweDMzOC9maWx0ZXJzOnF1YWxpdHkoMTAwKS9uZWg=/pMnlCLyhU_fss?st=dTRTUuh4bUPtmvvQieys7oxCTm-NSz48MFan3D69nw4&ts=1726771589&e=0"]},{"title":"(17) 2-IZBOVÝ BYT V PROJEKTE REZIDENCIA SOBIESKI","address":"Štúrovo, okres Nové Zámky","rooms":2,"meters":97,"totalPrice":null,"meterSquarePrice":null,"link":"https://www.nehnutelnosti.sk/detail/Juwg74lIjZZ/17-2-izbovy-byt-v-projekte-rezidencia-sobieski","imagesUrls":["https://img.nehnutelnosti.sk/foto/NjAweDMzOC9maWx0ZXJzOnF1YWxpdHkoMTAwKS9uZWg=/Goatg3Fgx_fss?st=dehAtnQOTY0kYwLXEaYLk9arWm-43KSnQUGlXEFAwig&ts=1724755071&e=0"]},{"title":"(27) 1-IZBOVÝ BYT V PROJEKTE REZIDENCIA SOBIESKI","address":"Štúrovo, okres Nové Zámky","rooms":1,"meters":44,"totalPrice":null,"meterSquarePrice":null,"link":"https://www.nehnutelnosti.sk/detail/JuuKzW6EQjS/27-1-izbovy-byt-v-projekte-rezidencia-sobieski","imagesUrls":["https://t1.aimg.sk/inzercie/ne_orig_103150020_byty-1-izbovy-byt-banska-bystrica-27-1-izbovy-byt-v-projekte-rezidencia-sobieski.jpg?t=LzYwMHgzMzgvZmlsdGVyczpxdWFsaXR5KDgwKQ%3D%3D&h=70ZKthVjUrt85fi40ctGIA&e=2145916800"]},{"title":"(19) 1-IZBOVÝ BYT V PROJEKTE REZIDENCIA SOBIESKI","address":"Štúrovo, okres Nové Zámky","rooms":1,"meters":27,"totalPrice":null,"meterSquarePrice":null,"link":"https://www.nehnutelnosti.sk/detail/JuCNBhK9Mo1/19-1-izbovy-byt-v-projekte-rezidencia-sobieski","imagesUrls":["https://t1.aimg.sk/inzercie/ne_orig_103150039_byty-1-izbovy-byt-banska-bystrica-19-1-izbovy-byt-v-projekte-rezidencia-sobieski.jpg?t=LzYwMHgzMzgvZmlsdGVyczpxdWFsaXR5KDgwKQ%3D%3D&h=x2lFdnPq3CNHBWfk5a1uIQ&e=2145916800"]},{"title":"(36) 2-IZBOVÝ BYT V PROJEKTE REZIDENCIA SOBIESKI","address":"Štúrovo, okres Nové Zámky","rooms":2,"meters":66,"totalPrice":null,"meterSquarePrice":null,"link":"https://www.nehnutelnosti.sk/detail/JuOprc3ZnDT/36-2-izbovy-byt-v-projekte-rezidencia-sobieski","imagesUrls":["https://t1.aimg.sk/inzercie/ne_orig_103149975_byty-2-izbovy-byt-banska-bystrica-36-2-izbovy-byt-v-projekte-rezidencia-sobieski.jpg?t=LzYwMHgzMzgvZmlsdGVyczpxdWFsaXR5KDgwKQ%3D%3D&h=uv5Up-abWLTPUK2wv_Bphg&e=2145916800"]},{"title":"(18) 2-IZBOVÝ BYT V PROJEKTE REZIDENCIA SOBIESKI","address":"Štúrovo, okres Nové Zámky","rooms":2,"meters":78,"totalPrice":null,"meterSquarePrice":null,"link":"https://www.nehnutelnosti.sk/detail/JuhBxNqn3N-/18-2-izbovy-byt-v-projekte-rezidencia-sobieski","imagesUrls":["https://t1.aimg.sk/inzercie/ne_orig_103150003_byty-2-izbovy-byt-banska-bystrica-18-2-izbovy-byt-v-projekte-rezidencia-sobieski.jpg?t=LzYwMHgzMzgvZmlsdGVyczpxdWFsaXR5KDgwKQ%3D%3D&h=LWqZAjKFTVCoXDEjgCBXnQ&e=2145916800"]},{"title":"(31) 1-IZBOVÝ BYT V PROJEKTE REZIDENCIA SOBIESKI","address":"Štúrovo, okres Nové Zámky","rooms":1,"meters":28,"totalPrice":null,"meterSquarePrice":null,"link":"https://www.nehnutelnosti.sk/detail/Ju3YxXrrm2y/31-1-izbovy-byt-v-projekte-rezidencia-sobieski","imagesUrls":["https://img.nehnutelnosti.sk/foto/NjAweDMzOC9maWx0ZXJzOnF1YWxpdHkoMTAwKS9uZWg=/h4N0QWnqS_fss?st=KOSkQlG8qzNUYLGAv-mCXn35mAleskEUsVgFkUPhsdU&ts=1724985128&e=0"]},{"title":"(20) 1-IZBOVÝ BYT V PROJEKTE REZIDENCIA SOBIESKI","address":"Štúrovo, okres Nové Zámky","rooms":1,"meters":44,"totalPrice":null,"meterSquarePrice":null,"link":"https://www.nehnutelnosti.sk/detail/Ju7zUoezs0P/20-1-izbovy-byt-v-projekte-rezidencia-sobieski","imagesUrls":["https://t1.aimg.sk/inzercie/ne_orig_103150011_byty-1-izbovy-byt-banska-bystrica-20-1-izbovy-byt-v-projekte-rezidencia-sobieski.jpg?t=LzYwMHgzMzgvZmlsdGVyczpxdWFsaXR5KDgwKQ%3D%3D&h=4_WkAtRxFtnXukboE8d6QA&e=2145916800"]},{"title":"(15) 2-IZBOVÝ BYT V PROJEKTE REZIDENCIA SOBIESKI","address":"Štúrovo, okres Nové Zámky","rooms":2,"meters":68,"totalPrice":null,"meterSquarePrice":null,"link":"https://www.nehnutelnosti.sk/detail/JuabLarkk4V/15-2-izbovy-byt-v-projekte-rezidencia-sobieski","imagesUrls":["https://img.nehnutelnosti.sk/foto/NjAweDMzOC9maWx0ZXJzOnF1YWxpdHkoMTAwKS9uZWg=/2ghV8ksmU_fss?st=rKgIMQQEgn2_w0Wlb9S1F3hDX-YcHj4rOy2Gs4RRST8&ts=1724985127&e=0"]},{"title":"(29) 1-IZBOVÝ BYT V PROJEKTE REZIDENCIA SOBIESKI","address":"Štúrovo, okres Nové Zámky","rooms":1,"meters":69,"totalPrice":null,"meterSquarePrice":null,"link":"https://www.nehnutelnosti.sk/detail/Ju_0_eVEEWv/29-1-izbovy-byt-v-projekte-rezidencia-sobieski","imagesUrls":["https://t1.aimg.sk/inzercie/ne_orig_103149983_byty-1-izbovy-byt-banska-bystrica-29-1-izbovy-byt-v-projekte-rezidencia-sobieski.jpg?t=LzYwMHgzMzgvZmlsdGVyczpxdWFsaXR5KDgwKQ%3D%3D&h=eG0BRqhjdDkpWcI2DsqjHw&e=2145916800"]},{"title":"(23) 1-IZBOVÝ BYT V PROJEKTE REZIDENCIA SOBIESKI","address":"Štúrovo, okres Nové Zámky","rooms":1,"meters":20,"totalPrice":null,"meterSquarePrice":null,"link":"https://www.nehnutelnosti.sk/detail/JuBiQE7FXC1/23-1-izbovy-byt-v-projekte-rezidencia-sobieski","imagesUrls":["https://t1.aimg.sk/inzercie/ne_orig_103150029_byty-1-izbovy-byt-banska-bystrica-23-1-izbovy-byt-v-projekte-rezidencia-sobieski.jpg?t=LzYwMHgzMzgvZmlsdGVyczpxdWFsaXR5KDgwKQ%3D%3D&h=iVUpWdYeDD-Whxyzengs8A&e=2145916800"]},{"title":"(16) 2-IZBOVÝ BYT V PROJEKTE REZIDENCIA SOBIESKI","address":"Štúrovo, okres Nové Zámky","rooms":2,"meters":47,"totalPrice":null,"meterSquarePrice":null,"link":"https://www.nehnutelnosti.sk/detail/JuIgUMWioAP/16-2-izbovy-byt-v-projekte-rezidencia-sobieski","imagesUrls":["https://t1.aimg.sk/inzercie/ne_orig_103150043_byty-2-izbovy-byt-banska-bystrica-16-2-izbovy-byt-v-projekte-rezidencia-sobieski.jpg?t=LzYwMHgzMzgvZmlsdGVyczpxdWFsaXR5KDgwKQ%3D%3D&h=gwPMNhRYjkRRmYs7Pp5FYA&e=2145916800"]},{"title":"(BD1_01.10) dokončený  3-izbový byt v projekte KRÁSNE V KRÁSNE - Krásno nad Kysucou","address":"Krásno nad Kysucou, okres Čadca","rooms":3,"meters":78,"totalPrice":144455,"meterSquarePrice":1,"link":"https://www.nehnutelnosti.sk/detail/JucgAFeOV9q/bd1-01-10-dokonceny-3-izbovy-byt-v-projekte-krasne-v-krasne-krasno-nad-kysucou","imagesUrls":["https://img.nehnutelnosti.sk/foto/NjAweDMzOC9maWx0ZXJzOnF1YWxpdHkoMTAwKS9uZWg=/y_CSQhr71_fss?st=Om6bmgqP-6y2hVLVxVISjo8XI1h-H2eELIRzpqg6ObM&ts=1719851538&e=0"]},{"title":"(23_5) 4-izbový byt v projekte Living Park Svit","address":"Svit, okres Poprad","rooms":4,"meters":124,"totalPrice":251838,"meterSquarePrice":0,"link":"https://www.nehnutelnosti.sk/detail/JuIZ0GG4SAA/23-5-4-izbovy-byt-v-projekte-living-park-svit","imagesUrls":["https://t1.aimg.sk/inzercie/ne_orig_103152743_byty-4-izbovy-byt-banska-bystrica-23-5-4-izbovy-byt-v-projekte-living-park-svit.jpg?t=LzYwMHgzMzgvZmlsdGVyczpxdWFsaXR5KDgwKQ%3D%3D&h=jRJ3hc-tmtuQebXk-ax6_w&e=2145916800"]},{"title":"PREDANÉ, ÚTULNÝ 3 IZBOVÝ BYT,  POPRAD - CENTRUM","address":"Poprad, okres Poprad","rooms":3,"meters":55,"totalPrice":134990,"meterSquarePrice":6,"link":"https://www.nehnutelnosti.sk/detail/JuZn6aYGJUf/predane-utulny-3-izbovy-byt-poprad-centrum","imagesUrls":["https://img.nehnutelnosti.sk/foto/NjAweDMzOC9maWx0ZXJzOnF1YWxpdHkoMTAwKS9uZWg=/hbacg8tuG_fss?st=Nk9wICLGeeIhvp5nhsywaSzcM79vYEZ_EiMEmLeeIYk&ts=1717603092&e=0"]},{"title":"PREDANÉ, KRÁSNY 2 IZBOVÝ BYT PREROBENÝ NA  3 IZBOVÝ, 56 m2, POPRAD","address":"Poprad, okres Poprad","rooms":2,"meters":56,"totalPrice":134990,"meterSquarePrice":4,"link":"https://www.nehnutelnosti.sk/detail/JumfDnUE_-I/predane-krasny-2-izbovy-byt-prerobeny-na-3-izbovy-56-m2-poprad","imagesUrls":["https://img.nehnutelnosti.sk/foto/NjAweDMzOC9maWx0ZXJzOnF1YWxpdHkoMTAwKS9uZWg=/0RcGWzmuHG_fss?st=dTOLeugdjc6mO2IYD0EnHeDFW3wzrjkbmkstobvciSk&ts=1707042961&e=0"]},{"title":"REZIDENCIA SOBIESKI - NOVÉ BYTY V ŠTÚROVE","address":"Štúrovo, okres Nové Zámky","rooms":1,"meters":1119,"totalPrice":null,"meterSquarePrice":null,"link":"https://www.nehnutelnosti.sk/detail/JulxtIUv711/rezidencia-sobieski-nove-byty-v-sturove","imagesUrls":["https://img.nehnutelnosti.sk/foto/NjAweDMzOC9maWx0ZXJzOnF1YWxpdHkoMTAwKS9uZWg=/5BncUWM3e_fss?st=LUvifl8k2sQuqF7K-cn9QZU5SQe3WTUsFUOJsCF-Qfs&ts=1724755031&e=0"]},{"title":"PREDAJ, 3 IZBOVÝ BYT PO REKONŠTRUKCII, 69 m2, POPRAD, 123990,-€","address":"Poprad, okres Poprad","rooms":3,"meters":69,"totalPrice":123990,"meterSquarePrice":6,"link":"https://www.nehnutelnosti.sk/detail/JuZBV1NwRt_/predaj-3-izbovy-byt-po-rekonstrukcii-69-m2-poprad-123990","imagesUrls":["https://img.nehnutelnosti.sk/foto/NjAweDMzOC9maWx0ZXJzOnF1YWxpdHkoMTAwKS9uZWg=/lahLPGGtx_fss?st=eyE-nvKq6B3WosdrEsr3uvBCknQy3Qd-Zq0sMDb5cC0&ts=1717603073&e=0"]},{"title":"REZERVÁCIA (3_4) 2-izbový byt v projekte Living Park Svit s predzáhradkou","address":"Svit, okres Poprad","rooms":2,"meters":111,"totalPrice":135900,"meterSquarePrice":8,"link":"https://www.nehnutelnosti.sk/detail/Ju_-TF5vjjF/rezervacia-3-4-2-izbovy-byt-v-projekte-living-park-svit-s-predzahradkou","imagesUrls":["https://img.nehnutelnosti.sk/foto/NjAweDMzOC9maWx0ZXJzOnF1YWxpdHkoMTAwKS9uZWg=/VEo8Ka3cH_fss?st=Bmd0p4pWrgzlIyt-Ag_QkXbBYcFQGOwmQLjyLe7yP8k&ts=1725316317&e=0"]},{"title":"PREDAJ, 3 IZBOVÝ BYT S BALKÓNOM, POPRAD - JUH","address":"Poprad, okres Poprad","rooms":3,"meters":66,"totalPrice":149500,"meterSquarePrice":5,"link":"https://www.nehnutelnosti.sk/detail/JuootQhiohM/predaj-3-izbovy-byt-s-balkonom-poprad-juh","imagesUrls":["https://img.nehnutelnosti.sk/foto/NjAweDMzOC9maWx0ZXJzOnF1YWxpdHkoMTAwKS9uZWg=/e8ANtn8T2_fss?st=5tPW-Q_taAGXydJHnOfhvYWDTqdIWeK42K9ED7tAWIs&ts=1695075609&e=0"]},{"title":"(20_5) 4-izbový byt v projekte Living Park Svit","address":"Svit, okres Poprad","rooms":4,"meters":124,"totalPrice":253277,"meterSquarePrice":6,"link":"https://www.nehnutelnosti.sk/detail/JumUxkKDr2-/20-5-4-izbovy-byt-v-projekte-living-park-svit","imagesUrls":["https://t1.aimg.sk/inzercie/ne_orig_103152761_byty-4-izbovy-byt-banska-bystrica-20-5-4-izbovy-byt-v-projekte-living-park-svit.jpg?t=LzYwMHgzMzgvZmlsdGVyczpxdWFsaXR5KDgwKQ%3D%3D&h=rDfVyHJbmT-Cad_DuZ24Og&e=2145916800"]},{"title":"(21_5) 3-izbový byt v projekte Living Park Svit","address":"Svit, okres Poprad","rooms":3,"meters":86,"totalPrice":191477,"meterSquarePrice":8,"link":"https://www.nehnutelnosti.sk/detail/JusI3zQgpot/21-5-3-izbovy-byt-v-projekte-living-park-svit","imagesUrls":["https://img.nehnutelnosti.sk/foto/NjAweDMzOC9maWx0ZXJzOnF1YWxpdHkoMTAwKS9uZWg=/2qYbPB0rg_fss?st=BiotT1jawr0hQZ3EJFYyRjL5exBx4p-ky-tktdGE3E8&ts=1727023698&e=0"]}]