[{"title":"Novostavba 1,2,3 izbových bytov a nebytových priestorov v polyfunkčnej budove na 2 a 3 NP, Galanta-R","address":"Richtárske Pole, Galanta, okres Galanta","rooms":1,"meters":39,"totalPrice":84677,"meterSquarePrice":8,"link":"https://www.nehnutelnosti.sk/detail/JurQZcAr8S9/novostavba-1-2-3-izbovych-bytov-a-nebytovych-priestorov-v-polyfunkcnej-budove-na-2-a-3-np-galanta-r","imagesUrls":["https://img.nehnutelnosti.sk/foto/NjAweDMzOC9maWx0ZXJzOnF1YWxpdHkoMTAwKS9uZWg=/h46Q894LQY_fss?st=WCRZp1oJPMAPywd_u6tk9PRdVFuSFB6-UDxh9TuhT9g&ts=1722591397&e=0"]},{"title":"Bomba cena ! NOVOSTAVBA, UZAVRETÝ SÚKROMNÝ AREÁL DIZAJNOVÝ OBRAZ KU KAŽDÉMU BYTU AKO DAREČEK NAMAĽOV","address":"Šaľa, Šaľa, okres Šaľa","rooms":3,"meters":106,"totalPrice":134000,"meterSquarePrice":5,"link":"https://www.nehnutelnosti.sk/detail/JuSHj3CdYDl/bomba-cena-novostavba-uzavrety-sukromny-areal-dizajnovy-obraz-ku-kazdemu-bytu-ako-darecek-namalov","imagesUrls":["https://img.nehnutelnosti.sk/foto/NjAweDMzOC9maWx0ZXJzOnF1YWxpdHkoMTAwKS9uZWg=/kLtCRAUIfo_fss?st=NzxSmIlTFi1HpFirzBXraRjV-645hgDODTdPxuV6lqs&ts=1725868043&e=0"]},{"title":"Bomba cena ! Novostavba,  uzavretý súkromný areál VIANOČNÁ ZĽAVA z CENY - 10 000,- EUR a DIZAJNOVÝ O","address":"Šaľa, Šaľa, okres Šaľa","rooms":3,"meters":90,"totalPrice":123000,"meterSquarePrice":7,"link":"https://www.nehnutelnosti.sk/detail/Juj7muoGTVr/bomba-cena-novostavba-uzavrety-sukromny-areal-vianocna-zlava-z-ceny-10-000-eur-a-dizajnovy-o","imagesUrls":["https://img.nehnutelnosti.sk/foto/NjAweDMzOC9maWx0ZXJzOnF1YWxpdHkoMTAwKS9uZWg=/HQWT0XG8A6_fss?st=B4v4piVGUVZBRQcICCaLZtO1h8aGPI8L6x7OIA-L-8k&ts=1725868039&e=0"]},{"title":"Krásny 3 izbový byt v Topoľčanoch","address":"Streďanská, Topoľčany, okres Topoľčany","rooms":3,"meters":67,"totalPrice":140000,"meterSquarePrice":4,"link":"https://www.nehnutelnosti.sk/detail/JumN1ta-FcW/krasny-3-izbovy-byt-v-topolcanoch","imagesUrls":["https://img.nehnutelnosti.sk/foto/NjAweDMzOC9maWx0ZXJzOnF1YWxpdHkoMTAwKS9uZWg=/HEMAjCt2h_fss?st=6lrCOrNVtRkxh3OoWsq9z-goCKxZw5BKxP2vHqcN7nw&ts=1686063773&e=0"]},{"title":"Mestská panoráma, ako na dlani. 3.izbový veľkometrážny byt.","address":"Novomestská, Sereď, okres Galanta","rooms":3,"meters":83,"totalPrice":149900,"meterSquarePrice":2,"link":"https://www.nehnutelnosti.sk/detail/Ju6dKIUBOtb/mestska-panorama-ako-na-dlani-3-izbovy-velkometrazny-byt","imagesUrls":["https://img.nehnutelnosti.sk/foto/NjAweDMzOC9maWx0ZXJzOnF1YWxpdHkoMTAwKS9uZWg=/MZ4caWgdy_fss?st=HwFR6XS5MGYf42SYb8r2N82WKRp2gAmXjMbDq-kJNBE&ts=1669028545&e=0"]},{"title":"Dr. Domov - HĽADÁME BYT NA ODKÚPENIE V BRATISLAVE - PÔVODNÝ STAV","address":"Hálova, Bratislava V - Petržalka, okres Bratislava","rooms":3,"meters":75,"totalPrice":180000,"meterSquarePrice":0,"link":"https://www.nehnutelnosti.sk/detail/JutUl1mzM7T/dr-domov-hladame-byt-na-odkupenie-v-bratislave-povodny-stav","imagesUrls":["https://img.nehnutelnosti.sk/foto/NjAweDMzOC9maWx0ZXJzOnF1YWxpdHkoMTAwKS9uZWg=/7gpxiTqZP_fss?st=3nf6GYSIpaXOwVXMEnquKsYBBXitV5kp3MisbNzhaaY&ts=1724072725&e=0"]},{"title":"Posledné SKOLAUDOVANÉ s Kanalizáciou - veľké 3 izbové byty v obci OĽDZA !","address":"Lehnice, okres Dunajská Streda","rooms":3,"meters":90,"totalPrice":134900,"meterSquarePrice":9,"link":"https://www.nehnutelnosti.sk/detail/JuuPrO4sYF2/posledne-skolaudovane-s-kanalizaciou-velke-3-izbove-byty-v-obci-oldza","imagesUrls":["https://img.unitedclassifieds.sk/foto/NjAweDMzOC9maWx0ZXJzOnF1YWxpdHkoMTAwKS9qdWw=/abbRe2aqj_fss?st=WNTA_kxlV21qkX62WiR1CM3mr6k7RDeZtoQMu6E50aw&ts=1694329496&e=0"]},{"title":"Apollo Residence - SKOLAUDOVANÉ byty v lukratívnej časti Bratislavy","address":"Chalupkova, Bratislava I - Staré Mesto, okres Bratislava","rooms":null,"meters":62,"totalPrice":null,"meterSquarePrice":null,"link":"https://www.nehnutelnosti.sk/detail/JuRDfbc-JZ1/apollo-residence-skolaudovane-byty-v-lukrativnej-casti-bratislavy","imagesUrls":["https://img.unitedclassifieds.sk/foto/NjAweDMzOC9maWx0ZXJzOnF1YWxpdHkoMTAwKS9yc2Y=/p7RfPvHML_fss?st=MA4oJ7DGWru7S2RXJRQNo7rmvM944U0af7A92qbOwbA&ts=1678231758&e=0"]},{"title":"Apollo Residence - SKOLAUDOVANÉ byty v lukratívnej časti Bratislavy","address":"Chalupkova, Bratislava I - Staré Mesto, okres Bratislava","rooms":null,"meters":28,"totalPrice":185700,"meterSquarePrice":4,"link":"https://www.nehnutelnosti.sk/detail/JuB29j7oAUP/apollo-residence-skolaudovane-byty-v-lukrativnej-casti-bratislavy","imagesUrls":["https://img.unitedclassifieds.sk/foto/NjAweDMzOC9maWx0ZXJzOnF1YWxpdHkoMTAwKS9yc2Y=/RIQB-rCQK_fss?st=ZrhDykatgA21Q77rJ7jkkuM86adHBj7glAxlOCocCgs&ts=1678308608&e=0"]},{"title":"Posledné SKOLAUDOVANÉ s Kanalizáciou - veľké 3 izbové byty už dokončené v obci OĽDZA !","address":"Oľdza, Kvetoslavov, okres Dunajská Streda","rooms":3,"meters":90,"totalPrice":134900,"meterSquarePrice":9,"link":"https://www.nehnutelnosti.sk/detail/JusweikrkKn/posledne-skolaudovane-s-kanalizaciou-velke-3-izbove-byty-uz-dokoncene-v-obci-oldza","imagesUrls":["https://img.unitedclassifieds.sk/foto/NjAweDMzOC9maWx0ZXJzOnF1YWxpdHkoMTAwKS9qdWw=/YkRQ85Wsh_fss?st=nrFfi7T7A9rbOaNO5o7i7cHpClBx2FAtab01JggcQxc&ts=1690797251&e=0"]},{"title":"Posledný SKOLAUDOVANÝ s Kanalizáciou - veľké 3 izbové byty v obci OĽDZA !","address":"Oľdza, okres Dunajská Streda","rooms":3,"meters":90,"totalPrice":135000,"meterSquarePrice":0,"link":"https://www.nehnutelnosti.sk/detail/JuH00AVuSK_/posledny-skolaudovany-s-kanalizaciou-velke-3-izbove-byty-v-obci-oldza","imagesUrls":["https://img.unitedclassifieds.sk/foto/NjAweDMzOC9maWx0ZXJzOnF1YWxpdHkoMTAwKS9qdWw=/V3G9csoao_fss?st=1Ty0el8w9tzmkFxlCEtx5tQBjZlIlntJu8cF5BNwKDY&ts=1694328048&e=0"]},{"title":"osledné SKOLAUDOVANÉ s Kanalizáciou - veľké 3 izbové byty v obci OĽDZA !","address":"Oľdza, Šamorín, okres Dunajská Streda","rooms":3,"meters":90,"totalPrice":134900,"meterSquarePrice":9,"link":"https://www.nehnutelnosti.sk/detail/Juig2aC4mNg/osledne-skolaudovane-s-kanalizaciou-velke-3-izbove-byty-v-obci-oldza","imagesUrls":["https://img.unitedclassifieds.sk/foto/NjAweDMzOC9maWx0ZXJzOnF1YWxpdHkoMTAwKS9qdWw=/ANdJrWpdb_fss?st=RF2NR4wEDQjb3idC_GCKXphEUGAaSL2H-zrlsSKgWR8&ts=1687869248&e=0"]},{"title":"Apollo Residence - SKOLAUDOVANÉ byty v lukratívnej časti Bratislavy","address":"Chalupkova, Bratislava I - Staré Mesto, okres Bratislava","rooms":3,"meters":111,"totalPrice":null,"meterSquarePrice":null,"link":"https://www.nehnutelnosti.sk/detail/JuUwBajosBg/apollo-residence-skolaudovane-byty-v-lukrativnej-casti-bratislavy","imagesUrls":["https://img.unitedclassifieds.sk/foto/NjAweDMzOC9maWx0ZXJzOnF1YWxpdHkoMTAwKS9yc2Y=/RIQB-rCQK_fss?st=ZrhDykatgA21Q77rJ7jkkuM86adHBj7glAxlOCocCgs&ts=1678308608&e=0"]},{"title":"Posledné SKOLAUDOVANÉ s Kanalizáciou - veľké 3 izbové byty už dokončené v obci OĽDZA !","address":"Štvrtok na Ostrove, okres Dunajská Streda","rooms":3,"meters":90,"totalPrice":134900,"meterSquarePrice":9,"link":"https://www.nehnutelnosti.sk/detail/JuXDcfHiQvb/posledne-skolaudovane-s-kanalizaciou-velke-3-izbove-byty-uz-dokoncene-v-obci-oldza","imagesUrls":["https://img.unitedclassifieds.sk/foto/NjAweDMzOC9maWx0ZXJzOnF1YWxpdHkoMTAwKS9qdWw=/oOM6r9dge_fss?st=tBkHsG0zxQ5yubZLoCq2UUnUFrgTiUvZMc13Cx0E4Gs&ts=1694330044&e=0"]},{"title":"Apollo Residence - SKOLAUDOVANÉ byty v lukratívnej časti Bratislavy","address":"Chalupkova, Bratislava I - Staré Mesto, okres Bratislava","rooms":null,"meters":62,"totalPrice":null,"meterSquarePrice":null,"link":"https://www.nehnutelnosti.sk/detail/JuUYaCLrmvV/apollo-residence-skolaudovane-byty-v-lukrativnej-casti-bratislavy","imagesUrls":["https://img.unitedclassifieds.sk/foto/NjAweDMzOC9maWx0ZXJzOnF1YWxpdHkoMTAwKS9yc2Y=/RIQB-rCQK_fss?st=ZrhDykatgA21Q77rJ7jkkuM86adHBj7glAxlOCocCgs&ts=1678308608&e=0"]},{"title":"Posledné SKOLAUDOVANÉ s Kanalizáciou - veľké 3 izbové byty v obci OĽDZA !","address":"Šamorín, okres Dunajská Streda","rooms":3,"meters":90,"totalPrice":134900,"meterSquarePrice":9,"link":"https://www.nehnutelnosti.sk/detail/JuxGL3dBJaR/posledne-skolaudovane-s-kanalizaciou-velke-3-izbove-byty-v-obci-oldza","imagesUrls":["https://img.unitedclassifieds.sk/foto/NjAweDMzOC9maWx0ZXJzOnF1YWxpdHkoMTAwKS9qdWw=/PKW5mPLwd_fss?st=zWxhkOTuFK_Vy7ZS4TTySOJIc5SIhw-WvO5njL6t7G4&ts=1694327488&e=0"]},{"title":"Apollo Residence - SKOLAUDOVANÉ byty v lukratívnej časti Bratislavy","address":"Chalupkova, Bratislava I - Staré Mesto, okres Bratislava","rooms":4,"meters":173,"totalPrice":null,"meterSquarePrice":null,"link":"https://www.nehnutelnosti.sk/detail/Ju97HoEJoTY/apollo-residence-skolaudovane-byty-v-lukrativnej-casti-bratislavy","imagesUrls":["https://img.unitedclassifieds.sk/foto/NjAweDMzOC9maWx0ZXJzOnF1YWxpdHkoMTAwKS9yc2Y=/RIQB-rCQK_fss?st=ZrhDykatgA21Q77rJ7jkkuM86adHBj7glAxlOCocCgs&ts=1678308608&e=0"]},{"title":"Posledné SKOLAUDOVANÉ s Kanalizáciou - veľké 3 izbové byty v obci OĽDZA !","address":"Oľdza, okres Dunajská Streda","rooms":3,"meters":90,"totalPrice":134900,"meterSquarePrice":9,"link":"https://www.nehnutelnosti.sk/detail/Ju8zSpnFvEX/posledne-skolaudovane-s-kanalizaciou-velke-3-izbove-byty-v-obci-oldza","imagesUrls":["https://img.unitedclassifieds.sk/foto/NjAweDMzOC9maWx0ZXJzOnF1YWxpdHkoMTAwKS9qdWw=/QQ9yxJu81_fss?st=X_9qiIygYxuf-KZlFQBDxvpf9g8YhPx15hhEODkf-NM&ts=1687866623&e=0"]},{"title":"Atraktívny 2 izbový byt v žiadanej novostavbe EDEN PARK pri štrkoveckom jazere","address":"Prešovská, Bratislava II - Ružinov, okres Bratislava","rooms":2,"meters":58,"totalPrice":269000,"meterSquarePrice":3,"link":"https://www.nehnutelnosti.sk/detail/JuzvEsi6SPt/atraktivny-2-izbovy-byt-v-ziadanej-novostavbe-eden-park-pri-strkoveckom-jazere","imagesUrls":["https://img.unitedclassifieds.sk/foto/NjAweDMzOC9maWx0ZXJzOnF1YWxpdHkoMTAwKS9qdWw=/KynJyenMA_fss?st=4eMWBbT2qspT7zVtTMvfj07F63wTgcfYMSbv7ggNvW4&ts=1726475778&e=0"]},{"title":"PRIESTRANNÝ 4-IZBOVÝ BYT BLÍZKO CENTRA PEZINKA","address":"Pezinok, okres Pezinok","rooms":4,"meters":102,"totalPrice":289900,"meterSquarePrice":7,"link":"https://www.nehnutelnosti.sk/detail/JuorYRrRVmA/priestranny-4-izbovy-byt-blizko-centra-pezinka","imagesUrls":["https://img.unitedclassifieds.sk/foto/NjAweDMzOC9maWx0ZXJzOnF1YWxpdHkoMTAwKS9yc2Y=/L9PHhreP2_fss?st=j3cJ9DAtSzmUuCzisqzcxqp9zjoqIf15gGvgbyIMR-E&ts=1720527360&e=0"]},{"title":"BYT v Senci pre veľkú rodinu","address":"Robotnícka, Senec, okres Senec","rooms":4,"meters":83,"totalPrice":175000,"meterSquarePrice":3,"link":"https://www.nehnutelnosti.sk/detail/JugJM_tKTrt/byt-v-senci-pre-velku-rodinu","imagesUrls":["https://img.unitedclassifieds.sk/foto/NjAweDMzOC9maWx0ZXJzOnF1YWxpdHkoMTAwKS9yc2Y=/jY5nUfy-T_fss?st=3TtHlCPFDyfaN2LUJXW--DX0WP3erTgxdlLO5OAebJ4&ts=1716278807&e=0"]},{"title":"Na predaj 2 izbový byt v Bratislave v Ružinove","address":"Polárna, Bratislava II - Ružinov, okres Bratislava","rooms":2,"meters":47,"totalPrice":189900,"meterSquarePrice":3,"link":"https://www.nehnutelnosti.sk/detail/JuRcHPD5aho/na-predaj-2-izbovy-byt-v-bratislave-v-ruzinove","imagesUrls":["https://img.unitedclassifieds.sk/foto/NjAweDMzOC9maWx0ZXJzOnF1YWxpdHkoMTAwKS9yc2Y=/a8kSExUid_fss?st=QdvkDjhyKCdoL0OfinNAKQbRY-ikE9WEp65K1xkYi6Y&ts=1721650272&e=0"]},{"title":"BYT v Senci pre veľkú rodinu","address":"Robotnícka, Senec, okres Senec","rooms":5,"meters":83,"totalPrice":175000,"meterSquarePrice":3,"link":"https://www.nehnutelnosti.sk/detail/JuV5UaNu532/byt-v-senci-pre-velku-rodinu","imagesUrls":["https://img.unitedclassifieds.sk/foto/NjAweDMzOC9maWx0ZXJzOnF1YWxpdHkoMTAwKS9yc2Y=/Rax5z4HU6_fss?st=5YE-4nUpSC-H5cK2p6HGscmG2XBlrjJH8bk8_27mcOQ&ts=1716278923&e=0"]},{"title":"BÝVAJTE NA DULÁKU. Na predaj 2i byt vo výbornej lokalite na Paričkovej ulici","address":"Páričkova, Bratislava II - Ružinov, okres Bratislava","rooms":2,"meters":44,"totalPrice":249900,"meterSquarePrice":5,"link":"https://www.nehnutelnosti.sk/detail/JuLW6NWT_qA/byvajte-na-dulaku-na-predaj-2i-byt-vo-vybornej-lokalite-na-parickovej-ulici","imagesUrls":["https://img.nehnutelnosti.sk/foto/NjAweDMzOC9maWx0ZXJzOnF1YWxpdHkoMTAwKS9uZWg=/p8Tnw1LBM_fss?st=yodDaDsIKwU55PNC1-WHkPGr4m8BD4uCnlX-lVvzBwc&ts=1726475554&e=0"]},{"title":"NA PREDAJ 3-izbový byt po kompletnej rekonštrukcii NIVY, príjemnné bývanie pre Vašu rodinu","address":"Martinčekova, Bratislava II - Ružinov, okres Bratislava","rooms":3,"meters":67,"totalPrice":253900,"meterSquarePrice":5,"link":"https://www.nehnutelnosti.sk/detail/JuTiCTyDBR8/na-predaj-3-izbovy-byt-po-kompletnej-rekonstrukcii-nivy-prijemnne-byvanie-pre-vasu-rodinu","imagesUrls":["https://img.nehnutelnosti.sk/foto/NjAweDMzOC9maWx0ZXJzOnF1YWxpdHkoMTAwKS9uZWg=/B3vsImEPP3_fss?st=scecUWX1nivReAeNqs4iaPrPD4XAAHQEU3pOJIwWvUs&ts=1726475532&e=0"]},{"title":"Moderný trojizbový podkrovný byt Budmerice","address":"J. Holčeka, Budmerice, okres Pezinok","rooms":3,"meters":76,"totalPrice":147500,"meterSquarePrice":5,"link":"https://www.nehnutelnosti.sk/detail/JuKGJIR3zza/moderny-trojizbovy-podkrovny-byt-budmerice","imagesUrls":["https://img.unitedclassifieds.sk/foto/NjAweDMzOC9maWx0ZXJzOnF1YWxpdHkoMTAwKS9qdWw=/Uepe-3A2w_fss?st=z1O1e1m_3-OhVAV2nJmdrCBbE7W-80FFgGp0a8XpYUQ&ts=1725710551&e=0"]},{"title":"Rezervované! Na predaj 3 izbový byt len pár minút od centra mesta Senec","address":"Senec, okres Senec","rooms":3,"meters":64,"totalPrice":164900,"meterSquarePrice":6,"link":"https://www.nehnutelnosti.sk/detail/JuVPiJZ7Mwo/rezervovane-na-predaj-3-izbovy-byt-len-par-minut-od-centra-mesta-senec","imagesUrls":["https://img.unitedclassifieds.sk/foto/NjAweDMzOC9maWx0ZXJzOnF1YWxpdHkoMTAwKS9yc2Y=/NM4y2fYdXY_fss?st=j1ACiXQ5WkyZtQDMtfx8SfVcv0Mb5hsOANLjDpOSxPs&ts=1722672296&e=0"]},{"title":"3,5 izbový mezonetový byt v Malinove","address":"Tri vody, Malinovo, okres Senec","rooms":3,"meters":85,"totalPrice":259000,"meterSquarePrice":6,"link":"https://www.nehnutelnosti.sk/detail/JuYC4-N6rlv/3-5-izbovy-mezonetovy-byt-v-malinove","imagesUrls":["https://img.unitedclassifieds.sk/foto/NjAweDMzOC9maWx0ZXJzOnF1YWxpdHkoMTAwKS9yc2Y=/OhC10efKF_fss?st=X4ULktFk5aOSqTa97X1_Cr_0kCEWMnCN0ac8yXKTpQk&ts=1722414940&e=0"]},{"title":"Moderný trojizbový byt s nádhernou terasou","address":"Ružová, Senec, okres Senec","rooms":3,"meters":85,"totalPrice":219900,"meterSquarePrice":7,"link":"https://www.nehnutelnosti.sk/detail/Judio10xvVl/moderny-trojizbovy-byt-s-nadhernou-terasou","imagesUrls":["https://img.unitedclassifieds.sk/foto/NjAweDMzOC9maWx0ZXJzOnF1YWxpdHkoMTAwKS9qdWw=/jWD0Z3K1X_fss?st=5mzZ0N_RcFaoCEuPI_jRh0hfg2MyZiJLktnXifnoVos&ts=1724856290&e=0"]},{"title":"Rezervované!!! Znalecký posudok v cene nehnuteľnosti!!!Na predaj zrekonštruovaný 1 izbový byt v tich","address":"Senec, okres Senec","rooms":1,"meters":31,"totalPrice":97000,"meterSquarePrice":3,"link":"https://www.nehnutelnosti.sk/detail/JusIpmZ-IMH/rezervovane-znalecky-posudok-v-cene-nehnutelnostina-predaj-zrekonstruovany-1-izbovy-byt-v-tich","imagesUrls":["https://img.unitedclassifieds.sk/foto/NjAweDMzOC9maWx0ZXJzOnF1YWxpdHkoMTAwKS9qdWw=/TWJfJKpGB_fss?st=rRrVzBpA2OtgaGNuad-aw_DabY1ZD_K7DmtQLq4h9eA&ts=1725531586&e=0"]}]