[{"title":"TOP BÝVANIE v Michalovciach, 3i byt, 76m² + loggia a klimatizácia","address":"Michalovce, okres Michalovce","rooms":3,"meters":76,"totalPrice":113000,"meterSquarePrice":4,"link":"https://www.nehnutelnosti.sk/detail/JuiV4hMZXEB/top-byvanie-v-michalovciach-3i-byt-76m-loggia-a-klimatizacia","imagesUrls":["https://img.unitedclassifieds.sk/foto/NjAweDMzOC9maWx0ZXJzOnF1YWxpdHkoMTAwKS9qdWw=/Pav5j8K_F_fss?st=ywGwuzI9t4yJEIRQm3CM2UQrSLtfntoFP9wHqmmbZlE&ts=1710228876&e=0"]},{"title":"Predaj-3 izbového bytu v centre mesta Nové Zámky","address":"Nové Zámky, okres Nové Zámky","rooms":3,"meters":null,"totalPrice":null,"meterSquarePrice":null,"link":"https://www.nehnutelnosti.sk/detail/Jux0O7M2Gg7/predaj-3-izboveho-bytu-v-centre-mesta-nove-zamky","imagesUrls":["https://img.nehnutelnosti.sk/foto/NjAweDMzOC9maWx0ZXJzOnF1YWxpdHkoMTAwKS9uZWg=/HhNmGUirY_fss?st=RLjojt9jIFjwgVLctltG88zcV10Ig5Ab4OxLkbxfmXw&ts=1721653062&e=0"]},{"title":"Predaj - 4 izbový byt vo výbornej a vyhľadávanej časti mesta Nové Zámky","address":"Nové Zámky, okres Nové Zámky","rooms":4,"meters":84,"totalPrice":119500,"meterSquarePrice":2,"link":"https://www.nehnutelnosti.sk/detail/JuHPoViW5gs/predaj-4-izbovy-byt-vo-vybornej-a-vyhladavanej-casti-mesta-nove-zamky","imagesUrls":["https://img.nehnutelnosti.sk/foto/NjAweDMzOC9maWx0ZXJzOnF1YWxpdHkoMTAwKS9uZWg=/kZFD64koNV_fss?st=XiiU50m6byvQ4iJQwfmHASwIr6BOT2wOFYRmti4hJNU&ts=1721135285&e=0"]},{"title":"Na predaj- 2 izbový byt  s balkónom Nové Zámky","address":"Nové Zámky, Nové Zámky, okres Nové Zámky","rooms":2,"meters":null,"totalPrice":null,"meterSquarePrice":null,"link":"https://www.nehnutelnosti.sk/detail/JudD-rgjtA4/na-predaj-2-izbovy-byt-s-balkonom-nove-zamky","imagesUrls":["https://img.nehnutelnosti.sk/foto/NjAweDMzOC9maWx0ZXJzOnF1YWxpdHkoMTAwKS9uZWg=/pS3Bw-DD4_fss?st=IYaFAqL1vF3_vytEm8kYqH9snKWGON6c2NQmMW_LpuI&ts=1726841336&e=0"]},{"title":"Predaj - 3 izbový byt po úplnej rekonštrukcií v tichej lokalite mesta Nové Zámky","address":"Nové Zámky, okres Nové Zámky","rooms":3,"meters":66,"totalPrice":105000,"meterSquarePrice":1,"link":"https://www.nehnutelnosti.sk/detail/Ju0A-jCtjNW/predaj-3-izbovy-byt-po-uplnej-rekonstrukcii-v-tichej-lokalite-mesta-nove-zamky","imagesUrls":["https://img.nehnutelnosti.sk/foto/NjAweDMzOC9maWx0ZXJzOnF1YWxpdHkoMTAwKS9uZWg=/gWcxYGe2Pu_fss?st=CALpofdu3-4PCbjGgoB8-1Ew6h9HRrOJNS0crZZtH8I&ts=1724140984&e=0"]},{"title":"Predaj-2 izbového bytu , Nové Zámky","address":"Nové Zámky, okres Nové Zámky","rooms":2,"meters":null,"totalPrice":null,"meterSquarePrice":null,"link":"https://www.nehnutelnosti.sk/detail/JuQP-W-Hrhh/predaj-2-izboveho-bytu-nove-zamky","imagesUrls":["https://img.nehnutelnosti.sk/foto/NjAweDMzOC9maWx0ZXJzOnF1YWxpdHkoMTAwKS9uZWg=/Rxi8PNQj5_fss?st=mFlhpgTsIOwmHygoJU5NhZhPNUlsKOp6w5jQWSZJAI0&ts=1721653052&e=0"]},{"title":"Predaj - 3 izbový byt po čiastočnej rekonštrukcií na sídlisku Juh , Nové Zámky","address":"Nové Zámky, okres Nové Zámky","rooms":3,"meters":63,"totalPrice":88000,"meterSquarePrice":3,"link":"https://www.nehnutelnosti.sk/detail/Juh3z3Gj1Lp/predaj-3-izbovy-byt-po-ciastocnej-rekonstrukcii-na-sidlisku-juh-nove-zamky","imagesUrls":["https://img.nehnutelnosti.sk/foto/NjAweDMzOC9maWx0ZXJzOnF1YWxpdHkoMTAwKS9uZWg=/Y4VOwla2ZV_fss?st=huVtw2A_EhDFt_KedciMfPWvPi73obS9hb8q7lAvYmw&ts=1724145376&e=0"]},{"title":"Predaj- 3 izbový byt v tehlovej bytovke s garážou a záhradou , Štúrovo/8 km/","address":"Mužla, Štúrovo, okres Nové Zámky","rooms":3,"meters":68,"totalPrice":80000,"meterSquarePrice":8,"link":"https://www.nehnutelnosti.sk/detail/JuMLG50pvdG/predaj-3-izbovy-byt-v-tehlovej-bytovke-s-garazou-a-zahradou-sturovo-8-km","imagesUrls":["https://img.nehnutelnosti.sk/foto/NjAweDMzOC9maWx0ZXJzOnF1YWxpdHkoMTAwKS9uZWg=/JSGrDdtm4_fss?st=1mYZxs5MVdzM8Q1YANwJEFFzcZFx2KFaDuquHAgYk8U&ts=1726841332&e=0"]},{"title":"Predaj- 2 izbový byt po rekonštrukcii Nitra","address":"Nitra, Nitra, okres Nitra","rooms":2,"meters":null,"totalPrice":null,"meterSquarePrice":null,"link":"https://www.nehnutelnosti.sk/detail/JupPjc7-yqo/predaj-2-izbovy-byt-po-rekonstrukcii-nitra","imagesUrls":["https://img.nehnutelnosti.sk/foto/NjAweDMzOC9maWx0ZXJzOnF1YWxpdHkoMTAwKS9uZWg=/ZjMpTonWA_fss?st=wA9eBtBF9ndMYIruR6GP7r-m_NHr7B-zk7AHK0izJxE&ts=1725366238&e=0"]},{"title":"Predaj- 2 izbový byt s balkónom, Lécka ul. Nové Zámky","address":"Nové Zámky, Nové Zámky, okres Nové Zámky","rooms":2,"meters":null,"totalPrice":null,"meterSquarePrice":null,"link":"https://www.nehnutelnosti.sk/detail/JuRTGehUHGR/predaj-2-izbovy-byt-s-balkonom-lecka-ul-nove-zamky","imagesUrls":["https://img.nehnutelnosti.sk/foto/NjAweDMzOC9maWx0ZXJzOnF1YWxpdHkoMTAwKS9uZWg=/tB2PrPKmCP_fss?st=9bU3Bx2DS0Ug6VhZ1bbX49XMzAUpEHbIzbFJltFGCx4&ts=1719320920&e=0"]},{"title":"Predaj- veľký 2 izbový byt s balkónom Nové Zámky","address":"Nové Zámky, Nové Zámky, okres Nové Zámky","rooms":2,"meters":null,"totalPrice":null,"meterSquarePrice":null,"link":"https://www.nehnutelnosti.sk/detail/JuUKUcaD6uB/predaj-velky-2-izbovy-byt-s-balkonom-nove-zamky","imagesUrls":["https://img.nehnutelnosti.sk/foto/NjAweDMzOC9maWx0ZXJzOnF1YWxpdHkoMTAwKS9uZWg=/zRURGbDQK_fss?st=k0WwTL7yM8C4yv7gtUSAGP4xg193Mg8s_x4u0rm8azM&ts=1719320926&e=0"]},{"title":"ZNÍŽENÁ CENA! Predaj- 3i byt sídlisko JUH Nové Zámky s vizualizáciou interiéru","address":"Nové Zámky, okres Nové Zámky","rooms":3,"meters":66,"totalPrice":92000,"meterSquarePrice":4,"link":"https://www.nehnutelnosti.sk/detail/JuRxx2i2qP5/znizena-cena-predaj-3i-byt-sidlisko-juh-nove-zamky-s-vizualizaciou-interieru","imagesUrls":["https://img.nehnutelnosti.sk/foto/NjAweDMzOC9maWx0ZXJzOnF1YWxpdHkoMTAwKS9uZWg=/BEmOu-TRa_fss?st=GzV1qUifoaHsg2SJpaqPe0JFL0acJagnqP7v-PoQgpU&ts=1719224353&e=0"]},{"title":"Predaj - 3 izbový moderný byt, Nové Zámky","address":"Nové Zámky, Nové Zámky, okres Nové Zámky","rooms":3,"meters":69,"totalPrice":120000,"meterSquarePrice":2,"link":"https://www.nehnutelnosti.sk/detail/Juf47GwqlOA/predaj-3-izbovy-moderny-byt-nove-zamky","imagesUrls":["https://img.nehnutelnosti.sk/foto/NjAweDMzOC9maWx0ZXJzOnF1YWxpdHkoMTAwKS9uZWg=/bguAGn3Srk_fss?st=wBZyy-GT4VF-iAGJpBJUkZdFuaso2D3E3gmhQCBn2KI&ts=1721063775&e=0"]},{"title":"3-izb. byt s balkónom a 2 parkovacími miestami - Maršová-Rašov","address":"Bytča, okres Bytča","rooms":3,"meters":75,"totalPrice":166000,"meterSquarePrice":3,"link":"https://www.nehnutelnosti.sk/detail/Ju-8MQ9MSVp/3-izb-byt-s-balkonom-a-2-parkovacimi-miestami-marsova-rasov","imagesUrls":["https://img.nehnutelnosti.sk/foto/NjAweDMzOC9maWx0ZXJzOnF1YWxpdHkoMTAwKS9uZWg=/3vbprvFWa_fss?st=rKYLfiF2HTlQdUdUMOAyysrSVyBRXoJJyQsTU5PH3g0&ts=1725006856&e=0"]},{"title":"3-izb. byt s balkónom a 2 parkovacími miestami - Maršová-Rašov","address":"Maršová - Rašov, okres Bytča","rooms":3,"meters":75,"totalPrice":166000,"meterSquarePrice":3,"link":"https://www.nehnutelnosti.sk/detail/JudWZEqjPJF/3-izb-byt-s-balkonom-a-2-parkovacimi-miestami-marsova-rasov","imagesUrls":["https://img.nehnutelnosti.sk/foto/NjAweDMzOC9maWx0ZXJzOnF1YWxpdHkoMTAwKS9uZWg=/CFO-gYaPl_fss?st=gZ-YUxClVlApJ-wnm_tpCD8h4aZ8PIq0ZDNNG4djS2M&ts=1725007141&e=0"]},{"title":"3-izb. byt s balkónom - Severná, Žilina-Hliny VII.","address":"Severná, Žilina - Hliny, okres Žilina","rooms":3,"meters":67,"totalPrice":127000,"meterSquarePrice":2,"link":"https://www.nehnutelnosti.sk/detail/JuuwfNb7E9k/3-izb-byt-s-balkonom-severna-zilina-hliny-vii","imagesUrls":["https://img.nehnutelnosti.sk/foto/NjAweDMzOC9maWx0ZXJzOnF1YWxpdHkoMTAwKS9uZWg=/iLin6cC7z_fss?st=NKolU4Ayau16yBe5KKh0L3wYBbwb1R7dtpngEWmMH4w&ts=1725955568&e=0"]},{"title":"3-izb. byt s balkónom - Hollého, Žilina-Staré Mesto","address":"Hollého, Žilina - Staré mesto, okres Žilina","rooms":3,"meters":76,"totalPrice":170000,"meterSquarePrice":4,"link":"https://www.nehnutelnosti.sk/detail/JuaPAm4RR8J/3-izb-byt-s-balkonom-holleho-zilina-stare-mesto","imagesUrls":["https://img.nehnutelnosti.sk/foto/NjAweDMzOC9maWx0ZXJzOnF1YWxpdHkoMTAwKS9uZWg=/i5i9m98UTu_fss?st=4FPL0R9kMm4aY5vqB6IfYTBjm361v-bWN7na4dP1Abs&ts=1725958418&e=0"]},{"title":"Na predaj slnečný 2-izbový byt v tehlovej bytovke, blízko centra!  60,3 m2","address":"Banská Bystrica, okres Banská Bystrica","rooms":2,"meters":60,"totalPrice":135,"meterSquarePrice":4,"link":"https://www.nehnutelnosti.sk/detail/JupSchPEEyG/na-predaj-slnecny-2-izbovy-byt-v-tehlovej-bytovke-blizko-centra-60-3-m2","imagesUrls":["https://img.nehnutelnosti.sk/foto/NjAweDMzOC9maWx0ZXJzOnF1YWxpdHkoMTAwKS9uZWg=/JNRD07WN5_fss?st=ENDALeaeyhx3XTSkHj4XTVz8sIICILalSXYqgVtWKSc&ts=1726846993&e=0"]},{"title":"Na predaj: 2 izbový byt v obľúbenej lokalite s pekným výhľadom.","address":"Trieda SNP, Banská Bystrica, okres Banská Bystrica","rooms":2,"meters":57,"totalPrice":135900,"meterSquarePrice":1,"link":"https://www.nehnutelnosti.sk/detail/JuNX6IbeMe4/na-predaj-2-izbovy-byt-v-oblubenej-lokalite-s-peknym-vyhladom","imagesUrls":["https://img.nehnutelnosti.sk/foto/NjAweDMzOC9maWx0ZXJzOnF1YWxpdHkoMTAwKS9uZWg=/EHciCyNItq_fss?st=FM7cUT2UzUsZnh2wKalOZAISP6S-Y3BeGRw-a8VSZX4&ts=1717589435&e=0"]},{"title":"LOTYŠSKÁ – 4-i byt, 82 m2 s loggiou, vnútroblok, NÍZKE NÁKLADY - VOĽNÝ","address":"Lotyšská, Bratislava II - Podunajské Biskupice, okres Bratislava","rooms":4,"meters":82,"totalPrice":182000,"meterSquarePrice":1,"link":"https://www.nehnutelnosti.sk/detail/Ju8m141gpXf/lotysska-4-i-byt-82-m2-s-loggiou-vnutroblok-nizke-naklady-volny","imagesUrls":["https://img.nehnutelnosti.sk/foto/NjAweDMzOC9maWx0ZXJzOnF1YWxpdHkoMTAwKS9uZWg=/KOLU7G2Hhv_fss?st=zfiMZPf1VhX-H5WWeeI8ZBPKXWW5OvmVEPhJ98ItdDo&ts=1723815295&e=0"]},{"title":"TEHELNÁ – 3-i byt, 72 m2 TOP rekonštrukcia – ZARIADENÝ, KLIMATIZOVANÝ","address":"Bratislava III - Nové Mesto, okres Bratislava","rooms":3,"meters":72,"totalPrice":250000,"meterSquarePrice":2,"link":"https://www.nehnutelnosti.sk/detail/Junt12bkx3a/tehelna-3-i-byt-72-m2-top-rekonstrukcia-zariadeny-klimatizovany","imagesUrls":["https://img.nehnutelnosti.sk/foto/NjAweDMzOC9maWx0ZXJzOnF1YWxpdHkoMTAwKS9uZWg=/fFoGDWpgP6_fss?st=wdX2Pr4ei9gOEQMiTSUwbV2JRwDDCiBS-rEZsCV_ses&ts=1724791502&e=0"]},{"title":"JADROVÁ – 43 m2, klimatizácia, zelené parky - vedľa PANEURÓPSKEJ VS","address":"Jadrová, Bratislava II - Ružinov, okres Bratislava","rooms":2,"meters":43,"totalPrice":149000,"meterSquarePrice":2,"link":"https://www.nehnutelnosti.sk/detail/JuroKhy5OdwZ/jadrova-43-m2-klimatizacia-zelene-parky-vedla-paneuropskej-vs","imagesUrls":["https://img.nehnutelnosti.sk/foto/NjAweDMzOC9maWx0ZXJzOnF1YWxpdHkoMTAwKS9uZWg=/ufx3Myh2Qf_fss?st=7sfMB3Y7JRwD5m0m2JnFiFgqOVm5o0HlN8jopSxsHk8&ts=1725754559&e=0"]},{"title":"JADROVÁ – 43 m2, klimatizácia, zelené parky - vedľa PANEURÓPSKEJ VS","address":"Jadrová, Bratislava II - Ružinov, okres Bratislava","rooms":1,"meters":43,"totalPrice":149000,"meterSquarePrice":2,"link":"https://www.nehnutelnosti.sk/detail/Ju2OAh9OO4m/jadrova-43-m2-klimatizacia-zelene-parky-vedla-paneuropskej-vs","imagesUrls":["https://img.nehnutelnosti.sk/foto/NjAweDMzOC9maWx0ZXJzOnF1YWxpdHkoMTAwKS9uZWg=/f2KVScgJa_fss?st=j95p1euRlN6DdxM7_-bX983LWPznpueya0GiUHWpxZA&ts=1723710908&e=0"]},{"title":"OBCHODNÁ, 2-i byt – orientovaný do TICHÉHO DVORA, ihneď voľný","address":"Obchodná ulica, Bratislava I - Staré Mesto, okres Bratislava","rooms":2,"meters":null,"totalPrice":null,"meterSquarePrice":null,"link":"https://www.nehnutelnosti.sk/detail/JujbelRW640/obchodna-2-i-byt-orientovany-do-ticheho-dvora-ihned-volny","imagesUrls":["https://img.nehnutelnosti.sk/foto/NjAweDMzOC9maWx0ZXJzOnF1YWxpdHkoMTAwKS9uZWg=/S75bUix5n_fss?st=uN1xzJaMXmJNDEPPahcEjKIMwNFLWryOkqtItFqUJM0&ts=1725702062&e=0"]},{"title":"OBCHODNÁ, 1-i byt, 42 m2 - orientovaný do TICHÉHO DVORA, ihneď voľný","address":"Obchodná ulica, Bratislava I - Staré Mesto, okres Bratislava","rooms":1,"meters":null,"totalPrice":null,"meterSquarePrice":null,"link":"https://www.nehnutelnosti.sk/detail/Ju8UhlFthZ_/obchodna-1-i-byt-42-m2-orientovany-do-ticheho-dvora-ihned-volny","imagesUrls":["https://img.nehnutelnosti.sk/foto/NjAweDMzOC9maWx0ZXJzOnF1YWxpdHkoMTAwKS9uZWg=/LE9ZgHy9j_fss?st=1DSBHwRGHjQCBkL4oiCBpNgSlCYAxU2BCFnx9ke8t-8&ts=1724191349&e=0"]},{"title":"MIEROVÁ, 4-i byt, 85 m2 – kompletne zariadený, VÝBORNÁ LOKALITA","address":"Mierová, Bratislava II - Ružinov, okres Bratislava","rooms":4,"meters":85,"totalPrice":305000,"meterSquarePrice":4,"link":"https://www.nehnutelnosti.sk/detail/JurbY28DyGr/mierova-4-i-byt-85-m2-kompletne-zariadeny-vyborna-lokalita","imagesUrls":["https://img.nehnutelnosti.sk/foto/NjAweDMzOC9maWx0ZXJzOnF1YWxpdHkoMTAwKS9uZWg=/eCG-lnjRk4_fss?st=nGOzWM-vbLcdYZ5eSs0PWbiTELhiW3lb3T5BLN8Sda4&ts=1717622292&e=0"]},{"title":"ZEHNHAUS, celé podlažie, 193 m2 – UNIKÁTNA PONUKA v historickej budove","address":"Palárikova, Bratislava I - Staré Mesto, okres Bratislava","rooms":5,"meters":193,"totalPrice":329900,"meterSquarePrice":3,"link":"https://www.nehnutelnosti.sk/detail/Ju2ljc1UmcF/zehnhaus-cele-podlazie-193-m2-unikatna-ponuka-v-historickej-budove","imagesUrls":["https://img.nehnutelnosti.sk/foto/NjAweDMzOC9maWx0ZXJzOnF1YWxpdHkoMTAwKS9uZWg=/1HOZDmxDW5_fss?st=YyMQWAPs8HcsMFrNbx3wX3XzINgp-85X1mR6FjJv-CM&ts=1717598452&e=0"]},{"title":"ZEHNHAUS, celé podlažie, 193 m2 – UNIKÁTNA PONUKA v historickej budove","address":"Palárikova, Bratislava I - Staré Mesto, okres Bratislava","rooms":4,"meters":193,"totalPrice":329900,"meterSquarePrice":3,"link":"https://www.nehnutelnosti.sk/detail/Ju5xq92TQzm/zehnhaus-cele-podlazie-193-m2-unikatna-ponuka-v-historickej-budove","imagesUrls":["https://img.nehnutelnosti.sk/foto/NjAweDMzOC9maWx0ZXJzOnF1YWxpdHkoMTAwKS9uZWg=/rmhZEVprp_fss?st=uSx9heBI1qpDdNPFy4OdVj5ATXMaJ8Y8T2cnFw_mYt4&ts=1717598451&e=0"]},{"title":"Predaj garsónky, kompl. rekonšt., Ba-Petržalka","address":"Šintavská, Bratislava V - Petržalka, okres Bratislava","rooms":null,"meters":22,"totalPrice":98000,"meterSquarePrice":0,"link":"https://www.nehnutelnosti.sk/detail/JulB2uELa7a/predaj-garsonky-kompl-rekonst-ba-petrzalka","imagesUrls":["https://img.nehnutelnosti.sk/foto/NjAweDMzOC9maWx0ZXJzOnF1YWxpdHkoMTAwKS9uZWg=/iYzusfDwr_fss?st=cOQM1ebCQeJkLeRRRofR75QAs6nLiSw4o9z3dfWah9M&ts=1726846386&e=0"]},{"title":"FIVE STAR RESIDENCE, 2-i byt, 68 m2, 8.p.- VÝNIMOČNÝ veľkometrážny byt","address":"Námestie slobody, Bratislava I - Staré Mesto, okres Bratislava","rooms":2,"meters":68,"totalPrice":312000,"meterSquarePrice":4,"link":"https://www.nehnutelnosti.sk/detail/JuA2OeQheWR/five-star-residence-2-i-byt-68-m2-8-p-vynimocny-velkometrazny-byt","imagesUrls":["https://img.nehnutelnosti.sk/foto/NjAweDMzOC9maWx0ZXJzOnF1YWxpdHkoMTAwKS9uZWg=/wZmNG9fnK_fss?st=2rjnIdLKMSzcAcsW4VAxsdcK-Zk7L4JDpSYbmxtNeMI&ts=1721162036&e=0"]}]