[{"title":"3-izbový byt po modernej rekonštrukcii","address":"Považská Bystrica, okres Považská Bystrica","rooms":3,"meters":64,"totalPrice":124979,"meterSquarePrice":0,"link":"https://www.nehnutelnosti.sk/detail/JuFgMMg4FIL/3-izbovy-byt-po-modernej-rekonstrukcii","imagesUrls":["https://img.nehnutelnosti.sk/foto/NjAweDMzOC9maWx0ZXJzOnF1YWxpdHkoMTAwKS9uZWg=/CvfKBlY4d_fss?st=IEuYp6F_cDFXZG12x6uZ5gJspiP-kMooUq2441k8a7Q&ts=1724701606&e=0"]},{"title":"PÔVODNÝ 4 IZBOVÝ BYT V TICHOM PROSTREDÍ LÍŠČIEHO ÚDOLIA NA PÚPAVOVEJ ULICI","address":"Púpavová, Bratislava IV - Karlova Ves, okres Bratislava","rooms":4,"meters":87,"totalPrice":214999,"meterSquarePrice":5,"link":"https://www.nehnutelnosti.sk/detail/JutrKZ3rw0S/povodny-4-izbovy-byt-v-tichom-prostredi-liscieho-udolia-na-pupavovej-ulici","imagesUrls":["https://img.nehnutelnosti.sk/foto/NjAweDMzOC9maWx0ZXJzOnF1YWxpdHkoMTAwKS9uZWg=/z-JV21Yl-_fss?st=xkyJq7sF5En8mWZimzXfxMvQQT3jZZvvh53A_Ml1oi0&ts=1725546913&e=0"]},{"title":"MALINOVO - 4-izbový byt s NADŠTANDARDNÝMI PARAMETRAMI","address":"Slnečná, Malinovo, okres Senec","rooms":4,"meters":122,"totalPrice":235000,"meterSquarePrice":3,"link":"https://www.nehnutelnosti.sk/detail/Ju2Z17wrFc3/malinovo-4-izbovy-byt-s-nadstandardnymi-parametrami","imagesUrls":["https://img.nehnutelnosti.sk/foto/NjAweDMzOC9maWx0ZXJzOnF1YWxpdHkoMTAwKS9uZWg=/HISXKK55r_fss?st=2O9MFPvIW9yV0oYH--yZcDBgfKJv0WvhG1HD-JClftw&ts=1724164408&e=0"]},{"title":"MIKELSSEN - Na predaj 3 izbový byt na výnimočnej adrese priamo v historickom centre Bratislavy","address":"Baštová, Bratislava I - Staré Mesto, okres Bratislava","rooms":3,"meters":73,"totalPrice":349900,"meterSquarePrice":5,"link":"https://www.nehnutelnosti.sk/detail/JuE-U5RPHH4/mikelssen-na-predaj-3-izbovy-byt-na-vynimocnej-adrese-priamo-v-historickom-centre-bratislavy","imagesUrls":["https://img.nehnutelnosti.sk/foto/NjAweDMzOC9maWx0ZXJzOnF1YWxpdHkoMTAwKS9uZWg=/5sMAE8p86_fss?st=zJ8esXicDI3BiQkq7IowiKhuDyoMeWFwjaa8pk23cYk&ts=1725225439&e=0"]},{"title":"MIKELSSEN - REZERVOVANÝ - Na predaj 3 izbový byt s loggiou neďaleko jazera Veľký Draždiak v Petržalk","address":"Lietavská, Bratislava V - Petržalka, okres Bratislava","rooms":3,"meters":69,"totalPrice":null,"meterSquarePrice":null,"link":"https://www.nehnutelnosti.sk/detail/JuVMTmSKyNt/mikelssen-rezervovany-na-predaj-3-izbovy-byt-s-loggiou-nedaleko-jazera-velky-drazdiak-v-petrzalk","imagesUrls":["https://img.nehnutelnosti.sk/foto/NjAweDMzOC9maWx0ZXJzOnF1YWxpdHkoMTAwKS9uZWg=/Sp9Ufhc3W_fss?st=oG9cW_8bqTiihlRN-CNLtiog5rc7vrh1vSBi8xdRuz8&ts=1725310167&e=0"]},{"title":"MIKELSSEN - Na predaj veľký 3 izbový byt v BLUMENTAL RESIDENCE v centre mesta","address":"Mýtna, Bratislava I - Staré Mesto, okres Bratislava","rooms":3,"meters":95,"totalPrice":599900,"meterSquarePrice":4,"link":"https://www.nehnutelnosti.sk/detail/Juk5o-5lfrJ/mikelssen-na-predaj-velky-3-izbovy-byt-v-blumental-residence-v-centre-mesta","imagesUrls":["https://img.nehnutelnosti.sk/foto/NjAweDMzOC9maWx0ZXJzOnF1YWxpdHkoMTAwKS9uZWg=/RR6yYaBaB_fss?st=sPh01cy3Zyp8xtIoMuBZC22mX7GfK3PxhgPJXwGtj28&ts=1723194882&e=0"]},{"title":"MIKELSSEN - Na predaj 2 izbový byt v projekte SKY PARK - 4. Veža","address":"Bottova, Bratislava I - Staré Mesto, okres Bratislava","rooms":2,"meters":54,"totalPrice":315000,"meterSquarePrice":3,"link":"https://www.nehnutelnosti.sk/detail/Jud6HEOVb32/mikelssen-na-predaj-2-izbovy-byt-v-projekte-sky-park-4-veza","imagesUrls":["https://img.nehnutelnosti.sk/foto/NjAweDMzOC9maWx0ZXJzOnF1YWxpdHkoMTAwKS9uZWg=/unJ_Tp54vf_fss?st=ZfKataTyLFk_2Z1O7DQ-CiW8Hq95u2IV03LnqTJugdA&ts=1725527085&e=0"]},{"title":"MIKELSSEN - Na predaj výnimočný 1,5 izbový byt s balkónom v prémiovej novostavbe BLUMENTAL","address":"Námestie Mateja Korvína, Bratislava I - Staré Mesto, okres Bratislava","rooms":1,"meters":37,"totalPrice":247000,"meterSquarePrice":8,"link":"https://www.nehnutelnosti.sk/detail/Ju0QHsEqQ4w/mikelssen-na-predaj-vynimocny-1-5-izbovy-byt-s-balkonom-v-premiovej-novostavbe-blumental","imagesUrls":["https://img.nehnutelnosti.sk/foto/NjAweDMzOC9maWx0ZXJzOnF1YWxpdHkoMTAwKS9uZWg=/fl2QQLWLAn_fss?st=UxcH1vt8l3Xd1J-wsSsah65Ui6WBYggksL9GXKOzQTc&ts=1719525763&e=0"]},{"title":"MIKELSSEN - Na predaj výnimočný 1,5 izbový byt s balkónom v prémiovej novostavbe BLUMENTAL","address":"Námestie Mateja Korvína, Bratislava I - Staré Mesto, okres Bratislava","rooms":2,"meters":37,"totalPrice":247000,"meterSquarePrice":8,"link":"https://www.nehnutelnosti.sk/detail/Jun6UXQbzYW/mikelssen-na-predaj-vynimocny-1-5-izbovy-byt-s-balkonom-v-premiovej-novostavbe-blumental","imagesUrls":["https://img.nehnutelnosti.sk/foto/NjAweDMzOC9maWx0ZXJzOnF1YWxpdHkoMTAwKS9uZWg=/TQnTIpCAs_fss?st=NyNXM6jmGa2MowU5UiYzex4LZX-VNmnBVIXTDc6e4uw&ts=1719525767&e=0"]},{"title":"MIKELSSEN - Na predaj priestranný 3 izbový byt s 2 lóggiami v Jarovciach","address":"Jantárová, Bratislava V - Jarovce, okres Bratislava","rooms":3,"meters":92,"totalPrice":270000,"meterSquarePrice":8,"link":"https://www.nehnutelnosti.sk/detail/JuZZDOCBCzy/mikelssen-na-predaj-priestranny-3-izbovy-byt-s-2-loggiami-v-jarovciach","imagesUrls":["https://img.nehnutelnosti.sk/foto/NjAweDMzOC9maWx0ZXJzOnF1YWxpdHkoMTAwKS9uZWg=/v1bJJ-Kyz_fss?st=6tV8jkK7JHwo74Qb7NFM_xF2JR0uk21Rt5PN0EprBYg&ts=1723648235&e=0"]},{"title":"4,5 IZB. BYT S BALKÓNOM A TERASOU V NOVOSTAVBE V RUŽINOVE.","address":"Hrachová, Bratislava II - Ružinov, okres Bratislava","rooms":4,"meters":130,"totalPrice":384900,"meterSquarePrice":7,"link":"https://www.nehnutelnosti.sk/detail/Juj4Oxz6D6_/4-5-izb-byt-s-balkonom-a-terasou-v-novostavbe-v-ruzinove","imagesUrls":["https://img.nehnutelnosti.sk/foto/NjAweDMzOC9maWx0ZXJzOnF1YWxpdHkoMTAwKS9uZWg=/yVRkZDTjK_fss?st=cyAnmq74zteRAIErkKv28mGR3aRKq3KTnEheys91bkw&ts=1726762790&e=0"]},{"title":"MIKELSSEN - Na predaj krásny 3 izbový mezonet v Krasňanoch pri Peknej Ceste","address":"Kadnárova, Bratislava III - Rača, okres Bratislava","rooms":null,"meters":89,"totalPrice":269900,"meterSquarePrice":8,"link":"https://www.nehnutelnosti.sk/detail/Juk00P6ihMa/mikelssen-na-predaj-krasny-3-izbovy-mezonet-v-krasnanoch-pri-peknej-ceste","imagesUrls":["https://img.nehnutelnosti.sk/foto/NjAweDMzOC9maWx0ZXJzOnF1YWxpdHkoMTAwKS9uZWg=/F6kMZLj1G_fss?st=FcL9ahSAl-aEonpMt8XbM6vIhUJghOX3ZFtyHvnenWw&ts=1726137392&e=0"]},{"title":"MIKELSSEN - Na predaj príjemný 2 izbový byt s balkónom v projekte Nobelova","address":"Nobelova, Bratislava III - Nové Mesto, okres Bratislava","rooms":2,"meters":53,"totalPrice":215000,"meterSquarePrice":0,"link":"https://www.nehnutelnosti.sk/detail/Ju8g_MB9WkD/mikelssen-na-predaj-prijemny-2-izbovy-byt-s-balkonom-v-projekte-nobelova","imagesUrls":["https://img.nehnutelnosti.sk/foto/NjAweDMzOC9maWx0ZXJzOnF1YWxpdHkoMTAwKS9uZWg=/xbogwfsIq_fss?st=hNBRjv6EWDvMFNKCxTMvR9tZOVHRQMggm9QPUfWIanw&ts=1725527088&e=0"]},{"title":"MIKELSSEN - Na predaj 3 izbový byt v projekte VYDRICA s výhľadom na Dunaj","address":"Nábrežie arm. gen. L. Svobodu, Bratislava I - Staré Mesto, okres Bratislava","rooms":3,"meters":94,"totalPrice":650000,"meterSquarePrice":1,"link":"https://www.nehnutelnosti.sk/detail/JuvLsd5S7HS/mikelssen-na-predaj-3-izbovy-byt-v-projekte-vydrica-s-vyhladom-na-dunaj","imagesUrls":["https://img.nehnutelnosti.sk/foto/NjAweDMzOC9maWx0ZXJzOnF1YWxpdHkoMTAwKS9uZWg=/X_53mYMax_fss?st=AHHT4GU6sVgyVFlRZwwb79UrMzD89vc8F-VOm4s90XY&ts=1723647155&e=0"]},{"title":"MIKELSSEN - Na predaj 1 izbový byt s balkónom v novom downtowne","address":"Bottova, Bratislava I - Staré Mesto, okres Bratislava","rooms":2,"meters":38,"totalPrice":275000,"meterSquarePrice":4,"link":"https://www.nehnutelnosti.sk/detail/JuSLpAVXZ49/mikelssen-na-predaj-1-izbovy-byt-s-balkonom-v-novom-downtowne","imagesUrls":["https://img.nehnutelnosti.sk/foto/NjAweDMzOC9maWx0ZXJzOnF1YWxpdHkoMTAwKS9uZWg=/M3s3YcrtD_fss?st=WBD-oVfwChFJRnQJjWi3B1_sS_AD4LK3qCLewkNv0l0&ts=1722426426&e=0"]},{"title":"MIKELSSEN - Na predaj 2 izbový byt s vysokými stropmi v zrekonštruovanom bytovom dome","address":"Legionárska, Bratislava I - Staré Mesto, okres Bratislava","rooms":2,"meters":68,"totalPrice":199990,"meterSquarePrice":3,"link":"https://www.nehnutelnosti.sk/detail/JuXL2ehYhwMl/mikelssen-na-predaj-2-izbovy-byt-s-vysokymi-stropmi-v-zrekonstruovanom-bytovom-dome","imagesUrls":["https://img.nehnutelnosti.sk/foto/NjAweDMzOC9maWx0ZXJzOnF1YWxpdHkoMTAwKS9uZWg=/eaPhRh5zG_fss?st=BsTbHX-8MMZ8i6-9bYmQhomvvNOlpQDQsGpRYHZpblw&ts=1721657654&e=0"]},{"title":"MIKELSSEN - Na predaj luxusný 4 izbový byt s 2 kúpeľňami a 2 šatníkmi na Hradnom kopci","address":"Slávičie údolie, Bratislava I - Staré Mesto, okres Bratislava","rooms":4,"meters":137,"totalPrice":850000,"meterSquarePrice":8,"link":"https://www.nehnutelnosti.sk/detail/JuFnCGi1T2L/mikelssen-na-predaj-luxusny-4-izbovy-byt-s-2-kupelnami-a-2-satnikmi-na-hradnom-kopci","imagesUrls":["https://img.nehnutelnosti.sk/foto/NjAweDMzOC9maWx0ZXJzOnF1YWxpdHkoMTAwKS9uZWg=/WMRF7SQWy_fss?st=Dtadve1SQ1DQKe_kTAub7uaZi4DpX2X64S9viwwpUAY&ts=1724343811&e=0"]},{"title":"1 izbový byt prerobený na 2 izbový, balkón, Chrenová","address":"Štiavnická, Nitra, okres Nitra","rooms":2,"meters":48,"totalPrice":140000,"meterSquarePrice":7,"link":"https://www.nehnutelnosti.sk/detail/JuCA5yH_F2I/1-izbovy-byt-prerobeny-na-2-izbovy-balkon-chrenova","imagesUrls":["https://img.nehnutelnosti.sk/foto/NjAweDMzOC9maWx0ZXJzOnF1YWxpdHkoMTAwKS9uZWg=/EcgnWkoAM8_fss?st=093b-6HEOspG3thgPne94j--RcDvVtURUSGRLPKiI_g&ts=1726820422&e=0"]},{"title":"Znížená cena! Veľký, zrekonštruovaný 3- izbový byt v Stupave, Štúrova ulica s jedným parkovacím mies","address":"Štúrova, Stupava, okres Malacky","rooms":3,"meters":73,"totalPrice":176000,"meterSquarePrice":3,"link":"https://www.nehnutelnosti.sk/detail/Ju4P3tq7Dkn/znizena-cena-velky-zrekonstruovany-3-izbovy-byt-v-stupave-sturova-ulica-s-jednym-parkovacim-mies","imagesUrls":["https://img.nehnutelnosti.sk/foto/NjAweDMzOC9maWx0ZXJzOnF1YWxpdHkoMTAwKS9uZWg=/3WyttMPCl_fss?st=dnPukJGKxVsIx_hlRzH54eKOF2gGFA8qO18HoGUm3mg&ts=1726575772&e=0"]},{"title":"Exkluzívny apartmán pod Tatrami s veľkou terasou","address":"Tatranská, Veľká Lomnica, okres Kežmarok","rooms":2,"meters":61,"totalPrice":282500,"meterSquarePrice":5,"link":"https://www.nehnutelnosti.sk/detail/Jujs2_Nz6K7/exkluzivny-apartman-pod-tatrami-s-velkou-terasou","imagesUrls":["https://img.unitedclassifieds.sk/foto/NjAweDMzOC9maWx0ZXJzOnF1YWxpdHkoMTAwKS9yc2Y=/6wQw-hlBi_fss?st=dALTnNSZT5xmme6b4aV6g0QSnQ6_xiyxbVj10lR-d4Q&ts=1699858980&e=0"]},{"title":"Horné Orešany, Majdán - ponúkame na predaj veľký 1 izbový byt  exkluzívne iba v Kaldoreal !!!","address":"Majdán, Horné Orešany, okres Trnava","rooms":1,"meters":39,"totalPrice":53000,"meterSquarePrice":7,"link":"https://www.nehnutelnosti.sk/detail/JugRdw7JyCL/horne-oresany-majdan-ponukame-na-predaj-velky-1-izbovy-byt-exkluzivne-iba-v-kaldoreal","imagesUrls":["https://img.nehnutelnosti.sk/foto/NjAweDMzOC9maWx0ZXJzOnF1YWxpdHkoMTAwKS9uZWg=/MsELx9pU1_fss?st=z65DlgL5Rgi8wKo8rPQP_vvg5Gtf7OrwZPKz9hGCIi8&ts=1676540002&e=0"]},{"title":"LUXUSNÝ JEDNOSPÁLŇOVÝ HORSKÝ APARTMÁN V JASNEJ","address":"Lúčky, Demänovská Dolina, okres Liptovský Mikuláš","rooms":null,"meters":41,"totalPrice":260000,"meterSquarePrice":0,"link":"https://www.nehnutelnosti.sk/detail/JuCKue9JeLl/luxusny-jednospalnovy-horsky-apartman-v-jasnej","imagesUrls":["https://img.nehnutelnosti.sk/foto/NjAweDMzOC9maWx0ZXJzOnF1YWxpdHkoMTAwKS9uZWg=/U6fnCjkNM_fss?st=FxpXoN1bo1BayLqaqBMTPE9vCkVFme0CuywvcV7hRq4&ts=1719235158&e=0"]},{"title":"Zrekonštruovný 3 izbový byt na Sídlisku pod Sokolejom na predaj","address":"Humenné, okres Humenné","rooms":3,"meters":73,"totalPrice":89500,"meterSquarePrice":3,"link":"https://www.nehnutelnosti.sk/detail/JuW6MkeZjQm/zrekonstruovny-3-izbovy-byt-na-sidlisku-pod-sokolejom-na-predaj","imagesUrls":["https://img.nehnutelnosti.sk/foto/NjAweDMzOC9maWx0ZXJzOnF1YWxpdHkoMTAwKS9uZWg=/YgRAiYOf9_fss?st=VpDmp8PGc6K4quWQNK5lqhHwl6O6tTnH2IJZ1vsxMfc&ts=1719308786&e=0"]},{"title":"Smolenice-predaj 2 izbový byt.","address":"Smolenice, okres Trnava","rooms":2,"meters":56,"totalPrice":119900,"meterSquarePrice":8,"link":"https://www.nehnutelnosti.sk/detail/JuL78wNRvSW/smolenice-predaj-2-izbovy-byt","imagesUrls":["https://img.nehnutelnosti.sk/foto/NjAweDMzOC9maWx0ZXJzOnF1YWxpdHkoMTAwKS9uZWg=/X2SiCIWdVX_fss?st=zv0eRs1PMgR0fJl0N1hWEyH2xmmHO5wCs3FPifOtWVs&ts=1723461410&e=0"]},{"title":"Vlčkovce -  Pekný 1-izbový byt v novostavbe na predaj  !!!!","address":"Vlčkovce, Vlčkovce, okres Trnava","rooms":1,"meters":33,"totalPrice":75500,"meterSquarePrice":8,"link":"https://www.nehnutelnosti.sk/detail/JuAHNwcCn9j/vlckovce-pekny-1-izbovy-byt-v-novostavbe-na-predaj","imagesUrls":["https://img.nehnutelnosti.sk/foto/NjAweDMzOC9maWx0ZXJzOnF1YWxpdHkoMTAwKS9uZWg=/3cy1C5aYV_fss?st=AZGIUyAa1QD2luVRc1fyFBPjsJCPqYqtniZEEkl95GQ&ts=1717787114&e=0"]},{"title":"Trnava - predaj 3 izbový byt na ulici G.Dusíka Exkluzívne iba v Kaldoreal !!!","address":"G.Dusíka, Trnava, okres Trnava","rooms":3,"meters":65,"totalPrice":138000,"meterSquarePrice":8,"link":"https://www.nehnutelnosti.sk/detail/Ju6zMqz849K/trnava-predaj-3-izbovy-byt-na-ulici-g-dusika-exkluzivne-iba-v-kaldoreal","imagesUrls":["https://img.nehnutelnosti.sk/foto/NjAweDMzOC9maWx0ZXJzOnF1YWxpdHkoMTAwKS9uZWg=/X6NwGX1Kq_fss?st=86N_i3XedjkGIXPdZUApF_JLYTHNIPffLlrJqFlXhX8&ts=1716705746&e=0"]},{"title":"Kompletne zariadený 3i byt v Stropkove","address":"Krátka 1653/5, Stropkov, okres Stropkov","rooms":3,"meters":79,"totalPrice":110000,"meterSquarePrice":9,"link":"https://www.nehnutelnosti.sk/detail/JuW29qAyYLF/kompletne-zariadeny-3i-byt-v-stropkove","imagesUrls":["https://img.nehnutelnosti.sk/foto/NjAweDMzOC9maWx0ZXJzOnF1YWxpdHkoMTAwKS9uZWg=/t7CyhrZ1T_fss?st=3jdcyEBFrFQ20PVBHtxkkIoAtYgrdQ1sucPCNJpaLhk&ts=1722849206&e=0"]},{"title":"Radovan VARGA ponúka  na najvyššom poschodí byt na rekonštrukciu","address":"Svätoplukova, Pezinok, okres Pezinok","rooms":1,"meters":33,"totalPrice":99000,"meterSquarePrice":0,"link":"https://www.nehnutelnosti.sk/detail/JuVAYhkj658/radovan-varga-ponuka-na-najvyssom-poschodi-byt-na-rekonstrukciu","imagesUrls":["https://img.nehnutelnosti.sk/foto/NjAweDMzOC9maWx0ZXJzOnF1YWxpdHkoMTAwKS9uZWg=/ktiv3K_Nfn_fss?st=zUWJMBcuuYuexgjH39SV5td5fsaXmYU_mUGqQYXND4I&ts=1727020516&e=0"]},{"title":"Priestranný 3 i byt 90 m2 + loggia s výhľadom na Košice, Borievková","address":"Borievková, Košice IV - Vyšné Opátske, okres Košice","rooms":3,"meters":90,"totalPrice":330000,"meterSquarePrice":7,"link":"https://www.nehnutelnosti.sk/detail/Jum1XMq5xx5/priestranny-3-i-byt-90-m2-loggia-s-vyhladom-na-kosice-borievkova","imagesUrls":["https://img.unitedclassifieds.sk/foto/NjAweDMzOC9maWx0ZXJzOnF1YWxpdHkoMTAwKS9qdWw=/EWa6rNFgR_fss?st=Z3ipOdlhfwHrBOD-n_ycmOJaLMLFC7zBfDACkcgu1U4&ts=1726325464&e=0"]},{"title":"Luxusný 3 izbový byt Amurská - jazero","address":"Amurská, Košice IV - Nad jazerom, okres Košice","rooms":3,"meters":65,"totalPrice":209980,"meterSquarePrice":6,"link":"https://www.nehnutelnosti.sk/detail/JuKKfvP_E06/luxusny-3-izbovy-byt-amurska-jazero","imagesUrls":["https://img.unitedclassifieds.sk/foto/NjAweDMzOC9maWx0ZXJzOnF1YWxpdHkoMTAwKS9yc2Y=/mbp-ukrXO_fss?st=_mEBVDbYJMU4RRzLuVuqra_1N5VCIKUpKsYTBuY1LKM&ts=1722350092&e=0"]}]