[{"title":"Predaj zrekonštruovaného 3 izbového bytu","address":"Šupkova, Podbrezová, okres Brezno","rooms":3,"meters":65,"totalPrice":94990,"meterSquarePrice":8,"link":"https://www.nehnutelnosti.sk/detail/Ju776gBhntY/predaj-zrekonstruovaneho-3-izboveho-bytu","imagesUrls":["https://img.nehnutelnosti.sk/foto/NjAweDMzOC9maWx0ZXJzOnF1YWxpdHkoMTAwKS9uZWg=/bNS7GXE82_fss?st=8Zq9kshK3EYPtmYemYENiU_xitDJACmgX2mxkMFYV2U&ts=1718205506&e=0"]},{"title":"Predaj 3 izbového bytu Holíč","address":"Holíč, okres Skalica","rooms":3,"meters":70,"totalPrice":108000,"meterSquarePrice":6,"link":"https://www.nehnutelnosti.sk/detail/JuUDPJ4XYpi/predaj-3-izboveho-bytu-holic","imagesUrls":["https://img.nehnutelnosti.sk/foto/NjAweDMzOC9maWx0ZXJzOnF1YWxpdHkoMTAwKS9uZWg=/ZVi2QEoM_w_fss?st=2kdUv3nr-pDi1DaZd27mRXa9qkAsRKEXPOhFnSzs35Q&ts=1718212702&e=0"]},{"title":"Luxusný apartmán v komplexe LUXURY APARTMENS PANORAMA na Donovaloch","address":"Nevyplnená, Donovaly, okres Banská Bystrica","rooms":2,"meters":64,"totalPrice":255000,"meterSquarePrice":8,"link":"https://www.nehnutelnosti.sk/detail/JuIfKyhZ7sJ/luxusny-apartman-v-komplexe-luxury-apartmens-panorama-na-donovaloch","imagesUrls":["https://img.nehnutelnosti.sk/foto/NjAweDMzOC9maWx0ZXJzOnF1YWxpdHkoMTAwKS9uZWg=/i_XMhCjiwC_fss?st=GjNc2yajsDiJnlW4WvUOK_G4z7T1Zpe6X0ZW1WPfVF4&ts=1718596446&e=0"]},{"title":"KOLAUDÁCIA II. etapy! Predaj: 3 izbový byt, Dunajská Streda, Poľná cesta, 85 m2, 2 parkoviská","address":"Poľná, Dunajská Streda, okres Dunajská Streda","rooms":3,"meters":85,"totalPrice":146100,"meterSquarePrice":2,"link":"https://www.nehnutelnosti.sk/detail/JuANfxMtw21/kolaudacia-ii-etapy-predaj-3-izbovy-byt-dunajska-streda-polna-cesta-85-m2-2-parkoviska","imagesUrls":["https://img.nehnutelnosti.sk/foto/NjAweDMzOC9maWx0ZXJzOnF1YWxpdHkoMTAwKS9uZWg=/owv_3WJ9i_fss?st=qcmK9Cl3EJmbimfPO8dpgfO9LZ2Ba4O_5SYj68MfOoY&ts=1718044254&e=0"]},{"title":"Na predaj: 2i veľkometrážny byt v širšom centre mesta Dunajská Streda","address":"Nevyplnená, Dunajská Streda, okres Dunajská Streda","rooms":2,"meters":70,"totalPrice":94000,"meterSquarePrice":6,"link":"https://www.nehnutelnosti.sk/detail/JumiAR3lS96/na-predaj-2i-velkometrazny-byt-v-sirsom-centre-mesta-dunajska-streda","imagesUrls":["https://img.nehnutelnosti.sk/foto/NjAweDMzOC9maWx0ZXJzOnF1YWxpdHkoMTAwKS9uZWg=/RC8pW6nK5_fss?st=PKKJ6a7yKVranUBGeaFgTsqRyyKywpvhh-7GDqTOpmY&ts=1718116428&e=0"]},{"title":"2 izbový veľkometrážny byt v Petržalke na predaj","address":"Dubnická, Bratislava V - Petržalka, okres Bratislava","rooms":2,"meters":70,"totalPrice":209000,"meterSquarePrice":1,"link":"https://www.nehnutelnosti.sk/detail/Jus6Ve18-dy/2-izbovy-velkometrazny-byt-v-petrzalke-na-predaj","imagesUrls":["https://img.nehnutelnosti.sk/foto/NjAweDMzOC9maWx0ZXJzOnF1YWxpdHkoMTAwKS9uZWg=/Ah0Q8vN4m_fss?st=2J5RscK9OFk9OS0dFm_5xF2SJ6iRrQSo7Vmdn7Z0eHc&ts=1718090673&e=0"]},{"title":"NA PREDAJ: 3IZBOVÝ BYT, KOMPLETNÁ REKONŠTRUKCIA, ZLATÉ KLASY","address":"Nevyplnená, Zlaté Klasy, okres Dunajská Streda","rooms":3,"meters":66,"totalPrice":124000,"meterSquarePrice":9,"link":"https://www.nehnutelnosti.sk/detail/Juk6mPmsw0l/na-predaj-3izbovy-byt-kompletna-rekonstrukcia-zlate-klasy","imagesUrls":["https://img.nehnutelnosti.sk/foto/NjAweDMzOC9maWx0ZXJzOnF1YWxpdHkoMTAwKS9uZWg=/Ykxls2OHrf_fss?st=pLS3SryRzwidksTnX9VV71jI8hHiFBI3vJwikOnRx9E&ts=1718081333&e=0"]},{"title":"✅ Najvýhodnejší 1-izbový byt v tehlovej stavbe 48m2 s možnosťou prerobenia na 2i - Rača","address":"Pri Šajbách, Bratislava III - Rača, okres Bratislava","rooms":2,"meters":48,"totalPrice":118000,"meterSquarePrice":3,"link":"https://www.nehnutelnosti.sk/detail/Ju-UipV2PNY/najvyhodnejsi-1-izbovy-byt-v-tehlovej-stavbe-48m2-s-moznostou-prerobenia-na-2i-raca","imagesUrls":["https://img.nehnutelnosti.sk/foto/NjAweDMzOC9maWx0ZXJzOnF1YWxpdHkoMTAwKS9uZWg=/maEYD8muC1_fss?st=JT5TpGgb341wMxd1xhoctAIfzvMHpC56601eO4jZkY4&ts=1718025501&e=0"]},{"title":"✅ Najvýhodnejší 1-izbový byt v tehlovej stavbe 48m2 s možnosťou prerobenia na 2i - Rača","address":"Pri Šajbách, Bratislava III - Rača, okres Bratislava","rooms":1,"meters":48,"totalPrice":118000,"meterSquarePrice":3,"link":"https://www.nehnutelnosti.sk/detail/JueYB_sq6-p/najvyhodnejsi-1-izbovy-byt-v-tehlovej-stavbe-48m2-s-moznostou-prerobenia-na-2i-raca","imagesUrls":["https://img.nehnutelnosti.sk/foto/NjAweDMzOC9maWx0ZXJzOnF1YWxpdHkoMTAwKS9uZWg=/wzWIMk4uq_fss?st=OraqTFWrrcox1eSasPK3RfHNHSvLWnxDK7CYI7QRna4&ts=1717955364&e=0"]},{"title":"Slnečný 3 izbový byt, 69m2, čiast. zrekonštruovaný, pri Nemocnici, Michalovce","address":"J. Murgaša, Michalovce, okres Michalovce","rooms":3,"meters":69,"totalPrice":94900,"meterSquarePrice":6,"link":"https://www.nehnutelnosti.sk/detail/JucOAD9evFH/slnecny-3-izbovy-byt-69m2-ciast-zrekonstruovany-pri-nemocnici-michalovce","imagesUrls":["https://img.nehnutelnosti.sk/foto/NjAweDMzOC9maWx0ZXJzOnF1YWxpdHkoMTAwKS9uZWg=/TIx8PJTTW_fss?st=Q0_u4MaijjGyhZf3-6bFnLXDHdTHmTamHeGk_Ye0NmQ&ts=1717604806&e=0"]},{"title":"Predaj 3 izbového bytu v Dunajskej Strede, Gradus Residence 82,1 m2, novostavba, parkovacie státie","address":"Galantská cesta, Dunajská Streda, okres Dunajská Streda","rooms":3,"meters":82,"totalPrice":222000,"meterSquarePrice":2,"link":"https://www.nehnutelnosti.sk/detail/JunCkMaFI2u/predaj-3-izboveho-bytu-v-dunajskej-strede-gradus-residence-82-1-m2-novostavba-parkovacie-statie","imagesUrls":["https://img.nehnutelnosti.sk/foto/NjAweDMzOC9maWx0ZXJzOnF1YWxpdHkoMTAwKS9uZWg=/0buzZ-L9DA_fss?st=oRRdayocGqVyCKeSuLWKKcQnWq_a50c_Y2Uv5YnCRmM&ts=1724762845&e=0"]},{"title":"3-izbový byt na Námestí SNP (140m)","address":"Námestie SNP, Bratislava I - Staré Mesto, okres Bratislava","rooms":3,"meters":140,"totalPrice":514900,"meterSquarePrice":6,"link":"https://www.nehnutelnosti.sk/detail/JuuvJNUMdzn/3-izbovy-byt-na-namesti-snp-140m","imagesUrls":["https://img.nehnutelnosti.sk/foto/NjAweDMzOC9maWx0ZXJzOnF1YWxpdHkoMTAwKS9uZWg=/qaGtF9ChED_fss?st=LflxVRXnUN3JT5fA9gxnz0Ex3NAIZNFOr4ulpzoDrxg&ts=1721236720&e=0"]},{"title":"3-izb. byt na predaj Štúrova ulica, Nitra","address":"Štúrova, Nitra, okres Nitra","rooms":3,"meters":97,"totalPrice":157000,"meterSquarePrice":6,"link":"https://www.nehnutelnosti.sk/detail/JuR0b8W4R56/3-izb-byt-na-predaj-sturova-ulica-nitra","imagesUrls":["https://img.nehnutelnosti.sk/foto/NjAweDMzOC9maWx0ZXJzOnF1YWxpdHkoMTAwKS9uZWg=/9jqkMc9w1_fss?st=HCO_Y9PrV7-V2GaT9ZQnLL9mEbUrv6cIzFwPNTkPU-Y&ts=1725618472&e=0"]},{"title":"**REZERVOVANÉ** PREDAJ, 2-izbový byt, 53m2, Štôla, Vysoké Tatry,","address":"Nevyplnená, Štôla, okres Poprad","rooms":2,"meters":60,"totalPrice":null,"meterSquarePrice":null,"link":"https://www.nehnutelnosti.sk/detail/JuUcz-wFWj_/rezervovane-predaj-2-izbovy-byt-53m2-stola-vysoke-tatry","imagesUrls":["https://img.nehnutelnosti.sk/foto/NjAweDMzOC9maWx0ZXJzOnF1YWxpdHkoMTAwKS9uZWg=/qVn-gp7aW_fss?st=NF1hBovwKNCdTqvjNyvOXD9FTU8n1LTkeG0MWhknvUc&ts=1724085680&e=0"]},{"title":"Na predaj 3-izb.byt s vlastným plynovým kúrením, klímou a dvorom","address":"Nevyplnená, Kuchyňa, okres Malacky","rooms":3,"meters":79,"totalPrice":124500,"meterSquarePrice":5,"link":"https://www.nehnutelnosti.sk/detail/Ju_qDhUzh-u/na-predaj-3-izb-byt-s-vlastnym-plynovym-kurenim-klimou-a-dvorom","imagesUrls":["https://img.nehnutelnosti.sk/foto/NjAweDMzOC9maWx0ZXJzOnF1YWxpdHkoMTAwKS9uZWg=/aalOoSgkF_fss?st=orf_TUqsGcrOfOGdO586-iH4miwJeEDgux92ZUqUO2M&ts=1722207507&e=0"]},{"title":"Na predaj 4-izbový byt s pivnicou, garážou a záhradou","address":"Nevyplnená, Suchohrad, okres Malacky","rooms":4,"meters":82,"totalPrice":110000,"meterSquarePrice":6,"link":"https://www.nehnutelnosti.sk/detail/JuXztyH5fvP/na-predaj-4-izbovy-byt-s-pivnicou-garazou-a-zahradou","imagesUrls":["https://img.nehnutelnosti.sk/foto/NjAweDMzOC9maWx0ZXJzOnF1YWxpdHkoMTAwKS9uZWg=/OSUqkbzPf-_fss?st=YL4KTpwTlbBRZVxxocQ5Yb7MXhTH22DAkTDRlVp2-TI&ts=1717593187&e=0"]},{"title":"Tilia Resort - 2 izb. Apartmán typ A 65,10 m2","address":"Nevyplnená, Dolný Kubín, okres Dolný Kubín","rooms":2,"meters":65,"totalPrice":142146,"meterSquarePrice":6,"link":"https://www.nehnutelnosti.sk/detail/Juw4TCaHeK8/tilia-resort-2-izb-apartman-typ-a-65-10-m2","imagesUrls":["https://img.nehnutelnosti.sk/foto/NjAweDMzOC9maWx0ZXJzOnF1YWxpdHkoMTAwKS9uZWg=/N8FCgg2U4_fss?st=Ql3O1Bo65z2UJJ5_23lh_eJTynSb8hUuv7SLvaoCK4I&ts=1723603909&e=0"]},{"title":"Investičný 2 izb. Apartmán typ C 45,21 m2, garantovaný výnos 5%","address":"Nevyplnená, Dolný Kubín, okres Dolný Kubín","rooms":2,"meters":45,"totalPrice":107133,"meterSquarePrice":3,"link":"https://www.nehnutelnosti.sk/detail/JuHzb3CR5vX/investicny-2-izb-apartman-typ-c-45-21-m2-garantovany-vynos-5","imagesUrls":["https://img.nehnutelnosti.sk/foto/NjAweDMzOC9maWx0ZXJzOnF1YWxpdHkoMTAwKS9uZWg=/Fs_IHm_HA_fss?st=r01QbE7GzZM_Io3iStxLMLPbQmSF0DOYavSG6FGD_WQ&ts=1725083413&e=0"]},{"title":"PREDAJ: 2-izb.byt, 60m2, GEMERSKÁ ul. – Ružinov/Nivy - BA II, ZARIADENÝ","address":"Gemerská, Bratislava II - Ružinov, okres Bratislava","rooms":2,"meters":60,"totalPrice":239900,"meterSquarePrice":3,"link":"https://www.nehnutelnosti.sk/detail/JuXIVMSblIH/predaj-2-izb-byt-60m2-gemerska-ul-ruzinov-nivy-ba-ii-zariadeny","imagesUrls":["https://img.nehnutelnosti.sk/foto/NjAweDMzOC9maWx0ZXJzOnF1YWxpdHkoMTAwKS9uZWg=/e8-kduRQFv_fss?st=ZOVFCVN6SkdenD8L6h5zkGv3cqhfzg4dieVf1zeM2yQ&ts=1717593125&e=0"]},{"title":"✅ 3-izbový byt v skvelej časti Ružinova vo vnútrobloku vedľa RETRA","address":"Rumančeková, Bratislava II - Ružinov, okres Bratislava","rooms":3,"meters":68,"totalPrice":205000,"meterSquarePrice":1,"link":"https://www.nehnutelnosti.sk/detail/JuZYz3N3KQQ/3-izbovy-byt-v-skvelej-casti-ruzinova-vo-vnutrobloku-vedla-retra","imagesUrls":["https://img.nehnutelnosti.sk/foto/NjAweDMzOC9maWx0ZXJzOnF1YWxpdHkoMTAwKS9uZWg=/_natnJRWiy_fss?st=70wML5xJx13VpW4ety9Hx_b0nWMN2LuJSLbGt85qhFE&ts=1718364085&e=0"]},{"title":"REZERVOVANÉ! Krásny a veľký 3i byt s jednoduchou možnosťou zmeny na 4i, komplet.rekonštrukcia","address":"Majerníkova, Bratislava IV - Karlova Ves, okres Bratislava","rooms":3,"meters":79,"totalPrice":224900,"meterSquarePrice":4,"link":"https://www.nehnutelnosti.sk/detail/Juh3bu6i2kK/rezervovane-krasny-a-velky-3i-byt-s-jednoduchou-moznostou-zmeny-na-4i-komplet-rekonstrukcia","imagesUrls":["https://img.nehnutelnosti.sk/foto/NjAweDMzOC9maWx0ZXJzOnF1YWxpdHkoMTAwKS9uZWg=/4Aydi3W1Q_fss?st=sYZlyrlN_ubK152UqMe9mOMh2a4ZZPLPetuRZvYCUfg&ts=1720254116&e=0"]},{"title":"PREDAJ - 3 izbový byt - ul.SNP, Nové Mesto nad Váhom","address":"Nové Mesto nad Váhom, okres Nové Mesto nad Váhom","rooms":3,"meters":87,"totalPrice":164900,"meterSquarePrice":0,"link":"https://www.nehnutelnosti.sk/detail/Ju-LaLXvbwq/predaj-3-izbovy-byt-ul-snp-nove-mesto-nad-vahom","imagesUrls":["https://img.nehnutelnosti.sk/foto/NjAweDMzOC9maWx0ZXJzOnF1YWxpdHkoMTAwKS9uZWg=/PSyCwvyiPe_fss?st=gx3m8I5SJlbFoGfcUmS8Xqf4sj9Prt15GD-DWwrl8a0&ts=1717592974&e=0"]},{"title":"Tilia Resort - 2 izb. Apartmán typ B 46,79 m2","address":"Nevyplnená, Dolný Kubín, okres Dolný Kubín","rooms":2,"meters":47,"totalPrice":120604,"meterSquarePrice":4,"link":"https://www.nehnutelnosti.sk/detail/JuJIu4YlEDu/tilia-resort-2-izb-apartman-typ-b-46-79-m2","imagesUrls":["https://img.nehnutelnosti.sk/foto/NjAweDMzOC9maWx0ZXJzOnF1YWxpdHkoMTAwKS9uZWg=/HCMD3DC-zy_fss?st=m5JiNL0YTioq8MeO4CYeA3lBN-BT28WNm9N6G9V4wL4&ts=1726045774&e=0"]},{"title":"PREDAJ_PRIESTRANNÉHO_3_IZBOVÉHO_BYTU_S_LOGGIOU_ŠAMORÍN","address":"Čilistovská cesta, Šamorín, okres Dunajská Streda","rooms":3,"meters":66,"totalPrice":138000,"meterSquarePrice":1,"link":"https://www.nehnutelnosti.sk/detail/JuhyFFVBBbK/predaj-priestranneho-3-izboveho-bytu-s-loggiou-samorin","imagesUrls":["https://img.nehnutelnosti.sk/foto/NjAweDMzOC9maWx0ZXJzOnF1YWxpdHkoMTAwKS9uZWg=/c4odMK5C__fss?st=8mTpwhSKXkZ5N_vQ4B_G0CvNbySH_02i6dEumOtnQ7A&ts=1721380975&e=0"]},{"title":"Veľký dvojizbový byt vo Fiľakove . Znížená cena !!!","address":"Parková, Fiľakovo, okres Lučenec","rooms":2,"meters":62,"totalPrice":null,"meterSquarePrice":null,"link":"https://www.nehnutelnosti.sk/detail/Juv5OgMtSte/velky-dvojizbovy-byt-vo-filakove-znizena-cena","imagesUrls":["https://img.nehnutelnosti.sk/foto/NjAweDMzOC9maWx0ZXJzOnF1YWxpdHkoMTAwKS9uZWg=/LR-QjZbmF_fss?st=bLy47PwoeJICmSwELuFWPGQviJd9RF3nk2d8rYYP9TE&ts=1719027565&e=0"]},{"title":"2 izbový slnečný byt pri Štrkovci na predaj","address":"Komárnická, Bratislava II - Ružinov, okres Bratislava","rooms":2,"meters":48,"totalPrice":173000,"meterSquarePrice":7,"link":"https://www.nehnutelnosti.sk/detail/JuZxhYv6Tnk/2-izbovy-slnecny-byt-pri-strkovci-na-predaj","imagesUrls":["https://img.nehnutelnosti.sk/foto/NjAweDMzOC9maWx0ZXJzOnF1YWxpdHkoMTAwKS9uZWg=/VF7XI_dfE_fss?st=is4FrUVDkdYODwzIy726m9hBcrh1ygNoOr5RZ1JJtyM&ts=1726503492&e=0"]},{"title":"PREDAJ 1izbový byt v objekte MIKO + parkovacie miesto","address":"Mikovíniho, Trnava, okres Trnava","rooms":1,"meters":28,"totalPrice":119000,"meterSquarePrice":0,"link":"https://www.nehnutelnosti.sk/detail/Juma5ccth0j/predaj-1izbovy-byt-v-objekte-miko-parkovacie-miesto","imagesUrls":["https://img.nehnutelnosti.sk/foto/NjAweDMzOC9maWx0ZXJzOnF1YWxpdHkoMTAwKS9uZWg=/F12GV-7GT_fss?st=VTvVQVMtO05s5ve74irs7Rwkj7vtHTk3nYCPNhhgtLw&ts=1719413161&e=0"]},{"title":"R E Z E R V O V A N Ý.  Na predaj 3 izbový byt v pôvodnom stave na Belinského v Petržalke","address":"Belinského, Bratislava V - Petržalka, okres Bratislava","rooms":3,"meters":69,"totalPrice":192500,"meterSquarePrice":6,"link":"https://www.nehnutelnosti.sk/detail/Ju5GiCf7lXH/r-e-z-e-r-v-o-v-a-n-y-na-predaj-3-izbovy-byt-v-povodnom-stave-na-belinskeho-v-petrzalke","imagesUrls":["https://img.nehnutelnosti.sk/foto/NjAweDMzOC9maWx0ZXJzOnF1YWxpdHkoMTAwKS9uZWg=/xd5DAgZkqF_fss?st=ptb0ZVpgHkKqgmkEvd2VGcqv-C9lvFF2DfGJfap5NYw&ts=1719977003&e=0"]},{"title":"Na predaj 3 izbový byt 65 m2, lodžia 4 m2, čiastočná obnova, Veľký Meder","address":"Sídlisko M. Corvina, Veľký Meder, okres Dunajská Streda","rooms":3,"meters":65,"totalPrice":89000,"meterSquarePrice":3,"link":"https://www.nehnutelnosti.sk/detail/Ju0UKevkc7N/na-predaj-3-izbovy-byt-65-m2-lodzia-4-m2-ciastocna-obnova-velky-meder","imagesUrls":["https://img.nehnutelnosti.sk/foto/NjAweDMzOC9maWx0ZXJzOnF1YWxpdHkoMTAwKS9uZWg=/ZAbNlBD0ta_fss?st=G7856n67VoJ43zs73sKqFB2SxtlnAHl0LkN4bCEV5P8&ts=1717843089&e=0"]},{"title":"VÝNIMOČNÁ PONUKA - Na predaj 3-izbový byt Bratislava - Nové Mesto","address":"Tomášikova, Bratislava III - Nové Mesto, okres Bratislava","rooms":3,"meters":83,"totalPrice":297000,"meterSquarePrice":1,"link":"https://www.nehnutelnosti.sk/detail/JuGSgmABcjV/vynimocna-ponuka-na-predaj-3-izbovy-byt-bratislava-nove-mesto","imagesUrls":["https://img.nehnutelnosti.sk/foto/NjAweDMzOC9maWx0ZXJzOnF1YWxpdHkoMTAwKS9uZWg=/FXsTsSn8Z_fss?st=gL8_AaEwkr6bO6xHaxV6qvaP39f-HS7ZNQ2-0ssU3rY&ts=1721098436&e=0"]}]