[{"title":"3-izbový byt na predaj, Vrútky (3D obhliadka)","address":"Vrútky, okres Martin","rooms":3,"meters":79,"totalPrice":170000,"meterSquarePrice":6,"link":"https://www.nehnutelnosti.sk/detail/Ju7Z8mWqBsl/3-izbovy-byt-na-predaj-vrutky-3d-obhliadka","imagesUrls":["https://img.nehnutelnosti.sk/foto/NjAweDMzOC9maWx0ZXJzOnF1YWxpdHkoMTAwKS9uZWg=/CWDdv1t8c_fss?st=qKBnJ6abxpEJtpVamJTzUPbISpg3FFLDJiHkh2MbRKc&ts=1690996543&e=0"]},{"title":"3-izbový byt na predaj, Vrútky (3D obhliadka)","address":"Vrútky, okres Martin","rooms":3,"meters":73,"totalPrice":170000,"meterSquarePrice":2,"link":"https://www.nehnutelnosti.sk/detail/Ju3xefstb4V/3-izbovy-byt-na-predaj-vrutky-3d-obhliadka","imagesUrls":["https://img.nehnutelnosti.sk/foto/NjAweDMzOC9maWx0ZXJzOnF1YWxpdHkoMTAwKS9uZWg=/sRCshQs_B_fss?st=ovMsDOKcOaJSdeERMwb422Wh3zdU_wUIgleSlXoNo-o&ts=1690996550&e=0"]},{"title":"3-izbový byt na predaj, Vrútky (3D obhliadka)","address":"Vrútky, okres Martin","rooms":3,"meters":113,"totalPrice":210000,"meterSquarePrice":1,"link":"https://www.nehnutelnosti.sk/detail/JuO1odA9qKO/3-izbovy-byt-na-predaj-vrutky-3d-obhliadka","imagesUrls":["https://img.nehnutelnosti.sk/foto/NjAweDMzOC9maWx0ZXJzOnF1YWxpdHkoMTAwKS9uZWg=/y-T8FlEOS_fss?st=eN87Tp_xIv49GRb6VCTOj1PTtQo9gCdoOh9Yk_VgRmw&ts=1689609636&e=0"]},{"title":"3-izbový byt na predaj, Vrútky","address":"Vrútky, okres Martin","rooms":3,"meters":79,"totalPrice":170000,"meterSquarePrice":6,"link":"https://www.nehnutelnosti.sk/detail/JuUMAVEMTPU/3-izbovy-byt-na-predaj-vrutky","imagesUrls":["https://img.nehnutelnosti.sk/foto/NjAweDMzOC9maWx0ZXJzOnF1YWxpdHkoMTAwKS9uZWg=/MizU5FzPK_fss?st=DUflWrBVactFFzgZDWnLvKORPcZ8xmK4XniY9JWwafw&ts=1694441740&e=0"]},{"title":"1-izbový byt na predaj, Vrútky","address":"Vrútky, okres Martin","rooms":1,"meters":36,"totalPrice":68000,"meterSquarePrice":9,"link":"https://www.nehnutelnosti.sk/detail/Jup2GrM9UAJ/1-izbovy-byt-na-predaj-vrutky","imagesUrls":["https://img.nehnutelnosti.sk/foto/NjAweDMzOC9maWx0ZXJzOnF1YWxpdHkoMTAwKS9uZWg=/ihmoFBhzj_fss?st=aCGFZv_H-D1TNhszi-yPuybXOXVyPKXpGD8QnnX7HvE&ts=1689859049&e=0"]},{"title":"ZNÍŽENÁ CENA 2 - izbového bytu v krásnom prostredí Malých Tatier, Ružomberok","address":"Malé Tatry, Ružomberok, okres Ružomberok","rooms":2,"meters":44,"totalPrice":107000,"meterSquarePrice":7,"link":"https://www.nehnutelnosti.sk/detail/JuU2zU-tKQr/znizena-cena-2-izboveho-bytu-v-krasnom-prostredi-malych-tatier-ruzomberok","imagesUrls":["https://img.nehnutelnosti.sk/foto/NjAweDMzOC9maWx0ZXJzOnF1YWxpdHkoMTAwKS9uZWg=/zYZ6FiBYN_fss?st=_z4ZCm-ST1H1Mtbn7H9Gwz_JbwZ3-DpLktIN3PX1joY&ts=1687730448&e=0"]},{"title":"4-izbový byt na predaj, Ľadoveň","address":"Martin, okres Martin","rooms":4,"meters":91,"totalPrice":174000,"meterSquarePrice":4,"link":"https://www.nehnutelnosti.sk/detail/Ju1RJJoN6_x/4-izbovy-byt-na-predaj-ladoven","imagesUrls":["https://img.nehnutelnosti.sk/foto/NjAweDMzOC9maWx0ZXJzOnF1YWxpdHkoMTAwKS9uZWg=/NIYdBNslV7_fss?st=-efwdbks1IrK-LRr3PS-mlg1OvlioVnr90PWLb7zsIA&ts=1687181450&e=0"]},{"title":"Zrekonštruovaný 2 izbový byt na ul. Mederčskej v Komárne","address":"Komárno, okres Komárno","rooms":2,"meters":55,"totalPrice":78000,"meterSquarePrice":8,"link":"https://www.nehnutelnosti.sk/detail/JuAYY8sJ46P/zrekonstruovany-2-izbovy-byt-na-ul-medercskej-v-komarne","imagesUrls":["https://img.nehnutelnosti.sk/foto/NjAweDMzOC9maWx0ZXJzOnF1YWxpdHkoMTAwKS9uZWg=/SxHuQHzEr6_fss?st=xqfPKMW-Crdsl28Hd2_TUVciH72hn9o31KioclPEu08&ts=1707992491&e=0"]},{"title":"Na predaj 4-izbový byt /88 m2/, Tekovská Breznica","address":"Tekovská Breznica, Tekovská Breznica, okres Žarnovica","rooms":4,"meters":88,"totalPrice":121000,"meterSquarePrice":5,"link":"https://www.nehnutelnosti.sk/detail/JumUWbc5GS4/na-predaj-4-izbovy-byt-88-m2-tekovska-breznica","imagesUrls":["https://img.nehnutelnosti.sk/foto/NjAweDMzOC9maWx0ZXJzOnF1YWxpdHkoMTAwKS9uZWg=/ek-VTtYGW_fss?st=B_No2Z6XQXQVaj7TnGV6FvZw3iLSKETf6P_9mmVw7bo&ts=1686231938&e=0"]},{"title":"Luxusný Apartmán v novostavbe Hrebienok Resort II na predaj, Starý Smokovec","address":"Starý Smokovec, Vysoké Tatry, okres Poprad","rooms":null,"meters":74,"totalPrice":399000,"meterSquarePrice":9,"link":"https://www.nehnutelnosti.sk/detail/Ju2QQJ-kPFN/luxusny-apartman-v-novostavbe-hrebienok-resort-ii-na-predaj-stary-smokovec","imagesUrls":["https://img.nehnutelnosti.sk/foto/NjAweDMzOC9maWx0ZXJzOnF1YWxpdHkoMTAwKS9uZWg=/yJqu-dMb7_fss?st=i-8N7gkAD64zGJOGZQiUr4thnU_pRJ5-bklxE0hpGn0&ts=1715262509&e=0"]},{"title":"Staromestský 2 - izbový byt s balkónom, /82m2/. Žilina - CENTRUM","address":"Žilina, okres Žilina","rooms":2,"meters":82,"totalPrice":null,"meterSquarePrice":null,"link":"https://www.nehnutelnosti.sk/detail/Jul3OosD_ec/staromestsky-2-izbovy-byt-s-balkonom-82m2-zilina-centrum","imagesUrls":["https://img.nehnutelnosti.sk/foto/NjAweDMzOC9maWx0ZXJzOnF1YWxpdHkoMTAwKS9uZWg=/rzpMGwK0K_fss?st=kr6BwJkOWhmZo_8sRgE6SvLSHZaLKUUWCBnX4e8Gg_Y&ts=1686223838&e=0"]},{"title":"Na predaj 2 izbový tehlový byt blízko centra v Komárne","address":"Komárno, Komárno, okres Komárno","rooms":2,"meters":53,"totalPrice":73000,"meterSquarePrice":4,"link":"https://www.nehnutelnosti.sk/detail/Ju-Fjs0i9ga/na-predaj-2-izbovy-tehlovy-byt-blizko-centra-v-komarne","imagesUrls":["https://img.nehnutelnosti.sk/foto/NjAweDMzOC9maWx0ZXJzOnF1YWxpdHkoMTAwKS9uZWg=/sRWCUoACO_fss?st=x-EcgZ0STBSfbPq2rBlZxLMVKE-9e6lH2wu1m-c65lA&ts=1686293166&e=0"]},{"title":"2-izbový byt na predaj, Sídlisko Hliny, Považská Bystrica","address":"Sídlisko Hliny, Považská Bystrica, okres Považská Bystrica","rooms":2,"meters":38,"totalPrice":98400,"meterSquarePrice":7,"link":"https://www.nehnutelnosti.sk/detail/Ju2BADiYP2f/2-izbovy-byt-na-predaj-sidlisko-hliny-povazska-bystrica","imagesUrls":["https://img.nehnutelnosti.sk/foto/NjAweDMzOC9maWx0ZXJzOnF1YWxpdHkoMTAwKS9uZWg=/1CHSIvsbm_fss?st=-0WwbhNYkPADeQGy-DMtoZTYOZ4ghgruKC_DviYyfJI&ts=1685701837&e=0"]},{"title":"3 izb. byt s výbornou dispozíciou na predaj, Priekopa, Martin","address":"Uzlovská, Martin, okres Martin","rooms":3,"meters":64,"totalPrice":109500,"meterSquarePrice":7,"link":"https://www.nehnutelnosti.sk/detail/JubmFYTy7Qq/3-izb-byt-s-vybornou-dispoziciou-na-predaj-priekopa-martin","imagesUrls":["https://img.nehnutelnosti.sk/foto/NjAweDMzOC9maWx0ZXJzOnF1YWxpdHkoMTAwKS9uZWg=/lBonlL7YdP_fss?st=1PMUx53D4VOXI_R4XhTMGJ9jiBr3j4FvrohZMIqZpH4&ts=1684409438&e=0"]},{"title":"3-izbový byt na predaj, Sídlisko SNP, Považská Bystrica","address":"Sídlisko SNP, Považská Bystrica, okres Považská Bystrica","rooms":3,"meters":68,"totalPrice":129900,"meterSquarePrice":9,"link":"https://www.nehnutelnosti.sk/detail/JuukAmqsRNN/3-izbovy-byt-na-predaj-sidlisko-snp-povazska-bystrica","imagesUrls":["https://img.nehnutelnosti.sk/foto/NjAweDMzOC9maWx0ZXJzOnF1YWxpdHkoMTAwKS9uZWg=/_ncbO-xvZ_fss?st=V6iSDdFaUzzE9FOCCy2q8QknaLQ6QaKf_IwRFz45Lv0&ts=1684491380&e=0"]},{"title":"1-izbový byt s dvoma balkónmi, /41m2/, Žilina - Vlčince I","address":"Žilina, okres Žilina","rooms":1,"meters":35,"totalPrice":1,"meterSquarePrice":3,"link":"https://www.nehnutelnosti.sk/detail/JuGsvulLxIo/1-izbovy-byt-s-dvoma-balkonmi-41m2-zilina-vlcince-i","imagesUrls":["https://img.nehnutelnosti.sk/foto/NjAweDMzOC9maWx0ZXJzOnF1YWxpdHkoMTAwKS9uZWg=/-qjQ8kkU9_fss?st=oYZaev9WdwaMFxiDbRXolBa2s0HomTzDoTN9tgcTb-c&ts=1682681438&e=0"]},{"title":"3-izbový byt 2x loggia, /82m2/, Žilina - Vlčince I","address":"Žilina, okres Žilina","rooms":3,"meters":82,"totalPrice":139990,"meterSquarePrice":0,"link":"https://www.nehnutelnosti.sk/detail/JuOThD4pkeb/3-izbovy-byt-2x-loggia-82m2-zilina-vlcince-i","imagesUrls":["https://img.nehnutelnosti.sk/foto/NjAweDMzOC9maWx0ZXJzOnF1YWxpdHkoMTAwKS9uZWg=/CF2R2IF7k_fss?st=pbqGvkIoWg8MdxXJdZBo6dfV7PE9BJiW8JJRx881YOA&ts=1681460287&e=0"]},{"title":"Tehlový 3-izbový byt /72 m2/, Žilina - Staré mesto","address":"Žilina, okres Žilina","rooms":3,"meters":72,"totalPrice":132000,"meterSquarePrice":3,"link":"https://www.nehnutelnosti.sk/detail/Juh0luoHGBt/tehlovy-3-izbovy-byt-72-m2-zilina-stare-mesto","imagesUrls":["https://img.nehnutelnosti.sk/foto/NjAweDMzOC9maWx0ZXJzOnF1YWxpdHkoMTAwKS9uZWg=/u-PGUaVLm_fss?st=dCAKxu0nsOrktH7Jvt9HZNSABV3XFghMLTAZDgVgELU&ts=1680805030&e=0"]},{"title":"Velkometrážny 2. izbový byt na predaj, Prievidza","address":"V.Benedikta, Prievidza, okres Prievidza","rooms":2,"meters":63,"totalPrice":90000,"meterSquarePrice":7,"link":"https://www.nehnutelnosti.sk/detail/JumkZ8Ok752/velkometrazny-2-izbovy-byt-na-predaj-prievidza","imagesUrls":["https://img.nehnutelnosti.sk/foto/NjAweDMzOC9maWx0ZXJzOnF1YWxpdHkoMTAwKS9uZWg=/MpzokoUQ__fss?st=xNWw3NMcJaVZVdcu6xz5k2vHHdtD274HwoA9lqsI-go&ts=1680099349&e=0"]},{"title":"3. izbový byt na predaj, Zapotôčky, Prievidza","address":"Ľ.Ondrejova (Časť Necpaly), Prievidza, okres Prievidza","rooms":3,"meters":69,"totalPrice":93000,"meterSquarePrice":3,"link":"https://www.nehnutelnosti.sk/detail/Ju5z0b22S0F/3-izbovy-byt-na-predaj-zapotocky-prievidza","imagesUrls":["https://img.nehnutelnosti.sk/foto/NjAweDMzOC9maWx0ZXJzOnF1YWxpdHkoMTAwKS9uZWg=/vetOIpIYt_fss?st=DV4o0YAp_wnoLnfrc5CqF0tMU2d8kllrSOV4zIB-GLo&ts=1679483767&e=0"]},{"title":"3 izbový PENTHOUSE v novostavbe pri centre mesta v Nových Zámkoch na predaj","address":"Komárňanská cesta, Nové Zámky, okres Nové Zámky","rooms":3,"meters":150,"totalPrice":324700,"meterSquarePrice":8,"link":"https://www.nehnutelnosti.sk/detail/JuKefBlZI3B/3-izbovy-penthouse-v-novostavbe-pri-centre-mesta-v-novych-zamkoch-na-predaj","imagesUrls":["https://img.nehnutelnosti.sk/foto/NjAweDMzOC9maWx0ZXJzOnF1YWxpdHkoMTAwKS9uZWg=/6rnbjMc6G_fss?st=N9UuQqEebCUv6GqVRO7BVlz32M-XDj739rK6QVl6PYI&ts=1680590738&e=0"]},{"title":"3 izbový byt v novostavbe pri centre mesta v Nových Zámkoch na predaj","address":"Komárňanská cesta, Nové Zámky, okres Nové Zámky","rooms":3,"meters":66,"totalPrice":147300,"meterSquarePrice":2,"link":"https://www.nehnutelnosti.sk/detail/JuslLOosKIF/3-izbovy-byt-v-novostavbe-pri-centre-mesta-v-novych-zamkoch-na-predaj","imagesUrls":["https://img.nehnutelnosti.sk/foto/NjAweDMzOC9maWx0ZXJzOnF1YWxpdHkoMTAwKS9uZWg=/EsKgiSIeX_fss?st=Y358Z4jIaA3ejbDN6bt94lFFBVNfdXhQT4aUUejpmXU&ts=1678867268&e=0"]},{"title":"3 izbový PENTHOUSE v novostavbe pri centre mesta v Nových Zámkoch na predaj","address":"Komárňanská cesta, Nové Zámky, okres Nové Zámky","rooms":3,"meters":179,"totalPrice":385800,"meterSquarePrice":0,"link":"https://www.nehnutelnosti.sk/detail/JuGVQkDaO9K/3-izbovy-penthouse-v-novostavbe-pri-centre-mesta-v-novych-zamkoch-na-predaj","imagesUrls":["https://img.nehnutelnosti.sk/foto/NjAweDMzOC9maWx0ZXJzOnF1YWxpdHkoMTAwKS9uZWg=/eJK49ffXW_fss?st=JGKvMLUY4x3zBqZSFKBqlRdDCPtJTivKipbhij4qltM&ts=1680590746&e=0"]},{"title":"Apartmán Panorama Bojnice, 4. izbový, 109 m2 + terasa 13 m2.","address":"Bojnice, Bojnice, okres Prievidza","rooms":null,"meters":122,"totalPrice":330000,"meterSquarePrice":2,"link":"https://www.nehnutelnosti.sk/detail/JusOqmRvInT/apartman-panorama-bojnice-4-izbovy-109-m2-terasa-13-m2","imagesUrls":["https://img.nehnutelnosti.sk/foto/NjAweDMzOC9maWx0ZXJzOnF1YWxpdHkoMTAwKS9uZWg=/TY1LSe6kl_fss?st=abhTG9XPP6G4YCZoTHEzZHHtVfMMu7pdq2ZQV_R5Ogo&ts=1726654858&e=0"]},{"title":"Pripravujeme do ponuky 1-izbový byt s dvomi loggiami /35 m2/ Vlčince I, Žilina","address":"Žilina, okres Žilina","rooms":1,"meters":35,"totalPrice":null,"meterSquarePrice":null,"link":"https://www.nehnutelnosti.sk/detail/JuXJFSg9tVf/pripravujeme-do-ponuky-1-izbovy-byt-s-dvomi-loggiami-35-m2-vlcince-i-zilina","imagesUrls":["https://img.nehnutelnosti.sk/foto/NjAweDMzOC9maWx0ZXJzOnF1YWxpdHkoMTAwKS9uZWg=/8hwbqcslS_fss?st=NcSlHkHFH1KZk_Rco7X306NMmQqXHVQrJw3P7NaRtY8&ts=1678369578&e=0"]},{"title":"4-izbový byt na predaj, Centrum","address":"Martin, okres Martin","rooms":4,"meters":109,"totalPrice":179000,"meterSquarePrice":0,"link":"https://www.nehnutelnosti.sk/detail/JuwwhqIjSWK/4-izbovy-byt-na-predaj-centrum","imagesUrls":["https://img.nehnutelnosti.sk/foto/NjAweDMzOC9maWx0ZXJzOnF1YWxpdHkoMTAwKS9uZWg=/tfZz7q83h_fss?st=l8PPpx-xQjXdSi4UTC3dHwowZa4yeX5VbI_Hw2NNcBo&ts=1713961522&e=0"]},{"title":"2-izbový byt na predaj, Priekopa, Martin","address":"Martin, okres Martin","rooms":2,"meters":52,"totalPrice":110000,"meterSquarePrice":4,"link":"https://www.nehnutelnosti.sk/detail/Ju2yWEvj3sI/2-izbovy-byt-na-predaj-priekopa-martin","imagesUrls":["https://img.nehnutelnosti.sk/foto/NjAweDMzOC9maWx0ZXJzOnF1YWxpdHkoMTAwKS9uZWg=/Nkd1qCZ0W_fss?st=rOLtgSSS1oTHvN-X2PLT3JCX6W8sYaDqq3MuuvewvNw&ts=1677227491&e=0"]},{"title":"2-izbový byt na predaj, Sídlisko Stred, Považská Bystrica","address":"Sídlisko Stred, Považská Bystrica, okres Považská Bystrica","rooms":2,"meters":68,"totalPrice":108900,"meterSquarePrice":7,"link":"https://www.nehnutelnosti.sk/detail/JuH8kmWKJP3/2-izbovy-byt-na-predaj-sidlisko-stred-povazska-bystrica","imagesUrls":["https://img.nehnutelnosti.sk/foto/NjAweDMzOC9maWx0ZXJzOnF1YWxpdHkoMTAwKS9uZWg=/aBPWEtonW_fss?st=FQzlnPB-LVnpJ_jorIZ0Hkyfpntads2JjM-1YriOYbU&ts=1684241158&e=0"]},{"title":"4-izbový byt na predaj, Strakova, Staré Mesto, Bratislava I","address":"Staré Mesto, Bratislava I - Staré Mesto, okres Bratislava","rooms":4,"meters":193,"totalPrice":825000,"meterSquarePrice":1,"link":"https://www.nehnutelnosti.sk/detail/JuwrQfh7OiN/4-izbovy-byt-na-predaj-strakova-stare-mesto-bratislava-i","imagesUrls":["https://img.nehnutelnosti.sk/foto/NjAweDMzOC9maWx0ZXJzOnF1YWxpdHkoMTAwKS9uZWg=/kD5GyYLyK_fss?st=RcNILN9ny1Xx6foDCnwnwOLQ2a31dQBUsknlj0cphVE&ts=1707297527&e=0"]},{"title":"Na predaj 1 izbový byt s balkónom v Komárne","address":"Komárno, Komárno, okres Komárno","rooms":1,"meters":32,"totalPrice":59900,"meterSquarePrice":8,"link":"https://www.nehnutelnosti.sk/detail/Ju_VLXUW5fc/na-predaj-1-izbovy-byt-s-balkonom-v-komarne","imagesUrls":["https://img.nehnutelnosti.sk/foto/NjAweDMzOC9maWx0ZXJzOnF1YWxpdHkoMTAwKS9uZWg=/rPii1YMTk_fss?st=RBiu4iBJVdIRcAEQYWDlECEHZqp9SQlsYVcRC7zxLDM&ts=1686904366&e=0"]}]