[{"title":"Na predaj 3 izbový byt s krásnym výhľadom Ľadoveň","address":"Puškinova, Martin, okres Martin","rooms":3,"meters":66,"totalPrice":115000,"meterSquarePrice":4,"link":"https://www.nehnutelnosti.sk/detail/JuU46lq4Q0C/na-predaj-3-izbovy-byt-s-krasnym-vyhladom-ladoven","imagesUrls":["https://img.nehnutelnosti.sk/foto/NjAweDMzOC9maWx0ZXJzOnF1YWxpdHkoMTAwKS9uZWg=/4rrwVqF2FS_fss?st=ZMcfD7_Lk-DuF2R6DSn5P88jaThJOMT8siVM2lZuaOE&ts=1726473936&e=0"]},{"title":"Predaj slnečného pasívneho 3-izbového bytu","address":"Zvolen, okres Zvolen","rooms":3,"meters":75,"totalPrice":null,"meterSquarePrice":null,"link":"https://www.nehnutelnosti.sk/detail/JuCpfnYXdfL/predaj-slnecneho-pasivneho-3-izboveho-bytu","imagesUrls":["https://img.unitedclassifieds.sk/foto/NjAweDMzOC9maWx0ZXJzOnF1YWxpdHkoMTAwKS9yc2Y=/FLgYzPMck_fss?st=r6Pgc4VKPvSIq40dcrrhPHUvv-nOlmE4kklzmaVhKzY&ts=1693220768&e=0"]},{"title":"Mezonet 5i, Stará Lesná","address":"Stará Lesná, okres Kežmarok","rooms":5,"meters":112,"totalPrice":null,"meterSquarePrice":null,"link":"https://www.nehnutelnosti.sk/detail/JuX0tlTe2MU/mezonet-5i-stara-lesna","imagesUrls":["https://img.unitedclassifieds.sk/foto/NjAweDMzOC9maWx0ZXJzOnF1YWxpdHkoMTAwKS9qdWw=/oXVdr457z_fss?st=V7NWZQtuPjTEcjM_4MiVJ00PTGwI6R7UfR_3qsrnwdY&ts=1704653132&e=0"]},{"title":"Ponúkame Vám na predaj 2 izbový byt Bratislava-Staré Mesto, Zámockej ulici. možnosť dokúpiť garážové","address":"Zámocká, Bratislava I - Staré Mesto, okres Bratislava","rooms":2,"meters":93,"totalPrice":359000,"meterSquarePrice":2,"link":"https://www.nehnutelnosti.sk/detail/Juse0LX8scH/ponukame-vam-na-predaj-2-izbovy-byt-bratislava-stare-mesto-zamockej-ulici-moznost-dokupit-garazove","imagesUrls":["https://img.nehnutelnosti.sk/foto/NjAweDMzOC9maWx0ZXJzOnF1YWxpdHkoMTAwKS9uZWg=/vNPox8zZC_fss?st=xPDFEavlgSXZ1vXdQSmVLbvJAfh-uG-GjLna-FcSZmM&ts=1725961802&e=0"]},{"title":"Ponúkame Vám na predaj 3 izbový byt Bratislava-Staré Mesto, Zámockej ulici. + možnosť dokúpiť garážo","address":"Zámocká, Bratislava I - Staré Mesto, okres Bratislava","rooms":3,"meters":93,"totalPrice":379000,"meterSquarePrice":7,"link":"https://www.nehnutelnosti.sk/detail/JupTdCFcUS1/ponukame-vam-na-predaj-3-izbovy-byt-bratislava-stare-mesto-zamockej-ulici-moznost-dokupit-garazo","imagesUrls":["https://img.nehnutelnosti.sk/foto/NjAweDMzOC9maWx0ZXJzOnF1YWxpdHkoMTAwKS9uZWg=/BYT6-kkLMx_fss?st=kgzhVhne8iXzu-PawQTZUHX0F9V3ZbAGqc2SgrbX_LU&ts=1725275409&e=0"]},{"title":"Rezervované - Ponúkame Vám na predaj 4 izbový byt Bratislava-Rača časť Krasňany), Kadnárova ul.","address":"Kadnárova, Bratislava III - Rača, okres Bratislava","rooms":4,"meters":75,"totalPrice":251000,"meterSquarePrice":7,"link":"https://www.nehnutelnosti.sk/detail/JuEfahTPjydJ/rezervovane-ponukame-vam-na-predaj-4-izbovy-byt-bratislava-raca-cast-krasnany-kadnarova-ul","imagesUrls":["https://img.nehnutelnosti.sk/foto/NjAweDMzOC9maWx0ZXJzOnF1YWxpdHkoMTAwKS9uZWg=/P580Gs2-t_fss?st=6xPQQgJm0AF6HLdoZWk4D_5EvC1my2xvip1RTUAWb_k&ts=1715018522&e=0"]},{"title":"Ponúkame na Predaj 3 izbový byt s pozemkom a parkovacím státím v Jednopodlažnom Dome.","address":"Košúty, okres Galanta","rooms":3,"meters":80,"totalPrice":186000,"meterSquarePrice":5,"link":"https://www.nehnutelnosti.sk/detail/Juv15Owyaje1/ponukame-na-predaj-3-izbovy-byt-s-pozemkom-a-parkovacim-statim-v-jednopodlaznom-dome","imagesUrls":["https://img.nehnutelnosti.sk/foto/NjAweDMzOC9maWx0ZXJzOnF1YWxpdHkoMTAwKS9uZWg=/P2rG0UepBJ_fss?st=vLDCUQAXAkzyO5nHfsFsq3XCjMtqD18d97Iqctv3sE8&ts=1716881045&e=0"]},{"title":"Ponúkame na Predaj 4 izbový byt s pozemkom a parkovacím státím v Jednopodlažnom Dome.","address":"Košúty, okres Galanta","rooms":4,"meters":80,"totalPrice":186000,"meterSquarePrice":5,"link":"https://www.nehnutelnosti.sk/detail/JuYaXzz8tUK/ponukame-na-predaj-4-izbovy-byt-s-pozemkom-a-parkovacim-statim-v-jednopodlaznom-dome","imagesUrls":["https://img.nehnutelnosti.sk/foto/NjAweDMzOC9maWx0ZXJzOnF1YWxpdHkoMTAwKS9uZWg=/JNjlrKRdX_fss?st=MtGQAlrYcnI49iFDKS-_yKP97OghH2jV2zUEMAWdsYA&ts=1716881047&e=0"]},{"title":"3-IZB. BYT 68m2 BRANISKOVÁ ULICA, KUZMÁNYHO SÍDLISKO, STARÉ MESTO","address":"Branisková, Košice I - Staré Mesto, okres Košice","rooms":3,"meters":68,"totalPrice":204500,"meterSquarePrice":5,"link":"https://www.nehnutelnosti.sk/detail/JuK6xIS-Tec/3-izb-byt-68m2-braniskova-ulica-kuzmanyho-sidlisko-stare-mesto","imagesUrls":["https://img.unitedclassifieds.sk/foto/NjAweDMzOC9maWx0ZXJzOnF1YWxpdHkoMTAwKS9qdWw=/xCnP136TX_fss?st=Wg_I-lQ585nvXbRB-f95REFKJXXeoly47M2vG7foyk8&ts=1725981721&e=0"]},{"title":"Predaj 2-izbový byt v centru, Poprad","address":"Štefánikova, Poprad, okres Poprad","rooms":2,"meters":54,"totalPrice":139900,"meterSquarePrice":4,"link":"https://www.nehnutelnosti.sk/detail/Jui3vmctH_R/predaj-2-izbovy-byt-v-centru-poprad","imagesUrls":["https://img.unitedclassifieds.sk/foto/NjAweDMzOC9maWx0ZXJzOnF1YWxpdHkoMTAwKS9qdWw=/MRJCnjDr7_fss?st=-28Mgh2q0AEkXgqFx1Vf3G_oUrkXf6wPU1kVv3sT9vQ&ts=1722624225&e=0"]},{"title":"PREDAJ zariadený 2 izbový byt v centre Komárna","address":"Komárno, okres Komárno","rooms":2,"meters":58,"totalPrice":97900,"meterSquarePrice":3,"link":"https://www.nehnutelnosti.sk/detail/JuEju_yHYCs/predaj-zariadeny-2-izbovy-byt-v-centre-komarna","imagesUrls":["https://img.unitedclassifieds.sk/foto/NjAweDMzOC9maWx0ZXJzOnF1YWxpdHkoMTAwKS9yc2Y=/oDDhTTOAc_fss?st=DHdRsQiwjjK4ShscU9akD_lvvniOvvrXngjwDdcoaKw&ts=1695836757&e=0"]},{"title":"Na predaj veľký 2 izbový tehlový byt na Andovskej ulici","address":"Andovská, Nové Zámky, okres Nové Zámky","rooms":2,"meters":71,"totalPrice":108000,"meterSquarePrice":3,"link":"https://www.nehnutelnosti.sk/detail/Ju2anpqdlEO/na-predaj-velky-2-izbovy-tehlovy-byt-na-andovskej-ulici","imagesUrls":["https://img.unitedclassifieds.sk/foto/NjAweDMzOC9maWx0ZXJzOnF1YWxpdHkoMTAwKS9qdWw=/231lO6uAw_fss?st=OlbCaoN7MMvHFRUVCkUdKyk3WCTUrDpMI0LGmO45szc&ts=1717752092&e=0"]},{"title":"Na predaj 2 izbový tehlový byt blízko centra","address":"Nové Zámky, okres Nové Zámky","rooms":2,"meters":53,"totalPrice":75000,"meterSquarePrice":9,"link":"https://www.nehnutelnosti.sk/detail/JuCmi2pUZEX/na-predaj-2-izbovy-tehlovy-byt-blizko-centra","imagesUrls":["https://img.unitedclassifieds.sk/foto/NjAweDMzOC9maWx0ZXJzOnF1YWxpdHkoMTAwKS9qdWw=/rPKIRMDYY_fss?st=lDtCasRnyvbWfMlJUE5M0GJ11yCHgr0HAl0KgONcwLw&ts=1715944845&e=0"]},{"title":"Na predaj veľký  3 izbový byt na Šoltésovej ulici po rekonštrukcii","address":"Šoltésovej, Nové Zámky, okres Nové Zámky","rooms":3,"meters":78,"totalPrice":105000,"meterSquarePrice":8,"link":"https://www.nehnutelnosti.sk/detail/Jusb8heY095/na-predaj-velky-3-izbovy-byt-na-soltesovej-ulici-po-rekonstrukcii","imagesUrls":["https://img.unitedclassifieds.sk/foto/NjAweDMzOC9maWx0ZXJzOnF1YWxpdHkoMTAwKS9qdWw=/Jbf-25W5z_fss?st=lHWpN4LVxH_GDf6o_zLpq1tV5Xa3Eg2I8vmVdnHLoL8&ts=1708959668&e=0"]},{"title":"Na predaj 2 izbový byt po rekonštrukcii  na Poľnej ulici v Banskej Bystrici","address":"Poľná, Banská Bystrica, okres Banská Bystrica","rooms":2,"meters":63,"totalPrice":160000,"meterSquarePrice":8,"link":"https://www.nehnutelnosti.sk/detail/JuyqZ4bimw-/na-predaj-2-izbovy-byt-po-rekonstrukcii-na-polnej-ulici-v-banskej-bystrici","imagesUrls":["https://img.unitedclassifieds.sk/foto/NjAweDMzOC9maWx0ZXJzOnF1YWxpdHkoMTAwKS9qdWw=/SkmkpIysk_fss?st=fN--e6KDxycouXKQkfFyMkLw1ftC2Yw-PHgPmZZK61w&ts=1716463307&e=0"]},{"title":"Na predaj 2 izbový byt po kompletnej rekonštrukcii Nábrežná ulica","address":"Nábrežná, Nové Zámky, okres Nové Zámky","rooms":2,"meters":63,"totalPrice":102000,"meterSquarePrice":5,"link":"https://www.nehnutelnosti.sk/detail/JuutJm1WcTr/na-predaj-2-izbovy-byt-po-kompletnej-rekonstrukcii-nabrezna-ulica","imagesUrls":["https://img.unitedclassifieds.sk/foto/NjAweDMzOC9maWx0ZXJzOnF1YWxpdHkoMTAwKS9qdWw=/HMmvONGoy_fss?st=woZAj3x1saYzlEMGpye5bOR-Dh-zaRnLD4ep23ZEQ3E&ts=1714983873&e=0"]},{"title":"Na predaj veľký pekne zrekonštruovaný 3 izbový byt na Šoltésovej ulici","address":"Šoltésovej, Nové Zámky, okres Nové Zámky","rooms":3,"meters":78,"totalPrice":109000,"meterSquarePrice":4,"link":"https://www.nehnutelnosti.sk/detail/Ju4SeExbSbP/na-predaj-velky-pekne-zrekonstruovany-3-izbovy-byt-na-soltesovej-ulici","imagesUrls":["https://img.unitedclassifieds.sk/foto/NjAweDMzOC9maWx0ZXJzOnF1YWxpdHkoMTAwKS9qdWw=/0QoYOqDEt_fss?st=J-BX1wWk3UlVNPyIPLbgSYSPjHWA47-3GZwdrPyh-aQ&ts=1724078535&e=0"]},{"title":"Na predaj veľký 2 izbový byt na Vajanského ulici s balkónom","address":"S. H. Vajanského, Nové Zámky, okres Nové Zámky","rooms":2,"meters":63,"totalPrice":93000,"meterSquarePrice":9,"link":"https://www.nehnutelnosti.sk/detail/Ju7BeQQIQBS/na-predaj-velky-2-izbovy-byt-na-vajanskeho-ulici-s-balkonom","imagesUrls":["https://img.unitedclassifieds.sk/foto/NjAweDMzOC9maWx0ZXJzOnF1YWxpdHkoMTAwKS9qdWw=/EB6vA_Nk__fss?st=kn5nBKwizqDQ9wT5x11PIRqEorV63FQ2p5ykhRp7dWc&ts=1722330418&e=0"]},{"title":"Na predaj garsonka po rekonštrukcii na Vajanského ulici","address":"S. H. Vajanského, Nové Zámky, okres Nové Zámky","rooms":null,"meters":25,"totalPrice":48900,"meterSquarePrice":6,"link":"https://www.nehnutelnosti.sk/detail/Jupd2KZaBcv/na-predaj-garsonka-po-rekonstrukcii-na-vajanskeho-ulici","imagesUrls":["https://img.unitedclassifieds.sk/foto/NjAweDMzOC9maWx0ZXJzOnF1YWxpdHkoMTAwKS9qdWw=/RfZPSkTr7_fss?st=Mf9SAceHkM6_J4Wi87qz9FpIXf18I_kg2fOJoj0SJBQ&ts=1724578599&e=0"]},{"title":"Na predaj veľký 2 izbový byt na Nábrežnej ulici","address":"Nábrežná, Nové Zámky, okres Nové Zámky","rooms":2,"meters":72,"totalPrice":85000,"meterSquarePrice":6,"link":"https://www.nehnutelnosti.sk/detail/JupVtARjm-0/na-predaj-velky-2-izbovy-byt-na-nabreznej-ulici","imagesUrls":["https://img.unitedclassifieds.sk/foto/NjAweDMzOC9maWx0ZXJzOnF1YWxpdHkoMTAwKS9qdWw=/DIKlNhmFT_fss?st=mJ6ftFwXt0pzB-nbvcWGPbHI24BX-vTua4E_upB-HFI&ts=1723463010&e=0"]},{"title":"Na predaj 4 izbový byt na Nábrežnej ulici s dvomi balkónmi","address":"Nábrežná, Nové Zámky, okres Nové Zámky","rooms":4,"meters":84,"totalPrice":123000,"meterSquarePrice":9,"link":"https://www.nehnutelnosti.sk/detail/Ju2z3FP_u6m/na-predaj-4-izbovy-byt-na-nabreznej-ulici-s-dvomi-balkonmi","imagesUrls":["https://img.unitedclassifieds.sk/foto/NjAweDMzOC9maWx0ZXJzOnF1YWxpdHkoMTAwKS9qdWw=/NH6gSPpA7_fss?st=UbzvWn46HNs1wprt_Jh1e5RzcvpABeqhfs5xIp-o9vU&ts=1720613128&e=0"]},{"title":"Na predaj čiastočne zrekonštruovaný  1 izbový byt","address":"Nové Zámky, okres Nové Zámky","rooms":1,"meters":38,"totalPrice":65000,"meterSquarePrice":7,"link":"https://www.nehnutelnosti.sk/detail/JuHGkLioKFe/na-predaj-ciastocne-zrekonstruovany-1-izbovy-byt","imagesUrls":["https://img.unitedclassifieds.sk/foto/NjAweDMzOC9maWx0ZXJzOnF1YWxpdHkoMTAwKS9qdWw=/nYMmI60VQ_fss?st=-LiJNuPoaz9BI6kMSh8CP3rs57YJ6zmJHTxzAVg9FSA&ts=1724420130&e=0"]},{"title":"Na predaj tehlový 3 izbový byt  po kompletnej rekonštrukcii blízko  centra","address":"Lécka, Nové Zámky, okres Nové Zámky","rooms":3,"meters":62,"totalPrice":95000,"meterSquarePrice":6,"link":"https://www.nehnutelnosti.sk/detail/JuCtuoSh4LU/na-predaj-tehlovy-3-izbovy-byt-po-kompletnej-rekonstrukcii-blizko-centra","imagesUrls":["https://img.unitedclassifieds.sk/foto/NjAweDMzOC9maWx0ZXJzOnF1YWxpdHkoMTAwKS9qdWw=/X6hvDwNBY_fss?st=_eR3umkaDgQzADTu9miJ4Zbs8SLxhrUgXOpnXmVpOhU&ts=1720446494&e=0"]},{"title":"Na predaj novostavba penthouse - SOHO s krásnou terasou","address":"Andovská, Nové Zámky, okres Nové Zámky","rooms":4,"meters":96,"totalPrice":319000,"meterSquarePrice":2,"link":"https://www.nehnutelnosti.sk/detail/JuC5zPGS_di/na-predaj-novostavba-penthouse-soho-s-krasnou-terasou","imagesUrls":["https://img.unitedclassifieds.sk/foto/NjAweDMzOC9maWx0ZXJzOnF1YWxpdHkoMTAwKS9qdWw=/mcYeJTlVG_fss?st=OV_trpx8AWjtK1wKhUezvGZgCwb1Af2ZotnmSM17mx4&ts=1719995777&e=0"]},{"title":"Na predaj 4 izbový byt na Lastovičej ulici","address":"Lastovičia, Nové Zámky, okres Nové Zámky","rooms":4,"meters":82,"totalPrice":119500,"meterSquarePrice":2,"link":"https://www.nehnutelnosti.sk/detail/JuCBC95U2zw/na-predaj-4-izbovy-byt-na-lastovicej-ulici","imagesUrls":["https://img.unitedclassifieds.sk/foto/NjAweDMzOC9maWx0ZXJzOnF1YWxpdHkoMTAwKS9qdWw=/-Sjjifa_g_fss?st=FKZoYQ_i3RJmL8umeF_WJWatZDFZEIbcol1ke1m0CQM&ts=1719413170&e=0"]},{"title":"Na predaj 3 izbový byt v tehlovej bytovke s garážou a záhradkou po kompletnej rekonštrukcii","address":"Nové Zámky, okres Nové Zámky","rooms":3,"meters":74,"totalPrice":130000,"meterSquarePrice":6,"link":"https://www.nehnutelnosti.sk/detail/Ju_l64oweSa/na-predaj-3-izbovy-byt-v-tehlovej-bytovke-s-garazou-a-zahradkou-po-kompletnej-rekonstrukcii","imagesUrls":["https://img.unitedclassifieds.sk/foto/NjAweDMzOC9maWx0ZXJzOnF1YWxpdHkoMTAwKS9qdWw=/GhAbzQ4cB_fss?st=M6ja3oS1eVkxURg5caXw5vWZJ0P3t5iCpMgZz-MmOLE&ts=1721647050&e=0"]},{"title":"Na predaj krásne zrekonštruovaný 4 izbový byt  v tehlovej  štvorbytovke so záhradným domom a garážou","address":"Nové Zámky, okres Nové Zámky","rooms":4,"meters":120,"totalPrice":225000,"meterSquarePrice":5,"link":"https://www.nehnutelnosti.sk/detail/JugDGzKAVdK/na-predaj-krasne-zrekonstruovany-4-izbovy-byt-v-tehlovej-stvorbytovke-so-zahradnym-domom-a-garazou","imagesUrls":["https://img.unitedclassifieds.sk/foto/NjAweDMzOC9maWx0ZXJzOnF1YWxpdHkoMTAwKS9qdWw=/n-p-fLmIt_fss?st=H9W7pdgTzqxa8qowuDT1NJ9tT2TxexqoyOYzJKlujv0&ts=1722868285&e=0"]},{"title":"Apartmány na predaj Veľká Lomnica pod Tatram","address":"Pod lesom, Veľká Lomnica, okres Kežmarok","rooms":null,"meters":70,"totalPrice":190800,"meterSquarePrice":1,"link":"https://www.nehnutelnosti.sk/detail/JumFw0TZrCk/apartmany-na-predaj-velka-lomnica-pod-tatram","imagesUrls":["https://img.nehnutelnosti.sk/foto/NjAweDMzOC9maWx0ZXJzOnF1YWxpdHkoMTAwKS9uZWg=/YiTOyH-3p_fss?st=_LQ5578Vf7h3-PoVMV1Ez1A4MySzdJ4b7wFaeAS9QH0&ts=1715935902&e=0"]},{"title":"2  izb byt na predaj Nitra centrum prerobený","address":"centrum, Nitra, okres Nitra","rooms":2,"meters":null,"totalPrice":null,"meterSquarePrice":null,"link":"https://www.nehnutelnosti.sk/detail/JuZc9SC4Frb/2-izb-byt-na-predaj-nitra-centrum-prerobeny","imagesUrls":["https://img.nehnutelnosti.sk/foto/NjAweDMzOC9maWx0ZXJzOnF1YWxpdHkoMTAwKS9uZWg=/4z-iVt-ly_fss?st=BpwmUVdvUB7jPrqEA0dzBkSZz1J_kcXLERr9kODXk1Y&ts=1725525238&e=0"]},{"title":"3  izb byt na predaj Nitra Chrenová upravený","address":"Chrenová, Nitra, okres Nitra","rooms":3,"meters":77,"totalPrice":149000,"meterSquarePrice":6,"link":"https://www.nehnutelnosti.sk/detail/Jus09MhMlYB/3-izb-byt-na-predaj-nitra-chrenova-upraveny","imagesUrls":["https://img.nehnutelnosti.sk/foto/NjAweDMzOC9maWx0ZXJzOnF1YWxpdHkoMTAwKS9uZWg=/KCky_HdTZ_fss?st=3kG5qCq0kWybxc30R_es1vapxa9A6I8H61-GXV-RUOA&ts=1718611519&e=0"]}]