[{"title":"2-izbový apartmán v Ružinove   BONUS na zariadenie apartmánu","address":"Mlynské Nivy, Bratislava II - Ružinov, okres Bratislava","rooms":2,"meters":53,"totalPrice":25,"meterSquarePrice":3,"link":"https://www.nehnutelnosti.sk/detail/JuN455b2BRl/2-izbovy-apartman-v-ruzinove-bonus-na-zariadenie-apartmanu","imagesUrls":["https://img.nehnutelnosti.sk/foto/NjAweDMzOC9maWx0ZXJzOnF1YWxpdHkoMTAwKS9uZWg=/FwGG2oJDZr_fss?st=LjoNrj6VHAFj5wQG4HJsrNu11RYU5stsDQqYwTmW_-E&ts=1724675824&e=0"]},{"title":"2-izbový apartmán v Ružinove s čiastočným zariadením v cene","address":"Mlynské Nivy, Bratislava II - Ružinov, okres Bratislava","rooms":2,"meters":53,"totalPrice":6,"meterSquarePrice":4,"link":"https://www.nehnutelnosti.sk/detail/JuXqFOag2Sj/2-izbovy-apartman-v-ruzinove-s-ciastocnym-zariadenim-v-cene","imagesUrls":["https://img.nehnutelnosti.sk/foto/NjAweDMzOC9maWx0ZXJzOnF1YWxpdHkoMTAwKS9uZWg=/3AZtzm2jEG_fss?st=quYLyFkKDCJXD9ZaJeVUADiBh8RNKARv_EMZivXzJ9o&ts=1724675817&e=0"]},{"title":"1-izbový apartmán v Ružinove s čiastočným zariadením v cene","address":"Mlynské Nivy, Bratislava II - Ružinov, okres Bratislava","rooms":2,"meters":41,"totalPrice":41,"meterSquarePrice":1,"link":"https://www.nehnutelnosti.sk/detail/Juw5dqy-yPy/1-izbovy-apartman-v-ruzinove-s-ciastocnym-zariadenim-v-cene","imagesUrls":["https://img.nehnutelnosti.sk/foto/NjAweDMzOC9maWx0ZXJzOnF1YWxpdHkoMTAwKS9uZWg=/T9NfKun-s_fss?st=4QP6I_gOC7a34CuqpfihOu75inyVMmFOFy-K0D8yAzY&ts=1726478674&e=0"]},{"title":"2-izbový apartmán v Ružinove s čiastočným zariadením v cene","address":"Mlynské Nivy, Bratislava II - Ružinov, okres Bratislava","rooms":2,"meters":41,"totalPrice":22,"meterSquarePrice":8,"link":"https://www.nehnutelnosti.sk/detail/JuH5j9xsCeC/2-izbovy-apartman-v-ruzinove-s-ciastocnym-zariadenim-v-cene","imagesUrls":["https://img.nehnutelnosti.sk/foto/NjAweDMzOC9maWx0ZXJzOnF1YWxpdHkoMTAwKS9uZWg=/Sv_7J50oJ1_fss?st=obYTCxF1HjrMf7VWGf5bKeQaOMR2JmKX3YPLmSQPt60&ts=1724675830&e=0"]},{"title":"2-izbový apartmán v Ružinove s BONUSOM na zariadenie apartmánu","address":"Mlynské Nivy, Bratislava II - Ružinov, okres Bratislava","rooms":2,"meters":52,"totalPrice":20,"meterSquarePrice":5,"link":"https://www.nehnutelnosti.sk/detail/JuQ-IabLDm8/2-izbovy-apartman-v-ruzinove-s-bonusom-na-zariadenie-apartmanu","imagesUrls":["https://img.nehnutelnosti.sk/foto/NjAweDMzOC9maWx0ZXJzOnF1YWxpdHkoMTAwKS9uZWg=/jyBS7zlyx_fss?st=MXdThh9CrivXP-DRALcVIzj5-WdGd_d7n0J2OL8sswY&ts=1726137336&e=0"]},{"title":"2-izbový apartmán v Ružinove   BONUS na zariadenie apartmánu","address":"Mlynské Nivy, Bratislava II - Ružinov, okres Bratislava","rooms":2,"meters":53,"totalPrice":85,"meterSquarePrice":2,"link":"https://www.nehnutelnosti.sk/detail/JuerGWUXgjI/2-izbovy-apartman-v-ruzinove-bonus-na-zariadenie-apartmanu","imagesUrls":["https://img.nehnutelnosti.sk/foto/NjAweDMzOC9maWx0ZXJzOnF1YWxpdHkoMTAwKS9uZWg=/JXaBkBPcrF_fss?st=klYkKiWrx0x5MQguB7CqRcuTYf9FVRc128SLbN2pGh0&ts=1724675806&e=0"]},{"title":"2-izbový apartmán v Ružinove s čiastočným vybavením v cene","address":"Mlynské Nivy, Bratislava II - Ružinov, okres Bratislava","rooms":2,"meters":52,"totalPrice":30,"meterSquarePrice":4,"link":"https://www.nehnutelnosti.sk/detail/JuHjtTtGaRo/2-izbovy-apartman-v-ruzinove-s-ciastocnym-vybavenim-v-cene","imagesUrls":["https://img.nehnutelnosti.sk/foto/NjAweDMzOC9maWx0ZXJzOnF1YWxpdHkoMTAwKS9uZWg=/1O62oZ-ybd_fss?st=C6S_-5oEtu8GE7WDPK6y3rQktjENCgHCNBopr8jMyQY&ts=1725986088&e=0"]},{"title":"3-izbový apartmán s terasou v novostavbe NUPPU","address":"Hraničná, Bratislava II - Ružinov, okres Bratislava","rooms":3,"meters":59,"totalPrice":20,"meterSquarePrice":8,"link":"https://www.nehnutelnosti.sk/detail/Ju2ZJL02HNP/3-izbovy-apartman-s-terasou-v-novostavbe-nuppu","imagesUrls":["https://img.nehnutelnosti.sk/foto/NjAweDMzOC9maWx0ZXJzOnF1YWxpdHkoMTAwKS9uZWg=/igkcnaZJPF_fss?st=x3Sb4RzsQc4HZuDOhr70WR7dQU8d8HyJmdNyENzAzbA&ts=1726497167&e=0"]},{"title":"Predaj výnimočného loftu s úžasnou atmosférou, Blumentálska  ul., BA I","address":"Blumentálska, Bratislava I - Staré Mesto, okres Bratislava","rooms":3,"meters":160,"totalPrice":695000,"meterSquarePrice":5,"link":"https://www.nehnutelnosti.sk/detail/JuBldgk_arA/predaj-vynimocneho-loftu-s-uzasnou-atmosferou-blumentalska-ul-ba-i","imagesUrls":["https://img.nehnutelnosti.sk/foto/NjAweDMzOC9maWx0ZXJzOnF1YWxpdHkoMTAwKS9uZWg=/qHyrJ2e_i_fss?st=bqSkcbD2XAJXraNccGgXLJ2ywJ82-PYHUO3HJb0TS9k&ts=1726144229&e=0"]},{"title":"Predaj výnimočného loftu s úžasnou atmosférou, Blumentálska  ul., BA I","address":"Blumentálska, Bratislava I - Staré Mesto, okres Bratislava","rooms":null,"meters":160,"totalPrice":695000,"meterSquarePrice":5,"link":"https://www.nehnutelnosti.sk/detail/JuMlrIDrChE/predaj-vynimocneho-loftu-s-uzasnou-atmosferou-blumentalska-ul-ba-i","imagesUrls":["https://img.nehnutelnosti.sk/foto/NjAweDMzOC9maWx0ZXJzOnF1YWxpdHkoMTAwKS9uZWg=/pNbvkdypb__fss?st=qVoa6kOYP-fIedcogUHapNXRRIW36oiVm1MpXhY0eo4&ts=1725898904&e=0"]},{"title":"Dvojizbový byt, kompletná rekonštrukcia, 43,60 m2; Trnava - centrum","address":"Vajanského, Trnava, okres Trnava","rooms":2,"meters":44,"totalPrice":147000,"meterSquarePrice":1,"link":"https://www.nehnutelnosti.sk/detail/JuxZMFMcFXC/dvojizbovy-byt-kompletna-rekonstrukcia-43-60-m2-trnava-centrum","imagesUrls":["https://img.nehnutelnosti.sk/foto/NjAweDMzOC9maWx0ZXJzOnF1YWxpdHkoMTAwKS9uZWg=/5w3vgFo-L_fss?st=xFCI2pOExA1OaWuZ_vUOgB3tfwZRH5uWifqj6hHdG4o&ts=1726819599&e=0"]},{"title":"Nový trojizbový byt, 67 m2, vlastný pozemok o výmere 110 m2, Boleráz","address":"Boleráz, okres Trnava","rooms":3,"meters":67,"totalPrice":135000,"meterSquarePrice":3,"link":"https://www.nehnutelnosti.sk/detail/JuDvMehJppe/novy-trojizbovy-byt-67-m2-vlastny-pozemok-o-vymere-110-m2-boleraz","imagesUrls":["https://img.nehnutelnosti.sk/foto/NjAweDMzOC9maWx0ZXJzOnF1YWxpdHkoMTAwKS9uZWg=/a1HDeoCaC_fss?st=PWp44Vg5PiGYEdH-zyF40IDjyEEDXSYRvr-sRhbYMOE&ts=1726819596&e=0"]},{"title":"HRADNÝ KOPEC: 5-IZBOVÝ BYT SO SAUNOU, BAZÉNOM A ZÁHRADOU","address":"Drotárska cesta, Bratislava I - Staré Mesto, okres Bratislava","rooms":5,"meters":247,"totalPrice":1000000,"meterSquarePrice":8,"link":"https://www.nehnutelnosti.sk/detail/Ju5OE9O6Rc7/hradny-kopec-5-izbovy-byt-so-saunou-bazenom-a-zahradou","imagesUrls":["https://img.nehnutelnosti.sk/foto/NjAweDMzOC9maWx0ZXJzOnF1YWxpdHkoMTAwKS9uZWg=/fQgRyLKlf__fss?st=0jpiFpMRRYVXn3bItbPDLdGtHHpjolFa7N7tGaJKrL8&ts=1723560052&e=0"]},{"title":"Rezervovaný...2-izbový byt po kompletnej rekonštrukcii a zariadený na Jurkovičovej ulici","address":"Jurkovičova, Nitra, okres Nitra","rooms":2,"meters":63,"totalPrice":148000,"meterSquarePrice":1,"link":"https://www.nehnutelnosti.sk/detail/JuFtp34DwBO/rezervovany-2-izbovy-byt-po-kompletnej-rekonstrukcii-a-zariadeny-na-jurkovicovej-ulici","imagesUrls":["https://img.unitedclassifieds.sk/foto/NjAweDMzOC9maWx0ZXJzOnF1YWxpdHkoMTAwKS9qdWw=/EoD59OO-f_fss?st=Ev3IWtOGaDfSa-bAQ4k7ZQFSQdeOgQKGCngWcGggywA&ts=1724394478&e=0"]},{"title":"Štýlový 93 m2 byt na rohu medzi ulicou Štúrovou a Fraňa Mojtu po kompletnej rekonštrukcii","address":"Fraňa Mojtu, Nitra, okres Nitra","rooms":3,"meters":93,"totalPrice":null,"meterSquarePrice":null,"link":"https://www.nehnutelnosti.sk/detail/Jusy8KvFsJz/stylovy-93-m2-byt-na-rohu-medzi-ulicou-sturovou-a-frana-mojtu-po-kompletnej-rekonstrukcii","imagesUrls":["https://img.unitedclassifieds.sk/foto/NjAweDMzOC9maWx0ZXJzOnF1YWxpdHkoMTAwKS9qdWw=/p79GAExel_fss?st=NZNFkQewtWuoOAa_g01_km0Ru4l-1HWqLjYz33LNB6w&ts=1724657111&e=0"]},{"title":"Top lokalita 3-izbový byt na predaj s rozlohou 80m2 na Sládkovičovej ulici","address":"Sládkovičova, Nitra, okres Nitra","rooms":3,"meters":80,"totalPrice":175000,"meterSquarePrice":0,"link":"https://www.nehnutelnosti.sk/detail/JuHUW6dlsQI/top-lokalita-3-izbovy-byt-na-predaj-s-rozlohou-80m2-na-sladkovicovej-ulici","imagesUrls":["https://img.unitedclassifieds.sk/foto/NjAweDMzOC9maWx0ZXJzOnF1YWxpdHkoMTAwKS9qdWw=/7MG_LeFd4_fss?st=i_91e8UiUJeMQzLlX1ymt1lLXgZ4uuEw12c7lWb_nSw&ts=1720361525&e=0"]},{"title":"Rezervovaný. Lukratívny 2-izbový byt kompletne zrekonštruovaný a zariadený aj s parkovaním na dvore","address":"Fraňa Mojtu, Nitra, okres Nitra","rooms":2,"meters":57,"totalPrice":null,"meterSquarePrice":null,"link":"https://www.nehnutelnosti.sk/detail/JugMcuceItQ/rezervovany-lukrativny-2-izbovy-byt-kompletne-zrekonstruovany-a-zariadeny-aj-s-parkovanim-na-dvore","imagesUrls":["https://img.unitedclassifieds.sk/foto/NjAweDMzOC9maWx0ZXJzOnF1YWxpdHkoMTAwKS9qdWw=/O-FuAsMpQ_fss?st=1uSgoPJp6-8fFDmt2IA4wlzJnuYlfTQggSAL-f2HzRE&ts=1725213246&e=0"]},{"title":"2-izbový byt novostavba na Podzámskej ulici pod Nitrianskym hradom","address":"Podzámska, Nitra, okres Nitra","rooms":2,"meters":55,"totalPrice":202000,"meterSquarePrice":3,"link":"https://www.nehnutelnosti.sk/detail/Juh4cBUzQAp/2-izbovy-byt-novostavba-na-podzamskej-ulici-pod-nitrianskym-hradom","imagesUrls":["https://img.unitedclassifieds.sk/foto/NjAweDMzOC9maWx0ZXJzOnF1YWxpdHkoMTAwKS9qdWw=/IfI-aiO4f_fss?st=xjkHosxPrKLCtwxcr4EBubdoxxWauQonZoZznOZN38A&ts=1726559923&e=0"]},{"title":"2-izbový byt na Potravinárskej ulici, Dúhové bývanie, kompletne zariadený, loggia, pivnica, parkovac","address":"Potravinárska, Nitra, okres Nitra","rooms":2,"meters":52,"totalPrice":153000,"meterSquarePrice":1,"link":"https://www.nehnutelnosti.sk/detail/JunwvoCO43u/2-izbovy-byt-na-potravinarskej-ulici-duhove-byvanie-kompletne-zariadeny-loggia-pivnica-parkovac","imagesUrls":["https://img.unitedclassifieds.sk/foto/NjAweDMzOC9maWx0ZXJzOnF1YWxpdHkoMTAwKS9qdWw=/NHkcD2cOQ_fss?st=X3hVfUPAZS0nKppYA5jdtJtumoX9_w0OvBBUbZZ-hMg&ts=1725957604&e=0"]},{"title":"4-izbový byt na predaj v lukratívnej časti Chrenová 1 na ulici Tr.A.Hlinku","address":"Trieda Andreja Hlinku, Nitra, okres Nitra","rooms":4,"meters":84,"totalPrice":168000,"meterSquarePrice":0,"link":"https://www.nehnutelnosti.sk/detail/JuirdwTG3Mb/4-izbovy-byt-na-predaj-v-lukrativnej-casti-chrenova-1-na-ulici-tr-a-hlinku","imagesUrls":["https://img.unitedclassifieds.sk/foto/NjAweDMzOC9maWx0ZXJzOnF1YWxpdHkoMTAwKS9qdWw=/ZIWH415Zq_fss?st=NPT_Ieo8p2yuKZAG7RSighIdtvOsoDd7nYVASQReUY0&ts=1725343871&e=0"]},{"title":"Top lokalita, 2-izbový byt na ulici Richtára Peregrína aj s parkovaním na dvore","address":"Richtára Peregrina, Nitra, okres Nitra","rooms":2,"meters":57,"totalPrice":126000,"meterSquarePrice":3,"link":"https://www.nehnutelnosti.sk/detail/Ju5jrwowKoN/top-lokalita-2-izbovy-byt-na-ulici-richtara-peregrina-aj-s-parkovanim-na-dvore","imagesUrls":["https://img.unitedclassifieds.sk/foto/NjAweDMzOC9maWx0ZXJzOnF1YWxpdHkoMTAwKS9qdWw=/ZnCGr8xxeH_fss?st=NKzqkSnD_piB2qmaqF7WE78jV7Jtq37QSP9lo3wxRvg&ts=1725259920&e=0"]},{"title":"Lukratívny veľkometrážny 3-izbový byt po kompletnej rekonštrukcii,  zariadený na Chrenovej","address":"Trieda Andreja Hlinku, Nitra, okres Nitra","rooms":3,"meters":85,"totalPrice":189000,"meterSquarePrice":3,"link":"https://www.nehnutelnosti.sk/detail/JuIJIhN_jcn/lukrativny-velkometrazny-3-izbovy-byt-po-kompletnej-rekonstrukcii-zariadeny-na-chrenovej","imagesUrls":["https://img.unitedclassifieds.sk/foto/NjAweDMzOC9maWx0ZXJzOnF1YWxpdHkoMTAwKS9qdWw=/uRtbbo2Yr_fss?st=fNlMK2eVgTd4yCmWl0PCVW40qMNAWwlqBBmVwGgIS2E&ts=1726155894&e=0"]},{"title":"Kompletne prerobený 1-izbový byt na predaj, Gazdovská, Komárno","address":"Gazdovská, Komárno, okres Komárno","rooms":1,"meters":35,"totalPrice":59000,"meterSquarePrice":7,"link":"https://www.nehnutelnosti.sk/detail/JuXLpvvUE4o/kompletne-prerobeny-1-izbovy-byt-na-predaj-gazdovska-komarno","imagesUrls":["https://img.nehnutelnosti.sk/foto/NjAweDMzOC9maWx0ZXJzOnF1YWxpdHkoMTAwKS9uZWg=/kT54cQMHw_fss?st=yCEU_cl113D1WW9HKjKvjhxH6asTm-mDYc3mjhNqbCY&ts=1712219810&e=0"]},{"title":"3-izbový byt na predaj, Palúdzka, Liptovský Mikuláš","address":"Palučanská, Liptovský Mikuláš, okres Liptovský Mikuláš","rooms":3,"meters":69,"totalPrice":null,"meterSquarePrice":null,"link":"https://www.nehnutelnosti.sk/detail/JulTXa0OHPG/3-izbovy-byt-na-predaj-paludzka-liptovsky-mikulas","imagesUrls":["https://img.nehnutelnosti.sk/foto/NjAweDMzOC9maWx0ZXJzOnF1YWxpdHkoMTAwKS9uZWg=/H9KGOju0e5_fss?st=Fdflw8tWd60ULiBWBZZ5PJ5D6RG1YIgW5Q8SC93q5Hs&ts=1716831978&e=0"]},{"title":"3-izbový byt na predaj, Vrútky","address":"Vrútky, okres Martin","rooms":3,"meters":69,"totalPrice":114000,"meterSquarePrice":7,"link":"https://www.nehnutelnosti.sk/detail/JumYQsmlhdB/3-izbovy-byt-na-predaj-vrutky","imagesUrls":["https://img.nehnutelnosti.sk/foto/NjAweDMzOC9maWx0ZXJzOnF1YWxpdHkoMTAwKS9uZWg=/GuleIhYNj_fss?st=592MYdchnq2zzdeAEDR4TW39Skgx8bUvFEq48fpkr_k&ts=1721308456&e=0"]},{"title":"2-izbový byt Prievidza /J. Bendíka","address":"Prievidza, Prievidza, okres Prievidza","rooms":2,"meters":50,"totalPrice":null,"meterSquarePrice":null,"link":"https://www.nehnutelnosti.sk/detail/Ju6vVwurI9E/2-izbovy-byt-prievidza-j-bendika","imagesUrls":["https://img.nehnutelnosti.sk/foto/NjAweDMzOC9maWx0ZXJzOnF1YWxpdHkoMTAwKS9uZWg=/J750CleO8_fss?st=MjPXMBOshJGmCn2EslLPV4g2SNeUy95Qla9NqNJY0NA&ts=1713193273&e=0"]},{"title":"2-izbový byt na predaj, Kuzmányho, Centrum, Martin","address":"Kuzmányho, Martin, okres Martin","rooms":2,"meters":75,"totalPrice":null,"meterSquarePrice":null,"link":"https://www.nehnutelnosti.sk/detail/JuIHJtfqjOu/2-izbovy-byt-na-predaj-kuzmanyho-centrum-martin","imagesUrls":["https://img.nehnutelnosti.sk/foto/NjAweDMzOC9maWx0ZXJzOnF1YWxpdHkoMTAwKS9uZWg=/mC-T54pSb_fss?st=2Z73b-jitGIXHK0WMcW2lLznZGEVzyDoEU3B5iP8v8M&ts=1723548052&e=0"]},{"title":"Ponúkame na predaj 2 izbový byt s logiou v Nových Zámkoch","address":"Nové Zámky, Nové Zámky, okres Nové Zámky","rooms":2,"meters":75,"totalPrice":1,"meterSquarePrice":1,"link":"https://www.nehnutelnosti.sk/detail/JuevH-EfMo1V/ponukame-na-predaj-2-izbovy-byt-s-logiou-v-novych-zamkoch","imagesUrls":["https://img.nehnutelnosti.sk/foto/NjAweDMzOC9maWx0ZXJzOnF1YWxpdHkoMTAwKS9uZWg=/Gxeg28qVp_fss?st=JBvbf-1Y0ZP1mfc4F42_L-eScLSFocWmV0wmW8JpogU&ts=1637968298&e=0"]},{"title":"Predaj slnečný 3-izbový byt s loggiou po čiastočnej rekonštrukcii Rozkvet","address":"Považská Bystrica, okres Považská Bystrica","rooms":3,"meters":64,"totalPrice":null,"meterSquarePrice":null,"link":"https://www.nehnutelnosti.sk/detail/JuTD3scxQC8/predaj-slnecny-3-izbovy-byt-s-loggiou-po-ciastocnej-rekonstrukcii-rozkvet","imagesUrls":["https://img.nehnutelnosti.sk/foto/NjAweDMzOC9maWx0ZXJzOnF1YWxpdHkoMTAwKS9uZWg=/5sTuAgiqyD_fss?st=5NSSADHfsO4AYN8LSVy2XhQgKiD_9FJc2yRZsMNhi_I&ts=1726742245&e=0"]},{"title":"Útulný 3 izbový byt na u. Gen. Klapku v Komárne na predaj","address":"Gen.Klapku, Komárno, okres Komárno","rooms":3,"meters":53,"totalPrice":85000,"meterSquarePrice":7,"link":"https://www.nehnutelnosti.sk/detail/JuJ1RGo_5vK/utulny-3-izbovy-byt-na-u-gen-klapku-v-komarne-na-predaj","imagesUrls":["https://img.nehnutelnosti.sk/foto/NjAweDMzOC9maWx0ZXJzOnF1YWxpdHkoMTAwKS9uZWg=/CVD2dv6yG_fss?st=dcmkUnN8Ft7fh9Vln8CH3gCTA3Ax7njzCvwx72_hLPM&ts=1726646207&e=0"]}]