[{"title":"PREDANÝ perspektívny 1.5 izbový byt (39,5m2)  na Palkovičovej","address":"Palkovičova, Košice I - Sever, okres Košice","rooms":1,"meters":null,"totalPrice":null,"meterSquarePrice":null,"link":"https://www.nehnutelnosti.sk/detail/JuTwh22gjpl/predany-perspektivny-1-5-izbovy-byt-39-5m2-na-palkovicovej","imagesUrls":["https://img.nehnutelnosti.sk/foto/NjAweDMzOC9maWx0ZXJzOnF1YWxpdHkoMTAwKS9uZWg=/ri1Mjth4ML_fss?st=zUijbdmwcFRfekQUHZPOPOnflKiJNDHButrbugW9zvQ&ts=1719513911&e=0"]},{"title":"Exkluzívne na predaj 3 izbový byt Kopčianska - Bratislava Petržalka","address":"Kopčianska 86, Bratislava V - Petržalka, okres Bratislava","rooms":3,"meters":59,"totalPrice":125000,"meterSquarePrice":4,"link":"https://www.nehnutelnosti.sk/detail/Ju5zpYqpVJj/exkluzivne-na-predaj-3-izbovy-byt-kopcianska-bratislava-petrzalka","imagesUrls":["https://img.unitedclassifieds.sk/foto/NjAweDMzOC9maWx0ZXJzOnF1YWxpdHkoMTAwKS9qdWw=/XbgxqhVox_fss?st=Zrcq-RBr1KsmicRWO_tC5ctrQsTWobk5HXzwhQCvn0c&ts=1721124106&e=0"]},{"title":"Krásny 3 izb.byt Malé Krasňany, novostavba","address":"Račianska, Bratislava III - Rača, okres Bratislava","rooms":3,"meters":82,"totalPrice":319000,"meterSquarePrice":4,"link":"https://www.nehnutelnosti.sk/detail/JunL9wmZTXk/krasny-3-izb-byt-male-krasnany-novostavba","imagesUrls":["https://img.unitedclassifieds.sk/foto/NjAweDMzOC9maWx0ZXJzOnF1YWxpdHkoMTAwKS9yc2Y=/lKV94R4Bc_fss?st=ukGtH-KXCFlbBXD_4ZFSwOwmvlILRwgy2mxUhNxwajo&ts=1717507082&e=0"]},{"title":"Krásny 4 izb. byt s predzáhradkou, 2x park.miesto v garáži, BA II","address":"Ostružinová, Bratislava II - Vrakuňa, okres Bratislava","rooms":4,"meters":null,"totalPrice":null,"meterSquarePrice":null,"link":"https://www.nehnutelnosti.sk/detail/JudYu4IKfzk/krasny-4-izb-byt-s-predzahradkou-2x-park-miesto-v-garazi-ba-ii","imagesUrls":["https://img.unitedclassifieds.sk/foto/NjAweDMzOC9maWx0ZXJzOnF1YWxpdHkoMTAwKS9yc2Y=/OACzx6ZKKT_fss?st=PQ25Q9bsoXtGaH9aQH0aMbrIJrXjJwSO9PScMj3e4h4&ts=1718699098&e=0"]},{"title":"Krásny 4 izb. byt s predzáhradkou, 3x park.miesto /z toho 2x v garáži/, BA II","address":"Ostružinová, Bratislava II - Vrakuňa, okres Bratislava","rooms":4,"meters":90,"totalPrice":330000,"meterSquarePrice":7,"link":"https://www.nehnutelnosti.sk/detail/JulgFS8CZj-/krasny-4-izb-byt-s-predzahradkou-3x-park-miesto-z-toho-2x-v-garazi-ba-ii","imagesUrls":["https://img.unitedclassifieds.sk/foto/NjAweDMzOC9maWx0ZXJzOnF1YWxpdHkoMTAwKS9yc2Y=/DDWB7JEh__fss?st=IVDKD00UPWOJpbnRnWFSD9dGmViD1LJJaHlgO7V1g8g&ts=1718698873&e=0"]},{"title":"MACH Reality na predaj 2 izbové byty s terasou a parkovaním  v novostavbe Ivanka pri Nitre","address":"Ivanka pri Nitre, okres Nitra","rooms":2,"meters":42,"totalPrice":89000,"meterSquarePrice":5,"link":"https://www.nehnutelnosti.sk/detail/JuheyYYABHa/mach-reality-na-predaj-2-izbove-byty-s-terasou-a-parkovanim-v-novostavbe-ivanka-pri-nitre","imagesUrls":["https://img.nehnutelnosti.sk/foto/NjAweDMzOC9maWx0ZXJzOnF1YWxpdHkoMTAwKS9uZWg=/2YTBzwSmS_fss?st=CvBW5H_xPx0NEZyDPlEtHxHscaV8di3cOulQkyYhTmE&ts=1713337964&e=0"]},{"title":"2 izbový byt v pôvodnom stave v centre mesta, návrh interiéru k bytu","address":"Mýtna, Bratislava I - Staré Mesto, okres Bratislava","rooms":2,"meters":49,"totalPrice":175500,"meterSquarePrice":3,"link":"https://www.nehnutelnosti.sk/detail/JuFnVDfidvE/2-izbovy-byt-v-povodnom-stave-v-centre-mesta-navrh-interieru-k-bytu","imagesUrls":["https://img.nehnutelnosti.sk/foto/NjAweDMzOC9maWx0ZXJzOnF1YWxpdHkoMTAwKS9uZWg=/qljCddpt_L_fss?st=UjgnGFIUvjtIgrMwWnnyI1GnOqIj0MOilkU4nj48pk4&ts=1721121171&e=0"]},{"title":"3-izbový byt v projekte DOMINO PARK - Popradská ulica","address":"Popradská, Košice II - Západ, okres Košice","rooms":3,"meters":88,"totalPrice":274700,"meterSquarePrice":6,"link":"https://www.nehnutelnosti.sk/detail/JuNvR-kSoKJ/3-izbovy-byt-v-projekte-domino-park-popradska-ulica","imagesUrls":["https://img.nehnutelnosti.sk/foto/NjAweDMzOC9maWx0ZXJzOnF1YWxpdHkoMTAwKS9uZWg=/9v7ztWcU-Z_fss?st=XiCekNQRdv-ejoMgiQdFiI7K-Qlocv-CwwqIHSapOMA&ts=1721116931&e=0"]},{"title":"Predám 3izbový byt 82m2","address":"Nové Zámky, okres Nové Zámky","rooms":3,"meters":null,"totalPrice":null,"meterSquarePrice":null,"link":"https://www.nehnutelnosti.sk/detail/JuXYH2XjRdV/predam-3izbovy-byt-82m2","imagesUrls":["https://img.nehnutelnosti.sk/foto/NjAweDMzOC9maWx0ZXJzOnF1YWxpdHkoMTAwKS9uZWg=/ZcGfVTcRP_fss?st=2P9TBbbap_DRPvZuf0G9JDsxkSqG7q2fE-7VE4It2_Y&ts=1706590014&e=0"]},{"title":"3- izbový byt vo vyhľadávanej lokalite Západ v Michalovciach","address":"Michalovce, okres Michalovce","rooms":3,"meters":92,"totalPrice":152000,"meterSquarePrice":7,"link":"https://www.nehnutelnosti.sk/detail/JuYn3EGsgzU/3-izbovy-byt-vo-vyhladavanej-lokalite-zapad-v-michalovciach","imagesUrls":["https://img.nehnutelnosti.sk/foto/NjAweDMzOC9maWx0ZXJzOnF1YWxpdHkoMTAwKS9uZWg=/RqLZ4vLg6_fss?st=hZ6uU8t8E2jJbtXQFYcw3y1pB4_kXmPQnxybmPNd1ck&ts=1726976009&e=0"]},{"title":"Taký byt ako tento je LEN jeden, honosné bývanie pre náročných","address":"WEST, Galanta, okres Galanta","rooms":4,"meters":120,"totalPrice":280000,"meterSquarePrice":3,"link":"https://www.nehnutelnosti.sk/detail/JujoXxL0hh3/taky-byt-ako-tento-je-len-jeden-honosne-byvanie-pre-narocnych","imagesUrls":["https://img.nehnutelnosti.sk/foto/NjAweDMzOC9maWx0ZXJzOnF1YWxpdHkoMTAwKS9uZWg=/q1EQkKOdx-_fss?st=o5BUlz47x88w1o21Ed9jmExPFpR8xC1aQq1sDJFtcTM&ts=1725252853&e=0"]},{"title":"Luxusný 3 izbový byt pre náročných Bánovce NB s garážou","address":"Svätoplukova, Bánovce nad Bebravou, okres Bánovce nad Bebravou","rooms":3,"meters":null,"totalPrice":null,"meterSquarePrice":null,"link":"https://www.nehnutelnosti.sk/detail/JusIEOReu4O/luxusny-3-izbovy-byt-pre-narocnych-banovce-nb-s-garazou","imagesUrls":["https://img.nehnutelnosti.sk/foto/NjAweDMzOC9maWx0ZXJzOnF1YWxpdHkoMTAwKS9uZWg=/HS1jenyLf_fss?st=TuyPr09YVspdIrK3wV_1nneD5nWD4p8-22OtGle0u5s&ts=1705512703&e=0"]},{"title":"Reliart»Palisády: Predaj luxusného 6i bytu/eng. text inside","address":"Tolstého, Bratislava I - Staré Mesto, okres Bratislava","rooms":5,"meters":200,"totalPrice":849000,"meterSquarePrice":5,"link":"https://www.nehnutelnosti.sk/detail/JuJgcdYhR4D/reliartpalisady-predaj-luxusneho-6i-bytu-eng-text-inside","imagesUrls":["https://img.nehnutelnosti.sk/foto/NjAweDMzOC9maWx0ZXJzOnF1YWxpdHkoMTAwKS9uZWg=/8Mj4ygiAa_fss?st=9WOvoXHvBtg65W5qbgCfncQwOW4zLQdQx6yGNQbGV6A&ts=1721103736&e=0"]},{"title":"Na predaj 2 izbový tehlový byt blízko centra - Prešov","address":"Tarasa Ševčenka, Prešov, okres Prešov","rooms":2,"meters":49,"totalPrice":null,"meterSquarePrice":null,"link":"https://www.nehnutelnosti.sk/detail/JucHN8Zo5TT/na-predaj-2-izbovy-tehlovy-byt-blizko-centra-presov","imagesUrls":["https://img.nehnutelnosti.sk/foto/NjAweDMzOC9maWx0ZXJzOnF1YWxpdHkoMTAwKS9uZWg=/-3AsOi7za_fss?st=j-Ah6UjdLHhSCFrUIfYVb_hAPThPavkR2z-ZFdPD5iw&ts=1721069307&e=0"]},{"title":"2. izb. byt","address":"Male Stankovce, Trenčianske Stankovce, okres Trenčín","rooms":2,"meters":54,"totalPrice":null,"meterSquarePrice":null,"link":"https://www.nehnutelnosti.sk/detail/JuW4dDmfDzG/2-izb-byt","imagesUrls":["https://img.nehnutelnosti.sk/foto/NjAweDMzOC9maWx0ZXJzOnF1YWxpdHkoMTAwKS9uZWg=/7R3hfbge3_fss?st=iAihKmPCBJQfXRhf3nqUOtSpsGQqZQ7lmf19pq4YNDg&ts=1713265363&e=0"]},{"title":"Na predaj 2 izbový byt v Malackách","address":"D.Skuteckého 14, Malacky, okres Malacky","rooms":2,"meters":45,"totalPrice":102400,"meterSquarePrice":6,"link":"https://www.nehnutelnosti.sk/detail/Ju8I3hJYqa4/na-predaj-2-izbovy-byt-v-malackach","imagesUrls":["https://img.nehnutelnosti.sk/foto/NjAweDMzOC9maWx0ZXJzOnF1YWxpdHkoMTAwKS9uZWg=/cgwv0AFSeh_fss?st=k8i3ZckJOHUeerV2uyMdDEdjt30avDhI3U1tQjXV_2A&ts=1722407338&e=0"]},{"title":"2. izb. byt","address":"Male Stankovce, Trenčianske Stankovce, okres Trenčín","rooms":2,"meters":54,"totalPrice":null,"meterSquarePrice":null,"link":"https://www.nehnutelnosti.sk/detail/JurOr5PLyqL/2-izb-byt","imagesUrls":["https://img.nehnutelnosti.sk/foto/NjAweDMzOC9maWx0ZXJzOnF1YWxpdHkoMTAwKS9uZWg=/VTjIMrmjy_fss?st=COUCcpsbqAZG879mZTDodOE6MW6fIAquQZENFiL6I24&ts=1713265362&e=0"]},{"title":"NADŠTANDARDNÝ 3-IZBOVÝ APARTMÁN V PRÉMIOVOM PROJEKTE V BLÍZKOSTI DOWNTOWNU","address":"Prístavná, Bratislava II - Ružinov, okres Bratislava","rooms":3,"meters":112,"totalPrice":365000,"meterSquarePrice":3,"link":"https://www.nehnutelnosti.sk/detail/JuZoLDtIcCB/nadstandardny-3-izbovy-apartman-v-premiovom-projekte-v-blizkosti-downtownu","imagesUrls":["https://img.nehnutelnosti.sk/foto/NjAweDMzOC9maWx0ZXJzOnF1YWxpdHkoMTAwKS9uZWg=/Qr_8VDFBj_fss?st=Ve7hQZLYHKrsPzyP1ZlP5IyJJ-93WnkZJsem57yMPj8&ts=1715326985&e=0"]},{"title":"Na predaj 2-izbový byt na Bezručovej ulici v Nových Zámkoch","address":"Bezručová, Nové Zámky, okres Nové Zámky","rooms":2,"meters":58,"totalPrice":123000,"meterSquarePrice":9,"link":"https://www.nehnutelnosti.sk/detail/JuthH53xUqa/na-predaj-2-izbovy-byt-na-bezrucovej-ulici-v-novych-zamkoch","imagesUrls":["https://img.nehnutelnosti.sk/foto/NjAweDMzOC9maWx0ZXJzOnF1YWxpdHkoMTAwKS9uZWg=/bRr6nWnkz_fss?st=GV2m3Zo4B11Rh37qG3PLLhHYYo27czaU7Otsu1P58ec&ts=1689947155&e=0"]},{"title":"Ponúkame na predaj exkluzívne apartmány v luxusnom komplexe Akvamarín Bešeňová.","address":"Bešeňová, Bešeňová, okres Ružomberok","rooms":null,"meters":37,"totalPrice":288948,"meterSquarePrice":9,"link":"https://www.nehnutelnosti.sk/detail/JuFy0NjF4mn/ponukame-na-predaj-exkluzivne-apartmany-v-luxusnom-komplexe-akvamarin-besenova","imagesUrls":["https://img.nehnutelnosti.sk/foto/NjAweDMzOC9maWx0ZXJzOnF1YWxpdHkoMTAwKS9uZWg=/lwrnjXmYp_fss?st=f7_r2EHIHnV28smxLtVuRvldk5aEb1GFk99GWzyd9g0&ts=1725650173&e=0"]},{"title":"NA PREDAJ 3 izbový byt - Sídlisko 3 - mesto Humenné","address":"Laborecká, Humenné, okres Humenné","rooms":3,"meters":59,"totalPrice":75000,"meterSquarePrice":9,"link":"https://www.nehnutelnosti.sk/detail/JuEFjwyHAdF/na-predaj-3-izbovy-byt-sidlisko-3-mesto-humenne","imagesUrls":["https://img.nehnutelnosti.sk/foto/NjAweDMzOC9maWx0ZXJzOnF1YWxpdHkoMTAwKS9uZWg=/gE74gl1NI_fss?st=XlU0SJwRKL3ciC3Dlb8LZ-twbDXKmOsBw5c15B4rznY&ts=1725703070&e=0"]},{"title":"Ponúkame na predaj exkluzívne apartmány v luxusnom komplexe Akvamarín Bešeňová.","address":"Bešeňová, Bešeňová, okres Ružomberok","rooms":null,"meters":37,"totalPrice":277791,"meterSquarePrice":0,"link":"https://www.nehnutelnosti.sk/detail/JuPKO2msR3i/ponukame-na-predaj-exkluzivne-apartmany-v-luxusnom-komplexe-akvamarin-besenova","imagesUrls":["https://img.nehnutelnosti.sk/foto/NjAweDMzOC9maWx0ZXJzOnF1YWxpdHkoMTAwKS9uZWg=/1C8wxQaT4_fss?st=6cA6-YXWwP-oMpuqZguiG6XUkmlzv1L2h4CGCz_fMsA&ts=1721063542&e=0"]},{"title":"Rezervovaný -Predaj 2 izb. bytu na Moyzesovej ulici v Dubnici nad Váho","address":"Moyzesova, Dubnica nad Váhom, okres Ilava","rooms":2,"meters":46,"totalPrice":99900,"meterSquarePrice":4,"link":"https://www.nehnutelnosti.sk/detail/Ju5rKNBdcQP/rezervovany-predaj-2-izb-bytu-na-moyzesovej-ulici-v-dubnici-nad-vaho","imagesUrls":["https://img.nehnutelnosti.sk/foto/NjAweDMzOC9maWx0ZXJzOnF1YWxpdHkoMTAwKS9uZWg=/nG8rmsRJSS_fss?st=e3veWiPQAR4wUN7sW2lNrekdx_kizl_NN4AEZpK4AP0&ts=1721056889&e=0"]},{"title":"Ponúkame Vám na predaj 3 izbový byt v Bánovciach nad Bebravou na ulici Sládkovičova","address":"Sládkovičova, Bánovce nad Bebravou, okres Bánovce nad Bebravou","rooms":3,"meters":78,"totalPrice":93000,"meterSquarePrice":1,"link":"https://www.nehnutelnosti.sk/detail/JuzLCevMNNX/ponukame-vam-na-predaj-3-izbovy-byt-v-banovciach-nad-bebravou-na-ulici-sladkovicova","imagesUrls":["https://img.nehnutelnosti.sk/foto/NjAweDMzOC9maWx0ZXJzOnF1YWxpdHkoMTAwKS9uZWg=/xcTkOtOOB_fss?st=cqjKf_sEiF4H1kcqm0GG0Tn0ALDCoOGo9eCU24n6-7g&ts=1721055803&e=0"]},{"title":"3- izbový byt na sídlisku Juh v Michalovciach","address":"Michalovce, okres Michalovce","rooms":3,"meters":66,"totalPrice":120000,"meterSquarePrice":2,"link":"https://www.nehnutelnosti.sk/detail/JuYKEghu0n6/3-izbovy-byt-na-sidlisku-juh-v-michalovciach","imagesUrls":["https://img.nehnutelnosti.sk/foto/NjAweDMzOC9maWx0ZXJzOnF1YWxpdHkoMTAwKS9uZWg=/er7ELhfDsL_fss?st=rSLkaGp3q1rpDO8wk663HIWAdysbhZVhy5U0Wjzeue4&ts=1717609836&e=0"]},{"title":"NADŠTANDARDNÝ 3-IZBOVÝ APARTMÁN V PRÉMIOVOM PROJEKTE V BLÍZKOSTI DOWNTOWNU, 112 M2","address":"Prístavná, Bratislava II - Ružinov, okres Bratislava","rooms":3,"meters":112,"totalPrice":420000,"meterSquarePrice":0,"link":"https://www.nehnutelnosti.sk/detail/JuFi_Fjl0Mj/nadstandardny-3-izbovy-apartman-v-premiovom-projekte-v-blizkosti-downtownu-112-m2","imagesUrls":["https://img.nehnutelnosti.sk/foto/NjAweDMzOC9maWx0ZXJzOnF1YWxpdHkoMTAwKS9uZWg=/lVZbYhiq6_fss?st=m1GlteWhH28bkCQZAZjLbWVNU_5mr0u7hpoSGHY3fUo&ts=1715326746&e=0"]},{"title":"NA PREDAJ  V KOMÁRNE  GARZÓNOVÝ BYT BLÍZKO CENTRA MESTA","address":"Komenského ul., Komárno, okres Komárno","rooms":null,"meters":20,"totalPrice":41000,"meterSquarePrice":0,"link":"https://www.nehnutelnosti.sk/detail/Ju7ipA0Xz9P/na-predaj-v-komarne-garzonovy-byt-blizko-centra-mesta","imagesUrls":["https://img.unitedclassifieds.sk/foto/NjAweDMzOC9maWx0ZXJzOnF1YWxpdHkoMTAwKS9qdWw=/PY7H36d0L_fss?st=mj08kpAJP6vkTa35Fa_OMgkczYS_Un6bjszames1lME&ts=1721044503&e=0"]},{"title":"4-izb. Byt - Topoľčany","address":"J. Matušku, Topoľčany, okres Topoľčany","rooms":4,"meters":82,"totalPrice":109000,"meterSquarePrice":7,"link":"https://www.nehnutelnosti.sk/detail/JugWSPtD80g/4-izb-byt-topolcany","imagesUrls":["https://img.nehnutelnosti.sk/foto/NjAweDMzOC9maWx0ZXJzOnF1YWxpdHkoMTAwKS9uZWg=/3fLdzzuKX_fss?st=Of6aHmoUaG8UQXDYZBkZ2nkRClfqfEU8ejY-2KoBCQg&ts=1721108909&e=0"]},{"title":"Luxusné byty v centre mesta Čadca: Exkluzívna ponuka pre vyberavú klientelu","address":"Maticné námestie, Čadca, okres Čadca","rooms":null,"meters":null,"totalPrice":null,"meterSquarePrice":null,"link":"https://www.nehnutelnosti.sk/detail/JuEPgFg50vV/luxusne-byty-v-centre-mesta-cadca-exkluzivna-ponuka-pre-vyberavu-klientelu","imagesUrls":["https://img.nehnutelnosti.sk/foto/NjAweDMzOC9maWx0ZXJzOnF1YWxpdHkoMTAwKS9uZWg=/FqxhHUfKKF_fss?st=ihhN_p5jlNfkSej5s_J0nBbGZrYWysz2DEpglIgkH0E&ts=1705476371&e=0"]},{"title":"Na predaj 1- izbový byt v Lučenci","address":"Rúbanisko II, Lučenec, okres Lučenec","rooms":1,"meters":39,"totalPrice":39990,"meterSquarePrice":8,"link":"https://www.nehnutelnosti.sk/detail/JuDNpnjdaA7/na-predaj-1-izbovy-byt-v-lucenci","imagesUrls":["https://img.nehnutelnosti.sk/foto/NjAweDMzOC9maWx0ZXJzOnF1YWxpdHkoMTAwKS9uZWg=/oGDFnH6Jt_fss?st=xKWzR9VC3YCbOdlZKFZgAhh-jFgqr7cSGj86mTyOb4U&ts=1717588613&e=0"]}]