[{"title":"NA PREDAJ - 1-izbový byt vo Veľkých Kapušanoch","address":"P. O. Hviezdoslava, Veľké Kapušany, okres Michalovce","rooms":1,"meters":1,"totalPrice":35000,"meterSquarePrice":0,"link":"https://www.nehnutelnosti.sk/detail/JufpxUAAwCU/na-predaj-1-izbovy-byt-vo-velkych-kapusanoch","imagesUrls":["https://img.unitedclassifieds.sk/foto/NjAweDMzOC9maWx0ZXJzOnF1YWxpdHkoMTAwKS9qdWw=/31LB8nzyy_fss?st=pbaYuIHpzUPQS46ZoRV9f-o6JPOV5PwALzhR_QAvl0U&ts=1724066437&e=0"]},{"title":"NA PREDAJ 3-izbový byt v Čiernej nad Tisou","address":"Zimná, Čierna nad Tisou, okres Trebišov","rooms":3,"meters":1,"totalPrice":23900,"meterSquarePrice":0,"link":"https://www.nehnutelnosti.sk/detail/JuMUgF0q0rl/na-predaj-3-izbovy-byt-v-ciernej-nad-tisou","imagesUrls":["https://img.unitedclassifieds.sk/foto/NjAweDMzOC9maWx0ZXJzOnF1YWxpdHkoMTAwKS9qdWw=/UxSe6ckqb_fss?st=YyJ6tBktUJTP0cKF8xLsMAConBihj95sRV4crC147ik&ts=1723811687&e=0"]},{"title":"3-izbový byt na sídlisku Juh vo Vranove nad Topľou","address":"Vranov nad Topľou, okres Vranov nad Topľou","rooms":3,"meters":1,"totalPrice":111900,"meterSquarePrice":0,"link":"https://www.nehnutelnosti.sk/detail/JuNl_D8dkCH/3-izbovy-byt-na-sidlisku-juh-vo-vranove-nad-toplou","imagesUrls":["https://img.unitedclassifieds.sk/foto/NjAweDMzOC9maWx0ZXJzOnF1YWxpdHkoMTAwKS9qdWw=/6DEFmiXuY4_fss?st=jFH9B0n_Pld9NaEqyMxsWKaZT_Vcc2e6by2v3n-srIw&ts=1723818537&e=0"]},{"title":"PEKNÝ 2-izbový byt – Berehovská ul., Trebišov","address":"Berehovská, Trebišov, okres Trebišov","rooms":2,"meters":1,"totalPrice":85000,"meterSquarePrice":0,"link":"https://www.nehnutelnosti.sk/detail/JuXlDD7afNZ/pekny-2-izbovy-byt-berehovska-ul-trebisov","imagesUrls":["https://img.unitedclassifieds.sk/foto/NjAweDMzOC9maWx0ZXJzOnF1YWxpdHkoMTAwKS9qdWw=/DIgGGAbOC_fss?st=T6I6c0OFkXnBjYrF1f1qQ_0hCdaoiT6o1FykTiD1j8s&ts=1724066022&e=0"]},{"title":"NA PREDAJ! 1-izbový byt na SNP v Michalovciach","address":"SNP, Michalovce, okres Michalovce","rooms":1,"meters":1,"totalPrice":68000,"meterSquarePrice":0,"link":"https://www.nehnutelnosti.sk/detail/JutFCcFT17v/na-predaj-1-izbovy-byt-na-snp-v-michalovciach","imagesUrls":["https://img.unitedclassifieds.sk/foto/NjAweDMzOC9maWx0ZXJzOnF1YWxpdHkoMTAwKS9qdWw=/LFl334eWN_fss?st=nho8O-2hYRJqDOCEisD-3jvUU7JSmv7an3tMmbuox5Q&ts=1723816229&e=0"]},{"title":"NA PREDAJ - 3-izbový by na Stráňanoch v Michalovciach","address":"Nad Laborcom, Michalovce, okres Michalovce","rooms":3,"meters":1,"totalPrice":99900,"meterSquarePrice":0,"link":"https://www.nehnutelnosti.sk/detail/JuhY5CIDO5-/na-predaj-3-izbovy-by-na-strananoch-v-michalovciach","imagesUrls":["https://img.unitedclassifieds.sk/foto/NjAweDMzOC9maWx0ZXJzOnF1YWxpdHkoMTAwKS9qdWw=/k3aGuByvg_fss?st=fv1hcqN-4AE10OyQJGSUzCnamWzpRRfPuVLfV7Qj_As&ts=1724249877&e=0"]},{"title":"NOVINKA! Pekný 2-izbový byt v Sobranciach","address":"Komenského, Sobrance, okres Sobrance","rooms":2,"meters":1,"totalPrice":72900,"meterSquarePrice":0,"link":"https://www.nehnutelnosti.sk/detail/JuIh_ymM2wu/novinka-pekny-2-izbovy-byt-v-sobranciach","imagesUrls":["https://img.unitedclassifieds.sk/foto/NjAweDMzOC9maWx0ZXJzOnF1YWxpdHkoMTAwKS9qdWw=/3o8YxW38J_fss?st=mC0v6zmsgin84x8qFcTBP7ztcNEPH1AxIJoYTK1dk0Y&ts=1724853541&e=0"]},{"title":"Na predaj 2-izbový byt – ul. J. Murgaša, Michalovce","address":"J. Murgaša, Michalovce, okres Michalovce","rooms":2,"meters":1,"totalPrice":104900,"meterSquarePrice":0,"link":"https://www.nehnutelnosti.sk/detail/JuwB4IWycWB/na-predaj-2-izbovy-byt-ul-j-murgasa-michalovce","imagesUrls":["https://img.unitedclassifieds.sk/foto/NjAweDMzOC9maWx0ZXJzOnF1YWxpdHkoMTAwKS9qdWw=/YTsLnSttT_fss?st=jW-VZLuJjLIBQzObbHje5J4LlXF9-9pZpOe6V8DGjJY&ts=1724408542&e=0"]},{"title":"Priestranný 4-izbový byt na Komenského ulici - Trebišov","address":"Komenského, Trebišov, okres Trebišov","rooms":4,"meters":1,"totalPrice":133000,"meterSquarePrice":0,"link":"https://www.nehnutelnosti.sk/detail/JuMxI2LFKTR/priestranny-4-izbovy-byt-na-komenskeho-ulici-trebisov","imagesUrls":["https://img.unitedclassifieds.sk/foto/NjAweDMzOC9maWx0ZXJzOnF1YWxpdHkoMTAwKS9qdWw=/7JyZ3Vqza_fss?st=_EX__-jbqx48ql-HhjFLq_wzz2fwRgiuQQQh3v6MMtc&ts=1725012936&e=0"]},{"title":"Kompletne rekonštruovaný 4-izbový byt na ulici Hollého - Michalovce","address":"Jána Hollého, Michalovce, okres Michalovce","rooms":4,"meters":1,"totalPrice":168500,"meterSquarePrice":0,"link":"https://www.nehnutelnosti.sk/detail/JuTaoGE8uVW/kompletne-rekonstruovany-4-izbovy-byt-na-ulici-holleho-michalovce","imagesUrls":["https://img.unitedclassifieds.sk/foto/NjAweDMzOC9maWx0ZXJzOnF1YWxpdHkoMTAwKS9qdWw=/gaQFFBfSI_fss?st=OWLt8i8WHShnjl9yLIGqBlncwyfEHqw4a-5QnkU1_gY&ts=1724849488&e=0"]},{"title":"NA PREDAJ 3-izbový byt v Michalovciach na obľúbenej adrese","address":"Okružná, Michalovce, okres Michalovce","rooms":3,"meters":1,"totalPrice":151900,"meterSquarePrice":0,"link":"https://www.nehnutelnosti.sk/detail/Ju8ISJZXDNd/na-predaj-3-izbovy-byt-v-michalovciach-na-oblubenej-adrese","imagesUrls":["https://img.unitedclassifieds.sk/foto/NjAweDMzOC9maWx0ZXJzOnF1YWxpdHkoMTAwKS9qdWw=/xIAb1MYVW_fss?st=3viIk0tTYgHvlyOp1P5gdvXAeuhJH8Efdmof39E-_uM&ts=1725868362&e=0"]},{"title":"NA PREDAJ 3-izbový byt, Sobrance - Tyršová","address":"Tyršova, Sobrance, okres Sobrance","rooms":3,"meters":1,"totalPrice":77900,"meterSquarePrice":0,"link":"https://www.nehnutelnosti.sk/detail/JueMlkZ2LRV/na-predaj-3-izbovy-byt-sobrance-tyrsova","imagesUrls":["https://img.unitedclassifieds.sk/foto/NjAweDMzOC9maWx0ZXJzOnF1YWxpdHkoMTAwKS9qdWw=/KuslMqDNc_fss?st=HWszacpDEvt2WaHux1RLDxc_RgB4BJTmwxMKKZkktnE&ts=1725632423&e=0"]},{"title":"SUPER ZĽAVA 2 izbový byt na sídl. SNP v Michalovciach","address":"SNP, Michalovce, okres Michalovce","rooms":2,"meters":1,"totalPrice":89900,"meterSquarePrice":0,"link":"https://www.nehnutelnosti.sk/detail/Ju8kDZK1lcb/super-zlava-2-izbovy-byt-na-sidl-snp-v-michalovciach","imagesUrls":["https://img.unitedclassifieds.sk/foto/NjAweDMzOC9maWx0ZXJzOnF1YWxpdHkoMTAwKS9qdWw=/6DVsL7C-C_fss?st=kF-1XR2tqu2uph7m6hvZTITlKn0R3BAdQNY4EmfuGNQ&ts=1725542524&e=0"]},{"title":"NA PREDAJ! 1-izbový byt na Hollého ul. v Michalovciach","address":"Jána Hollého, Michalovce, okres Michalovce","rooms":1,"meters":1,"totalPrice":64900,"meterSquarePrice":0,"link":"https://www.nehnutelnosti.sk/detail/Juk1Xm3-tW3/na-predaj-1-izbovy-byt-na-holleho-ul-v-michalovciach","imagesUrls":["https://img.unitedclassifieds.sk/foto/NjAweDMzOC9maWx0ZXJzOnF1YWxpdHkoMTAwKS9qdWw=/ztYYM3_uJ_fss?st=TqbX4Kkz9lP441gXlO2WzXuPs5deEHYKBHFvFwMe_6M&ts=1725461614&e=0"]},{"title":"SKVELÁ PONUKA! 3-izbový byt v Trebišove.","address":"Jána Husa, Trebišov, okres Trebišov","rooms":3,"meters":1,"totalPrice":72900,"meterSquarePrice":0,"link":"https://www.nehnutelnosti.sk/detail/JuM27IHoHiF/skvela-ponuka-3-izbovy-byt-v-trebisove","imagesUrls":["https://img.unitedclassifieds.sk/foto/NjAweDMzOC9maWx0ZXJzOnF1YWxpdHkoMTAwKS9qdWw=/inooOvtac_fss?st=O-fsRACBEvBCnmjk25RUi5-nXVgYgEl4eyTa7jep5W4&ts=1725631778&e=0"]},{"title":"PEKNÝ 3-izbový byt - Okulka, Vranov n/T","address":"Vranov nad Topľou, okres Vranov nad Topľou","rooms":3,"meters":1,"totalPrice":99900,"meterSquarePrice":0,"link":"https://www.nehnutelnosti.sk/detail/JukBo9z5N9X/pekny-3-izbovy-byt-okulka-vranov-n-t","imagesUrls":["https://img.unitedclassifieds.sk/foto/NjAweDMzOC9maWx0ZXJzOnF1YWxpdHkoMTAwKS9qdWw=/h3dNF2xGl_fss?st=Y7hbV9IWfApmXsEovWPTjrtDwnw45fIuIM9vp1hoK0E&ts=1725969731&e=0"]},{"title":"NA PREDAJ! 3-izbový byt sídlisko JUH, Michalovce","address":"Jána A. Komenského, Michalovce, okres Michalovce","rooms":3,"meters":1,"totalPrice":122900,"meterSquarePrice":0,"link":"https://www.nehnutelnosti.sk/detail/JuRyBk0wbQ3/na-predaj-3-izbovy-byt-sidlisko-juh-michalovce","imagesUrls":["https://img.unitedclassifieds.sk/foto/NjAweDMzOC9maWx0ZXJzOnF1YWxpdHkoMTAwKS9qdWw=/6_aSjAmfj_fss?st=DS15B6gnmbIF2uulwv-HsCuDSXFktmYcrOonNG8rmh8&ts=1725975538&e=0"]},{"title":"NA PREDAJ! 1,5-izbový byt – Vranov n/T","address":"1. mája, Vranov nad Topľou, okres Vranov nad Topľou","rooms":1,"meters":1,"totalPrice":77900,"meterSquarePrice":0,"link":"https://www.nehnutelnosti.sk/detail/JuPqir_A8Hz/na-predaj-1-5-izbovy-byt-vranov-n-t","imagesUrls":["https://img.unitedclassifieds.sk/foto/NjAweDMzOC9maWx0ZXJzOnF1YWxpdHkoMTAwKS9qdWw=/w_gQTyY9i_fss?st=yqo_Gowsq5RuyLQDDHJxzispFrKHsPWDP3OzjUU3BEI&ts=1725963452&e=0"]},{"title":"NA PREDAJ – 3-izbový byt v obci Veľký Horeš","address":"Hlavná, Veľký Horeš, okres Trebišov","rooms":3,"meters":1,"totalPrice":21000,"meterSquarePrice":0,"link":"https://www.nehnutelnosti.sk/detail/JuX7dDZHL6D/na-predaj-3-izbovy-byt-v-obci-velky-hores","imagesUrls":["https://img.unitedclassifieds.sk/foto/NjAweDMzOC9maWx0ZXJzOnF1YWxpdHkoMTAwKS9qdWw=/GLlLw7Pcxk_fss?st=6dOvWw2l6dOHZkyVVw_m1D09ku6ZQtOInD2qB6K4mcI&ts=1725876489&e=0"]},{"title":"NA PREDAJ – 2-izbový byt v super lokalite TREBIŠOVA","address":"Čsl. armády, Trebišov, okres Trebišov","rooms":2,"meters":1,"totalPrice":75200,"meterSquarePrice":0,"link":"https://www.nehnutelnosti.sk/detail/JuwRAPXIv25/na-predaj-2-izbovy-byt-v-super-lokalite-trebisova","imagesUrls":["https://img.unitedclassifieds.sk/foto/NjAweDMzOC9maWx0ZXJzOnF1YWxpdHkoMTAwKS9qdWw=/SCcxsO8P3_fss?st=hpLh4a5NE7R6NiJLZ3CDvzEuQ6kKYVyvKBu5J57vnx8&ts=1726136757&e=0"]},{"title":"Čiastočne rekonštruovaný 2-izbový byt – Michaľany","address":"Staničná, Michaľany, okres Trebišov","rooms":2,"meters":1,"totalPrice":27990,"meterSquarePrice":0,"link":"https://www.nehnutelnosti.sk/detail/Juv5c47A8Bd/ciastocne-rekonstruovany-2-izbovy-byt-michalany","imagesUrls":["https://img.unitedclassifieds.sk/foto/NjAweDMzOC9maWx0ZXJzOnF1YWxpdHkoMTAwKS9qdWw=/KAZ-TZzjX_fss?st=WfGjmHwq0GfLYaLFed3p6-ayRvMt2ZnXm1KzYLXAfvE&ts=1726132436&e=0"]},{"title":"SUPER BÝVANIE v novom 1-izbovom byte - Strážske - Odysea","address":"Obchodná, Strážske, okres Michalovce","rooms":1,"meters":1,"totalPrice":53900,"meterSquarePrice":0,"link":"https://www.nehnutelnosti.sk/detail/JuzTtpu0CX8/super-byvanie-v-novom-1-izbovom-byte-strazske-odysea","imagesUrls":["https://img.unitedclassifieds.sk/foto/NjAweDMzOC9maWx0ZXJzOnF1YWxpdHkoMTAwKS9qdWw=/j8S8DyUSz_fss?st=FbMEDoBSDInIkhFNfFB-O3ATwj8ze6Vi5_OPcB-5MQ8&ts=1726053313&e=0"]},{"title":"NA PREDAJ 3-izbový byt na KYJEVSKEJ – Michalovce","address":"Kyjevská, Michalovce, okres Michalovce","rooms":3,"meters":1,"totalPrice":102900,"meterSquarePrice":0,"link":"https://www.nehnutelnosti.sk/detail/JuYp3GAob7m/na-predaj-3-izbovy-byt-na-kyjevskej-michalovce","imagesUrls":["https://img.unitedclassifieds.sk/foto/NjAweDMzOC9maWx0ZXJzOnF1YWxpdHkoMTAwKS9qdWw=/Y3do5JLGTW_fss?st=69zvzYJJf83dT-TY0XSP5nwPE1nqs_9J-NrFZhC3lsQ&ts=1726042728&e=0"]},{"title":"SUPER NOVINKA - 3-izbový byt v Trebišove","address":"Čsl. armády, Trebišov, okres Trebišov","rooms":3,"meters":1,"totalPrice":94000,"meterSquarePrice":0,"link":"https://www.nehnutelnosti.sk/detail/JuknInR6gGy/super-novinka-3-izbovy-byt-v-trebisove","imagesUrls":["https://img.unitedclassifieds.sk/foto/NjAweDMzOC9maWx0ZXJzOnF1YWxpdHkoMTAwKS9qdWw=/vm4i0keus_fss?st=GZ5Dh0cgb2daONi3Lf0bO5rabuGUVF8a2CWi04Ri8SQ&ts=1726144501&e=0"]},{"title":"Slnečný 3-izbový byt v centre mesta Trebišov","address":"Škultétyho, Trebišov, okres Trebišov","rooms":3,"meters":1,"totalPrice":99900,"meterSquarePrice":0,"link":"https://www.nehnutelnosti.sk/detail/Ju2i_DfKMI9/slnecny-3-izbovy-byt-v-centre-mesta-trebisov","imagesUrls":["https://img.unitedclassifieds.sk/foto/NjAweDMzOC9maWx0ZXJzOnF1YWxpdHkoMTAwKS9qdWw=/Q9TkaoeYL_fss?st=06kATGEz9OaDcgGo4ZPztgwiChpCjlwsDKU4PBAnJcU&ts=1726043277&e=0"]},{"title":"INVESTÍCIA - predaj prenajatého 3 izb. bytu  s parkovaním, v blízkosti Volkswagenu v BA IV-Devínska","address":"Jána Jonáša, Bratislava IV - Devínska Nová Ves, okres Bratislava","rooms":3,"meters":77,"totalPrice":176800,"meterSquarePrice":0,"link":"https://www.nehnutelnosti.sk/detail/JucL2ntGxY7/investicia-predaj-prenajateho-3-izb-bytu-s-parkovanim-v-blizkosti-volkswagenu-v-ba-iv-devinska","imagesUrls":["https://img.unitedclassifieds.sk/foto/NjAweDMzOC9maWx0ZXJzOnF1YWxpdHkoMTAwKS9yc2Y=/mxiP42XFh_fss?st=sTVGRjTtNNKYiIQ0sk9AC60gwHPvLcf97GGXJ70bMMc&ts=1658237059&e=0"]},{"title":"Luxusný penthouse s jedinečnými výhľadmi, zariadený v modernom škandinávskom štýle","address":"Zadunajská cesta, Bratislava V - Petržalka, okres Bratislava","rooms":4,"meters":167,"totalPrice":null,"meterSquarePrice":null,"link":"https://www.nehnutelnosti.sk/detail/Ju5mFb3GiyN/luxusny-penthouse-s-jedinecnymi-vyhladmi-zariadeny-v-modernom-skandinavskom-style","imagesUrls":["https://img.unitedclassifieds.sk/foto/NjAweDMzOC9maWx0ZXJzOnF1YWxpdHkoMTAwKS9yc2Y=/1O9fByuQC_fss?st=OH25H95C7TT0xuXfkvbt2Fi4ojz3vp3WMWMMMbWhDMI&ts=1640697975&e=0"]},{"title":"TOP Realitka, Rezervované, Exkluzívne Novostavba - Parádny 1-izbový byt + garáž, ticho, zeleň, Top l","address":"Malokarpatské námestie, Bratislava IV - Lamač, okres Bratislava","rooms":1,"meters":35,"totalPrice":129999,"meterSquarePrice":6,"link":"https://www.nehnutelnosti.sk/detail/Juy1m2I7Ezu/top-realitka-rezervovane-exkluzivne-novostavba-paradny-1-izbovy-byt-garaz-ticho-zelen-top-l","imagesUrls":["https://img.nehnutelnosti.sk/foto/NjAweDMzOC9maWx0ZXJzOnF1YWxpdHkoMTAwKS9uZWg=/Jw6wQQA2u_fss?st=4oXPOHRUfRc5jmnMzPDrPx7qfPvGkvHv61DixkpeGEs&ts=1717610079&e=0"]},{"title":"TOP Realitka – Rezervované - TOP-2 izbový byt 70m2, kompletne zariadený, klimatizácia, rekonštrukcia","address":"Bratislava II - Ružinov, okres Bratislava","rooms":2,"meters":70,"totalPrice":249999,"meterSquarePrice":1,"link":"https://www.nehnutelnosti.sk/detail/JuRbHuwyNZQ/top-realitka-rezervovane-top-2-izbovy-byt-70m2-kompletne-zariadeny-klimatizacia-rekonstrukcia","imagesUrls":["https://img.nehnutelnosti.sk/foto/NjAweDMzOC9maWx0ZXJzOnF1YWxpdHkoMTAwKS9uZWg=/XUeF-qDgHF_fss?st=7NBkbLmHqVa7N3_-_Jhb0NdrJmv_cTVEYnXEA7IDejs&ts=1655548977&e=0"]},{"title":"TOP Realitka – Ponuka nehnuteľností tak ako to nepoznáte! BRATISLAVSKÉ PODPULTOVKY „Zavolajte, napíš","address":"Einsteinova, Bratislava V - Petržalka, okres Bratislava","rooms":3,"meters":null,"totalPrice":null,"meterSquarePrice":null,"link":"https://www.nehnutelnosti.sk/detail/JuEU3K7jbYC/top-realitka-ponuka-nehnutelnosti-tak-ako-to-nepoznate-bratislavske-podpultovky-zavolajte-napis","imagesUrls":["https://img.nehnutelnosti.sk/foto/NjAweDMzOC9maWx0ZXJzOnF1YWxpdHkoMTAwKS9uZWg=/XAMpyQB0R_fss?st=XZLhbuER8Q7ypL6ouVKHUW7oT0Rc24KQ6bw_OeRwvMs&ts=1649750478&e=0"]}]