[{"title":"2 izbový byt/Levočská","address":"Levočská, Prešov, okres Prešov","rooms":2,"meters":51,"totalPrice":109000,"meterSquarePrice":5,"link":"https://www.nehnutelnosti.sk/detail/JufSny_PYPT/2-izbovy-byt-levocska","imagesUrls":["https://img.nehnutelnosti.sk/foto/NjAweDMzOC9maWx0ZXJzOnF1YWxpdHkoMTAwKS9uZWg=/-9kEoeKmvS_fss?st=ZTjgQl3R65nLAab4JIpkVHNgaK2vwHCQVkcZpXXFbxc&ts=1724068556&e=0"]},{"title":"JKV Real ponúka predaj 1izboveho bytu v centre Malaciek","address":"Malacky, okres Malacky","rooms":1,"meters":36,"totalPrice":99900,"meterSquarePrice":5,"link":"https://www.nehnutelnosti.sk/detail/JuvCphveZNJ/jkv-real-ponuka-predaj-1izboveho-bytu-v-centre-malaciek","imagesUrls":["https://img.nehnutelnosti.sk/foto/NjAweDMzOC9maWx0ZXJzOnF1YWxpdHkoMTAwKS9uZWg=/knyZAAOMH_fss?st=QaUX3BPvQqDIDmTUu_1lLksoLaiejTgpuhLfNo3JGVI&ts=1724241700&e=0"]},{"title":"2 izbový byt s balkónom na predaj","address":"Štúrova, Považská Bystrica, okres Považská Bystrica","rooms":2,"meters":63,"totalPrice":97000,"meterSquarePrice":8,"link":"https://www.nehnutelnosti.sk/detail/JuPPUoLelTL/2-izbovy-byt-s-balkonom-na-predaj","imagesUrls":["https://img.nehnutelnosti.sk/foto/NjAweDMzOC9maWx0ZXJzOnF1YWxpdHkoMTAwKS9uZWg=/w1XM6o2jVS_fss?st=rlPbnmjy3gbXj1RGWv-PWY9Ihky4FrdOX-tHNhnl2HA&ts=1723725414&e=0"]},{"title":"3 izbový byt s balkónom na Rozkvete","address":"Československej armády, Považská Bystrica, okres Považská Bystrica","rooms":3,"meters":70,"totalPrice":95000,"meterSquarePrice":4,"link":"https://www.nehnutelnosti.sk/detail/JuAycWiMjuM/3-izbovy-byt-s-balkonom-na-rozkvete","imagesUrls":["https://img.nehnutelnosti.sk/foto/NjAweDMzOC9maWx0ZXJzOnF1YWxpdHkoMTAwKS9uZWg=/H7nts4mlE_fss?st=4QdDLD4_f1LW59Ao1zh0R00ebjVzhY2pSUj0HdmUMhA&ts=1723726835&e=0"]},{"title":"Exkluzívne 3 izbový byt na predaj","address":"Hliny, Považská Bystrica, okres Považská Bystrica","rooms":3,"meters":65,"totalPrice":138000,"meterSquarePrice":8,"link":"https://www.nehnutelnosti.sk/detail/Ju2VU0qdoup/exkluzivne-3-izbovy-byt-na-predaj","imagesUrls":["https://img.nehnutelnosti.sk/foto/NjAweDMzOC9maWx0ZXJzOnF1YWxpdHkoMTAwKS9uZWg=/GUrEF1t8VI_fss?st=bex58FAf_cW3vZmvGyVRN8VVx58TTnZlnZvYnlfi9wI&ts=1723733371&e=0"]},{"title":"3 izbový byt na predaj -Vranov nad Topľou","address":"Sídlisko Okulka, Vranov nad Topľou, okres Vranov nad Topľou","rooms":3,"meters":64,"totalPrice":1,"meterSquarePrice":2,"link":"https://www.nehnutelnosti.sk/detail/Ju7DDmgeIhP/3-izbovy-byt-na-predaj-vranov-nad-toplou","imagesUrls":["https://img.nehnutelnosti.sk/foto/NjAweDMzOC9maWx0ZXJzOnF1YWxpdHkoMTAwKS9uZWg=/0yhwRuTBqM_fss?st=lOdZZywckhd77hItnxG6yZbkbzR9NLeoGMHxa3dU3L8&ts=1723798127&e=0"]},{"title":"MODERNÝ NADČASOVÝ 3.IZB BYT S TERASOU,LÓGGIOU A PARKOVACÍM STÁTIM,NOVOSTAVBA/ VEĽKÉ ÚLANY","address":"Veľké Úľany, okres Galanta","rooms":3,"meters":98,"totalPrice":154900,"meterSquarePrice":1,"link":"https://www.nehnutelnosti.sk/detail/Ju6CcU8F9xD/moderny-nadcasovy-3-izb-byt-s-terasou-loggiou-a-parkovacim-statim-novostavba-velke-ulany","imagesUrls":["https://img.nehnutelnosti.sk/foto/NjAweDMzOC9maWx0ZXJzOnF1YWxpdHkoMTAwKS9uZWg=/kDLtrp-WS_fss?st=kpDQo61SvWfjts9a1dc6n2GJ6XJqlt6t045T-4B7lLQ&ts=1680181358&e=0"]},{"title":"Perfektná ponuka! Na predaj krásny  2 izbový byt.","address":"Trnavské mýto, Bratislava III - Nové Mesto, okres Bratislava","rooms":2,"meters":44,"totalPrice":200000,"meterSquarePrice":5,"link":"https://www.nehnutelnosti.sk/detail/JuRqMLXfUBK/perfektna-ponuka-na-predaj-krasny-2-izbovy-byt","imagesUrls":["https://img.nehnutelnosti.sk/foto/NjAweDMzOC9maWx0ZXJzOnF1YWxpdHkoMTAwKS9uZWg=/7wNnf-____fss?st=V2wxGHp16iRMCK54Sbs4o82mpj4yzVNdRVv-2ObogGo&ts=1723717894&e=0"]},{"title":"Ponúkame na predaj 1 izbový byt v obľúbenej lokalite.","address":"Ružová dolina, Bratislava II - Ružinov, okres Bratislava","rooms":1,"meters":40,"totalPrice":170000,"meterSquarePrice":0,"link":"https://www.nehnutelnosti.sk/detail/Juj2sqsPssZ/ponukame-na-predaj-1-izbovy-byt-v-oblubenej-lokalite","imagesUrls":["https://img.nehnutelnosti.sk/foto/NjAweDMzOC9maWx0ZXJzOnF1YWxpdHkoMTAwKS9uZWg=/SzJCJlJVA_fss?st=1IPyVJa3Yy5BkvNtR4_qx_Uj5tBRToY5afQF9VSWw14&ts=1723656115&e=0"]},{"title":"Ponúkame na predaj veľký 4 izbový byt v tichej lokalite.","address":"Granitová, Bratislava V - Jarovce, okres Bratislava","rooms":4,"meters":100,"totalPrice":489999,"meterSquarePrice":9,"link":"https://www.nehnutelnosti.sk/detail/Juj0RYQzc85/ponukame-na-predaj-velky-4-izbovy-byt-v-tichej-lokalite","imagesUrls":["https://img.nehnutelnosti.sk/foto/NjAweDMzOC9maWx0ZXJzOnF1YWxpdHkoMTAwKS9uZWg=/yBlvyKAJf_fss?st=MDz9zu26sDNFJlGhKhavqdj5exKU1pYeFO1ATCS6--4&ts=1723561317&e=0"]},{"title":"Ponúkame na predaj útulný 1 izbový byt.","address":"Vlčie hrdlo, Bratislava II - Ružinov, okres Bratislava","rooms":1,"meters":33,"totalPrice":93900,"meterSquarePrice":5,"link":"https://www.nehnutelnosti.sk/detail/Ju-ksbpfqYA/ponukame-na-predaj-utulny-1-izbovy-byt","imagesUrls":["https://img.nehnutelnosti.sk/foto/NjAweDMzOC9maWx0ZXJzOnF1YWxpdHkoMTAwKS9uZWg=/cZ5UY1kxh_fss?st=Xcx7djDInoOONADF-df8YgQCi4iOJQr9ZrNVrpI9FZc&ts=1724844732&e=0"]},{"title":"Pekný 1 izbový zrekonštruovaný byt na Olympijskej ulici","address":"Olympijská, Trnava, okres Trnava","rooms":1,"meters":30,"totalPrice":115000,"meterSquarePrice":3,"link":"https://www.nehnutelnosti.sk/detail/JuxW-NmPAXR/pekny-1-izbovy-zrekonstruovany-byt-na-olympijskej-ulici","imagesUrls":["https://img.nehnutelnosti.sk/foto/NjAweDMzOC9maWx0ZXJzOnF1YWxpdHkoMTAwKS9uZWg=/oQy_de2zMJ_fss?st=9yf7rUkFkVAvTeU5dFBovVcHpaYPPs0JCYHlOA5mGbc&ts=1723650991&e=0"]},{"title":"Moderný 2-izbový byt v Arborii","address":"Arboria, Trnava, okres Trnava","rooms":2,"meters":48,"totalPrice":189000,"meterSquarePrice":0,"link":"https://www.nehnutelnosti.sk/detail/Jutw8VWMS13/moderny-2-izbovy-byt-v-arborii","imagesUrls":["https://img.nehnutelnosti.sk/foto/NjAweDMzOC9maWx0ZXJzOnF1YWxpdHkoMTAwKS9uZWg=/Wzniz8nUo_fss?st=31TMR5GV-m_XkUzrnSw81vNKlp7o1M6v4yPBSCsG7f0&ts=1723648246&e=0"]},{"title":"Na predaj 3 izbový byt, kompletne zrekonštruovaný - Pukanec / Záhradná - JKV REAL","address":"Záhradná, Pukanec, okres Levice","rooms":3,"meters":66,"totalPrice":66000,"meterSquarePrice":0,"link":"https://www.nehnutelnosti.sk/detail/JuUYXX7CEKW/na-predaj-3-izbovy-byt-kompletne-zrekonstruovany-pukanec-zahradna-jkv-real","imagesUrls":["https://img.nehnutelnosti.sk/foto/NjAweDMzOC9maWx0ZXJzOnF1YWxpdHkoMTAwKS9uZWg=/Lsd4T6wgz_fss?st=kOTeIn1mdEG684M4Ore2IKsbPkHceV6mz-oV4Q8NvYY&ts=1723539602&e=0"]},{"title":"REZERVOVANÉ - EXKLUZÍVNE NA PREDAJ - VEĽKOMETRÁŽNY 3IZ BYT BRATISLAVA","address":"Uzbecká, Bratislava II - Podunajské Biskupice, okres Bratislava","rooms":3,"meters":96,"totalPrice":229900,"meterSquarePrice":0,"link":"https://www.nehnutelnosti.sk/detail/JuieZqwTCII/rezervovane-exkluzivne-na-predaj-velkometrazny-3iz-byt-bratislava","imagesUrls":["https://img.nehnutelnosti.sk/foto/NjAweDMzOC9maWx0ZXJzOnF1YWxpdHkoMTAwKS9uZWg=/RdyPnhN9U_fss?st=9L3YH2MwILT_ftUT9dy-pbDD4ynCFAsdgDo01eMfI-s&ts=1723542595&e=0"]},{"title":"NA PREDAJ priestranný 3-izbový byt !!","address":"Šaľa, Šaľa, okres Šaľa","rooms":3,"meters":78,"totalPrice":124990,"meterSquarePrice":4,"link":"https://www.nehnutelnosti.sk/detail/Ju25ZrkV5gm/na-predaj-priestranny-3-izbovy-byt","imagesUrls":["https://img.nehnutelnosti.sk/foto/NjAweDMzOC9maWx0ZXJzOnF1YWxpdHkoMTAwKS9uZWg=/jNvZArKQw_fss?st=dsnL6PZoaQahBtPGHPnOwGseGOWYgfcPkvKtr2mLAiw&ts=1723561315&e=0"]},{"title":"NA PREDAJ 3i byt v top lokalite !!! Nitra - Chrenová !!!","address":"Ľudovíta Okánika, Nitra, okres Nitra","rooms":3,"meters":68,"totalPrice":153000,"meterSquarePrice":0,"link":"https://www.nehnutelnosti.sk/detail/JupCN4nOOtE/na-predaj-3i-byt-v-top-lokalite-nitra-chrenova","imagesUrls":["https://img.nehnutelnosti.sk/foto/NjAweDMzOC9maWx0ZXJzOnF1YWxpdHkoMTAwKS9uZWg=/SNInJ6JGN_fss?st=PSCl4OCY4YRDAQW0FWupRz5x1Yv1H56_sSCJSDkVNWw&ts=1725059076&e=0"]},{"title":"3 izbový byt v Nitre","address":"Nitra, okres Nitra","rooms":3,"meters":69,"totalPrice":null,"meterSquarePrice":null,"link":"https://www.nehnutelnosti.sk/detail/Ju01OvKw6To/3-izbovy-byt-v-nitre","imagesUrls":["https://img.nehnutelnosti.sk/foto/NjAweDMzOC9maWx0ZXJzOnF1YWxpdHkoMTAwKS9uZWg=/9URcR-HAe_fss?st=mEeMR2QPTgwkZF9-zhFdA_L_Jzsg_AsY9io6AJ_2eiY&ts=1677855705&e=0"]},{"title":"ZNÍŽENÁ CENA!!! Slnečný 3 izbový byt s garážou","address":"Damjanichova, Komárno, okres Komárno","rooms":3,"meters":76,"totalPrice":116000,"meterSquarePrice":2,"link":"https://www.nehnutelnosti.sk/detail/JuaXQipXghq/znizena-cena-slnecny-3-izbovy-byt-s-garazou","imagesUrls":["https://img.nehnutelnosti.sk/foto/NjAweDMzOC9maWx0ZXJzOnF1YWxpdHkoMTAwKS9uZWg=/worcXniNk_fss?st=cvjCyvbOQnQCR7xdmqru87Nh6_qiBpBU5Ltvea2g2HM&ts=1678343569&e=0"]},{"title":"PREDANÉ! Na predaj 3 izbový byt, kompletná rekonštrukcia","address":"Rákócziho, Komárno, okres Komárno","rooms":3,"meters":66,"totalPrice":85000,"meterSquarePrice":8,"link":"https://www.nehnutelnosti.sk/detail/JubUlHc_8we0/predane-na-predaj-3-izbovy-byt-kompletna-rekonstrukcia","imagesUrls":["https://img.nehnutelnosti.sk/foto/NjAweDMzOC9maWx0ZXJzOnF1YWxpdHkoMTAwKS9uZWg=/6NepL2LXT_fss?st=KKVTLu031cMjhlW4AgAl07fEbg6Tm3tqB4iirxY9qBw&ts=1678775574&e=0"]},{"title":"REZERVOVANÉ Na PREDAJ 3i priestranný 85m2 byt, Nitra - Chrenová","address":"Nitra, okres Nitra","rooms":3,"meters":85,"totalPrice":145000,"meterSquarePrice":8,"link":"https://www.nehnutelnosti.sk/detail/JuqB1owYZMr/rezervovane-na-predaj-3i-priestranny-85m2-byt-nitra-chrenova","imagesUrls":["https://img.nehnutelnosti.sk/foto/NjAweDMzOC9maWx0ZXJzOnF1YWxpdHkoMTAwKS9uZWg=/OAYoqVGDc_fss?st=WUptnY38YiWPBo8j3k8AliZNLoLmrlVbozi_BvC2_3g&ts=1723488498&e=0"]},{"title":"EXKLUZÍVNE NA PREDAJ – ZREKONŠTRUOVANÝ 2IZ BYT – BRATISLAVA STARÉ MESTO","address":"Tabaková, Bratislava I - Staré Mesto, okres Bratislava","rooms":2,"meters":38,"totalPrice":179990,"meterSquarePrice":8,"link":"https://www.nehnutelnosti.sk/detail/JuFzWfruTFH/exkluzivne-na-predaj-zrekonstruovany-2iz-byt-bratislava-stare-mesto","imagesUrls":["https://img.nehnutelnosti.sk/foto/NjAweDMzOC9maWx0ZXJzOnF1YWxpdHkoMTAwKS9uZWg=/R2w9SOyy3_fss?st=NDnRjbCoxZWUU5SfIM0WYo9oeHEu4qiNSuCUGmMeTqM&ts=1722627131&e=0"]},{"title":"Na PREDAJ 4i staromestský 130m2 byt v srdci mesta Nitra","address":"Nitra, Nitra, okres Nitra","rooms":4,"meters":130,"totalPrice":null,"meterSquarePrice":null,"link":"https://www.nehnutelnosti.sk/detail/Ju2Qi_oz2Lr/na-predaj-4i-staromestsky-130m2-byt-v-srdci-mesta-nitra","imagesUrls":["https://img.nehnutelnosti.sk/foto/NjAweDMzOC9maWx0ZXJzOnF1YWxpdHkoMTAwKS9uZWg=/QcqiHmbqYY_fss?st=FH-bbD9mISuRPQG8J_Y9l1IIXSZ0y4jz-uTKLJij06g&ts=1722343576&e=0"]},{"title":"3D Obhliadka - 2i byt v tichom prostredí v Dunajskej Lužnej","address":"Lipnická, Dunajská Lužná, okres Senec","rooms":2,"meters":64,"totalPrice":135000,"meterSquarePrice":8,"link":"https://www.nehnutelnosti.sk/detail/Juj4wLa9Z7-/3d-obhliadka-2i-byt-v-tichom-prostredi-v-dunajskej-luznej","imagesUrls":["https://img.nehnutelnosti.sk/foto/NjAweDMzOC9maWx0ZXJzOnF1YWxpdHkoMTAwKS9uZWg=/HWW1OQz6A_fss?st=cWZe3DynAoJmHPKaZ2-iDa_oFsk3BTqGC-cTwxMMno0&ts=1722941340&e=0"]},{"title":"3 izbový byt po rekonštrukcií na predaj v Leviciach","address":"Dopravná, Levice, okres Levice","rooms":3,"meters":70,"totalPrice":78500,"meterSquarePrice":3,"link":"https://www.nehnutelnosti.sk/detail/JulLECF81N8/3-izbovy-byt-po-rekonstrukcii-na-predaj-v-leviciach","imagesUrls":["https://img.nehnutelnosti.sk/foto/NjAweDMzOC9maWx0ZXJzOnF1YWxpdHkoMTAwKS9uZWg=/Yb_BdZkjp_fss?st=uGtLn7FPq4APcdIM0juEwcYS67C6BVVhdCxZ4SvrT5o&ts=1723134507&e=0"]},{"title":"Nadštandardne veľký 3 izbový byt vo výbornej lokalite.","address":"Legionárska, Bratislava I - Staré Mesto, okres Bratislava","rooms":3,"meters":90,"totalPrice":310000,"meterSquarePrice":4,"link":"https://www.nehnutelnosti.sk/detail/JuqueQuREZ9/nadstandardne-velky-3-izbovy-byt-vo-vybornej-lokalite","imagesUrls":["https://img.nehnutelnosti.sk/foto/NjAweDMzOC9maWx0ZXJzOnF1YWxpdHkoMTAwKS9uZWg=/sFVfGwkYY_fss?st=xTFl3YN21sVPIH2lTLOPM8I_J3ncrTWNN9jcR-U2UCk&ts=1726606339&e=0"]},{"title":"Predaj 3 izbového bytu v Trnave na sídlisku Družby","address":"Družba, Trnava, okres Trnava","rooms":3,"meters":74,"totalPrice":173000,"meterSquarePrice":4,"link":"https://www.nehnutelnosti.sk/detail/JuJD2xe25Tjd/predaj-3-izboveho-bytu-v-trnave-na-sidlisku-druzby","imagesUrls":["https://img.nehnutelnosti.sk/foto/NjAweDMzOC9maWx0ZXJzOnF1YWxpdHkoMTAwKS9uZWg=/8zf48vviJ_fss?st=A3aNi48Z3Hm4Xjus7nUSLrW-ZvMjCbgzgR1hsMi8AdQ&ts=1723032670&e=0"]},{"title":"Priestranný 3 izbový  Malacky na predaj","address":"Malacky, okres Malacky","rooms":3,"meters":71,"totalPrice":181000,"meterSquarePrice":0,"link":"https://www.nehnutelnosti.sk/detail/Ju2xJRVr6sg/priestranny-3-izbovy-malacky-na-predaj","imagesUrls":["https://img.nehnutelnosti.sk/foto/NjAweDMzOC9maWx0ZXJzOnF1YWxpdHkoMTAwKS9uZWg=/gfYNg3gsi_fss?st=fPa5uWwrp0R4ey4jMqSjr6wPI0vwWkQdDUChSNtmjAU&ts=1723193729&e=0"]},{"title":"REZERVOVANÉ / EXKLUZÍVNE ! JKV REAL / Predaj krásneho 2 izbového bytu v Piešťanoch !","address":"Piešťany, okres Piešťany","rooms":2,"meters":52,"totalPrice":128990,"meterSquarePrice":8,"link":"https://www.nehnutelnosti.sk/detail/Ju3esqKyviE/rezervovane-exkluzivne-jkv-real-predaj-krasneho-2-izboveho-bytu-v-piestanoch","imagesUrls":["https://img.nehnutelnosti.sk/foto/NjAweDMzOC9maWx0ZXJzOnF1YWxpdHkoMTAwKS9uZWg=/zIh77EuFU_fss?st=vrZONvmZ07FGgdElwgcJd0sNsKQTT8z4KkIfBBxTMrU&ts=1723118476&e=0"]},{"title":"Na predaj priestranný 3 izbový byt v Trenčíne","address":"Jána Halašu, Trenčín, okres Trenčín","rooms":3,"meters":74,"totalPrice":109900,"meterSquarePrice":4,"link":"https://www.nehnutelnosti.sk/detail/JuBr3ydoFnt/na-predaj-priestranny-3-izbovy-byt-v-trencine","imagesUrls":["https://img.nehnutelnosti.sk/foto/NjAweDMzOC9maWx0ZXJzOnF1YWxpdHkoMTAwKS9uZWg=/KETFYjV1E_fss?st=ZmPbOyP3CPZ8-u0biQ74HVu1kl9lWFktVi61qh9FMKM&ts=1723040657&e=0"]}]