[{"title":"Na predaj 3-izbový byt s balkónom, Rastislavova, Košice","address":"Rastislavova, Košice IV - Juh, okres Košice","rooms":3,"meters":63,"totalPrice":169000,"meterSquarePrice":4,"link":"https://www.nehnutelnosti.sk/detail/Jur3-IKrAAY/na-predaj-3-izbovy-byt-s-balkonom-rastislavova-kosice","imagesUrls":["https://img.unitedclassifieds.sk/foto/NjAweDMzOC9maWx0ZXJzOnF1YWxpdHkoMTAwKS9qdWw=/97ey9V4hB_fss?st=qTW9ousRy_ckI19ffwLdYtfI0vl0zVLpa6B3d2wL0MY&ts=1724335822&e=0"]},{"title":"Exkluzívne ponúkame byt 2+kk v novostavbe, Domaniža","address":"Domaniža, okres Považská Bystrica","rooms":2,"meters":73,"totalPrice":99999,"meterSquarePrice":8,"link":"https://www.nehnutelnosti.sk/detail/Jujj1Zv_Hh5/exkluzivne-ponukame-byt-2-kk-v-novostavbe-domaniza","imagesUrls":["https://img.unitedclassifieds.sk/foto/NjAweDMzOC9maWx0ZXJzOnF1YWxpdHkoMTAwKS9qdWw=/4WunwNNYH_fss?st=oNCsm4dTAHhyLGAPIeVe5m-VGz_0CExZSxTFaQ980W4&ts=1725264533&e=0"]},{"title":"NA PREDAJ 1 izbové byty v projekte Sekvoja","address":"Pod Sekvojou, Nová Baňa, okres Žarnovica","rooms":1,"meters":35,"totalPrice":69029,"meterSquarePrice":0,"link":"https://www.nehnutelnosti.sk/detail/JuS2PCa1jrr/na-predaj-1-izbove-byty-v-projekte-sekvoja","imagesUrls":["https://img.unitedclassifieds.sk/foto/NjAweDMzOC9maWx0ZXJzOnF1YWxpdHkoMTAwKS9yc2Y=/afMO86XtH_fss?st=B71-E1FDw5VUtuhSaeK864AUvoquJevcFXDZ6BNb1Mw&ts=1696952769&e=0"]},{"title":"Na predaj 3-izbový kompletne zrekonštruovaný byt so zasklenou loggiou v Dunajskej Strede","address":"Júliusa Lörincza, Dunajská Streda, okres Dunajská Streda","rooms":3,"meters":68,"totalPrice":110000,"meterSquarePrice":5,"link":"https://www.nehnutelnosti.sk/detail/JudwTY3F6dE/na-predaj-3-izbovy-kompletne-zrekonstruovany-byt-so-zasklenou-loggiou-v-dunajskej-strede","imagesUrls":["https://img.unitedclassifieds.sk/foto/NjAweDMzOC9maWx0ZXJzOnF1YWxpdHkoMTAwKS9qdWw=/gx80-7ekg_fss?st=bGAXYLP8_Ye1YHftGUfSfWb-aTt0QQ2rOEbq6QWJ7uc&ts=1724321320&e=0"]},{"title":"2 izbový byt v projekte MALY RAJ RESIDENCE","address":"Dlhá, Chorvátsky Grob, okres Senec","rooms":2,"meters":39,"totalPrice":130500,"meterSquarePrice":2,"link":"https://www.nehnutelnosti.sk/detail/Ju3gXz3Masz/2-izbovy-byt-v-projekte-maly-raj-residence","imagesUrls":["https://img.nehnutelnosti.sk/foto/NjAweDMzOC9maWx0ZXJzOnF1YWxpdHkoMTAwKS9uZWg=/0OnHZx-aK-_fss?st=gprU4eE2IC0QTpBK0BAojrVBb5pzKSlyzQTZjL-iHc8&ts=1715804859&e=0"]},{"title":"čiastočne zrekonštruovaná garsónka, výborná lokalita, zrekonštruovaný bytový dom , nízke mesačné nák","address":"Komenského, Modra, okres Pezinok","rooms":null,"meters":24,"totalPrice":83500,"meterSquarePrice":4,"link":"https://www.nehnutelnosti.sk/detail/JudGiqqood7/ciastocne-zrekonstruovana-garsonka-vyborna-lokalita-zrekonstruovany-bytovy-dom-nizke-mesacne-nak","imagesUrls":["https://img.nehnutelnosti.sk/foto/NjAweDMzOC9maWx0ZXJzOnF1YWxpdHkoMTAwKS9uZWg=/R7-2xcM9Kp_fss?st=-wkqmUVbVH7ATKEr80RmXq-l6f-yPy8jKlDHTUjh2LQ&ts=1715811197&e=0"]},{"title":"NA PREDAJ Byt s balkónom B2.2","address":"Kpt. Nálepku, Liptovský Mikuláš, okres Liptovský Mikuláš","rooms":2,"meters":51,"totalPrice":137800,"meterSquarePrice":1,"link":"https://www.nehnutelnosti.sk/detail/JuikAG0ygg_/na-predaj-byt-s-balkonom-b2-2","imagesUrls":["https://img.unitedclassifieds.sk/foto/NjAweDMzOC9maWx0ZXJzOnF1YWxpdHkoMTAwKS9yc2Y=/8l_GkS4ZQ_fss?st=855LjHj8Rlzc9SrHljJSOeMmmqQ33AS4itmoddZRTSE&ts=1697017218&e=0"]},{"title":"3+kk BYT SO STREŠNOU TERASOU, POPRAD","address":"Dlhé Hony, Poprad, okres Poprad","rooms":3,"meters":174,"totalPrice":289000,"meterSquarePrice":6,"link":"https://www.nehnutelnosti.sk/detail/JuxWvMuj2Sx/3-kk-byt-so-stresnou-terasou-poprad","imagesUrls":["https://img.nehnutelnosti.sk/foto/NjAweDMzOC9maWx0ZXJzOnF1YWxpdHkoMTAwKS9uZWg=/165RKEvjh_fss?st=VYbaAykcaY6G3X-3srQmlBdhKdRKI1wUL7fRcvfYhlM&ts=1725611844&e=0"]},{"title":"4+kk INVESTIČNÝ APARTMÁN S TERASOU, DEMÄNOVÁ REZORT","address":"Demänovská cesta, Liptovský Mikuláš, okres Liptovský Mikuláš","rooms":4,"meters":66,"totalPrice":null,"meterSquarePrice":null,"link":"https://www.nehnutelnosti.sk/detail/JuNGqdRuvV6/4-kk-investicny-apartman-s-terasou-demanova-rezort","imagesUrls":["https://img.nehnutelnosti.sk/foto/NjAweDMzOC9maWx0ZXJzOnF1YWxpdHkoMTAwKS9uZWg=/NFkxQicv-_fss?st=T21nM6UiphL_sJ1GYuXZMA6WvlRwLvnmE3pZ88HM1Ng&ts=1715351261&e=0"]},{"title":"2-izbový byt v centre Malaciek","address":"Pribinova, Malacky, okres Malacky","rooms":2,"meters":55,"totalPrice":119000,"meterSquarePrice":4,"link":"https://www.nehnutelnosti.sk/detail/JuRJAtLMSPA/2-izbovy-byt-v-centre-malaciek","imagesUrls":["https://img.nehnutelnosti.sk/foto/NjAweDMzOC9maWx0ZXJzOnF1YWxpdHkoMTAwKS9uZWg=/_0aa3QDzv_fss?st=ui9yvFOaxfg_j7DZTzfas4TJaLGJrCj4NGHFKVRf2B4&ts=1724325337&e=0"]},{"title":"GODDESS & ASSENZIO - PREDAJ - 2 IZBOVÝ BYT 62M2 - ŠAMORÍN - MLIEČNO","address":"Prvá, Šamorín, okres Dunajská Streda","rooms":2,"meters":62,"totalPrice":152900,"meterSquarePrice":3,"link":"https://www.nehnutelnosti.sk/detail/Ju9-fInZHJ5/goddess-assenzio-predaj-2-izbovy-byt-62m2-samorin-mliecno","imagesUrls":["https://img.nehnutelnosti.sk/foto/NjAweDMzOC9maWx0ZXJzOnF1YWxpdHkoMTAwKS9uZWg=/qC2vhWc4b_fss?st=37g0i1WDpISnFlgqFO0jNFKL8JZFuC274jz90alO0MI&ts=1724325032&e=0"]},{"title":"3izbový byt, kompletná rekonštrukcia, návrh interiéru v cene, výborná lokalita","address":"Krížna, Bratislava II - Ružinov, okres Bratislava","rooms":3,"meters":85,"totalPrice":299900,"meterSquarePrice":0,"link":"https://www.nehnutelnosti.sk/detail/JuG7w626UKS/3izbovy-byt-kompletna-rekonstrukcia-navrh-interieru-v-cene-vyborna-lokalita","imagesUrls":["https://img.nehnutelnosti.sk/foto/NjAweDMzOC9maWx0ZXJzOnF1YWxpdHkoMTAwKS9uZWg=/v48qjQ2L8m_fss?st=uxrFHz14X4nf3O44vBkj5iaxIy879V8Y00IKqcypvHM&ts=1713171203&e=0"]},{"title":"3 izbový byt v projekte MALY RAJ RESIDENCE","address":"Dlhá, Chorvátsky Grob, okres Senec","rooms":3,"meters":56,"totalPrice":194650,"meterSquarePrice":6,"link":"https://www.nehnutelnosti.sk/detail/JuwfDGTqir1/3-izbovy-byt-v-projekte-maly-raj-residence","imagesUrls":["https://img.nehnutelnosti.sk/foto/NjAweDMzOC9maWx0ZXJzOnF1YWxpdHkoMTAwKS9uZWg=/Iqi7Anj_b_fss?st=Qmk4lwXQ6BixKO_C40GQ7W2Pxb1aAf4QtbacWMIXbnc&ts=1715804854&e=0"]},{"title":"PREDAJ - 4 IZBOVÝ RODINNÝ DOM V PROJEKTE PRI KADÚBKU, 114 M2, CENA PRÁCE ŠTANDARDU V CENE","address":"Senica, okres Senica","rooms":4,"meters":114,"totalPrice":203000,"meterSquarePrice":0,"link":"https://www.nehnutelnosti.sk/detail/JuYZJw03htk/predaj-4-izbovy-rodinny-dom-v-projekte-pri-kadubku-114-m2-cena-prace-standardu-v-cene","imagesUrls":["https://img.nehnutelnosti.sk/foto/NjAweDMzOC9maWx0ZXJzOnF1YWxpdHkoMTAwKS9uZWg=/yTmLfXzXc_fss?st=-xd8zu0gayrzscPHLE5MWvdqZSAcefmDdF4N_TaabSU&ts=1714642004&e=0"]},{"title":"---REZERVOVANÉ---   TOPOĽČANY – sídl. JUH – 3 – izb. byt / ul. Streďanská / 76 m2 / balkón / IHNEĎ V","address":"Streďanská, Topoľčany, okres Topoľčany","rooms":3,"meters":76,"totalPrice":1,"meterSquarePrice":1,"link":"https://www.nehnutelnosti.sk/detail/JuP04MeOTYH/rezervovane-topolcany-sidl-juh-3-izb-byt-ul-stredanska-76-m2-balkon-ihned-v","imagesUrls":["https://img.nehnutelnosti.sk/foto/NjAweDMzOC9maWx0ZXJzOnF1YWxpdHkoMTAwKS9uZWg=/HWvCqZtpj_fss?st=3Kp4djTdmLvYmtkEHhjYqoRuxCOL7gpZv8QTAWTmO9c&ts=1721323968&e=0"]},{"title":"---REZERVOVANÉ---   BÁNOVCE n. BEBR. – 3 – izb. byt / sídl. SEVER / ul. 5. Apríla / 81 m2 / balkón /","address":"5. apríla, Bánovce nad Bebravou, okres Bánovce nad Bebravou","rooms":3,"meters":81,"totalPrice":1,"meterSquarePrice":1,"link":"https://www.nehnutelnosti.sk/detail/JuvgQqD2qyv/rezervovane-banovce-n-bebr-3-izb-byt-sidl-sever-ul-5-aprila-81-m2-balkon","imagesUrls":["https://img.nehnutelnosti.sk/foto/NjAweDMzOC9maWx0ZXJzOnF1YWxpdHkoMTAwKS9uZWg=/_96GZpGB4_fss?st=Vs-Z3JofzYimWDohNqrs9Po3Fv3dLqkAMGd-aecDZ6o&ts=1722540744&e=0"]},{"title":"---REZERVOVANÉ---   BÁNOVCE n. BEBR. – 2 a pol izb. byt / sídl. STRED / ul. Tajovského / 57 m2 / bal","address":"J. G. Tajovského, Bánovce nad Bebravou, okres Bánovce nad Bebravou","rooms":2,"meters":57,"totalPrice":1,"meterSquarePrice":2,"link":"https://www.nehnutelnosti.sk/detail/JuUVnAgV9yp/rezervovane-banovce-n-bebr-2-a-pol-izb-byt-sidl-stred-ul-tajovskeho-57-m2-bal","imagesUrls":["https://img.nehnutelnosti.sk/foto/NjAweDMzOC9maWx0ZXJzOnF1YWxpdHkoMTAwKS9uZWg=/al4G3qxJs_fss?st=va6P0U1HC29dJ6tSUK5PfBKvhescj8JJIcWcDE-1618&ts=1722541015&e=0"]},{"title":"BÁNOVCE n. BEBR. – 2 izb. byt / VEĽMI PEKNÝ / komplet rekonštrukcia / 56 m2 / balkón","address":"K Nemocnici, Bánovce nad Bebravou, okres Bánovce nad Bebravou","rooms":2,"meters":56,"totalPrice":62000,"meterSquarePrice":4,"link":"https://www.nehnutelnosti.sk/detail/JuHqrv9pJn5/banovce-n-bebr-2-izb-byt-velmi-pekny-komplet-rekonstrukcia-56-m2-balkon","imagesUrls":["https://img.nehnutelnosti.sk/foto/NjAweDMzOC9maWx0ZXJzOnF1YWxpdHkoMTAwKS9uZWg=/QaoLN-oa6_fss?st=2nN_vDHbB5xN7lRcVVmu73MGzHGNrtB5cGhS0vLnYps&ts=1723027703&e=0"]},{"title":"PREDANÉ!!! BÁNOVCE NAD BEBRAVOU - 3 izbový byt / DUBNIČKA / 74 m2 / IBA U NÁS","address":"Bánovce nad Bebravou, okres Bánovce nad Bebravou","rooms":3,"meters":74,"totalPrice":92000,"meterSquarePrice":4,"link":"https://www.nehnutelnosti.sk/detail/JuyAY-3zBBW/predane-banovce-nad-bebravou-3-izbovy-byt-dubnicka-74-m2-iba-u-nas","imagesUrls":["https://img.nehnutelnosti.sk/foto/NjAweDMzOC9maWx0ZXJzOnF1YWxpdHkoMTAwKS9uZWg=/f0Jmc4LZp_fss?st=CoJulehShaREoYEv3ccj7kjrX0Q_grJlt2sPDZzTssE&ts=1719654515&e=0"]},{"title":"BÁNOVCE NAD BEBRAVOU - 4 izbový byt / Širšie centrum / rekonštrukcia / 90 m2 / IBA U NÁS","address":"K Zornici, Bánovce nad Bebravou, okres Bánovce nad Bebravou","rooms":4,"meters":90,"totalPrice":130000,"meterSquarePrice":4,"link":"https://www.nehnutelnosti.sk/detail/JuzE4Fe774ut/banovce-nad-bebravou-4-izbovy-byt-sirsie-centrum-rekonstrukcia-90-m2-iba-u-nas","imagesUrls":["https://img.nehnutelnosti.sk/foto/NjAweDMzOC9maWx0ZXJzOnF1YWxpdHkoMTAwKS9uZWg=/XbUG9U89K_fss?st=pr1V2es8SLFI2cLHn3pv16WmBsWGf_EA03R6BXRHoxw&ts=1722810885&e=0"]},{"title":"BÁNOVCE nad BEBRAVOU – 2 – izb. BYT / širšie centrum mesta / Balkón / 2x pivnica / 57 m2","address":"9. Mája, Bánovce nad Bebravou, okres Bánovce nad Bebravou","rooms":2,"meters":57,"totalPrice":76000,"meterSquarePrice":3,"link":"https://www.nehnutelnosti.sk/detail/Juf-39v5sbR/banovce-nad-bebravou-2-izb-byt-sirsie-centrum-mesta-balkon-2x-pivnica-57-m2","imagesUrls":["https://img.nehnutelnosti.sk/foto/NjAweDMzOC9maWx0ZXJzOnF1YWxpdHkoMTAwKS9uZWg=/YCqsVDY-B_fss?st=bgPXrVHuxaoqrvqwhEqR0fm5b2-3ctANdLyDS12xpUg&ts=1682939800&e=0"]},{"title":"BÁNOVCE NAD BEBRAVOU - 3 izbový byt / SEVER / rekonštrukcia","address":"Bánovce nad Bebravou, okres Bánovce nad Bebravou","rooms":3,"meters":76,"totalPrice":122000,"meterSquarePrice":6,"link":"https://www.nehnutelnosti.sk/detail/JucyWJFB2H8/banovce-nad-bebravou-3-izbovy-byt-sever-rekonstrukcia","imagesUrls":["https://img.nehnutelnosti.sk/foto/NjAweDMzOC9maWx0ZXJzOnF1YWxpdHkoMTAwKS9uZWg=/Old3pyic1_fss?st=BvABGO5jzUumxAdvXJSBuBbHw6hboNlQWxVc2bbMAas&ts=1692002876&e=0"]},{"title":"REZERVOVANÉ - JUH - ŽELEZNÍKY OSTRAVSKÁ  PEKNÝ 3 IZBOVÝ BYT 66 M2, LODŽIA.","address":"Ostravská, Košice IV - Juh, okres Košice","rooms":3,"meters":66,"totalPrice":185000,"meterSquarePrice":3,"link":"https://www.nehnutelnosti.sk/detail/JuNSKngEZCn/rezervovane-juh-zelezniky-ostravska-pekny-3-izbovy-byt-66-m2-lodzia","imagesUrls":["https://img.nehnutelnosti.sk/foto/NjAweDMzOC9maWx0ZXJzOnF1YWxpdHkoMTAwKS9uZWg=/lpBiw29Kh_fss?st=TChanq9ieWSSYKlT0UA0AVna_Pq2KTgSo_gAMepIgcI&ts=1724322329&e=0"]},{"title":"GARSÓNKA v novostavbe na predaj, OS Halalovka BD1/ byt č. 30, v štandarde, s priestrannou pivnicou 9","address":"Halalovka, Trenčín, okres Trenčín","rooms":null,"meters":38,"totalPrice":91000,"meterSquarePrice":3,"link":"https://www.nehnutelnosti.sk/detail/Ju0vQDbuXD5/garsonka-v-novostavbe-na-predaj-os-halalovka-bd1-byt-c-30-v-standarde-s-priestrannou-pivnicou-9","imagesUrls":["https://img.nehnutelnosti.sk/foto/NjAweDMzOC9maWx0ZXJzOnF1YWxpdHkoMTAwKS9uZWg=/TVvIQnPBs_fss?st=qX3gR5TCONY4RXRzhlNTEAEDgcTK6u_cXvNGZSCBcNQ&ts=1716541376&e=0"]},{"title":"Zariadený 1 izb. byt na ul. Štúrova, časť Juh v Malackách!!*","address":"Štúrova, Malacky, okres Malacky","rooms":1,"meters":24,"totalPrice":85000,"meterSquarePrice":6,"link":"https://www.nehnutelnosti.sk/detail/JuFhF9PIN_s/zariadeny-1-izb-byt-na-ul-sturova-cast-juh-v-malackach","imagesUrls":["https://img.nehnutelnosti.sk/foto/NjAweDMzOC9maWx0ZXJzOnF1YWxpdHkoMTAwKS9uZWg=/-XxtTMyC4_fss?st=HHhTWbCaJ3bN7m_wbsl7WpXuaRotgipVqX6Wrm50mbA&ts=1722976464&e=0"]},{"title":"Kompletne zariadený 3 izb. byt s loggiou a parkovaním/Malacky!!","address":"Duklianskych hrdinov, Malacky, okres Malacky","rooms":3,"meters":97,"totalPrice":229000,"meterSquarePrice":7,"link":"https://www.nehnutelnosti.sk/detail/JuphydvgQ9v/kompletne-zariadeny-3-izb-byt-s-loggiou-a-parkovanim-malacky","imagesUrls":["https://img.nehnutelnosti.sk/foto/NjAweDMzOC9maWx0ZXJzOnF1YWxpdHkoMTAwKS9uZWg=/8uBRrpE_aC_fss?st=4s8oWoJX8cP6tWEtzi_9BLKVOHPeSv3UP-cZf92hQg8&ts=1718307704&e=0"]},{"title":"!!TOP!! Výborne dispozične riešený 1,5  izb. byt s galériou na spanie/Kostolište!!","address":"Kostolište, Malacky, okres Malacky","rooms":1,"meters":53,"totalPrice":110000,"meterSquarePrice":7,"link":"https://www.nehnutelnosti.sk/detail/JuThh5T7G6l/top-vyborne-dispozicne-rieseny-1-5-izb-byt-s-galeriou-na-spanie-kostoliste","imagesUrls":[]},{"title":"Vkusne zariadený 3 izb. byt s výnimočným výhľadom priamo do Zámockého parku/Malacky!!","address":"Duklianskych hrdinov, Malacky, okres Malacky","rooms":3,"meters":97,"totalPrice":229000,"meterSquarePrice":7,"link":"https://www.nehnutelnosti.sk/detail/Ju4gI5RIkxA/vkusne-zariadeny-3-izb-byt-s-vynimocnym-vyhladom-priamo-do-zamockeho-parku-malacky","imagesUrls":["https://img.nehnutelnosti.sk/foto/NjAweDMzOC9maWx0ZXJzOnF1YWxpdHkoMTAwKS9uZWg=/zoWG5xN8c_fss?st=2RTkS2yvgxmvTGe1-svEkZZW9f1qLFka-EFfVOHxB1c&ts=1718307700&e=0"]},{"title":"NOVOSTAVBA 1 izb. bytu s vlastným vykurovaním, balkónom a parkovaním v Kostolišti!!","address":"Kostolište, Kostolište, okres Malacky","rooms":1,"meters":48,"totalPrice":104900,"meterSquarePrice":8,"link":"https://www.nehnutelnosti.sk/detail/Ju6b71lET8F/novostavba-1-izb-bytu-s-vlastnym-vykurovanim-balkonom-a-parkovanim-v-kostolisti","imagesUrls":["https://img.nehnutelnosti.sk/foto/NjAweDMzOC9maWx0ZXJzOnF1YWxpdHkoMTAwKS9uZWg=/IdyUe_viX_fss?st=fePw8ihrH30uPulYYUMSszd37re1oGeklqzipst5qoM&ts=1714761029&e=0"]},{"title":"!!SKOLAUDOVANÉ!!  Nový 2 izb. byt s vlastným vykurovaním, parkovaním v obci Kostolište!!","address":"-, Kostolište, okres Malacky","rooms":2,"meters":69,"totalPrice":134900,"meterSquarePrice":0,"link":"https://www.nehnutelnosti.sk/detail/Ju0OZ8SCSde/skolaudovane-novy-2-izb-byt-s-vlastnym-vykurovanim-parkovanim-v-obci-kostoliste","imagesUrls":["https://img.nehnutelnosti.sk/foto/NjAweDMzOC9maWx0ZXJzOnF1YWxpdHkoMTAwKS9uZWg=/wM97lnq_b_fss?st=V_YElGYzT21TjoD2AT66N4ryu4OVfBg7kEXK2AvHt7g&ts=1700427693&e=0"]}]