[{"title":"Slnečný byt na predaj, CENTRUM","address":"Centrum, Nové Zámky, okres Nové Zámky","rooms":3,"meters":70,"totalPrice":129500,"meterSquarePrice":0,"link":"https://www.nehnutelnosti.sk/detail/Jumm2x2srWj/slnecny-byt-na-predaj-centrum","imagesUrls":["https://img.nehnutelnosti.sk/foto/NjAweDMzOC9maWx0ZXJzOnF1YWxpdHkoMTAwKS9uZWg=/04H25kYTB_fss?st=FT1QjGYB7pNqRBmFlpN4UNuZOH3be4VCIB3Vcj11liw&ts=1675244809&e=0"]},{"title":"Slnečný zrekonštruovaný 4-izbový byt vo výbornej lokalite","address":"Piešťany, okres Piešťany","rooms":4,"meters":82,"totalPrice":179990,"meterSquarePrice":5,"link":"https://www.nehnutelnosti.sk/detail/JuSnFUVlOOp/slnecny-zrekonstruovany-4-izbovy-byt-vo-vybornej-lokalite","imagesUrls":["https://img.nehnutelnosti.sk/foto/NjAweDMzOC9maWx0ZXJzOnF1YWxpdHkoMTAwKS9uZWg=/oKRSwLUjs_fss?st=BKwNIviXOoJhceXy_h7GQ_cOlhMB7ZA2SO9a8aJsNtU&ts=1694601100&e=0"]},{"title":"NA PREDAJ 3-izbový byt Nitra - centrum !! Zrekonštruovaný !! Kompletne zariadený !!","address":"Párovská, Nitra, okres Nitra","rooms":3,"meters":64,"totalPrice":124990,"meterSquarePrice":7,"link":"https://www.nehnutelnosti.sk/detail/JuqwabFlf4M/na-predaj-3-izbovy-byt-nitra-centrum-zrekonstruovany-kompletne-zariadeny","imagesUrls":["https://img.nehnutelnosti.sk/foto/NjAweDMzOC9maWx0ZXJzOnF1YWxpdHkoMTAwKS9uZWg=/Xyh5Ptnv5_fss?st=c_KOlFdsOqoEjfrt1Cdrmb6c6cO4XAPONEon1un_bbc&ts=1721293344&e=0"]},{"title":"NA PREDAJ 3 izbový byt s balkónom + pivnica + parkovanie, 8 ročná novostavba, IVANKA PRI NITRE","address":"Ivanka pri Nitre, okres Nitra","rooms":3,"meters":66,"totalPrice":155000,"meterSquarePrice":1,"link":"https://www.nehnutelnosti.sk/detail/JuNZIaQAt-k/na-predaj-3-izbovy-byt-s-balkonom-pivnica-parkovanie-8-rocna-novostavba-ivanka-pri-nitre","imagesUrls":["https://img.nehnutelnosti.sk/foto/NjAweDMzOC9maWx0ZXJzOnF1YWxpdHkoMTAwKS9uZWg=/dsOjvNj5E_fss?st=cWlSQOjNfFypzolVl0iSx_TCjd83nMj9FYSvSzGeS58&ts=1721855352&e=0"]},{"title":"ZNÍŽENÁ CENA! PREDAJ 3-IZB.BYT S LOGGIOU, PETRŽALKA, 173990 EUR","address":"Petržalka, Bratislava V - Petržalka, okres Bratislava","rooms":3,"meters":65,"totalPrice":173990,"meterSquarePrice":7,"link":"https://www.nehnutelnosti.sk/detail/JuKHYGs9aR5/znizena-cena-predaj-3-izb-byt-s-loggiou-petrzalka-173990-eur","imagesUrls":["https://img.nehnutelnosti.sk/foto/NjAweDMzOC9maWx0ZXJzOnF1YWxpdHkoMTAwKS9uZWg=/DmRnLjSgy_fss?st=xFaU1DFf777TtlBNooBTbjpvUFgrw1ezKlD6y1-7JHY&ts=1724706834&e=0"]},{"title":"Na PREDAJ 2,5 i byt 60m2 v tehlovej štvorbytovke","address":"Nitra, Nitra, okres Nitra","rooms":2,"meters":60,"totalPrice":109000,"meterSquarePrice":7,"link":"https://www.nehnutelnosti.sk/detail/JuGHKrHy7Ff/na-predaj-2-5-i-byt-60m2-v-tehlovej-stvorbytovke","imagesUrls":["https://img.nehnutelnosti.sk/foto/NjAweDMzOC9maWx0ZXJzOnF1YWxpdHkoMTAwKS9uZWg=/iD-fuarNs_fss?st=igwLKulenf5Tpm9dKBLeL_8I3u5cnSCyCq4LV2gU_k4&ts=1719479364&e=0"]},{"title":"Krásny a moderný 1-izbový byt v Šelpiciach","address":"Suchovská, Šelpice, okres Trnava","rooms":1,"meters":29,"totalPrice":99900,"meterSquarePrice":4,"link":"https://www.nehnutelnosti.sk/detail/JurmJoHDa1D/krasny-a-moderny-1-izbovy-byt-v-selpiciach","imagesUrls":["https://img.nehnutelnosti.sk/foto/NjAweDMzOC9maWx0ZXJzOnF1YWxpdHkoMTAwKS9uZWg=/jqUR1EwSn_fss?st=tfe3IVfroAXawPVhCdMCQvbxuGkHhXT6w0Hfd7VSwIg&ts=1722968239&e=0"]},{"title":"Predaj 3 izbového bytu vo Veľkom Mederi","address":"Sídlisko M.Corvina, Veľký Meder, okres Dunajská Streda","rooms":3,"meters":65,"totalPrice":110000,"meterSquarePrice":1,"link":"https://www.nehnutelnosti.sk/detail/Juc2gYM8BpU/predaj-3-izboveho-bytu-vo-velkom-mederi","imagesUrls":["https://img.nehnutelnosti.sk/foto/NjAweDMzOC9maWx0ZXJzOnF1YWxpdHkoMTAwKS9uZWg=/UQfxjjsLD_fss?st=q0_yj_TLCnWhEbtWncDS8Lftd4VrMY3e6I_XWEwVjjQ&ts=1722446269&e=0"]},{"title":"Ponúkame na predaj 4 izbový byt po čiastočnej rekonštrukcii vo vyhľadávanej lokalite v Trenčíne","address":"Turkovej, Trenčín, okres Trenčín","rooms":4,"meters":73,"totalPrice":144990,"meterSquarePrice":6,"link":"https://www.nehnutelnosti.sk/detail/JuyvGRHj1mh/ponukame-na-predaj-4-izbovy-byt-po-ciastocnej-rekonstrukcii-vo-vyhladavanej-lokalite-v-trencine","imagesUrls":["https://img.nehnutelnosti.sk/foto/NjAweDMzOC9maWx0ZXJzOnF1YWxpdHkoMTAwKS9uZWg=/5M1N2qj0R1_fss?st=ELWKudw2kP0hExzOANdd0YOkLD7WnU6xvol1FZA6MB0&ts=1722437887&e=0"]},{"title":"REZERVOVANÉ!!!  Exkluzívne na predaj 1.5 izbový v Prešove ulica Karpatská","address":"Karpatská, Prešov, okres Prešov","rooms":2,"meters":40,"totalPrice":84000,"meterSquarePrice":0,"link":"https://www.nehnutelnosti.sk/detail/JuZqGkMuLeW/rezervovane-exkluzivne-na-predaj-1-5-izbovy-v-presove-ulica-karpatska","imagesUrls":["https://img.nehnutelnosti.sk/foto/NjAweDMzOC9maWx0ZXJzOnF1YWxpdHkoMTAwKS9uZWg=/sd7L6C6vI__fss?st=CJucHXM3SimaNeEpqGmUCFuF52VVYqQU3r_GVLRIfdU&ts=1722440471&e=0"]},{"title":"Priestranný 1 izbový byt v centre mesta Nová Dubnica","address":"P. O. Hviezdoslava, Nová Dubnica, okres Ilava","rooms":1,"meters":null,"totalPrice":null,"meterSquarePrice":null,"link":"https://www.nehnutelnosti.sk/detail/JuQE4IBe9cn/priestranny-1-izbovy-byt-v-centre-mesta-nova-dubnica","imagesUrls":["https://img.nehnutelnosti.sk/foto/NjAweDMzOC9maWx0ZXJzOnF1YWxpdHkoMTAwKS9uZWg=/eFeCg-Qxo_fss?st=Au_DM3kiXK4OsSDq9wCc5fjYYsf1JUfbON8axjSCgbA&ts=1722510726&e=0"]},{"title":"2-izbový byt v srdci Zvolena, pokojná lokalita blízko centra","address":"Bratov Veselovcov, Zvolen, okres Zvolen","rooms":2,"meters":55,"totalPrice":135000,"meterSquarePrice":5,"link":"https://www.nehnutelnosti.sk/detail/Ju_O0DaFubT/2-izbovy-byt-v-srdci-zvolena-pokojna-lokalita-blizko-centra","imagesUrls":["https://img.nehnutelnosti.sk/foto/NjAweDMzOC9maWx0ZXJzOnF1YWxpdHkoMTAwKS9uZWg=/E7T7HWM2C_fss?st=l787umYyWs3IR1lDvjdoFGWH7yGPSc26l29MSRrWetE&ts=1724737643&e=0"]},{"title":"PREDAJ - 2 izbový byt na Jiráskovej ulici v TRNAVE","address":"Jiráskova, Trnava, okres Trnava","rooms":2,"meters":41,"totalPrice":134990,"meterSquarePrice":4,"link":"https://www.nehnutelnosti.sk/detail/JuV9Z1-lIq0/predaj-2-izbovy-byt-na-jiraskovej-ulici-v-trnave","imagesUrls":["https://img.nehnutelnosti.sk/foto/NjAweDMzOC9maWx0ZXJzOnF1YWxpdHkoMTAwKS9uZWg=/Ia-4cCWmmF_fss?st=c8Z4SZx-2iUY0h1EfAHoeMH092ANafaiL5oJ41cZOPA&ts=1722600354&e=0"]},{"title":"Predaj 3 izbového bytu priamo v centre mesta","address":"Centrum, Nové Zámky, okres Nové Zámky","rooms":3,"meters":77,"totalPrice":124000,"meterSquarePrice":9,"link":"https://www.nehnutelnosti.sk/detail/JuwPgYzdz1F/predaj-3-izboveho-bytu-priamo-v-centre-mesta","imagesUrls":["https://img.nehnutelnosti.sk/foto/NjAweDMzOC9maWx0ZXJzOnF1YWxpdHkoMTAwKS9uZWg=/Ld1l07akR_fss?st=UmW0PUtzwGBxd5lrvyPzh2YKmIFhOBP-zaFKJwnBDRA&ts=1699440381&e=0"]},{"title":"Znížená cena - krásny byt s podzemnou garážou","address":"Jelenecká, Nitra, okres Nitra","rooms":1,"meters":44,"totalPrice":134000,"meterSquarePrice":5,"link":"https://www.nehnutelnosti.sk/detail/JuMJ6vtvnIh/znizena-cena-krasny-byt-s-podzemnou-garazou","imagesUrls":["https://img.nehnutelnosti.sk/foto/NjAweDMzOC9maWx0ZXJzOnF1YWxpdHkoMTAwKS9uZWg=/50ED133Y0_fss?st=fM_rBF_OYBXp9XMGCbPH_vMu6xE6ig4tfZKlNrQtZP0&ts=1687338094&e=0"]},{"title":"Pekný slnečný 2-izbový byt v Starom meste","address":"Stavbárska, Nitra, okres Nitra","rooms":2,"meters":53,"totalPrice":162900,"meterSquarePrice":8,"link":"https://www.nehnutelnosti.sk/detail/JuS1XghzUTC/pekny-slnecny-2-izbovy-byt-v-starom-meste","imagesUrls":["https://img.nehnutelnosti.sk/foto/NjAweDMzOC9maWx0ZXJzOnF1YWxpdHkoMTAwKS9uZWg=/kDN2SxItc_fss?st=rfDzsZ3C6D0m5LPXmHzouyeWD0QMi2cRbe8tcBd494I&ts=1687338093&e=0"]},{"title":"Luxusný 1-izbový byt v centre Bratislavy","address":"Mikulášska, Bratislava I - Staré Mesto, okres Bratislava","rooms":1,"meters":50,"totalPrice":236900,"meterSquarePrice":8,"link":"https://www.nehnutelnosti.sk/detail/Juv1qKwD4lo/luxusny-1-izbovy-byt-v-centre-bratislavy","imagesUrls":["https://img.nehnutelnosti.sk/foto/NjAweDMzOC9maWx0ZXJzOnF1YWxpdHkoMTAwKS9uZWg=/vmEdVpIQL_fss?st=FR-lSeUTW5-iFl-c1JcVbWrsQnNbhLgRKbCJMAwjyGU&ts=1691608572&e=0"]},{"title":"EXKLUZÍVNE NA PREDAJ - 3IZ REZIDENČNÝ APARTMÁN - BRATISLAVA STARÉ MESTO","address":"Bratislava I - Staré Mesto, okres Bratislava","rooms":3,"meters":198,"totalPrice":416666,"meterSquarePrice":7,"link":"https://www.nehnutelnosti.sk/detail/JuyzeFa4PZX/exkluzivne-na-predaj-3iz-rezidencny-apartman-bratislava-stare-mesto","imagesUrls":["https://img.nehnutelnosti.sk/foto/NjAweDMzOC9maWx0ZXJzOnF1YWxpdHkoMTAwKS9uZWg=/2muQ6hVa4_fss?st=15eMbYuSoToVNgKMlDDdk2acjvwPapyqThiAkjFG5qE&ts=1713510294&e=0"]},{"title":"2 izbový byt - TRI VEŽE","address":"Bajkalská, Bratislava III - Nové Mesto, okres Bratislava","rooms":2,"meters":60,"totalPrice":427450,"meterSquarePrice":7,"link":"https://www.nehnutelnosti.sk/detail/JuoQS31-Mpy/2-izbovy-byt-tri-veze","imagesUrls":["https://img.nehnutelnosti.sk/foto/NjAweDMzOC9maWx0ZXJzOnF1YWxpdHkoMTAwKS9uZWg=/BrlP8lwgS_fss?st=9MQV5XI3wLklPO4ILOb6kXAQTRLSadly14C8Qpe8DmE&ts=1662971099&e=0"]},{"title":"Priestranný 3-izbový byt vo vyhľadávanej lokalite","address":"Seberíniho, Bratislava II - Ružinov, okres Bratislava","rooms":3,"meters":78,"totalPrice":240000,"meterSquarePrice":2,"link":"https://www.nehnutelnosti.sk/detail/JuS1_tphbfh/priestranny-3-izbovy-byt-vo-vyhladavanej-lokalite","imagesUrls":["https://img.nehnutelnosti.sk/foto/NjAweDMzOC9maWx0ZXJzOnF1YWxpdHkoMTAwKS9uZWg=/FDl6cTFKk_fss?st=B46JZTSE-YWs6Bs4NpFKAaUSfniulsLRJNMc-UgGhOk&ts=1664964187&e=0"]},{"title":"Ponúkame na predaj 2 izbový byt Nitra - RIVIERA","address":"Piesková, Nitra, okres Nitra","rooms":2,"meters":60,"totalPrice":164000,"meterSquarePrice":4,"link":"https://www.nehnutelnosti.sk/detail/JuHqWQUZuWr/ponukame-na-predaj-2-izbovy-byt-nitra-riviera","imagesUrls":["https://img.nehnutelnosti.sk/foto/NjAweDMzOC9maWx0ZXJzOnF1YWxpdHkoMTAwKS9uZWg=/ympa2jwQGE_fss?st=o-gEG-SLnTIiTHQGJAM05uEuG7DjQoJpFXNFsEpeONE&ts=1712827837&e=0"]},{"title":"Priestranný, tehlový, slnečný 2-izbový byt","address":"Dr. D. Úradníčka, Stará Turá, okres Nové Mesto nad Váhom","rooms":2,"meters":97,"totalPrice":null,"meterSquarePrice":null,"link":"https://www.nehnutelnosti.sk/detail/JuqDj6tLfXb/priestranny-tehlovy-slnecny-2-izbovy-byt","imagesUrls":["https://img.nehnutelnosti.sk/foto/NjAweDMzOC9maWx0ZXJzOnF1YWxpdHkoMTAwKS9uZWg=/AU2QDM9WD_fss?st=A5i9x1wAt835tUbiesWMiam0jHwlSC7jRLplCVI_U38&ts=1721948387&e=0"]},{"title":"Moderný LOFT s terasou","address":"Bratislava III - Nové Mesto, okres Bratislava","rooms":null,"meters":164,"totalPrice":null,"meterSquarePrice":null,"link":"https://www.nehnutelnosti.sk/detail/JuCd5yWILYG/moderny-loft-s-terasou","imagesUrls":["https://img.nehnutelnosti.sk/foto/NjAweDMzOC9maWx0ZXJzOnF1YWxpdHkoMTAwKS9uZWg=/1avTM6rlr_fss?st=u43ff4BtB3xQAjFdYERnnDB9sqWL5_1_S4_dYuL_tx0&ts=1688120524&e=0"]},{"title":"Na predaj 2-izbový byt v úplnom centre Piešťan","address":"Nálepkova, Piešťany, okres Piešťany","rooms":2,"meters":58,"totalPrice":169000,"meterSquarePrice":9,"link":"https://www.nehnutelnosti.sk/detail/Ju6ITbTlVRa/na-predaj-2-izbovy-byt-v-uplnom-centre-piestan","imagesUrls":["https://img.nehnutelnosti.sk/foto/NjAweDMzOC9maWx0ZXJzOnF1YWxpdHkoMTAwKS9uZWg=/WHy73yt4s_fss?st=nxbNn6VP0gJd3w8boiB8Zk5vN4ornAdTrxXPdJ8paVg&ts=1688120488&e=0"]},{"title":"Na predaj priestranný slnečný 3-izbový byt na Krajinskej ulici","address":"Krajinská, Piešťany, okres Piešťany","rooms":3,"meters":86,"totalPrice":159000,"meterSquarePrice":4,"link":"https://www.nehnutelnosti.sk/detail/JuUgYU1-120/na-predaj-priestranny-slnecny-3-izbovy-byt-na-krajinskej-ulici","imagesUrls":["https://img.nehnutelnosti.sk/foto/NjAweDMzOC9maWx0ZXJzOnF1YWxpdHkoMTAwKS9uZWg=/iLlF9txhJ_fss?st=uNY6iycXxbQUgYHd9ZSq4agM3LEH6bPXEl5feicFq8M&ts=1688120502&e=0"]},{"title":"Pekný 3i byt v malom bytovom dome v Budmericiach","address":"J. Holčeka, Budmerice, okres Pezinok","rooms":3,"meters":81,"totalPrice":155000,"meterSquarePrice":8,"link":"https://www.nehnutelnosti.sk/detail/JuJFbbbb5eh/pekny-3i-byt-v-malom-bytovom-dome-v-budmericiach","imagesUrls":["https://img.nehnutelnosti.sk/foto/NjAweDMzOC9maWx0ZXJzOnF1YWxpdHkoMTAwKS9uZWg=/ycNqYFPqt_fss?st=vcY2EdiRZSUIqYo_p9KRBmmd5OBlK132PE1i0xr3dyY&ts=1721730427&e=0"]},{"title":"EXKLUZÍVNE  !  3 - IZBOVÝ LUXUSNÝ BYT 100M2  V CENTRE MESTA  PIEŠŤANY","address":"Nálepkova, Piešťany, okres Piešťany","rooms":3,"meters":100,"totalPrice":279990,"meterSquarePrice":0,"link":"https://www.nehnutelnosti.sk/detail/JuFZeLM3nnx/exkluzivne-3-izbovy-luxusny-byt-100m2-v-centre-mesta-piestany","imagesUrls":["https://img.nehnutelnosti.sk/foto/NjAweDMzOC9maWx0ZXJzOnF1YWxpdHkoMTAwKS9uZWg=/EY6MptcECg_fss?st=gt_SaBKV7tuQPhkCVzZh1DxSpcCHD2OiiprAzF6NtaQ&ts=1721815009&e=0"]},{"title":"JKV REAL / Predaj 3 izbového bytu s teraskou v Šamoríne","address":"Dolná, Šamorín, okres Dunajská Streda","rooms":3,"meters":74,"totalPrice":149990,"meterSquarePrice":9,"link":"https://www.nehnutelnosti.sk/detail/JuYhMbbZ1hfS/jkv-real-predaj-3-izboveho-bytu-s-teraskou-v-samorine","imagesUrls":["https://img.nehnutelnosti.sk/foto/NjAweDMzOC9maWx0ZXJzOnF1YWxpdHkoMTAwKS9uZWg=/5a1DQIcjG_fss?st=gEsr1KurO79kuzCQ7R6oI_v50T8DYZVheCJCXDZcT24&ts=1721730399&e=0"]},{"title":"Exkluzívne na predaj 1 izbový byt na Volgogradskej ulici v Prešove","address":"Volgogradská, Prešov, okres Prešov","rooms":1,"meters":37,"totalPrice":87000,"meterSquarePrice":5,"link":"https://www.nehnutelnosti.sk/detail/JuMHgA1cSgm/exkluzivne-na-predaj-1-izbovy-byt-na-volgogradskej-ulici-v-presove","imagesUrls":["https://img.nehnutelnosti.sk/foto/NjAweDMzOC9maWx0ZXJzOnF1YWxpdHkoMTAwKS9uZWg=/0tPLZA2-C_fss?st=FDji0ZKDUcKc9PvsJlGNa2lV7q3SZ08jUpkjOU2kUhA&ts=1721730431&e=0"]},{"title":"NA PREDAJ 3-IZB.BYT, PETRŽALKA, OSUSKÉHO, 62 M2, 169990 EUR","address":"Osuského, Bratislava V - Petržalka, okres Bratislava","rooms":3,"meters":62,"totalPrice":169990,"meterSquarePrice":7,"link":"https://www.nehnutelnosti.sk/detail/Ju9PxRxSRZc/na-predaj-3-izb-byt-petrzalka-osuskeho-62-m2-169990-eur","imagesUrls":["https://img.nehnutelnosti.sk/foto/NjAweDMzOC9maWx0ZXJzOnF1YWxpdHkoMTAwKS9uZWg=/KdSnqtdps_fss?st=7qM6_GHoGutCssfBt788U3M3GijMA24OSFFNtnCK-mw&ts=1721730402&e=0"]}]