[{"title":"RADO | Štýlový 3i byt, 81m2 +15m2 pivnica, ul. 28. októbra - Trenčín","address":"28. októbra, Trenčín, okres Trenčín","rooms":3,"meters":96,"totalPrice":159900,"meterSquarePrice":3,"link":"https://www.nehnutelnosti.sk/detail/JuixcHH2Jov/rado-stylovy-3i-byt-81m2-15m2-pivnica-ul-28-oktobra-trencin","imagesUrls":["https://img.nehnutelnosti.sk/foto/NjAweDMzOC9maWx0ZXJzOnF1YWxpdHkoMTAwKS9uZWg=/RT93Qt8Lx_fss?st=ovH0cHziV-vem_dVoq51OEzIpL_TWb-KSGmLTJZVDA0&ts=1724826018&e=0"]},{"title":"RADO | GreenResidence 2-izbový byt 60,23m2 | Nové Zámky","address":"Zimná, Nové Zámky, okres Nové Zámky","rooms":2,"meters":54,"totalPrice":138050,"meterSquarePrice":6,"link":"https://www.nehnutelnosti.sk/detail/JuOD_qg9CE7/rado-greenresidence-2-izbovy-byt-60-23m2-nove-zamky","imagesUrls":["https://img.nehnutelnosti.sk/foto/NjAweDMzOC9maWx0ZXJzOnF1YWxpdHkoMTAwKS9uZWg=/GCZVTS9H-_fss?st=wsz28WcudG1Xqfknsxk-Pioknvo4533c2CMCaa_j0a0&ts=1724937002&e=0"]},{"title":"RADO | GreenResidence 3-izbový byt 80,78m2 + predzáhradka | Nové Zámky","address":"Zimná, Nové Zámky, okres Nové Zámky","rooms":3,"meters":80,"totalPrice":219107,"meterSquarePrice":9,"link":"https://www.nehnutelnosti.sk/detail/JucOaK2fncO/rado-greenresidence-3-izbovy-byt-80-78m2-predzahradka-nove-zamky","imagesUrls":["https://img.nehnutelnosti.sk/foto/NjAweDMzOC9maWx0ZXJzOnF1YWxpdHkoMTAwKS9uZWg=/DkI_U24Nh_fss?st=CfE2QjDBzUGB_m2QaKmkdgy-UDrStUkPj4K7IFSDcWI&ts=1724937018&e=0"]},{"title":"RADO | GreenResidence 2-izbový byt 54,51m2 + predzáhradka | Nové Zámky","address":"Zimná, Nové Zámky, okres Nové Zámky","rooms":2,"meters":54,"totalPrice":155761,"meterSquarePrice":8,"link":"https://www.nehnutelnosti.sk/detail/Juk0W5W2HHo/rado-greenresidence-2-izbovy-byt-54-51m2-predzahradka-nove-zamky","imagesUrls":["https://img.nehnutelnosti.sk/foto/NjAweDMzOC9maWx0ZXJzOnF1YWxpdHkoMTAwKS9uZWg=/LtnfGEIRT_fss?st=NUvyAL6op1Agj6nyQAB4cKYls80o2Cn8VAngwlo8xGg&ts=1724937013&e=0"]},{"title":"RADO | GreenResidence 3-izbový byt 86,50m2  | Nové Zámky","address":"Zimná, Nové Zámky, okres Nové Zámky","rooms":3,"meters":80,"totalPrice":191425,"meterSquarePrice":1,"link":"https://www.nehnutelnosti.sk/detail/JuXQLBlZPrI/rado-greenresidence-3-izbovy-byt-86-50m2-nove-zamky","imagesUrls":["https://img.nehnutelnosti.sk/foto/NjAweDMzOC9maWx0ZXJzOnF1YWxpdHkoMTAwKS9uZWg=/8EsGRzVIyL_fss?st=eaZJ8_L2PfAfnaArk_ulkrYVmkRytChmGh-KhEzwnWk&ts=1724937021&e=0"]},{"title":"RADO | IBA U NÁS!! Na predaj APARTMÁN NA VODE Slnečné jazerá, Senec","address":"Slnečné jazerá juh, Senec, okres Senec","rooms":null,"meters":34,"totalPrice":93300,"meterSquarePrice":2,"link":"https://www.nehnutelnosti.sk/detail/JuSFxAjJu0B/rado-iba-u-nas-na-predaj-apartman-na-vode-slnecne-jazera-senec","imagesUrls":["https://img.nehnutelnosti.sk/foto/NjAweDMzOC9maWx0ZXJzOnF1YWxpdHkoMTAwKS9uZWg=/hchScumEx2_fss?st=fKaROW06KXJKys3wmMo-x3l0_6MXK0V7e8d9mD-hqig&ts=1725324057&e=0"]},{"title":"RADO | krásny 2i byt na ''tichej'' adrese","address":"Narcisova, Bratislava II - Ružinov, okres Bratislava","rooms":2,"meters":null,"totalPrice":null,"meterSquarePrice":null,"link":"https://www.nehnutelnosti.sk/detail/Ju1QYGxO_6K/rado-krasny-2i-byt-na-tichej-adrese","imagesUrls":["https://img.nehnutelnosti.sk/foto/NjAweDMzOC9maWx0ZXJzOnF1YWxpdHkoMTAwKS9uZWg=/qpjVo_Wp7_fss?st=Epb7Pf-V_E3VvnPiCf-Q7dOZG72Q4bm9x9wgJv3h3Es&ts=1724768278&e=0"]},{"title":"RADO | Garzónka | TOP LOKALITA!!!","address":"Ždiarska, Nitra, okres Nitra","rooms":null,"meters":null,"totalPrice":null,"meterSquarePrice":null,"link":"https://www.nehnutelnosti.sk/detail/JuXNNs2xaMI/rado-garzonka-top-lokalita","imagesUrls":["https://img.nehnutelnosti.sk/foto/NjAweDMzOC9maWx0ZXJzOnF1YWxpdHkoMTAwKS9uZWg=/JDgvsbka8_fss?st=foqK-vtpylbAPACLSyaRrrNVDYUDoUVKzeYUm66mtu4&ts=1726727315&e=0"]},{"title":"RADO | 3i byt na 19p s úžasným výhľadom | 100m2 | Vienna Gate","address":"Kopčianska, Bratislava V - Petržalka, okres Bratislava","rooms":3,"meters":100,"totalPrice":329900,"meterSquarePrice":9,"link":"https://www.nehnutelnosti.sk/detail/JuxKy6hyiTMa/rado-3i-byt-na-19p-s-uzasnym-vyhladom-100m2-vienna-gate","imagesUrls":["https://img.nehnutelnosti.sk/foto/NjAweDMzOC9maWx0ZXJzOnF1YWxpdHkoMTAwKS9uZWg=/j95_oZpiha_fss?st=qu_-k8SPxRNOWlxj8jTgMLQuV1q6jn8DY7PqqeRXSsg&ts=1725007928&e=0"]},{"title":"RADO I Čerstvo skolaudovaný, 2-izbový byt + parking v T. Tepliciach!","address":"Nádražná, Trenčianske Teplice, okres Trenčín","rooms":2,"meters":80,"totalPrice":183900,"meterSquarePrice":8,"link":"https://www.nehnutelnosti.sk/detail/JuN3zqCbuqb/rado-i-cerstvo-skolaudovany-2-izbovy-byt-parking-v-t-tepliciach","imagesUrls":["https://img.nehnutelnosti.sk/foto/NjAweDMzOC9maWx0ZXJzOnF1YWxpdHkoMTAwKS9uZWg=/fpjd0lQau_fss?st=8SRGWO2m-cOuggm1Vmnw2Bv3sbtijCf3fLypcPeXXQ4&ts=1724755141&e=0"]},{"title":"RADO | BORY 2-izbový byt 52,99m2 + loggia 10,29m2","address":"Na hrádzi, Bratislava IV - Devínska Nová Ves, okres Bratislava","rooms":2,"meters":52,"totalPrice":214900,"meterSquarePrice":8,"link":"https://www.nehnutelnosti.sk/detail/Juuq6rUz7xD/rado-bory-2-izbovy-byt-52-99m2-loggia-10-29m2","imagesUrls":["https://img.nehnutelnosti.sk/foto/NjAweDMzOC9maWx0ZXJzOnF1YWxpdHkoMTAwKS9uZWg=/oLiIqdfji_fss?st=iz_HSHyg42lzWjAjV5ElGJIvHjfCjIrjPK-4YcEHH7k&ts=1724231775&e=0"]},{"title":"REZERVOVANÝ! Na predaj zrekonštruovaný 3I byt, ul. Bavlnárska, TN","address":"Bavlnárska, Trenčín, okres Trenčín","rooms":3,"meters":78,"totalPrice":158500,"meterSquarePrice":5,"link":"https://www.nehnutelnosti.sk/detail/Juv6cuH7GxM/rezervovany-na-predaj-zrekonstruovany-3i-byt-ul-bavlnarska-tn","imagesUrls":["https://img.nehnutelnosti.sk/foto/NjAweDMzOC9maWx0ZXJzOnF1YWxpdHkoMTAwKS9uZWg=/sLu066_7G_fss?st=nUxwF0_QmUG1Cn_3qZSDTNiWyaXqc-VHRB7LTWMJ3fU&ts=1724707750&e=0"]},{"title":"RADO | REZIDENCIA ZÁMOSTIE, 2 izbový byt s balkónom (D32), Trenčín","address":"Kožušnícka, Trenčín, okres Trenčín","rooms":2,"meters":52,"totalPrice":167259,"meterSquarePrice":8,"link":"https://www.nehnutelnosti.sk/detail/JuGJBb1LSAP/rado-rezidencia-zamostie-2-izbovy-byt-s-balkonom-d32-trencin","imagesUrls":["https://img.nehnutelnosti.sk/foto/NjAweDMzOC9maWx0ZXJzOnF1YWxpdHkoMTAwKS9uZWg=/g7at5ueys_fss?st=V3OPA_PVacMffdKXIhwgarBI9W-3wuAB4ILIZqF0XaI&ts=1726353758&e=0"]},{"title":"RADO | Na predaj 2 izbový byt, Trenčín, ul. Dukl. hrdinov","address":"Duk. hrdinov, Trenčín, okres Trenčín","rooms":2,"meters":53,"totalPrice":115000,"meterSquarePrice":1,"link":"https://www.nehnutelnosti.sk/detail/JupNWOgfPPl/rado-na-predaj-2-izbovy-byt-trencin-ul-dukl-hrdinov","imagesUrls":["https://img.nehnutelnosti.sk/foto/NjAweDMzOC9maWx0ZXJzOnF1YWxpdHkoMTAwKS9uZWg=/HVNekTrC3_fss?st=Ldzc2kFeHalS4JU8q8GU4zG6AinOfp4smtyJcqAxsuA&ts=1725800328&e=0"]},{"title":"RADO | REZIDENCIA ZÁMOSTIE, 2 izbový byt s balkónom (D24), Trenčín","address":"Kožušnícka, Trenčín, okres Trenčín","rooms":2,"meters":57,"totalPrice":130230,"meterSquarePrice":0,"link":"https://www.nehnutelnosti.sk/detail/Ju6EYBoE5je/rado-rezidencia-zamostie-2-izbovy-byt-s-balkonom-d24-trencin","imagesUrls":["https://img.nehnutelnosti.sk/foto/NjAweDMzOC9maWx0ZXJzOnF1YWxpdHkoMTAwKS9uZWg=/5xX1mE-gp_fss?st=SxNgiBAkLg87lK5NqeA_UvMakH-LplknWdCrimlKATg&ts=1724755130&e=0"]},{"title":"RADO | REZIDENCIA ZÁMOSTIE, 2 izbový byt s balkónom (D22), Trenčín","address":"Kožušnícka, Trenčín, okres Trenčín","rooms":2,"meters":55,"totalPrice":125486,"meterSquarePrice":1,"link":"https://www.nehnutelnosti.sk/detail/Jum7onwQHPd/rado-rezidencia-zamostie-2-izbovy-byt-s-balkonom-d22-trencin","imagesUrls":["https://img.nehnutelnosti.sk/foto/NjAweDMzOC9maWx0ZXJzOnF1YWxpdHkoMTAwKS9uZWg=/hXSjUjwbau_fss?st=tA3qLtPr_M7lsKiVNsMeOHrVZY31rMiBoNGEKRolI-c&ts=1724698989&e=0"]},{"title":"RADO | REZIDENCIA ZÁMOSTIE, 2 izbový byt s balkónom (D28), Trenčín","address":"Kožušnícka, Trenčín, okres Trenčín","rooms":2,"meters":54,"totalPrice":123488,"meterSquarePrice":0,"link":"https://www.nehnutelnosti.sk/detail/JuHC8zaOwM_/rado-rezidencia-zamostie-2-izbovy-byt-s-balkonom-d28-trencin","imagesUrls":["https://img.nehnutelnosti.sk/foto/NjAweDMzOC9maWx0ZXJzOnF1YWxpdHkoMTAwKS9uZWg=/m0iPNSRec_fss?st=3oML3k4-oTwMnJIztqdLZ3frUxnkhIYn8yPme-B9Xn0&ts=1724755134&e=0"]},{"title":"RADO | REZIDENCIA ZÁMOSTIE, 2 izbový byt s balkónom (D29), Trenčín","address":"Kožušnícka, Trenčín, okres Trenčín","rooms":2,"meters":54,"totalPrice":176833,"meterSquarePrice":7,"link":"https://www.nehnutelnosti.sk/detail/Juf4kLyq9Mw/rado-rezidencia-zamostie-2-izbovy-byt-s-balkonom-d29-trencin","imagesUrls":["https://img.nehnutelnosti.sk/foto/NjAweDMzOC9maWx0ZXJzOnF1YWxpdHkoMTAwKS9uZWg=/SaZ9ujWh9_fss?st=eUasHFKt2_xERdBO2D-UyTBA4Y_yrzyKvSWqVXG8ms4&ts=1724755137&e=0"]},{"title":"RADO |  Na predaj 3 – izb. byt, Bánovce nad Bebravou, ul. Cibislavská","address":"Cibislavská, Bánovce nad Bebravou, okres Bánovce nad Bebravou","rooms":3,"meters":70,"totalPrice":95000,"meterSquarePrice":4,"link":"https://www.nehnutelnosti.sk/detail/JuUsYp5kvND/rado-na-predaj-3-izb-byt-banovce-nad-bebravou-ul-cibislavska","imagesUrls":["https://img.nehnutelnosti.sk/foto/NjAweDMzOC9maWx0ZXJzOnF1YWxpdHkoMTAwKS9uZWg=/wPbSgbimcV_fss?st=vr1lJRfy5JwPI-EDhT-HSQ0w6gMamx6XgyLs5HsN1rY&ts=1723655915&e=0"]},{"title":"RADO | REZIDENCIA ZÁMOSTIE, 2 izbový byt s balkónom (D9), Trenčín","address":"Kožušnícka, Trenčín, okres Trenčín","rooms":2,"meters":49,"totalPrice":113046,"meterSquarePrice":0,"link":"https://www.nehnutelnosti.sk/detail/Jur-d_m0nnb/rado-rezidencia-zamostie-2-izbovy-byt-s-balkonom-d9-trencin","imagesUrls":["https://img.nehnutelnosti.sk/foto/NjAweDMzOC9maWx0ZXJzOnF1YWxpdHkoMTAwKS9uZWg=/4KydyS1j6g_fss?st=OjqyMoet-oUfE-0crVByGCFLmURzQdXDOsM5-Kbjudg&ts=1724698979&e=0"]},{"title":"RADO | REZIDENCIA ZÁMOSTIE, 2 izbový byt s balkónom (D16), Trenčín","address":"Kožušnícka, Trenčín, okres Trenčín","rooms":2,"meters":49,"totalPrice":113046,"meterSquarePrice":0,"link":"https://www.nehnutelnosti.sk/detail/Ju48wpBz5aJr/rado-rezidencia-zamostie-2-izbovy-byt-s-balkonom-d16-trencin","imagesUrls":["https://img.nehnutelnosti.sk/foto/NjAweDMzOC9maWx0ZXJzOnF1YWxpdHkoMTAwKS9uZWg=/UspjYPh3C-_fss?st=1yPXfKlodyO19A7CVGOr8KnkuVJ5MDM83SqKL0rq4wo&ts=1724698985&e=0"]},{"title":"RADO | REZIDENCIA ZÁMOSTIE, 2 izbový byt s balkónom (D6), Trenčín","address":"Kožušnícka, Trenčín, okres Trenčín","rooms":2,"meters":49,"totalPrice":112365,"meterSquarePrice":0,"link":"https://www.nehnutelnosti.sk/detail/JutBfsAKGTr/rado-rezidencia-zamostie-2-izbovy-byt-s-balkonom-d6-trencin","imagesUrls":["https://img.nehnutelnosti.sk/foto/NjAweDMzOC9maWx0ZXJzOnF1YWxpdHkoMTAwKS9uZWg=/Y4twSP1Bgy_fss?st=mwSOkG_nccYmYCLZP5mROZEpv41aPz5pvwiksL1yyGU&ts=1724755117&e=0"]},{"title":"RADO | REZIDENCIA ZÁMOSTIE, 2 izbový byt s balkónom (D10), Trenčín","address":"Kožušnícka, Trenčín, okres Trenčín","rooms":2,"meters":57,"totalPrice":130230,"meterSquarePrice":0,"link":"https://www.nehnutelnosti.sk/detail/JuQDSs83aec/rado-rezidencia-zamostie-2-izbovy-byt-s-balkonom-d10-trencin","imagesUrls":["https://img.nehnutelnosti.sk/foto/NjAweDMzOC9maWx0ZXJzOnF1YWxpdHkoMTAwKS9uZWg=/0xeUG7MHNF_fss?st=pA7b7c7qspNWp84e_yAAKYmJj9lOLDFjcgnz8i6RG2s&ts=1724698982&e=0"]},{"title":"RADO | REZIDENCIA ZÁMOSTIE, 2 izbový byt s balkónom (D17), Trenčín","address":"Kožušnícka, Trenčín, okres Trenčín","rooms":2,"meters":57,"totalPrice":130230,"meterSquarePrice":0,"link":"https://www.nehnutelnosti.sk/detail/JuIgjd_pXRS/rado-rezidencia-zamostie-2-izbovy-byt-s-balkonom-d17-trencin","imagesUrls":["https://img.nehnutelnosti.sk/foto/NjAweDMzOC9maWx0ZXJzOnF1YWxpdHkoMTAwKS9uZWg=/0Hpa721wv_fss?st=_XHyrVGwabkukSPLrbEu9CF647nwTpTVRNWgvPhfFvg&ts=1724698987&e=0"]},{"title":"RADO | REZIDENCIA ZÁMOSTIE, 2 izbový byt s balkónom (D7), Trenčín","address":"Kožušnícka, Trenčín, okres Trenčín","rooms":2,"meters":54,"totalPrice":123488,"meterSquarePrice":0,"link":"https://www.nehnutelnosti.sk/detail/JuKANzrSrDX/rado-rezidencia-zamostie-2-izbovy-byt-s-balkonom-d7-trencin","imagesUrls":["https://img.nehnutelnosti.sk/foto/NjAweDMzOC9maWx0ZXJzOnF1YWxpdHkoMTAwKS9uZWg=/3ZSdq4pGV1_fss?st=rczmPNt0V0j86PLN63eMwEWfIQDx-H-ZygJNKgAZIvQ&ts=1724698974&e=0"]},{"title":"RADO | REZIDENCIA ZÁMOSTIE, 2 izbový byt s balkónom (D14), Trenčín","address":"Kožušnícka, Trenčín, okres Trenčín","rooms":2,"meters":54,"totalPrice":123488,"meterSquarePrice":0,"link":"https://www.nehnutelnosti.sk/detail/JuGbebztq-z/rado-rezidencia-zamostie-2-izbovy-byt-s-balkonom-d14-trencin","imagesUrls":["https://img.nehnutelnosti.sk/foto/NjAweDMzOC9maWx0ZXJzOnF1YWxpdHkoMTAwKS9uZWg=/skmjXk--q_fss?st=-QabuuvzZHlHZJZbxAL0vfCZHiUtyFsAbyLwH-G8UoA&ts=1725655113&e=0"]},{"title":"RADO | REZIDENCIA ZÁMOSTIE, 2 izbový byt s balkónom (D8), Trenčín","address":"Kožušnícka, Trenčín, okres Trenčín","rooms":2,"meters":55,"totalPrice":125486,"meterSquarePrice":1,"link":"https://www.nehnutelnosti.sk/detail/JuuunA9E-4n/rado-rezidencia-zamostie-2-izbovy-byt-s-balkonom-d8-trencin","imagesUrls":["https://img.nehnutelnosti.sk/foto/NjAweDMzOC9maWx0ZXJzOnF1YWxpdHkoMTAwKS9uZWg=/tI-kIkYz55_fss?st=choYoaZHyKLAO719gZRjGXOWyVPjFaaJazx_DBjlq6w&ts=1724755123&e=0"]},{"title":"RADO | REZIDENCIA ZÁMOSTIE, 2 izbový byt s balkónom (D15), Trenčín","address":"Kožušnícka, Trenčín, okres Trenčín","rooms":2,"meters":55,"totalPrice":125486,"meterSquarePrice":1,"link":"https://www.nehnutelnosti.sk/detail/JuC15enT-JW/rado-rezidencia-zamostie-2-izbovy-byt-s-balkonom-d15-trencin","imagesUrls":["https://img.nehnutelnosti.sk/foto/NjAweDMzOC9maWx0ZXJzOnF1YWxpdHkoMTAwKS9uZWg=/zFtwKYWfqJ_fss?st=JtTRFfKtc7YGww7W-ddZ27L3N86u3l5JZtJH_OndGaY&ts=1724698985&e=0"]},{"title":"RADO | 2-izbový byt 61m2 Trenčín Juh- Šmidkeho","address":"Šmidkeho, Trenčín, okres Trenčín","rooms":2,"meters":null,"totalPrice":null,"meterSquarePrice":null,"link":"https://www.nehnutelnosti.sk/detail/JuP66tcYvLE/rado-2-izbovy-byt-61m2-trencin-juh-smidkeho","imagesUrls":["https://img.nehnutelnosti.sk/foto/NjAweDMzOC9maWx0ZXJzOnF1YWxpdHkoMTAwKS9uZWg=/zoOHKOiLV_fss?st=phyJFO5VHtcmV6FpC_B_B755ZYyV3Ql3zZIJpjWfChs&ts=1724510833&e=0"]},{"title":"RADO | 2 izbový bezbariérový byt-vyhľadávaná lokalita, Partizánska, TN","address":"Partizánska, Trenčín, okres Trenčín","rooms":2,"meters":37,"totalPrice":138000,"meterSquarePrice":3,"link":"https://www.nehnutelnosti.sk/detail/JuSN1y7hfW8/rado-2-izbovy-bezbarierovy-byt-vyhladavana-lokalita-partizanska-tn","imagesUrls":["https://img.nehnutelnosti.sk/foto/NjAweDMzOC9maWx0ZXJzOnF1YWxpdHkoMTAwKS9uZWg=/laSw4SAUNp_fss?st=p_dXgFGthf8S4zsWak-WB2wxs3edNVLQukZcX9Q85W4&ts=1723200321&e=0"]}]