[{"title":"Rezervovaný - Predaj 3 izb.bytu na ulici Soblahovská, Trenčín","address":"Soblahovská, Trenčín, okres Trenčín","rooms":3,"meters":76,"totalPrice":162900,"meterSquarePrice":1,"link":"https://www.nehnutelnosti.sk/detail/JuzMOyeucUD/rezervovany-predaj-3-izb-bytu-na-ulici-soblahovska-trencin","imagesUrls":["https://img.nehnutelnosti.sk/foto/NjAweDMzOC9maWx0ZXJzOnF1YWxpdHkoMTAwKS9uZWg=/p1AmgPVJ-i_fss?st=WPiZGk0V39-VtLMCy0lDW22qXZ-sdKy9XczwGRSq9dc&ts=1726306329&e=0"]},{"title":"Rezervovaný 1 izb. byt na Beckovskej ulici v Trenčíne","address":"Beckovská, Trenčín, okres Trenčín","rooms":1,"meters":40,"totalPrice":99900,"meterSquarePrice":0,"link":"https://www.nehnutelnosti.sk/detail/JuGjpHgJlqB/rezervovany-1-izb-byt-na-beckovskej-ulici-v-trencine","imagesUrls":["https://img.nehnutelnosti.sk/foto/NjAweDMzOC9maWx0ZXJzOnF1YWxpdHkoMTAwKS9uZWg=/6L2Jgmd6R_fss?st=lugemzIAocuxM6kaALP1We2FXjRaePXLIzvMJU1nIhE&ts=1725954662&e=0"]},{"title":"NOVINKA krásny 2 izbový byt na 1.poschodí po rekonštrukcii v Brezovej pod Bradlom","address":"Brezová pod Bradlom, okres Myjava","rooms":2,"meters":53,"totalPrice":88000,"meterSquarePrice":6,"link":"https://www.nehnutelnosti.sk/detail/JurZFkoaRL5/novinka-krasny-2-izbovy-byt-na-1-poschodi-po-rekonstrukcii-v-brezovej-pod-bradlom","imagesUrls":["https://img.nehnutelnosti.sk/foto/NjAweDMzOC9maWx0ZXJzOnF1YWxpdHkoMTAwKS9uZWg=/sSWMOlRxIB_fss?st=kbI2qC9Coq93DOAfJ4i8TrKOwFTPgfRpiZGeG1HzJmU&ts=1725262840&e=0"]},{"title":"3 - izbový byt, 67m2 Valaská","address":"Námestie 1. mája 461/9, Valaská, okres Brezno","rooms":3,"meters":67,"totalPrice":null,"meterSquarePrice":null,"link":"https://www.nehnutelnosti.sk/detail/Ju_t3ImQyWQ/3-izbovy-byt-67m2-valaska","imagesUrls":["https://img.nehnutelnosti.sk/foto/NjAweDMzOC9maWx0ZXJzOnF1YWxpdHkoMTAwKS9uZWg=/jfT65oDuD_fss?st=UUkdjL26Hqgz3zIM0BVE3Bnb4easoQSfzxQIsF25BKE&ts=1725258605&e=0"]},{"title":"REZERVOVANÉ - PREDAJ - priestranná garsónka na Pribišovej ulici","address":"Pribišova, Bratislava IV - Karlova Ves, okres Bratislava","rooms":null,"meters":33,"totalPrice":120000,"meterSquarePrice":6,"link":"https://www.nehnutelnosti.sk/detail/JuGhezVNozm/rezervovane-predaj-priestranna-garsonka-na-pribisovej-ulici","imagesUrls":["https://img.nehnutelnosti.sk/foto/NjAweDMzOC9maWx0ZXJzOnF1YWxpdHkoMTAwKS9uZWg=/7L1VSGwFP9_fss?st=nbpsnJUt8yf5lcv48NY4D-WVzyhi7clwXK4gMjvQUxc&ts=1725256387&e=0"]},{"title":"REZERVOVANÉ - PREDAJ  - 1- izbový byt v projekte Tammi Dúbravka","address":"Pri Hrubej lúke, Bratislava IV - Dúbravka, okres Bratislava","rooms":1,"meters":31,"totalPrice":149950,"meterSquarePrice":0,"link":"https://www.nehnutelnosti.sk/detail/JuI3lWZf5ai/rezervovane-predaj-1-izbovy-byt-v-projekte-tammi-dubravka","imagesUrls":["https://img.nehnutelnosti.sk/foto/NjAweDMzOC9maWx0ZXJzOnF1YWxpdHkoMTAwKS9uZWg=/dWHHkLxE_I_fss?st=TWqrw6t8mD7GF55rCRcnBoFPBI64N-HZDU1MX5YRgdE&ts=1725256370&e=0"]},{"title":"REZERVOVANÉ - PREDAJ - šikovná garsónka na Podunajskej ulici","address":"Podunajská, Bratislava II - Podunajské Biskupice, okres Bratislava","rooms":null,"meters":26,"totalPrice":95000,"meterSquarePrice":5,"link":"https://www.nehnutelnosti.sk/detail/JugEzpF9CIt/rezervovane-predaj-sikovna-garsonka-na-podunajskej-ulici","imagesUrls":["https://img.nehnutelnosti.sk/foto/NjAweDMzOC9maWx0ZXJzOnF1YWxpdHkoMTAwKS9uZWg=/oQGenVKSv_fss?st=3Xkdd4O1ZcxOiQEYx32tlThYsDVWJlIJ6WPb-VAi6ME&ts=1725255107&e=0"]},{"title":"***NA PREDAJ*** 4-izbový, 91m2, Moldava nad Bodovou, Námestie mieru","address":"Námestie mieru, Moldava nad Bodvou, Košice okolie, okres Košice - okolie","rooms":4,"meters":91,"totalPrice":135000,"meterSquarePrice":2,"link":"https://www.nehnutelnosti.sk/detail/JuxK8R84eGZ/na-predaj-4-izbovy-91m2-moldava-nad-bodovou-namestie-mieru","imagesUrls":["https://img.nehnutelnosti.sk/foto/NjAweDMzOC9maWx0ZXJzOnF1YWxpdHkoMTAwKS9uZWg=/4xMk3xrg4_fss?st=X71Gi7gjQ3HB9L9qR_jndGEqNAlLjQe287uOceNmKNA&ts=1717608996&e=0"]},{"title":"3-izbový byt pod Starým Smokovcom - na predaj -  zariadený a skladový priestor","address":"Vysoké Tatry, okres Poprad","rooms":3,"meters":61,"totalPrice":155000,"meterSquarePrice":8,"link":"https://www.nehnutelnosti.sk/detail/JuzlnjZ-SkS/3-izbovy-byt-pod-starym-smokovcom-na-predaj-zariadeny-a-skladovy-priestor","imagesUrls":["https://img.nehnutelnosti.sk/foto/NjAweDMzOC9maWx0ZXJzOnF1YWxpdHkoMTAwKS9uZWg=/RZ9YVkOpK_fss?st=TpopRYDoAUkrF6cCoH02jJwyzdYIZEmIEriyOs0a_JY&ts=1721901486&e=0"]},{"title":"Dvojizbový byt 49 m2, Brestovec okr. Myjava","address":"U Ticháčkov, Brestovec, Myjava, okres Myjava","rooms":2,"meters":null,"totalPrice":null,"meterSquarePrice":null,"link":"https://www.nehnutelnosti.sk/detail/JuWG6fCwDNx/dvojizbovy-byt-49-m2-brestovec-okr-myjava","imagesUrls":["https://img.nehnutelnosti.sk/foto/NjAweDMzOC9maWx0ZXJzOnF1YWxpdHkoMTAwKS9uZWg=/pq_j-pW8Vw_fss?st=J3H3XMHsyIyV-fclpdShnraFxycl3lUyUDvjGqhCGtU&ts=1721253905&e=0"]},{"title":"Predaj 1izbový byt Podunajské Biskupice","address":"Baltská, Bratislava II - Podunajské Biskupice, okres Bratislava","rooms":1,"meters":40,"totalPrice":130000,"meterSquarePrice":0,"link":"https://www.nehnutelnosti.sk/detail/JuSDIXkv5tk/predaj-1izbovy-byt-podunajske-biskupice","imagesUrls":["https://img.nehnutelnosti.sk/foto/NjAweDMzOC9maWx0ZXJzOnF1YWxpdHkoMTAwKS9uZWg=/xHYQrHc3LW_fss?st=DdW2-5MtcqOAysOikYODHIs_qo9aG2QXKXPAM18mfR4&ts=1719766418&e=0"]},{"title":"BYTOČ RK - apartmán 23m2 s výhľadom na hrad v Bratislave, Košická ul","address":"Košická, Bratislava II - Ružinov, okres Bratislava","rooms":null,"meters":23,"totalPrice":125500,"meterSquarePrice":2,"link":"https://www.nehnutelnosti.sk/detail/JuQzCqDPgMi/bytoc-rk-apartman-23m2-s-vyhladom-na-hrad-v-bratislave-kosicka-ul","imagesUrls":["https://img.nehnutelnosti.sk/foto/NjAweDMzOC9maWx0ZXJzOnF1YWxpdHkoMTAwKS9uZWg=/aMOls8j-J_fss?st=L8zBeBhtm9fVe3JgfFNOi3eqRztXDR2s9fkCrb1bnJ8&ts=1725231805&e=0"]},{"title":"Ponúkame na predaj čiastočne zrekonštruovaný 3 izbový byt s lodžiou  v Banskej Bystrici časť Fončord","address":"Mládežnícka, Banská Bystrica, okres Banská Bystrica","rooms":3,"meters":65,"totalPrice":145000,"meterSquarePrice":2,"link":"https://www.nehnutelnosti.sk/detail/Jur3266Hiti/ponukame-na-predaj-ciastocne-zrekonstruovany-3-izbovy-byt-s-lodziou-v-banskej-bystrici-cast-foncord","imagesUrls":["https://img.nehnutelnosti.sk/foto/NjAweDMzOC9maWx0ZXJzOnF1YWxpdHkoMTAwKS9uZWg=/x-wRU-JtZ_fss?st=GWmYehpW-Efwq1z6TwOctiQsrm2VV2hotb7AkPC4bTA&ts=1725231023&e=0"]},{"title":"Predaj, trojizbový byt Turzovka","address":"Turzovka, okres Čadca","rooms":3,"meters":100,"totalPrice":175000,"meterSquarePrice":0,"link":"https://www.nehnutelnosti.sk/detail/JuwsvMcyk12/predaj-trojizbovy-byt-turzovka","imagesUrls":["https://img.nehnutelnosti.sk/foto/NjAweDMzOC9maWx0ZXJzOnF1YWxpdHkoMTAwKS9uZWg=/tkKYSWmGZ_fss?st=teHb2YdnQlYsRj0VkQRzM-H3Vixss1XpaCz6PUUNLh8&ts=1717575998&e=0"]},{"title":"Iba u nás ponúkame na predaj slnečnú garzónku v tichej lokalite v BB časť Fončorda.","address":"Mládežnícka, Banská Bystrica, okres Banská Bystrica","rooms":null,"meters":20,"totalPrice":null,"meterSquarePrice":null,"link":"https://www.nehnutelnosti.sk/detail/JuH1YfJF914/iba-u-nas-ponukame-na-predaj-slnecnu-garzonku-v-tichej-lokalite-v-bb-cast-foncorda","imagesUrls":["https://img.nehnutelnosti.sk/foto/NjAweDMzOC9maWx0ZXJzOnF1YWxpdHkoMTAwKS9uZWg=/uw2ZzJUeY_fss?st=GJCiXhQVJ-nESmb28D8_IYhRRKTcvGPBoZNsni5caT8&ts=1725224003&e=0"]},{"title":"Ponúkame na predaj slnečný zrekonštruovaný 3 izbový byt v Banskej Bystrici časť Fončorda","address":"Fončorda, Banská Bystrica, okres Banská Bystrica","rooms":3,"meters":65,"totalPrice":null,"meterSquarePrice":null,"link":"https://www.nehnutelnosti.sk/detail/JujWb8AWpro/ponukame-na-predaj-slnecny-zrekonstruovany-3-izbovy-byt-v-banskej-bystrici-cast-foncorda","imagesUrls":["https://img.nehnutelnosti.sk/foto/NjAweDMzOC9maWx0ZXJzOnF1YWxpdHkoMTAwKS9uZWg=/AJdCrjMe3_fss?st=VK4G72fdAroDmI3M7Qj_4qlbhAjAkeZNl9EZYoHRjeo&ts=1725231021&e=0"]},{"title":"Na Predaj Dvojgarsónka na Vilovej ulici","address":"Vilová, Bratislava V - Petržalka, okres Bratislava","rooms":null,"meters":35,"totalPrice":138990,"meterSquarePrice":1,"link":"https://www.nehnutelnosti.sk/detail/JuhXqyjEBBX/na-predaj-dvojgarsonka-na-vilovej-ulici","imagesUrls":["https://img.unitedclassifieds.sk/foto/NjAweDMzOC9maWx0ZXJzOnF1YWxpdHkoMTAwKS9qdWw=/soZXNJBzJ_fss?st=zqISFp8rqf2yhMufKS-tphIaa4Po2s_v0hq-j3Ys2jI&ts=1726858060&e=0"]},{"title":"Na predaj krásny 2 izbový byt v Stupave","address":"Budovateľská, Stupava, okres Malacky","rooms":2,"meters":54,"totalPrice":170000,"meterSquarePrice":5,"link":"https://www.nehnutelnosti.sk/detail/JuhOtqobgG5/na-predaj-krasny-2-izbovy-byt-v-stupave","imagesUrls":["https://img.nehnutelnosti.sk/foto/NjAweDMzOC9maWx0ZXJzOnF1YWxpdHkoMTAwKS9uZWg=/xJY7w42sKg_fss?st=ZGwXoaM0HSZEMqKIgvswzhKuZKOurlacwUi97DKVI6I&ts=1724867270&e=0"]},{"title":"Ponúkame Vám na predaj 2 izbové byty v novovzniknutej a tichej lokalite medzi rodinnými domami v obc","address":"Bernolákovo, okres Senec","rooms":2,"meters":49,"totalPrice":148000,"meterSquarePrice":1,"link":"https://www.nehnutelnosti.sk/detail/Jun0Akqx0hB/ponukame-vam-na-predaj-2-izbove-byty-v-novovzniknutej-a-tichej-lokalite-medzi-rodinnymi-domami-v-obc","imagesUrls":["https://img.nehnutelnosti.sk/foto/NjAweDMzOC9maWx0ZXJzOnF1YWxpdHkoMTAwKS9uZWg=/U-BD7pO6D_fss?st=CTnwKoJ1ZtNZALxiTOrXTrAUUZ0sgUdzQZKxcUx8yfE&ts=1715845801&e=0"]},{"title":"BÝVANIE POD TATRAMI - 1 IZBOVÉ BYTY NA PREDAJ","address":"Školská, Nová Lesná, okres Poprad","rooms":1,"meters":40,"totalPrice":null,"meterSquarePrice":null,"link":"https://www.nehnutelnosti.sk/detail/Ju1NtFwhLKz/byvanie-pod-tatrami-1-izbove-byty-na-predaj","imagesUrls":["https://img.nehnutelnosti.sk/foto/NjAweDMzOC9maWx0ZXJzOnF1YWxpdHkoMTAwKS9uZWg=/BfrGaY1eHu_fss?st=A6cHSzsklcCLnt1ESXpXGxb4UHwh5YxeC8DbcBCRoz8&ts=1717579298&e=0"]},{"title":"REWIN - 1izbový byt so záhradou a parkovacím státím","address":"Bernolákovská, Ivanka pri Dunaji, okres Senec","rooms":null,"meters":null,"totalPrice":null,"meterSquarePrice":null,"link":"https://www.nehnutelnosti.sk/detail/Ju1v25cegKt/rewin-1izbovy-byt-so-zahradou-a-parkovacim-statim","imagesUrls":["https://img.nehnutelnosti.sk/foto/NjAweDMzOC9maWx0ZXJzOnF1YWxpdHkoMTAwKS9uZWg=/_dw8BS3Kx_fss?st=3zIV79IjqgdpFm4X6oj9zsuKY_ojgsuSLQXA5GWJkmg&ts=1719256287&e=0"]},{"title":"VALEN | priestranný 1,5i apartmán v projekte RNDZ s veľkým balkónom","address":"Eduarda Wenzla 6, Bratislava III - Rača, okres Bratislava","rooms":1,"meters":40,"totalPrice":134900,"meterSquarePrice":9,"link":"https://www.nehnutelnosti.sk/detail/JuC1NCBnfdh/valen-priestranny-1-5i-apartman-v-projekte-rndz-s-velkym-balkonom","imagesUrls":["https://img.nehnutelnosti.sk/foto/NjAweDMzOC9maWx0ZXJzOnF1YWxpdHkoMTAwKS9uZWg=/r_E9DLguE_fss?st=78L3i89g9R9If2Le6vrxHAGH4J4wUYc4qGCwAVQY--I&ts=1720867107&e=0"]},{"title":"Na predaj 3 izbový byt so samostatným kurením","address":"Stará Ľubovňa, okres Stará Ľubovňa","rooms":3,"meters":67,"totalPrice":125000,"meterSquarePrice":7,"link":"https://www.nehnutelnosti.sk/detail/JukKHwhHqv7/na-predaj-3-izbovy-byt-so-samostatnym-kurenim","imagesUrls":["https://img.nehnutelnosti.sk/foto/NjAweDMzOC9maWx0ZXJzOnF1YWxpdHkoMTAwKS9uZWg=/4ZLD7kQjA_fss?st=D8h7BeXzIzZroWlUfrF1p8zlz8Z87bNJzD-NvpsMZrc&ts=1720026610&e=0"]},{"title":"PREDAJ 1izb. byt s balkónom v novostavbe LINTICH, Banská Štiavnica","address":"Lintich, Banská Štiavnica, okres Banská Štiavnica","rooms":1,"meters":41,"totalPrice":139900,"meterSquarePrice":6,"link":"https://www.nehnutelnosti.sk/detail/JuCCd2tNz1m/predaj-1izb-byt-s-balkonom-v-novostavbe-lintich-banska-stiavnica","imagesUrls":["https://img.nehnutelnosti.sk/foto/NjAweDMzOC9maWx0ZXJzOnF1YWxpdHkoMTAwKS9uZWg=/3HjDNVQkQj_fss?st=FPIa24eMSm2FY6YePYN45KS2l-Gfv9tvnSOqztvO3Rk&ts=1725557808&e=0"]},{"title":"DIRECTREAL|Dvojizbový byt s vlastným kúrením v Kalinove","address":"Bystrinska, Kalinovo, okres Poltár","rooms":2,"meters":68,"totalPrice":54500,"meterSquarePrice":7,"link":"https://www.nehnutelnosti.sk/detail/JuYr8GBKidU/directreal-dvojizbovy-byt-s-vlastnym-kurenim-v-kalinove","imagesUrls":["https://img.nehnutelnosti.sk/foto/NjAweDMzOC9maWx0ZXJzOnF1YWxpdHkoMTAwKS9uZWg=/Oed279TkKy_fss?st=qXEupWf-g9B-oqh6JRjh2wiC_9XcUc1SXaRb6UVogiY&ts=1725206978&e=0"]},{"title":"2-izbový byt","address":"Čachtická, Piešťany, okres Piešťany","rooms":2,"meters":68,"totalPrice":149990,"meterSquarePrice":4,"link":"https://www.nehnutelnosti.sk/detail/JubmXmKp4h2/2-izbovy-byt","imagesUrls":["https://img.nehnutelnosti.sk/foto/NjAweDMzOC9maWx0ZXJzOnF1YWxpdHkoMTAwKS9uZWg=/_5Q60wuJm_fss?st=icwGXXqkcQlgU7_rCfEKwyJq46MZhvClq1eC2rfFTB8&ts=1724588232&e=0"]},{"title":"Predaj 2-izbového BYTU v obj. FUXOVA v Petržalke","address":"Bosákova 3982/3, Bratislava V - Petržalka, okres Bratislava","rooms":2,"meters":47,"totalPrice":226000,"meterSquarePrice":2,"link":"https://www.nehnutelnosti.sk/detail/Ju-oS1_nLtw/predaj-2-izboveho-bytu-v-obj-fuxova-v-petrzalke","imagesUrls":["https://img.nehnutelnosti.sk/foto/NjAweDMzOC9maWx0ZXJzOnF1YWxpdHkoMTAwKS9uZWg=/uO1QW7sgc_fss?st=_dPWGczvtcISqF7KS1KGFrh93ZEIzpiTFMerWhZ1WeM&ts=1725205018&e=0"]},{"title":"Trojizbový slnečný byt","address":"Š. Maliaka 591/4, Revúca, okres Revúca","rooms":3,"meters":72,"totalPrice":65000,"meterSquarePrice":8,"link":"https://www.nehnutelnosti.sk/detail/JudZO3JWMah/trojizbovy-slnecny-byt","imagesUrls":["https://img.nehnutelnosti.sk/foto/NjAweDMzOC9maWx0ZXJzOnF1YWxpdHkoMTAwKS9uZWg=/s5KnLWd66_fss?st=WEB4ytt3Moglr1oWmMcgC_iMtzqC7CjUOgF0FPDJZhg&ts=1725739733&e=0"]},{"title":"Time4Dreams |***REZERVOVANÝ***  3 IZBOVÝ BYT | VEĽKÉ RIPŇANY |","address":"Veľké Ripňany, Veľké Ripňany, okres Topoľčany","rooms":3,"meters":76,"totalPrice":1,"meterSquarePrice":1,"link":"https://www.nehnutelnosti.sk/detail/JuXcZcyKlH0/time4dreams-rezervovany-3-izbovy-byt-velke-ripnany","imagesUrls":["https://img.nehnutelnosti.sk/foto/NjAweDMzOC9maWx0ZXJzOnF1YWxpdHkoMTAwKS9uZWg=/XmcvkLKa9_fss?st=Lrk1yITh1Uwz7neDPgt4GiRBzhzYnz5JPWch79FwiS4&ts=1724795969&e=0"]},{"title":"ZREKONŠTRUOVANÝ DVOJIZBOVÝ BYT S LOGGIOU V LUČENCI","address":"Lučenec, okres Lučenec","rooms":2,"meters":63,"totalPrice":85000,"meterSquarePrice":1,"link":"https://www.nehnutelnosti.sk/detail/JuE2i2VGtt_/zrekonstruovany-dvojizbovy-byt-s-loggiou-v-lucenci","imagesUrls":["https://img.unitedclassifieds.sk/foto/NjAweDMzOC9maWx0ZXJzOnF1YWxpdHkoMTAwKS9yc2Y=/sUfgY-6SI_fss?st=Rs6kAaorYKr97NZScgH8C5lwE1Rnip0vtyaO3JxIJKc&ts=1698235873&e=0"]}]